ApplicationId,ProgramId,MenteeProfileId,AppliedAt,DecisionAt,Status,MeetRequirements
9,2366,1922,2025-10-21 20:14:00,2025-10-31 20:14:00,rejected,1
14,2366,1863,2025-11-03 23:22:00,2025-11-14 23:22:00,rejected,1
25,645,4358,2025-03-28 01:17:00,,alerted,0
32,956,3253,2025-06-09 22:04:00,2025-06-20 22:04:00,rejected,1
48,1204,3027,2024-02-11 23:48:00,2024-02-24 23:48:00,canceled,1
102,2425,5287,2025-10-07 11:30:00,2025-10-22 11:30:00,rejected,1
106,2868,3533,2024-12-18 09:32:00,2025-01-02 09:32:00,canceled,1
121,1101,2737,2025-09-14 02:51:00,2025-09-25 02:51:00,rejected,1
130,60,5440,2025-05-15 22:01:00,2025-06-05 22:01:00,canceled,1
141,2909,5338,2024-05-22 07:55:00,2024-06-03 07:55:00,canceled,1
168,1735,4495,2024-09-11 12:25:00,2024-09-30 12:25:00,canceled,1
171,710,2605,2025-07-15 16:56:00,2025-08-02 16:56:00,canceled,1
173,1625,4074,2025-06-23 17:22:00,2025-07-13 17:22:00,canceled,1
186,977,2056,2025-08-12 08:41:00,2025-08-25 08:41:00,canceled,1
206,3162,2647,2025-10-07 04:52:00,2025-10-15 04:52:00,rejected,1
216,1890,1719,2025-10-13 21:00:00,2025-10-27 21:00:00,canceled,1
227,781,3476,2025-08-18 17:25:00,2025-09-07 17:25:00,accepted,1
231,459,2013,2024-05-02 02:33:00,,alerted,0
245,698,5156,2025-04-27 11:24:00,2025-05-06 11:24:00,canceled,1
268,2970,5484,2025-10-19 16:19:00,2025-11-06 16:19:00,canceled,1
269,775,5311,2024-07-23 02:17:00,2024-08-05 02:17:00,canceled,1
288,924,4392,2025-09-14 17:54:00,2025-09-22 17:54:00,canceled,1
295,956,3836,2025-06-09 22:09:00,2025-06-19 22:09:00,canceled,1
323,3170,4691,2025-03-04 00:41:00,2025-03-17 00:41:00,canceled,1
355,2077,2535,2025-10-31 10:27:00,2025-11-19 10:27:00,canceled,1
369,2168,3017,2025-09-05 08:28:00,2025-09-23 08:28:00,canceled,1
371,2260,5018,2025-08-25 08:53:00,2025-09-14 08:53:00,rejected,1
372,2980,3581,2024-06-03 12:55:00,2024-06-16 12:55:00,canceled,1
388,2816,2055,2024-07-02 09:16:00,2024-07-16 09:16:00,canceled,1
391,154,4793,2025-08-01 13:01:00,2025-08-06 13:01:00,canceled,1
394,2264,3560,2025-09-26 00:52:00,2025-10-15 00:52:00,canceled,1
399,2124,1892,2024-10-01 21:51:00,2024-10-12 21:51:00,canceled,1
412,2293,3409,2024-05-15 23:27:00,2024-06-02 23:27:00,canceled,1
446,3067,5452,2025-05-15 10:43:00,2025-05-20 10:43:00,rejected,1
448,2774,2400,2025-11-09 17:02:00,2025-11-27 17:02:00,canceled,1
467,3002,2111,2025-11-05 15:46:00,2025-11-17 15:46:00,canceled,1
470,2171,2952,2025-03-05 13:31:00,2025-03-17 13:31:00,canceled,1
472,1017,1839,2025-02-28 03:14:00,2025-03-10 03:14:00,canceled,1
479,2311,4621,2025-07-24 09:40:00,2025-07-31 09:40:00,canceled,1
487,1469,4705,2025-06-03 15:32:00,2025-06-20 15:32:00,canceled,1
490,1576,3019,2025-04-11 09:21:00,2025-04-26 09:21:00,canceled,1
499,482,4240,2025-11-04 07:37:00,2025-11-13 07:37:00,canceled,1
506,2686,4070,2025-10-19 00:51:00,2025-10-27 00:51:00,canceled,1
569,1264,5245,2025-08-01 02:27:00,2025-08-06 02:27:00,rejected,1
574,2692,5202,2025-07-10 19:13:00,2025-07-22 19:13:00,canceled,1
579,47,3049,2025-11-03 17:09:00,2025-11-12 17:09:00,canceled,1
596,2344,2205,2024-11-29 22:24:00,2024-12-14 22:24:00,rejected,1
598,1852,3521,2025-10-15 15:14:00,2025-10-20 15:14:00,canceled,1
602,3008,3223,2025-09-03 13:45:00,2025-09-16 13:45:00,canceled,1
605,625,2877,2025-05-22 15:28:00,2025-06-05 15:28:00,canceled,1
610,977,2543,2025-08-08 09:23:00,2025-08-16 09:23:00,canceled,1
618,422,2877,2025-11-14 19:04:00,2025-11-25 19:04:00,canceled,1
634,147,4096,2025-10-23 17:21:00,2025-10-24 17:21:00,canceled,1
653,2718,2671,2025-10-06 14:08:00,2025-10-07 14:08:00,canceled,1
678,933,4541,2025-06-14 03:21:00,2025-06-27 03:21:00,rejected,1
692,197,2469,2025-07-04 00:00:00,2025-07-08 00:00:00,canceled,1
695,975,3024,2025-03-31 00:00:00,2025-04-07 00:00:00,canceled,1
713,532,1648,2025-09-28 00:00:00,2025-10-11 00:00:00,canceled,1
738,781,2961,2025-08-22 00:00:00,2025-08-30 00:00:00,canceled,1
761,1127,1580,2025-09-07 00:00:00,2025-09-17 00:00:00,rejected,1
771,2952,3469,2025-02-28 00:00:00,2025-03-10 00:00:00,canceled,1
775,2296,5424,2025-05-03 00:00:00,2025-05-14 00:00:00,accepted,1
784,347,3988,2025-09-23 10:59:00,,alerted,0
798,308,3989,2025-10-04 00:00:00,2025-10-10 00:00:00,accepted,1
800,2256,4905,2025-09-03 00:00:00,2025-09-11 00:00:00,accepted,1
805,2036,4903,2025-08-13 00:00:00,2025-08-21 00:00:00,accepted,1
807,1469,4296,2025-06-06 00:00:00,2025-06-18 00:00:00,accepted,1
809,902,5245,2024-11-03 01:57:00,2024-11-24 01:57:00,accepted,1
810,781,3938,2025-08-22 00:00:00,2025-08-27 00:00:00,accepted,1
823,2226,4716,2025-08-27 12:43:00,2025-08-31 12:43:00,accepted,1
827,977,2584,2025-07-25 00:00:00,2025-07-29 00:00:00,accepted,1
835,1991,2986,2025-08-22 09:42:00,2025-09-01 09:42:00,accepted,1
841,3098,4837,2025-04-07 00:00:00,2025-04-10 00:00:00,accepted,1
851,2440,4449,2024-10-30 00:00:00,2024-11-07 00:00:00,rejected,1
855,1383,5170,2025-10-14 00:00:00,2025-10-25 00:00:00,accepted,1
872,154,4401,2025-07-14 00:00:00,2025-07-26 00:00:00,accepted,1
943,3162,2123,2025-10-03 00:00:00,2025-10-07 00:00:00,rejected,1
952,530,3600,2025-09-10 00:00:00,,alerted,0
957,2862,4860,2025-10-02 00:00:00,2025-10-10 00:00:00,rejected,1
994,2392,2535,2025-08-23 08:52:00,2025-09-03 08:52:00,accepted,1
1027,832,3107,2025-09-04 00:00:00,2025-09-17 00:00:00,accepted,1
1028,1316,5037,2025-09-16 00:00:00,2025-09-28 00:00:00,accepted,1
1029,1690,5013,2025-10-12 00:00:00,2025-10-24 00:00:00,rejected,1
1033,2847,1682,2025-09-23 00:00:00,2025-09-26 00:00:00,rejected,1
1050,1455,2758,2025-02-24 00:00:00,2025-03-05 00:00:00,accepted,1
1052,2724,4308,2025-05-10 00:00:00,2025-05-21 00:00:00,rejected,1
1058,2671,3926,2025-08-27 00:00:00,2025-08-29 00:00:00,accepted,1
1066,1102,5347,2025-09-21 00:00:00,2025-09-23 00:00:00,rejected,1
1103,2907,2619,2025-07-22 00:00:00,2025-07-27 00:00:00,rejected,1
1132,3104,4264,2025-08-15 00:00:00,2025-08-24 00:00:00,accepted,1
1149,1197,2578,2025-06-14 00:00:00,2025-06-24 00:00:00,accepted,1
1151,2425,2633,2025-09-17 00:00:00,2025-09-24 00:00:00,accepted,1
1153,2809,1605,2025-06-02 00:00:00,2025-06-13 00:00:00,accepted,1
1169,1459,2791,2024-09-30 00:00:00,2024-10-11 00:00:00,accepted,1
1170,2536,4303,2025-09-26 16:39:00,2025-10-21 16:39:00,accepted,1
1173,2026,4452,2024-08-23 00:00:00,2024-09-02 00:00:00,accepted,1
1179,645,1632,2025-03-19 00:00:00,,alerted,0
1187,1451,4238,2025-10-01 01:42:00,2025-10-05 01:42:00,accepted,1
1194,617,1538,2025-09-20 00:00:00,,alerted,0
1239,989,2591,2025-08-01 00:00:00,2025-08-03 00:00:00,accepted,1
1245,645,3039,2025-09-16 08:51:00,,alerted,0
1274,2256,1693,2025-08-31 00:00:00,2025-09-04 00:00:00,accepted,1
1277,1316,3392,2025-09-14 00:00:00,2025-09-27 00:00:00,canceled,1
1288,1480,1927,2025-04-18 00:00:00,2025-04-22 00:00:00,accepted,1
1289,2809,2664,2025-05-28 00:00:00,2025-06-08 00:00:00,accepted,1
1299,421,2699,2025-10-08 00:00:00,2025-10-13 00:00:00,rejected,1
1321,2291,3158,2025-05-18 00:00:00,2025-05-22 00:00:00,canceled,1
1336,2420,5324,2024-11-11 10:43:00,2024-11-20 10:43:00,accepted,1
1340,2868,2320,2025-06-28 05:33:00,2025-07-05 05:33:00,accepted,1
1363,197,2159,2025-06-29 00:00:00,2025-07-12 00:00:00,accepted,1
1380,717,3453,2025-08-30 00:00:00,2025-09-09 00:00:00,accepted,1
1388,1318,2762,2025-09-18 00:00:00,2025-09-22 00:00:00,accepted,1
1422,1197,2830,2025-10-06 04:46:00,2025-10-31 04:46:00,accepted,1
1449,2251,5177,2025-02-24 00:00:00,2025-02-25 00:00:00,accepted,1
1463,2688,4238,2024-11-16 10:26:00,2024-12-14 10:26:00,accepted,1
1528,1461,4019,2025-07-30 00:00:00,2025-08-02 00:00:00,rejected,1
1546,1116,2381,2025-09-19 00:00:00,2025-09-20 00:00:00,rejected,1
1558,1580,3264,2025-03-22 00:00:00,2025-03-23 00:00:00,accepted,1
1570,1735,2849,2024-09-20 20:06:00,2024-10-03 20:06:00,accepted,1
1575,1459,3976,2025-03-22 12:01:00,2025-03-28 12:01:00,canceled,1
1578,1563,4195,2025-05-21 00:00:00,2025-05-25 00:00:00,rejected,1
1591,1826,1565,2025-08-30 00:00:00,2025-09-07 00:00:00,rejected,1
1604,1359,2248,2025-05-22 00:00:00,2025-06-05 00:00:00,accepted,1
1611,3088,1902,2025-06-09 00:00:00,2025-06-22 00:00:00,accepted,1
1645,699,1948,2025-05-07 00:00:00,2025-05-09 00:00:00,rejected,1
1662,97,2340,2025-05-02 00:00:00,2025-05-10 00:00:00,rejected,1
1677,2955,2903,2025-01-23 00:00:00,2025-01-30 00:00:00,accepted,1
1693,2636,2508,2024-11-15 00:00:00,2024-11-26 00:00:00,rejected,1
1731,1879,3415,2024-09-09 00:00:00,2024-09-19 00:00:00,accepted,1
1747,2213,1778,2025-10-09 00:00:00,2025-10-13 00:00:00,accepted,1
1748,1896,5324,2025-08-26 00:00:00,2025-09-04 00:00:00,accepted,1
1751,2309,2662,2025-04-14 04:05:00,2025-05-10 04:05:00,accepted,1
1760,2749,5340,2025-02-08 17:30:00,2025-02-13 17:30:00,accepted,1
1782,2907,4987,2025-07-21 00:00:00,2025-07-25 00:00:00,accepted,1
1800,2529,5375,2025-09-17 00:00:00,2025-09-29 00:00:00,accepted,1
1822,1245,2787,2025-08-05 00:00:00,2025-08-12 00:00:00,accepted,1
1834,697,1812,2025-03-15 00:00:00,2025-03-23 00:00:00,accepted,1
1839,2562,2803,2025-09-22 00:00:00,2025-09-29 00:00:00,rejected,1
1841,924,3825,2025-08-17 00:00:00,2025-08-21 00:00:00,accepted,1
1844,2227,1713,2024-07-13 00:00:00,2024-07-16 00:00:00,accepted,1
1846,3140,1719,2025-09-27 00:00:00,2025-10-08 00:00:00,accepted,1
1848,2768,1569,2025-10-16 00:00:00,2025-10-28 00:00:00,accepted,1
1899,4,1719,2025-02-25 00:00:00,,alerted,0
1934,488,1966,2025-10-10 06:01:00,2025-10-30 06:01:00,accepted,1
1936,248,4963,2025-05-28 00:00:00,,alerted,0
1954,2768,1699,2025-10-16 00:00:00,2025-10-30 00:00:00,accepted,1
1966,3077,4673,2025-02-05 00:00:00,2025-02-07 00:00:00,accepted,1
1967,2177,5052,2025-07-11 00:00:00,2025-07-24 00:00:00,rejected,1
1974,3147,1929,2024-07-29 00:00:00,2024-08-10 00:00:00,accepted,1
2004,1,4855,2025-09-26 00:00:00,2025-10-03 00:00:00,accepted,1
2025,476,1825,2025-08-16 04:31:00,2025-08-17 04:31:00,accepted,1
2031,2627,4973,2025-08-21 00:00:00,2025-08-30 00:00:00,accepted,1
2044,58,4581,2025-09-01 00:00:00,2025-09-05 00:00:00,accepted,1
2068,2046,5214,2025-02-25 00:00:00,2025-02-28 00:00:00,rejected,1
2103,2847,4248,2025-09-20 00:00:00,2025-10-03 00:00:00,accepted,1
2106,1460,2727,2024-11-15 00:00:00,2024-11-22 00:00:00,accepted,1
2110,342,3781,2024-12-09 00:00:00,2024-12-13 00:00:00,accepted,1
2116,1934,2106,2025-09-02 04:10:00,2025-09-10 04:10:00,accepted,1
2117,401,4183,2025-10-18 00:00:00,2025-10-30 00:00:00,accepted,1
2145,58,1717,2025-08-30 00:00:00,2025-09-08 00:00:00,accepted,1
2153,1434,2767,2025-09-26 00:00:00,2025-10-04 00:00:00,accepted,1
2162,1267,1768,2024-12-01 00:00:00,2024-12-02 00:00:00,accepted,1
2190,2895,1540,2025-09-22 13:23:00,2025-10-15 13:23:00,accepted,1
2212,1802,1954,2025-08-15 00:00:00,2025-08-24 00:00:00,accepted,1
2213,2886,2013,2025-02-09 00:00:00,2025-02-13 00:00:00,accepted,1
2228,77,2429,2025-01-14 00:00:00,2025-01-28 00:00:00,accepted,1
2230,749,5299,2025-06-11 00:00:00,2025-06-13 00:00:00,accepted,1
2232,1469,3471,2025-06-04 00:00:00,2025-06-14 00:00:00,accepted,1
2242,1359,4234,2025-05-22 00:00:00,2025-05-30 00:00:00,accepted,1
2247,2813,3009,2024-07-26 00:00:00,2024-07-29 00:00:00,accepted,1
2256,79,4294,2025-06-20 00:00:00,2025-07-03 00:00:00,canceled,1
2263,2809,3445,2025-06-01 00:00:00,2025-06-09 00:00:00,accepted,1
2294,2309,2197,2025-01-24 02:05:00,2025-01-29 02:05:00,accepted,1
2302,3053,1786,2025-10-05 00:00:00,2025-10-16 00:00:00,accepted,1
2336,2226,2330,2025-08-25 00:00:00,2025-09-03 00:00:00,accepted,1
2352,1249,4031,2025-08-03 00:00:00,2025-08-13 00:00:00,rejected,1
2356,1197,4403,2025-09-19 03:16:00,2025-09-20 03:16:00,accepted,1
2377,268,3190,2025-01-23 00:00:00,2025-01-29 00:00:00,rejected,1
2380,1644,1959,2024-11-08 14:00:00,2024-11-17 14:00:00,accepted,1
2387,3061,2234,2025-06-20 00:00:00,2025-07-03 00:00:00,accepted,1
2399,2774,3744,2025-10-14 00:00:00,2025-10-22 00:00:00,accepted,1
2407,2386,4527,2025-06-28 00:00:00,2025-07-12 00:00:00,accepted,1
2462,2838,2271,2024-09-21 00:00:00,2024-09-30 00:00:00,accepted,1
2483,2133,4331,2024-12-19 00:35:00,2025-01-14 00:35:00,accepted,1
2485,2798,3218,2024-12-31 21:08:00,2025-01-06 21:08:00,rejected,1
2492,583,2106,2025-09-25 04:27:00,2025-10-19 04:27:00,accepted,1
2513,2886,3096,2025-03-12 12:49:00,2025-04-03 12:49:00,accepted,1
2551,645,3120,2025-03-15 00:00:00,,alerted,0
2561,1720,4905,2025-06-08 00:00:00,2025-06-22 00:00:00,accepted,1
2593,749,2671,2025-06-12 00:00:00,2025-06-21 00:00:00,rejected,1
2612,3077,2901,2025-02-02 00:00:00,2025-02-10 00:00:00,rejected,1
2622,2258,3898,2025-04-24 00:00:00,2025-04-27 00:00:00,rejected,1
2627,1192,4959,2025-05-29 18:08:00,2025-06-11 18:08:00,rejected,1
2642,2909,2321,2025-03-19 13:36:00,2025-03-31 13:36:00,accepted,1
2648,1768,4253,2025-09-15 00:00:00,2025-09-27 00:00:00,canceled,1
2657,1864,3977,2025-10-14 00:00:00,2025-10-28 00:00:00,accepted,1
2689,95,2172,2025-06-05 18:46:00,2025-06-19 18:46:00,accepted,1
2697,476,4148,2025-08-19 02:54:00,2025-08-23 02:54:00,accepted,1
2705,2625,4812,2025-10-17 00:00:00,2025-10-25 00:00:00,accepted,1
2716,2833,2262,2025-10-08 21:02:00,2025-11-04 21:02:00,accepted,1
2734,2769,2504,2024-09-19 00:00:00,2024-09-24 00:00:00,accepted,1
2748,1802,1789,2025-08-14 00:00:00,2025-08-27 04:41:00,accepted,1
2751,806,4643,2025-06-22 00:00:00,2025-07-05 00:00:00,accepted,1
2759,1862,2031,2025-10-09 00:00:00,2025-10-23 00:00:00,rejected,1
2764,2077,2482,2025-10-19 00:00:00,2025-10-20 00:00:00,accepted,1
2765,1516,3668,2025-10-18 00:00:00,2025-10-22 00:00:00,rejected,1
2769,2299,3113,2025-09-01 00:00:00,2025-09-15 00:00:00,accepted,1
2780,710,1906,2025-07-12 00:00:00,2025-07-23 00:00:00,accepted,1
2786,2809,5016,2025-06-01 00:00:00,,pending,1
2811,2768,4383,2025-10-20 00:00:00,2025-10-25 00:00:00,rejected,1
2830,1032,5033,2025-06-24 00:00:00,2025-07-07 00:00:00,accepted,1
2867,2877,1711,2025-10-14 09:28:00,2025-11-09 09:28:00,accepted,1
2869,1192,4535,2024-05-30 00:00:00,2024-06-12 00:00:00,accepted,1
2887,159,5254,2025-10-07 00:00:00,2025-10-10 00:00:00,accepted,1
2899,779,2387,2025-08-23 10:41:00,2025-09-06 10:41:00,accepted,1
2906,569,5258,2025-10-17 00:00:00,2025-10-26 00:00:00,accepted,1
2928,1869,2721,2024-11-03 00:00:00,2024-11-14 00:00:00,accepted,1
2935,153,4528,2025-08-17 00:00:00,2025-08-21 00:00:00,accepted,1
2941,2529,2256,2025-09-17 00:00:00,2025-09-22 00:00:00,rejected,1
2942,2037,3218,2025-08-18 00:00:00,2025-08-26 00:00:00,accepted,1
2955,266,5153,2024-12-21 00:00:00,2024-12-23 00:00:00,accepted,1
2965,2433,2630,2025-04-22 00:00:00,2025-04-27 00:00:00,accepted,1
2985,1185,2767,2024-08-25 00:00:00,2024-08-29 00:00:00,rejected,1
2996,502,1951,2025-10-22 00:00:00,2025-10-27 00:00:00,accepted,1
3019,2769,4393,2025-07-19 16:16:00,2025-07-22 16:16:00,accepted,1
3023,462,5137,2025-06-26 00:00:00,2025-07-02 00:00:00,accepted,1
3055,902,2069,2024-05-14 00:00:00,2024-05-20 00:00:00,accepted,1
3089,759,4602,2025-06-19 00:00:00,2025-06-28 00:00:00,accepted,1
3095,488,3907,2025-05-30 00:00:00,2025-06-01 00:00:00,accepted,1
3102,563,4044,2025-08-08 00:00:00,2025-08-11 00:00:00,accepted,1
3108,373,5409,2025-03-16 00:00:00,2025-03-19 00:00:00,accepted,1
3109,2226,4230,2025-08-20 00:00:00,2025-08-24 00:00:00,accepted,1
3113,153,4069,2025-08-20 02:22:00,2025-09-13 02:22:00,accepted,1
3122,1250,3740,2024-02-16 00:00:00,2024-02-23 00:00:00,accepted,1
3125,3016,3224,2025-07-22 00:00:00,2025-08-03 00:00:00,accepted,1
3128,1412,4077,2025-05-11 00:00:00,2025-05-14 00:00:00,accepted,1
3129,1306,5434,2025-08-20 00:00:00,2025-09-01 00:00:00,accepted,1
3140,530,3503,2025-09-14 00:00:00,,alerted,0
3141,645,5215,2025-03-15 00:00:00,,alerted,0
3151,779,4536,2025-04-05 00:00:00,2025-04-12 00:00:00,canceled,1
3168,2236,4847,2025-09-28 00:00:00,2025-10-05 00:00:00,accepted,1
3217,397,2267,2025-01-05 00:00:00,2025-01-11 00:00:00,rejected,1
3219,1197,4347,2025-06-15 00:00:00,2025-06-24 00:00:00,rejected,1
3220,153,3596,2025-10-17 00:00:00,2025-10-18 00:00:00,rejected,1
3225,1197,1530,2025-06-15 00:00:00,2025-06-23 00:00:00,rejected,1
3238,1369,4105,2025-08-20 00:00:00,2025-08-27 00:00:00,rejected,1
3330,732,2582,2025-08-07 00:00:00,2025-08-11 00:00:00,rejected,1
3331,698,1693,2025-04-21 00:00:00,2025-05-05 00:00:00,rejected,1
3334,2545,5018,2025-02-09 00:00:00,2025-02-16 00:00:00,rejected,1
3375,2828,1839,2025-10-13 00:00:00,2025-10-20 00:00:00,rejected,1
3381,2970,4819,2025-10-07 00:00:00,2025-10-13 00:00:00,rejected,1
3406,611,5377,2025-06-24 00:00:00,2025-07-07 00:00:00,rejected,1
3408,2671,2006,2025-08-23 00:00:00,2025-09-02 00:00:00,canceled,1
3409,3148,1551,2024-10-20 06:05:00,2024-10-21 06:05:00,rejected,1
3416,1909,1588,2024-11-04 00:00:00,2024-11-16 00:00:00,rejected,1
3420,645,3195,2025-03-13 00:00:00,,alerted,0
3428,2809,2361,2025-06-01 00:00:00,2025-06-15 00:00:00,rejected,1
3441,1172,5274,2025-04-04 03:40:00,2025-04-14 03:40:00,rejected,1
3469,2291,3447,2025-05-21 00:00:00,2025-06-03 00:00:00,rejected,1
3472,1089,4909,2024-11-12 00:00:00,2024-11-22 00:00:00,rejected,1
3511,2609,4118,2025-07-12 00:00:00,2025-07-19 00:00:00,rejected,1
3516,2792,2879,2025-05-22 00:00:00,2025-05-25 00:00:00,rejected,1
3542,1990,2740,2024-09-13 07:26:00,2024-09-17 07:26:00,rejected,1
3548,197,1713,2025-06-30 00:00:00,2025-07-08 00:00:00,rejected,1
3594,2168,2255,2025-08-08 00:00:00,2025-08-09 00:00:00,rejected,1
3597,1032,1680,2025-06-28 00:00:00,2025-07-04 00:00:00,canceled,1
3650,2296,5202,2025-05-07 00:00:00,2025-05-12 00:00:00,rejected,1
3657,1128,5442,2025-10-01 00:00:00,2025-10-14 00:00:00,rejected,1
3658,248,2857,2025-05-28 00:00:00,,alerted,0
3697,1851,1802,2025-08-13 03:28:00,2025-08-19 03:28:00,rejected,1
3732,2375,3211,2025-02-13 00:00:00,2025-02-27 00:00:00,rejected,1
3740,3010,5413,2025-10-17 00:00:00,2025-10-31 00:00:00,rejected,1
3768,3008,1640,2025-08-28 00:00:00,2025-09-09 00:00:00,accepted,1
3770,2868,2822,2024-11-26 00:00:00,2024-12-08 00:00:00,canceled,1
3783,248,4642,2025-05-26 00:00:00,,alerted,0
3792,153,4125,2025-08-20 00:00:00,2025-09-02 00:00:00,rejected,1
3806,2124,2197,2024-09-13 00:00:00,2024-09-15 00:00:00,rejected,1
3820,2860,2983,2025-09-23 00:00:00,2025-09-30 00:00:00,rejected,1
3825,1662,2650,2025-03-08 22:09:00,2025-04-02 22:09:00,canceled,1
3826,853,4694,2025-08-25 00:00:00,2025-09-04 00:00:00,accepted,1
3837,1563,4996,2025-05-22 00:00:00,2025-05-26 00:00:00,accepted,1
3838,2605,1717,2025-10-16 00:00:00,2025-10-24 00:00:00,rejected,1
3850,779,3116,2025-04-01 00:00:00,2025-04-05 00:00:00,accepted,1
3854,2847,2841,2025-09-21 00:00:00,2025-09-26 00:00:00,rejected,1
3857,530,3188,2025-09-16 00:00:00,,alerted,0
3866,2614,2563,2025-10-04 21:38:00,2025-10-30 21:38:00,accepted,1
3872,1597,5440,2024-11-29 00:00:00,2024-12-07 00:00:00,accepted,1
3928,2920,3129,2025-08-10 00:00:00,2025-08-11 00:00:00,canceled,1
3929,1089,4466,2025-10-06 19:23:00,2025-10-12 19:23:00,rejected,1
3955,2809,5125,2025-10-15 07:18:00,2025-10-29 07:18:00,rejected,1
3969,3173,2353,2025-08-02 00:00:00,2025-08-09 00:00:00,accepted,1
3978,1316,4922,2025-09-16 00:00:00,2025-09-22 00:00:00,canceled,1
3993,1826,5370,2025-08-24 00:00:00,2025-09-04 00:00:00,accepted,1
4006,95,4571,2024-06-27 19:52:00,2024-07-02 19:52:00,rejected,1
4021,868,3030,2025-10-13 17:52:00,2025-11-05 17:52:00,canceled,1
4073,455,4521,2025-06-08 00:00:00,2025-06-14 00:00:00,rejected,1
4094,1745,2866,2025-09-27 00:00:00,2025-10-07 00:00:00,rejected,1
4101,1461,2291,2025-07-30 00:00:00,2025-08-12 00:00:00,canceled,1
4112,1192,2009,2024-05-25 00:00:00,2024-05-30 00:00:00,rejected,1
4122,2685,3877,2025-10-21 00:00:00,2025-10-28 00:00:00,accepted,1
4125,140,5287,2024-12-23 00:35:00,2025-01-08 00:35:00,accepted,1
4151,2970,2571,2025-10-09 00:00:00,2025-10-21 00:00:00,accepted,1
4157,95,1714,2025-01-06 00:23:00,2025-01-24 00:23:00,accepted,1
4159,421,4213,2025-10-08 00:00:00,2025-10-11 00:00:00,canceled,1
4167,2344,4503,2025-03-15 04:40:00,2025-03-26 04:40:00,accepted,1
4172,2718,5427,2025-10-07 00:00:00,2025-10-21 00:00:00,accepted,1
4176,967,3580,2025-02-05 00:00:00,,alerted,0
4192,2712,2791,2025-04-29 05:11:00,2025-05-27 05:11:00,accepted,1
4193,2768,3957,2025-10-21 00:00:00,2025-10-29 00:00:00,rejected,1
4201,1380,2672,2024-10-15 00:00:00,2024-10-18 00:00:00,rejected,1
4216,1409,4910,2025-01-05 00:00:00,2025-01-15 00:00:00,accepted,1
4217,2392,3597,2025-06-17 00:00:00,2025-06-26 00:00:00,accepted,1
4228,3153,4800,2025-08-02 00:00:00,2025-08-03 00:00:00,accepted,1
4233,1546,3953,2025-05-23 00:00:00,2025-05-24 00:00:00,rejected,1
4239,140,3299,2025-10-03 01:21:00,2025-11-01 01:21:00,accepted,1
4243,863,5174,2025-07-17 00:00:00,2025-07-24 00:00:00,rejected,1
4245,904,1550,2025-08-12 00:00:00,2025-08-24 00:00:00,rejected,1
4286,759,4523,2025-06-17 00:00:00,2025-06-27 00:00:00,rejected,1
4305,248,1740,2025-06-16 13:21:00,,alerted,0
4322,2926,1666,2025-06-28 00:00:00,2025-07-08 00:00:00,accepted,1
4327,2847,4687,2025-09-24 00:00:00,2025-10-05 00:00:00,accepted,1
4331,1034,4389,2025-10-19 00:00:00,,alerted,0
4349,1546,3888,2025-05-18 00:00:00,2025-05-27 00:00:00,rejected,1
4360,2256,5157,2025-09-03 00:00:00,2025-09-04 00:00:00,rejected,1
4364,154,3575,2025-07-16 00:00:00,2025-07-18 00:00:00,accepted,1
4379,2816,2039,2025-09-17 03:15:00,2025-09-22 03:15:00,accepted,1
4389,1750,2787,2025-10-18 00:00:00,2025-10-29 00:00:00,accepted,1
4396,2258,3019,2025-04-28 00:00:00,2025-05-02 01:58:00,accepted,1
4399,2715,2885,2025-10-10 00:00:00,2025-10-17 00:00:00,accepted,1
4405,530,2448,2025-09-12 00:00:00,,alerted,0
4427,645,3662,2025-03-17 00:00:00,,alerted,0
4442,2877,2072,2025-10-02 00:00:00,2025-10-16 00:00:00,accepted,1
4450,574,4495,2025-02-09 00:00:00,2025-02-17 00:00:00,accepted,1
4496,1192,2853,2024-05-25 00:00:00,2024-05-27 00:00:00,rejected,1
4512,2536,3383,2025-02-28 00:00:00,2025-03-01 00:00:00,rejected,1
4514,3152,4490,2025-07-22 00:00:00,2025-07-27 00:00:00,accepted,1
4527,446,3504,2024-11-17 21:26:00,2024-11-24 21:26:00,rejected,1
4535,2847,2762,2025-09-23 00:00:00,2025-09-30 00:00:00,rejected,1
4538,557,4488,2025-06-12 00:00:00,2025-06-18 00:00:00,accepted,1
4542,1192,3295,2025-10-03 01:38:00,2025-10-05 01:38:00,rejected,1
4549,421,5299,2025-10-03 00:00:00,2025-10-07 00:00:00,accepted,1
4581,1963,4023,2025-08-04 00:00:00,2025-08-12 00:00:00,accepted,1
4582,599,2348,2025-05-05 00:00:00,2025-05-11 00:00:00,accepted,1
4583,14,3907,2025-05-07 00:00:00,2025-05-13 00:00:00,accepted,1
4594,3140,4005,2025-09-25 00:00:00,2025-10-08 00:00:00,canceled,1
4599,717,4795,2025-08-31 00:00:00,2025-09-09 00:00:00,rejected,1
4601,710,4876,2025-07-11 00:00:00,2025-07-16 00:00:00,rejected,1
4602,254,1733,2025-08-25 00:00:00,2025-09-01 00:00:00,accepted,1
4612,1199,3804,2025-07-12 00:00:00,2025-07-26 00:00:00,rejected,1
4614,322,4050,2025-07-19 17:39:00,2025-07-20 17:39:00,accepted,1
4626,982,1868,2023-12-13 00:00:00,2023-12-18 00:00:00,accepted,1
4661,2077,5245,2025-10-18 00:00:00,2025-10-31 00:00:00,accepted,1
4662,2097,2309,2025-10-22 00:00:00,2025-11-02 00:00:00,rejected,1
4666,2768,4284,2025-10-15 16:15:00,2025-10-26 16:15:00,accepted,1
4688,3120,3788,2025-06-14 00:00:00,2025-06-28 00:00:00,accepted,1
4689,3071,5171,2024-09-10 00:00:00,2024-09-17 00:00:00,canceled,1
4699,3140,2691,2025-09-30 00:00:00,2025-10-05 00:00:00,accepted,1
4718,719,2986,2025-07-16 00:00:00,2025-07-26 00:00:00,rejected,1
4725,716,4383,2025-08-18 00:00:00,2025-09-01 00:00:00,accepted,1
4733,1192,4098,2024-05-29 00:00:00,2024-05-31 00:00:00,accepted,1
4741,781,5311,2025-08-18 00:00:00,2025-09-01 00:00:00,rejected,1
4745,2718,3686,2025-10-11 00:00:00,2025-10-19 00:00:00,accepted,1
4761,891,1668,2025-06-28 00:00:00,2025-06-29 00:00:00,canceled,1
4772,585,3755,2025-09-02 00:00:00,2025-09-14 00:00:00,canceled,1
4782,2352,3562,2025-09-05 00:00:00,2025-09-11 00:00:00,rejected,1
4788,136,2767,2025-05-05 00:00:00,2025-05-14 00:00:00,rejected,1
4860,2641,1543,2025-04-14 00:00:00,2025-04-15 00:00:00,accepted,1
4878,2847,3362,2025-09-20 00:00:00,2025-09-26 00:00:00,rejected,1
4882,1861,4072,2025-08-19 00:00:00,2025-08-23 00:00:00,rejected,1
4885,645,4669,2025-03-13 00:00:00,,alerted,0
4916,717,4383,2025-10-13 10:48:00,2025-10-14 10:48:00,accepted,1
4932,2463,3573,2025-04-14 07:50:00,2025-05-08 07:50:00,rejected,1
4942,2381,5042,2025-10-06 00:00:00,2025-10-17 00:00:00,rejected,1
4952,3018,4005,2025-07-21 00:00:00,2025-07-23 00:00:00,accepted,1
4953,2852,1810,2025-09-20 00:00:00,2025-10-03 00:00:00,accepted,1
4975,2852,5000,2025-09-21 00:00:00,2025-10-02 00:00:00,accepted,1
4994,1555,3287,2025-07-02 00:00:00,2025-07-03 00:00:00,accepted,1
5017,3131,4782,2025-05-26 00:00:00,2025-06-08 00:00:00,accepted,1
5023,1343,2684,2025-10-07 00:00:00,2025-10-08 00:00:00,rejected,1
5050,779,4124,2025-04-06 00:00:00,2025-04-16 00:00:00,rejected,1
5079,2125,2859,2024-10-19 00:00:00,2024-10-23 00:00:00,accepted,1
5080,774,4582,2024-06-30 05:27:00,2024-07-25 05:27:00,accepted,1
5088,1883,3350,2025-08-29 00:00:00,2025-09-02 00:00:00,rejected,1
5098,1305,3538,2025-09-08 00:00:00,2025-09-12 00:00:00,accepted,1
5114,2296,2910,2025-05-02 00:00:00,2025-05-14 00:00:00,rejected,1
5130,573,5150,2025-02-05 00:00:00,2025-02-19 00:00:00,rejected,1
5163,1278,4582,2025-09-22 00:00:00,2025-09-23 00:00:00,accepted,1
5167,3147,3783,2024-07-29 00:00:00,2024-07-31 00:00:00,rejected,1
5173,658,3023,2025-04-04 00:00:00,,alerted,0
5174,608,2211,2025-03-24 00:00:00,2025-03-27 00:00:00,accepted,1
5182,2868,2864,2025-05-06 04:04:00,2025-05-16 04:04:00,canceled,1
5183,842,2227,2025-04-28 00:00:00,2025-05-02 00:00:00,accepted,1
5212,1696,3656,2025-08-05 00:00:00,2025-08-08 00:00:00,rejected,1
5222,1414,5467,2025-10-03 00:00:00,2025-10-11 00:00:00,accepted,1
5226,2077,5307,2025-10-19 00:00:00,2025-10-30 00:00:00,accepted,1
5254,1411,3332,2025-02-12 00:00:00,2025-02-14 00:00:00,accepted,1
5256,249,5423,2025-01-04 00:00:00,2025-01-05 00:00:00,rejected,1
5265,101,4386,2025-08-24 13:09:00,2025-09-14 13:09:00,accepted,1
5284,2873,4532,2025-09-25 00:00:00,2025-10-05 00:00:00,rejected,1
5307,774,2755,2024-05-16 00:00:00,2024-05-20 00:00:00,accepted,1
5320,1978,3799,2025-08-25 16:54:00,2025-09-05 16:54:00,rejected,1
5321,140,1722,2025-08-25 11:43:00,2025-09-17 11:43:00,rejected,1
5328,2375,4793,2025-02-08 00:00:00,2025-02-12 00:00:00,rejected,1
5336,3170,1561,2025-02-16 13:24:00,2025-02-28 13:24:00,accepted,1
5358,896,2725,2025-07-30 00:00:00,2025-08-07 00:00:00,rejected,1
5360,2108,4625,2025-08-15 00:00:00,2025-08-27 00:00:00,rejected,1
5362,266,2989,2025-04-04 00:55:00,2025-04-21 00:55:00,rejected,1
5367,1469,2896,2025-06-07 00:00:00,2025-06-20 00:00:00,accepted,1
5388,977,3076,2025-07-25 00:00:00,2025-08-07 00:00:00,rejected,1
5389,1794,5473,2025-05-26 00:00:00,2025-06-01 00:00:00,accepted,1
5390,1368,1922,2025-07-16 00:00:00,2025-07-19 00:00:00,accepted,1
5399,291,3684,2025-06-28 00:00:00,2025-07-08 00:00:00,accepted,1
5404,248,4241,2025-05-26 00:00:00,,alerted,0
5405,5,3409,2025-06-04 07:55:00,2025-06-06 07:55:00,accepted,1
5406,248,2617,2025-05-28 00:00:00,,alerted,0
5425,3109,3179,2024-10-30 14:37:00,2024-11-19 14:37:00,accepted,1
5452,2671,3881,2025-08-22 00:00:00,2025-09-03 00:00:00,rejected,1
5478,2574,2428,2025-09-01 00:00:00,2025-09-13 00:00:00,rejected,1
5509,3123,4153,2025-09-04 00:00:00,2025-09-06 00:00:00,accepted,1
5517,197,2809,2025-06-30 00:00:00,2025-07-13 00:00:00,accepted,1
5525,2980,1859,2024-05-16 00:00:00,2024-05-30 00:00:00,accepted,1
5530,645,2565,2025-03-16 00:00:00,,alerted,0
5533,153,3549,2025-08-19 00:00:00,2025-08-24 00:00:00,accepted,1
5545,3145,2090,2025-05-26 00:00:00,2025-05-28 00:00:00,canceled,1
5547,2226,1798,2025-08-21 00:00:00,2025-08-31 00:00:00,accepted,1
5565,1597,4430,2024-11-29 00:00:00,2024-11-30 00:00:00,rejected,1
5597,1890,4007,2025-10-14 00:00:00,2025-10-19 00:00:00,accepted,1
5604,2616,5437,2025-09-12 00:00:00,2025-09-22 00:00:00,rejected,1
5616,1600,2267,2025-08-13 00:00:00,2025-08-24 00:00:00,accepted,1
5630,401,3676,2025-10-16 00:00:00,2025-10-23 00:00:00,accepted,1
5640,3048,2615,2025-10-17 00:00:00,2025-10-24 00:00:00,accepted,1
5641,1267,4489,2024-11-29 00:00:00,2024-12-11 00:00:00,accepted,1
5657,347,3175,2025-01-27 09:52:00,,alerted,0
5695,1352,5033,2025-02-18 00:00:00,2025-02-22 00:00:00,accepted,1
5703,1324,1553,2025-04-09 00:00:00,2025-04-11 00:00:00,rejected,1
5729,2061,3997,2025-05-26 00:00:00,2025-06-05 00:00:00,accepted,1
5743,77,3676,2025-01-16 00:00:00,2025-01-28 00:00:00,accepted,1
5754,1735,4305,2024-09-08 05:56:00,2024-09-13 05:56:00,rejected,1
5758,577,4618,2025-02-26 00:00:00,2025-02-28 00:00:00,rejected,1
5762,719,2159,2025-07-16 00:00:00,2025-07-30 00:00:00,accepted,1
5768,1516,5011,2025-10-21 00:00:00,2025-11-01 00:00:00,accepted,1
5770,2671,1829,2025-08-27 00:00:00,2025-08-31 00:00:00,accepted,1
5783,2868,5482,2024-11-26 00:00:00,2024-11-28 00:00:00,accepted,1
5794,647,5411,2025-04-27 00:00:00,2025-05-09 00:00:00,accepted,1
5800,557,1848,2025-06-13 00:00:00,2025-06-27 00:00:00,rejected,1
5802,1352,3589,2025-02-21 00:00:00,2025-02-25 00:00:00,rejected,1
5818,1189,3862,2025-03-12 00:00:00,2025-03-26 00:00:00,rejected,1
5881,3144,3339,2025-07-03 02:14:00,2025-07-27 02:14:00,accepted,1
5893,781,5361,2025-08-18 00:00:00,2025-08-23 00:00:00,accepted,1
5926,1352,3218,2025-02-17 00:00:00,2025-02-28 00:00:00,accepted,1
5939,1303,2829,2025-04-25 00:00:00,2025-05-05 00:00:00,accepted,1
5957,1644,3513,2025-08-10 06:13:00,2025-08-12 06:13:00,canceled,1
5964,1480,3150,2025-04-22 00:00:00,2025-05-05 00:00:00,rejected,1
5978,1451,2129,2025-08-25 00:00:00,2025-08-27 00:00:00,accepted,1
5989,769,3343,2025-09-25 00:00:00,2025-10-08 00:00:00,canceled,1
6002,617,5437,2025-10-18 06:30:00,,alerted,0
6017,2304,3860,2025-04-30 00:00:00,2025-05-10 00:00:00,rejected,1
6021,1651,5466,2025-10-02 00:00:00,2025-10-09 00:00:00,canceled,1
6035,784,1737,2024-10-11 00:00:00,2024-10-24 00:00:00,accepted,1
6066,573,4228,2025-01-31 00:00:00,2025-02-01 00:00:00,rejected,1
6084,133,4602,2024-07-21 00:00:00,2024-07-27 00:00:00,accepted,1
6094,2988,2404,2024-06-17 00:00:00,2024-06-26 00:00:00,accepted,1
6111,2150,2508,2025-10-24 00:00:00,2025-10-31 00:00:00,accepted,1
6112,626,2256,2025-10-18 23:04:00,2025-10-27 23:04:00,accepted,1
6117,243,3289,2025-04-27 06:05:00,2025-05-09 06:05:00,accepted,1
6124,2914,5152,2025-08-15 18:14:00,2025-09-08 18:14:00,accepted,1
6127,2868,3162,2024-11-21 00:00:00,2024-11-27 00:00:00,accepted,1
6149,90,1991,2025-08-29 00:00:00,2025-08-31 00:00:00,accepted,1
6178,1818,3686,2025-08-16 20:18:00,2025-08-31 20:18:00,accepted,1
6194,1826,3761,2025-08-28 00:00:00,2025-09-06 00:00:00,accepted,1
6196,2148,2930,2024-11-25 23:02:00,2024-12-21 23:02:00,accepted,1
6233,2627,3585,2025-08-20 00:00:00,2025-08-25 00:00:00,canceled,1
6236,2816,2241,2024-06-28 00:00:00,2024-07-09 00:00:00,rejected,1
6244,530,2865,2025-09-11 00:00:00,,alerted,0
6259,897,1666,2025-08-24 00:00:00,2025-08-25 00:00:00,accepted,1
6279,2895,5153,2025-09-04 00:00:00,2025-09-18 00:00:00,accepted,1
6314,2969,2215,2025-09-20 00:00:00,2025-09-27 00:00:00,canceled,1
6315,388,4495,2025-08-08 09:36:00,2025-09-05 09:36:00,accepted,1
6319,2627,2889,2025-08-25 00:00:00,2025-09-08 00:00:00,accepted,1
6333,422,3902,2025-10-22 00:00:00,2025-10-30 00:00:00,accepted,1
6340,1930,5428,2025-04-26 00:00:00,,alerted,0
6345,1451,4656,2025-08-24 00:00:00,2025-08-31 00:00:00,rejected,1
6346,781,5332,2025-08-17 00:00:00,2025-08-23 00:00:00,canceled,1
6352,1976,1606,2025-03-02 00:00:00,2025-03-10 00:00:00,canceled,1
6371,1414,5378,2025-10-01 00:00:00,2025-10-12 00:00:00,accepted,1
6377,482,2215,2025-10-10 00:00:00,2025-10-21 00:00:00,canceled,1
6401,1469,2428,2025-06-05 00:00:00,2025-06-19 00:00:00,canceled,1
6402,2430,4237,2024-08-03 00:00:00,2024-08-17 00:00:00,accepted,1
6450,2226,2418,2025-08-23 00:00:00,2025-08-29 00:00:00,canceled,1
6451,248,4007,2025-05-27 00:00:00,,alerted,0
6455,967,5163,2025-02-08 00:00:00,,alerted,0
6464,1794,3206,2025-05-30 00:00:00,2025-06-02 00:00:00,canceled,1
6467,956,1841,2025-06-05 00:00:00,2025-06-08 00:00:00,accepted,1
6469,2593,2234,2025-07-31 00:00:00,2025-08-12 00:00:00,accepted,1
6470,198,2809,2025-07-08 00:00:00,2025-07-17 00:00:00,accepted,1
6477,2086,3761,2025-06-20 00:00:00,2025-06-26 00:00:00,canceled,1
6478,1720,2536,2025-09-02 18:04:00,2025-09-04 18:04:00,accepted,1
6491,827,5157,2025-10-09 00:00:00,2025-10-20 00:00:00,accepted,1
6493,2847,2683,2025-09-24 00:00:00,2025-09-30 00:00:00,canceled,1
6504,720,2684,2025-09-09 00:00:00,2025-09-13 00:00:00,canceled,1
6530,133,4985,2024-07-19 00:00:00,2024-07-24 00:00:00,accepted,1
6531,1189,4858,2025-03-12 00:00:00,2025-03-23 00:00:00,canceled,1
6550,1460,5012,2025-04-06 03:41:00,2025-04-18 03:41:00,accepted,1
6623,1978,2211,2025-05-03 00:00:00,2025-05-13 00:00:00,accepted,1
6625,952,3574,2024-10-04 23:24:00,2024-10-22 23:24:00,accepted,1
6628,2344,4526,2024-11-13 00:00:00,2024-11-18 00:00:00,canceled,1
6639,710,5080,2025-07-28 08:03:00,2025-08-27 08:03:00,accepted,1
6643,2886,3761,2025-02-09 00:00:00,2025-02-22 00:00:00,accepted,1
6646,645,4737,2025-03-15 00:00:00,,alerted,0
6649,1185,2429,2025-01-26 15:36:00,2025-02-25 15:36:00,accepted,1
6664,779,2984,2025-09-11 03:51:00,2025-10-06 03:51:00,accepted,1
6669,1192,4052,2024-05-27 00:00:00,2024-06-09 00:00:00,accepted,1
6674,3162,5405,2025-10-09 00:00:00,2025-10-17 00:00:00,accepted,1
6675,2926,1847,2025-06-22 00:00:00,2025-07-04 00:00:00,canceled,1
6681,3061,2364,2025-06-14 00:00:00,2025-06-22 00:00:00,accepted,1
6702,645,2279,2025-03-17 00:00:00,,alerted,0
6713,2392,5137,2025-06-19 00:00:00,2025-07-01 00:00:00,accepted,1
6735,956,3016,2025-06-01 00:00:00,2025-06-11 00:00:00,accepted,1
6765,2542,4561,2024-06-20 00:00:00,2024-06-25 00:00:00,rejected,1
6767,645,4325,2025-10-13 22:32:00,,alerted,0
6772,2033,2387,2025-10-17 00:00:00,2025-10-23 00:00:00,canceled,1
6776,281,2976,2025-08-08 00:00:00,2025-08-22 00:00:00,accepted,1
6781,95,3684,2024-04-09 00:00:00,2024-04-20 00:00:00,canceled,1
6787,162,1570,2025-09-21 00:00:00,2025-10-02 00:00:00,canceled,1
6797,645,1904,2025-03-14 00:00:00,,alerted,0
6799,2671,1805,2025-08-24 00:00:00,2025-08-28 00:00:00,accepted,1
6807,2671,2379,2025-08-22 00:00:00,2025-09-05 00:00:00,accepted,1
6816,1980,5409,2025-06-18 00:00:00,2025-06-20 00:00:00,accepted,1
6829,2833,1859,2025-04-23 00:00:00,2025-04-28 00:00:00,accepted,1
6831,100,4612,2025-09-09 00:00:00,2025-09-17 00:00:00,accepted,1
6848,557,4264,2025-07-27 17:08:00,2025-07-29 17:08:00,canceled,1
6876,281,2462,2025-08-10 00:00:00,2025-08-14 00:00:00,accepted,1
6883,2862,2453,2025-10-07 00:00:00,2025-10-20 00:00:00,accepted,1
6886,779,3508,2025-04-05 00:00:00,2025-04-13 00:00:00,rejected,1
6919,977,2783,2025-07-26 00:00:00,2025-08-05 00:00:00,accepted,1
6923,1335,4910,2025-08-24 20:38:00,2025-09-21 20:38:00,accepted,1
6936,5,3941,2025-04-01 00:00:00,,alerted,0
6943,1510,1956,2025-07-09 00:00:00,2025-07-20 00:00:00,rejected,1
6964,2671,4652,2025-08-27 00:00:00,2025-09-03 00:00:00,accepted,1
6968,1451,3856,2025-08-25 00:00:00,2025-08-31 00:00:00,canceled,1
6971,322,4537,2025-05-11 09:45:00,2025-05-21 09:45:00,canceled,1
6988,748,2672,2025-05-19 00:00:00,2025-05-20 00:00:00,accepted,1
6991,2768,2491,2025-10-21 00:00:00,2025-11-01 00:00:00,accepted,1
6995,2768,5476,2025-10-20 00:00:00,2025-10-28 00:00:00,canceled,1
7056,2853,1786,2025-10-22 00:00:00,2025-11-05 00:00:00,accepted,1
7069,1305,3580,2025-09-09 00:00:00,2025-09-15 00:00:00,accepted,1
7086,1841,5083,2024-12-21 02:02:00,2024-12-31 02:02:00,accepted,1
7090,3010,4429,2025-10-15 00:00:00,2025-10-18 00:00:00,rejected,1
7103,3170,2271,2025-05-16 17:16:00,2025-05-28 17:16:00,accepted,1
7107,10,4386,2024-11-13 00:00:00,2024-11-21 00:00:00,rejected,1
7108,1651,3829,2025-10-05 00:00:00,2025-10-09 00:00:00,accepted,1
7112,2026,2699,2024-08-27 00:00:00,2024-09-02 00:00:00,accepted,1
7125,63,4997,2025-08-08 00:00:00,2025-08-13 00:00:00,rejected,1
7129,2920,1991,2025-08-10 00:00:00,2025-08-16 00:00:00,accepted,1
7132,2942,3595,2025-10-14 00:00:00,2025-10-17 00:00:00,canceled,1
7150,2793,1648,2025-09-04 00:00:00,2025-09-09 00:00:00,accepted,1
7154,2198,5098,2025-09-14 00:00:00,2025-09-24 00:00:00,accepted,1
7174,1250,3781,2024-02-14 00:00:00,2024-02-26 00:00:00,accepted,1
7178,2529,3792,2025-10-10 06:07:00,2025-10-19 06:07:00,canceled,1
7184,421,4236,2025-10-07 00:00:00,2025-10-19 00:00:00,canceled,1
7192,617,3282,2025-09-19 00:00:00,2025-09-23 00:00:00,canceled,1
7193,1265,1768,2024-09-06 00:00:00,2024-09-11 00:00:00,accepted,1
7198,2562,4065,2025-09-19 00:00:00,2025-09-28 00:00:00,rejected,1
7200,1242,3666,2025-03-07 00:00:00,2025-03-08 00:00:00,rejected,1
7212,2529,4447,2025-09-19 00:00:00,2025-09-28 00:00:00,accepted,1
7222,530,2316,2025-09-12 00:00:00,,alerted,0
7230,1089,2103,2024-11-16 00:00:00,2024-11-19 00:00:00,canceled,1
7250,3014,3880,2025-05-27 00:00:00,2025-05-29 00:00:00,accepted,1
7252,1518,1670,2025-05-20 00:00:00,2025-05-24 00:00:00,accepted,1
7261,3199,5245,2025-05-07 00:00:00,2025-05-15 00:00:00,canceled,1
7264,1208,5311,2024-11-16 00:00:00,2024-11-28 00:00:00,accepted,1
7276,658,2493,2025-07-27 05:58:00,,alerted,0
7317,645,5404,2025-03-13 00:00:00,,alerted,0
7373,20,3030,2025-02-08 00:00:00,2025-02-16 00:00:00,accepted,1
7377,956,4598,2025-06-07 00:00:00,2025-06-14 00:00:00,canceled,1
7378,860,3875,2025-01-15 00:00:00,2025-01-24 00:00:00,rejected,1
7407,1750,4690,2025-10-20 00:00:00,2025-11-02 00:00:00,accepted,1
7411,1546,4808,2025-05-19 00:00:00,2025-05-24 00:00:00,canceled,1
7415,1192,3200,2024-05-26 00:00:00,2024-05-30 00:00:00,accepted,1
7455,1091,1682,2025-09-18 04:39:00,2025-09-23 04:39:00,accepted,1
7464,977,3617,2025-07-26 00:00:00,2025-08-07 00:00:00,rejected,1
7470,446,2779,2024-07-09 00:00:00,2024-07-20 00:00:00,canceled,1
7472,1509,2111,2025-07-02 00:00:00,2025-07-10 00:00:00,accepted,1
7503,530,3222,2025-09-15 00:00:00,,alerted,0
7507,248,1501,2025-05-25 00:00:00,,alerted,0
7519,1330,1991,2025-09-06 00:00:00,2025-09-14 00:00:00,accepted,1
7531,934,2925,2025-09-10 00:00:00,2025-09-22 00:00:00,canceled,1
7533,710,4318,2025-07-11 00:00:00,2025-07-19 00:00:00,accepted,1
7540,2329,3096,2025-07-26 00:00:00,2025-08-08 00:00:00,accepted,1
7547,2886,3977,2025-02-09 00:00:00,2025-02-18 00:00:00,canceled,1
7571,2868,3252,2024-11-21 00:00:00,2024-11-22 00:00:00,accepted,1
7589,779,2260,2025-04-05 00:00:00,2025-04-09 00:00:00,canceled,1
7592,3001,4444,2025-09-26 00:00:00,2025-09-28 00:00:00,accepted,1
7603,779,3287,2025-04-07 00:00:00,2025-04-12 00:00:00,accepted,1
7614,248,4656,2025-05-24 00:00:00,,alerted,0
7624,1039,1986,2025-10-08 00:00:00,2025-10-15 00:00:00,accepted,1
7629,1452,4620,2024-12-30 00:00:00,2025-01-11 00:00:00,accepted,1
7648,2605,1503,2025-10-17 00:00:00,2025-10-21 00:00:00,accepted,1
7656,956,3207,2025-06-02 00:00:00,2025-06-13 00:00:00,accepted,1
7661,1826,2513,2025-08-24 00:00:00,2025-09-03 00:00:00,accepted,1
7684,1948,3950,2025-07-04 00:00:00,2025-07-10 00:00:00,accepted,1
7685,2768,2403,2025-10-18 00:00:00,2025-10-29 00:00:00,canceled,1
7690,2239,4387,2025-05-07 00:00:00,2025-05-15 00:00:00,rejected,1
7722,1345,4527,2025-10-06 23:47:00,2025-11-03 23:47:00,accepted,1
7737,956,3744,2025-06-07 00:00:00,2025-06-16 00:00:00,accepted,1
7744,2724,4386,2025-05-05 00:00:00,2025-05-14 00:00:00,canceled,1
7758,322,3156,2024-09-15 05:06:00,2024-10-14 05:06:00,accepted,1
7762,1907,5170,2025-09-04 00:00:00,2025-09-10 00:00:00,accepted,1
7770,754,5358,2025-05-23 23:34:00,2025-05-24 23:34:00,accepted,1
7776,2215,2081,2025-08-31 00:00:00,2025-09-07 00:00:00,accepted,1
7785,197,5103,2025-07-04 00:00:00,2025-07-16 00:00:00,accepted,1
7793,1089,5174,2024-11-11 00:00:00,2024-11-17 00:00:00,canceled,1
7803,2781,4582,2025-07-09 00:00:00,2025-07-18 00:00:00,accepted,1
7806,832,3287,2025-10-10 15:13:00,2025-10-31 15:13:00,accepted,1
7815,462,1502,2025-06-25 00:00:00,2025-07-09 00:00:00,canceled,1
7851,530,2573,2025-09-12 00:00:00,2025-09-18 00:00:00,accepted,1
7885,530,5086,2025-09-16 00:00:00,,alerted,0
7886,2075,2009,2025-10-16 00:00:00,2025-10-29 00:00:00,canceled,1
7893,2768,3712,2025-10-20 00:00:00,2025-10-26 00:00:00,accepted,1
7904,2132,3572,2025-09-23 00:00:00,2025-10-05 00:00:00,canceled,1
7908,1854,3191,2024-07-04 00:00:00,2024-07-12 00:00:00,accepted,1
7918,2621,4761,2025-08-23 00:00:00,2025-09-05 00:00:00,canceled,1
7923,569,4602,2025-10-19 00:00:00,2025-10-24 00:00:00,accepted,1
7924,2215,2682,2025-08-31 00:00:00,2025-09-05 00:00:00,accepted,1
7930,3120,2708,2025-06-19 00:00:00,2025-06-24 00:00:00,accepted,1
7955,1837,3907,2025-10-01 00:00:00,2025-10-05 00:00:00,accepted,1
7984,1032,4322,2025-06-22 00:00:00,2025-06-23 00:00:00,canceled,1
7989,2061,2174,2025-05-21 00:00:00,2025-05-25 00:00:00,accepted,1
7992,2344,1769,2024-11-13 00:00:00,2024-11-19 00:00:00,accepted,1
8008,977,2090,2025-07-23 00:00:00,2025-07-25 00:00:00,rejected,1
8019,1192,4552,2024-05-31 00:00:00,2024-06-12 00:00:00,accepted,1
8034,623,4173,2025-05-15 21:11:00,2025-05-25 21:11:00,accepted,1
8036,1192,3332,2025-02-21 22:51:00,2025-03-07 22:51:00,accepted,1
8049,2345,4800,2025-02-23 23:48:00,2025-02-27 23:48:00,canceled,1
8071,1764,3370,2025-01-01 00:00:00,2025-01-10 00:00:00,accepted,1
8084,1480,4888,2025-05-31 20:35:00,2025-06-29 20:35:00,canceled,1
8085,2256,4326,2025-09-04 00:00:00,2025-09-17 00:00:00,accepted,1
8088,2873,2271,2025-09-27 00:00:00,2025-10-09 00:00:00,accepted,1
8092,1750,2575,2025-10-21 00:00:00,2025-10-24 00:00:00,accepted,1
8098,20,2318,2025-02-11 00:00:00,2025-02-15 00:00:00,accepted,1
8121,1245,3902,2025-08-01 00:00:00,2025-08-15 00:00:00,canceled,1
8131,2926,4238,2025-06-24 00:00:00,2025-06-25 00:00:00,canceled,1
8132,2092,2582,2025-10-04 00:00:00,2025-10-08 00:00:00,accepted,1
8135,2828,2095,2025-10-19 00:00:00,2025-10-31 00:00:00,accepted,1
8144,617,3738,2025-09-14 00:00:00,,alerted,0
8160,827,3081,2025-10-04 00:00:00,2025-10-09 00:00:00,rejected,1
8167,2847,4006,2025-09-25 00:00:00,2025-10-07 00:00:00,accepted,1
8173,313,1733,2024-11-04 00:00:00,2024-11-14 00:00:00,accepted,1
8184,20,2807,2025-02-07 00:00:00,2025-02-20 00:00:00,accepted,1
8185,1670,3126,2025-10-16 00:00:00,2025-10-25 00:00:00,accepted,1
8194,97,2791,2025-05-08 00:00:00,2025-05-18 00:00:00,accepted,1
8195,2868,4608,2024-11-23 00:00:00,2024-11-28 00:00:00,rejected,1
8226,2535,5405,2024-12-28 00:00:00,2024-12-30 00:00:00,accepted,1
8231,261,3740,2025-06-30 00:00:00,2025-07-11 00:00:00,accepted,1
8236,176,4885,2025-07-13 00:00:00,2025-07-27 00:00:00,accepted,1
8241,194,2276,2025-04-26 00:00:00,2025-05-01 00:00:00,accepted,1
8254,2497,2039,2024-10-24 00:00:00,2024-10-28 00:00:00,accepted,1
8284,248,3726,2025-05-22 00:00:00,,alerted,0
8289,1042,2543,2025-09-30 00:00:00,2025-10-03 00:00:00,accepted,1
8309,95,3375,2024-04-08 00:00:00,2024-04-10 00:00:00,accepted,1
8323,956,1600,2025-06-03 00:00:00,2025-06-08 00:00:00,accepted,1
8356,261,3597,2025-06-30 00:00:00,2025-07-01 00:00:00,accepted,1
8360,779,1858,2025-04-07 00:00:00,2025-04-19 00:00:00,rejected,1
8381,153,2443,2025-08-22 00:00:00,2025-08-25 00:00:00,rejected,1
8398,2996,4079,2025-03-14 00:00:00,2025-03-15 00:00:00,accepted,1
8406,1673,2658,2025-07-24 00:00:00,2025-07-29 00:00:00,accepted,1
8425,2523,4165,2025-09-09 00:00:00,2025-09-10 00:00:00,accepted,1
8447,20,2951,2025-02-09 00:00:00,2025-02-10 00:00:00,accepted,1
8465,2886,4704,2025-02-09 00:00:00,2025-02-18 00:00:00,accepted,1
8483,530,3758,2025-09-16 00:00:00,,alerted,0
8485,1576,3225,2025-04-07 00:00:00,2025-04-12 00:00:00,accepted,1
8488,530,3902,2025-09-12 00:00:00,2025-09-24 00:00:00,accepted,1
8502,2226,3650,2025-08-20 00:00:00,2025-08-23 00:00:00,canceled,1
8520,2809,4475,2025-05-27 00:00:00,2025-06-07 00:00:00,accepted,1
8525,308,4495,2025-10-05 00:00:00,2025-10-19 00:00:00,accepted,1
8538,1826,3154,2025-08-28 00:00:00,2025-09-05 00:00:00,accepted,1
8560,1414,3472,2025-10-02 00:00:00,2025-10-04 00:00:00,accepted,1
8573,638,2387,2025-07-29 00:00:00,2025-08-12 00:00:00,accepted,1
8587,1834,3708,2025-08-13 00:00:00,2025-08-14 00:00:00,rejected,1
8594,645,4690,2025-03-17 00:00:00,,alerted,0
8596,2926,3289,2025-06-25 00:00:00,2025-06-30 00:00:00,accepted,1
8603,645,2787,2025-03-15 00:00:00,,alerted,0
8616,2077,3907,2025-10-23 00:00:00,2025-10-31 00:00:00,accepted,1
8617,322,3277,2025-05-01 08:17:00,2025-05-19 08:17:00,rejected,1
8618,2244,2492,2025-07-29 00:00:00,2025-08-06 00:00:00,accepted,1
8633,2420,3023,2024-01-28 00:00:00,2024-02-03 00:00:00,accepted,1
8642,482,3929,2025-10-10 00:00:00,2025-10-13 00:00:00,accepted,1
8645,2818,4118,2025-05-18 00:00:00,2025-05-19 00:00:00,accepted,1
8657,1885,2241,2025-09-11 00:00:00,2025-09-16 00:00:00,accepted,1
8689,2033,3755,2025-10-14 00:00:00,2025-10-28 00:00:00,accepted,1
8691,530,3518,2025-09-12 00:00:00,,alerted,0
8704,3161,4889,2025-09-16 00:00:00,2025-09-18 00:00:00,accepted,1
8712,860,2200,2025-01-19 00:00:00,2025-02-02 00:00:00,accepted,1
8713,530,4182,2025-09-13 00:00:00,,alerted,0
8714,133,2762,2024-07-17 00:00:00,2024-07-24 00:00:00,accepted,1
8719,1930,2280,2025-04-29 00:00:00,,alerted,0
8744,2215,4768,2025-09-05 00:00:00,2025-09-07 00:00:00,accepted,1
8745,2886,4319,2025-02-08 00:00:00,2025-02-18 00:00:00,accepted,1
8747,727,1762,2025-06-14 07:39:00,,alerted,0
8776,2914,3015,2025-08-15 00:00:00,2025-08-27 00:00:00,accepted,1
8796,3173,4492,2025-08-20 13:02:00,2025-08-25 13:02:00,accepted,1
8804,647,2868,2025-10-15 20:04:00,2025-11-09 20:04:00,rejected,1
8808,956,3049,2025-06-06 00:00:00,2025-06-17 00:00:00,accepted,1
8874,591,4612,2025-03-19 00:00:00,2025-03-23 00:00:00,accepted,1
8882,1712,5112,2025-05-17 15:18:00,2025-06-01 15:18:00,rejected,1
8930,2907,3683,2025-07-21 00:00:00,2025-07-24 00:00:00,rejected,1
8932,2077,2853,2025-10-21 00:00:00,2025-10-24 00:00:00,rejected,1
8989,2557,3465,2025-06-17 00:00:00,2025-06-30 00:00:00,accepted,1
8995,1546,3521,2025-05-19 00:00:00,2025-05-29 00:00:00,accepted,1
8996,2092,1547,2025-10-08 00:00:00,2025-10-12 00:00:00,accepted,1
9009,2907,3091,2025-07-25 00:00:00,2025-07-30 00:00:00,rejected,1
9018,261,1948,2025-06-28 00:00:00,2025-06-30 00:00:00,accepted,1
9028,530,2745,2025-09-15 00:00:00,,alerted,0
9058,3199,4579,2025-05-06 00:00:00,2025-05-08 00:00:00,accepted,1
9084,261,4206,2025-07-02 00:00:00,2025-07-11 00:00:00,canceled,1
9099,230,3621,2025-05-09 00:00:00,2025-05-22 00:00:00,accepted,1
9106,1039,3762,2025-10-09 00:00:00,2025-10-12 00:00:00,accepted,1
9126,832,3102,2025-09-03 00:00:00,2025-09-10 00:00:00,rejected,1
9131,176,5272,2025-07-09 00:00:00,2025-07-21 00:00:00,accepted,1
9137,2736,4266,2025-08-10 00:00:00,2025-08-12 00:00:00,accepted,1
9138,977,1617,2025-07-26 00:00:00,2025-08-06 00:00:00,accepted,1
9142,2679,4877,2025-07-20 00:00:00,2025-07-30 00:00:00,accepted,1
9144,1804,5274,2025-10-15 00:00:00,2025-10-25 00:00:00,canceled,1
9186,1707,2241,2025-07-19 00:00:00,2025-08-01 00:00:00,accepted,1
9195,2035,2969,2025-07-23 00:00:00,2025-08-02 00:00:00,accepted,1
9230,1780,3995,2025-03-20 00:00:00,2025-04-02 00:00:00,accepted,1
9250,1516,5195,2025-10-21 00:00:00,2025-10-30 00:00:00,accepted,1
9260,1185,4574,2024-08-30 00:00:00,2024-09-06 00:00:00,accepted,1
9262,459,5052,2024-05-09 15:20:00,2024-05-26 15:20:00,accepted,1
9285,2833,1896,2025-04-22 00:00:00,2025-04-30 00:00:00,accepted,1
9300,2264,3133,2025-09-05 00:00:00,2025-09-13 00:00:00,accepted,1
9322,2608,5163,2025-06-06 00:00:00,2025-06-11 00:00:00,accepted,1
9342,2788,2363,2025-05-18 00:00:00,2025-06-01 00:00:00,accepted,1
9361,781,4853,2025-08-21 00:00:00,2025-08-31 00:00:00,accepted,1
9379,3108,2588,2025-10-17 00:00:00,2025-10-29 00:00:00,accepted,1
9393,2593,2521,2025-07-29 00:00:00,2025-08-07 00:00:00,accepted,1
9400,1735,3080,2024-09-01 00:00:00,2024-09-08 00:00:00,canceled,1
9416,1377,1805,2024-06-11 18:27:00,2024-06-22 18:27:00,rejected,1
9442,2852,4346,2025-09-20 00:00:00,2025-09-25 00:00:00,accepted,1
9445,2344,4161,2025-01-04 15:25:00,2025-01-11 15:25:00,accepted,1
9455,459,2895,2025-03-03 14:43:00,,alerted,0
9456,721,1928,2025-12-04 00:00:00,2025-12-06 00:00:00,accepted,1
9457,1171,1928,2025-10-30 00:00:00,2025-11-18 00:00:00,accepted,1
9458,3023,1928,2025-09-10 00:00:00,2025-09-27 00:00:00,rejected,1
9459,269,1928,2025-04-04 00:00:00,2025-04-12 00:00:00,accepted,1
9460,2774,4537,2025-12-19 00:00:00,2025-12-22 00:00:00,rejected,1
9461,3061,4537,2025-08-07 00:00:00,2025-08-23 00:00:00,accepted,1
9462,2489,4537,2025-09-04 00:00:00,2025-09-11 00:00:00,rejected,1
9463,1593,2383,2025-08-26 00:00:00,2025-09-13 00:00:00,accepted,1
9464,332,2383,2025-05-05 00:00:00,2025-05-18 00:00:00,canceled,1
9465,170,5039,2024-07-14 00:00:00,2024-07-21 00:00:00,accepted,1
9466,1482,5039,2025-07-27 00:00:00,2025-08-08 00:00:00,accepted,1
9467,2299,5039,2025-10-02 00:00:00,2025-10-07 00:00:00,accepted,1
9468,118,5039,2025-07-08 00:00:00,2025-07-17 00:00:00,accepted,1
9469,2490,3424,2025-10-01 00:00:00,2025-10-10 00:00:00,rejected,1
9470,23,3424,2025-03-23 00:00:00,2025-04-02 00:00:00,accepted,1
9471,2289,3424,2024-11-06 00:00:00,2024-11-26 00:00:00,accepted,1
9472,322,4151,2024-08-28 00:00:00,2024-09-13 00:00:00,accepted,1
9473,2774,4151,2026-01-03 00:00:00,2026-01-10 00:00:00,accepted,1
9474,2769,4347,2024-12-05 00:00:00,2024-12-06 00:00:00,accepted,1
9475,806,4347,2025-06-21 00:00:00,2025-06-22 00:00:00,accepted,1
9476,1495,4347,2025-10-26 00:00:00,2025-10-28 00:00:00,accepted,1
9477,965,4000,2024-08-13 00:00:00,2024-08-22 00:00:00,canceled,1
9478,347,4000,2024-10-09 00:00:00,,alerted,0
9479,239,4000,2025-08-17 00:00:00,2025-08-21 00:00:00,accepted,1
9480,732,3868,2025-08-05 00:00:00,2025-08-09 00:00:00,accepted,1
9481,2687,3868,2024-05-03 00:00:00,2024-05-07 00:00:00,accepted,1
9482,1774,3868,2025-08-13 00:00:00,2025-08-17 00:00:00,rejected,1
9483,2202,1525,2025-10-01 00:00:00,2025-10-10 00:00:00,accepted,1
9484,1525,1525,2025-08-29 00:00:00,2025-09-08 00:00:00,accepted,1
9485,2386,1525,2025-07-11 00:00:00,,alerted,0
9486,1192,3729,2024-06-20 00:00:00,2024-06-23 00:00:00,canceled,1
9487,3154,3729,2025-10-03 00:00:00,2025-10-16 00:00:00,rejected,1
9488,2722,3729,2025-01-12 00:00:00,2025-01-28 00:00:00,accepted,1
9489,2086,4931,2025-07-18 00:00:00,2025-07-19 00:00:00,accepted,1
9490,3016,4931,2025-07-24 00:00:00,2025-08-02 00:00:00,accepted,1
9491,2702,4931,2025-10-06 00:00:00,2025-10-13 00:00:00,rejected,1
9492,3084,4838,2025-05-21 00:00:00,2025-05-29 00:00:00,accepted,1
9493,1563,4838,2025-07-27 00:00:00,2025-07-31 00:00:00,accepted,1
9494,325,4560,2025-09-20 00:00:00,2025-10-02 00:00:00,accepted,1
9495,2777,4560,2025-06-12 00:00:00,2025-06-23 00:00:00,accepted,1
9496,854,3941,2025-05-02 00:00:00,2025-05-12 00:00:00,accepted,1
9497,4,3941,2025-05-09 00:00:00,,alerted,0
9498,727,3941,2025-06-25 00:00:00,,alerted,0
9499,2211,3826,2025-03-02 00:00:00,2025-03-15 00:00:00,rejected,1
9500,43,3826,2025-10-24 00:00:00,2025-11-05 00:00:00,rejected,1
9501,459,2185,2024-04-20 00:00:00,,alerted,0
9502,3147,2185,2024-09-12 00:00:00,2024-09-21 00:00:00,rejected,1
9503,720,4478,2025-12-05 00:00:00,2025-12-12 00:00:00,rejected,1
9504,2336,4478,2024-12-23 00:00:00,2025-01-01 00:00:00,rejected,1
9505,2868,4478,2024-11-25 00:00:00,2024-11-27 00:00:00,canceled,1
9506,2542,3942,2024-08-10 00:00:00,2024-08-27 00:00:00,accepted,1
9507,977,3942,2025-09-01 00:00:00,2025-09-12 00:00:00,accepted,1
9508,2808,1984,2025-06-24 00:00:00,2025-06-28 00:00:00,rejected,1
9509,2809,1984,2025-05-30 00:00:00,2025-06-10 00:00:00,rejected,1
9510,2769,1984,2024-09-24 00:00:00,2024-10-02 00:00:00,accepted,1
9511,607,1984,2025-10-31 00:00:00,2025-11-08 00:00:00,rejected,1
9512,863,2969,2025-09-11 00:00:00,2025-09-21 00:00:00,rejected,1
9513,526,2969,2025-06-15 00:00:00,2025-06-18 00:00:00,canceled,1
9514,2561,2969,2025-10-28 00:00:00,2025-11-02 00:00:00,rejected,1
9515,43,2999,2025-11-15 00:00:00,2025-11-30 00:00:00,canceled,1
9516,2020,2999,2025-05-20 00:00:00,2025-06-09 00:00:00,rejected,1
9517,1895,2999,2025-05-03 00:00:00,2025-05-14 00:00:00,rejected,1
9518,2798,2999,2024-09-21 00:00:00,2024-10-04 00:00:00,rejected,1
9519,327,3066,2025-09-13 00:00:00,2025-09-30 00:00:00,accepted,1
9520,1318,3066,2025-12-06 00:00:00,2025-12-23 00:00:00,accepted,1
9521,43,3066,2025-09-05 00:00:00,2025-09-25 00:00:00,accepted,1
9522,3104,3066,2025-10-16 00:00:00,2025-10-27 00:00:00,canceled,1
9523,985,3044,2025-09-20 00:00:00,,alerted,0
9524,1513,3044,2024-06-01 00:00:00,2024-06-15 00:00:00,canceled,1
9525,139,4272,2025-02-20 00:00:00,,pending,1
9526,2325,4272,2025-03-21 00:00:00,2025-04-01 00:00:00,accepted,1
9527,1720,4272,2025-08-03 00:00:00,,pending,1
9528,748,4272,2025-08-16 00:00:00,2025-09-02 00:00:00,accepted,1
9529,2616,1857,2025-10-18 00:00:00,,pending,1
9530,2344,1857,2024-12-31 00:00:00,2025-01-08 00:00:00,canceled,1
9531,530,1857,2025-10-08 00:00:00,,alerted,0
9532,2942,2465,2025-10-28 00:00:00,2025-11-06 00:00:00,accepted,1
9533,2939,2465,2025-09-19 00:00:00,2025-09-30 00:00:00,accepted,1
9534,2193,2465,2025-04-01 00:00:00,,pending,1
9535,3002,2726,2025-12-27 00:00:00,2026-01-16 00:00:00,rejected,1
9536,1750,2726,2025-12-18 00:00:00,2026-01-04 00:00:00,accepted,1
9538,140,2860,2024-03-31 00:00:00,2024-04-20 00:00:00,canceled,1
9539,1566,2860,2025-12-24 00:00:00,2026-01-13 00:00:00,accepted,1
9540,2291,2860,2025-06-26 00:00:00,,pending,1
9541,1871,5182,2025-04-17 00:00:00,2025-04-30 00:00:00,accepted,1
9542,1368,5182,2025-09-07 00:00:00,2025-09-19 00:00:00,accepted,1
9543,1199,5182,2025-09-14 00:00:00,,pending,1
9544,3018,4757,2025-08-22 00:00:00,2025-08-25 00:00:00,accepted,1
9545,396,4757,2025-06-20 00:00:00,,pending,1
9546,3014,2127,2025-06-04 00:00:00,2025-06-13 00:00:00,accepted,1
9547,1513,2127,2024-05-27 00:00:00,2024-06-03 00:00:00,rejected,1
9548,1546,1621,2025-05-27 00:00:00,,pending,1
9549,2171,1621,2025-03-15 00:00:00,2025-03-26 00:00:00,rejected,1
9550,1498,2876,2025-07-28 00:00:00,2025-08-08 00:00:00,accepted,1
9551,2868,2876,2025-02-02 00:00:00,2025-02-17 00:00:00,canceled,1
9552,2004,2876,2025-03-21 00:00:00,2025-04-03 00:00:00,accepted,1
9553,2852,2942,2025-10-23 00:00:00,2025-11-12 00:00:00,accepted,1
9554,2239,2942,2025-06-07 00:00:00,2025-06-11 00:00:00,rejected,1
9555,1239,2942,2025-02-09 00:00:00,,pending,1
9556,462,4552,2025-07-19 00:00:00,2025-08-08 00:00:00,canceled,1
9557,775,4552,2024-07-25 00:00:00,2024-08-12 00:00:00,canceled,1
9558,2996,4552,2025-06-02 00:00:00,2025-06-21 00:00:00,accepted,1
9559,1820,2771,2024-12-22 00:00:00,2025-01-11 00:00:00,accepted,1
9560,1818,2771,2024-03-19 00:00:00,2024-04-06 00:00:00,accepted,1
9561,2914,2548,2025-08-12 00:00:00,2025-08-26 00:00:00,canceled,1
9562,2147,2548,2024-09-22 00:00:00,2024-10-02 00:00:00,canceled,1
9563,1662,2548,2024-05-14 00:00:00,2024-05-15 00:00:00,canceled,1
9564,1101,2548,2025-09-18 00:00:00,2025-10-04 00:00:00,accepted,1
9565,221,2887,2024-06-05 00:00:00,2024-06-06 00:00:00,accepted,1
9566,2173,2887,2025-10-14 00:00:00,,pending,1
9567,1058,2887,2024-10-27 00:00:00,2024-11-02 00:00:00,accepted,1
9568,2809,5426,2025-06-13 00:00:00,2025-07-03 00:00:00,accepted,1
9569,1546,5426,2025-07-16 00:00:00,2025-07-23 00:00:00,accepted,1
9570,2083,3551,2025-10-29 00:00:00,2025-10-31 00:00:00,accepted,1
9571,729,3551,2025-07-24 00:00:00,,pending,1
9572,2853,3551,2025-10-27 00:00:00,2025-11-12 00:00:00,accepted,1
9573,456,3551,2025-08-22 00:00:00,2025-08-25 00:00:00,accepted,1
9574,2388,3852,2025-07-20 00:00:00,,pending,1
9575,355,3852,2024-09-25 00:00:00,,pending,1
9576,2868,3852,2025-02-06 00:00:00,,pending,1
9577,2005,3852,2025-11-20 00:00:00,,pending,1
9578,719,5464,2025-09-30 00:00:00,,pending,1
9579,3088,5464,2025-07-15 00:00:00,2025-08-02 00:00:00,accepted,1
9580,1495,1530,2025-10-10 00:00:00,2025-10-12 00:00:00,rejected,1
9581,3078,1530,2025-08-12 00:00:00,,alerted,0
9582,933,3698,2025-08-20 00:00:00,2025-08-23 00:00:00,rejected,1
9583,1593,3698,2025-08-22 00:00:00,2025-09-11 00:00:00,accepted,1
9584,2168,3698,2025-08-11 00:00:00,2025-08-14 00:00:00,accepted,1
9585,3016,4691,2025-07-29 00:00:00,2025-08-11 00:00:00,accepted,1
9586,2087,4691,2025-06-07 00:00:00,2025-06-27 00:00:00,rejected,1
9587,1566,3378,2026-01-02 00:00:00,2026-01-11 00:00:00,accepted,1
9588,2542,3378,2024-09-16 00:00:00,2024-10-03 00:00:00,rejected,1
9589,2197,3378,2025-11-14 00:00:00,2025-11-27 00:00:00,accepted,1
9590,2505,3378,2025-10-20 00:00:00,2025-10-21 00:00:00,accepted,1
9591,2872,2749,2025-09-22 00:00:00,2025-10-02 00:00:00,accepted,1
9592,1597,2749,2025-02-20 00:00:00,2025-03-12 00:00:00,rejected,1
9593,2621,5090,2025-11-17 00:00:00,,pending,1
9594,2996,5090,2025-04-07 00:00:00,,pending,1
9595,989,5090,2025-09-02 00:00:00,,pending,1
9596,1736,5090,2025-06-17 00:00:00,2025-06-18 00:00:00,accepted,1
9597,2562,2895,2025-11-26 00:00:00,2025-12-16 00:00:00,accepted,1
9598,766,2895,2025-06-26 00:00:00,2025-07-07 00:00:00,accepted,1
9599,2886,2895,2025-02-26 00:00:00,2025-03-02 00:00:00,rejected,1
9600,1276,4390,2025-08-17 00:00:00,,pending,1
9601,2671,4390,2025-10-25 00:00:00,,pending,1
9602,1039,4390,2025-10-05 00:00:00,2025-10-06 00:00:00,rejected,1
9603,76,5238,2024-04-17 00:00:00,2024-04-27 00:00:00,accepted,1
9604,367,5238,2025-05-12 00:00:00,2025-05-18 00:00:00,accepted,1
9605,969,5238,2025-08-18 00:00:00,2025-08-29 00:00:00,accepted,1
9606,527,5238,2025-11-03 00:00:00,2025-11-10 00:00:00,accepted,1
9607,2862,4356,2025-10-05 00:00:00,,pending,1
9608,23,4356,2025-02-24 00:00:00,,pending,1
9609,3061,4356,2025-08-14 00:00:00,2025-08-27 00:00:00,canceled,1
9610,2838,2558,2024-10-02 00:00:00,2024-10-09 00:00:00,accepted,1
9611,97,2558,2025-06-26 00:00:00,2025-07-08 00:00:00,accepted,1
9612,1732,3273,2025-08-16 00:00:00,,pending,1
9613,519,3273,2024-01-09 00:00:00,2024-01-22 00:00:00,accepted,1
9614,1079,4661,2024-10-14 00:00:00,2024-11-03 00:00:00,accepted,1
9615,2843,4661,2025-04-12 00:00:00,2025-04-25 00:00:00,accepted,1
9616,2035,4661,2025-09-27 00:00:00,,pending,1
9617,3170,4661,2025-03-21 00:00:00,2025-04-07 00:00:00,accepted,1
9618,2557,2484,2025-07-29 00:00:00,2025-08-14 00:00:00,rejected,1
9619,1861,2484,2025-11-14 00:00:00,2025-11-29 00:00:00,rejected,1
9620,2542,2484,2024-08-31 00:00:00,2024-09-10 00:00:00,accepted,1
9621,1124,2484,2025-10-06 00:00:00,,pending,1
9622,1774,1724,2025-08-10 00:00:00,,pending,1
9623,5,1724,2025-04-13 00:00:00,,alerted,0
9624,2245,2276,2025-04-08 00:00:00,2025-04-25 00:00:00,rejected,1
9625,2248,2276,2025-10-16 00:00:00,2025-10-30 00:00:00,rejected,1
9626,3158,3997,2025-07-09 00:00:00,2025-07-27 00:00:00,accepted,1
9628,475,3997,2024-08-30 00:00:00,2024-09-13 00:00:00,accepted,1
9629,2868,3997,2024-12-22 00:00:00,2024-12-31 00:00:00,accepted,1
9630,1197,4114,2025-06-16 00:00:00,,pending,1
9631,2215,4114,2025-09-27 00:00:00,,pending,1
9632,176,4114,2025-07-17 00:00:00,2025-08-05 00:00:00,accepted,1
9633,2671,2697,2025-09-15 00:00:00,2025-09-30 00:00:00,canceled,1
9634,832,2697,2025-09-12 00:00:00,2025-09-14 00:00:00,rejected,1
9635,1597,2845,2024-12-25 00:00:00,2025-01-10 00:00:00,accepted,1
9636,3039,2845,2025-08-17 00:00:00,,pending,1
9637,1105,2845,2025-10-14 00:00:00,2025-10-28 00:00:00,accepted,1
9638,2563,1725,2025-10-23 00:00:00,2025-11-01 00:00:00,canceled,1
9639,877,1725,2024-11-29 00:00:00,2024-12-12 00:00:00,rejected,1
9640,2926,4870,2025-07-01 00:00:00,2025-07-02 00:00:00,accepted,1
9641,2652,4870,2025-12-09 00:00:00,,pending,1
9642,1801,4870,2025-12-07 00:00:00,,pending,1
9643,5,1772,2025-06-08 00:00:00,,alerted,0
9644,4,1772,2025-03-13 00:00:00,,alerted,0
9645,1459,1772,2024-12-14 00:00:00,,pending,1
9646,1673,3500,2025-08-11 00:00:00,,pending,1
9647,1498,3500,2025-09-01 00:00:00,2025-09-09 00:00:00,accepted,1
9648,811,1967,2025-12-07 00:00:00,,pending,1
9649,291,1967,2025-07-16 00:00:00,,pending,1
9650,1534,4985,2025-07-19 00:00:00,2025-08-01 00:00:00,accepted,1
9651,79,4985,2025-08-13 00:00:00,2025-08-20 00:00:00,accepted,1
9652,77,4985,2025-02-04 00:00:00,2025-02-05 00:00:00,accepted,1
9653,2215,5139,2025-10-30 00:00:00,2025-11-18 00:00:00,rejected,1
9654,1370,5139,2024-07-24 00:00:00,,pending,1
9655,95,2078,2024-07-03 00:00:00,2024-07-10 00:00:00,accepted,1
9656,2926,2078,2025-08-22 00:00:00,,pending,1
9657,1794,4582,2025-07-23 00:00:00,2025-07-31 00:00:00,canceled,1
9661,553,3401,2025-10-10 00:00:00,2025-10-11 00:00:00,accepted,1
9662,1954,3401,2025-09-24 00:00:00,,pending,1
9663,2833,3401,2025-05-30 00:00:00,,pending,1
9664,2616,4161,2025-11-15 00:00:00,2025-11-19 00:00:00,accepted,1
9665,645,4161,2025-04-01 00:00:00,,pending,1
9666,1720,4629,2025-08-10 00:00:00,2025-08-24 00:00:00,accepted,1
9667,1414,4629,2025-12-17 00:00:00,2026-01-02 00:00:00,accepted,1
9668,281,4126,2025-09-03 00:00:00,,pending,1
9669,2342,4126,2025-09-14 00:00:00,2025-10-04 00:00:00,accepted,1
9670,2433,2204,2025-07-08 00:00:00,2025-07-26 00:00:00,rejected,1
9671,2344,2204,2024-11-14 00:00:00,,pending,1
9672,2077,2204,2025-12-24 00:00:00,2026-01-12 00:00:00,accepted,1
9673,2392,2204,2025-07-09 00:00:00,,pending,1
9674,1366,3910,2025-10-21 00:00:00,2025-10-27 00:00:00,rejected,1
9675,3054,3910,2024-06-01 00:00:00,2024-06-11 00:00:00,canceled,1
9676,2916,2443,2025-07-18 00:00:00,,pending,1
9677,1042,2443,2025-10-08 00:00:00,2025-10-22 00:00:00,canceled,1
9678,2909,2443,2024-07-09 00:00:00,,pending,1
9679,1495,3912,2025-11-05 00:00:00,2025-11-17 00:00:00,rejected,1
9680,911,3912,2025-12-08 00:00:00,,pending,1
9681,1267,3912,2024-12-31 00:00:00,,pending,1
9682,171,3912,2024-12-20 00:00:00,2025-01-01 00:00:00,accepted,1
9683,1633,5212,2025-07-15 00:00:00,2025-08-01 00:00:00,accepted,1
9684,1907,5212,2025-10-27 00:00:00,2025-11-07 00:00:00,rejected,1
9685,617,1816,2025-11-11 00:00:00,,alerted,0
9686,317,1816,2025-10-03 00:00:00,2025-10-18 00:00:00,accepted,1
9687,2616,1816,2025-11-02 00:00:00,,pending,1
9688,3002,1816,2025-11-24 00:00:00,2025-12-10 00:00:00,accepted,1
9689,687,3790,2025-12-15 00:00:00,,pending,1
9690,1712,3790,2024-09-12 00:00:00,,pending,1
9691,3016,3790,2025-09-28 00:00:00,2025-09-30 00:00:00,accepted,1
9692,1460,3790,2024-11-21 00:00:00,,pending,1
9693,347,4180,2024-11-15 00:00:00,,alerted,0
9694,2177,4180,2025-08-10 00:00:00,2025-08-27 00:00:00,rejected,1
9695,1712,4802,2024-08-22 00:00:00,,pending,1
9696,247,4802,2024-12-04 00:00:00,,pending,1
9697,261,4621,2025-09-20 00:00:00,2025-09-26 00:00:00,accepted,1
9698,2722,4621,2025-03-02 00:00:00,2025-03-09 00:00:00,canceled,1
9699,1698,4621,2025-10-08 00:00:00,2025-10-19 00:00:00,accepted,1
9701,1121,2338,2025-06-30 00:00:00,2025-07-20 00:00:00,accepted,1
9702,747,2338,2025-05-17 00:00:00,2025-05-20 00:00:00,accepted,1
9703,2649,2338,2025-02-18 00:00:00,2025-03-09 00:00:00,accepted,1
9704,3066,2581,2025-05-11 00:00:00,2025-05-28 00:00:00,rejected,1
9705,1869,2581,2024-11-06 00:00:00,2024-11-11 00:00:00,accepted,1
9706,1213,2581,2025-08-08 00:00:00,2025-08-19 00:00:00,accepted,1
9707,175,2581,2025-10-05 00:00:00,,pending,1
9708,3128,4722,2025-10-29 00:00:00,,pending,1
9709,2809,4722,2025-07-23 00:00:00,,pending,1
9710,467,4722,2025-10-01 00:00:00,,pending,1
9711,2806,4722,2024-08-18 00:00:00,,pending,1
9712,462,5091,2025-09-04 00:00:00,,pending,1
9713,645,5091,2025-04-06 00:00:00,,alerted,0
9714,2988,3914,2024-08-18 00:00:00,2024-08-22 00:00:00,accepted,1
9715,2981,3914,2025-02-10 00:00:00,2025-02-21 00:00:00,rejected,1
9716,2375,3914,2025-03-17 00:00:00,,pending,1
9717,2580,2374,2025-04-11 00:00:00,,pending,1
9718,861,2374,2025-03-28 00:00:00,,pending,1
9719,956,1535,2025-07-18 00:00:00,2025-07-30 00:00:00,accepted,1
9720,1444,1535,2025-08-26 00:00:00,,pending,1
9721,759,4574,2025-08-19 00:00:00,2025-08-31 00:00:00,rejected,1
9722,1907,4574,2025-11-17 00:00:00,2025-12-06 00:00:00,rejected,1
9723,252,4574,2025-10-06 00:00:00,2025-10-23 00:00:00,accepted,1
9724,1062,4177,2025-08-22 00:00:00,2025-08-26 00:00:00,accepted,1
9725,1817,4177,2025-11-09 00:00:00,,pending,1
9726,2486,4177,2025-10-07 00:00:00,2025-10-09 00:00:00,accepted,1
9727,969,5052,2025-09-30 00:00:00,,pending,1
9728,369,5052,2025-05-28 00:00:00,2025-06-07 00:00:00,accepted,1
9729,3071,3204,2024-10-21 00:00:00,2024-11-02 00:00:00,rejected,1
9730,720,3204,2025-12-02 00:00:00,2025-12-20 00:00:00,rejected,1
9731,3128,3229,2025-10-19 00:00:00,2025-11-01 00:00:00,accepted,1
9732,705,3229,2024-04-10 00:00:00,2024-04-30 00:00:00,rejected,1
9733,2692,3229,2025-08-03 00:00:00,,pending,1
9734,2828,3229,2025-11-28 00:00:00,,pending,1
9735,367,3402,2025-04-22 00:00:00,2025-05-12 00:00:00,accepted,1
9736,486,3402,2025-10-16 00:00:00,2025-10-21 00:00:00,canceled,1
9737,401,1507,2025-11-09 00:00:00,2025-11-22 00:00:00,rejected,1
9738,3105,1507,2025-08-30 00:00:00,,pending,1
9739,4,1507,2025-04-15 00:00:00,,alerted,0
9740,5,1507,2025-05-31 00:00:00,,alerted,0
9741,2766,2491,2025-09-17 00:00:00,2025-10-04 00:00:00,accepted,1
9742,887,2491,2025-09-26 00:00:00,,pending,1
9743,1662,2491,2024-06-18 00:00:00,2024-07-08 00:00:00,accepted,1
9744,1287,3324,2025-07-04 00:00:00,,pending,1
9745,526,3324,2025-06-24 00:00:00,2025-07-07 00:00:00,accepted,1
9746,367,3324,2025-05-23 00:00:00,2025-05-25 00:00:00,accepted,1
9747,3066,3324,2025-05-18 00:00:00,2025-05-21 00:00:00,rejected,1
9748,1863,2043,2025-11-03 00:00:00,2025-11-12 00:00:00,accepted,1
9749,2489,2043,2025-10-01 00:00:00,,pending,1
9750,2256,3084,2025-09-10 00:00:00,2025-09-19 00:00:00,accepted,1
9751,827,3084,2025-11-12 00:00:00,,pending,1
9752,681,3546,2025-07-13 00:00:00,2025-07-25 00:00:00,accepted,1
9753,2711,3546,2025-11-17 00:00:00,2025-11-18 00:00:00,accepted,1
9754,1574,3546,2025-09-21 00:00:00,2025-09-29 00:00:00,accepted,1
9755,2264,2757,2025-09-11 00:00:00,,pending,1
9756,1525,2757,2025-08-19 00:00:00,,pending,1
9757,518,2503,2025-10-17 00:00:00,,alerted,0
9758,2414,2503,2025-12-19 00:00:00,2025-12-22 00:00:00,rejected,1
9759,1894,2503,2025-04-27 00:00:00,,pending,1
9760,436,2503,2024-08-30 00:00:00,2024-09-17 00:00:00,accepted,1
9761,698,4800,2025-06-06 00:00:00,2025-06-25 00:00:00,accepted,1
9762,904,4800,2025-11-01 00:00:00,2025-11-19 00:00:00,accepted,1
9763,827,5064,2025-11-09 00:00:00,2025-11-19 00:00:00,accepted,1
9764,2256,5064,2025-09-25 00:00:00,2025-10-07 00:00:00,accepted,1
9765,1720,5064,2025-07-25 00:00:00,2025-08-14 00:00:00,rejected,1
9766,462,3613,2025-08-05 00:00:00,,pending,1
9767,1192,3613,2024-05-27 00:00:00,,pending,1
9768,956,3680,2025-06-05 00:00:00,,pending,1
9769,2147,3680,2024-11-13 00:00:00,,pending,1
9770,2540,3680,2024-07-25 00:00:00,2024-08-11 00:00:00,accepted,1
9771,1455,2305,2025-04-19 00:00:00,2025-04-20 00:00:00,accepted,1
9772,2847,2305,2025-10-20 00:00:00,,pending,1
9773,2955,2305,2025-02-24 00:00:00,2025-02-27 00:00:00,canceled,1
9774,175,2305,2025-09-09 00:00:00,2025-09-12 00:00:00,accepted,1
9775,1414,5493,2025-10-09 00:00:00,,pending,1
9776,698,5493,2025-05-23 00:00:00,2025-05-24 00:00:00,accepted,1
9777,2671,5493,2025-11-05 00:00:00,2025-11-13 00:00:00,accepted,1
9778,2124,4073,2024-11-29 00:00:00,,pending,1
9779,699,4073,2025-07-10 00:00:00,,pending,1
9780,3157,5336,2025-04-20 00:00:00,2025-04-29 00:00:00,accepted,1
9781,2260,5336,2025-10-03 00:00:00,2025-10-09 00:00:00,accepted,1
9782,159,5336,2025-10-16 00:00:00,2025-10-21 00:00:00,accepted,1
9783,3032,2758,2024-06-04 00:00:00,,pending,1
9784,1503,2758,2025-05-15 00:00:00,2025-05-20 00:00:00,accepted,1
9785,3189,2758,2025-11-29 00:00:00,2025-12-07 00:00:00,accepted,1
9786,102,3437,2025-09-10 00:00:00,,pending,1
9787,308,3437,2025-12-28 00:00:00,2026-01-17 00:00:00,canceled,1
9788,2311,3437,2025-08-18 00:00:00,2025-08-31 00:00:00,rejected,1
9789,626,3437,2025-07-24 00:00:00,,pending,1
9790,2435,4386,2025-07-02 00:00:00,2025-07-19 00:00:00,accepted,1
9792,1469,5103,2025-08-18 00:00:00,2025-08-25 00:00:00,rejected,1
9793,2833,5103,2025-05-12 00:00:00,,pending,1
9794,977,5103,2025-08-31 00:00:00,2025-09-13 00:00:00,accepted,1
9795,956,3376,2025-08-10 00:00:00,2025-08-25 00:00:00,accepted,1
9796,2914,3376,2025-10-08 00:00:00,2025-10-13 00:00:00,accepted,1
9797,197,3376,2025-07-11 00:00:00,2025-07-28 00:00:00,canceled,1
9798,2535,3376,2025-02-15 00:00:00,2025-03-06 00:00:00,accepted,1
9799,2344,4004,2025-01-22 00:00:00,2025-02-06 00:00:00,accepted,1
9800,1250,4004,2024-04-12 00:00:00,2024-04-23 00:00:00,accepted,1
9801,261,4004,2025-09-20 00:00:00,2025-10-01 00:00:00,rejected,1
9802,775,4004,2024-07-10 00:00:00,2024-07-19 00:00:00,rejected,1
9803,2313,5488,2025-12-04 00:00:00,2025-12-13 00:00:00,accepted,1
9804,2314,5488,2025-11-29 00:00:00,2025-12-07 00:00:00,accepted,1
9805,2386,4379,2025-08-09 00:00:00,,alerted,0
9806,2295,4379,2025-04-05 00:00:00,2025-04-24 00:00:00,accepted,1
9807,730,3855,2024-06-29 00:00:00,2024-06-30 00:00:00,accepted,1
9808,1189,3855,2025-06-02 00:00:00,,pending,1
9809,874,3762,2025-11-18 00:00:00,,alerted,0
9810,261,3762,2025-07-20 00:00:00,,pending,1
9811,2769,1952,2024-10-30 00:00:00,,pending,1
9812,1960,1952,2025-09-04 00:00:00,,pending,1
9813,1546,1523,2025-06-09 00:00:00,2025-06-11 00:00:00,accepted,1
9814,2171,1523,2025-02-22 00:00:00,2025-03-07 00:00:00,rejected,1
9815,1267,1744,2025-01-17 00:00:00,2025-02-02 00:00:00,accepted,1
9816,2363,1744,2025-08-20 00:00:00,2025-08-26 00:00:00,accepted,1
9817,1265,1744,2024-09-02 00:00:00,2024-09-13 00:00:00,accepted,1
9818,703,1744,2024-05-23 00:00:00,2024-06-05 00:00:00,accepted,1
9819,1213,3880,2025-08-20 00:00:00,,pending,1
9820,1513,3880,2024-05-15 00:00:00,,pending,1
9821,1417,3880,2025-11-30 00:00:00,2025-12-02 00:00:00,accepted,1
9822,2087,3719,2025-05-30 00:00:00,2025-06-09 00:00:00,accepted,1
9823,50,3719,2025-05-13 00:00:00,2025-05-20 00:00:00,accepted,1
9824,3109,3756,2024-09-10 00:00:00,,pending,1
9825,322,3756,2024-08-20 00:00:00,2024-08-28 00:00:00,accepted,1
9826,1673,3756,2025-09-16 00:00:00,2025-10-02 00:00:00,canceled,1
9827,1496,3756,2025-06-09 00:00:00,2025-06-21 00:00:00,accepted,1
9828,143,4556,2025-10-02 00:00:00,,pending,1
9829,2987,4556,2024-05-24 00:00:00,,pending,1
9830,1923,4556,2025-07-10 00:00:00,2025-07-26 00:00:00,accepted,1
9831,1054,4556,2025-10-27 00:00:00,,pending,1
9832,1414,5391,2025-10-14 00:00:00,,pending,1
9833,1539,5391,2025-12-10 00:00:00,2025-12-26 00:00:00,accepted,1
9834,3006,5391,2025-06-18 00:00:00,2025-07-04 00:00:00,accepted,1
9835,1444,4823,2025-10-21 00:00:00,2025-10-30 00:00:00,canceled,1
9836,887,4823,2025-09-30 00:00:00,2025-10-19 00:00:00,canceled,1
9837,933,4823,2025-08-13 00:00:00,,pending,1
9838,956,4823,2025-06-19 00:00:00,2025-06-20 00:00:00,rejected,1
9839,658,2137,2025-03-31 00:00:00,,alerted,0
9840,1459,2137,2024-12-17 00:00:00,2024-12-26 00:00:00,rejected,1
9841,2251,2137,2025-04-30 00:00:00,2025-05-15 00:00:00,accepted,1
9842,1563,2137,2025-07-03 00:00:00,2025-07-11 00:00:00,accepted,1
9843,975,1853,2025-04-12 00:00:00,,pending,1
9844,2490,1853,2025-08-31 00:00:00,,pending,1
9846,1379,2563,2024-09-29 00:00:00,2024-10-02 00:00:00,canceled,1
9847,1256,2563,2024-04-06 00:00:00,2024-04-18 00:00:00,accepted,1
9848,779,2563,2025-04-14 00:00:00,2025-04-28 00:00:00,rejected,1
9849,1032,4355,2025-08-22 00:00:00,2025-08-29 00:00:00,rejected,1
9850,1185,4355,2024-10-05 00:00:00,2024-10-25 00:00:00,accepted,1
9851,569,4355,2025-12-24 00:00:00,,pending,1
9852,1907,4355,2025-11-12 00:00:00,2025-12-02 00:00:00,accepted,1
9853,354,3321,2024-06-30 00:00:00,,pending,1
9854,2509,3321,2025-10-11 00:00:00,,pending,1
9855,1560,3321,2025-06-14 00:00:00,,pending,1
9856,322,2778,2024-09-29 00:00:00,,pending,1
9857,825,2778,2025-10-14 00:00:00,,pending,1
9858,2674,4203,2024-10-18 00:00:00,,pending,1
9859,2084,4203,2025-11-29 00:00:00,2025-12-08 00:00:00,rejected,1
9860,2080,4203,2025-10-31 00:00:00,2025-11-15 00:00:00,rejected,1
9861,2853,4203,2025-11-24 00:00:00,2025-11-26 00:00:00,accepted,1
9862,3039,2340,2025-09-05 00:00:00,,pending,1
9863,95,2340,2024-06-28 00:00:00,2024-07-15 00:00:00,rejected,1
9864,2610,4168,2025-03-28 00:00:00,2025-04-03 00:00:00,accepted,1
9865,611,4168,2025-09-17 00:00:00,2025-09-30 00:00:00,canceled,1
9866,477,5338,2024-11-21 00:00:00,,alerted,0
9867,1290,5338,2024-09-22 00:00:00,2024-10-10 00:00:00,canceled,1
9869,56,2536,2025-12-13 00:00:00,2025-12-29 00:00:00,rejected,1
9870,1750,2536,2025-10-26 00:00:00,2025-11-07 00:00:00,accepted,1
9871,1414,2536,2025-12-22 00:00:00,2025-12-24 00:00:00,canceled,1
9872,2272,5492,2025-08-13 00:00:00,,pending,1
9873,2625,5492,2025-11-01 00:00:00,2025-11-15 00:00:00,accepted,1
9874,952,5492,2024-10-17 00:00:00,,pending,1
9875,978,2756,2025-01-16 00:00:00,2025-02-03 00:00:00,accepted,1
9876,2798,2756,2024-09-20 00:00:00,,pending,1
9877,2007,2756,2025-06-02 00:00:00,2025-06-11 00:00:00,rejected,1
9878,797,2756,2025-08-31 00:00:00,,pending,1
9879,2052,1688,2025-04-11 00:00:00,,pending,1
9880,729,1688,2025-07-28 00:00:00,,pending,1
9881,1495,4403,2025-10-17 00:00:00,2025-10-23 00:00:00,accepted,1
9882,1370,4403,2024-06-25 00:00:00,,pending,1
9883,2215,4403,2025-10-27 00:00:00,2025-10-30 00:00:00,accepted,1
9884,846,4448,2025-09-18 00:00:00,,alerted,0
9885,2774,4448,2025-12-04 00:00:00,,pending,1
9886,1470,4448,2025-08-30 00:00:00,2025-09-05 00:00:00,accepted,1
9887,1222,4448,2024-07-13 00:00:00,,pending,1
9888,646,2670,2025-05-22 00:00:00,2025-06-10 00:00:00,accepted,1
9889,1250,2670,2024-04-07 00:00:00,2024-04-24 00:00:00,rejected,1
9890,530,2670,2025-09-22 00:00:00,,alerted,0
9891,3154,1640,2025-10-26 00:00:00,2025-11-04 00:00:00,accepted,1
9892,530,1640,2025-11-05 00:00:00,,alerted,0
9893,422,1640,2025-10-16 00:00:00,2025-10-30 00:00:00,accepted,1
9894,752,1824,2025-10-24 00:00:00,2025-11-01 00:00:00,accepted,1
9895,1478,1824,2025-08-03 00:00:00,2025-08-12 00:00:00,accepted,1
9896,2020,1824,2025-06-07 00:00:00,2025-06-17 00:00:00,accepted,1
9897,3060,1824,2025-09-06 00:00:00,2025-09-25 00:00:00,accepted,1
9898,2868,3735,2024-12-27 00:00:00,2025-01-15 00:00:00,canceled,1
9899,475,3735,2024-09-02 00:00:00,2024-09-21 00:00:00,accepted,1
9900,2774,3735,2025-12-11 00:00:00,,pending,1
9902,234,4527,2024-04-30 00:00:00,2024-05-03 00:00:00,canceled,1
9903,2095,4527,2025-11-06 00:00:00,2025-11-19 00:00:00,rejected,1
9904,2856,4463,2024-10-15 00:00:00,2024-10-27 00:00:00,canceled,1
9905,43,4463,2025-09-05 00:00:00,2025-09-16 00:00:00,rejected,1
9906,681,4463,2025-05-20 00:00:00,2025-06-03 00:00:00,accepted,1
9907,401,4463,2025-11-26 00:00:00,2025-11-28 00:00:00,accepted,1
9908,2868,3782,2025-01-25 00:00:00,2025-02-02 00:00:00,accepted,1
9909,475,3782,2024-09-16 00:00:00,2024-09-23 00:00:00,accepted,1
9910,5,3180,2025-04-16 00:00:00,,alerted,0
9911,675,3180,2025-11-13 00:00:00,2025-11-17 00:00:00,accepted,1
9912,863,3180,2025-10-01 00:00:00,2025-10-14 00:00:00,accepted,1
9913,967,5444,2025-04-24 00:00:00,,alerted,0
9914,2609,5444,2025-07-13 00:00:00,,pending,1
9915,2608,5444,2025-08-21 00:00:00,2025-08-23 00:00:00,rejected,1
9916,507,5444,2024-07-28 00:00:00,,pending,1
9917,861,2426,2025-03-20 00:00:00,2025-03-31 00:00:00,accepted,1
9918,2886,2426,2025-04-28 00:00:00,2025-05-07 00:00:00,accepted,1
9919,1696,2105,2025-08-31 00:00:00,,pending,1
9920,1899,2105,2025-12-02 00:00:00,2025-12-17 00:00:00,accepted,1
9921,2509,4756,2025-10-17 00:00:00,,pending,1
9922,2058,4756,2025-10-07 00:00:00,2025-10-17 00:00:00,canceled,1
9923,2702,2583,2025-10-31 00:00:00,2025-11-18 00:00:00,canceled,1
9924,2843,2583,2025-05-12 00:00:00,2025-05-31 00:00:00,accepted,1
9925,2936,2583,2025-08-24 00:00:00,2025-09-07 00:00:00,accepted,1
9926,2155,2566,2025-01-18 00:00:00,,pending,1
9927,2907,2566,2025-09-22 00:00:00,,pending,1
9928,1563,4175,2025-08-01 00:00:00,2025-08-05 00:00:00,accepted,1
9929,2244,4175,2025-10-08 00:00:00,2025-10-11 00:00:00,accepted,1
9930,2037,4293,2025-11-05 00:00:00,2025-11-08 00:00:00,rejected,1
9931,967,4293,2025-04-19 00:00:00,,alerted,0
9932,1352,4293,2025-04-24 00:00:00,2025-05-10 00:00:00,accepted,1
9933,2798,4293,2024-11-03 00:00:00,,pending,1
9934,2763,3201,2025-11-19 00:00:00,,pending,1
9935,2909,3201,2024-07-22 00:00:00,,pending,1
9936,1359,3201,2025-07-06 00:00:00,2025-07-18 00:00:00,rejected,1
9937,2912,3201,2024-08-22 00:00:00,2024-08-23 00:00:00,accepted,1
9938,697,2851,2025-03-28 00:00:00,2025-04-07 00:00:00,accepted,1
9939,1461,2851,2025-08-14 00:00:00,,pending,1
9940,2215,2851,2025-09-03 00:00:00,,pending,1
9941,318,5104,2025-10-29 00:00:00,2025-11-10 00:00:00,accepted,1
9942,532,5104,2025-10-05 00:00:00,,pending,1
9943,2514,5104,2024-06-10 00:00:00,2024-06-21 00:00:00,accepted,1
9944,1393,4669,2025-09-16 00:00:00,2025-09-27 00:00:00,accepted,1
9945,698,4669,2025-06-06 00:00:00,2025-06-22 00:00:00,rejected,1
9946,1750,4669,2025-11-26 00:00:00,2025-12-16 00:00:00,accepted,1
9947,1576,5422,2025-06-08 00:00:00,2025-06-24 00:00:00,accepted,1
9948,844,5422,2025-09-28 00:00:00,,alerted,0
9949,1469,5422,2025-08-21 00:00:00,2025-09-05 00:00:00,canceled,1
9950,1750,5006,2025-12-24 00:00:00,2026-01-02 00:00:00,canceled,1
9951,645,5006,2025-04-10 00:00:00,,alerted,0
9952,787,4565,2025-09-17 00:00:00,,pending,1
9953,1990,4565,2024-08-22 00:00:00,2024-09-11 00:00:00,rejected,1
9954,358,4565,2025-09-17 00:00:00,2025-10-01 00:00:00,accepted,1
9955,2523,4565,2025-09-13 00:00:00,,pending,1
9956,2258,2400,2025-06-22 00:00:00,2025-06-28 00:00:00,canceled,1
9957,2989,2400,2025-01-08 00:00:00,2025-01-27 00:00:00,canceled,1
9958,674,2400,2025-07-29 00:00:00,,pending,1
9959,2226,2272,2025-09-08 00:00:00,2025-09-20 00:00:00,accepted,1
9960,1185,2272,2024-10-24 00:00:00,2024-11-05 00:00:00,accepted,1
9961,863,2272,2025-10-06 00:00:00,,pending,1
9962,1907,2272,2025-09-04 00:00:00,2025-09-13 00:00:00,accepted,1
9963,1109,1994,2025-05-03 00:00:00,2025-05-06 00:00:00,rejected,1
9964,1802,1994,2025-09-19 00:00:00,,pending,1
9965,658,1994,2025-06-11 00:00:00,,alerted,0
9967,1652,4237,2025-12-19 00:00:00,2025-12-30 00:00:00,accepted,1
9968,1556,4237,2025-11-15 00:00:00,2025-11-17 00:00:00,rejected,1
9969,3199,4237,2025-07-01 00:00:00,,pending,1
9970,2817,4384,2024-10-03 00:00:00,2024-10-14 00:00:00,accepted,1
9971,1231,4384,2024-11-25 00:00:00,2024-12-03 00:00:00,accepted,1
9972,773,4384,2025-10-21 00:00:00,2025-10-26 00:00:00,accepted,1
9973,1314,1897,2025-01-15 00:00:00,2025-01-29 00:00:00,canceled,1
9974,168,1897,2024-03-30 00:00:00,2024-04-16 00:00:00,canceled,1
9975,2364,1897,2025-07-29 00:00:00,,pending,1
9976,201,1897,2025-04-04 00:00:00,2025-04-21 00:00:00,accepted,1
9977,1105,3083,2025-11-02 00:00:00,,pending,1
9978,3173,3083,2025-08-28 00:00:00,2025-09-06 00:00:00,canceled,1
9979,861,3083,2025-04-07 00:00:00,2025-04-17 00:00:00,accepted,1
9980,956,5355,2025-06-05 00:00:00,,pending,1
9981,853,5355,2025-09-08 00:00:00,,pending,1
9982,500,5355,2025-10-21 00:00:00,,pending,1
9983,2264,2786,2025-09-13 00:00:00,2025-09-19 00:00:00,accepted,1
9984,187,2786,2025-05-01 00:00:00,2025-05-04 00:00:00,rejected,1
9985,897,4752,2025-08-27 00:00:00,2025-09-10 00:00:00,rejected,1
9986,834,4752,2025-09-20 00:00:00,2025-10-04 00:00:00,canceled,1
9987,2649,3755,2025-02-18 00:00:00,2025-02-23 00:00:00,accepted,1
9988,530,3755,2025-11-12 00:00:00,,alerted,0
9991,2952,2013,2025-04-10 00:00:00,,pending,1
9992,1864,2013,2025-12-28 00:00:00,,pending,1
9994,2711,4346,2025-12-07 00:00:00,2025-12-13 00:00:00,accepted,1
9995,1175,4346,2025-01-28 00:00:00,2025-02-04 00:00:00,accepted,1
9996,1296,4346,2025-09-13 00:00:00,2025-09-14 00:00:00,canceled,1
9997,946,3101,2025-05-14 00:00:00,2025-06-02 00:00:00,accepted,1
9998,140,3101,2024-04-09 00:00:00,,pending,1
10000,956,5100,2025-07-18 00:00:00,,pending,1
10001,2833,5100,2025-06-09 00:00:00,,pending,1
10002,977,5100,2025-10-07 00:00:00,2025-10-26 00:00:00,canceled,1
10003,2563,5132,2025-12-15 00:00:00,2025-12-16 00:00:00,rejected,1
10004,3193,5132,2025-05-28 00:00:00,2025-06-14 00:00:00,accepted,1
10005,773,5132,2025-11-28 00:00:00,,pending,1
10006,1201,4755,2025-11-07 00:00:00,,pending,1
10007,2926,4755,2025-09-08 00:00:00,2025-09-26 00:00:00,canceled,1
10008,1890,4755,2025-11-17 00:00:00,2025-11-25 00:00:00,accepted,1
10009,4,4755,2025-04-17 00:00:00,,alerted,0
10010,1369,3960,2025-10-31 00:00:00,,pending,1
10011,1267,3960,2024-12-19 00:00:00,2025-01-06 00:00:00,rejected,1
10012,1812,3960,2025-10-22 00:00:00,,pending,1
10013,248,4517,2025-05-29 00:00:00,,alerted,0
10014,1457,4517,2025-12-11 00:00:00,2025-12-31 00:00:00,accepted,1
10015,1774,4517,2025-10-16 00:00:00,2025-11-05 00:00:00,accepted,1
10016,5,4517,2025-06-02 00:00:00,,alerted,0
10017,1576,2696,2025-06-29 00:00:00,2025-07-10 00:00:00,accepted,1
10018,844,2696,2025-08-13 00:00:00,,alerted,0
10019,1469,2696,2025-06-19 00:00:00,2025-06-27 00:00:00,accepted,1
10020,232,3621,2025-08-04 00:00:00,2025-08-20 00:00:00,accepted,1
10021,2502,3621,2025-11-07 00:00:00,2025-11-13 00:00:00,accepted,1
10022,2834,3621,2025-10-10 00:00:00,2025-10-19 00:00:00,rejected,1
10023,976,4199,2025-08-14 00:00:00,2025-08-17 00:00:00,rejected,1
10024,2167,4199,2025-07-08 00:00:00,,pending,1
10025,1064,4199,2025-06-17 00:00:00,2025-06-19 00:00:00,accepted,1
10026,2168,4199,2025-10-10 00:00:00,,pending,1
10027,3023,5027,2025-09-07 00:00:00,,pending,1
10028,844,5027,2025-10-11 00:00:00,,alerted,0
10029,2197,3339,2025-10-15 00:00:00,,pending,1
10030,2285,3339,2025-06-07 00:00:00,2025-06-25 00:00:00,accepted,1
10031,1058,5414,2024-11-07 00:00:00,2024-11-22 00:00:00,accepted,1
10032,2868,5414,2025-01-18 00:00:00,2025-02-05 00:00:00,canceled,1
10033,720,5414,2025-11-30 00:00:00,,pending,1
10034,2258,5414,2025-05-26 00:00:00,2025-05-29 00:00:00,rejected,1
10035,1605,4877,2025-09-14 00:00:00,,pending,1
10036,2956,4877,2025-04-25 00:00:00,2025-05-13 00:00:00,accepted,1
10037,43,4877,2025-09-27 00:00:00,2025-10-05 00:00:00,accepted,1
10038,2330,4617,2025-03-18 00:00:00,,pending,1
10039,2168,4617,2025-10-18 00:00:00,,pending,1
10040,1050,3270,2024-03-28 00:00:00,,pending,1
10041,1696,3270,2025-08-26 00:00:00,2025-09-09 00:00:00,canceled,1
10042,1250,3270,2024-02-13 00:00:00,,pending,1
10043,342,3270,2024-12-16 00:00:00,2024-12-26 00:00:00,accepted,1
10044,3120,1973,2025-06-23 00:00:00,,pending,1
10045,2533,1973,2024-08-31 00:00:00,,pending,1
10046,2955,1973,2025-03-04 00:00:00,2025-03-20 00:00:00,accepted,1
10047,472,1751,2025-08-14 00:00:00,,pending,1
10048,2808,1751,2025-04-30 00:00:00,,pending,1
10049,50,4099,2025-04-03 00:00:00,2025-04-05 00:00:00,accepted,1
10050,658,4099,2025-04-01 00:00:00,,alerted,0
10051,698,4465,2025-06-09 00:00:00,2025-06-23 00:00:00,rejected,1
10052,642,4465,2025-12-05 00:00:00,2025-12-17 00:00:00,accepted,1
10053,1308,4465,2025-10-03 00:00:00,2025-10-15 00:00:00,rejected,1
10054,342,4465,2025-02-10 00:00:00,,pending,1
10055,901,5434,2024-04-05 00:00:00,2024-04-24 00:00:00,accepted,1
10056,2308,5434,2025-09-06 00:00:00,2025-09-26 00:00:00,accepted,1
10058,422,5434,2025-12-11 00:00:00,2025-12-14 00:00:00,rejected,1
10059,1469,2599,2025-08-18 00:00:00,2025-09-07 00:00:00,accepted,1
10060,1576,2599,2025-04-14 00:00:00,,pending,1
10061,1397,2599,2025-11-04 00:00:00,2025-11-13 00:00:00,accepted,1
10062,719,4863,2025-08-21 00:00:00,2025-09-04 00:00:00,canceled,1
10063,1923,4863,2025-06-04 00:00:00,2025-06-21 00:00:00,canceled,1
10064,2936,1616,2025-08-31 00:00:00,,pending,1
10065,76,1616,2024-06-08 00:00:00,,pending,1
10066,526,1616,2025-06-27 00:00:00,,pending,1
10067,2274,2205,2025-08-21 00:00:00,2025-09-03 00:00:00,rejected,1
10069,2026,2205,2024-11-16 00:00:00,,pending,1
10070,1750,2205,2025-12-10 00:00:00,,pending,1
10071,977,4773,2025-08-12 00:00:00,2025-08-14 00:00:00,accepted,1
10072,197,4773,2025-07-11 00:00:00,2025-07-31 00:00:00,accepted,1
10073,2768,4773,2025-12-03 00:00:00,,pending,1
10074,2914,3207,2025-08-14 00:00:00,2025-09-03 00:00:00,accepted,1
10075,1103,3207,2025-10-12 00:00:00,,pending,1
10076,2580,5246,2025-05-27 00:00:00,2025-06-11 00:00:00,canceled,1
10077,860,5246,2025-01-30 00:00:00,,pending,1
10078,2293,5246,2024-05-17 00:00:00,2024-05-24 00:00:00,accepted,1
10079,2534,5246,2025-01-13 00:00:00,2025-01-26 00:00:00,rejected,1
10080,2535,4549,2025-01-24 00:00:00,2025-02-13 00:00:00,canceled,1
10081,2540,4549,2024-09-02 00:00:00,2024-09-16 00:00:00,rejected,1
10082,976,4549,2025-07-06 00:00:00,2025-07-11 00:00:00,accepted,1
10083,1064,4549,2025-04-17 00:00:00,2025-04-20 00:00:00,accepted,1
10084,834,4620,2025-09-25 00:00:00,2025-10-15 00:00:00,accepted,1
10086,1453,4620,2025-02-26 00:00:00,2025-03-11 00:00:00,accepted,1
10087,2992,4620,2024-02-21 00:00:00,2024-02-27 00:00:00,accepted,1
10088,2828,4927,2025-10-19 00:00:00,2025-10-24 00:00:00,accepted,1
10089,706,4927,2024-10-28 00:00:00,2024-11-02 00:00:00,accepted,1
10090,2363,4927,2025-08-24 00:00:00,2025-09-13 00:00:00,accepted,1
10091,95,5478,2024-06-11 00:00:00,2024-06-29 00:00:00,accepted,1
10092,1732,5478,2025-07-26 00:00:00,2025-08-12 00:00:00,accepted,1
10093,405,4402,2025-08-05 00:00:00,2025-08-18 00:00:00,canceled,1
10094,872,4402,2025-12-25 00:00:00,2025-12-26 00:00:00,accepted,1
10095,1443,5316,2025-05-08 00:00:00,2025-05-15 00:00:00,accepted,1
10096,1840,5316,2024-06-14 00:00:00,2024-07-04 00:00:00,accepted,1
10097,2102,5316,2025-06-01 00:00:00,2025-06-10 00:00:00,accepted,1
10098,2557,1552,2025-08-04 00:00:00,,pending,1
10099,221,1552,2024-04-28 00:00:00,2024-05-03 00:00:00,accepted,1
10100,828,2410,2026-01-07 00:00:00,2026-01-23 00:00:00,rejected,1
10101,2236,2410,2025-10-26 00:00:00,,pending,1
10102,1251,2410,2024-10-26 00:00:00,2024-11-12 00:00:00,accepted,1
10103,1582,2832,2024-10-06 00:00:00,2024-10-17 00:00:00,accepted,1
10104,1058,2832,2024-10-29 00:00:00,2024-11-12 00:00:00,rejected,1
10105,823,3179,2025-11-07 00:00:00,2025-11-15 00:00:00,canceled,1
10106,1446,3179,2025-11-20 00:00:00,2025-11-25 00:00:00,canceled,1
10107,482,3396,2025-11-01 00:00:00,2025-11-10 00:00:00,rejected,1
10108,1469,3396,2025-06-07 00:00:00,2025-06-20 00:00:00,rejected,1
10109,2828,2952,2025-12-06 00:00:00,2025-12-25 00:00:00,accepted,1
10110,2566,2952,2025-07-27 00:00:00,2025-07-30 00:00:00,accepted,1
10111,3076,2952,2024-01-23 00:00:00,,pending,1
10112,1896,4031,2025-11-16 00:00:00,2025-11-25 00:00:00,rejected,1
10113,2948,4031,2025-12-14 00:00:00,,pending,1
10114,979,4031,2025-03-27 00:00:00,,pending,1
10115,876,4319,2024-12-14 00:00:00,2025-01-02 00:00:00,accepted,1
10116,1513,4319,2024-06-12 00:00:00,2024-06-22 00:00:00,accepted,1
10117,1514,4319,2025-10-13 00:00:00,2025-10-25 00:00:00,accepted,1
10118,887,4210,2025-09-14 00:00:00,2025-09-26 00:00:00,accepted,1
10119,2768,4210,2025-10-20 00:00:00,,pending,1
10120,140,3562,2024-06-10 00:00:00,2024-06-28 00:00:00,rejected,1
10121,2228,3562,2024-09-30 00:00:00,2024-10-12 00:00:00,accepted,1
10122,3083,2524,2025-02-10 00:00:00,,pending,1
10123,2956,2524,2025-04-23 00:00:00,2025-05-04 00:00:00,accepted,1
10124,2955,2524,2025-02-27 00:00:00,2025-03-12 00:00:00,accepted,1
10125,1651,3495,2025-11-14 00:00:00,2025-11-25 00:00:00,rejected,1
10126,3001,3495,2025-10-12 00:00:00,2025-10-28 00:00:00,accepted,1
10127,1625,3495,2025-08-16 00:00:00,2025-08-31 00:00:00,accepted,1
10128,2749,3495,2024-05-02 00:00:00,,pending,1
10129,825,4972,2025-12-16 00:00:00,,pending,1
10130,1566,4972,2025-12-14 00:00:00,,pending,1
10131,1459,3149,2024-12-03 00:00:00,2024-12-06 00:00:00,accepted,1
10132,678,3149,2025-11-05 00:00:00,,pending,1
10133,2872,3149,2025-10-27 00:00:00,2025-11-05 00:00:00,rejected,1
10134,100,2702,2025-09-24 00:00:00,2025-09-30 00:00:00,rejected,1
10135,1370,2702,2024-06-12 00:00:00,2024-06-24 00:00:00,canceled,1
10136,2177,2847,2025-08-14 00:00:00,2025-08-17 00:00:00,accepted,1
10137,754,2847,2025-03-19 00:00:00,2025-04-01 00:00:00,accepted,1
10138,1192,4494,2024-06-27 00:00:00,2024-07-14 00:00:00,accepted,1
10139,1250,4494,2024-02-27 00:00:00,2024-03-16 00:00:00,accepted,1
10140,573,4494,2025-02-23 00:00:00,2025-03-13 00:00:00,accepted,1
10141,2936,2102,2025-11-16 00:00:00,,pending,1
10142,1760,2102,2024-10-21 00:00:00,2024-11-02 00:00:00,accepted,1
10143,1991,2816,2024-07-08 00:00:00,,pending,1
10144,233,2816,2025-11-14 00:00:00,,pending,1
10145,1231,3733,2024-10-22 00:00:00,2024-10-29 00:00:00,rejected,1
10146,795,3733,2024-05-22 00:00:00,2024-06-01 00:00:00,accepted,1
10147,439,3733,2025-12-24 00:00:00,2026-01-10 00:00:00,accepted,1
10148,1763,4980,2025-11-02 00:00:00,,pending,1
10149,492,4980,2025-09-18 00:00:00,2025-09-26 00:00:00,accepted,1
10150,2077,2877,2025-10-28 00:00:00,2025-11-07 00:00:00,rejected,1
10151,462,2877,2025-08-15 00:00:00,,pending,1
10152,2215,1812,2025-11-02 00:00:00,2025-11-11 00:00:00,accepted,1
10153,2363,1812,2025-09-07 00:00:00,2025-09-11 00:00:00,accepted,1
10155,1197,1812,2025-09-05 00:00:00,2025-09-25 00:00:00,rejected,1
10156,2981,4796,2025-01-31 00:00:00,2025-02-08 00:00:00,rejected,1
10157,943,4796,2026-01-13 00:00:00,2026-01-18 00:00:00,accepted,1
10158,1985,3017,2025-11-25 00:00:00,2025-12-02 00:00:00,rejected,1
10159,333,3017,2025-07-01 00:00:00,2025-07-03 00:00:00,accepted,1
10160,43,4623,2025-09-27 00:00:00,2025-10-06 00:00:00,canceled,1
10161,1879,4623,2024-09-24 00:00:00,2024-10-06 00:00:00,accepted,1
10162,2303,4515,2024-10-19 00:00:00,2024-10-29 00:00:00,accepted,1
10163,2264,4515,2025-11-03 00:00:00,,pending,1
10164,2806,4515,2024-09-09 00:00:00,2024-09-29 00:00:00,accepted,1
10165,1896,2960,2025-08-28 00:00:00,2025-09-16 00:00:00,accepted,1
10166,2293,2960,2024-07-26 00:00:00,2024-08-13 00:00:00,accepted,1
10167,577,2210,2025-04-28 00:00:00,,pending,1
10168,1172,2210,2024-12-12 00:00:00,2024-12-27 00:00:00,canceled,1
10169,730,2210,2024-04-29 00:00:00,2024-05-11 00:00:00,rejected,1
10170,2425,5102,2025-11-04 00:00:00,2025-11-07 00:00:00,canceled,1
10171,1056,5102,2025-12-18 00:00:00,,pending,1
10172,1469,2627,2025-06-18 00:00:00,2025-07-08 00:00:00,accepted,1
10173,1470,2627,2025-07-18 00:00:00,2025-07-19 00:00:00,accepted,1
10174,1423,1848,2024-10-03 00:00:00,2024-10-14 00:00:00,accepted,1
10175,813,1848,2025-10-31 00:00:00,,pending,1
10176,1931,1848,2025-08-21 00:00:00,,pending,1
10177,675,4992,2025-11-03 00:00:00,2025-11-16 00:00:00,rejected,1
10178,1774,4992,2025-10-12 00:00:00,2025-10-25 00:00:00,accepted,1
10179,2886,4992,2025-03-20 00:00:00,,pending,1
10180,1890,4992,2025-10-25 00:00:00,,pending,1
10181,1316,2139,2025-11-07 00:00:00,2025-11-09 00:00:00,accepted,1
10182,3120,2139,2025-08-07 00:00:00,2025-08-16 00:00:00,rejected,1
10183,101,3369,2025-08-16 00:00:00,2025-08-28 00:00:00,rejected,1
10184,1750,3369,2025-12-11 00:00:00,2025-12-21 00:00:00,canceled,1
10185,645,3369,2025-04-22 00:00:00,,alerted,0
10186,1597,4663,2024-12-26 00:00:00,,pending,1
10187,816,4663,2025-04-13 00:00:00,2025-04-19 00:00:00,accepted,1
10188,795,4663,2024-06-28 00:00:00,,pending,1
10189,1482,3716,2025-07-28 00:00:00,2025-08-15 00:00:00,accepted,1
10190,374,3716,2024-09-11 00:00:00,2024-09-24 00:00:00,accepted,1
10191,122,3716,2025-11-09 00:00:00,,pending,1
10192,1563,2829,2025-06-03 00:00:00,2025-06-16 00:00:00,accepted,1
10193,877,2829,2024-11-19 00:00:00,,pending,1
10194,322,3681,2024-08-24 00:00:00,2024-09-06 00:00:00,canceled,1
10195,2004,3681,2025-02-20 00:00:00,2025-03-07 00:00:00,accepted,1
10196,1397,3946,2026-01-08 00:00:00,2026-01-22 00:00:00,accepted,1
10197,1469,3946,2025-07-13 00:00:00,2025-07-30 00:00:00,rejected,1
10198,1576,3946,2025-04-24 00:00:00,2025-04-27 00:00:00,accepted,1
10199,2035,3909,2025-09-24 00:00:00,2025-10-12 00:00:00,rejected,1
10200,2087,3909,2025-05-21 00:00:00,,pending,1
10201,1801,3909,2025-11-05 00:00:00,,pending,1
10202,2926,3909,2025-08-13 00:00:00,2025-08-17 00:00:00,accepted,1
10203,2046,3190,2025-04-11 00:00:00,,pending,1
10204,2197,3190,2025-08-24 00:00:00,,pending,1
10205,2228,3190,2024-10-28 00:00:00,2024-10-30 00:00:00,accepted,1
10206,2523,3030,2025-11-07 00:00:00,2025-11-12 00:00:00,accepted,1
10207,853,3030,2025-09-03 00:00:00,2025-09-05 00:00:00,canceled,1
10210,1185,5428,2024-09-29 00:00:00,,pending,1
10211,896,5428,2025-10-12 00:00:00,2025-10-30 00:00:00,canceled,1
10212,401,5428,2025-11-16 00:00:00,2025-11-28 00:00:00,rejected,1
10213,1597,5323,2024-12-10 00:00:00,2024-12-19 00:00:00,canceled,1
10214,3033,5323,2025-01-02 00:00:00,,pending,1
10215,817,5323,2025-04-27 00:00:00,,pending,1
10216,678,5323,2025-10-24 00:00:00,2025-11-11 00:00:00,accepted,1
10217,1276,2724,2025-08-22 00:00:00,,pending,1
10218,3008,2724,2025-11-21 00:00:00,,pending,1
10219,1375,2724,2025-07-19 00:00:00,,pending,1
10220,2226,3302,2025-09-18 00:00:00,2025-10-07 00:00:00,accepted,1
10221,769,3302,2025-11-02 00:00:00,2025-11-12 00:00:00,accepted,1
10222,768,3302,2025-10-20 00:00:00,2025-10-21 00:00:00,accepted,1
10223,2226,4160,2025-10-21 00:00:00,2025-10-27 00:00:00,accepted,1
10224,2800,4160,2025-04-14 00:00:00,,pending,1
10225,2958,4160,2025-11-26 00:00:00,,pending,1
10226,1879,4160,2024-10-22 00:00:00,2024-11-03 00:00:00,accepted,1
10228,2155,2573,2025-01-05 00:00:00,2025-01-23 00:00:00,accepted,1
10229,1795,2573,2025-12-20 00:00:00,,pending,1
10230,645,2573,2025-04-27 00:00:00,,alerted,0
10231,1456,3858,2025-07-15 00:00:00,2025-07-26 00:00:00,accepted,1
10232,1802,3858,2025-09-04 00:00:00,2025-09-23 00:00:00,accepted,1
10233,1185,3858,2024-11-06 00:00:00,2024-11-12 00:00:00,accepted,1
10234,1784,3963,2025-07-15 00:00:00,,pending,1
10235,2852,3963,2025-09-20 00:00:00,,pending,1
10236,3052,3963,2025-11-24 00:00:00,2025-12-10 00:00:00,accepted,1
10237,1841,3963,2024-06-27 00:00:00,,pending,1
10238,2575,2428,2025-09-18 00:00:00,2025-10-02 00:00:00,canceled,1
10239,1047,2428,2025-02-22 00:00:00,2025-03-14 00:00:00,accepted,1
10240,749,2606,2025-06-28 00:00:00,2025-07-12 00:00:00,accepted,1
10241,2996,2606,2025-04-28 00:00:00,,pending,1
10242,558,3676,2025-11-13 00:00:00,2025-11-22 00:00:00,accepted,1
10243,2679,3676,2025-09-03 00:00:00,2025-09-18 00:00:00,canceled,1
10244,548,1695,2025-05-24 00:00:00,2025-06-02 00:00:00,accepted,1
10245,2853,1695,2026-01-04 00:00:00,2026-01-16 00:00:00,accepted,1
10246,1105,3962,2025-11-29 00:00:00,,pending,1
10247,1712,3962,2024-08-05 00:00:00,,pending,1
10248,2329,3962,2025-08-02 00:00:00,,pending,1
10249,835,3962,2025-09-14 00:00:00,2025-09-25 00:00:00,accepted,1
10250,1720,1807,2025-08-02 00:00:00,,pending,1
10251,1192,1807,2024-08-13 00:00:00,2024-08-15 00:00:00,canceled,1
10252,750,1807,2025-10-11 00:00:00,2025-10-29 00:00:00,accepted,1
10253,250,1807,2025-06-16 00:00:00,2025-06-24 00:00:00,accepted,1
10254,1534,4449,2025-05-30 00:00:00,2025-06-14 00:00:00,accepted,1
10255,681,4449,2025-06-10 00:00:00,,pending,1
10256,819,4449,2025-09-18 00:00:00,2025-09-28 00:00:00,accepted,1
10257,675,2391,2025-12-02 00:00:00,,pending,1
10258,248,2391,2025-07-10 00:00:00,,alerted,0
10259,3016,3510,2025-07-23 00:00:00,,pending,1
10260,2131,3510,2025-10-18 00:00:00,2025-11-07 00:00:00,accepted,1
10261,1909,3510,2024-11-03 00:00:00,2024-11-22 00:00:00,accepted,1
10262,1459,3510,2024-11-22 00:00:00,2024-11-24 00:00:00,rejected,1
10263,1414,2872,2025-12-01 00:00:00,,pending,1
10264,1250,2872,2024-03-28 00:00:00,2024-04-13 00:00:00,accepted,1
10265,2202,5084,2025-08-20 00:00:00,2025-09-08 00:00:00,rejected,1
10266,187,5084,2025-06-07 00:00:00,,pending,1
10267,1525,5084,2025-09-06 00:00:00,2025-09-21 00:00:00,rejected,1
10268,1674,4897,2025-12-08 00:00:00,,pending,1
10269,1469,4897,2025-07-26 00:00:00,2025-08-14 00:00:00,accepted,1
10270,2329,3657,2025-08-02 00:00:00,,pending,1
10271,319,3657,2025-11-09 00:00:00,2025-11-11 00:00:00,canceled,1
10272,5,4963,2025-05-13 00:00:00,,alerted,0
10273,993,4963,2025-10-20 00:00:00,2025-10-26 00:00:00,accepted,1
10274,1603,4641,2025-11-28 00:00:00,2025-12-11 00:00:00,canceled,1
10275,2712,4641,2024-02-28 00:00:00,2024-03-18 00:00:00,accepted,1
10276,2481,4641,2025-11-25 00:00:00,2025-11-30 00:00:00,accepted,1
10277,1968,2009,2025-09-26 00:00:00,2025-10-04 00:00:00,canceled,1
10278,3132,2009,2024-07-21 00:00:00,2024-07-26 00:00:00,accepted,1
10279,2523,1882,2025-09-08 00:00:00,2025-09-21 00:00:00,canceled,1
10280,405,1882,2025-06-02 00:00:00,2025-06-18 00:00:00,canceled,1
10281,360,2822,2024-06-30 00:00:00,2024-07-09 00:00:00,accepted,1
10282,222,2822,2024-07-22 00:00:00,2024-08-07 00:00:00,accepted,1
10283,221,2822,2024-05-24 00:00:00,2024-06-10 00:00:00,accepted,1
10285,3190,2161,2025-08-21 00:00:00,,pending,1
10286,2715,2161,2025-11-11 00:00:00,2025-11-20 00:00:00,canceled,1
10287,2663,3057,2025-05-22 00:00:00,2025-05-29 00:00:00,accepted,1
10288,986,3057,2025-08-27 00:00:00,,pending,1
10289,95,3057,2024-05-01 00:00:00,2024-05-17 00:00:00,accepted,1
10290,1414,3497,2025-10-27 00:00:00,2025-11-02 00:00:00,accepted,1
10291,530,3497,2025-10-23 00:00:00,,alerted,0
10292,2177,1785,2025-07-18 00:00:00,,pending,1
10293,773,1785,2025-11-06 00:00:00,,pending,1
10294,397,4421,2025-03-12 00:00:00,2025-03-28 00:00:00,accepted,1
10295,2370,4421,2024-11-07 00:00:00,2024-11-12 00:00:00,accepted,1
10296,5,4642,2025-06-05 00:00:00,,alerted,0
10297,95,4642,2024-06-25 00:00:00,,pending,1
10298,2808,4313,2025-04-08 00:00:00,,pending,1
10299,1267,4313,2024-12-15 00:00:00,,pending,1
10300,2557,3814,2025-06-25 00:00:00,2025-07-08 00:00:00,accepted,1
10301,1862,3814,2025-12-25 00:00:00,2026-01-09 00:00:00,accepted,1
10302,501,3814,2025-12-29 00:00:00,2026-01-15 00:00:00,accepted,1
10303,233,3814,2026-01-05 00:00:00,,pending,1
10304,2155,4182,2025-01-22 00:00:00,,pending,1
10305,2026,4182,2024-11-08 00:00:00,,pending,1
10306,2907,4182,2025-08-26 00:00:00,2025-09-05 00:00:00,canceled,1
10307,989,3966,2025-08-25 00:00:00,2025-09-05 00:00:00,canceled,1
10308,101,3966,2025-06-27 00:00:00,,pending,1
10309,1414,3966,2025-10-27 00:00:00,,pending,1
10310,933,3759,2025-08-30 00:00:00,2025-09-02 00:00:00,accepted,1
10311,1593,3759,2025-06-16 00:00:00,2025-06-20 00:00:00,accepted,1
10312,1662,3759,2024-06-08 00:00:00,2024-06-19 00:00:00,accepted,1
10313,3021,1748,2025-07-03 00:00:00,2025-07-22 00:00:00,canceled,1
10314,3088,1748,2025-07-30 00:00:00,,pending,1
10315,965,2298,2024-08-24 00:00:00,,pending,1
10316,3066,2298,2025-04-25 00:00:00,,pending,1
10317,76,2298,2024-05-20 00:00:00,2024-05-25 00:00:00,accepted,1
10318,1994,2298,2025-06-08 00:00:00,2025-06-26 00:00:00,rejected,1
10319,2052,1995,2025-03-12 00:00:00,2025-03-28 00:00:00,accepted,1
10320,2244,1995,2025-08-29 00:00:00,2025-09-17 00:00:00,accepted,1
10321,2637,3927,2024-07-11 00:00:00,,pending,1
10322,1714,3927,2025-06-27 00:00:00,,pending,1
10323,2013,3927,2025-08-22 00:00:00,2025-08-26 00:00:00,canceled,1
10324,2651,3927,2025-10-31 00:00:00,2025-11-18 00:00:00,accepted,1
10325,1834,3713,2025-10-16 00:00:00,2025-10-26 00:00:00,accepted,1
10326,2856,3713,2024-09-04 00:00:00,2024-09-11 00:00:00,rejected,1
10327,1421,3713,2024-06-21 00:00:00,,pending,1
10328,2291,3617,2025-08-06 00:00:00,2025-08-18 00:00:00,rejected,1
10329,1566,3617,2025-12-29 00:00:00,,pending,1
10330,3002,5437,2025-11-29 00:00:00,,pending,1
10331,1750,5437,2026-01-08 00:00:00,2026-01-28 00:00:00,accepted,1
10332,35,5303,2025-10-22 00:00:00,2025-11-08 00:00:00,accepted,1
10333,3132,5303,2024-07-28 00:00:00,2024-07-31 00:00:00,rejected,1
10334,488,5303,2025-06-23 00:00:00,,pending,1
10335,863,2560,2025-09-13 00:00:00,2025-09-14 00:00:00,accepted,1
10336,1713,2560,2025-08-07 00:00:00,,pending,1
10337,1801,2560,2025-12-13 00:00:00,,pending,1
10338,1089,2560,2024-12-07 00:00:00,,pending,1
10339,2925,4922,2025-11-13 00:00:00,2025-12-02 00:00:00,accepted,1
10340,1515,4922,2025-09-13 00:00:00,2025-09-29 00:00:00,accepted,1
10341,1894,4922,2025-04-18 00:00:00,2025-04-25 00:00:00,accepted,1
10343,2087,3996,2025-04-15 00:00:00,2025-04-28 00:00:00,rejected,1
10344,1513,3996,2024-06-14 00:00:00,,pending,1
10345,333,1669,2025-07-02 00:00:00,2025-07-17 00:00:00,accepted,1
10346,159,1669,2025-12-22 00:00:00,,pending,1
10347,2168,1669,2025-09-10 00:00:00,2025-09-30 00:00:00,rejected,1
10348,1088,4417,2025-11-11 00:00:00,2025-11-21 00:00:00,accepted,1
10349,2535,4417,2025-01-19 00:00:00,2025-02-02 00:00:00,rejected,1
10350,462,1972,2025-07-26 00:00:00,2025-08-08 00:00:00,accepted,1
10351,779,1972,2025-04-01 00:00:00,2025-04-04 00:00:00,canceled,1
10352,680,2063,2025-04-07 00:00:00,2025-04-12 00:00:00,accepted,1
10353,1784,2063,2025-07-17 00:00:00,2025-07-24 00:00:00,rejected,1
10354,2023,1774,2024-12-04 00:00:00,2024-12-05 00:00:00,rejected,1
10355,1563,1774,2025-08-05 00:00:00,2025-08-07 00:00:00,canceled,1
10356,95,1774,2024-07-03 00:00:00,,pending,1
10357,2936,1774,2025-11-02 00:00:00,2025-11-10 00:00:00,accepted,1
10358,904,1538,2025-09-14 00:00:00,2025-09-23 00:00:00,accepted,1
10359,1392,1538,2025-05-07 00:00:00,2025-05-19 00:00:00,canceled,1
10360,637,1538,2025-05-13 00:00:00,2025-05-31 00:00:00,rejected,1
10361,2299,4105,2025-11-24 00:00:00,2025-12-08 00:00:00,accepted,1
10362,1289,4105,2025-07-22 00:00:00,2025-07-26 00:00:00,accepted,1
10363,238,4105,2025-07-11 00:00:00,2025-07-16 00:00:00,accepted,1
10365,1064,4058,2025-04-21 00:00:00,2025-05-10 00:00:00,rejected,1
10366,3162,4058,2025-12-11 00:00:00,,pending,1
10367,322,2253,2024-09-06 00:00:00,2024-09-09 00:00:00,accepted,1
10368,2763,2253,2025-12-23 00:00:00,,pending,1
10369,2785,2253,2025-07-26 00:00:00,2025-08-05 00:00:00,accepted,1
10370,3109,2253,2024-10-22 00:00:00,2024-11-10 00:00:00,canceled,1
10371,1720,4332,2025-07-20 00:00:00,,pending,1
10372,2344,4332,2024-12-18 00:00:00,2024-12-30 00:00:00,accepted,1
10373,530,4332,2025-10-01 00:00:00,,alerted,0
10374,426,3699,2025-07-30 00:00:00,2025-08-19 00:00:00,accepted,1
10375,277,3699,2025-07-27 00:00:00,2025-08-09 00:00:00,accepted,1
10376,710,5269,2025-10-06 00:00:00,,pending,1
10377,1308,5269,2025-11-22 00:00:00,2025-12-10 00:00:00,rejected,1
10378,2540,2041,2024-07-12 00:00:00,2024-07-25 00:00:00,accepted,1
10379,719,2041,2025-07-30 00:00:00,2025-08-13 00:00:00,accepted,1
10380,1469,2041,2025-08-17 00:00:00,,pending,1
10381,976,2041,2025-08-14 00:00:00,2025-08-16 00:00:00,rejected,1
10382,2955,2651,2025-03-10 00:00:00,2025-03-20 00:00:00,accepted,1
10383,967,2651,2025-03-09 00:00:00,,alerted,0
10384,2228,2365,2024-11-03 00:00:00,,pending,1
10385,1446,2365,2025-10-13 00:00:00,2025-10-22 00:00:00,canceled,1
10386,140,2365,2024-06-05 00:00:00,,pending,1
10387,1662,2365,2024-07-12 00:00:00,2024-07-14 00:00:00,accepted,1
10388,1978,2405,2025-05-27 00:00:00,,pending,1
10389,2929,2405,2025-02-27 00:00:00,2025-03-07 00:00:00,accepted,1
10390,2530,2405,2025-12-09 00:00:00,2025-12-11 00:00:00,rejected,1
10391,675,4656,2025-11-16 00:00:00,2025-11-26 00:00:00,rejected,1
10392,1774,4656,2025-09-05 00:00:00,2025-09-18 00:00:00,rejected,1
10396,1676,2787,2024-06-14 00:00:00,2024-07-03 00:00:00,rejected,1
10397,153,3285,2025-08-18 00:00:00,2025-08-21 00:00:00,accepted,1
10398,2168,3285,2025-08-13 00:00:00,2025-09-01 00:00:00,accepted,1
10399,813,5079,2025-10-25 00:00:00,,pending,1
10400,1712,5079,2024-08-08 00:00:00,2024-08-17 00:00:00,accepted,1
10401,1642,4786,2025-06-08 00:00:00,2025-06-22 00:00:00,accepted,1
10402,1560,4786,2025-06-26 00:00:00,,pending,1
10403,1470,4786,2025-08-20 00:00:00,,pending,1
10404,611,4144,2025-07-09 00:00:00,2025-07-27 00:00:00,accepted,1
10405,317,4144,2025-12-08 00:00:00,2025-12-18 00:00:00,canceled,1
10406,250,4144,2025-07-08 00:00:00,,pending,1
10407,2251,2712,2025-02-24 00:00:00,2025-03-08 00:00:00,accepted,1
10408,1316,2712,2025-09-19 00:00:00,2025-09-29 00:00:00,canceled,1
10409,3120,2712,2025-06-15 00:00:00,,pending,1
10410,2440,2712,2025-01-11 00:00:00,2025-01-23 00:00:00,accepted,1
10411,719,1913,2025-08-15 00:00:00,2025-08-25 00:00:00,canceled,1
10412,3088,1913,2025-07-01 00:00:00,2025-07-21 00:00:00,accepted,1
10413,863,4071,2025-07-24 00:00:00,,pending,1
10414,490,4071,2025-08-19 00:00:00,,pending,1
10415,908,3161,2025-09-11 00:00:00,2025-09-21 00:00:00,accepted,1
10416,2085,3161,2024-12-12 00:00:00,,pending,1
10417,2711,3161,2025-11-12 00:00:00,2025-11-17 00:00:00,rejected,1
10418,2200,3161,2025-03-26 00:00:00,2025-03-31 00:00:00,rejected,1
10419,2723,2975,2025-03-01 00:00:00,2025-03-10 00:00:00,accepted,1
10420,2344,2975,2024-11-22 00:00:00,2024-11-29 00:00:00,rejected,1
10421,989,2975,2025-08-05 00:00:00,,pending,1
10422,1032,3310,2025-08-15 00:00:00,2025-08-29 00:00:00,rejected,1
10423,77,3310,2025-01-30 00:00:00,,pending,1
10424,3131,3310,2025-08-05 00:00:00,2025-08-15 00:00:00,accepted,1
10425,2537,4389,2025-04-12 00:00:00,2025-04-13 00:00:00,accepted,1
10426,2536,4389,2025-04-20 00:00:00,2025-05-10 00:00:00,accepted,1
10427,153,3040,2025-08-30 00:00:00,2025-09-19 00:00:00,accepted,1
10428,221,3040,2024-04-12 00:00:00,,pending,1
10429,842,3040,2025-06-03 00:00:00,,pending,1
10430,2258,3040,2025-07-01 00:00:00,,pending,1
10431,23,4260,2025-04-05 00:00:00,2025-04-10 00:00:00,accepted,1
10432,197,4260,2025-07-11 00:00:00,2025-07-27 00:00:00,rejected,1
10433,2833,4260,2025-06-20 00:00:00,,pending,1
10434,720,4845,2025-11-22 00:00:00,,pending,1
10435,2258,4845,2025-07-10 00:00:00,,pending,1
10436,2768,2834,2025-10-29 00:00:00,2025-11-04 00:00:00,accepted,1
10437,1876,2834,2024-08-28 00:00:00,2024-08-30 00:00:00,rejected,1
10438,933,2834,2025-08-04 00:00:00,2025-08-08 00:00:00,rejected,1
10439,717,2834,2025-10-09 00:00:00,,pending,1
10440,729,4758,2025-08-29 00:00:00,2025-09-17 00:00:00,accepted,1
10441,2052,4758,2025-05-19 00:00:00,,pending,1
10442,396,4776,2025-07-14 00:00:00,2025-07-20 00:00:00,accepted,1
10443,2993,4776,2024-02-21 00:00:00,2024-02-28 00:00:00,accepted,1
10444,3039,4430,2025-08-12 00:00:00,2025-08-26 00:00:00,accepted,1
10445,678,4430,2025-11-26 00:00:00,2025-11-28 00:00:00,accepted,1
10446,1318,2037,2025-10-03 00:00:00,2025-10-13 00:00:00,rejected,1
10447,2946,2037,2025-06-30 00:00:00,2025-07-07 00:00:00,rejected,1
10448,136,2037,2025-06-10 00:00:00,2025-06-15 00:00:00,rejected,1
10449,1189,4615,2025-04-17 00:00:00,,pending,1
10450,769,4615,2025-11-18 00:00:00,2025-12-02 00:00:00,rejected,1
10451,1316,4615,2025-11-09 00:00:00,,pending,1
10452,1811,5021,2025-01-09 00:00:00,2025-01-22 00:00:00,canceled,1
10453,2155,5021,2025-01-10 00:00:00,2025-01-28 00:00:00,accepted,1
10454,1192,5021,2024-07-28 00:00:00,2024-08-01 00:00:00,accepted,1
10455,2610,4862,2025-04-14 00:00:00,2025-04-16 00:00:00,accepted,1
10456,2531,4862,2025-11-05 00:00:00,,alerted,0
10457,646,4862,2025-04-09 00:00:00,,pending,1
10458,611,4862,2025-08-04 00:00:00,2025-08-12 00:00:00,accepted,1
10459,1900,4043,2025-07-02 00:00:00,2025-07-15 00:00:00,accepted,1
10460,911,4043,2025-12-17 00:00:00,2025-12-25 00:00:00,accepted,1
10461,1130,3526,2025-07-08 00:00:00,2025-07-24 00:00:00,accepted,1
10462,264,3526,2025-11-12 00:00:00,,alerted,0
10463,2425,3526,2025-10-15 00:00:00,2025-10-28 00:00:00,accepted,1
10464,669,1821,2025-12-15 00:00:00,,pending,1
10465,711,1821,2025-09-15 00:00:00,2025-09-26 00:00:00,accepted,1
10466,1682,1821,2025-12-26 00:00:00,,pending,1
10467,2414,1821,2025-12-10 00:00:00,,pending,1
10468,1192,5321,2024-06-08 00:00:00,,pending,1
10469,462,5321,2025-07-25 00:00:00,,pending,1
10470,639,5321,2025-07-29 00:00:00,2025-08-08 00:00:00,accepted,1
10471,2299,3341,2025-11-24 00:00:00,,pending,1
10472,2386,3341,2025-07-31 00:00:00,2025-08-18 00:00:00,rejected,1
10473,187,3341,2025-05-28 00:00:00,2025-06-14 00:00:00,accepted,1
10474,1192,2591,2024-06-27 00:00:00,2024-07-06 00:00:00,accepted,1
10475,3002,2591,2025-10-24 00:00:00,2025-11-04 00:00:00,accepted,1
10476,2020,5170,2025-07-19 00:00:00,,pending,1
10477,1930,5170,2025-07-13 00:00:00,,alerted,0
10478,3061,3465,2025-08-03 00:00:00,2025-08-22 00:00:00,accepted,1
10479,233,3465,2025-11-10 00:00:00,2025-11-11 00:00:00,accepted,1
10480,140,3465,2024-03-21 00:00:00,2024-03-31 00:00:00,accepted,1
10482,1251,3039,2024-10-10 00:00:00,2024-10-13 00:00:00,accepted,1
10483,1786,3039,2024-12-11 00:00:00,2024-12-20 00:00:00,accepted,1
10484,2529,3039,2025-09-28 00:00:00,2025-10-16 00:00:00,accepted,1
10485,1981,3754,2025-09-29 00:00:00,2025-10-01 00:00:00,accepted,1
10486,486,3754,2025-09-28 00:00:00,2025-10-09 00:00:00,rejected,1
10487,347,3754,2024-09-27 00:00:00,,alerted,0
10488,241,3862,2025-07-06 00:00:00,2025-07-17 00:00:00,rejected,1
10489,248,3862,2025-06-26 00:00:00,,alerted,0
10490,5,3862,2025-05-14 00:00:00,,alerted,0
10491,1546,3294,2025-06-12 00:00:00,,pending,1
10492,2769,3294,2024-12-05 00:00:00,,pending,1
10493,1924,5298,2025-12-05 00:00:00,2025-12-17 00:00:00,accepted,1
10494,66,5298,2025-02-07 00:00:00,,pending,1
10495,95,5298,2024-04-13 00:00:00,2024-04-16 00:00:00,accepted,1
10496,1713,5298,2025-08-15 00:00:00,,pending,1
10497,2955,4037,2025-03-24 00:00:00,2025-04-02 00:00:00,rejected,1
10498,2226,4037,2025-11-06 00:00:00,2025-11-26 00:00:00,accepted,1
10499,2833,4886,2025-06-30 00:00:00,2025-07-09 00:00:00,accepted,1
10500,2768,4886,2025-12-22 00:00:00,2026-01-06 00:00:00,accepted,1
10501,977,4886,2025-07-25 00:00:00,2025-08-01 00:00:00,accepted,1
10502,197,4886,2025-08-21 00:00:00,,pending,1
10503,1375,3954,2025-05-01 00:00:00,2025-05-04 00:00:00,accepted,1
10504,101,3954,2025-06-27 00:00:00,2025-07-15 00:00:00,rejected,1
10505,2671,3954,2025-09-20 00:00:00,2025-09-30 00:00:00,accepted,1
10506,1375,5080,2025-05-30 00:00:00,2025-06-13 00:00:00,rejected,1
10507,832,5080,2025-11-09 00:00:00,2025-11-14 00:00:00,accepted,1
10508,327,4507,2025-07-19 00:00:00,2025-07-28 00:00:00,rejected,1
10509,43,4507,2025-11-18 00:00:00,,pending,1
10510,993,2546,2025-08-27 00:00:00,2025-09-02 00:00:00,accepted,1
10511,1451,2546,2025-10-21 00:00:00,2025-10-27 00:00:00,accepted,1
10512,248,2546,2025-07-04 00:00:00,,alerted,0
10513,2082,3811,2025-12-02 00:00:00,2025-12-17 00:00:00,accepted,1
10514,2926,3811,2025-07-18 00:00:00,2025-07-25 00:00:00,canceled,1
10515,41,3811,2025-02-05 00:00:00,2025-02-13 00:00:00,accepted,1
10516,327,2104,2025-07-17 00:00:00,,pending,1
10517,1032,2104,2025-08-10 00:00:00,,pending,1
10518,2420,2104,2024-04-24 00:00:00,,pending,1
10520,2148,3836,2024-11-07 00:00:00,2024-11-17 00:00:00,canceled,1
10521,2768,3836,2025-12-16 00:00:00,2025-12-31 00:00:00,accepted,1
10522,1042,3836,2025-10-23 00:00:00,2025-11-04 00:00:00,accepted,1
10523,2084,1809,2025-10-31 00:00:00,2025-11-01 00:00:00,accepted,1
10524,347,1809,2024-10-23 00:00:00,,alerted,0
10525,967,5185,2025-05-03 00:00:00,,alerted,0
10526,2798,5185,2024-10-06 00:00:00,2024-10-24 00:00:00,accepted,1
10527,1373,4988,2025-08-13 00:00:00,2025-08-18 00:00:00,accepted,1
10528,2769,4988,2024-11-13 00:00:00,2024-11-14 00:00:00,accepted,1
10529,1314,4988,2024-12-28 00:00:00,2025-01-02 00:00:00,accepted,1
10530,158,4765,2025-06-01 00:00:00,,pending,1
10531,2523,4765,2025-09-30 00:00:00,2025-10-18 00:00:00,accepted,1
10532,1469,4765,2025-07-17 00:00:00,2025-08-06 00:00:00,rejected,1
10533,861,3875,2025-03-12 00:00:00,2025-03-30 00:00:00,rejected,1
10534,1105,3875,2025-10-06 00:00:00,,pending,1
10535,732,4060,2025-08-07 00:00:00,,pending,1
10536,1201,4060,2025-10-30 00:00:00,2025-11-17 00:00:00,rejected,1
10537,2687,4060,2024-05-15 00:00:00,,pending,1
10538,1774,4060,2025-10-04 00:00:00,2025-10-12 00:00:00,canceled,1
10539,1189,5310,2025-03-18 00:00:00,2025-03-19 00:00:00,rejected,1
10540,2137,5310,2025-11-22 00:00:00,2025-11-24 00:00:00,accepted,1
10541,730,5310,2024-06-24 00:00:00,,pending,1
10542,1251,1550,2024-10-23 00:00:00,2024-11-11 00:00:00,canceled,1
10543,318,1550,2025-10-23 00:00:00,2025-10-28 00:00:00,accepted,1
10544,957,4314,2025-08-06 00:00:00,2025-08-22 00:00:00,accepted,1
10545,1103,4314,2025-10-07 00:00:00,2025-10-08 00:00:00,rejected,1
10546,956,4314,2025-06-01 00:00:00,2025-06-02 00:00:00,accepted,1
10547,2723,2109,2025-04-14 00:00:00,2025-04-29 00:00:00,accepted,1
10548,424,2109,2025-08-08 00:00:00,2025-08-24 00:00:00,accepted,1
10549,2616,2109,2025-09-14 00:00:00,2025-09-19 00:00:00,accepted,1
10550,1393,2109,2025-09-24 00:00:00,2025-09-30 00:00:00,canceled,1
10551,1786,4785,2024-12-19 00:00:00,2025-01-02 00:00:00,accepted,1
10552,2878,4785,2025-10-15 00:00:00,,pending,1
10553,483,2048,2025-11-07 00:00:00,,pending,1
10554,1984,2048,2025-12-12 00:00:00,2025-12-27 00:00:00,accepted,1
10555,1986,2048,2025-12-14 00:00:00,2025-12-15 00:00:00,accepted,1
10556,2287,2048,2025-09-24 00:00:00,,pending,1
10557,3128,2579,2025-10-13 00:00:00,,pending,1
10558,2094,2579,2025-11-17 00:00:00,2025-11-22 00:00:00,accepted,1
10559,658,3897,2025-05-17 00:00:00,,alerted,0
10560,2744,3897,2025-08-08 00:00:00,2025-08-20 00:00:00,accepted,1
10561,4,3999,2025-05-12 00:00:00,,alerted,0
10562,727,3999,2025-06-12 00:00:00,,alerted,0
10563,5,3999,2025-04-12 00:00:00,,alerted,0
10564,3018,3959,2025-08-17 00:00:00,2025-08-23 00:00:00,rejected,1
10565,1784,3959,2025-07-04 00:00:00,2025-07-23 00:00:00,accepted,1
10566,2213,3959,2025-12-04 00:00:00,,pending,1
10567,248,4575,2025-06-08 00:00:00,,alerted,0
10568,1185,4575,2024-09-27 00:00:00,2024-10-16 00:00:00,canceled,1
10569,502,3211,2025-11-09 00:00:00,,pending,1
10570,2535,3211,2025-02-12 00:00:00,2025-03-02 00:00:00,accepted,1
10571,1064,3211,2025-06-07 00:00:00,2025-06-20 00:00:00,accepted,1
10572,1287,1920,2025-08-02 00:00:00,,pending,1
10573,3147,1920,2024-07-26 00:00:00,2024-08-14 00:00:00,rejected,1
10574,1218,1920,2025-03-23 00:00:00,2025-04-06 00:00:00,accepted,1
10575,1981,3967,2025-08-08 00:00:00,,pending,1
10576,1994,3967,2025-07-31 00:00:00,2025-08-14 00:00:00,accepted,1
10577,877,3146,2024-12-20 00:00:00,2024-12-24 00:00:00,accepted,1
10578,2209,3146,2024-11-26 00:00:00,2024-12-07 00:00:00,canceled,1
10579,2563,3146,2025-11-21 00:00:00,,pending,1
10580,1397,2217,2025-11-25 00:00:00,,pending,1
10581,1222,2217,2024-07-20 00:00:00,2024-07-23 00:00:00,accepted,1
10582,1576,2217,2025-05-25 00:00:00,2025-06-13 00:00:00,accepted,1
10583,1576,1761,2025-06-20 00:00:00,2025-07-08 00:00:00,rejected,1
10584,844,1761,2025-09-18 00:00:00,,alerted,0
10585,2774,1761,2025-12-10 00:00:00,2025-12-22 00:00:00,rejected,1
10586,735,2369,2025-10-15 00:00:00,,pending,1
10587,374,2369,2024-08-10 00:00:00,,pending,1
10588,2581,2151,2025-05-25 00:00:00,2025-06-11 00:00:00,accepted,1
10589,2563,2151,2025-11-06 00:00:00,,pending,1
10590,1467,2151,2025-12-14 00:00:00,2025-12-28 00:00:00,accepted,1
10591,1478,3532,2025-09-29 00:00:00,2025-10-07 00:00:00,accepted,1
10592,3187,3532,2025-10-25 00:00:00,2025-11-13 00:00:00,accepted,1
10593,1243,4131,2025-06-23 00:00:00,2025-07-01 00:00:00,accepted,1
10594,1924,4131,2025-11-11 00:00:00,2025-11-16 00:00:00,canceled,1
10595,3120,4131,2025-07-19 00:00:00,2025-07-26 00:00:00,accepted,1
10596,1316,4131,2025-10-06 00:00:00,2025-10-13 00:00:00,rejected,1
10597,1050,2929,2024-02-23 00:00:00,2024-03-01 00:00:00,accepted,1
10598,1698,2929,2025-12-14 00:00:00,,pending,1
10599,2457,2884,2025-04-05 00:00:00,2025-04-09 00:00:00,accepted,1
10600,2171,2884,2025-04-13 00:00:00,,pending,1
10601,626,4631,2025-07-17 00:00:00,2025-07-27 00:00:00,canceled,1
10602,1538,4631,2025-09-08 00:00:00,,pending,1
10603,1192,4631,2024-07-04 00:00:00,2024-07-10 00:00:00,accepted,1
10604,81,4631,2025-09-06 00:00:00,,pending,1
10605,2907,4737,2025-08-02 00:00:00,2025-08-10 00:00:00,rejected,1
10606,2026,4737,2024-08-30 00:00:00,2024-09-09 00:00:00,canceled,1
10607,309,4737,2025-12-08 00:00:00,2025-12-22 00:00:00,accepted,1
10608,58,3062,2025-10-18 00:00:00,,pending,1
10609,779,3062,2025-04-22 00:00:00,2025-04-23 00:00:00,rejected,1
10610,1116,3062,2025-10-27 00:00:00,2025-11-10 00:00:00,accepted,1
10611,1533,2609,2025-05-31 00:00:00,2025-06-18 00:00:00,accepted,1
10612,43,2609,2025-10-07 00:00:00,,pending,1
10613,2847,2609,2025-12-09 00:00:00,2025-12-14 00:00:00,accepted,1
10614,3147,4036,2024-10-18 00:00:00,2024-11-01 00:00:00,rejected,1
10615,1894,4036,2025-05-14 00:00:00,2025-05-16 00:00:00,canceled,1
10616,1732,3871,2025-08-18 00:00:00,2025-08-23 00:00:00,accepted,1
10617,2842,3871,2025-01-12 00:00:00,2025-01-22 00:00:00,rejected,1
10618,2996,4693,2025-04-07 00:00:00,2025-04-16 00:00:00,accepted,1
10619,775,4693,2024-07-20 00:00:00,2024-07-27 00:00:00,accepted,1
10620,2972,1704,2025-08-01 00:00:00,,pending,1
10621,573,1704,2025-03-26 00:00:00,2025-03-29 00:00:00,accepted,1
10622,1818,1704,2024-03-27 00:00:00,,pending,1
10623,1276,3250,2025-07-29 00:00:00,2025-08-17 00:00:00,accepted,1
10624,450,3250,2025-05-22 00:00:00,,pending,1
10625,2505,2199,2025-11-13 00:00:00,2025-11-18 00:00:00,accepted,1
10626,1101,2199,2025-09-18 00:00:00,,pending,1
10627,2955,4230,2025-04-14 00:00:00,2025-04-26 00:00:00,accepted,1
10628,768,4230,2025-10-04 00:00:00,,pending,1
10629,72,4230,2025-05-30 00:00:00,,pending,1
10630,1460,1676,2024-11-29 00:00:00,,pending,1
10631,3039,1676,2025-07-08 00:00:00,2025-07-16 00:00:00,accepted,1
10632,732,1676,2025-10-08 00:00:00,2025-10-15 00:00:00,canceled,1
10633,1418,3833,2025-12-31 00:00:00,2026-01-05 00:00:00,accepted,1
10634,970,3833,2024-10-23 00:00:00,2024-10-28 00:00:00,accepted,1
10635,2368,3833,2025-11-22 00:00:00,,pending,1
10636,2367,3833,2025-10-25 00:00:00,2025-11-09 00:00:00,rejected,1
10637,1296,4523,2025-09-01 00:00:00,2025-09-10 00:00:00,accepted,1
10638,558,4523,2025-09-26 00:00:00,2025-10-06 00:00:00,accepted,1
10639,1533,4523,2025-05-04 00:00:00,,pending,1
10640,115,2058,2024-07-16 00:00:00,,pending,1
10641,2925,2058,2025-10-14 00:00:00,,pending,1
10642,1780,2058,2025-05-29 00:00:00,2025-06-15 00:00:00,accepted,1
10643,1916,3520,2025-02-11 00:00:00,,pending,1
10644,923,3520,2025-07-16 00:00:00,2025-07-27 00:00:00,rejected,1
10645,119,3520,2025-09-14 00:00:00,2025-09-29 00:00:00,accepted,1
10646,122,3520,2025-11-22 00:00:00,2025-11-23 00:00:00,accepted,1
10647,730,4101,2024-06-16 00:00:00,2024-06-29 00:00:00,rejected,1
10648,1189,4101,2025-04-20 00:00:00,,pending,1
10649,861,4101,2025-03-14 00:00:00,2025-03-18 00:00:00,rejected,1
10650,2533,4101,2024-09-01 00:00:00,2024-09-02 00:00:00,accepted,1
10651,53,1911,2025-04-10 00:00:00,,pending,1
10652,1393,1911,2025-08-13 00:00:00,2025-08-26 00:00:00,canceled,1
10653,1414,1911,2025-10-11 00:00:00,2025-10-25 00:00:00,rejected,1
10654,1039,2715,2025-10-20 00:00:00,2025-11-05 00:00:00,canceled,1
10655,2124,2715,2024-09-21 00:00:00,,pending,1
10656,842,3098,2025-06-27 00:00:00,,pending,1
10657,197,3098,2025-08-07 00:00:00,2025-08-22 00:00:00,accepted,1
10658,2215,2905,2025-10-04 00:00:00,2025-10-24 00:00:00,accepted,1
10659,2171,2905,2025-04-12 00:00:00,,pending,1
10660,727,5178,2025-06-03 00:00:00,,alerted,0
10661,1105,5178,2025-09-21 00:00:00,2025-09-30 00:00:00,accepted,1
10662,2433,5268,2025-05-31 00:00:00,,pending,1
10663,749,5268,2025-07-17 00:00:00,,pending,1
10664,2344,5268,2024-12-06 00:00:00,,pending,1
10665,1750,5268,2025-10-29 00:00:00,2025-11-09 00:00:00,rejected,1
10666,2171,1881,2025-03-25 00:00:00,2025-04-01 00:00:00,accepted,1
10667,1546,1881,2025-06-27 00:00:00,2025-07-14 00:00:00,canceled,1
10668,1662,2435,2024-07-28 00:00:00,2024-08-14 00:00:00,accepted,1
10669,934,2435,2025-11-03 00:00:00,,pending,1
10670,2768,1705,2025-12-01 00:00:00,2025-12-09 00:00:00,accepted,1
10671,977,1705,2025-09-01 00:00:00,2025-09-09 00:00:00,accepted,1
10672,1563,5306,2025-08-02 00:00:00,2025-08-18 00:00:00,rejected,1
10673,2843,5306,2025-05-01 00:00:00,,pending,1
10674,3016,5306,2025-08-20 00:00:00,2025-09-01 00:00:00,rejected,1
10675,1366,4458,2025-10-25 00:00:00,,pending,1
10676,2214,4458,2025-12-14 00:00:00,2025-12-15 00:00:00,rejected,1
10677,1800,4458,2025-10-11 00:00:00,,pending,1
10678,896,4458,2025-10-17 00:00:00,,pending,1
10679,861,2200,2025-03-21 00:00:00,2025-03-30 00:00:00,accepted,1
10680,2108,2200,2025-09-27 00:00:00,2025-09-28 00:00:00,accepted,1
10681,164,2554,2025-07-05 00:00:00,,pending,1
10682,167,2554,2025-08-24 00:00:00,2025-08-25 00:00:00,canceled,1
10683,411,2554,2025-03-03 00:00:00,2025-03-13 00:00:00,accepted,1
10684,2077,1570,2025-12-17 00:00:00,,pending,1
10685,1192,1570,2024-08-04 00:00:00,2024-08-05 00:00:00,accepted,1
10686,747,1570,2025-06-06 00:00:00,2025-06-17 00:00:00,canceled,1
10687,993,1543,2025-08-27 00:00:00,,pending,1
10688,1828,1543,2025-05-24 00:00:00,2025-06-01 00:00:00,accepted,1
10689,2542,5259,2024-06-25 00:00:00,2024-07-07 00:00:00,accepted,1
10690,322,5259,2024-09-13 00:00:00,,pending,1
10691,2197,5259,2025-10-06 00:00:00,2025-10-21 00:00:00,rejected,1
10692,1690,3952,2025-12-20 00:00:00,2025-12-25 00:00:00,accepted,1
10693,1243,3952,2025-06-01 00:00:00,2025-06-16 00:00:00,accepted,1
10694,2420,3952,2024-02-23 00:00:00,2024-03-13 00:00:00,accepted,1
10695,658,3952,2025-05-04 00:00:00,,alerted,0
10696,50,2017,2025-04-06 00:00:00,,pending,1
10697,299,2017,2024-07-10 00:00:00,2024-07-13 00:00:00,accepted,1
10698,1250,3994,2024-03-02 00:00:00,2024-03-19 00:00:00,canceled,1
10699,1375,3994,2025-06-20 00:00:00,2025-06-28 00:00:00,rejected,1
10700,1250,3223,2024-04-20 00:00:00,2024-05-10 00:00:00,accepted,1
10701,1555,3223,2025-07-07 00:00:00,2025-07-22 00:00:00,accepted,1
10702,309,2163,2025-11-21 00:00:00,2025-11-26 00:00:00,accepted,1
10703,1393,2163,2025-08-23 00:00:00,,pending,1
10704,3002,2163,2025-11-15 00:00:00,,pending,1
10705,1460,3789,2025-01-31 00:00:00,2025-02-13 00:00:00,canceled,1
10706,3039,3789,2025-07-07 00:00:00,2025-07-19 00:00:00,canceled,1
10707,95,3789,2024-05-25 00:00:00,2024-06-07 00:00:00,accepted,1
10708,588,3653,2025-09-21 00:00:00,2025-10-01 00:00:00,canceled,1
10709,41,3653,2025-03-11 00:00:00,,pending,1
10710,2843,3653,2025-05-01 00:00:00,2025-05-15 00:00:00,accepted,1
10711,244,3653,2025-01-24 00:00:00,2025-02-01 00:00:00,accepted,1
10712,1059,3255,2024-11-30 00:00:00,2024-12-02 00:00:00,canceled,1
10713,886,3255,2025-01-06 00:00:00,,pending,1
10714,20,3255,2025-04-21 00:00:00,2025-05-11 00:00:00,accepted,1
10715,1047,3255,2025-02-15 00:00:00,2025-03-05 00:00:00,accepted,1
10716,727,3850,2025-08-07 00:00:00,,alerted,0
10717,3170,3850,2025-05-07 00:00:00,2025-05-15 00:00:00,accepted,1
10718,1597,4001,2025-01-11 00:00:00,,pending,1
10719,678,4001,2025-12-10 00:00:00,,pending,1
10720,3039,4001,2025-07-27 00:00:00,,pending,1
10721,2580,4906,2025-03-27 00:00:00,2025-03-30 00:00:00,accepted,1
10722,861,4906,2025-01-20 00:00:00,2025-01-22 00:00:00,accepted,1
10723,860,4906,2025-03-19 00:00:00,2025-03-27 00:00:00,accepted,1
10724,2035,3857,2025-07-31 00:00:00,2025-08-16 00:00:00,rejected,1
10725,1089,3857,2024-11-20 00:00:00,,pending,1
10726,3118,1894,2025-03-01 00:00:00,2025-03-14 00:00:00,accepted,1
10727,727,1894,2025-07-03 00:00:00,2025-07-11 00:00:00,rejected,1
10728,3140,1894,2025-12-05 00:00:00,,pending,1
10729,1201,1894,2025-11-05 00:00:00,2025-11-23 00:00:00,accepted,1
10730,3087,3889,2024-07-14 00:00:00,,pending,1
10731,1638,3889,2025-07-08 00:00:00,2025-07-23 00:00:00,canceled,1
10732,1116,3889,2025-10-30 00:00:00,,pending,1
10733,2979,2994,2025-01-04 00:00:00,2025-01-20 00:00:00,accepted,1
10734,3077,2994,2025-04-25 00:00:00,2025-05-04 00:00:00,accepted,1
10735,816,4700,2025-04-23 00:00:00,,pending,1
10736,1459,4700,2024-12-08 00:00:00,2024-12-26 00:00:00,accepted,1
10737,1563,4700,2025-06-04 00:00:00,2025-06-15 00:00:00,rejected,1
10738,687,2967,2025-11-09 00:00:00,2025-11-15 00:00:00,accepted,1
10739,1152,2967,2025-09-25 00:00:00,2025-10-02 00:00:00,accepted,1
10740,1128,2967,2025-11-22 00:00:00,2025-11-29 00:00:00,accepted,1
10741,2833,3453,2025-06-09 00:00:00,,pending,1
10742,1665,3453,2025-07-31 00:00:00,2025-08-10 00:00:00,rejected,1
10743,952,2269,2024-09-18 00:00:00,2024-09-26 00:00:00,accepted,1
10744,1903,2269,2025-12-14 00:00:00,,pending,1
10745,5,2827,2025-06-17 00:00:00,,alerted,0
10746,1563,2827,2025-06-23 00:00:00,,pending,1
10747,2399,5044,2025-12-10 00:00:00,,pending,1
10748,863,5044,2025-08-05 00:00:00,2025-08-09 00:00:00,accepted,1
10749,891,2196,2025-07-09 00:00:00,2025-07-15 00:00:00,accepted,1
10750,2151,2196,2024-10-07 00:00:00,,pending,1
10751,248,1707,2025-06-24 00:00:00,,alerted,0
10752,675,1707,2025-12-18 00:00:00,2025-12-25 00:00:00,accepted,1
10753,1890,1707,2025-11-27 00:00:00,2025-12-04 00:00:00,canceled,1
10754,4,1707,2025-04-20 00:00:00,,alerted,0
10755,1774,4049,2025-10-19 00:00:00,2025-10-28 00:00:00,accepted,1
10756,758,4049,2025-07-17 00:00:00,2025-07-20 00:00:00,rejected,1
10757,2460,4049,2024-09-01 00:00:00,2024-09-04 00:00:00,accepted,1
10758,2463,2853,2024-10-13 00:00:00,2024-10-29 00:00:00,accepted,1
10759,1736,2853,2025-06-16 00:00:00,2025-06-19 00:00:00,accepted,1
10760,5,2857,2025-04-10 00:00:00,,alerted,0
10761,993,2857,2025-11-17 00:00:00,2025-12-04 00:00:00,canceled,1
10762,3016,2857,2025-08-13 00:00:00,,pending,1
10763,1665,1641,2025-08-22 00:00:00,,pending,1
10764,977,1641,2025-08-31 00:00:00,2025-09-01 00:00:00,accepted,1
10765,2020,4108,2025-05-09 00:00:00,2025-05-18 00:00:00,canceled,1
10766,1455,4108,2025-03-27 00:00:00,,pending,1
10767,475,2812,2024-11-05 00:00:00,2024-11-20 00:00:00,rejected,1
10768,2868,2812,2025-01-03 00:00:00,2025-01-08 00:00:00,canceled,1
10769,740,2812,2025-09-01 00:00:00,2025-09-05 00:00:00,accepted,1
10770,787,2812,2025-10-21 00:00:00,,pending,1
10771,806,3722,2025-08-13 00:00:00,2025-08-15 00:00:00,accepted,1
10772,2296,3722,2025-05-02 00:00:00,2025-05-16 00:00:00,rejected,1
10773,1861,1727,2025-10-12 00:00:00,,pending,1
10774,1043,1727,2025-11-11 00:00:00,2025-11-13 00:00:00,rejected,1
10775,989,1960,2025-08-06 00:00:00,2025-08-26 00:00:00,accepted,1
10776,462,1960,2025-09-09 00:00:00,2025-09-18 00:00:00,rejected,1
10777,1375,1960,2025-07-22 00:00:00,2025-08-05 00:00:00,accepted,1
10778,1555,1960,2025-08-07 00:00:00,2025-08-11 00:00:00,accepted,1
10779,197,4779,2025-07-07 00:00:00,,pending,1
10780,2833,4779,2025-05-08 00:00:00,2025-05-16 00:00:00,accepted,1
10781,956,4779,2025-07-20 00:00:00,2025-08-09 00:00:00,accepted,1
10782,2523,4779,2025-09-10 00:00:00,2025-09-25 00:00:00,canceled,1
10783,2806,1931,2024-08-05 00:00:00,,pending,1
10784,593,1931,2025-10-19 00:00:00,2025-10-26 00:00:00,accepted,1
10785,2171,1931,2025-02-13 00:00:00,2025-03-01 00:00:00,accepted,1
10787,2094,1863,2025-12-29 00:00:00,2026-01-07 00:00:00,rejected,1
10788,2656,1863,2025-09-10 00:00:00,2025-09-18 00:00:00,accepted,1
10789,1948,1863,2025-08-12 00:00:00,,pending,1
10790,2352,4467,2025-09-27 00:00:00,,pending,1
10791,1673,4467,2025-08-23 00:00:00,2025-09-10 00:00:00,accepted,1
10792,1469,4329,2025-08-10 00:00:00,2025-08-14 00:00:00,accepted,1
10793,853,4329,2025-09-27 00:00:00,,pending,1
10794,2309,1633,2024-04-28 00:00:00,2024-05-12 00:00:00,accepted,1
10795,1818,1633,2024-01-21 00:00:00,2024-02-06 00:00:00,accepted,1
10796,175,2413,2025-08-23 00:00:00,2025-09-04 00:00:00,accepted,1
10797,115,2413,2024-08-09 00:00:00,2024-08-28 00:00:00,accepted,1
10798,3120,2413,2025-09-10 00:00:00,,pending,1
10799,3060,2413,2025-10-16 00:00:00,2025-10-26 00:00:00,accepted,1
10800,459,3715,2024-04-30 00:00:00,,alerted,0
10801,2563,3715,2025-11-16 00:00:00,2025-11-26 00:00:00,rejected,1
10802,993,2477,2025-09-08 00:00:00,,pending,1
10803,816,2477,2025-05-20 00:00:00,2025-06-09 00:00:00,rejected,1
10805,459,2885,2024-06-13 00:00:00,,alerted,0
10806,1758,2885,2025-11-05 00:00:00,2025-11-07 00:00:00,accepted,1
10807,527,2885,2025-08-09 00:00:00,2025-08-13 00:00:00,rejected,1
10808,1414,1829,2025-11-14 00:00:00,,pending,1
10809,261,1829,2025-09-07 00:00:00,2025-09-15 00:00:00,accepted,1
10810,1509,3885,2025-07-14 00:00:00,2025-07-21 00:00:00,accepted,1
10811,101,3885,2025-09-16 00:00:00,2025-09-30 00:00:00,rejected,1
10812,2529,3885,2025-11-25 00:00:00,2025-11-26 00:00:00,accepted,1
10813,645,3885,2025-03-25 00:00:00,,alerted,0
10814,1879,3192,2024-10-11 00:00:00,,pending,1
10815,2226,3192,2025-09-05 00:00:00,2025-09-18 00:00:00,accepted,1
10816,720,2019,2025-10-19 00:00:00,2025-10-24 00:00:00,rejected,1
10817,2258,2019,2025-07-11 00:00:00,2025-07-20 00:00:00,accepted,1
10818,1058,2019,2024-09-07 00:00:00,2024-09-27 00:00:00,rejected,1
10819,1340,3354,2025-02-03 00:00:00,2025-02-13 00:00:00,canceled,1
10820,3021,3354,2025-06-11 00:00:00,2025-06-12 00:00:00,accepted,1
10821,645,5253,2025-05-20 00:00:00,,alerted,0
10822,2616,5253,2025-10-20 00:00:00,2025-11-01 00:00:00,accepted,1
10823,1750,5253,2025-10-27 00:00:00,2025-11-04 00:00:00,accepted,1
10824,1197,4485,2025-06-23 00:00:00,2025-07-07 00:00:00,accepted,1
10825,2832,4485,2025-11-15 00:00:00,2025-12-03 00:00:00,rejected,1
10826,591,4485,2025-04-25 00:00:00,2025-05-11 00:00:00,accepted,1
10827,2647,4531,2025-11-09 00:00:00,2025-11-17 00:00:00,accepted,1
10828,1516,4531,2025-12-25 00:00:00,,pending,1
10829,969,4531,2025-08-31 00:00:00,2025-09-02 00:00:00,rejected,1
10830,77,2856,2025-03-28 00:00:00,,pending,1
10831,1185,2856,2024-10-29 00:00:00,2024-11-03 00:00:00,rejected,1
10832,678,1549,2026-01-04 00:00:00,2026-01-19 00:00:00,accepted,1
10833,2843,1549,2025-05-01 00:00:00,2025-05-15 00:00:00,rejected,1
10834,1189,4388,2025-05-21 00:00:00,2025-06-09 00:00:00,rejected,1
10835,730,4388,2024-04-30 00:00:00,2024-05-16 00:00:00,rejected,1
10836,1826,4388,2025-09-26 00:00:00,2025-09-30 00:00:00,accepted,1
10837,1250,2539,2024-03-07 00:00:00,,pending,1
10838,710,2539,2025-10-04 00:00:00,2025-10-21 00:00:00,accepted,1
10839,1820,4734,2025-02-22 00:00:00,,pending,1
10840,617,4734,2025-12-10 00:00:00,,alerted,0
10841,2140,4429,2025-03-12 00:00:00,,pending,1
10842,2273,4429,2025-02-05 00:00:00,2025-02-06 00:00:00,accepted,1
10843,1893,3574,2025-10-23 00:00:00,2025-11-08 00:00:00,canceled,1
10844,2363,3574,2025-09-09 00:00:00,,pending,1
10845,1480,3574,2025-04-27 00:00:00,2025-05-11 00:00:00,canceled,1
10846,1456,4218,2025-07-12 00:00:00,2025-07-22 00:00:00,accepted,1
10847,2125,4218,2024-11-23 00:00:00,2024-11-29 00:00:00,canceled,1
10848,2847,4218,2025-10-28 00:00:00,,pending,1
10849,2251,1790,2025-05-01 00:00:00,2025-05-05 00:00:00,accepted,1
10850,1316,1790,2025-09-17 00:00:00,2025-09-30 00:00:00,canceled,1
10851,2828,3816,2026-01-09 00:00:00,,pending,1
10852,705,3816,2024-05-31 00:00:00,,pending,1
10854,2155,2630,2025-03-04 00:00:00,2025-03-22 00:00:00,rejected,1
10855,2907,2630,2025-09-21 00:00:00,2025-09-22 00:00:00,rejected,1
10856,446,2630,2024-07-10 00:00:00,,pending,1
10857,197,5096,2025-08-20 00:00:00,2025-08-30 00:00:00,accepted,1
10858,2833,5096,2025-07-06 00:00:00,2025-07-26 00:00:00,accepted,1
10859,2868,5096,2024-12-26 00:00:00,,pending,1
10860,2768,5096,2025-12-31 00:00:00,2026-01-09 00:00:00,accepted,1
10861,2562,3322,2025-12-08 00:00:00,2025-12-12 00:00:00,accepted,1
10862,1534,3322,2025-05-21 00:00:00,,pending,1
10863,769,4232,2025-10-08 00:00:00,,pending,1
10864,1605,4232,2025-09-23 00:00:00,2025-10-13 00:00:00,accepted,1
10865,817,4172,2025-03-04 00:00:00,2025-03-05 00:00:00,canceled,1
10866,2944,4172,2025-07-16 00:00:00,2025-08-04 00:00:00,accepted,1
10867,678,4172,2025-11-03 00:00:00,2025-11-16 00:00:00,rejected,1
10868,140,2134,2024-05-20 00:00:00,,pending,1
10869,264,2134,2025-11-19 00:00:00,,alerted,0
10870,887,4255,2025-09-23 00:00:00,,pending,1
10871,933,4255,2025-06-30 00:00:00,2025-07-03 00:00:00,accepted,1
10872,2907,3195,2025-08-06 00:00:00,2025-08-13 00:00:00,accepted,1
10873,2026,3195,2024-10-17 00:00:00,2024-10-23 00:00:00,accepted,1
10874,629,3195,2025-09-22 00:00:00,2025-10-01 00:00:00,accepted,1
10876,2798,1559,2024-11-14 00:00:00,2024-11-22 00:00:00,accepted,1
10877,1352,1559,2025-04-09 00:00:00,,pending,1
10878,1399,1559,2024-08-18 00:00:00,,pending,1
10879,978,1559,2025-02-01 00:00:00,2025-02-20 00:00:00,accepted,1
10880,642,4939,2025-12-18 00:00:00,2025-12-23 00:00:00,accepted,1
10881,1818,4939,2024-01-16 00:00:00,,pending,1
10882,1375,4939,2025-06-09 00:00:00,2025-06-25 00:00:00,accepted,1
10883,3008,4939,2025-10-20 00:00:00,,pending,1
10884,3037,3984,2025-07-13 00:00:00,,pending,1
10885,1784,3984,2025-05-05 00:00:00,2025-05-20 00:00:00,rejected,1
10886,459,3984,2024-04-30 00:00:00,,alerted,0
10887,1305,5465,2025-09-17 00:00:00,2025-09-20 00:00:00,accepted,1
10888,1474,5465,2025-09-25 00:00:00,2025-10-06 00:00:00,accepted,1
10889,2533,5465,2024-06-18 00:00:00,2024-06-28 00:00:00,accepted,1
10890,2868,4774,2025-02-03 00:00:00,,pending,1
10891,2258,4774,2025-06-24 00:00:00,2025-06-28 00:00:00,accepted,1
10892,350,4909,2025-05-17 00:00:00,,pending,1
10893,459,4909,2024-05-21 00:00:00,,alerted,0
10894,2063,3168,2024-05-27 00:00:00,,pending,1
10895,603,3168,2025-01-07 00:00:00,,pending,1
10896,705,3168,2024-06-17 00:00:00,2024-07-04 00:00:00,accepted,1
10897,1369,3168,2025-10-19 00:00:00,2025-11-02 00:00:00,rejected,1
10898,1050,4364,2024-03-09 00:00:00,2024-03-21 00:00:00,accepted,1
10899,989,4364,2025-10-05 00:00:00,2025-10-23 00:00:00,accepted,1
10900,986,2588,2025-10-09 00:00:00,2025-10-15 00:00:00,canceled,1
10901,5,2588,2025-05-04 00:00:00,,alerted,0
10902,4,2588,2025-04-07 00:00:00,,alerted,0
10903,1533,2683,2025-06-09 00:00:00,2025-06-10 00:00:00,rejected,1
10904,1455,2683,2025-05-11 00:00:00,2025-05-16 00:00:00,accepted,1
10905,2215,1799,2025-09-25 00:00:00,,pending,1
10906,2171,1799,2025-02-10 00:00:00,2025-02-23 00:00:00,accepted,1
10907,2289,3183,2024-11-09 00:00:00,,pending,1
10908,2351,3183,2025-08-05 00:00:00,,pending,1
10909,2291,3183,2025-07-12 00:00:00,2025-07-25 00:00:00,rejected,1
10910,977,4614,2025-08-04 00:00:00,,pending,1
10911,2833,4614,2025-05-22 00:00:00,2025-05-30 00:00:00,canceled,1
10912,197,4614,2025-08-02 00:00:00,2025-08-21 00:00:00,accepted,1
10913,1576,5046,2025-04-24 00:00:00,,pending,1
10914,1469,5046,2025-06-21 00:00:00,2025-07-01 00:00:00,rejected,1
10915,23,4351,2025-04-09 00:00:00,2025-04-21 00:00:00,accepted,1
10916,2535,4351,2025-03-05 00:00:00,2025-03-25 00:00:00,canceled,1
10917,1100,3023,2025-12-09 00:00:00,2025-12-24 00:00:00,canceled,1
10918,312,3023,2024-08-03 00:00:00,,pending,1
10919,281,3622,2025-10-18 00:00:00,2025-10-19 00:00:00,accepted,1
10920,438,3622,2025-12-17 00:00:00,2025-12-24 00:00:00,accepted,1
10921,2886,3622,2025-03-14 00:00:00,2025-03-19 00:00:00,accepted,1
10923,1796,4903,2024-10-29 00:00:00,,pending,1
10924,1062,4903,2025-10-06 00:00:00,,pending,1
10925,1758,4903,2025-10-23 00:00:00,2025-10-30 00:00:00,rejected,1
10926,781,1574,2025-09-06 00:00:00,2025-09-10 00:00:00,rejected,1
10927,1156,1574,2025-03-30 00:00:00,,pending,1
10928,197,2855,2025-09-20 00:00:00,,pending,1
10929,956,2855,2025-08-18 00:00:00,2025-09-04 00:00:00,accepted,1
10930,2197,2855,2025-09-09 00:00:00,2025-09-23 00:00:00,accepted,1
10931,977,2855,2025-07-29 00:00:00,2025-08-02 00:00:00,accepted,1
10932,977,4083,2025-09-15 00:00:00,,pending,1
10933,2833,4083,2025-06-26 00:00:00,,pending,1
10934,2955,2418,2025-03-20 00:00:00,2025-03-31 00:00:00,rejected,1
10935,133,2418,2024-09-15 00:00:00,2024-10-05 00:00:00,accepted,1
10936,769,2418,2025-10-06 00:00:00,,pending,1
10937,248,3055,2025-06-14 00:00:00,,alerted,0
10938,3170,3055,2025-03-05 00:00:00,2025-03-12 00:00:00,accepted,1
10939,1816,3055,2024-11-09 00:00:00,,pending,1
10940,795,5403,2024-07-10 00:00:00,2024-07-28 00:00:00,accepted,1
10941,816,5403,2025-02-24 00:00:00,2025-03-10 00:00:00,accepted,1
10942,1414,2157,2025-10-01 00:00:00,,pending,1
10943,101,2157,2025-09-10 00:00:00,2025-09-16 00:00:00,canceled,1
10944,424,5273,2025-07-22 00:00:00,2025-08-01 00:00:00,rejected,1
10945,1677,5273,2024-07-16 00:00:00,2024-08-01 00:00:00,accepted,1
10946,2235,5273,2025-11-30 00:00:00,2025-12-07 00:00:00,canceled,1
10947,3120,4883,2025-06-26 00:00:00,,pending,1
10948,816,4883,2025-05-09 00:00:00,2025-05-13 00:00:00,accepted,1
10949,678,4883,2025-12-13 00:00:00,,pending,1
10950,2125,1999,2024-12-08 00:00:00,2024-12-09 00:00:00,accepted,1
10951,925,1999,2024-07-09 00:00:00,2024-07-23 00:00:00,accepted,1
10952,322,2209,2024-10-05 00:00:00,2024-10-24 00:00:00,accepted,1
10953,2542,2209,2024-09-16 00:00:00,2024-09-21 00:00:00,accepted,1
10954,2197,2209,2025-09-23 00:00:00,,pending,1
10955,1393,1602,2025-09-06 00:00:00,2025-09-18 00:00:00,accepted,1
10956,3132,1602,2024-06-21 00:00:00,2024-06-22 00:00:00,accepted,1
10957,488,1602,2025-06-17 00:00:00,,pending,1
10958,5,2738,2025-05-31 00:00:00,,alerted,0
10959,364,2738,2025-09-25 00:00:00,,pending,1
10960,248,2738,2025-07-08 00:00:00,,alerted,0
10961,1915,4406,2025-12-01 00:00:00,2025-12-12 00:00:00,accepted,1
10962,2636,4406,2025-01-20 00:00:00,2025-01-22 00:00:00,accepted,1
10963,1043,4435,2025-10-07 00:00:00,2025-10-16 00:00:00,rejected,1
10964,2546,4435,2025-06-22 00:00:00,2025-07-05 00:00:00,rejected,1
10965,628,3561,2025-11-03 00:00:00,,pending,1
10966,2972,3561,2025-07-26 00:00:00,2025-08-05 00:00:00,rejected,1
10967,642,3561,2025-11-17 00:00:00,2025-11-21 00:00:00,rejected,1
10968,1039,3561,2025-10-06 00:00:00,2025-10-15 00:00:00,rejected,1
10969,3053,3590,2025-11-07 00:00:00,2025-11-09 00:00:00,accepted,1
10970,1062,3590,2025-08-30 00:00:00,2025-09-04 00:00:00,accepted,1
10971,1895,2414,2025-05-26 00:00:00,2025-05-27 00:00:00,accepted,1
10972,2151,2414,2024-10-02 00:00:00,2024-10-07 00:00:00,accepted,1
10973,2440,2746,2024-11-10 00:00:00,2024-11-20 00:00:00,rejected,1
10974,1231,2746,2024-11-18 00:00:00,,pending,1
10975,2108,2746,2025-10-05 00:00:00,2025-10-21 00:00:00,accepted,1
10976,2625,4341,2026-01-08 00:00:00,2026-01-10 00:00:00,rejected,1
10977,2363,4341,2025-09-08 00:00:00,,pending,1
10978,747,1510,2025-07-05 00:00:00,2025-07-17 00:00:00,accepted,1
10979,642,1510,2025-10-15 00:00:00,2025-10-27 00:00:00,accepted,1
10980,2718,1510,2025-12-21 00:00:00,2025-12-30 00:00:00,rejected,1
10981,956,5152,2025-07-28 00:00:00,2025-08-11 00:00:00,accepted,1
10982,2361,5152,2025-11-23 00:00:00,2025-12-09 00:00:00,accepted,1
10983,476,5152,2025-06-05 00:00:00,2025-06-14 00:00:00,canceled,1
10984,1747,3615,2025-11-30 00:00:00,2025-12-08 00:00:00,accepted,1
10985,1378,3615,2024-09-16 00:00:00,2024-10-06 00:00:00,canceled,1
10986,2344,3615,2024-11-19 00:00:00,,pending,1
10987,1720,3615,2025-08-03 00:00:00,2025-08-22 00:00:00,accepted,1
10988,5,3783,2025-04-16 00:00:00,,alerted,0
10989,1109,3783,2025-04-14 00:00:00,2025-04-15 00:00:00,accepted,1
10990,1,3799,2025-09-30 00:00:00,,pending,1
10991,774,3799,2024-07-02 00:00:00,,pending,1
10992,2758,1820,2025-09-11 00:00:00,2025-09-29 00:00:00,rejected,1
10993,747,1820,2025-07-14 00:00:00,,pending,1
10994,989,2984,2025-08-10 00:00:00,2025-08-13 00:00:00,rejected,1
10995,462,2984,2025-09-03 00:00:00,2025-09-18 00:00:00,accepted,1
10996,3175,2984,2025-10-11 00:00:00,,pending,1
10997,1345,2064,2025-07-27 00:00:00,,pending,1
10998,2387,2064,2025-10-09 00:00:00,2025-10-21 00:00:00,canceled,1
10999,1267,2064,2024-12-01 00:00:00,2024-12-04 00:00:00,accepted,1
11000,2591,3512,2025-02-23 00:00:00,2025-03-12 00:00:00,rejected,1
11001,2771,3512,2025-06-12 00:00:00,2025-06-24 00:00:00,canceled,1
11002,2209,3512,2024-11-06 00:00:00,2024-11-16 00:00:00,accepted,1
11003,1533,2334,2025-06-18 00:00:00,2025-06-27 00:00:00,rejected,1
11004,43,2334,2025-11-22 00:00:00,,pending,1
11005,1185,5344,2024-10-26 00:00:00,2024-11-03 00:00:00,accepted,1
11006,2282,5344,2025-09-17 00:00:00,,pending,1
11007,678,2083,2025-11-23 00:00:00,2025-12-13 00:00:00,canceled,1
11008,1128,2083,2025-11-21 00:00:00,2025-12-09 00:00:00,rejected,1
11009,3123,2083,2025-11-21 00:00:00,2025-11-22 00:00:00,rejected,1
11010,1374,4597,2025-01-03 00:00:00,,pending,1
11011,749,4597,2025-06-24 00:00:00,2025-07-04 00:00:00,accepted,1
11012,2117,4597,2025-10-27 00:00:00,2025-11-05 00:00:00,accepted,1
11013,647,5381,2025-05-03 00:00:00,2025-05-22 00:00:00,accepted,1
11014,781,5381,2025-08-23 00:00:00,2025-08-30 00:00:00,accepted,1
11015,1978,5381,2025-06-02 00:00:00,,pending,1
11016,646,5381,2025-05-06 00:00:00,2025-05-21 00:00:00,accepted,1
11017,475,2300,2024-10-13 00:00:00,,pending,1
11018,322,2300,2024-09-06 00:00:00,2024-09-16 00:00:00,accepted,1
11019,674,4123,2025-05-24 00:00:00,2025-05-29 00:00:00,accepted,1
11020,21,4123,2025-04-25 00:00:00,2025-04-26 00:00:00,rejected,1
11021,846,4123,2025-11-17 00:00:00,2025-11-18 00:00:00,accepted,1
11022,1490,3069,2025-11-09 00:00:00,,pending,1
11023,2305,3069,2025-08-26 00:00:00,,pending,1
11024,2810,3069,2025-06-24 00:00:00,2025-06-27 00:00:00,accepted,1
11025,2267,3069,2025-03-20 00:00:00,,pending,1
11026,2868,4940,2025-01-23 00:00:00,,pending,1
11027,720,4940,2025-10-07 00:00:00,2025-10-25 00:00:00,accepted,1
11028,475,4940,2024-09-15 00:00:00,2024-09-17 00:00:00,rejected,1
11029,1058,4940,2024-09-01 00:00:00,2024-09-19 00:00:00,accepted,1
11030,897,2681,2025-11-02 00:00:00,,pending,1
11031,1802,2681,2025-09-09 00:00:00,2025-09-13 00:00:00,rejected,1
11032,1959,1946,2025-01-05 00:00:00,2025-01-13 00:00:00,accepted,1
11033,122,1946,2026-01-07 00:00:00,,pending,1
11034,2785,4860,2025-08-23 00:00:00,2025-09-07 00:00:00,rejected,1
11035,2489,4860,2025-09-22 00:00:00,,pending,1
11036,774,2381,2024-06-27 00:00:00,2024-07-01 00:00:00,rejected,1
11037,1,2381,2025-10-17 00:00:00,,pending,1
11038,466,3391,2025-12-25 00:00:00,,pending,1
11039,2236,3391,2025-11-15 00:00:00,,pending,1
11040,623,3391,2025-03-31 00:00:00,2025-04-11 00:00:00,accepted,1
11041,2718,3839,2025-12-06 00:00:00,2025-12-19 00:00:00,accepted,1
11042,1821,3839,2025-06-17 00:00:00,,pending,1
11043,2798,2959,2024-10-11 00:00:00,,pending,1
11044,967,2959,2025-04-11 00:00:00,,alerted,0
11045,167,4821,2025-09-30 00:00:00,2025-10-08 00:00:00,accepted,1
11046,2909,4821,2024-07-09 00:00:00,2024-07-12 00:00:00,canceled,1
11047,411,4821,2025-03-06 00:00:00,2025-03-25 00:00:00,accepted,1
11048,2996,3171,2025-03-15 00:00:00,2025-03-19 00:00:00,accepted,1
11049,779,3171,2025-05-26 00:00:00,,pending,1
11050,140,3547,2024-05-29 00:00:00,,pending,1
11051,2168,3547,2025-09-23 00:00:00,2025-10-11 00:00:00,rejected,1
11052,754,4787,2025-04-26 00:00:00,2025-04-30 00:00:00,accepted,1
11053,2853,4787,2025-12-13 00:00:00,2025-12-18 00:00:00,canceled,1
11054,979,3893,2025-02-13 00:00:00,2025-03-03 00:00:00,rejected,1
11055,2037,3893,2025-10-08 00:00:00,,pending,1
11056,1156,2927,2025-03-12 00:00:00,,pending,1
11057,2671,2927,2025-09-12 00:00:00,2025-09-18 00:00:00,canceled,1
11058,2540,2315,2024-08-19 00:00:00,2024-08-26 00:00:00,accepted,1
11059,2168,2315,2025-09-09 00:00:00,,pending,1
11060,1043,2315,2025-12-21 00:00:00,,pending,1
11061,730,2567,2024-04-06 00:00:00,2024-04-26 00:00:00,accepted,1
11062,2160,2567,2025-11-09 00:00:00,,pending,1
11063,1189,2567,2025-05-19 00:00:00,,pending,1
11064,1576,1843,2025-06-02 00:00:00,2025-06-07 00:00:00,accepted,1
11065,1469,1843,2025-06-08 00:00:00,,pending,1
11066,426,4198,2025-08-18 00:00:00,2025-08-24 00:00:00,rejected,1
11067,698,4198,2025-05-01 00:00:00,2025-05-16 00:00:00,canceled,1
11068,33,4198,2025-07-31 00:00:00,,pending,1
11069,308,4198,2025-12-22 00:00:00,2026-01-04 00:00:00,rejected,1
11070,2769,4194,2024-12-02 00:00:00,,pending,1
11071,1552,4194,2025-05-13 00:00:00,2025-05-20 00:00:00,accepted,1
11072,1314,4194,2025-03-11 00:00:00,,pending,1
11073,2462,4487,2025-09-22 00:00:00,2025-10-12 00:00:00,accepted,1
11074,2768,4487,2025-10-20 00:00:00,,pending,1
11075,3089,4487,2025-12-15 00:00:00,2025-12-24 00:00:00,accepted,1
11076,1179,1810,2025-03-21 00:00:00,,pending,1
11077,2052,1810,2025-05-10 00:00:00,2025-05-11 00:00:00,rejected,1
11078,3132,4534,2024-06-13 00:00:00,2024-06-26 00:00:00,canceled,1
11079,488,4534,2025-08-07 00:00:00,2025-08-27 00:00:00,accepted,1
11080,747,4534,2025-06-09 00:00:00,,pending,1
11081,2360,4023,2025-11-04 00:00:00,2025-11-10 00:00:00,accepted,1
11083,2489,4023,2025-10-10 00:00:00,,pending,1
11084,1983,4023,2025-10-17 00:00:00,2025-10-26 00:00:00,rejected,1
11085,773,1970,2025-12-16 00:00:00,,pending,1
11086,1459,1970,2024-11-13 00:00:00,,pending,1
11087,1563,1970,2025-08-13 00:00:00,2025-09-01 00:00:00,accepted,1
11088,658,3199,2025-05-03 00:00:00,,alerted,0
11089,2159,3199,2025-12-30 00:00:00,,alerted,0
11090,248,4410,2025-08-13 00:00:00,,alerted,0
11091,993,4410,2025-09-20 00:00:00,2025-09-21 00:00:00,accepted,1
11092,1459,4410,2024-10-03 00:00:00,2024-10-16 00:00:00,canceled,1
11093,2616,2972,2025-10-06 00:00:00,2025-10-16 00:00:00,canceled,1
11094,1750,2972,2025-10-24 00:00:00,2025-11-10 00:00:00,accepted,1
11095,617,2972,2025-12-05 00:00:00,,alerted,0
11096,309,2972,2025-12-05 00:00:00,,pending,1
11097,2868,2574,2025-02-06 00:00:00,2025-02-24 00:00:00,accepted,1
11098,956,2574,2025-07-30 00:00:00,2025-08-09 00:00:00,accepted,1
11099,221,2574,2024-04-13 00:00:00,2024-04-15 00:00:00,accepted,1
11100,2503,3607,2025-12-19 00:00:00,2026-01-08 00:00:00,accepted,1
11101,3109,3607,2024-09-30 00:00:00,2024-10-06 00:00:00,accepted,1
11102,2862,3607,2025-11-14 00:00:00,,pending,1
11103,322,3607,2024-08-26 00:00:00,2024-08-29 00:00:00,canceled,1
11104,2833,3245,2025-06-21 00:00:00,2025-07-01 00:00:00,accepted,1
11105,2768,3245,2026-01-09 00:00:00,,pending,1
11106,197,3245,2025-07-16 00:00:00,,pending,1
11107,1415,1930,2025-10-11 00:00:00,2025-10-30 00:00:00,canceled,1
11108,588,1930,2025-08-17 00:00:00,2025-08-18 00:00:00,accepted,1
11109,2151,4918,2024-10-16 00:00:00,2024-10-17 00:00:00,accepted,1
11110,687,4918,2025-11-28 00:00:00,,pending,1
11111,1460,4918,2025-01-10 00:00:00,,pending,1
11112,925,4907,2024-07-12 00:00:00,2024-07-15 00:00:00,accepted,1
11113,3060,4907,2025-07-31 00:00:00,,pending,1
11114,3173,4907,2025-10-13 00:00:00,2025-10-20 00:00:00,canceled,1
11115,3173,1978,2025-08-04 00:00:00,2025-08-05 00:00:00,rejected,1
11116,925,1978,2024-07-20 00:00:00,,pending,1
11117,2264,2116,2025-10-27 00:00:00,2025-11-03 00:00:00,accepted,1
11118,2691,2116,2025-06-24 00:00:00,2025-07-12 00:00:00,rejected,1
11119,2171,2116,2025-02-11 00:00:00,2025-03-02 00:00:00,rejected,1
11120,2046,2592,2025-04-15 00:00:00,2025-04-28 00:00:00,accepted,1
11121,3088,2592,2025-07-26 00:00:00,,pending,1
11122,233,2592,2025-11-16 00:00:00,2025-11-28 00:00:00,accepted,1
11123,956,2029,2025-07-06 00:00:00,2025-07-24 00:00:00,accepted,1
11124,2914,2029,2025-10-01 00:00:00,2025-10-16 00:00:00,accepted,1
11125,2535,4607,2025-03-02 00:00:00,,pending,1
11126,1095,4607,2025-08-13 00:00:00,2025-08-29 00:00:00,rejected,1
11127,5,2325,2025-04-10 00:00:00,,alerted,0
11128,248,2325,2025-06-09 00:00:00,,alerted,0
11129,956,1729,2025-06-12 00:00:00,2025-06-28 00:00:00,accepted,1
11130,1593,1729,2025-08-04 00:00:00,,pending,1
11131,3048,1504,2025-11-10 00:00:00,,pending,1
11132,1009,1504,2025-10-29 00:00:00,2025-11-12 00:00:00,accepted,1
11133,192,1504,2025-11-30 00:00:00,2025-12-11 00:00:00,canceled,1
11134,710,3672,2025-08-12 00:00:00,,pending,1
11135,1794,3672,2025-08-08 00:00:00,,pending,1
11136,817,3470,2025-04-07 00:00:00,,pending,1
11137,3124,3470,2025-09-27 00:00:00,2025-09-30 00:00:00,accepted,1
11138,1924,3470,2025-12-26 00:00:00,,pending,1
11139,2242,3470,2025-05-22 00:00:00,2025-06-03 00:00:00,accepted,1
11140,956,5060,2025-08-10 00:00:00,,pending,1
11141,2914,5060,2025-11-03 00:00:00,2025-11-19 00:00:00,accepted,1
11142,553,5060,2025-12-06 00:00:00,2025-12-17 00:00:00,accepted,1
11143,1081,4970,2024-07-24 00:00:00,,pending,1
11144,347,4970,2024-09-05 00:00:00,,alerted,0
11145,719,3000,2025-07-29 00:00:00,2025-07-30 00:00:00,accepted,1
11146,1359,3000,2025-05-30 00:00:00,2025-06-13 00:00:00,accepted,1
11147,1417,5481,2025-11-13 00:00:00,2025-11-28 00:00:00,rejected,1
11148,2086,5481,2025-07-19 00:00:00,2025-07-23 00:00:00,accepted,1
11149,1563,5481,2025-06-05 00:00:00,2025-06-09 00:00:00,canceled,1
11150,10,4864,2025-01-05 00:00:00,2025-01-19 00:00:00,canceled,1
11151,710,4864,2025-09-29 00:00:00,,pending,1
11152,101,4864,2025-07-16 00:00:00,,pending,1
11153,2793,4864,2025-09-04 00:00:00,2025-09-12 00:00:00,accepted,1
11154,2671,4362,2025-11-17 00:00:00,2025-11-29 00:00:00,canceled,1
11155,2530,4362,2025-10-06 00:00:00,2025-10-25 00:00:00,accepted,1
11156,530,2600,2025-11-25 00:00:00,,alerted,0
11157,2907,2600,2025-09-20 00:00:00,,pending,1
11158,1414,1854,2025-10-22 00:00:00,,pending,1
11159,1050,1854,2024-04-15 00:00:00,2024-05-01 00:00:00,accepted,1
11160,261,1854,2025-09-20 00:00:00,2025-09-22 00:00:00,accepted,1
11161,2671,5439,2025-09-10 00:00:00,2025-09-25 00:00:00,accepted,1
11162,1250,5439,2024-04-21 00:00:00,2024-04-29 00:00:00,accepted,1
11163,3033,4011,2025-01-03 00:00:00,,pending,1
11164,2052,4011,2025-04-11 00:00:00,2025-04-15 00:00:00,accepted,1
11165,3053,4011,2025-11-15 00:00:00,2025-11-29 00:00:00,accepted,1
11166,2303,5140,2024-11-28 00:00:00,2024-12-13 00:00:00,accepted,1
11167,2171,5140,2025-02-24 00:00:00,2025-03-07 00:00:00,accepted,1
11168,2264,5140,2025-10-14 00:00:00,2025-10-27 00:00:00,canceled,1
11169,2806,5140,2024-09-13 00:00:00,2024-09-28 00:00:00,accepted,1
11170,2981,2312,2025-02-24 00:00:00,2025-03-12 00:00:00,accepted,1
11171,853,2312,2025-08-24 00:00:00,2025-09-01 00:00:00,rejected,1
11172,1991,2312,2024-07-26 00:00:00,,pending,1
11173,2893,2312,2025-08-25 00:00:00,2025-09-12 00:00:00,accepted,1
11174,1227,2093,2025-02-07 00:00:00,2025-02-08 00:00:00,accepted,1
11175,1217,2093,2025-02-22 00:00:00,,alerted,0
11176,1366,2093,2025-11-26 00:00:00,2025-11-30 00:00:00,accepted,1
11177,1528,2390,2025-04-13 00:00:00,2025-05-03 00:00:00,rejected,1
11178,2094,2390,2025-12-27 00:00:00,2026-01-09 00:00:00,accepted,1
11179,2298,2390,2025-11-27 00:00:00,2025-11-30 00:00:00,accepted,1
11180,426,4543,2025-07-12 00:00:00,,pending,1
11181,2878,4543,2025-12-11 00:00:00,2025-12-24 00:00:00,accepted,1
11182,1745,3572,2025-12-03 00:00:00,2025-12-13 00:00:00,rejected,1
11183,459,3572,2024-05-30 00:00:00,,alerted,0
11184,810,3572,2025-08-02 00:00:00,2025-08-07 00:00:00,canceled,1
11187,327,1551,2025-07-16 00:00:00,2025-07-23 00:00:00,accepted,1
11188,2955,1551,2025-02-03 00:00:00,,pending,1
11189,1882,1551,2025-03-31 00:00:00,2025-04-15 00:00:00,accepted,1
11192,842,1808,2025-05-25 00:00:00,,pending,1
11193,475,1808,2024-10-04 00:00:00,2024-10-09 00:00:00,accepted,1
11194,2868,1808,2025-02-03 00:00:00,,pending,1
11195,2845,4296,2025-10-10 00:00:00,2025-10-28 00:00:00,accepted,1
11196,2291,4296,2025-06-28 00:00:00,,pending,1
11197,719,4296,2025-09-25 00:00:00,2025-09-30 00:00:00,rejected,1
11198,856,3496,2025-06-12 00:00:00,,pending,1
11199,148,3496,2025-11-19 00:00:00,,pending,1
11200,2403,3496,2025-04-17 00:00:00,,pending,1
11201,3020,4328,2025-12-10 00:00:00,,pending,1
11202,600,4328,2025-05-13 00:00:00,2025-05-14 00:00:00,accepted,1
11203,569,1738,2025-11-18 00:00:00,2025-11-19 00:00:00,canceled,1
11204,1907,1738,2025-11-04 00:00:00,2025-11-08 00:00:00,accepted,1
11205,2058,3446,2025-10-30 00:00:00,2025-11-11 00:00:00,accepted,1
11206,1566,3446,2025-12-12 00:00:00,,pending,1
11207,2576,3446,2025-09-28 00:00:00,2025-10-02 00:00:00,accepted,1
11208,2970,3446,2025-12-01 00:00:00,2025-12-04 00:00:00,rejected,1
11209,2671,2663,2025-09-16 00:00:00,,pending,1
11210,261,2663,2025-07-16 00:00:00,2025-07-30 00:00:00,accepted,1
11211,2722,2663,2025-03-11 00:00:00,,pending,1
11212,1189,3515,2025-05-14 00:00:00,2025-05-31 00:00:00,accepted,1
11213,730,3515,2024-05-05 00:00:00,,pending,1
11214,2687,2931,2024-04-30 00:00:00,2024-05-06 00:00:00,rejected,1
11215,732,2931,2025-09-30 00:00:00,2025-10-09 00:00:00,canceled,1
11216,993,2931,2025-09-11 00:00:00,,pending,1
11217,248,2931,2025-06-01 00:00:00,,alerted,0
11218,1750,4411,2025-11-17 00:00:00,2025-11-21 00:00:00,rejected,1
11219,645,4411,2025-04-07 00:00:00,,alerted,0
11220,2026,4411,2024-11-08 00:00:00,2024-11-27 00:00:00,accepted,1
11221,2926,3794,2025-08-28 00:00:00,2025-09-02 00:00:00,accepted,1
11222,1459,3794,2024-10-16 00:00:00,2024-11-05 00:00:00,accepted,1
11223,95,3794,2024-06-03 00:00:00,2024-06-23 00:00:00,accepted,1
11224,861,1817,2025-03-26 00:00:00,2025-04-14 00:00:00,accepted,1
11225,3031,1817,2025-11-07 00:00:00,2025-11-20 00:00:00,accepted,1
11226,1105,1817,2025-10-21 00:00:00,2025-11-06 00:00:00,accepted,1
11227,1802,1817,2025-10-25 00:00:00,2025-11-05 00:00:00,accepted,1
11228,1840,2213,2024-05-20 00:00:00,2024-05-30 00:00:00,rejected,1
11229,1284,2213,2025-06-06 00:00:00,2025-06-12 00:00:00,accepted,1
11230,1397,2613,2025-11-03 00:00:00,2025-11-17 00:00:00,accepted,1
11231,20,2613,2025-03-21 00:00:00,2025-03-23 00:00:00,accepted,1
11232,1289,2424,2025-06-04 00:00:00,,pending,1
11233,1265,2424,2024-10-31 00:00:00,2024-11-14 00:00:00,accepted,1
11234,2299,2424,2025-10-07 00:00:00,,pending,1
11235,1551,2424,2025-03-28 00:00:00,2025-04-17 00:00:00,accepted,1
11236,754,3442,2025-03-24 00:00:00,2025-04-12 00:00:00,rejected,1
11237,1270,3442,2025-12-13 00:00:00,2025-12-22 00:00:00,accepted,1
11238,2181,4573,2024-12-12 00:00:00,,pending,1
11239,1741,4573,2025-12-23 00:00:00,,pending,1
11240,930,3586,2025-10-08 00:00:00,2025-10-13 00:00:00,rejected,1
11241,1201,3586,2025-10-16 00:00:00,2025-10-19 00:00:00,accepted,1
11242,1273,3586,2024-11-07 00:00:00,2024-11-11 00:00:00,accepted,1
11243,2996,4374,2025-04-19 00:00:00,2025-04-26 00:00:00,rejected,1
11244,645,4374,2025-04-16 00:00:00,,alerted,0
11245,1375,4374,2025-07-19 00:00:00,,pending,1
11246,2344,4374,2024-11-27 00:00:00,2024-12-02 00:00:00,accepted,1
11247,2000,4512,2025-07-01 00:00:00,2025-07-05 00:00:00,rejected,1
11248,1560,4512,2025-06-07 00:00:00,,pending,1
11249,1148,3569,2025-09-16 00:00:00,2025-09-26 00:00:00,accepted,1
11250,3193,3569,2025-05-28 00:00:00,2025-06-12 00:00:00,accepted,1
11251,1242,3569,2025-05-23 00:00:00,2025-06-01 00:00:00,accepted,1
11252,1509,5176,2025-08-16 00:00:00,2025-08-29 00:00:00,rejected,1
11253,2621,5176,2025-11-12 00:00:00,2025-11-18 00:00:00,accepted,1
11254,2527,5232,2025-07-21 00:00:00,2025-07-22 00:00:00,accepted,1
11255,38,5232,2024-09-23 00:00:00,,alerted,0
11256,1546,3835,2025-06-27 00:00:00,2025-07-17 00:00:00,accepted,1
11257,2171,3835,2025-04-03 00:00:00,,pending,1
11258,735,3835,2025-09-19 00:00:00,2025-10-09 00:00:00,accepted,1
11259,2836,2056,2025-10-30 00:00:00,,pending,1
11260,197,2056,2025-09-04 00:00:00,2025-09-23 00:00:00,accepted,1
11261,717,2056,2025-10-20 00:00:00,,pending,1
11262,136,5203,2025-06-19 00:00:00,2025-07-06 00:00:00,canceled,1
11263,2090,5203,2025-08-30 00:00:00,,pending,1
11264,1929,5203,2025-04-11 00:00:00,,pending,1
11265,2683,5203,2025-12-22 00:00:00,2026-01-07 00:00:00,accepted,1
11266,261,3772,2025-07-27 00:00:00,2025-08-11 00:00:00,rejected,1
11267,2722,3772,2025-03-08 00:00:00,2025-03-18 00:00:00,rejected,1
11268,2671,3772,2025-09-14 00:00:00,,pending,1
11269,2373,3157,2025-03-24 00:00:00,2025-03-26 00:00:00,accepted,1
11270,1513,3157,2024-06-20 00:00:00,2024-07-08 00:00:00,accepted,1
11271,3014,3157,2025-06-11 00:00:00,,pending,1
11272,2822,4566,2025-02-25 00:00:00,2025-02-27 00:00:00,accepted,1
11273,860,4566,2025-04-04 00:00:00,2025-04-20 00:00:00,accepted,1
11274,967,4566,2025-02-20 00:00:00,,alerted,0
11275,2993,4566,2024-03-16 00:00:00,,pending,1
11276,1820,4308,2025-02-19 00:00:00,2025-02-22 00:00:00,accepted,1
11277,1308,4308,2025-10-12 00:00:00,2025-10-27 00:00:00,rejected,1
11278,1536,3926,2025-07-18 00:00:00,,pending,1
11279,2614,3926,2024-12-18 00:00:00,2025-01-03 00:00:00,accepted,1
11280,1204,4973,2024-02-28 00:00:00,2024-03-12 00:00:00,rejected,1
11281,171,4973,2024-12-17 00:00:00,,pending,1
11282,468,4973,2025-11-06 00:00:00,2025-11-19 00:00:00,rejected,1
11283,1969,1760,2024-08-21 00:00:00,2024-09-02 00:00:00,accepted,1
11284,1835,1760,2025-07-05 00:00:00,2025-07-12 00:00:00,accepted,1
11285,2749,1760,2024-04-01 00:00:00,2024-04-05 00:00:00,accepted,1
11286,2616,4462,2025-10-22 00:00:00,2025-10-26 00:00:00,accepted,1
11287,58,4462,2025-10-04 00:00:00,2025-10-24 00:00:00,rejected,1
11288,2237,4462,2025-11-25 00:00:00,2025-12-11 00:00:00,accepted,1
11289,2457,2840,2025-03-20 00:00:00,2025-04-05 00:00:00,canceled,1
11290,2171,2840,2025-03-08 00:00:00,2025-03-21 00:00:00,rejected,1
11291,2440,3082,2025-01-15 00:00:00,,pending,1
11292,816,3082,2025-04-12 00:00:00,2025-05-02 00:00:00,canceled,1
11293,2563,3082,2025-11-10 00:00:00,2025-11-11 00:00:00,rejected,1
11294,1421,3082,2024-07-14 00:00:00,2024-07-23 00:00:00,accepted,1
11295,247,3304,2025-01-27 00:00:00,2025-02-10 00:00:00,accepted,1
11296,1563,3304,2025-07-25 00:00:00,,pending,1
11297,1474,3304,2025-08-04 00:00:00,,pending,1
11298,2843,3304,2025-06-04 00:00:00,,pending,1
11299,943,5165,2025-12-10 00:00:00,,pending,1
11300,1647,5165,2025-11-18 00:00:00,2025-11-22 00:00:00,rejected,1
11301,1043,5165,2025-10-25 00:00:00,2025-11-13 00:00:00,accepted,1
11302,2425,5165,2025-11-02 00:00:00,2025-11-08 00:00:00,accepted,1
11303,678,1740,2026-01-07 00:00:00,,pending,1
11304,817,1740,2025-05-13 00:00:00,2025-06-01 00:00:00,rejected,1
11305,1201,1740,2025-11-24 00:00:00,2025-11-26 00:00:00,accepted,1
11306,2139,2211,2024-07-07 00:00:00,2024-07-18 00:00:00,canceled,1
11307,213,2211,2025-09-23 00:00:00,2025-10-03 00:00:00,canceled,1
11308,2993,4601,2024-03-23 00:00:00,2024-04-02 00:00:00,canceled,1
11309,3182,4601,2025-05-19 00:00:00,2025-06-04 00:00:00,accepted,1
11310,1698,2676,2025-12-09 00:00:00,2025-12-14 00:00:00,rejected,1
11311,1050,2676,2024-04-22 00:00:00,2024-05-09 00:00:00,accepted,1
11312,827,2676,2025-11-30 00:00:00,2025-12-03 00:00:00,accepted,1
11313,1414,2676,2025-10-14 00:00:00,2025-10-22 00:00:00,rejected,1
11314,873,3102,2025-09-03 00:00:00,,alerted,0
11315,2718,3102,2025-10-06 00:00:00,,pending,1
11316,1375,3102,2025-06-15 00:00:00,,pending,1
11317,970,4248,2024-11-10 00:00:00,2024-11-27 00:00:00,accepted,1
11318,2946,4248,2025-08-18 00:00:00,,pending,1
11319,3186,2492,2025-10-22 00:00:00,2025-11-10 00:00:00,accepted,1
11320,2125,2492,2025-01-10 00:00:00,2025-01-24 00:00:00,accepted,1
11321,1311,3206,2025-12-22 00:00:00,2026-01-07 00:00:00,rejected,1
11322,989,3206,2025-09-19 00:00:00,,pending,1
11323,1192,3206,2024-07-23 00:00:00,,pending,1
11324,626,4707,2025-07-29 00:00:00,2025-08-06 00:00:00,accepted,1
11325,408,4707,2025-05-19 00:00:00,,pending,1
11326,1698,4707,2025-10-18 00:00:00,,pending,1
11327,1050,4707,2024-03-02 00:00:00,2024-03-18 00:00:00,accepted,1
11328,2168,1527,2025-09-18 00:00:00,,pending,1
11329,3023,1527,2025-09-04 00:00:00,2025-09-24 00:00:00,accepted,1
11330,140,1527,2024-03-16 00:00:00,2024-03-18 00:00:00,rejected,1
11331,3163,2278,2025-12-04 00:00:00,2025-12-17 00:00:00,accepted,1
11332,2540,2278,2024-09-18 00:00:00,2024-10-03 00:00:00,accepted,1
11333,3060,4217,2025-09-12 00:00:00,2025-09-29 00:00:00,accepted,1
11334,43,4217,2025-09-24 00:00:00,2025-10-06 00:00:00,accepted,1
11335,3120,4217,2025-06-20 00:00:00,2025-07-08 00:00:00,accepted,1
11336,43,4587,2025-09-19 00:00:00,,pending,1
11337,658,4587,2025-04-13 00:00:00,,alerted,0
11338,2037,4587,2025-10-18 00:00:00,2025-10-20 00:00:00,canceled,1
11339,2530,3080,2025-09-26 00:00:00,2025-10-10 00:00:00,rejected,1
11340,2531,3080,2025-10-28 00:00:00,,alerted,0
11341,3079,3080,2025-10-10 00:00:00,2025-10-25 00:00:00,accepted,1
11342,967,4443,2025-04-04 00:00:00,,alerted,0
11343,754,4443,2025-04-29 00:00:00,,pending,1
11344,934,3346,2025-09-27 00:00:00,,pending,1
11345,1101,3346,2025-10-31 00:00:00,2025-11-15 00:00:00,rejected,1
11346,2148,3346,2024-12-15 00:00:00,2024-12-30 00:00:00,accepted,1
11347,3145,3346,2025-05-27 00:00:00,,pending,1
11348,2614,4089,2024-12-09 00:00:00,,pending,1
11349,2392,4089,2025-07-08 00:00:00,2025-07-25 00:00:00,canceled,1
11350,991,4089,2025-11-18 00:00:00,2025-11-22 00:00:00,accepted,1
11351,1457,3706,2025-10-05 00:00:00,2025-10-14 00:00:00,rejected,1
11352,1456,3706,2025-07-25 00:00:00,,pending,1
11353,2706,3614,2025-07-08 00:00:00,,pending,1
11354,3173,3614,2025-10-07 00:00:00,2025-10-17 00:00:00,rejected,1
11355,3070,3614,2025-10-15 00:00:00,2025-11-04 00:00:00,canceled,1
11356,830,5030,2025-11-06 00:00:00,,pending,1
11357,701,5030,2025-08-03 00:00:00,,pending,1
11358,710,5030,2025-10-07 00:00:00,,pending,1
11359,1741,2498,2025-11-13 00:00:00,,pending,1
11360,2035,2498,2025-08-10 00:00:00,,pending,1
11361,3058,2498,2025-09-02 00:00:00,2025-09-03 00:00:00,accepted,1
11362,2074,3081,2025-12-19 00:00:00,2026-01-02 00:00:00,canceled,1
11363,454,3081,2025-09-28 00:00:00,,pending,1
11364,2671,3081,2025-09-09 00:00:00,,pending,1
11365,307,4030,2025-11-17 00:00:00,2025-12-02 00:00:00,accepted,1
11366,1750,4030,2025-12-10 00:00:00,2025-12-20 00:00:00,accepted,1
11367,2580,2096,2025-04-26 00:00:00,2025-05-12 00:00:00,accepted,1
11368,2948,2096,2025-10-15 00:00:00,2025-10-20 00:00:00,accepted,1
11369,1823,2096,2024-09-30 00:00:00,,pending,1
11370,2533,2096,2024-07-23 00:00:00,,pending,1
11371,2125,3117,2024-12-16 00:00:00,2024-12-23 00:00:00,canceled,1
11372,2251,3117,2025-03-18 00:00:00,2025-03-24 00:00:00,rejected,1
11373,488,3545,2025-06-30 00:00:00,2025-07-07 00:00:00,rejected,1
11374,639,3545,2025-07-29 00:00:00,,pending,1
11375,462,3545,2025-08-31 00:00:00,,pending,1
11376,645,3545,2025-04-30 00:00:00,,alerted,0
11377,553,4003,2025-10-13 00:00:00,2025-10-22 00:00:00,rejected,1
11378,2768,4003,2025-11-20 00:00:00,2025-12-09 00:00:00,accepted,1
11379,1287,4082,2025-05-16 00:00:00,2025-06-03 00:00:00,rejected,1
11380,834,4082,2025-10-15 00:00:00,,pending,1
11381,1546,3054,2025-07-29 00:00:00,2025-08-02 00:00:00,accepted,1
11382,2171,3054,2025-02-13 00:00:00,2025-02-21 00:00:00,accepted,1
11383,913,2020,2025-11-09 00:00:00,2025-11-20 00:00:00,accepted,1
11384,1900,2020,2025-04-20 00:00:00,,pending,1
11385,2171,2020,2025-04-08 00:00:00,2025-04-23 00:00:00,canceled,1
11386,1546,2020,2025-06-09 00:00:00,,pending,1
11387,530,3290,2025-09-25 00:00:00,,alerted,0
11388,642,3290,2025-12-21 00:00:00,,pending,1
11389,3107,4713,2025-10-20 00:00:00,2025-10-23 00:00:00,accepted,1
11390,327,4713,2025-09-24 00:00:00,,pending,1
11391,3060,4713,2025-10-01 00:00:00,2025-10-08 00:00:00,accepted,1
11392,2961,4713,2025-07-29 00:00:00,2025-08-06 00:00:00,accepted,1
11393,150,2849,2025-06-03 00:00:00,2025-06-14 00:00:00,accepted,1
11395,1978,2849,2025-07-17 00:00:00,2025-07-29 00:00:00,accepted,1
11396,1749,2849,2025-10-16 00:00:00,2025-10-24 00:00:00,canceled,1
11397,1088,4380,2025-11-27 00:00:00,2025-12-03 00:00:00,accepted,1
11398,1559,4380,2025-04-08 00:00:00,2025-04-28 00:00:00,accepted,1
11399,1745,4038,2025-09-30 00:00:00,2025-10-04 00:00:00,accepted,1
11400,810,4038,2025-07-12 00:00:00,2025-07-22 00:00:00,accepted,1
11401,20,1957,2025-02-24 00:00:00,,pending,1
11402,2575,1957,2025-11-21 00:00:00,2025-12-01 00:00:00,accepted,1
11403,197,1957,2025-08-07 00:00:00,2025-08-23 00:00:00,rejected,1
11404,2833,1957,2025-06-15 00:00:00,,pending,1
11405,308,4490,2025-12-24 00:00:00,,pending,1
11406,3008,4490,2025-10-20 00:00:00,2025-10-25 00:00:00,accepted,1
11407,2972,4490,2025-09-24 00:00:00,2025-09-26 00:00:00,canceled,1
11408,2344,5017,2025-01-23 00:00:00,2025-01-27 00:00:00,accepted,1
11409,2793,5017,2025-10-22 00:00:00,2025-11-11 00:00:00,accepted,1
11410,861,2370,2025-03-12 00:00:00,2025-03-13 00:00:00,accepted,1
11411,3193,2370,2025-07-02 00:00:00,,pending,1
11412,729,2549,2025-08-16 00:00:00,,pending,1
11413,2052,2549,2025-05-14 00:00:00,,pending,1
11414,2046,5115,2025-03-15 00:00:00,2025-04-03 00:00:00,accepted,1
11415,2505,5115,2025-11-16 00:00:00,,pending,1
11416,3065,5115,2025-10-29 00:00:00,,pending,1
11417,1923,5115,2025-05-24 00:00:00,,pending,1
11418,986,4368,2025-09-07 00:00:00,2025-09-12 00:00:00,accepted,1
11419,2119,4368,2025-03-08 00:00:00,2025-03-13 00:00:00,rejected,1
11420,4,4368,2025-03-08 00:00:00,,alerted,0
11421,1368,2366,2025-09-09 00:00:00,2025-09-10 00:00:00,accepted,1
11422,910,2366,2025-11-16 00:00:00,2025-12-03 00:00:00,accepted,1
11423,1389,1652,2025-10-20 00:00:00,2025-11-06 00:00:00,rejected,1
11424,1597,1652,2025-01-02 00:00:00,,pending,1
11425,440,1652,2024-07-12 00:00:00,2024-07-25 00:00:00,accepted,1
11426,2446,1652,2025-04-29 00:00:00,,pending,1
11427,141,3751,2024-08-12 00:00:00,2024-08-17 00:00:00,accepted,1
11428,2029,3751,2025-06-07 00:00:00,2025-06-23 00:00:00,accepted,1
11429,1296,4729,2025-09-07 00:00:00,2025-09-22 00:00:00,accepted,1
11430,2562,4729,2025-09-25 00:00:00,,pending,1
11431,1128,4676,2025-10-07 00:00:00,2025-10-27 00:00:00,canceled,1
11432,1905,4676,2025-08-20 00:00:00,2025-08-24 00:00:00,accepted,1
11433,3120,4676,2025-06-13 00:00:00,2025-06-19 00:00:00,accepted,1
11434,607,3555,2025-10-13 00:00:00,,pending,1
11435,2769,3555,2024-09-18 00:00:00,,pending,1
11436,170,3555,2024-06-13 00:00:00,2024-06-30 00:00:00,accepted,1
11437,848,1728,2024-08-06 00:00:00,,pending,1
11438,77,1728,2025-01-29 00:00:00,2025-02-11 00:00:00,rejected,1
11439,1434,1728,2025-11-09 00:00:00,2025-11-16 00:00:00,rejected,1
11440,1185,1728,2024-10-23 00:00:00,,pending,1
11442,126,5274,2025-10-18 00:00:00,2025-10-30 00:00:00,accepted,1
11443,2294,5274,2025-06-19 00:00:00,2025-06-27 00:00:00,accepted,1
11444,1144,5059,2025-02-16 00:00:00,2025-02-25 00:00:00,accepted,1
11445,1469,5059,2025-07-17 00:00:00,2025-07-30 00:00:00,canceled,1
11446,1444,5059,2025-09-13 00:00:00,2025-09-21 00:00:00,accepted,1
11447,1128,1714,2025-10-16 00:00:00,2025-10-27 00:00:00,accepted,1
11449,687,1714,2025-12-31 00:00:00,2026-01-16 00:00:00,rejected,1
11450,3060,1714,2025-09-26 00:00:00,2025-10-01 00:00:00,rejected,1
11451,427,3140,2025-01-26 00:00:00,,pending,1
11452,1861,3140,2025-09-22 00:00:00,2025-09-29 00:00:00,rejected,1
11453,956,3917,2025-08-24 00:00:00,2025-09-13 00:00:00,accepted,1
11454,844,3917,2025-10-08 00:00:00,,alerted,0
11455,1469,3917,2025-06-12 00:00:00,2025-06-28 00:00:00,accepted,1
11456,2868,3917,2024-11-23 00:00:00,2024-12-06 00:00:00,accepted,1
11457,2769,4586,2024-11-21 00:00:00,,pending,1
11458,2808,4586,2025-06-24 00:00:00,2025-06-30 00:00:00,accepted,1
11459,1525,4586,2025-09-15 00:00:00,2025-09-25 00:00:00,accepted,1
11460,1085,3416,2025-04-21 00:00:00,2025-04-28 00:00:00,accepted,1
11461,1985,3416,2026-01-05 00:00:00,2026-01-16 00:00:00,accepted,1
11462,2487,2100,2025-11-21 00:00:00,2025-12-01 00:00:00,rejected,1
11463,2334,2100,2025-09-26 00:00:00,,pending,1
11464,2486,2100,2025-10-25 00:00:00,,pending,1
11465,1738,2100,2025-10-11 00:00:00,,pending,1
11466,1459,3812,2024-10-17 00:00:00,2024-10-21 00:00:00,accepted,1
11467,3016,3812,2025-09-15 00:00:00,,pending,1
11468,518,3812,2025-08-31 00:00:00,,alerted,0
11469,23,2594,2025-03-28 00:00:00,,pending,1
11470,599,2594,2025-05-26 00:00:00,2025-06-03 00:00:00,canceled,1
11471,1444,3784,2025-10-28 00:00:00,2025-11-15 00:00:00,accepted,1
11472,1254,3784,2025-04-19 00:00:00,,pending,1
11473,1144,3784,2024-12-03 00:00:00,2024-12-16 00:00:00,accepted,1
11474,248,5070,2025-06-15 00:00:00,,alerted,0
11475,675,5070,2025-09-24 00:00:00,,pending,1
11476,1887,5070,2025-09-30 00:00:00,2025-10-19 00:00:00,accepted,1
11477,2460,2727,2024-10-05 00:00:00,2024-10-08 00:00:00,rejected,1
11478,4,2727,2025-02-24 00:00:00,,alerted,0
11479,1128,2727,2025-12-04 00:00:00,2025-12-11 00:00:00,accepted,1
11480,2046,3422,2025-05-09 00:00:00,,pending,1
11481,719,3422,2025-07-27 00:00:00,2025-08-02 00:00:00,rejected,1
11482,1991,3422,2024-09-20 00:00:00,,pending,1
11483,2197,3422,2025-09-10 00:00:00,,pending,1
11484,2682,1873,2025-11-14 00:00:00,2025-11-22 00:00:00,accepted,1
11485,1296,1873,2025-08-05 00:00:00,2025-08-17 00:00:00,accepted,1
11486,176,4578,2025-09-13 00:00:00,2025-09-24 00:00:00,rejected,1
11487,2625,4578,2025-12-21 00:00:00,2025-12-22 00:00:00,accepted,1
11488,2215,4578,2025-10-16 00:00:00,,pending,1
11489,842,3869,2025-05-31 00:00:00,,pending,1
11490,2868,3869,2024-12-28 00:00:00,2025-01-09 00:00:00,accepted,1
11491,1950,3869,2025-09-16 00:00:00,2025-09-30 00:00:00,rejected,1
11492,2505,1782,2026-01-07 00:00:00,2026-01-23 00:00:00,accepted,1
11493,2291,1782,2025-07-01 00:00:00,2025-07-21 00:00:00,rejected,1
11494,354,1782,2024-06-06 00:00:00,2024-06-13 00:00:00,accepted,1
11495,2868,3549,2025-02-04 00:00:00,2025-02-23 00:00:00,accepted,1
11496,3088,3549,2025-06-09 00:00:00,2025-06-14 00:00:00,accepted,1
11497,2852,5495,2025-11-26 00:00:00,2025-12-02 00:00:00,accepted,1
11498,2151,5495,2024-10-24 00:00:00,2024-11-03 00:00:00,accepted,1
11499,2399,4921,2025-12-26 00:00:00,,pending,1
11500,2563,4921,2025-10-02 00:00:00,,pending,1
11501,248,4273,2025-08-18 00:00:00,,alerted,0
11502,2020,4273,2025-06-18 00:00:00,2025-06-20 00:00:00,accepted,1
11503,1091,4273,2025-05-19 00:00:00,,pending,1
11504,5,4273,2025-06-20 00:00:00,,alerted,0
11505,1469,1593,2025-06-02 00:00:00,,pending,1
11506,322,1593,2024-09-12 00:00:00,,pending,1
11507,2763,3822,2025-12-12 00:00:00,,pending,1
11508,1863,3822,2025-09-20 00:00:00,2025-10-05 00:00:00,rejected,1
11509,322,3822,2024-07-30 00:00:00,,pending,1
11510,775,4021,2024-07-12 00:00:00,2024-07-13 00:00:00,accepted,1
11511,2077,4021,2025-12-02 00:00:00,2025-12-17 00:00:00,accepted,1
11512,3132,4021,2024-07-14 00:00:00,2024-08-02 00:00:00,rejected,1
11513,1576,4014,2025-04-29 00:00:00,2025-05-13 00:00:00,accepted,1
11514,1923,4014,2025-06-03 00:00:00,2025-06-15 00:00:00,rejected,1
11515,3088,4014,2025-06-20 00:00:00,2025-06-28 00:00:00,canceled,1
11516,1469,4014,2025-06-24 00:00:00,,pending,1
11517,933,3813,2025-06-05 00:00:00,2025-06-10 00:00:00,rejected,1
11518,2833,3813,2025-05-27 00:00:00,2025-06-04 00:00:00,accepted,1
11519,595,3813,2024-08-24 00:00:00,2024-08-30 00:00:00,accepted,1
11520,977,3813,2025-08-20 00:00:00,2025-09-04 00:00:00,accepted,1
11521,421,3091,2025-11-01 00:00:00,,pending,1
11522,2077,3091,2025-11-11 00:00:00,2025-11-22 00:00:00,canceled,1
11523,327,3143,2025-09-28 00:00:00,2025-10-08 00:00:00,canceled,1
11524,768,3143,2025-10-03 00:00:00,2025-10-20 00:00:00,accepted,1
11525,1396,4538,2024-09-03 00:00:00,,pending,1
11526,881,4538,2025-07-04 00:00:00,2025-07-17 00:00:00,rejected,1
11527,322,3581,2024-09-06 00:00:00,2024-09-09 00:00:00,rejected,1
11528,2911,3581,2025-10-01 00:00:00,2025-10-20 00:00:00,accepted,1
11529,580,3581,2024-11-29 00:00:00,2024-12-18 00:00:00,accepted,1
11530,844,3094,2025-10-01 00:00:00,,alerted,0
11531,2489,3094,2025-09-11 00:00:00,,pending,1
11532,3064,3094,2025-09-20 00:00:00,,pending,1
11533,2774,3094,2025-12-29 00:00:00,,pending,1
11534,1208,2177,2024-12-27 00:00:00,2025-01-13 00:00:00,rejected,1
11535,625,2177,2025-05-19 00:00:00,,pending,1
11537,515,2691,2025-04-16 00:00:00,2025-05-05 00:00:00,accepted,1
11538,38,2691,2024-10-11 00:00:00,,alerted,0
11539,727,2691,2025-05-12 00:00:00,,alerted,0
11540,1054,5002,2025-09-06 00:00:00,2025-09-24 00:00:00,rejected,1
11541,943,5002,2025-10-25 00:00:00,,pending,1
11542,322,5002,2024-10-09 00:00:00,,pending,1
11543,140,5002,2024-03-19 00:00:00,2024-03-22 00:00:00,accepted,1
11544,993,2129,2025-08-20 00:00:00,,pending,1
11545,3015,2129,2025-06-29 00:00:00,2025-07-17 00:00:00,canceled,1
11546,2518,1949,2025-10-04 00:00:00,,pending,1
11547,2244,1949,2025-10-18 00:00:00,2025-10-20 00:00:00,accepted,1
11548,577,1949,2025-04-17 00:00:00,,pending,1
11549,247,1949,2024-12-17 00:00:00,2024-12-25 00:00:00,canceled,1
11550,2289,4770,2024-10-30 00:00:00,2024-11-04 00:00:00,accepted,1
11551,1566,4770,2025-12-07 00:00:00,,pending,1
11552,2505,4770,2025-12-30 00:00:00,,pending,1
11553,2367,4369,2025-09-29 00:00:00,,pending,1
11554,2818,4369,2025-07-02 00:00:00,2025-07-07 00:00:00,rejected,1
11555,749,2977,2025-09-06 00:00:00,2025-09-15 00:00:00,accepted,1
11556,2881,2977,2025-07-16 00:00:00,2025-07-21 00:00:00,accepted,1
11557,2117,2977,2025-10-19 00:00:00,2025-11-03 00:00:00,accepted,1
11558,623,2977,2025-02-19 00:00:00,2025-03-02 00:00:00,rejected,1
11559,2251,2349,2025-03-30 00:00:00,,pending,1
11560,1316,2349,2025-09-18 00:00:00,2025-10-02 00:00:00,accepted,1
11561,2671,4837,2025-09-05 00:00:00,2025-09-14 00:00:00,accepted,1
11562,10,4837,2025-01-02 00:00:00,2025-01-12 00:00:00,canceled,1
11563,1627,2880,2025-08-28 00:00:00,2025-09-12 00:00:00,canceled,1
11564,309,2880,2025-11-26 00:00:00,2025-12-14 00:00:00,canceled,1
11565,645,2880,2025-03-21 00:00:00,,alerted,0
11566,2285,1969,2025-07-19 00:00:00,2025-08-06 00:00:00,canceled,1
11567,719,1969,2025-08-12 00:00:00,2025-08-14 00:00:00,canceled,1
11568,2814,1969,2025-01-21 00:00:00,2025-02-08 00:00:00,accepted,1
11569,1393,2316,2025-09-12 00:00:00,,pending,1
11570,424,2316,2025-06-20 00:00:00,,pending,1
11571,2352,2371,2025-09-09 00:00:00,,pending,1
11572,207,2371,2025-03-05 00:00:00,2025-03-10 00:00:00,rejected,1
11573,733,2371,2024-08-07 00:00:00,2024-08-15 00:00:00,rejected,1
11574,440,1573,2024-07-13 00:00:00,,pending,1
11575,1302,1573,2025-06-18 00:00:00,2025-06-26 00:00:00,rejected,1
11576,1246,1573,2024-12-20 00:00:00,2024-12-24 00:00:00,accepted,1
11577,96,1573,2025-05-20 00:00:00,2025-06-07 00:00:00,accepted,1
11578,488,2797,2025-06-30 00:00:00,2025-07-02 00:00:00,accepted,1
11579,261,2797,2025-07-29 00:00:00,2025-08-15 00:00:00,rejected,1
11580,2671,2797,2025-11-13 00:00:00,2025-11-15 00:00:00,accepted,1
11581,2774,2649,2026-01-03 00:00:00,,pending,1
11582,322,2649,2024-09-18 00:00:00,,pending,1
11583,1292,2649,2025-08-24 00:00:00,2025-09-07 00:00:00,accepted,1
11584,2256,3507,2025-10-21 00:00:00,2025-11-01 00:00:00,accepted,1
11585,625,3507,2025-05-11 00:00:00,2025-05-28 00:00:00,rejected,1
11586,639,3507,2025-07-07 00:00:00,2025-07-14 00:00:00,canceled,1
11587,266,3774,2025-02-08 00:00:00,2025-02-12 00:00:00,accepted,1
11588,222,3774,2024-07-22 00:00:00,,pending,1
11589,1582,3774,2024-10-23 00:00:00,2024-10-27 00:00:00,accepted,1
11590,1058,3774,2024-09-08 00:00:00,2024-09-25 00:00:00,canceled,1
11591,934,4438,2025-09-27 00:00:00,,pending,1
11592,2768,4438,2025-12-04 00:00:00,2025-12-06 00:00:00,canceled,1
11593,405,4438,2025-06-21 00:00:00,,pending,1
11595,1433,2762,2025-12-09 00:00:00,,pending,1
11596,72,1867,2025-07-07 00:00:00,2025-07-21 00:00:00,accepted,1
11597,43,1867,2025-10-19 00:00:00,2025-10-24 00:00:00,rejected,1
11598,2344,4895,2024-12-10 00:00:00,2024-12-26 00:00:00,canceled,1
11599,378,4895,2024-09-08 00:00:00,2024-09-09 00:00:00,accepted,1
11600,1750,4895,2025-12-29 00:00:00,,pending,1
11601,530,4895,2025-11-10 00:00:00,,alerted,0
11602,1469,4207,2025-07-30 00:00:00,,pending,1
11603,853,4207,2025-10-23 00:00:00,2025-11-09 00:00:00,canceled,1
11604,1197,4768,2025-07-12 00:00:00,2025-07-22 00:00:00,canceled,1
11605,176,4768,2025-08-10 00:00:00,2025-08-22 00:00:00,accepted,1
11606,2108,3100,2025-10-21 00:00:00,,pending,1
11607,2440,3100,2025-01-18 00:00:00,2025-01-20 00:00:00,accepted,1
11608,2563,3100,2025-12-11 00:00:00,,pending,1
11609,2843,2939,2025-04-12 00:00:00,,pending,1
11610,2519,2939,2025-09-28 00:00:00,2025-10-05 00:00:00,rejected,1
11611,1189,2939,2025-06-05 00:00:00,2025-06-09 00:00:00,rejected,1
11612,1250,3478,2024-03-18 00:00:00,2024-04-02 00:00:00,rejected,1
11613,2758,3478,2025-09-04 00:00:00,2025-09-08 00:00:00,accepted,1
11614,573,3478,2025-03-23 00:00:00,2025-04-06 00:00:00,accepted,1
11615,1316,3651,2025-11-17 00:00:00,,pending,1
11616,2679,3651,2025-10-06 00:00:00,2025-10-13 00:00:00,accepted,1
11617,2958,3651,2025-09-20 00:00:00,2025-10-09 00:00:00,rejected,1
11618,2226,3651,2025-10-28 00:00:00,2025-11-15 00:00:00,rejected,1
11619,749,4167,2025-08-03 00:00:00,,pending,1
11620,424,4167,2025-08-06 00:00:00,2025-08-11 00:00:00,accepted,1
11621,33,4167,2025-10-19 00:00:00,,pending,1
11622,887,2980,2025-09-17 00:00:00,,pending,1
11623,197,2980,2025-09-03 00:00:00,,pending,1
11624,1876,2980,2024-09-20 00:00:00,2024-10-06 00:00:00,canceled,1
11625,2833,2980,2025-05-03 00:00:00,2025-05-09 00:00:00,accepted,1
11626,101,2916,2025-06-27 00:00:00,,pending,1
11627,989,2916,2025-09-02 00:00:00,2025-09-12 00:00:00,rejected,1
11628,3002,2916,2025-12-24 00:00:00,,pending,1
11629,702,1711,2025-08-30 00:00:00,2025-09-12 00:00:00,accepted,1
11630,645,1711,2025-05-08 00:00:00,,alerted,0
11631,453,1711,2025-09-21 00:00:00,2025-09-30 00:00:00,accepted,1
11632,2766,4541,2025-08-19 00:00:00,2025-09-05 00:00:00,canceled,1
11633,333,4541,2025-07-24 00:00:00,2025-07-26 00:00:00,rejected,1
11634,2868,2982,2024-12-10 00:00:00,,pending,1
11635,20,2982,2025-03-29 00:00:00,2025-04-10 00:00:00,canceled,1
11636,3143,2982,2024-09-28 00:00:00,,pending,1
11637,1469,2982,2025-08-12 00:00:00,2025-08-16 00:00:00,accepted,1
11638,1375,2671,2025-06-23 00:00:00,,pending,1
11639,2344,2671,2024-11-28 00:00:00,2024-12-06 00:00:00,canceled,1
11640,3082,2559,2025-07-26 00:00:00,2025-07-28 00:00:00,accepted,1
11641,1826,2559,2025-09-09 00:00:00,2025-09-19 00:00:00,accepted,1
11642,1864,2559,2025-12-01 00:00:00,2025-12-21 00:00:00,accepted,1
11643,1978,3220,2025-07-18 00:00:00,2025-08-05 00:00:00,accepted,1
11644,1156,3220,2025-04-22 00:00:00,,pending,1
11645,250,3220,2025-07-06 00:00:00,,pending,1
11646,595,2909,2024-09-08 00:00:00,2024-09-26 00:00:00,accepted,1
11647,2893,2909,2025-09-13 00:00:00,2025-09-25 00:00:00,accepted,1
11648,594,2909,2024-06-16 00:00:00,2024-06-19 00:00:00,accepted,1
11649,2540,2909,2024-09-10 00:00:00,2024-09-14 00:00:00,accepted,1
11650,101,5396,2025-07-19 00:00:00,2025-07-21 00:00:00,accepted,1
11651,2529,5396,2025-10-17 00:00:00,2025-10-30 00:00:00,accepted,1
11652,2724,5396,2025-06-08 00:00:00,2025-06-10 00:00:00,accepted,1
11653,710,5396,2025-08-18 00:00:00,2025-08-27 00:00:00,canceled,1
11655,1802,1733,2025-09-15 00:00:00,2025-09-18 00:00:00,accepted,1
11657,1235,1733,2025-12-02 00:00:00,2025-12-10 00:00:00,accepted,1
11658,322,2364,2024-07-25 00:00:00,,pending,1
11659,1950,2364,2025-07-31 00:00:00,2025-08-05 00:00:00,rejected,1
11660,702,4206,2025-09-06 00:00:00,2025-09-23 00:00:00,rejected,1
11661,1820,4206,2025-02-08 00:00:00,2025-02-26 00:00:00,accepted,1
11663,574,4206,2025-04-13 00:00:00,2025-04-25 00:00:00,accepted,1
11664,1696,3118,2025-10-12 00:00:00,,pending,1
11665,2124,3118,2024-10-13 00:00:00,2024-10-14 00:00:00,accepted,1
11666,342,3118,2024-12-26 00:00:00,,pending,1
11667,2311,3118,2025-08-25 00:00:00,2025-08-26 00:00:00,canceled,1
11668,1469,4817,2025-06-29 00:00:00,2025-07-02 00:00:00,accepted,1
11669,2535,4817,2024-12-28 00:00:00,2025-01-07 00:00:00,accepted,1
11670,2274,5282,2025-09-18 00:00:00,,pending,1
11671,901,5282,2024-04-27 00:00:00,2024-05-01 00:00:00,rejected,1
11672,2435,5282,2025-06-11 00:00:00,2025-06-16 00:00:00,accepted,1
11673,2155,5282,2024-12-31 00:00:00,2025-01-03 00:00:00,accepted,1
11674,2297,3393,2025-09-29 00:00:00,2025-10-01 00:00:00,accepted,1
11675,2296,3393,2025-06-24 00:00:00,2025-06-25 00:00:00,accepted,1
11676,2282,2883,2025-07-25 00:00:00,2025-08-01 00:00:00,accepted,1
11677,2946,2883,2025-06-28 00:00:00,2025-07-03 00:00:00,accepted,1
11678,1894,2883,2025-04-01 00:00:00,2025-04-05 00:00:00,accepted,1
11679,2842,2883,2025-02-02 00:00:00,2025-02-19 00:00:00,accepted,1
11680,768,3002,2025-10-04 00:00:00,2025-10-05 00:00:00,accepted,1
11681,2955,3002,2025-04-08 00:00:00,,pending,1
11682,2226,3002,2025-09-20 00:00:00,2025-10-07 00:00:00,accepted,1
11683,769,3002,2025-12-23 00:00:00,2026-01-02 00:00:00,accepted,1
11684,1254,5248,2025-02-17 00:00:00,,pending,1
11685,1444,5248,2025-08-25 00:00:00,2025-09-01 00:00:00,accepted,1
11686,720,5248,2025-12-05 00:00:00,,pending,1
11687,308,2886,2025-11-11 00:00:00,,pending,1
11688,698,2886,2025-04-30 00:00:00,2025-05-12 00:00:00,rejected,1
11689,3008,2886,2025-09-07 00:00:00,2025-09-23 00:00:00,rejected,1
11690,2671,2886,2025-10-06 00:00:00,2025-10-09 00:00:00,accepted,1
11691,50,2135,2025-06-24 00:00:00,,pending,1
11692,2367,2135,2025-10-08 00:00:00,,pending,1
11693,2641,3316,2025-06-20 00:00:00,,pending,1
11694,2640,3316,2025-03-19 00:00:00,,pending,1
11695,773,4320,2025-11-26 00:00:00,2025-12-01 00:00:00,accepted,1
11696,1231,4320,2024-11-26 00:00:00,,pending,1
11697,308,2968,2025-11-28 00:00:00,,pending,1
11698,530,2968,2025-10-30 00:00:00,,alerted,0
11699,3008,2968,2025-08-31 00:00:00,2025-09-12 00:00:00,accepted,1
11700,2155,2329,2025-03-03 00:00:00,2025-03-07 00:00:00,canceled,1
11701,624,2329,2025-05-23 00:00:00,2025-05-25 00:00:00,canceled,1
11702,2907,2329,2025-07-20 00:00:00,,pending,1
11703,2069,1971,2024-09-09 00:00:00,,pending,1
11704,577,1971,2025-03-02 00:00:00,2025-03-06 00:00:00,accepted,1
11705,2202,1927,2025-08-25 00:00:00,2025-08-30 00:00:00,accepted,1
11706,2264,1927,2025-11-05 00:00:00,2025-11-14 00:00:00,accepted,1
11707,1312,1927,2024-08-04 00:00:00,2024-08-12 00:00:00,accepted,1
11708,2883,4299,2025-09-26 00:00:00,,pending,1
11709,1720,4299,2025-06-07 00:00:00,2025-06-13 00:00:00,accepted,1
11710,3007,4299,2025-09-25 00:00:00,,pending,1
11711,2610,4299,2025-03-29 00:00:00,,pending,1
11712,271,4370,2025-11-27 00:00:00,2025-11-28 00:00:00,accepted,1
11713,2258,4370,2025-05-01 00:00:00,2025-05-11 00:00:00,accepted,1
11714,2168,4370,2025-08-24 00:00:00,2025-09-03 00:00:00,accepted,1
11715,2352,4370,2025-10-27 00:00:00,2025-11-02 00:00:00,rejected,1
11716,698,5317,2025-06-04 00:00:00,,pending,1
11717,261,5317,2025-08-08 00:00:00,,pending,1
11718,2671,5317,2025-08-30 00:00:00,2025-09-02 00:00:00,rejected,1
11719,2946,5367,2025-08-03 00:00:00,2025-08-10 00:00:00,accepted,1
11720,133,5367,2024-07-27 00:00:00,2024-07-29 00:00:00,accepted,1
11721,1192,5340,2024-07-26 00:00:00,2024-08-14 00:00:00,accepted,1
11722,1509,5340,2025-08-02 00:00:00,2025-08-19 00:00:00,accepted,1
11724,1208,5340,2025-01-25 00:00:00,,pending,1
11725,462,3200,2025-07-16 00:00:00,2025-07-19 00:00:00,accepted,1
11726,1811,3200,2025-02-20 00:00:00,,pending,1
11727,1862,2474,2026-01-01 00:00:00,2026-01-11 00:00:00,rejected,1
11728,1673,2474,2025-09-01 00:00:00,2025-09-17 00:00:00,accepted,1
11729,1244,3523,2025-06-28 00:00:00,2025-07-07 00:00:00,accepted,1
11730,3120,3523,2025-07-06 00:00:00,,pending,1
11731,2367,3523,2025-11-26 00:00:00,2025-12-06 00:00:00,accepted,1
11732,3016,5264,2025-08-11 00:00:00,,pending,1
11733,3066,5264,2025-06-08 00:00:00,2025-06-13 00:00:00,accepted,1
11734,76,5264,2024-04-22 00:00:00,,pending,1
11735,3190,5264,2025-08-16 00:00:00,,pending,1
11736,519,3021,2024-02-01 00:00:00,2024-02-18 00:00:00,accepted,1
11737,2035,3021,2025-08-14 00:00:00,,pending,1
11738,1988,3021,2025-10-18 00:00:00,,pending,1
11739,3190,3981,2025-09-08 00:00:00,,pending,1
11740,2150,3981,2026-01-12 00:00:00,2026-01-27 00:00:00,accepted,1
11741,528,3981,2025-08-14 00:00:00,2025-08-27 00:00:00,rejected,1
11742,68,4118,2024-05-23 00:00:00,2024-06-08 00:00:00,accepted,1
11743,147,4118,2026-01-04 00:00:00,2026-01-09 00:00:00,accepted,1
11746,271,4382,2025-10-30 00:00:00,2025-11-05 00:00:00,accepted,1
11747,2258,4382,2025-07-11 00:00:00,,pending,1
11748,2535,4382,2025-02-19 00:00:00,2025-02-24 00:00:00,accepted,1
11749,462,4551,2025-06-27 00:00:00,2025-07-13 00:00:00,accepted,1
11750,747,4551,2025-06-03 00:00:00,,pending,1
11751,779,4551,2025-06-12 00:00:00,2025-06-28 00:00:00,accepted,1
11752,2906,4551,2025-07-26 00:00:00,2025-08-04 00:00:00,rejected,1
11753,2311,5156,2025-10-01 00:00:00,2025-10-02 00:00:00,rejected,1
11754,1375,5156,2025-06-04 00:00:00,2025-06-19 00:00:00,accepted,1
11755,3008,5156,2025-08-29 00:00:00,2025-09-15 00:00:00,canceled,1
11756,1909,3097,2024-11-26 00:00:00,2024-12-02 00:00:00,accepted,1
11757,2533,3097,2024-07-11 00:00:00,2024-07-21 00:00:00,accepted,1
11758,2818,3097,2025-07-18 00:00:00,2025-07-19 00:00:00,accepted,1
11759,1750,3124,2025-12-10 00:00:00,,pending,1
11760,2344,3124,2024-12-07 00:00:00,,pending,1
11761,645,3124,2025-04-04 00:00:00,,alerted,0
11762,1460,1735,2024-12-08 00:00:00,,pending,1
11763,1128,1735,2025-12-08 00:00:00,,pending,1
11764,2561,1735,2025-09-13 00:00:00,,pending,1
11765,2258,1885,2025-05-12 00:00:00,,pending,1
11766,2868,1885,2024-12-06 00:00:00,2024-12-18 00:00:00,accepted,1
11767,2198,1878,2025-10-28 00:00:00,2025-11-07 00:00:00,accepted,1
11768,1340,1878,2025-01-23 00:00:00,2025-02-12 00:00:00,accepted,1
11769,1517,1878,2025-02-04 00:00:00,2025-02-14 00:00:00,canceled,1
11770,2289,1878,2024-12-01 00:00:00,,pending,1
11771,581,3162,2025-05-18 00:00:00,2025-05-19 00:00:00,rejected,1
11772,23,3162,2025-03-15 00:00:00,2025-03-20 00:00:00,accepted,1
11774,386,3162,2025-11-13 00:00:00,,pending,1
11775,426,5361,2025-08-01 00:00:00,2025-08-09 00:00:00,canceled,1
11776,277,5361,2025-06-18 00:00:00,2025-06-22 00:00:00,canceled,1
11778,454,5361,2025-09-25 00:00:00,2025-10-03 00:00:00,accepted,1
11779,2671,3928,2025-11-01 00:00:00,,pending,1
11780,261,3928,2025-07-24 00:00:00,2025-08-11 00:00:00,accepted,1
11781,74,4419,2025-11-06 00:00:00,2025-11-16 00:00:00,accepted,1
11782,1802,4419,2025-10-18 00:00:00,2025-10-25 00:00:00,rejected,1
11783,2887,4419,2025-04-01 00:00:00,2025-04-16 00:00:00,canceled,1
11784,436,4419,2024-07-29 00:00:00,,pending,1
11785,3039,4778,2025-07-26 00:00:00,2025-08-04 00:00:00,accepted,1
11786,1774,4778,2025-09-24 00:00:00,2025-09-26 00:00:00,canceled,1
11787,133,1637,2024-08-08 00:00:00,2024-08-14 00:00:00,accepted,1
11788,2961,1637,2025-07-03 00:00:00,2025-07-15 00:00:00,rejected,1
11789,79,1637,2025-08-04 00:00:00,2025-08-17 00:00:00,accepted,1
11790,1316,1637,2025-09-25 00:00:00,2025-09-30 00:00:00,accepted,1
11791,1178,2704,2025-03-17 00:00:00,2025-03-28 00:00:00,accepted,1
11792,993,2704,2025-11-01 00:00:00,2025-11-07 00:00:00,accepted,1
11793,779,1899,2025-06-26 00:00:00,,pending,1
11794,1208,1899,2024-11-16 00:00:00,,pending,1
11795,2996,1899,2025-03-19 00:00:00,2025-04-04 00:00:00,rejected,1
11796,462,1899,2025-07-15 00:00:00,2025-07-18 00:00:00,canceled,1
11797,2616,2744,2025-11-28 00:00:00,2025-12-09 00:00:00,accepted,1
11798,1192,2744,2024-05-25 00:00:00,2024-06-05 00:00:00,accepted,1
11799,2077,2744,2025-11-28 00:00:00,2025-12-11 00:00:00,accepted,1
11800,1735,3683,2024-11-14 00:00:00,,pending,1
11801,424,3683,2025-07-15 00:00:00,,pending,1
11802,749,3683,2025-08-27 00:00:00,2025-09-12 00:00:00,canceled,1
11803,3008,4184,2025-10-06 00:00:00,2025-10-23 00:00:00,accepted,1
11804,2671,4184,2025-11-15 00:00:00,2025-11-24 00:00:00,accepted,1
11805,1621,4173,2025-12-24 00:00:00,2026-01-08 00:00:00,rejected,1
11806,424,4173,2025-09-05 00:00:00,2025-09-15 00:00:00,accepted,1
11808,3008,4173,2025-10-24 00:00:00,,pending,1
11809,1189,1923,2025-05-12 00:00:00,2025-05-24 00:00:00,accepted,1
11810,925,1923,2024-04-29 00:00:00,2024-05-18 00:00:00,accepted,1
11811,730,1923,2024-06-14 00:00:00,2024-06-25 00:00:00,accepted,1
11812,1108,1923,2025-10-24 00:00:00,2025-10-25 00:00:00,accepted,1
11813,477,4831,2024-11-06 00:00:00,2024-11-13 00:00:00,accepted,1
11814,140,4831,2024-05-03 00:00:00,2024-05-04 00:00:00,canceled,1
11815,924,3335,2025-10-26 00:00:00,2025-10-27 00:00:00,accepted,1
11816,1942,3335,2024-10-27 00:00:00,2024-11-03 00:00:00,accepted,1
11817,2297,4018,2025-11-12 00:00:00,2025-11-25 00:00:00,accepted,1
11818,924,4018,2025-10-13 00:00:00,,pending,1
11819,2808,4018,2025-04-04 00:00:00,2025-04-18 00:00:00,accepted,1
11820,1266,4018,2024-09-27 00:00:00,2024-10-15 00:00:00,accepted,1
11821,569,4065,2025-12-21 00:00:00,2025-12-29 00:00:00,canceled,1
11823,1032,4065,2025-07-04 00:00:00,2025-07-24 00:00:00,accepted,1
11824,77,4065,2025-02-04 00:00:00,,pending,1
11825,973,5368,2026-01-08 00:00:00,2026-01-10 00:00:00,accepted,1
11826,38,5368,2024-11-03 00:00:00,,alerted,0
11827,364,5368,2025-10-26 00:00:00,2025-11-14 00:00:00,accepted,1
11828,518,5368,2025-10-10 00:00:00,,alerted,0
11829,933,3374,2025-06-29 00:00:00,2025-07-19 00:00:00,accepted,1
11830,956,3374,2025-08-11 00:00:00,2025-08-12 00:00:00,canceled,1
11831,720,3374,2025-09-29 00:00:00,,pending,1
11832,333,2195,2025-06-18 00:00:00,,pending,1
11833,1559,2195,2025-04-30 00:00:00,2025-05-13 00:00:00,accepted,1
11834,2168,2195,2025-08-19 00:00:00,2025-09-05 00:00:00,rejected,1
11835,2386,3385,2025-09-04 00:00:00,,pending,1
11836,1546,3385,2025-07-11 00:00:00,,pending,1
11837,2272,3674,2025-10-06 00:00:00,2025-10-20 00:00:00,rejected,1
11838,2809,3674,2025-07-17 00:00:00,2025-07-31 00:00:00,accepted,1
11839,2806,3674,2024-07-27 00:00:00,2024-07-28 00:00:00,accepted,1
11840,844,2476,2025-09-08 00:00:00,,alerted,0
11841,21,2476,2025-03-21 00:00:00,2025-04-08 00:00:00,accepted,1
11842,1576,2476,2025-04-17 00:00:00,,pending,1
11843,781,5199,2025-10-24 00:00:00,2025-10-25 00:00:00,rejected,1
11844,775,5199,2024-07-20 00:00:00,2024-07-25 00:00:00,accepted,1
11845,989,5199,2025-08-18 00:00:00,,pending,1
11846,340,5409,2025-09-09 00:00:00,2025-09-21 00:00:00,accepted,1
11847,1879,5409,2024-10-19 00:00:00,2024-10-25 00:00:00,accepted,1
11850,977,4632,2025-08-16 00:00:00,,pending,1
11851,2833,4632,2025-05-02 00:00:00,2025-05-14 00:00:00,canceled,1
11852,975,4632,2025-04-03 00:00:00,,pending,1
11853,3100,3303,2024-12-09 00:00:00,,pending,1
11854,705,3303,2024-04-12 00:00:00,,pending,1
11855,1959,3303,2024-12-24 00:00:00,2025-01-09 00:00:00,rejected,1
11856,3101,3303,2025-06-11 00:00:00,2025-06-27 00:00:00,canceled,1
11857,967,3660,2025-03-30 00:00:00,,alerted,0
11858,1304,3660,2025-07-11 00:00:00,,pending,1
11859,1276,4481,2025-06-15 00:00:00,,pending,1
11860,454,4481,2025-10-24 00:00:00,,pending,1
11861,248,2545,2025-07-11 00:00:00,,alerted,0
11862,3170,2545,2025-03-25 00:00:00,2025-04-01 00:00:00,accepted,1
11863,2208,2951,2025-10-07 00:00:00,2025-10-17 00:00:00,canceled,1
11864,596,2951,2024-09-09 00:00:00,,pending,1
11865,405,2951,2025-06-14 00:00:00,2025-06-25 00:00:00,accepted,1
11866,940,5288,2025-12-27 00:00:00,2026-01-12 00:00:00,accepted,1
11867,1923,5288,2025-08-15 00:00:00,2025-08-28 00:00:00,canceled,1
11868,2046,5288,2025-02-24 00:00:00,2025-02-26 00:00:00,accepted,1
11869,719,5288,2025-08-14 00:00:00,,pending,1
11870,2168,4211,2025-08-31 00:00:00,2025-09-13 00:00:00,canceled,1
11871,1662,4211,2024-06-08 00:00:00,2024-06-18 00:00:00,accepted,1
11873,913,4888,2025-10-25 00:00:00,2025-11-03 00:00:00,accepted,1
11874,2387,4888,2025-08-24 00:00:00,,pending,1
11875,1289,4888,2025-05-21 00:00:00,,pending,1
11877,1185,4602,2024-08-29 00:00:00,2024-09-10 00:00:00,accepted,1
11878,2671,2690,2025-09-26 00:00:00,2025-10-02 00:00:00,canceled,1
11879,3008,2690,2025-10-01 00:00:00,2025-10-08 00:00:00,accepted,1
11880,3001,5332,2025-11-19 00:00:00,,pending,1
11881,1208,5332,2025-01-02 00:00:00,2025-01-15 00:00:00,accepted,1
11882,2621,5332,2025-09-24 00:00:00,2025-10-06 00:00:00,accepted,1
11883,795,3289,2024-06-05 00:00:00,2024-06-21 00:00:00,accepted,1
11886,1597,3289,2025-02-20 00:00:00,2025-02-24 00:00:00,accepted,1
11887,1369,2251,2025-09-25 00:00:00,2025-10-15 00:00:00,accepted,1
11888,2299,2251,2025-09-07 00:00:00,,pending,1
11889,2616,2268,2025-10-08 00:00:00,,pending,1
11890,645,2268,2025-05-09 00:00:00,,alerted,0
11891,2671,3578,2025-10-19 00:00:00,2025-11-05 00:00:00,accepted,1
11892,3154,3578,2025-09-16 00:00:00,2025-10-05 00:00:00,accepted,1
11893,1192,3720,2024-07-19 00:00:00,2024-08-01 00:00:00,accepted,1
11894,2758,3720,2025-10-17 00:00:00,2025-11-02 00:00:00,accepted,1
11895,779,3720,2025-04-11 00:00:00,2025-05-01 00:00:00,accepted,1
11896,829,4725,2026-01-05 00:00:00,2026-01-17 00:00:00,rejected,1
11897,1794,4725,2025-08-14 00:00:00,2025-08-15 00:00:00,canceled,1
11898,2878,4725,2025-11-25 00:00:00,,pending,1
11899,1284,4416,2025-06-16 00:00:00,,pending,1
11900,2282,4416,2025-08-17 00:00:00,2025-08-29 00:00:00,accepted,1
11901,3032,4416,2024-07-09 00:00:00,,pending,1
11902,2547,3982,2024-03-28 00:00:00,,pending,1
11903,2159,3982,2025-11-03 00:00:00,,alerted,0
11904,3084,3982,2025-04-19 00:00:00,2025-04-20 00:00:00,canceled,1
11905,781,3330,2025-10-09 00:00:00,2025-10-27 00:00:00,accepted,1
11906,2622,3330,2025-09-27 00:00:00,,pending,1
11907,2996,3330,2025-04-18 00:00:00,2025-05-02 00:00:00,canceled,1
11908,2798,1675,2024-10-29 00:00:00,2024-11-14 00:00:00,canceled,1
11909,1352,1675,2025-03-03 00:00:00,2025-03-04 00:00:00,accepted,1
11910,967,1675,2025-04-07 00:00:00,,alerted,0
11911,1780,5337,2025-06-14 00:00:00,,pending,1
11912,3086,5337,2025-09-15 00:00:00,,alerted,0
11913,2215,5272,2025-08-30 00:00:00,,pending,1
11914,2769,5272,2024-11-02 00:00:00,2024-11-17 00:00:00,accepted,1
11916,2435,1648,2025-07-15 00:00:00,2025-07-30 00:00:00,accepted,1
11918,1750,1648,2025-10-20 00:00:00,2025-11-07 00:00:00,canceled,1
11919,887,4868,2025-09-18 00:00:00,2025-10-02 00:00:00,accepted,1
11920,322,4868,2024-10-20 00:00:00,,pending,1
11921,933,4868,2025-06-29 00:00:00,2025-07-06 00:00:00,rejected,1
11922,2569,4868,2025-10-15 00:00:00,2025-10-27 00:00:00,rejected,1
11923,133,3352,2024-07-23 00:00:00,2024-07-26 00:00:00,rejected,1
11924,2150,3352,2026-01-03 00:00:00,2026-01-09 00:00:00,accepted,1
11925,2816,3352,2024-07-29 00:00:00,,pending,1
11926,2800,3352,2025-03-29 00:00:00,2025-04-05 00:00:00,accepted,1
11927,3076,5369,2024-03-18 00:00:00,2024-03-20 00:00:00,rejected,1
11928,2264,5369,2025-11-11 00:00:00,,pending,1
11929,239,3906,2025-08-24 00:00:00,,pending,1
11930,965,3906,2024-07-24 00:00:00,2024-08-13 00:00:00,accepted,1
11931,438,3906,2026-01-03 00:00:00,2026-01-15 00:00:00,accepted,1
11932,347,3906,2024-11-11 00:00:00,,alerted,0
11933,1032,3280,2025-07-01 00:00:00,,pending,1
11934,2891,3280,2025-08-04 00:00:00,2025-08-08 00:00:00,accepted,1
11935,1896,3280,2025-09-24 00:00:00,,pending,1
11936,2440,3538,2024-11-29 00:00:00,2024-12-19 00:00:00,accepted,1
11937,2563,3538,2025-11-23 00:00:00,,pending,1
11938,2108,3538,2025-09-26 00:00:00,2025-10-12 00:00:00,accepted,1
11940,3002,4074,2025-12-25 00:00:00,2026-01-10 00:00:00,canceled,1
11941,1720,4074,2025-07-19 00:00:00,2025-08-01 00:00:00,canceled,1
11942,710,4074,2025-08-19 00:00:00,2025-08-23 00:00:00,accepted,1
11943,2955,2773,2025-01-19 00:00:00,2025-01-20 00:00:00,rejected,1
11944,1296,2773,2025-09-09 00:00:00,2025-09-26 00:00:00,rejected,1
11945,2239,3616,2025-07-19 00:00:00,,pending,1
11946,3151,3616,2025-04-15 00:00:00,,pending,1
11947,1415,3616,2025-10-05 00:00:00,2025-10-06 00:00:00,canceled,1
11948,2952,3616,2025-04-08 00:00:00,,pending,1
11949,1574,2924,2025-07-31 00:00:00,,pending,1
11950,4,2924,2025-04-15 00:00:00,,alerted,0
11951,2239,2924,2025-07-24 00:00:00,2025-07-26 00:00:00,rejected,1
11952,675,2924,2025-11-26 00:00:00,2025-12-13 00:00:00,rejected,1
11953,2655,2144,2024-06-29 00:00:00,2024-07-13 00:00:00,accepted,1
11954,936,2144,2025-02-26 00:00:00,,pending,1
11955,924,2144,2025-09-20 00:00:00,,pending,1
11956,1768,2144,2025-11-12 00:00:00,,pending,1
11957,2560,3336,2025-09-17 00:00:00,,pending,1
11958,1498,3336,2025-07-22 00:00:00,,pending,1
11959,2352,3336,2025-11-27 00:00:00,2025-12-11 00:00:00,rejected,1
11960,3120,4122,2025-08-08 00:00:00,2025-08-14 00:00:00,canceled,1
11961,557,4122,2025-08-12 00:00:00,,pending,1
11962,401,4122,2025-12-08 00:00:00,,pending,1
11963,897,4122,2025-11-10 00:00:00,,pending,1
11964,577,2985,2025-04-09 00:00:00,2025-04-26 00:00:00,accepted,1
11965,2519,2985,2025-10-05 00:00:00,2025-10-17 00:00:00,rejected,1
11966,197,4309,2025-07-16 00:00:00,2025-07-22 00:00:00,canceled,1
11967,977,4309,2025-07-24 00:00:00,2025-08-01 00:00:00,rejected,1
11968,816,1992,2025-05-20 00:00:00,,pending,1
11969,1644,1992,2024-10-06 00:00:00,2024-10-18 00:00:00,accepted,1
11970,2862,3281,2025-10-24 00:00:00,2025-10-25 00:00:00,accepted,1
11971,2503,3281,2025-12-20 00:00:00,2026-01-02 00:00:00,accepted,1
11972,1408,3281,2025-09-12 00:00:00,,pending,1
11973,943,3281,2026-01-07 00:00:00,,pending,1
11974,1197,3484,2025-08-18 00:00:00,,pending,1
11975,2387,3484,2025-08-30 00:00:00,2025-09-08 00:00:00,accepted,1
11976,136,2080,2025-05-07 00:00:00,2025-05-09 00:00:00,accepted,1
11977,2956,2080,2025-03-23 00:00:00,,pending,1
11978,2842,3128,2025-02-22 00:00:00,,pending,1
11979,2686,3128,2025-11-30 00:00:00,2025-12-02 00:00:00,rejected,1
11980,11,4145,2025-04-10 00:00:00,2025-04-23 00:00:00,accepted,1
11981,1380,4145,2025-01-08 00:00:00,,pending,1
11982,138,4145,2024-12-30 00:00:00,,pending,1
11983,1890,2507,2025-11-22 00:00:00,2025-12-05 00:00:00,accepted,1
11984,104,2507,2025-03-24 00:00:00,2025-04-06 00:00:00,accepted,1
11985,4,2507,2025-03-21 00:00:00,,alerted,0
11986,5,2507,2025-06-07 00:00:00,,alerted,0
11987,720,1787,2025-11-14 00:00:00,2025-11-22 00:00:00,accepted,1
11988,2173,1787,2025-11-21 00:00:00,,pending,1
11989,475,3635,2024-10-28 00:00:00,2024-11-13 00:00:00,accepted,1
11990,2540,3635,2024-07-25 00:00:00,2024-08-10 00:00:00,accepted,1
11991,2868,3635,2024-11-30 00:00:00,2024-12-19 00:00:00,canceled,1
11992,1382,2841,2025-10-13 00:00:00,2025-10-29 00:00:00,rejected,1
11993,1248,2841,2025-07-25 00:00:00,2025-08-03 00:00:00,accepted,1
11994,1456,2841,2025-06-25 00:00:00,2025-06-28 00:00:00,canceled,1
11995,3061,4497,2025-08-30 00:00:00,2025-09-19 00:00:00,accepted,1
11996,1094,4497,2024-07-07 00:00:00,,pending,1
11997,2084,2363,2025-12-13 00:00:00,2025-12-28 00:00:00,canceled,1
11998,811,2363,2025-12-15 00:00:00,2025-12-30 00:00:00,rejected,1
11999,3037,2363,2025-08-24 00:00:00,2025-08-30 00:00:00,canceled,1
12000,2563,3196,2025-10-23 00:00:00,2025-11-10 00:00:00,accepted,1
12001,773,3196,2025-10-21 00:00:00,,pending,1
12002,1172,3196,2024-10-09 00:00:00,,pending,1
12003,2833,2722,2025-04-29 00:00:00,2025-05-01 00:00:00,rejected,1
12004,1340,2722,2025-01-08 00:00:00,,pending,1
12005,530,5151,2025-11-21 00:00:00,,alerted,0
12006,1378,5151,2024-10-12 00:00:00,2024-10-23 00:00:00,accepted,1
12007,3154,5271,2025-11-14 00:00:00,,pending,1
12008,1378,5271,2024-11-11 00:00:00,,pending,1
12009,482,4945,2025-11-06 00:00:00,2025-11-15 00:00:00,rejected,1
12010,1047,4945,2024-12-01 00:00:00,2024-12-06 00:00:00,canceled,1
12011,354,4945,2024-06-23 00:00:00,2024-07-11 00:00:00,accepted,1
12012,115,4064,2024-06-26 00:00:00,2024-07-08 00:00:00,canceled,1
12013,1797,4064,2024-10-31 00:00:00,2024-11-19 00:00:00,accepted,1
12014,1233,4064,2025-04-06 00:00:00,2025-04-13 00:00:00,canceled,1
12015,1799,4064,2025-04-22 00:00:00,2025-05-12 00:00:00,accepted,1
12016,1347,4564,2025-08-07 00:00:00,2025-08-23 00:00:00,rejected,1
12017,2213,4564,2025-10-24 00:00:00,2025-10-25 00:00:00,accepted,1
12018,969,2120,2025-09-16 00:00:00,2025-10-04 00:00:00,accepted,1
12019,347,2120,2024-09-29 00:00:00,2024-10-02 00:00:00,accepted,1
12020,2177,2120,2025-08-09 00:00:00,2025-08-10 00:00:00,accepted,1
12021,2936,2120,2025-10-12 00:00:00,,pending,1
12022,3007,2378,2025-11-09 00:00:00,2025-11-22 00:00:00,accepted,1
12023,1039,2378,2025-10-31 00:00:00,,pending,1
12024,1720,2378,2025-07-29 00:00:00,,pending,1
12025,2257,3049,2025-01-12 00:00:00,2025-01-21 00:00:00,canceled,1
12026,2833,3049,2025-05-02 00:00:00,2025-05-12 00:00:00,rejected,1
12027,1287,5118,2025-07-08 00:00:00,2025-07-23 00:00:00,accepted,1
12028,1218,5118,2025-02-14 00:00:00,2025-02-15 00:00:00,accepted,1
12029,1316,5201,2025-10-15 00:00:00,2025-10-19 00:00:00,rejected,1
12030,3120,5201,2025-07-20 00:00:00,2025-08-08 00:00:00,accepted,1
12031,2177,5201,2025-07-08 00:00:00,,pending,1
12032,2251,5201,2025-04-16 00:00:00,2025-04-17 00:00:00,rejected,1
12033,2593,2718,2025-10-25 00:00:00,2025-11-06 00:00:00,accepted,1
12034,2056,2718,2025-07-06 00:00:00,2025-07-10 00:00:00,canceled,1
12035,1662,2718,2024-07-27 00:00:00,2024-08-15 00:00:00,accepted,1
12036,829,2406,2025-11-29 00:00:00,2025-12-10 00:00:00,accepted,1
12037,574,2406,2025-04-05 00:00:00,2025-04-15 00:00:00,rejected,1
12038,2289,3882,2024-10-16 00:00:00,,pending,1
12039,2291,3882,2025-05-28 00:00:00,2025-06-13 00:00:00,canceled,1
12040,2691,1605,2025-07-19 00:00:00,,pending,1
12041,607,1605,2025-10-06 00:00:00,2025-10-25 00:00:00,accepted,1
12042,2108,1734,2025-11-01 00:00:00,2025-11-09 00:00:00,rejected,1
12043,2563,1734,2025-11-10 00:00:00,,pending,1
12044,2580,1734,2025-04-29 00:00:00,2025-05-07 00:00:00,rejected,1
12045,860,1734,2025-03-05 00:00:00,,pending,1
12046,831,4932,2025-08-07 00:00:00,,pending,1
12047,35,4932,2025-10-16 00:00:00,,pending,1
12048,530,4932,2025-11-02 00:00:00,,alerted,0
12049,2671,4591,2025-09-04 00:00:00,2025-09-10 00:00:00,canceled,1
12050,101,4591,2025-08-25 00:00:00,2025-08-27 00:00:00,accepted,1
12051,989,4591,2025-10-03 00:00:00,,pending,1
12052,3002,4591,2025-10-18 00:00:00,2025-10-29 00:00:00,rejected,1
12053,155,3575,2025-10-06 00:00:00,2025-10-07 00:00:00,accepted,1
12054,1293,3575,2025-08-23 00:00:00,,pending,1
12055,974,3575,2025-03-28 00:00:00,2025-04-05 00:00:00,canceled,1
12056,299,2580,2024-06-19 00:00:00,2024-06-30 00:00:00,accepted,1
12057,1763,2580,2025-10-29 00:00:00,,pending,1
12058,1760,2580,2024-09-30 00:00:00,,pending,1
12059,1745,2580,2025-12-12 00:00:00,2025-12-21 00:00:00,accepted,1
12060,459,5189,2024-06-17 00:00:00,,alerted,0
12061,347,5189,2024-09-11 00:00:00,,alerted,0
12062,2281,5141,2025-02-05 00:00:00,2025-02-20 00:00:00,rejected,1
12063,1032,5141,2025-07-02 00:00:00,2025-07-12 00:00:00,rejected,1
12064,2873,3848,2025-11-30 00:00:00,2025-12-17 00:00:00,accepted,1
12065,996,3848,2025-03-05 00:00:00,,pending,1
12066,1791,2930,2024-12-26 00:00:00,2025-01-02 00:00:00,accepted,1
12067,345,2930,2025-10-04 00:00:00,,pending,1
12068,1414,2126,2025-10-16 00:00:00,2025-10-21 00:00:00,canceled,1
12069,710,2126,2025-08-01 00:00:00,2025-08-17 00:00:00,accepted,1
12070,439,3766,2025-11-23 00:00:00,2025-11-26 00:00:00,accepted,1
12071,2251,3766,2025-04-12 00:00:00,2025-05-01 00:00:00,accepted,1
12072,109,3766,2025-07-27 00:00:00,,pending,1
12073,248,4045,2025-06-12 00:00:00,,alerted,0
12074,5,4045,2025-06-15 00:00:00,,alerted,0
12075,1955,3894,2025-11-30 00:00:00,2025-12-10 00:00:00,rejected,1
12076,1293,3894,2025-08-02 00:00:00,2025-08-17 00:00:00,rejected,1
12077,976,3894,2025-06-20 00:00:00,2025-07-02 00:00:00,accepted,1
12078,1192,2535,2024-08-09 00:00:00,,pending,1
12079,991,2535,2025-10-24 00:00:00,,pending,1
12080,1417,2447,2025-12-01 00:00:00,2025-12-02 00:00:00,accepted,1
12081,1451,2447,2025-09-12 00:00:00,2025-09-14 00:00:00,accepted,1
12082,842,1581,2025-07-06 00:00:00,,pending,1
12083,2535,1581,2024-12-28 00:00:00,2025-01-06 00:00:00,rejected,1
12084,2057,1581,2025-10-13 00:00:00,2025-10-25 00:00:00,canceled,1
12085,153,1581,2025-09-08 00:00:00,2025-09-21 00:00:00,rejected,1
12086,989,4396,2025-09-06 00:00:00,2025-09-25 00:00:00,accepted,1
12087,101,4396,2025-08-17 00:00:00,,pending,1
12088,2264,4911,2025-10-19 00:00:00,,pending,1
12089,471,4911,2025-04-13 00:00:00,2025-04-18 00:00:00,rejected,1
12090,923,4911,2025-08-28 00:00:00,2025-09-12 00:00:00,rejected,1
12091,2171,4911,2025-04-22 00:00:00,2025-04-28 00:00:00,accepted,1
12092,1985,3769,2025-11-23 00:00:00,2025-12-09 00:00:00,canceled,1
12093,2168,3769,2025-09-27 00:00:00,2025-09-30 00:00:00,accepted,1
12094,368,4751,2025-06-17 00:00:00,2025-06-21 00:00:00,rejected,1
12095,2035,4751,2025-07-25 00:00:00,,pending,1
12096,1981,3904,2025-09-11 00:00:00,2025-09-19 00:00:00,canceled,1
12097,3083,3904,2025-01-25 00:00:00,,pending,1
12098,2420,3112,2024-03-13 00:00:00,,pending,1
12099,115,3112,2024-07-04 00:00:00,,pending,1
12100,3123,3112,2025-09-10 00:00:00,,pending,1
12101,1985,2686,2025-10-13 00:00:00,2025-10-29 00:00:00,accepted,1
12102,1662,2686,2024-07-12 00:00:00,,pending,1
12103,1345,3879,2025-06-06 00:00:00,2025-06-16 00:00:00,accepted,1
12104,3103,3879,2025-09-16 00:00:00,,pending,1
12107,1250,4905,2024-03-16 00:00:00,,pending,1
12108,161,4905,2025-09-06 00:00:00,,pending,1
12109,405,4950,2025-07-13 00:00:00,2025-07-17 00:00:00,accepted,1
12110,3088,4950,2025-06-20 00:00:00,,pending,1
12111,3061,4950,2025-06-21 00:00:00,,pending,1
12112,1812,2118,2025-10-16 00:00:00,,pending,1
12113,1267,2118,2025-01-14 00:00:00,2025-01-30 00:00:00,rejected,1
12114,2228,5175,2024-09-19 00:00:00,,pending,1
12115,265,5175,2025-12-26 00:00:00,2025-12-28 00:00:00,accepted,1
12116,685,5175,2025-09-22 00:00:00,,pending,1
12117,2377,3989,2024-06-26 00:00:00,2024-07-07 00:00:00,accepted,1
12118,2722,3989,2025-02-05 00:00:00,2025-02-08 00:00:00,rejected,1
12119,873,3989,2025-09-19 00:00:00,2025-09-22 00:00:00,accepted,1
12121,2525,1750,2024-12-29 00:00:00,,pending,1
12122,97,1750,2025-07-28 00:00:00,2025-08-11 00:00:00,accepted,1
12123,338,1750,2025-10-27 00:00:00,,pending,1
12124,2412,1750,2025-10-09 00:00:00,,pending,1
12125,1808,3315,2024-12-28 00:00:00,2024-12-29 00:00:00,accepted,1
12126,2083,3315,2025-11-06 00:00:00,,pending,1
12127,2952,3315,2025-03-08 00:00:00,,pending,1
12128,2150,3315,2025-11-26 00:00:00,,pending,1
12129,2914,2457,2025-08-14 00:00:00,,pending,1
12130,2554,2457,2025-04-12 00:00:00,,pending,1
12131,3002,5036,2025-11-22 00:00:00,2025-11-24 00:00:00,rejected,1
12132,532,5036,2025-10-23 00:00:00,,pending,1
12133,2529,5036,2025-11-28 00:00:00,2025-12-07 00:00:00,accepted,1
12134,989,5036,2025-08-11 00:00:00,2025-08-24 00:00:00,accepted,1
12135,291,1582,2025-06-27 00:00:00,2025-07-02 00:00:00,rejected,1
12136,243,1582,2024-11-23 00:00:00,2024-12-10 00:00:00,accepted,1
12137,2625,2097,2025-12-05 00:00:00,2025-12-13 00:00:00,accepted,1
12138,2272,2097,2025-09-27 00:00:00,2025-10-14 00:00:00,accepted,1
12139,1871,2097,2025-05-17 00:00:00,,pending,1
12140,2264,2097,2025-10-10 00:00:00,2025-10-22 00:00:00,accepted,1
12141,486,2050,2025-11-17 00:00:00,,pending,1
12142,367,2050,2025-06-30 00:00:00,,pending,1
12143,2886,2050,2025-03-27 00:00:00,,pending,1
12144,2914,4245,2025-10-09 00:00:00,2025-10-10 00:00:00,rejected,1
12145,197,4245,2025-07-25 00:00:00,,pending,1
12146,1533,4782,2025-07-18 00:00:00,2025-07-23 00:00:00,accepted,1
12147,2886,4782,2025-04-12 00:00:00,,pending,1
12148,43,4782,2025-10-10 00:00:00,,pending,1
12149,624,5181,2025-06-02 00:00:00,2025-06-21 00:00:00,accepted,1
12150,1393,5181,2025-09-17 00:00:00,,pending,1
12151,645,5181,2025-03-19 00:00:00,,alerted,0
12152,2235,5181,2025-10-26 00:00:00,2025-11-08 00:00:00,accepted,1
12153,779,5024,2025-04-03 00:00:00,,pending,1
12154,1192,5024,2024-07-21 00:00:00,2024-07-27 00:00:00,accepted,1
12155,450,5024,2025-08-15 00:00:00,2025-08-19 00:00:00,accepted,1
12156,462,5024,2025-08-11 00:00:00,2025-08-21 00:00:00,accepted,1
12157,2112,3230,2025-11-07 00:00:00,2025-11-08 00:00:00,accepted,1
12158,600,3230,2025-06-27 00:00:00,2025-07-11 00:00:00,accepted,1
12159,1324,3230,2025-04-18 00:00:00,2025-04-19 00:00:00,accepted,1
12160,311,3775,2025-08-05 00:00:00,2025-08-16 00:00:00,rejected,1
12161,2774,3775,2025-12-26 00:00:00,2026-01-05 00:00:00,accepted,1
12162,322,3775,2024-08-13 00:00:00,,pending,1
12163,2159,2478,2025-11-21 00:00:00,,alerted,0
12164,1516,2478,2025-11-06 00:00:00,2025-11-23 00:00:00,accepted,1
12165,2848,2478,2025-12-05 00:00:00,2025-12-14 00:00:00,accepted,1
12166,2715,2478,2025-11-24 00:00:00,2025-11-30 00:00:00,rejected,1
12167,1261,4645,2025-07-09 00:00:00,2025-07-26 00:00:00,rejected,1
12168,845,4645,2025-09-20 00:00:00,2025-09-24 00:00:00,accepted,1
12169,2313,4645,2025-10-12 00:00:00,2025-10-22 00:00:00,accepted,1
12170,221,4645,2024-06-24 00:00:00,2024-07-02 00:00:00,rejected,1
12171,1633,5474,2025-06-25 00:00:00,,pending,1
12172,1296,5474,2025-09-19 00:00:00,,pending,1
12173,2768,2510,2026-01-13 00:00:00,,pending,1
12174,887,2510,2025-08-19 00:00:00,2025-08-20 00:00:00,accepted,1
12175,933,2510,2025-07-07 00:00:00,2025-07-27 00:00:00,accepted,1
12176,2883,4202,2025-10-14 00:00:00,2025-11-02 00:00:00,accepted,1
12177,827,4202,2025-12-10 00:00:00,2025-12-29 00:00:00,accepted,1
12178,162,4202,2025-11-07 00:00:00,2025-11-11 00:00:00,rejected,1
12179,3074,1524,2024-02-21 00:00:00,,pending,1
12180,1685,1524,2025-07-19 00:00:00,2025-07-26 00:00:00,accepted,1
12181,442,1524,2025-06-30 00:00:00,2025-07-01 00:00:00,accepted,1
12182,299,3395,2024-07-01 00:00:00,2024-07-02 00:00:00,accepted,1
12183,820,3395,2024-12-09 00:00:00,2024-12-26 00:00:00,canceled,1
12184,95,3334,2024-04-28 00:00:00,,pending,1
12185,817,3334,2025-04-18 00:00:00,,pending,1
12186,816,3334,2025-02-26 00:00:00,2025-03-07 00:00:00,rejected,1
12187,2446,3334,2025-05-27 00:00:00,2025-05-30 00:00:00,rejected,1
12188,319,4603,2025-09-13 00:00:00,2025-10-02 00:00:00,rejected,1
12189,535,4603,2025-03-26 00:00:00,,pending,1
12190,5,5112,2025-04-28 00:00:00,,alerted,0
12191,248,5112,2025-07-14 00:00:00,,alerted,0
12192,993,2753,2025-10-14 00:00:00,,pending,1
12193,3105,2753,2025-10-31 00:00:00,2025-11-19 00:00:00,accepted,1
12194,5,2753,2025-04-06 00:00:00,,alerted,0
12195,2768,2198,2026-01-02 00:00:00,2026-01-17 00:00:00,accepted,1
12196,2833,2198,2025-06-08 00:00:00,2025-06-13 00:00:00,canceled,1
12197,977,2198,2025-09-14 00:00:00,,pending,1
12198,101,3730,2025-09-05 00:00:00,2025-09-07 00:00:00,accepted,1
12199,2529,3730,2025-10-06 00:00:00,2025-10-12 00:00:00,accepted,1
12200,2256,3730,2025-11-09 00:00:00,2025-11-12 00:00:00,rejected,1
12201,1794,3730,2025-06-11 00:00:00,2025-06-14 00:00:00,accepted,1
12202,3120,2467,2025-07-14 00:00:00,,pending,1
12203,1644,2467,2024-09-17 00:00:00,,pending,1
12204,2766,4158,2025-08-24 00:00:00,2025-08-29 00:00:00,canceled,1
12205,933,4158,2025-08-18 00:00:00,2025-09-05 00:00:00,accepted,1
12206,956,4158,2025-08-16 00:00:00,2025-08-31 00:00:00,accepted,1
12207,717,4158,2025-09-16 00:00:00,2025-10-05 00:00:00,canceled,1
12208,617,4149,2025-10-17 00:00:00,,alerted,0
12209,1750,4149,2025-12-09 00:00:00,2025-12-22 00:00:00,accepted,1
12210,645,4149,2025-04-06 00:00:00,,alerted,0
12211,600,4688,2025-05-13 00:00:00,2025-05-31 00:00:00,rejected,1
12212,76,4688,2024-04-08 00:00:00,2024-04-13 00:00:00,canceled,1
12213,2171,4651,2025-03-26 00:00:00,2025-03-29 00:00:00,accepted,1
12214,2457,4651,2025-01-24 00:00:00,,pending,1
12215,2774,1815,2026-01-03 00:00:00,2026-01-23 00:00:00,rejected,1
12216,322,1815,2024-08-06 00:00:00,,pending,1
12217,3061,1815,2025-09-06 00:00:00,2025-09-19 00:00:00,canceled,1
12218,687,1520,2025-11-02 00:00:00,2025-11-05 00:00:00,canceled,1
12219,5,1520,2025-06-07 00:00:00,,alerted,0
12220,1451,1520,2025-11-15 00:00:00,,pending,1
12221,1414,3071,2025-11-17 00:00:00,2025-11-18 00:00:00,accepted,1
12222,2344,3071,2025-01-01 00:00:00,2025-01-20 00:00:00,accepted,1
12223,2004,2716,2025-02-19 00:00:00,2025-03-06 00:00:00,rejected,1
12224,2258,2716,2025-05-22 00:00:00,,pending,1
12225,92,2716,2024-03-29 00:00:00,,pending,1
12226,89,4086,2025-07-08 00:00:00,,pending,1
12227,2226,4086,2025-10-13 00:00:00,2025-10-26 00:00:00,accepted,1
12228,2958,4086,2025-11-13 00:00:00,2025-12-02 00:00:00,accepted,1
12229,1879,4086,2024-09-11 00:00:00,2024-09-22 00:00:00,accepted,1
12230,1513,4833,2024-05-12 00:00:00,2024-05-19 00:00:00,accepted,1
12231,2563,4833,2025-10-17 00:00:00,2025-10-19 00:00:00,accepted,1
12232,281,4833,2025-10-18 00:00:00,,pending,1
12233,307,5020,2025-11-19 00:00:00,2025-11-25 00:00:00,accepted,1
12234,2996,5020,2025-05-20 00:00:00,,pending,1
12235,1378,3823,2024-09-15 00:00:00,2024-09-24 00:00:00,accepted,1
12236,2344,3823,2024-11-16 00:00:00,,pending,1
12237,2809,4253,2025-08-19 00:00:00,2025-08-23 00:00:00,accepted,1
12239,2303,4253,2024-10-01 00:00:00,2024-10-10 00:00:00,accepted,1
12240,3128,4253,2025-09-21 00:00:00,2025-10-01 00:00:00,accepted,1
12241,1670,4148,2026-01-06 00:00:00,2026-01-13 00:00:00,rejected,1
12242,977,4148,2025-08-07 00:00:00,,pending,1
12243,933,4148,2025-07-23 00:00:00,2025-08-11 00:00:00,rejected,1
12244,1715,1855,2025-09-25 00:00:00,2025-10-01 00:00:00,accepted,1
12245,687,1855,2025-12-11 00:00:00,2025-12-20 00:00:00,canceled,1
12246,1460,1855,2025-01-21 00:00:00,,pending,1
12247,817,1715,2025-05-13 00:00:00,2025-05-14 00:00:00,accepted,1
12248,3170,1715,2025-04-03 00:00:00,,pending,1
12249,678,1715,2026-01-03 00:00:00,,pending,1
12250,1089,2101,2024-11-30 00:00:00,2024-12-07 00:00:00,rejected,1
12251,2753,2101,2025-10-02 00:00:00,,pending,1
12252,2151,3548,2024-09-12 00:00:00,2024-09-21 00:00:00,accepted,1
12253,891,3548,2025-08-22 00:00:00,2025-08-31 00:00:00,canceled,1
12254,3083,3548,2025-04-10 00:00:00,,pending,1
12255,1408,4746,2025-10-24 00:00:00,,pending,1
12256,1923,4746,2025-07-03 00:00:00,,pending,1
12257,3088,4746,2025-08-26 00:00:00,2025-09-09 00:00:00,canceled,1
12258,2215,3333,2025-10-05 00:00:00,,pending,1
12259,2354,3333,2025-12-01 00:00:00,2025-12-10 00:00:00,accepted,1
12261,424,2256,2025-07-12 00:00:00,2025-07-27 00:00:00,accepted,1
12262,2026,2256,2024-10-15 00:00:00,,pending,1
12263,2625,2309,2025-11-08 00:00:00,2025-11-19 00:00:00,canceled,1
12264,1871,2309,2025-03-08 00:00:00,,pending,1
12265,2228,1989,2024-10-29 00:00:00,,pending,1
12266,944,1989,2024-12-07 00:00:00,2024-12-24 00:00:00,accepted,1
12267,1469,1989,2025-07-25 00:00:00,2025-07-31 00:00:00,canceled,1
12268,1396,3801,2024-07-17 00:00:00,2024-07-21 00:00:00,accepted,1
12269,1446,3801,2025-10-29 00:00:00,,pending,1
12270,2026,3854,2024-10-30 00:00:00,,pending,1
12271,2616,3854,2025-10-04 00:00:00,2025-10-18 00:00:00,accepted,1
12272,645,3854,2025-06-01 00:00:00,,alerted,0
12273,1414,3854,2025-10-26 00:00:00,2025-11-10 00:00:00,rejected,1
12274,1878,4576,2024-08-28 00:00:00,2024-08-31 00:00:00,accepted,1
12275,2800,4576,2025-05-26 00:00:00,2025-06-02 00:00:00,accepted,1
12276,2551,4576,2025-08-19 00:00:00,2025-09-06 00:00:00,canceled,1
12277,38,4576,2024-09-20 00:00:00,,alerted,0
12278,2605,4666,2025-10-23 00:00:00,,pending,1
12279,1720,4666,2025-06-19 00:00:00,2025-06-23 00:00:00,accepted,1
12280,243,2540,2024-11-18 00:00:00,2024-12-03 00:00:00,accepted,1
12281,602,2540,2025-09-16 00:00:00,2025-09-17 00:00:00,accepted,1
12282,3190,2540,2025-07-11 00:00:00,2025-07-26 00:00:00,accepted,1
12283,749,2034,2025-08-12 00:00:00,2025-08-22 00:00:00,accepted,1
12284,2236,2034,2025-12-02 00:00:00,2025-12-04 00:00:00,accepted,1
12285,2604,2034,2025-07-25 00:00:00,2025-08-12 00:00:00,accepted,1
12286,3083,1668,2025-03-04 00:00:00,,pending,1
12287,2151,1668,2024-09-03 00:00:00,2024-09-12 00:00:00,rejected,1
12288,1326,1668,2025-08-04 00:00:00,,pending,1
12289,1513,4146,2024-06-02 00:00:00,,pending,1
12290,3173,4146,2025-08-17 00:00:00,2025-08-21 00:00:00,accepted,1
12291,1514,4146,2025-10-16 00:00:00,,pending,1
12292,35,4010,2025-12-03 00:00:00,2025-12-22 00:00:00,accepted,1
12293,488,4010,2025-06-23 00:00:00,,pending,1
12294,1378,4010,2024-08-27 00:00:00,2024-08-31 00:00:00,accepted,1
12295,2886,5008,2025-02-10 00:00:00,2025-02-19 00:00:00,rejected,1
12296,1994,5008,2025-06-22 00:00:00,2025-07-01 00:00:00,accepted,1
12297,2772,2586,2025-12-05 00:00:00,,pending,1
12298,1359,2586,2025-06-09 00:00:00,2025-06-27 00:00:00,accepted,1
12299,2576,2586,2025-10-12 00:00:00,2025-10-17 00:00:00,accepted,1
12300,2058,2586,2025-11-06 00:00:00,2025-11-21 00:00:00,canceled,1
12301,1662,5383,2024-07-13 00:00:00,,pending,1
12302,1088,5383,2025-10-19 00:00:00,2025-10-21 00:00:00,rejected,1
12303,2148,5383,2024-11-14 00:00:00,2024-11-22 00:00:00,accepted,1
12304,2241,4088,2025-07-17 00:00:00,2025-07-27 00:00:00,canceled,1
12305,2204,4088,2025-01-24 00:00:00,2025-02-11 00:00:00,rejected,1
12306,1409,1513,2025-03-31 00:00:00,2025-04-18 00:00:00,rejected,1
12307,253,1513,2025-09-21 00:00:00,,pending,1
12308,1375,5014,2025-05-08 00:00:00,2025-05-26 00:00:00,canceled,1
12309,308,5014,2025-10-18 00:00:00,2025-11-01 00:00:00,accepted,1
12310,1696,5014,2025-09-27 00:00:00,2025-10-07 00:00:00,rejected,1
12311,1276,5014,2025-06-13 00:00:00,2025-06-24 00:00:00,accepted,1
12312,2692,4288,2025-08-30 00:00:00,2025-09-19 00:00:00,accepted,1
12313,1942,4288,2024-08-18 00:00:00,2024-09-05 00:00:00,accepted,1
12314,3076,4288,2024-03-20 00:00:00,2024-03-21 00:00:00,accepted,1
12315,2828,4288,2025-12-23 00:00:00,2026-01-07 00:00:00,canceled,1
12316,1907,5196,2025-10-12 00:00:00,2025-10-30 00:00:00,rejected,1
12317,769,5196,2025-10-06 00:00:00,,pending,1
12318,768,5196,2025-10-11 00:00:00,,pending,1
12319,1185,5196,2024-09-16 00:00:00,2024-09-22 00:00:00,canceled,1
12320,2289,5107,2024-11-10 00:00:00,,pending,1
12321,1359,5107,2025-08-05 00:00:00,,pending,1
12322,3088,5107,2025-09-01 00:00:00,,pending,1
12323,2956,4007,2025-04-02 00:00:00,,pending,1
12324,2382,4007,2025-05-05 00:00:00,2025-05-10 00:00:00,accepted,1
12325,844,2597,2025-08-30 00:00:00,,pending,1
12326,720,2597,2025-09-10 00:00:00,2025-09-29 00:00:00,accepted,1
12327,1864,5159,2025-12-13 00:00:00,2025-12-22 00:00:00,canceled,1
12328,2886,5159,2025-02-19 00:00:00,2025-03-06 00:00:00,canceled,1
12329,1826,5159,2025-09-30 00:00:00,2025-10-09 00:00:00,accepted,1
12330,705,4295,2024-06-19 00:00:00,2024-07-05 00:00:00,accepted,1
12331,2828,4295,2025-11-08 00:00:00,,pending,1
12332,2264,4295,2025-11-13 00:00:00,2025-11-27 00:00:00,accepted,1
12334,553,3253,2025-11-24 00:00:00,2025-12-05 00:00:00,accepted,1
12335,2147,3253,2024-09-02 00:00:00,2024-09-13 00:00:00,rejected,1
12336,676,3253,2025-11-08 00:00:00,2025-11-17 00:00:00,accepted,1
12337,1464,3519,2025-12-12 00:00:00,,pending,1
12338,1267,3519,2025-01-09 00:00:00,2025-01-22 00:00:00,accepted,1
12339,258,4535,2025-08-09 00:00:00,,pending,1
12340,3132,4535,2024-08-17 00:00:00,,pending,1
12341,2728,5411,2025-10-28 00:00:00,2025-11-06 00:00:00,accepted,1
12342,2758,5411,2025-08-29 00:00:00,2025-09-03 00:00:00,accepted,1
12343,462,5411,2025-09-10 00:00:00,2025-09-24 00:00:00,accepted,1
12344,2509,2351,2025-10-24 00:00:00,,pending,1
12345,2042,2351,2025-08-15 00:00:00,,pending,1
12346,2809,4792,2025-06-01 00:00:00,2025-06-17 00:00:00,rejected,1
12347,923,4792,2025-09-14 00:00:00,,pending,1
12348,444,1536,2025-09-26 00:00:00,,pending,1
12349,54,1536,2025-09-02 00:00:00,2025-09-03 00:00:00,accepted,1
12350,1721,1536,2025-08-25 00:00:00,,pending,1
12351,3190,4283,2025-07-25 00:00:00,2025-08-03 00:00:00,accepted,1
12352,2715,4283,2025-10-06 00:00:00,2025-10-16 00:00:00,accepted,1
12353,1732,4283,2025-09-26 00:00:00,2025-10-12 00:00:00,accepted,1
12354,2150,4283,2025-11-03 00:00:00,2025-11-06 00:00:00,accepted,1
12355,1359,1644,2025-08-02 00:00:00,2025-08-10 00:00:00,rejected,1
12356,23,1644,2025-04-13 00:00:00,,pending,1
12357,2641,3847,2025-07-03 00:00:00,2025-07-20 00:00:00,accepted,1
12358,761,3847,2025-12-24 00:00:00,2026-01-02 00:00:00,canceled,1
12359,1202,3847,2025-09-27 00:00:00,2025-09-29 00:00:00,accepted,1
12360,2857,3847,2024-12-26 00:00:00,2024-12-31 00:00:00,rejected,1
12361,2769,1531,2024-12-09 00:00:00,,pending,1
12362,1204,1531,2024-02-05 00:00:00,,pending,1
12363,2366,1531,2025-11-15 00:00:00,,pending,1
12364,911,1531,2025-11-18 00:00:00,,pending,1
12365,2641,4672,2025-06-24 00:00:00,,pending,1
12366,2854,4672,2024-06-09 00:00:00,,pending,1
12367,2057,2684,2025-10-12 00:00:00,2025-10-27 00:00:00,rejected,1
12368,2198,2684,2025-10-31 00:00:00,2025-11-02 00:00:00,accepted,1
12369,2215,2339,2025-10-29 00:00:00,2025-11-03 00:00:00,accepted,1
12370,3128,2339,2025-09-22 00:00:00,2025-10-02 00:00:00,accepted,1
12371,2533,3360,2024-06-13 00:00:00,2024-07-01 00:00:00,rejected,1
12372,1455,3360,2025-05-03 00:00:00,2025-05-16 00:00:00,accepted,1
12373,2847,3360,2025-09-27 00:00:00,2025-10-08 00:00:00,accepted,1
12374,4,3409,2025-05-10 00:00:00,2025-05-18 00:00:00,accepted,1
12375,861,3409,2025-03-08 00:00:00,2025-03-20 00:00:00,accepted,1
12376,1801,4017,2026-01-10 00:00:00,,pending,1
12377,727,4017,2025-06-11 00:00:00,,alerted,0
12378,1887,4017,2025-11-05 00:00:00,,pending,1
12379,3105,4017,2025-11-13 00:00:00,2025-11-30 00:00:00,accepted,1
12380,2843,2500,2025-06-01 00:00:00,2025-06-09 00:00:00,rejected,1
12381,2702,2500,2025-11-01 00:00:00,2025-11-11 00:00:00,accepted,1
12382,817,3123,2025-05-06 00:00:00,,pending,1
12383,3170,3123,2025-04-10 00:00:00,2025-04-19 00:00:00,rejected,1
12384,1597,3123,2025-01-30 00:00:00,2025-02-05 00:00:00,accepted,1
12385,678,3123,2025-12-15 00:00:00,2025-12-30 00:00:00,rejected,1
12386,3108,4484,2026-01-06 00:00:00,2026-01-26 00:00:00,accepted,1
12387,1715,4484,2025-11-17 00:00:00,2025-11-23 00:00:00,accepted,1
12388,1128,4484,2025-10-28 00:00:00,2025-11-04 00:00:00,accepted,1
12389,1823,2828,2024-09-04 00:00:00,,pending,1
12390,1238,2828,2025-11-03 00:00:00,2025-11-17 00:00:00,rejected,1
12391,989,2800,2025-08-10 00:00:00,,pending,1
12392,2616,2800,2025-10-02 00:00:00,2025-10-05 00:00:00,accepted,1
12393,3170,5225,2025-05-01 00:00:00,,pending,1
12394,3039,5225,2025-08-11 00:00:00,2025-08-20 00:00:00,accepted,1
12395,1991,2224,2024-07-27 00:00:00,2024-08-12 00:00:00,canceled,1
12396,2535,2224,2025-02-03 00:00:00,2025-02-16 00:00:00,accepted,1
12397,2197,1687,2025-09-03 00:00:00,,pending,1
12398,2505,1687,2025-10-29 00:00:00,2025-11-03 00:00:00,accepted,1
12399,342,3760,2024-12-12 00:00:00,,pending,1
12400,12,3760,2025-06-23 00:00:00,2025-07-04 00:00:00,accepted,1
12401,1818,3760,2024-01-09 00:00:00,2024-01-14 00:00:00,accepted,1
12402,774,3760,2024-06-02 00:00:00,,pending,1
12403,2798,5005,2024-11-29 00:00:00,2024-12-13 00:00:00,accepted,1
12404,2052,5005,2025-05-21 00:00:00,2025-05-31 00:00:00,accepted,1
12405,967,5005,2025-03-11 00:00:00,,alerted,0
12406,1747,5477,2025-11-03 00:00:00,,pending,1
12407,748,5477,2025-07-24 00:00:00,,pending,1
12408,2793,5477,2025-11-08 00:00:00,2025-11-16 00:00:00,accepted,1
12409,2996,5477,2025-06-04 00:00:00,,pending,1
12410,255,2611,2025-11-02 00:00:00,2025-11-21 00:00:00,accepted,1
12411,2784,2611,2025-11-18 00:00:00,2025-12-03 00:00:00,accepted,1
12412,834,2611,2025-08-26 00:00:00,2025-09-05 00:00:00,accepted,1
12413,603,4612,2025-02-11 00:00:00,,pending,1
12414,1344,4612,2025-05-11 00:00:00,2025-05-29 00:00:00,accepted,1
12416,338,2271,2025-12-25 00:00:00,2026-01-13 00:00:00,accepted,1
12418,2955,1822,2025-02-15 00:00:00,2025-02-27 00:00:00,accepted,1
12419,1930,1822,2025-06-27 00:00:00,,alerted,0
12420,2511,1540,2025-12-03 00:00:00,2025-12-06 00:00:00,canceled,1
12421,2258,1540,2025-06-06 00:00:00,2025-06-20 00:00:00,rejected,1
12422,720,1540,2025-09-16 00:00:00,2025-10-06 00:00:00,accepted,1
12424,2872,1557,2025-08-27 00:00:00,,pending,1
12425,95,1557,2024-07-02 00:00:00,,pending,1
12427,275,3287,2025-02-14 00:00:00,,pending,1
12428,3014,5429,2025-08-09 00:00:00,2025-08-16 00:00:00,rejected,1
12429,3181,5429,2025-11-23 00:00:00,,pending,1
12430,2535,3714,2025-01-08 00:00:00,2025-01-15 00:00:00,canceled,1
12431,2988,3714,2024-08-30 00:00:00,,pending,1
12432,98,4044,2025-10-03 00:00:00,2025-10-05 00:00:00,canceled,1
12433,2468,4044,2024-10-22 00:00:00,2024-11-05 00:00:00,accepted,1
12434,2647,4044,2025-10-15 00:00:00,,pending,1
12435,2813,4321,2024-10-10 00:00:00,2024-10-27 00:00:00,accepted,1
12436,2987,4321,2024-03-27 00:00:00,,pending,1
12437,462,4696,2025-08-13 00:00:00,,pending,1
12438,779,4696,2025-05-24 00:00:00,,pending,1
12439,759,3810,2025-07-08 00:00:00,,pending,1
12440,3120,3810,2025-08-17 00:00:00,,pending,1
12441,43,3810,2025-11-04 00:00:00,2025-11-05 00:00:00,accepted,1
12442,133,3810,2024-09-13 00:00:00,,pending,1
12443,1469,3682,2025-07-31 00:00:00,2025-08-17 00:00:00,accepted,1
12444,2971,3682,2025-11-11 00:00:00,2025-11-20 00:00:00,accepted,1
12445,20,3682,2025-04-03 00:00:00,2025-04-11 00:00:00,accepted,1
12446,706,1596,2024-08-30 00:00:00,,pending,1
12447,100,1596,2025-09-27 00:00:00,2025-09-30 00:00:00,accepted,1
12448,187,1596,2025-07-11 00:00:00,2025-07-30 00:00:00,rejected,1
12449,2125,1629,2025-01-11 00:00:00,,pending,1
12450,2946,1629,2025-09-03 00:00:00,2025-09-05 00:00:00,rejected,1
12451,3186,1629,2025-08-31 00:00:00,2025-09-15 00:00:00,accepted,1
12453,227,4077,2025-10-24 00:00:00,2025-11-08 00:00:00,accepted,1
12454,2256,4077,2025-11-14 00:00:00,2025-11-15 00:00:00,rejected,1
12455,827,4077,2025-11-10 00:00:00,2025-11-14 00:00:00,rejected,1
12456,2671,5292,2025-08-23 00:00:00,,pending,1
12457,488,5292,2025-06-16 00:00:00,2025-07-06 00:00:00,accepted,1
12458,1017,2375,2025-04-21 00:00:00,2025-04-28 00:00:00,accepted,1
12459,3076,2375,2024-03-01 00:00:00,2024-03-03 00:00:00,accepted,1
12460,291,3843,2025-07-10 00:00:00,2025-07-21 00:00:00,rejected,1
12461,1802,3843,2025-10-06 00:00:00,,pending,1
12462,2937,3843,2025-11-04 00:00:00,2025-11-18 00:00:00,accepted,1
12463,2868,2228,2025-02-17 00:00:00,2025-03-03 00:00:00,rejected,1
12464,844,2228,2025-09-14 00:00:00,,alerted,0
12465,1469,2228,2025-07-04 00:00:00,2025-07-21 00:00:00,accepted,1
12466,548,3404,2025-05-05 00:00:00,,pending,1
12467,2563,3404,2025-11-08 00:00:00,2025-11-09 00:00:00,accepted,1
12468,598,3248,2025-04-15 00:00:00,2025-04-21 00:00:00,accepted,1
12469,956,3248,2025-08-07 00:00:00,2025-08-17 00:00:00,accepted,1
12470,1012,3248,2025-05-13 00:00:00,,pending,1
12471,482,3248,2025-10-20 00:00:00,,pending,1
12472,3084,3184,2025-06-07 00:00:00,2025-06-12 00:00:00,rejected,1
12473,891,3184,2025-09-19 00:00:00,2025-10-04 00:00:00,accepted,1
12474,2151,3184,2024-09-08 00:00:00,,pending,1
12475,1043,2837,2026-01-02 00:00:00,,pending,1
12476,976,2837,2025-08-07 00:00:00,,pending,1
12477,975,2837,2025-04-06 00:00:00,,pending,1
12478,599,2837,2025-06-27 00:00:00,2025-07-16 00:00:00,canceled,1
12479,769,5058,2025-10-04 00:00:00,2025-10-20 00:00:00,accepted,1
12480,1605,5058,2025-07-06 00:00:00,2025-07-26 00:00:00,accepted,1
12481,2958,5058,2025-10-14 00:00:00,2025-10-20 00:00:00,accepted,1
12482,376,5013,2025-10-02 00:00:00,2025-10-04 00:00:00,accepted,1
12484,1880,5013,2024-12-07 00:00:00,2024-12-14 00:00:00,accepted,1
12485,2843,5013,2025-04-18 00:00:00,2025-04-24 00:00:00,rejected,1
12486,1473,3661,2025-06-09 00:00:00,2025-06-11 00:00:00,canceled,1
12487,1152,3661,2025-10-04 00:00:00,2025-10-05 00:00:00,accepted,1
12488,3039,3661,2025-07-17 00:00:00,2025-07-18 00:00:00,canceled,1
12489,2533,3661,2024-08-19 00:00:00,2024-08-31 00:00:00,rejected,1
12491,197,3712,2025-08-30 00:00:00,,pending,1
12492,1662,3712,2024-07-07 00:00:00,2024-07-16 00:00:00,accepted,1
12493,977,3712,2025-07-31 00:00:00,2025-08-19 00:00:00,accepted,1
12494,2264,4840,2025-09-19 00:00:00,,pending,1
12495,1267,4840,2024-12-16 00:00:00,2024-12-24 00:00:00,accepted,1
12496,530,1904,2025-09-24 00:00:00,,alerted,0
12497,3137,1904,2025-09-05 00:00:00,,pending,1
12498,2385,1904,2025-04-12 00:00:00,,pending,1
12499,2358,3603,2025-11-02 00:00:00,2025-11-16 00:00:00,rejected,1
12500,1370,3603,2024-07-23 00:00:00,2024-08-09 00:00:00,accepted,1
12501,933,4810,2025-06-17 00:00:00,2025-06-25 00:00:00,accepted,1
12502,1662,4810,2024-05-30 00:00:00,2024-06-17 00:00:00,rejected,1
12503,759,3536,2025-07-11 00:00:00,2025-07-17 00:00:00,rejected,1
12504,2251,3536,2025-05-20 00:00:00,,pending,1
12505,3060,3536,2025-09-02 00:00:00,2025-09-21 00:00:00,accepted,1
12506,133,3536,2024-09-25 00:00:00,,pending,1
12507,2943,2294,2024-10-29 00:00:00,2024-11-07 00:00:00,accepted,1
12508,281,2294,2025-10-25 00:00:00,,pending,1
12509,491,2294,2025-09-15 00:00:00,2025-09-29 00:00:00,accepted,1
12510,1469,2421,2025-07-19 00:00:00,,pending,1
12511,405,2421,2025-07-01 00:00:00,2025-07-08 00:00:00,accepted,1
12512,2535,2421,2025-01-19 00:00:00,2025-01-28 00:00:00,rejected,1
12513,2981,2421,2025-01-10 00:00:00,,pending,1
12514,2572,3045,2025-06-28 00:00:00,2025-07-15 00:00:00,rejected,1
12515,2004,3045,2025-03-23 00:00:00,2025-04-03 00:00:00,rejected,1
12516,3088,2954,2025-07-31 00:00:00,2025-08-03 00:00:00,accepted,1
12517,1923,2954,2025-06-18 00:00:00,2025-07-05 00:00:00,rejected,1
12518,2046,2954,2025-03-09 00:00:00,2025-03-28 00:00:00,accepted,1
12519,1991,2954,2024-08-27 00:00:00,,pending,1
12520,2719,1736,2025-12-30 00:00:00,2026-01-14 00:00:00,accepted,1
12521,462,1736,2025-09-03 00:00:00,,pending,1
12522,1414,1736,2025-12-26 00:00:00,,pending,1
12523,2367,2801,2025-11-04 00:00:00,2025-11-10 00:00:00,accepted,1
12524,2826,2801,2025-11-29 00:00:00,2025-12-16 00:00:00,accepted,1
12525,2616,4280,2025-12-09 00:00:00,,pending,1
12526,530,4280,2025-11-24 00:00:00,,alerted,0
12527,2344,4280,2024-11-10 00:00:00,,pending,1
12528,532,1858,2025-12-13 00:00:00,,pending,1
12529,1786,1858,2024-10-23 00:00:00,2024-10-29 00:00:00,accepted,1
12530,1192,1858,2024-06-03 00:00:00,,pending,1
12531,1474,2976,2025-08-03 00:00:00,,pending,1
12532,247,2976,2025-02-03 00:00:00,2025-02-10 00:00:00,accepted,1
12533,2069,2976,2024-08-03 00:00:00,2024-08-17 00:00:00,rejected,1
12534,1632,4742,2025-06-30 00:00:00,2025-07-08 00:00:00,rejected,1
12535,459,4742,2024-07-08 00:00:00,,alerted,0
12536,367,4742,2025-07-02 00:00:00,2025-07-21 00:00:00,rejected,1
12537,668,4742,2025-10-31 00:00:00,,pending,1
12538,1243,3338,2025-04-13 00:00:00,2025-04-23 00:00:00,rejected,1
12539,2420,3338,2024-04-12 00:00:00,2024-04-22 00:00:00,accepted,1
12540,658,3338,2025-04-29 00:00:00,,alerted,0
12541,347,3338,2024-09-25 00:00:00,,alerted,0
12542,486,2165,2025-10-04 00:00:00,2025-10-23 00:00:00,rejected,1
12543,2715,2165,2025-12-16 00:00:00,,pending,1
12544,1459,4841,2024-12-12 00:00:00,2024-12-27 00:00:00,accepted,1
12545,1563,4841,2025-07-26 00:00:00,,pending,1
12546,240,4916,2025-06-28 00:00:00,2025-06-29 00:00:00,canceled,1
12547,3016,4916,2025-09-09 00:00:00,,pending,1
12548,1128,4916,2025-10-01 00:00:00,2025-10-14 00:00:00,rejected,1
12549,811,4916,2025-12-03 00:00:00,,pending,1
12550,2996,1650,2025-05-21 00:00:00,2025-06-07 00:00:00,rejected,1
12551,645,1650,2025-05-09 00:00:00,,alerted,0
12552,2297,2140,2025-12-05 00:00:00,,pending,1
12553,734,2140,2025-10-02 00:00:00,,pending,1
12554,1851,2140,2025-09-11 00:00:00,2025-10-01 00:00:00,rejected,1
12555,735,2140,2025-09-12 00:00:00,2025-09-18 00:00:00,rejected,1
12556,2125,4741,2025-01-04 00:00:00,2025-01-21 00:00:00,accepted,1
12557,2800,4741,2025-04-21 00:00:00,2025-05-05 00:00:00,accepted,1
12558,1254,1804,2025-04-02 00:00:00,,pending,1
12559,1145,1804,2025-02-21 00:00:00,2025-03-11 00:00:00,accepted,1
12560,1291,1804,2025-03-21 00:00:00,2025-03-28 00:00:00,accepted,1
12561,1444,1804,2025-08-07 00:00:00,,pending,1
12562,1978,3983,2025-06-04 00:00:00,2025-06-12 00:00:00,rejected,1
12563,646,3983,2025-04-28 00:00:00,2025-05-14 00:00:00,accepted,1
12564,647,3983,2025-05-23 00:00:00,2025-05-30 00:00:00,accepted,1
12565,1720,3983,2025-06-24 00:00:00,2025-07-09 00:00:00,accepted,1
12566,454,4140,2025-10-17 00:00:00,2025-11-03 00:00:00,accepted,1
12567,261,4140,2025-07-13 00:00:00,2025-08-01 00:00:00,accepted,1
12568,466,4140,2025-12-28 00:00:00,2026-01-16 00:00:00,accepted,1
12569,1117,4140,2025-04-07 00:00:00,2025-04-22 00:00:00,canceled,1
12570,698,2642,2025-05-02 00:00:00,2025-05-18 00:00:00,rejected,1
12571,2972,2642,2025-09-18 00:00:00,,pending,1
12572,424,2575,2025-08-26 00:00:00,,pending,1
12573,530,2575,2025-11-01 00:00:00,,alerted,0
12574,2282,4971,2025-08-26 00:00:00,,pending,1
12575,1896,4971,2025-10-20 00:00:00,,pending,1
12576,970,4971,2024-09-25 00:00:00,,pending,1
12577,1525,1900,2025-10-30 00:00:00,2025-11-14 00:00:00,rejected,1
12578,2171,1900,2025-02-14 00:00:00,2025-02-16 00:00:00,canceled,1
12579,170,2094,2024-07-10 00:00:00,2024-07-13 00:00:00,rejected,1
12580,1345,2094,2025-07-31 00:00:00,,pending,1
12581,2387,2094,2025-08-28 00:00:00,2025-09-02 00:00:00,canceled,1
12582,2616,4824,2025-09-30 00:00:00,2025-10-01 00:00:00,rejected,1
12583,611,4824,2025-08-01 00:00:00,,pending,1
12584,250,4824,2025-07-23 00:00:00,,pending,1
12585,645,4824,2025-03-18 00:00:00,,alerted,0
12586,2854,3517,2024-06-06 00:00:00,,pending,1
12587,2641,3517,2025-07-02 00:00:00,2025-07-15 00:00:00,accepted,1
12588,2158,5262,2025-11-17 00:00:00,2025-11-24 00:00:00,accepted,1
12589,2239,5262,2025-07-11 00:00:00,2025-07-26 00:00:00,accepted,1
12590,3037,4613,2025-09-10 00:00:00,2025-09-26 00:00:00,accepted,1
12591,459,4613,2024-06-14 00:00:00,,alerted,0
12592,766,4613,2025-05-14 00:00:00,2025-05-30 00:00:00,accepted,1
12593,816,2593,2025-03-24 00:00:00,2025-04-02 00:00:00,accepted,1
12594,248,2593,2025-07-28 00:00:00,,alerted,0
12595,678,2593,2025-10-17 00:00:00,2025-10-21 00:00:00,rejected,1
12596,95,2593,2024-06-12 00:00:00,,pending,1
12597,1307,5375,2025-11-07 00:00:00,2025-11-18 00:00:00,canceled,1
12598,101,5375,2025-08-30 00:00:00,2025-09-09 00:00:00,accepted,1
12599,1,5375,2025-11-18 00:00:00,2025-12-05 00:00:00,canceled,1
12601,687,2582,2025-12-02 00:00:00,2025-12-17 00:00:00,accepted,1
12603,1151,2582,2025-07-12 00:00:00,2025-07-21 00:00:00,accepted,1
12604,779,4357,2025-04-20 00:00:00,2025-05-01 00:00:00,accepted,1
12605,2758,4357,2025-09-03 00:00:00,2025-09-17 00:00:00,accepted,1
12606,749,4357,2025-07-09 00:00:00,,pending,1
12607,1455,3004,2025-04-16 00:00:00,,pending,1
12608,1032,3004,2025-06-26 00:00:00,2025-07-16 00:00:00,accepted,1
12609,844,4865,2025-10-12 00:00:00,,alerted,0
12610,1576,4865,2025-05-28 00:00:00,2025-06-09 00:00:00,accepted,1
12611,2774,4865,2025-11-18 00:00:00,2025-11-29 00:00:00,accepted,1
12612,1469,4865,2025-07-20 00:00:00,,pending,1
12613,1197,5154,2025-08-29 00:00:00,2025-09-09 00:00:00,accepted,1
12614,1525,5154,2025-10-21 00:00:00,2025-10-26 00:00:00,canceled,1
12615,3076,5154,2024-03-07 00:00:00,,pending,1
12616,2692,5154,2025-09-07 00:00:00,,pending,1
12617,89,3528,2025-08-06 00:00:00,2025-08-13 00:00:00,accepted,1
12618,730,3528,2024-05-01 00:00:00,2024-05-03 00:00:00,accepted,1
12619,2382,3528,2025-06-17 00:00:00,,pending,1
12620,925,4360,2024-06-02 00:00:00,2024-06-21 00:00:00,accepted,1
12621,2368,4360,2025-12-03 00:00:00,2025-12-13 00:00:00,accepted,1
12622,2367,4360,2025-10-12 00:00:00,2025-10-22 00:00:00,accepted,1
12623,1899,4735,2025-10-20 00:00:00,2025-11-08 00:00:00,accepted,1
12624,342,4735,2025-01-23 00:00:00,,pending,1
12625,1192,4735,2024-08-16 00:00:00,,pending,1
12626,162,1632,2025-11-29 00:00:00,2025-12-03 00:00:00,accepted,1
12627,1750,1632,2025-11-18 00:00:00,2025-11-19 00:00:00,rejected,1
12628,2914,3029,2025-09-11 00:00:00,2025-09-26 00:00:00,accepted,1
12629,1101,3029,2025-11-01 00:00:00,,pending,1
12630,1103,3029,2025-09-21 00:00:00,,pending,1
12631,956,3029,2025-07-05 00:00:00,2025-07-10 00:00:00,accepted,1
12632,3008,4948,2025-11-04 00:00:00,2025-11-08 00:00:00,accepted,1
12633,1276,4948,2025-08-20 00:00:00,2025-09-02 00:00:00,accepted,1
12634,3153,4948,2025-08-10 00:00:00,2025-08-22 00:00:00,accepted,1
12635,1378,4948,2024-10-05 00:00:00,2024-10-10 00:00:00,rejected,1
12636,2808,2047,2025-04-24 00:00:00,2025-05-08 00:00:00,rejected,1
12637,2769,2047,2024-11-05 00:00:00,2024-11-09 00:00:00,accepted,1
12638,607,2047,2025-12-04 00:00:00,2025-12-10 00:00:00,rejected,1
12639,2171,5016,2025-03-12 00:00:00,2025-03-22 00:00:00,canceled,1
12640,2806,5016,2024-09-20 00:00:00,,pending,1
12641,1546,5016,2025-06-22 00:00:00,,pending,1
12642,2080,3382,2025-11-29 00:00:00,,pending,1
12643,1077,3382,2025-08-06 00:00:00,,pending,1
12644,1959,4542,2025-02-22 00:00:00,2025-02-27 00:00:00,accepted,1
12645,2656,4542,2025-07-06 00:00:00,,pending,1
12646,1546,4542,2025-05-27 00:00:00,2025-05-28 00:00:00,accepted,1
12647,2671,5330,2025-08-30 00:00:00,2025-09-03 00:00:00,accepted,1
12648,698,5330,2025-05-01 00:00:00,2025-05-17 00:00:00,accepted,1
12649,462,5330,2025-07-10 00:00:00,2025-07-20 00:00:00,rejected,1
12650,3008,5330,2025-11-20 00:00:00,2025-11-22 00:00:00,rejected,1
12651,3002,1595,2025-11-03 00:00:00,2025-11-13 00:00:00,accepted,1
12652,2724,1595,2025-05-09 00:00:00,,pending,1
12653,710,1595,2025-07-17 00:00:00,,pending,1
12654,2171,4808,2025-04-15 00:00:00,2025-04-27 00:00:00,accepted,1
12655,1312,4808,2024-07-19 00:00:00,,pending,1
12656,779,3267,2025-04-24 00:00:00,2025-04-28 00:00:00,accepted,1
12657,2996,3267,2025-05-19 00:00:00,2025-06-04 00:00:00,accepted,1
12658,308,3658,2025-10-10 00:00:00,2025-10-16 00:00:00,accepted,1
12659,2671,3658,2025-11-12 00:00:00,,pending,1
12660,462,3658,2025-08-09 00:00:00,,pending,1
12661,1480,3918,2025-05-22 00:00:00,,pending,1
12662,2264,3918,2025-11-02 00:00:00,2025-11-12 00:00:00,accepted,1
12663,1927,4674,2025-12-31 00:00:00,,pending,1
12664,2936,4674,2025-10-30 00:00:00,2025-11-19 00:00:00,accepted,1
12665,755,3390,2025-07-19 00:00:00,,pending,1
12666,1415,3390,2025-10-29 00:00:00,2025-11-17 00:00:00,accepted,1
12667,313,3390,2024-12-22 00:00:00,2025-01-04 00:00:00,accepted,1
12668,2671,5240,2025-10-06 00:00:00,,pending,1
12669,2758,5240,2025-09-24 00:00:00,2025-09-26 00:00:00,canceled,1
12670,291,1838,2025-08-13 00:00:00,2025-08-27 00:00:00,accepted,1
12671,401,1838,2025-10-18 00:00:00,,pending,1
12672,681,1838,2025-08-06 00:00:00,2025-08-21 00:00:00,accepted,1
12673,2686,1838,2025-12-14 00:00:00,,pending,1
12674,2622,4784,2025-10-03 00:00:00,,pending,1
12675,747,4784,2025-05-07 00:00:00,,pending,1
12676,2883,4784,2025-10-12 00:00:00,,pending,1
12677,1969,4784,2024-09-05 00:00:00,,pending,1
12678,2251,3542,2025-04-27 00:00:00,2025-04-30 00:00:00,canceled,1
12679,1533,3542,2025-06-01 00:00:00,2025-06-04 00:00:00,accepted,1
12680,101,4087,2025-08-09 00:00:00,2025-08-16 00:00:00,accepted,1
12681,462,4087,2025-09-02 00:00:00,,pending,1
12682,2621,1654,2025-11-09 00:00:00,2025-11-10 00:00:00,accepted,1
12683,2758,1654,2025-08-24 00:00:00,2025-08-28 00:00:00,accepted,1
12684,462,1654,2025-08-13 00:00:00,2025-08-30 00:00:00,accepted,1
12685,658,1979,2025-04-03 00:00:00,,alerted,0
12686,3120,1979,2025-08-02 00:00:00,2025-08-16 00:00:00,accepted,1
12687,1316,1979,2025-10-31 00:00:00,2025-11-02 00:00:00,accepted,1
12688,43,1979,2025-11-16 00:00:00,2025-11-28 00:00:00,rejected,1
12689,462,5279,2025-09-20 00:00:00,2025-10-07 00:00:00,accepted,1
12690,454,5279,2025-12-05 00:00:00,2025-12-13 00:00:00,accepted,1
12691,779,5279,2025-05-26 00:00:00,2025-06-12 00:00:00,accepted,1
12692,2311,5279,2025-09-25 00:00:00,,pending,1
12694,2344,1956,2025-01-27 00:00:00,2025-02-15 00:00:00,canceled,1
12695,304,1956,2025-08-15 00:00:00,2025-09-04 00:00:00,canceled,1
12696,2724,1956,2025-08-01 00:00:00,2025-08-11 00:00:00,rejected,1
12697,2868,4550,2025-02-15 00:00:00,2025-02-18 00:00:00,accepted,1
12698,842,4550,2025-05-13 00:00:00,,pending,1
12699,967,3988,2025-02-11 00:00:00,,alerted,0
12700,2037,3988,2025-11-07 00:00:00,2025-11-21 00:00:00,accepted,1
12701,979,3988,2025-01-15 00:00:00,,pending,1
12702,455,2444,2025-06-04 00:00:00,,pending,1
12703,3083,2444,2025-02-04 00:00:00,2025-02-06 00:00:00,canceled,1
12704,3046,2444,2025-09-16 00:00:00,2025-09-26 00:00:00,accepted,1
12705,473,4798,2025-08-01 00:00:00,2025-08-20 00:00:00,accepted,1
12706,1871,4798,2025-05-26 00:00:00,2025-06-06 00:00:00,accepted,1
12707,952,4798,2024-11-21 00:00:00,2024-11-25 00:00:00,rejected,1
12708,2624,4798,2026-01-02 00:00:00,,pending,1
12709,1673,1742,2025-08-15 00:00:00,2025-08-23 00:00:00,rejected,1
12710,2197,1742,2025-09-03 00:00:00,2025-09-08 00:00:00,accepted,1
12711,2198,1742,2025-11-14 00:00:00,2025-11-22 00:00:00,accepted,1
12712,1117,5148,2025-03-18 00:00:00,2025-04-05 00:00:00,rejected,1
12713,2385,5148,2025-03-01 00:00:00,2025-03-04 00:00:00,canceled,1
12714,1802,1609,2025-10-23 00:00:00,,pending,1
12715,1109,1609,2025-04-09 00:00:00,,pending,1
12716,2576,3235,2025-10-09 00:00:00,,pending,1
12717,355,3235,2024-08-09 00:00:00,,pending,1
12718,2509,4914,2025-08-10 00:00:00,2025-08-11 00:00:00,rejected,1
12719,2868,4914,2024-12-18 00:00:00,2024-12-24 00:00:00,rejected,1
12720,2505,4664,2026-01-05 00:00:00,,pending,1
12721,1991,4664,2024-07-10 00:00:00,2024-07-23 00:00:00,accepted,1
12722,1923,4664,2025-08-18 00:00:00,,pending,1
12723,3021,4664,2025-06-22 00:00:00,2025-07-06 00:00:00,accepted,1
12724,687,4733,2025-10-14 00:00:00,,pending,1
12725,2926,4733,2025-08-03 00:00:00,,pending,1
12726,1152,4733,2025-07-25 00:00:00,2025-08-04 00:00:00,accepted,1
12727,95,4733,2024-04-11 00:00:00,,pending,1
12728,2763,3827,2025-12-14 00:00:00,2025-12-27 00:00:00,rejected,1
12729,1203,3827,2025-06-05 00:00:00,2025-06-25 00:00:00,accepted,1
12730,3064,3827,2025-08-30 00:00:00,,pending,1
12731,1605,3976,2025-07-18 00:00:00,2025-08-02 00:00:00,rejected,1
12732,2137,3976,2025-09-25 00:00:00,2025-10-11 00:00:00,rejected,1
12734,1879,3976,2024-10-26 00:00:00,,pending,1
12735,1642,2194,2025-08-09 00:00:00,,pending,1
12736,1469,2194,2025-07-21 00:00:00,2025-07-22 00:00:00,accepted,1
12737,95,1753,2024-06-21 00:00:00,2024-07-03 00:00:00,rejected,1
12738,2020,1753,2025-07-05 00:00:00,2025-07-25 00:00:00,rejected,1
12739,2125,1753,2024-12-19 00:00:00,2025-01-08 00:00:00,accepted,1
12741,2344,2745,2024-12-29 00:00:00,2025-01-14 00:00:00,accepted,1
12742,1250,2745,2024-03-31 00:00:00,,pending,1
12743,2026,2745,2024-09-03 00:00:00,,pending,1
12744,860,2777,2025-02-17 00:00:00,,pending,1
12745,2367,2777,2025-11-30 00:00:00,2025-12-07 00:00:00,accepted,1
12746,861,2777,2025-03-30 00:00:00,2025-04-12 00:00:00,rejected,1
12747,2505,5354,2025-12-29 00:00:00,,pending,1
12748,1566,5354,2025-10-06 00:00:00,,pending,1
12750,658,3392,2025-04-10 00:00:00,2025-04-14 00:00:00,accepted,1
12751,1241,3392,2025-02-14 00:00:00,,pending,1
12752,43,3392,2025-11-26 00:00:00,,pending,1
12753,2368,4276,2025-12-04 00:00:00,,pending,1
12754,2052,4276,2025-03-15 00:00:00,2025-03-22 00:00:00,rejected,1
12755,2367,4276,2025-11-07 00:00:00,,pending,1
12756,1784,2775,2025-05-31 00:00:00,,pending,1
12757,816,2775,2025-04-27 00:00:00,2025-05-09 00:00:00,canceled,1
12758,2872,2775,2025-08-18 00:00:00,2025-08-27 00:00:00,canceled,1
12759,678,2775,2026-01-03 00:00:00,,pending,1
12760,2131,3664,2025-10-17 00:00:00,2025-10-22 00:00:00,accepted,1
12761,577,3664,2025-03-07 00:00:00,2025-03-10 00:00:00,accepted,1
12762,1909,3664,2024-11-23 00:00:00,,pending,1
12763,688,3664,2025-12-25 00:00:00,,pending,1
12765,1306,2699,2025-10-03 00:00:00,2025-10-17 00:00:00,accepted,1
12766,775,2699,2024-09-30 00:00:00,2024-10-18 00:00:00,accepted,1
12767,1732,4961,2025-08-30 00:00:00,2025-09-15 00:00:00,accepted,1
12768,2840,4961,2025-02-17 00:00:00,2025-02-28 00:00:00,rejected,1
12769,2344,3037,2025-01-22 00:00:00,,pending,1
12770,2616,3037,2025-11-05 00:00:00,,pending,1
12771,3016,1720,2025-10-10 00:00:00,2025-10-29 00:00:00,accepted,1
12772,1459,1720,2024-12-01 00:00:00,,pending,1
12773,1602,2923,2025-09-25 00:00:00,2025-10-15 00:00:00,canceled,1
12774,1632,2923,2025-05-28 00:00:00,2025-06-07 00:00:00,rejected,1
12775,367,2923,2025-05-08 00:00:00,,pending,1
12776,1834,1655,2025-10-05 00:00:00,2025-10-20 00:00:00,canceled,1
12777,2936,1655,2025-09-07 00:00:00,,pending,1
12778,364,1655,2025-09-25 00:00:00,2025-10-09 00:00:00,canceled,1
12779,396,1655,2025-06-12 00:00:00,2025-06-14 00:00:00,canceled,1
12780,1056,2286,2025-10-27 00:00:00,2025-11-01 00:00:00,accepted,1
12781,2425,2286,2025-10-06 00:00:00,2025-10-13 00:00:00,canceled,1
12782,1129,2333,2025-06-23 00:00:00,2025-07-07 00:00:00,accepted,1
12783,1712,2333,2024-09-13 00:00:00,,pending,1
12784,1417,2333,2025-10-28 00:00:00,2025-11-05 00:00:00,accepted,1
12785,2556,2809,2025-06-22 00:00:00,2025-06-30 00:00:00,canceled,1
12786,1875,2809,2024-06-03 00:00:00,,pending,1
12787,295,3831,2025-11-06 00:00:00,,pending,1
12788,2497,3831,2024-11-01 00:00:00,2024-11-10 00:00:00,accepted,1
12789,3066,3831,2025-05-27 00:00:00,2025-06-14 00:00:00,accepted,1
12790,965,3831,2024-09-24 00:00:00,,pending,1
12791,2171,2754,2025-05-03 00:00:00,2025-05-12 00:00:00,accepted,1
12792,2806,2754,2024-07-22 00:00:00,2024-08-06 00:00:00,accepted,1
12793,2809,2754,2025-07-11 00:00:00,2025-07-27 00:00:00,accepted,1
12794,3016,4571,2025-09-25 00:00:00,,pending,1
12795,971,4571,2025-10-12 00:00:00,2025-10-14 00:00:00,accepted,1
12796,687,4571,2025-11-27 00:00:00,,pending,1
12797,2352,3024,2025-11-08 00:00:00,2025-11-22 00:00:00,accepted,1
12798,1496,3024,2025-03-26 00:00:00,2025-04-02 00:00:00,accepted,1
12799,1498,3024,2025-09-20 00:00:00,2025-10-08 00:00:00,accepted,1
12800,1316,4687,2025-11-14 00:00:00,2025-12-02 00:00:00,accepted,1
12801,3060,4687,2025-10-07 00:00:00,,pending,1
12802,658,4687,2025-04-20 00:00:00,,alerted,0
12803,1156,4941,2025-02-27 00:00:00,2025-03-08 00:00:00,rejected,1
12804,989,4941,2025-10-17 00:00:00,,pending,1
12805,2258,3596,2025-06-11 00:00:00,2025-06-30 00:00:00,accepted,1
12806,720,3596,2025-09-23 00:00:00,2025-10-03 00:00:00,canceled,1
12807,2511,3568,2025-10-18 00:00:00,2025-10-28 00:00:00,accepted,1
12808,2504,3568,2025-12-03 00:00:00,,pending,1
12809,1250,4982,2024-04-13 00:00:00,2024-05-01 00:00:00,accepted,1
12810,1375,4982,2025-05-19 00:00:00,,pending,1
12811,250,4982,2025-05-26 00:00:00,,pending,1
12812,647,4982,2025-05-09 00:00:00,2025-05-11 00:00:00,accepted,1
12813,43,4708,2025-11-03 00:00:00,2025-11-16 00:00:00,canceled,1
12814,678,4708,2025-10-23 00:00:00,,pending,1
12815,993,4708,2025-09-03 00:00:00,,pending,1
12816,1,2596,2025-11-16 00:00:00,2025-11-26 00:00:00,accepted,1
12817,624,2596,2025-06-07 00:00:00,,pending,1
12818,2117,1589,2025-10-18 00:00:00,2025-10-22 00:00:00,accepted,1
12819,2385,1589,2025-04-12 00:00:00,2025-05-01 00:00:00,canceled,1
12820,623,1589,2025-04-10 00:00:00,2025-04-23 00:00:00,canceled,1
12821,250,3685,2025-07-10 00:00:00,2025-07-16 00:00:00,canceled,1
12822,426,3685,2025-09-09 00:00:00,,pending,1
12823,308,3685,2025-11-25 00:00:00,,pending,1
12824,1250,2678,2024-03-14 00:00:00,2024-04-02 00:00:00,accepted,1
12825,342,2678,2025-01-16 00:00:00,2025-01-18 00:00:00,accepted,1
12826,2671,2678,2025-10-04 00:00:00,2025-10-16 00:00:00,accepted,1
12827,2768,1583,2025-12-26 00:00:00,2026-01-08 00:00:00,accepted,1
12828,977,1583,2025-09-13 00:00:00,,pending,1
12829,2767,1583,2025-10-28 00:00:00,2025-10-29 00:00:00,accepted,1
12830,2149,1583,2025-06-04 00:00:00,,pending,1
12832,2800,3415,2025-03-12 00:00:00,2025-03-24 00:00:00,accepted,1
12833,759,3415,2025-08-24 00:00:00,,pending,1
12834,2020,3415,2025-07-22 00:00:00,2025-08-04 00:00:00,accepted,1
12835,1197,3461,2025-06-25 00:00:00,2025-07-13 00:00:00,accepted,1
12836,176,3461,2025-07-17 00:00:00,2025-08-01 00:00:00,rejected,1
12837,2215,3461,2025-11-10 00:00:00,,pending,1
12838,2155,5086,2025-01-17 00:00:00,,pending,1
12839,3137,5086,2025-08-27 00:00:00,2025-08-28 00:00:00,accepted,1
12840,2344,5086,2024-12-22 00:00:00,,pending,1
12841,2852,3435,2025-12-07 00:00:00,,pending,1
12842,50,3435,2025-04-28 00:00:00,2025-05-01 00:00:00,rejected,1
12843,2607,3435,2025-06-09 00:00:00,2025-06-28 00:00:00,canceled,1
12844,2108,2802,2025-08-20 00:00:00,2025-08-27 00:00:00,accepted,1
12845,2563,2802,2025-10-02 00:00:00,2025-10-17 00:00:00,rejected,1
12847,1244,3788,2025-08-26 00:00:00,2025-09-09 00:00:00,accepted,1
12848,1981,3788,2025-07-23 00:00:00,,pending,1
12849,1079,3788,2024-11-19 00:00:00,,pending,1
12850,3039,3544,2025-07-15 00:00:00,2025-07-31 00:00:00,rejected,1
12851,2368,3544,2025-10-13 00:00:00,2025-10-25 00:00:00,rejected,1
12852,2698,3544,2024-05-24 00:00:00,2024-06-12 00:00:00,rejected,1
12853,1152,3544,2025-08-24 00:00:00,2025-08-29 00:00:00,canceled,1
12854,2258,1981,2025-05-16 00:00:00,2025-06-03 00:00:00,accepted,1
12855,2868,1981,2025-01-12 00:00:00,2025-01-20 00:00:00,accepted,1
12856,347,4949,2024-08-26 00:00:00,,alerted,0
12857,2533,4949,2024-08-06 00:00:00,2024-08-12 00:00:00,accepted,1
12858,593,1638,2025-12-08 00:00:00,2025-12-10 00:00:00,accepted,1
12859,2303,1638,2024-10-02 00:00:00,2024-10-10 00:00:00,accepted,1
12860,2264,1638,2025-10-18 00:00:00,,pending,1
12861,2806,1638,2024-10-13 00:00:00,,pending,1
12862,101,3247,2025-08-04 00:00:00,,pending,1
12863,1156,3247,2025-04-16 00:00:00,,pending,1
12864,1720,3247,2025-07-13 00:00:00,2025-07-25 00:00:00,accepted,1
12866,2842,3633,2025-02-05 00:00:00,,pending,1
12867,967,3633,2025-05-04 00:00:00,,alerted,0
12868,3123,3633,2025-11-08 00:00:00,2025-11-16 00:00:00,rejected,1
12869,1640,4771,2024-04-03 00:00:00,,pending,1
12870,2622,4771,2025-11-18 00:00:00,2025-12-08 00:00:00,accepted,1
12871,1537,4771,2025-07-14 00:00:00,2025-07-16 00:00:00,accepted,1
12872,2763,3744,2025-10-10 00:00:00,2025-10-11 00:00:00,accepted,1
12873,933,3744,2025-07-07 00:00:00,2025-07-20 00:00:00,accepted,1
12874,347,1868,2024-10-07 00:00:00,,alerted,0
12875,967,1868,2025-04-23 00:00:00,,alerted,0
12876,1056,3320,2025-10-21 00:00:00,2025-10-31 00:00:00,canceled,1
12877,2909,3320,2024-07-13 00:00:00,2024-07-26 00:00:00,accepted,1
12878,2425,3320,2025-11-04 00:00:00,,pending,1
12879,542,3025,2025-10-07 00:00:00,2025-10-08 00:00:00,accepted,1
12880,3182,3025,2025-04-29 00:00:00,2025-05-05 00:00:00,canceled,1
12881,2714,3025,2025-05-03 00:00:00,2025-05-21 00:00:00,accepted,1
12882,3139,3025,2025-09-22 00:00:00,2025-09-23 00:00:00,accepted,1
12883,1784,2052,2025-06-10 00:00:00,2025-06-26 00:00:00,accepted,1
12884,784,2052,2024-11-13 00:00:00,2024-11-28 00:00:00,canceled,1
12885,1032,2027,2025-09-11 00:00:00,,pending,1
12886,2251,2027,2025-03-01 00:00:00,,pending,1
12887,3060,2027,2025-10-13 00:00:00,2025-10-23 00:00:00,canceled,1
12888,3104,4464,2025-08-30 00:00:00,2025-09-03 00:00:00,rejected,1
12889,1449,4464,2025-11-22 00:00:00,2025-12-11 00:00:00,rejected,1
12890,2215,4577,2025-11-11 00:00:00,2025-11-19 00:00:00,rejected,1
12891,1197,4577,2025-08-20 00:00:00,2025-09-04 00:00:00,accepted,1
12892,281,3564,2025-09-10 00:00:00,2025-09-18 00:00:00,canceled,1
12893,1273,3564,2024-11-09 00:00:00,2024-11-27 00:00:00,accepted,1
12894,2652,4715,2025-09-23 00:00:00,,pending,1
12895,396,4715,2025-06-16 00:00:00,,pending,1
12896,299,4715,2024-07-21 00:00:00,2024-08-01 00:00:00,accepted,1
12897,1760,4715,2024-11-19 00:00:00,2024-11-22 00:00:00,accepted,1
12898,2702,4996,2025-09-04 00:00:00,,pending,1
12899,3016,4996,2025-08-14 00:00:00,,pending,1
12900,2854,2953,2024-05-07 00:00:00,,pending,1
12901,1883,2953,2025-11-20 00:00:00,,pending,1
12902,2857,2953,2024-12-08 00:00:00,2024-12-21 00:00:00,rejected,1
12903,756,2953,2024-06-19 00:00:00,,pending,1
12904,347,4040,2024-10-31 00:00:00,,alerted,0
12905,1433,4040,2025-09-20 00:00:00,2025-09-23 00:00:00,canceled,1
12906,1896,4040,2025-10-09 00:00:00,,pending,1
12907,3104,4040,2025-09-04 00:00:00,2025-09-11 00:00:00,accepted,1
12908,731,4769,2025-12-07 00:00:00,2025-12-25 00:00:00,rejected,1
12909,2886,4769,2025-02-24 00:00:00,,pending,1
12910,1516,5116,2025-12-21 00:00:00,,pending,1
12911,455,5116,2025-07-17 00:00:00,,pending,1
12912,1738,5116,2025-12-06 00:00:00,2025-12-07 00:00:00,accepted,1
12913,781,2287,2025-10-09 00:00:00,2025-10-19 00:00:00,accepted,1
12914,879,2287,2025-04-06 00:00:00,,alerted,0
12915,2282,3949,2025-08-14 00:00:00,,pending,1
12916,1091,3949,2025-05-23 00:00:00,,pending,1
12917,1385,3949,2025-10-13 00:00:00,2025-10-16 00:00:00,accepted,1
12918,2883,3956,2025-12-06 00:00:00,2025-12-07 00:00:00,accepted,1
12919,611,3956,2025-08-29 00:00:00,2025-08-30 00:00:00,accepted,1
12920,2236,3956,2025-10-05 00:00:00,,pending,1
12921,645,3956,2025-05-08 00:00:00,,alerted,0
12922,2828,4593,2025-12-28 00:00:00,2026-01-16 00:00:00,accepted,1
12923,2386,4593,2025-09-04 00:00:00,,alerted,0
12924,3153,4995,2025-09-22 00:00:00,2025-09-27 00:00:00,accepted,1
12925,261,4995,2025-07-29 00:00:00,2025-08-13 00:00:00,accepted,1
12926,1582,5484,2024-12-09 00:00:00,,pending,1
12927,2058,5484,2025-10-10 00:00:00,2025-10-19 00:00:00,accepted,1
12928,159,5055,2025-10-25 00:00:00,,pending,1
12929,1642,5055,2025-07-17 00:00:00,2025-08-02 00:00:00,accepted,1
12930,482,5055,2025-11-17 00:00:00,2025-12-01 00:00:00,accepted,1
12931,2523,5055,2025-10-29 00:00:00,2025-11-17 00:00:00,accepted,1
12932,2856,3527,2024-10-06 00:00:00,,pending,1
12933,50,3527,2025-06-20 00:00:00,2025-06-28 00:00:00,accepted,1
12934,1894,4660,2025-06-05 00:00:00,2025-06-09 00:00:00,accepted,1
12935,1802,4660,2025-10-03 00:00:00,,pending,1
12936,861,3567,2025-02-07 00:00:00,2025-02-18 00:00:00,accepted,1
12937,1994,3567,2025-05-29 00:00:00,2025-06-07 00:00:00,accepted,1
12938,624,3750,2025-05-03 00:00:00,2025-05-19 00:00:00,accepted,1
12939,2907,3750,2025-07-26 00:00:00,2025-08-12 00:00:00,accepted,1
12940,645,3750,2025-05-15 00:00:00,,alerted,0
12941,2344,3750,2025-01-14 00:00:00,2025-01-23 00:00:00,accepted,1
12942,1100,3093,2025-12-15 00:00:00,,pending,1
12943,2420,3093,2024-04-06 00:00:00,2024-04-26 00:00:00,accepted,1
12944,2551,3093,2025-07-14 00:00:00,,pending,1
12945,1427,3093,2025-10-17 00:00:00,,pending,1
12946,2914,2943,2025-09-27 00:00:00,2025-10-01 00:00:00,canceled,1
12947,2511,2943,2025-10-18 00:00:00,,pending,1
12948,1101,2943,2025-09-26 00:00:00,,pending,1
12949,2289,2943,2024-10-06 00:00:00,2024-10-09 00:00:00,accepted,1
12950,687,2892,2025-11-18 00:00:00,2025-12-07 00:00:00,accepted,1
12951,95,2892,2024-05-13 00:00:00,2024-05-29 00:00:00,canceled,1
12952,768,3343,2025-12-05 00:00:00,2025-12-10 00:00:00,canceled,1
12953,2958,3343,2025-11-06 00:00:00,,pending,1
12954,2226,3343,2025-10-28 00:00:00,2025-10-30 00:00:00,rejected,1
12955,1566,1962,2025-11-01 00:00:00,,pending,1
12956,2505,1962,2025-11-20 00:00:00,2025-11-26 00:00:00,accepted,1
12957,2833,3704,2025-05-23 00:00:00,,pending,1
12958,956,3704,2025-06-21 00:00:00,2025-07-04 00:00:00,rejected,1
12959,197,3704,2025-07-10 00:00:00,2025-07-27 00:00:00,accepted,1
12960,342,3221,2025-01-23 00:00:00,,pending,1
12961,1250,3221,2024-05-10 00:00:00,2024-05-22 00:00:00,accepted,1
12962,1739,2795,2025-11-04 00:00:00,,pending,1
12963,1981,2795,2025-08-19 00:00:00,2025-09-06 00:00:00,rejected,1
12964,1982,2795,2025-12-12 00:00:00,2025-12-28 00:00:00,rejected,1
12965,3082,2795,2025-07-07 00:00:00,,pending,1
12966,1784,4137,2025-04-23 00:00:00,2025-04-27 00:00:00,accepted,1
12967,784,4137,2024-11-24 00:00:00,2024-11-26 00:00:00,accepted,1
12968,2505,4239,2026-01-12 00:00:00,2026-01-26 00:00:00,accepted,1
12969,3061,4239,2025-07-04 00:00:00,2025-07-24 00:00:00,canceled,1
12970,2774,4239,2025-10-17 00:00:00,2025-10-27 00:00:00,accepted,1
12971,1414,1777,2025-10-19 00:00:00,,pending,1
12972,1192,1777,2024-07-07 00:00:00,2024-07-17 00:00:00,rejected,1
12973,749,4670,2025-07-23 00:00:00,2025-07-25 00:00:00,canceled,1
12974,530,4670,2025-09-10 00:00:00,,alerted,0
12975,2616,4670,2025-09-21 00:00:00,,pending,1
12976,1308,4670,2025-10-27 00:00:00,2025-11-07 00:00:00,accepted,1
12977,773,5068,2025-10-10 00:00:00,2025-10-19 00:00:00,canceled,1
12978,2368,5068,2025-10-16 00:00:00,2025-11-03 00:00:00,rejected,1
12979,2367,5068,2025-11-21 00:00:00,,pending,1
12980,2580,5068,2025-05-23 00:00:00,2025-06-12 00:00:00,rejected,1
12981,1043,3237,2025-10-21 00:00:00,2025-11-05 00:00:00,rejected,1
12982,719,3237,2025-08-26 00:00:00,2025-08-29 00:00:00,rejected,1
12983,2868,3237,2024-11-27 00:00:00,2024-12-08 00:00:00,rejected,1
12984,977,5045,2025-08-18 00:00:00,2025-08-25 00:00:00,accepted,1
12985,2833,5045,2025-06-14 00:00:00,2025-07-04 00:00:00,accepted,1
12986,956,5045,2025-07-17 00:00:00,2025-08-01 00:00:00,accepted,1
12987,197,5045,2025-09-09 00:00:00,2025-09-14 00:00:00,rejected,1
12989,674,5018,2025-07-27 00:00:00,2025-07-29 00:00:00,rejected,1
12990,142,5018,2025-02-06 00:00:00,2025-02-09 00:00:00,accepted,1
12991,488,3441,2025-06-09 00:00:00,2025-06-29 00:00:00,accepted,1
12992,1414,3441,2025-11-21 00:00:00,2025-12-01 00:00:00,rejected,1
12993,140,4630,2024-03-14 00:00:00,,pending,1
12994,2520,4630,2025-08-26 00:00:00,,pending,1
12995,2168,4324,2025-08-21 00:00:00,2025-09-03 00:00:00,rejected,1
12996,1469,4324,2025-07-17 00:00:00,2025-07-30 00:00:00,accepted,1
12997,1903,3079,2025-12-07 00:00:00,,pending,1
12998,911,3079,2025-11-10 00:00:00,2025-11-20 00:00:00,rejected,1
13000,698,4452,2025-07-04 00:00:00,2025-07-17 00:00:00,accepted,1
13001,3137,4452,2025-10-02 00:00:00,2025-10-17 00:00:00,accepted,1
13002,2311,4452,2025-09-20 00:00:00,2025-09-24 00:00:00,accepted,1
13003,405,2904,2025-06-23 00:00:00,,pending,1
13004,333,2904,2025-07-07 00:00:00,2025-07-15 00:00:00,accepted,1
13005,911,1608,2025-12-23 00:00:00,,pending,1
13006,1267,1608,2025-01-08 00:00:00,2025-01-15 00:00:00,accepted,1
13007,1301,1608,2025-10-23 00:00:00,2025-11-02 00:00:00,canceled,1
13008,2386,1608,2025-07-15 00:00:00,2025-07-24 00:00:00,rejected,1
13009,2368,4306,2025-12-11 00:00:00,2025-12-12 00:00:00,accepted,1
13010,2367,4306,2025-09-28 00:00:00,2025-09-30 00:00:00,accepted,1
13011,2646,5043,2025-01-25 00:00:00,2025-02-05 00:00:00,accepted,1
13012,548,5043,2025-06-14 00:00:00,2025-06-23 00:00:00,canceled,1
13013,925,5043,2024-06-23 00:00:00,2024-07-05 00:00:00,rejected,1
13014,967,2307,2025-04-20 00:00:00,,alerted,0
13015,1105,2307,2025-10-15 00:00:00,2025-10-22 00:00:00,accepted,1
13016,2037,2307,2025-11-08 00:00:00,2025-11-27 00:00:00,accepted,1
13017,1352,1752,2025-02-26 00:00:00,2025-03-08 00:00:00,rejected,1
13018,2225,1752,2025-10-06 00:00:00,,pending,1
13019,1498,5164,2025-09-15 00:00:00,2025-09-25 00:00:00,accepted,1
13020,1497,5164,2025-06-15 00:00:00,2025-06-27 00:00:00,accepted,1
13021,1673,5164,2025-10-08 00:00:00,2025-10-15 00:00:00,accepted,1
13022,2352,5164,2025-10-01 00:00:00,,pending,1
13023,1397,4470,2025-12-27 00:00:00,2025-12-29 00:00:00,accepted,1
13024,2507,4470,2024-10-14 00:00:00,,pending,1
13025,573,4398,2025-02-07 00:00:00,,pending,1
13026,1250,4398,2024-03-19 00:00:00,2024-03-22 00:00:00,rejected,1
13027,1250,2669,2024-04-17 00:00:00,2024-04-25 00:00:00,accepted,1
13028,1820,2669,2024-12-26 00:00:00,,pending,1
13029,33,2669,2025-07-30 00:00:00,,pending,1
13030,3158,4059,2025-08-26 00:00:00,,pending,1
13031,2388,4059,2025-05-21 00:00:00,2025-05-22 00:00:00,accepted,1
13032,475,4059,2024-10-28 00:00:00,2024-10-30 00:00:00,accepted,1
13033,2004,4059,2025-02-24 00:00:00,2025-03-11 00:00:00,rejected,1
13034,376,5408,2025-10-23 00:00:00,2025-11-05 00:00:00,rejected,1
13035,338,5408,2025-12-29 00:00:00,2026-01-13 00:00:00,accepted,1
13036,2092,5408,2025-10-30 00:00:00,2025-11-09 00:00:00,rejected,1
13037,367,5397,2025-06-16 00:00:00,2025-06-21 00:00:00,accepted,1
13038,459,5397,2024-05-06 00:00:00,,alerted,0
13039,486,5397,2025-11-27 00:00:00,2025-11-28 00:00:00,canceled,1
13040,2946,1636,2025-09-21 00:00:00,,pending,1
13041,2226,1636,2025-09-06 00:00:00,,pending,1
13042,2405,3668,2025-09-11 00:00:00,,pending,1
13043,3190,3668,2025-09-16 00:00:00,,pending,1
13044,1187,1631,2024-11-20 00:00:00,2024-11-27 00:00:00,accepted,1
13045,2562,1631,2025-11-28 00:00:00,2025-12-15 00:00:00,accepted,1
13046,3190,1631,2025-08-14 00:00:00,2025-08-31 00:00:00,accepted,1
13047,2405,1631,2025-10-21 00:00:00,2025-10-25 00:00:00,rejected,1
13048,979,3666,2025-02-27 00:00:00,2025-03-16 00:00:00,rejected,1
13049,763,3666,2025-10-02 00:00:00,2025-10-09 00:00:00,accepted,1
13050,2344,3932,2025-01-01 00:00:00,,pending,1
13051,317,3932,2025-11-15 00:00:00,2025-11-18 00:00:00,canceled,1
13052,2505,2520,2025-11-19 00:00:00,2025-12-02 00:00:00,rejected,1
13053,3021,2520,2025-05-01 00:00:00,,pending,1
13054,10,4444,2025-01-13 00:00:00,2025-01-30 00:00:00,accepted,1
13056,2435,4444,2025-06-18 00:00:00,,pending,1
13057,710,4444,2025-08-11 00:00:00,2025-08-26 00:00:00,canceled,1
13058,1303,1723,2025-07-05 00:00:00,,alerted,0
13059,1563,1723,2025-05-31 00:00:00,2025-06-19 00:00:00,accepted,1
13060,20,3610,2025-03-13 00:00:00,,pending,1
13061,2593,3610,2025-10-05 00:00:00,,pending,1
13062,153,3610,2025-09-24 00:00:00,,pending,1
13063,3058,2705,2025-08-28 00:00:00,,pending,1
13064,2181,2705,2024-10-20 00:00:00,,pending,1
13065,1741,2705,2025-11-24 00:00:00,2025-12-03 00:00:00,rejected,1
13066,1457,5494,2025-12-22 00:00:00,,pending,1
13067,1456,5494,2025-06-27 00:00:00,2025-07-08 00:00:00,rejected,1
13068,2671,2412,2025-09-02 00:00:00,,pending,1
13069,1698,2412,2025-10-20 00:00:00,2025-11-06 00:00:00,rejected,1
13070,1414,2412,2025-10-07 00:00:00,,pending,1
13071,965,3824,2024-08-02 00:00:00,2024-08-10 00:00:00,canceled,1
13072,729,3824,2025-08-18 00:00:00,,pending,1
13073,3120,3824,2025-07-28 00:00:00,2025-08-14 00:00:00,accepted,1
13074,2441,3824,2025-05-05 00:00:00,,pending,1
13075,43,3108,2025-10-05 00:00:00,,pending,1
13076,2519,3108,2025-09-26 00:00:00,,pending,1
13077,2211,4935,2025-05-20 00:00:00,,pending,1
13078,3106,4935,2025-10-09 00:00:00,2025-10-28 00:00:00,accepted,1
13079,2350,3191,2025-09-08 00:00:00,2025-09-24 00:00:00,accepted,1
13080,1517,3191,2025-03-12 00:00:00,2025-03-17 00:00:00,canceled,1
13081,476,3191,2025-06-07 00:00:00,2025-06-23 00:00:00,accepted,1
13082,1662,2469,2024-06-21 00:00:00,2024-07-04 00:00:00,accepted,1
13083,977,2469,2025-09-23 00:00:00,2025-10-03 00:00:00,accepted,1
13084,1042,2469,2025-10-19 00:00:00,,pending,1
13085,1459,4110,2024-10-05 00:00:00,,pending,1
13086,535,4110,2025-02-11 00:00:00,,pending,1
13087,2159,4110,2025-12-06 00:00:00,2025-12-17 00:00:00,accepted,1
13088,2655,4673,2024-07-28 00:00:00,2024-08-14 00:00:00,accepted,1
13089,2299,4673,2025-09-12 00:00:00,2025-09-24 00:00:00,rejected,1
13090,936,4673,2025-02-15 00:00:00,2025-03-01 00:00:00,accepted,1
13091,2652,5144,2025-10-24 00:00:00,,pending,1
13092,1273,5144,2024-11-10 00:00:00,,pending,1
13093,396,5144,2025-06-26 00:00:00,2025-07-11 00:00:00,canceled,1
13094,1080,5144,2025-03-23 00:00:00,2025-04-06 00:00:00,canceled,1
13095,2914,4247,2025-09-29 00:00:00,2025-10-08 00:00:00,canceled,1
13096,1103,4247,2025-10-13 00:00:00,2025-10-16 00:00:00,canceled,1
13097,2198,4247,2025-09-19 00:00:00,,pending,1
13098,1101,4247,2025-09-11 00:00:00,2025-09-29 00:00:00,rejected,1
13099,5,4241,2025-04-21 00:00:00,,alerted,0
13100,993,4241,2025-10-13 00:00:00,2025-10-21 00:00:00,rejected,1
13101,3035,4532,2025-08-18 00:00:00,,pending,1
13102,2926,4532,2025-06-28 00:00:00,2025-07-12 00:00:00,accepted,1
13103,1451,5012,2025-08-28 00:00:00,2025-09-15 00:00:00,accepted,1
13105,2926,5012,2025-09-13 00:00:00,2025-09-22 00:00:00,canceled,1
13106,3039,5012,2025-09-16 00:00:00,2025-09-23 00:00:00,canceled,1
13107,2580,3492,2025-03-21 00:00:00,2025-03-30 00:00:00,canceled,1
13108,861,3492,2025-03-17 00:00:00,2025-03-24 00:00:00,rejected,1
13109,1766,3492,2025-09-18 00:00:00,2025-09-26 00:00:00,canceled,1
13110,2367,2244,2025-12-08 00:00:00,2025-12-21 00:00:00,rejected,1
13111,2488,2244,2025-12-13 00:00:00,2025-12-29 00:00:00,accepted,1
13112,2540,1823,2024-08-20 00:00:00,2024-08-27 00:00:00,rejected,1
13113,2868,1823,2024-12-27 00:00:00,,pending,1
13114,861,4981,2025-02-11 00:00:00,,pending,1
13115,2399,4981,2025-10-22 00:00:00,2025-11-03 00:00:00,accepted,1
13116,23,5214,2025-03-23 00:00:00,2025-04-07 00:00:00,accepted,1
13117,2375,5214,2025-04-23 00:00:00,2025-05-03 00:00:00,rejected,1
13118,599,5214,2025-05-17 00:00:00,2025-05-19 00:00:00,accepted,1
13120,746,1846,2025-05-26 00:00:00,,pending,1
13121,749,1846,2025-08-14 00:00:00,2025-08-18 00:00:00,rejected,1
13122,773,2057,2025-09-23 00:00:00,,pending,1
13123,2177,2057,2025-08-17 00:00:00,,pending,1
13125,2616,4690,2025-09-23 00:00:00,2025-10-08 00:00:00,accepted,1
13126,617,4690,2025-10-27 00:00:00,,alerted,0
13127,197,4423,2025-08-29 00:00:00,2025-09-02 00:00:00,accepted,1
13128,977,4423,2025-08-29 00:00:00,,pending,1
13129,956,4423,2025-08-18 00:00:00,2025-08-25 00:00:00,accepted,1
13130,1826,1943,2025-09-24 00:00:00,2025-10-04 00:00:00,rejected,1
13131,1739,1943,2025-12-02 00:00:00,2025-12-03 00:00:00,accepted,1
13132,2291,4491,2025-06-27 00:00:00,,pending,1
13133,2313,4491,2025-12-29 00:00:00,,pending,1
13134,153,4491,2025-09-30 00:00:00,2025-10-19 00:00:00,rejected,1
13135,2159,2084,2025-12-30 00:00:00,,alerted,0
13136,1324,2084,2025-05-19 00:00:00,,pending,1
13137,2926,2813,2025-09-17 00:00:00,,pending,1
13138,3016,2813,2025-10-01 00:00:00,,pending,1
13139,2843,2813,2025-04-20 00:00:00,,pending,1
13140,2856,1921,2024-10-10 00:00:00,2024-10-20 00:00:00,canceled,1
13141,50,1921,2025-06-14 00:00:00,2025-06-17 00:00:00,accepted,1
13142,573,1827,2025-04-10 00:00:00,,pending,1
13143,1250,1827,2024-02-20 00:00:00,2024-02-21 00:00:00,canceled,1
13144,784,3602,2024-10-25 00:00:00,2024-11-06 00:00:00,accepted,1
13145,2108,3602,2025-08-27 00:00:00,2025-09-09 00:00:00,accepted,1
13146,1399,1851,2024-08-10 00:00:00,2024-08-21 00:00:00,accepted,1
13147,727,1851,2025-06-05 00:00:00,,alerted,0
13148,2314,3529,2025-10-25 00:00:00,,pending,1
13149,221,3529,2024-05-22 00:00:00,2024-06-03 00:00:00,rejected,1
13150,2202,2361,2025-08-11 00:00:00,2025-08-19 00:00:00,accepted,1
13151,2299,2361,2025-10-28 00:00:00,2025-11-15 00:00:00,accepted,1
13152,1482,2361,2025-08-22 00:00:00,2025-09-06 00:00:00,accepted,1
13154,993,1511,2025-09-07 00:00:00,,pending,1
13155,1459,1511,2024-12-11 00:00:00,2024-12-25 00:00:00,accepted,1
13156,1563,1511,2025-06-30 00:00:00,,pending,1
13157,81,2437,2025-11-15 00:00:00,,pending,1
13158,779,2437,2025-06-19 00:00:00,,pending,1
13159,1192,2437,2024-06-18 00:00:00,2024-07-02 00:00:00,rejected,1
13160,1750,2437,2025-10-25 00:00:00,,pending,1
13161,3076,2257,2024-04-04 00:00:00,2024-04-23 00:00:00,accepted,1
13162,705,2257,2024-06-18 00:00:00,,pending,1
13163,2828,2257,2025-11-01 00:00:00,2025-11-18 00:00:00,canceled,1
13164,1037,4053,2025-11-05 00:00:00,2025-11-13 00:00:00,accepted,1
13165,1576,4053,2025-04-11 00:00:00,2025-04-13 00:00:00,accepted,1
13166,844,4053,2025-09-27 00:00:00,,alerted,0
13167,2833,1699,2025-05-11 00:00:00,2025-05-25 00:00:00,canceled,1
13168,2766,1699,2025-10-21 00:00:00,2025-10-22 00:00:00,accepted,1
13169,426,4530,2025-07-26 00:00:00,,pending,1
13170,1192,4530,2024-07-10 00:00:00,,pending,1
13171,832,4530,2025-10-02 00:00:00,2025-10-12 00:00:00,rejected,1
13172,593,4102,2025-12-15 00:00:00,,pending,1
13173,2303,4102,2024-10-01 00:00:00,2024-10-02 00:00:00,accepted,1
13174,1315,5452,2025-07-07 00:00:00,,pending,1
13175,857,5452,2025-12-02 00:00:00,2025-12-10 00:00:00,accepted,1
13176,2401,5452,2024-04-01 00:00:00,2024-04-20 00:00:00,canceled,1
13177,1459,2645,2024-10-30 00:00:00,2024-11-11 00:00:00,accepted,1
13178,95,2645,2024-06-11 00:00:00,2024-06-21 00:00:00,rejected,1
13179,3006,5072,2025-07-23 00:00:00,2025-07-24 00:00:00,canceled,1
13180,1378,5072,2024-11-07 00:00:00,,pending,1
13181,222,5153,2024-09-19 00:00:00,,pending,1
13182,2352,5153,2025-11-22 00:00:00,2025-12-05 00:00:00,rejected,1
13183,816,4839,2025-04-23 00:00:00,2025-05-05 00:00:00,accepted,1
13184,1890,4839,2026-01-06 00:00:00,,pending,1
13185,678,4839,2025-11-30 00:00:00,,pending,1
13186,5,4839,2025-06-16 00:00:00,,alerted,0
13187,805,4048,2025-05-25 00:00:00,,pending,1
13188,2356,4048,2025-12-11 00:00:00,,pending,1
13189,687,2077,2025-10-15 00:00:00,2025-10-21 00:00:00,accepted,1
13190,95,2077,2024-05-02 00:00:00,,pending,1
13191,1563,2077,2025-07-19 00:00:00,,pending,1
13192,97,2077,2025-06-01 00:00:00,2025-06-10 00:00:00,canceled,1
13193,2020,2623,2025-06-22 00:00:00,2025-06-29 00:00:00,rejected,1
13194,2533,2623,2024-07-09 00:00:00,2024-07-21 00:00:00,accepted,1
13195,877,2623,2025-01-19 00:00:00,2025-01-25 00:00:00,accepted,1
13196,43,2623,2025-10-25 00:00:00,2025-11-12 00:00:00,accepted,1
13197,2236,4547,2025-10-02 00:00:00,2025-10-22 00:00:00,canceled,1
13198,530,4547,2025-09-20 00:00:00,,alerted,0
13199,2264,2162,2025-11-09 00:00:00,2025-11-28 00:00:00,accepted,1
13200,2979,2162,2024-12-31 00:00:00,2025-01-01 00:00:00,accepted,1
13201,2037,3919,2025-08-16 00:00:00,,pending,1
13202,967,3919,2025-03-04 00:00:00,,alerted,0
13203,2225,3919,2025-09-29 00:00:00,2025-10-06 00:00:00,accepted,1
13204,2822,3819,2025-03-18 00:00:00,2025-03-19 00:00:00,rejected,1
13205,2533,3819,2024-07-15 00:00:00,2024-07-28 00:00:00,canceled,1
13206,719,4562,2025-10-03 00:00:00,2025-10-20 00:00:00,accepted,1
13207,2046,4562,2025-03-14 00:00:00,2025-03-26 00:00:00,accepted,1
13208,1923,4562,2025-08-08 00:00:00,,pending,1
13209,3088,4562,2025-08-07 00:00:00,,pending,1
13210,2503,4277,2025-10-13 00:00:00,2025-10-20 00:00:00,accepted,1
13211,2862,4277,2025-10-27 00:00:00,2025-11-06 00:00:00,rejected,1
13212,322,4277,2024-08-18 00:00:00,2024-08-29 00:00:00,rejected,1
13213,2981,4277,2024-12-05 00:00:00,2024-12-14 00:00:00,accepted,1
13214,967,5325,2025-03-14 00:00:00,,alerted,0
13215,2798,5325,2024-10-28 00:00:00,2024-10-29 00:00:00,rejected,1
13216,844,5432,2025-10-22 00:00:00,,alerted,0
13217,1395,5432,2024-06-23 00:00:00,,pending,1
13218,159,1784,2025-10-09 00:00:00,,pending,1
13219,20,1784,2025-04-09 00:00:00,,pending,1
13220,482,1784,2025-10-26 00:00:00,,pending,1
13221,2197,1658,2025-10-29 00:00:00,2025-11-08 00:00:00,canceled,1
13222,2542,1658,2024-07-15 00:00:00,2024-07-25 00:00:00,accepted,1
13223,258,4348,2025-10-21 00:00:00,2025-10-27 00:00:00,accepted,1
13224,2906,4348,2025-05-09 00:00:00,2025-05-26 00:00:00,canceled,1
13225,1818,4348,2024-03-31 00:00:00,2024-04-05 00:00:00,accepted,1
13226,1250,4348,2024-03-12 00:00:00,2024-03-14 00:00:00,accepted,1
13227,2833,5382,2025-05-21 00:00:00,2025-05-27 00:00:00,accepted,1
13228,977,5382,2025-08-14 00:00:00,2025-09-02 00:00:00,accepted,1
13229,197,5382,2025-08-08 00:00:00,2025-08-26 00:00:00,rejected,1
13230,1685,5440,2025-08-24 00:00:00,2025-09-09 00:00:00,rejected,1
13232,2367,5440,2025-11-07 00:00:00,,pending,1
13233,795,3061,2024-06-14 00:00:00,2024-06-20 00:00:00,accepted,1
13234,439,3061,2026-01-02 00:00:00,,pending,1
13235,816,3061,2025-04-27 00:00:00,,pending,1
13236,2509,4569,2025-08-20 00:00:00,2025-08-30 00:00:00,accepted,1
13237,2058,4569,2025-10-27 00:00:00,2025-10-28 00:00:00,accepted,1
13238,2868,1941,2024-12-15 00:00:00,,pending,1
13239,842,1941,2025-07-07 00:00:00,2025-07-09 00:00:00,canceled,1
13240,3053,5085,2025-12-12 00:00:00,2025-12-26 00:00:00,rejected,1
13241,1091,5085,2025-07-07 00:00:00,2025-07-24 00:00:00,rejected,1
13242,1382,5085,2025-10-16 00:00:00,2025-10-28 00:00:00,accepted,1
13243,23,4363,2025-02-17 00:00:00,2025-02-27 00:00:00,accepted,1
13244,333,4363,2025-06-27 00:00:00,,pending,1
13245,2168,4363,2025-10-26 00:00:00,,pending,1
13246,1192,4855,2024-07-07 00:00:00,2024-07-21 00:00:00,accepted,1
13247,710,4855,2025-07-21 00:00:00,2025-07-26 00:00:00,rejected,1
13248,1156,4855,2025-02-15 00:00:00,,pending,1
13249,749,3559,2025-09-03 00:00:00,,pending,1
13250,530,3559,2025-10-24 00:00:00,,alerted,0
13251,2244,3973,2025-09-02 00:00:00,2025-09-14 00:00:00,accepted,1
13252,401,3973,2025-10-21 00:00:00,2025-11-10 00:00:00,accepted,1
13253,438,3973,2025-11-25 00:00:00,,pending,1
13254,1352,2818,2025-02-17 00:00:00,2025-02-19 00:00:00,accepted,1
13255,2788,2818,2025-07-14 00:00:00,2025-07-25 00:00:00,accepted,1
13256,459,2818,2024-05-15 00:00:00,,alerted,0
13257,2798,2818,2024-10-05 00:00:00,2024-10-06 00:00:00,accepted,1
13258,3061,2275,2025-06-21 00:00:00,2025-07-06 00:00:00,canceled,1
13259,2862,2275,2025-11-13 00:00:00,,pending,1
13261,2576,2571,2025-10-22 00:00:00,2025-10-27 00:00:00,accepted,1
13262,2814,2571,2025-02-03 00:00:00,2025-02-15 00:00:00,rejected,1
13263,23,2571,2025-03-06 00:00:00,2025-03-08 00:00:00,accepted,1
13264,197,2798,2025-07-13 00:00:00,2025-07-27 00:00:00,accepted,1
13265,2833,2798,2025-06-15 00:00:00,2025-06-23 00:00:00,rejected,1
13266,977,2798,2025-10-18 00:00:00,,pending,1
13267,853,5035,2025-09-17 00:00:00,2025-10-06 00:00:00,rejected,1
13268,482,5035,2025-11-25 00:00:00,,pending,1
13269,1469,5035,2025-06-25 00:00:00,,pending,1
13270,2329,2353,2025-08-23 00:00:00,2025-09-01 00:00:00,canceled,1
13271,2328,2353,2025-09-24 00:00:00,,pending,1
13272,1470,2740,2025-06-30 00:00:00,2025-07-03 00:00:00,rejected,1
13273,853,2740,2025-09-05 00:00:00,,pending,1
13274,2775,2740,2025-03-01 00:00:00,,pending,1
13275,1446,2532,2025-11-15 00:00:00,,pending,1
13276,1034,2532,2025-12-27 00:00:00,,alerted,0
13277,140,2532,2024-03-17 00:00:00,2024-03-18 00:00:00,rejected,1
13278,1223,2532,2025-03-26 00:00:00,,pending,1
13279,773,2394,2025-10-25 00:00:00,2025-10-26 00:00:00,accepted,1
13280,2399,2394,2025-10-31 00:00:00,2025-11-13 00:00:00,accepted,1
13281,1231,2394,2024-11-11 00:00:00,,pending,1
13282,221,2926,2024-05-19 00:00:00,2024-05-20 00:00:00,accepted,1
13283,1359,2926,2025-07-31 00:00:00,2025-08-01 00:00:00,accepted,1
13284,747,4193,2025-06-11 00:00:00,2025-06-18 00:00:00,accepted,1
13285,84,4193,2024-10-03 00:00:00,,pending,1
13286,719,1951,2025-08-31 00:00:00,2025-09-08 00:00:00,rejected,1
13287,2198,1951,2025-11-02 00:00:00,,pending,1
13288,1359,1951,2025-05-29 00:00:00,,pending,1
13289,2671,3931,2025-11-15 00:00:00,2025-12-05 00:00:00,accepted,1
13290,2124,3931,2024-11-14 00:00:00,,pending,1
13291,2749,3931,2024-04-20 00:00:00,2024-05-03 00:00:00,accepted,1
13292,2171,5031,2025-03-14 00:00:00,2025-03-31 00:00:00,accepted,1
13293,2215,5031,2025-10-30 00:00:00,,pending,1
13294,1525,5031,2025-09-15 00:00:00,,pending,1
13295,1081,2668,2024-06-22 00:00:00,2024-07-09 00:00:00,accepted,1
13296,2037,2668,2025-10-15 00:00:00,2025-10-17 00:00:00,accepted,1
13297,967,2668,2025-02-07 00:00:00,,alerted,0
13298,1869,2668,2025-01-02 00:00:00,2025-01-21 00:00:00,canceled,1
13299,5,1710,2025-06-26 00:00:00,,alerted,0
13300,1451,1710,2025-09-16 00:00:00,,pending,1
13301,1187,2429,2025-01-07 00:00:00,2025-01-27 00:00:00,accepted,1
13303,1840,2429,2024-04-18 00:00:00,2024-04-22 00:00:00,accepted,1
13305,1206,2516,2024-08-16 00:00:00,,pending,1
13306,622,2516,2025-05-30 00:00:00,2025-06-12 00:00:00,accepted,1
13307,1753,2516,2025-10-02 00:00:00,,pending,1
13308,2610,5061,2025-06-06 00:00:00,2025-06-17 00:00:00,rejected,1
13309,1720,5061,2025-07-25 00:00:00,2025-08-05 00:00:00,accepted,1
13310,1378,5061,2024-11-04 00:00:00,2024-11-09 00:00:00,rejected,1
13311,573,5061,2025-03-22 00:00:00,,pending,1
13312,197,3923,2025-07-10 00:00:00,2025-07-29 00:00:00,accepted,1
13313,977,3923,2025-09-21 00:00:00,2025-09-23 00:00:00,accepted,1
13314,2763,3923,2025-10-15 00:00:00,,pending,1
13315,2168,2730,2025-10-17 00:00:00,2025-10-29 00:00:00,rejected,1
13316,333,2730,2025-06-16 00:00:00,,pending,1
13317,1397,3019,2025-12-04 00:00:00,2025-12-23 00:00:00,rejected,1
13319,1470,3019,2025-07-14 00:00:00,2025-07-28 00:00:00,accepted,1
13322,879,3662,2025-05-21 00:00:00,,alerted,0
13323,1263,3662,2025-07-18 00:00:00,2025-08-06 00:00:00,rejected,1
13324,462,3662,2025-07-20 00:00:00,2025-08-04 00:00:00,accepted,1
13325,2809,4166,2025-07-02 00:00:00,2025-07-08 00:00:00,accepted,1
13326,2272,4166,2025-08-18 00:00:00,2025-09-06 00:00:00,canceled,1
13327,1546,4166,2025-07-31 00:00:00,2025-08-02 00:00:00,accepted,1
13328,2625,4166,2025-11-02 00:00:00,2025-11-14 00:00:00,accepted,1
13329,2004,4125,2025-04-21 00:00:00,2025-05-02 00:00:00,accepted,1
13330,2173,4125,2025-12-21 00:00:00,2025-12-30 00:00:00,accepted,1
13331,1930,4226,2025-07-20 00:00:00,,alerted,0
13332,299,4226,2024-07-01 00:00:00,,pending,1
13333,2993,5388,2024-02-20 00:00:00,,pending,1
13334,2084,5388,2025-10-31 00:00:00,,pending,1
13335,647,1693,2025-06-09 00:00:00,2025-06-10 00:00:00,accepted,1
13336,1264,1693,2025-09-09 00:00:00,,pending,1
13337,1189,4504,2025-05-05 00:00:00,,pending,1
13338,730,4504,2024-05-21 00:00:00,,pending,1
13339,520,4504,2025-07-21 00:00:00,,pending,1
13340,2872,4008,2025-09-09 00:00:00,,pending,1
13341,678,4008,2025-10-23 00:00:00,,pending,1
13342,1152,4008,2025-07-23 00:00:00,2025-08-06 00:00:00,rejected,1
13343,148,2092,2025-08-31 00:00:00,,pending,1
13344,1236,2092,2025-11-05 00:00:00,,pending,1
13345,2981,3943,2024-12-26 00:00:00,2025-01-09 00:00:00,canceled,1
13346,405,3943,2025-07-30 00:00:00,2025-08-16 00:00:00,accepted,1
13347,1674,3943,2025-11-15 00:00:00,2025-11-30 00:00:00,accepted,1
13348,2089,2835,2025-07-24 00:00:00,2025-07-27 00:00:00,accepted,1
13349,1043,2835,2025-12-21 00:00:00,,pending,1
13350,2719,5157,2025-12-18 00:00:00,2025-12-21 00:00:00,accepted,1
13351,1378,5157,2024-10-27 00:00:00,2024-11-02 00:00:00,rejected,1
13354,748,4683,2025-06-30 00:00:00,2025-07-10 00:00:00,accepted,1
13355,781,4683,2025-10-01 00:00:00,2025-10-07 00:00:00,accepted,1
13356,625,4683,2025-07-06 00:00:00,2025-07-13 00:00:00,canceled,1
13357,2996,4033,2025-05-14 00:00:00,,pending,1
13358,831,4033,2025-08-22 00:00:00,2025-09-01 00:00:00,rejected,1
13359,2509,1560,2025-10-04 00:00:00,2025-10-21 00:00:00,accepted,1
13360,386,1560,2025-10-21 00:00:00,2025-10-27 00:00:00,accepted,1
13361,2511,1560,2025-12-26 00:00:00,2026-01-01 00:00:00,accepted,1
13362,1498,3300,2025-09-13 00:00:00,2025-09-16 00:00:00,accepted,1
13363,1673,3300,2025-08-03 00:00:00,2025-08-22 00:00:00,accepted,1
13364,2763,3482,2026-01-02 00:00:00,,pending,1
13365,2862,3482,2025-12-15 00:00:00,,pending,1
13366,92,2966,2024-03-02 00:00:00,,pending,1
13367,934,2966,2025-12-01 00:00:00,2025-12-20 00:00:00,accepted,1
13368,475,2966,2024-10-29 00:00:00,2024-11-17 00:00:00,canceled,1
13369,1879,3718,2024-11-01 00:00:00,2024-11-13 00:00:00,accepted,1
13370,2955,3718,2025-03-04 00:00:00,,pending,1
13371,1469,1522,2025-08-25 00:00:00,2025-09-05 00:00:00,accepted,1
13372,2868,1522,2025-01-29 00:00:00,2025-02-13 00:00:00,accepted,1
13373,1067,1522,2025-07-17 00:00:00,2025-07-23 00:00:00,canceled,1
13374,1238,1601,2026-01-13 00:00:00,,pending,1
13375,2992,1601,2023-12-20 00:00:00,,pending,1
13376,2133,1601,2024-04-03 00:00:00,2024-04-04 00:00:00,accepted,1
13377,3132,1861,2024-06-26 00:00:00,,pending,1
13378,1278,1861,2025-11-06 00:00:00,2025-11-17 00:00:00,rejected,1
13379,3016,2267,2025-09-06 00:00:00,,pending,1
13380,41,2267,2024-12-19 00:00:00,,pending,1
13384,860,3218,2025-01-17 00:00:00,,pending,1
13385,879,2354,2025-05-10 00:00:00,2025-05-25 00:00:00,rejected,1
13386,2996,2354,2025-05-30 00:00:00,2025-06-02 00:00:00,accepted,1
13388,1784,5011,2025-06-04 00:00:00,2025-06-23 00:00:00,accepted,1
13389,2784,5011,2025-09-18 00:00:00,2025-09-26 00:00:00,accepted,1
13390,1841,5011,2024-05-28 00:00:00,2024-06-05 00:00:00,accepted,1
13391,2982,1627,2025-01-05 00:00:00,2025-01-25 00:00:00,accepted,1
13392,322,1627,2024-10-09 00:00:00,,pending,1
13395,3132,1717,2024-09-09 00:00:00,,pending,1
13396,699,1717,2025-07-23 00:00:00,2025-07-25 00:00:00,rejected,1
13397,5,3365,2025-05-02 00:00:00,,alerted,0
13398,675,3365,2025-11-02 00:00:00,2025-11-10 00:00:00,accepted,1
13399,3170,3365,2025-03-03 00:00:00,,pending,1
13400,727,3365,2025-06-13 00:00:00,,alerted,0
13401,2993,3423,2024-01-14 00:00:00,2024-01-25 00:00:00,accepted,1
13402,3182,3423,2025-05-12 00:00:00,,pending,1
13403,1459,3723,2024-09-30 00:00:00,2024-10-19 00:00:00,canceled,1
13404,1563,3723,2025-06-24 00:00:00,2025-07-08 00:00:00,rejected,1
13405,2291,1936,2025-07-03 00:00:00,2025-07-21 00:00:00,accepted,1
13406,2198,1936,2025-11-07 00:00:00,,pending,1
13407,1662,1936,2024-06-01 00:00:00,2024-06-16 00:00:00,canceled,1
13408,2460,4777,2024-09-13 00:00:00,2024-09-25 00:00:00,rejected,1
13409,1420,4777,2024-11-01 00:00:00,2024-11-14 00:00:00,accepted,1
13410,133,4695,2024-09-11 00:00:00,2024-09-25 00:00:00,accepted,1
13411,43,4695,2025-09-20 00:00:00,,pending,1
13412,2563,4900,2025-11-09 00:00:00,,pending,1
13413,2108,4900,2025-08-18 00:00:00,2025-09-07 00:00:00,accepted,1
13414,2440,4900,2024-12-30 00:00:00,2025-01-12 00:00:00,accepted,1
13415,1414,2733,2025-12-06 00:00:00,2025-12-26 00:00:00,accepted,1
13416,2529,2733,2025-12-01 00:00:00,2025-12-04 00:00:00,canceled,1
13417,617,1842,2025-10-04 00:00:00,2025-10-15 00:00:00,accepted,1
13418,2616,1842,2025-10-16 00:00:00,,pending,1
13419,2117,1842,2025-11-02 00:00:00,2025-11-12 00:00:00,canceled,1
13420,2386,5267,2025-09-05 00:00:00,,alerted,0
13421,2215,5267,2025-10-27 00:00:00,2025-11-12 00:00:00,accepted,1
13422,2354,5267,2025-11-12 00:00:00,,pending,1
13423,2295,5267,2025-02-10 00:00:00,,pending,1
13424,1056,3405,2025-12-20 00:00:00,2026-01-07 00:00:00,canceled,1
13425,477,3405,2024-10-06 00:00:00,,alerted,0
13426,2425,3405,2025-10-09 00:00:00,,pending,1
13427,459,4508,2024-07-13 00:00:00,,alerted,0
13428,1459,4508,2024-10-07 00:00:00,2024-10-27 00:00:00,accepted,1
13429,2086,4508,2025-06-20 00:00:00,,pending,1
13430,3120,2768,2025-07-11 00:00:00,2025-07-21 00:00:00,rejected,1
13431,1774,2768,2025-09-26 00:00:00,2025-10-14 00:00:00,rejected,1
13432,3060,2768,2025-08-14 00:00:00,2025-09-02 00:00:00,accepted,1
13433,993,2768,2025-08-21 00:00:00,2025-08-23 00:00:00,accepted,1
13434,405,2188,2025-06-04 00:00:00,2025-06-08 00:00:00,rejected,1
13435,356,2188,2025-03-08 00:00:00,2025-03-09 00:00:00,canceled,1
13436,1558,2188,2025-01-11 00:00:00,2025-01-14 00:00:00,accepted,1
13437,354,2188,2024-08-18 00:00:00,,pending,1
13438,2155,2547,2025-02-23 00:00:00,2025-02-26 00:00:00,rejected,1
13439,2309,2547,2024-04-07 00:00:00,2024-04-22 00:00:00,rejected,1
13440,2718,2547,2025-12-25 00:00:00,2026-01-03 00:00:00,accepted,1
13441,3154,2547,2025-10-22 00:00:00,2025-11-10 00:00:00,accepted,1
13442,669,5352,2025-10-15 00:00:00,2025-10-26 00:00:00,accepted,1
13443,2958,5352,2025-09-03 00:00:00,,pending,1
13444,340,5352,2025-11-16 00:00:00,2025-11-17 00:00:00,accepted,1
13445,233,1599,2025-12-10 00:00:00,,pending,1
13446,1085,1599,2025-06-10 00:00:00,,pending,1
13447,658,3372,2025-04-12 00:00:00,,alerted,0
13448,2251,3372,2025-04-07 00:00:00,,pending,1
13449,1316,3372,2025-11-14 00:00:00,2025-11-16 00:00:00,canceled,1
13450,1802,3372,2025-09-29 00:00:00,2025-10-13 00:00:00,accepted,1
13451,68,2190,2024-05-16 00:00:00,2024-05-26 00:00:00,rejected,1
13452,38,2190,2024-11-11 00:00:00,,alerted,0
13453,1909,2190,2024-12-05 00:00:00,2024-12-24 00:00:00,rejected,1
13454,923,3838,2025-08-27 00:00:00,2025-09-12 00:00:00,rejected,1
13455,593,3838,2025-10-27 00:00:00,2025-11-04 00:00:00,accepted,1
13456,2806,3838,2024-10-10 00:00:00,2024-10-26 00:00:00,accepted,1
13457,2303,3838,2024-09-08 00:00:00,,pending,1
13458,779,2261,2025-05-13 00:00:00,2025-05-25 00:00:00,rejected,1
13459,748,2261,2025-08-07 00:00:00,2025-08-21 00:00:00,accepted,1
13460,1192,2261,2024-07-19 00:00:00,,pending,1
13461,2392,2261,2025-07-25 00:00:00,2025-07-26 00:00:00,accepted,1
13462,2853,2842,2025-11-09 00:00:00,2025-11-22 00:00:00,accepted,1
13463,2084,2842,2025-10-29 00:00:00,,pending,1
13464,2852,2842,2025-09-22 00:00:00,2025-10-03 00:00:00,accepted,1
13465,2098,2842,2024-12-22 00:00:00,2024-12-28 00:00:00,rejected,1
13466,1923,2160,2025-06-05 00:00:00,2025-06-23 00:00:00,accepted,1
13467,719,2160,2025-08-14 00:00:00,2025-08-17 00:00:00,accepted,1
13468,3088,2160,2025-07-11 00:00:00,2025-07-12 00:00:00,accepted,1
13469,488,2472,2025-08-09 00:00:00,,pending,1
13470,1393,2472,2025-10-17 00:00:00,,pending,1
13471,84,2472,2024-12-08 00:00:00,2024-12-12 00:00:00,canceled,1
13472,2868,4633,2024-12-12 00:00:00,2024-12-13 00:00:00,accepted,1
13473,842,4633,2025-06-20 00:00:00,,pending,1
13474,153,4633,2025-11-09 00:00:00,2025-11-23 00:00:00,accepted,1
13475,1662,3256,2024-06-23 00:00:00,2024-07-12 00:00:00,accepted,1
13476,933,3256,2025-08-12 00:00:00,2025-08-25 00:00:00,canceled,1
13477,816,5122,2025-03-08 00:00:00,2025-03-19 00:00:00,accepted,1
13478,678,5122,2025-12-16 00:00:00,2026-01-01 00:00:00,accepted,1
13479,1386,5122,2025-12-08 00:00:00,2025-12-28 00:00:00,rejected,1
13480,933,2133,2025-08-30 00:00:00,2025-09-08 00:00:00,accepted,1
13481,887,2133,2025-10-16 00:00:00,2025-10-25 00:00:00,rejected,1
13482,488,4259,2025-08-20 00:00:00,2025-09-03 00:00:00,accepted,1
13483,989,4259,2025-08-10 00:00:00,2025-08-14 00:00:00,rejected,1
13484,35,4259,2025-11-22 00:00:00,2025-12-09 00:00:00,accepted,1
13485,3120,2235,2025-08-31 00:00:00,2025-09-10 00:00:00,canceled,1
13486,600,2235,2025-07-22 00:00:00,2025-08-03 00:00:00,accepted,1
13487,602,2235,2025-09-16 00:00:00,2025-09-26 00:00:00,accepted,1
13488,3193,2888,2025-05-02 00:00:00,2025-05-18 00:00:00,accepted,1
13489,3173,2888,2025-09-25 00:00:00,2025-10-14 00:00:00,canceled,1
13490,2671,4585,2025-09-04 00:00:00,2025-09-07 00:00:00,accepted,1
13491,1250,4585,2024-03-17 00:00:00,2024-03-23 00:00:00,rejected,1
13492,261,4585,2025-08-13 00:00:00,2025-08-14 00:00:00,accepted,1
13493,834,4498,2025-09-05 00:00:00,,pending,1
13494,1712,4498,2024-07-04 00:00:00,,pending,1
13495,1760,5051,2024-11-23 00:00:00,,pending,1
13496,967,5051,2025-04-25 00:00:00,,alerted,0
13497,2440,4225,2024-10-28 00:00:00,,pending,1
13498,2108,4225,2025-10-30 00:00:00,2025-11-04 00:00:00,accepted,1
13499,1712,4225,2024-08-09 00:00:00,,pending,1
13500,2214,4225,2025-11-26 00:00:00,2025-12-15 00:00:00,rejected,1
13501,2625,4646,2025-12-13 00:00:00,2025-12-24 00:00:00,accepted,1
13502,2272,4646,2025-08-08 00:00:00,,pending,1
13503,2366,4646,2026-01-03 00:00:00,2026-01-22 00:00:00,accepted,1
13504,1017,4646,2025-03-14 00:00:00,,pending,1
13505,153,2955,2025-10-15 00:00:00,2025-10-31 00:00:00,accepted,1
13506,2575,2955,2025-10-01 00:00:00,,pending,1
13507,645,4124,2025-03-30 00:00:00,,alerted,0
13508,462,4124,2025-09-09 00:00:00,2025-09-16 00:00:00,accepted,1
13509,705,1755,2024-04-11 00:00:00,2024-04-29 00:00:00,canceled,1
13510,3076,1755,2024-04-12 00:00:00,2024-04-17 00:00:00,accepted,1
13511,2828,1755,2025-11-25 00:00:00,,pending,1
13512,2063,1755,2024-07-13 00:00:00,2024-07-29 00:00:00,accepted,1
13513,3173,2193,2025-08-28 00:00:00,2025-09-07 00:00:00,accepted,1
13514,2943,2193,2024-12-16 00:00:00,2024-12-17 00:00:00,accepted,1
13515,2542,4208,2024-07-29 00:00:00,2024-08-02 00:00:00,accepted,1
13516,1566,4208,2026-01-02 00:00:00,,pending,1
13517,1950,3588,2025-09-02 00:00:00,,pending,1
13518,2988,3588,2024-08-02 00:00:00,2024-08-22 00:00:00,canceled,1
13519,3173,4684,2025-09-11 00:00:00,2025-09-23 00:00:00,accepted,1
13520,2993,4684,2024-03-09 00:00:00,,pending,1
13521,908,4684,2025-11-07 00:00:00,2025-11-26 00:00:00,canceled,1
13522,863,2805,2025-10-02 00:00:00,,pending,1
13523,3039,2805,2025-07-28 00:00:00,2025-08-05 00:00:00,accepted,1
13524,1152,2805,2025-07-13 00:00:00,,pending,1
13525,2159,2805,2025-11-07 00:00:00,,pending,1
13526,877,4720,2024-11-08 00:00:00,,pending,1
13527,1817,4720,2025-12-03 00:00:00,2025-12-22 00:00:00,canceled,1
13528,3037,5195,2025-07-27 00:00:00,2025-07-29 00:00:00,canceled,1
13529,1455,5195,2025-04-08 00:00:00,2025-04-12 00:00:00,accepted,1
13530,2847,5195,2025-09-27 00:00:00,2025-10-13 00:00:00,accepted,1
13531,2808,2023,2025-05-22 00:00:00,2025-05-28 00:00:00,canceled,1
13532,2299,2023,2025-11-01 00:00:00,2025-11-06 00:00:00,rejected,1
13533,911,2023,2025-10-15 00:00:00,2025-11-04 00:00:00,rejected,1
13534,248,4522,2025-07-18 00:00:00,,alerted,0
13535,5,4522,2025-05-28 00:00:00,,alerted,0
13536,1563,4426,2025-06-23 00:00:00,2025-07-11 00:00:00,accepted,1
13537,1459,4426,2024-12-06 00:00:00,2024-12-20 00:00:00,rejected,1
13538,2755,2042,2025-11-18 00:00:00,2025-11-25 00:00:00,canceled,1
13539,2344,2042,2025-01-13 00:00:00,2025-02-01 00:00:00,accepted,1
13540,1344,4762,2025-07-04 00:00:00,2025-07-18 00:00:00,accepted,1
13541,3129,4762,2025-12-10 00:00:00,2025-12-13 00:00:00,accepted,1
13542,1550,4762,2025-10-19 00:00:00,2025-10-24 00:00:00,accepted,1
13543,2269,4762,2025-08-17 00:00:00,2025-08-28 00:00:00,accepted,1
13544,952,3667,2024-10-12 00:00:00,2024-10-16 00:00:00,canceled,1
13545,2215,3667,2025-09-13 00:00:00,2025-10-02 00:00:00,canceled,1
13546,1370,3667,2024-07-13 00:00:00,,pending,1
13547,2155,3503,2025-03-26 00:00:00,2025-04-13 00:00:00,canceled,1
13548,2907,3503,2025-09-17 00:00:00,,pending,1
13549,1192,3503,2024-06-25 00:00:00,,pending,1
13550,1741,2068,2025-11-15 00:00:00,2025-11-17 00:00:00,canceled,1
13551,795,2068,2024-06-17 00:00:00,,pending,1
13553,1513,4294,2024-05-21 00:00:00,,pending,1
13554,658,4294,2025-06-21 00:00:00,,alerted,0
13555,1296,4294,2025-08-22 00:00:00,,pending,1
13556,99,4096,2025-11-02 00:00:00,2025-11-05 00:00:00,accepted,1
13557,2132,4096,2025-12-02 00:00:00,2025-12-08 00:00:00,accepted,1
13558,518,4096,2025-11-19 00:00:00,2025-11-21 00:00:00,accepted,1
13559,2758,5318,2025-08-13 00:00:00,,pending,1
13560,2529,5318,2025-12-11 00:00:00,2025-12-26 00:00:00,accepted,1
13561,705,5350,2024-06-07 00:00:00,2024-06-25 00:00:00,accepted,1
13562,2656,5350,2025-08-15 00:00:00,2025-09-03 00:00:00,accepted,1
13563,2710,3534,2025-08-24 00:00:00,2025-09-02 00:00:00,rejected,1
13564,104,3534,2025-03-23 00:00:00,2025-04-11 00:00:00,accepted,1
13565,2151,2158,2024-10-15 00:00:00,2024-10-25 00:00:00,rejected,1
13566,241,2158,2025-08-01 00:00:00,2025-08-05 00:00:00,accepted,1
13567,2868,2007,2025-01-23 00:00:00,,pending,1
13568,2557,2007,2025-06-20 00:00:00,,pending,1
13569,842,2007,2025-06-23 00:00:00,,pending,1
13570,508,4978,2024-12-15 00:00:00,,pending,1
13571,2816,4978,2024-08-08 00:00:00,2024-08-26 00:00:00,accepted,1
13572,1231,4978,2025-01-13 00:00:00,,pending,1
13573,1047,3210,2025-02-04 00:00:00,,pending,1
13574,822,3210,2025-11-14 00:00:00,2025-11-25 00:00:00,rejected,1
13575,933,3210,2025-07-16 00:00:00,2025-07-29 00:00:00,accepted,1
13576,1259,3210,2025-05-26 00:00:00,2025-06-14 00:00:00,rejected,1
13577,2197,5270,2025-10-24 00:00:00,,pending,1
13578,2168,5270,2025-08-25 00:00:00,2025-09-09 00:00:00,accepted,1
13579,1985,5270,2025-12-21 00:00:00,2025-12-28 00:00:00,accepted,1
13580,2833,2453,2025-06-15 00:00:00,2025-06-25 00:00:00,rejected,1
13581,977,2453,2025-10-09 00:00:00,2025-10-17 00:00:00,accepted,1
13582,1520,2453,2025-09-08 00:00:00,2025-09-13 00:00:00,rejected,1
13585,2155,3222,2025-02-17 00:00:00,,pending,1
13586,2117,3222,2026-01-05 00:00:00,2026-01-17 00:00:00,accepted,1
13587,426,3222,2025-08-26 00:00:00,,pending,1
13588,2647,3319,2025-10-05 00:00:00,,pending,1
13589,292,3319,2025-08-22 00:00:00,2025-08-26 00:00:00,canceled,1
13590,779,2838,2025-05-20 00:00:00,,pending,1
13591,488,2838,2025-08-19 00:00:00,2025-09-08 00:00:00,accepted,1
13592,255,1537,2025-12-07 00:00:00,2025-12-27 00:00:00,canceled,1
13593,897,1537,2025-10-28 00:00:00,,pending,1
13594,1115,4228,2025-11-16 00:00:00,2025-11-30 00:00:00,accepted,1
13595,453,4228,2025-10-13 00:00:00,2025-10-14 00:00:00,accepted,1
13596,1236,3185,2025-10-27 00:00:00,2025-11-01 00:00:00,rejected,1
13597,60,3185,2025-06-06 00:00:00,2025-06-10 00:00:00,accepted,1
13598,431,3185,2024-11-06 00:00:00,,pending,1
13599,23,2348,2025-02-09 00:00:00,2025-02-17 00:00:00,accepted,1
13600,975,2348,2025-05-18 00:00:00,2025-06-04 00:00:00,accepted,1
13602,1043,2348,2025-10-28 00:00:00,2025-11-12 00:00:00,accepted,1
13603,2529,4227,2025-12-11 00:00:00,2025-12-13 00:00:00,accepted,1
13604,1978,4227,2025-07-18 00:00:00,2025-07-21 00:00:00,accepted,1
13605,967,2523,2025-04-18 00:00:00,,alerted,0
13606,2798,2523,2024-09-24 00:00:00,2024-10-06 00:00:00,rejected,1
13607,340,4242,2025-11-23 00:00:00,,pending,1
13608,1994,4242,2025-06-01 00:00:00,2025-06-03 00:00:00,accepted,1
13609,1469,2890,2025-07-31 00:00:00,,pending,1
13610,853,2890,2025-09-09 00:00:00,2025-09-29 00:00:00,accepted,1
13611,1603,2304,2025-10-05 00:00:00,2025-10-13 00:00:00,canceled,1
13612,2092,2304,2025-10-30 00:00:00,2025-11-13 00:00:00,accepted,1
13613,2393,5143,2025-07-22 00:00:00,2025-08-05 00:00:00,accepted,1
13614,627,5143,2025-10-13 00:00:00,,pending,1
13615,153,2149,2025-09-28 00:00:00,2025-10-02 00:00:00,accepted,1
13616,2914,2149,2025-10-09 00:00:00,2025-10-23 00:00:00,rejected,1
13617,956,2149,2025-07-14 00:00:00,2025-08-01 00:00:00,rejected,1
13618,2833,4284,2025-04-24 00:00:00,2025-05-05 00:00:00,accepted,1
13619,1662,4284,2024-06-17 00:00:00,2024-06-22 00:00:00,rejected,1
13620,482,3711,2025-11-24 00:00:00,2025-12-13 00:00:00,accepted,1
13621,2593,3711,2025-10-19 00:00:00,,pending,1
13622,406,3711,2025-07-20 00:00:00,2025-07-27 00:00:00,accepted,1
13623,2205,3711,2024-11-12 00:00:00,,pending,1
13624,1378,4880,2024-09-24 00:00:00,2024-10-08 00:00:00,accepted,1
13625,750,4880,2025-10-10 00:00:00,,pending,1
13626,902,4880,2024-07-25 00:00:00,2024-07-30 00:00:00,accepted,1
13627,1202,2537,2025-12-07 00:00:00,2025-12-25 00:00:00,rejected,1
13628,1127,2537,2025-10-29 00:00:00,2025-10-31 00:00:00,accepted,1
13629,1243,2537,2025-04-08 00:00:00,2025-04-15 00:00:00,accepted,1
13630,658,2537,2025-05-29 00:00:00,,alerted,0
13631,2125,1645,2024-10-20 00:00:00,,pending,1
13632,2847,1645,2025-11-18 00:00:00,2025-11-28 00:00:00,canceled,1
13633,43,1645,2025-10-20 00:00:00,,pending,1
13634,2307,2072,2025-06-05 00:00:00,2025-06-23 00:00:00,accepted,1
13636,2718,2072,2025-11-03 00:00:00,2025-11-13 00:00:00,accepted,1
13637,642,2072,2025-11-29 00:00:00,2025-12-12 00:00:00,canceled,1
13638,970,4265,2024-11-02 00:00:00,,pending,1
13639,38,4265,2024-09-18 00:00:00,,alerted,0
13640,349,4265,2025-02-19 00:00:00,2025-03-11 00:00:00,accepted,1
13641,248,1893,2025-08-08 00:00:00,,alerted,0
13642,1185,1893,2024-09-09 00:00:00,2024-09-23 00:00:00,accepted,1
13643,844,4050,2025-11-08 00:00:00,,alerted,0
13644,581,4050,2025-06-09 00:00:00,2025-06-27 00:00:00,accepted,1
13645,825,4050,2025-10-25 00:00:00,2025-11-08 00:00:00,accepted,1
13646,781,2342,2025-10-03 00:00:00,2025-10-18 00:00:00,accepted,1
13647,1736,2342,2025-07-04 00:00:00,2025-07-24 00:00:00,accepted,1
13648,2621,2342,2025-10-05 00:00:00,2025-10-07 00:00:00,canceled,1
13649,775,2342,2024-07-29 00:00:00,2024-08-16 00:00:00,rejected,1
13650,43,5075,2025-09-06 00:00:00,2025-09-12 00:00:00,accepted,1
13651,1318,5075,2025-09-21 00:00:00,,pending,1
13652,327,5075,2025-09-14 00:00:00,2025-09-16 00:00:00,canceled,1
13653,3060,5075,2025-09-21 00:00:00,2025-10-02 00:00:00,canceled,1
13654,2798,4029,2024-10-22 00:00:00,2024-11-09 00:00:00,accepted,1
13655,967,4029,2025-04-06 00:00:00,,alerted,0
13656,454,4844,2025-11-20 00:00:00,,pending,1
13657,2311,4844,2025-08-17 00:00:00,2025-08-24 00:00:00,rejected,1
13658,2996,4844,2025-03-16 00:00:00,2025-04-02 00:00:00,accepted,1
13659,2671,4844,2025-11-18 00:00:00,2025-12-01 00:00:00,accepted,1
13660,1050,5150,2024-02-18 00:00:00,2024-02-20 00:00:00,accepted,1
13661,1698,5150,2025-10-21 00:00:00,,pending,1
13662,530,3483,2025-10-30 00:00:00,,alerted,0
13663,2907,3483,2025-09-16 00:00:00,,pending,1
13664,2278,3483,2025-07-05 00:00:00,2025-07-16 00:00:00,accepted,1
13665,317,2448,2025-10-05 00:00:00,,pending,1
13666,2907,2448,2025-08-16 00:00:00,2025-08-22 00:00:00,canceled,1
13667,1082,2448,2025-05-21 00:00:00,,pending,1
13668,2907,5213,2025-08-08 00:00:00,,pending,1
13669,2026,5213,2024-11-16 00:00:00,,pending,1
13670,2872,4418,2025-10-29 00:00:00,2025-11-07 00:00:00,rejected,1
13671,3039,4418,2025-07-17 00:00:00,2025-08-04 00:00:00,accepted,1
13672,2843,4418,2025-06-22 00:00:00,2025-07-05 00:00:00,accepted,1
13673,1597,4418,2025-02-07 00:00:00,2025-02-17 00:00:00,accepted,1
13674,308,2542,2025-10-15 00:00:00,2025-10-21 00:00:00,accepted,1
13675,1375,2542,2025-07-12 00:00:00,,pending,1
13676,1555,2542,2025-07-14 00:00:00,2025-07-27 00:00:00,accepted,1
13677,378,2542,2024-10-07 00:00:00,,pending,1
13678,405,3358,2025-06-18 00:00:00,,pending,1
13679,159,3358,2025-11-08 00:00:00,2025-11-16 00:00:00,accepted,1
13680,2488,3727,2025-12-29 00:00:00,2026-01-08 00:00:00,accepted,1
13681,1817,3727,2025-12-22 00:00:00,2025-12-28 00:00:00,canceled,1
13682,1935,4129,2025-07-18 00:00:00,2025-08-03 00:00:00,accepted,1
13683,316,4129,2024-12-25 00:00:00,,pending,1
13684,2670,4129,2025-07-26 00:00:00,,pending,1
13685,1469,5047,2025-07-18 00:00:00,,pending,1
13686,1642,5047,2025-08-02 00:00:00,,pending,1
13687,159,5047,2025-11-12 00:00:00,2025-11-19 00:00:00,accepted,1
13688,2772,5179,2025-10-22 00:00:00,,pending,1
13689,1991,5179,2024-08-24 00:00:00,2024-09-01 00:00:00,accepted,1
13690,2814,5179,2025-01-28 00:00:00,,pending,1
13691,611,2106,2025-07-03 00:00:00,2025-07-14 00:00:00,rejected,1
13692,2719,2106,2025-12-18 00:00:00,2026-01-02 00:00:00,accepted,1
13693,2535,4414,2025-02-13 00:00:00,2025-03-02 00:00:00,accepted,1
13694,2988,4414,2024-07-17 00:00:00,2024-07-19 00:00:00,accepted,1
13695,1760,4441,2024-10-13 00:00:00,,pending,1
13696,1930,4441,2025-07-05 00:00:00,,alerted,0
13697,299,4441,2024-08-21 00:00:00,,pending,1
13698,1185,4142,2024-11-04 00:00:00,2024-11-11 00:00:00,accepted,1
13699,1296,4142,2025-08-05 00:00:00,2025-08-17 00:00:00,rejected,1
13700,1032,4142,2025-07-06 00:00:00,2025-07-14 00:00:00,accepted,1
13701,2244,2392,2025-09-09 00:00:00,,pending,1
13702,347,2392,2024-10-30 00:00:00,,alerted,0
13703,2177,2392,2025-09-28 00:00:00,,pending,1
13704,727,1929,2025-07-12 00:00:00,,alerted,0
13705,1201,1929,2025-10-07 00:00:00,,pending,1
13706,1185,1501,2024-09-25 00:00:00,,pending,1
13707,43,1501,2025-09-02 00:00:00,2025-09-03 00:00:00,rejected,1
13708,687,1501,2025-11-16 00:00:00,2025-11-30 00:00:00,accepted,1
13709,1677,4067,2024-07-06 00:00:00,,pending,1
13710,2616,4067,2025-12-05 00:00:00,2025-12-07 00:00:00,accepted,1
13711,1601,5290,2025-10-24 00:00:00,2025-10-28 00:00:00,accepted,1
13712,1760,5290,2024-10-14 00:00:00,,pending,1
13714,2808,4393,2025-06-26 00:00:00,2025-07-04 00:00:00,accepted,1
13715,2296,4393,2025-05-05 00:00:00,2025-05-06 00:00:00,rejected,1
13716,607,4393,2025-10-21 00:00:00,2025-10-23 00:00:00,rejected,1
13717,2205,4240,2024-11-05 00:00:00,2024-11-11 00:00:00,canceled,1
13718,1047,4240,2024-12-30 00:00:00,2025-01-17 00:00:00,accepted,1
13719,20,4240,2025-02-19 00:00:00,2025-03-06 00:00:00,accepted,1
13720,2117,4847,2025-11-15 00:00:00,2025-12-05 00:00:00,accepted,1
13721,645,4847,2025-03-17 00:00:00,,alerted,0
13722,445,4847,2024-06-26 00:00:00,2024-06-27 00:00:00,accepted,1
13723,261,4638,2025-09-10 00:00:00,,pending,1
13724,2124,4638,2024-11-09 00:00:00,2024-11-23 00:00:00,accepted,1
13725,2671,4638,2025-09-10 00:00:00,2025-09-16 00:00:00,canceled,1
13726,1899,4638,2025-11-30 00:00:00,2025-12-04 00:00:00,rejected,1
13727,271,3359,2025-10-10 00:00:00,,pending,1
13728,1064,3359,2025-05-14 00:00:00,,pending,1
13729,2535,3359,2025-03-08 00:00:00,2025-03-18 00:00:00,accepted,1
13730,3071,3359,2024-10-08 00:00:00,,pending,1
13731,1409,4913,2025-02-11 00:00:00,2025-02-17 00:00:00,accepted,1
13732,2088,4913,2025-07-19 00:00:00,,pending,1
13733,38,4913,2024-09-22 00:00:00,,alerted,0
13734,3083,2766,2025-02-13 00:00:00,,pending,1
13735,967,2766,2025-02-22 00:00:00,,alerted,0
13736,2757,2958,2025-09-05 00:00:00,2025-09-20 00:00:00,rejected,1
13737,829,2958,2026-01-02 00:00:00,,pending,1
13738,1251,5489,2024-09-10 00:00:00,,pending,1
13739,645,5489,2025-03-18 00:00:00,,alerted,0
13740,2077,5489,2026-01-07 00:00:00,2026-01-22 00:00:00,accepted,1
13741,2361,1713,2025-11-16 00:00:00,2025-11-19 00:00:00,accepted,1
13742,1103,1713,2025-12-01 00:00:00,2025-12-08 00:00:00,canceled,1
13744,322,3883,2024-07-28 00:00:00,2024-08-09 00:00:00,accepted,1
13745,3109,3883,2024-10-12 00:00:00,2024-10-29 00:00:00,accepted,1
13746,2862,3883,2025-12-09 00:00:00,2025-12-16 00:00:00,canceled,1
13747,2734,3883,2025-04-15 00:00:00,2025-04-19 00:00:00,rejected,1
13748,50,4760,2025-05-31 00:00:00,2025-06-16 00:00:00,canceled,1
13749,2856,4760,2024-08-04 00:00:00,,pending,1
13750,2852,4760,2025-10-27 00:00:00,,pending,1
13751,81,3809,2025-11-23 00:00:00,2025-12-03 00:00:00,rejected,1
13752,2256,3809,2025-09-22 00:00:00,,pending,1
13753,779,3809,2025-05-24 00:00:00,2025-06-02 00:00:00,canceled,1
13756,645,2387,2025-04-24 00:00:00,,alerted,0
13757,577,5023,2025-03-30 00:00:00,2025-04-18 00:00:00,accepted,1
13758,3193,5023,2025-05-03 00:00:00,2025-05-15 00:00:00,accepted,1
13759,810,5023,2025-09-20 00:00:00,2025-09-29 00:00:00,accepted,1
13760,1204,4637,2024-02-28 00:00:00,2024-03-01 00:00:00,accepted,1
13761,1266,4637,2024-12-18 00:00:00,2024-12-29 00:00:00,canceled,1
13762,1314,4637,2025-03-12 00:00:00,2025-03-28 00:00:00,accepted,1
13763,1301,4637,2025-10-27 00:00:00,,pending,1
13764,2886,5007,2025-03-04 00:00:00,,pending,1
13765,1826,5007,2025-09-13 00:00:00,,pending,1
13766,1864,5007,2025-10-25 00:00:00,,pending,1
13767,3109,2420,2024-08-24 00:00:00,,pending,1
13768,2168,2420,2025-09-02 00:00:00,2025-09-08 00:00:00,rejected,1
13769,2330,2420,2025-03-16 00:00:00,2025-03-18 00:00:00,accepted,1
13770,1043,5081,2025-10-30 00:00:00,2025-11-03 00:00:00,accepted,1
13771,502,5081,2025-11-20 00:00:00,,pending,1
13772,1666,5081,2025-08-24 00:00:00,2025-09-02 00:00:00,canceled,1
13773,872,4154,2025-12-08 00:00:00,2025-12-10 00:00:00,canceled,1
13774,2260,4154,2025-08-17 00:00:00,2025-08-20 00:00:00,canceled,1
13775,2440,3348,2024-12-27 00:00:00,,pending,1
13776,1869,3348,2025-01-08 00:00:00,2025-01-20 00:00:00,rejected,1
13777,2563,3348,2025-11-28 00:00:00,,pending,1
13778,2108,3348,2025-11-06 00:00:00,2025-11-09 00:00:00,accepted,1
13779,1189,4191,2025-04-14 00:00:00,2025-05-02 00:00:00,accepted,1
13780,811,4191,2025-11-05 00:00:00,2025-11-09 00:00:00,accepted,1
13781,817,4519,2025-03-06 00:00:00,,pending,1
13782,678,4519,2025-10-16 00:00:00,2025-10-20 00:00:00,canceled,1
13783,1597,4519,2025-01-11 00:00:00,2025-01-31 00:00:00,canceled,1
13784,989,5222,2025-10-05 00:00:00,,pending,1
13785,101,5222,2025-09-09 00:00:00,,pending,1
13786,2671,5222,2025-11-06 00:00:00,2025-11-26 00:00:00,rejected,1
13787,401,1506,2025-12-15 00:00:00,2025-12-29 00:00:00,rejected,1
13788,569,1506,2025-11-18 00:00:00,,pending,1
13789,484,1506,2024-09-22 00:00:00,,pending,1
13790,1185,1506,2024-09-18 00:00:00,,pending,1
13791,2671,3795,2025-09-28 00:00:00,2025-10-16 00:00:00,accepted,1
13792,830,3795,2026-01-13 00:00:00,,pending,1
13793,2529,3795,2025-10-11 00:00:00,2025-10-20 00:00:00,accepted,1
13794,674,2470,2025-06-19 00:00:00,,pending,1
13795,963,2470,2025-08-28 00:00:00,2025-08-31 00:00:00,accepted,1
13796,2313,2470,2025-11-02 00:00:00,2025-11-13 00:00:00,rejected,1
13797,594,2470,2024-05-24 00:00:00,,pending,1
13798,141,4200,2024-10-15 00:00:00,,pending,1
13799,1144,4200,2025-01-06 00:00:00,,pending,1
13800,759,5470,2025-07-31 00:00:00,,pending,1
13801,2251,5470,2025-03-09 00:00:00,,pending,1
13802,1244,5470,2025-08-05 00:00:00,2025-08-11 00:00:00,accepted,1
13803,2936,5470,2025-10-04 00:00:00,2025-10-17 00:00:00,accepted,1
13804,2251,2479,2025-05-06 00:00:00,,pending,1
13805,43,2479,2025-11-26 00:00:00,2025-12-12 00:00:00,accepted,1
13806,2946,2479,2025-08-15 00:00:00,,pending,1
13807,1316,2479,2025-10-09 00:00:00,2025-10-16 00:00:00,rejected,1
13808,1088,3187,2025-12-18 00:00:00,2025-12-27 00:00:00,canceled,1
13809,1043,3187,2025-10-14 00:00:00,,pending,1
13810,1469,3187,2025-06-16 00:00:00,2025-07-04 00:00:00,rejected,1
13811,730,2628,2024-05-05 00:00:00,2024-05-16 00:00:00,accepted,1
13812,2160,2628,2025-12-04 00:00:00,2025-12-10 00:00:00,canceled,1
13813,1189,2628,2025-05-04 00:00:00,2025-05-17 00:00:00,rejected,1
13814,2530,3106,2025-11-05 00:00:00,,pending,1
13815,642,3106,2025-10-25 00:00:00,2025-10-29 00:00:00,rejected,1
13816,2718,3106,2025-10-07 00:00:00,,pending,1
13817,2375,4189,2025-02-23 00:00:00,2025-03-15 00:00:00,rejected,1
13818,2535,4189,2025-03-02 00:00:00,2025-03-14 00:00:00,canceled,1
13819,1196,2427,2025-06-11 00:00:00,2025-06-13 00:00:00,canceled,1
13820,911,2427,2025-11-19 00:00:00,2025-11-22 00:00:00,rejected,1
13821,1534,5458,2025-08-10 00:00:00,2025-08-27 00:00:00,canceled,1
13822,1296,5458,2025-07-20 00:00:00,2025-07-24 00:00:00,accepted,1
13823,252,5458,2025-09-14 00:00:00,2025-09-16 00:00:00,accepted,1
13824,314,4250,2025-06-22 00:00:00,2025-07-09 00:00:00,canceled,1
13825,1218,4250,2025-03-09 00:00:00,2025-03-25 00:00:00,accepted,1
13826,291,4249,2025-09-04 00:00:00,2025-09-23 00:00:00,accepted,1
13827,293,4249,2025-11-11 00:00:00,2025-11-23 00:00:00,accepted,1
13828,2226,3318,2025-11-13 00:00:00,,pending,1
13829,2958,3318,2025-10-10 00:00:00,2025-10-15 00:00:00,accepted,1
13830,1879,3318,2024-10-03 00:00:00,2024-10-15 00:00:00,rejected,1
13831,2171,3036,2025-03-11 00:00:00,,pending,1
13832,2806,3036,2024-07-29 00:00:00,,pending,1
13833,2809,3036,2025-06-25 00:00:00,,pending,1
13835,5,3726,2025-06-11 00:00:00,,alerted,0
13836,1890,3726,2025-10-18 00:00:00,2025-11-01 00:00:00,accepted,1
13837,675,3726,2025-11-20 00:00:00,2025-12-02 00:00:00,rejected,1
13838,2131,2389,2025-11-14 00:00:00,,pending,1
13839,2069,2389,2024-09-25 00:00:00,,pending,1
13840,2791,2389,2025-04-05 00:00:00,2025-04-20 00:00:00,accepted,1
13841,3157,4282,2025-04-10 00:00:00,2025-04-27 00:00:00,accepted,1
13842,159,4282,2025-12-31 00:00:00,2026-01-04 00:00:00,rejected,1
13843,1059,3985,2025-01-19 00:00:00,2025-01-26 00:00:00,accepted,1
13844,20,3985,2025-03-27 00:00:00,2025-04-13 00:00:00,accepted,1
13845,2565,3150,2025-03-17 00:00:00,2025-04-04 00:00:00,accepted,1
13846,923,3150,2025-07-11 00:00:00,,pending,1
13847,956,2698,2025-06-24 00:00:00,2025-07-14 00:00:00,accepted,1
13848,977,2698,2025-08-17 00:00:00,,pending,1
13849,197,2698,2025-08-21 00:00:00,2025-09-09 00:00:00,accepted,1
13850,1802,5105,2025-11-01 00:00:00,2025-11-20 00:00:00,canceled,1
13851,115,5105,2024-06-07 00:00:00,2024-06-09 00:00:00,rejected,1
13852,436,5105,2024-06-25 00:00:00,2024-07-10 00:00:00,accepted,1
13853,2936,5105,2025-09-11 00:00:00,2025-09-27 00:00:00,rejected,1
13854,2637,4474,2024-08-24 00:00:00,,pending,1
13855,2561,4474,2025-09-21 00:00:00,2025-10-11 00:00:00,canceled,1
13856,95,4474,2024-04-29 00:00:00,,pending,1
13857,349,4474,2025-02-03 00:00:00,2025-02-23 00:00:00,accepted,1
13858,607,3070,2025-11-02 00:00:00,2025-11-20 00:00:00,accepted,1
13859,2769,3070,2024-09-27 00:00:00,2024-10-09 00:00:00,accepted,1
13860,2297,3070,2025-10-10 00:00:00,2025-10-14 00:00:00,accepted,1
13861,2565,1830,2025-03-22 00:00:00,2025-03-27 00:00:00,canceled,1
13862,735,1830,2025-11-28 00:00:00,2025-12-15 00:00:00,rejected,1
13863,2854,5251,2024-05-25 00:00:00,2024-06-10 00:00:00,accepted,1
13864,2151,5251,2024-10-02 00:00:00,2024-10-12 00:00:00,accepted,1
13865,658,2776,2025-05-02 00:00:00,,alerted,0
13866,312,2776,2024-08-21 00:00:00,2024-08-28 00:00:00,accepted,1
13867,1243,2776,2025-04-09 00:00:00,2025-04-12 00:00:00,rejected,1
13868,1848,2776,2025-02-11 00:00:00,2025-02-23 00:00:00,accepted,1
13869,698,4563,2025-06-07 00:00:00,,pending,1
13870,2996,4563,2025-04-04 00:00:00,,pending,1
13871,2671,4563,2025-09-19 00:00:00,2025-09-29 00:00:00,accepted,1
13872,2621,4563,2025-10-27 00:00:00,2025-11-15 00:00:00,accepted,1
13873,1311,5473,2025-11-13 00:00:00,2025-11-28 00:00:00,rejected,1
13874,1,5473,2025-10-25 00:00:00,2025-11-14 00:00:00,accepted,1
13875,2529,5473,2025-09-26 00:00:00,2025-10-15 00:00:00,rejected,1
13876,2151,4928,2024-09-28 00:00:00,,pending,1
13877,38,4928,2024-11-04 00:00:00,,alerted,0
13878,1501,4928,2025-04-26 00:00:00,2025-05-01 00:00:00,accepted,1
13879,2130,4928,2025-09-23 00:00:00,2025-10-06 00:00:00,accepted,1
13880,779,4084,2025-06-20 00:00:00,2025-07-04 00:00:00,accepted,1
13881,2621,4084,2025-08-28 00:00:00,,pending,1
13882,1784,3096,2025-04-27 00:00:00,2025-05-10 00:00:00,accepted,1
13883,1574,3096,2025-08-15 00:00:00,2025-08-22 00:00:00,rejected,1
13884,1189,2694,2025-05-28 00:00:00,,pending,1
13885,730,2694,2024-06-12 00:00:00,2024-06-28 00:00:00,accepted,1
13886,1750,3366,2025-12-29 00:00:00,,pending,1
13887,2235,3366,2025-11-13 00:00:00,2025-11-15 00:00:00,accepted,1
13888,1393,3366,2025-08-04 00:00:00,2025-08-09 00:00:00,accepted,1
13889,2345,3366,2024-12-15 00:00:00,,pending,1
13890,1077,2098,2025-09-05 00:00:00,,pending,1
13891,2714,2098,2025-02-22 00:00:00,2025-02-28 00:00:00,accepted,1
13892,2686,2098,2025-11-27 00:00:00,2025-12-09 00:00:00,rejected,1
13893,703,3236,2024-05-27 00:00:00,,pending,1
13894,2363,3236,2025-08-04 00:00:00,2025-08-09 00:00:00,accepted,1
13895,705,3236,2024-05-20 00:00:00,,pending,1
13896,2300,3236,2025-11-04 00:00:00,,pending,1
13897,2800,1798,2025-04-14 00:00:00,,pending,1
13898,768,1798,2025-09-16 00:00:00,,pending,1
13899,1879,1798,2024-09-26 00:00:00,2024-10-12 00:00:00,accepted,1
13900,2258,2182,2025-07-07 00:00:00,2025-07-20 00:00:00,accepted,1
13901,2535,2182,2025-01-15 00:00:00,2025-01-26 00:00:00,accepted,1
13902,720,2182,2025-10-25 00:00:00,2025-11-13 00:00:00,accepted,1
13903,2868,2182,2024-12-12 00:00:00,,pending,1
13904,698,4352,2025-05-07 00:00:00,2025-05-23 00:00:00,canceled,1
13905,2671,4352,2025-09-27 00:00:00,,pending,1
13906,2197,4634,2025-10-26 00:00:00,2025-11-11 00:00:00,canceled,1
13907,1064,4634,2025-05-17 00:00:00,,pending,1
13908,1370,2062,2024-06-15 00:00:00,,pending,1
13909,471,2062,2025-03-30 00:00:00,2025-04-04 00:00:00,canceled,1
13910,456,1758,2025-09-20 00:00:00,2025-09-23 00:00:00,accepted,1
13911,797,1758,2025-08-07 00:00:00,2025-08-26 00:00:00,accepted,1
13912,2320,1758,2024-07-27 00:00:00,2024-07-29 00:00:00,accepted,1
13913,2052,1758,2025-03-01 00:00:00,,pending,1
13914,2909,2735,2024-07-21 00:00:00,,pending,1
13915,219,2735,2025-10-21 00:00:00,2025-10-31 00:00:00,rejected,1
13916,2168,4401,2025-10-16 00:00:00,2025-11-03 00:00:00,accepted,1
13917,140,4401,2024-04-07 00:00:00,2024-04-16 00:00:00,rejected,1
13918,1043,4401,2025-12-31 00:00:00,2026-01-13 00:00:00,accepted,1
13919,1050,3872,2024-05-14 00:00:00,2024-05-26 00:00:00,rejected,1
13920,1250,3872,2024-04-24 00:00:00,2024-05-08 00:00:00,accepted,1
13921,2671,3872,2025-09-23 00:00:00,2025-10-08 00:00:00,accepted,1
13922,2806,3403,2024-10-02 00:00:00,2024-10-04 00:00:00,accepted,1
13923,2171,3403,2025-04-25 00:00:00,,pending,1
13924,647,4020,2025-07-04 00:00:00,2025-07-21 00:00:00,accepted,1
13925,1720,4020,2025-06-10 00:00:00,,pending,1
13926,612,4020,2025-07-09 00:00:00,,pending,1
13927,2907,4020,2025-10-06 00:00:00,2025-10-15 00:00:00,rejected,1
13928,2155,5114,2025-01-14 00:00:00,2025-01-25 00:00:00,rejected,1
13929,2026,5114,2024-10-22 00:00:00,2024-11-09 00:00:00,accepted,1
13930,1469,4156,2025-08-06 00:00:00,,pending,1
13931,1408,4156,2025-10-26 00:00:00,2025-11-12 00:00:00,accepted,1
13932,475,3533,2024-10-09 00:00:00,2024-10-16 00:00:00,rejected,1
13933,842,3533,2025-05-20 00:00:00,2025-05-24 00:00:00,rejected,1
13934,2736,3533,2025-10-04 00:00:00,2025-10-06 00:00:00,accepted,1
13935,3039,3628,2025-08-24 00:00:00,,pending,1
13936,1189,3628,2025-05-10 00:00:00,,pending,1
13937,732,3628,2025-10-06 00:00:00,,pending,1
13938,2749,2346,2024-06-27 00:00:00,,pending,1
13939,10,2346,2024-12-25 00:00:00,2025-01-11 00:00:00,rejected,1
13940,710,2346,2025-09-06 00:00:00,,pending,1
13941,101,2346,2025-09-03 00:00:00,2025-09-17 00:00:00,rejected,1
13942,1673,4499,2025-09-26 00:00:00,,pending,1
13943,2768,4499,2025-11-20 00:00:00,2025-12-10 00:00:00,accepted,1
13944,1677,4639,2024-07-11 00:00:00,,pending,1
13945,3137,4639,2025-09-23 00:00:00,2025-09-28 00:00:00,canceled,1
13946,2907,4639,2025-08-22 00:00:00,2025-09-02 00:00:00,rejected,1
13947,2868,3384,2024-12-31 00:00:00,2025-01-15 00:00:00,accepted,1
13948,475,3384,2024-08-20 00:00:00,,pending,1
13949,23,4764,2025-04-04 00:00:00,2025-04-07 00:00:00,canceled,1
13950,599,4764,2025-07-05 00:00:00,2025-07-13 00:00:00,accepted,1
13951,2094,1835,2025-10-06 00:00:00,2025-10-10 00:00:00,accepted,1
13952,2769,1835,2024-10-22 00:00:00,2024-11-10 00:00:00,accepted,1
13953,535,2088,2025-02-09 00:00:00,2025-02-28 00:00:00,accepted,1
13954,486,2088,2025-09-17 00:00:00,2025-09-30 00:00:00,rejected,1
13955,347,2088,2024-10-30 00:00:00,,alerted,0
13956,477,3015,2024-11-28 00:00:00,,alerted,0
13957,1954,3015,2025-11-23 00:00:00,,pending,1
13958,233,2700,2025-10-30 00:00:00,2025-11-06 00:00:00,canceled,1
13959,2557,2700,2025-08-03 00:00:00,2025-08-21 00:00:00,rejected,1
13960,1308,2660,2025-12-12 00:00:00,,pending,1
13961,56,2660,2025-12-04 00:00:00,,pending,1
13962,2671,2660,2025-10-17 00:00:00,2025-10-26 00:00:00,accepted,1
13963,187,4662,2025-05-02 00:00:00,,pending,1
13964,1546,4662,2025-07-17 00:00:00,2025-07-23 00:00:00,rejected,1
13965,2809,4662,2025-06-20 00:00:00,2025-07-05 00:00:00,canceled,1
13966,2171,4662,2025-03-20 00:00:00,2025-04-09 00:00:00,rejected,1
13967,994,4027,2025-09-27 00:00:00,2025-10-02 00:00:00,canceled,1
13968,1486,4027,2025-12-10 00:00:00,,pending,1
13969,2242,4027,2025-07-01 00:00:00,2025-07-02 00:00:00,accepted,1
13970,1366,4027,2025-11-11 00:00:00,,pending,1
13971,2168,5197,2025-10-28 00:00:00,2025-10-30 00:00:00,rejected,1
13972,1144,5197,2024-11-25 00:00:00,,pending,1
13973,1985,5197,2026-01-01 00:00:00,,pending,1
13974,2509,5197,2025-08-11 00:00:00,2025-08-18 00:00:00,accepted,1
13975,2822,5163,2025-03-15 00:00:00,2025-04-04 00:00:00,rejected,1
13976,2225,5163,2025-08-06 00:00:00,,pending,1
13977,2151,5186,2024-09-27 00:00:00,,pending,1
13978,3120,5186,2025-07-06 00:00:00,,pending,1
13979,891,5186,2025-08-03 00:00:00,2025-08-08 00:00:00,accepted,1
13980,754,5186,2025-03-04 00:00:00,2025-03-12 00:00:00,rejected,1
13981,647,3884,2025-06-18 00:00:00,,pending,1
13982,530,3884,2025-10-26 00:00:00,,alerted,0
13983,2026,3884,2024-10-02 00:00:00,,pending,1
13984,2610,3884,2025-05-31 00:00:00,2025-06-19 00:00:00,accepted,1
13985,1039,4516,2025-11-25 00:00:00,,pending,1
13986,2309,4516,2024-05-02 00:00:00,2024-05-04 00:00:00,rejected,1
13987,1818,4516,2024-01-15 00:00:00,,pending,1
13988,1820,4516,2024-12-18 00:00:00,,pending,1
13989,650,2475,2025-07-04 00:00:00,,pending,1
13990,1645,2475,2025-01-03 00:00:00,2025-01-09 00:00:00,canceled,1
13991,740,4608,2025-11-05 00:00:00,,pending,1
13992,3145,4608,2025-06-08 00:00:00,2025-06-15 00:00:00,rejected,1
13993,530,2709,2025-09-30 00:00:00,,alerted,0
13994,261,2709,2025-07-30 00:00:00,,pending,1
13995,1516,2360,2025-11-14 00:00:00,2025-11-19 00:00:00,accepted,1
13996,2563,2360,2025-10-27 00:00:00,2025-11-03 00:00:00,accepted,1
13997,347,2360,2024-11-08 00:00:00,,alerted,0
13998,699,2285,2025-07-15 00:00:00,2025-07-17 00:00:00,accepted,1
13999,87,2285,2025-05-23 00:00:00,2025-06-09 00:00:00,accepted,1
14000,887,2373,2025-08-20 00:00:00,,pending,1
14001,890,2373,2025-07-19 00:00:00,,pending,1
14002,2816,1945,2024-07-11 00:00:00,,pending,1
14003,795,1945,2024-06-23 00:00:00,,pending,1
14004,967,2803,2025-02-24 00:00:00,,alerted,0
14005,1100,2803,2025-11-30 00:00:00,2025-12-10 00:00:00,rejected,1
14006,2433,2130,2025-06-07 00:00:00,,pending,1
14007,645,2130,2025-05-18 00:00:00,,alerted,0
14008,3008,2130,2025-09-09 00:00:00,2025-09-27 00:00:00,accepted,1
14009,1677,2130,2024-06-26 00:00:00,,pending,1
14010,617,2290,2025-12-12 00:00:00,,alerted,0
14011,645,2290,2025-04-20 00:00:00,,alerted,0
14012,2616,2290,2025-10-28 00:00:00,,pending,1
14013,1305,4753,2025-11-16 00:00:00,2025-11-30 00:00:00,canceled,1
14014,1834,4753,2025-10-03 00:00:00,2025-10-20 00:00:00,rejected,1
14015,3182,4753,2025-03-22 00:00:00,2025-03-23 00:00:00,accepted,1
14016,810,4753,2025-08-12 00:00:00,2025-08-13 00:00:00,accepted,1
14017,1894,2945,2025-04-04 00:00:00,2025-04-22 00:00:00,rejected,1
14018,1995,2945,2025-11-03 00:00:00,,pending,1
14019,668,3916,2025-09-29 00:00:00,,pending,1
14020,367,3916,2025-06-02 00:00:00,2025-06-06 00:00:00,canceled,1
14021,2886,3916,2025-03-17 00:00:00,2025-04-04 00:00:00,canceled,1
14022,247,5015,2025-02-01 00:00:00,,pending,1
14023,347,5015,2024-09-22 00:00:00,,alerted,0
14024,727,2653,2025-08-05 00:00:00,,alerted,0
14025,1097,2653,2025-11-26 00:00:00,2025-12-14 00:00:00,accepted,1
14026,455,2653,2025-06-25 00:00:00,2025-06-27 00:00:00,accepted,1
14027,1516,2653,2025-12-11 00:00:00,,pending,1
14028,2244,2221,2025-07-26 00:00:00,,pending,1
14029,3190,2221,2025-07-12 00:00:00,2025-07-20 00:00:00,rejected,1
14030,1896,4162,2025-10-20 00:00:00,2025-10-24 00:00:00,accepted,1
14031,3139,4162,2025-09-30 00:00:00,2025-10-02 00:00:00,rejected,1
14032,3060,4162,2025-10-21 00:00:00,2025-11-01 00:00:00,accepted,1
14033,2151,2466,2024-09-07 00:00:00,2024-09-16 00:00:00,accepted,1
14034,66,2466,2025-02-06 00:00:00,,pending,1
14035,2996,1571,2025-06-04 00:00:00,2025-06-18 00:00:00,accepted,1
14036,450,1571,2025-08-08 00:00:00,2025-08-27 00:00:00,accepted,1
14037,2171,1731,2025-03-29 00:00:00,2025-04-05 00:00:00,accepted,1
14038,2303,1731,2024-10-23 00:00:00,2024-11-01 00:00:00,accepted,1
14039,2806,1731,2024-09-15 00:00:00,,pending,1
14040,2671,2772,2025-09-10 00:00:00,,pending,1
14041,3008,2772,2025-09-10 00:00:00,2025-09-23 00:00:00,rejected,1
14042,3152,2772,2025-09-25 00:00:00,,pending,1
14043,2256,5093,2025-10-09 00:00:00,2025-10-10 00:00:00,accepted,1
14044,1720,5093,2025-07-22 00:00:00,2025-08-11 00:00:00,accepted,1
14045,747,4057,2025-05-09 00:00:00,2025-05-28 00:00:00,accepted,1
14046,2385,4057,2025-03-03 00:00:00,2025-03-11 00:00:00,accepted,1
14047,2684,4619,2025-11-18 00:00:00,,pending,1
14048,1981,4619,2025-07-19 00:00:00,2025-07-27 00:00:00,rejected,1
14049,2116,4012,2025-09-21 00:00:00,2025-10-11 00:00:00,rejected,1
14050,699,4012,2025-07-07 00:00:00,2025-07-15 00:00:00,accepted,1
14051,1199,3876,2025-07-23 00:00:00,,pending,1
14052,2366,3876,2025-12-01 00:00:00,,pending,1
14053,747,2270,2025-06-29 00:00:00,,pending,1
14054,874,2270,2025-09-19 00:00:00,,alerted,0
14055,316,2270,2024-12-13 00:00:00,2024-12-28 00:00:00,accepted,1
14056,2440,2938,2024-12-02 00:00:00,,pending,1
14057,2563,2938,2025-11-08 00:00:00,,pending,1
14058,3060,2932,2025-08-24 00:00:00,2025-09-10 00:00:00,accepted,1
14059,3120,2932,2025-07-18 00:00:00,,pending,1
14060,1893,2291,2025-11-09 00:00:00,2025-11-23 00:00:00,accepted,1
14061,473,2291,2025-07-16 00:00:00,2025-07-28 00:00:00,accepted,1
14062,1566,5193,2025-10-23 00:00:00,,pending,1
14063,1408,5193,2025-09-03 00:00:00,2025-09-19 00:00:00,accepted,1
14064,733,3198,2024-06-05 00:00:00,,pending,1
14065,2764,3198,2024-12-16 00:00:00,2024-12-31 00:00:00,accepted,1
14066,3120,2562,2025-07-11 00:00:00,,pending,1
14067,43,2562,2025-11-22 00:00:00,,pending,1
14068,43,2146,2025-09-05 00:00:00,2025-09-22 00:00:00,accepted,1
14069,2946,2146,2025-08-27 00:00:00,2025-09-03 00:00:00,accepted,1
14070,1576,4705,2025-04-27 00:00:00,2025-05-14 00:00:00,accepted,1
14071,1395,4705,2024-05-22 00:00:00,2024-06-03 00:00:00,canceled,1
14072,527,2595,2025-09-08 00:00:00,,pending,1
14073,459,2595,2024-05-19 00:00:00,,alerted,0
14074,967,2595,2025-02-16 00:00:00,,alerted,0
14075,2037,5309,2025-09-19 00:00:00,,pending,1
14076,2225,5309,2025-09-26 00:00:00,,pending,1
14077,967,5309,2025-02-18 00:00:00,,alerted,0
14078,2307,4514,2025-05-16 00:00:00,2025-05-31 00:00:00,accepted,1
14079,2718,4514,2025-11-06 00:00:00,2025-11-11 00:00:00,rejected,1
14080,2671,3240,2025-09-11 00:00:00,2025-09-27 00:00:00,rejected,1
14081,1811,3240,2025-03-14 00:00:00,,pending,1
14082,1124,2557,2025-10-01 00:00:00,2025-10-07 00:00:00,rejected,1
14083,2774,2557,2025-10-22 00:00:00,,pending,1
14084,1104,2557,2026-01-08 00:00:00,2026-01-12 00:00:00,accepted,1
14085,430,2557,2025-10-17 00:00:00,,pending,1
14086,153,3808,2025-09-02 00:00:00,2025-09-06 00:00:00,accepted,1
14087,2173,3808,2025-12-23 00:00:00,2025-12-30 00:00:00,accepted,1
14088,3088,3808,2025-07-23 00:00:00,,pending,1
14089,2916,3808,2025-06-26 00:00:00,2025-07-02 00:00:00,accepted,1
14090,2429,2145,2025-12-05 00:00:00,2025-12-21 00:00:00,canceled,1
14091,2546,2145,2025-05-10 00:00:00,2025-05-12 00:00:00,canceled,1
14092,2375,2321,2025-02-19 00:00:00,,pending,1
14093,2912,2321,2024-08-29 00:00:00,2024-09-18 00:00:00,accepted,1
14094,1290,2321,2024-11-16 00:00:00,2024-12-03 00:00:00,rejected,1
14095,702,4898,2025-08-30 00:00:00,2025-09-14 00:00:00,accepted,1
14096,1651,4898,2025-10-22 00:00:00,2025-10-27 00:00:00,accepted,1
14097,768,3284,2025-11-06 00:00:00,2025-11-09 00:00:00,accepted,1
14098,1927,3284,2025-12-10 00:00:00,2025-12-28 00:00:00,accepted,1
14099,133,3284,2024-07-17 00:00:00,2024-07-30 00:00:00,accepted,1
14100,1495,3394,2025-12-27 00:00:00,,pending,1
14101,2215,3394,2025-08-30 00:00:00,2025-09-16 00:00:00,accepted,1
14102,1197,3394,2025-06-22 00:00:00,2025-07-02 00:00:00,accepted,1
14103,1408,4567,2025-09-05 00:00:00,2025-09-14 00:00:00,accepted,1
14104,956,4567,2025-08-16 00:00:00,2025-08-17 00:00:00,accepted,1
14105,1784,3001,2025-06-18 00:00:00,2025-07-07 00:00:00,accepted,1
14106,2239,3001,2025-07-24 00:00:00,2025-07-25 00:00:00,accepted,1
14107,2226,3001,2025-09-08 00:00:00,,pending,1
14108,896,2266,2025-08-21 00:00:00,2025-09-06 00:00:00,accepted,1
14109,3168,2266,2026-01-03 00:00:00,,pending,1
14110,68,2266,2024-07-11 00:00:00,2024-07-13 00:00:00,accepted,1
14111,3120,2124,2025-09-05 00:00:00,2025-09-20 00:00:00,accepted,1
14112,3060,2124,2025-08-04 00:00:00,,pending,1
14113,1930,2124,2025-07-17 00:00:00,,alerted,0
14114,738,1518,2025-06-25 00:00:00,2025-07-14 00:00:00,accepted,1
14115,685,1518,2025-09-06 00:00:00,2025-09-18 00:00:00,rejected,1
14116,773,3170,2025-09-28 00:00:00,2025-10-14 00:00:00,accepted,1
14117,1231,3170,2024-11-17 00:00:00,2024-11-30 00:00:00,accepted,1
14118,59,2870,2025-04-23 00:00:00,,pending,1
14119,2817,2870,2024-11-03 00:00:00,2024-11-19 00:00:00,rejected,1
14120,2303,2875,2024-09-24 00:00:00,,pending,1
14121,2809,2875,2025-06-01 00:00:00,2025-06-05 00:00:00,canceled,1
14122,729,2113,2025-07-31 00:00:00,2025-08-14 00:00:00,rejected,1
14123,339,2113,2025-08-03 00:00:00,,pending,1
14124,2852,2113,2025-11-19 00:00:00,2025-11-21 00:00:00,accepted,1
14125,1459,4062,2024-12-15 00:00:00,2024-12-19 00:00:00,canceled,1
14126,2843,4062,2025-06-17 00:00:00,,pending,1
14127,41,4062,2025-01-04 00:00:00,2025-01-24 00:00:00,canceled,1
14128,2763,2249,2025-11-15 00:00:00,2025-11-17 00:00:00,accepted,1
14129,2503,2249,2025-11-07 00:00:00,2025-11-23 00:00:00,canceled,1
14130,322,2249,2024-07-30 00:00:00,,pending,1
14131,911,5226,2025-12-24 00:00:00,2026-01-04 00:00:00,rejected,1
14132,2627,5226,2025-10-24 00:00:00,2025-11-05 00:00:00,accepted,1
14133,2996,3058,2025-06-05 00:00:00,2025-06-13 00:00:00,accepted,1
14134,488,3058,2025-08-02 00:00:00,,pending,1
14135,1156,3058,2025-03-11 00:00:00,2025-03-14 00:00:00,rejected,1
14136,3132,3058,2024-08-10 00:00:00,,pending,1
14137,2857,2873,2025-02-12 00:00:00,2025-02-25 00:00:00,rejected,1
14138,1712,2873,2024-08-11 00:00:00,2024-08-21 00:00:00,rejected,1
14139,1127,2873,2025-10-26 00:00:00,2025-11-09 00:00:00,accepted,1
14140,322,2030,2024-09-04 00:00:00,2024-09-14 00:00:00,rejected,1
14141,2503,2030,2025-10-30 00:00:00,,pending,1
14142,2763,2030,2025-12-23 00:00:00,2026-01-08 00:00:00,accepted,1
14143,1187,4310,2025-01-27 00:00:00,2025-02-02 00:00:00,rejected,1
14144,2125,4310,2024-11-25 00:00:00,2024-12-04 00:00:00,accepted,1
14145,819,4310,2025-08-11 00:00:00,2025-08-30 00:00:00,rejected,1
14146,730,4628,2024-06-11 00:00:00,,pending,1
14147,2162,4628,2025-11-21 00:00:00,2025-12-04 00:00:00,accepted,1
14148,2160,4628,2025-12-20 00:00:00,2025-12-21 00:00:00,accepted,1
14149,1189,4628,2025-05-14 00:00:00,2025-06-01 00:00:00,canceled,1
14150,407,4447,2025-02-06 00:00:00,2025-02-24 00:00:00,accepted,1
14151,2393,4447,2025-09-19 00:00:00,2025-10-06 00:00:00,accepted,1
14152,1250,4447,2024-04-14 00:00:00,2024-05-01 00:00:00,accepted,1
14154,1251,4213,2024-09-14 00:00:00,2024-09-20 00:00:00,accepted,1
14155,1625,4213,2025-07-07 00:00:00,2025-07-25 00:00:00,rejected,1
14156,530,4213,2025-09-29 00:00:00,,alerted,0
14157,1533,2411,2025-06-05 00:00:00,,pending,1
14158,72,2411,2025-07-31 00:00:00,2025-08-11 00:00:00,canceled,1
14159,2955,2411,2025-03-05 00:00:00,2025-03-12 00:00:00,accepted,1
14160,2226,2411,2025-09-02 00:00:00,,pending,1
14161,475,4975,2024-10-22 00:00:00,,pending,1
14162,2868,4975,2025-02-16 00:00:00,2025-03-06 00:00:00,accepted,1
14163,3158,4975,2025-07-10 00:00:00,2025-07-13 00:00:00,canceled,1
14164,2086,5089,2025-08-07 00:00:00,,pending,1
14165,5,5089,2025-04-14 00:00:00,,alerted,0
14166,2367,5089,2025-12-22 00:00:00,2026-01-07 00:00:00,rejected,1
14167,3039,5089,2025-08-07 00:00:00,,pending,1
14168,2375,2404,2025-05-01 00:00:00,,pending,1
14169,502,2404,2025-12-09 00:00:00,,pending,1
14170,795,4187,2024-04-27 00:00:00,,pending,1
14171,3084,4187,2025-03-22 00:00:00,,pending,1
14172,816,4187,2025-05-07 00:00:00,2025-05-08 00:00:00,canceled,1
14173,3088,5351,2025-07-14 00:00:00,2025-07-19 00:00:00,accepted,1
14174,1469,5351,2025-08-19 00:00:00,2025-09-08 00:00:00,rejected,1
14175,1408,5351,2025-09-17 00:00:00,,pending,1
14176,844,5351,2025-08-16 00:00:00,,alerted,0
14177,2873,5293,2025-12-11 00:00:00,2025-12-28 00:00:00,accepted,1
14178,1597,5293,2025-02-11 00:00:00,2025-02-23 00:00:00,canceled,1
14179,3096,5293,2025-09-06 00:00:00,2025-09-25 00:00:00,accepted,1
14180,483,1716,2025-12-18 00:00:00,2025-12-25 00:00:00,rejected,1
14181,3089,1716,2025-10-09 00:00:00,,pending,1
14182,956,2180,2025-07-20 00:00:00,,pending,1
14183,2868,2180,2025-01-23 00:00:00,,pending,1
14184,879,4540,2025-06-21 00:00:00,,alerted,0
14185,1115,4540,2025-10-20 00:00:00,2025-10-31 00:00:00,accepted,1
14186,2798,2164,2024-10-09 00:00:00,2024-10-19 00:00:00,accepted,1
14187,967,2164,2025-03-19 00:00:00,,alerted,0
14188,2833,2014,2025-05-27 00:00:00,2025-06-05 00:00:00,accepted,1
14189,977,2014,2025-10-13 00:00:00,,pending,1
14190,1172,5289,2024-10-04 00:00:00,,pending,1
14191,967,5289,2025-02-10 00:00:00,,alerted,0
14192,2159,5289,2025-11-25 00:00:00,,alerted,0
14193,535,5289,2025-01-25 00:00:00,2025-02-04 00:00:00,canceled,1
14194,1461,2076,2025-10-18 00:00:00,2025-10-20 00:00:00,rejected,1
14195,2363,2076,2025-08-01 00:00:00,,pending,1
14196,2540,5063,2024-08-26 00:00:00,2024-09-12 00:00:00,accepted,1
14197,154,5063,2025-08-27 00:00:00,,pending,1
14198,2769,5424,2024-10-18 00:00:00,2024-10-31 00:00:00,rejected,1
14199,2304,5424,2025-07-02 00:00:00,2025-07-04 00:00:00,accepted,1
14200,255,1529,2025-11-07 00:00:00,2025-11-27 00:00:00,accepted,1
14201,313,1529,2024-11-01 00:00:00,,pending,1
14202,897,1529,2025-10-20 00:00:00,,pending,1
14203,698,3758,2025-07-03 00:00:00,2025-07-22 00:00:00,accepted,1
14204,1677,3758,2024-08-05 00:00:00,2024-08-19 00:00:00,canceled,1
14205,2907,3758,2025-09-23 00:00:00,2025-10-08 00:00:00,rejected,1
14206,2833,1639,2025-05-20 00:00:00,2025-06-06 00:00:00,accepted,1
14207,977,1639,2025-08-09 00:00:00,2025-08-15 00:00:00,accepted,1
14208,1498,1639,2025-08-04 00:00:00,,pending,1
14209,3060,2319,2025-08-16 00:00:00,,pending,1
14210,43,2319,2025-11-03 00:00:00,2025-11-10 00:00:00,accepted,1
14211,2587,2881,2025-02-15 00:00:00,2025-02-21 00:00:00,canceled,1
14212,2586,2881,2024-09-28 00:00:00,,pending,1
14213,2311,2662,2025-09-11 00:00:00,2025-09-12 00:00:00,accepted,1
14214,3095,2662,2025-04-30 00:00:00,2025-05-16 00:00:00,accepted,1
14215,1308,2662,2025-11-19 00:00:00,2025-12-08 00:00:00,rejected,1
14216,2377,2815,2024-07-24 00:00:00,2024-07-28 00:00:00,accepted,1
14217,261,2815,2025-09-20 00:00:00,2025-09-25 00:00:00,accepted,1
14218,2722,2815,2025-02-13 00:00:00,2025-02-18 00:00:00,accepted,1
14219,1308,2815,2025-11-13 00:00:00,2025-11-20 00:00:00,accepted,1
14220,1861,2031,2025-10-03 00:00:00,2025-10-19 00:00:00,rejected,1
14221,232,2031,2025-07-21 00:00:00,2025-08-03 00:00:00,accepted,1
14222,2868,3413,2024-12-02 00:00:00,2024-12-14 00:00:00,canceled,1
14223,740,3413,2025-09-01 00:00:00,2025-09-02 00:00:00,accepted,1
14224,993,4459,2025-08-27 00:00:00,,pending,1
14225,4,4459,2025-04-07 00:00:00,,alerted,0
14226,1720,3508,2025-08-10 00:00:00,2025-08-16 00:00:00,accepted,1
14227,1794,3508,2025-08-22 00:00:00,2025-08-31 00:00:00,rejected,1
14228,611,3508,2025-07-27 00:00:00,2025-07-30 00:00:00,rejected,1
14230,2996,2907,2025-03-15 00:00:00,2025-03-31 00:00:00,canceled,1
14231,1115,2907,2025-10-20 00:00:00,,pending,1
14232,101,3540,2025-08-27 00:00:00,2025-09-07 00:00:00,accepted,1
14233,1414,3540,2025-10-03 00:00:00,2025-10-15 00:00:00,accepted,1
14234,482,3363,2025-12-12 00:00:00,,pending,1
14235,1469,3363,2025-06-27 00:00:00,,pending,1
14236,1990,3363,2024-06-27 00:00:00,2024-07-07 00:00:00,accepted,1
14237,347,5374,2024-08-24 00:00:00,,alerted,0
14238,1732,5374,2025-09-14 00:00:00,,pending,1
14239,1109,5374,2025-05-24 00:00:00,,pending,1
14240,2818,5374,2025-06-18 00:00:00,2025-06-26 00:00:00,accepted,1
14241,2108,3279,2025-09-11 00:00:00,2025-09-12 00:00:00,accepted,1
14242,2440,3279,2025-01-16 00:00:00,,pending,1
14243,454,3313,2025-09-27 00:00:00,2025-10-09 00:00:00,accepted,1
14244,308,3313,2025-12-15 00:00:00,2025-12-20 00:00:00,rejected,1
14245,3008,3313,2025-08-30 00:00:00,2025-08-31 00:00:00,rejected,1
14246,2972,3313,2025-07-10 00:00:00,2025-07-13 00:00:00,rejected,1
14247,658,5124,2025-06-22 00:00:00,,alerted,0
14248,2251,5124,2025-04-19 00:00:00,2025-05-08 00:00:00,rejected,1
14249,1408,5359,2025-10-14 00:00:00,2025-10-21 00:00:00,accepted,1
14250,140,5359,2024-03-14 00:00:00,2024-03-27 00:00:00,canceled,1
14251,2914,5359,2025-09-05 00:00:00,,pending,1
14252,2425,5359,2025-09-19 00:00:00,2025-10-09 00:00:00,canceled,1
14253,3008,3781,2025-08-31 00:00:00,,pending,1
14254,698,3781,2025-04-15 00:00:00,,pending,1
14255,1896,2099,2025-09-20 00:00:00,2025-09-26 00:00:00,accepted,1
14256,3104,2099,2025-09-04 00:00:00,,pending,1
14257,2020,2099,2025-07-28 00:00:00,2025-08-09 00:00:00,canceled,1
14258,2912,5313,2024-08-21 00:00:00,2024-09-07 00:00:00,accepted,1
14259,1290,5313,2024-10-20 00:00:00,2024-10-21 00:00:00,accepted,1
14260,1566,2136,2025-10-27 00:00:00,2025-11-03 00:00:00,accepted,1
14261,2000,2136,2025-06-28 00:00:00,2025-07-05 00:00:00,accepted,1
14262,1662,2136,2024-05-14 00:00:00,2024-05-22 00:00:00,accepted,1
14263,2291,2136,2025-05-18 00:00:00,2025-05-29 00:00:00,accepted,1
14264,2575,2234,2025-11-14 00:00:00,,pending,1
14265,2774,2234,2026-01-10 00:00:00,2026-01-18 00:00:00,rejected,1
14266,2868,1672,2025-01-26 00:00:00,,pending,1
14267,1469,1672,2025-07-17 00:00:00,,pending,1
14268,3139,5343,2025-08-31 00:00:00,2025-09-06 00:00:00,accepted,1
14269,2133,5343,2024-03-31 00:00:00,2024-04-11 00:00:00,accepted,1
14270,557,2114,2025-07-02 00:00:00,,pending,1
14271,2961,2114,2025-08-09 00:00:00,,pending,1
14272,1758,4281,2025-12-18 00:00:00,,pending,1
14273,60,4281,2025-05-16 00:00:00,2025-06-01 00:00:00,canceled,1
14274,486,4281,2025-09-26 00:00:00,,pending,1
14275,347,4281,2024-10-21 00:00:00,,alerted,0
14276,2392,4706,2025-08-31 00:00:00,,pending,1
14277,625,4706,2025-05-17 00:00:00,2025-05-20 00:00:00,accepted,1
14279,832,3332,2025-11-19 00:00:00,2025-12-01 00:00:00,accepted,1
14280,1818,3332,2024-03-05 00:00:00,2024-03-06 00:00:00,rejected,1
14281,795,2693,2024-05-01 00:00:00,2024-05-09 00:00:00,accepted,1
14282,2084,2693,2026-01-05 00:00:00,2026-01-11 00:00:00,accepted,1
14283,2839,2693,2024-12-12 00:00:00,,pending,1
14284,1694,2693,2025-09-22 00:00:00,2025-10-09 00:00:00,rejected,1
14285,2052,2541,2025-05-04 00:00:00,2025-05-11 00:00:00,accepted,1
14286,76,2541,2024-06-04 00:00:00,2024-06-09 00:00:00,accepted,1
14288,3076,3950,2024-01-24 00:00:00,2024-02-05 00:00:00,accepted,1
14289,467,3950,2025-10-20 00:00:00,2025-10-21 00:00:00,accepted,1
14290,1267,3950,2025-01-05 00:00:00,2025-01-18 00:00:00,canceled,1
14291,993,2382,2025-09-09 00:00:00,2025-09-14 00:00:00,accepted,1
14292,248,2382,2025-06-18 00:00:00,,alerted,0
14293,5,2382,2025-06-07 00:00:00,,alerted,0
14294,2843,1935,2025-05-06 00:00:00,,pending,1
14295,3016,1935,2025-09-19 00:00:00,,pending,1
14296,2211,1935,2025-04-13 00:00:00,2025-04-30 00:00:00,accepted,1
14297,454,4908,2025-11-27 00:00:00,,pending,1
14298,698,4908,2025-07-10 00:00:00,2025-07-14 00:00:00,accepted,1
14299,1451,4636,2025-10-24 00:00:00,,pending,1
14300,95,4636,2024-06-06 00:00:00,2024-06-10 00:00:00,accepted,1
14301,5,4636,2025-03-30 00:00:00,,alerted,0
14302,924,3008,2025-10-23 00:00:00,2025-11-04 00:00:00,accepted,1
14303,1204,3008,2024-02-29 00:00:00,,pending,1
14304,1267,3008,2025-01-02 00:00:00,2025-01-13 00:00:00,accepted,1
14305,2490,4610,2025-11-03 00:00:00,,pending,1
14306,2046,4610,2025-04-05 00:00:00,,pending,1
14307,3088,4610,2025-08-01 00:00:00,2025-08-14 00:00:00,accepted,1
14308,940,4610,2025-11-03 00:00:00,2025-11-04 00:00:00,rejected,1
14309,2766,3262,2025-10-20 00:00:00,2025-10-22 00:00:00,rejected,1
14310,977,3262,2025-09-08 00:00:00,,pending,1
14311,2616,2310,2025-11-08 00:00:00,2025-11-18 00:00:00,rejected,1
14312,1750,2310,2025-12-10 00:00:00,,pending,1
14313,806,5184,2025-09-09 00:00:00,2025-09-15 00:00:00,accepted,1
14314,2296,5184,2025-06-13 00:00:00,2025-06-21 00:00:00,accepted,1
14315,2955,2490,2025-02-11 00:00:00,2025-02-20 00:00:00,accepted,1
14316,768,2490,2025-11-18 00:00:00,2025-11-25 00:00:00,rejected,1
14317,43,2490,2025-11-05 00:00:00,,pending,1
14318,2723,3295,2025-04-18 00:00:00,2025-04-28 00:00:00,accepted,1
14319,446,3295,2024-08-11 00:00:00,,pending,1
14320,747,3295,2025-05-03 00:00:00,,pending,1
14321,2808,3778,2025-04-16 00:00:00,2025-04-24 00:00:00,accepted,1
14322,1197,3778,2025-06-10 00:00:00,2025-06-29 00:00:00,accepted,1
14323,1495,3778,2025-11-28 00:00:00,,pending,1
14324,1369,2203,2025-10-15 00:00:00,2025-11-03 00:00:00,rejected,1
14325,171,2203,2024-11-01 00:00:00,,pending,1
14326,1204,2203,2024-02-03 00:00:00,,pending,1
14327,924,2203,2025-09-17 00:00:00,2025-09-26 00:00:00,canceled,1
14328,967,3818,2025-04-13 00:00:00,,alerted,0
14329,1451,3818,2025-10-11 00:00:00,,pending,1
14330,2533,4317,2024-08-25 00:00:00,2024-08-30 00:00:00,accepted,1
14331,860,4317,2025-02-08 00:00:00,,pending,1
14332,861,4317,2025-03-07 00:00:00,,pending,1
14333,2293,4317,2024-07-28 00:00:00,2024-08-13 00:00:00,accepted,1
14334,1414,4219,2025-10-05 00:00:00,2025-10-14 00:00:00,accepted,1
14335,1720,4219,2025-06-12 00:00:00,2025-06-27 00:00:00,accepted,1
14336,2256,4219,2025-11-16 00:00:00,,pending,1
14337,250,4219,2025-06-26 00:00:00,2025-07-11 00:00:00,accepted,1
14338,754,2489,2025-04-25 00:00:00,2025-05-05 00:00:00,accepted,1
14339,2084,2489,2025-12-19 00:00:00,2025-12-24 00:00:00,rejected,1
14340,347,2489,2024-09-01 00:00:00,,alerted,0
14341,1197,2788,2025-07-29 00:00:00,2025-08-17 00:00:00,accepted,1
14342,2303,2788,2024-11-30 00:00:00,2024-12-03 00:00:00,rejected,1
14343,2868,4881,2024-12-11 00:00:00,2024-12-29 00:00:00,rejected,1
14344,386,4881,2025-11-24 00:00:00,2025-12-11 00:00:00,rejected,1
14345,360,4881,2024-06-07 00:00:00,2024-06-23 00:00:00,rejected,1
14346,842,4165,2025-06-12 00:00:00,2025-07-01 00:00:00,accepted,1
14347,2868,4165,2025-01-10 00:00:00,,pending,1
14348,92,4165,2024-02-21 00:00:00,,pending,1
14349,38,5416,2024-10-02 00:00:00,2024-10-09 00:00:00,accepted,1
14350,730,5416,2024-06-17 00:00:00,2024-06-26 00:00:00,rejected,1
14351,668,5416,2025-10-12 00:00:00,2025-10-15 00:00:00,accepted,1
14352,2243,5416,2025-09-20 00:00:00,2025-10-06 00:00:00,rejected,1
14353,956,3383,2025-06-03 00:00:00,2025-06-09 00:00:00,rejected,1
14354,1101,3383,2025-10-01 00:00:00,2025-10-03 00:00:00,canceled,1
14355,1144,3383,2025-02-09 00:00:00,,pending,1
14356,1944,1879,2025-01-19 00:00:00,2025-01-23 00:00:00,accepted,1
14357,255,1879,2025-10-18 00:00:00,2025-11-06 00:00:00,accepted,1
14358,362,1879,2025-08-05 00:00:00,,pending,1
14359,378,1769,2024-09-13 00:00:00,,pending,1
14360,1393,1769,2025-08-14 00:00:00,,pending,1
14361,2987,3898,2024-05-11 00:00:00,,pending,1
14362,2545,3898,2025-03-06 00:00:00,,pending,1
14363,1640,1948,2024-06-17 00:00:00,,pending,1
14364,1380,1948,2025-01-03 00:00:00,2025-01-21 00:00:00,accepted,1
14365,2557,5119,2025-08-31 00:00:00,2025-09-10 00:00:00,accepted,1
14366,1861,5119,2025-09-02 00:00:00,2025-09-12 00:00:00,accepted,1
14367,933,5119,2025-07-12 00:00:00,,pending,1
14368,197,1600,2025-08-13 00:00:00,,pending,1
14369,2833,1600,2025-06-02 00:00:00,2025-06-11 00:00:00,accepted,1
14370,977,1600,2025-09-12 00:00:00,,pending,1
14371,1576,3593,2025-04-03 00:00:00,2025-04-23 00:00:00,accepted,1
14372,1469,3593,2025-06-30 00:00:00,,pending,1
14373,1826,2533,2025-09-08 00:00:00,,pending,1
14374,2886,2533,2025-04-08 00:00:00,,pending,1
14375,2907,5490,2025-08-07 00:00:00,2025-08-10 00:00:00,accepted,1
14376,530,5490,2025-09-18 00:00:00,,alerted,0
14377,2542,5302,2024-07-26 00:00:00,2024-08-07 00:00:00,rejected,1
14378,1576,5302,2025-06-17 00:00:00,,pending,1
14379,977,5302,2025-09-26 00:00:00,,pending,1
14380,1222,5302,2024-07-20 00:00:00,2024-07-23 00:00:00,canceled,1
14381,401,5345,2025-12-25 00:00:00,2025-12-26 00:00:00,accepted,1
14382,1296,5345,2025-09-20 00:00:00,2025-09-26 00:00:00,canceled,1
14383,3131,5345,2025-06-02 00:00:00,2025-06-06 00:00:00,rejected,1
14384,2671,2957,2025-08-22 00:00:00,,pending,1
14385,261,2957,2025-07-02 00:00:00,2025-07-15 00:00:00,accepted,1
14386,1732,4743,2025-08-17 00:00:00,2025-09-05 00:00:00,accepted,1
14387,2329,4743,2025-08-09 00:00:00,2025-08-27 00:00:00,accepted,1
14388,1890,2617,2025-12-22 00:00:00,2026-01-03 00:00:00,rejected,1
14389,4,2617,2025-05-20 00:00:00,,alerted,0
14390,675,2617,2025-12-12 00:00:00,2025-12-30 00:00:00,accepted,1
14392,369,1653,2025-07-05 00:00:00,2025-07-09 00:00:00,accepted,1
14393,2936,1653,2025-10-06 00:00:00,2025-10-11 00:00:00,rejected,1
14394,459,1653,2024-05-16 00:00:00,,alerted,0
14395,367,1653,2025-06-01 00:00:00,2025-06-04 00:00:00,accepted,1
14396,1241,5258,2025-03-03 00:00:00,2025-03-14 00:00:00,rejected,1
14397,814,5258,2025-07-12 00:00:00,2025-08-01 00:00:00,rejected,1
14398,2961,5258,2025-08-01 00:00:00,2025-08-16 00:00:00,rejected,1
14400,680,4937,2025-05-28 00:00:00,2025-06-10 00:00:00,accepted,1
14401,3016,4937,2025-09-01 00:00:00,2025-09-09 00:00:00,accepted,1
14402,3061,2026,2025-07-02 00:00:00,2025-07-03 00:00:00,rejected,1
14403,2375,2026,2025-03-25 00:00:00,2025-03-30 00:00:00,canceled,1
14404,2758,4622,2025-09-02 00:00:00,2025-09-12 00:00:00,canceled,1
14405,84,4622,2024-11-16 00:00:00,2024-11-22 00:00:00,accepted,1
14406,2026,4622,2024-09-02 00:00:00,2024-09-13 00:00:00,accepted,1
14407,2907,4622,2025-09-21 00:00:00,2025-10-10 00:00:00,rejected,1
14408,1444,2357,2025-09-02 00:00:00,,pending,1
14409,1144,2357,2025-02-14 00:00:00,2025-02-27 00:00:00,rejected,1
14410,1254,2357,2025-05-03 00:00:00,,pending,1
14411,154,3158,2025-08-27 00:00:00,2025-09-11 00:00:00,canceled,1
14412,3088,3158,2025-06-19 00:00:00,2025-06-25 00:00:00,accepted,1
14414,685,3158,2025-10-25 00:00:00,2025-11-06 00:00:00,rejected,1
14415,1249,3734,2025-10-10 00:00:00,2025-10-14 00:00:00,accepted,1
14416,2367,3734,2025-10-16 00:00:00,2025-10-22 00:00:00,canceled,1
14417,2580,3734,2025-04-29 00:00:00,2025-05-03 00:00:00,accepted,1
14418,904,3426,2025-08-13 00:00:00,2025-08-16 00:00:00,canceled,1
14419,446,3426,2024-09-28 00:00:00,2024-10-14 00:00:00,accepted,1
14420,2107,1786,2025-09-24 00:00:00,,pending,1
14421,2008,1786,2025-09-12 00:00:00,,pending,1
14422,1367,2979,2025-11-13 00:00:00,2025-11-20 00:00:00,accepted,1
14423,2440,2979,2025-01-16 00:00:00,,pending,1
14424,2621,1888,2025-10-09 00:00:00,,pending,1
14425,488,1888,2025-07-24 00:00:00,,pending,1
14426,3132,1888,2024-09-09 00:00:00,2024-09-12 00:00:00,accepted,1
14427,775,1888,2024-07-29 00:00:00,2024-08-02 00:00:00,accepted,1
14428,1569,3205,2025-11-06 00:00:00,,pending,1
14429,3066,3205,2025-04-23 00:00:00,2025-05-13 00:00:00,accepted,1
14430,3120,3010,2025-07-11 00:00:00,2025-07-15 00:00:00,accepted,1
14431,2961,3010,2025-07-19 00:00:00,2025-07-30 00:00:00,accepted,1
14432,3016,3010,2025-08-07 00:00:00,2025-08-10 00:00:00,accepted,1
14434,724,2791,2024-07-03 00:00:00,2024-07-19 00:00:00,rejected,1
14435,1879,3650,2024-11-02 00:00:00,2024-11-20 00:00:00,accepted,1
14436,768,3650,2025-09-14 00:00:00,,pending,1
14437,3025,3650,2025-03-27 00:00:00,,pending,1
14438,2026,2906,2024-10-06 00:00:00,2024-10-13 00:00:00,accepted,1
14439,101,2906,2025-07-07 00:00:00,,pending,1
14440,1276,2906,2025-06-09 00:00:00,,pending,1
14441,681,4480,2025-05-14 00:00:00,,pending,1
14442,244,4480,2025-01-28 00:00:00,2025-02-17 00:00:00,accepted,1
14443,2636,4704,2025-02-06 00:00:00,,pending,1
14444,766,4704,2025-05-16 00:00:00,2025-05-30 00:00:00,canceled,1
14445,526,4704,2025-06-24 00:00:00,2025-07-08 00:00:00,accepted,1
14446,1172,3776,2024-10-24 00:00:00,,pending,1
14447,3168,3776,2025-12-22 00:00:00,,pending,1
14448,68,3776,2024-06-10 00:00:00,2024-06-14 00:00:00,canceled,1
14449,1459,2526,2024-11-06 00:00:00,2024-11-14 00:00:00,rejected,1
14450,3016,2526,2025-07-24 00:00:00,,pending,1
14451,844,4747,2025-09-15 00:00:00,,alerted,0
14452,159,4747,2025-11-30 00:00:00,,pending,1
14453,1890,2618,2025-11-23 00:00:00,2025-12-06 00:00:00,accepted,1
14454,3039,2618,2025-07-12 00:00:00,,pending,1
14455,1128,2618,2025-11-23 00:00:00,,pending,1
14456,95,2618,2024-06-23 00:00:00,2024-07-04 00:00:00,accepted,1
14457,3186,1682,2025-08-24 00:00:00,2025-09-03 00:00:00,canceled,1
14458,1515,1682,2025-10-22 00:00:00,,pending,1
14459,967,1958,2025-03-17 00:00:00,,alerted,0
14460,2225,1958,2025-09-02 00:00:00,2025-09-10 00:00:00,accepted,1
14461,2798,1958,2024-11-04 00:00:00,2024-11-18 00:00:00,accepted,1
14462,2533,1958,2024-08-11 00:00:00,2024-08-14 00:00:00,accepted,1
14463,1861,5235,2025-10-24 00:00:00,2025-10-28 00:00:00,canceled,1
14464,1859,5235,2025-10-02 00:00:00,,pending,1
14465,322,5235,2024-09-17 00:00:00,,pending,1
14466,2862,5235,2025-11-16 00:00:00,2025-11-17 00:00:00,accepted,1
14468,197,5476,2025-08-29 00:00:00,,pending,1
14469,2540,5476,2024-08-11 00:00:00,2024-08-13 00:00:00,accepted,1
14470,2147,5476,2024-11-04 00:00:00,2024-11-19 00:00:00,rejected,1
14471,924,4104,2025-10-30 00:00:00,,pending,1
14472,2303,4104,2024-11-19 00:00:00,,pending,1
14473,2806,4104,2024-09-22 00:00:00,2024-09-26 00:00:00,rejected,1
14474,54,5286,2025-06-16 00:00:00,2025-06-17 00:00:00,accepted,1
14475,2256,5286,2025-09-07 00:00:00,2025-09-17 00:00:00,accepted,1
14476,747,4616,2025-05-25 00:00:00,2025-06-13 00:00:00,rejected,1
14477,775,4616,2024-08-31 00:00:00,2024-09-14 00:00:00,accepted,1
14478,842,2519,2025-06-04 00:00:00,,pending,1
14479,153,2519,2025-10-07 00:00:00,2025-10-23 00:00:00,accepted,1
14480,2504,2519,2025-11-08 00:00:00,2025-11-28 00:00:00,rejected,1
14481,769,5230,2025-11-08 00:00:00,2025-11-24 00:00:00,accepted,1
14482,3066,5230,2025-05-07 00:00:00,2025-05-12 00:00:00,canceled,1
14483,969,5230,2025-08-19 00:00:00,2025-09-03 00:00:00,accepted,1
14484,1546,1763,2025-06-10 00:00:00,2025-06-30 00:00:00,accepted,1
14485,2809,1763,2025-07-19 00:00:00,,pending,1
14486,2806,1763,2024-08-21 00:00:00,2024-08-22 00:00:00,rejected,1
14487,593,1763,2025-11-17 00:00:00,,pending,1
14488,1459,3873,2024-09-26 00:00:00,,pending,1
14489,1915,3873,2025-12-07 00:00:00,2025-12-17 00:00:00,accepted,1
14490,3096,5204,2025-07-18 00:00:00,2025-07-24 00:00:00,accepted,1
14491,2107,5204,2025-09-04 00:00:00,,pending,1
14492,2155,2619,2025-03-26 00:00:00,,pending,1
14493,530,2619,2025-10-04 00:00:00,,alerted,0
14494,1942,5210,2024-10-29 00:00:00,,pending,1
14495,3128,5210,2025-10-29 00:00:00,,pending,1
14496,1907,3834,2025-11-18 00:00:00,2025-12-02 00:00:00,canceled,1
14497,819,3834,2025-10-06 00:00:00,,pending,1
14498,2684,3834,2025-11-18 00:00:00,,pending,1
14499,2177,4315,2025-09-13 00:00:00,,pending,1
14500,965,4315,2024-07-22 00:00:00,2024-08-11 00:00:00,accepted,1
14501,2204,4315,2024-12-16 00:00:00,,pending,1
14502,2509,3690,2025-08-17 00:00:00,2025-08-18 00:00:00,accepted,1
14503,1662,3690,2024-07-20 00:00:00,2024-08-05 00:00:00,accepted,1
14504,2699,3193,2025-08-14 00:00:00,2025-08-20 00:00:00,accepted,1
14505,754,3193,2025-04-04 00:00:00,2025-04-13 00:00:00,accepted,1
14506,2504,2640,2025-10-21 00:00:00,2025-10-30 00:00:00,rejected,1
14507,2061,2640,2025-05-29 00:00:00,,pending,1
14508,221,2640,2024-06-11 00:00:00,2024-06-17 00:00:00,canceled,1
14509,248,4366,2025-07-03 00:00:00,2025-07-22 00:00:00,canceled,1
14510,993,4366,2025-11-03 00:00:00,2025-11-10 00:00:00,accepted,1
14511,1474,4366,2025-07-13 00:00:00,,pending,1
14512,779,2115,2025-06-26 00:00:00,,pending,1
14513,462,2115,2025-06-25 00:00:00,2025-07-04 00:00:00,rejected,1
14514,1192,2115,2024-06-30 00:00:00,2024-07-17 00:00:00,rejected,1
14515,2981,4056,2025-02-25 00:00:00,2025-02-27 00:00:00,canceled,1
14516,1469,4056,2025-06-17 00:00:00,2025-07-01 00:00:00,rejected,1
14517,2868,4056,2024-12-15 00:00:00,,pending,1
14518,140,4424,2024-06-05 00:00:00,,pending,1
14519,2942,4424,2025-10-14 00:00:00,2025-10-15 00:00:00,rejected,1
14520,795,5188,2024-05-10 00:00:00,,pending,1
14521,439,5188,2025-10-16 00:00:00,2025-10-25 00:00:00,rejected,1
14522,2768,2262,2025-10-24 00:00:00,2025-11-13 00:00:00,accepted,1
14523,553,2262,2025-11-05 00:00:00,,pending,1
14524,197,2262,2025-08-28 00:00:00,,pending,1
14525,675,5167,2025-09-30 00:00:00,2025-10-06 00:00:00,accepted,1
14526,979,5167,2025-02-08 00:00:00,2025-02-10 00:00:00,accepted,1
14527,5,5167,2025-04-01 00:00:00,,alerted,0
14528,977,4436,2025-09-17 00:00:00,2025-10-03 00:00:00,rejected,1
14529,956,4436,2025-06-05 00:00:00,2025-06-23 00:00:00,accepted,1
14530,197,4436,2025-07-14 00:00:00,2025-07-30 00:00:00,accepted,1
14531,2907,4358,2025-10-16 00:00:00,2025-11-02 00:00:00,accepted,1
14532,530,4358,2025-09-21 00:00:00,,alerted,0
14533,317,4358,2025-10-18 00:00:00,2025-11-02 00:00:00,accepted,1
14535,2084,3370,2025-12-05 00:00:00,2025-12-10 00:00:00,rejected,1
14536,339,3370,2025-07-22 00:00:00,2025-07-25 00:00:00,accepted,1
14537,2758,3913,2025-08-31 00:00:00,2025-09-08 00:00:00,accepted,1
14538,747,3913,2025-04-25 00:00:00,,pending,1
14539,1459,4826,2024-12-11 00:00:00,,pending,1
14540,1563,4826,2025-08-05 00:00:00,2025-08-21 00:00:00,accepted,1
14541,1574,3992,2025-07-30 00:00:00,,pending,1
14542,2239,3992,2025-07-05 00:00:00,2025-07-17 00:00:00,rejected,1
14543,1115,2460,2025-11-28 00:00:00,2025-12-04 00:00:00,canceled,1
14544,831,2460,2025-09-27 00:00:00,,pending,1
14545,35,2460,2025-12-23 00:00:00,2026-01-11 00:00:00,accepted,1
14547,2363,4643,2025-09-09 00:00:00,2025-09-24 00:00:00,accepted,1
14548,1464,4643,2025-12-26 00:00:00,,pending,1
14549,952,4643,2024-11-09 00:00:00,,pending,1
14550,530,3420,2025-10-26 00:00:00,,alerted,0
14551,749,3420,2025-06-29 00:00:00,2025-06-30 00:00:00,accepted,1
14552,3,3748,2025-10-31 00:00:00,,pending,1
14553,573,3748,2025-03-26 00:00:00,,pending,1
14554,2256,2956,2025-10-24 00:00:00,,pending,1
14555,1720,2956,2025-07-30 00:00:00,,pending,1
14556,148,3136,2025-10-02 00:00:00,,pending,1
14557,2460,3136,2024-08-29 00:00:00,2024-09-13 00:00:00,canceled,1
14558,248,5463,2025-08-08 00:00:00,,alerted,0
14559,192,5463,2025-10-19 00:00:00,2025-10-30 00:00:00,accepted,1
14560,743,5463,2024-10-17 00:00:00,,pending,1
14561,459,5463,2024-06-15 00:00:00,,alerted,0
14562,779,5069,2025-05-30 00:00:00,2025-05-31 00:00:00,rejected,1
14563,101,5069,2025-07-15 00:00:00,2025-07-28 00:00:00,rejected,1
14564,2955,5263,2025-03-24 00:00:00,2025-04-01 00:00:00,rejected,1
14565,768,5263,2025-10-05 00:00:00,,pending,1
14566,1794,2260,2025-06-24 00:00:00,,pending,1
14567,2571,2260,2025-10-25 00:00:00,2025-11-13 00:00:00,rejected,1
14568,1792,2260,2024-09-27 00:00:00,,pending,1
14569,768,2075,2025-10-04 00:00:00,2025-10-08 00:00:00,rejected,1
14570,1927,2075,2025-11-03 00:00:00,,pending,1
14571,2215,2806,2025-11-01 00:00:00,2025-11-12 00:00:00,accepted,1
14572,1345,2806,2025-08-21 00:00:00,2025-08-24 00:00:00,accepted,1
14573,2299,2806,2025-10-25 00:00:00,2025-10-29 00:00:00,accepted,1
14574,2387,2806,2025-09-03 00:00:00,2025-09-13 00:00:00,accepted,1
14575,2469,4618,2025-03-23 00:00:00,2025-04-04 00:00:00,accepted,1
14576,1516,4618,2025-12-01 00:00:00,,pending,1
14577,2063,4460,2024-07-30 00:00:00,2024-08-07 00:00:00,accepted,1
14578,705,4460,2024-05-20 00:00:00,2024-06-08 00:00:00,accepted,1
14579,199,1554,2025-11-17 00:00:00,2025-11-27 00:00:00,accepted,1
14580,717,1554,2025-09-25 00:00:00,2025-09-28 00:00:00,accepted,1
14581,2768,1554,2025-11-15 00:00:00,,pending,1
14582,3060,1918,2025-08-10 00:00:00,2025-08-23 00:00:00,canceled,1
14583,3120,1918,2025-08-01 00:00:00,2025-08-18 00:00:00,canceled,1
14584,658,1918,2025-06-24 00:00:00,,alerted,0
14585,248,1898,2025-08-02 00:00:00,,alerted,0
14586,1354,1898,2025-11-12 00:00:00,2025-11-24 00:00:00,accepted,1
14587,2992,1898,2024-02-06 00:00:00,2024-02-10 00:00:00,accepted,1
14588,2793,1986,2025-10-23 00:00:00,2025-10-24 00:00:00,accepted,1
14589,2792,1986,2025-07-30 00:00:00,2025-08-11 00:00:00,accepted,1
14590,1496,2255,2025-05-20 00:00:00,,pending,1
14591,975,2255,2025-06-04 00:00:00,2025-06-10 00:00:00,rejected,1
14592,488,5149,2025-07-07 00:00:00,2025-07-10 00:00:00,canceled,1
14593,779,5149,2025-06-14 00:00:00,2025-07-01 00:00:00,accepted,1
14594,259,5149,2025-06-07 00:00:00,,pending,1
14595,462,5149,2025-08-08 00:00:00,,pending,1
14596,1827,5192,2025-10-18 00:00:00,,pending,1
14597,995,5192,2025-11-30 00:00:00,,pending,1
14598,766,5192,2025-06-03 00:00:00,,pending,1
14599,2162,5192,2025-12-04 00:00:00,,pending,1
14600,2768,2970,2026-01-12 00:00:00,,pending,1
14601,1662,2970,2024-07-09 00:00:00,2024-07-29 00:00:00,accepted,1
14602,956,2970,2025-08-11 00:00:00,,pending,1
14603,2868,2970,2025-02-13 00:00:00,2025-03-01 00:00:00,accepted,1
14604,1856,5475,2025-04-24 00:00:00,2025-04-30 00:00:00,canceled,1
14605,2916,5475,2025-07-12 00:00:00,2025-07-27 00:00:00,canceled,1
14606,720,5475,2025-11-07 00:00:00,2025-11-12 00:00:00,rejected,1
14607,153,5475,2025-10-08 00:00:00,2025-10-14 00:00:00,canceled,1
14608,1513,2343,2024-05-24 00:00:00,2024-05-31 00:00:00,canceled,1
14609,3014,2343,2025-06-03 00:00:00,2025-06-14 00:00:00,accepted,1
14610,816,2934,2025-03-10 00:00:00,2025-03-11 00:00:00,accepted,1
14611,1597,2934,2024-12-15 00:00:00,2024-12-17 00:00:00,accepted,1
14612,817,2934,2025-04-09 00:00:00,2025-04-22 00:00:00,accepted,1
14613,1866,4143,2025-12-03 00:00:00,,pending,1
14614,1826,4143,2025-09-06 00:00:00,2025-09-18 00:00:00,rejected,1
14615,2130,4143,2025-10-21 00:00:00,,pending,1
14616,2817,4143,2024-10-24 00:00:00,2024-11-01 00:00:00,accepted,1
14617,2256,5378,2025-10-25 00:00:00,,pending,1
14618,611,5378,2025-08-28 00:00:00,2025-09-01 00:00:00,accepted,1
14619,2914,2783,2025-09-14 00:00:00,,pending,1
14620,956,2783,2025-07-07 00:00:00,2025-07-21 00:00:00,canceled,1
14621,1566,4066,2025-10-30 00:00:00,,pending,1
14622,720,4066,2025-09-14 00:00:00,2025-09-21 00:00:00,rejected,1
14623,2350,4066,2025-10-12 00:00:00,2025-10-20 00:00:00,accepted,1
14624,1469,4066,2025-07-16 00:00:00,,pending,1
14625,2656,3028,2025-07-08 00:00:00,,pending,1
14626,607,3028,2025-10-19 00:00:00,2025-11-04 00:00:00,accepted,1
14627,2769,3028,2024-10-29 00:00:00,,pending,1
14628,2886,2513,2025-03-13 00:00:00,2025-03-22 00:00:00,accepted,1
14629,669,2513,2025-11-11 00:00:00,2025-11-28 00:00:00,accepted,1
14631,2936,2513,2025-09-06 00:00:00,,pending,1
14632,3139,2862,2025-08-17 00:00:00,2025-08-27 00:00:00,accepted,1
14633,1600,2862,2025-08-17 00:00:00,,pending,1
14634,1105,2862,2025-12-06 00:00:00,2025-12-25 00:00:00,rejected,1
14635,1172,2862,2024-10-06 00:00:00,2024-10-22 00:00:00,rejected,1
14636,2809,3209,2025-08-16 00:00:00,2025-08-17 00:00:00,accepted,1
14637,2806,3209,2024-10-06 00:00:00,2024-10-12 00:00:00,accepted,1
14638,322,1890,2024-09-25 00:00:00,2024-09-29 00:00:00,rejected,1
14639,1144,1890,2024-12-25 00:00:00,,pending,1
14640,1373,3481,2025-08-16 00:00:00,,pending,1
14641,2808,3481,2025-04-18 00:00:00,2025-04-21 00:00:00,accepted,1
14642,623,4876,2025-03-20 00:00:00,2025-03-31 00:00:00,accepted,1
14643,1156,4876,2025-02-18 00:00:00,2025-03-01 00:00:00,accepted,1
14644,1201,4958,2025-11-07 00:00:00,2025-11-11 00:00:00,accepted,1
14645,3039,4958,2025-07-21 00:00:00,2025-08-05 00:00:00,canceled,1
14646,327,3543,2025-09-21 00:00:00,2025-09-26 00:00:00,accepted,1
14647,3060,3543,2025-10-08 00:00:00,2025-10-23 00:00:00,rejected,1
14648,719,3659,2025-08-02 00:00:00,2025-08-05 00:00:00,accepted,1
14649,3088,3659,2025-08-22 00:00:00,,pending,1
14650,2046,3659,2025-03-20 00:00:00,,pending,1
14651,1923,3659,2025-07-02 00:00:00,2025-07-06 00:00:00,accepted,1
14652,861,3051,2025-02-06 00:00:00,2025-02-25 00:00:00,accepted,1
14653,2706,3051,2025-07-15 00:00:00,,pending,1
14654,3054,3051,2024-04-23 00:00:00,,pending,1
14655,1192,4454,2024-06-18 00:00:00,2024-07-04 00:00:00,accepted,1
14656,3008,4454,2025-10-15 00:00:00,,pending,1
14657,775,4454,2024-07-12 00:00:00,,pending,1
14658,779,4454,2025-06-08 00:00:00,2025-06-14 00:00:00,canceled,1
14659,1760,3580,2024-11-02 00:00:00,2024-11-18 00:00:00,accepted,1
14660,2533,3580,2024-06-19 00:00:00,,pending,1
14661,1750,4305,2025-12-03 00:00:00,2025-12-13 00:00:00,canceled,1
14662,645,4305,2025-05-30 00:00:00,,alerted,0
14663,617,4305,2025-11-07 00:00:00,,alerted,0
14664,2367,4285,2025-12-09 00:00:00,2025-12-28 00:00:00,accepted,1
14665,492,4285,2025-09-16 00:00:00,,pending,1
14666,678,3432,2025-12-23 00:00:00,2026-01-03 00:00:00,accepted,1
14667,1924,3432,2025-11-07 00:00:00,2025-11-10 00:00:00,canceled,1
14668,3158,4930,2025-08-19 00:00:00,2025-08-20 00:00:00,rejected,1
14669,2868,4930,2025-02-08 00:00:00,2025-02-14 00:00:00,accepted,1
14670,1058,4930,2024-11-18 00:00:00,,pending,1
14671,1957,4290,2025-11-09 00:00:00,,pending,1
14672,100,4290,2025-10-03 00:00:00,2025-10-05 00:00:00,canceled,1
14673,383,4290,2025-10-01 00:00:00,,pending,1
14674,1545,4290,2025-03-08 00:00:00,,pending,1
14675,1935,1679,2025-09-13 00:00:00,,pending,1
14676,1537,1679,2025-08-08 00:00:00,2025-08-20 00:00:00,accepted,1
14677,354,1656,2024-08-01 00:00:00,2024-08-13 00:00:00,rejected,1
14678,2576,1656,2025-11-19 00:00:00,,pending,1
14679,2375,1656,2025-02-17 00:00:00,,pending,1
14680,2988,1656,2024-08-07 00:00:00,2024-08-17 00:00:00,rejected,1
14681,2204,2866,2024-12-05 00:00:00,2024-12-22 00:00:00,accepted,1
14682,2177,2866,2025-08-21 00:00:00,,pending,1
14683,2375,3119,2025-03-13 00:00:00,2025-03-16 00:00:00,accepted,1
14684,1397,3119,2025-10-31 00:00:00,2025-11-08 00:00:00,rejected,1
14685,20,3119,2025-05-02 00:00:00,2025-05-20 00:00:00,accepted,1
14686,1469,2215,2025-06-12 00:00:00,,pending,1
14687,323,2215,2024-09-23 00:00:00,,pending,1
14688,1444,1950,2025-08-15 00:00:00,,pending,1
14689,1144,1950,2024-12-24 00:00:00,,pending,1
14690,1254,1950,2025-03-03 00:00:00,2025-03-04 00:00:00,canceled,1
14691,581,2070,2025-04-14 00:00:00,2025-04-22 00:00:00,rejected,1
14692,322,2070,2024-10-05 00:00:00,2024-10-10 00:00:00,accepted,1
14693,2206,2070,2024-12-29 00:00:00,2025-01-14 00:00:00,canceled,1
14694,1459,4647,2024-11-23 00:00:00,2024-11-30 00:00:00,accepted,1
14695,2251,4647,2025-03-11 00:00:00,2025-03-18 00:00:00,rejected,1
14696,2843,4647,2025-05-09 00:00:00,,pending,1
14698,2906,5137,2025-07-13 00:00:00,2025-07-14 00:00:00,rejected,1
14699,2779,5137,2024-08-14 00:00:00,2024-08-23 00:00:00,accepted,1
14700,2698,4640,2024-05-03 00:00:00,2024-05-11 00:00:00,accepted,1
14701,133,4640,2024-08-18 00:00:00,2024-08-22 00:00:00,accepted,1
14702,710,1597,2025-07-17 00:00:00,2025-07-31 00:00:00,accepted,1
14703,1414,1597,2025-10-08 00:00:00,2025-10-28 00:00:00,canceled,1
14704,701,1597,2025-08-19 00:00:00,,pending,1
14705,989,1597,2025-09-02 00:00:00,,pending,1
14706,1144,1556,2025-02-11 00:00:00,,pending,1
14707,2536,1556,2025-03-07 00:00:00,2025-03-13 00:00:00,accepted,1
14708,717,1556,2025-10-06 00:00:00,,pending,1
14709,140,1556,2024-05-07 00:00:00,,pending,1
14710,2061,2692,2025-05-25 00:00:00,,pending,1
14711,2868,2692,2024-12-03 00:00:00,,pending,1
14712,2385,1869,2025-03-04 00:00:00,2025-03-10 00:00:00,accepted,1
14713,1414,1869,2025-10-22 00:00:00,2025-10-28 00:00:00,canceled,1
14714,1082,2779,2025-06-26 00:00:00,,pending,1
14715,2237,2779,2025-10-14 00:00:00,,pending,1
14716,1374,2779,2025-02-21 00:00:00,,pending,1
14717,3002,2644,2025-11-08 00:00:00,2025-11-14 00:00:00,canceled,1
14718,645,2644,2025-03-30 00:00:00,,alerted,0
14719,1750,2644,2025-11-13 00:00:00,,pending,1
14720,101,2644,2025-09-07 00:00:00,,pending,1
14721,2125,3325,2024-12-17 00:00:00,2024-12-20 00:00:00,rejected,1
14722,2955,3325,2025-01-23 00:00:00,2025-02-12 00:00:00,accepted,1
14723,2956,3325,2025-02-26 00:00:00,2025-02-27 00:00:00,accepted,1
14724,2226,3325,2025-08-21 00:00:00,,pending,1
14725,2488,1620,2025-10-17 00:00:00,2025-10-29 00:00:00,accepted,1
14726,1816,1620,2024-11-06 00:00:00,2024-11-16 00:00:00,canceled,1
14727,2808,2396,2025-04-18 00:00:00,,pending,1
14728,2769,2396,2024-12-10 00:00:00,2024-12-11 00:00:00,rejected,1
14729,814,4604,2025-06-30 00:00:00,2025-07-01 00:00:00,accepted,1
14730,252,4604,2025-08-22 00:00:00,,pending,1
14731,2682,4604,2025-11-10 00:00:00,,pending,1
14732,1284,4604,2025-07-08 00:00:00,2025-07-23 00:00:00,canceled,1
14733,727,3856,2025-06-23 00:00:00,,alerted,0
14734,1201,3856,2025-10-23 00:00:00,,pending,1
14735,1861,4246,2025-10-09 00:00:00,,pending,1
14736,427,4246,2024-11-24 00:00:00,2024-11-25 00:00:00,accepted,1
14737,1862,4246,2025-11-09 00:00:00,,pending,1
14738,2847,4061,2025-11-07 00:00:00,2025-11-16 00:00:00,accepted,1
14739,2125,4061,2024-11-07 00:00:00,2024-11-21 00:00:00,rejected,1
14740,1455,4061,2025-05-11 00:00:00,2025-05-25 00:00:00,accepted,1
14741,2563,1770,2025-12-14 00:00:00,,pending,1
14742,2872,1770,2025-11-05 00:00:00,2025-11-16 00:00:00,accepted,1
14743,967,1937,2025-03-27 00:00:00,,alerted,0
14744,658,1937,2025-05-22 00:00:00,,alerted,0
14745,1707,2608,2025-07-24 00:00:00,,pending,1
14746,1878,2608,2024-08-23 00:00:00,2024-09-08 00:00:00,accepted,1
14747,2137,2608,2025-10-19 00:00:00,2025-10-30 00:00:00,rejected,1
14748,72,2608,2025-07-04 00:00:00,2025-07-07 00:00:00,accepted,1
14749,333,4174,2025-06-22 00:00:00,2025-07-11 00:00:00,canceled,1
14750,2168,4174,2025-11-02 00:00:00,2025-11-12 00:00:00,accepted,1
14751,1985,4174,2025-11-03 00:00:00,2025-11-13 00:00:00,accepted,1
14752,2768,3216,2025-10-27 00:00:00,2025-11-14 00:00:00,rejected,1
14753,2833,3216,2025-06-28 00:00:00,2025-07-14 00:00:00,rejected,1
14754,977,3216,2025-08-05 00:00:00,2025-08-16 00:00:00,rejected,1
14755,502,4130,2025-12-29 00:00:00,2026-01-10 00:00:00,canceled,1
14756,2916,4130,2025-05-21 00:00:00,,pending,1
14757,975,4130,2025-05-02 00:00:00,,pending,1
14758,2173,4130,2025-10-23 00:00:00,,pending,1
14759,2907,4412,2025-07-25 00:00:00,2025-08-07 00:00:00,canceled,1
14760,1375,4412,2025-06-06 00:00:00,2025-06-08 00:00:00,accepted,1
14761,977,4967,2025-09-22 00:00:00,,pending,1
14762,717,4967,2025-09-10 00:00:00,2025-09-16 00:00:00,canceled,1
14763,1459,5295,2024-12-16 00:00:00,2025-01-05 00:00:00,accepted,1
14764,1563,5295,2025-08-06 00:00:00,,pending,1
14765,3016,5295,2025-09-18 00:00:00,2025-09-29 00:00:00,rejected,1
14766,3015,5295,2025-08-23 00:00:00,,pending,1
14767,347,2725,2024-10-19 00:00:00,,alerted,0
14768,77,2725,2025-03-23 00:00:00,2025-04-10 00:00:00,canceled,1
14769,442,2725,2025-05-25 00:00:00,2025-06-02 00:00:00,accepted,1
14770,2253,4287,2025-10-07 00:00:00,2025-10-14 00:00:00,canceled,1
14771,2991,4287,2023-12-12 00:00:00,,pending,1
14772,368,4287,2025-05-10 00:00:00,2025-05-11 00:00:00,canceled,1
14773,2171,3110,2025-04-13 00:00:00,2025-04-16 00:00:00,canceled,1
14774,1370,3110,2024-06-16 00:00:00,2024-06-21 00:00:00,canceled,1
14775,2565,3110,2025-05-06 00:00:00,2025-05-15 00:00:00,rejected,1
14776,222,3386,2024-09-11 00:00:00,2024-09-12 00:00:00,accepted,1
14777,842,3386,2025-07-16 00:00:00,2025-07-28 00:00:00,rejected,1
14778,221,3386,2024-05-05 00:00:00,2024-05-22 00:00:00,accepted,1
14779,2159,1944,2025-10-29 00:00:00,,alerted,0
14780,2052,1944,2025-05-03 00:00:00,,pending,1
14781,3033,1944,2024-12-12 00:00:00,2024-12-31 00:00:00,canceled,1
14782,729,1944,2025-07-02 00:00:00,2025-07-09 00:00:00,rejected,1
14783,853,2065,2025-11-14 00:00:00,,pending,1
14784,1469,2065,2025-08-22 00:00:00,2025-08-29 00:00:00,accepted,1
14785,2205,2065,2024-12-22 00:00:00,2025-01-04 00:00:00,rejected,1
14786,482,2065,2025-12-13 00:00:00,2026-01-01 00:00:00,accepted,1
14787,1066,2921,2024-09-29 00:00:00,,pending,1
14788,2504,2921,2025-12-09 00:00:00,,pending,1
14789,1058,2921,2024-10-31 00:00:00,,pending,1
14790,831,2121,2025-09-28 00:00:00,2025-10-15 00:00:00,accepted,1
14791,781,2121,2025-09-18 00:00:00,,pending,1
14792,639,2121,2025-07-22 00:00:00,,pending,1
14793,2758,2121,2025-08-14 00:00:00,,pending,1
14794,530,2796,2025-12-06 00:00:00,,alerted,0
14795,2616,2796,2025-10-26 00:00:00,,pending,1
14796,462,2796,2025-09-12 00:00:00,2025-09-19 00:00:00,accepted,1
14797,2344,2796,2024-12-29 00:00:00,2025-01-05 00:00:00,accepted,1
14798,2606,5276,2025-07-16 00:00:00,2025-07-20 00:00:00,rejected,1
14799,2686,5276,2026-01-04 00:00:00,2026-01-19 00:00:00,accepted,1
14800,898,5276,2025-10-25 00:00:00,,pending,1
14801,1255,4801,2025-05-04 00:00:00,2025-05-24 00:00:00,rejected,1
14802,2914,4801,2025-09-24 00:00:00,2025-10-06 00:00:00,rejected,1
14803,2719,3724,2025-12-08 00:00:00,2025-12-13 00:00:00,accepted,1
14804,830,3724,2026-01-07 00:00:00,2026-01-18 00:00:00,accepted,1
14805,33,3724,2025-10-25 00:00:00,,pending,1
14806,2381,2462,2025-10-16 00:00:00,2025-10-27 00:00:00,accepted,1
14807,3173,2462,2025-10-25 00:00:00,2025-11-12 00:00:00,rejected,1
14809,2943,2462,2024-11-16 00:00:00,,pending,1
14810,3137,4526,2025-08-12 00:00:00,,pending,1
14811,1245,4526,2025-08-25 00:00:00,2025-08-29 00:00:00,accepted,1
14812,2363,3125,2025-08-29 00:00:00,2025-09-02 00:00:00,accepted,1
14813,1524,3125,2025-10-04 00:00:00,2025-10-21 00:00:00,rejected,1
14814,161,5265,2025-11-29 00:00:00,2025-12-05 00:00:00,accepted,1
14815,2256,5265,2025-10-10 00:00:00,2025-10-11 00:00:00,accepted,1
14816,248,3466,2025-08-14 00:00:00,,alerted,0
14817,727,3466,2025-06-08 00:00:00,,alerted,0
14818,3039,3466,2025-09-28 00:00:00,,pending,1
14819,3170,3466,2025-03-01 00:00:00,2025-03-09 00:00:00,rejected,1
14820,322,4730,2024-10-01 00:00:00,2024-10-17 00:00:00,rejected,1
14821,2228,4730,2024-10-08 00:00:00,,pending,1
14822,92,2003,2024-02-02 00:00:00,,pending,1
14823,2258,2003,2025-05-17 00:00:00,,pending,1
14824,2336,2003,2025-02-05 00:00:00,,pending,1
14825,2868,2003,2025-01-21 00:00:00,2025-01-25 00:00:00,accepted,1
14826,2868,1622,2024-11-20 00:00:00,,pending,1
14827,475,1622,2024-09-23 00:00:00,2024-10-10 00:00:00,accepted,1
14828,3025,3537,2025-03-18 00:00:00,2025-03-31 00:00:00,accepted,1
14829,1605,3537,2025-08-29 00:00:00,2025-09-07 00:00:00,accepted,1
14830,759,3537,2025-07-23 00:00:00,2025-08-02 00:00:00,accepted,1
14831,2816,3537,2024-09-05 00:00:00,2024-09-13 00:00:00,accepted,1
14832,749,1681,2025-08-24 00:00:00,,pending,1
14833,2529,1681,2025-09-20 00:00:00,2025-10-06 00:00:00,canceled,1
14834,304,1681,2025-07-17 00:00:00,,pending,1
14835,1563,3450,2025-06-17 00:00:00,2025-06-26 00:00:00,accepted,1
14836,1459,3450,2024-11-30 00:00:00,,pending,1
14837,3016,3450,2025-08-18 00:00:00,2025-09-02 00:00:00,accepted,1
14838,971,3450,2025-12-16 00:00:00,,pending,1
14839,681,5206,2025-07-03 00:00:00,,pending,1
14840,43,5206,2025-10-28 00:00:00,,pending,1
14841,768,5206,2025-11-21 00:00:00,,pending,1
14842,719,4399,2025-08-12 00:00:00,2025-09-01 00:00:00,rejected,1
14843,2814,4399,2025-02-28 00:00:00,2025-03-06 00:00:00,canceled,1
14844,1923,4399,2025-05-31 00:00:00,,pending,1
14845,268,4399,2025-02-04 00:00:00,2025-02-13 00:00:00,rejected,1
14846,2084,4879,2025-12-21 00:00:00,2026-01-09 00:00:00,canceled,1
14847,1185,4879,2024-11-14 00:00:00,2024-11-22 00:00:00,accepted,1
14848,2833,2159,2025-05-01 00:00:00,,pending,1
14849,956,2159,2025-07-05 00:00:00,2025-07-15 00:00:00,accepted,1
14850,2768,2675,2025-11-14 00:00:00,2025-11-22 00:00:00,accepted,1
14851,197,2675,2025-07-21 00:00:00,,pending,1
14852,2988,2675,2024-07-31 00:00:00,2024-08-17 00:00:00,accepted,1
14853,956,2675,2025-06-29 00:00:00,,pending,1
14854,720,1635,2025-09-10 00:00:00,,pending,1
14855,2862,1635,2025-11-19 00:00:00,,pending,1
14856,2561,1871,2025-09-03 00:00:00,,pending,1
14857,1079,1871,2024-09-17 00:00:00,2024-10-04 00:00:00,accepted,1
14858,3016,4042,2025-10-13 00:00:00,2025-10-15 00:00:00,accepted,1
14859,1459,4042,2024-11-13 00:00:00,2024-11-26 00:00:00,rejected,1
14860,1768,4112,2025-11-11 00:00:00,,pending,1
14861,3078,4112,2025-08-25 00:00:00,,alerted,0
14862,608,1991,2025-04-09 00:00:00,2025-04-12 00:00:00,accepted,1
14865,3123,5256,2025-09-26 00:00:00,2025-10-13 00:00:00,accepted,1
14866,1466,5256,2025-12-25 00:00:00,2025-12-26 00:00:00,accepted,1
14867,1630,5256,2025-01-27 00:00:00,,pending,1
14868,1869,5256,2024-11-09 00:00:00,2024-11-15 00:00:00,accepted,1
14869,977,2179,2025-09-18 00:00:00,2025-10-02 00:00:00,accepted,1
14870,2016,2179,2025-07-01 00:00:00,,pending,1
14871,720,4955,2025-09-23 00:00:00,,pending,1
14872,2916,4955,2025-06-08 00:00:00,2025-06-19 00:00:00,accepted,1
14873,674,4955,2025-06-24 00:00:00,2025-07-07 00:00:00,accepted,1
14874,553,2707,2025-09-14 00:00:00,2025-09-29 00:00:00,accepted,1
14875,2768,2707,2025-11-15 00:00:00,2025-11-22 00:00:00,accepted,1
14876,2914,2707,2025-10-16 00:00:00,,pending,1
14877,3162,2707,2025-10-07 00:00:00,2025-10-13 00:00:00,rejected,1
14878,1674,3440,2025-09-28 00:00:00,2025-10-03 00:00:00,accepted,1
14879,2195,3440,2025-05-01 00:00:00,2025-05-18 00:00:00,canceled,1
14880,2981,3440,2025-02-19 00:00:00,2025-02-25 00:00:00,rejected,1
14881,2366,4727,2025-12-19 00:00:00,2025-12-29 00:00:00,canceled,1
14882,1871,4727,2025-05-04 00:00:00,2025-05-09 00:00:00,rejected,1
14883,3076,4727,2024-04-06 00:00:00,2024-04-21 00:00:00,accepted,1
14884,2272,4727,2025-08-04 00:00:00,,pending,1
14885,1831,2814,2025-10-09 00:00:00,2025-10-14 00:00:00,rejected,1
14886,396,2814,2025-07-04 00:00:00,2025-07-23 00:00:00,accepted,1
14887,654,2814,2025-11-19 00:00:00,,pending,1
14888,1105,2814,2025-09-14 00:00:00,,pending,1
14889,1516,5384,2025-11-27 00:00:00,2025-12-17 00:00:00,accepted,1
14890,1758,5384,2025-12-18 00:00:00,2026-01-04 00:00:00,accepted,1
14891,719,3009,2025-09-15 00:00:00,2025-09-25 00:00:00,accepted,1
14893,2505,3009,2025-11-14 00:00:00,,pending,1
14894,3021,3009,2025-06-23 00:00:00,2025-06-24 00:00:00,accepted,1
14895,710,4407,2025-09-10 00:00:00,,pending,1
14896,251,4407,2025-10-07 00:00:00,2025-10-19 00:00:00,accepted,1
14897,1924,2950,2025-12-10 00:00:00,,pending,1
14898,678,2950,2025-12-23 00:00:00,,pending,1
14899,2309,5160,2024-02-26 00:00:00,2024-02-29 00:00:00,accepted,1
14900,1818,5160,2024-02-19 00:00:00,2024-03-08 00:00:00,accepted,1
14901,3170,3694,2025-05-06 00:00:00,2025-05-09 00:00:00,rejected,1
14902,1460,3694,2024-12-28 00:00:00,2025-01-07 00:00:00,accepted,1
14903,1715,3694,2025-11-05 00:00:00,2025-11-13 00:00:00,accepted,1
14904,95,3694,2024-05-06 00:00:00,2024-05-25 00:00:00,accepted,1
14905,153,3709,2025-09-13 00:00:00,,pending,1
14906,2868,3709,2025-01-19 00:00:00,,pending,1
14907,842,3709,2025-04-27 00:00:00,,pending,1
14908,2800,5200,2025-04-01 00:00:00,,pending,1
14909,1994,5200,2025-07-10 00:00:00,2025-07-20 00:00:00,accepted,1
14910,768,5200,2025-10-15 00:00:00,2025-10-27 00:00:00,accepted,1
14911,43,5200,2025-09-07 00:00:00,2025-09-14 00:00:00,accepted,1
14912,2808,4867,2025-04-06 00:00:00,2025-04-15 00:00:00,accepted,1
14913,1529,4867,2025-07-24 00:00:00,2025-07-27 00:00:00,accepted,1
14914,571,4738,2025-04-08 00:00:00,,pending,1
14915,1931,4738,2025-07-04 00:00:00,2025-07-23 00:00:00,accepted,1
14916,569,4738,2025-12-13 00:00:00,2025-12-27 00:00:00,rejected,1
14917,1559,3259,2025-04-04 00:00:00,2025-04-24 00:00:00,canceled,1
14918,271,3259,2025-09-20 00:00:00,,pending,1
14919,2490,3259,2025-11-24 00:00:00,,pending,1
14920,1460,2714,2024-12-20 00:00:00,2024-12-23 00:00:00,accepted,1
14921,95,2714,2024-05-07 00:00:00,2024-05-18 00:00:00,rejected,1
14922,2208,4231,2025-10-28 00:00:00,,pending,1
14923,2489,4231,2025-11-12 00:00:00,,pending,1
14924,1469,4231,2025-07-16 00:00:00,2025-07-28 00:00:00,accepted,1
14925,825,4231,2025-12-24 00:00:00,2026-01-13 00:00:00,accepted,1
14926,1460,5177,2025-01-29 00:00:00,,pending,1
14927,3108,5177,2025-10-17 00:00:00,,pending,1
14928,854,5177,2025-04-22 00:00:00,2025-05-10 00:00:00,accepted,1
14929,1601,2794,2025-09-23 00:00:00,,pending,1
14930,335,2794,2025-10-09 00:00:00,,pending,1
14931,1417,2794,2025-11-30 00:00:00,,pending,1
14932,1255,4376,2025-07-09 00:00:00,,pending,1
14933,2535,4376,2025-03-17 00:00:00,,pending,1
14934,1657,2961,2025-08-14 00:00:00,2025-08-25 00:00:00,accepted,1
14935,1968,2961,2025-10-29 00:00:00,,pending,1
14936,879,2961,2025-06-15 00:00:00,,alerted,0
14937,2256,2940,2025-10-05 00:00:00,2025-10-24 00:00:00,accepted,1
14938,1720,2940,2025-07-12 00:00:00,2025-07-23 00:00:00,canceled,1
14939,530,2940,2025-09-14 00:00:00,,alerted,0
14940,827,2940,2025-10-30 00:00:00,2025-11-11 00:00:00,accepted,1
14941,717,5261,2025-10-29 00:00:00,,pending,1
14942,2833,5261,2025-06-02 00:00:00,2025-06-07 00:00:00,accepted,1
14943,2766,5261,2025-08-21 00:00:00,,pending,1
14944,3095,2701,2025-06-02 00:00:00,2025-06-17 00:00:00,rejected,1
14945,2616,2701,2025-12-02 00:00:00,,pending,1
14946,2297,3038,2025-09-30 00:00:00,,pending,1
14947,607,3038,2025-10-18 00:00:00,,pending,1
14948,911,3038,2025-10-07 00:00:00,,pending,1
14949,2769,3038,2024-10-20 00:00:00,2024-11-08 00:00:00,rejected,1
14950,1640,3530,2024-05-24 00:00:00,2024-06-02 00:00:00,rejected,1
14951,989,3530,2025-09-14 00:00:00,2025-09-30 00:00:00,rejected,1
14952,710,3530,2025-08-08 00:00:00,,pending,1
14953,101,3530,2025-07-14 00:00:00,,pending,1
14954,2117,5392,2025-11-05 00:00:00,2025-11-23 00:00:00,accepted,1
14955,2344,5392,2024-12-09 00:00:00,2024-12-25 00:00:00,accepted,1
14956,299,3087,2024-07-27 00:00:00,,pending,1
14957,50,3087,2025-06-16 00:00:00,2025-07-06 00:00:00,rejected,1
14958,749,4505,2025-07-05 00:00:00,2025-07-14 00:00:00,accepted,1
14959,2344,4505,2025-01-12 00:00:00,2025-01-22 00:00:00,accepted,1
14960,261,4505,2025-08-13 00:00:00,,pending,1
14961,754,3803,2025-04-20 00:00:00,2025-04-28 00:00:00,accepted,1
14962,338,3803,2025-10-25 00:00:00,2025-10-29 00:00:00,accepted,1
14963,1172,3260,2024-10-08 00:00:00,,pending,1
14964,2469,3260,2025-01-29 00:00:00,2025-02-04 00:00:00,accepted,1
14965,730,3260,2024-06-04 00:00:00,,pending,1
14966,784,4106,2025-01-01 00:00:00,2025-01-12 00:00:00,accepted,1
14967,2213,4106,2025-12-13 00:00:00,2025-12-23 00:00:00,rejected,1
14968,1924,3780,2025-10-13 00:00:00,2025-10-24 00:00:00,accepted,1
14969,678,3780,2025-11-14 00:00:00,,pending,1
14970,2446,3780,2025-05-04 00:00:00,2025-05-16 00:00:00,accepted,1
14971,817,3780,2025-03-18 00:00:00,2025-03-29 00:00:00,accepted,1
14972,3120,1856,2025-07-05 00:00:00,2025-07-16 00:00:00,rejected,1
14973,3060,1856,2025-10-05 00:00:00,,pending,1
14975,1994,2241,2025-05-19 00:00:00,2025-06-08 00:00:00,accepted,1
14976,1352,5187,2025-04-06 00:00:00,2025-04-18 00:00:00,accepted,1
14977,967,5187,2025-02-19 00:00:00,,alerted,0
14978,979,5187,2025-03-03 00:00:00,,pending,1
14979,2798,5187,2024-10-18 00:00:00,2024-10-29 00:00:00,accepted,1
14980,264,3410,2025-12-20 00:00:00,,alerted,0
14981,2523,3410,2025-09-09 00:00:00,2025-09-19 00:00:00,accepted,1
14982,2425,3410,2025-10-18 00:00:00,2025-10-26 00:00:00,rejected,1
14983,1469,3410,2025-08-15 00:00:00,2025-08-17 00:00:00,accepted,1
14984,1237,2439,2025-10-28 00:00:00,2025-10-30 00:00:00,rejected,1
14985,1644,2439,2024-09-08 00:00:00,2024-09-09 00:00:00,accepted,1
14986,1780,2439,2025-04-07 00:00:00,2025-04-19 00:00:00,accepted,1
14987,1834,1783,2025-10-07 00:00:00,,pending,1
14988,1316,1783,2025-11-17 00:00:00,2025-11-30 00:00:00,accepted,1
14989,2251,1783,2025-05-05 00:00:00,2025-05-10 00:00:00,accepted,1
14990,1976,3691,2025-04-23 00:00:00,2025-04-30 00:00:00,accepted,1
14991,250,3691,2025-07-21 00:00:00,2025-08-07 00:00:00,rejected,1
14992,645,3691,2025-03-14 00:00:00,,alerted,0
14993,2392,4761,2025-08-20 00:00:00,2025-09-03 00:00:00,accepted,1
14994,1278,4761,2025-11-26 00:00:00,,pending,1
14995,176,2008,2025-08-16 00:00:00,2025-08-28 00:00:00,accepted,1
14996,471,2008,2025-04-07 00:00:00,,pending,1
14997,2425,4717,2025-11-16 00:00:00,,pending,1
14998,264,4717,2025-10-21 00:00:00,2025-10-24 00:00:00,accepted,1
14999,943,4717,2025-12-11 00:00:00,,pending,1
15000,2385,4455,2025-03-16 00:00:00,2025-04-02 00:00:00,accepted,1
15001,699,4455,2025-05-29 00:00:00,2025-06-01 00:00:00,accepted,1
15002,2912,1749,2024-08-23 00:00:00,2024-08-25 00:00:00,canceled,1
15003,164,1749,2025-07-24 00:00:00,,pending,1
15004,2151,3388,2024-09-22 00:00:00,,pending,1
15005,4,3388,2025-04-17 00:00:00,,alerted,0
15006,3153,4887,2025-09-27 00:00:00,2025-10-17 00:00:00,accepted,1
15007,1375,4887,2025-04-25 00:00:00,2025-04-27 00:00:00,accepted,1
15008,2671,4887,2025-08-24 00:00:00,,pending,1
15009,3109,3277,2024-09-26 00:00:00,,pending,1
15010,2503,3277,2025-12-04 00:00:00,2025-12-05 00:00:00,accepted,1
15011,2173,3277,2025-10-16 00:00:00,2025-10-23 00:00:00,canceled,1
15012,1469,5071,2025-06-23 00:00:00,,pending,1
15013,23,5071,2025-02-17 00:00:00,2025-03-05 00:00:00,accepted,1
15014,1576,5071,2025-05-19 00:00:00,2025-05-29 00:00:00,accepted,1
15015,2204,5358,2025-01-19 00:00:00,2025-01-25 00:00:00,canceled,1
15016,2177,5358,2025-08-02 00:00:00,2025-08-21 00:00:00,accepted,1
15017,459,5358,2024-05-23 00:00:00,,alerted,0
15018,2955,2175,2025-02-06 00:00:00,2025-02-18 00:00:00,accepted,1
15019,769,2175,2025-12-14 00:00:00,,pending,1
15020,76,3202,2024-03-29 00:00:00,2024-04-05 00:00:00,canceled,1
15021,367,3202,2025-06-08 00:00:00,2025-06-27 00:00:00,rejected,1
15022,2244,3202,2025-07-28 00:00:00,2025-08-04 00:00:00,canceled,1
15023,411,5098,2025-04-20 00:00:00,2025-05-01 00:00:00,accepted,1
15024,219,5098,2025-12-03 00:00:00,,pending,1
15025,1517,5098,2025-04-22 00:00:00,2025-04-27 00:00:00,accepted,1
15026,3016,1926,2025-07-20 00:00:00,,pending,1
15027,2843,1926,2025-06-15 00:00:00,,pending,1
15028,970,4070,2024-11-04 00:00:00,,pending,1
15029,79,4070,2025-07-11 00:00:00,2025-07-26 00:00:00,accepted,1
15030,76,4070,2024-04-06 00:00:00,2024-04-22 00:00:00,accepted,1
15031,1731,2292,2025-08-14 00:00:00,,pending,1
15032,2151,2292,2024-10-11 00:00:00,2024-10-24 00:00:00,accepted,1
15033,2843,3371,2025-06-14 00:00:00,,pending,1
15034,248,3371,2025-08-11 00:00:00,,alerted,0
15035,1303,3371,2025-06-11 00:00:00,,alerted,0
15036,2121,3371,2025-08-02 00:00:00,2025-08-08 00:00:00,rejected,1
15037,475,4266,2024-09-21 00:00:00,2024-09-23 00:00:00,accepted,1
15038,2772,4266,2025-10-15 00:00:00,2025-10-22 00:00:00,accepted,1
15039,1662,4266,2024-05-22 00:00:00,2024-05-28 00:00:00,canceled,1
15040,687,4818,2025-11-05 00:00:00,2025-11-22 00:00:00,accepted,1
15041,95,4818,2024-06-23 00:00:00,,pending,1
15042,851,3849,2025-09-11 00:00:00,,pending,1
15043,314,3849,2025-05-04 00:00:00,2025-05-15 00:00:00,accepted,1
15044,834,3849,2025-10-11 00:00:00,,pending,1
15045,1322,3238,2025-09-11 00:00:00,2025-09-14 00:00:00,accepted,1
15046,2659,3238,2024-10-28 00:00:00,2024-11-13 00:00:00,accepted,1
15047,619,3238,2025-10-20 00:00:00,,pending,1
15048,2833,2502,2025-05-31 00:00:00,2025-06-02 00:00:00,canceled,1
15049,197,2502,2025-09-17 00:00:00,,pending,1
15050,977,2502,2025-10-12 00:00:00,2025-10-17 00:00:00,accepted,1
15051,1050,1741,2024-04-28 00:00:00,2024-05-16 00:00:00,accepted,1
15052,1698,1741,2025-10-29 00:00:00,,pending,1
15053,1250,1741,2024-03-08 00:00:00,,pending,1
15054,2907,3518,2025-08-31 00:00:00,2025-09-01 00:00:00,accepted,1
15055,2616,3518,2025-10-15 00:00:00,2025-10-23 00:00:00,rejected,1
15056,599,2184,2025-07-26 00:00:00,2025-08-07 00:00:00,canceled,1
15057,2375,2184,2025-03-05 00:00:00,2025-03-10 00:00:00,accepted,1
15058,2535,2184,2025-01-28 00:00:00,2025-02-14 00:00:00,accepted,1
15059,2988,2184,2024-07-28 00:00:00,2024-08-03 00:00:00,accepted,1
15060,2289,4851,2024-11-08 00:00:00,2024-11-18 00:00:00,canceled,1
15061,2505,4851,2025-11-04 00:00:00,,pending,1
15062,1566,4851,2025-12-22 00:00:00,2025-12-30 00:00:00,accepted,1
15063,831,5229,2025-08-30 00:00:00,,pending,1
15064,779,5229,2025-04-01 00:00:00,2025-04-06 00:00:00,canceled,1
15065,747,4732,2025-04-27 00:00:00,,pending,1
15066,488,4732,2025-06-04 00:00:00,2025-06-24 00:00:00,accepted,1
15067,1414,4732,2025-12-21 00:00:00,2025-12-23 00:00:00,rejected,1
15068,2936,4901,2025-10-15 00:00:00,2025-10-27 00:00:00,accepted,1
15069,754,4901,2025-03-31 00:00:00,2025-04-19 00:00:00,rejected,1
15070,1560,2511,2025-05-09 00:00:00,,pending,1
15071,1469,2511,2025-08-07 00:00:00,2025-08-08 00:00:00,accepted,1
15072,161,4192,2025-10-19 00:00:00,,pending,1
15073,250,4192,2025-07-21 00:00:00,2025-08-06 00:00:00,accepted,1
15074,779,4192,2025-06-24 00:00:00,,pending,1
15075,967,3347,2025-03-31 00:00:00,,alerted,0
15076,2798,3347,2024-10-04 00:00:00,,pending,1
15077,2514,4252,2024-07-28 00:00:00,2024-07-31 00:00:00,accepted,1
15078,2996,4252,2025-05-01 00:00:00,2025-05-18 00:00:00,accepted,1
15079,2621,4252,2025-11-01 00:00:00,2025-11-17 00:00:00,accepted,1
15080,2155,4415,2025-03-07 00:00:00,2025-03-25 00:00:00,canceled,1
15081,2344,4415,2024-11-12 00:00:00,,pending,1
15082,2907,4415,2025-09-30 00:00:00,,pending,1
15083,33,2823,2025-08-10 00:00:00,2025-08-24 00:00:00,accepted,1
15084,250,2823,2025-07-16 00:00:00,2025-07-27 00:00:00,canceled,1
15085,2718,2823,2025-11-26 00:00:00,,pending,1
15086,1495,2680,2025-12-02 00:00:00,2025-12-13 00:00:00,accepted,1
15087,2215,2680,2025-09-04 00:00:00,,pending,1
15088,1197,2680,2025-06-27 00:00:00,2025-07-05 00:00:00,accepted,1
15089,612,4377,2025-09-12 00:00:00,2025-10-01 00:00:00,accepted,1
15090,2273,4377,2024-12-30 00:00:00,2025-01-03 00:00:00,canceled,1
15091,2557,5191,2025-08-24 00:00:00,2025-09-11 00:00:00,rejected,1
15092,1861,5191,2025-09-24 00:00:00,,pending,1
15093,924,4797,2025-11-08 00:00:00,,pending,1
15094,1463,4797,2025-10-30 00:00:00,2025-11-03 00:00:00,rejected,1
15095,1267,4797,2024-12-27 00:00:00,,pending,1
15096,1812,4797,2025-08-31 00:00:00,,pending,1
15097,581,1686,2025-05-27 00:00:00,,pending,1
15098,2505,1686,2025-10-20 00:00:00,2025-11-01 00:00:00,accepted,1
15099,354,1686,2024-06-22 00:00:00,2024-06-30 00:00:00,rejected,1
15100,2847,2622,2025-11-10 00:00:00,,pending,1
15101,3186,2622,2025-09-30 00:00:00,2025-10-20 00:00:00,rejected,1
15102,2907,5250,2025-09-06 00:00:00,2025-09-10 00:00:00,accepted,1
15103,2721,5250,2025-01-22 00:00:00,2025-02-04 00:00:00,accepted,1
15104,2616,5250,2025-10-10 00:00:00,2025-10-15 00:00:00,accepted,1
15105,1750,5250,2026-01-02 00:00:00,2026-01-16 00:00:00,accepted,1
15106,956,2061,2025-06-24 00:00:00,,pending,1
15107,2862,2061,2025-12-28 00:00:00,2025-12-29 00:00:00,rejected,1
15108,2763,2061,2025-12-22 00:00:00,2026-01-03 00:00:00,rejected,1
15109,2833,4811,2025-05-05 00:00:00,,pending,1
15110,1408,4811,2025-09-17 00:00:00,2025-10-01 00:00:00,canceled,1
15111,977,4811,2025-10-13 00:00:00,2025-10-23 00:00:00,rejected,1
15112,1174,4479,2025-06-05 00:00:00,2025-06-22 00:00:00,accepted,1
15113,896,4479,2025-09-07 00:00:00,,pending,1
15114,2816,4479,2024-09-17 00:00:00,,pending,1
15115,252,2236,2025-07-23 00:00:00,2025-08-10 00:00:00,rejected,1
15116,43,2236,2025-10-08 00:00:00,2025-10-27 00:00:00,accepted,1
15117,1794,2626,2025-07-10 00:00:00,2025-07-29 00:00:00,canceled,1
15118,2616,2626,2025-10-01 00:00:00,2025-10-08 00:00:00,canceled,1
15119,2117,3389,2025-11-22 00:00:00,2025-11-26 00:00:00,accepted,1
15120,530,3389,2025-09-14 00:00:00,,alerted,0
15121,2907,3389,2025-08-08 00:00:00,2025-08-27 00:00:00,rejected,1
15122,781,4139,2025-10-27 00:00:00,2025-11-09 00:00:00,accepted,1
15123,779,4139,2025-06-13 00:00:00,2025-06-17 00:00:00,accepted,1
15124,1208,4139,2024-12-28 00:00:00,,pending,1
15125,1128,2172,2025-12-12 00:00:00,,pending,1
15126,1569,2172,2025-08-30 00:00:00,,pending,1
15127,2460,2172,2024-09-20 00:00:00,,pending,1
15128,2037,5205,2025-09-01 00:00:00,2025-09-20 00:00:00,accepted,1
15129,1352,5205,2025-02-20 00:00:00,2025-03-02 00:00:00,canceled,1
15130,967,5205,2025-03-03 00:00:00,,alerted,0
15131,1039,5380,2025-12-20 00:00:00,,pending,1
15132,1375,5380,2025-05-31 00:00:00,2025-06-20 00:00:00,accepted,1
15133,2366,2830,2026-01-08 00:00:00,2026-01-26 00:00:00,accepted,1
15134,1370,2830,2024-07-16 00:00:00,2024-08-03 00:00:00,accepted,1
15135,1495,2830,2025-12-20 00:00:00,2026-01-07 00:00:00,accepted,1
15137,1250,5413,2024-04-26 00:00:00,2024-05-08 00:00:00,accepted,1
15138,465,5413,2025-10-30 00:00:00,,pending,1
15139,1456,4183,2025-06-24 00:00:00,2025-07-08 00:00:00,rejected,1
15140,2282,4183,2025-08-29 00:00:00,,pending,1
15141,2684,4183,2025-12-22 00:00:00,2026-01-08 00:00:00,accepted,1
15142,1841,4220,2024-05-31 00:00:00,2024-06-05 00:00:00,accepted,1
15143,2239,4220,2025-05-24 00:00:00,,pending,1
15144,1574,4220,2025-08-06 00:00:00,2025-08-19 00:00:00,canceled,1
15145,1421,4220,2024-06-23 00:00:00,2024-07-04 00:00:00,accepted,1
15146,1563,2110,2025-07-29 00:00:00,2025-08-14 00:00:00,rejected,1
15147,2843,2110,2025-05-20 00:00:00,2025-06-08 00:00:00,accepted,1
15148,2509,3243,2025-08-15 00:00:00,2025-08-26 00:00:00,accepted,1
15149,2058,3243,2025-10-10 00:00:00,,pending,1
15150,2868,3243,2024-12-27 00:00:00,2025-01-15 00:00:00,accepted,1
15151,1879,2748,2024-10-01 00:00:00,,pending,1
15152,2384,2748,2025-11-06 00:00:00,2025-11-18 00:00:00,accepted,1
15153,861,5145,2025-04-10 00:00:00,,pending,1
15154,228,5145,2025-04-20 00:00:00,2025-04-24 00:00:00,accepted,1
15155,72,5145,2025-08-08 00:00:00,,pending,1
15156,2580,5145,2025-03-29 00:00:00,2025-04-02 00:00:00,accepted,1
15157,3190,3975,2025-07-29 00:00:00,2025-08-14 00:00:00,accepted,1
15158,2244,3975,2025-09-17 00:00:00,2025-10-03 00:00:00,accepted,1
15159,2084,3975,2025-11-01 00:00:00,2025-11-14 00:00:00,canceled,1
15160,2386,4882,2025-07-08 00:00:00,,alerted,0
15161,2264,4882,2025-09-26 00:00:00,2025-10-12 00:00:00,accepted,1
15162,187,4882,2025-04-23 00:00:00,2025-04-25 00:00:00,rejected,1
15163,710,2401,2025-08-19 00:00:00,2025-08-27 00:00:00,accepted,1
15164,989,2401,2025-09-03 00:00:00,2025-09-04 00:00:00,rejected,1
15165,84,1975,2024-12-13 00:00:00,,pending,1
15166,2758,1975,2025-08-01 00:00:00,,pending,1
15167,779,1975,2025-05-02 00:00:00,2025-05-16 00:00:00,accepted,1
15168,462,1975,2025-07-03 00:00:00,2025-07-05 00:00:00,accepted,1
15169,3120,1811,2025-07-13 00:00:00,2025-07-25 00:00:00,accepted,1
15170,1316,1811,2025-10-19 00:00:00,2025-11-08 00:00:00,canceled,1
15171,819,1811,2025-09-11 00:00:00,2025-10-01 00:00:00,canceled,1
15172,2281,1811,2025-04-02 00:00:00,,pending,1
15173,1352,3767,2025-04-09 00:00:00,,pending,1
15174,967,3767,2025-04-29 00:00:00,,alerted,0
15175,769,2277,2025-09-28 00:00:00,2025-10-12 00:00:00,accepted,1
15176,1455,2277,2025-03-04 00:00:00,,pending,1
15177,2847,2277,2025-10-10 00:00:00,,pending,1
15178,2873,3075,2025-12-19 00:00:00,2025-12-31 00:00:00,rejected,1
15179,3096,3075,2025-08-19 00:00:00,2025-08-26 00:00:00,canceled,1
15180,1597,3075,2025-01-17 00:00:00,,pending,1
15181,1469,4694,2025-06-01 00:00:00,2025-06-03 00:00:00,accepted,1
15182,1408,4694,2025-09-02 00:00:00,2025-09-08 00:00:00,accepted,1
15183,623,3031,2025-02-03 00:00:00,2025-02-10 00:00:00,rejected,1
15184,749,3031,2025-06-20 00:00:00,2025-06-23 00:00:00,canceled,1
15185,2344,3031,2025-01-20 00:00:00,2025-01-31 00:00:00,accepted,1
15186,2722,3031,2025-03-24 00:00:00,2025-04-04 00:00:00,accepted,1
15187,2130,5219,2025-11-18 00:00:00,,pending,1
15188,1601,5219,2025-11-03 00:00:00,2025-11-18 00:00:00,accepted,1
15189,2179,5219,2024-04-05 00:00:00,,pending,1
15190,3195,5219,2025-09-22 00:00:00,2025-09-29 00:00:00,rejected,1
15192,1871,4812,2025-05-09 00:00:00,2025-05-17 00:00:00,accepted,1
15193,2386,4812,2025-07-06 00:00:00,,alerted,0
15194,1267,4812,2025-02-23 00:00:00,2025-02-28 00:00:00,accepted,1
15195,1653,1892,2025-11-30 00:00:00,2025-12-15 00:00:00,rejected,1
15196,83,1892,2024-04-18 00:00:00,2024-05-08 00:00:00,rejected,1
15197,342,1892,2025-02-14 00:00:00,2025-02-19 00:00:00,accepted,1
15199,646,5377,2025-05-31 00:00:00,2025-06-04 00:00:00,accepted,1
15200,250,5377,2025-05-28 00:00:00,2025-06-08 00:00:00,accepted,1
15201,1721,5377,2025-08-21 00:00:00,,pending,1
15202,600,2917,2025-07-31 00:00:00,2025-08-19 00:00:00,canceled,1
15203,2159,2917,2025-10-21 00:00:00,2025-11-01 00:00:00,accepted,1
15204,3120,2493,2025-08-25 00:00:00,2025-08-27 00:00:00,accepted,1
15205,2251,2493,2025-05-01 00:00:00,2025-05-14 00:00:00,accepted,1
15206,1316,2493,2025-11-28 00:00:00,2025-11-30 00:00:00,accepted,1
15207,2468,3922,2025-01-07 00:00:00,2025-01-15 00:00:00,canceled,1
15208,3139,3922,2025-10-23 00:00:00,,pending,1
15209,820,3922,2024-11-18 00:00:00,,pending,1
15210,2816,2517,2024-07-12 00:00:00,2024-07-25 00:00:00,rejected,1
15211,1707,2517,2025-09-29 00:00:00,2025-10-10 00:00:00,accepted,1
15212,1347,2517,2025-08-15 00:00:00,2025-08-27 00:00:00,rejected,1
15213,2955,3003,2025-01-22 00:00:00,,pending,1
15214,1927,3003,2025-11-07 00:00:00,2025-11-16 00:00:00,accepted,1
15215,2936,3414,2025-11-17 00:00:00,2025-11-27 00:00:00,accepted,1
15216,2886,3414,2025-03-11 00:00:00,2025-03-25 00:00:00,accepted,1
15217,1192,3739,2024-06-28 00:00:00,2024-07-07 00:00:00,accepted,1
15218,2077,3739,2025-11-09 00:00:00,2025-11-27 00:00:00,rejected,1
15219,1469,3785,2025-06-12 00:00:00,,pending,1
15220,1576,3785,2025-04-22 00:00:00,2025-05-08 00:00:00,accepted,1
15221,977,3785,2025-08-21 00:00:00,,pending,1
15222,2766,3785,2025-10-11 00:00:00,,pending,1
15223,758,4969,2025-08-09 00:00:00,,pending,1
15224,1128,4969,2025-12-15 00:00:00,2025-12-30 00:00:00,rejected,1
15225,2119,4969,2025-04-04 00:00:00,2025-04-10 00:00:00,accepted,1
15226,1715,4969,2025-10-25 00:00:00,2025-10-31 00:00:00,accepted,1
15227,1273,4271,2024-11-25 00:00:00,2024-12-02 00:00:00,canceled,1
15228,206,4271,2025-09-25 00:00:00,2025-10-11 00:00:00,accepted,1
15229,1501,4271,2025-03-07 00:00:00,,pending,1
15230,952,4132,2024-11-13 00:00:00,2024-11-28 00:00:00,accepted,1
15231,1525,4132,2025-08-08 00:00:00,2025-08-23 00:00:00,rejected,1
15232,471,4132,2025-04-01 00:00:00,,pending,1
15233,1495,4794,2025-11-18 00:00:00,2025-11-30 00:00:00,accepted,1
15234,2215,4794,2025-10-14 00:00:00,2025-10-27 00:00:00,accepted,1
15235,1197,4794,2025-08-05 00:00:00,2025-08-08 00:00:00,rejected,1
15236,176,4794,2025-08-02 00:00:00,,pending,1
15237,2171,1840,2025-05-03 00:00:00,,pending,1
15238,2625,1840,2025-11-10 00:00:00,2025-11-22 00:00:00,rejected,1
15239,1461,2666,2025-10-11 00:00:00,2025-10-30 00:00:00,accepted,1
15240,1789,2666,2025-04-22 00:00:00,2025-05-06 00:00:00,accepted,1
15241,1752,5218,2025-06-07 00:00:00,,pending,1
15242,2215,5218,2025-11-24 00:00:00,,pending,1
15244,1922,5347,2025-05-24 00:00:00,2025-06-09 00:00:00,rejected,1
15245,2892,5347,2025-09-01 00:00:00,2025-09-11 00:00:00,canceled,1
15246,2005,5347,2025-12-06 00:00:00,2025-12-13 00:00:00,rejected,1
15247,1750,2189,2025-12-19 00:00:00,,pending,1
15248,902,2189,2024-06-24 00:00:00,2024-07-07 00:00:00,accepted,1
15249,1251,2189,2024-11-09 00:00:00,,pending,1
15250,2616,2189,2025-09-18 00:00:00,2025-10-02 00:00:00,accepted,1
15251,775,1712,2024-09-18 00:00:00,,pending,1
15252,1192,1712,2024-06-04 00:00:00,2024-06-16 00:00:00,rejected,1
15253,2155,1712,2025-03-13 00:00:00,2025-03-29 00:00:00,rejected,1
15254,462,1712,2025-06-27 00:00:00,,pending,1
15255,2341,5327,2025-08-24 00:00:00,2025-09-06 00:00:00,accepted,1
15256,816,5327,2025-03-03 00:00:00,2025-03-20 00:00:00,accepted,1
15257,1559,2282,2025-05-05 00:00:00,,pending,1
15258,1064,2282,2025-04-14 00:00:00,2025-04-28 00:00:00,rejected,1
15259,2863,2282,2025-12-18 00:00:00,2025-12-30 00:00:00,rejected,1
15260,2535,2282,2025-01-17 00:00:00,2025-02-04 00:00:00,accepted,1
15261,1156,1503,2025-04-25 00:00:00,2025-05-01 00:00:00,rejected,1
15262,779,1503,2025-06-04 00:00:00,2025-06-11 00:00:00,accepted,1
15264,2811,1503,2025-07-06 00:00:00,,pending,1
15265,427,2242,2024-12-25 00:00:00,2025-01-03 00:00:00,accepted,1
15266,475,2242,2024-10-10 00:00:00,2024-10-14 00:00:00,accepted,1
15267,2868,2242,2025-02-10 00:00:00,2025-02-23 00:00:00,accepted,1
15268,1378,1880,2024-10-28 00:00:00,,pending,1
15269,1380,1880,2025-01-08 00:00:00,,pending,1
15270,2792,1880,2025-07-06 00:00:00,,pending,1
15271,56,1880,2025-12-27 00:00:00,,pending,1
15272,1459,3421,2024-11-15 00:00:00,2024-11-21 00:00:00,canceled,1
15273,3016,3421,2025-09-06 00:00:00,,pending,1
15274,2722,5451,2025-03-20 00:00:00,,pending,1
15275,831,5451,2025-08-04 00:00:00,2025-08-21 00:00:00,canceled,1
15276,698,5451,2025-05-10 00:00:00,2025-05-18 00:00:00,accepted,1
15277,530,2913,2025-11-21 00:00:00,,alerted,0
15278,2671,2913,2025-11-07 00:00:00,2025-11-22 00:00:00,accepted,1
15279,1276,2913,2025-06-18 00:00:00,2025-06-20 00:00:00,accepted,1
15280,308,2913,2025-10-06 00:00:00,,pending,1
15281,2225,2372,2025-10-04 00:00:00,,pending,1
15282,1352,2372,2025-04-11 00:00:00,2025-04-26 00:00:00,accepted,1
15283,967,2372,2025-04-25 00:00:00,,alerted,0
15284,3116,2372,2025-05-17 00:00:00,2025-05-28 00:00:00,accepted,1
15285,874,3476,2025-09-23 00:00:00,2025-10-09 00:00:00,rejected,1
15286,3175,3476,2025-11-30 00:00:00,2025-12-03 00:00:00,rejected,1
15287,778,3476,2024-08-12 00:00:00,2024-08-17 00:00:00,accepted,1
15288,642,4692,2025-12-23 00:00:00,,pending,1
15289,1899,4692,2025-11-28 00:00:00,2025-12-16 00:00:00,canceled,1
15290,553,4234,2025-09-25 00:00:00,2025-10-03 00:00:00,accepted,1
15291,719,4234,2025-09-20 00:00:00,2025-09-23 00:00:00,rejected,1
15292,1954,4234,2025-10-23 00:00:00,2025-11-06 00:00:00,canceled,1
15294,322,4034,2024-08-23 00:00:00,2024-09-08 00:00:00,rejected,1
15295,581,4034,2025-06-27 00:00:00,,pending,1
15296,825,4034,2025-12-10 00:00:00,,pending,1
15297,1900,2734,2025-05-02 00:00:00,,pending,1
15298,1812,2734,2025-09-28 00:00:00,2025-10-14 00:00:00,rejected,1
15299,1948,2734,2025-08-25 00:00:00,,pending,1
15300,911,2734,2025-12-23 00:00:00,2026-01-04 00:00:00,accepted,1
15301,1408,3807,2025-10-21 00:00:00,,pending,1
15302,3143,3807,2024-09-23 00:00:00,,pending,1
15303,1192,1690,2024-06-02 00:00:00,,pending,1
15304,462,1690,2025-06-29 00:00:00,2025-07-04 00:00:00,canceled,1
15305,2614,1690,2024-11-11 00:00:00,,pending,1
15306,639,1690,2025-08-26 00:00:00,2025-09-08 00:00:00,canceled,1
15307,1890,5057,2025-11-11 00:00:00,2025-11-29 00:00:00,accepted,1
15308,5,5057,2025-05-05 00:00:00,,alerted,0
15309,1201,5057,2025-11-04 00:00:00,2025-11-17 00:00:00,accepted,1
15310,2005,4493,2025-10-07 00:00:00,,pending,1
15311,2504,4493,2025-12-18 00:00:00,,pending,1
15312,197,4493,2025-09-22 00:00:00,2025-10-05 00:00:00,accepted,1
15313,842,4493,2025-05-25 00:00:00,2025-06-06 00:00:00,accepted,1
15314,2798,5457,2024-09-05 00:00:00,2024-09-08 00:00:00,rejected,1
15315,967,5457,2025-05-02 00:00:00,,alerted,0
15316,3193,4090,2025-06-28 00:00:00,2025-07-01 00:00:00,canceled,1
15317,2853,4090,2025-12-12 00:00:00,2025-12-13 00:00:00,rejected,1
15318,5,5066,2025-05-30 00:00:00,,alerted,0
15319,240,5066,2025-08-09 00:00:00,,pending,1
15320,248,5066,2025-06-07 00:00:00,,alerted,0
15321,2729,4331,2025-04-19 00:00:00,2025-05-02 00:00:00,accepted,1
15322,3050,4331,2025-05-02 00:00:00,,pending,1
15323,2732,4331,2025-12-05 00:00:00,2025-12-12 00:00:00,rejected,1
15324,2505,5048,2025-11-27 00:00:00,2025-12-01 00:00:00,rejected,1
15325,2046,5048,2025-04-20 00:00:00,2025-05-08 00:00:00,accepted,1
15326,5,4966,2025-04-09 00:00:00,,alerted,0
15327,248,4966,2025-08-06 00:00:00,,alerted,0
15328,4,4966,2025-04-13 00:00:00,,alerted,0
15329,675,4966,2025-09-29 00:00:00,2025-10-14 00:00:00,accepted,1
15330,3088,4269,2025-08-29 00:00:00,2025-09-15 00:00:00,accepted,1
15331,842,4269,2025-06-15 00:00:00,2025-06-17 00:00:00,canceled,1
15332,526,3670,2025-07-11 00:00:00,,pending,1
15333,1784,3670,2025-06-16 00:00:00,,pending,1
15334,2616,5407,2025-11-13 00:00:00,2025-11-24 00:00:00,rejected,1
15335,645,5407,2025-04-05 00:00:00,,alerted,0
15336,989,5407,2025-08-12 00:00:00,,pending,1
15337,3061,2878,2025-09-06 00:00:00,2025-09-19 00:00:00,accepted,1
15338,2523,2878,2025-09-10 00:00:00,2025-09-24 00:00:00,rejected,1
15339,187,3525,2025-05-05 00:00:00,2025-05-06 00:00:00,accepted,1
15340,2264,3525,2025-11-29 00:00:00,2025-12-19 00:00:00,accepted,1
15341,2486,5224,2025-11-21 00:00:00,2025-12-06 00:00:00,canceled,1
15342,1816,5224,2025-01-07 00:00:00,,pending,1
15343,687,3485,2025-11-25 00:00:00,2025-11-26 00:00:00,rejected,1
15344,1128,3485,2025-12-11 00:00:00,,pending,1
15345,95,3485,2024-05-11 00:00:00,2024-05-30 00:00:00,rejected,1
15347,705,1839,2024-04-28 00:00:00,2024-05-11 00:00:00,accepted,1
15348,1369,1839,2025-10-05 00:00:00,2025-10-09 00:00:00,canceled,1
15351,558,5033,2025-10-19 00:00:00,,pending,1
15352,77,5033,2025-01-28 00:00:00,,pending,1
15353,1959,2661,2025-01-29 00:00:00,2025-02-09 00:00:00,canceled,1
15354,3077,2661,2025-03-22 00:00:00,2025-03-30 00:00:00,accepted,1
15355,593,2661,2025-11-17 00:00:00,,pending,1
15356,2457,5480,2025-03-29 00:00:00,2025-03-30 00:00:00,rejected,1
15357,2171,5480,2025-02-25 00:00:00,2025-03-14 00:00:00,accepted,1
15358,2235,3251,2025-09-29 00:00:00,,pending,1
15359,2237,3251,2025-12-04 00:00:00,2025-12-10 00:00:00,canceled,1
15360,1393,3251,2025-09-08 00:00:00,,pending,1
15361,1408,2633,2025-11-22 00:00:00,,pending,1
15362,140,2633,2024-05-17 00:00:00,2024-05-31 00:00:00,accepted,1
15363,1056,2633,2025-10-11 00:00:00,2025-10-29 00:00:00,accepted,1
15364,1593,4721,2025-07-25 00:00:00,2025-07-27 00:00:00,accepted,1
15365,887,4721,2025-09-02 00:00:00,,pending,1
15366,1397,4721,2025-12-06 00:00:00,,pending,1
15367,1576,4721,2025-06-23 00:00:00,,pending,1
15368,252,3993,2025-09-19 00:00:00,,pending,1
15369,43,3993,2025-10-19 00:00:00,2025-10-20 00:00:00,accepted,1
15370,1456,1806,2025-08-06 00:00:00,2025-08-09 00:00:00,accepted,1
15371,2958,1806,2025-09-01 00:00:00,2025-09-16 00:00:00,accepted,1
15372,1455,1806,2025-03-24 00:00:00,2025-03-31 00:00:00,accepted,1
15374,642,3881,2025-10-14 00:00:00,,pending,1
15375,462,3881,2025-09-22 00:00:00,2025-10-03 00:00:00,rejected,1
15376,258,3881,2025-08-26 00:00:00,,pending,1
15377,2722,4842,2025-03-14 00:00:00,,pending,1
15378,308,4842,2025-11-27 00:00:00,2025-12-14 00:00:00,accepted,1
15379,698,4842,2025-05-12 00:00:00,,pending,1
15380,891,1642,2025-07-17 00:00:00,,pending,1
15381,3083,1642,2025-02-25 00:00:00,2025-03-10 00:00:00,accepted,1
15382,1469,4119,2025-08-10 00:00:00,,pending,1
15383,977,4119,2025-07-27 00:00:00,2025-08-15 00:00:00,accepted,1
15384,2405,3636,2025-10-06 00:00:00,,pending,1
15385,291,3636,2025-09-09 00:00:00,2025-09-21 00:00:00,accepted,1
15386,3190,3636,2025-08-10 00:00:00,2025-08-20 00:00:00,accepted,1
15387,2715,3636,2025-12-23 00:00:00,2025-12-26 00:00:00,accepted,1
15388,2535,5171,2025-02-05 00:00:00,2025-02-21 00:00:00,accepted,1
15389,2148,5171,2024-11-17 00:00:00,2024-12-01 00:00:00,accepted,1
15390,1559,5171,2025-06-16 00:00:00,2025-07-04 00:00:00,canceled,1
15392,1105,3821,2025-11-21 00:00:00,2025-11-27 00:00:00,rejected,1
15393,1994,3821,2025-05-25 00:00:00,2025-06-08 00:00:00,canceled,1
15394,2818,3821,2025-08-10 00:00:00,2025-08-13 00:00:00,accepted,1
15395,2800,3821,2025-03-16 00:00:00,2025-03-24 00:00:00,accepted,1
15396,924,1661,2025-09-08 00:00:00,2025-09-11 00:00:00,accepted,1
15397,2808,1661,2025-05-31 00:00:00,,pending,1
15398,1529,1661,2025-10-10 00:00:00,,pending,1
15399,2686,1547,2025-11-05 00:00:00,2025-11-21 00:00:00,canceled,1
15400,548,1547,2025-05-03 00:00:00,2025-05-08 00:00:00,rejected,1
15401,376,1547,2025-10-01 00:00:00,2025-10-04 00:00:00,accepted,1
15402,1156,2643,2025-04-08 00:00:00,2025-04-13 00:00:00,accepted,1
15403,2529,2643,2025-12-06 00:00:00,,pending,1
15404,710,2643,2025-09-09 00:00:00,,pending,1
15405,2117,2643,2025-12-05 00:00:00,2025-12-09 00:00:00,rejected,1
15406,527,2384,2025-10-22 00:00:00,2025-10-27 00:00:00,rejected,1
15407,1758,2384,2026-01-14 00:00:00,2026-01-24 00:00:00,rejected,1
15408,197,4450,2025-09-22 00:00:00,,pending,1
15409,2833,4450,2025-05-11 00:00:00,,pending,1
15410,933,4450,2025-08-08 00:00:00,2025-08-23 00:00:00,rejected,1
15411,1662,4450,2024-06-02 00:00:00,2024-06-17 00:00:00,accepted,1
15412,768,2355,2025-10-18 00:00:00,2025-10-19 00:00:00,accepted,1
15413,769,2355,2025-10-12 00:00:00,2025-10-27 00:00:00,accepted,1
15414,2226,2355,2025-10-07 00:00:00,2025-10-26 00:00:00,accepted,1
15415,678,2355,2025-11-05 00:00:00,2025-11-13 00:00:00,accepted,1
15416,1043,3498,2025-11-26 00:00:00,,pending,1
15417,2505,3498,2025-11-05 00:00:00,2025-11-10 00:00:00,rejected,1
15418,2061,3498,2025-06-02 00:00:00,2025-06-13 00:00:00,rejected,1
15419,475,1521,2024-10-03 00:00:00,2024-10-23 00:00:00,accepted,1
15420,2258,1521,2025-05-26 00:00:00,2025-06-12 00:00:00,rejected,1
15421,2868,1521,2025-01-15 00:00:00,,pending,1
15422,1750,4736,2025-11-26 00:00:00,2025-12-08 00:00:00,accepted,1
15423,617,4736,2025-11-17 00:00:00,,alerted,0
15424,645,4736,2025-05-14 00:00:00,,alerted,0
15425,1811,4736,2025-01-25 00:00:00,,pending,1
15426,844,2933,2025-08-11 00:00:00,,alerted,0
15427,1043,2933,2025-10-05 00:00:00,2025-10-16 00:00:00,accepted,1
15428,2535,2933,2024-12-30 00:00:00,2025-01-19 00:00:00,rejected,1
15429,271,2933,2025-10-06 00:00:00,2025-10-22 00:00:00,accepted,1
15430,795,2659,2024-07-11 00:00:00,,pending,1
15431,816,2659,2025-02-22 00:00:00,2025-02-27 00:00:00,rejected,1
15432,2446,2659,2025-05-31 00:00:00,,pending,1
15433,439,2659,2026-01-11 00:00:00,2026-01-26 00:00:00,accepted,1
15434,3187,3181,2025-11-04 00:00:00,2025-11-24 00:00:00,accepted,1
15435,1241,3181,2025-01-21 00:00:00,2025-01-25 00:00:00,canceled,1
15436,2125,3181,2024-11-11 00:00:00,2024-11-15 00:00:00,accepted,1
15437,133,3181,2024-10-05 00:00:00,2024-10-25 00:00:00,accepted,1
15439,2244,2508,2025-10-19 00:00:00,2025-11-08 00:00:00,accepted,1
15440,588,2508,2025-08-29 00:00:00,2025-09-01 00:00:00,accepted,1
15441,2180,5241,2024-09-22 00:00:00,2024-10-11 00:00:00,rejected,1
15442,43,5241,2025-09-14 00:00:00,2025-09-21 00:00:00,canceled,1
15443,2488,5241,2025-10-17 00:00:00,2025-11-03 00:00:00,accepted,1
15444,720,1754,2025-09-20 00:00:00,,pending,1
15445,581,1754,2025-06-13 00:00:00,2025-06-15 00:00:00,canceled,1
15446,322,1754,2024-10-03 00:00:00,,pending,1
15447,2388,1754,2025-06-10 00:00:00,,pending,1
15448,261,5342,2025-09-18 00:00:00,,pending,1
15449,2311,5342,2025-09-14 00:00:00,2025-09-24 00:00:00,accepted,1
15450,577,3968,2025-05-19 00:00:00,2025-05-22 00:00:00,accepted,1
15451,727,3968,2025-07-17 00:00:00,,alerted,0
15452,1201,3968,2025-09-21 00:00:00,2025-10-04 00:00:00,accepted,1
15453,304,3624,2025-10-02 00:00:00,,pending,1
15454,530,3624,2025-11-04 00:00:00,,alerted,0
15455,3137,3624,2025-08-01 00:00:00,2025-08-02 00:00:00,canceled,1
15456,3008,3624,2025-09-20 00:00:00,,pending,1
15457,2852,2432,2025-11-12 00:00:00,2025-11-13 00:00:00,accepted,1
15458,729,2432,2025-07-29 00:00:00,,pending,1
15459,2853,2432,2025-11-09 00:00:00,2025-11-13 00:00:00,accepted,1
15460,678,4861,2025-11-04 00:00:00,,pending,1
15461,347,4861,2024-09-13 00:00:00,,alerted,0
15462,1907,4349,2025-10-14 00:00:00,2025-10-16 00:00:00,accepted,1
15463,252,4349,2025-08-21 00:00:00,2025-09-10 00:00:00,accepted,1
15464,2433,4536,2025-06-15 00:00:00,2025-06-30 00:00:00,canceled,1
15465,2907,4536,2025-10-04 00:00:00,2025-10-05 00:00:00,accepted,1
15466,2811,4536,2025-06-27 00:00:00,,pending,1
15467,2671,5331,2025-11-18 00:00:00,2025-12-04 00:00:00,canceled,1
15468,101,5331,2025-07-19 00:00:00,,pending,1
15469,710,5331,2025-07-18 00:00:00,2025-08-07 00:00:00,accepted,1
15470,2958,2550,2025-09-22 00:00:00,2025-10-09 00:00:00,canceled,1
15471,2956,2550,2025-03-25 00:00:00,,pending,1
15472,2226,2550,2025-11-05 00:00:00,2025-11-06 00:00:00,rejected,1
15473,830,5453,2025-10-16 00:00:00,2025-10-19 00:00:00,rejected,1
15474,779,5453,2025-04-15 00:00:00,,pending,1
15475,488,5453,2025-07-03 00:00:00,2025-07-22 00:00:00,accepted,1
15476,1197,5026,2025-07-26 00:00:00,2025-08-06 00:00:00,accepted,1
15477,1495,5026,2025-11-24 00:00:00,2025-12-01 00:00:00,accepted,1
15478,2264,5026,2025-11-01 00:00:00,2025-11-20 00:00:00,accepted,1
15479,647,5386,2025-05-12 00:00:00,2025-05-22 00:00:00,accepted,1
15480,611,5386,2025-09-14 00:00:00,,pending,1
15481,1899,5322,2025-11-10 00:00:00,2025-11-28 00:00:00,accepted,1
15482,1117,5322,2025-04-19 00:00:00,,pending,1
15483,450,1906,2025-06-26 00:00:00,,pending,1
15484,1156,1906,2025-05-04 00:00:00,2025-05-16 00:00:00,accepted,1
15485,1455,2859,2025-03-14 00:00:00,2025-03-18 00:00:00,accepted,1
15486,2037,2859,2025-08-25 00:00:00,2025-09-12 00:00:00,accepted,1
15487,2225,2859,2025-07-23 00:00:00,2025-08-07 00:00:00,accepted,1
15489,779,1766,2025-05-30 00:00:00,2025-06-04 00:00:00,accepted,1
15490,462,1766,2025-07-08 00:00:00,2025-07-13 00:00:00,accepted,1
15491,1192,1766,2024-05-31 00:00:00,,pending,1
15492,1178,4387,2025-03-07 00:00:00,2025-03-11 00:00:00,canceled,1
15493,3066,4387,2025-04-27 00:00:00,,pending,1
15494,441,4387,2025-02-28 00:00:00,,pending,1
15495,933,1841,2025-07-15 00:00:00,,pending,1
15496,1662,1841,2024-06-29 00:00:00,,pending,1
15497,56,3940,2025-12-20 00:00:00,2025-12-30 00:00:00,canceled,1
15498,2273,3940,2024-12-24 00:00:00,2024-12-28 00:00:00,accepted,1
15499,1935,3940,2025-08-18 00:00:00,2025-09-03 00:00:00,canceled,1
15500,768,3558,2025-10-16 00:00:00,2025-10-30 00:00:00,accepted,1
15501,2955,3558,2025-03-31 00:00:00,2025-04-07 00:00:00,canceled,1
15502,769,3558,2025-11-18 00:00:00,2025-12-07 00:00:00,accepted,1
15503,1861,5158,2025-10-18 00:00:00,2025-11-01 00:00:00,accepted,1
15504,844,5158,2025-08-26 00:00:00,,alerted,0
15505,1576,5158,2025-04-06 00:00:00,2025-04-20 00:00:00,canceled,1
15506,2251,3977,2025-04-17 00:00:00,2025-05-03 00:00:00,canceled,1
15507,588,3977,2025-11-06 00:00:00,,pending,1
15508,2944,2711,2025-06-06 00:00:00,2025-06-07 00:00:00,accepted,1
15509,248,2711,2025-08-08 00:00:00,,alerted,0
15510,5,2711,2025-06-26 00:00:00,,alerted,0
15511,308,2006,2025-11-26 00:00:00,,pending,1
15512,645,2006,2025-03-15 00:00:00,,alerted,0
15513,1079,1765,2024-10-29 00:00:00,,pending,1
15514,1152,1765,2025-08-11 00:00:00,2025-08-17 00:00:00,canceled,1
15515,2037,1765,2025-09-05 00:00:00,2025-09-08 00:00:00,canceled,1
15516,2996,2729,2025-05-28 00:00:00,2025-05-29 00:00:00,rejected,1
15517,462,2729,2025-06-26 00:00:00,2025-06-30 00:00:00,accepted,1
15518,779,2729,2025-06-16 00:00:00,,pending,1
15519,1192,2729,2024-08-01 00:00:00,,pending,1
15520,3120,4946,2025-07-07 00:00:00,2025-07-23 00:00:00,accepted,1
15521,3060,4946,2025-08-30 00:00:00,2025-09-17 00:00:00,accepted,1
15522,2171,4188,2025-03-19 00:00:00,2025-03-25 00:00:00,rejected,1
15523,2063,4188,2024-07-04 00:00:00,2024-07-21 00:00:00,rejected,1
15524,490,3228,2025-08-05 00:00:00,2025-08-12 00:00:00,accepted,1
15525,491,3228,2025-08-11 00:00:00,2025-08-12 00:00:00,accepted,1
15526,2692,3121,2025-08-05 00:00:00,2025-08-22 00:00:00,accepted,1
15527,705,3121,2024-04-17 00:00:00,,pending,1
15528,3076,3121,2024-04-08 00:00:00,2024-04-20 00:00:00,accepted,1
15529,2258,4561,2025-07-13 00:00:00,2025-07-14 00:00:00,accepted,1
15530,2868,4561,2024-12-25 00:00:00,,pending,1
15531,2197,4561,2025-09-14 00:00:00,,pending,1
15532,2172,2176,2025-11-12 00:00:00,2025-11-25 00:00:00,accepted,1
15533,2656,2176,2025-08-10 00:00:00,,pending,1
15534,2094,2176,2025-11-09 00:00:00,2025-11-16 00:00:00,accepted,1
15535,3128,2176,2025-10-31 00:00:00,,pending,1
15536,1923,1825,2025-07-28 00:00:00,2025-08-01 00:00:00,rejected,1
15537,2046,1825,2025-04-05 00:00:00,2025-04-24 00:00:00,rejected,1
15538,2774,1825,2025-10-23 00:00:00,2025-11-11 00:00:00,rejected,1
15540,1250,2912,2024-03-13 00:00:00,,pending,1
15541,488,2912,2025-06-20 00:00:00,,pending,1
15542,779,2912,2025-05-22 00:00:00,,pending,1
15543,2914,2311,2025-10-30 00:00:00,2025-11-17 00:00:00,accepted,1
15544,956,2311,2025-07-11 00:00:00,,pending,1
15545,1259,3764,2025-04-18 00:00:00,2025-04-27 00:00:00,accepted,1
15546,2522,3764,2025-11-18 00:00:00,,pending,1
15547,868,3764,2024-10-13 00:00:00,2024-10-25 00:00:00,accepted,1
15548,885,3764,2024-10-24 00:00:00,2024-11-09 00:00:00,accepted,1
15549,176,4333,2025-07-29 00:00:00,,pending,1
15550,2215,4333,2025-10-04 00:00:00,2025-10-07 00:00:00,accepted,1
15551,183,4333,2024-08-08 00:00:00,,pending,1
15552,787,5254,2025-09-12 00:00:00,2025-10-01 00:00:00,canceled,1
15553,3157,5254,2025-04-29 00:00:00,2025-05-19 00:00:00,accepted,1
15554,1469,5254,2025-07-29 00:00:00,2025-07-31 00:00:00,canceled,1
15555,2971,3626,2026-01-08 00:00:00,2026-01-13 00:00:00,accepted,1
15556,2291,3626,2025-06-14 00:00:00,2025-07-03 00:00:00,canceled,1
15557,1560,3626,2025-04-15 00:00:00,,pending,1
15558,2509,3626,2025-10-27 00:00:00,,pending,1
15559,1931,5308,2025-08-22 00:00:00,2025-09-09 00:00:00,accepted,1
15560,769,5308,2025-09-26 00:00:00,2025-10-05 00:00:00,accepted,1
15561,1533,5308,2025-05-29 00:00:00,2025-06-16 00:00:00,canceled,1
15562,1959,2963,2025-03-13 00:00:00,2025-03-23 00:00:00,accepted,1
15563,1370,2963,2024-06-20 00:00:00,2024-07-05 00:00:00,canceled,1
15564,2171,2963,2025-03-20 00:00:00,,pending,1
15565,1156,3573,2025-03-05 00:00:00,2025-03-17 00:00:00,accepted,1
15566,1617,3573,2025-06-01 00:00:00,2025-06-17 00:00:00,accepted,1
15567,1510,3573,2025-07-27 00:00:00,2025-07-30 00:00:00,accepted,1
15569,530,1955,2025-10-29 00:00:00,,alerted,0
15570,1250,1955,2024-02-22 00:00:00,2024-03-08 00:00:00,accepted,1
15571,2616,1955,2025-10-30 00:00:00,,pending,1
15572,1152,5442,2025-10-08 00:00:00,2025-10-13 00:00:00,accepted,1
15573,3015,5442,2025-06-09 00:00:00,,pending,1
15574,2023,5442,2024-12-21 00:00:00,,pending,1
15575,442,3629,2025-05-08 00:00:00,,pending,1
15576,299,3629,2024-08-27 00:00:00,2024-09-07 00:00:00,accepted,1
15577,50,3629,2025-04-17 00:00:00,,pending,1
15578,830,2677,2025-11-29 00:00:00,2025-12-06 00:00:00,canceled,1
15579,101,2677,2025-08-12 00:00:00,2025-08-24 00:00:00,canceled,1
15580,2529,2677,2025-10-20 00:00:00,2025-10-23 00:00:00,rejected,1
15581,23,3491,2025-02-13 00:00:00,2025-02-25 00:00:00,rejected,1
15582,599,3491,2025-07-17 00:00:00,2025-08-06 00:00:00,accepted,1
15583,154,3491,2025-08-31 00:00:00,,pending,1
15584,43,3265,2025-09-04 00:00:00,2025-09-14 00:00:00,accepted,1
15585,2936,3265,2025-10-23 00:00:00,,pending,1
15586,322,5483,2024-08-01 00:00:00,2024-08-18 00:00:00,rejected,1
15587,1566,5483,2025-11-19 00:00:00,2025-11-29 00:00:00,accepted,1
15588,2763,5483,2025-12-11 00:00:00,,pending,1
15589,759,5243,2025-07-20 00:00:00,2025-07-21 00:00:00,accepted,1
15590,1152,5243,2025-09-21 00:00:00,,pending,1
15591,2258,4133,2025-05-09 00:00:00,,pending,1
15592,475,4133,2024-10-30 00:00:00,2024-11-19 00:00:00,accepted,1
15593,1242,4339,2025-05-10 00:00:00,,pending,1
15594,418,4339,2025-09-01 00:00:00,2025-09-10 00:00:00,rejected,1
15595,1172,4339,2024-12-14 00:00:00,2024-12-30 00:00:00,accepted,1
15596,1513,4339,2024-07-04 00:00:00,,pending,1
15598,1670,2090,2026-01-04 00:00:00,2026-01-24 00:00:00,rejected,1
15599,1662,2090,2024-07-27 00:00:00,2024-07-28 00:00:00,rejected,1
15600,2541,4383,2025-11-02 00:00:00,2025-11-22 00:00:00,accepted,1
15604,2264,5445,2025-09-27 00:00:00,,pending,1
15605,2457,5445,2025-03-17 00:00:00,,pending,1
15606,347,5448,2024-10-27 00:00:00,,alerted,0
15607,2937,5448,2025-12-01 00:00:00,2025-12-08 00:00:00,accepted,1
15608,1513,5448,2024-05-23 00:00:00,,pending,1
15609,1605,5363,2025-07-18 00:00:00,2025-07-19 00:00:00,accepted,1
15610,1201,5363,2025-10-28 00:00:00,,pending,1
15611,3067,5363,2025-06-24 00:00:00,,pending,1
15612,732,5363,2025-10-14 00:00:00,2025-10-26 00:00:00,accepted,1
15613,1923,3577,2025-06-03 00:00:00,,pending,1
15614,3088,3577,2025-07-24 00:00:00,2025-07-27 00:00:00,accepted,1
15615,956,3577,2025-06-22 00:00:00,2025-06-25 00:00:00,rejected,1
15616,719,3577,2025-09-10 00:00:00,,pending,1
15617,1580,4754,2025-04-13 00:00:00,2025-04-30 00:00:00,accepted,1
15618,2674,4754,2024-11-29 00:00:00,2024-12-15 00:00:00,accepted,1
15619,1340,3464,2024-12-22 00:00:00,2024-12-30 00:00:00,rejected,1
15620,2987,3464,2024-05-19 00:00:00,,pending,1
15621,3182,2358,2025-05-25 00:00:00,2025-05-27 00:00:00,accepted,1
15622,1023,2358,2025-01-26 00:00:00,,pending,1
15623,2816,2817,2024-09-10 00:00:00,2024-09-27 00:00:00,accepted,1
15624,43,2817,2025-09-28 00:00:00,2025-10-13 00:00:00,accepted,1
15625,768,2817,2025-11-29 00:00:00,,pending,1
15626,1312,2054,2024-09-12 00:00:00,2024-09-20 00:00:00,accepted,1
15627,2264,2054,2025-11-01 00:00:00,,pending,1
15628,923,2054,2025-08-17 00:00:00,2025-08-26 00:00:00,rejected,1
15629,1546,2054,2025-06-28 00:00:00,2025-07-15 00:00:00,canceled,1
15630,1109,1789,2025-05-12 00:00:00,,pending,1
15631,1894,1789,2025-05-07 00:00:00,2025-05-15 00:00:00,rejected,1
15632,3032,3671,2024-06-03 00:00:00,2024-06-18 00:00:00,accepted,1
15633,973,3671,2025-12-19 00:00:00,2025-12-28 00:00:00,rejected,1
15634,2833,5450,2025-05-06 00:00:00,,pending,1
15635,956,5450,2025-07-29 00:00:00,2025-08-04 00:00:00,accepted,1
15636,581,5450,2025-04-25 00:00:00,2025-04-27 00:00:00,accepted,1
15637,977,5450,2025-08-02 00:00:00,,pending,1
15638,248,3509,2025-07-10 00:00:00,,alerted,0
15639,1201,3509,2025-10-18 00:00:00,2025-10-26 00:00:00,accepted,1
15640,732,3509,2025-10-10 00:00:00,,pending,1
15643,1144,3725,2024-12-18 00:00:00,2024-12-24 00:00:00,accepted,1
15644,2542,3725,2024-09-05 00:00:00,2024-09-24 00:00:00,accepted,1
15646,139,1805,2025-04-01 00:00:00,,pending,1
15647,748,1805,2025-08-14 00:00:00,,pending,1
15648,853,4476,2025-08-25 00:00:00,,pending,1
15649,1469,4476,2025-06-27 00:00:00,2025-06-29 00:00:00,accepted,1
15650,581,4476,2025-04-26 00:00:00,,pending,1
15651,3120,5417,2025-06-20 00:00:00,2025-07-04 00:00:00,rejected,1
15652,2251,5417,2025-05-08 00:00:00,2025-05-24 00:00:00,accepted,1
15653,658,5417,2025-05-12 00:00:00,,alerted,0
15654,1316,5417,2025-10-15 00:00:00,,pending,1
15655,77,2051,2025-03-08 00:00:00,2025-03-27 00:00:00,accepted,1
15656,401,2051,2025-12-23 00:00:00,2025-12-30 00:00:00,accepted,1
15657,2057,3896,2025-10-27 00:00:00,2025-11-13 00:00:00,rejected,1
15658,221,3896,2024-06-23 00:00:00,2024-07-10 00:00:00,canceled,1
15659,594,3896,2024-05-21 00:00:00,,pending,1
15660,842,3896,2025-07-11 00:00:00,2025-07-28 00:00:00,accepted,1
15661,367,2345,2025-04-29 00:00:00,2025-05-13 00:00:00,rejected,1
15662,459,2345,2024-07-04 00:00:00,,alerted,0
15663,1250,3173,2024-04-12 00:00:00,,pending,1
15664,261,3173,2025-07-16 00:00:00,2025-08-04 00:00:00,accepted,1
15665,2311,3173,2025-10-11 00:00:00,2025-10-14 00:00:00,accepted,1
15666,1820,1702,2025-02-17 00:00:00,2025-02-18 00:00:00,accepted,1
15667,2377,1702,2024-06-24 00:00:00,,pending,1
15668,1818,1702,2024-01-08 00:00:00,2024-01-20 00:00:00,accepted,1
15669,2311,1702,2025-08-12 00:00:00,2025-08-26 00:00:00,accepted,1
15670,1032,4659,2025-08-16 00:00:00,2025-08-19 00:00:00,accepted,1
15671,3173,4659,2025-10-04 00:00:00,2025-10-07 00:00:00,accepted,1
15672,2251,4659,2025-04-09 00:00:00,,pending,1
15673,1533,4659,2025-06-13 00:00:00,2025-06-20 00:00:00,rejected,1
15674,1187,1546,2024-11-17 00:00:00,2024-11-30 00:00:00,rejected,1
15675,1185,1546,2024-11-01 00:00:00,2024-11-14 00:00:00,rejected,1
15676,354,3258,2024-07-21 00:00:00,2024-08-02 00:00:00,accepted,1
15677,2046,3258,2025-04-07 00:00:00,2025-04-22 00:00:00,canceled,1
15679,2723,3738,2025-03-02 00:00:00,2025-03-04 00:00:00,accepted,1
15680,424,3738,2025-08-25 00:00:00,2025-09-04 00:00:00,rejected,1
15681,1115,3738,2025-11-30 00:00:00,,pending,1
15682,2768,4680,2025-10-22 00:00:00,2025-11-03 00:00:00,accepted,1
15683,956,4680,2025-08-10 00:00:00,,pending,1
15684,1662,4680,2024-06-10 00:00:00,2024-06-13 00:00:00,accepted,1
15685,698,3687,2025-07-05 00:00:00,,pending,1
15686,1308,3687,2025-10-19 00:00:00,,pending,1
15687,307,3687,2025-10-11 00:00:00,2025-10-25 00:00:00,canceled,1
15688,364,3708,2025-10-16 00:00:00,2025-11-05 00:00:00,canceled,1
15689,1273,3708,2024-10-11 00:00:00,2024-10-15 00:00:00,accepted,1
15690,2652,3708,2025-10-25 00:00:00,2025-11-06 00:00:00,accepted,1
15691,853,4371,2025-10-16 00:00:00,2025-10-23 00:00:00,accepted,1
15692,1043,4371,2025-12-07 00:00:00,,pending,1
15693,1673,4371,2025-08-05 00:00:00,,pending,1
15694,264,4229,2025-10-18 00:00:00,,alerted,0
15695,1662,4229,2024-05-12 00:00:00,2024-05-19 00:00:00,canceled,1
15696,1459,5348,2024-11-26 00:00:00,,pending,1
15697,319,5348,2025-12-07 00:00:00,,pending,1
15698,1284,3479,2025-06-01 00:00:00,2025-06-15 00:00:00,rejected,1
15699,3120,3479,2025-08-22 00:00:00,2025-09-02 00:00:00,rejected,1
15700,658,3479,2025-04-03 00:00:00,,alerted,0
15701,1032,3479,2025-07-05 00:00:00,2025-07-11 00:00:00,canceled,1
15702,2367,2614,2025-10-02 00:00:00,2025-10-17 00:00:00,accepted,1
15703,2687,2614,2024-05-04 00:00:00,2024-05-22 00:00:00,canceled,1
15704,2368,2614,2025-12-06 00:00:00,2025-12-15 00:00:00,accepted,1
15705,2519,2614,2025-12-08 00:00:00,,pending,1
15706,2621,5291,2025-08-24 00:00:00,,pending,1
15707,2117,5291,2025-12-17 00:00:00,,pending,1
15708,1374,5291,2025-03-08 00:00:00,2025-03-09 00:00:00,rejected,1
15709,781,5291,2025-09-11 00:00:00,2025-10-01 00:00:00,accepted,1
15710,967,2328,2025-03-14 00:00:00,,alerted,0
15711,1172,2328,2024-11-15 00:00:00,,pending,1
15712,2366,4820,2025-11-28 00:00:00,2025-12-18 00:00:00,rejected,1
15713,1368,4820,2025-09-14 00:00:00,2025-09-21 00:00:00,rejected,1
15714,1948,4820,2025-07-15 00:00:00,2025-07-20 00:00:00,rejected,1
15715,2625,4820,2025-11-10 00:00:00,,pending,1
15716,5,5277,2025-06-01 00:00:00,,alerted,0
15717,3105,5277,2025-10-20 00:00:00,2025-10-26 00:00:00,accepted,1
15718,4,5277,2025-02-27 00:00:00,,alerted,0
15719,993,5277,2025-09-09 00:00:00,,pending,1
15720,710,3433,2025-07-26 00:00:00,2025-08-08 00:00:00,accepted,1
15721,1,3433,2025-10-09 00:00:00,2025-10-15 00:00:00,rejected,1
15722,3002,3433,2025-12-24 00:00:00,2025-12-28 00:00:00,rejected,1
15723,2435,3433,2025-06-18 00:00:00,,pending,1
15724,2147,3197,2024-09-23 00:00:00,2024-09-30 00:00:00,rejected,1
15725,956,3197,2025-06-14 00:00:00,2025-06-23 00:00:00,canceled,1
15726,3089,3197,2025-11-07 00:00:00,2025-11-26 00:00:00,accepted,1
15728,611,3829,2025-09-13 00:00:00,2025-09-20 00:00:00,rejected,1
15729,827,3829,2025-11-29 00:00:00,2025-11-30 00:00:00,accepted,1
15730,161,3829,2025-11-22 00:00:00,2025-12-02 00:00:00,accepted,1
15731,2852,1891,2025-11-06 00:00:00,2025-11-25 00:00:00,accepted,1
15732,2052,1891,2025-03-14 00:00:00,2025-03-23 00:00:00,accepted,1
15733,308,5285,2025-10-05 00:00:00,2025-10-11 00:00:00,canceled,1
15734,3008,5285,2025-11-14 00:00:00,2025-12-04 00:00:00,accepted,1
15735,261,5285,2025-07-30 00:00:00,,pending,1
15736,2488,2154,2025-11-06 00:00:00,2025-11-21 00:00:00,rejected,1
15737,2052,2154,2025-03-24 00:00:00,2025-04-01 00:00:00,rejected,1
15738,965,2154,2024-07-19 00:00:00,2024-08-08 00:00:00,rejected,1
15739,488,3625,2025-06-05 00:00:00,2025-06-21 00:00:00,accepted,1
15740,1393,3625,2025-08-09 00:00:00,2025-08-13 00:00:00,rejected,1
15741,342,4781,2025-01-25 00:00:00,,pending,1
15742,2530,4781,2025-09-26 00:00:00,2025-10-15 00:00:00,rejected,1
15743,1375,4781,2025-05-13 00:00:00,2025-05-31 00:00:00,rejected,1
15744,1545,5304,2025-01-12 00:00:00,,pending,1
15745,1206,5304,2024-09-13 00:00:00,2024-09-17 00:00:00,accepted,1
15746,1550,5304,2025-09-28 00:00:00,,pending,1
15747,1495,5304,2025-10-22 00:00:00,2025-11-10 00:00:00,accepted,1
15748,1897,1963,2025-10-21 00:00:00,2025-11-05 00:00:00,accepted,1
15749,1385,1963,2025-10-24 00:00:00,2025-10-29 00:00:00,accepted,1
15750,2413,1963,2025-11-25 00:00:00,,pending,1
15751,740,4176,2025-09-18 00:00:00,2025-09-27 00:00:00,accepted,1
15752,2868,4176,2024-12-05 00:00:00,2024-12-08 00:00:00,accepted,1
15753,1978,4079,2025-07-09 00:00:00,2025-07-20 00:00:00,accepted,1
15754,307,4079,2025-11-09 00:00:00,,pending,1
15755,3126,4079,2025-09-29 00:00:00,,pending,1
15756,1495,1977,2025-10-30 00:00:00,,pending,1
15757,121,1977,2025-11-02 00:00:00,2025-11-12 00:00:00,accepted,1
15758,1525,1977,2025-10-30 00:00:00,2025-11-14 00:00:00,accepted,1
15759,1633,4488,2025-07-25 00:00:00,2025-08-03 00:00:00,rejected,1
15760,2563,4488,2025-12-13 00:00:00,2025-12-19 00:00:00,accepted,1
15761,2215,3317,2025-09-20 00:00:00,2025-10-08 00:00:00,accepted,1
15762,2363,3317,2025-07-04 00:00:00,2025-07-20 00:00:00,accepted,1
15763,2358,3317,2025-10-16 00:00:00,2025-11-04 00:00:00,accepted,1
15764,2868,2852,2025-01-04 00:00:00,2025-01-11 00:00:00,accepted,1
15765,2540,2852,2024-09-04 00:00:00,2024-09-21 00:00:00,accepted,1
15766,153,1998,2025-08-31 00:00:00,,pending,1
15767,956,1998,2025-07-15 00:00:00,2025-08-03 00:00:00,rejected,1
15768,1144,4956,2025-01-31 00:00:00,2025-02-12 00:00:00,accepted,1
15769,1254,4956,2025-03-30 00:00:00,2025-04-03 00:00:00,canceled,1
15770,1642,4956,2025-08-16 00:00:00,2025-08-28 00:00:00,rejected,1
15771,43,3728,2025-09-26 00:00:00,2025-10-13 00:00:00,canceled,1
15772,730,3728,2024-06-02 00:00:00,2024-06-09 00:00:00,accepted,1
15773,1189,3728,2025-04-12 00:00:00,2025-05-01 00:00:00,accepted,1
15774,140,3340,2024-05-26 00:00:00,2024-06-13 00:00:00,accepted,1
15775,153,3340,2025-10-11 00:00:00,2025-10-29 00:00:00,canceled,1
15776,2255,3261,2025-07-28 00:00:00,2025-08-14 00:00:00,rejected,1
15777,488,3261,2025-07-25 00:00:00,,pending,1
15778,2955,1592,2025-03-13 00:00:00,2025-03-17 00:00:00,rejected,1
15779,43,1592,2025-11-14 00:00:00,2025-11-27 00:00:00,rejected,1
15780,1128,2455,2025-12-20 00:00:00,2025-12-22 00:00:00,accepted,1
15781,2686,2455,2025-11-22 00:00:00,2025-12-01 00:00:00,accepted,1
15782,95,2455,2024-07-01 00:00:00,,pending,1
15783,1802,2455,2025-10-16 00:00:00,,pending,1
15784,2806,3953,2024-10-04 00:00:00,2024-10-05 00:00:00,canceled,1
15785,118,3953,2025-06-02 00:00:00,,pending,1
15786,1603,2259,2025-12-04 00:00:00,2025-12-05 00:00:00,accepted,1
15787,3182,2259,2025-03-19 00:00:00,2025-04-03 00:00:00,rejected,1
15788,2147,3620,2024-11-17 00:00:00,2024-11-23 00:00:00,accepted,1
15789,2833,3620,2025-06-29 00:00:00,2025-07-17 00:00:00,rejected,1
15790,933,3620,2025-08-03 00:00:00,,pending,1
15791,1662,3620,2024-07-09 00:00:00,2024-07-16 00:00:00,accepted,1
15792,1796,3701,2024-11-06 00:00:00,2024-11-22 00:00:00,accepted,1
15793,2080,3701,2025-10-13 00:00:00,2025-10-21 00:00:00,accepted,1
15794,2132,2481,2025-09-20 00:00:00,2025-09-29 00:00:00,accepted,1
15795,3080,2481,2024-12-24 00:00:00,2025-01-11 00:00:00,accepted,1
15796,1988,2481,2025-09-26 00:00:00,,pending,1
15797,1366,4871,2025-09-30 00:00:00,,pending,1
15798,508,4871,2024-12-14 00:00:00,,alerted,0
15800,1,2111,2025-11-17 00:00:00,,pending,1
15801,701,2111,2025-09-16 00:00:00,2025-09-28 00:00:00,accepted,1
15802,3158,2082,2025-07-21 00:00:00,2025-08-08 00:00:00,rejected,1
15803,2914,2082,2025-08-15 00:00:00,,pending,1
15804,1378,3217,2024-09-15 00:00:00,,pending,1
15805,1512,3217,2025-12-08 00:00:00,2025-12-19 00:00:00,canceled,1
15806,1720,1606,2025-06-18 00:00:00,2025-07-03 00:00:00,canceled,1
15807,2883,1606,2025-11-16 00:00:00,2025-12-06 00:00:00,accepted,1
15808,249,1606,2025-01-14 00:00:00,2025-01-19 00:00:00,rejected,1
15809,104,2178,2025-03-13 00:00:00,,pending,1
15810,1848,2178,2025-05-02 00:00:00,2025-05-07 00:00:00,accepted,1
15811,1644,2178,2024-11-02 00:00:00,2024-11-11 00:00:00,accepted,1
15812,1984,1673,2025-12-14 00:00:00,2025-12-17 00:00:00,accepted,1
15813,1985,1673,2025-11-23 00:00:00,2025-12-04 00:00:00,accepted,1
15814,823,1673,2025-09-15 00:00:00,,pending,1
15815,333,1673,2025-07-05 00:00:00,2025-07-12 00:00:00,canceled,1
15816,645,2337,2025-04-01 00:00:00,,alerted,0
15817,1192,2337,2024-07-16 00:00:00,2024-07-28 00:00:00,accepted,1
15818,830,3792,2026-01-02 00:00:00,2026-01-18 00:00:00,accepted,1
15819,101,3792,2025-08-05 00:00:00,2025-08-23 00:00:00,rejected,1
15820,1673,2996,2025-08-09 00:00:00,2025-08-26 00:00:00,accepted,1
15821,1496,2996,2025-05-04 00:00:00,2025-05-13 00:00:00,accepted,1
15822,3029,3608,2025-04-16 00:00:00,2025-05-06 00:00:00,accepted,1
15823,2381,3608,2025-12-27 00:00:00,,pending,1
15824,3173,3608,2025-09-19 00:00:00,,pending,1
15825,1105,3608,2025-09-20 00:00:00,,pending,1
15826,1784,2568,2025-06-06 00:00:00,2025-06-07 00:00:00,accepted,1
15827,1841,2568,2024-08-09 00:00:00,,pending,1
15828,1915,2002,2025-10-21 00:00:00,2025-11-09 00:00:00,accepted,1
15829,2251,2002,2025-03-28 00:00:00,2025-03-30 00:00:00,rejected,1
15830,1316,2002,2025-12-09 00:00:00,,pending,1
15831,1576,1865,2025-06-26 00:00:00,2025-07-12 00:00:00,rejected,1
15832,1469,1865,2025-06-27 00:00:00,,pending,1
15833,1397,1865,2025-10-27 00:00:00,2025-11-10 00:00:00,rejected,1
15834,759,4322,2025-08-11 00:00:00,2025-08-13 00:00:00,canceled,1
15835,1457,4322,2025-10-09 00:00:00,2025-10-14 00:00:00,rejected,1
15836,2125,4322,2024-12-01 00:00:00,,pending,1
15837,3182,4179,2025-04-21 00:00:00,,pending,1
15838,1834,4179,2025-09-13 00:00:00,,pending,1
15839,1909,4179,2025-01-25 00:00:00,2025-02-12 00:00:00,canceled,1
15840,1128,3375,2025-10-20 00:00:00,,pending,1
15841,1715,3375,2025-10-15 00:00:00,,pending,1
15842,1718,2868,2024-07-25 00:00:00,2024-08-04 00:00:00,canceled,1
15843,642,2868,2026-01-02 00:00:00,,pending,1
15844,685,1612,2025-09-10 00:00:00,2025-09-24 00:00:00,accepted,1
15845,140,1612,2024-04-10 00:00:00,,pending,1
15846,3162,1612,2025-10-18 00:00:00,2025-10-31 00:00:00,accepted,1
15847,2358,4373,2025-11-26 00:00:00,2025-11-30 00:00:00,rejected,1
15848,2215,4373,2025-09-09 00:00:00,2025-09-19 00:00:00,rejected,1
15849,816,3224,2025-03-24 00:00:00,2025-04-07 00:00:00,accepted,1
15851,1713,3224,2025-05-31 00:00:00,2025-06-04 00:00:00,rejected,1
15852,1459,3224,2024-12-19 00:00:00,,pending,1
15853,719,1703,2025-09-14 00:00:00,2025-09-30 00:00:00,accepted,1
15854,1359,1703,2025-08-05 00:00:00,2025-08-13 00:00:00,rejected,1
15855,322,1703,2024-10-10 00:00:00,2024-10-25 00:00:00,rejected,1
15856,2197,1703,2025-08-25 00:00:00,2025-09-10 00:00:00,canceled,1
15857,154,1667,2025-07-17 00:00:00,,pending,1
15858,2168,1667,2025-10-25 00:00:00,,pending,1
15859,1890,2036,2025-11-05 00:00:00,2025-11-25 00:00:00,accepted,1
15860,5,2036,2025-06-16 00:00:00,,alerted,0
15861,4,2036,2025-05-23 00:00:00,,alerted,0
15862,1774,2036,2025-10-08 00:00:00,2025-10-25 00:00:00,rejected,1
15863,1369,4804,2025-08-29 00:00:00,,pending,1
15864,2979,4804,2024-12-26 00:00:00,2024-12-30 00:00:00,canceled,1
15865,2768,1915,2025-10-21 00:00:00,2025-11-10 00:00:00,accepted,1
15866,1103,1915,2025-10-26 00:00:00,,pending,1
15867,196,3513,2025-07-13 00:00:00,,pending,1
15868,3048,3513,2025-11-23 00:00:00,2025-12-06 00:00:00,accepted,1
15869,2565,3955,2025-02-14 00:00:00,,pending,1
15870,183,3955,2024-09-28 00:00:00,2024-10-07 00:00:00,accepted,1
15871,1495,3955,2025-11-28 00:00:00,,pending,1
15872,2105,2380,2025-07-11 00:00:00,,pending,1
15873,1395,2380,2024-06-22 00:00:00,2024-06-30 00:00:00,rejected,1
15874,2674,1887,2024-10-26 00:00:00,,pending,1
15875,2159,1887,2025-11-17 00:00:00,,alerted,0
15876,989,2302,2025-08-19 00:00:00,2025-09-02 00:00:00,accepted,1
15877,1192,2302,2024-07-28 00:00:00,2024-08-15 00:00:00,accepted,1
15878,993,2071,2025-09-13 00:00:00,2025-09-16 00:00:00,accepted,1
15879,5,2071,2025-06-04 00:00:00,,alerted,0
15880,1231,2903,2024-10-29 00:00:00,2024-11-09 00:00:00,accepted,1
15881,292,2903,2025-08-22 00:00:00,,pending,1
15882,759,2903,2025-08-30 00:00:00,,pending,1
15883,1352,4983,2025-05-05 00:00:00,2025-05-22 00:00:00,canceled,1
15884,967,4983,2025-02-28 00:00:00,,alerted,0
15885,2798,4983,2024-10-26 00:00:00,,pending,1
15886,1909,4983,2024-12-14 00:00:00,,pending,1
15887,3076,4977,2024-03-06 00:00:00,2024-03-16 00:00:00,accepted,1
15888,705,4977,2024-06-14 00:00:00,2024-06-28 00:00:00,accepted,1
15889,361,2650,2024-10-20 00:00:00,2024-10-28 00:00:00,accepted,1
15891,977,2650,2025-10-05 00:00:00,2025-10-23 00:00:00,accepted,1
15892,2833,2650,2025-06-06 00:00:00,2025-06-21 00:00:00,canceled,1
15893,140,2864,2024-05-29 00:00:00,2024-06-10 00:00:00,rejected,1
15894,153,2864,2025-11-08 00:00:00,2025-11-16 00:00:00,accepted,1
15895,1091,3326,2025-05-26 00:00:00,,pending,1
15896,970,3326,2024-08-29 00:00:00,,pending,1
15897,2533,3326,2024-07-02 00:00:00,2024-07-03 00:00:00,accepted,1
15898,2035,4466,2025-10-17 00:00:00,,pending,1
15899,3170,4466,2025-03-13 00:00:00,2025-04-01 00:00:00,accepted,1
15900,1801,4466,2025-10-19 00:00:00,2025-10-20 00:00:00,canceled,1
15903,1812,1768,2025-10-13 00:00:00,2025-10-24 00:00:00,accepted,1
15904,2656,1768,2025-08-15 00:00:00,,pending,1
15905,624,3504,2025-04-17 00:00:00,2025-04-28 00:00:00,accepted,1
15906,2235,3504,2025-10-07 00:00:00,,pending,1
15907,2907,3504,2025-08-12 00:00:00,,pending,1
15908,2440,5390,2024-12-04 00:00:00,,pending,1
15909,2563,5390,2025-10-05 00:00:00,2025-10-19 00:00:00,accepted,1
15910,1231,5390,2024-11-18 00:00:00,2024-12-03 00:00:00,accepted,1
15911,1263,3244,2025-08-11 00:00:00,,pending,1
15912,1192,3244,2024-07-05 00:00:00,,pending,1
15913,781,4745,2025-08-18 00:00:00,2025-09-07 00:00:00,accepted,1
15914,625,4745,2025-06-08 00:00:00,,pending,1
15915,2375,4819,2025-04-10 00:00:00,2025-04-23 00:00:00,accepted,1
15916,2988,4819,2024-08-19 00:00:00,2024-09-08 00:00:00,accepted,1
15917,2440,4884,2025-01-20 00:00:00,2025-02-02 00:00:00,accepted,1
15918,2563,4884,2025-10-27 00:00:00,2025-11-08 00:00:00,accepted,1
15919,607,3585,2025-10-02 00:00:00,,pending,1
15920,187,3585,2025-05-08 00:00:00,,pending,1
15921,2769,3585,2024-09-25 00:00:00,,pending,1
15922,1720,2531,2025-07-01 00:00:00,2025-07-15 00:00:00,accepted,1
15923,462,2531,2025-07-08 00:00:00,,pending,1
15924,488,2531,2025-06-15 00:00:00,2025-06-16 00:00:00,canceled,1
15925,1412,3765,2025-05-17 00:00:00,,pending,1
15926,3008,3765,2025-10-09 00:00:00,2025-10-22 00:00:00,accepted,1
15927,308,3765,2025-10-12 00:00:00,2025-10-28 00:00:00,rejected,1
15928,98,1565,2025-08-29 00:00:00,,pending,1
15929,459,1565,2024-06-14 00:00:00,,alerted,0
15930,2946,4006,2025-09-13 00:00:00,2025-09-18 00:00:00,accepted,1
15931,2125,4006,2024-10-20 00:00:00,2024-10-24 00:00:00,accepted,1
15932,711,4006,2025-10-06 00:00:00,2025-10-23 00:00:00,accepted,1
15933,221,5497,2024-05-03 00:00:00,,pending,1
15934,153,5497,2025-09-30 00:00:00,2025-10-10 00:00:00,rejected,1
15935,842,5497,2025-07-16 00:00:00,2025-08-02 00:00:00,accepted,1
15936,2052,1876,2025-04-01 00:00:00,2025-04-10 00:00:00,accepted,1
15937,1784,1876,2025-05-24 00:00:00,2025-05-25 00:00:00,canceled,1
15938,2225,2928,2025-07-25 00:00:00,2025-07-26 00:00:00,accepted,1
15939,2798,2928,2024-11-24 00:00:00,2024-11-26 00:00:00,accepted,1
15940,967,2928,2025-03-09 00:00:00,,alerted,0
15941,2973,3139,2025-09-03 00:00:00,2025-09-10 00:00:00,accepted,1
15942,2882,3139,2025-08-23 00:00:00,2025-09-05 00:00:00,canceled,1
15943,272,3139,2025-08-07 00:00:00,,pending,1
15944,1720,3139,2025-06-16 00:00:00,,pending,1
15945,2833,4795,2025-06-12 00:00:00,,pending,1
15946,1042,4795,2025-12-17 00:00:00,2026-01-04 00:00:00,canceled,1
15947,2291,4795,2025-06-04 00:00:00,2025-06-14 00:00:00,accepted,1
15948,2671,2831,2025-11-04 00:00:00,,pending,1
15949,1308,2831,2025-12-02 00:00:00,2025-12-18 00:00:00,accepted,1
15950,2798,3048,2024-11-21 00:00:00,2024-11-29 00:00:00,rejected,1
15951,1352,3048,2025-03-02 00:00:00,2025-03-16 00:00:00,rejected,1
15952,967,3048,2025-03-01 00:00:00,,pending,1
15953,1459,1588,2024-12-14 00:00:00,2024-12-16 00:00:00,accepted,1
15954,3016,1588,2025-07-23 00:00:00,2025-07-28 00:00:00,accepted,1
15955,1642,4286,2025-08-10 00:00:00,2025-08-27 00:00:00,rejected,1
15956,1059,4286,2025-02-04 00:00:00,,pending,1
15957,20,4286,2025-02-21 00:00:00,,pending,1
15958,1758,5034,2025-12-09 00:00:00,,pending,1
15959,2239,5034,2025-05-31 00:00:00,2025-06-04 00:00:00,accepted,1
15960,486,5034,2025-10-20 00:00:00,,pending,1
15961,2272,1514,2025-08-11 00:00:00,2025-08-31 00:00:00,canceled,1
15962,1369,1514,2025-09-27 00:00:00,,pending,1
15963,1316,3866,2025-11-16 00:00:00,2025-11-30 00:00:00,accepted,1
15964,108,3866,2025-07-05 00:00:00,2025-07-23 00:00:00,accepted,1
15965,2833,3506,2025-05-03 00:00:00,,pending,1
15966,197,3506,2025-06-30 00:00:00,2025-07-11 00:00:00,canceled,1
15967,956,3506,2025-07-12 00:00:00,2025-07-31 00:00:00,accepted,1
15968,842,1883,2025-07-03 00:00:00,,pending,1
15969,2004,1883,2025-04-24 00:00:00,2025-04-26 00:00:00,accepted,1
15970,475,1883,2024-08-22 00:00:00,2024-09-09 00:00:00,accepted,1
15971,530,2529,2025-09-13 00:00:00,,alerted,0
15972,1378,2529,2024-10-05 00:00:00,2024-10-21 00:00:00,accepted,1
15973,1750,2362,2026-01-09 00:00:00,2026-01-20 00:00:00,accepted,1
15974,1393,2362,2025-09-27 00:00:00,2025-10-15 00:00:00,accepted,1
15975,2344,2362,2024-12-01 00:00:00,,pending,1
15976,2616,2362,2025-10-19 00:00:00,2025-11-05 00:00:00,accepted,1
15977,779,4959,2025-04-04 00:00:00,,pending,1
15978,747,4959,2025-07-14 00:00:00,2025-07-17 00:00:00,accepted,1
15979,625,4959,2025-07-06 00:00:00,2025-07-08 00:00:00,accepted,1
15980,3014,1590,2025-07-15 00:00:00,2025-07-16 00:00:00,accepted,1
15981,1513,1590,2024-05-27 00:00:00,2024-05-28 00:00:00,accepted,1
15982,2625,2505,2025-12-08 00:00:00,2025-12-26 00:00:00,rejected,1
15983,2272,2505,2025-07-18 00:00:00,,pending,1
15984,2264,1836,2025-09-22 00:00:00,,pending,1
15985,2806,1836,2024-09-07 00:00:00,2024-09-08 00:00:00,accepted,1
15986,593,1836,2025-11-07 00:00:00,2025-11-17 00:00:00,accepted,1
15987,2809,1836,2025-07-18 00:00:00,2025-08-02 00:00:00,accepted,1
15988,2131,3486,2025-11-29 00:00:00,2025-12-01 00:00:00,accepted,1
15989,1324,3486,2025-06-09 00:00:00,,pending,1
15990,322,2658,2024-08-16 00:00:00,2024-09-04 00:00:00,accepted,1
15992,2535,2658,2024-12-30 00:00:00,2025-01-17 00:00:00,accepted,1
15993,2017,2658,2025-09-08 00:00:00,,pending,1
15994,842,1901,2025-05-16 00:00:00,2025-05-29 00:00:00,accepted,1
15995,2168,1901,2025-09-05 00:00:00,,pending,1
15996,475,1901,2024-08-20 00:00:00,2024-09-06 00:00:00,canceled,1
15997,718,4278,2025-12-03 00:00:00,2025-12-13 00:00:00,rejected,1
15998,1647,4278,2025-10-20 00:00:00,,pending,1
15999,143,4278,2025-10-13 00:00:00,2025-10-24 00:00:00,accepted,1
16000,2806,2664,2024-09-30 00:00:00,2024-10-01 00:00:00,accepted,1
16001,2808,2664,2025-05-22 00:00:00,2025-05-26 00:00:00,accepted,1
16002,2296,2664,2025-07-18 00:00:00,,pending,1
16003,2046,5146,2025-05-03 00:00:00,,pending,1
16004,719,5146,2025-08-02 00:00:00,,pending,1
16005,2291,5146,2025-05-23 00:00:00,,pending,1
16006,1923,5146,2025-07-16 00:00:00,2025-07-26 00:00:00,accepted,1
16007,2529,3041,2025-11-10 00:00:00,,pending,1
16008,710,3041,2025-09-30 00:00:00,2025-10-09 00:00:00,accepted,1
16009,466,2522,2025-12-10 00:00:00,2025-12-25 00:00:00,rejected,1
16010,1375,2522,2025-06-29 00:00:00,2025-07-17 00:00:00,accepted,1
16011,459,1954,2024-06-22 00:00:00,,alerted,0
16012,3048,1954,2025-11-03 00:00:00,2025-11-18 00:00:00,canceled,1
16013,924,5009,2025-08-24 00:00:00,,pending,1
16014,171,5009,2024-10-26 00:00:00,2024-11-07 00:00:00,accepted,1
16015,2627,5009,2025-09-24 00:00:00,,pending,1
16016,2518,1845,2025-11-12 00:00:00,2025-11-28 00:00:00,canceled,1
16017,1128,1845,2025-10-27 00:00:00,2025-11-01 00:00:00,canceled,1
16018,1817,3798,2025-10-22 00:00:00,,pending,1
16019,2488,3798,2026-01-03 00:00:00,2026-01-23 00:00:00,rejected,1
16020,2180,3798,2024-09-06 00:00:00,2024-09-25 00:00:00,accepted,1
16021,482,2973,2025-11-21 00:00:00,2025-12-02 00:00:00,accepted,1
16022,581,2973,2025-06-08 00:00:00,2025-06-14 00:00:00,rejected,1
16023,2051,2731,2025-03-12 00:00:00,,pending,1
16024,1732,2731,2025-09-24 00:00:00,2025-09-28 00:00:00,accepted,1
16025,2686,2731,2025-10-17 00:00:00,,pending,1
16026,342,3345,2025-01-08 00:00:00,2025-01-24 00:00:00,accepted,1
16027,2124,3345,2024-10-20 00:00:00,2024-10-30 00:00:00,accepted,1
16028,1377,3345,2024-04-28 00:00:00,2024-05-05 00:00:00,rejected,1
16029,1278,2425,2025-10-23 00:00:00,2025-10-30 00:00:00,accepted,1
16030,775,2425,2024-07-22 00:00:00,,pending,1
16031,1455,3886,2025-04-15 00:00:00,,pending,1
16032,2125,3886,2024-11-13 00:00:00,2024-11-27 00:00:00,accepted,1
16033,1455,2553,2025-05-22 00:00:00,2025-05-31 00:00:00,canceled,1
16034,2125,2553,2024-11-08 00:00:00,,pending,1
16035,2914,2018,2025-11-06 00:00:00,2025-11-25 00:00:00,accepted,1
16036,1042,2018,2025-11-04 00:00:00,2025-11-24 00:00:00,accepted,1
16037,2335,2018,2024-10-15 00:00:00,2024-10-16 00:00:00,rejected,1
16038,1662,4869,2024-07-04 00:00:00,2024-07-08 00:00:00,canceled,1
16039,956,4869,2025-06-08 00:00:00,,pending,1
16040,887,4869,2025-07-26 00:00:00,2025-08-06 00:00:00,accepted,1
16041,593,2821,2025-12-20 00:00:00,2025-12-30 00:00:00,accepted,1
16042,923,2821,2025-10-03 00:00:00,2025-10-05 00:00:00,accepted,1
16043,118,2821,2025-07-04 00:00:00,,pending,1
16044,56,4579,2025-11-21 00:00:00,2025-12-03 00:00:00,accepted,1
16045,1380,4579,2024-10-29 00:00:00,2024-11-14 00:00:00,canceled,1
16046,2186,4579,2024-06-29 00:00:00,2024-07-16 00:00:00,accepted,1
16048,268,3618,2025-03-20 00:00:00,,pending,1
16049,2198,3618,2025-09-24 00:00:00,2025-09-27 00:00:00,canceled,1
16050,2505,3618,2025-11-04 00:00:00,,pending,1
16051,2291,3618,2025-06-10 00:00:00,,pending,1
16052,248,2495,2025-07-13 00:00:00,,alerted,0
16053,993,2495,2025-09-12 00:00:00,2025-09-25 00:00:00,accepted,1
16054,2440,2495,2024-11-04 00:00:00,2024-11-10 00:00:00,canceled,1
16055,1576,2049,2025-04-20 00:00:00,,pending,1
16056,3064,2049,2025-09-06 00:00:00,2025-09-08 00:00:00,accepted,1
16057,1469,4338,2025-07-20 00:00:00,2025-08-01 00:00:00,accepted,1
16058,853,4338,2025-09-29 00:00:00,2025-10-07 00:00:00,accepted,1
16059,2640,5054,2025-05-20 00:00:00,2025-05-28 00:00:00,rejected,1
16060,364,5054,2025-10-02 00:00:00,,pending,1
16061,1830,5054,2025-10-06 00:00:00,2025-10-25 00:00:00,accepted,1
16062,2671,4157,2025-09-19 00:00:00,2025-09-29 00:00:00,accepted,1
16063,261,4157,2025-07-29 00:00:00,2025-08-14 00:00:00,accepted,1
16064,2092,3859,2025-10-10 00:00:00,,pending,1
16065,41,3859,2024-12-26 00:00:00,2025-01-04 00:00:00,accepted,1
16066,97,3859,2025-07-10 00:00:00,2025-07-24 00:00:00,canceled,1
16067,3170,3859,2025-04-05 00:00:00,,pending,1
16068,688,4015,2025-11-15 00:00:00,2025-12-01 00:00:00,accepted,1
16069,5,4015,2025-05-27 00:00:00,,alerted,0
16070,727,4015,2025-06-30 00:00:00,,alerted,0
16071,295,2674,2025-11-21 00:00:00,2025-11-25 00:00:00,rejected,1
16072,2936,2674,2025-08-23 00:00:00,2025-09-02 00:00:00,accepted,1
16073,680,2674,2025-03-26 00:00:00,,pending,1
16074,2211,2674,2025-04-12 00:00:00,,pending,1
16075,1279,5142,2025-11-20 00:00:00,2025-12-01 00:00:00,accepted,1
16076,2563,5142,2025-10-19 00:00:00,2025-10-30 00:00:00,canceled,1
16077,3193,5142,2025-06-24 00:00:00,2025-07-13 00:00:00,accepted,1
16078,542,5142,2025-09-12 00:00:00,2025-09-21 00:00:00,accepted,1
16079,612,5053,2025-07-30 00:00:00,2025-08-07 00:00:00,accepted,1
16080,1250,5053,2024-02-20 00:00:00,,pending,1
16081,1050,5053,2024-05-03 00:00:00,2024-05-07 00:00:00,accepted,1
16082,367,4022,2025-07-02 00:00:00,,pending,1
16083,2936,4022,2025-09-13 00:00:00,2025-09-28 00:00:00,accepted,1
16084,281,4022,2025-08-07 00:00:00,2025-08-11 00:00:00,accepted,1
16085,2569,1684,2025-10-22 00:00:00,,pending,1
16086,933,1684,2025-06-05 00:00:00,2025-06-18 00:00:00,accepted,1
16087,1662,1684,2024-07-01 00:00:00,,pending,1
16088,2296,4893,2025-07-26 00:00:00,,pending,1
16089,607,4893,2025-11-05 00:00:00,2025-11-14 00:00:00,canceled,1
16091,1408,5287,2025-10-21 00:00:00,2025-10-23 00:00:00,accepted,1
16092,1056,5287,2025-11-01 00:00:00,2025-11-19 00:00:00,canceled,1
16093,3103,4152,2025-07-26 00:00:00,,pending,1
16094,2387,4152,2025-08-03 00:00:00,2025-08-05 00:00:00,rejected,1
16095,238,4152,2025-04-27 00:00:00,2025-05-14 00:00:00,rejected,1
16096,2852,3232,2025-11-17 00:00:00,2025-11-27 00:00:00,accepted,1
16097,2084,3232,2025-10-18 00:00:00,,pending,1
16098,1909,3011,2024-11-14 00:00:00,2024-11-30 00:00:00,rejected,1
16099,247,3011,2024-12-04 00:00:00,2024-12-05 00:00:00,accepted,1
16100,2518,3011,2025-09-13 00:00:00,2025-09-25 00:00:00,accepted,1
16101,989,4078,2025-10-19 00:00:00,2025-10-28 00:00:00,canceled,1
16102,1677,4078,2024-07-26 00:00:00,2024-07-28 00:00:00,accepted,1
16103,645,4078,2025-04-03 00:00:00,,alerted,0
16104,2159,2569,2025-11-20 00:00:00,,alerted,0
16105,3018,2569,2025-09-10 00:00:00,2025-09-19 00:00:00,accepted,1
16106,427,5040,2024-11-04 00:00:00,2024-11-15 00:00:00,accepted,1
16107,2557,5040,2025-07-19 00:00:00,,pending,1
16108,233,5040,2025-10-29 00:00:00,2025-11-08 00:00:00,canceled,1
16109,759,1886,2025-08-10 00:00:00,2025-08-25 00:00:00,rejected,1
16110,3148,1886,2024-10-25 00:00:00,,pending,1
16111,557,1886,2025-07-02 00:00:00,2025-07-14 00:00:00,rejected,1
16112,2562,1886,2025-12-04 00:00:00,,pending,1
16113,101,1603,2025-09-19 00:00:00,2025-09-23 00:00:00,rejected,1
16114,2529,1603,2025-10-22 00:00:00,2025-11-10 00:00:00,canceled,1
16115,2878,1603,2025-12-26 00:00:00,2026-01-15 00:00:00,canceled,1
16116,1794,1603,2025-06-10 00:00:00,2025-06-24 00:00:00,accepted,1
16117,518,4997,2025-10-26 00:00:00,,alerted,0
16118,2328,4997,2025-08-28 00:00:00,,pending,1
16119,2253,4997,2025-09-30 00:00:00,,pending,1
16120,1414,4500,2025-10-28 00:00:00,,pending,1
16121,462,4500,2025-09-20 00:00:00,2025-10-10 00:00:00,accepted,1
16122,2996,4500,2025-05-18 00:00:00,,pending,1
16123,488,4500,2025-08-14 00:00:00,2025-08-20 00:00:00,rejected,1
16124,1455,3046,2025-04-14 00:00:00,,pending,1
16125,2847,3046,2025-10-12 00:00:00,2025-10-14 00:00:00,rejected,1
16126,2125,3046,2024-11-12 00:00:00,,pending,1
16127,2946,3046,2025-08-06 00:00:00,2025-08-17 00:00:00,accepted,1
16128,1408,4974,2025-10-28 00:00:00,,pending,1
16129,956,4974,2025-07-12 00:00:00,,pending,1
16130,197,4974,2025-08-11 00:00:00,2025-08-26 00:00:00,accepted,1
16131,977,4974,2025-08-06 00:00:00,2025-08-20 00:00:00,canceled,1
16132,401,4952,2025-12-03 00:00:00,2025-12-07 00:00:00,accepted,1
16133,1930,4952,2025-05-07 00:00:00,2025-05-20 00:00:00,accepted,1
16134,1185,4952,2024-11-11 00:00:00,2024-11-14 00:00:00,accepted,1
16135,2640,4772,2025-05-08 00:00:00,,pending,1
16136,2162,4772,2025-12-20 00:00:00,2025-12-22 00:00:00,accepted,1
16137,2440,4772,2024-11-04 00:00:00,2024-11-15 00:00:00,rejected,1
16138,2160,4772,2026-01-05 00:00:00,2026-01-11 00:00:00,accepted,1
16139,2791,1615,2025-02-25 00:00:00,2025-02-26 00:00:00,canceled,1
16140,2368,1615,2026-01-04 00:00:00,2026-01-13 00:00:00,accepted,1
16141,2607,1615,2025-08-04 00:00:00,,pending,1
16142,438,3944,2025-12-24 00:00:00,,pending,1
16143,1516,3944,2025-11-04 00:00:00,2025-11-12 00:00:00,rejected,1
16144,1105,3944,2025-11-07 00:00:00,2025-11-21 00:00:00,rejected,1
16145,3152,4957,2025-10-04 00:00:00,2025-10-21 00:00:00,canceled,1
16146,879,4957,2025-05-26 00:00:00,,alerted,0
16147,781,4957,2025-10-12 00:00:00,,pending,1
16148,3053,2506,2025-10-01 00:00:00,,pending,1
16149,729,2506,2025-08-06 00:00:00,,pending,1
16150,2052,2506,2025-05-21 00:00:00,,pending,1
16151,769,2922,2025-12-06 00:00:00,2025-12-11 00:00:00,accepted,1
16152,768,2922,2025-09-24 00:00:00,2025-09-25 00:00:00,accepted,1
16153,2226,2922,2025-09-11 00:00:00,2025-09-12 00:00:00,accepted,1
16154,5,2615,2025-04-05 00:00:00,,alerted,0
16156,727,2615,2025-07-11 00:00:00,,alerted,0
16157,67,2615,2025-09-21 00:00:00,2025-10-11 00:00:00,accepted,1
16158,904,3493,2025-08-18 00:00:00,2025-08-29 00:00:00,accepted,1
16159,2433,3493,2025-05-13 00:00:00,,pending,1
16160,421,3493,2025-11-12 00:00:00,,pending,1
16161,530,3493,2025-10-08 00:00:00,,alerted,0
16163,1633,3877,2025-07-07 00:00:00,2025-07-18 00:00:00,canceled,1
16164,133,3877,2024-08-30 00:00:00,,pending,1
16165,252,3877,2025-07-21 00:00:00,2025-08-02 00:00:00,canceled,1
16166,1469,2807,2025-08-17 00:00:00,,pending,1
16167,2593,2807,2025-08-15 00:00:00,2025-08-21 00:00:00,accepted,1
16168,2723,1985,2025-03-17 00:00:00,2025-03-25 00:00:00,rejected,1
16169,309,1985,2025-12-23 00:00:00,2026-01-02 00:00:00,canceled,1
16170,2235,1985,2025-11-06 00:00:00,,pending,1
16171,933,4588,2025-08-30 00:00:00,2025-09-02 00:00:00,rejected,1
16172,2291,4588,2025-06-16 00:00:00,,pending,1
16173,1923,4681,2025-08-08 00:00:00,2025-08-12 00:00:00,accepted,1
16174,2046,4681,2025-05-13 00:00:00,,pending,1
16175,719,4681,2025-08-03 00:00:00,2025-08-14 00:00:00,rejected,1
16176,2808,3463,2025-06-06 00:00:00,2025-06-13 00:00:00,accepted,1
16177,806,3463,2025-08-19 00:00:00,,pending,1
16178,2736,2174,2025-10-31 00:00:00,,pending,1
16179,1985,2174,2025-11-01 00:00:00,2025-11-09 00:00:00,accepted,1
16180,2868,2174,2025-02-07 00:00:00,,pending,1
16181,2052,5128,2025-03-12 00:00:00,2025-03-20 00:00:00,accepted,1
16182,1764,5128,2025-02-16 00:00:00,2025-02-25 00:00:00,accepted,1
16184,2972,1966,2025-09-19 00:00:00,2025-09-22 00:00:00,canceled,1
16185,1536,1966,2025-06-26 00:00:00,2025-07-12 00:00:00,rejected,1
16186,308,1966,2025-12-27 00:00:00,2026-01-04 00:00:00,accepted,1
16187,406,2920,2025-07-15 00:00:00,,pending,1
16188,2205,2920,2024-11-02 00:00:00,,pending,1
16189,975,2920,2025-04-20 00:00:00,2025-04-22 00:00:00,accepted,1
16190,3071,2920,2024-09-09 00:00:00,2024-09-20 00:00:00,rejected,1
16191,2399,4854,2025-11-27 00:00:00,2025-12-05 00:00:00,rejected,1
16192,1231,4854,2025-01-04 00:00:00,2025-01-12 00:00:00,accepted,1
16193,2563,4854,2025-11-25 00:00:00,2025-12-13 00:00:00,rejected,1
16194,3018,4854,2025-08-10 00:00:00,2025-08-19 00:00:00,rejected,1
16195,730,1541,2024-05-17 00:00:00,2024-05-22 00:00:00,accepted,1
16196,1189,1541,2025-05-26 00:00:00,,pending,1
16197,459,1541,2024-06-22 00:00:00,,alerted,0
16198,1185,1541,2024-09-13 00:00:00,,pending,1
16199,1377,4121,2024-04-05 00:00:00,,pending,1
16200,2671,4121,2025-09-07 00:00:00,2025-09-22 00:00:00,canceled,1
16201,573,4121,2025-03-10 00:00:00,2025-03-25 00:00:00,accepted,1
16202,1555,4121,2025-07-13 00:00:00,2025-07-25 00:00:00,canceled,1
16203,1830,2685,2025-10-03 00:00:00,2025-10-22 00:00:00,accepted,1
16204,2563,2685,2025-11-11 00:00:00,2025-11-14 00:00:00,accepted,1
16205,2652,2685,2025-10-20 00:00:00,2025-10-23 00:00:00,accepted,1
16206,877,2685,2024-12-09 00:00:00,,pending,1
16207,2529,2843,2025-10-16 00:00:00,2025-10-17 00:00:00,rejected,1
16208,101,2843,2025-09-11 00:00:00,2025-09-29 00:00:00,rejected,1
16209,3061,5399,2025-06-16 00:00:00,2025-06-17 00:00:00,accepted,1
16210,581,5399,2025-06-10 00:00:00,2025-06-19 00:00:00,accepted,1
16211,2535,5399,2025-03-22 00:00:00,,pending,1
16212,2375,5399,2025-03-07 00:00:00,2025-03-25 00:00:00,accepted,1
16213,825,3654,2025-12-02 00:00:00,2025-12-16 00:00:00,accepted,1
16214,1975,3654,2025-10-10 00:00:00,,pending,1
16216,2793,2865,2025-09-25 00:00:00,2025-10-04 00:00:00,rejected,1
16217,2433,2865,2025-05-11 00:00:00,,pending,1
16218,2254,2865,2025-08-03 00:00:00,2025-08-05 00:00:00,accepted,1
16219,1752,2624,2025-06-02 00:00:00,,pending,1
16220,1197,2624,2025-09-04 00:00:00,2025-09-23 00:00:00,canceled,1
16221,197,1617,2025-07-13 00:00:00,,pending,1
16222,2914,1617,2025-10-27 00:00:00,2025-11-07 00:00:00,accepted,1
16223,956,1617,2025-06-03 00:00:00,,pending,1
16224,228,2280,2025-04-29 00:00:00,,pending,1
16225,79,2280,2025-07-14 00:00:00,,pending,1
16226,140,2486,2024-05-12 00:00:00,2024-05-28 00:00:00,accepted,1
16227,2330,2486,2025-02-22 00:00:00,,pending,1
16228,1100,5108,2025-12-29 00:00:00,2026-01-12 00:00:00,accepted,1
16229,1243,5108,2025-06-28 00:00:00,2025-07-17 00:00:00,accepted,1
16230,2420,5108,2024-04-22 00:00:00,2024-05-01 00:00:00,accepted,1
16231,1424,5108,2024-12-15 00:00:00,,pending,1
16232,405,5459,2025-07-24 00:00:00,2025-08-03 00:00:00,accepted,1
16233,2173,5459,2025-12-12 00:00:00,2025-12-22 00:00:00,accepted,1
16234,1469,5459,2025-08-08 00:00:00,2025-08-19 00:00:00,accepted,1
16235,985,5228,2025-08-09 00:00:00,2025-08-19 00:00:00,accepted,1
16236,877,5228,2024-11-18 00:00:00,,pending,1
16238,2996,3116,2025-05-30 00:00:00,2025-06-14 00:00:00,canceled,1
16239,831,3116,2025-08-19 00:00:00,2025-08-26 00:00:00,rejected,1
16240,84,3116,2024-12-26 00:00:00,2025-01-11 00:00:00,accepted,1
16241,2542,2483,2024-08-26 00:00:00,2024-09-04 00:00:00,accepted,1
16242,2505,2483,2025-10-20 00:00:00,,pending,1
16243,2285,2483,2025-07-30 00:00:00,2025-08-15 00:00:00,accepted,1
16244,2159,3175,2025-12-24 00:00:00,,alerted,0
16245,3048,3175,2025-12-26 00:00:00,,pending,1
16246,197,4185,2025-09-05 00:00:00,2025-09-16 00:00:00,accepted,1
16247,2833,4185,2025-05-02 00:00:00,2025-05-10 00:00:00,accepted,1
16248,2551,2839,2025-06-19 00:00:00,,pending,1
16249,769,2839,2025-11-29 00:00:00,2025-12-07 00:00:00,rejected,1
16250,2497,2839,2024-11-15 00:00:00,2024-11-16 00:00:00,canceled,1
16251,1882,2839,2025-02-21 00:00:00,,pending,1
16252,1766,3797,2025-09-28 00:00:00,,pending,1
16253,3168,3797,2025-11-24 00:00:00,2025-12-09 00:00:00,accepted,1
16254,861,3797,2025-03-13 00:00:00,2025-03-21 00:00:00,accepted,1
16255,3007,1659,2025-10-22 00:00:00,,pending,1
16256,748,1659,2025-07-08 00:00:00,,pending,1
16257,2147,1850,2024-09-25 00:00:00,,pending,1
16258,887,1850,2025-08-28 00:00:00,2025-09-11 00:00:00,canceled,1
16259,2914,1850,2025-09-20 00:00:00,2025-09-26 00:00:00,accepted,1
16260,717,1850,2025-11-15 00:00:00,,pending,1
16261,2264,3825,2025-10-20 00:00:00,2025-11-02 00:00:00,accepted,1
16262,1207,3825,2024-12-19 00:00:00,2025-01-06 00:00:00,accepted,1
16263,3173,5401,2025-08-17 00:00:00,2025-08-24 00:00:00,rejected,1
16264,577,5401,2025-04-09 00:00:00,,pending,1
16265,248,5401,2025-06-07 00:00:00,,alerted,0
16266,247,5401,2025-01-04 00:00:00,2025-01-19 00:00:00,rejected,1
16267,3008,2288,2025-11-13 00:00:00,2025-11-26 00:00:00,rejected,1
16268,2718,2288,2025-12-26 00:00:00,2025-12-30 00:00:00,accepted,1
16269,3152,2288,2025-08-01 00:00:00,2025-08-19 00:00:00,accepted,1
16270,1308,2288,2025-10-13 00:00:00,2025-10-25 00:00:00,accepted,1
16271,952,4875,2024-11-13 00:00:00,2024-11-26 00:00:00,accepted,1
16272,2553,4875,2025-08-30 00:00:00,2025-09-08 00:00:00,accepted,1
16273,471,4875,2025-04-15 00:00:00,,pending,1
16274,2237,3563,2025-10-16 00:00:00,,pending,1
16275,1978,3563,2025-06-02 00:00:00,,pending,1
16276,2385,3563,2025-02-23 00:00:00,2025-03-14 00:00:00,accepted,1
16277,2366,4815,2025-11-06 00:00:00,,pending,1
16278,2202,4815,2025-08-30 00:00:00,2025-09-09 00:00:00,canceled,1
16279,118,4815,2025-07-18 00:00:00,2025-08-04 00:00:00,accepted,1
16280,2806,4815,2024-08-12 00:00:00,2024-08-31 00:00:00,accepted,1
16281,2503,1670,2025-11-09 00:00:00,2025-11-29 00:00:00,rejected,1
16282,2914,1670,2025-09-27 00:00:00,2025-10-11 00:00:00,canceled,1
16283,2862,1670,2025-10-15 00:00:00,2025-10-18 00:00:00,accepted,1
16284,35,4919,2025-10-28 00:00:00,2025-11-01 00:00:00,accepted,1
16285,84,4919,2024-12-19 00:00:00,2025-01-07 00:00:00,accepted,1
16286,462,4919,2025-06-29 00:00:00,2025-07-19 00:00:00,canceled,1
16287,101,3145,2025-09-07 00:00:00,,pending,1
16288,627,3145,2025-11-06 00:00:00,2025-11-20 00:00:00,accepted,1
16289,2278,3145,2025-07-17 00:00:00,2025-07-25 00:00:00,accepted,1
16290,3016,1847,2025-08-09 00:00:00,,pending,1
16291,1570,1847,2025-08-15 00:00:00,2025-08-20 00:00:00,rejected,1
16292,338,1847,2025-10-18 00:00:00,2025-10-26 00:00:00,accepted,1
16293,2244,2385,2025-08-22 00:00:00,2025-08-23 00:00:00,accepted,1
16294,3190,2385,2025-09-14 00:00:00,2025-09-18 00:00:00,rejected,1
16295,347,2385,2024-10-27 00:00:00,,alerted,0
16296,438,2385,2026-01-07 00:00:00,2026-01-10 00:00:00,canceled,1
16297,43,4929,2025-11-01 00:00:00,,pending,1
16298,2946,4929,2025-08-31 00:00:00,2025-09-19 00:00:00,accepted,1
16299,2125,4929,2024-12-05 00:00:00,2024-12-19 00:00:00,accepted,1
16300,1455,4929,2025-05-05 00:00:00,,pending,1
16301,470,4885,2025-04-16 00:00:00,,pending,1
16302,473,4885,2025-08-28 00:00:00,2025-09-08 00:00:00,canceled,1
16303,1464,4885,2025-12-21 00:00:00,2026-01-01 00:00:00,accepted,1
16304,611,3129,2025-07-03 00:00:00,2025-07-09 00:00:00,accepted,1
16305,12,3129,2025-07-10 00:00:00,2025-07-11 00:00:00,rejected,1
16306,1566,5221,2025-10-14 00:00:00,2025-10-20 00:00:00,accepted,1
16307,2868,5221,2025-01-14 00:00:00,,pending,1
16308,72,2301,2025-07-22 00:00:00,2025-07-23 00:00:00,accepted,1
16309,768,2301,2025-10-12 00:00:00,,pending,1
16310,1879,2301,2024-09-18 00:00:00,2024-09-29 00:00:00,accepted,1
16311,161,4326,2025-10-28 00:00:00,2025-11-14 00:00:00,accepted,1
16312,2325,4326,2025-04-01 00:00:00,2025-04-11 00:00:00,accepted,1
16313,1556,4326,2025-11-25 00:00:00,2025-12-10 00:00:00,accepted,1
16314,678,1666,2025-12-19 00:00:00,2025-12-20 00:00:00,rejected,1
16315,1389,1666,2025-10-06 00:00:00,2025-10-16 00:00:00,rejected,1
16318,682,1884,2025-07-14 00:00:00,2025-07-17 00:00:00,accepted,1
16319,3086,1884,2025-07-30 00:00:00,,alerted,0
16320,1042,3460,2025-11-14 00:00:00,2025-12-01 00:00:00,accepted,1
16321,2537,3460,2025-04-09 00:00:00,2025-04-24 00:00:00,rejected,1
16322,2942,3460,2025-11-25 00:00:00,2025-12-08 00:00:00,rejected,1
16323,405,2499,2025-06-30 00:00:00,2025-07-12 00:00:00,accepted,1
16324,1576,2499,2025-05-25 00:00:00,2025-06-13 00:00:00,canceled,1
16325,1712,2273,2024-06-24 00:00:00,2024-06-25 00:00:00,accepted,1
16326,834,2273,2025-08-17 00:00:00,2025-09-05 00:00:00,canceled,1
16327,872,3937,2026-01-02 00:00:00,2026-01-04 00:00:00,accepted,1
16328,502,3937,2025-12-04 00:00:00,,pending,1
16329,1088,3937,2025-10-12 00:00:00,2025-10-27 00:00:00,accepted,1
16330,3060,4635,2025-10-21 00:00:00,2025-10-22 00:00:00,accepted,1
16331,43,4635,2025-09-08 00:00:00,2025-09-18 00:00:00,rejected,1
16332,3120,4635,2025-07-27 00:00:00,2025-07-31 00:00:00,rejected,1
16333,2046,5496,2025-04-27 00:00:00,2025-05-10 00:00:00,accepted,1
16334,3088,5496,2025-06-24 00:00:00,,pending,1
16335,2296,3860,2025-07-06 00:00:00,2025-07-20 00:00:00,rejected,1
16336,2566,3860,2025-09-02 00:00:00,2025-09-07 00:00:00,accepted,1
16338,1373,3860,2025-08-15 00:00:00,2025-08-22 00:00:00,accepted,1
16339,2488,2408,2025-12-11 00:00:00,2025-12-21 00:00:00,rejected,1
16340,2711,2408,2025-12-11 00:00:00,2025-12-12 00:00:00,accepted,1
16341,2671,5087,2025-09-23 00:00:00,2025-10-03 00:00:00,accepted,1
16342,1375,5087,2025-04-27 00:00:00,2025-05-12 00:00:00,accepted,1
16343,775,5087,2024-09-04 00:00:00,,pending,1
16344,1250,5087,2024-05-10 00:00:00,2024-05-27 00:00:00,accepted,1
16345,197,2530,2025-07-27 00:00:00,2025-08-10 00:00:00,rejected,1
16346,887,2530,2025-09-08 00:00:00,2025-09-15 00:00:00,accepted,1
16347,2768,2530,2025-11-11 00:00:00,2025-11-18 00:00:00,rejected,1
16348,2148,2530,2024-11-07 00:00:00,2024-11-09 00:00:00,canceled,1
16349,834,5227,2025-08-21 00:00:00,2025-09-08 00:00:00,accepted,1
16350,930,5227,2025-10-29 00:00:00,2025-11-17 00:00:00,accepted,1
16351,1832,5227,2024-05-26 00:00:00,,pending,1
16352,462,4052,2025-08-16 00:00:00,2025-08-23 00:00:00,accepted,1
16353,454,4052,2025-10-29 00:00:00,2025-11-13 00:00:00,accepted,1
16354,84,4052,2024-10-27 00:00:00,2024-11-14 00:00:00,canceled,1
16356,2878,4600,2025-10-29 00:00:00,,pending,1
16357,1794,4600,2025-07-30 00:00:00,,pending,1
16358,10,3239,2024-12-21 00:00:00,2024-12-23 00:00:00,rejected,1
16359,2749,3239,2024-04-23 00:00:00,2024-05-10 00:00:00,rejected,1
16360,710,3239,2025-08-06 00:00:00,,pending,1
16361,101,3239,2025-08-29 00:00:00,2025-09-14 00:00:00,accepted,1
16362,140,1664,2024-04-28 00:00:00,2024-05-18 00:00:00,accepted,1
16363,842,1664,2025-05-16 00:00:00,,pending,1
16364,2868,1664,2024-12-18 00:00:00,2024-12-30 00:00:00,accepted,1
16365,153,1664,2025-11-13 00:00:00,2025-11-21 00:00:00,rejected,1
16366,1417,4492,2025-12-03 00:00:00,2025-12-09 00:00:00,accepted,1
16367,459,4492,2024-06-12 00:00:00,,alerted,0
16368,2329,4492,2025-08-19 00:00:00,2025-08-24 00:00:00,canceled,1
16369,154,4558,2025-08-02 00:00:00,2025-08-20 00:00:00,rejected,1
16370,1397,4558,2025-12-19 00:00:00,,pending,1
16371,1197,5364,2025-08-19 00:00:00,,pending,1
16372,1495,5364,2025-10-22 00:00:00,2025-10-26 00:00:00,accepted,1
16373,3120,3878,2025-08-13 00:00:00,,pending,1
16374,5,3878,2025-04-11 00:00:00,,alerted,0
16375,4,3878,2025-04-15 00:00:00,,alerted,0
16376,1079,3473,2024-10-04 00:00:00,2024-10-07 00:00:00,rejected,1
16377,678,3473,2026-01-11 00:00:00,2026-01-28 00:00:00,rejected,1
16378,924,1767,2025-10-14 00:00:00,2025-10-15 00:00:00,canceled,1
16379,2553,1767,2025-08-24 00:00:00,,pending,1
16380,2094,1767,2025-12-15 00:00:00,2025-12-30 00:00:00,rejected,1
16381,832,3203,2025-11-07 00:00:00,2025-11-08 00:00:00,accepted,1
16382,1039,3203,2025-11-18 00:00:00,2025-12-08 00:00:00,canceled,1
16383,1696,3203,2025-09-05 00:00:00,2025-09-23 00:00:00,accepted,1
16384,1820,3203,2025-01-06 00:00:00,,pending,1
16385,3018,5211,2025-10-10 00:00:00,,pending,1
16386,1840,5211,2024-04-13 00:00:00,,pending,1
16387,2652,5211,2025-09-16 00:00:00,2025-09-19 00:00:00,accepted,1
16388,289,5211,2025-05-21 00:00:00,2025-06-01 00:00:00,accepted,1
16389,3039,3786,2025-09-09 00:00:00,,pending,1
16390,795,3786,2024-04-26 00:00:00,2024-04-27 00:00:00,rejected,1
16391,2798,2108,2024-10-10 00:00:00,2024-10-19 00:00:00,accepted,1
16392,967,2108,2025-03-18 00:00:00,,alerted,0
16393,2200,2108,2025-04-06 00:00:00,2025-04-10 00:00:00,accepted,1
16394,2714,2570,2025-04-21 00:00:00,2025-05-11 00:00:00,canceled,1
16395,1355,2570,2025-11-19 00:00:00,2025-11-27 00:00:00,accepted,1
16396,43,3147,2025-11-22 00:00:00,,pending,1
16397,2946,3147,2025-09-23 00:00:00,,pending,1
16398,2809,4222,2025-08-21 00:00:00,2025-08-25 00:00:00,canceled,1
16399,1546,4222,2025-06-09 00:00:00,2025-06-19 00:00:00,rejected,1
16400,530,4775,2025-11-05 00:00:00,,alerted,0
16401,2344,4775,2024-12-03 00:00:00,2024-12-04 00:00:00,accepted,1
16402,1414,4775,2025-11-01 00:00:00,2025-11-07 00:00:00,rejected,1
16403,2616,4775,2025-10-19 00:00:00,,pending,1
16404,2236,3686,2025-10-15 00:00:00,2025-10-17 00:00:00,accepted,1
16406,698,3686,2025-05-23 00:00:00,2025-06-11 00:00:00,accepted,1
16407,832,3787,2025-09-23 00:00:00,,pending,1
16408,1375,3787,2025-05-28 00:00:00,2025-06-13 00:00:00,rejected,1
16409,1250,3787,2024-05-09 00:00:00,2024-05-11 00:00:00,accepted,1
16410,3088,2488,2025-06-21 00:00:00,,pending,1
16411,2046,2488,2025-03-09 00:00:00,2025-03-29 00:00:00,rejected,1
16412,1923,2488,2025-06-02 00:00:00,,pending,1
16413,2535,2168,2025-02-27 00:00:00,2025-03-11 00:00:00,accepted,1
16414,1469,2168,2025-07-11 00:00:00,2025-07-21 00:00:00,accepted,1
16415,158,2168,2025-04-21 00:00:00,,pending,1
16416,2375,2168,2025-03-18 00:00:00,2025-03-19 00:00:00,canceled,1
16417,2833,3076,2025-06-30 00:00:00,2025-07-11 00:00:00,accepted,1
16418,197,3076,2025-07-29 00:00:00,2025-08-15 00:00:00,rejected,1
16419,2168,3747,2025-09-06 00:00:00,2025-09-14 00:00:00,accepted,1
16420,427,3747,2024-11-02 00:00:00,2024-11-06 00:00:00,accepted,1
16421,333,3747,2025-06-17 00:00:00,,pending,1
16422,1861,3747,2025-08-27 00:00:00,,pending,1
16423,2843,5099,2025-05-06 00:00:00,,pending,1
16424,3039,5099,2025-07-14 00:00:00,,pending,1
16425,2926,5099,2025-08-19 00:00:00,2025-08-21 00:00:00,accepted,1
16426,1563,5099,2025-08-11 00:00:00,2025-08-24 00:00:00,accepted,1
16427,1328,4197,2025-10-11 00:00:00,2025-10-28 00:00:00,accepted,1
16428,2943,4197,2024-11-05 00:00:00,,pending,1
16429,1514,4197,2025-08-21 00:00:00,,pending,1
16430,1429,4197,2025-12-30 00:00:00,2025-12-31 00:00:00,accepted,1
16431,2386,2682,2025-09-19 00:00:00,2025-09-22 00:00:00,accepted,1
16432,2299,2682,2025-11-16 00:00:00,2025-11-22 00:00:00,canceled,1
16434,471,2682,2025-04-16 00:00:00,2025-04-26 00:00:00,rejected,1
16435,3008,4850,2025-11-16 00:00:00,2025-12-02 00:00:00,canceled,1
16436,1,4850,2025-10-03 00:00:00,2025-10-20 00:00:00,canceled,1
16437,308,4850,2025-10-27 00:00:00,2025-10-28 00:00:00,accepted,1
16438,2749,4850,2024-05-10 00:00:00,2024-05-16 00:00:00,accepted,1
16439,2241,3349,2025-04-30 00:00:00,,pending,1
16440,72,3349,2025-06-14 00:00:00,,pending,1
16441,2679,3349,2025-10-07 00:00:00,2025-10-17 00:00:00,rejected,1
16442,1741,5371,2025-11-04 00:00:00,2025-11-10 00:00:00,accepted,1
16443,431,5371,2025-01-10 00:00:00,2025-01-29 00:00:00,canceled,1
16444,2993,5371,2024-01-23 00:00:00,2024-01-27 00:00:00,accepted,1
16445,1034,4477,2025-11-13 00:00:00,,alerted,0
16446,3157,4477,2025-06-05 00:00:00,,pending,1
16447,1485,2983,2025-11-18 00:00:00,,pending,1
16448,817,2983,2025-05-20 00:00:00,2025-05-22 00:00:00,accepted,1
16449,140,1512,2024-05-22 00:00:00,2024-06-11 00:00:00,accepted,1
16450,1408,1512,2025-11-26 00:00:00,,pending,1
16451,718,1512,2025-09-12 00:00:00,2025-09-13 00:00:00,canceled,1
16452,943,1512,2025-12-25 00:00:00,2026-01-03 00:00:00,accepted,1
16466,417,1636,2025-08-29 00:00:00,,alerted,0
16467,996,1616,2025-01-18 00:00:00,2025-02-01 00:00:00,alerted,0
16471,3090,3873,2025-09-14 00:00:00,2025-09-18 00:00:00,alerted,0
16477,2839,4805,2024-10-22 00:00:00,,alerted,0
16485,2129,4917,2025-10-01 00:00:00,2025-10-11 00:00:00,alerted,0
16522,333,4482,2025-06-02 00:00:00,2025-06-05 00:00:00,alerted,0
16532,1003,2354,2024-04-05 00:00:00,,alerted,0
16537,855,3167,2025-05-13 00:00:00,2025-05-14 00:00:00,alerted,0
16543,278,3478,2025-01-20 00:00:00,2025-02-02 00:00:00,alerted,0
16548,2316,2860,2025-09-25 00:00:00,2025-09-30 00:00:00,alerted,0
16551,1324,3486,2025-05-16 00:00:00,,pending,1
16565,1063,2835,2024-10-15 00:00:00,,alerted,0
16582,1645,3633,2024-11-20 00:00:00,,pending,1
16590,2772,3249,2025-11-19 00:00:00,,pending,1
16631,1483,5100,2025-02-02 00:00:00,2025-02-12 00:00:00,alerted,0
16653,62,4238,2025-07-25 00:00:00,,pending,1
16660,2668,4091,2025-06-24 00:00:00,2025-07-07 00:00:00,alerted,0
16666,1073,5037,2025-07-04 00:00:00,2025-07-14 00:00:00,alerted,0
16668,2651,4498,2025-10-30 00:00:00,,alerted,0
16670,992,2452,2025-08-18 00:00:00,,alerted,0
16699,1740,2790,2025-10-13 00:00:00,2025-10-24 00:00:00,alerted,0
16721,398,4177,2025-05-03 00:00:00,2025-05-11 00:00:00,alerted,0
16728,3091,5076,2024-12-31 00:00:00,2025-01-02 00:00:00,alerted,0
16733,2421,3429,2024-03-13 00:00:00,2024-03-14 00:00:00,alerted,0
16738,2944,1810,2025-05-25 00:00:00,,pending,1
16750,556,3314,2025-08-01 00:00:00,2025-08-09 00:00:00,alerted,0
16758,2191,3946,2025-10-01 00:00:00,2025-10-04 00:00:00,alerted,0
16767,1772,2622,2025-10-18 00:00:00,,alerted,0
16779,1959,2218,2024-12-29 00:00:00,,alerted,0
16786,50,5495,2025-05-17 00:00:00,2025-05-20 00:00:00,alerted,0
16787,2853,4346,2025-10-31 21:25:00,2025-11-12 21:25:00,accepted,1
16788,2921,1991,2025-09-19 00:00:00,2025-09-29 00:00:00,accepted,1
