mentor_id,technology_id
1,33
1,31
1,32
1,29
1,42
1,37
1,40
2,65
2,70
2,72
2,73
2,75
2,103
2,98
3,14
3,13
3,18
3,25
3,24
3,23
3,22
3,27
3,42
3,38
3,36
3,43
3,39
4,73
4,72
4,74
4,71
4,75
4,85
4,87
5,110
5,111
5,114
5,113
5,112
5,127
5,126
5,124
5,125
6,121
6,123
6,122
6,126
6,127
6,125
7,1
7,8
7,2
7,33
7,32
7,31
7,34
7,48
7,55
8,66
8,65
8,67
8,69
8,80
8,76
8,79
9,11
9,20
9,12
9,31
9,30
9,44
9,47
10,23
10,24
10,25
10,26
10,28
10,31
10,33
10,32
10,29
10,49
10,48
10,54
10,53
10,50
11,13
11,20
11,10
11,17
11,12
11,31
11,32
11,30
11,36
11,42
11,44
11,46
12,67
12,66
12,69
12,86
12,81
12,89
12,94
12,91
13,72
13,73
13,75
13,74
13,76
13,80
13,77
13,96
13,97
13,100
14,1
14,3
14,5
14,4
14,36
14,38
14,45
15,38
15,44
15,42
15,43
15,48
15,49
15,53
16,8
16,5
16,1
16,4
16,23
16,24
16,25
16,27
16,56
16,51
17,109
17,106
17,105
17,117
17,116
17,118
17,127
17,126
17,125
18,76
18,80
18,77
18,95
18,94
18,93
18,103
18,97
18,96
18,101
18,99
19,23
19,28
19,33
19,35
19,37
19,38
19,44
19,47
19,41
20,106
20,104
20,108
20,123
20,121
20,120
21,65
21,70
21,86
21,84
21,85
21,81
21,95
21,89
21,91
22,25
22,24
22,23
22,27
22,42
22,37
22,36
22,43
22,41
23,106
23,109
23,104
23,108
23,123
23,120
24,80
24,79
24,96
24,103
24,97
24,99
25,5
25,1
25,8
25,4
25,38
25,42
25,44
25,43
25,56
25,50
26,136
26,138
26,135
26,139
26,149
26,146
26,148
26,147
26,154
26,151
26,152
26,153
26,150
27,136
27,135
27,140
27,141
27,142
27,143
27,145
27,154
27,153
28,66
28,68
28,97
28,103
28,99
29,10
29,18
29,31
29,33
29,32
29,34
29,30
30,128
30,134
30,130
30,138
30,136
30,135
30,139
30,142
30,141
30,144
30,143
30,145
31,14
31,19
31,24
31,25
31,22
31,48
31,56
31,49
31,52
32,131
32,134
32,129
32,136
32,135
32,137
32,141
32,142
32,143
32,145
32,144
33,134
33,128
33,131
33,129
33,132
33,154
33,151
33,153
33,150
33,152
34,72
34,71
34,89
34,91
34,97
34,96
34,98
35,23
35,27
35,32
35,33
35,29
36,141
36,142
36,144
36,145
36,146
36,149
36,147
36,154
36,151
36,150
36,152
37,20
37,11
37,15
37,44
37,38
37,36
37,47
38,1
38,8
38,2
38,24
38,25
38,28
38,31
38,33
38,30
39,59
39,60
39,57
39,61
39,58
39,67
39,65
39,66
39,68
39,69
40,67
40,65
40,69
40,84
40,85
40,82
40,97
40,103
40,96
40,100
40,102
41,104
41,109
41,106
41,108
41,110
41,111
41,115
41,123
41,121
41,120
42,3
42,7
42,23
42,25
42,22
42,54
42,56
42,49
42,50
43,3
43,5
43,1
43,4
43,11
43,14
43,12
43,33
43,32
43,31
43,34
44,80
44,76
44,77
44,86
44,84
44,88
44,94
44,91
45,73
45,72
45,75
45,76
45,80
45,77
45,79
45,78
45,97
45,96
45,103
45,98
46,138
46,136
46,137
46,141
46,142
46,145
46,144
46,143
46,146
46,149
46,148
47,106
47,104
47,109
47,105
47,107
47,117
47,116
47,119
47,127
47,126
47,124
48,1
48,2
48,25
48,23
48,27
48,44
48,36
48,45
49,73
49,72
49,75
49,94
49,89
49,95
49,91
49,93
49,96
49,103
49,97
49,101
50,104
50,108
50,116
50,117
50,119
51,23
51,24
51,22
51,49
51,51
52,3
52,7
52,13
52,14
52,10
52,15
52,12
52,44
52,37
52,38
52,39
53,11
53,19
53,23
53,27
53,37
53,41
54,14
54,20
54,10
54,19
54,32
54,33
54,35
54,56
54,48
54,49
54,50
55,8
55,5
55,4
55,33
55,31
55,32
55,34
55,36
55,37
55,44
55,41
56,10
56,13
56,19
56,42
56,36
56,46
57,10
57,13
57,15
57,25
57,23
57,24
57,27
57,28
57,33
57,31
57,32
57,34
58,109
58,106
58,107
58,117
58,116
58,118
58,119
59,60
59,57
59,59
59,61
59,64
59,67
59,69
59,86
59,81
60,24
60,27
60,32
60,33
60,34
60,36
60,42
60,47
61,3
61,8
61,1
61,7
61,33
61,31
61,35
62,13
62,10
62,16
62,24
62,25
62,26
62,31
62,33
62,35
63,73
63,71
63,103
63,97
63,101
64,60
64,57
64,62
64,67
64,68
65,104
65,105
65,126
65,127
65,124
66,33
66,31
66,34
66,38
66,37
66,44
66,43
66,47
66,49
66,55
67,72
67,73
67,71
67,75
67,80
67,76
67,78
68,65
68,67
68,69
68,85
68,86
68,88
68,89
68,90
69,60
69,59
69,62
69,66
69,67
69,65
69,70
69,73
69,72
69,71
69,74
70,57
70,59
70,61
70,80
70,76
70,77
70,95
70,94
70,90
71,59
71,57
71,60
71,63
71,72
71,73
71,75
71,85
71,86
71,84
71,88
72,131
72,134
72,133
72,149
72,146
72,148
72,151
72,154
72,153
72,152
72,150
73,8
73,3
73,5
73,6
73,14
73,20
73,13
73,21
73,44
73,38
73,37
73,46
74,72
74,73
74,71
74,75
74,74
74,80
74,78
74,85
74,84
74,82
75,3
75,8
75,5
75,2
75,23
75,25
75,24
75,27
75,28
75,44
75,45
76,104
76,107
76,126
76,127
76,125
76,124
77,1
77,3
77,7
77,32
77,33
77,31
77,30
77,29
77,44
77,42
77,38
77,43
77,47
78,20
78,12
78,36
78,44
78,45
78,56
78,48
78,49
78,52
79,128
79,134
79,130
79,149
79,146
79,147
79,151
79,154
79,153
79,152
80,131
80,128
80,134
80,132
80,141
80,142
80,143
80,145
80,154
80,151
80,150
81,33
81,31
81,32
81,34
81,35
81,37
81,38
81,44
81,47
82,134
82,128
82,133
82,142
82,141
82,143
82,146
82,149
82,148
82,147
83,84
83,85
83,83
83,95
83,89
83,90
83,97
83,96
83,103
83,101
83,102
84,111
84,110
84,114
84,115
84,117
84,116
84,118
84,127
84,126
84,124
85,5
85,3
85,4
85,13
85,20
85,14
85,19
85,54
85,52
86,10
86,20
86,14
86,12
86,23
86,24
86,25
86,26
86,27
87,131
87,134
87,128
87,129
87,138
87,136
87,135
87,137
87,151
87,154
87,150
88,138
88,135
88,139
88,141
88,142
88,143
88,144
88,149
88,147
89,134
89,129
89,136
89,138
89,137
89,151
89,154
89,152
89,153
90,3
90,6
90,10
90,13
90,11
90,15
90,42
90,37
90,45
91,60
91,59
91,57
91,58
91,76
91,80
91,77
92,8
92,7
92,32
92,31
92,34
93,3
93,1
93,8
93,7
93,31
93,33
93,32
93,30
93,34
93,48
93,49
93,54
93,50
93,55
94,33
94,32
94,31
94,29
94,35
94,49
94,56
94,55
95,76
95,80
95,78
95,77
95,84
95,85
95,86
95,81
95,95
95,94
95,89
95,93
95,91
96,59
96,60
96,58
96,66
96,65
96,68
96,73
96,72
96,74
96,75
97,23
97,25
97,22
97,37
97,38
97,44
97,43
97,56
97,50
98,104
98,109
98,106
98,108
98,121
98,123
98,120
98,122
98,126
98,125
99,1
99,5
99,3
99,2
99,38
99,36
99,41
99,54
99,48
99,53
100,11
100,13
100,21
100,25
100,24
100,23
100,22
100,32
100,33
100,31
100,29
101,1
101,6
101,11
101,10
101,13
101,12
101,19
102,106
102,104
102,105
102,126
102,127
102,124
102,125
103,117
103,118
103,121
103,123
103,122
103,126
103,127
103,125
103,124
104,66
104,65
104,67
104,69
104,72
104,74
105,11
105,14
105,17
105,38
105,37
105,42
105,40
105,39
106,128
106,132
106,141
106,144
106,151
106,154
106,153
107,116
107,117
107,119
107,118
107,123
107,121
107,120
107,126
107,127
107,125
108,110
108,114
108,113
108,116
108,117
108,119
108,118
108,127
108,126
108,124
108,125
109,67
109,66
109,65
109,68
109,72
109,73
109,75
109,74
109,71
109,103
109,102
110,73
110,72
110,74
110,71
110,80
110,78
110,89
110,94
110,95
110,93
110,90
111,1
111,5
111,3
111,4
111,33
111,31
111,32
111,34
111,35
112,110
112,113
112,126
112,127
112,125
113,106
113,109
113,107
113,110
113,114
113,111
113,115
113,116
113,117
113,118
113,119
114,59
114,57
114,60
114,63
114,86
114,84
114,85
114,83
114,82
114,89
114,94
114,91
115,128
115,132
115,138
115,139
115,141
115,142
115,145
115,143
115,144
116,13
116,10
116,20
116,21
116,15
116,48
116,54
116,53
117,72
117,73
117,74
117,85
117,84
117,86
117,88
117,95
117,89
117,94
117,92
117,90
118,76
118,80
118,77
118,78
118,79
118,86
118,84
118,81
118,97
118,96
118,103
118,99
119,66
119,65
119,70
119,86
119,85
119,84
119,83
120,60
120,59
120,61
120,65
120,68
120,95
120,89
120,94
120,92
121,134
121,128
121,129
121,136
121,135
121,139
121,142
121,141
121,143
122,3
122,1
122,7
122,13
122,20
122,19
122,32
122,34
123,23
123,25
123,24
123,27
123,32
123,31
123,33
123,29
123,44
123,45
124,106
124,104
124,108
124,116
124,117
124,119
125,3
125,1
125,5
125,4
125,38
125,44
125,37
125,41
126,76
126,80
126,78
126,86
126,85
126,83
126,97
126,103
126,96
126,98
127,66
127,68
127,95
127,91
128,3
128,5
128,8
128,6
128,4
128,23
128,24
128,26
128,31
128,33
128,35
129,25
129,24
129,22
129,37
129,38
129,45
130,135
130,136
130,138
130,139
130,149
130,147
130,154
130,153
131,128
131,131
131,130
131,149
131,146
131,148
131,147
131,154
131,151
131,153
132,72
132,74
132,76
132,80
132,77
132,96
132,103
132,97
132,98
133,5
133,3
133,2
133,24
133,23
133,27
133,31
133,32
133,34
134,135
134,140
134,149
134,146
134,147
134,148
134,154
134,153
135,11
135,13
135,21
135,32
135,30
135,54
135,48
135,49
135,50
136,59
136,57
136,64
136,95
136,89
136,94
136,90
136,97
136,103
136,102
137,11
137,14
137,13
137,15
137,33
137,31
137,29
137,54
137,48
137,53
138,11
138,10
138,14
138,18
138,44
138,38
138,41
138,49
138,48
138,55
139,1
139,3
139,8
139,9
139,49
139,54
139,48
139,50
140,66
140,65
140,69
140,84
140,85
140,86
140,82
140,103
140,102
141,25
141,24
141,23
141,22
141,26
141,32
141,31
141,33
141,30
141,29
141,49
141,48
141,56
141,55
142,20
142,11
142,14
142,21
142,19
142,23
142,24
142,25
142,27
142,36
142,42
142,38
142,43
142,41
143,116
143,117
143,119
143,121
143,123
143,122
143,120
144,14
144,20
144,13
144,21
144,16
144,25
144,24
144,27
144,54
144,48
144,49
144,52
144,50
145,31
145,32
145,35
145,37
145,42
145,36
145,46
145,41
145,48
145,54
145,56
145,51
146,20
146,15
146,31
146,32
146,33
146,34
146,54
146,49
146,48
146,53
147,5
147,3
147,2
147,32
147,31
147,33
147,30
147,29
147,38
147,39
148,60
148,57
148,58
148,94
148,92
149,24
149,23
149,25
149,22
149,32
149,33
149,34
150,10
150,20
150,13
150,21
150,25
150,23
150,22
151,106
151,104
151,109
151,108
151,116
151,117
151,119
151,121
151,120
152,3
152,1
152,8
152,4
152,7
152,31
152,29
152,44
152,37
152,40
153,38
153,46
153,54
153,48
153,56
153,50
154,10
154,20
154,13
154,12
154,24
154,25
154,28
154,49
154,48
154,54
154,55
155,8
155,5
155,3
155,9
155,20
155,18
155,24
155,25
155,23
155,22
155,27
156,106
156,104
156,109
156,108
156,114
156,111
156,110
156,112
156,127
156,126
156,124
156,125
157,1
157,8
157,9
157,20
157,12
157,49
157,54
157,56
157,55
158,3
158,8
158,7
158,24
158,23
158,26
158,33
158,31
158,30
159,104
159,106
159,105
159,114
159,110
159,113
160,5
160,1
160,2
160,24
160,23
160,25
160,22
160,42
160,36
160,37
160,46
161,1
161,3
161,8
161,2
161,24
161,25
161,23
161,27
161,48
161,56
161,51
162,57
162,60
162,59
162,58
162,64
162,72
162,75
162,94
162,91
163,57
163,60
163,61
163,80
163,76
163,77
163,78
163,94
163,95
163,93
164,8
164,3
164,1
164,9
164,33
164,31
164,32
164,30
164,35
165,111
165,114
165,112
165,123
165,121
165,120
165,122
166,32
166,31
166,33
166,30
166,29
166,49
166,56
166,48
166,52
166,51
167,109
167,106
167,108
167,110
167,111
167,114
167,112
167,127
167,125
168,104
168,106
168,109
168,105
168,107
168,111
168,110
168,114
168,113
168,127
168,126
168,125
168,124
169,111
169,114
169,113
169,117
169,116
169,119
169,118
170,134
170,128
170,131
170,129
170,142
170,141
170,145
170,143
171,10
171,13
171,14
171,16
171,31
171,33
171,35
171,38
171,42
171,44
171,47
171,40
172,134
172,128
172,131
172,129
172,132
172,138
172,135
172,136
172,139
172,140
172,149
172,148
173,3
173,5
173,9
173,33
173,31
173,32
173,34
173,38
173,36
173,37
173,41
174,25
174,24
174,26
174,56
174,54
174,49
174,53
174,50
175,8
175,2
175,49
175,54
175,48
175,55
176,14
176,10
176,11
176,16
176,17
176,24
176,22
176,49
176,48
176,55
177,8
177,3
177,5
177,9
177,25
177,24
177,23
177,28
177,54
177,48
177,51
178,146
178,149
178,148
178,147
178,154
178,151
178,153
179,5
179,8
179,3
179,7
179,31
179,32
179,33
179,35
179,30
180,84
180,86
180,85
180,87
180,83
180,103
180,97
180,98
181,106
181,104
181,109
181,107
181,121
181,123
181,120
181,122
181,127
181,126
181,125
182,1
182,8
182,2
182,14
182,13
182,12
182,24
182,25
182,23
182,26
182,28
183,8
183,9
183,10
183,11
183,13
183,15
183,31
183,32
183,34
184,1
184,8
184,5
184,9
184,20
184,11
184,10
184,16
184,24
184,25
184,26
185,111
185,114
185,115
185,123
185,121
185,120
185,122
185,126
185,127
185,124
186,1
186,2
186,24
186,25
186,28
186,31
186,30
187,66
187,69
187,103
187,96
187,98
188,1
188,5
188,4
188,14
188,11
188,15
189,67
189,65
189,68
189,80
189,79
189,85
189,86
189,88
190,128
190,131
190,129
190,141
190,142
190,143
190,151
190,152
191,73
191,72
191,75
191,71
191,86
191,84
191,85
191,83
192,13
192,14
192,10
192,16
192,49
192,54
192,48
192,51
193,8
193,5
193,4
193,20
193,14
193,15
193,48
193,54
193,49
193,50
194,31
194,32
194,29
194,36
194,45
195,128
195,131
195,130
195,149
195,146
195,147
195,151
195,153
196,10
196,21
196,23
196,25
196,27
196,48
196,54
196,49
196,52
197,117
197,119
197,127
197,126
197,125
198,128
198,130
198,138
198,135
198,136
198,137
198,142
198,141
198,143
198,145
198,144
199,24
199,25
199,23
199,22
199,31
199,35
200,8
200,5
200,9
200,32
200,33
200,31
200,29
200,35
200,48
200,49
200,54
200,52
201,66
201,67
201,65
201,69
201,70
201,76
201,80
201,79
201,96
201,97
201,99
202,57
202,64
202,66
202,67
202,70
202,97
202,98
203,13
203,11
203,20
203,21
203,23
203,26
204,20
204,11
204,14
204,17
204,19
204,24
204,25
204,28
204,49
204,54
204,56
204,55
205,73
205,72
205,71
205,94
205,95
205,89
205,93
205,91
205,103
205,97
205,96
205,100
205,99
206,65
206,66
206,70
206,72
206,73
206,74
206,71
206,76
206,77
207,141
207,143
207,149
207,146
207,147
208,136
208,135
208,138
208,137
208,149
208,146
208,148
208,147
208,151
208,150
209,110
209,111
209,112
209,116
209,117
209,118
209,119
210,38
210,42
210,36
210,45
210,54
210,49
210,48
210,55
211,11
211,14
211,13
211,16
211,12
211,56
211,54
211,49
211,52
211,55
212,104
212,107
212,110
212,114
212,111
212,113
212,121
212,123
212,122
212,120
213,5
213,1
213,3
213,7
213,6
213,13
213,19
213,25
213,23
213,24
213,26
214,31
214,32
214,33
214,35
214,36
214,37
214,38
214,40
214,47
214,49
214,56
214,53
215,32
215,34
215,42
215,37
215,39
215,48
215,49
215,54
215,51
215,53
216,114
216,111
216,110
216,112
216,116
216,117
216,119
217,25
217,24
217,23
217,26
217,22
217,37
217,44
217,47
217,56
217,49
217,55
218,25
218,23
218,27
218,32
218,31
218,33
218,30
219,67
219,66
219,65
219,69
219,94
219,91
219,97
219,96
219,101
220,59
220,61
220,73
220,74
220,80
220,76
220,78
221,136
221,135
221,138
221,139
221,149
221,146
221,147
221,148
222,3
222,8
222,6
222,23
222,25
222,24
222,28
222,44
222,37
222,46
223,8
223,3
223,4
223,54
223,56
223,49
223,55
224,1
224,8
224,3
224,4
224,31
224,32
224,35
224,49
224,54
224,56
224,53
225,1
225,8
225,3
225,6
225,10
225,14
225,21
225,36
225,46
226,11
226,14
226,13
226,16
226,32
226,35
226,42
226,39
227,14
227,20
227,10
227,17
227,25
227,22
228,110
228,114
228,111
228,112
228,116
228,117
228,118
228,121
228,120
229,11
229,20
229,15
229,33
229,34
229,37
229,38
229,36
229,46
229,43
230,109
230,104
230,106
230,107
230,110
230,111
230,115
230,117
230,116
230,119
230,118
231,59
231,60
231,61
231,65
231,67
231,66
231,69
232,104
232,106
232,109
232,107
232,117
232,116
232,118
232,119
232,126
232,127
232,125
232,124
233,59
233,58
233,72
233,73
233,75
233,74
233,85
233,86
233,87
234,1
234,5
234,2
234,25
234,23
234,27
234,49
234,56
234,55
235,67
235,65
235,66
235,68
235,85
235,83
235,95
235,94
235,90
236,1
236,3
236,5
236,6
236,42
236,47
237,110
237,112
237,116
237,117
237,118
237,126
237,127
237,124
238,89
238,95
238,93
238,103
238,97
238,96
238,101
239,24
239,25
239,26
239,33
239,31
239,34
239,54
239,50
240,136
240,135
240,139
240,151
240,152
241,31
241,33
241,29
241,37
241,42
241,38
241,40
241,43
242,1
242,3
242,5
242,2
242,10
242,14
242,11
242,18
242,56
242,54
242,48
242,53
243,117
243,116
243,119
243,118
243,126
243,127
243,124
244,20
244,13
244,19
244,23
244,28
244,32
244,31
244,33
244,34
244,29
245,14
245,10
245,11
245,19
245,36
245,42
245,39
245,56
245,54
245,49
245,51
245,52
246,110
246,111
246,113
246,116
246,117
246,119
246,127
246,126
246,125
246,124
247,10
247,20
247,14
247,18
247,12
247,31
247,32
247,33
247,34
247,37
247,36
247,39
248,104
248,106
248,109
248,105
248,110
248,114
248,112
248,123
248,122
249,8
249,1
249,9
249,11
249,17
249,32
249,31
249,29
250,25
250,23
250,24
250,27
250,31
250,33
250,30
250,38
250,36
250,44
250,47
251,10
251,14
251,13
251,21
251,18
251,33
251,32
251,31
251,30
251,35
252,32
252,33
252,31
252,30
252,29
252,48
252,54
252,49
252,55
253,65
253,66
253,70
253,73
253,74
253,86
253,84
253,81
254,3
254,5
254,2
254,10
254,20
254,19
254,37
254,44
254,38
254,41
254,43
255,110
255,115
255,117
255,116
255,119
255,118
255,126
255,127
255,125
256,123
256,121
256,122
256,120
256,127
256,126
256,124
256,125
257,72
257,74
257,97
257,96
257,103
257,102
257,100
258,23
258,24
258,25
258,27
258,28
258,38
258,36
258,44
258,39
258,41
259,3
259,5
259,6
259,23
259,24
259,25
259,28
260,84
260,86
260,85
260,82
260,88
260,89
260,94
260,95
260,92
260,91
260,97
260,96
260,103
260,101
261,72
261,73
261,71
261,75
261,89
261,95
261,90
262,72
262,73
262,74
262,75
262,85
262,84
262,86
262,81
262,94
262,91
263,73
263,72
263,71
263,75
263,80
263,76
263,77
264,57
264,62
264,76
264,80
264,79
264,78
264,89
264,91
265,25
265,26
265,37
265,38
265,42
265,45
265,48
265,54
265,49
265,53
266,66
266,65
266,67
266,70
266,68
266,76
266,80
266,77
266,78
267,23
267,24
267,28
267,49
267,56
267,53
268,11
268,14
268,17
268,24
268,25
268,22
268,54
268,52
269,104
269,106
269,105
269,116
269,118
269,123
269,121
269,120
269,122
270,60
270,62
270,86
270,84
270,85
270,81
270,83
271,131
271,128
271,134
271,129
271,135
271,136
271,140
272,128
272,134
272,131
272,133
272,135
272,136
272,140
272,149
272,146
272,147
272,148
273,114
273,110
273,111
273,112
273,115
273,116
273,117
273,118
273,119
274,3
274,5
274,1
274,7
274,6
274,25
274,28
275,3
275,1
275,4
275,38
275,42
275,44
275,46
275,43
276,114
276,110
276,111
276,113
276,112
276,121
276,123
276,122
276,120
276,127
276,126
276,125
276,124
277,10
277,17
277,37
277,40
277,48
277,49
277,54
277,50
277,55
278,142
278,141
278,145
278,144
278,143
278,146
278,149
278,148
278,151
278,154
278,153
278,150
278,152
279,10
279,11
279,13
279,16
279,19
279,24
279,23
279,25
279,26
279,56
279,48
279,55
280,60
280,57
280,59
280,64
280,58
280,80
280,77
280,89
280,94
280,95
280,91
280,93
281,5
281,3
281,8
281,4
281,9
281,25
281,28
282,131
282,134
282,128
282,133
282,129
282,138
282,135
282,136
282,140
282,137
282,149
282,146
282,148
282,147
283,25
283,23
283,26
283,32
283,34
283,56
283,48
283,49
283,50
283,55
284,8
284,3
284,5
284,7
284,6
284,13
284,10
284,18
284,32
284,33
284,35
285,1
285,5
285,3
285,6
285,7
285,32
285,31
285,33
285,30
285,35
285,36
285,44
285,37
285,43
286,65
286,68
286,80
286,76
286,79
286,95
286,93
287,65
287,67
287,66
287,70
287,73
287,72
287,71
287,75
287,76
287,80
287,79
287,78
288,13
288,14
288,10
288,16
288,17
288,31
288,33
288,32
288,29
288,30
288,54
288,48
288,55
289,59
289,58
289,89
289,95
289,94
289,93
290,14
290,10
290,16
290,42
290,43
291,65
291,67
291,66
291,69
291,72
291,73
291,71
291,75
291,96
291,103
291,98
292,80
292,76
292,79
292,84
292,86
292,85
292,87
292,94
292,95
292,89
292,92
292,93
293,59
293,63
293,73
293,72
293,75
294,72
294,73
294,74
294,85
294,86
294,83
294,96
294,97
294,99
295,106
295,108
295,110
295,111
295,115
295,126
295,127
295,124
295,125
296,65
296,66
296,67
296,69
296,89
296,94
296,95
296,90
296,97
296,103
296,96
296,99
296,102
297,104
297,106
297,107
297,111
297,114
297,110
297,112
297,126
297,127
297,124
297,125
298,23
298,25
298,24
298,28
298,27
298,33
298,32
298,31
298,35
298,44
298,37
298,40
299,67
299,65
299,68
299,73
299,72
299,75
299,71
299,74
299,84
299,86
299,88
300,20
300,11
300,10
300,18
300,33
300,29
300,56
300,49
300,48
300,50
301,1
301,3
301,5
301,6
301,33
301,31
301,35
301,54
301,49
301,48
301,50
302,60
302,57
302,59
302,61
302,84
302,85
302,86
302,81
303,57
303,60
303,59
303,62
303,66
303,67
303,65
303,70
303,76
303,78
304,33
304,32
304,31
304,34
304,49
304,48
304,54
304,50
305,3
305,8
305,2
305,14
305,12
305,25
305,23
305,24
305,28
306,116
306,119
306,123
306,121
306,120
306,122
307,109
307,106
307,108
307,121
307,122
307,127
307,126
307,124
307,125
308,1
308,5
308,8
308,4
308,24
308,25
308,23
308,28
308,32
308,35
309,5
309,3
309,9
309,14
309,20
309,10
309,19
309,16
309,42
309,36
309,38
309,39
310,106
310,108
310,111
310,110
310,114
310,113
310,115
310,123
310,121
310,122
310,120
311,60
311,59
311,64
311,94
311,89
311,95
311,92
311,93
312,3
312,1
312,5
312,2
312,11
312,10
312,13
312,19
312,54
312,48
312,55
313,106
313,104
313,109
313,107
313,110
313,111
313,112
314,1
314,5
314,7
314,42
314,38
314,40
314,49
314,48
314,54
314,55
315,11
315,14
315,15
315,32
315,31
315,33
315,29
315,36
315,42
315,37
315,46
316,67
316,66
316,65
316,68
316,76
316,79
316,86
316,84
316,83
317,123
317,121
317,120
317,122
317,126
317,127
317,125
317,124
318,3
318,1
318,9
318,25
318,27
318,44
318,37
318,38
318,43
319,1
319,9
319,23
319,22
319,31
319,32
319,30
320,66
320,67
320,65
320,70
320,89
320,95
320,94
320,90
320,91
320,97
320,99
321,131
321,134
321,128
321,133
321,141
321,142
321,145
321,146
321,149
321,147
322,110
322,111
322,114
322,115
322,112
322,116
322,117
322,118
322,119
322,126
322,125
323,25
323,24
323,23
323,26
323,22
323,33
323,31
323,35
324,110
324,115
324,116
324,119
324,126
324,127
324,124
325,128
325,131
325,134
325,133
325,138
325,135
325,136
325,140
325,139
325,142
325,143
326,8
326,1
326,3
326,2
326,24
326,23
326,26
327,136
327,135
327,138
327,140
327,137
327,142
327,141
327,144
328,104
328,109
328,105
328,116
328,117
328,119
328,127
328,126
328,124
328,125
329,106
329,104
329,109
329,108
329,117
329,116
329,118
329,119
329,126
329,127
329,124
330,32
330,35
330,38
330,44
330,37
330,43
330,41
331,1
331,2
331,33
331,31
331,32
331,34
331,30
331,44
331,47
332,109
332,104
332,107
332,123
332,121
332,122
332,120
332,126
332,127
332,124
332,125
333,72
333,75
333,76
333,80
333,77
334,134
334,131
334,128
334,130
334,141
334,142
334,145
334,146
334,149
334,147
334,148
335,136
335,137
335,142
335,144
335,149
335,146
335,147
335,148
336,114
336,110
336,113
336,123
336,121
336,120
336,122
336,126
336,127
336,124
336,125
337,104
337,106
337,109
337,108
337,117
337,116
337,118
337,126
337,127
337,124
337,125
338,10
338,20
338,16
338,24
338,23
338,28
339,1
339,3
339,8
339,2
339,4
339,13
339,11
339,15
339,49
339,54
339,50
340,128
340,129
340,138
340,135
340,136
340,137
340,146
340,149
340,147
340,148
341,11
341,20
341,14
341,15
341,49
341,56
341,54
341,51
341,55
342,25
342,24
342,23
342,22
342,26
342,31
342,32
342,33
342,34
342,29
343,59
343,63
343,80
343,76
343,79
343,78
343,84
343,85
343,86
343,87
344,114
344,110
344,111
344,113
344,121
344,123
344,120
345,138
345,136
345,135
345,139
345,146
345,148
346,13
346,11
346,20
346,18
346,12
346,24
346,23
346,27
346,49
346,54
346,51
347,33
347,32
347,31
347,29
347,34
347,37
347,42
347,44
347,41
347,40
347,49
347,48
347,54
347,53
348,85
348,84
348,86
348,81
348,89
348,95
348,91
349,1
349,8
349,9
349,44
349,42
349,37
349,41
349,49
349,56
349,48
349,52
349,53
350,3
350,1
350,8
350,7
350,23
350,24
350,25
350,26
350,27
351,60
351,59
351,58
351,73
351,72
351,71
351,97
351,103
351,100
352,14
352,20
352,13
352,17
352,18
352,24
352,25
352,23
352,22
352,32
352,29
353,14
353,16
353,23
353,25
353,26
353,48
353,53
354,13
354,18
354,31
354,33
354,30
355,60
355,59
355,61
355,72
355,73
355,74
355,96
355,97
355,101
356,116
356,117
356,119
356,118
356,123
356,121
356,122
356,120
356,126
356,127
356,124
357,73
357,72
357,74
357,71
357,84
357,86
357,82
358,110
358,114
358,115
358,126
358,127
358,125
358,124
359,24
359,23
359,25
359,28
359,42
359,37
359,46
359,49
359,48
359,54
359,53
359,51
360,5
360,1
360,3
360,9
360,24
360,23
360,26
360,32
360,29
361,109
361,104
361,106
361,108
361,105
361,111
361,110
361,115
361,127
361,125
362,8
362,1
362,5
362,2
362,25
362,24
362,23
362,26
362,31
362,32
362,35
363,104
363,107
363,114
363,113
364,104
364,105
364,121
364,123
364,122
364,120
365,33
365,31
365,32
365,30
365,54
365,56
365,50
366,57
366,58
366,73
366,72
366,74
366,75
366,103
366,97
366,102
367,104
367,107
367,116
367,117
367,119
367,127
367,126
367,124
368,109
368,104
368,106
368,105
368,107
368,117
368,116
368,119
368,118
368,121
368,123
368,122
369,59
369,57
369,61
369,86
369,85
369,81
369,89
369,95
369,91
370,13
370,20
370,14
370,19
370,56
370,54
370,51
371,67
371,65
371,66
371,68
371,95
371,89
371,94
371,93
371,90
371,103
371,99
372,11
372,19
372,24
372,26
372,32
372,31
372,33
372,29
373,8
373,1
373,3
373,7
373,2
373,11
373,14
373,10
373,19
373,32
373,31
373,34
374,65
374,69
374,84
374,86
374,85
374,82
374,88
375,128
375,134
375,133
375,151
375,154
375,150
375,153
376,20
376,10
376,14
376,18
376,12
376,49
376,48
376,52
377,136
377,135
377,137
377,142
377,141
377,145
377,151
377,154
377,150
378,1
378,6
378,33
378,31
378,32
378,30
378,56
378,50
379,11
379,13
379,12
379,38
379,42
379,39
379,48
379,49
379,52
380,106
380,104
380,109
380,105
380,108
380,114
380,110
380,115
380,121
380,122
381,13
381,14
381,11
381,16
381,24
381,23
381,25
381,28
381,26
381,44
381,47
382,110
382,114
382,111
382,112
382,113
382,116
382,117
382,119
382,118
382,127
382,126
382,125
383,142
383,141
383,145
383,149
383,146
383,148
383,147
383,151
383,154
383,153
384,141
384,142
384,144
384,143
384,146
384,149
384,147
384,148
384,151
384,154
384,153
384,150
384,152
385,60
385,59
385,58
385,66
385,65
385,69
385,73
385,72
385,71
385,75
386,109
386,104
386,106
386,105
386,107
386,110
386,114
386,112
386,123
386,120
387,67
387,70
387,73
387,72
387,75
387,71
388,5
388,3
388,1
388,7
388,11
388,20
388,10
388,19
388,12
388,25
388,23
388,22
389,8
389,2
389,13
389,20
389,14
389,15
390,72
390,73
390,75
390,86
390,85
390,84
390,81
390,87
390,97
390,103
390,96
390,100
390,101
391,3
391,8
391,5
391,6
391,38
391,43
391,54
391,56
391,49
391,51
392,85
392,86
392,84
392,83
392,94
392,90
393,95
393,89
393,94
393,91
393,97
393,96
393,103
393,101
393,99
394,14
394,20
394,10
394,19
394,12
394,23
394,27
394,32
394,31
394,29
395,57
395,60
395,58
395,67
395,65
395,66
395,70
396,1
396,5
396,4
396,31
396,30
396,48
396,50
397,14
397,11
397,13
397,15
397,32
397,33
397,30
397,36
397,40
398,1
398,3
398,8
398,4
398,25
398,26
398,42
398,38
398,41
399,59
399,57
399,61
399,72
399,71
399,80
399,76
399,79
399,77
399,78
400,20
400,10
400,11
400,16
400,19
400,25
400,24
400,23
400,22
400,54
400,55
401,109
401,104
401,106
401,108
401,123
401,121
401,120
401,122
401,126
401,127
401,125
402,142
402,141
402,145
402,143
402,144
402,151
402,154
402,152
402,150
403,20
403,13
403,11
403,21
403,17
403,42
403,44
403,37
403,45
403,40
403,54
403,56
403,48
403,53
403,55
404,23
404,24
404,25
404,27
404,44
404,37
404,38
404,46
404,43
404,54
404,50
405,131
405,128
405,134
405,133
405,151
405,152
406,128
406,131
406,134
406,133
406,138
406,135
406,136
406,137
406,146
406,149
406,148
407,109
407,106
407,104
407,107
407,116
407,117
407,118
407,123
407,121
407,120
407,122
408,57
408,60
408,61
408,80
408,76
408,79
409,23
409,24
409,22
409,33
409,29
409,38
409,36
409,40
410,1
410,5
410,3
410,2
410,23
410,24
410,25
410,27
410,22
411,1
411,5
411,8
411,9
411,38
411,44
411,36
411,46
412,3
412,1
412,8
412,2
412,25
412,24
412,28
412,33
412,31
412,32
412,35
413,109
413,104
413,106
413,108
413,105
413,114
413,110
413,111
413,115
414,66
414,65
414,67
414,70
414,76
414,80
414,79
414,77
414,96
414,97
414,99
415,67
415,70
415,73
415,75
415,89
415,95
415,91
416,131
416,128
416,129
416,141
416,142
416,143
416,151
416,154
416,153
416,152
416,150
417,11
417,10
417,13
417,19
417,21
417,33
417,32
417,31
417,34
417,42
417,38
417,43
418,31
418,32
418,35
418,37
418,38
418,44
418,45
419,111
419,112
419,117
419,118
419,123
419,121
419,120
419,122
420,14
420,10
420,20
420,12
420,31
420,33
420,32
420,29
420,30
421,5
421,1
421,3
421,6
421,4
421,24
421,26
421,32
421,31
421,34
422,8
422,3
422,4
422,48
422,51
423,23
423,24
423,26
423,31
423,32
423,33
423,35
423,49
423,56
423,51
424,25
424,23
424,26
424,37
424,42
424,38
424,46
424,56
424,48
424,49
424,53
425,8
425,1
425,6
425,33
425,34
425,54
425,56
425,53
426,104
426,106
426,109
426,105
426,121
426,123
426,122
427,1
427,3
427,8
427,2
427,10
427,14
427,11
427,19
427,33
427,30
428,84
428,88
428,94
428,89
428,91
429,128
429,134
429,131
429,129
429,132
429,135
429,138
429,136
429,139
429,141
429,142
429,143
430,106
430,108
430,123
430,121
430,122
430,120
430,126
430,127
430,124
430,125
431,67
431,66
431,70
431,80
431,76
431,79
431,103
431,97
431,96
431,98
431,99
432,5
432,4
432,36
432,42
432,37
432,47
433,136
433,135
433,138
433,137
433,140
433,154
433,151
433,153
434,114
434,111
434,110
434,115
434,113
434,117
434,116
434,118
434,119
434,126
434,127
434,125
435,57
435,59
435,58
435,76
435,80
435,77
435,78
435,97
435,96
435,100
436,106
436,109
436,105
436,121
436,123
436,120
436,122
437,14
437,20
437,17
437,23
437,22
437,38
437,42
437,44
437,41
438,8
438,5
438,9
438,24
438,25
438,23
438,28
438,26
438,38
438,42
438,47
439,128
439,134
439,131
439,132
439,135
439,138
439,139
439,154
439,151
439,153
440,60
440,57
440,62
440,67
440,66
440,65
440,68
440,73
440,72
440,75
440,71
440,74
441,8
441,3
441,1
441,7
441,13
441,17
441,54
441,56
441,49
441,51
441,50
442,11
442,13
442,10
442,19
442,17
442,49
442,52
443,57
443,59
443,60
443,58
443,63
443,94
443,95
443,89
443,90
443,97
443,96
443,103
443,98
444,37
444,44
444,42
444,40
444,49
444,48
444,54
444,50
445,13
445,19
445,48
445,56
445,54
445,55
446,111
446,113
446,117
446,116
446,118
446,121
446,123
446,120
446,122
447,110
447,114
447,111
447,112
447,115
447,127
447,126
447,124
447,125
448,110
448,114
448,111
448,113
448,123
448,121
448,122
449,73
449,72
449,75
449,71
449,76
449,80
449,77
449,84
449,86
449,85
449,87
450,1
450,3
450,8
450,9
450,7
450,23
450,24
450,25
450,27
450,31
450,29
451,10
451,11
451,20
451,16
451,18
451,25
451,23
451,24
451,27
452,3
452,8
452,5
452,4
452,31
452,33
452,32
452,34
452,29
452,38
452,44
452,36
452,45
453,14
453,10
453,17
453,24
453,23
453,26
453,33
453,32
453,30
454,57
454,59
454,63
454,84
454,85
454,87
454,103
454,97
454,99
455,1
455,5
455,8
455,7
455,49
455,54
455,51
456,59
456,57
456,60
456,63
456,64
456,72
456,73
456,71
456,75
456,74
456,95
456,92
457,20
457,13
457,15
457,25
457,24
457,23
457,22
458,76
458,80
458,79
458,95
458,90
458,97
458,100
459,5
459,4
459,20
459,19
459,48
459,53
460,57
460,60
460,59
460,58
460,76
460,80
460,79
460,96
460,103
460,97
460,102
460,98
461,3
461,1
461,8
461,7
461,2
461,37
461,36
461,44
461,39
461,48
461,54
461,56
461,53
462,25
462,24
462,23
462,22
462,38
462,37
462,42
462,45
462,43
462,48
462,51
463,57
463,60
463,59
463,64
463,73
463,74
463,89
463,93
464,134
464,131
464,130
464,142
464,141
464,144
464,154
464,151
464,150
464,153
464,152
465,141
465,142
465,143
465,146
465,149
465,147
465,148
465,151
465,154
465,153
466,14
466,20
466,12
466,37
466,40
467,5
467,8
467,3
467,2
467,32
467,33
467,31
467,30
467,29
468,11
468,10
468,13
468,12
468,38
468,41
468,48
468,54
468,51
469,3
469,5
469,2
469,25
469,22
469,49
469,54
469,55
470,110
470,114
470,111
470,112
470,113
470,123
470,121
470,120
471,24
471,26
471,31
471,33
471,35
471,44
471,42
471,40
472,24
472,23
472,25
472,28
472,33
472,31
472,32
472,34
472,49
472,54
472,48
472,50
472,52
473,106
473,104
473,109
473,107
473,116
473,119
473,123
473,121
473,120
474,20
474,13
474,11
474,18
474,38
474,44
474,37
474,39
474,43
474,48
474,54
474,56
474,52
475,57
475,64
475,85
475,84
475,86
475,81
475,96
475,103
475,101
476,5
476,1
476,4
476,31
476,33
476,32
476,29
476,48
476,49
476,54
476,55
476,50
477,25
477,23
477,22
477,42
477,36
477,38
477,41
477,56
477,48
477,53
478,57
478,59
478,60
478,58
478,66
478,68
478,103
478,96
478,97
478,101
478,98
479,25
479,26
479,56
479,54
479,48
479,51
480,25
480,24
480,22
480,36
480,38
480,37
480,43
480,54
480,52
481,76
481,80
481,77
481,79
481,78
481,96
481,97
481,103
481,102
482,59
482,57
482,58
482,72
482,73
482,74
482,80
482,76
482,77
483,117
483,116
483,118
483,119
483,123
483,121
483,122
484,116
484,117
484,119
484,127
484,126
484,124
484,125
485,106
485,104
485,108
485,117
485,118
485,127
485,126
485,125
485,124
486,38
486,44
486,37
486,43
486,39
486,48
486,49
486,52
487,11
487,19
487,42
487,43
487,48
487,49
487,52
488,66
488,67
488,65
488,68
488,76
488,80
488,78
488,77
488,85
488,83
489,20
489,14
489,11
489,17
489,24
489,23
489,25
489,28
489,38
489,47
490,5
490,1
490,4
490,25
490,24
490,27
490,38
490,36
490,37
490,39
490,40
491,24
491,25
491,23
491,22
491,28
491,49
491,48
491,54
491,51
492,142
492,144
492,146
492,149
492,148
493,134
493,128
493,131
493,133
493,129
493,141
493,142
493,144
493,154
493,151
493,152
493,153
494,23
494,27
494,44
494,36
494,37
494,43
494,41
495,23
495,25
495,22
495,54
495,48
495,49
495,55
495,50
496,8
496,7
496,37
496,44
496,47
496,49
496,48
496,52
497,128
497,131
497,134
497,129
497,130
497,149
497,146
497,147
497,148
497,154
497,151
497,152
497,150
498,60
498,57
498,59
498,58
498,61
498,103
498,98
499,24
499,22
499,36
499,37
499,44
499,41
499,56
499,53
500,1
500,5
500,9
500,56
500,49
500,54
500,51
500,52
501,20
501,13
501,11
501,21
501,19
501,33
501,32
501,34
502,24
502,23
502,25
502,22
502,49
502,50
503,23
503,25
503,22
503,44
503,36
503,37
503,47
503,43
504,73
504,75
504,80
504,76
504,77
504,79
504,78
505,141
505,142
505,144
505,146
505,149
505,147
506,59
506,57
506,60
506,63
506,64
506,72
506,73
506,74
506,85
506,86
506,84
506,83
507,106
507,109
507,108
507,110
507,115
507,127
507,126
507,124
508,20
508,14
508,10
508,18
508,15
508,32
508,33
508,31
508,35
508,56
508,54
508,53
509,114
509,110
509,111
509,113
509,117
509,116
509,119
510,23
510,25
510,24
510,26
510,37
510,44
510,46
511,25
511,23
511,27
511,36
511,41
511,49
511,54
511,56
511,55
512,32
512,31
512,33
512,29
512,30
512,54
512,56
512,49
512,52
513,14
513,13
513,20
513,17
513,56
513,48
513,51
514,104
514,109
514,107
514,117
514,116
514,118
514,119
515,25
515,24
515,28
515,33
515,29
516,14
516,13
516,20
516,12
516,44
516,42
516,37
516,39
516,47
517,104
517,109
517,105
517,110
517,114
517,113
517,126
517,124
518,8
518,2
518,24
518,22
519,73
519,72
519,71
519,80
519,76
519,79
519,78
520,104
520,107
520,111
520,110
520,114
520,112
520,127
520,126
520,124
520,125
521,111
521,110
521,112
521,127
521,126
521,124
522,72
522,73
522,75
522,71
522,103
522,100
523,1
523,2
523,24
523,25
523,27
523,38
523,44
523,40
524,24
524,22
524,32
524,31
524,33
524,29
524,35
524,38
524,36
524,46
525,72
525,73
525,74
525,80
525,76
525,79
525,78
525,95
525,89
525,94
525,92
526,111
526,110
526,114
526,115
526,113
526,117
526,118
526,123
526,121
526,120
527,13
527,20
527,19
527,33
527,31
527,32
527,29
527,30
527,54
527,53
528,110
528,114
528,111
528,115
528,116
528,117
528,119
528,118
528,126
528,127
528,124
528,125
529,114
529,110
529,111
529,112
529,123
529,121
529,120
529,127
529,126
529,124
530,109
530,104
530,106
530,105
530,116
530,117
530,118
530,119
531,67
531,69
531,73
531,72
531,74
532,60
532,59
532,57
532,62
532,64
532,72
532,73
532,74
532,95
532,94
532,91
533,20
533,14
533,13
533,17
533,15
533,25
533,28
533,33
533,31
533,29
534,65
534,67
534,68
534,73
534,72
534,75
534,74
535,111
535,110
535,114
535,112
535,117
535,116
535,118
535,127
535,126
535,125
535,124
536,5
536,2
536,25
536,24
536,23
536,22
536,26
536,31
536,33
536,34
537,57
537,61
537,76
537,80
537,78
537,79
538,36
538,38
538,43
538,48
538,55
539,109
539,104
539,106
539,108
539,117
539,116
539,118
539,119
540,11
540,16
540,33
540,32
540,34
540,38
540,40
541,110
541,111
541,115
541,117
541,116
541,119
541,123
541,120
542,60
542,59
542,57
542,64
542,66
542,68
542,85
542,86
542,84
542,83
543,141
543,143
543,151
543,152
544,32
544,33
544,34
544,37
544,44
544,39
544,49
544,54
544,56
544,55
545,44
545,36
545,37
545,40
545,47
545,54
545,49
545,53
546,24
546,25
546,28
546,36
546,42
546,41
547,104
547,106
547,109
547,108
547,110
547,111
547,114
547,112
547,116
547,117
547,118
547,119
548,114
548,110
548,111
548,113
548,126
548,124
549,60
549,59
549,62
549,66
549,67
549,65
549,69
549,70
549,85
549,84
549,86
549,88
550,134
550,131
550,128
550,133
550,130
550,141
550,142
550,143
550,144
550,149
550,146
550,148
550,147
551,8
551,5
551,6
551,23
551,24
551,26
551,56
551,49
551,55
552,5
552,1
552,3
552,2
552,11
552,17
552,44
552,42
552,41
553,1
553,8
553,9
553,13
553,14
553,20
553,16
553,37
553,44
553,42
553,39
554,72
554,73
554,74
554,75
554,80
554,77
554,96
554,103
554,97
554,101
555,5
555,3
555,2
555,38
555,42
555,44
555,41
556,1
556,3
556,8
556,2
556,33
556,32
556,31
556,30
556,48
556,49
556,56
556,50
557,65
557,66
557,68
557,73
557,72
557,74
557,97
557,103
557,101
558,67
558,66
558,65
558,68
558,94
558,89
558,91
558,97
558,96
558,103
558,101
559,1
559,5
559,3
559,4
559,2
559,13
559,14
559,10
559,15
559,44
559,36
559,42
559,43
560,1
560,4
560,56
560,48
560,54
560,55
561,59
561,57
561,58
561,65
561,67
561,69
561,96
561,103
561,97
561,98
561,99
562,5
562,1
562,2
562,24
562,25
562,23
562,28
562,38
562,42
562,36
562,39
563,60
563,59
563,57
563,61
563,64
563,66
563,67
563,65
563,68
563,80
563,76
563,79
563,78
564,3
564,5
564,8
564,6
564,7
564,13
564,20
564,16
564,24
564,23
564,28
565,60
565,57
565,59
565,62
565,64
565,66
565,69
566,20
566,10
566,19
566,42
566,37
566,43
566,49
566,54
566,50
567,24
567,25
567,23
567,26
567,22
567,37
567,43
568,65
568,70
568,72
568,73
568,71
568,74
568,94
568,95
568,92
569,59
569,57
569,61
569,80
569,76
569,77
569,78
569,79
569,96
569,97
569,103
569,99
569,100
570,136
570,139
570,141
570,142
570,144
570,145
570,151
570,154
570,153
570,152
571,128
571,134
571,131
571,129
571,130
571,138
571,135
571,136
571,140
571,137
571,154
571,151
571,150
571,153
572,59
572,57
572,63
572,72
572,73
572,75
572,76
572,80
572,78
572,79
572,77
573,5
573,1
573,8
573,7
573,10
573,13
573,20
573,16
573,23
573,24
573,25
573,22
574,76
574,77
574,86
574,85
574,87
575,8
575,1
575,3
575,6
575,7
575,11
575,13
575,18
575,25
575,27
576,138
576,137
576,141
576,142
576,144
576,143
576,146
576,149
576,147
576,148
577,13
577,10
577,18
577,32
577,33
577,29
577,36
577,42
577,40
578,3
578,2
578,25
578,23
578,24
578,28
578,26
579,131
579,128
579,130
579,135
579,136
579,138
579,140
579,154
579,151
579,153
580,142
580,141
580,144
580,149
580,146
580,148
580,154
580,151
580,150
581,3
581,5
581,6
581,25
581,27
581,48
581,49
581,55
582,65
582,69
582,85
582,82
582,96
582,103
582,98
583,66
583,65
583,69
583,73
583,71
584,134
584,131
584,129
584,149
584,146
584,147
585,117
585,118
585,121
585,123
585,120
585,122
585,126
585,127
585,125
586,73
586,72
586,75
586,74
586,94
586,95
586,89
586,93
587,5
587,6
587,38
587,36
587,43
588,76
588,80
588,78
588,77
588,84
588,86
588,82
589,138
589,136
589,135
589,140
589,137
589,149
589,146
589,148
589,154
589,152
590,60
590,57
590,59
590,63
590,61
590,73
590,72
590,74
590,80
590,76
590,78
590,77
591,8
591,3
591,1
591,2
591,9
591,20
591,14
591,12
591,36
591,37
591,44
591,39
592,106
592,104
592,107
592,121
592,123
592,122
592,120
592,127
592,126
592,124
592,125
593,5
593,3
593,8
593,2
593,6
593,23
593,27
594,3
594,5
594,7
594,24
594,25
594,28
595,5
595,3
595,8
595,9
595,4
595,25
595,23
595,24
595,27
595,28
595,49
595,50
596,141
596,142
596,144
596,146
596,149
596,148
596,151
596,154
596,152
596,150
597,59
597,57
597,61
597,89
597,95
597,91
597,97
597,99
598,106
598,104
598,109
598,105
598,107
598,110
598,111
598,113
598,123
598,120
599,20
599,13
599,16
599,36
599,38
599,40
600,72
600,74
600,85
600,86
600,84
600,83
600,81
600,95
600,94
600,89
600,90
601,73
601,72
601,74
601,103
601,97
601,96
601,100
602,84
602,86
602,85
602,87
602,81
602,89
602,94
602,95
602,90
602,96
602,97
602,102
603,8
603,6
603,42
603,36
603,44
603,45
604,114
604,115
604,117
604,119
604,121
604,122
605,3
605,7
605,10
605,20
605,16
606,10
606,11
606,19
606,24
606,23
606,25
606,26
606,38
606,36
606,37
606,40
607,117
607,116
607,118
607,121
607,123
607,122
607,120
607,127
607,126
607,124
608,1
608,4
608,33
608,31
608,34
609,24
609,25
609,26
609,31
609,33
609,32
609,34
609,49
609,54
609,48
609,51
610,24
610,23
610,22
610,38
610,37
610,42
610,43
611,1
611,8
611,6
611,33
611,32
611,31
611,30
611,29
612,3
612,5
612,7
612,11
612,10
612,13
612,21
612,16
612,36
612,37
612,42
612,47
613,23
613,25
613,24
613,27
613,48
613,56
613,49
613,53
614,59
614,60
614,57
614,61
614,86
614,87
614,103
614,97
614,96
614,98
615,128
615,134
615,129
615,138
615,135
615,137
615,151
615,154
615,150
615,152
615,153
616,109
616,104
616,106
616,105
616,111
616,114
616,110
616,112
616,126
616,127
616,124
617,25
617,24
617,23
617,22
617,37
617,36
617,44
617,43
618,116
618,117
618,118
618,119
618,127
618,126
618,124
618,125
619,73
619,72
619,71
619,85
619,88
619,103
619,96
619,97
619,102
620,3
620,8
620,4
620,42
620,37
620,43
621,128
621,131
621,130
621,142
621,141
621,145
621,154
621,151
621,150
622,24
622,23
622,25
622,27
622,32
622,35
622,42
622,36
622,45
623,59
623,61
623,76
623,78
624,109
624,106
624,104
624,108
624,121
624,123
624,120
624,122
624,126
624,127
624,125
624,124
625,11
625,10
625,15
625,56
625,51
626,106
626,108
626,116
626,117
626,119
626,118
626,121
626,123
626,122
626,120
627,23
627,25
627,22
627,48
627,49
627,51
628,76
628,80
628,79
628,77
628,89
628,95
628,94
628,90
628,92
628,96
628,103
628,97
628,101
629,146
629,149
629,148
629,147
629,154
629,151
629,153
629,150
630,11
630,10
630,14
630,16
630,32
630,31
630,33
630,29
630,34
630,49
630,54
630,48
630,53
631,104
631,106
631,109
631,105
631,110
631,114
631,111
631,113
632,8
632,5
632,7
632,24
632,25
632,23
632,28
632,26
632,54
632,48
632,56
632,52
633,123
633,120
633,126
633,127
633,125
633,124
634,36
634,44
634,38
634,43
634,46
634,54
634,48
634,55
635,72
635,75
635,86
635,82
635,97
635,100
636,25
636,24
636,23
636,27
636,33
636,31
636,29
637,117
637,116
637,118
637,121
637,123
637,120
637,127
637,125
638,104
638,106
638,109
638,107
638,123
638,121
638,122
639,8
639,9
639,14
639,20
639,11
639,18
639,33
639,30
640,5
640,8
640,1
640,6
640,20
640,19
640,32
640,29
641,13
641,17
641,49
641,54
641,55
642,109
642,104
642,106
642,105
642,123
642,121
642,120
642,122
642,127
642,126
642,124
643,73
643,71
643,80
643,76
643,78
643,77
643,86
643,85
643,88
644,59
644,60
644,57
644,61
644,76
644,80
644,77
644,86
644,85
644,84
644,87
644,82
645,1
645,3
645,5
645,9
645,54
645,48
645,49
645,50
645,55
646,1
646,8
646,6
646,31
646,32
646,33
646,29
646,42
646,36
646,40
647,65
647,66
647,67
647,69
647,73
647,72
647,75
647,74
647,76
647,80
647,77
647,78
647,79
648,24
648,25
648,23
648,26
648,33
648,32
648,34
648,48
648,53
649,1
649,8
649,3
649,2
649,6
649,36
649,37
649,38
649,41
649,56
649,48
649,51
650,11
650,19
650,42
650,36
650,41
651,32
651,33
651,35
651,36
651,44
651,37
651,43
652,1
652,5
652,8
652,7
652,10
652,13
652,14
652,21
652,18
652,42
652,43
653,72
653,73
653,71
653,74
653,75
653,84
653,86
653,88
654,3
654,1
654,9
654,23
654,28
654,54
654,51
655,20
655,14
655,11
655,18
655,24
655,25
655,23
655,28
656,72
656,73
656,75
656,86
656,85
656,81
656,96
656,103
656,98
657,23
657,25
657,24
657,28
657,32
657,33
657,30
658,13
658,15
658,36
658,38
658,37
658,47
658,48
658,49
658,55
659,10
659,14
659,11
659,12
659,32
659,31
659,33
659,35
659,49
659,51
660,109
660,104
660,108
660,111
660,114
660,110
660,115
660,121
660,123
660,122
660,120
661,10
661,14
661,21
661,25
661,23
661,24
661,26
662,20
662,14
662,12
662,23
662,24
662,25
662,28
662,22
663,73
663,72
663,74
663,75
663,85
663,84
663,86
663,81
663,83
663,103
663,96
663,99
664,131
664,128
664,133
664,138
664,135
664,140
665,11
665,20
665,12
665,25
665,23
665,24
665,22
665,26
665,33
665,31
665,32
665,34
665,30
666,31
666,32
666,33
666,30
666,38
666,36
666,37
666,46
667,106
667,109
667,104
667,107
667,110
667,114
667,113
668,65
668,69
668,80
668,76
668,77
668,95
668,89
668,94
668,90
668,91
669,111
669,115
669,116
669,117
669,118
669,119
669,127
669,126
669,125
669,124
670,8
670,9
670,13
670,11
670,20
670,15
670,19
670,25
670,23
670,24
670,27
671,1
671,7
671,23
671,24
671,25
671,28
671,27
671,32
671,29
672,104
672,109
672,106
672,105
672,117
672,116
672,118
672,123
672,121
672,122
672,120
673,5
673,8
673,1
673,2
673,20
673,10
673,14
673,19
673,12
673,48
673,49
673,53
674,106
674,109
674,104
674,107
674,116
674,117
674,118
674,119
674,121
674,123
674,120
675,60
675,57
675,62
675,84
675,86
675,85
675,83
675,89
675,94
675,95
675,91
676,14
676,10
676,19
676,25
676,27
676,37
676,39
677,10
677,11
677,13
677,21
677,19
677,32
677,31
677,33
677,29
677,34
677,54
677,48
677,56
677,50
678,67
678,66
678,65
678,69
678,73
678,72
678,74
678,75
678,84
678,86
678,81
679,109
679,104
679,105
679,123
679,121
679,120
679,127
679,126
679,125
679,124
680,59
680,58
680,89
680,95
680,93
680,97
680,103
680,96
680,100
681,104
681,106
681,107
681,117
681,116
681,118
681,123
681,120
682,67
682,66
682,65
682,69
682,68
682,80
682,76
682,79
682,77
682,78
682,95
682,89
682,93
683,59
683,60
683,58
683,72
683,71
683,96
683,97
683,101
684,60
684,64
684,94
684,93
685,106
685,108
685,117
685,119
685,127
685,126
685,124
686,106
686,104
686,109
686,105
686,107
686,114
686,111
686,110
686,113
686,112
686,123
686,120
687,109
687,106
687,105
687,117
687,116
687,119
687,118
687,126
687,127
687,124
687,125
688,3
688,5
688,4
688,20
688,14
688,11
688,18
688,19
688,37
688,42
688,43
689,109
689,106
689,108
689,110
689,112
690,128
690,134
690,131
690,129
690,133
690,146
690,149
690,147
690,148
690,151
690,154
690,153
691,8
691,1
691,2
691,48
691,52
692,13
692,11
692,14
692,17
692,25
692,28
693,5
693,1
693,7
693,25
693,26
694,80
694,79
694,89
694,94
694,95
694,92
695,66
695,69
695,76
695,77
695,97
695,96
695,102
696,149
696,146
696,147
696,148
696,154
696,151
696,150
696,153
696,152
697,134
697,128
697,130
697,146
697,149
697,147
697,148
697,151
697,154
697,150
698,24
698,25
698,26
698,37
698,36
698,38
698,47
698,39
699,110
699,114
699,111
699,113
699,115
699,123
699,121
699,120
699,126
699,125
700,138
700,135
700,137
700,141
700,142
700,144
700,149
700,146
700,148
701,57
701,59
701,60
701,64
701,62
701,67
701,68
701,85
701,83
702,33
702,32
702,34
702,44
702,42
702,36
702,45
702,43
703,20
703,14
703,19
703,24
703,26
704,5
704,1
704,2
704,37
704,38
704,39
705,14
705,20
705,21
705,49
705,48
705,56
705,55
706,106
706,109
706,104
706,105
706,121
706,123
706,120
706,122
706,126
706,127
706,124
707,85
707,84
707,83
707,96
707,97
707,103
707,99
708,142
708,141
708,145
708,143
708,144
708,146
708,149
708,147
708,148
708,151
708,154
708,153
708,152
708,150
709,3
709,8
709,5
709,4
709,14
709,13
709,19
709,23
709,25
709,22
710,73
710,72
710,71
710,75
710,74
710,85
710,86
710,84
710,81
710,94
710,89
710,95
710,90
711,138
711,136
711,135
711,137
711,149
711,147
712,57
712,62
712,66
712,65
712,67
712,69
712,97
712,103
712,96
712,102
713,1
713,8
713,3
713,9
713,23
713,25
713,28
713,37
713,42
713,43
714,84
714,85
714,83
714,89
714,94
714,95
714,90
714,91
715,73
715,72
715,71
715,80
715,76
715,78
715,77
715,103
715,102
716,31
716,35
716,37
716,44
716,38
716,40
716,49
716,55
717,104
717,106
717,105
717,117
717,118
717,123
717,121
717,122
717,120
718,23
718,25
718,26
718,32
718,34
719,10
719,18
719,38
719,44
719,43
719,56
719,48
719,54
719,50
719,53
720,3
720,8
720,5
720,2
720,14
720,10
720,21
720,42
720,44
720,36
720,41
721,24
721,22
721,32
721,33
721,31
721,30
721,29
721,48
721,51
722,111
722,110
722,114
722,112
722,115
722,117
722,116
722,119
722,126
722,127
722,124
723,72
723,71
723,76
723,80
723,78
723,89
723,94
723,95
723,90
724,10
724,11
724,14
724,18
724,24
724,25
724,23
724,28
724,26
724,38
724,42
724,37
724,47
725,1
725,2
725,32
725,34
726,59
726,60
726,57
726,64
726,84
726,85
726,83
726,95
726,94
726,89
726,92
726,90
727,60
727,57
727,59
727,64
727,84
727,86
727,87
728,66
728,68
728,89
728,95
728,93
728,96
728,98
729,138
729,135
729,139
729,141
729,142
729,144
729,151
729,153
730,109
730,106
730,104
730,105
730,111
730,114
730,110
730,112
730,127
730,126
730,124
730,125
731,106
731,104
731,107
731,114
731,111
731,110
731,113
731,117
731,116
731,119
731,118
732,8
732,1
732,5
732,7
732,20
732,10
732,11
732,18
732,31
732,32
732,33
732,29
733,57
733,60
733,59
733,64
733,72
733,74
734,117
734,116
734,118
734,119
734,127
734,126
734,124
734,125
735,117
735,116
735,118
735,123
735,121
735,120
735,122
735,126
735,127
735,125
736,114
736,110
736,113
736,116
736,117
736,119
736,118
736,123
736,120
737,20
737,13
737,19
737,38
737,44
737,36
737,43
738,32
738,30
738,44
738,36
738,37
738,45
738,43
738,54
738,52
739,1
739,5
739,8
739,7
739,25
739,24
739,22
739,33
739,32
739,35
740,13
740,16
740,24
740,23
740,25
740,28
740,54
740,53
741,57
741,60
741,59
741,63
741,65
741,69
741,94
741,95
741,89
741,91
741,93
742,25
742,23
742,24
742,26
742,33
742,32
742,31
742,35
742,34
742,38
742,37
742,44
742,40
742,43
743,138
743,136
743,135
743,140
743,137
743,141
743,145
744,32
744,33
744,30
744,54
744,48
744,49
744,50
744,53
745,8
745,1
745,5
745,9
745,32
745,30
746,117
746,118
746,127
746,126
746,125
746,124
747,1
747,6
747,11
747,18
747,23
747,24
747,25
747,27
748,76
748,80
748,77
748,89
748,94
748,90
749,57
749,58
749,66
749,65
749,67
749,70
749,76
749,77
750,1
750,3
750,5
750,6
750,9
750,11
750,21
750,54
750,49
750,53
751,57
751,60
751,59
751,62
751,64
751,80
751,79
751,85
751,86
751,84
751,82
752,13
752,10
752,11
752,21
752,12
752,42
752,36
752,41
752,56
752,51
753,66
753,70
753,84
753,85
753,88
753,89
753,95
753,94
753,91
754,24
754,25
754,23
754,26
754,33
754,30
754,44
754,46
755,66
755,65
755,67
755,70
755,69
755,73
755,74
755,80
755,76
755,77
755,79
755,78
756,5
756,3
756,6
756,13
756,16
756,23
756,24
756,25
756,22
757,57
757,59
757,60
757,62
757,103
757,97
757,96
757,99
757,101
758,3
758,1
758,6
758,11
758,14
758,18
758,49
758,54
758,56
758,50
759,138
759,136
759,135
759,137
759,139
759,146
759,149
759,147
760,65
760,67
760,66
760,69
760,68
760,80
760,76
760,79
760,78
761,128
761,134
761,130
761,135
761,140
761,154
761,151
761,150
762,60
762,59
762,57
762,61
762,58
762,72
762,73
762,71
762,75
762,74
762,80
762,79
763,131
763,134
763,128
763,129
763,141
763,142
763,145
763,143
763,151
763,154
763,150
764,5
764,3
764,1
764,7
764,6
764,11
764,18
765,128
765,134
765,131
765,129
765,132
765,142
765,141
765,143
765,145
765,149
765,146
765,147
766,36
766,44
766,38
766,39
766,48
766,56
766,49
766,53
767,23
767,25
767,27
767,42
767,38
767,46
767,48
767,56
767,54
767,51
768,106
768,109
768,108
768,123
768,121
768,120
768,122
769,57
769,61
769,80
769,76
769,77
769,78
769,79
769,85
769,86
769,84
769,83
769,88
770,57
770,59
770,61
770,76
770,80
770,77
770,79
771,25
771,24
771,23
771,26
771,54
771,49
771,51
772,121
772,123
772,120
772,122
772,127
772,126
772,124
772,125
773,67
773,65
773,66
773,70
773,86
773,87
774,20
774,10
774,13
774,18
774,12
774,25
774,23
774,27
774,33
774,32
774,31
774,30
774,35
775,23
775,25
775,24
775,22
775,31
775,33
775,32
775,30
775,56
775,49
775,54
775,50
776,14
776,10
776,15
776,32
776,33
776,35
777,3
777,8
777,4
777,10
777,11
777,12
777,24
777,25
777,23
777,27
778,59
778,57
778,60
778,62
778,80
778,78
778,84
778,86
778,85
778,87
779,5
779,7
779,32
779,35
779,54
779,51
780,138
780,139
780,149
780,146
780,147
780,148
780,154
780,151
780,150
781,23
781,25
781,24
781,28
781,44
781,37
781,38
781,46
781,49
781,48
781,56
781,53
782,3
782,8
782,4
782,32
782,31
782,33
782,35
782,42
782,37
782,36
782,39
782,46
783,1
783,3
783,2
783,33
783,30
783,49
783,54
783,56
783,53
784,134
784,131
784,128
784,132
784,136
784,135
784,138
784,139
784,149
784,146
784,148
784,147
785,13
785,10
785,17
785,25
785,23
785,24
785,27
785,28
785,42
785,41
786,66
786,65
786,69
786,73
786,72
786,74
786,75
786,103
786,97
786,100
787,14
787,11
787,10
787,16
787,18
787,32
787,31
787,30
787,44
787,42
787,38
787,45
788,5
788,1
788,9
788,23
788,25
788,28
788,32
788,33
788,31
788,34
788,35
789,59
789,57
789,60
789,61
789,62
789,84
789,86
789,81
789,89
789,95
789,91
790,20
790,13
790,19
790,24
790,26
790,36
790,46
791,135
791,138
791,136
791,140
791,151
791,154
791,152
792,67
792,65
792,70
792,80
792,76
792,78
792,79
792,77
792,84
792,83
793,14
793,20
793,13
793,15
793,32
793,33
793,31
793,29
793,35
793,38
793,46
794,106
794,108
794,110
794,113
794,121
794,123
794,120
794,122
795,23
795,22
795,32
795,33
795,31
795,34
796,60
796,59
796,57
796,61
796,80
796,76
796,79
797,134
797,128
797,131
797,130
797,149
797,146
797,147
797,148
798,1
798,3
798,8
798,2
798,20
798,13
798,17
798,54
798,48
798,52
799,121
799,123
799,120
799,126
799,127
799,124
800,57
800,59
800,61
800,72
800,71
800,94
800,89
800,93
801,60
801,63
801,65
801,66
801,67
801,68
801,97
801,96
801,103
801,101
801,100
802,106
802,104
802,105
802,114
802,115
802,117
802,116
802,118
803,59
803,61
803,73
803,72
803,75
803,97
803,96
803,102
804,106
804,104
804,109
804,105
804,114
804,110
804,112
804,116
804,119
805,73
805,72
805,71
805,80
805,76
805,77
805,84
805,85
805,82
806,84
806,87
806,97
806,96
806,103
806,98
806,102
807,104
807,106
807,108
807,110
807,114
807,111
807,112
807,123
807,120
808,106
808,105
808,127
808,126
808,124
808,125
809,114
809,112
809,121
809,123
809,122
810,131
810,128
810,134
810,129
810,133
810,141
810,142
810,144
810,151
810,154
810,153
810,152
810,150
811,23
811,24
811,27
811,33
811,31
811,32
811,29
811,34
811,36
811,37
811,42
811,47
812,72
812,73
812,75
812,94
812,89
812,95
812,90
812,93
813,109
813,106
813,107
813,111
813,115
813,127
813,124
814,31
814,34
814,42
814,44
814,45
814,54
814,56
814,48
814,53
814,51
815,86
815,85
815,84
815,81
815,94
815,89
815,95
815,93
815,97
815,103
815,102
816,73
816,72
816,71
816,86
816,85
816,81
817,5
817,3
817,8
817,6
817,7
817,11
817,13
817,10
817,17
818,59
818,60
818,61
818,72
818,73
818,74
818,75
818,71
818,97
818,96
818,99
819,67
819,70
819,85
819,86
819,82
819,103
819,102
820,116
820,117
820,118
820,119
820,121
820,123
820,120
820,126
820,124
821,116
821,117
821,119
821,118
821,121
821,123
821,122
821,126
821,127
821,124
822,104
822,106
822,109
822,107
822,121
822,123
822,120
822,122
822,126
822,127
822,124
823,57
823,60
823,59
823,61
823,72
823,73
823,71
823,85
823,86
823,84
823,81
824,3
824,1
824,5
824,7
824,9
824,44
824,37
824,42
824,46
825,3
825,4
825,23
825,25
825,24
825,27
825,26
825,37
825,38
825,46
826,67
826,69
826,84
826,85
826,83
826,103
826,96
826,98
827,25
827,23
827,24
827,22
827,28
827,36
827,37
827,42
827,46
827,49
827,48
827,56
827,53
828,80
828,76
828,77
828,86
828,84
828,85
828,83
828,95
828,89
828,94
828,90
829,106
829,105
829,111
829,114
829,110
829,113
829,123
829,121
829,122
830,5
830,1
830,7
830,13
830,11
830,10
830,21
830,54
830,51
831,3
831,4
831,48
831,55
832,13
832,19
832,32
832,33
832,31
832,30
832,29
832,36
832,44
832,47
833,116
833,117
833,119
833,118
833,121
833,123
833,122
833,120
834,3
834,6
834,49
834,56
834,54
834,51
835,65
835,69
835,80
835,76
835,78
835,77
836,1
836,8
836,3
836,6
836,13
836,11
836,15
836,24
836,23
836,28
837,134
837,128
837,131
837,129
837,130
837,138
837,136
837,135
837,137
838,86
838,85
838,84
838,81
838,87
838,89
838,94
838,92
838,96
838,97
838,103
838,102
838,100
839,138
839,135
839,140
839,142
839,143
839,146
839,149
839,148
840,3
840,9
840,25
840,24
840,23
840,26
840,22
840,36
840,44
840,39
841,10
841,13
841,20
841,21
841,36
841,44
841,38
841,46
842,10
842,13
842,18
842,33
842,32
842,31
842,30
843,3
843,5
843,6
843,24
843,25
843,22
843,56
843,49
843,55
844,1
844,8
844,3
844,7
844,4
844,31
844,30
844,49
844,54
844,53
845,84
845,85
845,82
845,94
845,95
845,89
845,91
845,93
846,3
846,2
846,14
846,11
846,18
846,33
846,31
846,34
847,57
847,59
847,60
847,64
847,76
847,77
848,128
848,131
848,134
848,130
848,129
848,138
848,139
849,80
849,76
849,77
849,78
849,79
849,103
849,97
849,100
850,20
850,21
850,37
850,39
850,56
850,49
850,48
850,53
850,51
851,136
851,135
851,138
851,139
851,141
851,142
851,143
851,145
851,151
851,154
851,150
852,25
852,24
852,23
852,26
852,33
852,31
852,30
852,49
852,54
852,48
852,55
852,50
853,13
853,11
853,20
853,15
853,33
853,31
853,32
853,35
853,49
853,48
853,56
853,52
854,114
854,111
854,113
854,116
854,117
854,119
854,123
854,121
854,122
855,8
855,5
855,3
855,6
855,4
855,11
855,12
856,134
856,128
856,129
856,136
856,135
856,140
856,142
856,141
856,144
856,145
857,60
857,57
857,59
857,62
857,61
857,65
857,67
857,66
857,70
858,94
858,95
858,89
858,90
858,103
858,101
859,57
859,59
859,64
859,73
859,72
859,71
859,96
859,103
859,100
860,3
860,1
860,7
860,24
860,25
860,23
860,26
860,48
860,56
860,54
860,53
861,20
861,16
861,24
861,25
861,23
861,28
861,56
861,54
861,52
862,20
862,13
862,11
862,18
862,44
862,42
862,36
862,46
863,23
863,25
863,22
863,44
863,37
863,39
864,117
864,116
864,119
864,123
864,121
864,122
864,126
864,127
864,124
865,24
865,25
865,28
865,49
865,54
865,56
865,55
865,50
866,23
866,28
866,31
866,33
866,32
866,29
866,34
866,49
866,55
867,110
867,113
867,117
867,116
867,119
867,118
868,3
868,4
868,10
868,13
868,14
868,21
869,5
869,4
869,37
869,44
869,45
869,54
869,50
870,33
870,32
870,30
870,48
870,53
871,31
871,29
871,42
871,46
871,54
871,49
871,56
871,53
871,51
872,24
872,25
872,26
872,31
872,33
872,32
872,29
872,48
872,50
873,128
873,129
873,136
873,135
873,138
873,140
873,146
873,149
873,147
874,84
874,86
874,85
874,81
874,88
874,103
874,96
874,102
875,67
875,65
875,66
875,70
875,69
875,94
875,91
876,3
876,1
876,8
876,9
876,23
876,26
876,32
876,33
876,34
877,135
877,140
877,142
877,141
877,144
877,143
878,135
878,138
878,139
878,142
878,141
878,144
878,149
878,147
879,13
879,15
879,38
879,45
880,136
880,135
880,140
880,149
880,146
880,147
880,148
881,1
881,3
881,5
881,6
881,33
881,29
882,3
882,8
882,1
882,2
882,23
882,24
882,27
882,42
882,41
883,1
883,3
883,7
883,24
883,23
883,22
883,49
883,56
883,54
883,52
884,106
884,104
884,107
884,126
884,127
884,124
885,3
885,5
885,1
885,7
885,32
885,29
885,56
885,48
885,54
885,53
886,114
886,111
886,110
886,112
886,113
886,123
886,121
886,120
886,122
887,11
887,13
887,20
887,16
887,42
887,37
887,47
887,56
887,49
887,54
887,50
887,51
888,109
888,107
888,121
888,123
888,122
888,120
888,127
888,126
888,125
888,124
889,104
889,109
889,106
889,108
889,117
889,118
889,121
889,123
889,120
889,122
890,5
890,8
890,3
890,4
890,42
890,37
890,44
890,41
890,54
890,49
890,48
890,53
891,42
891,37
891,38
891,43
891,48
891,49
891,56
891,55
891,52
892,5
892,3
892,1
892,4
892,36
892,37
892,42
892,39
892,49
892,50
893,25
893,22
893,38
893,44
893,37
893,46
894,20
894,11
894,10
894,21
894,25
894,26
894,33
894,32
894,34
895,8
895,3
895,6
895,54
895,48
895,56
895,50
895,53
896,60
896,57
896,59
896,63
896,58
896,80
896,76
896,77
897,1
897,5
897,8
897,2
897,14
897,20
897,16
897,38
897,40
898,73
898,72
898,75
898,89
898,95
898,92
898,97
898,96
898,103
898,102
898,99
899,104
899,105
899,110
899,114
899,111
899,113
899,127
899,126
899,124
899,125
900,8
900,4
900,13
900,12
900,38
900,37
900,36
900,41
900,40
901,57
901,60
901,59
901,61
901,65
901,67
901,66
901,68
901,76
901,80
901,77
901,78
901,79
902,111
902,110
902,114
902,112
902,116
902,117
902,119
902,118
902,123
902,121
902,120
902,122
903,14
903,10
903,18
903,24
903,25
903,23
903,27
903,33
903,32
903,31
903,30
904,20
904,10
904,14
904,18
904,48
904,54
904,49
904,55
904,51
905,80
905,76
905,79
905,77
905,78
905,89
905,95
905,94
905,91
906,131
906,128
906,132
906,141
906,142
906,145
906,143
906,154
906,151
906,150
906,152
907,20
907,17
907,44
907,47
908,57
908,59
908,60
908,63
908,76
908,80
908,79
908,86
908,85
908,83
909,3
909,8
909,1
909,6
909,9
909,13
909,18
909,32
909,31
909,33
909,30
910,76
910,80
910,79
910,85
910,84
910,86
910,81
911,1
911,5
911,8
911,7
911,44
911,42
911,38
911,47
912,13
912,14
912,20
912,12
912,33
912,31
912,32
912,35
912,29
912,54
912,48
912,55
913,104
913,105
913,116
913,117
913,118
914,67
914,66
914,65
914,68
914,76
914,80
914,78
914,95
914,94
914,91
915,13
915,12
915,31
915,33
915,29
915,38
915,37
915,36
915,41
916,33
916,32
916,31
916,35
916,44
916,38
916,43
916,49
916,48
916,51
917,5
917,8
917,3
917,9
917,31
917,33
917,35
918,57
918,60
918,58
918,84
918,86
918,85
918,88
919,135
919,139
919,146
919,149
919,148
919,151
919,154
919,150
919,152
920,128
920,134
920,131
920,130
920,141
920,143
921,117
921,118
921,123
921,121
921,122
921,127
921,124
922,33
922,31
922,32
922,35
922,34
922,38
922,37
922,41
923,109
923,106
923,104
923,107
923,117
923,116
923,119
923,118
923,127
923,126
923,125
923,124
924,1
924,3
924,7
924,32
924,31
924,33
924,34
924,54
924,55
925,65
925,66
925,67
925,69
925,68
925,94
925,89
925,95
925,92
925,93
926,73
926,72
926,75
926,71
926,74
926,97
926,98
927,8
927,1
927,2
927,25
927,28
927,48
927,53
928,8
928,3
928,6
928,24
928,25
928,23
928,22
928,42
928,37
928,44
928,47
928,46
929,24
929,23
929,28
929,44
929,42
929,37
929,47
930,31
930,30
930,42
930,36
930,38
930,47
931,116
931,117
931,118
931,119
931,126
931,127
931,125
931,124
932,57
932,59
932,60
932,63
932,84
932,88
932,96
932,103
932,97
932,101
933,10
933,20
933,18
933,24
933,25
933,23
933,28
933,33
933,31
933,32
933,35
933,30
934,142
934,141
934,144
934,154
934,151
934,153
934,150
935,128
935,134
935,132
935,141
935,142
935,144
935,143
935,145
936,67
936,70
936,76
936,80
936,78
936,84
936,86
936,85
936,88
937,23
937,24
937,27
937,31
937,33
937,32
937,34
937,36
937,42
937,44
937,45
938,8
938,1
938,5
938,2
938,25
938,24
938,23
938,27
938,33
938,35
939,131
939,134
939,130
939,142
939,143
940,106
940,104
940,108
940,110
940,111
940,115
940,117
940,116
940,118
941,14
941,13
941,20
941,19
941,25
941,24
941,22
941,42
941,38
941,36
941,47
942,1
942,8
942,3
942,2
942,9
942,10
942,13
942,19
942,32
942,31
942,35
943,33
943,31
943,30
943,48
943,56
943,49
943,50
943,55
944,66
944,65
944,70
944,73
944,72
944,75
944,74
944,71
944,85
944,86
944,84
944,81
945,80
945,76
945,77
945,84
945,86
945,85
945,82
945,81
945,103
945,96
945,97
945,101
945,102
946,85
946,86
946,88
946,95
946,94
946,93
947,89
947,94
947,95
947,93
947,91
947,96
947,97
947,103
947,98
948,3
948,1
948,5
948,4
948,38
948,43
949,76
949,80
949,78
949,77
949,94
949,95
949,91
950,1
950,3
950,8
950,7
950,23
950,22
950,56
950,51
951,60
951,57
951,59
951,58
951,103
951,96
951,97
951,99
952,80
952,76
952,78
952,94
952,89
952,95
952,90
952,93
953,121
953,123
953,122
953,120
953,127
953,126
953,125
953,124
954,59
954,60
954,57
954,62
954,63
954,65
954,69
954,89
954,94
954,92
955,33
955,29
955,38
955,37
955,44
955,46
955,39
955,48
955,54
955,55
956,13
956,10
956,19
956,31
956,32
956,33
956,35
956,56
956,49
956,50
957,57
957,59
957,60
957,62
957,73
957,72
957,74
958,106
958,109
958,104
958,105
958,117
958,116
958,119
958,118
958,123
958,121
958,122
959,73
959,72
959,74
959,76
959,78
959,95
959,89
959,94
959,92
960,106
960,104
960,109
960,108
960,110
960,112
960,123
960,122
961,25
961,23
961,26
961,31
961,32
961,33
961,29
961,48
961,56
961,49
961,53
962,106
962,109
962,105
962,110
962,111
962,114
962,112
963,111
963,114
963,113
963,117
963,116
963,119
963,118
963,126
963,127
963,125
964,110
964,111
964,112
964,121
964,122
964,126
964,127
964,124
965,141
965,142
965,144
965,145
965,143
965,149
965,146
965,148
965,147
965,151
965,154
965,153
966,57
966,62
966,80
966,76
966,78
966,79
966,77
966,94
966,95
966,89
966,93
967,3
967,1
967,8
967,4
967,7
967,23
967,25
967,28
967,36
967,38
967,47
968,111
968,112
968,117
968,116
968,118
968,119
968,123
968,121
968,120
968,122
969,32
969,31
969,33
969,35
969,36
969,38
969,37
969,43
969,54
969,48
969,56
969,50
970,111
970,113
970,121
970,123
970,122
970,120
970,126
970,127
970,124
971,104
971,109
971,106
971,105
971,108
971,123
971,121
971,122
971,120
971,127
971,126
971,125
972,24
972,28
972,33
972,32
972,31
972,30
973,5
973,8
973,3
973,9
973,14
973,11
973,17
973,37
973,36
973,45
974,1
974,8
974,5
974,7
974,38
974,44
974,40
974,54
974,48
974,56
974,53
975,31
975,30
975,37
975,42
975,36
975,43
976,72
976,73
976,71
976,75
976,85
976,86
976,84
976,82
977,5
977,3
977,8
977,6
977,10
977,13
977,12
977,33
977,31
977,32
977,34
978,106
978,105
978,114
978,110
978,111
978,113
978,112
978,123
978,121
978,122
978,120
979,73
979,71
979,89
979,94
979,95
979,92
980,37
980,44
980,36
980,43
980,54
980,50
981,8
981,1
981,3
981,2
981,24
981,25
981,28
981,48
981,49
981,56
981,50
982,8
982,5
982,3
982,9
982,2
982,38
982,42
982,36
982,40
982,56
982,48
982,53
983,67
983,66
983,65
983,68
983,69
983,89
983,91
983,97
983,96
983,103
983,102
984,3
984,7
984,13
984,14
984,11
984,17
984,36
984,37
984,42
984,39
985,38
985,37
985,36
985,41
985,48
985,56
985,54
985,53
986,142
986,141
986,145
986,149
986,146
986,147
986,148
987,65
987,66
987,67
987,68
987,70
987,80
987,76
987,79
987,85
987,84
987,86
987,88
988,31
988,35
988,37
988,42
988,45
988,48
988,54
988,56
988,55
989,23
989,24
989,28
989,32
989,33
989,31
989,34
989,29
990,3
990,5
990,1
990,6
990,25
990,23
990,28
990,48
990,49
990,51
991,131
991,132
991,142
991,141
991,144
991,143
991,145
991,154
991,151
991,150
991,152
992,33
992,31
992,35
992,42
992,37
992,38
992,43
993,1
993,5
993,8
993,7
993,20
993,14
993,10
993,15
993,44
993,38
993,42
993,41
994,1
994,5
994,8
994,6
994,2
994,23
994,27
994,32
994,33
994,31
994,29
995,60
995,64
995,103
995,97
995,96
995,102
996,1
996,3
996,8
996,2
996,7
996,10
996,20
996,14
996,15
996,49
996,56
996,48
996,50
997,24
997,23
997,25
997,28
997,48
997,49
997,52
998,5
998,8
998,7
998,20
998,13
998,19
998,48
998,49
998,54
998,51
999,80
999,76
999,78
999,95
999,94
999,89
999,90
1000,20
1000,10
1000,11
1000,17
1000,36
1000,42
1000,38
1000,45
1000,46
1000,48
1000,56
1000,55
1001,66
1001,70
1001,89
1001,94
1001,93
1002,59
1002,60
1002,63
1002,80
1002,76
1002,78
1002,77
1002,79
1002,86
1002,85
1002,84
1002,82
1002,88
1003,10
1003,14
1003,13
1003,19
1003,25
1003,24
1003,23
1003,26
1003,28
1004,1
1004,8
1004,5
1004,4
1004,32
1004,29
1005,134
1005,128
1005,129
1005,141
1005,142
1005,144
1005,143
1005,151
1005,153
1006,60
1006,57
1006,62
1006,65
1006,66
1006,67
1006,70
1006,95
1006,89
1006,90
1007,20
1007,17
1007,23
1007,25
1007,24
1007,28
1007,22
1007,44
1007,36
1007,41
1008,3
1008,1
1008,8
1008,2
1008,33
1008,32
1008,35
1008,48
1008,53
1009,3
1009,9
1009,23
1009,25
1009,24
1009,22
1009,48
1009,56
1009,49
1009,52
1010,80
1010,76
1010,78
1010,85
1010,86
1010,84
1010,83
1010,88
1010,96
1010,98
1011,110
1011,114
1011,112
1011,116
1011,118
1011,127
1011,126
1011,124
1011,125
1012,23
1012,22
1012,37
1012,44
1012,46
1012,56
1012,52
1013,5
1013,1
1013,3
1013,6
1013,33
1013,32
1013,31
1013,29
1014,141
1014,144
1014,146
1014,149
1014,147
1014,148
1014,151
1014,150
1015,3
1015,5
1015,8
1015,4
1015,6
1015,31
1015,33
1015,30
1015,42
1015,38
1015,39
1016,106
1016,104
1016,109
1016,108
1016,110
1016,114
1016,111
1016,112
1016,113
1016,117
1016,116
1016,118
1016,119
1017,3
1017,7
1017,23
1017,24
1017,25
1017,27
1018,24
1018,25
1018,27
1018,38
1018,37
1018,39
1019,60
1019,59
1019,58
1019,84
1019,86
1019,85
1019,88
1020,3
1020,5
1020,7
1020,33
1020,31
1020,32
1020,35
1020,44
1020,36
1020,43
1021,1
1021,4
1021,32
1021,33
1021,31
1021,29
1021,38
1021,44
1021,37
1021,40
1021,39
1022,25
1022,24
1022,28
1022,38
1022,36
1022,42
1022,43
1022,47
1023,128
1023,134
1023,131
1023,129
1023,132
1023,149
1023,146
1023,148
1023,147
1024,134
1024,130
1024,151
1024,154
1024,150
1025,13
1025,11
1025,15
1025,24
1025,25
1025,23
1025,22
1026,1
1026,5
1026,6
1026,14
1026,10
1026,13
1026,21
1027,1
1027,5
1027,9
1027,24
1027,23
1027,25
1027,28
1027,22
1027,54
1027,49
1027,48
1027,52
1028,65
1028,67
1028,66
1028,69
1028,97
1028,96
1028,100
1029,25
1029,24
1029,26
1029,54
1029,48
1029,56
1029,55
1030,14
1030,20
1030,18
1030,33
1030,34
1031,1
1031,3
1031,8
1031,2
1031,11
1031,13
1031,20
1031,18
1031,49
1031,56
1031,55
1032,10
1032,13
1032,15
1032,49
1032,52
1033,59
1033,62
1033,94
1033,89
1033,95
1033,91
1033,90
1033,97
1033,103
1033,96
1033,98
1034,8
1034,3
1034,1
1034,4
1034,13
1034,12
1034,48
1034,56
1034,54
1034,53
1035,128
1035,133
1035,135
1035,139
1035,154
1035,151
1035,153
1035,152
1035,150
1036,109
1036,108
1036,110
1036,114
1036,112
1036,116
1036,119
1037,59
1037,57
1037,63
1037,73
1037,75
1037,97
1037,103
1037,96
1037,99
1038,136
1038,135
1038,137
1038,141
1038,144
1038,151
1038,154
1038,150
1038,153
1039,85
1039,83
1039,94
1039,89
1039,95
1039,93
1039,97
1039,103
1039,96
1039,98
1040,138
1040,137
1040,141
1040,142
1040,143
1040,149
1040,146
1040,148
1040,147
1041,32
1041,33
1041,31
1041,35
1041,34
1041,56
1041,49
1041,48
1041,53
1041,51
1042,106
1042,109
1042,107
1042,116
1042,117
1042,119
1042,118
1042,126
1042,127
1042,124
1043,10
1043,11
1043,20
1043,18
1043,15
1043,37
1043,42
1043,43
1043,49
1043,52
1044,25
1044,23
1044,24
1044,27
1044,31
1044,33
1044,30
1044,44
1044,41
1045,8
1045,3
1045,6
1045,32
1045,34
1045,49
1045,56
1045,48
1045,52
1046,14
1046,13
1046,11
1046,18
1046,19
1046,23
1046,24
1046,28
1046,48
1046,56
1046,53
1047,13
1047,14
1047,11
1047,17
1047,25
1047,24
1047,23
1047,26
1047,48
1047,56
1047,52
1048,10
1048,11
1048,13
1048,18
1048,32
1048,33
1048,31
1048,29
1048,30
1048,54
1048,48
1048,50
1049,25
1049,24
1049,23
1049,27
1049,26
1049,31
1049,33
1049,32
1049,35
1049,30
1049,48
1049,49
1049,54
1049,55
1050,5
1050,1
1050,2
1050,37
1050,36
1050,39
1050,56
1050,50
1051,13
1051,15
1051,48
1051,54
1051,56
1051,50
1052,134
1052,128
1052,131
1052,132
1052,146
1052,149
1052,148
1052,147
1052,154
1052,151
1052,152
1052,153
1053,104
1053,107
1053,110
1053,114
1053,111
1053,112
1053,116
1053,117
1053,119
1053,118
1054,116
1054,119
1054,126
1054,127
1054,124
1054,125
1055,8
1055,5
1055,1
1055,6
1055,44
1055,38
1055,37
1055,40
1055,43
1055,54
1055,49
1055,50
1056,67
1056,69
1056,84
1056,85
1056,83
1057,11
1057,14
1057,19
1057,24
1057,25
1057,23
1057,22
1057,26
1057,32
1057,33
1057,31
1057,35
1057,29
1058,106
1058,108
1058,126
1058,127
1058,125
1059,65
1059,66
1059,67
1059,70
1059,68
1059,80
1059,76
1059,77
1059,103
1059,97
1059,96
1059,102
1059,99
1060,5
1060,9
1060,31
1060,33
1060,32
1060,34
1060,30
1060,37
1060,36
1060,43
1061,65
1061,67
1061,70
1061,76
1061,77
1062,104
1062,109
1062,107
1062,117
1062,116
1062,118
1062,119
1062,126
1062,127
1062,125
1063,20
1063,16
1063,24
1063,25
1063,28
1063,33
1063,32
1063,34
1064,1
1064,7
1064,31
1064,33
1064,32
1064,35
1064,30
1064,42
1064,44
1064,41
1065,24
1065,25
1065,23
1065,28
1065,32
1065,33
1065,30
1065,54
1065,56
1065,50
1066,73
1066,72
1066,75
1066,86
1066,84
1066,83
1067,33
1067,31
1067,32
1067,34
1067,30
1067,37
1067,36
1067,41
1067,54
1067,52
1068,5
1068,3
1068,7
1068,10
1068,15
1068,23
1068,25
1068,22
1069,13
1069,20
1069,15
1069,31
1069,32
1069,35
1069,49
1069,48
1069,50
1070,3
1070,8
1070,1
1070,9
1070,25
1070,24
1070,23
1070,26
1070,33
1070,31
1070,32
1070,34
1071,23
1071,22
1071,32
1071,31
1071,33
1071,34
1071,29
1072,72
1072,73
1072,71
1072,74
1072,89
1072,95
1072,94
1072,93
1072,97
1072,103
1072,96
1072,100
1073,110
1073,111
1073,114
1073,113
1073,126
1073,127
1073,124
1073,125
1074,110
1074,115
1074,126
1074,127
1074,125
1074,124
1075,66
1075,65
1075,70
1075,85
1075,84
1075,81
1076,13
1076,17
1076,54
1076,49
1076,48
1076,53
1077,24
1077,25
1077,28
1077,49
1077,56
1077,53
1078,110
1078,111
1078,114
1078,115
1078,123
1078,121
1078,122
1078,120
1079,104
1079,109
1079,106
1079,105
1079,114
1079,111
1079,113
1079,116
1079,117
1079,119
1080,128
1080,134
1080,129
1080,154
1080,151
1080,150
1080,153
1081,80
1081,76
1081,78
1081,77
1081,79
1081,89
1081,95
1081,94
1081,90
1081,97
1081,96
1081,103
1081,98
1081,99
1082,116
1082,117
1082,118
1082,119
1082,123
1082,120
1083,13
1083,20
1083,10
1083,17
1083,12
1083,32
1083,31
1083,33
1083,29
1083,44
1083,38
1083,37
1083,40
1083,43
1084,33
1084,32
1084,31
1084,35
1084,36
1084,42
1084,40
1084,56
1084,48
1084,52
1085,25
1085,23
1085,24
1085,27
1085,22
1085,32
1085,31
1085,33
1085,29
1085,42
1085,47
1086,116
1086,119
1086,121
1086,123
1086,122
1086,120
1087,24
1087,25
1087,28
1087,42
1087,38
1087,47
1087,56
1087,49
1087,52
1088,32
1088,33
1088,29
1088,44
1088,37
1088,36
1088,39
1089,135
1089,136
1089,138
1089,140
1089,151
1089,154
1089,152
1089,153
1090,24
1090,23
1090,27
1090,32
1090,30
1091,1
1091,4
1091,20
1091,10
1091,11
1091,19
1091,18
1091,25
1091,24
1091,23
1091,27
1091,26
1092,5
1092,1
1092,2
1092,14
1092,11
1092,10
1092,17
1093,73
1093,72
1093,74
1093,85
1093,84
1093,86
1093,82
1093,87
1093,103
1093,100
1094,14
1094,11
1094,15
1094,42
1094,40
1094,56
1094,49
1094,53
1095,128
1095,134
1095,131
1095,129
1095,130
1095,141
1095,142
1095,143
1095,149
1095,146
1095,148
1095,147
1096,10
1096,11
1096,18
1096,25
1096,24
1096,23
1096,27
1096,31
1096,33
1096,29
1097,72
1097,73
1097,71
1097,74
1097,75
1097,84
1097,85
1097,82
1098,111
1098,110
1098,113
1098,117
1098,116
1098,118
1098,119
1098,123
1098,122
1099,131
1099,134
1099,128
1099,129
1099,138
1099,136
1099,135
1099,140
1099,146
1099,149
1099,147
1100,3
1100,1
1100,8
1100,9
1100,23
1100,24
1100,28
1100,31
1100,32
1100,33
1100,30
1101,1
1101,8
1101,5
1101,7
1101,6
1101,23
1101,25
1101,24
1101,26
1101,27
1101,44
1101,37
1101,38
1101,45
1102,106
1102,109
1102,107
1102,121
1102,123
1102,122
1102,126
1102,127
1102,125
1103,20
1103,13
1103,14
1103,17
1103,18
1103,23
1103,26
1104,10
1104,12
1104,54
1104,49
1104,52
1105,104
1105,107
1105,117
1105,116
1105,118
1105,119
1105,121
1105,123
1105,120
1105,122
1106,24
1106,25
1106,23
1106,28
1106,26
1106,32
1106,33
1106,31
1106,29
1106,48
1106,56
1106,54
1106,55
1106,52
1107,24
1107,26
1107,31
1107,32
1107,33
1107,34
1107,42
1107,38
1107,37
1107,41
1108,109
1108,104
1108,106
1108,108
1108,116
1108,119
1108,127
1108,126
1108,124
1108,125
1109,5
1109,4
1109,24
1109,25
1109,26
1110,23
1110,25
1110,24
1110,26
1110,32
1110,30
1110,42
1110,39
1111,33
1111,29
1111,54
1111,48
1111,49
1111,53
1111,55
1112,5
1112,8
1112,1
1112,2
1112,32
1112,31
1112,29
1112,48
1112,54
1112,55
1113,76
1113,79
1113,84
1113,85
1113,88
1113,95
1113,89
1113,91
1114,59
1114,60
1114,57
1114,63
1114,76
1114,80
1114,78
1114,77
1114,79
1114,94
1114,90
1115,109
1115,104
1115,107
1115,121
1115,123
1115,122
1115,120
1116,57
1116,59
1116,60
1116,64
1116,80
1116,79
1116,103
1116,96
1116,102
1117,109
1117,106
1117,104
1117,108
1117,105
1117,110
1117,113
1117,126
1117,125
1118,106
1118,109
1118,104
1118,108
1118,116
1118,117
1118,119
1118,121
1118,123
1118,120
1119,14
1119,20
1119,21
1119,25
1119,23
1119,24
1119,22
1119,28
1119,36
1119,37
1119,47
1120,80
1120,76
1120,77
1120,79
1120,78
1120,84
1120,85
1120,86
1120,88
1120,94
1120,95
1120,89
1120,91
1121,60
1121,59
1121,57
1121,63
1121,65
1121,66
1121,67
1121,69
1121,96
1121,97
1121,100
1122,24
1122,23
1122,28
1122,31
1122,32
1122,33
1122,35
1122,54
1122,56
1122,53
1123,8
1123,3
1123,2
1123,37
1123,38
1123,44
1123,43
1123,54
1123,48
1123,49
1123,50
1124,116
1124,117
1124,118
1124,121
1124,123
1124,122
1125,8
1125,3
1125,5
1125,2
1125,4
1125,32
1125,33
1125,35
1125,36
1125,42
1125,43
1126,14
1126,13
1126,20
1126,16
1126,15
1126,23
1126,24
1126,25
1126,27
1126,37
1126,38
1126,42
1126,45
1127,25
1127,23
1127,24
1127,28
1127,36
1127,42
1127,44
1127,39
1128,104
1128,109
1128,106
1128,107
1128,121
1128,123
1128,120
1128,122
1128,126
1128,127
1128,125
1128,124
1129,146
1129,149
1129,148
1129,154
1129,150
1130,8
1130,1
1130,3
1130,2
1130,37
1130,36
1130,38
1130,46
1130,54
1130,48
1130,51
1131,8
1131,1
1131,5
1131,7
1131,33
1131,32
1131,31
1131,29
1131,44
1131,47
1132,8
1132,1
1132,5
1132,7
1132,4
1132,11
1132,13
1132,10
1132,15
1132,25
1132,24
1132,23
1132,27
1133,131
1133,134
1133,128
1133,130
1133,129
1133,138
1133,135
1133,136
1133,137
1133,149
1133,146
1133,148
1133,147
1134,110
1134,114
1134,111
1134,113
1134,117
1134,116
1134,119
1134,118
1134,121
1134,120
1135,136
1135,138
1135,135
1135,139
1135,149
1135,146
1135,148
1135,147
1136,123
1136,120
1136,126
1136,124
1137,104
1137,106
1137,107
1137,121
1137,123
1137,122
1137,120
1137,127
1137,126
1137,125
1138,84
1138,81
1138,94
1138,95
1138,91
1138,97
1138,96
1138,103
1138,101
1138,102
1139,66
1139,65
1139,70
1139,72
1139,73
1139,75
1139,71
1139,74
1139,95
1139,89
1139,94
1139,91
1139,93
1140,59
1140,60
1140,63
1140,80
1140,76
1140,79
1140,77
1140,78
1140,103
1140,98
1141,20
1141,15
1141,24
1141,25
1141,26
1141,36
1141,43
1142,13
1142,11
1142,14
1142,21
1142,18
1142,24
1142,25
1142,26
1142,42
1142,40
1143,106
1143,104
1143,109
1143,105
1143,121
1143,123
1143,120
1143,122
1143,127
1143,126
1143,125
1143,124
1144,104
1144,107
1144,116
1144,117
1144,118
1144,119
1144,126
1144,127
1144,125
1144,124
1145,3
1145,5
1145,1
1145,7
1145,23
1145,25
1145,28
1145,49
1145,55
1146,116
1146,117
1146,119
1146,118
1146,123
1146,121
1146,120
1146,122
1146,126
1146,124
1147,5
1147,8
1147,3
1147,4
1147,9
1147,31
1147,32
1147,29
1147,37
1147,44
1147,36
1147,47
1148,131
1148,130
1148,135
1148,138
1148,136
1148,139
1148,151
1148,154
1148,150
1149,141
1149,142
1149,143
1149,154
1149,152
1150,60
1150,59
1150,57
1150,58
1150,61
1150,66
1150,67
1150,65
1150,69
1150,73
1150,72
1150,75
1151,5
1151,8
1151,4
1151,37
1151,36
1151,42
1151,43
1151,49
1151,54
1151,48
1151,55
1151,52
1152,111
1152,110
1152,114
1152,115
1152,123
1152,121
1152,122
1152,127
1152,126
1152,125
1152,124
1153,73
1153,72
1153,71
1153,84
1153,82
1153,89
1153,95
1153,94
1153,90
1153,93
1154,67
1154,65
1154,66
1154,68
1154,76
1154,80
1154,78
1154,77
1154,79
1154,97
1154,96
1154,100
1155,11
1155,16
1155,25
1155,24
1155,23
1155,26
1156,1
1156,5
1156,8
1156,2
1156,6
1156,13
1156,11
1156,19
1156,54
1156,56
1156,48
1156,55
1156,51
1157,57
1157,59
1157,60
1157,58
1157,63
1157,72
1157,73
1157,71
1157,74
1157,86
1157,88
1158,20
1158,13
1158,11
1158,18
1158,25
1158,24
1158,27
1158,31
1158,35
1159,32
1159,33
1159,31
1159,34
1159,36
1159,37
1159,45
1159,49
1159,48
1159,56
1159,50
1160,67
1160,65
1160,66
1160,69
1160,95
1160,90
1160,97
1160,103
1160,96
1160,98
1160,101
1161,33
1161,32
1161,31
1161,34
1161,42
1161,36
1161,44
1161,47
1162,104
1162,109
1162,106
1162,105
1162,114
1162,110
1162,111
1162,112
1162,113
1162,127
1162,126
1162,124
1162,125
1163,10
1163,16
1163,31
1163,33
1163,32
1163,30
1164,116
1164,117
1164,118
1164,126
1164,127
1164,125
1164,124
1165,42
1165,44
1165,47
1165,49
1165,51
1166,24
1166,25
1166,23
1166,22
1166,27
1166,37
1166,36
1166,38
1166,39
1166,54
1166,49
1166,55
1167,8
1167,9
1167,25
1167,26
1167,37
1167,42
1167,36
1167,45
1168,65
1168,66
1168,67
1168,68
1168,69
1168,95
1168,89
1168,94
1168,93
1168,90
1168,96
1168,99
1169,1
1169,8
1169,9
1169,31
1169,32
1169,33
1169,29
1169,30
1169,42
1169,36
1169,46
1170,42
1170,37
1170,40
1170,48
1170,49
1170,56
1170,50
1170,52
1171,59
1171,60
1171,57
1171,64
1171,72
1171,73
1171,71
1171,95
1171,89
1171,94
1171,91
1172,1
1172,5
1172,3
1172,7
1172,10
1172,20
1172,11
1172,21
1172,23
1172,24
1172,26
1173,60
1173,57
1173,61
1173,85
1173,84
1173,86
1173,87
1173,81
1173,96
1173,97
1173,101
1174,59
1174,57
1174,60
1174,62
1174,72
1174,73
1174,74
1174,71
1174,96
1174,97
1174,103
1174,100
1174,101
1175,110
1175,111
1175,115
1175,117
1175,116
1175,118
1175,119
1176,20
1176,11
1176,16
1176,33
1176,31
1176,32
1176,30
1177,136
1177,140
1177,141
1177,142
1177,144
1177,143
1177,154
1177,151
1177,152
1178,109
1178,104
1178,106
1178,108
1178,114
1178,112
1178,127
1178,126
1178,125
1178,124
1179,31
1179,32
1179,33
1179,29
1179,38
1179,37
1179,44
1179,45
1179,41
1180,117
1180,116
1180,119
1180,118
1180,123
1180,121
1180,120
1180,122
1180,126
1180,127
1180,125
1181,10
1181,14
1181,12
1181,24
1181,25
1181,23
1181,26
1181,48
1181,54
1181,56
1181,52
1182,128
1182,131
1182,129
1182,141
1182,142
1182,144
1182,143
1182,145
1182,154
1182,150
1183,116
1183,117
1183,119
1183,118
1183,121
1183,123
1183,122
1183,120
1183,126
1183,127
1183,125
1183,124
1184,5
1184,2
1184,33
1184,32
1184,34
1184,48
1184,54
1184,49
1184,51
1185,106
1185,109
1185,104
1185,107
1185,114
1185,110
1185,111
1185,115
1185,126
1185,127
1185,124
1186,72
1186,73
1186,71
1186,86
1186,81
1186,89
1186,94
1186,95
1186,93
1186,90
1187,8
1187,7
1187,24
1187,22
1187,36
1187,44
1187,39
1188,104
1188,109
1188,106
1188,107
1188,116
1188,117
1188,119
1188,123
1188,121
1188,120
1189,57
1189,59
1189,60
1189,64
1189,58
1189,85
1189,84
1189,86
1189,83
1189,103
1189,102
1190,14
1190,12
1190,31
1190,30
1190,54
1190,49
1190,48
1190,52
1191,13
1191,18
1191,44
1191,38
1191,36
1191,45
1191,54
1191,51
1192,10
1192,11
1192,19
1192,31
1192,35
1192,37
1192,38
1192,45
1193,11
1193,10
1193,13
1193,19
1193,18
1193,33
1193,34
1194,65
1194,67
1194,66
1194,69
1194,85
1194,86
1194,87
1194,96
1194,99
1195,5
1195,1
1195,9
1195,23
1195,25
1195,24
1195,22
1195,49
1195,54
1195,56
1195,53
1196,60
1196,57
1196,59
1196,61
1196,62
1196,80
1196,76
1196,79
1196,77
1196,96
1196,103
1196,100
1197,72
1197,73
1197,71
1197,74
1197,75
1197,86
1197,85
1197,84
1197,87
1197,95
1197,94
1197,93
1198,110
1198,111
1198,112
1198,123
1198,121
1198,120
1198,122
1198,126
1198,124
1199,3
1199,5
1199,2
1199,23
1199,27
1199,44
1199,46
1200,142
1200,144
1200,149
1200,146
1200,148
1200,147
1200,154
1200,151
1200,153
1200,152
1201,106
1201,108
1201,110
1201,114
1201,111
1201,112
1201,113
1201,117
1201,116
1201,119
1202,31
1202,32
1202,33
1202,35
1202,38
1202,47
1203,23
1203,26
1203,32
1203,33
1203,34
1203,42
1203,43
1204,8
1204,3
1204,9
1204,11
1204,14
1204,20
1204,19
1204,33
1204,31
1204,32
1204,30
1205,57
1205,60
1205,59
1205,62
1205,86
1205,84
1205,85
1205,83
1205,103
1205,97
1205,96
1205,100
1206,109
1206,104
1206,108
1206,116
1206,117
1206,119
1206,118
1207,104
1207,107
1207,121
1207,120
1208,5
1208,8
1208,4
1208,33
1208,32
1208,31
1208,30
1208,35
1208,42
1208,37
1208,47
1209,136
1209,135
1209,137
1209,141
1209,142
1209,144
1209,143
1209,145
1209,149
1209,147
1210,135
1210,136
1210,140
1210,142
1210,141
1210,143
1210,151
1210,154
1210,152
1211,136
1211,135
1211,138
1211,140
1211,141
1211,142
1211,143
1211,144
1211,145
1211,151
1211,154
1211,152
1211,150
1212,136
1212,135
1212,138
1212,140
1212,141
1212,142
1212,145
1212,143
1212,144
1212,146
1212,149
1212,148
1213,11
1213,14
1213,13
1213,19
1213,17
1213,24
1213,23
1213,28
1213,38
1213,37
1213,45
1214,104
1214,106
1214,107
1214,116
1214,117
1214,118
1214,119
1214,126
1214,125
1215,104
1215,108
1215,127
1215,126
1215,125
1215,124
1216,14
1216,20
1216,11
1216,18
1216,24
1216,28
1216,36
1216,42
1216,44
1216,40
1217,57
1217,59
1217,60
1217,62
1217,66
1217,65
1217,67
1217,68
1217,70
1217,94
1217,89
1217,95
1217,90
1217,92
1218,10
1218,21
1218,23
1218,25
1218,24
1218,27
1218,28
1219,5
1219,8
1219,1
1219,2
1219,6
1219,23
1219,24
1219,25
1219,28
1219,56
1219,49
1219,51
1220,3
1220,8
1220,5
1220,2
1220,13
1220,18
1221,59
1221,60
1221,64
1221,72
1221,73
1221,75
1221,86
1221,85
1221,84
1221,83
1222,65
1222,66
1222,67
1222,69
1222,70
1222,80
1222,77
1222,94
1222,89
1222,95
1222,91
1223,14
1223,10
1223,13
1223,19
1223,17
1223,33
1223,31
1223,30
1223,38
1223,36
1223,37
1223,45
1223,43
1224,65
1224,66
1224,69
1224,84
1224,86
1224,87
1225,3
1225,8
1225,2
1225,24
1225,28
1225,42
1225,46
1226,10
1226,11
1226,20
1226,17
1226,24
1226,25
1226,22
1226,31
1226,33
1226,35
1227,131
1227,128
1227,134
1227,133
1227,146
1227,149
1227,147
1228,32
1228,31
1228,33
1228,34
1228,30
1228,44
1228,36
1228,38
1228,46
1228,56
1228,54
1228,55
1229,60
1229,57
1229,59
1229,58
1229,61
1229,76
1229,78
1229,97
1229,103
1229,102
1230,5
1230,8
1230,1
1230,6
1230,4
1230,25
1230,24
1230,26
1230,33
1230,31
1230,32
1230,29
1230,35
1231,10
1231,14
1231,21
1231,33
1231,31
1231,32
1231,34
1231,56
1231,48
1231,54
1231,52
1232,106
1232,104
1232,107
1232,116
1232,117
1232,119
1232,118
1232,126
1232,127
1232,124
1232,125
1233,59
1233,57
1233,60
1233,64
1233,62
1233,73
1233,72
1233,75
1233,74
1233,95
1233,89
1233,90
1234,59
1234,58
1234,65
1234,66
1234,67
1234,70
1234,76
1234,80
1234,77
1234,79
1235,106
1235,108
1235,110
1235,111
1235,114
1235,113
1235,116
1235,119
1236,8
1236,3
1236,5
1236,7
1236,24
1236,25
1236,27
1236,38
1236,39
1237,104
1237,109
1237,106
1237,107
1237,111
1237,115
1237,127
1237,126
1237,124
1238,134
1238,128
1238,131
1238,132
1238,149
1238,146
1238,147
1238,148
1238,154
1238,152
1239,117
1239,116
1239,119
1239,118
1239,123
1239,120
1239,126
1239,127
1239,125
1240,111
1240,114
1240,110
1240,113
1240,123
1240,121
1240,122
1241,8
1241,3
1241,1
1241,9
1241,25
1241,23
1241,28
1241,36
1241,38
1241,45
1242,116
1242,117
1242,118
1242,119
1242,123
1242,120
1242,127
1242,126
1242,124
1242,125
1243,66
1243,65
1243,70
1243,80
1243,76
1243,79
1243,85
1243,84
1243,86
1243,87
1243,88
1244,8
1244,1
1244,5
1244,6
1244,7
1244,38
1244,41
1244,56
1244,48
1244,51
1245,142
1245,141
1245,143
1245,145
1245,146
1245,148
1245,151
1245,154
1245,150
1245,153
1246,80
1246,76
1246,79
1246,89
1246,95
1246,94
1246,92
1247,5
1247,1
1247,3
1247,7
1247,10
1247,20
1247,13
1247,18
1247,56
1247,54
1247,53
1248,72
1248,73
1248,71
1248,75
1248,74
1248,76
1248,80
1248,78
1248,79
1248,103
1248,96
1248,99
1249,23
1249,27
1249,33
1249,31
1249,32
1249,30
1249,35
1249,36
1249,37
1249,44
1249,47
1250,116
1250,119
1250,123
1250,121
1250,122
1250,120
1250,126
1250,127
1250,125
1250,124
1251,110
1251,111
1251,115
1251,123
1251,121
1251,122
1251,120
1251,127
1251,126
1251,124
1251,125
1252,10
1252,15
1252,33
1252,32
1252,31
1252,30
1253,106
1253,109
1253,108
1253,114
1253,115
1253,117
1253,116
1253,119
1254,10
1254,13
1254,14
1254,15
1254,42
1254,44
1254,38
1254,40
1254,46
1254,54
1254,56
1254,51
1255,73
1255,72
1255,74
1255,75
1255,89
1255,93
1255,103
1255,96
1255,100
1256,25
1256,24
1256,26
1256,44
1256,36
1256,42
1256,43
1256,56
1256,49
1256,52
1257,20
1257,10
1257,14
1257,17
1257,25
1257,27
1257,48
1257,54
1257,49
1257,52
1258,10
1258,14
1258,11
1258,16
1258,31
1258,32
1258,33
1258,34
1258,54
1258,49
1258,56
1258,50
1259,13
1259,15
1259,23
1259,25
1259,22
1260,73
1260,72
1260,71
1260,76
1260,78
1260,89
1260,94
1260,93
1261,11
1261,14
1261,20
1261,19
1261,42
1261,44
1261,37
1261,41
1261,54
1261,49
1261,56
1261,51
1262,60
1262,57
1262,63
1262,76
1262,80
1262,78
1262,79
1262,77
1262,86
1262,81
1263,14
1263,11
1263,17
1263,24
1263,25
1263,27
1263,38
1263,42
1263,47
1264,10
1264,21
1264,36
1264,40
1265,111
1265,114
1265,113
1265,123
1265,121
1265,120
1265,127
1265,124
1266,5
1266,7
1266,11
1266,20
1266,17
1266,32
1266,31
1266,33
1266,34
1267,111
1267,110
1267,113
1267,123
1267,121
1267,120
1267,126
1267,127
1267,124
1268,131
1268,128
1268,133
1268,141
1268,142
1268,145
1268,144
1268,143
1268,146
1268,149
1268,148
1268,147
1269,3
1269,6
1269,10
1269,18
1269,37
1269,36
1269,42
1269,45
1270,67
1270,70
1270,94
1270,95
1270,93
1271,24
1271,22
1271,31
1271,32
1271,34
1271,42
1271,39
1272,25
1272,24
1272,28
1272,54
1272,49
1272,56
1272,50
1273,23
1273,24
1273,22
1273,44
1273,42
1273,40
1273,54
1273,56
1273,49
1273,53
1273,50
1274,136
1274,139
1274,141
1274,142
1274,143
1274,144
1274,154
1274,151
1274,150
1275,65
1275,66
1275,70
1275,73
1275,72
1275,75
1275,71
1275,74
1276,110
1276,111
1276,114
1276,115
1276,113
1276,117
1276,119
1276,121
1276,123
1276,122
1276,120
1277,23
1277,28
1277,44
1277,40
1277,54
1277,48
1277,50
1278,10
1278,13
1278,19
1278,33
1278,31
1278,29
1278,48
1278,52
1279,1
1279,3
1279,9
1279,11
1279,14
1279,16
1279,37
1279,44
1279,38
1279,45
1280,76
1280,80
1280,78
1280,77
1280,89
1280,94
1280,95
1280,93
1280,97
1280,96
1280,98
1281,60
1281,59
1281,64
1281,94
1281,89
1281,92
1282,11
1282,13
1282,17
1282,25
1282,23
1282,24
1282,27
1282,31
1282,32
1282,33
1282,35
1282,34
1283,1
1283,8
1283,9
1283,42
1283,44
1283,38
1283,47
1283,45
1284,1
1284,8
1284,2
1284,54
1284,51
1285,10
1285,14
1285,16
1285,32
1285,33
1285,31
1285,35
1285,36
1285,37
1285,44
1285,46
1285,45
1286,5
1286,1
1286,7
1286,10
1286,11
1286,14
1286,12
1286,25
1286,24
1286,23
1286,27
1287,109
1287,108
1287,116
1287,117
1287,119
1287,118
1287,121
1287,123
1287,120
1287,122
1288,31
1288,35
1288,44
1288,39
1288,54
1288,49
1288,53
1289,117
1289,116
1289,118
1289,119
1289,121
1289,122
1289,126
1289,127
1289,124
1289,125
1290,1
1290,3
1290,7
1290,56
1290,48
1290,53
1291,1
1291,8
1291,5
1291,9
1291,33
1291,32
1291,31
1291,30
1291,35
1291,44
1291,42
1291,38
1291,45
1291,47
1292,8
1292,5
1292,1
1292,7
1292,23
1292,25
1292,22
1292,31
1292,33
1292,30
1293,1
1293,3
1293,5
1293,9
1293,6
1293,13
1293,20
1293,17
1293,56
1293,54
1293,49
1293,52
1293,50
1294,13
1294,11
1294,21
1294,32
1294,33
1294,31
1294,34
1294,35
1295,67
1295,66
1295,65
1295,70
1295,80
1295,76
1295,79
1295,89
1295,95
1295,91
1296,106
1296,104
1296,109
1296,105
1296,114
1296,110
1296,113
1296,116
1296,118
1297,8
1297,1
1297,5
1297,6
1297,11
1297,10
1297,20
1297,19
1297,12
1298,60
1298,63
1298,72
1298,73
1298,74
1298,97
1298,103
1298,96
1298,101
1299,110
1299,111
1299,114
1299,113
1299,126
1299,125
1300,109
1300,104
1300,107
1300,116
1300,119
1300,126
1300,127
1300,124
1300,125
1301,20
1301,11
1301,18
1301,33
1301,32
1301,31
1301,30
1302,8
1302,5
1302,9
1302,24
1302,23
1302,27
1302,33
1302,31
1302,32
1302,30
1303,104
1303,109
1303,106
1303,107
1303,111
1303,110
1303,113
1303,116
1303,117
1303,119
1303,118
1304,142
1304,141
1304,145
1304,144
1304,146
1304,149
1304,148
1304,147
1304,154
1304,151
1304,153
1304,152
1304,150
1305,14
1305,13
1305,10
1305,18
1305,31
1305,29
1306,72
1306,73
1306,71
1306,86
1306,85
1306,88
1306,103
1306,96
1306,97
1306,102
1307,67
1307,65
1307,66
1307,69
1307,80
1307,76
1307,78
1307,94
1307,95
1307,90
1308,109
1308,104
1308,106
1308,108
1308,111
1308,110
1308,112
1309,67
1309,65
1309,69
1309,76
1309,80
1309,78
1309,77
1309,96
1309,103
1309,97
1309,99
1309,98
1310,135
1310,137
1310,146
1310,149
1310,148
1310,147
1310,154
1310,150
1311,104
1311,109
1311,106
1311,107
1311,123
1311,121
1311,122
1311,127
1311,126
1311,125
1311,124
1312,24
1312,25
1312,23
1312,22
1312,33
1312,32
1312,31
1312,35
1312,34
1312,37
1312,44
1312,36
1312,41
1313,141
1313,142
1313,144
1313,149
1313,146
1313,147
1313,148
1313,151
1313,154
1313,152
1313,150
1314,20
1314,13
1314,18
1314,31
1314,32
1314,33
1314,34
1314,49
1314,51
1315,8
1315,6
1315,10
1315,11
1315,14
1315,19
1315,48
1315,53
1316,109
1316,108
1316,117
1316,116
1316,119
1316,118
1316,126
1316,127
1316,124
1317,1
1317,3
1317,8
1317,9
1317,11
1317,20
1317,13
1317,12
1317,21
1317,48
1317,56
1317,54
1317,50
1317,53
1318,10
1318,13
1318,14
1318,19
1318,32
1318,29
1318,42
1318,37
1318,36
1318,46
1319,104
1319,109
1319,106
1319,105
1319,107
1319,110
1319,114
1319,112
1319,123
1319,121
1319,120
1319,122
1320,59
1320,58
1320,65
1320,66
1320,69
1320,85
1320,84
1320,86
1320,88
1321,10
1321,14
1321,13
1321,19
1321,16
1321,24
1321,23
1321,25
1321,27
1322,66
1322,69
1322,73
1322,72
1322,74
1322,75
1322,80
1322,76
1322,79
1323,114
1323,112
1323,123
1323,121
1323,122
1323,126
1323,127
1323,125
1324,110
1324,111
1324,112
1324,123
1324,121
1324,120
1324,126
1324,127
1324,124
1324,125
1325,131
1325,128
1325,134
1325,132
1325,154
1325,151
1325,153
1326,73
1326,72
1326,71
1326,86
1326,84
1326,85
1326,81
1327,20
1327,11
1327,10
1327,18
1327,17
1327,33
1327,31
1327,32
1327,34
1327,37
1327,43
1328,60
1328,59
1328,64
1328,76
1328,77
1328,89
1328,94
1328,95
1328,91
1328,93
1329,109
1329,104
1329,108
1329,117
1329,116
1329,118
1329,127
1329,126
1329,124
1329,125
1330,123
1330,121
1330,122
1330,126
1330,127
1330,125
1331,57
1331,59
1331,60
1331,61
1331,85
1331,86
1331,88
1331,96
1331,103
1331,100
1332,60
1332,64
1332,86
1332,85
1332,87
1333,3
1333,1
1333,8
1333,9
1333,6
1333,36
1333,37
1333,41
1333,56
1333,54
1333,53
1334,3
1334,9
1334,11
1334,15
1334,31
1334,35
1335,14
1335,11
1335,19
1335,31
1335,33
1335,32
1335,30
1335,49
1335,54
1335,50
1336,10
1336,14
1336,11
1336,18
1336,16
1336,24
1336,23
1336,25
1336,27
1336,22
1336,33
1336,35
1337,14
1337,18
1337,31
1337,33
1337,32
1337,29
1337,36
1337,38
1337,40
1338,60
1338,58
1338,84
1338,85
1338,88
1338,94
1338,91
1339,135
1339,138
1339,137
1339,141
1339,144
1339,149
1339,148
1340,131
1340,129
1340,141
1340,142
1340,144
1341,8
1341,1
1341,3
1341,4
1341,13
1341,14
1341,18
1341,48
1341,56
1341,49
1341,53
1342,136
1342,140
1342,151
1342,154
1342,150
1342,152
1342,153
1343,5
1343,8
1343,3
1343,9
1343,20
1343,11
1343,16
1344,3
1344,1
1344,5
1344,7
1344,25
1344,26
1345,73
1345,72
1345,74
1345,71
1345,75
1345,84
1345,86
1345,85
1345,88
1345,96
1345,103
1345,98
1346,66
1346,67
1346,68
1346,89
1346,95
1346,94
1346,93
1347,5
1347,8
1347,9
1347,23
1347,27
1347,49
1347,54
1347,48
1347,51
1347,55
1348,5
1348,3
1348,1
1348,9
1348,4
1348,31
1348,32
1348,33
1348,34
1348,48
1348,53
1349,135
1349,139
1349,141
1349,144
1350,85
1350,84
1350,86
1350,81
1350,83
1350,89
1350,94
1350,93
1351,25
1351,24
1351,26
1351,32
1351,31
1351,33
1351,30
1351,29
1351,54
1351,50
1352,141
1352,142
1352,144
1352,146
1352,149
1352,147
1352,148
1353,5
1353,1
1353,8
1353,2
1353,10
1353,13
1353,21
1353,33
1353,31
1353,32
1353,35
1354,10
1354,13
1354,14
1354,12
1354,42
1354,46
1354,54
1354,48
1354,56
1354,51
1355,123
1355,121
1355,122
1355,127
1355,126
1355,124
1355,125
1356,66
1356,65
1356,70
1356,103
1356,96
1356,97
1356,102
1357,1
1357,3
1357,6
1357,33
1357,35
1358,128
1358,131
1358,129
1358,149
1358,146
1358,148
1358,151
1358,153
1359,76
1359,80
1359,77
1359,89
1359,95
1359,94
1359,92
1359,93
1360,23
1360,25
1360,24
1360,22
1360,36
1360,37
1360,38
1360,43
1360,39
1360,54
1360,48
1360,56
1360,53
1361,23
1361,24
1361,26
1361,37
1361,45
1361,48
1361,54
1361,55
1362,104
1362,106
1362,107
1362,116
1362,117
1362,119
1362,118
1362,121
1362,123
1362,122
1363,104
1363,106
1363,107
1363,110
1363,111
1363,114
1363,113
1363,123
1363,121
1363,120
1363,122
1364,111
1364,114
1364,110
1364,113
1364,116
1364,117
1364,118
1364,119
1365,23
1365,26
1365,33
1365,32
1365,31
1365,34
1366,109
1366,105
1366,121
1366,123
1366,120
1366,122
1366,126
1366,124
1367,8
1367,1
1367,6
1367,32
1367,31
1367,33
1367,35
1367,48
1367,55
1368,128
1368,133
1368,138
1368,135
1368,137
1368,142
1368,144
1369,73
1369,74
1369,103
1369,97
1369,100
1370,5
1370,3
1370,1
1370,4
1370,33
1370,31
1370,32
1370,34
1370,35
1370,49
1370,50
1371,104
1371,106
1371,105
1371,114
1371,110
1371,111
1371,115
1372,109
1372,104
1372,106
1372,105
1372,116
1372,117
1372,119
1372,118
1372,127
1372,126
1372,125
1372,124
1373,25
1373,24
1373,23
1373,26
1373,33
1373,32
1373,34
1373,48
1373,55
1374,8
1374,5
1374,3
1374,4
1374,7
1374,25
1374,23
1374,24
1374,28
1374,31
1374,33
1374,32
1374,30
1375,134
1375,132
1375,136
1375,135
1375,139
1375,146
1375,149
1375,147
1375,148
1376,141
1376,144
1376,146
1376,147
1377,59
1377,60
1377,57
1377,58
1377,97
1377,103
1377,96
1377,99
1378,13
1378,15
1378,32
1378,33
1378,29
1378,56
1378,49
1378,55
1379,76
1379,80
1379,79
1379,84
1379,86
1379,85
1379,82
1379,81
1379,89
1379,94
1379,95
1379,91
1379,93
1380,23
1380,24
1380,26
1380,31
1380,34
1381,20
1381,12
1381,33
1381,31
1381,35
1381,36
1381,38
1381,37
1381,45
1382,3
1382,5
1382,1
1382,7
1382,20
1382,10
1382,19
1383,23
1383,25
1383,22
1383,49
1383,54
1383,48
1383,50
1383,53
1384,25
1384,24
1384,26
1384,32
1384,33
1384,31
1384,30
1384,35
1385,135
1385,136
1385,140
1385,142
1385,141
1385,144
1385,151
1385,154
1385,152
1386,5
1386,2
1386,23
1386,27
1386,32
1386,31
1386,29
1387,128
1387,131
1387,134
1387,129
1387,133
1387,146
1387,149
1387,147
1387,148
1387,154
1387,151
1387,152
1388,116
1388,117
1388,118
1388,119
1388,123
1388,121
1388,122
1388,120
1388,126
1388,127
1388,125
1389,10
1389,14
1389,13
1389,18
1389,21
1389,33
1389,31
1389,34
1390,104
1390,106
1390,109
1390,107
1390,117
1390,118
1391,14
1391,20
1391,11
1391,17
1391,33
1391,30
1391,56
1391,48
1391,54
1391,55
1391,53
1392,80
1392,76
1392,77
1392,79
1392,85
1392,86
1392,81
1393,72
1393,73
1393,71
1393,94
1393,90
1393,96
1393,103
1393,97
1393,99
1393,102
1394,80
1394,76
1394,79
1394,89
1394,95
1394,94
1394,93
1394,92
1395,114
1395,110
1395,113
1395,127
1395,126
1395,125
1396,135
1396,138
1396,136
1396,139
1396,140
1396,142
1396,141
1396,143
1396,146
1396,149
1396,148
1397,23
1397,24
1397,27
1397,33
1397,32
1397,31
1397,29
1397,34
1398,3
1398,1
1398,8
1398,4
1398,32
1398,31
1398,35
1399,5
1399,2
1399,25
1399,23
1399,24
1399,26
1399,48
1399,54
1399,56
1399,50
1399,55
1400,114
1400,110
1400,113
1400,116
1400,119
1400,121
1400,123
1400,122
1401,114
1401,110
1401,111
1401,113
1401,117
1401,119
1401,126
1401,127
1401,124
1401,125
1402,135
1402,136
1402,138
1402,139
1402,149
1402,146
1402,148
1402,151
1402,154
1402,153
1402,150
1402,152
1403,138
1403,135
1403,136
1403,140
1403,146
1403,149
1403,148
1403,147
1404,57
1404,64
1404,72
1404,73
1404,71
1404,74
1404,75
1404,89
1404,95
1404,90
1405,1
1405,5
1405,3
1405,4
1405,9
1405,44
1405,38
1405,37
1405,47
1406,104
1406,109
1406,106
1406,107
1406,108
1406,117
1406,116
1406,119
1406,118
1406,123
1406,121
1406,122
1407,131
1407,128
1407,132
1407,149
1407,146
1407,147
1407,151
1407,154
1407,150
1408,109
1408,105
1408,110
1408,111
1408,114
1408,113
1408,127
1408,124
1409,14
1409,11
1409,12
1409,33
1409,31
1409,32
1409,29
1409,34
1409,42
1409,38
1409,37
1409,39
1409,43
1410,60
1410,59
1410,64
1410,94
1410,95
1410,89
1410,91
1411,121
1411,122
1411,126
1411,127
1411,125
1412,128
1412,131
1412,134
1412,132
1412,135
1412,138
1412,137
1413,5
1413,1
1413,6
1413,14
1413,10
1413,19
1414,73
1414,72
1414,75
1414,71
1414,76
1414,80
1414,78
1414,79
1414,97
1414,103
1414,96
1414,101
1415,25
1415,23
1415,24
1415,22
1415,33
1415,34
1415,37
1415,41
1416,11
1416,14
1416,13
1416,19
1416,12
1416,42
1416,45
1417,20
1417,10
1417,13
1417,21
1417,31
1417,32
1417,33
1417,35
1417,38
1417,42
1417,43
1418,8
1418,1
1418,7
1418,24
1418,23
1418,22
1418,37
1418,42
1418,44
1418,46
1419,11
1419,10
1419,13
1419,15
1419,18
1419,33
1419,32
1419,31
1419,34
1419,42
1419,44
1419,36
1419,46
1420,116
1420,117
1420,119
1420,121
1420,122
1421,104
1421,108
1421,116
1421,117
1421,119
1421,118
1422,65
1422,68
1422,89
1422,90
1422,103
1422,96
1422,97
1422,102
1423,76
1423,79
1423,85
1423,83
1423,89
1423,94
1423,95
1423,93
1424,23
1424,24
1424,25
1424,28
1424,22
1424,32
1424,33
1424,29
1425,134
1425,131
1425,128
1425,132
1425,135
1425,138
1425,136
1425,137
1425,151
1425,154
1425,150
1425,152
1426,25
1426,23
1426,22
1426,36
1426,40
1426,56
1426,54
1426,55
1427,85
1427,82
1427,97
1427,103
1427,96
1427,101
1428,24
1428,23
1428,25
1428,27
1428,31
1428,32
1428,29
1428,49
1428,54
1428,50
1429,67
1429,66
1429,65
1429,68
1429,69
1429,85
1429,88
1429,96
1429,103
1429,97
1429,100
1430,3
1430,5
1430,1
1430,6
1430,10
1430,14
1430,20
1430,18
1430,32
1430,31
1430,33
1430,35
1430,30
1431,117
1431,116
1431,119
1431,118
1431,121
1431,123
1431,120
1431,126
1431,127
1431,124
1431,125
1432,33
1432,31
1432,32
1432,34
1432,44
1432,37
1432,38
1432,40
1432,54
1432,49
1432,52
1433,13
1433,10
1433,14
1433,16
1433,19
1433,25
1433,24
1433,27
1433,49
1433,56
1433,51
1434,67
1434,66
1434,65
1434,68
1434,80
1434,76
1434,77
1434,79
1434,78
1434,95
1434,89
1434,91
1435,57
1435,59
1435,60
1435,63
1435,62
1435,65
1435,66
1435,67
1435,69
1435,70
1435,80
1435,76
1435,79
1435,77
1435,78
1436,138
1436,137
1436,151
1436,154
1436,150
1436,152
1436,153
1437,8
1437,5
1437,4
1437,54
1437,55
1438,80
1438,78
1438,103
1438,96
1438,98
1439,10
1439,12
1439,24
1439,25
1439,23
1439,28
1439,26
1439,49
1439,54
1439,48
1439,55
1439,53
1440,24
1440,25
1440,23
1440,27
1440,28
1440,31
1440,33
1440,30
1440,49
1440,48
1440,56
1440,52
1441,8
1441,5
1441,3
1441,9
1441,32
1441,33
1441,31
1441,34
1442,57
1442,60
1442,59
1442,63
1442,58
1442,72
1442,73
1442,71
1442,74
1442,75
1443,8
1443,3
1443,6
1443,24
1443,23
1443,26
1443,42
1443,37
1443,39
1444,110
1444,111
1444,113
1444,117
1444,116
1444,119
1444,118
1444,121
1444,123
1444,122
1445,141
1445,142
1445,144
1445,143
1445,145
1445,146
1445,149
1445,147
1445,148
1445,151
1445,154
1445,153
1445,152
1445,150
1446,114
1446,115
1446,116
1446,117
1446,118
1446,127
1446,125
1447,32
1447,31
1447,33
1447,34
1447,38
1447,37
1447,44
1447,41
1447,56
1447,54
1447,52
1448,24
1448,28
1448,31
1448,33
1448,32
1448,35
1448,49
1448,56
1448,48
1448,51
1449,13
1449,12
1449,56
1449,49
1449,52
1450,104
1450,109
1450,105
1450,110
1450,111
1450,114
1450,115
1450,113
1450,117
1450,116
1450,118
1450,119
1451,134
1451,131
1451,128
1451,132
1451,135
1451,140
1452,57
1452,59
1452,60
1452,58
1452,63
1452,72
1452,73
1452,74
1452,71
1453,72
1453,73
1453,71
1453,75
1453,86
1453,84
1453,85
1453,88
1453,81
1453,89
1453,95
1453,94
1453,91
1454,66
1454,65
1454,69
1454,84
1454,85
1454,86
1454,82
1454,96
1454,97
1454,103
1454,99
1455,80
1455,76
1455,79
1455,77
1455,78
1455,103
1455,96
1455,97
1455,100
1456,67
1456,70
1456,72
1456,73
1456,74
1457,80
1457,76
1457,77
1457,79
1457,85
1457,88
1457,103
1457,96
1457,97
1457,101
1458,20
1458,13
1458,21
1458,36
1458,38
1458,43
1458,56
1458,48
1458,49
1458,50
1458,55
1459,20
1459,14
1459,13
1459,17
1459,18
1459,25
1459,23
1459,28
1459,32
1459,30
1460,1
1460,5
1460,9
1460,20
1460,14
1460,11
1460,12
1460,16
1460,42
1460,37
1460,44
1460,45
1461,42
1461,36
1461,40
1461,49
1461,50
1462,59
1462,57
1462,63
1462,76
1462,80
1462,79
1462,78
1462,96
1462,97
1462,101
1463,60
1463,57
1463,63
1463,96
1463,103
1463,97
1463,100
1464,5
1464,4
1464,23
1464,26
1464,32
1464,31
1464,29
1465,5
1465,8
1465,7
1465,14
1465,10
1465,20
1465,19
1465,33
1465,32
1465,34
1466,67
1466,65
1466,69
1466,72
1466,73
1466,74
1467,60
1467,57
1467,62
1467,76
1467,80
1467,79
1467,78
1467,103
1467,96
1467,97
1467,98
1468,14
1468,10
1468,18
1468,24
1468,25
1468,22
1468,48
1468,54
1468,50
1469,128
1469,134
1469,131
1469,133
1469,130
1469,138
1469,135
1469,136
1469,137
1469,139
1469,151
1469,154
1469,152
1469,150
1469,153
1470,8
1470,5
1470,2
1470,24
1470,25
1470,23
1470,27
1470,36
1470,38
1470,37
1470,43
1470,46
1471,106
1471,109
1471,104
1471,108
1471,117
1471,119
1471,126
1471,125
1472,141
1472,142
1472,143
1472,144
1472,145
1472,149
1472,146
1472,148
1472,151
1472,154
1472,152
1472,153
1473,80
1473,78
1473,85
1473,86
1473,84
1473,81
1473,103
1473,97
1473,96
1473,99
1473,102
1474,114
1474,110
1474,111
1474,115
1474,126
1474,127
1474,125
1474,124
1475,5
1475,8
1475,3
1475,4
1475,54
1475,51
1476,114
1476,110
1476,115
1476,116
1476,118
1476,126
1476,127
1476,124
1477,25
1477,23
1477,24
1477,28
1477,33
1477,31
1477,32
1477,30
1477,29
1477,54
1477,55
1478,80
1478,76
1478,79
1478,78
1478,85
1478,86
1478,84
1478,83
1478,97
1478,103
1478,96
1478,98
1479,73
1479,72
1479,74
1479,85
1479,86
1479,84
1479,88
1479,96
1479,99
1480,72
1480,73
1480,75
1480,74
1480,80
1480,76
1480,78
1480,79
1480,77
1481,85
1481,86
1481,87
1481,89
1481,92
1481,97
1481,96
1481,103
1481,101
1482,8
1482,1
1482,4
1482,49
1482,52
1483,1
1483,5
1483,3
1483,6
1483,48
1483,52
1484,8
1484,3
1484,9
1484,20
1484,11
1484,18
1484,23
1484,25
1484,24
1484,22
1485,135
1485,136
1485,137
1485,141
1485,142
1485,143
1485,146
1485,149
1485,148
1486,104
1486,109
1486,107
1486,111
1486,110
1486,114
1486,115
1486,123
1486,121
1486,122
1486,120
1487,13
1487,20
1487,10
1487,12
1487,19
1487,24
1487,25
1487,23
1487,26
1487,33
1487,32
1487,29
1488,135
1488,136
1488,137
1488,142
1488,141
1488,145
1488,154
1488,151
1488,152
1488,153
1489,109
1489,104
1489,106
1489,105
1489,108
1489,114
1489,110
1489,115
1489,123
1489,122
1490,104
1490,106
1490,109
1490,105
1490,121
1490,123
1490,122
1490,120
1490,126
1490,127
1490,124
1490,125
1491,66
1491,68
1491,72
1491,73
1491,71
1491,75
1491,84
1491,86
1491,81
1492,1
1492,3
1492,4
1492,14
1492,11
1492,19
1493,73
1493,72
1493,71
1493,74
1493,80
1493,78
1493,103
1493,100
1494,110
1494,111
1494,113
1494,127
1494,126
1494,124
1495,13
1495,14
1495,10
1495,17
1495,24
1495,23
1495,27
1495,38
1495,45
1496,116
1496,117
1496,118
1496,119
1496,126
1496,124
1497,138
1497,136
1497,135
1497,139
1497,142
1497,141
1497,144
1497,146
1497,149
1497,148
1498,111
1498,114
1498,110
1498,113
1498,117
1498,116
1498,119
1498,118
1498,127
1498,126
1498,124
1499,32
1499,30
1499,54
1499,49
1499,48
1499,50
1499,55
1500,33
1500,31
1500,35
1500,37
1500,38
1500,44
1500,43
6,124
20,122
23,107
24,77
28,69
28,70
35,26
35,30
50,107
50,106
51,26
51,27
53,28
56,47
63,72
63,100
64,58
64,66
65,109
65,107
76,105
92,3
92,9
104,73
112,112
112,114
124,109
127,89
127,70
127,67
129,26
148,89
148,90
153,53
159,115
175,56
187,70
187,102
188,3
194,40
194,34
197,118
197,124
199,30
203,22
207,148
207,144
227,21
236,38
240,137
240,140
267,25
289,90
290,44
290,11
293,62
293,71
306,118
333,71
333,79
338,19
345,147
354,34
354,10
363,105
363,106
363,108
364,106
387,68
389,4
392,89
405,150
408,77
422,2
422,53
428,95
428,86
432,1
445,53
459,7
466,11
466,17
479,52
492,143
492,147
502,27
505,148
515,32
515,35
518,25
518,27
518,26
521,114
522,96
531,68
531,65
537,60
538,42
538,54
543,154
543,144
543,145
546,46
548,115
560,51
574,83
574,84
583,72
583,67
584,133
587,8
587,44
594,27
599,10
603,4
604,118
605,6
605,14
608,9
608,32
620,1
623,62
623,64
623,60
625,16
625,17
627,56
633,122
635,84
641,53
641,19
650,17
650,18
664,136
684,91
684,95
684,57
689,105
689,104
691,53
691,50
692,24
693,4
693,3
694,77
703,16
703,22
704,36
711,148
718,27
718,24
725,31
725,5
725,7
733,61
745,33
746,116
748,92
773,82
776,29
779,33
795,25
799,125
808,104
809,111
809,110
816,88
831,54
831,56
831,5
834,5
835,67
847,79
858,93
863,47
867,114
868,8
870,49
870,34
877,136
879,10
879,17
879,19
881,7
884,105
893,40
907,43
907,15
907,46
913,106
913,119
920,145
930,37
939,128
939,145
946,83
948,2
972,35
975,34
979,74
980,49
995,100
1001,68
1001,90
1004,7
1017,6
1018,44
1024,131
1024,128
1030,10
1030,19
1032,48
1032,19
1051,49
1054,118
1056,81
1056,88
1058,107
1058,124
1061,79
1061,69
1066,88
1074,113
1075,82
1076,19
1077,54
1082,122
1086,118
1090,22
1090,33
1104,19
1104,56
1109,1
1109,27
1124,119
1129,147
1129,152
1136,127
1136,122
1136,121
1149,145
1149,151
1155,28
1163,14
1165,48
1165,37
1202,29
1207,109
1207,105
1207,122
1215,109
1220,11
1224,83
1252,20
1259,16
1259,28
1264,19
1264,11
1264,43
1270,66
1270,69
1281,63
1284,3
1284,55
1290,50
1299,124
1305,19
1330,124
1332,84
1332,81
1334,32
1340,133
1340,130
1344,23
1349,138
1349,137
1349,142
1357,29
1357,32
1365,28
1369,98
1369,75
1376,148
1376,143
1376,142
1380,29
1380,33
1390,105
1395,112
1411,123
1411,124
1413,4
1420,118
1420,123
1421,109
1427,81
1437,49
1437,48
1438,79
1438,99
1449,10
1449,19
1451,136
1456,68
1456,65
1461,39
1461,45
1466,70
1475,53
1482,53
1482,3
1483,53
1492,18
1494,125
1496,127
