mentor_id,experience_level_num,country_code,domain_id,subdomains_set,expertise_set,mentor_avg_rating,mentor_review_count,mentor_sentiment_score,mentor_positive_feedback_ratio,mentor_weighted_rating,mentor_quality_score,mentor_completion_rate,mentor_cancel_rate,mentor_reliability_score,mentor_program_popularity,mentor_follower_count_log,mentor_open_post_count_log
1,3,ae,3,"{17, 14}","{104, 106, 107, 109, 121, 122, 123}",0.0,0.0,0.0,0.0,0.0,0.0,0.5,0.0,0.35,0.8006307119551976,2.1972245773362196,0.0
10,2,ma,1,"{1, 4}","{32, 1, 4, 5, 7, 8, 29}",0.0,0.0,0.0,0.0,0.0,0.0,0.0625,0.0,0.04375,0.9646996622900218,4.02535169073515,0.0
18,3,jo,3,"{16, 17, 14}","{104, 105, 106, 117, 118, 120, 121, 122, 123}",0.0,0.0,0.0,0.0,0.0,0.0,0.0,0.0,0.0,0.0,1.0986122886681098,0.0
22,1,eg,3,"{17, 18, 15}","{110, 111, 115, 120, 121, 122, 123, 124, 125, 126, 127}",0.0,0.0,0.0,0.0,0.0,0.0,0.4,0.0,0.27999999999999997,0.9656627474604601,2.302585092994046,0.0
24,3,sa,4,"{19, 20, 23}","{129, 134, 136, 137, 138, 151, 152, 153, 154}",0.0,0.0,0.0,0.0,0.0,0.0,0.0,0.0,0.0,1.0504598188179692,1.0986122886681098,0.0
28,3,eg,2,"{12, 7}","{64, 92, 89, 59, 60, 94, 63}",0.0,0.0,0.0,0.0,0.0,0.0,0.0,0.0,0.0,0.0,2.5649493574615367,0.0
29,3,eg,3,"{17, 14, 15}","{104, 105, 106, 109, 110, 112, 114, 122, 123}",0.0,0.0,0.0,0.0,0.0,0.0,1.0,0.0,0.7,0.4158883083359672,2.302585092994046,0.0
30,1,eg,4,"{19, 20, 21}","{128, 129, 134, 135, 136, 140, 141, 142, 144, 145}",0.0,0.0,0.0,0.0,0.0,0.0,0.0,0.0,0.0,0.0,1.6094379124341003,0.0
36,2,jo,1,"{3, 4, 6}","{32, 33, 48, 50, 24, 25, 26, 29, 31}",0.0,0.0,0.0,0.0,0.0,0.0,0.3333333333333333,0.0,0.2333333333333333,0.702319684068633,2.1972245773362196,0.0
37,1,jo,1,"{3, 6}","{56, 49, 50, 53, 54, 24, 25, 26}",0.0,0.0,0.0,0.0,0.0,0.0,0.0,0.0,0.0,0.0,2.4849066497880004,0.0
42,3,jo,2,"{8, 11, 7}","{64, 67, 69, 81, 86, 57, 59, 60, 61}",0.0,0.0,0.0,0.0,0.0,0.0,0.25,0.0,0.175,0.9102638382366166,2.3978952727983707,0.0
55,1,eg,2,"{8, 10, 13}","{96, 65, 66, 67, 68, 97, 70, 99, 102, 103, 76, 77, 80}",0.0,0.0,0.0,0.0,0.0,0.0,1.0,0.0,0.7,0.2079441541679836,2.5649493574615367,0.0
57,3,sa,1,"{2, 4, 6}","{32, 33, 35, 11, 13, 15, 48, 49, 20, 52, 56, 31}",0.0,0.0,0.0,0.0,0.0,0.0,0.0,0.0,0.0,0.0,2.3978952727983707,0.0
60,2,eg,2,"{13, 7}","{96, 97, 100, 103, 57, 60, 63}",0.0,0.0,0.0,0.0,0.0,0.0,1.0,0.0,0.7,0.8317766166719344,1.791759469228055,0.0
64,3,eg,3,"{17, 15}","{110, 111, 112, 114, 121, 122, 123}",0.0,0.0,0.0,0.0,0.0,0.0,0.4,0.0,0.27999999999999997,0.9260679155852904,2.995732273553991,0.0
65,1,eg,3,"{16, 14}","{104, 106, 108, 109, 116, 117, 118, 119}",0.0,0.0,0.0,0.0,0.0,0.0,0.0,0.0,0.0,0.0,2.3978952727983707,0.0
67,2,ma,3,"{16, 17, 18}","{116, 117, 118, 119, 121, 122, 124, 125, 126, 127}",0.0,0.0,0.0,0.0,0.0,0.0,0.0,0.0,0.0,0.702319684068633,1.791759469228055,0.0
69,1,eg,3,"{16, 17}","{116, 117, 118, 119, 121, 122, 123}",0.0,0.0,0.0,0.0,0.0,0.0,0.0,0.0,0.0,0.0,2.0794415416798357,0.0
70,3,eg,1,"{1, 2, 4}","{32, 1, 33, 3, 35, 5, 6, 10, 14, 18, 20, 30, 31}",0.0,0.0,0.0,0.0,0.0,0.0,0.5,0.0,0.35,0.8182981673036552,2.772588722239781,0.0
75,3,ae,1,"{3, 4, 6}","{32, 33, 48, 51, 22, 24, 29, 30, 31}",0.0,0.0,0.0,0.0,0.0,0.0,0.0,0.0,0.0,0.2079441541679836,2.0794415416798357,0.0
77,1,jo,1,"{1, 5}","{1, 3, 4, 37, 8, 42, 43}",0.0,0.0,0.0,0.0,0.0,0.0,0.5333333333333333,0.0,0.3733333333333333,0.8294143631267135,3.1354942159291497,0.0
79,2,eg,3,"{17, 14, 15}","{104, 106, 108, 110, 111, 112, 114, 120, 123}",0.0,0.0,0.0,0.0,0.0,0.0,0.1746031746031746,0.0,0.1222222222222222,1.0892890639054125,4.2626798770413155,0.0
80,3,eg,1,"{1, 3, 4}","{1, 2, 33, 35, 5, 8, 23, 24, 25, 27}",0.0,0.0,0.0,0.0,0.0,0.0,0.5,0.0,0.35,0.9772069036308795,2.772588722239781,0.0
87,2,sa,3,"{16, 18, 15}","{110, 111, 112, 114, 115, 116, 117, 119, 124, 126, 127}",0.0,0.0,0.0,0.0,0.0,0.0,0.0,0.0,0.0,0.0,1.9459101490553132,0.0
92,1,jo,1,"{2, 3, 4}","{32, 13, 14, 17, 18, 20, 22, 23, 24, 25, 29}",0.0,0.0,0.0,0.0,0.0,0.0,0.0,0.0,0.0,0.2079441541679836,2.772588722239781,0.0
106,3,ae,3,"{18, 14, 15}","{104, 105, 106, 108, 109, 110, 111, 115, 125, 127}",0.0,0.0,0.0,0.0,0.0,0.0,0.4166666666666667,0.0,0.2916666666666667,0.993410448592476,3.4657359027997265,0.0
112,1,eg,3,"{17, 18}","{120, 121, 122, 123, 124, 125, 126, 127}",0.0,0.0,0.0,0.0,0.0,0.0,0.0,0.0,0.0,0.0,2.302585092994046,0.0
115,3,sa,2,"{8, 9, 7}","{65, 66, 67, 69, 72, 73, 75, 57, 58, 59, 60, 61}",0.0,0.0,0.0,0.0,0.0,0.0,0.2857142857142857,0.0,0.19999999999999998,0.8062917611526248,3.091042453358316,0.0
118,3,jo,4,"{19, 20, 22}","{128, 129, 131, 132, 134, 135, 136, 138, 139, 140, 148, 149}",0.0,0.0,0.0,0.0,0.0,0.0,0.0,0.0,0.0,0.5676284450877391,2.4849066497880004,0.0
125,2,ae,2,"{9, 11}","{71, 72, 73, 74, 82, 84, 86}",0.0,0.0,0.0,0.0,0.0,0.0,0.3953488372093023,0.0,0.2767441860465116,1.0420463988203126,4.007333185232471,0.0
127,2,eg,4,"{19, 21, 22}","{128, 130, 131, 133, 134, 141, 142, 143, 144, 146, 147, 148, 149}",0.0,0.0,0.0,0.0,0.0,0.0,0.3333333333333333,0.0,0.2333333333333333,0.5926865577872141,2.3978952727983707,0.0
129,2,sa,1,"{1, 3, 4}","{32, 1, 33, 35, 4, 5, 6, 8, 24, 25, 26, 29, 31}",0.0,0.0,0.0,0.0,0.0,0.0,0.0,0.0,0.0,0.6591673732008658,2.3978952727983707,0.0
133,2,sa,1,"{2, 5}","{10, 11, 42, 43, 14, 44, 16}",0.0,0.0,0.0,0.0,0.0,0.0,0.0,0.0,0.0,0.0,2.70805020110221,0.0
137,2,sa,3,"{16, 14}","{104, 106, 107, 108, 116, 117, 119}",0.0,0.0,0.0,0.0,0.0,0.0,0.0,0.0,0.0,0.7712495334753989,2.302585092994046,0.0
144,1,sa,3,"{17, 18, 14}","{107, 109, 120, 121, 122, 123, 124, 125, 126, 127}",0.0,0.0,0.0,0.0,0.0,0.0,0.25,0.0,0.175,0.9826620502565107,2.3978952727983707,0.0
150,2,sa,2,"{9, 7}","{71, 72, 73, 74, 75, 57, 58, 59, 60, 63}",0.0,0.0,0.0,0.0,0.0,0.0,1.0,0.0,0.7,0.7932400546041802,2.0794415416798357,0.0
151,1,eg,1,"{2, 6}","{11, 14, 15, 49, 51, 20, 54, 55, 56}",0.0,0.0,0.0,0.0,0.0,0.0,1.0,0.0,0.7,0.2079441541679836,2.4849066497880004,0.0
152,3,ma,2,"{8, 9}","{65, 67, 68, 72, 73, 74, 75}",0.0,0.0,0.0,0.0,0.0,0.0,0.25,0.0,0.175,0.9491905175593791,2.8903717578961645,0.0
162,3,ma,1,"{1, 4}","{32, 34, 3, 7, 8, 9, 31}",0.0,0.0,0.0,0.0,0.0,0.0,0.0,0.0,0.0,0.6214702089587298,1.6094379124341003,0.0
163,3,eg,2,"{10, 7}","{76, 77, 79, 80, 57, 60, 61}",0.0,0.0,0.0,0.0,0.0,0.0,0.5,0.0,0.35,0.9965684599721509,2.995732273553991,0.0
168,3,eg,1,"{2, 3, 6}","{10, 12, 13, 48, 49, 20, 54, 55, 24, 25, 28}",0.0,0.0,0.0,0.0,0.0,0.0,0.2,0.0,0.13999999999999999,0.5806801516361836,2.5649493574615367,0.0
172,3,eg,2,"{8, 12}","{66, 67, 68, 70, 89, 91, 95}",0.0,0.0,0.0,0.0,0.0,0.0,0.0,0.0,0.0,0.0,2.0794415416798357,0.0
174,1,eg,1,"{4, 5}","{32, 33, 34, 35, 37, 38, 44, 47, 31}",0.0,0.0,0.0,0.0,0.0,0.0,0.5,0.0,0.35,1.0892890639054125,4.663439094112067,0.0
182,3,eg,1,"{2, 4, 6}","{32, 33, 34, 10, 11, 13, 48, 50, 19, 21, 54, 56, 29, 31}",0.0,0.0,0.0,0.0,0.0,0.0,0.0,0.0,0.0,0.0,2.1972245773362196,0.0
184,2,eg,1,"{1, 4}","{32, 1, 33, 6, 8, 29, 30, 31}",0.0,0.0,0.0,0.0,0.0,0.0,0.0,0.0,0.0,0.0,0.6931471805599453,0.0
192,3,eg,3,"{16, 17, 14}","{104, 106, 108, 109, 116, 117, 119, 120, 121}",0.0,0.0,0.0,0.0,0.0,0.0,0.42857142857142855,0.0,0.3,0.9692202264530576,3.5263605246161616,0.0
194,3,jo,1,"{3, 4, 5}","{32, 33, 35, 36, 37, 44, 47, 23, 27, 30, 31}",0.0,0.0,0.0,0.0,0.0,0.0,0.0,0.0,0.0,0.0,2.5649493574615367,0.0
198,3,eg,3,"{18, 14, 15}","{104, 105, 109, 110, 113, 114, 124, 126}",0.0,0.0,0.0,0.0,0.0,0.0,0.47619047619047616,0.0,0.3333333333333333,1.0892890639054125,3.8918202981106265,0.0
199,2,ae,1,"{1, 6}","{1, 2, 3, 8, 51, 54, 55}",0.0,0.0,0.0,0.0,0.0,0.0,0.0,0.0,0.0,0.924497220605196,1.9459101490553132,0.0
208,1,ae,3,"{17, 18, 14}","{104, 105, 106, 109, 120, 121, 122, 123, 124, 125, 126, 127}",0.0,0.0,0.0,0.0,0.0,0.0,0.0,0.0,0.0,0.2079441541679836,2.3978952727983707,0.0
209,1,sa,2,"{11, 13, 7}","{64, 102, 103, 83, 84, 85, 86, 57, 58, 59, 60}",0.0,0.0,0.0,0.0,0.0,0.0,0.0,0.0,0.0,0.0,2.4849066497880004,0.0
211,2,ae,3,"{17, 18, 14}","{104, 106, 107, 109, 120, 121, 122, 123, 124, 125, 126, 127}",0.0,0.0,0.0,0.0,0.0,0.0,0.6666666666666666,0.0,0.4666666666666666,0.5375278407684165,2.5649493574615367,0.0
215,2,ae,2,"{8, 12, 13}","{96, 65, 66, 67, 97, 69, 98, 101, 103, 90, 95}",0.0,0.0,0.0,0.0,0.0,0.0,0.0,0.0,0.0,0.0,2.4849066497880004,0.0
224,3,eg,1,"{3, 4}","{32, 33, 22, 23, 24, 25, 28, 29}",0.0,0.0,0.0,0.0,0.0,0.0,0.4,0.0,0.27999999999999997,0.9395097393887435,2.833213344056216,0.0
231,2,eg,3,"{16, 15}","{110, 111, 113, 114, 116, 117, 119}",0.0,0.0,0.0,0.0,0.0,0.0,0.0,0.0,0.0,0.0,2.3978952727983707,0.0
233,2,sa,1,"{2, 5, 6}","{36, 38, 44, 13, 45, 18, 51, 54}",0.0,0.0,0.0,0.0,0.0,0.0,0.0,0.0,0.0,0.0,1.9459101490553132,0.0
239,3,sa,3,"{17, 18, 15}","{110, 111, 112, 121, 122, 124, 126, 127}",0.0,0.0,0.0,0.0,0.0,0.0,0.23076923076923078,0.0,0.16153846153846155,0.9654225552554141,3.6888794541139363,0.0
242,3,eg,1,"{3, 4, 5}","{33, 35, 40, 42, 44, 24, 26, 31}",0.0,0.0,0.0,0.0,0.0,0.0,0.0,0.0,0.0,0.7545656882088654,1.791759469228055,0.0
246,1,sa,2,"{9, 11, 7}","{72, 73, 75, 84, 85, 86, 88, 57, 59, 60, 63}",0.0,0.0,0.0,0.0,0.0,0.0,0.5454545454545454,0.0,0.3818181818181818,1.0783751607630483,3.1354942159291497,0.0
249,3,sa,1,"{2, 3, 6}","{11, 13, 14, 48, 18, 19, 53, 23, 24, 56, 28}",0.0,0.0,0.0,0.0,0.0,0.0,0.0,0.0,0.0,0.0,2.0794415416798357,0.0
250,3,eg,2,"{8, 9, 10}","{66, 69, 72, 73, 74, 75, 76, 79, 80}",0.0,0.0,0.0,0.0,0.0,0.0,0.0,0.0,0.0,0.0,2.6390573296152584,0.0
258,1,eg,1,"{1, 2, 4}","{32, 1, 2, 33, 35, 5, 8, 10, 13, 21, 31}",0.0,0.0,0.0,0.0,0.0,0.0,0.0,0.0,0.0,0.8494440720203918,2.302585092994046,0.0
263,3,sa,2,"{12, 13, 7}","{96, 97, 100, 103, 89, 58, 59, 93, 95}",0.0,0.0,0.0,0.0,0.0,0.0,0.2894736842105263,0.0,0.2026315789473684,1.0892890639054125,3.8066624897703196,0.0
266,2,eg,1,"{1, 2, 6}","{1, 3, 4, 8, 13, 14, 48, 49, 18, 53, 56}",0.0,0.0,0.0,0.0,0.0,0.0,0.6666666666666666,0.0,0.4666666666666666,0.9046027890391894,2.302585092994046,0.0
269,3,sa,3,"{17, 14, 15}","{105, 106, 110, 111, 113, 114, 121, 122, 123}",0.0,0.0,0.0,0.0,0.0,0.0,0.7,0.0,0.48999999999999994,1.007307507950202,2.772588722239781,0.0
275,2,ma,3,"{16, 15}","{110, 111, 112, 114, 116, 117, 119}",0.0,0.0,0.0,0.0,0.0,0.0,0.0,0.0,0.0,0.2079441541679836,2.1972245773362196,0.0
277,2,eg,1,"{4, 5}","{32, 33, 34, 36, 42, 43, 44, 45}",0.0,0.0,0.0,0.0,0.0,0.0,0.36666666666666664,0.0,0.25666666666666665,1.0892890639054125,3.6888794541139363,0.0
280,2,sa,1,"{1, 3}","{3, 5, 7, 24, 25, 27, 28}",0.0,0.0,0.0,0.0,0.0,0.0,0.0,0.0,0.0,0.0,2.0794415416798357,0.0
281,1,sa,2,"{8, 13, 7}","{64, 97, 66, 67, 98, 70, 57}",0.0,0.0,0.0,0.0,0.0,0.0,0.0,0.0,0.0,0.4767080745521918,1.6094379124341003,0.0
282,1,ae,1,"{2, 5, 6}","{37, 40, 10, 48, 17, 49, 50, 54, 55}",0.0,0.0,0.0,0.0,0.0,0.0,0.75,0.0,0.5249999999999999,1.0426222152663875,2.4849066497880004,0.0
285,3,eg,1,"{2, 4}","{33, 34, 10, 11, 13, 18, 19}",0.0,0.0,0.0,0.0,0.0,0.0,0.0,0.0,0.0,0.0,2.1972245773362196,0.0
287,2,eg,1,"{1, 4, 5}","{32, 33, 35, 4, 5, 37, 8, 42, 47, 30, 31}",0.0,0.0,0.0,0.0,0.0,0.0,0.0,0.0,0.0,0.8408703099443996,2.0794415416798357,0.0
290,2,eg,3,"{17, 18, 14}","{104, 106, 107, 109, 121, 122, 123, 124, 125, 126, 127}",0.0,0.0,0.0,0.0,0.0,0.0,0.0,0.0,0.0,0.2079441541679836,2.1972245773362196,0.0
291,3,eg,1,"{3, 4, 6}","{33, 34, 50, 54, 24, 25, 26, 31}",0.0,0.0,0.0,0.0,0.0,0.0,0.42857142857142855,0.0,0.3,0.7789435276335315,3.1354942159291497,0.0
294,2,sa,3,"{18, 14, 15}","{106, 107, 109, 111, 115, 124, 127}",0.0,0.0,0.0,0.0,0.0,0.0,0.0,0.0,0.0,0.0,1.3862943611198906,0.0
296,1,sa,1,"{3, 4}","{32, 33, 23, 26, 27, 29, 30}",0.0,0.0,0.0,0.0,0.0,0.0,0.0,0.0,0.0,0.0,2.5649493574615367,0.0
298,2,sa,1,"{1, 2, 6}","{1, 3, 5, 6, 9, 13, 17, 49, 50, 20, 52, 54, 56}",0.0,0.0,0.0,0.0,0.0,0.0,0.0,0.0,0.0,0.0,2.3978952727983707,0.0
301,1,ma,1,"{2, 4, 5}","{32, 33, 36, 38, 40, 14, 18, 29, 31}",0.0,0.0,0.0,0.0,0.0,0.0,0.5,0.0,0.35,0.8725666739944806,2.0794415416798357,0.0
315,1,ae,2,"{10, 12}","{76, 79, 80, 89, 92, 93, 94, 95}",0.0,0.0,0.0,0.0,0.0,0.0,0.4,0.0,0.27999999999999997,0.9209826828339382,2.833213344056216,0.0
316,1,eg,1,"{3, 5, 6}","{56, 36, 42, 43, 44, 49, 52, 24, 25, 26}",0.0,0.0,0.0,0.0,0.0,0.0,0.0,0.0,0.0,0.0,2.3978952727983707,0.0
318,3,eg,1,"{1, 2}","{1, 5, 6, 10, 13, 14, 21}",0.0,0.0,0.0,0.0,0.0,0.0,0.0,0.0,0.0,0.0,1.3862943611198906,0.0
328,2,ma,1,"{3, 4, 6}","{32, 33, 48, 49, 53, 23, 56, 25, 26, 29, 31}",0.0,0.0,0.0,0.0,0.0,0.0,0.14285714285714285,0.0,0.09999999999999999,1.037358517294697,2.6390573296152584,0.0
330,2,eg,1,"{3, 4, 6}","{33, 48, 49, 52, 23, 24, 25, 56, 27, 28, 30, 31}",0.0,0.0,0.0,0.0,0.0,0.0,0.0,0.0,0.0,0.0,2.0794415416798357,0.0
333,1,jo,1,"{1, 2}","{1, 3, 4, 11, 14, 18, 19}",0.0,0.0,0.0,0.0,0.0,0.0,0.48148148148148145,0.0,0.337037037037037,1.0892890639054125,3.5263605246161616,0.0
336,2,eg,1,"{1, 3, 5}","{2, 3, 8, 42, 46, 24, 28}",0.0,0.0,0.0,0.0,0.0,0.0,0.16666666666666666,0.0,0.11666666666666665,1.0750556815368328,2.70805020110221,0.0
337,2,ae,4,"{19, 23}","{128, 129, 131, 132, 134, 150, 151, 152, 153, 154}",0.0,0.0,0.0,0.0,0.0,0.0,0.0,0.0,0.0,0.2079441541679836,2.0794415416798357,0.0
340,2,ma,1,"{3, 6}","{49, 53, 54, 24, 25, 56, 28}",0.0,0.0,0.0,0.0,0.0,0.0,1.0,0.0,0.7,0.8220958385012986,2.3978952727983707,0.0
341,2,eg,1,"{1, 3, 6}","{1, 3, 5, 7, 49, 55, 23, 25, 28}",0.0,0.0,0.0,0.0,0.0,0.0,0.5,0.0,0.35,1.002691759150189,2.772588722239781,0.0
342,3,eg,4,"{20, 21, 22}","{135, 136, 138, 139, 141, 142, 144, 146, 148, 149}",0.0,0.0,0.0,0.0,0.0,0.0,0.0,0.0,0.0,0.0,2.1972245773362196,0.0
345,1,sa,2,"{8, 12, 7}","{89, 65, 66, 67, 68, 70, 92, 94, 57, 90, 59, 60, 62, 95}",0.0,0.0,0.0,0.0,0.0,0.0,0.0,0.0,0.0,0.0,2.3978952727983707,0.0
346,1,sa,2,"{11, 12, 13}","{96, 97, 101, 102, 103, 83, 84, 85, 89, 90, 95}",0.0,0.0,0.0,0.0,0.0,0.0,0.0,0.0,0.0,0.4493598410330986,2.0794415416798357,0.0
349,2,sa,1,"{1, 4, 6}","{32, 1, 33, 6, 50, 56, 30, 31}",0.0,0.0,0.0,0.0,0.0,0.0,0.0,0.0,0.0,0.0,1.9459101490553132,0.0
350,2,sa,4,"{20, 21, 22}","{136, 137, 138, 141, 142, 143, 144, 145, 146, 148, 149}",0.0,0.0,0.0,0.0,0.0,0.0,0.0,0.0,0.0,0.0,2.0794415416798357,0.0
354,3,eg,3,"{16, 17, 18}","{116, 117, 118, 119, 120, 123, 124, 125, 126, 127}",0.0,0.0,0.0,0.0,0.0,0.0,1.0,0.0,0.7,0.2079441541679836,2.4849066497880004,0.0
355,3,ma,1,"{4, 6}","{32, 33, 48, 49, 50, 53, 54, 30}",0.0,0.0,0.0,0.0,0.0,0.0,0.0,0.0,0.0,0.9046027890391894,1.9459101490553132,0.0
361,3,eg,1,"{3, 5, 6}","{37, 38, 42, 45, 48, 49, 53, 54, 25, 26}",0.0,0.0,0.0,0.0,0.0,0.0,1.0,0.0,0.7,0.8725666739944806,1.9459101490553132,0.0
363,1,eg,3,"{18, 14, 15}","{104, 105, 106, 108, 109, 110, 113, 125, 126}",0.0,0.0,0.0,0.0,0.0,0.0,0.0,0.0,0.0,0.7254422860427217,1.6094379124341003,0.0
373,2,sa,3,"{16, 14, 15}","{104, 105, 106, 114, 115, 116, 117, 118}",0.0,0.0,0.0,0.0,0.0,0.0,0.16666666666666666,0.0,0.11666666666666665,0.8652481493690658,2.6390573296152584,0.0
381,2,eg,1,"{5, 6}","{37, 40, 42, 48, 49, 50, 52, 56}",0.0,0.0,0.0,0.0,0.0,0.0,0.0,0.0,0.0,0.0,2.772588722239781,0.0
385,2,sa,1,"{3, 4, 5}","{32, 33, 34, 36, 37, 42, 47, 23, 24, 27, 29, 31}",0.0,0.0,0.0,0.0,0.0,0.0,1.0,0.0,0.7,1.0477074480177397,2.4849066497880004,0.0
397,2,eg,4,"{19, 21, 23}","{128, 129, 134, 141, 142, 143, 144, 151, 153}",0.0,0.0,0.0,0.0,0.0,0.0,0.0,0.0,0.0,0.6749714505495398,2.1972245773362196,0.0
401,2,ma,2,"{9, 11, 13}","{96, 97, 102, 71, 72, 73, 103, 85, 86, 88}",0.0,0.0,0.0,0.0,0.0,0.0,0.0,0.0,0.0,0.0,1.3862943611198906,0.0
403,2,jo,1,"{1, 3, 6}","{1, 3, 9, 51, 54, 23, 28}",0.0,0.0,0.0,0.0,0.0,0.0,0.0,0.0,0.0,0.2079441541679836,2.0794415416798357,0.0
408,2,eg,1,"{1, 3, 6}","{2, 3, 5, 49, 55, 22, 54, 25}",0.0,0.0,0.0,0.0,0.0,0.0,0.0,0.0,0.0,0.0,1.791759469228055,0.0
409,3,sa,4,"{19, 23}","{128, 129, 134, 150, 151, 153, 154}",0.0,0.0,0.0,0.0,0.0,0.0,0.65,0.0,0.45499999999999996,0.9654225552554141,3.258096538021482,0.0
415,1,ma,1,"{3, 5}","{37, 38, 42, 43, 22, 23, 24}",0.0,0.0,0.0,0.0,0.0,0.0,1.0,0.0,0.7,0.7545656882088654,2.4849066497880004,0.0
418,2,eg,1,"{1, 5, 6}","{1, 5, 38, 7, 40, 42, 48, 49, 54, 55}",0.0,0.0,0.0,0.0,0.0,0.0,0.0,0.0,0.0,0.0,2.302585092994046,0.0
424,3,ma,2,"{10, 13}","{96, 97, 100, 103, 76, 77, 78, 79, 80}",0.0,0.0,0.0,0.0,0.0,0.0,0.0,0.0,0.0,0.0,2.302585092994046,0.0
435,2,eg,4,"{19, 21, 23}","{128, 129, 131, 133, 134, 141, 142, 144, 150, 151, 152, 153, 154}",0.0,0.0,0.0,0.0,0.0,0.0,0.0,0.0,0.0,0.0,1.6094379124341003,0.0
441,3,sa,3,"{16, 14}","{106, 107, 109, 116, 117, 118, 119}",0.0,0.0,0.0,0.0,0.0,0.0,0.3333333333333333,0.0,0.2333333333333333,0.9930109809795533,4.290459441148391,0.0
445,3,ae,2,"{9, 10, 11}","{71, 73, 76, 77, 78, 80, 85, 86, 88}",0.0,0.0,0.0,0.0,0.0,0.0,0.0,0.0,0.0,0.7545656882088654,2.995732273553991,0.0
446,2,eg,2,"{8, 10}","{65, 67, 69, 76, 77, 78, 80}",0.0,0.0,0.0,0.0,0.0,0.0,1.0,0.0,0.7,1.0117854524226542,2.9444389791664403,0.0
447,3,sa,1,"{2, 5}","{37, 39, 42, 12, 13, 14, 44, 47, 20}",0.0,0.0,0.0,0.0,0.0,0.0,0.0,0.0,0.0,0.0,2.0794415416798357,0.0
450,2,eg,2,"{9, 11}","{71, 72, 73, 74, 75, 85, 87}",0.0,0.0,0.0,0.0,0.0,0.0,0.0,0.0,0.0,0.0,2.0794415416798357,0.0
458,3,ma,1,"{3, 4}","{35, 22, 23, 24, 25, 30, 31}",0.0,0.0,0.0,0.0,0.0,0.0,0.0,0.0,0.0,1.0526259214411884,4.219507705176107,0.0
459,2,jo,2,"{10, 12}","{76, 77, 80, 89, 90, 92, 94}",0.0,0.0,0.0,0.0,0.0,0.0,0.0,0.0,0.0,0.8795446763397146,2.3978952727983707,0.0
462,2,sa,1,"{1, 2}","{1, 3, 4, 5, 11, 14, 15}",0.0,0.0,0.0,0.0,0.0,0.0,0.0,0.0,0.0,0.0,1.791759469228055,0.0
465,3,sa,2,"{11, 13}","{96, 102, 103, 81, 84, 85, 86, 88}",0.0,0.0,0.0,0.0,0.0,0.0,0.5,0.0,0.35,0.3295836866004329,2.3978952727983707,0.0
475,2,eg,1,"{2, 3, 5}","{38, 10, 13, 14, 45, 17, 23, 24, 27}",0.0,0.0,0.0,0.0,0.0,0.0,0.0,0.0,0.0,0.0,2.302585092994046,0.0
480,1,eg,3,"{16, 17, 14}","{104, 106, 107, 108, 109, 116, 117, 118, 119, 121, 122, 123}",0.0,0.0,0.0,0.0,0.0,0.0,0.0,0.0,0.0,0.0,1.9459101490553132,0.0
481,3,ae,1,"{2, 3}","{13, 14, 17, 18, 20, 23, 26}",0.0,0.0,0.0,0.0,0.0,0.0,0.0,0.0,0.0,0.6591673732008658,2.0794415416798357,0.0
483,2,eg,1,"{2, 6}","{13, 15, 48, 49, 50, 54, 56}",0.0,0.0,0.0,0.0,0.0,0.0,0.0,0.0,0.0,0.3295836866004329,1.791759469228055,0.0
491,2,eg,2,"{9, 10, 13}","{96, 99, 71, 72, 73, 74, 75, 76, 103, 78, 79, 80}",0.0,0.0,0.0,0.0,0.0,0.0,0.34782608695652173,0.0,0.2434782608695652,1.0866341273405025,3.4011973816621555,0.0
494,3,eg,3,"{14, 15}","{104, 105, 106, 109, 110, 111, 113, 114}",0.0,0.0,0.0,0.0,0.0,0.0,0.5,0.0,0.35,0.9209826828339382,2.772588722239781,0.0
499,2,ae,2,"{8, 9}","{65, 67, 69, 70, 72, 73, 74}",0.0,0.0,0.0,0.0,0.0,0.0,0.0,0.0,0.0,0.702319684068633,1.6094379124341003,0.0
503,2,jo,3,"{16, 18, 14}","{105, 106, 109, 116, 117, 118, 119, 124, 125, 126, 127}",0.0,0.0,0.0,0.0,0.0,0.0,0.0,0.0,0.0,0.7454719949364002,2.1972245773362196,0.0
510,1,sa,2,"{8, 11, 13}","{67, 70, 102, 103, 82, 85, 86}",0.0,0.0,0.0,0.0,0.0,0.0,0.0,0.0,0.0,0.0,1.9459101490553132,0.0
513,1,jo,1,"{1, 3, 6}","{3, 9, 48, 49, 52, 22, 23, 24, 25, 56}",0.0,0.0,0.0,0.0,0.0,0.0,0.0,0.0,0.0,0.0,1.791759469228055,0.0
517,2,eg,3,"{18, 15}","{110, 111, 113, 124, 125, 126, 127}",0.0,0.0,0.0,0.0,0.0,0.0,0.6,0.0,0.42,0.8795446763397146,2.8903717578961645,0.0
529,1,jo,4,"{20, 22, 23}","{135, 136, 137, 138, 140, 146, 148, 149, 152, 154}",0.0,0.0,0.0,0.0,0.0,0.0,0.2857142857142857,0.0,0.19999999999999998,1.0284692976891878,2.6390573296152584,0.0
531,1,eg,1,"{2, 5, 6}","{38, 40, 10, 42, 44, 13, 14, 15, 46, 51, 54, 56}",0.0,0.0,0.0,0.0,0.0,0.0,0.0,0.0,0.0,0.0,2.1972245773362196,0.0
532,2,eg,1,"{2, 3, 5}","{37, 38, 11, 13, 14, 45, 17, 19, 23, 24, 28}",0.0,0.0,0.0,0.0,0.0,0.0,0.0,0.0,0.0,0.0,1.791759469228055,0.0
534,3,eg,2,"{10, 11, 7}","{76, 77, 78, 79, 80, 81, 86, 57, 60, 63}",0.0,0.0,0.0,0.0,0.0,0.0,0.0,0.0,0.0,0.0,1.9459101490553132,0.0
541,1,ae,1,"{1, 2}","{3, 6, 7, 10, 14, 16, 20}",0.0,0.0,0.0,0.0,0.0,0.0,0.0,0.0,0.0,0.3295836866004329,2.0794415416798357,0.0
546,2,eg,1,"{3, 4, 5}","{32, 34, 39, 42, 22, 24, 31}",0.0,0.0,0.0,0.0,0.0,0.0,0.0,0.0,0.0,0.3295836866004329,2.6390573296152584,0.0
550,2,eg,2,"{8, 12, 13}","{96, 65, 66, 67, 97, 69, 99, 102, 103, 89, 90, 94, 95}",0.0,0.0,0.0,0.0,0.0,0.0,0.0,0.0,0.0,0.7755725992557227,2.1972245773362196,0.0
555,3,eg,2,"{9, 11}","{71, 72, 73, 75, 83, 84, 85, 86}",0.0,0.0,0.0,0.0,0.0,0.0,1.0,0.0,0.7,1.0573882261883754,4.330733340286331,0.0
556,1,sa,4,"{19, 20, 23}","{128, 131, 132, 134, 135, 138, 139, 151, 153, 154}",0.0,0.0,0.0,0.0,0.0,0.0,0.0,0.0,0.0,0.0,2.3978952727983707,0.0
558,1,eg,1,"{1, 3}","{3, 4, 5, 8, 9, 25, 28}",0.0,0.0,0.0,0.0,0.0,0.0,0.5555555555555556,0.0,0.3888888888888889,1.0839313515151008,3.332204510175204,0.0
561,1,ma,3,"{18, 15}","{110, 111, 113, 114, 124, 125, 126}",0.0,0.0,0.0,0.0,0.0,0.0,1.0,0.0,0.7,0.892596382888159,1.791759469228055,0.0
563,1,eg,1,"{3, 4}","{32, 33, 35, 24, 25, 26, 30, 31}",0.0,0.0,0.0,0.0,0.0,0.0,0.0,0.0,0.0,0.7143260902196634,2.4849066497880004,0.0
570,3,eg,1,"{1, 5, 6}","{1, 3, 36, 37, 6, 8, 9, 41, 53, 54, 56}",0.0,0.0,0.0,0.0,0.0,0.0,0.2,0.0,0.13999999999999999,0.997929454403002,2.3978952727983707,0.0
573,3,eg,3,"{16, 18, 14}","{104, 107, 109, 116, 119, 124, 125, 126, 127}",0.0,0.0,0.0,0.0,0.0,0.0,0.0,0.0,0.0,0.0,2.302585092994046,0.0
575,3,sa,1,"{1, 3, 4}","{32, 33, 3, 4, 5, 7, 8, 23, 24, 25, 28, 30, 31}",0.0,0.0,0.0,0.0,0.0,0.0,0.6111111111111112,0.0,0.4277777777777778,1.0892890639054125,3.2188758248682006,0.0
576,3,ae,1,"{1, 2, 4}","{32, 1, 8, 9, 11, 17, 29, 31}",0.0,0.0,0.0,0.0,0.0,0.0,0.0,0.0,0.0,0.6892679775201884,2.3978952727983707,0.0
581,2,ae,2,"{9, 10}","{71, 72, 73, 75, 76, 78, 80}",0.0,0.0,0.0,0.0,0.0,0.0,0.0,0.0,0.0,0.7254422860427217,1.9459101490553132,0.0
584,3,ma,2,"{10, 7}","{64, 76, 78, 59, 60, 61, 62}",0.0,0.0,0.0,0.0,0.0,0.0,0.0,0.0,0.0,0.0,1.6094379124341003,0.0
589,2,ae,2,"{12, 13, 7}","{89, 96, 97, 98, 90, 103, 95, 57, 58, 59, 60, 94, 63}",0.0,0.0,0.0,0.0,0.0,0.0,0.0,0.0,0.0,0.0,3.367295829986474,0.0
590,2,sa,2,"{8, 12, 13}","{96, 66, 98, 68, 89, 93, 95}",0.0,0.0,0.0,0.0,0.0,0.0,0.0,0.0,0.0,0.8006307119551976,2.9444389791664403,0.0
591,1,jo,1,"{1, 2, 4}","{32, 1, 5, 6, 8, 19, 20, 29}",0.0,0.0,0.0,0.0,0.0,0.0,0.5,0.0,0.35,0.4158883083359672,2.1972245773362196,0.0
597,2,eg,1,"{1, 4, 6}","{32, 1, 33, 3, 4, 5, 34, 9, 48, 53, 31}",0.0,0.0,0.0,0.0,0.0,0.0,0.0,0.0,0.0,0.2079441541679836,1.9459101490553132,0.0
604,2,eg,3,"{16, 18, 14}","{104, 107, 116, 117, 119, 124, 126, 127}",0.0,0.0,0.0,0.0,0.0,0.0,1.0,0.0,0.7,0.9715458544334523,2.6390573296152584,0.0
605,2,eg,1,"{1, 6}","{1, 3, 4, 8, 49, 52, 53}",0.0,0.0,0.0,0.0,0.0,0.0,0.0,0.0,0.0,0.702319684068633,2.3978952727983707,0.0
615,3,ae,2,"{10, 11, 13}","{96, 97, 99, 103, 76, 77, 78, 79, 80, 81, 84, 86}",0.0,0.0,0.0,0.0,0.0,0.0,0.0,0.0,0.0,0.2079441541679836,2.302585092994046,0.0
620,2,eg,1,"{1, 2, 3}","{3, 5, 8, 9, 18, 20, 22, 23, 24, 25, 27}",0.0,0.0,0.0,0.0,0.0,0.0,0.0,0.0,0.0,0.0,1.791759469228055,0.0
622,2,sa,3,"{16, 17, 18}","{116, 119, 120, 121, 122, 123, 124, 125, 126, 127}",0.0,0.0,0.0,0.0,0.0,0.0,0.42857142857142855,0.0,0.3,1.0726052186388788,3.871201010907891,0.0
623,1,ae,1,"{3, 4}","{32, 33, 34, 22, 23, 24, 25}",0.0,0.0,0.0,0.0,0.0,0.0,0.4375,0.0,0.30624999999999997,1.0892890639054125,4.718498871295094,0.0
628,2,sa,4,"{20, 23}","{135, 136, 138, 140, 151, 152, 154}",0.0,0.0,0.0,0.0,0.0,0.0,0.0,0.0,0.0,0.0,2.995732273553991,0.0
631,1,sa,4,"{22, 23}","{146, 147, 148, 149, 150, 151, 152, 153, 154}",0.0,0.0,0.0,0.0,0.0,0.0,0.16666666666666666,0.0,0.11666666666666665,0.8862124407253396,3.2188758248682006,0.0
633,2,sa,1,"{2, 3}","{14, 16, 19, 20, 22, 24, 26}",0.0,0.0,0.0,0.0,0.0,0.0,0.0,0.0,0.0,0.9321912147633287,2.302585092994046,0.0
635,1,ae,4,"{19, 23}","{128, 133, 134, 150, 151, 153, 154}",0.0,0.0,0.0,0.0,0.0,0.0,0.0,0.0,0.0,0.6892679775201884,2.0794415416798357,0.0
636,1,eg,2,"{8, 9, 7}","{65, 66, 67, 68, 71, 72, 73, 74, 75, 57, 60, 62}",0.0,0.0,0.0,0.0,0.0,0.0,1.0,0.0,0.7,0.3295836866004329,2.1972245773362196,0.0
639,3,jo,1,"{1, 3, 5}","{1, 2, 3, 8, 41, 42, 23, 24, 27}",0.0,0.0,0.0,0.0,0.0,0.0,0.0,0.0,0.0,0.811746907778256,1.791759469228055,0.0
641,2,sa,1,"{1, 3, 5}","{1, 2, 36, 44, 45, 23, 25, 27}",0.0,0.0,0.0,0.0,0.0,0.0,0.3333333333333333,0.0,0.2333333333333333,0.9046027890391894,2.5649493574615367,0.0
643,3,ae,1,"{1, 2, 6}","{1, 2, 3, 5, 10, 11, 14, 48, 18, 53, 54, 56}",0.0,0.0,0.0,0.0,0.0,0.0,0.0,0.0,0.0,0.0,2.3978952727983707,0.0
646,3,eg,1,"{1, 3, 4}","{33, 3, 7, 8, 23, 24, 26, 30, 31}",0.0,0.0,0.0,0.0,0.0,0.0,0.6666666666666666,0.0,0.4666666666666666,0.8652481493690658,2.302585092994046,0.0
648,3,sa,1,"{3, 4, 6}","{32, 33, 56, 48, 49, 55, 22, 23, 24, 25, 26, 29, 30, 31}",0.0,0.0,0.0,0.0,0.0,0.0,0.25,0.0,0.175,1.0117854524226542,2.4849066497880004,0.0
649,1,sa,1,"{4, 5}","{34, 36, 37, 42, 43, 30, 31}",0.0,0.0,0.0,0.0,0.0,0.0,0.0,0.0,0.0,0.3295836866004329,2.0794415416798357,0.0
650,3,ae,3,"{17, 14, 15}","{104, 108, 109, 110, 111, 114, 115, 120, 121, 122, 123}",0.0,0.0,0.0,0.0,0.0,0.0,0.0,0.0,0.0,0.0,3.367295829986474,0.0
660,3,ae,3,"{18, 14, 15}","{104, 106, 107, 110, 111, 112, 114, 124, 125, 126, 127}",0.0,0.0,0.0,0.0,0.0,0.0,1.0,0.0,0.7,0.7254422860427217,2.4849066497880004,0.0
662,2,eg,2,"{10, 11, 12}","{76, 77, 80, 84, 86, 88, 91, 94}",0.0,0.0,0.0,0.0,0.0,0.0,0.0,0.0,0.0,0.0,1.9459101490553132,0.0
665,1,eg,1,"{3, 4, 5}","{33, 36, 38, 40, 22, 23, 24, 29}",0.0,0.0,0.0,0.0,0.0,0.0,0.0,0.0,0.0,0.48283137373023005,2.302585092994046,0.0
667,2,eg,3,"{16, 14, 15}","{104, 105, 106, 109, 110, 112, 114, 116, 119}",0.0,0.0,0.0,0.0,0.0,0.0,0.0,0.0,0.0,0.8987196820661972,2.0794415416798357,0.0
670,3,eg,1,"{1, 5, 6}","{3, 5, 38, 6, 8, 43, 49, 51, 54, 56}",0.0,0.0,0.0,0.0,0.0,0.0,0.5,0.0,0.35,0.9395097393887435,2.6390573296152584,0.0
671,1,sa,1,"{1, 4, 6}","{32, 33, 35, 5, 8, 9, 48, 49, 52, 54, 29, 31}",0.0,0.0,0.0,0.0,0.0,0.0,0.0,0.0,0.0,0.2079441541679836,3.4339872044851463,0.0
676,1,eg,1,"{3, 5, 6}","{56, 36, 37, 38, 39, 43, 48, 53, 22, 23, 24, 25, 54}",0.0,0.0,0.0,0.0,0.0,0.0,0.4782608695652174,0.0,0.3347826086956522,1.0892890639054125,3.4657359027997265,0.0
680,1,ae,1,"{2, 5, 6}","{37, 42, 10, 43, 49, 50, 19, 20, 54}",0.0,0.0,0.0,0.0,0.0,0.0,0.0,0.0,0.0,0.7631394502848576,2.302585092994046,0.0
681,2,ae,2,"{9, 12, 13}","{96, 97, 99, 102, 71, 72, 73, 103, 90, 94}",0.0,0.0,0.0,0.0,0.0,0.0,0.5,0.0,0.35,0.7324202883879556,3.4011973816621555,0.0
682,3,eg,3,"{16, 18, 15}","{114, 115, 116, 117, 118, 125, 127}",0.0,0.0,0.0,0.0,0.0,0.0,0.0,0.0,0.0,0.6749714505495398,2.302585092994046,0.0
686,2,sa,4,"{20, 21, 23}","{135, 136, 138, 139, 141, 142, 143, 145, 150, 151, 154}",0.0,0.0,0.0,0.0,0.0,0.0,0.0,0.0,0.0,0.0,2.3978952727983707,0.0
688,2,sa,4,"{21, 22, 23}","{141, 142, 143, 144, 145, 146, 147, 148, 149, 151, 153, 154}",0.0,0.0,0.0,0.0,0.0,0.0,0.0,0.0,0.0,0.2079441541679836,1.9459101490553132,0.0
689,2,sa,1,"{2, 4, 6}","{12, 14, 48, 49, 52, 54, 30, 31}",0.0,0.0,0.0,0.0,0.0,0.0,0.0,0.0,0.0,0.9772069036308795,2.6390573296152584,0.0
692,2,eg,2,"{8, 9, 12}","{65, 70, 71, 72, 73, 74, 92, 94, 95}",0.0,0.0,0.0,0.0,0.0,0.0,0.0,0.0,0.0,0.0,2.302585092994046,0.0
694,3,eg,3,"{17, 14}","{104, 106, 107, 108, 109, 120, 123}",0.0,0.0,0.0,0.0,0.0,0.0,0.26666666666666666,0.0,0.18666666666666665,1.0085748661231813,3.7612001156935624,0.0
695,2,ae,3,"{16, 18, 14}","{108, 109, 116, 117, 118, 119, 124, 126, 127}",0.0,0.0,0.0,0.0,0.0,0.0,0.5,0.0,0.35,0.997929454403002,2.302585092994046,0.0
697,1,eg,2,"{12, 7}","{90, 89, 58, 59, 93, 94, 95}",0.0,0.0,0.0,0.0,0.0,0.0,0.0,0.0,0.0,0.0,2.3978952727983707,0.0
701,2,jo,2,"{8, 13, 7}","{96, 65, 66, 67, 97, 69, 102, 103, 57, 62}",0.0,0.0,0.0,0.0,0.0,0.0,0.0,0.0,0.0,0.2079441541679836,2.0794415416798357,0.0
712,3,ae,4,"{20, 21, 22}","{135, 138, 139, 141, 142, 144, 147, 149}",0.0,0.0,0.0,0.0,0.0,0.0,1.0,0.0,0.7,0.5533319181170905,1.9459101490553132,0.0
715,3,ae,1,"{1, 4, 6}","{1, 34, 33, 6, 8, 53, 54, 56}",0.0,0.0,0.0,0.0,0.0,0.0,0.0,0.0,0.0,0.9157189848622478,1.9459101490553132,0.0
723,1,eg,4,"{19, 22}","{128, 129, 131, 132, 134, 146, 147, 148, 149}",0.0,0.0,0.0,0.0,0.0,0.0,0.0,0.0,0.0,0.0,1.6094379124341003,0.0
741,2,jo,3,"{16, 18, 14}","{104, 105, 106, 107, 109, 116, 117, 119, 124, 126, 127}",0.0,0.0,0.0,0.0,0.0,0.0,0.25,0.0,0.175,0.8652481493690658,3.091042453358316,0.0
743,2,eg,4,"{19, 21}","{129, 130, 131, 133, 141, 142, 144}",0.0,0.0,0.0,0.0,0.0,0.0,0.0,0.0,0.0,0.0,1.3862943611198906,0.0
744,2,eg,1,"{3, 4, 6}","{32, 33, 34, 49, 55, 23, 28, 29, 31}",0.0,0.0,0.0,0.0,0.0,0.0,0.0,0.0,0.0,0.0,2.302585092994046,0.0
749,2,sa,2,"{9, 10}","{71, 72, 75, 76, 77, 79, 80}",0.0,0.0,0.0,0.0,0.0,0.0,0.0,0.0,0.0,0.5926865577872141,2.0794415416798357,0.0
760,3,eg,1,"{1, 2, 5}","{3, 36, 5, 37, 7, 10, 11, 42, 13, 47, 16, 21}",0.0,0.0,0.0,0.0,0.0,0.0,1.0,0.0,0.7,1.0504598188179692,2.70805020110221,0.0
764,2,sa,2,"{8, 10, 11}","{65, 66, 67, 68, 76, 77, 78, 80, 83, 85}",0.0,0.0,0.0,0.0,0.0,0.0,0.0,0.0,0.0,0.3295836866004329,1.9459101490553132,0.0
769,2,ma,2,"{8, 13}","{96, 66, 98, 69, 70, 102, 103}",0.0,0.0,0.0,0.0,0.0,0.0,0.0,0.0,0.0,0.6892679775201884,1.9459101490553132,0.0
770,3,eg,3,"{17, 18}","{121, 122, 123, 124, 125, 126, 127}",0.0,0.0,0.0,0.0,0.0,0.0,0.0,0.0,0.0,0.0,2.1972245773362196,0.0
771,2,ma,2,"{9, 10}","{72, 73, 74, 75, 76, 77, 78, 79, 80}",0.0,0.0,0.0,0.0,0.0,0.0,0.6666666666666666,0.0,0.4666666666666666,0.8494440720203918,2.4849066497880004,0.0
774,1,eg,3,"{14, 15}","{104, 106, 108, 109, 110, 111, 112}",0.0,0.0,0.0,0.0,0.0,0.0,0.0,0.0,0.0,0.0,2.302585092994046,0.0
775,3,eg,1,"{1, 5, 6}","{1, 2, 3, 36, 37, 38, 8, 46, 48, 51, 54}",0.0,0.0,0.0,0.0,0.0,0.0,0.375,0.0,0.26249999999999996,0.9826620502565107,2.8903717578961645,0.0
776,3,eg,1,"{1, 4, 5}","{32, 33, 2, 3, 4, 5, 35, 36, 8, 42, 43}",0.0,0.0,0.0,0.0,0.0,0.0,0.0,0.0,0.0,0.0,1.791759469228055,0.0
779,1,sa,4,"{19, 21, 23}","{128, 132, 141, 144, 151, 153, 154}",0.0,0.0,0.0,0.0,0.0,0.0,0.0,0.0,0.0,0.0,1.791759469228055,0.0
780,3,eg,3,"{17, 14, 15}","{104, 105, 106, 107, 109, 110, 112, 114, 120, 121, 122, 123}",0.0,0.0,0.0,0.0,0.0,0.0,0.0,0.0,0.0,0.7143260902196634,2.5649493574615367,0.0
781,3,eg,1,"{1, 4, 5}","{32, 33, 3, 4, 35, 36, 37, 8, 39, 42, 46, 31}",0.0,0.0,0.0,0.0,0.0,0.0,0.0,0.0,0.0,0.0,1.9459101490553132,0.0
782,1,ma,2,"{9, 13}","{96, 97, 100, 103, 72, 73, 74}",0.0,0.0,0.0,0.0,0.0,0.0,1.0,0.0,0.7,0.7712495334753989,2.772588722239781,0.0
784,3,ma,1,"{2, 3, 6}","{10, 12, 48, 49, 53, 54, 23, 24, 25, 26, 55, 28}",0.0,0.0,0.0,0.0,0.0,0.0,0.6666666666666666,0.0,0.4666666666666666,0.7999078189898053,2.3978952727983707,0.0
789,2,sa,3,"{17, 14}","{104, 105, 106, 120, 121, 122, 123}",0.0,0.0,0.0,0.0,0.0,0.0,0.2857142857142857,0.0,0.19999999999999998,0.9046027890391894,2.6390573296152584,0.0
794,2,eg,1,"{2, 4, 5}","{32, 36, 37, 10, 42, 13, 14, 46, 19, 29}",0.0,0.0,0.0,0.0,0.0,0.0,0.0,0.0,0.0,0.4767080745521918,1.6094379124341003,0.0
797,3,jo,2,"{10, 11, 12}","{76, 79, 83, 85, 89, 93, 94, 95}",0.0,0.0,0.0,0.0,0.0,0.0,0.0,0.0,0.0,0.0,3.4011973816621555,0.0
803,1,eg,1,"{4, 5}","{32, 33, 34, 35, 37, 38, 41, 31}",0.0,0.0,0.0,0.0,0.0,0.0,0.38095238095238093,0.0,0.2666666666666666,0.9557417770847784,3.8918202981106265,0.0
805,3,ma,2,"{8, 10, 7}","{65, 66, 67, 70, 76, 77, 79, 80, 58, 59}",0.0,0.0,0.0,0.0,0.0,0.0,0.21212121212121213,0.0,0.14848484848484847,1.0892890639054125,3.8501476017100584,0.0
806,2,jo,2,"{9, 12, 7}","{64, 89, 73, 74, 57, 59, 60, 93}",0.0,0.0,0.0,0.0,0.0,0.0,0.0,0.0,0.0,0.2079441541679836,2.3978952727983707,0.0
807,2,eg,1,"{3, 5, 6}","{38, 42, 47, 49, 52, 24, 25, 56, 28}",0.0,0.0,0.0,0.0,0.0,0.0,0.0,0.0,0.0,0.0,2.4849066497880004,0.0
809,2,sa,3,"{16, 17}","{116, 117, 118, 119, 121, 122, 123}",0.0,0.0,0.0,0.0,0.0,0.0,1.0,0.0,0.7,0.8795446763397146,2.0794415416798357,0.0
811,2,ae,1,"{1, 2, 3}","{1, 3, 5, 6, 7, 13, 19, 23, 24, 25, 26}",0.0,0.0,0.0,0.0,0.0,0.0,0.5555555555555556,0.0,0.3888888888888889,1.0892890639054125,2.995732273553991,0.0
813,3,ae,3,"{17, 18}","{120, 121, 122, 123, 124, 126, 127}",0.0,0.0,0.0,0.0,0.0,0.0,0.0,0.0,0.0,0.49983067652628055,2.3978952727983707,0.0
819,3,eg,1,"{1, 4}","{32, 33, 34, 3, 5, 8, 9, 31}",0.0,0.0,0.0,0.0,0.0,0.0,0.0,0.0,0.0,1.0477074480177397,1.0986122886681098,0.0
821,1,ma,3,"{16, 14, 15}","{104, 106, 107, 109, 110, 111, 113, 116, 117, 118, 119}",0.0,0.0,0.0,0.0,0.0,0.0,0.8,0.0,0.5599999999999999,0.8795446763397146,2.4849066497880004,0.0
836,2,sa,2,"{8, 9, 10}","{65, 66, 67, 69, 72, 73, 74, 75, 76, 77, 78, 79, 80}",0.0,0.0,0.0,0.0,0.0,0.0,1.0,0.0,0.7,0.7755725992557227,2.772588722239781,0.0
837,2,sa,1,"{2, 6}","{10, 13, 14, 16, 48, 49, 51, 54}",0.0,0.0,0.0,0.0,0.0,0.0,0.0,0.0,0.0,0.9656627474604601,4.3694478524670215,0.0
847,3,ae,1,"{2, 5, 6}","{42, 43, 11, 48, 49, 19, 52}",0.0,0.0,0.0,0.0,0.0,0.0,0.0,0.0,0.0,0.7712495334753989,1.791759469228055,0.0
848,2,ma,2,"{9, 11, 13}","{96, 97, 100, 101, 103, 72, 73, 75, 81, 84, 85, 86, 87}",0.0,0.0,0.0,0.0,0.0,0.0,0.4166666666666667,0.0,0.2916666666666667,1.0892890639054125,3.7376696182833684,0.0
849,3,sa,4,"{20, 23}","{135, 136, 137, 139, 140, 151, 152}",0.0,0.0,0.0,0.0,0.0,0.0,0.5,0.0,0.35,0.7454719949364002,2.4849066497880004,0.0
853,1,ma,1,"{1, 6}","{1, 3, 7, 48, 50, 53, 56}",0.0,0.0,0.0,0.0,0.0,0.0,0.0,0.0,0.0,0.0,1.791759469228055,0.0
854,2,eg,1,"{3, 4, 6}","{32, 33, 34, 48, 49, 51, 54, 24, 25, 26, 31}",0.0,0.0,0.0,0.0,0.0,0.0,0.0,0.0,0.0,0.0,2.0794415416798357,0.0
861,1,eg,1,"{2, 3, 6}","{10, 13, 14, 16, 49, 19, 51, 24, 25, 56, 27}",0.0,0.0,0.0,0.0,0.0,0.0,0.0,0.0,0.0,0.0,2.1972245773362196,0.0
862,2,eg,2,"{12, 13}","{101, 103, 89, 90, 93, 94, 95}",0.0,0.0,0.0,0.0,0.0,0.0,0.0,0.0,0.0,0.0,1.6094379124341003,0.0
863,2,sa,1,"{2, 4, 5}","{32, 33, 37, 38, 40, 10, 43, 12, 13, 44, 17, 20, 29, 31}",0.0,0.0,0.0,0.0,0.0,0.0,0.6666666666666666,0.0,0.4666666666666666,0.9102638382366166,2.70805020110221,0.0
866,3,ae,4,"{21, 22, 23}","{141, 142, 144, 146, 148, 149, 150, 151, 154}",0.0,0.0,0.0,0.0,0.0,0.0,0.0,0.0,0.0,0.0,1.791759469228055,0.0
867,1,jo,1,"{1, 2, 3}","{3, 8, 9, 11, 18, 20, 22, 23, 24, 25}",0.0,0.0,0.0,0.0,0.0,0.0,0.14285714285714285,0.0,0.09999999999999999,0.9209826828339382,2.9444389791664403,0.0
871,2,ma,1,"{4, 5, 6}","{32, 33, 35, 38, 43, 44, 48, 49, 51, 31}",0.0,0.0,0.0,0.0,0.0,0.0,0.0,0.0,0.0,0.8575541552109331,2.6390573296152584,0.0
874,2,eg,2,"{9, 12}","{71, 73, 74, 89, 92, 94, 95}",0.0,0.0,0.0,0.0,0.0,0.0,0.25,0.0,0.175,1.0892890639054125,3.295836866004329,0.0
879,1,eg,1,"{1, 2, 3}","{1, 3, 6, 8, 11, 13, 15, 23, 24, 28}",0.0,0.0,0.0,0.0,0.0,0.0,0.3333333333333333,0.0,0.2333333333333333,0.8987196820661972,2.6390573296152584,0.0
887,2,eg,4,"{20, 21, 23}","{135, 138, 139, 141, 142, 144, 151, 153}",0.0,0.0,0.0,0.0,0.0,0.0,0.0,0.0,0.0,0.0,2.0794415416798357,0.0
890,2,jo,3,"{16, 15}","{110, 111, 112, 114, 115, 116, 117, 118, 119}",0.0,0.0,0.0,0.0,0.0,0.0,0.55,0.0,0.385,1.0892890639054125,3.258096538021482,0.0
891,2,ma,2,"{8, 11, 13}","{96, 98, 67, 69, 103, 83, 84, 85}",0.0,0.0,0.0,0.0,0.0,0.0,0.5,0.0,0.35,0.8987196820661972,3.258096538021482,0.0
893,2,eg,1,"{2, 6}","{10, 12, 49, 19, 52, 54, 56}",0.0,0.0,0.0,0.0,0.0,0.0,0.0,0.0,0.0,0.0,2.833213344056216,0.0
896,3,jo,2,"{9, 12}","{72, 73, 75, 89, 90, 93, 94, 95}",0.0,0.0,0.0,0.0,0.0,0.0,0.0,0.0,0.0,0.0,2.0794415416798357,0.0
899,2,jo,2,"{9, 11, 7}","{64, 72, 73, 75, 83, 84, 85, 86, 59, 60}",0.0,0.0,0.0,0.0,0.0,0.0,0.0,0.0,0.0,0.8220958385012986,2.0794415416798357,0.0
900,1,eg,1,"{1, 2, 3}","{1, 3, 5, 7, 10, 11, 20, 21, 23, 24, 26}",0.0,0.0,0.0,0.0,0.0,0.0,0.0,0.0,0.0,0.0,1.6094379124341003,0.0
901,3,eg,3,"{16, 14}","{104, 108, 109, 116, 117, 118, 119}",0.0,0.0,0.0,0.0,0.0,0.0,0.0,0.0,0.0,0.2079441541679836,3.1354942159291497,0.0
903,3,eg,1,"{2, 3, 6}","{10, 11, 14, 16, 17, 48, 49, 22, 55, 24}",0.0,0.0,0.0,0.0,0.0,0.0,0.0,0.0,0.0,0.0,1.6094379124341003,0.0
910,2,jo,1,"{4, 5, 6}","{35, 37, 42, 45, 48, 54, 55, 56, 31}",0.0,0.0,0.0,0.0,0.0,0.0,0.0,0.0,0.0,0.0,1.791759469228055,0.0
914,3,ma,3,"{14, 15}","{104, 105, 106, 108, 109, 110, 111, 114, 115}",0.0,0.0,0.0,0.0,0.0,0.0,0.0,0.0,0.0,0.7886243058041672,2.302585092994046,0.0
920,2,sa,2,"{10, 11}","{76, 79, 80, 81, 84, 85, 86}",0.0,0.0,0.0,0.0,0.0,0.0,0.0,0.0,0.0,0.2079441541679836,1.9459101490553132,0.0
938,2,sa,4,"{19, 20, 21}","{129, 131, 134, 135, 136, 137, 141, 142, 143, 144, 145}",0.0,0.0,0.0,0.0,0.0,0.0,1.0,0.0,0.7,0.2079441541679836,1.9459101490553132,0.0
949,3,jo,3,"{16, 15}","{110, 111, 115, 116, 117, 118, 119}",0.0,0.0,0.0,0.0,0.0,0.0,0.0,0.0,0.0,0.2079441541679836,3.2188758248682006,0.0
953,3,ae,3,"{16, 17, 18}","{116, 117, 118, 120, 121, 122, 123, 125, 126, 127}",0.0,0.0,0.0,0.0,0.0,0.0,1.0,0.0,0.7,0.2079441541679836,2.1972245773362196,0.0
958,2,eg,1,"{4, 6}","{32, 48, 49, 50, 54, 55, 30}",0.0,0.0,0.0,0.0,0.0,0.0,0.0,0.0,0.0,0.0,2.1972245773362196,0.0
959,1,eg,3,"{14, 15}","{104, 105, 106, 110, 113, 114, 115}",0.0,0.0,0.0,0.0,0.0,0.0,0.3333333333333333,0.16666666666666666,0.18333333333333332,0.997929454403002,3.1354942159291497,0.0
960,3,jo,1,"{3, 5}","{36, 37, 38, 39, 47, 24, 25, 26}",0.0,0.0,0.0,0.0,0.0,0.0,0.5833333333333334,0.0,0.4083333333333333,0.961526232294925,3.258096538021482,0.0
962,2,eg,1,"{2, 3}","{10, 16, 19, 20, 23, 24, 28}",0.0,0.0,0.0,0.0,0.0,0.0,0.0,0.0,0.0,0.0,1.9459101490553132,0.0
963,1,sa,4,"{21, 22}","{141, 143, 144, 146, 147, 148, 149}",0.0,0.0,0.0,0.0,0.0,0.0,0.6,0.0,0.42,0.8725666739944806,2.833213344056216,0.0
981,1,sa,1,"{2, 3, 4}","{33, 13, 14, 15, 17, 20, 25, 28, 29, 31}",0.0,0.0,0.0,0.0,0.0,0.0,0.0,0.0,0.0,0.0,1.9459101490553132,0.0
984,1,eg,2,"{8, 10}","{65, 66, 67, 68, 70, 76, 77, 78, 80}",0.0,0.0,0.0,0.0,0.0,0.0,0.0,0.0,0.0,0.0,1.9459101490553132,0.0
985,3,jo,2,"{8, 9, 10}","{65, 66, 67, 69, 70, 73, 74, 76, 77, 78, 79, 80}",0.0,0.0,0.0,0.0,0.0,0.0,0.0,0.0,0.0,0.9209826828339382,2.1972245773362196,0.0
996,3,sa,2,"{8, 9, 13}","{65, 98, 70, 103, 72, 73, 75}",0.0,0.0,0.0,0.0,0.0,0.0,0.0,0.0,0.0,0.8862124407253396,2.5649493574615367,0.0
998,2,eg,4,"{20, 22, 23}","{135, 136, 138, 139, 146, 147, 148, 149, 150, 151, 152, 153, 154}",0.0,0.0,0.0,0.0,0.0,0.0,0.0,0.0,0.0,0.2079441541679836,2.0794415416798357,0.0
1004,2,eg,3,"{18, 14, 15}","{104, 105, 106, 109, 110, 111, 112, 114, 124, 125, 126, 127}",0.0,0.0,0.0,0.0,0.0,0.0,0.0,0.0,0.0,0.0,1.9459101490553132,0.0
1011,3,sa,3,"{16, 17, 14}","{104, 105, 106, 109, 116, 117, 118, 119, 121, 122, 123}",0.0,0.0,0.0,0.0,0.0,0.0,0.5714285714285714,0.0,0.39999999999999997,0.9575259952326007,3.091042453358316,0.0
1014,2,eg,1,"{4, 5, 6}","{32, 35, 36, 37, 41, 42, 46, 48, 51, 54, 56, 31}",0.0,0.0,0.0,0.0,0.0,0.0,0.0,0.0,0.0,0.0,1.0986122886681098,0.0
1018,1,ma,3,"{17, 18, 14}","{104, 106, 107, 120, 121, 122, 123, 124, 125, 126, 127}",0.0,0.0,0.0,0.0,0.0,0.0,0.0,0.0,0.0,0.0,2.4849066497880004,0.0
1019,1,ae,1,"{2, 6}","{10, 13, 15, 48, 20, 21, 53, 54}",0.0,0.0,0.0,0.0,0.0,0.0,0.0,0.0,0.0,0.3295836866004329,4.406719247264253,0.0
1021,3,sa,1,"{2, 4, 6}","{32, 33, 10, 11, 13, 48, 18, 50, 54, 29, 30, 31}",0.0,0.0,0.0,0.0,0.0,0.0,1.0,0.0,0.7,1.032365620649677,2.4849066497880004,0.0
1036,2,eg,1,"{3, 4, 5}","{32, 33, 35, 37, 40, 44, 23, 24, 25, 27, 28, 31}",0.0,0.0,0.0,0.0,0.0,0.0,0.0,0.0,0.0,0.0,1.791759469228055,0.0
1042,2,sa,2,"{8, 10, 12}","{65, 66, 67, 68, 76, 77, 78, 79, 80, 89, 91, 95}",0.0,0.0,0.0,0.0,0.0,0.0,0.42857142857142855,0.0,0.3,0.9826620502565107,3.044522437723423,0.0
1045,3,ma,3,"{16, 17, 15}","{110, 111, 112, 114, 116, 117, 118, 120, 121}",0.0,0.0,0.0,0.0,0.0,0.0,0.0,0.0,0.0,0.0,1.6094379124341003,0.0
1046,3,jo,1,"{3, 6}","{48, 51, 52, 54, 56, 25, 26}",0.0,0.0,0.0,0.0,0.0,0.0,0.1111111111111111,0.0,0.07777777777777777,0.9157189848622478,2.5649493574615367,0.0
1052,3,eg,1,"{3, 4, 5}","{33, 35, 37, 38, 41, 44, 47, 23, 28}",0.0,0.0,0.0,0.0,0.0,0.0,0.75,0.0,0.5249999999999999,0.8725666739944806,2.833213344056216,0.0
1055,3,eg,3,"{16, 18, 14}","{104, 106, 107, 116, 117, 118, 119, 125, 126}",0.0,0.0,0.0,0.0,0.0,0.0,1.0,0.0,0.7,0.5198603854199589,2.0794415416798357,0.0
1058,2,eg,2,"{8, 7}","{65, 66, 67, 69, 59, 60, 61}",0.0,0.0,0.0,0.0,0.0,0.0,0.375,0.0,0.26249999999999996,0.7789435276335315,2.833213344056216,0.0
1059,2,jo,1,"{1, 5}","{2, 3, 5, 38, 41, 42, 44}",0.0,0.0,0.0,0.0,0.0,0.0,0.2857142857142857,0.0,0.19999999999999998,0.7631394502848576,2.4849066497880004,0.0
1064,3,eg,1,"{2, 4, 5}","{32, 33, 36, 37, 42, 11, 14, 15, 46, 29, 31}",0.0,0.0,0.0,0.0,0.0,0.0,0.0,0.0,0.0,0.0,1.791759469228055,0.0
1065,3,sa,4,"{19, 22, 23}","{128, 131, 132, 134, 146, 147, 148, 149, 152, 154}",0.0,0.0,0.0,0.0,0.0,0.0,0.0,0.0,0.0,0.7454719949364002,2.0794415416798357,0.0
1067,2,ma,1,"{3, 4, 6}","{32, 49, 50, 54, 23, 24, 25, 27, 29, 31}",0.0,0.0,0.0,0.0,0.0,0.0,0.3333333333333333,0.0,0.2333333333333333,1.0573882261883754,3.58351893845611,0.0
1069,2,sa,1,"{1, 2, 6}","{1, 2, 3, 7, 8, 10, 14, 15, 48, 49, 50, 20, 56}",0.0,0.0,0.0,0.0,0.0,0.0,0.0,0.0,0.0,0.0,2.70805020110221,0.0
1076,2,ma,1,"{2, 3, 4}","{33, 35, 10, 11, 14, 16, 18, 22, 23, 24, 25, 27}",0.0,0.0,0.0,0.0,0.0,0.0,0.3333333333333333,0.0,0.2333333333333333,0.8575541552109331,2.8903717578961645,0.0
1079,1,eg,4,"{19, 21, 22}","{128, 131, 133, 141, 142, 143, 144, 145, 146, 147, 148, 149}",0.0,0.0,0.0,0.0,0.0,0.0,0.0,0.0,0.0,0.0,1.6094379124341003,0.0
1081,2,eg,1,"{1, 3, 6}","{3, 5, 6, 48, 49, 55, 25, 27}",0.0,0.0,0.0,0.0,0.0,0.0,0.0,0.0,0.0,0.0,1.0986122886681098,0.0
1082,2,sa,1,"{2, 5}","{38, 10, 13, 45, 15, 17, 19}",0.0,0.0,0.0,0.0,0.0,0.0,0.2857142857142857,0.0,0.19999999999999998,0.812415060330663,2.9444389791664403,0.0
1088,3,eg,3,"{16, 18, 15}","{110, 111, 113, 114, 117, 119, 124, 125, 126, 127}",0.0,0.0,0.0,0.0,0.0,0.0,0.0,0.0,0.0,0.2079441541679836,2.772588722239781,0.0
1089,3,eg,1,"{1, 2, 5}","{3, 36, 5, 38, 39, 9, 10, 42, 14, 16, 19, 20}",0.0,0.0,0.0,0.0,0.0,0.0,0.0,0.0,0.0,0.48283137373023005,2.995732273553991,0.0
1090,1,ae,2,"{8, 12, 13}","{96, 65, 66, 67, 68, 69, 99, 89, 90, 93, 94, 95}",0.0,0.0,0.0,0.0,0.0,0.0,0.0,0.0,0.0,0.0,2.0794415416798357,0.0
1092,3,ae,2,"{11, 7}","{84, 85, 86, 88, 58, 59, 60}",0.0,0.0,0.0,0.0,0.0,0.0,0.25,0.0,0.175,0.8725666739944806,2.9444389791664403,0.0
1095,2,sa,2,"{9, 11, 13}","{96, 98, 71, 72, 73, 74, 75, 103, 84, 85, 86, 88}",0.0,0.0,0.0,0.0,0.0,0.0,0.0,0.0,0.0,0.9656627474604601,2.3978952727983707,0.0
1112,3,eg,1,"{3, 5, 6}","{36, 38, 41, 42, 48, 53, 22, 23, 56, 25}",0.0,0.0,0.0,0.0,0.0,0.0,0.0,0.0,0.0,0.2079441541679836,2.4849066497880004,0.0
1123,3,sa,1,"{1, 2, 6}","{1, 3, 6, 11, 14, 49, 18, 50, 54, 56}",0.0,0.0,0.0,0.0,0.0,0.0,0.0,0.0,0.0,0.0,2.0794415416798357,0.0
1128,3,eg,1,"{1, 4}","{1, 33, 3, 35, 7, 8, 31}",0.0,0.0,0.0,0.0,0.0,0.0,0.0,0.0,0.0,0.2079441541679836,2.0794415416798357,0.0
1129,2,sa,1,"{1, 2, 4}","{32, 1, 33, 3, 4, 5, 34, 11, 12, 14, 31}",0.0,0.0,0.0,0.0,0.0,0.0,0.0,0.0,0.0,0.9395097393887435,2.302585092994046,0.0
1130,2,sa,3,"{17, 15}","{110, 111, 114, 115, 120, 121, 122, 123}",0.0,0.0,0.0,0.0,0.0,0.0,0.75,0.0,0.5249999999999999,0.9357486937559261,3.332204510175204,0.0
1131,3,ma,2,"{8, 10, 13}","{96, 65, 66, 67, 97, 69, 70, 99, 76, 79, 80}",0.0,0.0,0.0,0.0,0.0,0.0,0.0,0.0,0.0,0.761276072285074,1.791759469228055,0.0
1132,3,eg,1,"{1, 2, 5}","{1, 5, 7, 8, 10, 42, 43, 13, 14, 18, 21}",0.0,0.0,0.0,0.0,0.0,0.0,0.14285714285714285,0.0,0.09999999999999999,1.0244690606268636,2.5649493574615367,0.0
1136,2,sa,4,"{20, 21}","{135, 137, 138, 139, 141, 142, 144}",0.0,0.0,0.0,0.0,0.0,0.0,0.0,0.0,0.0,0.0,2.6390573296152584,0.0
1139,2,ae,1,"{1, 5}","{1, 5, 38, 7, 8, 42, 44, 47}",0.0,0.0,0.0,0.0,0.0,0.0,0.0,0.0,0.0,0.761276072285074,2.5649493574615367,0.0
1145,2,eg,1,"{1, 2, 6}","{1, 2, 3, 8, 13, 48, 17, 20, 52, 54}",0.0,0.0,0.0,0.0,0.0,0.0,0.0,0.0,0.0,0.0,2.0794415416798357,0.0
1146,2,ma,1,"{2, 3, 5}","{37, 38, 42, 13, 14, 15, 16, 45, 20, 23, 24, 25, 27}",0.0,0.0,0.0,0.0,0.0,0.0,0.0,0.0,0.0,0.0,1.9459101490553132,0.0
1147,2,sa,3,"{17, 14, 15}","{106, 108, 110, 113, 120, 121, 122, 123}",0.0,0.0,0.0,0.0,0.0,0.0,0.0,0.0,0.0,0.9157189848622478,2.0794415416798357,0.0
1151,2,ae,1,"{2, 3, 4}","{33, 10, 11, 18, 23, 24, 25, 27, 29, 31}",0.0,0.0,0.0,0.0,0.0,0.0,0.25,0.0,0.175,0.9209826828339382,2.4849066497880004,0.0
1152,2,sa,2,"{10, 12}","{77, 79, 80, 89, 92, 94, 95}",0.0,0.0,0.0,0.0,0.0,0.0,0.0,0.0,0.0,0.0,2.0794415416798357,0.0
1153,2,sa,1,"{1, 2, 4}","{1, 2, 3, 33, 8, 10, 11, 14, 19, 30}",0.0,0.0,0.0,0.0,0.0,0.0,0.0,0.0,0.0,0.2079441541679836,1.9459101490553132,0.0
1157,2,eg,3,"{17, 18}","{121, 122, 123, 124, 125, 126, 127}",0.0,0.0,0.0,0.0,0.0,0.0,0.0,0.0,0.0,0.2079441541679836,1.3862943611198906,0.0
1160,1,sa,2,"{8, 10, 13}","{96, 97, 66, 67, 98, 99, 70, 103, 76, 79, 80}",0.0,0.0,0.0,0.0,0.0,0.0,0.0,0.0,0.0,0.0,2.0794415416798357,0.0
1164,1,sa,1,"{4, 5}","{32, 33, 37, 40, 42, 29, 31}",0.0,0.0,0.0,0.0,0.0,0.0,0.0,0.0,0.0,0.5198603854199589,2.5649493574615367,0.0
1165,2,eg,2,"{9, 10, 12}","{71, 72, 76, 78, 80, 89, 90, 94, 95}",0.0,0.0,0.0,0.0,0.0,0.0,0.0,0.0,0.0,0.0,1.6094379124341003,0.0
1167,2,eg,3,"{16, 14, 15}","{104, 106, 108, 109, 110, 111, 112, 114, 116, 117, 118, 119}",0.0,0.0,0.0,0.0,0.0,0.0,1.0,0.0,0.7,0.7862620522589463,2.5649493574615367,0.0
1169,3,ma,3,"{18, 14, 15}","{104, 105, 106, 107, 109, 110, 111, 113, 114, 124, 125, 126, 127}",0.0,0.0,0.0,0.0,0.0,0.0,0.0,0.0,0.0,0.0,2.1972245773362196,0.0
1171,1,sa,1,"{2, 3, 4}","{32, 33, 10, 14, 17, 23, 24, 26, 30}",0.0,0.0,0.0,0.0,0.0,0.0,0.0,0.0,0.0,0.0,1.791759469228055,0.0
1172,2,sa,1,"{4, 5, 6}","{32, 33, 34, 37, 38, 41, 44, 52, 54, 56, 31}",0.0,0.0,0.0,0.0,0.0,0.0,0.3333333333333333,0.0,0.2333333333333333,0.2079441541679836,2.8903717578961645,0.0
1176,2,eg,1,"{2, 5, 6}","{36, 37, 38, 13, 15, 47, 48, 49, 55}",0.0,0.0,0.0,0.0,0.0,0.0,0.8,0.0,0.5599999999999999,0.892596382888159,2.6390573296152584,0.0
1183,3,eg,3,"{16, 18, 14}","{104, 106, 108, 117, 118, 124, 125, 126, 127}",0.0,0.0,0.0,0.0,0.0,0.0,0.0,0.0,0.0,0.0,2.4849066497880004,0.0
1184,1,eg,2,"{9, 12, 13}","{96, 97, 99, 102, 103, 72, 73, 75, 89, 92, 95}",0.0,0.0,0.0,0.0,0.0,0.0,0.0,0.0,0.0,0.0,1.9459101490553132,0.0
1195,3,eg,1,"{2, 3}","{10, 11, 16, 18, 20, 23, 24, 25, 27}",0.0,0.0,0.0,0.0,0.0,0.0,0.5,0.0,0.35,0.3295836866004329,2.4849066497880004,0.0
1196,1,eg,3,"{14, 15}","{104, 106, 107, 109, 110, 111, 112}",0.0,0.0,0.0,0.0,0.0,0.0,0.5,0.0,0.35,0.9491905175593791,3.258096538021482,0.0
1199,1,jo,2,"{8, 9, 11}","{65, 66, 70, 71, 72, 73, 74, 75, 81, 84, 85, 86}",0.0,0.0,0.0,0.0,0.0,0.0,0.0,0.0,0.0,0.0,2.4849066497880004,0.0
1203,2,ae,1,"{1, 2, 5}","{3, 37, 6, 10, 11, 42, 13, 45, 15}",0.0,0.0,0.0,0.0,0.0,0.0,0.0,0.0,0.0,0.0,2.0794415416798357,0.0
1209,2,ma,4,"{19, 20, 23}","{128, 130, 131, 135, 136, 138, 140, 151, 153, 154}",0.0,0.0,0.0,0.0,0.0,0.0,0.5,0.0,0.35,0.9491905175593791,2.3978952727983707,0.0
1210,1,eg,2,"{9, 11, 12}","{71, 72, 73, 82, 84, 89, 90, 93, 94, 95}",0.0,0.0,0.0,0.0,0.0,0.0,0.2727272727272727,0.0,0.1909090909090909,1.0203592144986464,2.833213344056216,0.0
1215,3,eg,1,"{1, 5, 6}","{4, 37, 5, 36, 8, 42, 43, 48, 49, 52, 54, 55}",0.0,0.0,0.0,0.0,0.0,0.0,0.0,0.0,0.0,0.0,2.302585092994046,0.0
1221,1,sa,1,"{1, 5, 6}","{1, 4, 5, 38, 8, 42, 43, 44, 50, 56}",0.0,0.0,0.0,0.0,0.0,0.0,0.0,0.0,0.0,0.0,2.0794415416798357,0.0
1236,1,eg,3,"{18, 14}","{104, 108, 109, 124, 125, 126, 127}",0.0,0.0,0.0,0.0,0.0,0.0,0.25,0.0,0.175,0.9157189848622478,3.258096538021482,0.0
1238,2,ae,2,"{10, 12, 7}","{76, 77, 78, 79, 80, 57, 90, 59, 60, 94, 63}",0.0,0.0,0.0,0.0,0.0,0.0,0.36363636363636365,0.0,0.2545454545454545,1.0398671837358762,2.9444389791664403,0.0
1244,1,ae,2,"{10, 13, 7}","{98, 103, 76, 77, 78, 79, 80, 59, 60, 63}",0.0,0.0,0.0,0.0,0.0,0.0,0.36363636363636365,0.0,0.2545454545454545,0.961526232294925,2.9444389791664403,0.0
1247,1,eg,2,"{8, 9}","{67, 68, 70, 71, 72, 73, 75}",0.0,0.0,0.0,0.0,0.0,0.0,0.0,0.0,0.0,0.7143260902196634,1.9459101490553132,0.0
1250,1,sa,3,"{16, 18, 14}","{105, 106, 109, 116, 117, 118, 125, 126, 127}",0.0,0.0,0.0,0.0,0.0,0.0,0.0,0.0,0.0,0.0,2.1972245773362196,0.0
1252,3,jo,4,"{22, 23}","{146, 147, 148, 149, 150, 151, 153, 154}",0.0,0.0,0.0,0.0,0.0,0.0,0.0,0.0,0.0,0.7712495334753989,2.0794415416798357,0.0
1255,2,ma,1,"{2, 5, 6}","{36, 41, 10, 11, 12, 13, 42, 51, 21, 56}",0.0,0.0,0.0,0.0,0.0,0.0,0.0,0.0,0.0,0.0,2.302585092994046,0.0
1259,3,eg,3,"{17, 18}","{121, 122, 123, 124, 125, 126, 127}",0.0,0.0,0.0,0.0,0.0,0.0,0.0,0.0,0.0,0.0,1.9459101490553132,0.0
1261,2,eg,1,"{1, 6}","{3, 4, 5, 8, 51, 53, 54}",0.0,0.0,0.0,0.0,0.0,0.0,0.0,0.0,0.0,0.5375278407684165,2.5649493574615367,0.0
1269,3,ae,3,"{17, 14, 15}","{104, 106, 108, 109, 110, 111, 115, 120, 121, 123}",0.0,0.0,0.0,0.0,0.0,0.0,0.0,0.0,0.0,0.9531555061196024,2.0794415416798357,0.0
1270,2,sa,3,"{16, 18}","{116, 117, 119, 124, 125, 126, 127}",0.0,0.0,0.0,0.0,0.0,0.0,0.0,0.0,0.0,0.0,1.9459101490553132,0.0
1274,1,ae,4,"{20, 22}","{135, 136, 137, 138, 147, 148, 149}",0.0,0.0,0.0,0.0,0.0,0.0,1.0,0.0,0.7,0.8317766166719344,2.70805020110221,0.0
1279,1,eg,4,"{20, 21, 22}","{135, 136, 137, 141, 142, 143, 144, 145, 147, 149}",0.0,0.0,0.0,0.0,0.0,0.0,0.0,0.0,0.0,0.0,2.0794415416798357,0.0
1280,2,eg,3,"{17, 15}","{110, 111, 113, 114, 121, 122, 123}",0.0,0.0,0.0,0.0,0.0,0.0,0.0,0.0,0.0,0.7254422860427217,1.9459101490553132,0.0
1285,3,ae,1,"{2, 3}","{10, 14, 21, 23, 24, 25, 26}",0.0,0.0,0.0,0.0,0.0,0.0,0.5,0.0,0.35,0.8652481493690658,2.8903717578961645,0.0
1289,2,sa,4,"{19, 20, 21}","{128, 129, 131, 132, 134, 135, 136, 138, 139, 141, 142, 143}",0.0,0.0,0.0,0.0,0.0,0.0,0.25,0.0,0.175,0.2079441541679836,2.302585092994046,0.0
1290,1,ae,2,"{9, 11, 7}","{64, 72, 73, 74, 83, 84, 85, 86, 57, 59, 60, 63}",0.0,0.0,0.0,0.0,0.0,0.0,0.3333333333333333,0.0,0.2333333333333333,0.8795446763397146,3.2188758248682006,0.0
1294,2,ae,4,"{21, 22, 23}","{141, 142, 143, 144, 145, 146, 147, 148, 149, 150, 151, 152, 153, 154}",0.0,0.0,0.0,0.0,0.0,0.0,0.0,0.0,0.0,0.0,1.6094379124341003,0.0
1297,2,sa,1,"{1, 2, 4}","{32, 34, 8, 9, 10, 11, 13, 15, 31}",0.0,0.0,0.0,0.0,0.0,0.0,0.0,0.0,0.0,0.0,2.0794415416798357,0.0
1301,2,jo,4,"{20, 21, 22}","{136, 137, 142, 144, 146, 147, 148, 149}",0.0,0.0,0.0,0.0,0.0,0.0,0.0,0.0,0.0,0.0,1.6094379124341003,0.0
1313,2,eg,2,"{8, 9, 11}","{66, 68, 71, 72, 73, 75, 81, 84, 86}",0.0,0.0,0.0,0.0,0.0,0.0,1.0,0.0,0.7,0.2079441541679836,2.302585092994046,0.0
1317,1,sa,2,"{8, 11, 13}","{96, 65, 66, 67, 99, 69, 85, 86, 87}",0.0,0.0,0.0,0.0,0.0,0.0,0.75,0.0,0.5249999999999999,0.9403644425559392,3.044522437723423,0.0
1326,3,eg,1,"{3, 5, 6}","{36, 37, 41, 44, 53, 22, 24, 56}",0.0,0.0,0.0,0.0,0.0,0.0,0.25,0.0,0.175,1.007307507950202,3.1354942159291497,0.0
1327,3,sa,4,"{19, 21, 22}","{128, 129, 131, 132, 134, 141, 142, 143, 145, 146, 147, 149}",0.0,0.0,0.0,0.0,0.0,0.0,0.0,0.0,0.0,0.0,2.1972245773362196,0.0
1331,1,eg,4,"{21, 22}","{142, 143, 144, 146, 147, 148, 149}",0.0,0.0,0.0,0.0,0.0,0.0,0.0,0.0,0.0,0.8062917611526248,1.9459101490553132,0.0
1335,3,sa,1,"{2, 5, 6}","{37, 38, 39, 11, 43, 13, 44, 48, 18, 20, 52, 54, 56}",0.0,0.0,0.0,0.0,0.0,0.0,0.25,0.0,0.175,0.7712495334753989,1.791759469228055,0.0
1342,1,eg,2,"{12, 13}","{96, 97, 101, 103, 89, 93, 95}",0.0,0.0,0.0,0.0,0.0,0.0,0.0,0.0,0.0,0.49983067652628055,1.791759469228055,0.0
1346,2,ma,2,"{9, 10, 13}","{96, 97, 101, 103, 72, 73, 74, 75, 77, 80}",0.0,0.0,0.0,0.0,0.0,0.0,0.0,0.0,0.0,0.8575541552109331,2.772588722239781,0.0
1350,2,eg,1,"{1, 3, 4}","{32, 1, 33, 3, 8, 9, 23, 24, 28, 30, 31}",0.0,0.0,0.0,0.0,0.0,0.0,0.3125,0.0,0.21875,0.9534161491043835,3.091042453358316,0.0
1352,2,sa,2,"{9, 12}","{72, 73, 74, 75, 89, 93, 94, 95}",0.0,0.0,0.0,0.0,0.0,0.0,0.0,0.0,0.0,0.6214702089587298,2.1972245773362196,0.0
1365,3,jo,3,"{16, 17, 15}","{110, 111, 115, 116, 117, 119, 120, 123}",0.0,0.0,0.0,0.0,0.0,0.0,0.5714285714285714,0.0,0.39999999999999997,0.632926155776416,2.6390573296152584,0.0
1371,1,eg,2,"{10, 11, 7}","{76, 77, 78, 79, 80, 83, 84, 85, 86, 88, 57, 61}",0.0,0.0,0.0,0.0,0.0,0.0,0.3333333333333333,0.0,0.2333333333333333,0.7999078189898053,3.1780538303479458,0.0
1385,3,ma,3,"{16, 17, 14}","{104, 106, 107, 109, 116, 117, 118, 120, 121, 122, 123}",0.0,0.0,0.0,0.0,0.0,0.0,0.42424242424242425,0.0,0.29696969696969694,1.0892890639054125,3.7376696182833684,0.0
1388,1,eg,1,"{2, 3, 4}","{33, 35, 10, 11, 17, 20, 22, 24, 25, 31}",0.0,0.0,0.0,0.0,0.0,0.0,0.0,0.0,0.0,0.0,2.0794415416798357,0.0
1391,2,ae,1,"{1, 5}","{1, 3, 4, 38, 42, 43, 44, 46}",0.0,0.0,0.0,0.0,0.0,0.0,0.8,0.0,0.5599999999999999,0.7357912167657644,2.302585092994046,0.0
1392,2,eg,2,"{8, 10, 11}","{67, 70, 76, 78, 80, 84, 85, 86, 88}",0.0,0.0,0.0,0.0,0.0,0.0,0.4,0.0,0.27999999999999997,0.7932400546041802,2.5649493574615367,0.0
1405,3,eg,2,"{8, 11, 12}","{65, 67, 69, 85, 86, 88, 89, 90}",0.0,0.0,0.0,0.0,0.0,0.0,0.0,0.0,0.0,0.5375278407684165,1.3862943611198906,0.0
1406,2,jo,2,"{9, 11, 7}","{71, 72, 73, 74, 86, 88, 57, 58, 59, 60, 63}",0.0,0.0,0.0,0.0,0.0,0.0,0.0,0.0,0.0,0.0,1.9459101490553132,0.0
1408,3,eg,2,"{10, 12, 7}","{89, 76, 77, 78, 79, 80, 94, 57, 93, 62, 95}",0.0,0.0,0.0,0.0,0.0,0.0,0.75,0.0,0.5249999999999999,1.0750556815368328,2.3978952727983707,0.0
1409,2,sa,4,"{20, 21, 22}","{135, 138, 139, 141, 142, 143, 144, 147, 149}",0.0,0.0,0.0,0.0,0.0,0.0,0.3333333333333333,0.0,0.2333333333333333,0.8795446763397146,2.995732273553991,0.0
1412,2,eg,3,"{17, 18, 14}","{106, 107, 109, 121, 122, 123, 125, 126, 127}",0.0,0.0,0.0,0.0,0.0,0.0,0.0,0.0,0.0,0.0,1.791759469228055,0.0
1414,1,eg,2,"{8, 9}","{65, 66, 67, 69, 72, 73, 74}",0.0,0.0,0.0,0.0,0.0,0.0,0.0,0.0,0.0,0.0,2.1972245773362196,0.0
1424,3,eg,4,"{19, 21, 22}","{128, 133, 134, 141, 142, 143, 146, 147, 148, 149}",0.0,0.0,0.0,0.0,0.0,0.0,0.3333333333333333,0.0,0.2333333333333333,1.0526259214411884,4.382026634673881,0.0
1429,1,eg,1,"{1, 3, 5}","{2, 3, 5, 8, 44, 45, 23, 24, 25, 27, 28}",0.0,0.0,0.0,0.0,0.0,0.0,0.0,0.0,0.0,0.0,2.1972245773362196,0.0
1433,1,ae,1,"{2, 3, 5}","{11, 44, 13, 14, 47, 16, 23, 24, 25, 26, 28}",0.0,0.0,0.0,0.0,0.0,0.0,1.0,0.0,0.7,0.4158883083359672,2.6390573296152584,0.0
1434,3,sa,4,"{21, 22}","{141, 142, 143, 144, 146, 147, 148}",0.0,0.0,0.0,0.0,0.0,0.0,0.0,0.0,0.0,0.0,2.1972245773362196,0.0
1436,3,sa,4,"{22, 23}","{146, 147, 148, 149, 151, 153, 154}",0.0,0.0,0.0,0.0,0.0,0.0,0.5384615384615384,0.0,0.37692307692307686,0.9654225552554141,2.8903717578961645,0.0
1437,2,ae,1,"{2, 3, 4}","{32, 33, 35, 10, 12, 13, 18, 20, 23, 25, 27, 30, 31}",0.0,0.0,0.0,0.0,0.0,0.0,0.0,0.0,0.0,0.0,1.9459101490553132,0.0
1440,3,eg,1,"{1, 4, 6}","{32, 1, 3, 5, 7, 48, 53, 54, 56, 29}",0.0,0.0,0.0,0.0,0.0,0.0,0.7142857142857143,0.0,0.5,0.9879257482282011,2.6390573296152584,0.0
1442,1,sa,1,"{1, 3}","{2, 3, 23, 24, 25, 26, 28}",0.0,0.0,0.0,0.0,0.0,0.0,0.0,0.0,0.0,0.0,1.0986122886681098,0.0
1444,1,ae,2,"{10, 7}","{64, 76, 77, 79, 57, 59, 60}",0.0,0.0,0.0,0.0,0.0,0.0,0.4444444444444444,0.0,0.31111111111111106,0.3295836866004329,3.091042453358316,0.0
1465,2,eg,1,"{4, 6}","{32, 33, 34, 48, 49, 50, 54, 31}",0.0,0.0,0.0,0.0,0.0,0.0,0.0,0.0,0.0,0.0,2.302585092994046,0.0
1466,1,eg,2,"{11, 13}","{96, 97, 98, 102, 103, 84, 87}",0.0,0.0,0.0,0.0,0.0,0.0,0.0,0.0,0.0,0.0,1.3862943611198906,0.0
1469,3,ae,4,"{19, 22, 23}","{128, 130, 131, 146, 147, 148, 149, 151, 153, 154}",0.0,0.0,0.0,0.0,0.0,0.0,0.0,0.0,0.0,0.0,1.9459101490553132,0.0
1474,2,eg,3,"{16, 18, 15}","{110, 111, 112, 114, 115, 116, 117, 118, 119, 125, 126}",0.0,0.0,0.0,0.0,0.0,0.0,0.0,0.0,0.0,0.0,2.0794415416798357,0.0
1480,1,jo,4,"{19, 20}","{128, 131, 132, 134, 135, 136, 140}",0.0,0.0,0.0,0.0,0.0,0.0,0.0,0.0,0.0,0.0,1.9459101490553132,0.0
1481,2,eg,3,"{16, 17, 18}","{116, 117, 118, 119, 120, 121, 122, 123, 124, 126}",0.0,0.0,0.0,0.0,0.0,0.0,0.0,0.0,0.0,0.0,1.0986122886681098,0.0
1482,3,eg,1,"{2, 4, 5}","{32, 33, 34, 37, 38, 39, 42, 11, 12, 43, 14, 29, 31}",0.0,0.0,0.0,0.0,0.0,0.0,0.0,0.0,0.0,0.0,1.9459101490553132,0.0
1483,1,sa,1,"{2, 3}","{10, 14, 17, 20, 21, 22, 25}",0.0,0.0,0.0,0.0,0.0,0.0,0.52,0.0,0.364,1.0892890639054125,3.4339872044851463,0.0
1485,1,ae,3,"{16, 17, 15}","{114, 115, 117, 118, 119, 121, 122}",0.0,0.0,0.0,0.0,0.0,0.0,0.0,0.0,0.0,0.7143260902196634,1.6094379124341003,0.0
1486,2,sa,1,"{3, 4}","{32, 33, 34, 22, 23, 29, 31}",0.0,0.0,0.0,0.0,0.0,0.0,0.0,0.0,0.0,0.3295836866004329,2.4849066497880004,0.0
1487,3,eg,2,"{8, 10, 11}","{65, 67, 70, 76, 77, 78, 79, 80, 83, 84}",0.0,0.0,0.0,0.0,0.0,0.0,0.0,0.0,0.0,0.0,2.302585092994046,0.0
1488,2,eg,3,"{17, 18, 14}","{104, 106, 108, 109, 120, 121, 122, 123, 125, 126}",0.0,0.0,0.0,0.0,0.0,0.0,0.0,0.0,0.0,0.2079441541679836,2.6390573296152584,0.0
1491,2,sa,1,"{1, 4, 6}","{32, 1, 33, 35, 6, 8, 48, 55, 31}",0.0,0.0,0.0,0.0,0.0,0.0,0.0,0.0,0.0,0.0,2.4849066497880004,0.0
1504,2,eg,1,"{1, 3}","{1, 2, 3, 5, 22, 23, 24, 25, 27}",0.0,0.0,0.0,0.0,0.0,0.0,0.5333333333333333,0.0,0.3733333333333333,1.0361632918473205,3.2188758248682006,0.0
1508,2,ae,1,"{2, 4}","{32, 33, 11, 18, 20, 30, 31}",0.0,0.0,0.0,0.0,0.0,0.0,0.0,0.0,0.0,0.0,2.4849066497880004,0.0
1514,1,eg,4,"{19, 20, 21}","{128, 130, 135, 136, 137, 138, 141, 142, 143, 144, 145}",0.0,0.0,0.0,0.0,0.0,0.0,0.5,0.0,0.35,0.3295836866004329,1.9459101490553132,0.0
1519,2,ae,3,"{16, 18, 14}","{104, 107, 109, 116, 117, 118, 119, 125, 126, 127}",0.0,0.0,0.0,0.0,0.0,0.0,0.125,0.0,0.0875,0.961526232294925,3.1780538303479458,0.0
1520,2,eg,1,"{1, 2, 3}","{1, 3, 5, 7, 10, 11, 12, 19, 20, 22, 23, 25}",0.0,0.0,0.0,0.0,0.0,0.0,0.2,0.0,0.13999999999999999,0.9491905175593791,2.833213344056216,0.0
1523,2,eg,2,"{10, 11, 13}","{96, 97, 98, 103, 76, 78, 79, 80, 83, 84, 85, 86}",0.0,0.0,0.0,0.0,0.0,0.0,0.35714285714285715,0.0,0.25,1.0866341273405025,3.713572066704308,0.0
1530,1,ae,1,"{1, 2, 6}","{1, 2, 3, 5, 10, 11, 13, 48, 19, 54, 55}",0.0,0.0,0.0,0.0,0.0,0.0,0.0,0.0,0.0,0.3295836866004329,2.302585092994046,0.0
1534,2,eg,2,"{9, 10}","{71, 72, 73, 75, 76, 77, 80}",0.0,0.0,0.0,0.0,0.0,0.0,0.0,0.0,0.0,0.0,1.9459101490553132,0.0
1535,2,eg,4,"{19, 23}","{128, 130, 131, 134, 150, 151, 154}",0.0,0.0,0.0,0.0,0.0,0.0,0.0,0.0,0.0,0.0,2.70805020110221,0.0
1536,2,ma,3,"{16, 17, 18}","{116, 117, 118, 119, 120, 123, 125, 126, 127}",0.0,0.0,0.0,0.0,0.0,0.0,1.0,0.0,0.7,0.8795446763397146,1.9459101490553132,0.0
1538,1,eg,1,"{1, 3, 6}","{3, 5, 8, 9, 48, 51, 54, 23, 24, 25, 28}",0.0,0.0,0.0,0.0,0.0,0.0,0.0,0.0,0.0,0.2079441541679836,2.3978952727983707,0.0
1541,3,eg,1,"{1, 3, 6}","{3, 4, 5, 8, 9, 49, 50, 23, 24, 25, 27, 28}",0.0,0.0,0.0,0.0,0.0,0.0,0.0,0.0,0.0,0.0,2.1972245773362196,0.0
1542,2,eg,2,"{10, 13, 7}","{97, 102, 103, 76, 78, 57, 58, 59, 60, 61}",0.0,0.0,0.0,0.0,0.0,0.0,0.0,0.0,0.0,0.0,2.1972245773362196,0.0
1543,3,eg,2,"{8, 10, 13}","{96, 65, 66, 67, 97, 99, 70, 76, 77, 79, 80}",0.0,0.0,0.0,0.0,0.0,0.0,0.5,0.0,0.35,0.961526232294925,3.091042453358316,0.0
1546,2,sa,2,"{8, 9}","{65, 66, 67, 69, 71, 72, 73}",0.0,0.0,0.0,0.0,0.0,0.0,0.5283018867924528,0.0,0.36981132075471695,1.0874888305076982,4.127134385045092,0.0
1548,2,eg,1,"{1, 5, 6}","{1, 3, 4, 5, 36, 37, 39, 42, 49, 50}",0.0,0.0,0.0,0.0,0.0,0.0,0.5,0.0,0.35,1.032365620649677,2.9444389791664403,0.0
1549,3,eg,1,"{3, 4, 5}","{32, 39, 42, 23, 24, 25, 26, 30}",0.0,0.0,0.0,0.0,0.0,0.0,0.0,0.0,0.0,0.0,1.9459101490553132,0.0
1556,1,jo,3,"{16, 14}","{104, 108, 109, 116, 117, 118, 119}",0.0,0.0,0.0,0.0,0.0,0.0,0.0,0.0,0.0,0.0,2.833213344056216,0.0
1559,1,ma,1,"{1, 4, 6}","{32, 1, 33, 4, 5, 48, 49, 50, 54, 55, 29, 31}",0.0,0.0,0.0,0.0,0.0,0.0,0.5,0.0,0.35,0.6892679775201884,2.3978952727983707,0.0
1562,3,eg,2,"{8, 9}","{65, 67, 68, 69, 72, 73, 74}",0.0,0.0,0.0,0.0,0.0,0.0,0.0,0.0,0.0,0.0,2.0794415416798357,0.0
1567,1,eg,2,"{9, 12, 7}","{89, 71, 72, 93, 57, 59, 61, 94}",0.0,0.0,0.0,0.0,0.0,0.0,0.0,0.0,0.0,0.3295836866004329,2.5649493574615367,0.0
1569,3,eg,1,"{4, 5}","{33, 35, 37, 38, 42, 43, 31}",0.0,0.0,0.0,0.0,0.0,0.0,0.0,0.0,0.0,0.3295836866004329,2.9444389791664403,0.0
1572,2,ma,3,"{18, 14, 15}","{104, 106, 108, 109, 110, 111, 112, 114, 124, 125, 126, 127}",0.0,0.0,0.0,0.0,0.0,0.0,0.5294117647058824,0.0,0.3705882352941176,1.0892890639054125,4.564348191467836,0.0
1574,2,sa,1,"{2, 3, 5}","{38, 11, 14, 47, 17, 20, 23, 24, 25, 28}",0.0,0.0,0.0,0.0,0.0,0.0,0.5,0.0,0.35,0.3295836866004329,2.1972245773362196,0.0
1575,2,ma,4,"{19, 22}","{129, 131, 133, 134, 146, 147, 149}",0.0,0.0,0.0,0.0,0.0,0.0,0.0,0.0,0.0,0.0,2.1972245773362196,0.0
1576,1,ma,2,"{10, 12, 7}","{76, 77, 78, 80, 93, 57, 60, 61, 94, 95}",0.0,0.0,0.0,0.0,0.0,0.0,0.0,0.0,0.0,1.0203592144986464,4.465908118654584,0.0
1581,1,sa,3,"{16, 18, 15}","{110, 111, 112, 114, 116, 117, 118, 124, 125, 126, 127}",0.0,0.0,0.0,0.0,0.0,0.0,0.45454545454545453,0.0,0.3181818181818182,0.8829156047175233,3.5263605246161616,0.0
1584,3,jo,1,"{1, 2, 3}","{1, 4, 10, 11, 18, 19, 20, 23, 24, 25, 26, 27}",0.0,0.0,0.0,0.0,0.0,0.0,0.0,0.0,0.0,0.0,2.5649493574615367,0.0
1598,3,eg,1,"{3, 4, 5}","{33, 34, 37, 41, 22, 23, 24, 25}",0.0,0.0,0.0,0.0,0.0,0.0,0.0,0.0,0.0,0.0,1.3862943611198906,0.0
1607,2,ae,1,"{2, 3}","{13, 15, 16, 22, 23, 25, 28}",0.0,0.0,0.0,0.0,0.0,0.0,0.0,0.0,0.0,0.2079441541679836,2.0794415416798357,0.0
1619,2,ae,1,"{5, 6}","{37, 40, 42, 44, 48, 49, 50, 54}",0.0,0.0,0.0,0.0,0.0,0.0,0.0,0.0,0.0,0.2079441541679836,1.9459101490553132,0.0
1621,3,jo,2,"{9, 10, 11}","{71, 72, 73, 74, 75, 78, 80, 82, 84, 85}",0.0,0.0,0.0,0.0,0.0,0.0,0.0,0.0,0.0,0.2079441541679836,1.6094379124341003,0.0
1624,1,sa,3,"{18, 15}","{110, 113, 115, 124, 125, 126, 127}",0.0,0.0,0.0,0.0,0.0,0.0,0.0,0.0,0.0,0.0,2.4849066497880004,0.0
1625,3,eg,3,"{16, 17, 14}","{104, 106, 107, 109, 116, 119, 120, 121, 123}",0.0,0.0,0.0,0.0,0.0,0.0,0.5714285714285714,0.0,0.39999999999999997,0.9102638382366166,2.8903717578961645,0.0
1626,2,sa,4,"{20, 22, 23}","{135, 136, 138, 139, 147, 149, 153, 154}",0.0,0.0,0.0,0.0,0.0,0.0,0.0,0.0,0.0,0.7755725992557227,2.0794415416798357,0.0
1631,2,eg,1,"{4, 5, 6}","{32, 36, 37, 43, 44, 45, 52, 54, 30}",0.0,0.0,0.0,0.0,0.0,0.0,0.0,0.0,0.0,0.0,1.9459101490553132,0.0
1638,3,jo,1,"{3, 4}","{33, 23, 24, 25, 27, 29, 31}",0.0,0.0,0.0,0.0,0.0,0.0,0.2,0.0,0.13999999999999999,0.7789435276335315,2.70805020110221,0.0
1645,1,eg,1,"{1, 3, 6}","{3, 7, 49, 50, 22, 23, 54, 25, 56}",0.0,0.0,0.0,0.0,0.0,0.0,1.0,0.0,0.7,0.3295836866004329,2.1972245773362196,0.0
1648,2,ma,1,"{3, 5, 6}","{36, 40, 55, 22, 23, 54, 25, 56}",0.0,0.0,0.0,0.0,0.0,0.0,0.6,0.0,0.42,1.0117854524226542,2.772588722239781,0.0
1650,2,ae,1,"{1, 6}","{2, 8, 48, 49, 54, 55, 56}",0.0,0.0,0.0,0.0,0.0,0.0,0.09433962264150944,0.0,0.0660377358490566,1.0892890639054125,4.762173934797756,0.0
1651,1,eg,2,"{8, 11}","{65, 66, 70, 81, 82, 84, 85}",0.0,0.0,0.0,0.0,0.0,0.0,0.0,0.0,0.0,0.0,2.1972245773362196,0.0
1653,1,eg,1,"{4, 5}","{32, 34, 36, 40, 45, 29, 31}",0.0,0.0,0.0,0.0,0.0,0.0,1.0,0.0,0.7,0.9715458544334523,2.302585092994046,0.0
1657,1,sa,3,"{16, 18, 15}","{111, 113, 114, 116, 117, 118, 119, 125, 126, 127}",0.0,0.0,0.0,0.0,0.0,0.0,0.0,0.0,0.0,0.892596382888159,3.332204510175204,0.0
1659,3,sa,3,"{17, 18, 15}","{110, 111, 113, 120, 121, 123, 124, 126, 127}",0.0,0.0,0.0,0.0,0.0,0.0,0.0,0.0,0.0,0.6892679775201884,2.6390573296152584,0.0
1662,3,sa,3,"{16, 17, 15}","{110, 111, 113, 116, 117, 118, 119, 122, 123}",0.0,0.0,0.0,0.0,0.0,0.0,0.0,0.0,0.0,0.7755725992557227,2.302585092994046,0.0
1664,3,ae,1,"{1, 2, 5}","{3, 4, 5, 37, 42, 11, 43, 14, 18, 19, 20}",0.0,0.0,0.0,0.0,0.0,0.0,0.5,0.0,0.35,0.8987196820661972,2.1972245773362196,0.0
1668,1,eg,3,"{18, 15}","{110, 112, 113, 114, 125, 126, 127}",0.0,0.0,0.0,0.0,0.0,0.0,0.5,0.0,0.35,0.997929454403002,2.1972245773362196,0.0
1672,2,eg,2,"{12, 7}","{64, 57, 91, 60, 93, 94, 95}",0.0,0.0,0.0,0.0,0.0,0.0,0.3333333333333333,0.0,0.2333333333333333,0.9046027890391894,2.833213344056216,0.0
1674,2,eg,1,"{3, 5}","{36, 37, 41, 43, 44, 23, 27}",0.0,0.0,0.0,0.0,0.0,0.0,0.0,0.0,0.0,0.0,2.0794415416798357,0.0
1675,3,jo,1,"{4, 5}","{33, 35, 37, 38, 43, 44, 31}",0.0,0.0,0.0,0.0,0.0,0.0,0.5714285714285714,0.0,0.39999999999999997,0.9403644425559392,2.8903717578961645,0.0
1677,3,sa,2,"{11, 12, 13}","{96, 97, 102, 81, 84, 85, 86, 87, 89, 90, 94, 95}",0.0,0.0,0.0,0.0,0.0,0.0,0.5,0.0,0.35,0.9260679155852904,2.6390573296152584,0.0
1679,2,eg,3,"{16, 17, 15}","{110, 113, 114, 116, 119, 121, 122, 123}",0.0,0.0,0.0,0.0,0.0,0.0,0.3333333333333333,0.0,0.2333333333333333,0.9826620502565107,2.3978952727983707,0.0
1682,3,sa,2,"{8, 9, 7}","{65, 66, 67, 70, 71, 72, 73, 74, 59, 60, 62}",0.0,0.0,0.0,0.0,0.0,0.0,0.25,0.0,0.175,0.7712495334753989,2.8903717578961645,0.0
1683,2,eg,3,"{18, 14, 15}","{104, 106, 107, 109, 110, 111, 114, 115, 124, 126, 127}",0.0,0.0,0.0,0.0,0.0,0.0,0.0,0.0,0.0,0.4158883083359672,2.3978952727983707,0.0
1684,2,eg,2,"{13, 7}","{98, 103, 57, 58, 59, 60, 61}",0.0,0.0,0.0,0.0,0.0,0.0,0.0,0.0,0.0,0.0,1.3862943611198906,0.0
1688,1,eg,2,"{8, 9, 13}","{65, 66, 67, 68, 102, 71, 72, 73, 74, 75, 103}",0.0,0.0,0.0,0.0,0.0,0.0,0.41509433962264153,0.0,0.29056603773584905,1.0892890639054125,4.189654742026425,0.0
1689,1,ae,1,"{1, 3, 5}","{1, 3, 37, 38, 9, 43, 44, 25, 27}",0.0,0.0,0.0,0.0,0.0,0.0,0.0,0.0,0.0,0.8652481493690658,2.70805020110221,0.0
1692,2,ae,2,"{9, 10, 13}","{102, 71, 72, 73, 103, 76, 77, 78, 80}",0.0,0.0,0.0,0.0,0.0,0.0,0.0,0.0,0.0,0.5375278407684165,2.3978952727983707,0.0
1697,2,ae,1,"{1, 2, 3}","{1, 4, 5, 7, 8, 10, 11, 13, 15, 23, 24, 25, 27}",0.0,0.0,0.0,0.0,0.0,0.0,0.0,0.0,0.0,0.0,2.6390573296152584,0.0
1702,3,sa,3,"{17, 15}","{110, 111, 113, 114, 120, 121, 123}",0.0,0.0,0.0,0.0,0.0,0.0,0.0,0.0,0.0,0.0,2.1972245773362196,0.0
1709,2,sa,4,"{19, 22, 23}","{128, 130, 134, 146, 147, 148, 149, 150, 151, 154}",0.0,0.0,0.0,0.0,0.0,0.0,0.3333333333333333,0.0,0.2333333333333333,1.007307507950202,2.70805020110221,0.0
1712,2,sa,2,"{9, 10, 12}","{71, 72, 73, 74, 78, 80, 89, 90, 93, 94, 95}",0.0,0.0,0.0,0.0,0.0,0.0,0.0,0.0,0.0,0.0,1.9459101490553132,0.0
1713,2,eg,4,"{19, 20, 23}","{128, 131, 132, 134, 135, 136, 137, 138, 150, 151, 152, 154}",0.0,0.0,0.0,0.0,0.0,0.0,0.3333333333333333,0.0,0.2333333333333333,0.9930109809795533,1.791759469228055,0.0
1715,2,jo,2,"{8, 10, 7}","{64, 65, 66, 67, 68, 76, 78, 79, 80, 57, 59, 60, 61}",0.0,0.0,0.0,0.0,0.0,0.0,0.0,0.0,0.0,0.3295836866004329,2.3978952727983707,0.0
1718,2,eg,1,"{1, 3, 4}","{32, 1, 33, 34, 35, 5, 9, 23, 25, 28, 31}",0.0,0.0,0.0,0.0,0.0,0.0,0.6,0.0,0.42,0.8725666739944806,2.5649493574615367,0.0
1720,2,ma,1,"{1, 3, 4}","{1, 33, 5, 7, 8, 22, 23, 25, 30, 31}",0.0,0.0,0.0,0.0,0.0,0.0,0.0,0.0,0.0,0.0,1.791759469228055,0.0
1724,3,eg,1,"{1, 2, 6}","{4, 5, 8, 14, 15, 48, 49, 50, 20, 54}",0.0,0.0,0.0,0.0,0.0,0.0,0.6666666666666666,0.0,0.4666666666666666,0.9835167534237064,2.6390573296152584,0.0
1727,2,ma,1,"{2, 4}","{33, 34, 10, 14, 18, 19, 20}",0.0,0.0,0.0,0.0,0.0,0.0,0.0,0.0,0.0,0.9772069036308795,1.791759469228055,0.0
1736,3,eg,1,"{5, 6}","{38, 46, 48, 50, 53, 54, 56}",0.0,0.0,0.0,0.0,0.0,0.0,0.0,0.0,0.0,0.7862620522589463,1.9459101490553132,0.0
1757,2,sa,1,"{3, 5}","{36, 37, 43, 44, 22, 23, 24, 25}",0.0,0.0,0.0,0.0,0.0,0.0,0.0,0.0,0.0,0.0,2.9444389791664403,0.0
1758,2,ma,3,"{16, 14, 15}","{104, 106, 108, 109, 110, 111, 112, 113, 114, 116, 117, 118, 119}",0.0,0.0,0.0,0.0,0.0,0.0,0.0,0.0,0.0,0.9078133753386625,1.9459101490553132,0.0
1763,2,sa,1,"{1, 4, 6}","{1, 2, 3, 33, 49, 53, 54, 56, 30}",0.0,0.0,0.0,0.0,0.0,0.0,0.4166666666666667,0.0,0.2916666666666667,1.0755179315174441,3.1354942159291497,0.0
1764,1,ae,2,"{10, 12}","{76, 79, 80, 89, 92, 94, 95}",0.0,0.0,0.0,0.0,0.0,0.0,0.0,0.0,0.0,0.0,1.9459101490553132,0.0
1765,3,sa,1,"{2, 3}","{13, 15, 20, 22, 23, 24, 25}",0.0,0.0,0.0,0.0,0.0,0.0,0.5,0.0,0.35,0.49983067652628055,2.0794415416798357,0.0
1768,2,ae,1,"{1, 3}","{1, 4, 5, 24, 25, 26, 27}",0.0,0.0,0.0,0.0,0.0,0.0,0.0,0.0,0.0,0.6749714505495398,2.6390573296152584,0.0
1774,3,jo,1,"{2, 4, 5}","{33, 34, 36, 37, 38, 11, 43, 46, 15, 20}",0.0,0.0,0.0,0.0,0.0,0.0,0.6,0.0,0.42,0.997929454403002,2.772588722239781,0.0
1776,1,jo,2,"{8, 11}","{65, 69, 82, 84, 85, 86, 88}",0.0,0.0,0.0,0.0,0.0,0.0,0.0,0.0,0.0,0.4158883083359672,2.1972245773362196,0.0
1777,2,ae,1,"{1, 5, 6}","{3, 4, 37, 5, 8, 41, 42, 44, 48, 49, 53, 54}",0.0,0.0,0.0,0.0,0.0,0.0,0.3333333333333333,0.0,0.2333333333333333,0.5375278407684164,2.4849066497880004,0.0
1778,2,eg,3,"{16, 18, 15}","{110, 111, 113, 114, 116, 117, 118, 119, 124, 126, 127}",0.0,0.0,0.0,0.0,0.0,0.0,0.4,0.0,0.27999999999999997,1.0892890639054125,4.127134385045092,0.0
1779,3,eg,1,"{1, 4, 6}","{32, 1, 33, 3, 34, 7, 8, 48, 49, 50, 54, 55, 30, 31}",0.0,0.0,0.0,0.0,0.0,0.0,0.30434782608695654,0.0,0.21304347826086956,1.0244690606268636,4.564348191467836,0.0
1780,2,sa,1,"{1, 4, 6}","{32, 1, 2, 33, 34, 8, 48, 55, 31}",0.0,0.0,0.0,0.0,0.0,0.0,0.0,0.0,0.0,0.0,2.302585092994046,0.0
1784,2,ae,2,"{10, 11, 13}","{96, 97, 101, 103, 76, 77, 79, 80, 85, 88}",0.0,0.0,0.0,0.0,0.0,0.0,0.0,0.0,0.0,0.0,1.791759469228055,0.0
1794,3,eg,1,"{2, 4, 5}","{33, 35, 38, 40, 10, 42, 44, 13, 14, 47, 16, 31}",0.0,0.0,0.0,0.0,0.0,0.0,1.0,0.0,0.7,0.2079441541679836,2.0794415416798357,0.0
1795,2,eg,1,"{2, 3, 5}","{36, 40, 42, 11, 44, 14, 18, 20, 24, 28}",0.0,0.0,0.0,0.0,0.0,0.0,0.0,0.0,0.0,0.0,1.6094379124341003,0.0
1798,1,eg,4,"{20, 22}","{135, 136, 137, 138, 139, 146, 147, 149}",0.0,0.0,0.0,0.0,0.0,0.0,0.5,0.0,0.35,0.2079441541679836,2.4849066497880004,0.0
1809,2,ae,4,"{19, 20, 22}","{128, 129, 135, 136, 138, 140, 146, 147, 149}",0.0,0.0,0.0,0.0,0.0,0.0,0.5,0.0,0.35,1.007307507950202,2.5649493574615367,0.0
1819,2,ae,1,"{1, 3, 6}","{5, 8, 9, 48, 49, 51, 55, 54, 23, 27}",0.0,0.0,0.0,0.0,0.0,0.0,0.0,0.0,0.0,0.0,2.0794415416798357,0.0
1825,1,eg,3,"{16, 18, 14}","{104, 106, 108, 109, 116, 117, 118, 124, 125, 126, 127}",0.0,0.0,0.0,0.0,0.0,0.0,1.0,0.0,0.7,0.3295836866004329,2.4849066497880004,0.0
1826,3,ae,1,"{2, 5}","{36, 38, 40, 10, 13, 16, 20}",0.0,0.0,0.0,0.0,0.0,0.0,0.0,0.0,0.0,0.2079441541679836,2.6390573296152584,0.0
1835,3,jo,2,"{11, 13, 7}","{96, 97, 101, 103, 84, 88, 57, 59, 60, 63}",0.0,0.0,0.0,0.0,0.0,0.0,0.0,0.0,0.0,0.0,1.9459101490553132,0.0
1836,2,sa,1,"{4, 5}","{32, 33, 34, 36, 42, 44, 47, 31}",0.0,0.0,0.0,0.0,0.0,0.0,0.0,0.0,0.0,0.0,2.4849066497880004,0.0
1838,1,ae,2,"{9, 13}","{97, 100, 101, 71, 72, 73, 103}",0.0,0.0,0.0,0.0,0.0,0.0,0.0,0.0,0.0,0.0,2.0794415416798357,0.0
1842,3,ma,2,"{8, 9, 12}","{65, 66, 70, 71, 72, 73, 74, 75, 89, 91, 93, 94, 95}",0.0,0.0,0.0,0.0,0.0,0.0,0.16666666666666666,0.0,0.11666666666666665,0.9772069036308795,2.6390573296152584,0.0
1847,2,sa,1,"{1, 5, 6}","{1, 2, 3, 36, 37, 6, 38, 8, 41, 48, 51, 56}",0.0,0.0,0.0,0.0,0.0,0.0,0.0,0.0,0.0,0.2079441541679836,1.9459101490553132,0.0
1849,1,eg,1,"{1, 5, 6}","{1, 5, 6, 7, 8, 38, 41, 48, 51, 56}",0.0,0.0,0.0,0.0,0.0,0.0,0.0,0.0,0.0,0.2079441541679836,2.3978952727983707,0.0
1850,2,ma,4,"{19, 21}","{128, 132, 134, 141, 142, 143, 144, 145}",0.0,0.0,0.0,0.0,0.0,0.0,0.5,0.0,0.35,1.0361632918473205,3.091042453358316,0.0
1852,3,ma,3,"{16, 18, 15}","{110, 115, 116, 117, 118, 119, 125, 126, 127}",0.0,0.0,0.0,0.0,0.0,0.0,0.6666666666666666,0.0,0.4666666666666666,0.8987196820661972,3.6635616461296463,0.0
1853,3,eg,2,"{9, 11}","{71, 72, 73, 74, 75, 82, 84, 85}",0.0,0.0,0.0,0.0,0.0,0.0,0.0,0.0,0.0,0.2079441541679836,2.3978952727983707,0.0
1855,2,ma,3,"{17, 18, 14}","{104, 106, 107, 120, 121, 122, 123, 125, 126, 127}",0.0,0.0,0.0,0.0,0.0,0.0,0.0,0.0,0.0,0.9772069036308795,2.3978952727983707,0.0
1857,2,sa,1,"{1, 4}","{32, 1, 33, 3, 5, 6, 29, 31}",0.0,0.0,0.0,0.0,0.0,0.0,0.0,0.0,0.0,0.0,2.3978952727983707,0.0
1858,3,sa,1,"{1, 3}","{1, 3, 7, 8, 23, 24, 25, 26, 27}",0.0,0.0,0.0,0.0,0.0,0.0,0.0,0.0,0.0,0.9656627474604601,2.302585092994046,0.0
1863,1,sa,1,"{2, 3, 4}","{32, 33, 35, 11, 14, 19, 22, 23, 24, 25, 26, 29, 31}",0.0,0.0,0.0,0.0,0.0,0.0,1.0,0.0,0.7,0.8890389038955615,2.1972245773362196,0.0
1864,2,eg,1,"{1, 3, 4}","{32, 1, 33, 3, 34, 8, 9, 23, 26}",0.0,0.0,0.0,0.0,0.0,0.0,0.0,0.0,0.0,0.2079441541679836,2.302585092994046,0.0
1869,2,ae,3,"{18, 15}","{110, 112, 113, 114, 125, 126, 127}",0.0,0.0,0.0,0.0,0.0,0.0,0.0,0.0,0.0,0.0,2.3978952727983707,0.0
1871,3,sa,2,"{8, 9, 7}","{65, 66, 68, 72, 73, 74, 75, 58, 59, 60}",0.0,0.0,0.0,0.0,0.0,0.0,0.0,0.0,0.0,0.0,4.653960350157523,0.0
1872,1,eg,2,"{11, 7}","{64, 84, 86, 87, 57, 59, 60}",0.0,0.0,0.0,0.0,0.0,0.0,0.0,0.0,0.0,0.8494440720203918,2.833213344056216,0.0
1878,2,sa,2,"{9, 7}","{72, 73, 74, 57, 59, 60, 62}",0.0,0.0,0.0,0.0,0.0,0.0,0.0,0.0,0.0,0.8795446763397146,2.4849066497880004,0.0
1879,2,eg,4,"{19, 20, 22}","{128, 129, 135, 136, 137, 138, 146, 147, 148, 149}",0.0,0.0,0.0,0.0,0.0,0.0,0.0,0.0,0.0,0.8220958385012986,2.4849066497880004,0.0
1881,2,sa,1,"{1, 2, 5}","{1, 3, 37, 38, 9, 11, 44, 45, 14, 16}",0.0,0.0,0.0,0.0,0.0,0.0,0.0,0.0,0.0,0.6591673732008658,2.302585092994046,0.0
1882,2,sa,2,"{11, 12, 13}","{96, 97, 101, 103, 82, 84, 85, 86, 88, 89, 91, 92, 94, 95}",0.0,0.0,0.0,0.0,0.0,0.0,0.0,0.0,0.0,0.3295836866004329,2.772588722239781,0.0
1890,3,ae,1,"{4, 5, 6}","{42, 46, 49, 51, 53, 54, 56, 29, 31}",0.0,0.0,0.0,0.0,0.0,0.0,0.0,0.0,0.0,0.0,2.3978952727983707,0.0
1895,1,eg,2,"{9, 10}","{73, 75, 76, 77, 78, 79, 80}",0.0,0.0,0.0,0.0,0.0,0.0,0.5357142857142857,0.0,0.37499999999999994,0.9071058268569416,3.6109179126442243,0.0
1899,2,ae,3,"{17, 18, 15}","{110, 113, 114, 120, 121, 122, 123, 124, 125, 126, 127}",0.0,0.0,0.0,0.0,0.0,0.0,0.4,0.0,0.27999999999999997,1.0892890639054125,3.8918202981106265,0.0
1903,1,eg,1,"{2, 3}","{10, 12, 14, 20, 23, 24, 25, 26, 27}",0.0,0.0,0.0,0.0,0.0,0.0,0.0,0.0,0.0,0.0,2.3978952727983707,0.0
1905,2,ma,2,"{9, 12, 7}","{64, 71, 72, 73, 74, 75, 92, 57, 59, 60, 95, 63}",0.0,0.0,0.0,0.0,0.0,0.0,0.0,0.0,0.0,0.0,1.791759469228055,0.0
1908,2,eg,1,"{1, 4, 6}","{32, 34, 3, 6, 8, 48, 49, 52, 56}",0.0,0.0,0.0,0.0,0.0,0.0,0.0,0.0,0.0,0.4158883083359672,2.833213344056216,0.0
1911,2,eg,1,"{2, 4, 5}","{32, 35, 39, 42, 11, 13, 14, 16}",0.0,0.0,0.0,0.0,0.0,0.0,0.0,0.0,0.0,0.0,2.1972245773362196,0.0
1912,3,eg,1,"{2, 4, 6}","{32, 33, 34, 13, 49, 18, 51, 20, 31}",0.0,0.0,0.0,0.0,0.0,0.0,0.0,0.0,0.0,0.0,2.1972245773362196,0.0
1930,3,eg,3,"{17, 18}","{120, 121, 122, 123, 124, 125, 126, 127}",0.0,0.0,0.0,0.0,0.0,0.0,0.3333333333333333,0.0,0.2333333333333333,0.7143260902196634,2.70805020110221,0.0
1934,1,eg,1,"{2, 6}","{11, 12, 13, 14, 16, 49, 52, 54, 55, 56}",0.0,0.0,0.0,0.0,0.0,0.0,1.0,0.0,0.7,0.892596382888159,1.9459101490553132,0.0
1941,3,eg,1,"{1, 6}","{3, 4, 5, 48, 54, 55, 56}",0.0,0.0,0.0,0.0,0.0,0.0,0.0,0.0,0.0,0.3295836866004329,1.6094379124341003,0.0
1943,3,sa,3,"{18, 14}","{104, 105, 106, 124, 125, 126, 127}",0.0,0.0,0.0,0.0,0.0,0.0,0.0,0.0,0.0,0.0,1.6094379124341003,0.0
1951,1,sa,1,"{2, 3, 6}","{11, 14, 17, 52, 22, 54, 24, 25}",0.0,0.0,0.0,0.0,0.0,0.0,0.0,0.0,0.0,0.2079441541679836,1.3862943611198906,0.0
1953,3,ae,1,"{1, 3, 5}","{3, 5, 38, 7, 8, 39, 24, 25, 27}",0.0,0.0,0.0,0.0,0.0,0.0,0.0,0.0,0.0,0.6214702089587298,2.70805020110221,0.0
1954,3,eg,1,"{3, 5}","{37, 43, 22, 23, 24, 25, 26}",0.0,0.0,0.0,0.0,0.0,0.0,0.0,0.0,0.0,0.811746907778256,1.9459101490553132,0.0
1958,3,eg,1,"{1, 4, 6}","{1, 3, 4, 7, 8, 49, 53, 54, 30, 31}",0.0,0.0,0.0,0.0,0.0,0.0,0.0,0.0,0.0,0.0,2.302585092994046,0.0
1959,3,eg,1,"{1, 4}","{32, 33, 3, 35, 5, 7, 8, 30, 31}",0.0,0.0,0.0,0.0,0.0,0.0,0.0,0.0,0.0,0.2079441541679836,1.0986122886681098,0.0
1963,2,sa,1,"{1, 3, 4}","{32, 1, 9, 22, 23, 30, 31}",0.0,0.0,0.0,0.0,0.0,0.0,0.0,0.0,0.0,0.7712495334753989,3.8066624897703196,0.0
1966,1,ae,4,"{19, 23}","{128, 131, 133, 134, 150, 151, 152}",0.0,0.0,0.0,0.0,0.0,0.0,0.5,0.0,0.35,1.0284692976891878,2.995732273553991,0.0
1968,3,sa,3,"{16, 14}","{104, 105, 106, 116, 117, 118, 119}",0.0,0.0,0.0,0.0,0.0,0.0,1.0,0.0,0.7,0.8725666739944806,2.9444389791664403,0.0
1969,2,jo,1,"{4, 6}","{32, 33, 48, 49, 51, 52, 56, 29, 30, 31}",0.0,0.0,0.0,0.0,0.0,0.0,0.0,0.0,0.0,0.0,1.0986122886681098,0.0
1971,1,sa,1,"{1, 5}","{1, 3, 4, 5, 37, 38, 9, 44, 47}",0.0,0.0,0.0,0.0,0.0,0.0,0.0,0.0,0.0,0.0,2.1972245773362196,0.0
1972,2,eg,1,"{1, 3}","{2, 3, 5, 6, 8, 23, 27}",0.0,0.0,0.0,0.0,0.0,0.0,0.0,0.0,0.0,0.0,2.0794415416798357,0.0
1980,3,eg,1,"{2, 5, 6}","{38, 41, 10, 11, 12, 13, 48, 51, 54}",0.0,0.0,0.0,0.0,0.0,0.0,0.5384615384615384,0.0,0.37692307692307686,0.997929454403002,3.2188758248682006,0.0
1982,3,eg,3,"{17, 18, 14}","{104, 106, 107, 109, 120, 121, 122, 123, 125, 126, 127}",0.0,0.0,0.0,0.0,0.0,0.0,0.0,0.0,0.0,0.0,2.0794415416798357,0.0
1989,1,sa,1,"{3, 4, 5}","{32, 33, 44, 45, 23, 24, 25, 27, 29, 31}",0.0,0.0,0.0,0.0,0.0,0.0,0.4,0.0,0.27999999999999997,0.4158883083359672,4.394449154672439,0.0
1995,3,sa,2,"{9, 11, 7}","{72, 73, 74, 75, 85, 86, 87, 58, 59}",0.0,0.0,0.0,0.0,0.0,0.0,0.0,0.0,0.0,0.2079441541679836,2.4849066497880004,0.0
1997,1,ma,1,"{2, 3}","{11, 13, 14, 17, 24, 25, 28}",0.0,0.0,0.0,0.0,0.0,0.0,0.5,0.0,0.35,0.7755725992557227,2.302585092994046,0.0
1998,3,eg,1,"{5, 6}","{37, 38, 39, 43, 44, 48, 49, 52}",0.0,0.0,0.0,0.0,0.0,0.0,0.0,0.0,0.0,0.0,2.1972245773362196,0.0
1999,3,sa,3,"{16, 17, 15}","{111, 113, 116, 117, 118, 120, 121, 122, 123}",0.0,0.0,0.0,0.0,0.0,0.0,0.0,0.0,0.0,0.4158883083359672,1.9459101490553132,0.0
2001,3,eg,1,"{3, 5}","{36, 39, 42, 44, 23, 24, 25, 28}",0.0,0.0,0.0,0.0,0.0,0.0,0.0,0.0,0.0,1.0620039749883885,2.4849066497880004,0.0
2005,2,ae,2,"{8, 12}","{65, 66, 67, 69, 70, 91, 94}",0.0,0.0,0.0,0.0,0.0,0.0,0.0,0.0,0.0,0.2079441541679836,1.3862943611198906,0.0
2008,2,ae,1,"{3, 6}","{49, 53, 23, 24, 25, 56, 28}",0.0,0.0,0.0,0.0,0.0,0.0,0.0,0.0,0.0,0.2079441541679836,2.1972245773362196,0.0
2013,3,eg,3,"{18, 14, 15}","{106, 108, 110, 111, 115, 124, 125, 126, 127}",0.0,0.0,0.0,0.0,0.0,0.0,0.3333333333333333,0.0,0.2333333333333333,0.3295836866004329,3.044522437723423,0.0
2018,3,sa,1,"{3, 4, 6}","{32, 33, 35, 56, 49, 51, 23, 24, 26, 31}",0.0,0.0,0.0,0.0,0.0,0.0,0.0,0.0,0.0,0.0,2.0794415416798357,0.0
2019,2,sa,3,"{16, 17, 18}","{117, 118, 120, 121, 122, 123, 125, 126, 127}",0.0,0.0,0.0,0.0,0.0,0.0,0.25,0.0,0.175,0.8220958385012986,2.4849066497880004,0.0
2022,3,eg,2,"{8, 11, 12}","{65, 70, 81, 84, 85, 86, 89, 91, 95}",0.0,0.0,0.0,0.0,0.0,0.0,0.0,0.0,0.0,0.0,1.9459101490553132,0.0
2024,2,ma,1,"{3, 5}","{36, 37, 41, 42, 43, 23, 24, 25, 27}",0.0,0.0,0.0,0.0,0.0,0.0,0.4,0.0,0.27999999999999997,0.9715458544334523,2.6390573296152584,0.0
2030,3,sa,1,"{1, 3, 5}","{1, 2, 36, 5, 37, 42, 46, 22, 23, 24, 25}",0.0,0.0,0.0,0.0,0.0,0.0,0.0,0.0,0.0,0.2079441541679836,1.3862943611198906,0.0
2043,2,sa,1,"{1, 3, 6}","{1, 2, 3, 8, 48, 51, 23, 24, 25, 56, 27}",0.0,0.0,0.0,0.0,0.0,0.0,0.0,0.0,0.0,0.0,2.0794415416798357,0.0
2047,3,eg,1,"{2, 4}","{32, 33, 34, 35, 11, 13, 21, 31}",0.0,0.0,0.0,0.0,0.0,0.0,0.41935483870967744,0.0,0.29354838709677417,1.034958466092731,3.6888794541139363,0.0
2054,3,eg,3,"{16, 17, 18}","{116, 117, 118, 120, 121, 123, 125, 127}",0.0,0.0,0.0,0.0,0.0,0.0,0.0,0.0,0.0,0.2079441541679836,3.5263605246161616,0.0
2055,2,ae,2,"{8, 12, 7}","{65, 68, 92, 89, 59, 60, 61, 94, 95}",0.0,0.0,0.0,0.0,0.0,0.0,0.8181818181818182,0.0,0.5727272727272728,0.961526232294925,2.833213344056216,0.0
2056,2,eg,1,"{2, 5, 6}","{38, 41, 10, 11, 44, 14, 48, 49, 18, 55}",0.0,0.0,0.0,0.0,0.0,0.0,1.0,0.0,0.7,0.9942062064269299,4.382026634673881,0.0
2058,1,jo,1,"{4, 6}","{33, 48, 49, 53, 54, 55, 29}",0.0,0.0,0.0,0.0,0.0,0.0,0.0,0.0,0.0,0.0,2.302585092994046,0.0
2065,3,ae,4,"{19, 21, 23}","{128, 129, 131, 141, 142, 143, 150, 151, 152, 153, 154}",0.0,0.0,0.0,0.0,0.0,0.0,0.0,0.0,0.0,0.0,2.1972245773362196,0.0
2067,2,ae,2,"{10, 11}","{76, 77, 79, 80, 81, 85, 86}",0.0,0.0,0.0,0.0,0.0,0.0,0.0,0.0,0.0,0.0,1.791759469228055,0.0
2074,3,eg,1,"{3, 5, 6}","{36, 37, 38, 39, 49, 55, 22, 23, 24, 25, 54, 27}",0.0,0.0,0.0,0.0,0.0,0.0,0.125,0.0,0.0875,1.0664819194608406,2.6390573296152584,0.0
2076,1,eg,4,"{20, 23}","{135, 136, 138, 140, 151, 152, 153, 154}",0.0,0.0,0.0,0.0,0.0,0.0,0.0,0.0,0.0,0.7712495334753989,2.772588722239781,0.0
2077,3,eg,4,"{19, 20}","{128, 129, 130, 131, 134, 138, 139}",0.0,0.0,0.0,0.0,0.0,0.0,0.0,0.0,0.0,0.8652481493690658,2.0794415416798357,0.0
2078,2,ae,2,"{12, 7}","{64, 92, 89, 59, 60, 93, 94, 95}",0.0,0.0,0.0,0.0,0.0,0.0,0.0,0.0,0.0,0.7631394502848576,3.091042453358316,0.0
2083,2,eg,1,"{1, 3, 5}","{1, 3, 4, 38, 8, 41, 42, 25, 26}",0.0,0.0,0.0,0.0,0.0,0.0,0.0,0.0,0.0,0.0,2.3978952727983707,0.0
2084,1,ae,2,"{10, 11, 13}","{96, 97, 98, 103, 76, 78, 80, 83, 85, 86}",0.0,0.0,0.0,0.0,0.0,0.0,0.0,0.0,0.0,0.0,2.1972245773362196,0.0
2086,2,jo,1,"{2, 3, 5}","{36, 37, 14, 47, 20, 21, 22, 23, 24, 25, 28}",0.0,0.0,0.0,0.0,0.0,0.0,0.0,0.0,0.0,0.0,2.1972245773362196,0.0
2088,3,jo,1,"{1, 4, 5}","{32, 33, 34, 3, 36, 5, 37, 38, 9, 41, 31}",0.0,0.0,0.0,0.0,0.0,0.0,1.0,0.0,0.7,0.7545656882088654,2.0794415416798357,0.0
2090,3,jo,1,"{3, 4, 6}","{32, 33, 34, 48, 49, 50, 52, 54, 23, 24, 25, 28, 31}",0.0,0.0,0.0,0.0,0.0,0.0,0.0,0.0,0.0,0.2079441541679836,2.0794415416798357,0.0
2096,1,ae,1,"{1, 3, 4}","{1, 2, 33, 8, 24, 25, 28, 30, 31}",0.0,0.0,0.0,0.0,0.0,0.0,0.5,0.0,0.35,1.0892890639054125,4.663439094112067,0.0
2099,1,ae,1,"{3, 6}","{48, 49, 50, 55, 22, 23, 54, 25}",0.0,0.0,0.0,0.0,0.0,0.0,0.0,0.0,0.0,0.0,1.9459101490553132,0.0
2102,2,sa,1,"{2, 5}","{37, 40, 11, 12, 14, 17, 20}",0.0,0.0,0.0,0.0,0.0,0.0,0.0,0.0,0.0,0.0,2.1972245773362196,0.0
2104,1,ae,2,"{11, 13, 7}","{97, 99, 103, 84, 85, 87, 57, 59, 63}",0.0,0.0,0.0,0.0,0.0,0.0,0.0,0.0,0.0,0.2079441541679836,2.302585092994046,0.0
2105,2,ae,2,"{8, 10}","{65, 67, 69, 70, 76, 77, 79}",0.0,0.0,0.0,0.0,0.0,0.0,0.0,0.0,0.0,0.9157189848622478,2.3978952727983707,0.0
2110,1,eg,2,"{10, 13, 7}","{96, 97, 99, 100, 103, 76, 77, 78, 79, 80, 57, 59, 61}",0.0,0.0,0.0,0.0,0.0,0.0,0.0,0.0,0.0,0.4493598410330986,2.3978952727983707,0.0
2116,3,eg,1,"{1, 5}","{1, 2, 3, 4, 5, 38, 43}",0.0,0.0,0.0,0.0,0.0,0.0,0.75,0.0,0.5249999999999999,1.0526259214411884,2.6390573296152584,0.0
2124,2,ae,2,"{8, 10, 7}","{65, 66, 67, 69, 70, 76, 77, 78, 79, 80, 57, 59, 60, 62, 63}",0.0,0.0,0.0,0.0,0.0,0.0,0.0,0.0,0.0,0.0,1.791759469228055,0.0
2134,1,sa,3,"{16, 17, 18}","{116, 117, 119, 121, 122, 123, 124, 126, 127}",0.0,0.0,0.0,0.0,0.0,0.0,0.0,0.0,0.0,0.2079441541679836,2.1972245773362196,0.0
2136,1,ma,1,"{2, 6}","{10, 11, 15, 16, 17, 51, 56}",0.0,0.0,0.0,0.0,0.0,0.0,0.0,0.0,0.0,0.0,2.0794415416798357,0.0
2137,3,eg,1,"{1, 3, 5}","{3, 37, 6, 39, 8, 42, 23, 24, 26}",0.0,0.0,0.0,0.0,0.0,0.0,0.25,0.0,0.175,1.0526259214411884,2.4849066497880004,0.0
2141,2,sa,1,"{3, 4, 5}","{33, 41, 44, 23, 24, 25, 27, 30, 31}",0.0,0.0,0.0,0.0,0.0,0.0,0.0,0.0,0.0,0.0,1.6094379124341003,0.0
2144,2,sa,1,"{1, 2, 5}","{3, 37, 38, 7, 39, 10, 12, 13, 14, 15, 44}",0.0,0.0,0.0,0.0,0.0,0.0,1.0,0.0,0.7,0.7454719949364002,2.0794415416798357,0.0
2146,3,jo,1,"{2, 4}","{33, 34, 10, 13, 18, 30, 31}",0.0,0.0,0.0,0.0,0.0,0.0,0.0,0.0,0.0,0.0,2.302585092994046,0.0
2148,2,ae,4,"{20, 22, 23}","{135, 137, 146, 147, 148, 149, 150, 154}",0.0,0.0,0.0,0.0,0.0,0.0,0.6470588235294118,0.0,0.45294117647058824,0.9729241183416133,3.1354942159291497,0.0
2150,2,sa,3,"{16, 17, 18}","{116, 117, 118, 119, 120, 121, 122, 123, 125, 126, 127}",0.0,0.0,0.0,0.0,0.0,0.0,0.0,0.0,0.0,0.2079441541679836,1.3862943611198906,0.0
2153,2,eg,1,"{1, 3, 5}","{1, 3, 4, 36, 38, 7, 8, 47, 23, 25, 28}",0.0,0.0,0.0,0.0,0.0,0.0,0.5,0.0,0.35,0.6892679775201884,2.1972245773362196,0.0
2154,2,sa,1,"{1, 3, 6}","{56, 5, 6, 8, 49, 55, 23, 24, 26}",0.0,0.0,0.0,0.0,0.0,0.0,0.0,0.0,0.0,0.0,1.6094379124341003,0.0
2156,3,jo,1,"{2, 3, 6}","{14, 16, 48, 53, 23, 25, 26}",0.0,0.0,0.0,0.0,0.0,0.0,0.15384615384615385,0.0,0.1076923076923077,1.032365620649677,3.044522437723423,0.0
2159,3,ae,2,"{8, 12, 13}","{96, 65, 97, 68, 102, 103, 89, 90}",0.0,0.0,0.0,0.0,0.0,0.0,0.0,0.0,0.0,0.6141516843333151,1.9459101490553132,0.0
2164,2,ae,1,"{1, 6}","{4, 5, 8, 48, 49, 54, 55}",0.0,0.0,0.0,0.0,0.0,0.0,0.0,0.0,0.0,0.971083604452841,2.70805020110221,0.0
2168,2,eg,4,"{20, 23}","{137, 138, 150, 151, 152, 153, 154}",0.0,0.0,0.0,0.0,0.0,0.0,0.0,0.0,0.0,0.5375278407684164,2.1972245773362196,0.0
2169,2,eg,1,"{2, 3, 6}","{11, 12, 13, 49, 18, 51, 20, 54, 23, 24, 27}",0.0,0.0,0.0,0.0,0.0,0.0,0.0,0.0,0.0,0.5198603854199589,2.6390573296152584,0.0
2171,1,ma,3,"{16, 18, 14}","{104, 105, 106, 109, 116, 117, 118, 119, 124, 125, 126, 127}",0.0,0.0,0.0,0.0,0.0,0.0,0.0,0.0,0.0,0.9464877417339774,1.791759469228055,0.0
2173,1,ae,1,"{1, 2, 6}","{1, 2, 3, 8, 11, 13, 49, 18, 20, 55, 56}",0.0,0.0,0.0,0.0,0.0,0.0,0.0,0.0,0.0,0.2079441541679836,2.1972245773362196,0.0
2175,3,ma,2,"{9, 10, 13}","{96, 97, 101, 71, 72, 73, 103, 75, 76, 78, 79, 80}",0.0,0.0,0.0,0.0,0.0,0.0,0.0,0.0,0.0,0.0,1.791759469228055,0.0
2180,3,sa,1,"{3, 5, 6}","{38, 42, 46, 48, 51, 54, 23, 56, 25, 27}",0.0,0.0,0.0,0.0,0.0,0.0,0.0,0.0,0.0,0.0,2.5649493574615367,0.0
2182,3,ae,1,"{2, 5}","{36, 38, 10, 44, 13, 46, 20, 21}",0.0,0.0,0.0,0.0,0.0,0.0,0.0,0.0,0.0,0.4158883083359672,2.302585092994046,0.0
2189,2,sa,1,"{3, 5}","{36, 38, 39, 41, 44, 23, 24, 25, 27, 28}",0.0,0.0,0.0,0.0,0.0,0.0,0.35714285714285715,0.0,0.25,0.9575259952326007,3.091042453358316,0.0
2192,3,sa,4,"{20, 21, 23}","{135, 136, 137, 141, 142, 145, 150, 151, 154}",0.0,0.0,0.0,0.0,0.0,0.0,0.0,0.0,0.0,0.3295836866004329,2.302585092994046,0.0
2193,1,eg,1,"{2, 4, 5}","{32, 33, 35, 38, 13, 14, 15, 46, 20, 29, 31}",0.0,0.0,0.0,0.0,0.0,0.0,0.6,0.0,0.42,0.9448423870283913,3.044522437723423,0.0
2194,2,eg,2,"{13, 7}","{96, 97, 99, 103, 57, 58, 59, 60}",0.0,0.0,0.0,0.0,0.0,0.0,0.3333333333333333,0.0,0.2333333333333333,1.0870620876878634,2.3978952727983707,0.0
2199,2,eg,1,"{2, 4, 6}","{33, 11, 14, 48, 17, 20, 53, 54, 55, 56, 30}",0.0,0.0,0.0,0.0,0.0,0.0,0.0,0.0,0.0,0.6214702089587298,2.1972245773362196,0.0
2207,3,sa,2,"{11, 12, 7}","{89, 91, 81, 84, 86, 57, 59, 60, 61, 62, 95}",0.0,0.0,0.0,0.0,0.0,0.0,0.0,0.0,0.0,0.0,1.3862943611198906,0.0
2209,1,sa,1,"{3, 4, 5}","{32, 33, 42, 47, 22, 23, 24, 25, 27, 29, 31}",0.0,0.0,0.0,0.0,0.0,0.0,0.0,0.0,0.0,0.7357912167657644,2.4849066497880004,0.0
2211,3,eg,4,"{19, 22}","{128, 130, 131, 134, 146, 147, 148, 149}",0.0,0.0,0.0,0.0,0.0,0.0,0.0,0.0,0.0,0.9163871374146547,2.302585092994046,0.0
2215,3,sa,3,"{16, 17, 18}","{116, 117, 118, 119, 120, 121, 123, 124, 125, 126, 127}",0.0,0.0,0.0,0.0,0.0,0.0,0.0,0.0,0.0,0.0,1.791759469228055,0.0
2222,2,sa,2,"{8, 11}","{65, 66, 69, 83, 84, 86, 87}",0.0,0.0,0.0,0.0,0.0,0.0,1.0,0.0,0.7,0.8408703099443996,1.6094379124341003,0.0
2231,3,eg,1,"{1, 4}","{32, 33, 2, 3, 5, 8, 29, 30, 31}",0.0,0.0,0.0,0.0,0.0,0.0,0.0,0.0,0.0,0.7254422860427217,3.2188758248682006,0.0
2238,2,sa,3,"{16, 15}","{110, 111, 113, 114, 116, 117, 118, 119}",0.0,0.0,0.0,0.0,0.0,0.0,0.0,0.0,0.0,0.0,2.302585092994046,0.0
2239,3,ae,1,"{3, 5}","{36, 41, 42, 46, 24, 25, 28}",0.0,0.0,0.0,0.0,0.0,0.0,0.5,0.0,0.35,0.7712495334753989,1.0986122886681098,0.0
2240,2,eg,2,"{12, 7}","{64, 59, 89, 91, 60, 94, 95}",0.0,0.0,0.0,0.0,0.0,0.0,0.0,0.0,0.0,0.0,2.3978952727983707,0.0
2246,2,ma,1,"{3, 4, 6}","{32, 33, 56, 49, 50, 22, 23, 24, 25, 54, 30, 31}",0.0,0.0,0.0,0.0,0.0,0.0,0.0,0.0,0.0,0.4158883083359672,2.833213344056216,0.0
2253,3,eg,4,"{19, 20}","{128, 131, 132, 134, 135, 137, 138}",0.0,0.0,0.0,0.0,0.0,0.0,0.0,0.0,0.0,0.0,1.791759469228055,0.0
2259,2,eg,1,"{1, 3, 6}","{3, 5, 6, 49, 22, 55, 24, 25, 56}",0.0,0.0,0.0,0.0,0.0,0.0,0.3333333333333333,0.0,0.2333333333333333,0.924497220605196,3.1780538303479458,0.0
2260,1,ae,3,"{16, 18, 14}","{104, 106, 108, 109, 116, 117, 118, 119, 124, 126, 127}",0.0,0.0,0.0,0.0,0.0,0.0,1.0,0.0,0.7,0.8575541552109331,2.6390573296152584,0.0
2261,3,sa,2,"{11, 12, 7}","{64, 89, 92, 83, 84, 85, 57, 90, 59, 60, 94, 95}",0.0,0.0,0.0,0.0,0.0,0.0,0.0,0.0,0.0,0.0,2.4849066497880004,0.0
2263,2,sa,3,"{16, 17, 15}","{110, 113, 114, 116, 117, 118, 119, 120, 123}",0.0,0.0,0.0,0.0,0.0,0.0,0.2727272727272727,0.0,0.1909090909090909,0.3295836866004329,2.8903717578961645,0.0
2264,3,eg,1,"{2, 5}","{36, 38, 11, 44, 15, 47, 20}",0.0,0.0,0.0,0.0,0.0,0.0,0.0,0.0,0.0,0.8282191376793369,4.553876891600541,0.0
2276,2,eg,3,"{16, 17, 14}","{104, 107, 116, 117, 118, 119, 120, 121, 122, 123}",0.0,0.0,0.0,0.0,0.0,0.0,0.0,0.0,0.0,0.0,2.1972245773362196,0.0
2281,3,eg,2,"{9, 10, 11}","{71, 72, 73, 75, 76, 77, 80, 84, 85, 86, 87}",0.0,0.0,0.0,0.0,0.0,0.0,0.3333333333333333,0.0,0.2333333333333333,0.6141516843333151,2.6390573296152584,0.0
2285,2,jo,2,"{11, 13, 7}","{96, 97, 98, 103, 86, 87, 57, 59, 60, 61}",0.0,0.0,0.0,0.0,0.0,0.0,0.5555555555555556,0.0,0.3888888888888889,1.0831657647273742,2.9444389791664403,0.0
2287,2,jo,1,"{2, 4, 6}","{32, 33, 35, 10, 14, 48, 49, 50, 19, 20, 56}",0.0,0.0,0.0,0.0,0.0,0.0,0.0,0.0,0.0,0.0,1.9459101490553132,0.0
2292,2,sa,1,"{2, 4, 5}","{32, 33, 34, 36, 10, 11, 42, 13, 44, 15, 46, 18, 31}",0.0,0.0,0.0,0.0,0.0,0.0,0.0,0.0,0.0,1.0750556815368328,2.1972245773362196,0.0
2293,3,jo,2,"{10, 11, 13}","{96, 98, 76, 78, 80, 83, 84, 85, 86, 88}",0.0,0.0,0.0,0.0,0.0,0.0,0.0,0.0,0.0,0.0,1.3862943611198906,0.0
2295,1,eg,2,"{12, 13}","{96, 97, 98, 103, 89, 91, 93, 94, 95}",0.0,0.0,0.0,0.0,0.0,0.0,0.0,0.0,0.0,0.8890389038955615,2.772588722239781,0.0
2296,2,sa,3,"{17, 18, 14}","{104, 106, 108, 109, 120, 121, 122, 123, 125, 126, 127}",0.0,0.0,0.0,0.0,0.0,0.0,0.0,0.0,0.0,0.0,2.3978952727983707,0.0
2302,1,ae,1,"{1, 3, 5}","{2, 3, 5, 44, 46, 23, 27}",0.0,0.0,0.0,0.0,0.0,0.0,0.0,0.0,0.0,0.3295836866004329,1.6094379124341003,0.0
2308,3,jo,1,"{2, 3, 5}","{37, 39, 10, 14, 19, 25, 27}",0.0,0.0,0.0,0.0,0.0,0.0,1.0,0.0,0.7,0.7545656882088654,2.1972245773362196,0.0
2311,3,sa,2,"{8, 10, 11}","{65, 66, 67, 68, 70, 76, 79, 80, 84, 85, 86, 88}",0.0,0.0,0.0,0.0,0.0,0.0,0.0,0.0,0.0,0.3295836866004329,1.9459101490553132,0.0
2314,2,ma,3,"{16, 14}","{104, 106, 108, 109, 116, 117, 119}",0.0,0.0,0.0,0.0,0.0,0.0,0.0,0.0,0.0,0.6749714505495398,1.3862943611198906,0.0
2319,3,sa,2,"{9, 13}","{96, 100, 71, 72, 73, 103, 75}",0.0,0.0,0.0,0.0,0.0,0.0,0.0,0.0,0.0,0.0,2.1972245773362196,0.0
2322,3,sa,1,"{2, 3, 4}","{32, 33, 34, 10, 13, 15, 23, 24, 25, 27, 28, 31}",0.0,0.0,0.0,0.0,0.0,0.0,0.0,0.0,0.0,0.0,1.9459101490553132,0.0
2323,1,ae,2,"{10, 11, 13}","{96, 97, 99, 102, 103, 78, 80, 81, 84, 85, 86}",0.0,0.0,0.0,0.0,0.0,0.0,0.0,0.0,0.0,0.2079441541679836,2.6390573296152584,0.0
2325,1,ma,1,"{3, 6}","{49, 51, 22, 23, 24, 26, 27}",0.0,0.0,0.0,0.0,0.0,0.0,0.0,0.0,0.0,0.0,2.1972245773362196,0.0
2326,2,eg,3,"{16, 17, 14}","{104, 105, 106, 116, 118, 120, 121, 122, 123}",0.0,0.0,0.0,0.0,0.0,0.0,0.0,0.0,0.0,0.2079441541679836,1.791759469228055,0.0
2327,3,sa,2,"{10, 12, 13}","{97, 100, 76, 79, 80, 90, 95}",0.0,0.0,0.0,0.0,0.0,0.0,0.0,0.0,0.0,0.9531555061196024,1.791759469228055,0.0
2328,3,ae,1,"{1, 2, 5}","{1, 3, 36, 6, 8, 10, 14, 46, 21}",0.0,0.0,0.0,0.0,0.0,0.0,0.0,0.0,0.0,0.0,1.791759469228055,0.0
2329,2,sa,1,"{1, 2, 3}","{3, 5, 6, 7, 8, 13, 16, 20, 23, 24, 28}",0.0,0.0,0.0,0.0,0.0,0.0,0.0,0.0,0.0,0.2079441541679836,1.9459101490553132,0.0
2330,3,ma,1,"{2, 5, 6}","{10, 42, 12, 13, 14, 46, 48, 51, 54, 56}",0.0,0.0,0.0,0.0,0.0,0.0,0.0,0.0,0.0,0.0,1.9459101490553132,0.0
2331,2,eg,1,"{3, 5, 6}","{36, 41, 49, 55, 54, 23, 56, 25, 27}",0.0,0.0,0.0,0.0,0.0,0.0,0.5,0.0,0.35,1.0708300499918284,2.4849066497880004,0.0
2337,2,jo,1,"{4, 5}","{36, 37, 38, 42, 47, 30, 31}",0.0,0.0,0.0,0.0,0.0,0.0,0.0,0.0,0.0,0.6892679775201884,2.1972245773362196,0.0
2338,1,sa,1,"{1, 5}","{1, 4, 37, 5, 36, 42, 47}",0.0,0.0,0.0,0.0,0.0,0.0,0.6666666666666666,0.0,0.4666666666666666,0.7999078189898053,2.9444389791664403,0.0
2343,2,eg,1,"{2, 3, 5}","{41, 10, 42, 13, 17, 23, 24, 25, 27, 28}",0.0,0.0,0.0,0.0,0.0,0.0,0.36363636363636365,0.0,0.2545454545454545,1.0398671837358762,3.332204510175204,0.0
2347,2,ma,2,"{9, 13}","{97, 98, 71, 72, 73, 74, 75}",0.0,0.0,0.0,0.0,0.0,0.0,0.0,0.0,0.0,0.8006307119551976,2.4849066497880004,0.0
2354,3,eg,1,"{1, 4, 6}","{32, 1, 33, 3, 4, 5, 34, 35, 49, 50, 31}",0.0,0.0,0.0,0.0,0.0,0.0,0.0,0.0,0.0,0.0,2.4849066497880004,0.0
2365,2,sa,1,"{1, 2, 4}","{32, 33, 3, 35, 5, 6, 7, 8, 10, 13, 18}",0.0,0.0,0.0,0.0,0.0,0.0,0.0,0.0,0.0,0.6892679775201884,2.0794415416798357,0.0
2367,2,jo,3,"{16, 17}","{116, 117, 118, 119, 120, 122, 123}",0.0,0.0,0.0,0.0,0.0,0.0,0.0,0.0,0.0,0.0,2.833213344056216,0.0
2369,2,eg,1,"{1, 5}","{1, 2, 36, 37, 5, 38, 39}",0.0,0.0,0.0,0.0,0.0,0.0,0.5,0.0,0.35,0.8317766166719344,2.302585092994046,0.0
2371,3,eg,1,"{4, 5, 6}","{35, 37, 38, 40, 44, 49, 55, 31}",0.0,0.0,0.0,0.0,0.0,0.0,1.0,0.0,0.7,0.9656627474604601,1.9459101490553132,0.0
2374,2,eg,1,"{3, 5, 6}","{37, 38, 43, 44, 50, 22, 23, 56, 25}",0.0,0.0,0.0,0.0,0.0,0.0,0.14285714285714285,0.0,0.09999999999999999,0.9531555061196024,4.330733340286331,0.0
2376,1,ae,3,"{16, 14}","{104, 105, 106, 109, 116, 117, 118, 119}",0.0,0.0,0.0,0.0,0.0,0.0,0.0,0.0,0.0,0.0,2.772588722239781,0.0
2386,3,ae,4,"{19, 20, 23}","{128, 133, 135, 139, 150, 151, 152, 153, 154}",0.0,0.0,0.0,0.0,0.0,0.0,0.25,0.0,0.175,0.8585377652928571,3.1780538303479458,0.0
2387,2,eg,1,"{2, 4, 6}","{33, 11, 13, 14, 15, 48, 53, 54, 29, 31}",0.0,0.0,0.0,0.0,0.0,0.0,0.5,0.0,0.35,0.3295836866004329,2.995732273553991,0.0
2390,1,ae,4,"{19, 20, 23}","{128, 130, 134, 135, 140, 150, 151, 154}",0.0,0.0,0.0,0.0,0.0,0.0,0.0,0.0,0.0,0.7862620522589463,1.9459101490553132,0.0
2391,3,ae,1,"{2, 6}","{13, 48, 19, 53, 54, 55, 56}",0.0,0.0,0.0,0.0,0.0,0.0,0.0,0.0,0.0,0.0,2.4849066497880004,0.0
2393,3,jo,1,"{3, 5, 6}","{37, 45, 48, 55, 54, 23, 24, 26}",0.0,0.0,0.0,0.0,0.0,0.0,0.5,0.0,0.35,0.8494440720203918,3.332204510175204,0.0
2403,3,jo,2,"{9, 10, 7}","{72, 73, 74, 76, 77, 80, 57, 58, 59}",0.0,0.0,0.0,0.0,0.0,0.0,0.0,0.0,0.0,0.7254422860427217,2.302585092994046,0.0
2404,2,ae,4,"{21, 22, 23}","{141, 142, 144, 146, 148, 149, 150, 151, 152, 154}",0.0,0.0,0.0,0.0,0.0,0.0,0.2,0.0,0.13999999999999999,0.8987196820661972,2.772588722239781,0.0
2405,3,eg,3,"{17, 14}","{104, 107, 109, 120, 121, 122, 123}",0.0,0.0,0.0,0.0,0.0,0.0,0.0,0.0,0.0,0.0,2.302585092994046,0.0
2412,3,ae,1,"{2, 4}","{32, 33, 10, 15, 20, 30, 31}",0.0,0.0,0.0,0.0,0.0,0.0,0.0,0.0,0.0,0.2079441541679836,2.1972245773362196,0.0
2416,1,sa,1,"{1, 3, 6}","{1, 2, 5, 49, 55, 23, 56, 25, 27}",0.0,0.0,0.0,0.0,0.0,0.0,0.5555555555555556,0.0,0.3888888888888889,1.0892890639054125,2.70805020110221,0.0
2421,2,ma,2,"{11, 12}","{83, 84, 85, 89, 90, 91, 94, 95}",0.0,0.0,0.0,0.0,0.0,0.0,0.5,0.0,0.35,0.8294143631267135,2.833213344056216,0.0
2423,2,sa,1,"{2, 4, 6}","{32, 33, 10, 13, 14, 16, 17, 48, 54, 55, 29, 30, 31}",0.0,0.0,0.0,0.0,0.0,0.0,0.25,0.0,0.175,0.9772069036308795,2.833213344056216,0.0
2429,2,eg,3,"{16, 14, 15}","{104, 106, 108, 110, 111, 115, 116, 117, 118}",0.0,0.0,0.0,0.0,0.0,0.0,0.0,0.0,0.0,0.0,2.3978952727983707,0.0
2430,3,eg,1,"{2, 3, 4}","{32, 33, 34, 13, 19, 20, 23, 28, 29, 31}",0.0,0.0,0.0,0.0,0.0,0.0,0.0,0.0,0.0,0.8220958385012986,1.791759469228055,0.0
2432,1,eg,1,"{4, 5, 6}","{32, 33, 34, 37, 39, 44, 49, 54, 55, 56}",0.0,0.0,0.0,0.0,0.0,0.0,0.3333333333333333,0.0,0.2333333333333333,0.834678061098404,3.044522437723423,0.0
2436,2,jo,4,"{19, 21, 23}","{128, 130, 131, 141, 142, 145, 150, 151, 154}",0.0,0.0,0.0,0.0,0.0,0.0,0.5,0.0,0.35,0.8575541552109331,2.833213344056216,0.0
2438,3,eg,3,"{18, 15}","{110, 111, 113, 114, 124, 125, 126, 127}",0.0,0.0,0.0,0.0,0.0,0.0,0.0,0.0,0.0,0.0,1.6094379124341003,0.0
2439,2,eg,1,"{1, 3, 4}","{32, 1, 2, 33, 5, 6, 8, 23, 27, 29, 31}",0.0,0.0,0.0,0.0,0.0,0.0,0.0,0.0,0.0,0.0,2.6390573296152584,0.0
2443,1,jo,3,"{16, 14, 15}","{108, 109, 110, 112, 114, 116, 119}",0.0,0.0,0.0,0.0,0.0,0.0,0.0,0.0,0.0,0.8652481493690658,2.1972245773362196,0.0
2444,1,ae,4,"{19, 21, 23}","{128, 129, 131, 141, 142, 143, 151, 152}",0.0,0.0,0.0,0.0,0.0,0.0,0.0,0.0,0.0,0.3295836866004329,2.5649493574615367,0.0
2445,2,jo,1,"{2, 4}","{33, 34, 10, 13, 14, 18, 21, 31}",0.0,0.0,0.0,0.0,0.0,0.0,0.0,0.0,0.0,0.0,2.3978952727983707,0.0
2447,2,eg,1,"{1, 2, 4}","{32, 1, 33, 5, 7, 8, 10, 11, 18, 20, 29, 31}",0.0,0.0,0.0,0.0,0.0,0.0,0.4,0.0,0.27999999999999997,1.0398671837358762,3.332204510175204,0.0
2452,1,jo,1,"{1, 2}","{1, 3, 5, 7, 10, 19, 20}",0.0,0.0,0.0,0.0,0.0,0.0,0.0,0.0,0.0,0.8408703099443996,2.302585092994046,0.0
2456,3,eg,4,"{20, 21, 23}","{135, 136, 140, 141, 142, 144, 151, 152, 154}",0.0,0.0,0.0,0.0,0.0,0.0,0.4583333333333333,0.0,0.3208333333333333,1.0892890639054125,3.332204510175204,0.0
2457,3,sa,1,"{1, 2}","{1, 3, 5, 6, 7, 11, 18}",0.0,0.0,0.0,0.0,0.0,0.0,0.0,0.0,0.0,0.0,1.9459101490553132,0.0
2463,3,sa,4,"{19, 22, 23}","{128, 129, 131, 133, 134, 146, 147, 148, 149, 151, 152, 154}",0.0,0.0,0.0,0.0,0.0,0.0,0.0,0.0,0.0,1.0477074480177397,2.0794415416798357,0.0
2469,1,eg,1,"{1, 3, 5}","{1, 3, 37, 8, 9, 42, 43, 23, 25, 28}",0.0,0.0,0.0,0.0,0.0,0.0,0.0,0.0,0.0,0.0,1.6094379124341003,0.0
2472,3,ma,3,"{17, 14, 15}","{104, 106, 107, 110, 111, 113, 114, 120, 121, 122, 123}",0.0,0.0,0.0,0.0,0.0,0.0,0.0,0.0,0.0,0.0,1.6094379124341003,0.0
2487,1,sa,1,"{2, 4, 6}","{32, 33, 34, 10, 11, 14, 16, 48, 49, 53, 54, 29, 31}",0.0,0.0,0.0,0.0,0.0,0.0,0.0,0.0,0.0,0.3295836866004329,2.6390573296152584,0.0
2491,3,eg,4,"{20, 21}","{135, 136, 137, 138, 140, 141, 142, 144}",0.0,0.0,0.0,0.0,0.0,0.0,0.47058823529411764,0.0,0.32941176470588235,1.0892890639054125,3.2188758248682006,0.0
2494,3,ma,3,"{18, 15}","{110, 111, 112, 114, 124, 126, 127}",0.0,0.0,0.0,0.0,0.0,0.0,0.6666666666666666,0.0,0.4666666666666666,0.8725666739944806,2.772588722239781,0.0
2497,3,ae,1,"{4, 6}","{32, 33, 34, 48, 49, 53, 30}",0.0,0.0,0.0,0.0,0.0,0.0,0.0,0.0,0.0,0.0,2.1972245773362196,0.0
2500,2,ae,3,"{16, 18, 14}","{106, 108, 117, 119, 124, 126, 127}",0.0,0.0,0.0,0.0,0.0,0.0,0.0,0.0,0.0,0.9464877417339774,1.791759469228055,0.0
2503,1,ae,4,"{19, 20, 23}","{128, 129, 134, 135, 137, 138, 150, 151, 152, 153, 154}",0.0,0.0,0.0,0.0,0.0,0.0,0.0,0.0,0.0,0.5198603854199589,2.5649493574615367,0.0
2506,2,sa,2,"{8, 12, 13}","{96, 65, 66, 67, 68, 97, 101, 103, 89, 91, 94}",0.0,0.0,0.0,0.0,0.0,0.0,0.0,0.0,0.0,0.0,2.302585092994046,0.0
2507,3,sa,2,"{11, 12, 13}","{96, 97, 101, 103, 85, 86, 87, 89, 92}",0.0,0.0,0.0,0.0,0.0,0.0,0.0,0.0,0.0,0.0,2.833213344056216,0.0
2514,2,sa,2,"{9, 13, 7}","{64, 96, 100, 71, 72, 73, 103, 57, 59}",0.0,0.0,0.0,0.0,0.0,0.0,0.0,0.0,0.0,0.8408703099443996,1.791759469228055,0.0
2516,1,eg,1,"{1, 4, 5}","{32, 1, 33, 3, 38, 7, 42, 43, 44, 47, 29, 30, 31}",0.0,0.0,0.0,0.0,0.0,0.0,0.0,0.0,0.0,0.8408703099443996,1.3862943611198906,0.0
2519,3,jo,4,"{20, 21, 22}","{135, 136, 138, 139, 140, 141, 142, 143, 146, 148, 149}",0.0,0.0,0.0,0.0,0.0,0.0,0.5,0.0,0.35,0.8062917611526248,2.8903717578961645,0.0
2521,2,ae,1,"{4, 5, 6}","{34, 42, 44, 45, 48, 51, 53, 54, 56, 31}",0.0,0.0,0.0,0.0,0.0,0.0,0.0,0.0,0.0,0.8317766166719344,2.70805020110221,0.0
2527,3,sa,1,"{3, 4}","{32, 33, 34, 23, 24, 27, 29, 31}",0.0,0.0,0.0,0.0,0.0,0.0,0.4117647058823529,0.0,0.28823529411764703,1.0114320953687854,3.6635616461296463,0.0
2532,2,jo,2,"{11, 13}","{96, 97, 101, 103, 81, 82, 85}",0.0,0.0,0.0,0.0,0.0,0.0,0.0,0.0,0.0,0.0,2.0794415416798357,0.0
2533,3,eg,1,"{1, 6}","{1, 5, 9, 49, 51, 52, 54, 56}",0.0,0.0,0.0,0.0,0.0,0.0,0.0,0.0,0.0,0.3295836866004329,1.9459101490553132,0.0
2534,2,jo,3,"{16, 17, 15}","{111, 113, 114, 116, 117, 119, 121, 122, 123}",0.0,0.0,0.0,0.0,0.0,0.0,1.0,0.0,0.7,0.9163871374146547,2.0794415416798357,0.0
2536,2,jo,1,"{1, 2, 5}","{1, 5, 37, 9, 42, 11, 12, 44, 14, 45, 16, 20}",0.0,0.0,0.0,0.0,0.0,0.0,0.16666666666666666,0.0,0.11666666666666665,1.0708300499918284,2.772588722239781,0.0
2541,1,ae,3,"{16, 18, 14}","{104, 106, 107, 109, 116, 117, 118, 119, 124, 125, 126, 127}",0.0,0.0,0.0,0.0,0.0,0.0,0.4339622641509434,0.0,0.30377358490566037,1.0892890639054125,4.174387269895637,0.0
2546,1,ma,2,"{11, 12, 13}","{97, 102, 103, 81, 84, 85, 86, 89, 93, 94, 95}",0.0,0.0,0.0,0.0,0.0,0.0,0.4,0.0,0.27999999999999997,0.9879257482282011,2.5649493574615367,0.0
2548,3,eg,2,"{11, 12}","{81, 83, 84, 85, 86, 89, 93, 94}",0.0,0.0,0.0,0.0,0.0,0.0,0.0,0.0,0.0,0.702319684068633,1.9459101490553132,0.0
2549,3,eg,2,"{9, 11, 12}","{71, 72, 73, 81, 86, 89, 90, 93, 94, 95}",0.0,0.0,0.0,0.0,0.0,0.0,0.5,0.0,0.35,0.9930109809795533,2.772588722239781,0.0
2551,1,eg,2,"{8, 10, 12}","{65, 66, 67, 68, 69, 76, 77, 78, 79, 80, 89, 93, 95}",0.0,0.0,0.0,0.0,0.0,0.0,0.0,0.0,0.0,0.0,2.3978952727983707,0.0
2555,3,sa,2,"{8, 11}","{65, 66, 70, 83, 84, 85, 86}",0.0,0.0,0.0,0.0,0.0,0.0,0.5,0.0,0.35,0.892596382888159,2.8903717578961645,0.0
2559,1,ae,2,"{9, 11}","{71, 72, 73, 74, 75, 84, 86, 88}",0.0,0.0,0.0,0.0,0.0,0.0,0.0,0.0,0.0,0.3295836866004329,2.1972245773362196,0.0
2560,1,sa,3,"{17, 18, 15}","{111, 113, 120, 121, 122, 123, 124, 126, 127}",0.0,0.0,0.0,0.0,0.0,0.0,0.4444444444444444,0.0,0.31111111111111106,1.066604418446824,3.871201010907891,0.0
2562,3,ae,1,"{1, 2, 5}","{1, 2, 3, 36, 37, 39, 8, 9, 12, 44, 14, 20}",0.0,0.0,0.0,0.0,0.0,0.0,0.0,0.0,0.0,0.5375278407684165,2.0794415416798357,0.0
2564,1,eg,2,"{9, 11, 13}","{96, 99, 103, 72, 73, 74, 75, 81, 83, 84, 85, 86}",0.0,0.0,0.0,0.0,0.0,0.0,0.0,0.0,0.0,0.2079441541679836,1.9459101490553132,0.0
2565,2,eg,2,"{9, 13, 7}","{96, 97, 99, 71, 72, 73, 74, 75, 59, 60, 61}",0.0,0.0,0.0,0.0,0.0,0.0,0.0,0.0,0.0,0.2079441541679836,2.0794415416798357,0.0
2566,3,eg,4,"{19, 20, 22}","{128, 131, 133, 134, 135, 136, 137, 138, 146, 148, 149}",0.0,0.0,0.0,0.0,0.0,0.0,0.0,0.0,0.0,0.0,2.302585092994046,0.0
2568,2,ma,2,"{9, 10, 11}","{71, 72, 73, 76, 77, 80, 82, 84, 85}",0.0,0.0,0.0,0.0,0.0,0.0,0.16666666666666666,0.0,0.11666666666666665,0.8795446763397146,3.091042453358316,0.0
2571,2,ae,3,"{16, 17, 15}","{110, 111, 113, 116, 117, 118, 119, 121, 122, 123}",0.0,0.0,0.0,0.0,0.0,0.0,0.0,0.0,0.0,0.0,1.791759469228055,0.0
2573,2,eg,2,"{10, 13, 7}","{64, 96, 102, 103, 79, 80, 57, 59, 60}",0.0,0.0,0.0,0.0,0.0,0.0,0.0,0.0,0.0,0.0,1.0986122886681098,0.0
2574,1,sa,3,"{16, 18, 15}","{110, 111, 113, 114, 115, 116, 117, 118, 119, 125, 126, 127}",0.0,0.0,0.0,0.0,0.0,0.0,0.0,0.0,0.0,0.3295836866004329,2.1972245773362196,0.0
2586,3,eg,2,"{10, 11, 12}","{76, 79, 84, 85, 88, 89, 91, 95}",0.0,0.0,0.0,0.0,0.0,0.0,0.0,0.0,0.0,0.2079441541679836,2.5649493574615367,0.0
2591,3,sa,1,"{1, 2, 6}","{1, 2, 5, 6, 8, 11, 13, 48, 19, 51, 54, 55, 56}",0.0,0.0,0.0,0.0,0.0,0.0,0.0,0.0,0.0,0.0,1.9459101490553132,0.0
2594,3,jo,1,"{2, 4, 5}","{32, 33, 34, 38, 10, 11, 42, 13, 43, 19, 21, 31}",0.0,0.0,0.0,0.0,0.0,0.0,0.0,0.0,0.0,0.0,2.1972245773362196,0.0
2596,1,ae,1,"{1, 6}","{1, 3, 5, 6, 48, 52, 53}",0.0,0.0,0.0,0.0,0.0,0.0,0.0,0.0,0.0,1.0526259214411884,2.1972245773362196,0.0
2602,3,sa,3,"{16, 14, 15}","{106, 108, 110, 111, 112, 113, 114, 116, 117, 119}",0.0,0.0,0.0,0.0,0.0,0.0,0.45454545454545453,0.0,0.3181818181818182,1.0361632918473205,2.8903717578961645,0.0
2603,2,eg,1,"{3, 4, 5}","{33, 36, 38, 44, 47, 23, 24, 25, 27, 30, 31}",0.0,0.0,0.0,0.0,0.0,0.0,0.2,0.0,0.13999999999999999,0.9395097393887435,2.3978952727983707,0.0
2607,3,jo,1,"{2, 5, 6}","{36, 38, 43, 13, 48, 49, 50, 20, 21, 55, 56}",0.0,0.0,0.0,0.0,0.0,0.0,0.0,0.0,0.0,0.2079441541679836,1.6094379124341003,0.0
2621,2,jo,4,"{19, 21, 23}","{128, 129, 131, 134, 141, 142, 143, 145, 150, 151, 154}",0.0,0.0,0.0,0.0,0.0,0.0,0.0,0.0,0.0,0.4158883083359672,2.1972245773362196,0.0
2622,2,eg,2,"{9, 10}","{71, 72, 73, 76, 78, 79, 80}",0.0,0.0,0.0,0.0,0.0,0.0,0.0,0.0,0.0,0.0,2.833213344056216,0.0
2623,2,sa,1,"{3, 4, 5}","{32, 35, 36, 42, 45, 23, 24, 25, 27}",0.0,0.0,0.0,0.0,0.0,0.0,0.0,0.0,0.0,0.2079441541679836,2.3978952727983707,0.0
2626,3,sa,2,"{11, 13, 7}","{96, 100, 103, 85, 86, 88, 57, 59, 60, 61}",0.0,0.0,0.0,0.0,0.0,0.0,0.36363636363636365,0.0,0.2545454545454545,0.9309863890087391,2.833213344056216,0.0
2630,3,jo,1,"{2, 3, 4}","{35, 11, 13, 18, 20, 24, 25, 27, 31}",0.0,0.0,0.0,0.0,0.0,0.0,0.0,0.0,0.0,0.0,2.6390573296152584,0.0
2634,2,sa,1,"{4, 5, 6}","{33, 37, 38, 39, 44, 46, 48, 54, 55, 29}",0.0,0.0,0.0,0.0,0.0,0.0,0.0,0.0,0.0,0.9534161491043835,2.995732273553991,0.0
2635,2,eg,2,"{10, 7}","{76, 79, 80, 57, 59, 60, 61}",0.0,0.0,0.0,0.0,0.0,0.0,0.4307692307692308,0.0,0.30153846153846153,1.0892890639054125,4.276666119016055,0.0
2636,3,eg,3,"{17, 18, 14}","{104, 105, 106, 108, 109, 120, 121, 122, 123, 125, 126, 127}",0.0,0.0,0.0,0.0,0.0,0.0,0.0,0.0,0.0,0.2079441541679836,2.0794415416798357,0.0
2646,3,eg,2,"{10, 11, 7}","{64, 79, 80, 82, 84, 85, 86, 57, 59, 60, 62}",0.0,0.0,0.0,0.0,0.0,0.0,0.0,0.0,0.0,0.0,2.1972245773362196,0.0
2647,2,eg,1,"{3, 4}","{32, 33, 34, 22, 23, 25, 31}",0.0,0.0,0.0,0.0,0.0,0.0,0.3333333333333333,0.0,0.2333333333333333,0.7712495334753989,2.6390573296152584,0.0
2653,1,sa,3,"{17, 15}","{110, 111, 112, 113, 114, 120, 121, 122, 123}",0.0,0.0,0.0,0.0,0.0,0.0,0.0,0.0,0.0,0.0,2.3978952727983707,0.0
2656,2,sa,1,"{3, 6}","{48, 49, 52, 23, 24, 25, 28}",0.0,0.0,0.0,0.0,0.0,0.0,0.0,0.0,0.0,0.0,2.3978952727983707,0.0
2665,2,jo,1,"{2, 3}","{11, 13, 15, 22, 23, 24, 25}",0.0,0.0,0.0,0.0,0.0,0.0,0.0,0.0,0.0,0.0,1.3862943611198906,0.0
2667,2,ae,4,"{20, 22, 23}","{135, 140, 146, 147, 148, 149, 153, 154}",0.0,0.0,0.0,0.0,0.0,0.0,0.5,0.0,0.35,0.2079441541679836,2.3978952727983707,0.0
2670,2,ae,2,"{11, 13, 7}","{96, 97, 100, 103, 83, 84, 85, 86, 57, 59, 60, 62}",0.0,0.0,0.0,0.0,0.0,0.0,0.6,0.0,0.42,0.7454719949364002,2.4849066497880004,0.0
2674,2,eg,1,"{3, 5}","{37, 42, 44, 47, 23, 24, 28}",0.0,0.0,0.0,0.0,0.0,0.0,0.6666666666666666,0.0,0.4666666666666666,0.2079441541679836,2.302585092994046,0.0
2678,1,eg,1,"{1, 3, 6}","{1, 2, 8, 48, 53, 25, 28}",0.0,0.0,0.0,0.0,0.0,0.0,0.0,0.0,0.0,1.0117854524226542,2.833213344056216,0.0
2679,1,sa,3,"{16, 14, 15}","{104, 106, 107, 109, 110, 111, 115, 116, 117, 118, 119}",0.0,0.0,0.0,0.0,0.0,0.0,0.0,0.0,0.0,0.0,2.833213344056216,0.0
2691,1,jo,1,"{1, 4}","{32, 1, 33, 3, 4, 5, 34, 35, 31}",0.0,0.0,0.0,0.0,0.0,0.0,0.2,0.0,0.13999999999999999,0.7254422860427217,2.4849066497880004,0.0
2695,3,sa,2,"{8, 7}","{65, 66, 67, 70, 57, 58, 60}",0.0,0.0,0.0,0.0,0.0,0.0,0.625,0.0,0.4375,0.8182981673036552,2.833213344056216,0.0
2696,2,eg,2,"{8, 10, 7}","{65, 66, 67, 70, 76, 78, 57, 59, 60, 62}",0.0,0.0,0.0,0.0,0.0,0.0,0.0,0.0,0.0,0.5676284450877391,2.1972245773362196,0.0
2697,1,ma,1,"{1, 3}","{1, 3, 5, 7, 23, 25, 26}",0.0,0.0,0.0,0.0,0.0,0.0,0.0,0.0,0.0,0.0,2.3978952727983707,0.0
2700,2,eg,1,"{2, 4}","{32, 33, 10, 13, 18, 30, 31}",0.0,0.0,0.0,0.0,0.0,0.0,0.0,0.0,0.0,0.5375278407684165,2.6390573296152584,0.0
2701,2,sa,3,"{16, 17, 15}","{110, 111, 113, 114, 115, 117, 119, 120, 121, 122, 123}",0.0,0.0,0.0,0.0,0.0,0.0,0.0,0.0,0.0,0.0,2.0794415416798357,0.0
2703,2,eg,3,"{16, 17, 14}","{104, 106, 108, 109, 116, 117, 119, 120, 121, 123}",0.0,0.0,0.0,0.0,0.0,0.0,0.5526315789473685,0.0,0.38684210526315793,1.0892890639054125,3.8066624897703196,0.0
2704,2,eg,1,"{1, 2, 6}","{1, 3, 4, 8, 12, 13, 48, 53, 54, 56}",0.0,0.0,0.0,0.0,0.0,0.0,0.0,0.0,0.0,0.8408703099443996,2.1972245773362196,0.0
2706,2,sa,1,"{1, 2, 5}","{1, 2, 3, 5, 41, 42, 11, 44, 17}",0.0,0.0,0.0,0.0,0.0,0.0,1.0,0.0,0.7,0.2079441541679836,2.8903717578961645,0.0
2707,1,sa,1,"{1, 2, 5}","{3, 36, 37, 6, 10, 42, 45, 18}",0.0,0.0,0.0,0.0,0.0,0.0,0.0,0.0,0.0,0.0,1.3862943611198906,0.0
2708,2,eg,1,"{1, 4, 5}","{32, 1, 33, 35, 7, 41, 42, 44, 30, 31}",0.0,0.0,0.0,0.0,0.0,0.0,0.0,0.0,0.0,0.0,2.1972245773362196,0.0
2709,1,eg,2,"{8, 12, 7}","{89, 65, 69, 92, 94, 57, 59, 60, 62, 63}",0.0,0.0,0.0,0.0,0.0,0.0,0.0,0.0,0.0,0.0,1.6094379124341003,0.0
2715,3,sa,1,"{1, 2, 5}","{4, 36, 37, 38, 8, 40, 41, 12, 13}",0.0,0.0,0.0,0.0,0.0,0.0,0.0,0.0,0.0,0.3295836866004329,2.0794415416798357,0.0
2718,2,sa,2,"{8, 9}","{65, 66, 70, 71, 72, 73, 74, 75}",0.0,0.0,0.0,0.0,0.0,0.0,0.0,0.0,0.0,0.3295836866004329,1.791759469228055,0.0
2719,3,eg,2,"{10, 13}","{96, 97, 99, 103, 77, 79, 80}",0.0,0.0,0.0,0.0,0.0,0.0,0.0,0.0,0.0,0.0,1.3862943611198906,0.0
2725,2,sa,1,"{2, 3, 5}","{38, 42, 11, 14, 47, 17, 24, 25, 27}",0.0,0.0,0.0,0.0,0.0,0.0,0.5,0.0,0.35,0.9403644425559392,2.772588722239781,0.0
2731,1,ae,2,"{8, 12}","{66, 67, 69, 70, 93, 94, 95}",0.0,0.0,0.0,0.0,0.0,0.0,0.2727272727272727,0.0,0.1909090909090909,1.053830747195778,2.6390573296152584,0.0
2742,2,ae,3,"{16, 17, 14}","{104, 106, 108, 109, 117, 118, 120, 121, 122, 123}",0.0,0.0,0.0,0.0,0.0,0.0,0.45,0.0,0.315,1.0892890639054125,3.295836866004329,0.0
2743,3,sa,2,"{9, 11, 7}","{71, 72, 73, 81, 84, 85, 86, 57, 59, 60, 61}",0.0,0.0,0.0,0.0,0.0,0.0,0.0,0.0,0.0,0.0,1.0986122886681098,0.0
2747,1,ma,2,"{9, 10, 13}","{96, 97, 98, 103, 72, 73, 75, 76, 77, 78, 79, 80}",0.0,0.0,0.0,0.0,0.0,0.0,0.0,0.0,0.0,0.2079441541679836,2.3978952727983707,0.0
2748,1,eg,1,"{4, 6}","{32, 33, 48, 49, 54, 55, 29, 30, 31}",0.0,0.0,0.0,0.0,0.0,0.0,0.0,0.0,0.0,0.0,1.791759469228055,0.0
2754,2,eg,1,"{2, 5}","{43, 44, 46, 15, 47, 17, 20}",0.0,0.0,0.0,0.0,0.0,0.0,0.0,0.0,0.0,0.0,2.1972245773362196,0.0
2756,1,sa,4,"{21, 23}","{141, 142, 143, 145, 151, 152, 154}",0.0,0.0,0.0,0.0,0.0,0.0,0.5,0.0,0.35,0.6716005221717309,3.6375861597263857,0.0
2758,1,eg,4,"{21, 22, 23}","{141, 142, 144, 145, 146, 147, 149, 150, 151, 152, 154}",0.0,0.0,0.0,0.0,0.0,0.0,0.0,0.0,0.0,0.0,2.0794415416798357,0.0
2762,3,sa,2,"{8, 9, 11}","{65, 66, 67, 69, 72, 73, 74, 75, 81, 84, 86}",0.0,0.0,0.0,0.0,0.0,0.0,0.5,0.0,0.35,0.3295836866004329,2.6390573296152584,0.0
2763,3,sa,1,"{4, 5, 6}","{32, 33, 35, 36, 40, 42, 48, 52, 56, 31}",0.0,0.0,0.0,0.0,0.0,0.0,0.7142857142857143,0.0,0.5,0.8317766166719344,2.5649493574615367,0.0
2766,3,ae,1,"{1, 6}","{3, 5, 6, 49, 51, 54, 56}",0.0,0.0,0.0,0.0,0.0,0.0,0.8,0.0,0.5599999999999999,0.4158883083359672,3.2188758248682006,0.0
2768,1,ae,1,"{4, 6}","{33, 48, 49, 50, 55, 56, 30, 31}",0.0,0.0,0.0,0.0,0.0,0.0,0.0,0.0,0.0,0.3295836866004329,1.9459101490553132,0.0
2773,2,eg,2,"{11, 12, 13}","{96, 97, 100, 102, 103, 81, 84, 85, 86, 87, 89, 92, 94}",0.0,0.0,0.0,0.0,0.0,0.0,0.25,0.0,0.175,1.0477074480177397,2.772588722239781,0.0
2775,2,ae,3,"{17, 18, 14}","{104, 105, 109, 120, 121, 123, 124, 125, 126, 127}",0.0,0.0,0.0,0.0,0.0,0.0,0.0,0.0,0.0,0.0,2.3978952727983707,0.0
2779,2,jo,1,"{1, 3, 5}","{1, 37, 7, 8, 42, 44, 46, 22, 23, 24}",0.0,0.0,0.0,0.0,0.0,0.0,0.0,0.0,0.0,0.2079441541679836,1.6094379124341003,0.0
2785,2,eg,2,"{10, 12, 7}","{64, 91, 76, 77, 89, 59, 60, 93, 94, 95}",0.0,0.0,0.0,0.0,0.0,0.0,0.0,0.0,0.0,0.6892679775201884,1.791759469228055,0.0
2787,1,eg,2,"{8, 12}","{66, 67, 68, 89, 93, 94, 95}",0.0,0.0,0.0,0.0,0.0,0.0,0.0,0.0,0.0,0.0,2.1972245773362196,0.0
2795,3,eg,4,"{21, 23}","{141, 142, 144, 150, 151, 153, 154}",0.0,0.0,0.0,0.0,0.0,0.0,0.0,0.0,0.0,0.0,1.791759469228055,0.0
2796,3,jo,4,"{19, 21}","{128, 129, 131, 134, 141, 142, 143, 145}",0.0,0.0,0.0,0.0,0.0,0.0,0.0,0.0,0.0,0.0,1.791759469228055,0.0
2798,1,ma,1,"{3, 4}","{32, 33, 35, 24, 28, 30, 31}",0.0,0.0,0.0,0.0,0.0,0.0,0.5,0.0,0.35,0.8795446763397146,2.1972245773362196,0.0
2803,2,eg,1,"{1, 2, 6}","{1, 5, 7, 10, 11, 13, 51, 21, 54}",0.0,0.0,0.0,0.0,0.0,0.0,0.45454545454545453,0.0,0.3181818181818182,0.2079441541679836,2.9444389791664403,0.0
2806,1,sa,1,"{1, 3, 5}","{1, 5, 6, 7, 8, 37, 38, 44, 45, 23, 24, 25, 26, 27}",0.0,0.0,0.0,0.0,0.0,0.0,0.0,0.0,0.0,0.0,2.0794415416798357,0.0
2814,2,ma,3,"{16, 17, 18}","{116, 117, 118, 119, 121, 122, 123, 124, 126, 127}",0.0,0.0,0.0,0.0,0.0,0.0,0.0,0.0,0.0,0.0,2.3978952727983707,0.0
2815,1,sa,2,"{9, 12, 7}","{64, 89, 71, 72, 73, 74, 75, 57, 90, 95}",0.0,0.0,0.0,0.0,0.0,0.0,0.0,0.0,0.0,0.8494440720203918,1.9459101490553132,0.0
2819,2,eg,1,"{3, 6}","{48, 49, 50, 53, 22, 23, 54, 25}",0.0,0.0,0.0,0.0,0.0,0.0,0.0,0.0,0.0,0.0,2.4849066497880004,0.0
2821,3,sa,4,"{19, 20}","{128, 129, 130, 131, 134, 135, 136, 137, 138}",0.0,0.0,0.0,0.0,0.0,0.0,0.0,0.0,0.0,0.0,2.0794415416798357,0.0
2822,2,eg,4,"{19, 22, 23}","{128, 130, 131, 146, 147, 149, 151, 153}",0.0,0.0,0.0,0.0,0.0,0.0,0.0,0.0,0.0,0.0,2.3978952727983707,0.0
2828,1,eg,1,"{1, 4, 5}","{32, 33, 34, 3, 4, 5, 36, 38, 8, 44, 45, 29, 31}",0.0,0.0,0.0,0.0,0.0,0.0,0.0,0.0,0.0,0.0,2.302585092994046,0.0
2829,3,sa,2,"{8, 10, 13}","{96, 65, 97, 67, 98, 69, 99, 103, 76, 77, 78, 80}",0.0,0.0,0.0,0.0,0.0,0.0,0.0,0.0,0.0,0.0,1.6094379124341003,0.0
2830,2,eg,1,"{1, 6}","{2, 3, 4, 8, 48, 51, 53}",0.0,0.0,0.0,0.0,0.0,0.0,1.0,0.0,0.7,0.8725666739944806,2.4849066497880004,0.0
2831,1,sa,2,"{9, 10, 12}","{72, 73, 74, 76, 78, 79, 80, 89, 92, 94, 95}",0.0,0.0,0.0,0.0,0.0,0.0,0.25,0.0,0.175,0.702319684068633,3.784189633918261,0.0
2833,2,eg,1,"{2, 3, 5}","{36, 38, 39, 42, 43, 13, 14, 18, 22, 23, 24, 25, 27}",0.0,0.0,0.0,0.0,0.0,0.0,0.5,0.0,0.35,0.4158883083359672,1.791759469228055,0.0
2834,3,ma,3,"{16, 18, 15}","{110, 111, 114, 115, 116, 117, 118, 119, 124, 125, 126, 127}",0.0,0.0,0.0,0.0,0.0,0.0,0.0,0.0,0.0,0.0,2.1972245773362196,0.0
2841,3,sa,2,"{8, 13}","{96, 65, 66, 97, 70, 102, 103}",0.0,0.0,0.0,0.0,0.0,0.0,0.0,0.0,0.0,0.0,2.1972245773362196,0.0
2845,3,sa,1,"{2, 5, 6}","{40, 42, 11, 14, 15, 49, 53, 56}",0.0,0.0,0.0,0.0,0.0,0.0,1.0,0.0,0.7,1.037358517294697,2.4849066497880004,0.0
2854,2,sa,4,"{19, 20, 23}","{130, 131, 135, 136, 138, 139, 150, 151, 154}",0.0,0.0,0.0,0.0,0.0,0.0,0.0,0.0,0.0,0.0,2.8903717578961645,0.0
2861,1,ae,3,"{16, 17, 14}","{106, 108, 116, 117, 118, 119, 120, 121, 122, 123}",0.0,0.0,0.0,0.0,0.0,0.0,0.0,0.0,0.0,0.5926865577872141,1.6094379124341003,0.0
2863,1,ae,4,"{21, 22, 23}","{142, 144, 146, 147, 148, 149, 151, 152, 153, 154}",0.0,0.0,0.0,0.0,0.0,0.0,0.6666666666666666,0.0,0.4666666666666666,0.8795446763397146,2.70805020110221,0.0
2864,2,eg,1,"{2, 3, 4}","{32, 13, 14, 17, 18, 20, 23, 25, 28, 30}",0.0,0.0,0.0,0.0,0.0,0.0,0.0,0.0,0.0,0.3295836866004329,1.9459101490553132,0.0
2867,2,sa,2,"{10, 11, 13}","{96, 97, 101, 102, 103, 76, 77, 80, 81, 82, 84, 85, 86}",0.0,0.0,0.0,0.0,0.0,0.0,0.5714285714285714,0.0,0.39999999999999997,0.8239592165010823,2.772588722239781,0.0
2873,2,eg,2,"{9, 10, 13}","{96, 97, 98, 103, 72, 74, 76, 77, 80}",0.0,0.0,0.0,0.0,0.0,0.0,0.0,0.0,0.0,0.2079441541679836,2.9444389791664403,0.0
2874,2,ma,1,"{1, 2}","{3, 5, 8, 9, 11, 16, 20}",0.0,0.0,0.0,0.0,0.0,0.0,0.0,0.0,0.0,0.5375278407684165,0.6931471805599453,0.0
2882,3,eg,4,"{19, 22}","{128, 131, 133, 134, 146, 147, 149}",0.0,0.0,0.0,0.0,0.0,0.0,0.0,0.0,0.0,0.0,2.4849066497880004,0.0
2883,2,eg,2,"{8, 10, 12}","{65, 69, 76, 77, 80, 89, 90, 91, 94, 95}",0.0,0.0,0.0,0.0,0.0,0.0,1.0,0.0,0.7,0.6892679775201884,1.9459101490553132,0.0
2884,2,ae,3,"{18, 14, 15}","{104, 107, 110, 111, 112, 114, 124, 125, 126, 127}",0.0,0.0,0.0,0.0,0.0,0.0,0.6666666666666666,0.0,0.4666666666666666,0.4158883083359672,2.5649493574615367,0.0
2887,2,jo,1,"{2, 4, 5}","{32, 33, 35, 36, 37, 10, 44, 45, 14, 46, 16, 31}",0.0,0.0,0.0,0.0,0.0,0.0,0.0,0.0,0.0,0.0,1.6094379124341003,0.0
2890,3,ma,3,"{16, 18}","{116, 118, 119, 124, 125, 126, 127}",0.0,0.0,0.0,0.0,0.0,0.0,0.5,0.0,0.35,0.9046027890391894,2.70805020110221,0.0
2902,3,sa,1,"{1, 4, 5}","{32, 33, 34, 36, 5, 37, 9, 43, 30, 31}",0.0,0.0,0.0,0.0,0.0,0.0,0.45454545454545453,0.0,0.3181818181818182,1.0892890639054125,2.8903717578961645,0.0
2903,1,sa,1,"{1, 2, 6}","{4, 5, 7, 48, 19, 20, 53}",0.0,0.0,0.0,0.0,0.0,0.0,0.0,0.0,0.0,0.0,1.6094379124341003,0.0
2912,2,eg,1,"{1, 2, 3}","{1, 5, 7, 8, 10, 13, 16, 20, 22, 23, 24, 25}",0.0,0.0,0.0,0.0,0.0,0.0,0.0,0.0,0.0,0.0,2.0794415416798357,0.0
2921,2,sa,1,"{4, 5}","{32, 35, 37, 38, 44, 45, 31}",0.0,0.0,0.0,0.0,0.0,0.0,0.0,0.0,0.0,0.892596382888159,1.3862943611198906,0.0
2923,2,eg,3,"{17, 18, 15}","{110, 111, 112, 113, 114, 120, 121, 122, 123, 124, 125, 126, 127}",0.0,0.0,0.0,0.0,0.0,0.0,0.0,0.0,0.0,0.8652481493690658,2.833213344056216,0.0
2929,2,sa,1,"{1, 4, 6}","{32, 1, 33, 3, 34, 7, 54, 55, 31}",0.0,0.0,0.0,0.0,0.0,0.0,0.0,0.0,0.0,0.3295836866004329,1.6094379124341003,0.0
2940,2,sa,1,"{1, 2, 4}","{32, 1, 2, 3, 35, 8, 9, 10, 13, 19, 31}",0.0,0.0,0.0,0.0,0.0,0.0,0.0,0.0,0.0,0.0,2.0794415416798357,0.0
2942,3,jo,3,"{16, 14, 15}","{104, 107, 110, 111, 112, 114, 116, 117, 118, 119}",0.0,0.0,0.0,0.0,0.0,0.0,0.8,0.0,0.5599999999999999,1.032365620649677,2.772588722239781,0.0
2944,1,jo,2,"{10, 11}","{76, 77, 83, 84, 85, 86, 87}",0.0,0.0,0.0,0.0,0.0,0.0,1.0,0.0,0.7,0.2079441541679836,2.302585092994046,0.0
2946,2,ma,4,"{19, 22, 23}","{128, 131, 132, 146, 147, 149, 150, 151, 154}",0.0,0.0,0.0,0.0,0.0,0.0,0.5,0.0,0.35,0.6038027536102724,3.4657359027997265,0.0
2948,1,sa,3,"{17, 14, 15}","{104, 105, 106, 108, 109, 110, 114, 115, 121, 122}",0.0,0.0,0.0,0.0,0.0,0.0,0.0,0.0,0.0,0.0,2.0794415416798357,0.0
2949,3,eg,2,"{9, 13, 7}","{96, 97, 100, 101, 71, 72, 73, 74, 103, 57, 59, 60, 62}",0.0,0.0,0.0,0.0,0.0,0.0,1.0,0.0,0.7,0.4493598410330986,2.1972245773362196,0.0
2957,2,ae,2,"{10, 11, 12}","{76, 77, 78, 80, 81, 84, 85, 86, 89, 91, 93, 94, 95}",0.0,0.0,0.0,0.0,0.0,0.0,0.0,0.0,0.0,0.0,1.6094379124341003,0.0
2960,2,eg,3,"{18, 14, 15}","{104, 105, 106, 109, 110, 111, 112, 114, 124, 126, 127}",0.0,0.0,0.0,0.0,0.0,0.0,0.3076923076923077,0.0,0.2153846153846154,0.9654225552554141,2.9444389791664403,0.0
2968,2,eg,1,"{3, 6}","{49, 50, 22, 23, 24, 25, 27}",0.0,0.0,0.0,0.0,0.0,0.0,0.0,0.0,0.0,0.0,2.302585092994046,0.0
2976,2,sa,1,"{3, 4}","{32, 33, 34, 22, 23, 24, 25, 26, 29, 31}",0.0,0.0,0.0,0.0,0.0,0.0,0.0,0.0,0.0,0.3295836866004329,2.6390573296152584,0.0
2980,1,ae,1,"{1, 3, 4}","{32, 2, 3, 34, 5, 23, 24, 27, 31}",0.0,0.0,0.0,0.0,0.0,0.0,0.0,0.0,0.0,0.0,2.1972245773362196,0.0
2983,3,eg,2,"{9, 11}","{72, 73, 75, 83, 84, 86, 88}",0.0,0.0,0.0,0.0,0.0,0.0,0.0,0.0,0.0,0.6038027536102724,2.1972245773362196,0.0
2998,3,jo,3,"{17, 18, 14}","{104, 105, 106, 109, 120, 121, 122, 123, 124, 125, 126, 127}",0.0,0.0,0.0,0.0,0.0,0.0,0.0,0.0,0.0,0.0,1.9459101490553132,0.0
3004,2,eg,1,"{1, 5}","{1, 3, 4, 5, 36, 38, 45}",0.0,0.0,0.0,0.0,0.0,0.0,0.0,0.0,0.0,0.0,2.70805020110221,0.0
3005,3,ae,1,"{1, 5, 6}","{1, 5, 38, 7, 8, 40, 44, 48, 53, 54, 56}",0.0,0.0,0.0,0.0,0.0,0.0,0.0,0.0,0.0,0.2079441541679836,1.9459101490553132,0.0
3008,1,sa,2,"{9, 11, 13}","{100, 103, 72, 73, 74, 82, 84, 85, 86, 87}",0.0,0.0,0.0,0.0,0.0,0.0,0.4146341463414634,0.0,0.29024390243902437,0.9386501381823957,3.8501476017100584,0.0
3015,2,eg,4,"{21, 22, 23}","{141, 142, 143, 144, 145, 146, 148, 149, 151, 152, 153, 154}",0.0,0.0,0.0,0.0,0.0,0.0,0.0,0.0,0.0,0.0,2.0794415416798357,0.0
3017,1,sa,3,"{14, 15}","{104, 106, 107, 109, 110, 113, 114}",0.0,0.0,0.0,0.0,0.0,0.0,0.0,0.0,0.0,0.2079441541679836,1.3862943611198906,0.0
3019,2,eg,4,"{20, 22, 23}","{135, 139, 146, 148, 149, 150, 151, 152, 154}",0.0,0.0,0.0,0.0,0.0,0.0,0.36363636363636365,0.0,0.2545454545454545,0.993410448592476,3.258096538021482,0.0
3028,1,jo,1,"{1, 5, 6}","{2, 3, 36, 5, 38, 8, 9, 40, 42, 48, 53, 56}",0.0,0.0,0.0,0.0,0.0,0.0,0.0,0.0,0.0,0.8786899731725188,2.6390573296152584,0.0
3030,3,eg,3,"{18, 14}","{104, 105, 107, 124, 125, 126, 127}",0.0,0.0,0.0,0.0,0.0,0.0,0.3,0.0,0.21,0.9209826828339382,2.6390573296152584,0.0
3031,2,sa,3,"{17, 14, 15}","{104, 106, 108, 109, 110, 112, 122, 123}",0.0,0.0,0.0,0.0,0.0,0.0,0.5,0.0,0.35,0.7143260902196634,3.5263605246161616,0.0
3034,3,eg,3,"{16, 17, 14}","{104, 106, 107, 116, 117, 118, 119, 121, 122, 123}",0.0,0.0,0.0,0.0,0.0,0.0,0.0,0.0,0.0,0.3295836866004329,2.3978952727983707,0.0
3038,2,sa,1,"{5, 6}","{37, 42, 44, 47, 48, 49, 51}",0.0,0.0,0.0,0.0,0.0,0.0,0.6666666666666666,0.0,0.4666666666666666,0.8575541552109331,2.70805020110221,0.0
3039,2,eg,2,"{9, 12, 13}","{96, 97, 101, 103, 72, 73, 75, 89, 91, 93, 94, 95}",0.0,0.0,0.0,0.0,0.0,0.0,0.0,0.0,0.0,0.0,2.3978952727983707,0.0
3048,3,sa,3,"{17, 14, 15}","{104, 105, 106, 107, 109, 110, 111, 113, 120, 123}",0.0,0.0,0.0,0.0,0.0,0.0,0.0,0.0,0.0,0.5676284450877391,3.044522437723423,0.0
3054,2,sa,1,"{3, 4, 6}","{32, 33, 56, 48, 52, 55, 54, 23, 24, 25, 26, 28, 29, 31}",0.0,0.0,0.0,0.0,0.0,0.0,0.0,0.0,0.0,0.0,2.1972245773362196,0.0
3059,3,sa,1,"{5, 6}","{36, 38, 43, 44, 46, 48, 54, 55}",0.0,0.0,0.0,0.0,0.0,0.0,0.0,0.0,0.0,0.0,2.0794415416798357,0.0
3065,2,ae,1,"{2, 4, 5}","{32, 33, 35, 38, 10, 42, 43, 13, 20, 21, 31}",0.0,0.0,0.0,0.0,0.0,0.0,0.0,0.0,0.0,0.2079441541679836,1.0986122886681098,0.0
3066,3,sa,2,"{9, 13, 7}","{96, 97, 101, 103, 72, 73, 74, 60, 63}",0.0,0.0,0.0,0.0,0.0,0.0,0.0,0.0,0.0,0.0,2.0794415416798357,0.0
3067,2,jo,3,"{17, 14}","{105, 106, 109, 120, 121, 122, 123}",0.0,0.0,0.0,0.0,0.0,0.0,0.0,0.0,0.0,0.8494440720203918,2.4849066497880004,0.0
3070,2,eg,3,"{16, 17, 15}","{111, 112, 117, 118, 120, 121, 122, 123}",0.0,0.0,0.0,0.0,0.0,0.0,0.3333333333333333,0.0,0.2333333333333333,0.812415060330663,2.6390573296152584,0.0
3072,1,ae,1,"{2, 5, 6}","{37, 40, 42, 11, 44, 13, 45, 48, 17, 20, 21, 53, 54, 55, 56}",0.0,0.0,0.0,0.0,0.0,0.0,0.0,0.0,0.0,0.6591673732008658,2.1972245773362196,0.0
3073,3,ae,2,"{11, 12, 13}","{96, 97, 98, 103, 83, 85, 89, 93, 94, 95}",0.0,0.0,0.0,0.0,0.0,0.0,0.0,0.0,0.0,0.0,2.70805020110221,0.0
3085,2,ma,1,"{3, 4, 5}","{32, 33, 34, 36, 42, 47, 24, 27}",0.0,0.0,0.0,0.0,0.0,0.0,0.0,0.0,0.0,0.0,1.791759469228055,0.0
3088,2,jo,3,"{16, 18, 15}","{110, 113, 114, 116, 117, 118, 119, 124, 125, 126, 127}",0.0,0.0,0.0,0.0,0.0,0.0,0.3333333333333333,0.0,0.2333333333333333,0.9309863890087391,2.3978952727983707,0.0
3093,3,ma,1,"{2, 3, 4}","{32, 33, 35, 10, 18, 20, 23, 24, 25, 28, 30, 31}",0.0,0.0,0.0,0.0,0.0,0.0,1.0,0.0,0.7,0.8575541552109331,2.302585092994046,0.0
3097,3,sa,3,"{16, 14, 15}","{106, 107, 109, 110, 111, 114, 115, 116, 117, 118, 119}",0.0,0.0,0.0,0.0,0.0,0.0,0.0,0.0,0.0,0.6749714505495398,2.772588722239781,0.0
3102,2,sa,4,"{19, 22, 23}","{128, 130, 134, 146, 147, 149, 151, 152, 153, 154}",0.0,0.0,0.0,0.0,0.0,0.0,0.45,0.0,0.315,0.897212131688172,3.258096538021482,0.0
3110,3,eg,2,"{8, 12}","{65, 66, 67, 68, 69, 89, 92, 93, 94, 95}",0.0,0.0,0.0,0.0,0.0,0.0,0.5,0.0,0.35,0.5533319181170905,2.4849066497880004,0.0
3111,3,eg,3,"{16, 14, 15}","{104, 105, 106, 109, 111, 113, 114, 116, 117, 119}",0.0,0.0,0.0,0.0,0.0,0.0,0.0,0.0,0.0,0.3295836866004329,1.9459101490553132,0.0
3113,3,eg,1,"{1, 2}","{1, 5, 6, 8, 10, 11, 12, 19, 20}",0.0,0.0,0.0,0.0,0.0,0.0,0.25,0.0,0.175,0.9403644425559392,2.70805020110221,0.0
3115,3,ma,2,"{9, 7}","{64, 72, 74, 57, 59, 60, 61}",0.0,0.0,0.0,0.0,0.0,0.0,0.0,0.0,0.0,0.0,1.791759469228055,0.0
3116,3,eg,1,"{1, 5, 6}","{4, 37, 5, 44, 45, 50, 54}",0.0,0.0,0.0,0.0,0.0,0.0,0.0,0.0,0.0,0.0,1.791759469228055,0.0
3122,3,sa,4,"{19, 21}","{128, 130, 131, 134, 142, 143, 145}",0.0,0.0,0.0,0.0,0.0,0.0,0.0,0.0,0.0,0.0,2.302585092994046,0.0
3123,2,sa,1,"{3, 6}","{48, 49, 51, 22, 23, 56, 25}",0.0,0.0,0.0,0.0,0.0,0.0,0.375,0.0,0.26249999999999996,0.9879257482282011,3.091042453358316,0.0
3124,2,sa,1,"{1, 3, 5}","{2, 36, 5, 37, 38, 8, 43, 46, 23, 24, 25, 27}",0.0,0.0,0.0,0.0,0.0,0.0,0.0,0.0,0.0,0.0,1.9459101490553132,0.0
3132,1,sa,1,"{2, 4}","{32, 33, 10, 12, 14, 20, 29, 30, 31}",0.0,0.0,0.0,0.0,0.0,0.0,0.625,0.0,0.4375,1.0892890639054125,2.995732273553991,0.0
3142,3,ae,1,"{5, 6}","{36, 37, 43, 44, 49, 50, 54}",0.0,0.0,0.0,0.0,0.0,0.0,0.0,0.0,0.0,0.0,1.6094379124341003,0.0
3143,1,sa,4,"{20, 21, 22}","{135, 136, 138, 140, 141, 142, 143, 144, 145, 146, 148, 149}",0.0,0.0,0.0,0.0,0.0,0.0,1.0,0.0,0.7,0.7254422860427217,1.9459101490553132,0.0
3144,1,jo,2,"{10, 12, 13}","{96, 97, 99, 101, 103, 76, 77, 80, 93, 94, 95}",0.0,0.0,0.0,0.0,0.0,0.0,0.0,0.0,0.0,0.0,2.0794415416798357,0.0
3145,2,sa,4,"{20, 21, 23}","{136, 139, 141, 142, 143, 144, 150, 151, 154}",0.0,0.0,0.0,0.0,0.0,0.0,0.6666666666666666,0.0,0.4666666666666666,0.9260679155852904,2.302585092994046,0.0
3150,2,eg,3,"{14, 15}","{104, 105, 106, 107, 108, 113, 114}",0.0,0.0,0.0,0.0,0.0,0.0,1.0,0.0,0.7,0.7143260902196634,2.70805020110221,0.0
3151,3,ae,1,"{2, 5}","{42, 11, 12, 13, 14, 45, 19}",0.0,0.0,0.0,0.0,0.0,0.0,0.0,0.0,0.0,0.0,2.0794415416798357,0.0
3152,2,sa,1,"{2, 4}","{10, 13, 14, 18, 19, 29, 31}",0.0,0.0,0.0,0.0,0.0,0.0,0.36363636363636365,0.0,0.2545454545454545,1.0477074480177397,2.9444389791664403,0.0
3153,3,jo,1,"{1, 3, 5}","{3, 4, 37, 38, 46, 23, 24, 25, 26, 27}",0.0,0.0,0.0,0.0,0.0,0.0,0.6666666666666666,0.0,0.4666666666666666,0.8575541552109331,2.6390573296152584,0.0
3157,3,eg,2,"{11, 12, 7}","{89, 91, 82, 83, 84, 85, 86, 57, 59, 60, 94, 63}",0.0,0.0,0.0,0.0,0.0,0.0,0.3,0.0,0.21,1.053830747195778,3.258096538021482,0.0
3163,2,eg,2,"{8, 12, 13}","{65, 66, 67, 97, 99, 70, 89, 90, 91, 94, 95}",0.0,0.0,0.0,0.0,0.0,0.0,0.0,0.0,0.0,0.0,2.4849066497880004,0.0
3168,3,eg,1,"{4, 5, 6}","{32, 33, 34, 36, 37, 41, 52, 54, 30, 31}",0.0,0.0,0.0,0.0,0.0,0.0,0.0,0.0,0.0,0.0,1.9459101490553132,0.0
3169,3,ae,2,"{8, 10, 12}","{65, 66, 67, 69, 70, 77, 80, 89, 91, 94, 95}",0.0,0.0,0.0,0.0,0.0,0.0,0.0,0.0,0.0,0.0,1.9459101490553132,0.0
3172,1,sa,1,"{2, 4, 5}","{33, 36, 37, 38, 41, 12, 13, 29, 31}",0.0,0.0,0.0,0.0,0.0,0.0,0.0,0.0,0.0,0.7254422860427217,2.302585092994046,0.0
3173,3,sa,1,"{3, 5}","{37, 44, 46, 23, 24, 25, 26}",0.0,0.0,0.0,0.0,0.0,0.0,0.0,0.0,0.0,0.0,2.0794415416798357,0.0
3176,3,eg,3,"{18, 14, 15}","{105, 109, 110, 111, 113, 114, 124, 127}",0.0,0.0,0.0,0.0,0.0,0.0,1.0,0.0,0.7,0.9046027890391894,1.6094379124341003,0.0
3179,2,jo,1,"{3, 4, 6}","{32, 33, 55, 54, 23, 24, 25, 28, 29, 30, 31}",0.0,0.0,0.0,0.0,0.0,0.0,0.0,0.0,0.0,0.0,2.1972245773362196,0.0
3180,1,sa,2,"{8, 10, 12}","{65, 66, 67, 70, 76, 79, 80, 89, 91, 95}",0.0,0.0,0.0,0.0,0.0,0.0,0.5333333333333333,0.0,0.3733333333333333,1.0892890639054125,2.995732273553991,0.0
3182,2,ae,3,"{16, 18}","{116, 117, 118, 119, 124, 126, 127}",0.0,0.0,0.0,0.0,0.0,0.0,0.4444444444444444,0.0,0.31111111111111106,1.07916552766505,2.6390573296152584,0.0
3185,2,ma,4,"{21, 22, 23}","{141, 142, 144, 145, 146, 147, 148, 149, 150, 151, 152, 153, 154}",0.0,0.0,0.0,0.0,0.0,0.0,0.0,0.0,0.0,0.8795446763397146,2.5649493574615367,0.0
3187,1,eg,1,"{1, 5, 6}","{1, 37, 5, 6, 8, 38, 40, 43, 44, 49, 50, 54}",0.0,0.0,0.0,0.0,0.0,0.0,0.0,0.0,0.0,0.0,2.3978952727983707,0.0
3188,2,jo,2,"{12, 7}","{90, 92, 89, 58, 60, 94, 57}",0.0,0.0,0.0,0.0,0.0,0.0,0.4117647058823529,0.0,0.28823529411764703,0.8712213734970665,3.091042453358316,0.0
3189,2,ae,2,"{8, 9}","{65, 67, 68, 70, 72, 73, 74}",0.0,0.0,0.0,0.0,0.0,0.0,0.0,0.0,0.0,1.0398671837358762,1.9459101490553132,0.0
3191,2,eg,4,"{19, 22, 23}","{128, 131, 132, 134, 146, 147, 148, 149, 151, 152, 153, 154}",0.0,0.0,0.0,0.0,0.0,0.0,0.0,0.0,0.0,0.0,1.9459101490553132,0.0
3192,1,eg,1,"{1, 3, 4}","{32, 1, 35, 4, 5, 8, 23, 24, 25, 28}",0.0,0.0,0.0,0.0,0.0,0.0,0.0,0.0,0.0,0.6892679775201884,2.302585092994046,0.0
3195,2,eg,4,"{21, 22}","{141, 142, 144, 146, 147, 148, 149}",0.0,0.0,0.0,0.0,0.0,0.0,0.0,0.0,0.0,0.0,1.9459101490553132,0.0
3198,2,ma,3,"{18, 14, 15}","{104, 106, 107, 109, 111, 115, 124, 126, 127}",0.0,0.0,0.0,0.0,0.0,0.0,0.0,0.0,0.0,0.2079441541679836,3.1354942159291497,0.0
3201,3,sa,2,"{13, 7}","{96, 97, 99, 103, 57, 58, 59, 60}",0.0,0.0,0.0,0.0,0.0,0.0,0.0,0.0,0.0,0.9879257482282011,2.3978952727983707,0.0
3202,2,jo,1,"{3, 4, 6}","{32, 33, 35, 53, 54, 23, 24, 56, 28, 31}",0.0,0.0,0.0,0.0,0.0,0.0,0.0,0.0,0.0,0.49983067652628055,2.70805020110221,0.0
3204,3,sa,2,"{9, 12, 7}","{64, 89, 71, 72, 73, 91, 57, 59, 60, 94, 95}",0.0,0.0,0.0,0.0,0.0,0.0,0.0,0.0,0.0,0.0,2.3978952727983707,0.0
3211,3,eg,1,"{1, 4, 6}","{32, 33, 2, 34, 5, 48, 49, 51, 54}",0.0,0.0,0.0,0.0,0.0,0.0,0.0,0.0,0.0,0.0,0.6931471805599453,0.0
3221,2,sa,1,"{2, 3, 4}","{32, 33, 10, 14, 18, 23, 24, 25, 27, 30, 31}",0.0,0.0,0.0,0.0,0.0,0.0,0.0,0.0,0.0,0.2079441541679836,1.6094379124341003,0.0
3222,2,eg,1,"{2, 3, 4}","{32, 10, 12, 14, 19, 20, 23, 27, 29, 31}",0.0,0.0,0.0,0.0,0.0,0.0,0.0,0.0,0.0,0.5926865577872141,2.8903717578961645,0.0
3224,2,ae,4,"{19, 20, 23}","{128, 129, 130, 131, 134, 135, 136, 137, 138, 140, 150, 151, 153, 154}",0.0,0.0,0.0,0.0,0.0,0.0,0.0,0.0,0.0,0.0,2.0794415416798357,0.0
3229,2,eg,1,"{3, 6}","{49, 51, 54, 23, 24, 25, 26}",0.0,0.0,0.0,0.0,0.0,0.0,0.3333333333333333,0.0,0.2333333333333333,0.3295836866004329,3.258096538021482,0.0
3230,1,eg,2,"{8, 10, 7}","{65, 66, 67, 68, 76, 77, 78, 79, 80, 57, 59, 60, 61}",0.0,0.0,0.0,0.0,0.0,0.0,0.0,0.0,0.0,0.0,2.70805020110221,0.0
3232,3,sa,2,"{9, 7}","{71, 72, 73, 75, 59, 62, 63}",0.0,0.0,0.0,0.0,0.0,0.0,0.8,0.0,0.5599999999999999,1.0117854524226542,2.5649493574615367,0.0
3243,2,jo,1,"{3, 4, 6}","{32, 33, 34, 48, 55, 23, 24, 25, 26}",0.0,0.0,0.0,0.0,0.0,0.0,0.0,0.0,0.0,0.8795446763397146,2.0794415416798357,0.0
3244,1,jo,1,"{1, 2, 4}","{32, 33, 34, 5, 7, 8, 10, 14, 19, 20}",0.0,0.0,0.0,0.0,0.0,0.0,0.0,0.0,0.0,0.9046027890391894,2.833213344056216,0.0
3246,3,eg,3,"{16, 14, 15}","{106, 108, 109, 114, 115, 116, 117, 119}",0.0,0.0,0.0,0.0,0.0,0.0,0.0,0.0,0.0,0.0,1.0986122886681098,0.0
3247,2,eg,1,"{1, 3, 6}","{56, 5, 7, 8, 48, 52, 54, 23, 24, 25, 26, 28}",0.0,0.0,0.0,0.0,0.0,0.0,0.0,0.0,0.0,0.7254422860427217,1.791759469228055,0.0
3249,1,jo,3,"{16, 18, 15}","{110, 111, 112, 113, 114, 116, 117, 118, 119, 125, 126, 127}",0.0,0.0,0.0,0.0,0.0,0.0,0.0,0.0,0.0,1.0398671837358762,2.4849066497880004,0.0
3255,3,eg,2,"{10, 12, 13}","{96, 97, 98, 99, 103, 76, 77, 78, 79, 80, 89, 90, 94, 95}",0.0,0.0,0.0,0.0,0.0,0.0,1.0,0.0,0.7,0.9102638382366166,2.0794415416798357,0.0
3256,3,ae,2,"{11, 13, 7}","{96, 97, 101, 81, 84, 85, 86, 87, 57, 60, 61}",0.0,0.0,0.0,0.0,0.0,0.0,0.0,0.0,0.0,0.997929454403002,1.6094379124341003,0.0
3259,2,sa,1,"{2, 5, 6}","{36, 39, 10, 11, 42, 14, 49, 19, 51, 52, 54, 56}",0.0,0.0,0.0,0.0,0.0,0.0,0.0,0.0,0.0,0.9531555061196024,2.4849066497880004,0.0
3261,2,sa,4,"{19, 20, 21}","{128, 131, 133, 134, 135, 136, 138, 139, 140, 142, 143}",0.0,0.0,0.0,0.0,0.0,0.0,0.0,0.0,0.0,0.2079441541679836,2.302585092994046,0.0
3266,3,eg,1,"{1, 4}","{32, 1, 3, 4, 35, 8, 31}",0.0,0.0,0.0,0.0,0.0,0.0,0.0,0.0,0.0,1.0117854524226542,1.791759469228055,0.0
3280,1,ae,1,"{2, 6}","{14, 48, 49, 20, 21, 55, 56}",0.0,0.0,0.0,0.0,0.0,0.0,0.0,0.0,0.0,0.0,1.6094379124341003,0.0
3283,2,jo,3,"{16, 14}","{104, 105, 106, 107, 109, 117, 118}",0.0,0.0,0.0,0.0,0.0,0.0,0.0,0.0,0.0,0.8062917611526248,2.302585092994046,0.0
3286,2,eg,4,"{20, 22, 23}","{138, 139, 146, 147, 148, 149, 150, 151, 154}",0.0,0.0,0.0,0.0,0.0,0.0,0.0,0.0,0.0,0.3295836866004329,2.0794415416798357,0.0
3287,1,ma,3,"{16, 14, 15}","{106, 108, 110, 111, 113, 114, 116, 119}",0.0,0.0,0.0,0.0,0.0,0.0,0.0,0.0,0.0,0.0,1.791759469228055,0.0
3292,2,eg,3,"{17, 18, 15}","{110, 111, 112, 120, 121, 122, 123, 124, 126}",0.0,0.0,0.0,0.0,0.0,0.0,1.0,0.0,0.7,0.8220958385012986,2.1972245773362196,0.0
3293,3,sa,4,"{19, 21, 23}","{128, 131, 132, 141, 142, 143, 145, 150, 151, 152, 154}",0.0,0.0,0.0,0.0,0.0,0.0,0.0,0.0,0.0,0.2079441541679836,1.9459101490553132,0.0
3301,1,sa,2,"{8, 11, 13}","{96, 65, 66, 97, 99, 69, 103, 82, 84, 85, 86}",0.0,0.0,0.0,0.0,0.0,0.0,0.0,0.0,0.0,0.8006307119551976,2.1972245773362196,0.0
3303,1,ae,1,"{2, 4, 6}","{32, 33, 34, 15, 48, 49, 20, 53, 54, 31}",0.0,0.0,0.0,0.0,0.0,0.0,0.0,0.0,0.0,0.0,4.418840607796598,0.0
3311,1,ma,1,"{1, 3, 4}","{32, 33, 5, 8, 9, 23, 24, 27, 30, 31}",0.0,0.0,0.0,0.0,0.0,0.0,0.0,0.0,0.0,0.0,1.9459101490553132,0.0
3316,2,eg,1,"{1, 2, 5}","{3, 36, 37, 7, 39, 42, 11, 13, 14, 17}",0.0,0.0,0.0,0.0,0.0,0.0,0.0,0.0,0.0,0.0,2.995732273553991,0.0
3317,1,ma,2,"{8, 7}","{65, 66, 67, 70, 57, 59, 60, 61, 62}",0.0,0.0,0.0,0.0,0.0,0.0,0.0,0.0,0.0,0.2079441541679836,2.302585092994046,0.0
3319,1,eg,3,"{16, 18, 14}","{104, 106, 108, 109, 117, 119, 125, 126}",0.0,0.0,0.0,0.0,0.0,0.0,0.0,0.0,0.0,0.2079441541679836,2.1972245773362196,0.0
3320,3,eg,2,"{11, 12, 7}","{89, 83, 84, 85, 86, 94, 57, 91, 60, 62, 95}",0.0,0.0,0.0,0.0,0.0,0.0,0.5,0.16666666666666666,0.3,1.0203592144986464,2.6390573296152584,0.0
3322,2,eg,1,"{2, 3, 5}","{36, 37, 38, 40, 10, 11, 19, 23, 24, 25, 26}",0.0,0.0,0.0,0.0,0.0,0.0,0.0,0.0,0.0,0.0,2.1972245773362196,0.0
3333,2,ma,3,"{17, 14}","{104, 106, 108, 120, 121, 122, 123}",0.0,0.0,0.0,0.0,0.0,0.0,0.0,0.0,0.0,0.0,1.791759469228055,0.0
3337,1,eg,1,"{3, 4, 5}","{32, 33, 34, 36, 42, 44, 45, 23, 24, 27, 31}",0.0,0.0,0.0,0.0,0.0,0.0,0.0,0.0,0.0,0.0,1.791759469228055,0.0
3339,1,eg,2,"{8, 9, 7}","{65, 66, 69, 71, 72, 73, 75, 58, 59, 60}",0.0,0.0,0.0,0.0,0.0,0.0,0.5416666666666666,0.0,0.3791666666666666,0.9765387510784724,3.4339872044851463,0.0
3342,2,ma,1,"{4, 5}","{32, 33, 36, 37, 38, 46, 30, 31}",0.0,0.0,0.0,0.0,0.0,0.0,0.0,0.0,0.0,0.0,2.1972245773362196,0.0
3343,3,eg,3,"{16, 14}","{104, 107, 109, 116, 117, 118, 119}",0.0,0.0,0.0,0.0,0.0,0.0,0.3333333333333333,0.0,0.2333333333333333,1.0117854524226542,2.995732273553991,0.0
3349,2,sa,1,"{2, 3, 4}","{32, 33, 34, 11, 12, 20, 22, 23, 24, 25, 26, 30, 31}",0.0,0.0,0.0,0.0,0.0,0.0,0.0,0.0,0.0,0.0,0.6931471805599453,0.0
3350,2,eg,3,"{18, 14}","{104, 105, 106, 124, 125, 126, 127}",0.0,0.0,0.0,0.0,0.0,0.0,0.5,0.0,0.35,1.002691759150189,2.302585092994046,0.0
3354,2,jo,1,"{2, 4, 6}","{32, 35, 13, 15, 48, 49, 50, 20, 31}",0.0,0.0,0.0,0.0,0.0,0.0,0.0,0.0,0.0,0.0,2.302585092994046,0.0
3356,1,eg,2,"{11, 12}","{81, 84, 85, 86, 89, 91, 95}",0.0,0.0,0.0,0.0,0.0,0.0,0.0,0.0,0.0,0.2079441541679836,1.791759469228055,0.0
3361,1,eg,3,"{16, 18, 14}","{104, 106, 108, 109, 116, 119, 124, 125, 126, 127}",0.0,0.0,0.0,0.0,0.0,0.0,0.0,0.0,0.0,0.8494440720203918,2.302585092994046,0.0
3362,3,sa,1,"{3, 4}","{32, 33, 34, 23, 24, 28, 29, 31}",0.0,0.0,0.0,0.0,0.0,0.0,0.6666666666666666,0.0,0.4666666666666666,0.8725666739944806,2.1972245773362196,0.0
3365,2,eg,4,"{19, 20, 22}","{128, 129, 130, 131, 134, 135, 136, 137, 138, 146, 147, 148, 149}",0.0,0.0,0.0,0.0,0.0,0.0,0.0,0.0,0.0,0.0,2.5649493574615367,0.0
3366,2,ae,1,"{1, 2, 4}","{33, 2, 3, 34, 11, 14, 18, 31}",0.0,0.0,0.0,0.0,0.0,0.0,0.0,0.0,0.0,0.0,1.791759469228055,0.0
3369,2,ae,2,"{9, 11, 12}","{71, 72, 73, 75, 81, 84, 85, 86, 88, 89, 91, 94, 95}",0.0,0.0,0.0,0.0,0.0,0.0,0.6666666666666666,0.0,0.4666666666666666,0.9595394482824219,2.5649493574615367,0.0
3370,3,eg,1,"{2, 3, 6}","{10, 48, 49, 52, 21, 54, 23, 25, 27}",0.0,0.0,0.0,0.0,0.0,0.0,0.5714285714285714,0.0,0.39999999999999997,0.9157189848622478,3.044522437723423,0.0
3377,2,ae,1,"{2, 6}","{13, 14, 51, 19, 20, 54, 56}",0.0,0.0,0.0,0.0,0.0,0.0,0.08333333333333333,0.0,0.05833333333333333,1.0892890639054125,2.772588722239781,0.0
3379,2,sa,3,"{16, 18, 15}","{110, 111, 113, 116, 117, 119, 124, 125, 126, 127}",0.0,0.0,0.0,0.0,0.0,0.0,0.2,0.0,0.13999999999999999,0.8987196820661972,3.1780538303479458,0.0
3391,1,ae,1,"{2, 4, 5}","{33, 36, 37, 38, 10, 43, 13, 14, 45, 17, 19, 30, 31}",0.0,0.0,0.0,0.0,0.0,0.0,0.0,0.0,0.0,0.0,1.6094379124341003,0.0
3393,2,eg,4,"{20, 21, 23}","{135, 136, 140, 141, 142, 143, 151, 152, 154}",0.0,0.0,0.0,0.0,0.0,0.0,0.6363636363636364,0.0,0.44545454545454544,0.9403644425559392,3.367295829986474,0.0
3394,2,ma,1,"{1, 2, 4}","{32, 1, 33, 3, 6, 8, 9, 13, 18, 30, 31}",0.0,0.0,0.0,0.0,0.0,0.0,0.0,0.0,0.0,0.0,2.6390573296152584,0.0
3395,2,sa,3,"{16, 18, 15}","{110, 112, 116, 117, 118, 124, 126, 127}",0.0,0.0,0.0,0.0,0.0,0.0,0.0,0.0,0.0,0.0,1.791759469228055,0.0
3409,3,jo,3,"{16, 17, 18}","{116, 117, 118, 120, 121, 122, 123, 124, 126, 127}",0.0,0.0,0.0,0.0,0.0,0.0,1.0,0.0,0.7,0.3295836866004329,2.0794415416798357,0.0
3414,2,eg,4,"{19, 21}","{128, 130, 131, 134, 141, 143, 145}",0.0,0.0,0.0,0.0,0.0,0.0,0.0,0.0,0.0,0.2079441541679836,2.4849066497880004,0.0
3421,2,ae,3,"{16, 17}","{116, 118, 119, 120, 121, 122, 123}",0.0,0.0,0.0,0.0,0.0,0.0,0.0,0.0,0.0,0.8987196820661972,2.0794415416798357,0.0
3422,2,eg,1,"{1, 2, 3}","{2, 3, 8, 12, 14, 23, 24, 25, 28}",0.0,0.0,0.0,0.0,0.0,0.0,0.42857142857142855,0.0,0.3,1.0078519731577888,2.772588722239781,0.0
3424,3,jo,1,"{3, 5, 6}","{37, 42, 46, 48, 49, 51, 53, 54, 23, 24, 25, 28}",0.0,0.0,0.0,0.0,0.0,0.0,0.75,0.0,0.5249999999999999,1.007307507950202,2.6390573296152584,0.0
3428,3,sa,2,"{8, 10}","{65, 66, 67, 68, 69, 76, 78, 79, 80}",0.0,0.0,0.0,0.0,0.0,0.0,0.0,0.0,0.0,0.0,2.3978952727983707,0.0
3430,3,sa,2,"{9, 12}","{71, 72, 73, 75, 89, 90, 95}",0.0,0.0,0.0,0.0,0.0,0.0,0.0,0.0,0.0,0.0,2.3978952727983707,0.0
3433,3,ae,1,"{2, 4, 6}","{32, 33, 13, 19, 20, 53, 54, 29, 30, 31}",0.0,0.0,0.0,0.0,0.0,0.0,0.0,0.0,0.0,0.0,2.0794415416798357,0.0
3450,3,eg,1,"{3, 6}","{48, 49, 53, 23, 24, 25, 56, 27}",0.0,0.0,0.0,0.0,0.0,0.0,0.5,0.0,0.35,0.7862620522589463,2.3978952727983707,0.0
3454,1,eg,2,"{9, 11, 13}","{96, 98, 103, 72, 73, 75, 81, 85, 86}",0.0,0.0,0.0,0.0,0.0,0.0,0.0,0.0,0.0,0.2079441541679836,3.044522437723423,0.0
3456,3,jo,4,"{19, 21, 23}","{128, 129, 131, 141, 142, 143, 144, 145, 150, 154}",0.0,0.0,0.0,0.0,0.0,0.0,0.0,0.0,0.0,0.0,2.1972245773362196,0.0
3460,2,eg,1,"{2, 4, 5}","{32, 33, 36, 40, 10, 42, 13, 18, 29}",0.0,0.0,0.0,0.0,0.0,0.0,0.0,0.0,0.0,0.0,2.302585092994046,0.0
3464,2,jo,2,"{12, 13}","{96, 97, 99, 101, 103, 89, 91, 94, 95}",0.0,0.0,0.0,0.0,0.0,0.0,0.0,0.0,0.0,0.2079441541679836,1.3862943611198906,0.0
3469,2,sa,2,"{10, 11, 7}","{76, 78, 79, 80, 84, 85, 86, 87, 59, 63}",0.0,0.0,0.0,0.0,0.0,0.0,0.0,0.0,0.0,0.0,1.791759469228055,0.0
3472,2,eg,3,"{16, 18, 15}","{110, 114, 115, 116, 118, 124, 126, 127}",0.0,0.0,0.0,0.0,0.0,0.0,1.0,0.0,0.7,0.9930109809795533,3.091042453358316,0.0
3474,1,eg,1,"{1, 3, 6}","{1, 3, 5, 6, 48, 49, 51, 23, 25, 28}",0.0,0.0,0.0,0.0,0.0,0.0,0.0,0.0,0.0,0.0,2.302585092994046,0.0
3475,2,ae,4,"{20, 21, 22}","{137, 138, 141, 142, 143, 146, 147, 148, 149}",0.0,0.0,0.0,0.0,0.0,0.0,0.5,0.0,0.35,0.7886243058041672,2.4849066497880004,0.0
3477,1,sa,1,"{2, 6}","{10, 12, 14, 48, 49, 18, 20, 52}",0.0,0.0,0.0,0.0,0.0,0.0,0.5454545454545454,0.0,0.3818181818181818,0.9157189848622478,2.8903717578961645,0.0
3478,3,eg,1,"{2, 4, 6}","{32, 33, 35, 10, 13, 49, 50, 19, 56, 31}",0.0,0.0,0.0,0.0,0.0,0.0,0.0,0.0,0.0,0.3295836866004329,3.2188758248682006,0.0
3483,1,jo,1,"{2, 3, 5}","{36, 38, 41, 42, 11, 43, 14, 19, 20, 21, 23, 24, 25, 27}",0.0,0.0,0.0,0.0,0.0,0.0,0.0,0.0,0.0,0.6414999178524083,1.791759469228055,0.0
3487,1,eg,4,"{19, 20, 22}","{128, 129, 131, 134, 135, 136, 138, 140, 146, 147, 149}",0.0,0.0,0.0,0.0,0.0,0.0,0.0,0.0,0.0,0.702319684068633,2.3978952727983707,0.0
3492,3,eg,3,"{18, 14, 15}","{104, 106, 108, 109, 112, 114, 124, 125, 126, 127}",0.0,0.0,0.0,0.0,0.0,0.0,0.45454545454545453,0.0,0.3181818181818182,0.892596382888159,2.995732273553991,0.0
3493,2,eg,2,"{11, 13}","{96, 97, 99, 103, 83, 84, 85}",0.0,0.0,0.0,0.0,0.0,0.0,0.0,0.0,0.0,0.2079441541679836,2.1972245773362196,0.0
3494,1,jo,1,"{2, 5}","{36, 41, 42, 11, 17, 18, 19}",0.0,0.0,0.0,0.0,0.0,0.0,0.0,0.0,0.0,0.2079441541679836,1.3862943611198906,0.0
3496,3,ae,1,"{1, 3, 5}","{1, 4, 5, 36, 37, 38, 39, 40, 24, 25, 27}",0.0,0.0,0.0,0.0,0.0,0.0,0.3333333333333333,0.0,0.2333333333333333,0.9868876818015151,2.3978952727983707,0.0
3499,2,ae,1,"{1, 2, 3}","{3, 4, 8, 10, 11, 12, 23, 24, 25, 27}",0.0,0.0,0.0,0.0,0.0,0.0,0.5454545454545454,0.0,0.3818181818181818,0.8062917611526248,3.295836866004329,0.0
3500,3,ma,1,"{3, 5}","{36, 37, 43, 44, 47, 22, 23, 25}",0.0,0.0,0.0,0.0,0.0,0.0,0.0,0.0,0.0,0.8220958385012986,2.772588722239781,0.0
3505,1,eg,3,"{16, 18}","{117, 118, 119, 124, 125, 126, 127}",0.0,0.0,0.0,0.0,0.0,0.0,0.0,0.0,0.0,0.0,2.5649493574615367,0.0
3512,2,ae,3,"{17, 14}","{106, 108, 109, 120, 121, 122, 123}",0.0,0.0,0.0,0.0,0.0,0.0,0.0,0.0,0.0,0.0,1.791759469228055,0.0
3515,2,sa,1,"{2, 5}","{36, 40, 10, 11, 43, 19, 21}",0.0,0.0,0.0,0.0,0.0,0.0,0.0,0.0,0.0,0.2079441541679836,1.9459101490553132,0.0
3518,2,jo,1,"{3, 5, 6}","{36, 37, 42, 46, 48, 49, 53, 22, 23, 24, 25, 56, 28}",0.0,0.0,0.0,0.0,0.0,0.0,0.4117647058823529,0.0,0.28823529411764703,1.0504598188179692,3.295836866004329,0.0
3519,3,eg,3,"{16, 17, 15}","{110, 111, 113, 114, 115, 117, 118, 120, 121, 123}",0.0,0.0,0.0,0.0,0.0,0.0,0.0,0.0,0.0,0.0,1.791759469228055,0.0
3522,1,eg,1,"{1, 6}","{1, 2, 8, 48, 50, 52, 53}",0.0,0.0,0.0,0.0,0.0,0.0,0.0,0.0,0.0,0.8575541552109331,2.4849066497880004,0.0
3532,2,jo,1,"{1, 3}","{2, 8, 22, 24, 25, 26, 27}",0.0,0.0,0.0,0.0,0.0,0.0,1.0,0.0,0.7,0.9930109809795533,1.9459101490553132,0.0
3533,1,ma,3,"{17, 14, 15}","{104, 105, 106, 107, 109, 110, 111, 112, 113, 114, 120, 123}",0.0,0.0,0.0,0.0,0.0,0.0,0.0,0.0,0.0,0.7545656882088654,3.7612001156935624,0.0
3536,1,eg,2,"{10, 7}","{76, 77, 80, 57, 58, 59, 60, 63}",0.0,0.0,0.0,0.0,0.0,0.0,0.0,0.0,0.0,0.0,1.791759469228055,0.0
3537,2,sa,2,"{10, 7}","{76, 77, 79, 80, 57, 59, 61}",0.0,0.0,0.0,0.0,0.0,0.0,0.0,0.0,0.0,0.0,2.0794415416798357,0.0
3538,3,ma,1,"{1, 4}","{32, 1, 33, 34, 4, 9, 31}",0.0,0.0,0.0,0.0,0.0,0.0,0.0,0.0,0.0,0.0,1.791759469228055,0.0
3543,1,ae,2,"{10, 11}","{76, 77, 78, 80, 82, 84, 86}",0.0,0.0,0.0,0.0,0.0,0.0,1.0,0.0,0.7,0.9102638382366166,2.8903717578961645,0.0
3545,3,eg,3,"{16, 17, 18}","{117, 118, 121, 122, 123, 124, 125, 126, 127}",0.0,0.0,0.0,0.0,0.0,0.0,0.0,0.0,0.0,0.0,1.6094379124341003,0.0
3546,1,sa,2,"{9, 12, 7}","{64, 72, 73, 74, 91, 94, 57, 59, 60, 62, 95}",0.0,0.0,0.0,0.0,0.0,0.0,0.25,0.0,0.175,0.4158883083359672,2.3978952727983707,0.0
3547,3,eg,3,"{16, 17, 15}","{110, 111, 112, 114, 116, 117, 118, 119, 120, 121, 122, 123}",0.0,0.0,0.0,0.0,0.0,0.0,0.0,0.0,0.0,0.6749714505495398,2.302585092994046,0.0
3549,1,sa,2,"{8, 10}","{65, 66, 67, 69, 76, 79, 80}",0.0,0.0,0.0,0.0,0.0,0.0,0.0,0.0,0.0,0.0,1.6094379124341003,0.0
3551,3,ae,2,"{9, 13, 7}","{96, 97, 99, 103, 73, 75, 57, 59, 63}",0.0,0.0,0.0,0.0,0.0,0.0,0.0,0.0,0.0,0.2079441541679836,1.3862943611198906,0.0
3554,1,eg,4,"{19, 21, 23}","{131, 132, 141, 142, 143, 144, 145, 150, 151, 152, 154}",0.0,0.0,0.0,0.0,0.0,0.0,0.6666666666666666,0.0,0.4666666666666666,0.9046027890391894,2.3978952727983707,0.0
3556,2,eg,1,"{1, 5}","{1, 3, 5, 37, 7, 9, 42, 44, 46}",0.0,0.0,0.0,0.0,0.0,0.0,0.25,0.0,0.175,0.6591673732008658,2.302585092994046,0.0
3562,3,eg,1,"{2, 4, 5}","{33, 35, 36, 37, 38, 12, 45, 20, 31}",0.0,0.0,0.0,0.0,0.0,0.0,0.4,0.0,0.27999999999999997,0.8540598208204049,2.995732273553991,0.0
3569,2,jo,1,"{1, 3, 5}","{5, 38, 8, 9, 42, 47, 23, 24, 25, 26, 28}",0.0,0.0,0.0,0.0,0.0,0.0,0.0,0.0,0.0,0.0,2.1972245773362196,0.0
3571,1,ma,1,"{1, 6}","{1, 3, 8, 9, 48, 49, 50, 54}",0.0,0.0,0.0,0.0,0.0,0.0,0.0,0.0,0.0,0.0,1.791759469228055,0.0
3573,3,eg,3,"{16, 17, 14}","{104, 105, 106, 109, 116, 117, 118, 120, 121, 122, 123}",0.0,0.0,0.0,0.0,0.0,0.0,0.3125,0.0,0.21875,1.0470113910842644,3.044522437723423,0.0
3577,3,eg,3,"{18, 14, 15}","{106, 108, 109, 110, 111, 112, 114, 125, 127}",0.0,0.0,0.0,0.0,0.0,0.0,0.0,0.0,0.0,0.0,2.3978952727983707,0.0
3579,2,ma,2,"{9, 12, 13}","{96, 97, 100, 71, 72, 73, 74, 103, 89, 93, 94, 95}",0.0,0.0,0.0,0.0,0.0,0.0,0.2857142857142857,0.0,0.19999999999999998,1.0434818164727353,2.833213344056216,0.0
3582,1,sa,3,"{17, 18}","{120, 122, 123, 124, 125, 126, 127}",0.0,0.0,0.0,0.0,0.0,0.0,0.0,0.0,0.0,0.0,1.791759469228055,0.0
3589,3,eg,1,"{2, 5, 6}","{37, 41, 42, 11, 44, 14, 49, 19, 20, 51, 54, 56}",0.0,0.0,0.0,0.0,0.0,0.0,0.0,0.0,0.0,0.0,2.4849066497880004,0.0
3593,1,sa,2,"{9, 10, 7}","{71, 72, 73, 74, 75, 79, 80, 57, 58, 59, 60, 61}",0.0,0.0,0.0,0.0,0.0,0.0,0.0,0.0,0.0,0.0,2.302585092994046,0.0
3594,2,eg,3,"{17, 18, 15}","{110, 111, 112, 120, 121, 123, 124, 125, 126, 127}",0.0,0.0,0.0,0.0,0.0,0.0,0.0,0.0,0.0,1.0142359153206082,1.9459101490553132,0.0
3599,1,eg,1,"{1, 2, 4}","{32, 3, 35, 9, 11, 15, 31}",0.0,0.0,0.0,0.0,0.0,0.0,0.0,0.0,0.0,0.0,1.9459101490553132,0.0
3603,2,sa,1,"{2, 3, 6}","{13, 14, 16, 48, 49, 50, 20, 21, 52, 54, 24, 25, 27}",0.0,0.0,0.0,0.0,0.0,0.0,0.5,0.0,0.35,0.9715458544334523,2.0794415416798357,0.0
3607,3,eg,1,"{1, 2, 5}","{1, 37, 39, 8, 9, 42, 44, 13, 14, 16, 20}",0.0,0.0,0.0,0.0,0.0,0.0,0.25,0.0,0.175,1.0892890639054125,2.3978952727983707,0.0
3608,1,eg,2,"{8, 11, 7}","{65, 66, 69, 84, 85, 86, 88, 58, 59}",0.0,0.0,0.0,0.0,0.0,0.0,0.5666666666666667,0.0,0.3966666666666666,1.027518924921825,3.6635616461296463,0.0
3611,3,sa,3,"{18, 14, 15}","{104, 105, 110, 111, 113, 114, 124, 125, 126, 127}",0.0,0.0,0.0,0.0,0.0,0.0,0.0,0.0,0.0,0.0,2.4849066497880004,0.0
3614,2,ma,2,"{8, 10, 11}","{65, 66, 67, 68, 76, 79, 83, 84, 86}",0.0,0.0,0.0,0.0,0.0,0.0,0.0,0.0,0.0,0.0,1.791759469228055,0.0
3617,3,sa,1,"{5, 6}","{36, 37, 38, 41, 48, 53, 54, 56}",0.0,0.0,0.0,0.0,0.0,0.0,0.0,0.0,0.0,0.0,2.0794415416798357,0.0
3624,2,sa,2,"{10, 13, 7}","{96, 100, 103, 76, 77, 79, 80, 57, 59, 60, 61, 62}",0.0,0.0,0.0,0.0,0.0,0.0,0.0,0.0,0.0,0.0,2.1972245773362196,0.0
3627,2,ae,1,"{1, 4, 6}","{32, 1, 2, 3, 33, 8, 48, 49, 50, 56, 30, 31}",0.0,0.0,0.0,0.0,0.0,0.0,0.45454545454545453,0.0,0.3181818181818182,0.48283137373023005,2.9444389791664403,0.0
3628,3,sa,2,"{10, 13}","{97, 100, 103, 76, 77, 78, 79, 80}",0.0,0.0,0.0,0.0,0.0,0.0,0.0,0.0,0.0,0.0,1.3862943611198906,0.0
3642,3,eg,3,"{17, 18, 15}","{110, 111, 112, 114, 120, 121, 123, 124, 126, 127}",0.0,0.0,0.0,0.0,0.0,0.0,0.5,0.0,0.35,0.997929454403002,2.833213344056216,0.0
3645,2,eg,4,"{19, 20, 22}","{128, 131, 132, 134, 135, 136, 138, 139, 146, 147, 148, 149}",0.0,0.0,0.0,0.0,0.0,0.0,0.0,0.0,0.0,0.0,2.3978952727983707,0.0
3648,2,jo,1,"{3, 4, 5}","{33, 44, 46, 23, 24, 25, 26, 30}",0.0,0.0,0.0,0.0,0.0,0.0,0.2,0.0,0.13999999999999999,0.8575541552109331,2.6390573296152584,0.0
3650,1,ae,2,"{8, 13, 7}","{96, 65, 66, 67, 97, 69, 100, 57, 59, 60, 63}",0.0,0.0,0.0,0.0,0.0,0.0,0.5,0.0,0.35,0.8725666739944806,2.3978952727983707,0.0
3659,3,jo,4,"{19, 20}","{128, 131, 133, 135, 136, 138, 140}",0.0,0.0,0.0,0.0,0.0,0.0,0.6666666666666666,0.0,0.4666666666666666,0.7862620522589463,2.772588722239781,0.0
3660,2,eg,4,"{20, 21, 23}","{136, 139, 141, 142, 144, 145, 151, 152, 153, 154}",0.0,0.0,0.0,0.0,0.0,0.0,0.3333333333333333,0.0,0.2333333333333333,0.9209826828339382,2.3978952727983707,0.0
3669,2,eg,1,"{1, 3}","{3, 5, 6, 23, 24, 25, 28}",0.0,0.0,0.0,0.0,0.0,0.0,0.0,0.0,0.0,0.0,1.791759469228055,0.0
3672,3,eg,1,"{2, 3, 4}","{33, 35, 10, 13, 16, 24, 25, 26, 31}",0.0,0.0,0.0,0.0,0.0,0.0,0.0,0.0,0.0,0.2079441541679836,2.3978952727983707,0.0
3675,3,eg,1,"{1, 2}","{3, 5, 6, 7, 8, 10, 11, 13, 17}",0.0,0.0,0.0,0.0,0.0,0.0,0.0,0.0,0.0,0.8795446763397146,2.0794415416798357,0.0
3677,2,jo,1,"{1, 2, 6}","{5, 7, 8, 13, 48, 49, 19, 20, 51, 54}",0.0,0.0,0.0,0.0,0.0,0.0,0.0,0.0,0.0,0.3295836866004329,2.70805020110221,0.0
3680,3,eg,2,"{11, 12, 7}","{84, 85, 88, 58, 91, 60, 94}",0.0,0.0,0.0,0.0,0.0,0.0,0.0,0.0,0.0,0.0,1.6094379124341003,0.0
3683,2,sa,1,"{3, 5}","{37, 38, 40, 44, 46, 22, 25}",0.0,0.0,0.0,0.0,0.0,0.0,0.0,0.0,0.0,0.2079441541679836,2.1972245773362196,0.0
3690,3,sa,2,"{12, 13, 7}","{97, 99, 59, 89, 91, 61, 95, 57}",0.0,0.0,0.0,0.0,0.0,0.0,1.0,0.0,0.7,0.7254422860427217,3.044522437723423,0.0
3692,3,ae,1,"{1, 3, 4}","{32, 1, 2, 35, 5, 8, 23, 24, 25, 26, 31}",0.0,0.0,0.0,0.0,0.0,0.0,0.42857142857142855,0.0,0.3,1.032365620649677,2.995732273553991,0.0
3702,2,ae,1,"{2, 4, 5}","{32, 33, 34, 37, 10, 11, 43, 17, 18, 20, 31}",0.0,0.0,0.0,0.0,0.0,0.0,0.14285714285714285,0.0,0.09999999999999999,1.0892890639054125,3.367295829986474,0.0
3703,2,sa,1,"{3, 5, 6}","{37, 38, 42, 43, 45, 48, 51, 22, 23, 24, 25}",0.0,0.0,0.0,0.0,0.0,0.0,0.0,0.0,0.0,0.0,2.302585092994046,0.0
3704,1,ae,2,"{8, 12, 7}","{89, 65, 69, 91, 95, 57, 59, 60, 93, 94, 63}",0.0,0.0,0.0,0.0,0.0,0.0,0.0,0.0,0.0,0.0,2.5649493574615367,0.0
3708,1,eg,1,"{3, 5, 6}","{37, 38, 42, 46, 48, 49, 53, 23, 56, 25, 26}",0.0,0.0,0.0,0.0,0.0,0.0,1.0,0.0,0.7,0.9046027890391894,2.3978952727983707,0.0
3722,2,eg,1,"{2, 6}","{10, 11, 13, 17, 49, 19, 52}",0.0,0.0,0.0,0.0,0.0,0.0,0.0,0.0,0.0,0.0,1.6094379124341003,0.0
3723,3,ae,3,"{16, 18, 15}","{110, 115, 116, 119, 124, 126, 127}",0.0,0.0,0.0,0.0,0.0,0.0,1.0,0.0,0.7,1.002691759150189,2.0794415416798357,0.0
3724,1,ma,1,"{1, 5}","{1, 38, 8, 9, 42, 44, 45, 47}",0.0,0.0,0.0,0.0,0.0,0.0,0.375,0.0,0.26249999999999996,0.9879257482282011,2.995732273553991,0.0
3726,3,ae,2,"{10, 12}","{76, 77, 78, 79, 80, 89, 91, 94, 95}",0.0,0.0,0.0,0.0,0.0,0.0,0.0,0.0,0.0,0.702319684068633,2.302585092994046,0.0
3737,1,sa,1,"{2, 4, 5}","{32, 33, 36, 40, 11, 13, 14, 15, 30}",0.0,0.0,0.0,0.0,0.0,0.0,0.0,0.0,0.0,0.2079441541679836,2.772588722239781,0.0
3738,1,sa,2,"{8, 11, 7}","{64, 66, 68, 83, 84, 85, 86, 57, 59, 60}",0.0,0.0,0.0,0.0,0.0,0.0,0.0,0.0,0.0,0.6414999178524083,2.6390573296152584,0.0
3745,1,eg,2,"{8, 7}","{66, 67, 68, 57, 58, 60, 62}",0.0,0.0,0.0,0.0,0.0,0.0,0.0,0.0,0.0,0.0,1.791759469228055,0.0
3747,2,eg,1,"{2, 3, 4}","{32, 33, 10, 12, 13, 19, 20, 23, 24, 25, 26, 29}",0.0,0.0,0.0,0.0,0.0,0.0,0.21428571428571427,0.0,0.15,0.9765387510784724,3.258096538021482,0.0
3749,2,eg,2,"{10, 7}","{76, 78, 79, 80, 57, 60, 61}",0.0,0.0,0.0,0.0,0.0,0.0,0.0,0.0,0.0,0.3295836866004329,2.1972245773362196,0.0
3754,1,ae,1,"{1, 4, 6}","{1, 4, 5, 48, 50, 30, 31}",0.0,0.0,0.0,0.0,0.0,0.0,0.0,0.0,0.0,0.2079441541679836,2.6390573296152584,0.0
3755,2,eg,4,"{20, 22, 23}","{135, 136, 137, 138, 146, 147, 148, 149, 150, 151}",0.0,0.0,0.0,0.0,0.0,0.0,0.0,0.0,0.0,0.0,2.0794415416798357,0.0
3762,2,jo,1,"{2, 5}","{36, 38, 43, 44, 13, 19, 20}",0.0,0.0,0.0,0.0,0.0,0.0,1.0,0.0,0.7,0.5806801516361836,1.9459101490553132,0.0
3768,2,eg,1,"{3, 4}","{32, 34, 23, 24, 25, 26, 27}",0.0,0.0,0.0,0.0,0.0,0.0,0.0,0.0,0.0,1.0620039749883885,2.1972245773362196,0.0
3772,2,sa,3,"{16, 18}","{116, 117, 118, 119, 124, 125, 126, 127}",0.0,0.0,0.0,0.0,0.0,0.0,0.0,0.0,0.0,0.8862124407253396,1.791759469228055,0.0
3778,2,eg,3,"{16, 15}","{111, 113, 114, 116, 117, 118, 119}",0.0,0.0,0.0,0.0,0.0,0.0,0.3333333333333333,0.0,0.2333333333333333,0.9491905175593791,4.553876891600541,0.0
3783,3,ma,3,"{16, 17}","{116, 117, 118, 119, 121, 122, 123}",0.0,0.0,0.0,0.0,0.0,0.0,0.46153846153846156,0.0,0.3230769230769231,0.9260679155852904,2.995732273553991,0.0
3792,2,eg,2,"{10, 12}","{76, 77, 78, 80, 91, 94, 95}",0.0,0.0,0.0,0.0,0.0,0.0,0.0,0.0,0.0,0.9531555061196024,2.302585092994046,0.0
3797,3,jo,3,"{14, 15}","{104, 105, 106, 110, 111, 114, 115}",0.0,0.0,0.0,0.0,0.0,0.0,0.0,0.0,0.0,0.0,1.791759469228055,0.0
3800,1,eg,2,"{8, 9, 11}","{65, 66, 70, 73, 74, 81, 84, 86}",0.0,0.0,0.0,0.0,0.0,0.0,0.0,0.0,0.0,0.3295836866004329,2.4849066497880004,0.0
3822,2,ae,3,"{17, 14, 15}","{105, 106, 110, 111, 112, 113, 114, 120, 121, 122, 123}",0.0,0.0,0.0,0.0,0.0,0.0,0.48148148148148145,0.0,0.337037037037037,1.0892890639054125,3.713572066704308,0.0
3827,3,sa,4,"{20, 23}","{135, 136, 137, 138, 140, 151, 153, 154}",0.0,0.0,0.0,0.0,0.0,0.0,0.0,0.0,0.0,0.4158883083359672,2.3978952727983707,0.0
3830,2,ma,1,"{1, 3}","{1, 3, 5, 6, 7, 25, 28}",0.0,0.0,0.0,0.0,0.0,0.0,0.0,0.0,0.0,0.5198603854199589,2.1972245773362196,0.0
3835,2,eg,1,"{5, 6}","{37, 38, 42, 43, 48, 49, 52, 55, 56}",0.0,0.0,0.0,0.0,0.0,0.0,0.0,0.0,0.0,0.0,2.3978952727983707,0.0
3838,2,sa,3,"{18, 14, 15}","{106, 108, 109, 110, 115, 124, 126, 127}",0.0,0.0,0.0,0.0,0.0,0.0,0.0,0.0,0.0,0.0,1.6094379124341003,0.0
3841,3,sa,1,"{1, 2, 6}","{6, 8, 10, 11, 14, 48, 19, 53}",0.0,0.0,0.0,0.0,0.0,0.0,0.6,0.0,0.42,0.8987196820661972,2.70805020110221,0.0
3844,3,ma,1,"{1, 3, 5}","{3, 37, 6, 8, 42, 44, 46, 47, 22, 23, 24, 25}",0.0,0.0,0.0,0.0,0.0,0.0,1.0,0.0,0.7,0.8408703099443996,2.833213344056216,0.0
3845,1,sa,1,"{4, 5, 6}","{32, 33, 35, 36, 37, 38, 40, 47, 49, 53, 56, 31}",0.0,0.0,0.0,0.0,0.0,0.0,0.0,0.0,0.0,0.2079441541679836,2.1972245773362196,0.0
3848,1,sa,1,"{2, 4, 5}","{11, 12, 44, 47, 20, 30, 31}",0.0,0.0,0.0,0.0,0.0,0.0,0.5714285714285714,0.0,0.39999999999999997,1.0203592144986464,2.772588722239781,0.0
3852,2,eg,2,"{10, 12, 13}","{96, 97, 101, 103, 76, 77, 79, 80, 89, 90, 92, 94, 95}",0.0,0.0,0.0,0.0,0.0,0.0,0.0,0.0,0.0,0.0,2.0794415416798357,0.0
3863,1,sa,1,"{1, 4, 6}","{32, 1, 2, 3, 33, 35, 8, 48, 53}",0.0,0.0,0.0,0.0,0.0,0.0,0.0,0.0,0.0,0.9826620502565107,2.0794415416798357,0.0
3864,2,ma,1,"{2, 3}","{10, 13, 14, 16, 19, 23, 24, 25, 27}",0.0,0.0,0.0,0.0,0.0,0.0,0.0,0.0,0.0,0.2079441541679836,1.791759469228055,0.0
3865,1,eg,3,"{16, 17, 15}","{110, 111, 113, 114, 116, 117, 118, 119, 120, 121}",0.0,0.0,0.0,0.0,0.0,0.0,0.375,0.0,0.26249999999999996,0.7999078189898053,2.772588722239781,0.0
3870,1,ma,1,"{3, 4, 6}","{33, 48, 49, 50, 55, 54, 23, 24, 25, 26, 30, 31}",0.0,0.0,0.0,0.0,0.0,0.0,0.0,0.0,0.0,0.7143260902196634,1.791759469228055,0.0
3872,1,eg,4,"{19, 22, 23}","{128, 129, 131, 146, 148, 149, 151, 153}",0.0,0.0,0.0,0.0,0.0,0.0,0.0,0.0,0.0,0.0,2.3978952727983707,0.0
3873,3,eg,1,"{2, 3, 5}","{38, 41, 42, 44, 14, 17, 20, 22, 23}",0.0,0.0,0.0,0.0,0.0,0.0,0.4,0.0,0.27999999999999997,0.7254422860427217,2.5649493574615367,0.0
3876,2,jo,1,"{1, 2, 3}","{1, 5, 8, 9, 10, 11, 16, 20, 24, 25, 26}",0.0,0.0,0.0,0.0,0.0,0.0,0.0,0.0,0.0,0.0,1.791759469228055,0.0
3878,1,sa,3,"{16, 17}","{116, 118, 119, 120, 121, 122, 123}",0.0,0.0,0.0,0.0,0.0,0.0,0.0,0.0,0.0,0.0,2.302585092994046,0.0
3884,3,ae,2,"{8, 11, 13}","{96, 65, 66, 67, 68, 69, 97, 100, 103, 85, 88}",0.0,0.0,0.0,0.0,0.0,0.0,0.42857142857142855,0.0,0.3,1.0892890639054125,3.091042453358316,0.0
3887,2,ae,1,"{2, 3}","{11, 16, 23, 24, 25, 26, 28}",0.0,0.0,0.0,0.0,0.0,0.0,0.6666666666666666,0.0,0.4666666666666666,1.0750556815368328,2.4849066497880004,0.0
3891,2,jo,3,"{18, 14, 15}","{104, 105, 106, 109, 110, 111, 112, 113, 114, 124, 125, 126, 127}",0.0,0.0,0.0,0.0,0.0,0.0,0.6666666666666666,0.0,0.4666666666666666,0.9157189848622478,2.5649493574615367,0.0
3896,3,ma,1,"{4, 5}","{32, 33, 35, 38, 47, 29, 31}",0.0,0.0,0.0,0.0,0.0,0.0,0.0,0.0,0.0,0.0,2.4849066497880004,0.0
3899,3,sa,3,"{16, 17, 18}","{116, 117, 118, 119, 120, 121, 122, 123, 125, 126, 127}",0.0,0.0,0.0,0.0,0.0,0.0,0.0,0.0,0.0,0.0,1.9459101490553132,0.0
3901,2,jo,2,"{8, 13, 7}","{96, 65, 66, 67, 68, 97, 100, 101, 103, 60, 63}",0.0,0.0,0.0,0.0,0.0,0.0,0.0,0.0,0.0,0.0,2.0794415416798357,0.0
3904,3,eg,2,"{10, 12, 13}","{96, 97, 98, 76, 77, 78, 80, 89, 93, 94, 95}",0.0,0.0,0.0,0.0,0.0,0.0,0.0,0.0,0.0,0.0,1.9459101490553132,0.0
3908,3,eg,1,"{2, 3, 6}","{56, 10, 11, 13, 16, 48, 19, 55, 23, 24, 25, 26}",0.0,0.0,0.0,0.0,0.0,0.0,0.0,0.0,0.0,0.0,1.0986122886681098,0.0
3910,2,eg,2,"{8, 7}","{65, 66, 67, 68, 69, 57, 58, 59, 60, 61}",0.0,0.0,0.0,0.0,0.0,0.0,0.6470588235294118,0.0,0.45294117647058824,0.9868876818015151,3.091042453358316,0.0
3911,3,eg,2,"{9, 11, 12}","{72, 74, 81, 83, 84, 85, 86, 89, 90, 94, 95}",0.0,0.0,0.0,0.0,0.0,0.0,0.0,0.0,0.0,0.8494440720203918,2.0794415416798357,0.0
3916,2,sa,2,"{8, 9, 12}","{67, 70, 73, 75, 89, 91, 95}",0.0,0.0,0.0,0.0,0.0,0.0,0.0,0.0,0.0,0.0,1.791759469228055,0.0
3917,2,eg,3,"{18, 15}","{110, 111, 112, 113, 114, 124, 125, 126, 127}",0.0,0.0,0.0,0.0,0.0,0.0,0.0,0.0,0.0,0.0,1.0986122886681098,0.0
3919,3,sa,1,"{1, 2, 6}","{1, 3, 5, 7, 10, 13, 18, 20, 53, 54, 56}",0.0,0.0,0.0,0.0,0.0,0.0,0.0,0.0,0.0,0.0,2.9444389791664403,0.0
3921,3,eg,4,"{21, 22}","{141, 142, 144, 146, 147, 148, 149}",0.0,0.0,0.0,0.0,0.0,0.0,0.0,0.0,0.0,0.0,1.3862943611198906,0.0
3922,3,jo,1,"{2, 3, 4}","{32, 33, 11, 13, 21, 22, 23, 24, 25, 29, 31}",0.0,0.0,0.0,0.0,0.0,0.0,0.0,0.0,0.0,0.0,2.0794415416798357,0.0
3924,3,ma,2,"{8, 12, 13}","{96, 65, 66, 67, 68, 69, 97, 102, 103, 89, 91}",0.0,0.0,0.0,0.0,0.0,0.0,0.0,0.0,0.0,0.7454719949364002,2.5649493574615367,0.0
3930,1,ae,3,"{16, 18, 14}","{106, 107, 109, 116, 117, 118, 119, 124, 126, 127}",0.0,0.0,0.0,0.0,0.0,0.0,0.0,0.0,0.0,0.8220958385012986,1.9459101490553132,0.0
3934,3,sa,4,"{21, 22, 23}","{141, 142, 143, 144, 145, 146, 148, 149, 150, 151, 152, 153, 154}",0.0,0.0,0.0,0.0,0.0,0.0,0.5,0.0,0.35,0.9595394482824219,2.302585092994046,0.0
3937,2,ae,4,"{19, 22, 23}","{128, 129, 131, 133, 134, 146, 147, 148, 149, 151, 153, 154}",0.0,0.0,0.0,0.0,0.0,0.0,0.0,0.0,0.0,0.8575541552109331,1.9459101490553132,0.0
3938,1,jo,1,"{2, 3, 4}","{32, 33, 34, 35, 11, 13, 17, 23, 24, 25, 27, 31}",0.0,0.0,0.0,0.0,0.0,0.0,0.5,0.0,0.35,0.7357912167657644,2.3978952727983707,0.0
3939,1,ae,1,"{4, 5, 6}","{32, 33, 34, 37, 38, 40, 44, 49, 52, 54, 31}",0.0,0.0,0.0,0.0,0.0,0.0,0.0,0.0,0.0,0.9403644425559392,2.4849066497880004,0.0
3943,3,ae,3,"{18, 15}","{110, 111, 113, 114, 115, 124, 126}",0.0,0.0,0.0,0.0,0.0,0.0,0.0,0.0,0.0,0.0,3.295836866004329,0.0
3946,3,sa,3,"{17, 18, 14}","{104, 107, 109, 120, 121, 122, 123, 124, 125, 126, 127}",0.0,0.0,0.0,0.0,0.0,0.0,1.0,0.0,0.7,0.2079441541679836,2.3978952727983707,0.0
3948,3,ae,1,"{3, 4}","{32, 33, 22, 23, 24, 27, 30}",0.0,0.0,0.0,0.0,0.0,0.0,0.0,0.0,0.0,0.0,2.1972245773362196,0.0
3954,2,jo,2,"{10, 12, 7}","{64, 89, 91, 77, 80, 57, 58, 59, 60, 93, 94, 95}",0.0,0.0,0.0,0.0,0.0,0.0,0.0,0.0,0.0,0.0,1.9459101490553132,0.0
3961,2,sa,3,"{17, 18}","{120, 121, 122, 123, 124, 125, 126, 127}",0.0,0.0,0.0,0.0,0.0,0.0,0.0,0.0,0.0,0.8795446763397146,1.791759469228055,0.0
3964,2,ae,1,"{1, 4, 5}","{32, 1, 33, 35, 5, 38, 8, 9, 42, 44, 45, 47, 30, 31}",0.0,0.0,0.0,0.0,0.0,0.0,0.2857142857142857,0.0,0.19999999999999998,0.997929454403002,3.044522437723423,0.0
3965,1,sa,1,"{1, 2, 3}","{3, 5, 6, 13, 16, 22, 23, 24, 25}",0.0,0.0,0.0,0.0,0.0,0.0,0.38461538461538464,0.0,0.2692307692307692,1.0361632918473205,3.091042453358316,0.0
3967,2,eg,1,"{1, 2, 3}","{1, 5, 7, 10, 11, 12, 14, 23, 24, 25, 27}",0.0,0.0,0.0,0.0,0.0,0.0,0.75,0.0,0.5249999999999999,1.0573882261883754,2.302585092994046,0.0
3969,2,ae,1,"{1, 2, 5}","{3, 5, 6, 37, 8, 38, 44, 13, 14, 46, 20, 21}",0.0,0.0,0.0,0.0,0.0,0.0,0.0,0.0,0.0,0.0,1.9459101490553132,0.0
3971,1,sa,3,"{16, 17}","{116, 117, 119, 120, 121, 122, 123}",0.0,0.0,0.0,0.0,0.0,0.0,0.0,0.0,0.0,0.8786899731725188,2.302585092994046,0.0
3972,3,sa,1,"{1, 4, 5}","{32, 1, 33, 5, 7, 8, 44, 47, 29, 31}",0.0,0.0,0.0,0.0,0.0,0.0,0.0,0.0,0.0,0.0,3.091042453358316,0.0
3985,1,sa,1,"{1, 2, 6}","{1, 8, 9, 12, 49, 20, 54, 55, 56}",0.0,0.0,0.0,0.0,0.0,0.0,0.0,0.0,0.0,0.0,1.791759469228055,0.0
3988,2,sa,1,"{1, 4, 6}","{32, 33, 35, 5, 7, 51, 54}",0.0,0.0,0.0,0.0,0.0,0.0,0.0,0.0,0.0,0.0,1.0986122886681098,0.0
4000,1,sa,1,"{1, 2}","{3, 4, 8, 10, 13, 14, 21}",0.0,0.0,0.0,0.0,0.0,0.0,0.0,0.0,0.0,0.2079441541679836,1.6094379124341003,0.0
4009,3,eg,1,"{2, 4, 6}","{33, 10, 13, 48, 19, 52, 29, 31}",0.0,0.0,0.0,0.0,0.0,0.0,0.3,0.0,0.21,0.8182981673036552,2.70805020110221,0.0
4010,2,ma,3,"{16, 18, 14}","{104, 105, 109, 116, 117, 119, 124, 125, 126, 127}",0.0,0.0,0.0,0.0,0.0,0.0,0.0,0.0,0.0,0.7143260902196634,2.1972245773362196,0.0
4014,1,eg,1,"{2, 3, 6}","{13, 16, 53, 54, 23, 24, 25, 28}",0.0,0.0,0.0,0.0,0.0,0.0,0.0,0.0,0.0,0.0,1.6094379124341003,0.0
4016,2,ma,4,"{19, 20, 22}","{128, 129, 131, 133, 134, 135, 136, 137, 138, 140, 146, 147, 148, 149}",0.0,0.0,0.0,0.0,0.0,0.0,0.0,0.0,0.0,0.0,2.4849066497880004,0.0
4023,3,sa,4,"{20, 21, 23}","{135, 136, 137, 141, 142, 145, 151, 152, 153, 154}",0.0,0.0,0.0,0.0,0.0,0.0,0.0,0.0,0.0,0.997929454403002,2.772588722239781,0.0
4032,3,eg,2,"{8, 9, 13}","{96, 65, 66, 67, 98, 69, 71, 72, 73, 103, 75}",0.0,0.0,0.0,0.0,0.0,0.0,0.0,0.0,0.0,0.0,2.5649493574615367,0.0
4037,1,eg,4,"{20, 22}","{135, 136, 138, 139, 146, 147, 148, 149}",0.0,0.0,0.0,0.0,0.0,0.0,0.0,0.0,0.0,0.6749714505495398,2.0794415416798357,0.0
4040,3,eg,1,"{3, 4, 6}","{32, 33, 34, 48, 53, 23, 24, 25, 26}",0.0,0.0,0.0,0.0,0.0,0.0,0.0,0.0,0.0,0.811746907778256,1.0986122886681098,0.0
4045,1,eg,1,"{2, 3, 6}","{56, 11, 13, 14, 48, 17, 52, 23, 24, 25, 26}",0.0,0.0,0.0,0.0,0.0,0.0,0.0,0.0,0.0,0.8494440720203918,2.4849066497880004,0.0
4048,2,ma,1,"{1, 2, 6}","{1, 2, 3, 4, 8, 11, 13, 15, 49, 50, 54}",0.0,0.0,0.0,0.0,0.0,0.0,0.0,0.0,0.0,0.0,1.791759469228055,0.0
4053,1,ma,1,"{1, 2, 3}","{1, 2, 8, 12, 13, 14, 23, 24, 25, 26, 28}",0.0,0.0,0.0,0.0,0.0,0.0,0.5,0.0,0.35,0.9046027890391894,3.091042453358316,0.0
4057,3,ae,4,"{20, 22}","{135, 136, 138, 139, 146, 147, 148, 149}",0.0,0.0,0.0,0.0,0.0,0.0,0.0,0.0,0.0,0.0,1.3862943611198906,0.0
4060,1,sa,1,"{1, 3}","{1, 2, 3, 8, 23, 24, 26}",0.0,0.0,0.0,0.0,0.0,0.0,0.5454545454545454,0.0,0.3818181818181818,0.8987196820661972,3.1354942159291497,0.0
4064,3,eg,4,"{19, 23}","{128, 131, 132, 134, 151, 153, 154}",0.0,0.0,0.0,0.0,0.0,0.0,0.3333333333333333,0.0,0.2333333333333333,0.9260679155852904,3.1780538303479458,0.0
4067,3,eg,1,"{2, 4}","{32, 33, 34, 11, 13, 19, 20, 21}",0.0,0.0,0.0,0.0,0.0,0.0,0.0,0.0,0.0,0.3295836866004329,1.6094379124341003,0.0
4069,2,sa,3,"{16, 14, 15}","{104, 105, 106, 109, 110, 113, 114, 116, 118}",0.0,0.0,0.0,0.0,0.0,0.0,0.0,0.0,0.0,0.0,1.9459101490553132,0.0
4072,1,eg,2,"{10, 11, 12}","{76, 77, 80, 83, 84, 85, 86, 89, 90, 94, 95}",0.0,0.0,0.0,0.0,0.0,0.0,0.0,0.0,0.0,0.0,2.3978952727983707,0.0
4073,3,eg,1,"{2, 5, 6}","{37, 39, 48, 49, 51, 20, 21, 53, 56}",0.0,0.0,0.0,0.0,0.0,0.0,0.75,0.0,0.5249999999999999,0.2079441541679836,3.258096538021482,0.0
4077,1,ae,1,"{2, 3, 6}","{10, 11, 16, 19, 20, 55, 22, 23, 24, 25, 54}",0.0,0.0,0.0,0.0,0.0,0.0,0.0,0.0,0.0,0.0,2.1972245773362196,0.0
4080,3,eg,1,"{1, 3, 4}","{33, 2, 34, 5, 22, 23, 24, 25, 26, 31}",0.0,0.0,0.0,0.0,0.0,0.0,0.5,0.0,0.35,0.9772069036308795,2.0794415416798357,0.0
4082,1,eg,2,"{8, 10, 12}","{65, 66, 67, 68, 76, 78, 80, 91, 94, 95}",0.0,0.0,0.0,0.0,0.0,0.0,0.0,0.0,0.0,0.2079441541679836,2.0794415416798357,0.0
4085,1,eg,4,"{20, 22}","{135, 136, 138, 140, 146, 147, 148, 149}",0.0,0.0,0.0,0.0,0.0,0.0,1.0,0.0,0.7,0.2079441541679836,2.1972245773362196,0.0
4086,2,sa,1,"{3, 5}","{37, 38, 39, 44, 24, 25, 27}",0.0,0.0,0.0,0.0,0.0,0.0,0.3333333333333333,0.0,0.2333333333333333,0.5806801516361836,3.091042453358316,0.0
4090,3,jo,1,"{1, 4, 5}","{32, 1, 33, 36, 6, 8, 40, 42, 29, 31}",0.0,0.0,0.0,0.0,0.0,0.0,0.0,0.0,0.0,1.0573882261883754,2.3978952727983707,0.0
4094,1,ma,2,"{9, 12, 13}","{96, 100, 103, 72, 73, 74, 75, 89, 93}",0.0,0.0,0.0,0.0,0.0,0.0,0.0,0.0,0.0,0.9102638382366166,2.5649493574615367,0.0
4096,3,ae,1,"{2, 4, 6}","{32, 33, 35, 10, 14, 15, 18, 20, 53, 54, 56, 31}",0.0,0.0,0.0,0.0,0.0,0.0,0.0,0.0,0.0,0.0,2.302585092994046,0.0
4112,1,ma,2,"{9, 10, 13}","{96, 97, 100, 72, 73, 74, 75, 76, 77, 80}",0.0,0.0,0.0,0.0,0.0,0.0,0.4098360655737705,0.0,0.28688524590163933,1.0892890639054125,4.820281565605037,0.0
4114,3,jo,4,"{21, 22, 23}","{141, 142, 143, 144, 145, 146, 147, 148, 149, 150, 151, 152, 153, 154}",0.0,0.0,0.0,0.0,0.0,0.0,0.0,0.0,0.0,0.0,2.0794415416798357,0.0
4115,3,ae,4,"{20, 22, 23}","{135, 136, 138, 139, 146, 148, 149, 150, 151, 152, 153, 154}",0.0,0.0,0.0,0.0,0.0,0.0,0.5357142857142857,0.0,0.37499999999999994,1.0892890639054125,3.970291913552122,0.0
4117,3,ma,3,"{17, 18, 14}","{104, 105, 106, 109, 120, 121, 122, 123, 124, 126, 127}",0.0,0.0,0.0,0.0,0.0,0.0,0.5,0.0,0.35,0.7454719949364002,3.091042453358316,0.0
4119,2,jo,1,"{1, 2, 3}","{1, 3, 6, 7, 8, 11, 13, 18, 25, 27}",0.0,0.0,0.0,0.0,0.0,0.0,0.045454545454545456,0.0,0.031818181818181815,0.9729241183416133,3.2188758248682006,0.0
4120,2,eg,1,"{5, 6}","{38, 42, 43, 44, 48, 49, 53}",0.0,0.0,0.0,0.0,0.0,0.0,0.0,0.0,0.0,1.07916552766505,4.394449154672439,0.0
4121,3,eg,1,"{3, 4, 5}","{32, 33, 35, 36, 38, 46, 22, 24, 29, 31}",0.0,0.0,0.0,0.0,0.0,0.0,0.0,0.0,0.0,1.0078519731577888,2.302585092994046,0.0
4127,2,eg,1,"{4, 5, 6}","{32, 33, 34, 36, 37, 45, 48, 49, 50, 56, 31}",0.0,0.0,0.0,0.0,0.0,0.0,0.42857142857142855,0.0,0.3,0.9046027890391894,3.332204510175204,0.0
4132,1,sa,1,"{1, 2, 4}","{32, 1, 2, 3, 34, 7, 8, 10, 11, 14, 19, 31}",0.0,0.0,0.0,0.0,0.0,0.0,0.0,0.0,0.0,0.0,2.302585092994046,0.0
4133,2,sa,2,"{8, 11}","{65, 66, 67, 70, 82, 86, 87}",0.0,0.0,0.0,0.0,0.0,0.0,0.0,0.0,0.0,0.5806801516361836,2.1972245773362196,0.0
4134,2,jo,1,"{1, 4}","{1, 33, 3, 5, 6, 7, 29}",0.0,0.0,0.0,0.0,0.0,0.0,1.0,0.0,0.7,0.49983067652628055,3.1354942159291497,0.0
4137,1,jo,1,"{2, 3, 5}","{36, 41, 44, 17, 20, 22, 23, 24, 25, 28}",0.0,0.0,0.0,0.0,0.0,0.0,0.0,0.0,0.0,0.7357912167657644,2.1972245773362196,0.0
4142,2,eg,2,"{12, 13, 7}","{96, 97, 98, 103, 59, 94, 89, 90, 91, 62, 95}",0.0,0.0,0.0,0.0,0.0,0.0,0.0,0.0,0.0,0.0,2.302585092994046,0.0
4146,2,jo,3,"{16, 17, 14}","{104, 106, 107, 109, 116, 117, 118, 119, 120, 121, 123}",0.0,0.0,0.0,0.0,0.0,0.0,0.0,0.0,0.0,0.2079441541679836,2.6390573296152584,0.0
4150,3,sa,2,"{10, 11, 7}","{78, 80, 84, 85, 86, 87, 57, 59, 60, 62}",0.0,0.0,0.0,0.0,0.0,0.0,0.0,0.0,0.0,0.8725666739944806,2.772588722239781,0.0
4151,3,eg,3,"{16, 17, 14}","{104, 105, 106, 107, 109, 116, 117, 118, 119, 121, 122, 123}",0.0,0.0,0.0,0.0,0.0,0.0,0.0,0.0,0.0,0.7254422860427217,2.302585092994046,0.0
4156,2,eg,1,"{3, 6}","{56, 48, 54, 55, 24, 25, 26}",0.0,0.0,0.0,0.0,0.0,0.0,0.3333333333333333,0.0,0.2333333333333333,0.8987196820661972,2.8903717578961645,0.0
4157,3,sa,1,"{1, 3, 5}","{1, 2, 36, 5, 38, 39, 42, 23, 24, 25, 28}",0.0,0.0,0.0,0.0,0.0,0.0,0.0,0.0,0.0,0.0,2.0794415416798357,0.0
4163,2,eg,1,"{1, 4}","{32, 1, 2, 34, 5, 7, 31}",0.0,0.0,0.0,0.0,0.0,0.0,0.0,0.0,0.0,0.5983476069846412,2.4849066497880004,0.0
4168,1,jo,1,"{2, 4, 5}","{32, 36, 10, 42, 12, 13, 44, 46, 17, 20, 30, 31}",0.0,0.0,0.0,0.0,0.0,0.0,0.4,0.0,0.27999999999999997,0.9575259952326007,4.553876891600541,0.0
4174,2,eg,2,"{12, 13, 7}","{64, 89, 97, 102, 103, 57, 90, 59, 94, 95}",0.0,0.0,0.0,0.0,0.0,0.0,0.42857142857142855,0.0,0.3,0.3295836866004329,2.8903717578961645,0.0
4178,2,ma,2,"{8, 13}","{96, 65, 66, 67, 97, 69, 100}",0.0,0.0,0.0,0.0,0.0,0.0,0.0,0.0,0.0,0.9464877417339774,2.4849066497880004,0.0
4179,1,ma,2,"{9, 13, 7}","{97, 102, 103, 72, 73, 74, 75, 57, 58}",0.0,0.0,0.0,0.0,0.0,0.0,0.0,0.0,0.0,0.0,2.3978952727983707,0.0
4180,3,sa,4,"{19, 20, 21}","{128, 130, 134, 135, 136, 138, 139, 141, 142, 143, 144, 145}",0.0,0.0,0.0,0.0,0.0,0.0,0.6666666666666666,0.0,0.4666666666666666,0.2079441541679836,2.772588722239781,0.0
4181,2,eg,1,"{1, 2, 4}","{33, 8, 9, 11, 14, 18, 20, 30}",0.0,0.0,0.0,0.0,0.0,0.0,0.0,0.0,0.0,0.2079441541679836,1.791759469228055,0.0
4182,1,eg,1,"{3, 5, 6}","{37, 38, 43, 44, 46, 50, 54, 23, 24, 25, 27}",0.0,0.0,0.0,0.0,0.0,0.0,1.0,0.0,0.7,0.9826620502565107,2.1972245773362196,0.0
4196,1,ae,1,"{1, 3}","{1, 3, 4, 5, 7, 25, 26}",0.0,0.0,0.0,0.0,0.0,0.0,0.5,0.0,0.35,0.9715458544334523,2.4849066497880004,0.0
4197,3,eg,2,"{10, 11, 7}","{76, 79, 80, 83, 85, 86, 57, 59, 60, 63}",0.0,0.0,0.0,0.0,0.0,0.0,0.0,0.0,0.0,0.0,1.9459101490553132,0.0
4198,3,sa,4,"{19, 20, 21}","{128, 129, 134, 135, 136, 139, 141, 142, 143}",0.0,0.0,0.0,0.0,0.0,0.0,0.0,0.0,0.0,0.0,1.3862943611198906,0.0
4200,2,eg,3,"{17, 15}","{110, 111, 113, 114, 121, 122, 123}",0.0,0.0,0.0,0.0,0.0,0.0,0.25,0.0,0.175,1.0434818164727353,2.6390573296152584,0.0
4202,3,eg,1,"{2, 3, 4}","{32, 33, 34, 10, 11, 20, 21, 25, 26}",0.0,0.0,0.0,0.0,0.0,0.0,0.3333333333333333,0.0,0.2333333333333333,0.2079441541679836,2.8903717578961645,0.0
4203,3,sa,2,"{9, 10, 12}","{72, 73, 74, 76, 78, 89, 92, 94, 95}",0.0,0.0,0.0,0.0,0.0,0.0,0.5,0.0,0.35,0.9595394482824219,2.1972245773362196,0.0
4204,3,ae,2,"{10, 13, 7}","{96, 97, 100, 76, 77, 78, 80, 57, 58, 59}",0.0,0.0,0.0,0.0,0.0,0.0,1.0,0.0,0.7,1.002691759150189,1.9459101490553132,0.0
4206,2,eg,1,"{2, 4, 6}","{32, 33, 35, 12, 13, 14, 48, 20, 54, 55, 29, 31}",0.0,0.0,0.0,0.0,0.0,0.0,0.5,0.0,0.35,0.9102638382366166,2.772588722239781,0.0
4208,3,ma,4,"{19, 22, 23}","{128, 129, 130, 131, 134, 146, 147, 148, 149, 150, 151, 152, 154}",0.0,0.0,0.0,0.0,0.0,0.0,0.5,0.0,0.35,0.6591673732008658,2.1972245773362196,0.0
4210,1,sa,1,"{2, 3}","{10, 13, 14, 19, 23, 24, 25, 26, 28}",0.0,0.0,0.0,0.0,0.0,0.0,0.0,0.0,0.0,0.0,2.3978952727983707,0.0
4213,3,eg,2,"{9, 11}","{71, 72, 73, 81, 85, 86, 88}",0.0,0.0,0.0,0.0,0.0,0.0,0.42857142857142855,0.0,0.3,1.0571275832035942,2.9444389791664403,0.0
4223,2,eg,2,"{9, 13}","{97, 98, 100, 103, 73, 74, 75}",0.0,0.0,0.0,0.0,0.0,0.0,0.0,0.0,0.0,0.0,2.4849066497880004,0.0
4233,2,sa,1,"{3, 4, 6}","{32, 33, 50, 54, 23, 24, 25, 56, 28, 30}",0.0,0.0,0.0,0.0,0.0,0.0,0.25,0.0,0.175,0.9879257482282011,2.833213344056216,0.0
4240,3,sa,3,"{17, 18, 14}","{104, 106, 108, 109, 120, 121, 122, 123, 124, 125, 126, 127}",0.0,0.0,0.0,0.0,0.0,0.0,0.7,0.0,0.48999999999999994,0.8652481493690658,2.4849066497880004,0.0
4247,3,eg,1,"{1, 3, 6}","{1, 4, 5, 8, 51, 23, 24, 25, 56, 27}",0.0,0.0,0.0,0.0,0.0,0.0,1.0,0.0,0.7,0.2079441541679836,2.8903717578961645,0.0
4250,3,eg,1,"{1, 3, 5}","{3, 37, 6, 8, 44, 46, 23, 24, 25, 28}",0.0,0.0,0.0,0.0,0.0,0.0,0.0,0.0,0.0,0.6749714505495398,1.6094379124341003,0.0
4253,2,jo,2,"{9, 11}","{71, 72, 73, 81, 84, 85, 86}",0.0,0.0,0.0,0.0,0.0,0.0,0.25,0.0,0.175,0.9357486937559261,3.044522437723423,0.0
4257,1,eg,3,"{17, 18, 14}","{106, 108, 120, 121, 122, 123, 124, 125, 126, 127}",0.0,0.0,0.0,0.0,0.0,0.0,0.5,0.0,0.35,0.8408703099443996,2.1972245773362196,0.0
4263,3,eg,1,"{1, 4, 5}","{32, 33, 2, 3, 5, 38, 39, 29, 30, 31}",0.0,0.0,0.0,0.0,0.0,0.0,0.0,0.0,0.0,1.031903370669066,4.189654742026425,0.0
4271,1,ae,4,"{20, 21, 22}","{135, 137, 138, 141, 144, 148, 149}",0.0,0.0,0.0,0.0,0.0,0.0,0.0,0.0,0.0,0.0,3.044522437723423,0.0
4273,3,eg,2,"{8, 12, 7}","{89, 65, 66, 67, 70, 57, 90, 60, 62, 95}",0.0,0.0,0.0,0.0,0.0,0.0,0.0,0.0,0.0,0.0,2.5649493574615367,0.0
4278,3,eg,1,"{2, 4, 6}","{32, 33, 13, 15, 49, 55, 56, 29}",0.0,0.0,0.0,0.0,0.0,0.0,0.5384615384615384,0.0,0.37692307692307686,0.9157189848622478,2.9444389791664403,0.0
4281,1,ae,2,"{10, 13, 7}","{96, 97, 98, 102, 103, 76, 79, 80, 57, 58, 59, 60}",0.0,0.0,0.0,0.0,0.0,0.0,0.4,0.0,0.27999999999999997,1.016133582953642,2.70805020110221,0.0
4288,2,ae,2,"{9, 11, 13}","{96, 99, 72, 73, 74, 84, 85, 86, 88}",0.0,0.0,0.0,0.0,0.0,0.0,0.0,0.0,0.0,0.7357912167657644,2.1972245773362196,0.0
4290,2,eg,2,"{8, 10, 13}","{96, 65, 66, 67, 68, 97, 100, 76, 77, 78, 79, 80}",0.0,0.0,0.0,0.0,0.0,0.0,0.0,0.0,0.0,0.8987196820661972,2.5649493574615367,0.0
4301,1,eg,2,"{10, 11, 7}","{76, 77, 80, 82, 84, 85, 86, 87, 57, 59, 60, 61}",0.0,0.0,0.0,0.0,0.0,0.0,0.0,0.0,0.0,0.0,2.3978952727983707,0.0
4303,2,sa,4,"{22, 23}","{146, 147, 148, 149, 150, 152, 154}",0.0,0.0,0.0,0.0,0.0,0.0,0.42857142857142855,0.0,0.3,0.3295836866004329,2.772588722239781,0.0
4305,1,ma,1,"{1, 3, 4}","{32, 2, 5, 23, 27, 29, 31}",0.0,0.0,0.0,0.0,0.0,0.0,0.0,0.0,0.0,0.0,2.0794415416798357,0.0
4313,2,ma,3,"{17, 14, 15}","{104, 107, 109, 110, 111, 114, 115, 120, 121, 122, 123}",0.0,0.0,0.0,0.0,0.0,0.0,0.0,0.0,0.0,0.6749714505495398,2.6390573296152584,0.0
4321,2,sa,3,"{16, 17, 14}","{104, 106, 107, 109, 116, 117, 119, 120, 121, 123}",0.0,0.0,0.0,0.0,0.0,0.0,0.0,0.0,0.0,0.3295836866004329,3.1780538303479458,0.0
4325,3,ae,1,"{1, 3, 4}","{32, 1, 34, 3, 4, 5, 6, 24, 26, 31}",0.0,0.0,0.0,0.0,0.0,0.0,0.0,0.0,0.0,0.0,2.0794415416798357,0.0
4338,2,ae,3,"{16, 18}","{116, 117, 118, 124, 125, 126, 127}",0.0,0.0,0.0,0.0,0.0,0.0,1.0,0.0,0.7,0.3295836866004329,2.5649493574615367,0.0
4339,1,jo,1,"{5, 6}","{36, 37, 40, 44, 47, 49, 53, 54}",0.0,0.0,0.0,0.0,0.0,0.0,0.0,0.0,0.0,0.8862124407253396,2.1972245773362196,0.0
4340,2,ma,2,"{10, 12}","{76, 78, 80, 89, 90, 94, 95}",0.0,0.0,0.0,0.0,0.0,0.0,0.34615384615384615,0.0,0.24230769230769228,0.9005830600659809,3.8918202981106265,0.0
4342,2,sa,2,"{9, 10, 7}","{72, 73, 75, 76, 77, 78, 79, 80, 57, 59, 63}",0.0,0.0,0.0,0.0,0.0,0.0,0.0,0.0,0.0,0.8987196820661972,2.302585092994046,0.0
4347,3,eg,1,"{1, 3, 4}","{32, 1, 33, 35, 5, 7, 8, 22, 24, 25}",0.0,0.0,0.0,0.0,0.0,0.0,1.0,0.0,0.7,0.6414999178524083,2.5649493574615367,0.0
4350,3,ma,2,"{8, 11}","{67, 69, 81, 83, 84, 85, 88}",0.0,0.0,0.0,0.0,0.0,0.0,0.0,0.0,0.0,0.0,1.9459101490553132,0.0
4352,3,ae,3,"{17, 18, 14}","{104, 106, 107, 109, 120, 121, 122, 123, 124, 126, 127}",0.0,0.0,0.0,0.0,0.0,0.0,0.0,0.0,0.0,0.0,2.3978952727983707,0.0
4353,3,eg,1,"{1, 2, 4}","{32, 1, 34, 3, 7, 13, 19, 20}",0.0,0.0,0.0,0.0,0.0,0.0,0.21052631578947367,0.0,0.14736842105263157,0.8791179335198799,3.1780538303479458,0.0
4359,1,eg,3,"{16, 17, 18}","{117, 118, 121, 122, 123, 124, 127}",0.0,0.0,0.0,0.0,0.0,0.0,0.0,0.0,0.0,0.0,2.5649493574615367,0.0
4362,1,ae,2,"{9, 11, 13}","{97, 100, 72, 75, 82, 84, 86}",0.0,0.0,0.0,0.0,0.0,0.0,0.0,0.0,0.0,0.0,2.4849066497880004,0.0
4366,3,sa,1,"{4, 5, 6}","{33, 34, 37, 38, 43, 44, 47, 49, 55, 31}",0.0,0.0,0.0,0.0,0.0,0.0,0.0,0.0,0.0,0.5983476069846412,1.6094379124341003,0.0
4368,2,eg,3,"{16, 18, 15}","{110, 112, 114, 116, 118, 124, 125, 126, 127}",0.0,0.0,0.0,0.0,0.0,0.0,0.0,0.0,0.0,0.7454719949364002,2.4849066497880004,0.0
4369,1,eg,3,"{17, 18, 15}","{111, 113, 114, 120, 121, 123, 124, 127}",0.0,0.0,0.0,0.0,0.0,0.0,0.0,0.0,0.0,0.8494440720203918,1.9459101490553132,0.0
4370,1,sa,2,"{9, 10, 13}","{100, 71, 72, 73, 74, 103, 78, 80}",0.0,0.0,0.0,0.0,0.0,0.0,0.0,0.0,0.0,0.4158883083359672,2.4849066497880004,0.0
4373,2,eg,1,"{1, 5}","{36, 5, 38, 6, 8, 43, 44}",0.0,0.0,0.0,0.0,0.0,0.0,0.42857142857142855,0.0,0.3,0.9772069036308795,2.302585092994046,0.0
4375,3,sa,3,"{16, 18, 14}","{104, 108, 109, 116, 117, 118, 124, 125, 126, 127}",0.0,0.0,0.0,0.0,0.0,0.0,0.0,0.0,0.0,0.702319684068633,2.3978952727983707,0.0
4377,3,jo,1,"{2, 4}","{32, 33, 34, 10, 18, 30, 31}",0.0,0.0,0.0,0.0,0.0,0.0,0.0,0.0,0.0,0.811746907778256,1.791759469228055,0.0
4382,2,sa,3,"{16, 18, 14}","{104, 107, 116, 117, 118, 119, 124, 125, 126, 127}",0.0,0.0,0.0,0.0,0.0,0.0,0.0,0.0,0.0,0.0,2.302585092994046,0.0
4385,2,sa,4,"{21, 22, 23}","{141, 142, 143, 146, 147, 148, 149, 151, 153, 154}",0.0,0.0,0.0,0.0,0.0,0.0,0.0,0.0,0.0,0.0,2.302585092994046,0.0
4388,2,eg,3,"{16, 15}","{110, 113, 114, 116, 117, 118, 119}",0.0,0.0,0.0,0.0,0.0,0.0,0.2727272727272727,0.0,0.1909090909090909,1.069634824544452,3.295836866004329,0.0
4389,3,eg,1,"{2, 3, 5}","{40, 42, 11, 13, 14, 18, 21, 24, 25, 26}",0.0,0.0,0.0,0.0,0.0,0.0,0.0,0.0,0.0,0.3295836866004329,1.9459101490553132,0.0
4398,2,eg,2,"{8, 11, 12}","{65, 66, 67, 68, 83, 85, 90, 94, 95}",0.0,0.0,0.0,0.0,0.0,0.0,0.0,0.0,0.0,0.5533319181170905,2.70805020110221,0.0
4401,2,eg,2,"{8, 13}","{97, 66, 99, 68, 69, 70, 103}",0.0,0.0,0.0,0.0,0.0,0.0,0.0,0.0,0.0,0.7454719949364002,2.302585092994046,0.0
4403,2,eg,4,"{20, 21, 23}","{135, 136, 137, 141, 144, 150, 151, 153, 154}",0.0,0.0,0.0,0.0,0.0,0.0,0.0,0.0,0.0,0.0,2.1972245773362196,0.0
4404,1,jo,1,"{3, 5, 6}","{36, 37, 38, 43, 52, 22, 54, 24, 25}",0.0,0.0,0.0,0.0,0.0,0.0,0.5,0.0,0.35,0.5198603854199589,2.0794415416798357,0.0
4416,1,sa,2,"{11, 12}","{83, 84, 85, 86, 89, 90, 94}",0.0,0.0,0.0,0.0,0.0,0.0,0.0,0.0,0.0,0.0,2.9444389791664403,0.0
4420,1,eg,1,"{2, 4, 5}","{32, 33, 34, 36, 37, 39, 10, 12, 14, 18, 20, 31}",0.0,0.0,0.0,0.0,0.0,0.0,0.0,0.0,0.0,0.0,2.8903717578961645,0.0
4429,2,sa,1,"{2, 4, 6}","{32, 33, 35, 10, 11, 12, 14, 49, 51, 31}",0.0,0.0,0.0,0.0,0.0,0.0,0.0,0.0,0.0,0.0,2.5649493574615367,0.0
4437,3,eg,2,"{9, 13, 7}","{97, 100, 71, 72, 73, 103, 58, 59, 60}",0.0,0.0,0.0,0.0,0.0,0.0,0.5714285714285714,0.0,0.39999999999999997,0.9654225552554141,3.58351893845611,0.0
4439,3,eg,1,"{1, 3, 6}","{1, 2, 3, 8, 48, 49, 50, 24, 25, 56, 28}",0.0,0.0,0.0,0.0,0.0,0.0,0.0,0.0,0.0,0.3295836866004329,2.5649493574615367,0.0
4440,3,ae,3,"{16, 14, 15}","{104, 106, 107, 110, 111, 113, 114, 116, 117, 118, 119}",0.0,0.0,0.0,0.0,0.0,0.0,0.6666666666666666,0.0,0.4666666666666666,0.2079441541679836,2.1972245773362196,0.0
4447,3,ae,1,"{2, 4, 6}","{32, 33, 34, 10, 14, 48, 52, 21, 54, 56, 31}",0.0,0.0,0.0,0.0,0.0,0.0,0.0,0.0,0.0,0.0,1.6094379124341003,0.0
4451,3,jo,1,"{1, 3, 4}","{32, 1, 2, 3, 33, 35, 8, 24, 25, 28, 31}",0.0,0.0,0.0,0.0,0.0,0.0,0.0,0.0,0.0,0.0,2.3978952727983707,0.0
4457,2,eg,3,"{17, 18, 15}","{110, 111, 114, 115, 121, 122, 123, 124, 125, 126, 127}",0.0,0.0,0.0,0.0,0.0,0.0,0.0,0.0,0.0,0.0,2.5649493574615367,0.0
4459,2,ae,3,"{17, 14, 15}","{104, 105, 106, 108, 109, 110, 114, 115, 122, 123}",0.0,0.0,0.0,0.0,0.0,0.0,0.0,0.0,0.0,0.0,1.3862943611198906,0.0
4462,3,eg,1,"{1, 5, 6}","{1, 2, 3, 36, 5, 38, 41, 48, 53, 54}",0.0,0.0,0.0,0.0,0.0,0.0,0.0,0.0,0.0,0.0,1.9459101490553132,0.0
4463,2,eg,2,"{10, 13}","{96, 97, 102, 103, 76, 77, 78, 79, 80}",0.0,0.0,0.0,0.0,0.0,0.0,0.0,0.0,0.0,0.702319684068633,2.6390573296152584,0.0
4465,2,eg,1,"{1, 2}","{1, 6, 10, 11, 12, 13, 19}",0.0,0.0,0.0,0.0,0.0,0.0,0.0,0.0,0.0,0.7454719949364002,2.6390573296152584,0.0
4466,3,eg,1,"{4, 5}","{32, 35, 37, 38, 41, 43, 44}",0.0,0.0,0.0,0.0,0.0,0.0,0.25,0.0,0.175,0.8795446763397146,2.1972245773362196,0.0
4474,2,eg,2,"{10, 11, 12}","{76, 77, 78, 79, 80, 84, 85, 86, 88, 89, 91, 94, 95}",0.0,0.0,0.0,0.0,0.0,0.0,0.0,0.0,0.0,0.0,2.0794415416798357,0.0
4476,2,jo,1,"{2, 6}","{10, 13, 15, 48, 49, 19, 52}",0.0,0.0,0.0,0.0,0.0,0.0,0.0,0.0,0.0,0.9715458544334523,2.302585092994046,0.0
4477,2,eg,1,"{3, 5, 6}","{37, 38, 44, 46, 48, 49, 53, 23, 24, 25, 56, 28}",0.0,0.0,0.0,0.0,0.0,0.0,0.5,0.0,0.35,0.7254422860427217,2.3978952727983707,0.0
4481,3,sa,2,"{11, 12}","{84, 86, 88, 89, 91, 94, 95}",0.0,0.0,0.0,0.0,0.0,0.0,0.0,0.0,0.0,0.0,2.0794415416798357,0.0
4483,3,eg,1,"{3, 5, 6}","{40, 44, 48, 50, 54, 23, 28}",0.0,0.0,0.0,0.0,0.0,0.0,1.0,0.0,0.7,0.7357912167657644,2.3978952727983707,0.0
4484,3,eg,2,"{10, 13, 7}","{96, 97, 101, 76, 78, 79, 80, 57, 59, 63}",0.0,0.0,0.0,0.0,0.0,0.0,0.0,0.0,0.0,0.0,2.5649493574615367,0.0
4492,3,ae,4,"{19, 20, 23}","{128, 129, 131, 134, 135, 136, 137, 138, 150, 151, 154}",0.0,0.0,0.0,0.0,0.0,0.0,0.0,0.0,0.0,0.0,2.6390573296152584,0.0
4497,2,sa,1,"{1, 5, 6}","{2, 3, 37, 38, 8, 43, 44, 48, 49, 50, 54}",0.0,0.0,0.0,0.0,0.0,0.0,0.0,0.0,0.0,0.0,2.302585092994046,0.0
4498,2,eg,4,"{20, 21, 22}","{135, 138, 140, 142, 143, 146, 148, 149}",0.0,0.0,0.0,0.0,0.0,0.0,0.0,0.0,0.0,0.0,3.044522437723423,0.0
4499,1,eg,2,"{11, 13, 7}","{64, 96, 101, 103, 81, 84, 85, 86, 57}",0.0,0.0,0.0,0.0,0.0,0.0,0.0,0.0,0.0,0.0,2.4849066497880004,0.0
4500,2,sa,2,"{10, 13}","{96, 98, 99, 103, 78, 79, 80}",0.0,0.0,0.0,0.0,0.0,0.0,0.0,0.0,0.0,0.0,2.1972245773362196,0.0
4509,3,ae,2,"{10, 11, 12}","{76, 79, 80, 84, 85, 86, 87, 89, 92, 93, 94, 95}",0.0,0.0,0.0,0.0,0.0,0.0,0.0,0.0,0.0,0.0,1.791759469228055,0.0
4511,1,eg,3,"{17, 14}","{104, 105, 106, 109, 121, 122, 123}",0.0,0.0,0.0,0.0,0.0,0.0,0.4666666666666667,0.0,0.32666666666666666,0.8987196820661972,3.2188758248682006,0.0
4513,3,jo,1,"{4, 5}","{33, 37, 38, 40, 42, 43, 29, 31}",0.0,0.0,0.0,0.0,0.0,0.0,0.0,0.0,0.0,0.0,1.9459101490553132,0.0
4519,1,ae,4,"{19, 20, 22}","{128, 131, 133, 134, 135, 136, 140, 146, 147, 148, 149}",0.0,0.0,0.0,0.0,0.0,0.0,0.0,0.0,0.0,0.0,2.3978952727983707,0.0
4520,2,jo,1,"{2, 6}","{13, 17, 49, 19, 53, 54, 55}",0.0,0.0,0.0,0.0,0.0,0.0,0.0,0.0,0.0,0.3295836866004329,1.9459101490553132,0.0
4521,2,eg,1,"{1, 3, 5}","{1, 3, 36, 38, 8, 9, 45, 23, 25, 28}",0.0,0.0,0.0,0.0,0.0,0.0,0.0,0.0,0.0,1.07916552766505,1.791759469228055,0.0
4523,1,sa,3,"{18, 14}","{104, 105, 106, 107, 124, 126, 127}",0.0,0.0,0.0,0.0,0.0,0.0,0.0,0.0,0.0,0.7755725992557227,2.4849066497880004,0.0
4525,1,eg,2,"{10, 12}","{76, 77, 80, 89, 92, 93, 94, 95}",0.0,0.0,0.0,0.0,0.0,0.0,0.625,0.0,0.4375,0.9575259952326007,3.5263605246161616,0.0
4529,1,eg,2,"{11, 7}","{84, 85, 86, 88, 57, 58, 60}",0.0,0.0,0.0,0.0,0.0,0.0,0.2,0.0,0.13999999999999999,0.8408703099443996,3.091042453358316,0.0
4535,2,eg,1,"{2, 5}","{37, 38, 39, 40, 42, 11, 14, 17}",0.0,0.0,0.0,0.0,0.0,0.0,0.6,0.0,0.42,0.7631394502848576,2.9444389791664403,0.0
4538,3,ae,1,"{1, 2}","{1, 4, 5, 6, 10, 14, 19}",0.0,0.0,0.0,0.0,0.0,0.0,0.0,0.0,0.0,0.0,2.302585092994046,0.0
4541,3,eg,1,"{1, 2, 3}","{8, 9, 11, 13, 15, 19, 20, 23, 24, 25, 27}",0.0,0.0,0.0,0.0,0.0,0.0,0.0,0.0,0.0,0.9826620502565107,2.4849066497880004,0.0
4546,2,ma,1,"{1, 3, 5}","{1, 2, 38, 40, 44, 24, 25, 27}",0.0,0.0,0.0,0.0,0.0,0.0,0.0,0.0,0.0,0.0,2.1972245773362196,0.0
4553,1,jo,1,"{1, 3, 4}","{1, 2, 24, 25, 28, 30, 31}",0.0,0.0,0.0,0.0,0.0,0.0,0.631578947368421,0.0,0.44210526315789467,1.0755179315174441,3.7376696182833684,0.0
4555,2,ae,4,"{21, 22, 23}","{141, 142, 143, 144, 146, 147, 148, 149, 150, 151, 152, 153, 154}",0.0,0.0,0.0,0.0,0.0,0.0,0.5714285714285714,0.0,0.39999999999999997,0.8795446763397146,2.6390573296152584,0.0
4559,1,jo,1,"{1, 2}","{1, 2, 5, 10, 11, 14, 17}",0.0,0.0,0.0,0.0,0.0,0.0,1.0,0.0,0.7,1.037358517294697,2.1972245773362196,0.0
4563,3,jo,1,"{1, 5}","{1, 3, 5, 38, 6, 42, 47}",0.0,0.0,0.0,0.0,0.0,0.0,0.75,0.0,0.5249999999999999,0.8220958385012986,2.6390573296152584,0.0
4564,2,ae,1,"{1, 3, 4}","{32, 1, 7, 23, 24, 25, 27, 28, 29}",0.0,0.0,0.0,0.0,0.0,0.0,0.031746031746031744,0.0,0.02222222222222222,1.0892890639054125,4.0943445622221,0.0
4567,3,jo,2,"{9, 11}","{71, 72, 73, 75, 82, 84, 85, 86}",0.0,0.0,0.0,0.0,0.0,0.0,0.35714285714285715,0.0,0.25,1.0892890639054125,3.1780538303479458,0.0
4568,2,sa,2,"{10, 11, 12}","{76, 79, 80, 81, 82, 84, 85, 86, 89, 91, 93, 94, 95}",0.0,0.0,0.0,0.0,0.0,0.0,0.6666666666666666,0.0,0.4666666666666666,1.0117854524226542,3.1354942159291497,0.0
4570,2,eg,1,"{3, 4, 5}","{32, 33, 34, 42, 43, 23, 26}",0.0,0.0,0.0,0.0,0.0,0.0,0.0,0.0,0.0,0.6591673732008658,1.791759469228055,0.0
4571,2,sa,3,"{17, 18, 14}","{104, 105, 106, 109, 120, 121, 122, 123, 124, 126, 127}",0.0,0.0,0.0,0.0,0.0,0.0,0.0,0.0,0.0,0.7143260902196634,1.791759469228055,0.0
4576,2,eg,1,"{2, 4, 6}","{33, 10, 11, 48, 49, 18, 50, 20, 56, 29}",0.0,0.0,0.0,0.0,0.0,0.0,0.0,0.0,0.0,0.0,2.0794415416798357,0.0
4577,2,eg,1,"{1, 2}","{2, 3, 5, 8, 11, 13, 18}",0.0,0.0,0.0,0.0,0.0,0.0,0.0,0.0,0.0,0.2079441541679836,1.9459101490553132,0.0
4581,3,eg,1,"{2, 4}","{32, 33, 11, 16, 20, 30, 31}",0.0,0.0,0.0,0.0,0.0,0.0,0.0,0.0,0.0,0.0,1.9459101490553132,0.0
4585,1,ae,4,"{20, 21, 23}","{135, 136, 138, 140, 141, 142, 143, 144, 145, 150, 151, 152, 154}",0.0,0.0,0.0,0.0,0.0,0.0,0.0,0.0,0.0,0.6238324625039507,2.302585092994046,0.0
4588,2,sa,2,"{8, 10, 7}","{65, 66, 67, 70, 76, 77, 57, 58}",0.0,0.0,0.0,0.0,0.0,0.0,0.6428571428571429,0.0,0.45,0.8791179335198799,2.9444389791664403,0.0
4589,2,sa,3,"{16, 18}","{116, 117, 118, 124, 125, 126, 127}",0.0,0.0,0.0,0.0,0.0,0.0,0.3333333333333333,0.0,0.2333333333333333,0.811746907778256,2.6390573296152584,0.0
4598,1,sa,3,"{18, 15}","{110, 114, 115, 124, 125, 126, 127}",0.0,0.0,0.0,0.0,0.0,0.0,0.0,0.0,0.0,0.0,1.6094379124341003,0.0
4604,1,sa,2,"{9, 12, 13}","{96, 97, 99, 100, 71, 72, 73, 103, 89, 91, 93, 94, 95}",0.0,0.0,0.0,0.0,0.0,0.0,0.0,0.0,0.0,0.0,2.0794415416798357,0.0
4605,3,eg,1,"{2, 5, 6}","{38, 39, 42, 11, 12, 13, 48, 49, 52}",0.0,0.0,0.0,0.0,0.0,0.0,0.4,0.0,0.27999999999999997,1.002691759150189,3.091042453358316,0.0
4606,3,eg,4,"{19, 21, 23}","{130, 131, 134, 141, 142, 144, 150, 151, 152, 153, 154}",0.0,0.0,0.0,0.0,0.0,0.0,0.5,0.0,0.35,0.8220958385012986,1.791759469228055,0.0
4609,3,ae,1,"{1, 2}","{3, 4, 5, 6, 8, 11, 12}",0.0,0.0,0.0,0.0,0.0,0.0,0.5,0.0,0.35,0.8220958385012986,2.5649493574615367,0.0
4612,2,ma,2,"{9, 11, 12}","{72, 73, 74, 84, 85, 86, 88, 89, 90, 92, 94, 95}",0.0,0.0,0.0,0.0,0.0,0.0,0.0,0.0,0.0,0.0,3.332204510175204,0.0
4615,1,ma,2,"{10, 12}","{76, 78, 80, 89, 90, 93, 94, 95}",0.0,0.0,0.0,0.0,0.0,0.0,0.5454545454545454,0.0,0.3818181818181818,0.6496100010429496,3.4011973816621555,0.0
4618,2,ma,2,"{8, 11, 7}","{64, 67, 68, 83, 85, 57, 59, 60, 62}",0.0,0.0,0.0,0.0,0.0,0.0,0.5,0.0,0.35,0.8006307119551976,2.995732273553991,0.0
4621,2,ae,1,"{1, 2, 5}","{1, 2, 3, 4, 5, 36, 10, 42, 43, 13, 14, 15, 44}",0.0,0.0,0.0,0.0,0.0,0.0,0.0,0.0,0.0,0.0,1.6094379124341003,0.0
4626,2,eg,4,"{21, 23}","{141, 142, 143, 144, 145, 150, 151, 152, 154}",0.0,0.0,0.0,0.0,0.0,0.0,0.5555555555555556,0.0,0.3888888888888889,0.9046027890391894,2.772588722239781,0.0
4629,3,ae,3,"{17, 18, 14}","{106, 108, 109, 121, 122, 124, 125, 126, 127}",0.0,0.0,0.0,0.0,0.0,0.0,0.09523809523809523,0.0,0.06666666666666665,0.8540598208204049,4.060443010546419,0.0
4630,2,sa,2,"{9, 13, 7}","{96, 97, 102, 72, 73, 75, 59, 61}",0.0,0.0,0.0,0.0,0.0,0.0,0.0,0.0,0.0,0.0,2.0794415416798357,0.0
4631,3,eg,1,"{1, 4, 6}","{32, 1, 3, 4, 35, 8, 49, 53, 54, 56, 31}",0.0,0.0,0.0,0.0,0.0,0.0,0.0,0.0,0.0,0.0,1.6094379124341003,0.0
4637,1,eg,1,"{2, 4, 5}","{32, 33, 36, 44, 13, 47, 19, 29, 30, 31}",0.0,0.0,0.0,0.0,0.0,0.0,1.0,0.0,0.7,0.3295836866004329,3.1780538303479458,0.0
4641,1,ae,1,"{1, 4, 5}","{32, 1, 33, 4, 37, 38, 39, 40, 44, 29, 31}",0.0,0.0,0.0,0.0,0.0,0.0,0.3333333333333333,0.0,0.2333333333333333,0.997929454403002,1.791759469228055,0.0
4643,2,eg,1,"{1, 3, 5}","{36, 7, 8, 39, 44, 22, 24}",0.0,0.0,0.0,0.0,0.0,0.0,0.0,0.0,0.0,0.0,1.791759469228055,0.0
4644,3,ma,1,"{2, 4, 6}","{32, 11, 13, 48, 49, 50, 21, 54, 30}",0.0,0.0,0.0,0.0,0.0,0.0,0.0,0.0,0.0,0.0,1.9459101490553132,0.0
4649,2,ae,3,"{16, 18, 15}","{111, 115, 116, 117, 118, 119, 124, 125, 126, 127}",0.0,0.0,0.0,0.0,0.0,0.0,0.0,0.0,0.0,0.0,1.9459101490553132,0.0
4650,1,ma,1,"{1, 4, 5}","{32, 3, 4, 5, 36, 37, 8, 9, 44, 47, 29, 31}",0.0,0.0,0.0,0.0,0.0,0.0,0.0,0.0,0.0,0.7357912167657644,1.791759469228055,0.0
4660,3,eg,4,"{20, 21, 22}","{135, 137, 138, 141, 142, 144, 146, 148, 149}",0.0,0.0,0.0,0.0,0.0,0.0,0.0,0.0,0.0,0.8725666739944806,2.3978952727983707,0.0
4664,1,eg,4,"{20, 21, 23}","{135, 136, 140, 141, 142, 143, 145, 153, 154}",0.0,0.0,0.0,0.0,0.0,0.0,0.18181818181818182,0.0,0.12727272727272726,1.0117854524226542,2.772588722239781,0.0
4665,3,ae,2,"{8, 10, 12}","{65, 66, 67, 69, 76, 78, 80, 90, 94, 95}",0.0,0.0,0.0,0.0,0.0,0.0,0.42857142857142855,0.07142857142857142,0.2785714285714286,1.0117854524226542,3.1354942159291497,0.0
4666,2,ae,1,"{3, 4}","{32, 33, 23, 25, 27, 30, 31}",0.0,0.0,0.0,0.0,0.0,0.0,0.0,0.0,0.0,0.0,2.6390573296152584,0.0
4667,2,jo,1,"{2, 4, 6}","{32, 33, 34, 10, 11, 14, 16, 49, 50, 54, 56, 31}",0.0,0.0,0.0,0.0,0.0,0.0,0.4583333333333333,0.0,0.3208333333333333,0.9901845178093314,3.4965075614664802,0.0
4678,2,jo,3,"{16, 18}","{116, 117, 118, 119, 124, 126, 127}",0.0,0.0,0.0,0.0,0.0,0.0,0.0,0.0,0.0,0.0,1.6094379124341003,0.0
4680,2,sa,2,"{8, 9, 10}","{65, 66, 67, 70, 71, 72, 73, 75, 76, 78, 79, 80}",0.0,0.0,0.0,0.0,0.0,0.0,0.0,0.0,0.0,0.9395097393887435,2.6390573296152584,0.0
4683,2,ae,4,"{21, 22, 23}","{141, 142, 144, 146, 147, 148, 149, 150, 151, 152, 154}",0.0,0.0,0.0,0.0,0.0,0.0,0.5,0.0,0.35,0.9448423870283913,2.3978952727983707,0.0
4686,3,sa,3,"{17, 18, 15}","{110, 111, 113, 114, 115, 120, 121, 123, 125, 126}",0.0,0.0,0.0,0.0,0.0,0.0,0.0,0.0,0.0,0.0,2.1972245773362196,0.0
4693,2,eg,2,"{9, 12, 7}","{64, 89, 72, 73, 74, 75, 57, 90, 59, 60, 62, 95}",0.0,0.0,0.0,0.0,0.0,0.0,0.0,0.0,0.0,0.0,2.3978952727983707,0.0
4701,1,ma,1,"{1, 2, 6}","{3, 4, 5, 13, 14, 19, 20, 52, 54}",0.0,0.0,0.0,0.0,0.0,0.0,0.041666666666666664,0.0,0.029166666666666664,0.7535820781269414,3.4011973816621555,0.0
4702,2,ma,1,"{1, 3, 6}","{1, 3, 7, 49, 52, 22, 23, 24, 54, 56}",0.0,0.0,0.0,0.0,0.0,0.0,0.3333333333333333,0.0,0.2333333333333333,0.8890389038955615,2.4849066497880004,0.0
4706,1,sa,1,"{3, 6}","{49, 50, 54, 55, 24, 25, 56, 28}",0.0,0.0,0.0,0.0,0.0,0.0,0.3333333333333333,0.0,0.2333333333333333,0.8725666739944806,3.6635616461296463,0.0
4707,1,sa,1,"{3, 4, 6}","{32, 34, 48, 49, 50, 55, 23, 56, 25, 26}",0.0,0.0,0.0,0.0,0.0,0.0,0.0,0.0,0.0,0.0,2.302585092994046,0.0
4708,3,sa,3,"{16, 15}","{110, 111, 112, 116, 117, 118, 119}",0.0,0.0,0.0,0.0,0.0,0.0,0.0,0.0,0.0,0.7631394502848576,1.3862943611198906,0.0
4710,2,ae,1,"{3, 6}","{48, 49, 51, 22, 23, 24, 25, 54, 28}",0.0,0.0,0.0,0.0,0.0,0.0,0.6666666666666666,0.0,0.4666666666666666,1.07916552766505,2.302585092994046,0.0
4717,3,eg,1,"{4, 5, 6}","{35, 39, 44, 49, 53, 54, 31}",0.0,0.0,0.0,0.0,0.0,0.0,0.0,0.0,0.0,1.0750556815368328,2.6390573296152584,0.0
4718,2,eg,1,"{1, 3, 6}","{1, 3, 56, 7, 48, 53, 54, 23, 24, 25, 26}",0.0,0.0,0.0,0.0,0.0,0.0,0.0,0.0,0.0,0.7545656882088654,2.4849066497880004,0.0
4721,2,sa,2,"{10, 12, 7}","{89, 76, 78, 79, 80, 57, 91, 62}",0.0,0.0,0.0,0.0,0.0,0.0,0.0,0.0,0.0,0.761276072285074,2.302585092994046,0.0
4725,3,eg,1,"{2, 3, 5}","{36, 13, 46, 19, 20, 24, 26}",0.0,0.0,0.0,0.0,0.0,0.0,1.0,0.0,0.7,0.3295836866004329,2.3978952727983707,0.0
4729,2,eg,1,"{1, 4, 5}","{1, 3, 4, 37, 7, 8, 40, 44, 29, 31}",0.0,0.0,0.0,0.0,0.0,0.0,0.0,0.0,0.0,0.0,2.302585092994046,0.0
4731,3,ma,2,"{9, 13, 7}","{96, 97, 101, 72, 73, 74, 59, 60, 61}",0.0,0.0,0.0,0.0,0.0,0.0,0.0,0.0,0.0,0.0,1.6094379124341003,0.0
4733,2,eg,1,"{2, 3, 6}","{14, 48, 49, 19, 52, 22, 24, 25, 56}",0.0,0.0,0.0,0.0,0.0,0.0,0.0,0.0,0.0,0.7357912167657644,2.70805020110221,0.0
4740,2,jo,1,"{1, 6}","{3, 6, 8, 48, 50, 53, 54, 56}",0.0,0.0,0.0,0.0,0.0,0.0,0.1111111111111111,0.0,0.07777777777777777,0.632926155776416,2.70805020110221,0.0
4743,2,eg,1,"{3, 5}","{37, 39, 44, 47, 22, 23, 25}",0.0,0.0,0.0,0.0,0.0,0.0,1.0,0.0,0.7,0.924497220605196,2.3978952727983707,0.0
4745,3,eg,1,"{1, 5}","{1, 36, 5, 38, 8, 9, 44, 46}",0.0,0.0,0.0,0.0,0.0,0.0,1.0,0.0,0.7,0.8890389038955615,2.772588722239781,0.0
4746,3,eg,3,"{16, 17, 18}","{116, 117, 118, 119, 120, 121, 122, 123, 124, 125, 126, 127}",0.0,0.0,0.0,0.0,0.0,0.0,0.0,0.0,0.0,0.6749714505495398,2.3978952727983707,0.0
4749,3,eg,1,"{3, 5, 6}","{56, 37, 44, 47, 49, 55, 22, 23, 24, 25, 26}",0.0,0.0,0.0,0.0,0.0,0.0,0.0,0.0,0.0,0.6591673732008658,1.0986122886681098,0.0
4751,3,sa,1,"{2, 3}","{12, 14, 20, 22, 23, 24, 25, 28}",0.0,0.0,0.0,0.0,0.0,0.0,0.0,0.0,0.0,0.0,2.4849066497880004,0.0
4757,1,eg,1,"{1, 2, 6}","{1, 3, 7, 8, 13, 17, 49, 50, 51, 54, 56}",0.0,0.0,0.0,0.0,0.0,0.0,0.47058823529411764,0.0,0.32941176470588235,0.6907755278982136,3.367295829986474,0.0
4761,2,jo,2,"{9, 11, 12}","{72, 73, 74, 75, 81, 84, 85, 86, 91, 94}",0.0,0.0,0.0,0.0,0.0,0.0,0.0,0.0,0.0,0.811746907778256,1.791759469228055,0.0
4769,3,sa,1,"{2, 6}","{13, 48, 17, 49, 19, 53, 54}",0.0,0.0,0.0,0.0,0.0,0.0,0.3333333333333333,0.0,0.2333333333333333,0.8652481493690658,2.772588722239781,0.0
4772,3,eg,1,"{3, 4}","{33, 34, 23, 24, 26, 29, 31}",0.0,0.0,0.0,0.0,0.0,0.0,0.0,0.0,0.0,0.0,1.9459101490553132,0.0
4775,2,eg,1,"{1, 6}","{3, 4, 8, 49, 54, 55, 56}",0.0,0.0,0.0,0.0,0.0,0.0,1.0,0.0,0.7,0.8987196820661972,2.3978952727983707,0.0
4777,3,ma,1,"{1, 2, 5}","{3, 36, 5, 37, 8, 9, 11, 45, 14, 17}",0.0,0.0,0.0,0.0,0.0,0.0,0.5,0.0,0.35,1.0892890639054125,2.5649493574615367,0.0
4783,2,sa,3,"{16, 18, 14}","{104, 106, 107, 109, 116, 117, 118, 119, 124, 125, 126, 127}",0.0,0.0,0.0,0.0,0.0,0.0,0.42105263157894735,0.0,0.29473684210526313,0.9901845178093314,3.332204510175204,0.0
4784,3,eg,1,"{3, 5}","{37, 38, 45, 22, 24, 25, 26}",0.0,0.0,0.0,0.0,0.0,0.0,0.0,0.0,0.0,0.7357912167657644,2.4849066497880004,0.0
4797,2,eg,1,"{3, 6}","{49, 50, 54, 24, 25, 56, 28}",0.0,0.0,0.0,0.0,0.0,0.0,0.0,0.0,0.0,0.2079441541679836,2.302585092994046,0.0
4801,2,jo,3,"{14, 15}","{105, 106, 109, 110, 111, 112, 114}",0.0,0.0,0.0,0.0,0.0,0.0,0.0,0.0,0.0,0.0,2.4849066497880004,0.0
4804,2,sa,1,"{3, 4}","{33, 35, 22, 23, 24, 25, 26, 31}",0.0,0.0,0.0,0.0,0.0,0.0,0.0,0.0,0.0,1.0011842087721639,2.3978952727983707,0.0
4808,1,eg,2,"{9, 13, 7}","{96, 97, 101, 71, 72, 58, 59, 60}",0.0,0.0,0.0,0.0,0.0,0.0,0.0,0.0,0.0,0.8575541552109331,1.3862943611198906,0.0
4809,3,eg,4,"{19, 21, 22}","{128, 129, 130, 131, 134, 141, 142, 143, 146, 147, 148, 149}",0.0,0.0,0.0,0.0,0.0,0.0,0.4,0.0,0.27999999999999997,1.0026917591501892,3.6109179126442243,0.0
4810,3,jo,1,"{2, 5, 6}","{37, 10, 11, 42, 43, 15, 49, 18, 20, 52}",0.0,0.0,0.0,0.0,0.0,0.0,0.2,0.0,0.13999999999999999,0.7454719949364002,2.833213344056216,0.0
4812,1,eg,1,"{1, 5}","{4, 36, 6, 8, 42, 44, 45}",0.0,0.0,0.0,0.0,0.0,0.0,0.0,0.0,0.0,0.5375278407684165,1.3862943611198906,0.0
4814,3,eg,1,"{2, 3, 6}","{16, 20, 52, 54, 23, 24, 25, 56, 28}",0.0,0.0,0.0,0.0,0.0,0.0,0.0,0.0,0.0,0.0,2.1972245773362196,0.0
4815,1,sa,2,"{9, 12, 7}","{64, 72, 91, 75, 57, 58, 59, 60, 94}",0.0,0.0,0.0,0.0,0.0,0.0,0.0,0.0,0.0,0.6414999178524083,1.791759469228055,0.0
4818,3,sa,1,"{2, 4}","{32, 33, 35, 10, 13, 14, 18, 21, 30, 31}",0.0,0.0,0.0,0.0,0.0,0.0,0.0,0.0,0.0,0.8494440720203918,1.3862943611198906,0.0
4819,2,sa,2,"{13, 7}","{64, 97, 96, 100, 102, 103, 60}",0.0,0.0,0.0,0.0,0.0,0.0,1.0,0.0,0.7,0.5198603854199589,1.791759469228055,0.0
4820,3,ae,2,"{11, 7}","{64, 81, 84, 85, 86, 87, 60}",0.0,0.0,0.0,0.0,0.0,0.0,0.2857142857142857,0.0,0.19999999999999998,0.9531555061196024,3.1354942159291497,0.0
4826,2,ma,1,"{1, 6}","{1, 5, 7, 8, 49, 51, 54}",0.0,0.0,0.0,0.0,0.0,0.0,0.0,0.0,0.0,0.0,2.3978952727983707,0.0
4827,3,eg,1,"{2, 6}","{10, 12, 13, 49, 19, 52, 56}",0.0,0.0,0.0,0.0,0.0,0.0,0.0,0.0,0.0,0.4158883083359672,2.1972245773362196,0.0
4830,2,jo,2,"{8, 12}","{66, 68, 70, 89, 90, 93, 94}",0.0,0.0,0.0,0.0,0.0,0.0,0.0,0.0,0.0,0.7357912167657644,2.4849066497880004,0.0
4834,3,eg,1,"{1, 2, 5}","{1, 2, 5, 38, 8, 40, 14, 16, 20}",0.0,0.0,0.0,0.0,0.0,0.0,0.5,0.0,0.35,0.7712495334753989,2.4849066497880004,0.0
4836,3,eg,1,"{2, 3, 4}","{32, 33, 11, 19, 24, 26, 29, 31}",0.0,0.0,0.0,0.0,0.0,0.0,0.0,0.0,0.0,0.0,1.791759469228055,0.0
4840,2,jo,3,"{18, 14}","{104, 105, 107, 109, 124, 126, 127}",0.0,0.0,0.0,0.0,0.0,0.0,0.0,0.0,0.0,0.0,1.9459101490553132,0.0
4841,1,eg,1,"{1, 3, 6}","{1, 5, 9, 48, 49, 52, 22, 23, 24, 25, 54, 28}",0.0,0.0,0.0,0.0,0.0,0.0,0.0,0.0,0.0,0.0,2.0794415416798357,0.0
4847,2,ae,4,"{20, 23}","{136, 140, 150, 151, 152, 153, 154}",0.0,0.0,0.0,0.0,0.0,0.0,0.0,0.0,0.0,0.0,1.3862943611198906,0.0
4849,2,sa,1,"{1, 2, 6}","{1, 3, 8, 9, 11, 12, 13, 48, 50, 20, 21, 53, 54, 56}",0.0,0.0,0.0,0.0,0.0,0.0,0.0,0.0,0.0,0.0,2.302585092994046,0.0
4851,2,eg,2,"{8, 13, 7}","{96, 65, 97, 67, 98, 69, 99, 103, 57, 58, 59}",0.0,0.0,0.0,0.0,0.0,0.0,0.0,0.0,0.0,0.0,2.5649493574615367,0.0
4852,2,sa,2,"{8, 10, 11}","{65, 67, 68, 79, 80, 85, 86, 88}",0.0,0.0,0.0,0.0,0.0,0.0,0.0,0.0,0.0,0.0,2.3978952727983707,0.0
4853,3,jo,1,"{2, 5, 6}","{38, 10, 43, 44, 48, 18, 50, 53, 54, 56}",0.0,0.0,0.0,0.0,0.0,0.0,1.0,0.0,0.7,1.0750556815368328,2.302585092994046,0.0
4859,1,eg,1,"{1, 5}","{1, 3, 4, 37, 5, 38, 41, 44}",0.0,0.0,0.0,0.0,0.0,0.0,0.0,0.0,0.0,0.9656627474604601,4.343805421853684,0.0
4860,1,jo,1,"{1, 3, 6}","{1, 2, 5, 6, 8, 49, 51, 23, 24, 25, 56, 28}",0.0,0.0,0.0,0.0,0.0,0.0,0.0,0.0,0.0,0.0,1.3862943611198906,0.0
4864,2,sa,1,"{3, 4, 6}","{32, 33, 35, 48, 49, 51, 24, 56, 28, 31}",0.0,0.0,0.0,0.0,0.0,0.0,0.0,0.0,0.0,0.0,1.791759469228055,0.0
4870,2,ma,3,"{16, 14, 15}","{104, 105, 109, 110, 111, 113, 114, 115, 116, 117, 118, 119}",0.0,0.0,0.0,0.0,0.0,0.0,0.2777777777777778,0.0,0.19444444444444445,0.678268286557356,3.4339872044851463,0.0
4873,1,eg,2,"{11, 7}","{81, 83, 84, 85, 86, 60, 62}",0.0,0.0,0.0,0.0,0.0,0.0,0.0,0.0,0.0,0.6749714505495398,2.9444389791664403,0.0
4875,3,sa,2,"{8, 11, 7}","{65, 66, 67, 69, 70, 84, 85, 86, 88, 59, 60, 62}",0.0,0.0,0.0,0.0,0.0,0.0,0.0,0.0,0.0,0.0,2.5649493574615367,0.0
4879,2,ma,1,"{4, 6}","{32, 33, 50, 54, 56, 30, 31}",0.0,0.0,0.0,0.0,0.0,0.0,0.4375,0.0,0.30624999999999997,1.0892890639054125,3.044522437723423,0.0
4885,2,eg,3,"{18, 14}","{106, 107, 108, 124, 125, 126, 127}",0.0,0.0,0.0,0.0,0.0,0.0,0.0,0.0,0.0,0.0,2.1972245773362196,0.0
4887,3,ae,2,"{11, 13}","{97, 98, 103, 83, 84, 85, 86, 87}",0.0,0.0,0.0,0.0,0.0,0.0,1.0,0.0,0.7,0.8862124407253396,2.1972245773362196,0.0
4889,2,ma,1,"{2, 6}","{13, 14, 48, 17, 51, 20, 56}",0.0,0.0,0.0,0.0,0.0,0.0,0.0,0.0,0.0,0.0,2.4849066497880004,0.0
4890,1,ae,2,"{10, 13, 7}","{96, 97, 98, 103, 76, 78, 79, 80, 57, 60, 62}",0.0,0.0,0.0,0.0,0.0,0.0,0.6666666666666666,0.0,0.4666666666666666,0.8317766166719344,2.6390573296152584,0.0
4893,1,eg,2,"{9, 11, 13}","{96, 97, 102, 71, 72, 73, 103, 85, 88}",0.0,0.0,0.0,0.0,0.0,0.0,0.0,0.0,0.0,0.0,2.302585092994046,0.0
4894,2,ae,2,"{11, 12, 13}","{96, 97, 101, 102, 103, 81, 84, 91, 94, 95}",0.0,0.0,0.0,0.0,0.0,0.0,0.0,0.0,0.0,0.0,2.0794415416798357,0.0
4898,2,eg,1,"{4, 5}","{32, 33, 35, 36, 37, 43, 44}",0.0,0.0,0.0,0.0,0.0,0.0,0.5,0.0,0.35,0.702319684068633,2.9444389791664403,0.0
4899,2,ae,2,"{9, 7}","{71, 72, 73, 74, 57, 58, 59, 60, 63}",0.0,0.0,0.0,0.0,0.0,0.0,0.0,0.0,0.0,0.2079441541679836,2.5649493574615367,0.0
4900,2,eg,1,"{2, 5, 6}","{37, 42, 11, 13, 47, 16, 49, 50, 51, 20, 54, 56}",0.0,0.0,0.0,0.0,0.0,0.0,0.0,0.0,0.0,0.0,2.302585092994046,0.0
4901,3,ae,1,"{1, 3, 4}","{32, 1, 3, 5, 9, 23, 24, 26, 29}",0.0,0.0,0.0,0.0,0.0,0.0,0.0,0.0,0.0,0.0,2.0794415416798357,0.0
4904,2,eg,1,"{2, 3, 5}","{37, 38, 10, 11, 42, 14, 47, 18, 23, 24, 25, 26, 28}",0.0,0.0,0.0,0.0,0.0,0.0,0.0,0.0,0.0,0.811746907778256,2.0794415416798357,0.0
4909,1,ae,1,"{1, 4, 5}","{32, 1, 33, 3, 35, 5, 6, 7, 36, 37, 43, 44, 30, 31}",0.0,0.0,0.0,0.0,0.0,0.0,0.0,0.0,0.0,0.0,1.9459101490553132,0.0
4910,1,eg,1,"{1, 5, 6}","{1, 2, 3, 36, 37, 7, 8, 39, 44, 48, 53, 54, 56}",0.0,0.0,0.0,0.0,0.0,0.0,0.0,0.0,0.0,0.2079441541679836,2.302585092994046,0.0
4911,1,eg,1,"{2, 5}","{36, 42, 10, 13, 46, 47, 19}",0.0,0.0,0.0,0.0,0.0,0.0,0.6,0.0,0.42,0.9826620502565107,4.430816798843313,0.0
4916,1,sa,1,"{2, 5, 6}","{36, 38, 10, 11, 42, 45, 46, 48, 17, 20, 55, 56}",0.0,0.0,0.0,0.0,0.0,0.0,0.0,0.0,0.0,0.0,1.9459101490553132,0.0
4932,2,ae,4,"{19, 21, 22}","{128, 130, 131, 134, 141, 142, 145, 146, 147, 148, 149}",0.0,0.0,0.0,0.0,0.0,0.0,0.0,0.0,0.0,0.8575541552109331,2.4849066497880004,0.0
4934,3,ae,1,"{1, 5, 6}","{37, 7, 8, 44, 47, 48, 49, 52}",0.0,0.0,0.0,0.0,0.0,0.0,0.0,0.0,0.0,0.0,2.1972245773362196,0.0
4940,3,ae,3,"{18, 15}","{110, 111, 114, 115, 124, 125, 126, 127}",0.0,0.0,0.0,0.0,0.0,0.0,0.0,0.0,0.0,0.0,1.6094379124341003,0.0
4946,3,eg,1,"{1, 2, 3}","{3, 5, 7, 10, 15, 22, 23, 25}",0.0,0.0,0.0,0.0,0.0,0.0,0.6666666666666666,0.0,0.4666666666666666,0.2079441541679836,2.302585092994046,0.0
4950,3,ma,3,"{16, 17, 14}","{108, 109, 116, 117, 118, 119, 120, 121, 122, 123}",0.0,0.0,0.0,0.0,0.0,0.0,0.0,0.0,0.0,0.0,1.9459101490553132,0.0
4952,2,sa,3,"{16, 18}","{116, 117, 118, 119, 124, 125, 126, 127}",0.0,0.0,0.0,0.0,0.0,0.0,0.0,0.0,0.0,0.0,1.791759469228055,0.0
4953,2,ma,1,"{1, 3, 6}","{1, 56, 5, 9, 49, 53, 22, 23, 24, 25, 54}",0.0,0.0,0.0,0.0,0.0,0.0,0.0,0.0,0.0,0.0,0.6931471805599453,0.0
4959,2,eg,1,"{3, 4, 5}","{32, 33, 34, 35, 37, 38, 40, 43, 44, 23, 24, 25, 26, 31}",0.0,0.0,0.0,0.0,0.0,0.0,0.0,0.0,0.0,0.702319684068633,2.302585092994046,0.0
4962,2,sa,1,"{1, 6}","{1, 4, 48, 51, 54, 55, 56}",0.0,0.0,0.0,0.0,0.0,0.0,0.0,0.0,0.0,0.0,1.791759469228055,0.0
4964,3,eg,1,"{3, 4}","{32, 33, 23, 24, 25, 28, 30}",0.0,0.0,0.0,0.0,0.0,0.0,0.75,0.0,0.5249999999999999,1.0783751607630483,3.2188758248682006,0.0
4965,1,jo,1,"{1, 5, 6}","{1, 37, 8, 9, 41, 42, 44, 48, 49, 52, 53, 56}",0.0,0.0,0.0,0.0,0.0,0.0,0.6666666666666666,0.0,0.4666666666666666,0.7254422860427217,3.1354942159291497,0.0
4968,3,ae,1,"{3, 4, 6}","{32, 33, 50, 54, 24, 25, 26, 29, 30, 31}",0.0,0.0,0.0,0.0,0.0,0.0,0.041666666666666664,0.0,0.029166666666666664,0.9996613530525611,3.5263605246161616,0.0
4972,2,eg,3,"{17, 18}","{120, 121, 123, 124, 125, 126, 127}",0.0,0.0,0.0,0.0,0.0,0.0,0.4444444444444444,0.0,0.31111111111111106,0.9654225552554141,3.332204510175204,0.0
4975,2,eg,1,"{4, 6}","{32, 33, 35, 49, 55, 56, 29, 31}",0.0,0.0,0.0,0.0,0.0,0.0,1.0,0.0,0.7,0.6892679775201884,2.0794415416798357,0.0
4977,3,ae,4,"{19, 20, 22}","{132, 134, 135, 136, 139, 146, 147, 148, 149}",0.0,0.0,0.0,0.0,0.0,0.0,0.0,0.0,0.0,0.2079441541679836,1.9459101490553132,0.0
4981,1,ma,2,"{8, 12, 13}","{96, 65, 66, 67, 97, 69, 101, 91, 94}",0.0,0.0,0.0,0.0,0.0,0.0,0.0,0.0,0.0,0.7631394502848576,2.302585092994046,0.0
4985,1,eg,2,"{8, 10, 13}","{96, 97, 66, 69, 102, 76, 77}",0.0,0.0,0.0,0.0,0.0,0.0,0.5,0.0,0.35,0.9595394482824219,2.1972245773362196,0.0
4986,2,eg,2,"{11, 12, 7}","{89, 91, 81, 85, 86, 57, 59, 61, 95}",0.0,0.0,0.0,0.0,0.0,0.0,0.0,0.0,0.0,0.5533319181170905,1.9459101490553132,0.0
4993,2,sa,1,"{1, 3, 4}","{1, 3, 7, 8, 9, 23, 24, 25, 27, 29, 31}",0.0,0.0,0.0,0.0,0.0,0.0,0.0,0.0,0.0,0.0,1.3862943611198906,0.0
4997,2,ae,2,"{9, 11, 12}","{71, 72, 73, 74, 75, 84, 85, 86, 87, 93, 94, 95}",0.0,0.0,0.0,0.0,0.0,0.0,0.0,0.0,0.0,0.0,2.3978952727983707,0.0
4998,2,sa,3,"{18, 15}","{110, 111, 112, 114, 115, 124, 125, 126, 127}",0.0,0.0,0.0,0.0,0.0,0.0,1.0,0.0,0.7,0.49983067652628055,2.1972245773362196,0.0
5004,1,eg,1,"{1, 3}","{3, 6, 7, 23, 24, 25, 27}",0.0,0.0,0.0,0.0,0.0,0.0,0.6666666666666666,0.0,0.4666666666666666,0.9715458544334523,2.6390573296152584,0.0
5007,1,sa,1,"{1, 4, 5}","{33, 3, 4, 5, 6, 38, 8, 39, 42, 30, 31}",0.0,0.0,0.0,0.0,0.0,0.0,0.6666666666666666,0.0,0.4666666666666666,0.9879257482282011,2.5649493574615367,0.0
5008,2,eg,1,"{5, 6}","{36, 39, 40, 42, 45, 49, 50}",0.0,0.0,0.0,0.0,0.0,0.0,0.42857142857142855,0.0,0.3,1.0892890639054125,3.4011973816621555,0.0
5009,2,eg,3,"{17, 14}","{104, 105, 107, 109, 120, 121, 122}",0.0,0.0,0.0,0.0,0.0,0.0,0.0,0.0,0.0,0.2079441541679836,2.8903717578961645,0.0
5012,2,ae,4,"{20, 22}","{135, 136, 140, 146, 147, 148, 149}",0.0,0.0,0.0,0.0,0.0,0.0,0.5,0.0,0.35,1.0203592144986464,2.6390573296152584,0.0
5015,1,sa,3,"{16, 17, 18}","{116, 117, 118, 119, 120, 121, 123, 124, 126}",0.0,0.0,0.0,0.0,0.0,0.0,0.0,0.0,0.0,0.0,2.1972245773362196,0.0
5018,2,eg,1,"{3, 5}","{36, 38, 42, 43, 47, 24, 25, 28}",0.0,0.0,0.0,0.0,0.0,0.0,0.4666666666666667,0.0,0.32666666666666666,1.0892890639054125,3.8501476017100584,0.0
5023,2,ma,4,"{19, 20, 23}","{128, 130, 131, 133, 134, 135, 136, 137, 138, 139, 150, 151, 152, 153, 154}",0.0,0.0,0.0,0.0,0.0,0.0,0.0,0.0,0.0,0.0,1.6094379124341003,0.0
5027,3,eg,4,"{19, 22, 23}","{131, 133, 134, 146, 148, 149, 150, 151, 152, 153, 154}",0.0,0.0,0.0,0.0,0.0,0.0,0.0,0.0,0.0,1.0398671837358762,2.3978952727983707,0.0
5034,1,eg,3,"{16, 17, 18}","{116, 117, 118, 119, 120, 121, 123, 125, 126, 127}",0.0,0.0,0.0,0.0,0.0,0.0,0.391304347826087,0.0,0.27391304347826084,0.9765387510784724,3.4339872044851463,0.0
5035,3,eg,1,"{4, 5}","{32, 33, 37, 38, 41, 44, 45, 29, 31}",0.0,0.0,0.0,0.0,0.0,0.0,0.0,0.0,0.0,0.0,2.302585092994046,0.0
5044,3,eg,3,"{17, 14, 15}","{106, 108, 110, 111, 113, 114, 115, 120, 121, 122, 123}",0.0,0.0,0.0,0.0,0.0,0.0,0.6,0.0,0.42,0.9357486937559261,2.70805020110221,0.0
5049,2,ae,2,"{9, 11, 13}","{96, 97, 99, 72, 73, 74, 83, 85, 86}",0.0,0.0,0.0,0.0,0.0,0.0,0.0,0.0,0.0,0.0,2.1972245773362196,0.0
5050,2,eg,1,"{2, 3}","{11, 13, 20, 21, 22, 23, 26}",0.0,0.0,0.0,0.0,0.0,0.0,0.0,0.0,0.0,1.0426222152663875,4.356708826689592,0.0
5056,2,eg,1,"{1, 4}","{32, 1, 33, 3, 35, 6, 29}",0.0,0.0,0.0,0.0,0.0,0.0,1.0,0.0,0.7,0.9595394482824219,1.9459101490553132,0.0
5059,2,sa,2,"{8, 11, 13}","{96, 65, 97, 67, 100, 69, 102, 103, 82, 84, 85}",0.0,0.0,0.0,0.0,0.0,0.0,0.0,0.0,0.0,0.0,3.091042453358316,0.0
5060,2,ma,1,"{1, 2, 4}","{32, 33, 34, 5, 7, 11, 17, 20, 31}",0.0,0.0,0.0,0.0,0.0,0.0,0.0,0.0,0.0,0.7631394502848576,1.9459101490553132,0.0
5062,2,eg,1,"{1, 2, 5}","{2, 3, 5, 37, 38, 41, 10, 43, 44, 19, 20}",0.0,0.0,0.0,0.0,0.0,0.0,0.0,0.0,0.0,0.0,2.3978952727983707,0.0
5064,1,sa,1,"{1, 3, 5}","{3, 36, 39, 9, 44, 22, 23, 24, 25, 26}",0.0,0.0,0.0,0.0,0.0,0.0,0.6666666666666666,0.0,0.4666666666666666,0.9879257482282011,2.3978952727983707,0.0
5066,2,sa,1,"{1, 6}","{1, 3, 5, 9, 48, 49, 50, 54, 55}",0.0,0.0,0.0,0.0,0.0,0.0,1.0,0.0,0.7,0.2079441541679836,1.791759469228055,0.0
5074,2,eg,1,"{2, 4, 6}","{32, 33, 11, 14, 49, 50, 19, 54, 30, 31}",0.0,0.0,0.0,0.0,0.0,0.0,0.0,0.0,0.0,0.0,1.0986122886681098,0.0
5078,2,sa,1,"{2, 3, 6}","{10, 14, 48, 18, 50, 22, 54, 24, 25}",0.0,0.0,0.0,0.0,0.0,0.0,0.0,0.0,0.0,0.6591673732008658,2.1972245773362196,0.0
5081,2,eg,1,"{1, 4}","{33, 3, 35, 5, 8, 9, 31}",0.0,0.0,0.0,0.0,0.0,0.0,0.0,0.0,0.0,0.9078133753386625,2.1972245773362196,0.0
5092,3,ae,1,"{4, 6}","{32, 33, 34, 35, 48, 49, 51, 53, 56, 31}",0.0,0.0,0.0,0.0,0.0,0.0,0.0,0.0,0.0,0.0,2.8903717578961645,0.0
5093,3,sa,1,"{2, 5, 6}","{36, 12, 45, 44, 48, 49, 20, 52, 56}",0.0,0.0,0.0,0.0,0.0,0.0,0.0,0.0,0.0,0.0,1.9459101490553132,0.0
5104,3,ma,2,"{11, 12}","{82, 84, 85, 89, 91, 93, 94, 95}",0.0,0.0,0.0,0.0,0.0,0.0,0.3333333333333333,0.0,0.2333333333333333,0.9715458544334523,3.091042453358316,0.0
5107,3,ma,2,"{8, 11, 13}","{65, 66, 69, 102, 103, 82, 84, 85, 86}",0.0,0.0,0.0,0.0,0.0,0.0,0.8,0.0,0.5599999999999999,0.9879257482282011,2.995732273553991,0.0
5112,2,sa,1,"{3, 4, 5}","{32, 33, 34, 35, 36, 37, 41, 44, 22, 23, 24, 25, 31}",0.0,0.0,0.0,0.0,0.0,0.0,0.4375,0.0,0.30624999999999997,1.0892890639054125,3.58351893845611,0.0
5115,3,eg,2,"{8, 9, 13}","{65, 66, 97, 100, 69, 103, 72, 73, 74, 75}",0.0,0.0,0.0,0.0,0.0,0.0,0.0,0.0,0.0,1.0573882261883754,2.3978952727983707,0.0
5123,3,eg,2,"{9, 10, 7}","{71, 72, 76, 77, 78, 79, 80, 57, 59, 61}",0.0,0.0,0.0,0.0,0.0,0.0,0.0,0.0,0.0,0.9395097393887435,2.4849066497880004,0.0
5124,3,jo,3,"{17, 18}","{120, 121, 122, 123, 124, 125, 126, 127}",0.0,0.0,0.0,0.0,0.0,0.0,1.0,0.0,0.7,0.2079441541679836,2.0794415416798357,0.0
5131,3,ae,1,"{1, 4, 5}","{32, 33, 3, 35, 5, 36, 7, 43, 44, 31}",0.0,0.0,0.0,0.0,0.0,0.0,0.0,0.0,0.0,0.0,1.9459101490553132,0.0
5134,2,ma,1,"{2, 4, 5}","{32, 38, 10, 11, 42, 44, 14, 45, 16, 18, 30, 31}",0.0,0.0,0.0,0.0,0.0,0.0,0.3333333333333333,0.0,0.2333333333333333,0.3295836866004329,2.6390573296152584,0.0
5138,3,eg,2,"{8, 11, 13}","{96, 65, 98, 69, 103, 82, 85}",0.0,0.0,0.0,0.0,0.0,0.0,1.0,0.0,0.7,0.5926865577872141,2.0794415416798357,0.0
5143,2,eg,1,"{1, 3, 6}","{1, 3, 7, 8, 51, 22, 23, 56}",0.0,0.0,0.0,0.0,0.0,0.0,0.0,0.0,0.0,0.0,2.5649493574615367,0.0
5149,1,jo,2,"{8, 10, 12}","{65, 68, 76, 79, 80, 93, 95}",0.0,0.0,0.0,0.0,0.0,0.0,0.0,0.0,0.0,0.4158883083359672,2.302585092994046,0.0
5150,3,sa,1,"{4, 5, 6}","{32, 33, 35, 36, 37, 38, 43, 48, 50, 54, 56, 31}",0.0,0.0,0.0,0.0,0.0,0.0,0.0,0.0,0.0,0.2079441541679836,1.6094379124341003,0.0
5151,2,eg,1,"{1, 4, 5}","{32, 33, 34, 4, 5, 36, 37, 8, 41, 44, 31}",0.0,0.0,0.0,0.0,0.0,0.0,1.0,0.0,0.7,0.3295836866004329,1.6094379124341003,0.0
5152,2,eg,1,"{1, 2, 5}","{2, 3, 36, 5, 8, 41, 10, 42, 44, 14, 21}",0.0,0.0,0.0,0.0,0.0,0.0,0.45454545454545453,0.0,0.3181818181818182,1.0892890639054125,2.9444389791664403,0.0
5159,2,eg,1,"{1, 2, 6}","{1, 2, 5, 8, 10, 12, 14, 48, 49, 19, 20, 53}",0.0,0.0,0.0,0.0,0.0,0.0,0.0,0.0,0.0,0.8987196820661972,2.1972245773362196,0.0
5161,3,sa,1,"{3, 4}","{32, 33, 35, 24, 25, 28, 29}",0.0,0.0,0.0,0.0,0.0,0.0,0.0,0.0,0.0,0.0,2.772588722239781,0.0
5164,3,sa,1,"{2, 4, 5}","{35, 37, 38, 10, 11, 45, 19, 31}",0.0,0.0,0.0,0.0,0.0,0.0,0.6666666666666666,0.0,0.4666666666666666,0.7454719949364002,2.3978952727983707,0.0
5165,3,sa,4,"{19, 20}","{128, 129, 131, 134, 135, 136, 140}",0.0,0.0,0.0,0.0,0.0,0.0,0.0,0.0,0.0,0.6749714505495398,1.9459101490553132,0.0
5168,1,sa,2,"{13, 7}","{96, 97, 99, 101, 103, 57, 59, 60, 62}",0.0,0.0,0.0,0.0,0.0,0.0,0.0,0.0,0.0,0.9879257482282011,2.8903717578961645,0.0
5169,2,eg,1,"{1, 2, 6}","{1, 3, 5, 6, 9, 11, 49, 21, 53, 54}",0.0,0.0,0.0,0.0,0.0,0.0,0.0,0.0,0.0,0.0,2.1972245773362196,0.0
5170,1,sa,1,"{2, 4}","{32, 33, 35, 10, 14, 15, 29}",0.0,0.0,0.0,0.0,0.0,0.0,0.0,0.0,0.0,0.0,1.3862943611198906,0.0
5183,2,ae,1,"{5, 6}","{36, 38, 42, 45, 48, 49, 54, 55}",0.0,0.0,0.0,0.0,0.0,0.0,0.0,0.0,0.0,0.2079441541679836,1.9459101490553132,0.0
5188,2,eg,1,"{2, 4, 5}","{32, 33, 34, 38, 40, 11, 16}",0.0,0.0,0.0,0.0,0.0,0.0,0.0,0.0,0.0,0.2079441541679836,2.4849066497880004,0.0
5190,3,eg,4,"{19, 20, 21}","{128, 132, 138, 139, 141, 142, 143, 144, 145}",0.0,0.0,0.0,0.0,0.0,0.0,0.0,0.0,0.0,0.0,1.3862943611198906,0.0
5192,1,eg,1,"{1, 2, 3}","{3, 4, 5, 8, 13, 14, 19, 22, 23, 25}",0.0,0.0,0.0,0.0,0.0,0.0,0.0,0.0,0.0,0.0,3.1354942159291497,0.0
5193,3,eg,1,"{1, 2, 3}","{1, 6, 11, 18, 23, 24, 25, 27}",0.0,0.0,0.0,0.0,0.0,0.0,0.0,0.0,0.0,0.0,1.791759469228055,0.0
5195,2,eg,1,"{3, 4, 5}","{32, 33, 34, 37, 38, 41, 42, 24, 26, 31}",0.0,0.0,0.0,0.0,0.0,0.0,0.4666666666666667,0.0,0.32666666666666666,0.7368982328604078,3.1780538303479458,0.0
5197,1,eg,3,"{17, 18}","{121, 122, 123, 124, 125, 126, 127}",0.0,0.0,0.0,0.0,0.0,0.0,0.2,0.0,0.13999999999999999,0.2079441541679836,3.2188758248682006,0.0
5202,1,sa,3,"{16, 18, 14}","{104, 106, 107, 116, 117, 118, 119, 124, 125, 126, 127}",0.0,0.0,0.0,0.0,0.0,0.0,0.0,0.0,0.0,0.6749714505495398,2.302585092994046,0.0
5203,3,eg,1,"{1, 2, 4}","{32, 33, 34, 3, 5, 6, 8, 10, 12, 13, 31}",0.0,0.0,0.0,0.0,0.0,0.0,1.0,0.0,0.7,0.9464877417339774,2.3978952727983707,0.0
5209,2,eg,1,"{2, 3, 5}","{36, 43, 15, 20, 24, 25, 26}",0.0,0.0,0.0,0.0,0.0,0.0,0.0,0.0,0.0,0.9826620502565107,1.6094379124341003,0.0
5211,2,ma,1,"{1, 4, 6}","{1, 33, 3, 35, 5, 6, 48, 49, 50, 54, 31}",0.0,0.0,0.0,0.0,0.0,0.0,0.6666666666666666,0.0,0.4666666666666666,0.5198603854199589,2.3978952727983707,0.0
5213,3,ae,2,"{11, 7}","{81, 84, 85, 86, 57, 59, 60, 61}",0.0,0.0,0.0,0.0,0.0,0.0,0.0,0.0,0.0,0.5375278407684165,3.091042453358316,0.0
5217,3,eg,1,"{1, 2, 4}","{32, 33, 3, 8, 9, 11, 14, 19, 20, 30, 31}",0.0,0.0,0.0,0.0,0.0,0.0,0.0,0.0,0.0,0.0,1.9459101490553132,0.0
5221,3,ma,2,"{9, 13}","{96, 97, 100, 102, 103, 72, 74}",0.0,0.0,0.0,0.0,0.0,0.0,0.0,0.0,0.0,0.0,2.3978952727983707,0.0
5224,3,sa,2,"{8, 13, 7}","{96, 97, 66, 98, 68, 101, 103, 57, 58, 59, 60}",0.0,0.0,0.0,0.0,0.0,0.0,0.0,0.0,0.0,0.0,1.6094379124341003,0.0
5226,3,ma,3,"{17, 15}","{111, 112, 114, 120, 121, 122, 123}",0.0,0.0,0.0,0.0,0.0,0.0,0.0,0.0,0.0,0.9715458544334523,4.290459441148391,0.0
5233,2,ma,1,"{2, 3}","{10, 21, 23, 24, 25, 27, 28}",0.0,0.0,0.0,0.0,0.0,0.0,0.0,0.0,0.0,0.0,2.0794415416798357,0.0
5237,1,sa,1,"{1, 3, 6}","{2, 56, 5, 48, 50, 55, 54, 23, 24, 25, 26}",0.0,0.0,0.0,0.0,0.0,0.0,1.0,0.0,0.7,0.5533319181170905,2.302585092994046,0.0
5250,2,ma,1,"{1, 3, 4}","{32, 4, 5, 23, 26, 29, 31}",0.0,0.0,0.0,0.0,0.0,0.0,0.0,0.0,0.0,0.0,1.791759469228055,0.0
5252,1,sa,1,"{2, 3, 5}","{36, 38, 42, 13, 14, 47, 19, 20, 22, 24, 25}",0.0,0.0,0.0,0.0,0.0,0.0,0.375,0.0,0.26249999999999996,1.007307507950202,2.6390573296152584,0.0
5253,2,eg,3,"{16, 17, 14}","{104, 106, 107, 116, 117, 118, 120, 123}",0.0,0.0,0.0,0.0,0.0,0.0,0.0,0.0,0.0,0.0,1.791759469228055,0.0
5255,3,sa,1,"{2, 3, 6}","{11, 14, 17, 49, 19, 20, 54, 55, 24, 25, 56, 28}",0.0,0.0,0.0,0.0,0.0,0.0,0.0,0.0,0.0,1.0573882261883754,4.442651256490317,0.0
5257,3,eg,1,"{1, 3, 5}","{36, 37, 8, 9, 42, 45, 25, 26}",0.0,0.0,0.0,0.0,0.0,0.0,0.0,0.0,0.0,0.0,1.791759469228055,0.0
5259,1,jo,1,"{3, 5, 6}","{37, 44, 46, 52, 22, 23, 56}",0.0,0.0,0.0,0.0,0.0,0.0,0.16666666666666666,0.0,0.11666666666666665,0.9654225552554141,2.70805020110221,0.0
5261,3,eg,4,"{19, 21, 22}","{128, 131, 133, 134, 141, 142, 145, 146, 147, 149}",0.0,0.0,0.0,0.0,0.0,0.0,0.0,0.0,0.0,0.0,2.302585092994046,0.0
5265,2,ae,2,"{8, 11, 12}","{66, 70, 84, 85, 88, 89, 91, 94, 95}",0.0,0.0,0.0,0.0,0.0,0.0,0.4166666666666667,0.0,0.2916666666666667,1.0117854524226542,3.091042453358316,0.0
5268,1,sa,1,"{2, 3, 6}","{10, 14, 48, 17, 49, 20, 52, 54, 25, 27}",0.0,0.0,0.0,0.0,0.0,0.0,0.0,0.0,0.0,0.8987196820661972,2.4849066497880004,0.0
5269,2,eg,1,"{2, 6}","{10, 14, 48, 49, 18, 51, 20, 54, 55}",0.0,0.0,0.0,0.0,0.0,0.0,0.0,0.0,0.0,0.0,2.3978952727983707,0.0
5270,3,sa,1,"{3, 4, 6}","{32, 33, 35, 48, 49, 55, 54, 23, 24, 25, 26, 27, 30, 31}",0.0,0.0,0.0,0.0,0.0,0.0,0.0,0.0,0.0,0.7357912167657644,2.3978952727983707,0.0
5271,3,eg,2,"{9, 10, 7}","{73, 74, 76, 78, 80, 59, 61}",0.0,0.0,0.0,0.0,0.0,0.0,0.0,0.0,0.0,0.0,2.1972245773362196,0.0
5278,1,sa,1,"{5, 6}","{36, 38, 39, 44, 48, 49, 53, 56}",0.0,0.0,0.0,0.0,0.0,0.0,0.0,0.0,0.0,0.0,1.791759469228055,0.0
5279,2,sa,4,"{21, 22, 23}","{141, 142, 143, 145, 146, 148, 150, 151, 153, 154}",0.0,0.0,0.0,0.0,0.0,0.0,0.0,0.0,0.0,0.4767080745521918,1.9459101490553132,0.0
5282,1,ma,4,"{20, 22}","{135, 136, 138, 139, 146, 147, 148}",0.0,0.0,0.0,0.0,0.0,0.0,1.0,0.0,0.7,0.7454719949364002,2.5649493574615367,0.0
5283,1,eg,2,"{11, 12}","{83, 85, 86, 88, 93, 94, 95}",0.0,0.0,0.0,0.0,0.0,0.0,0.3,0.0,0.21,1.0892890639054125,2.772588722239781,0.0
5284,2,ae,4,"{19, 20, 21}","{128, 133, 135, 137, 138, 142, 144}",0.0,0.0,0.0,0.0,0.0,0.0,0.3333333333333333,0.0,0.2333333333333333,0.7545656882088654,2.9444389791664403,0.0
5290,1,sa,3,"{17, 18, 14}","{105, 109, 120, 121, 122, 123, 124, 126}",0.0,0.0,0.0,0.0,0.0,0.0,0.5,0.0,0.35,0.8987196820661972,2.772588722239781,0.0
5294,3,sa,3,"{16, 18, 15}","{110, 111, 114, 115, 116, 117, 118, 124, 126, 127}",0.0,0.0,0.0,0.0,0.0,0.0,0.5,0.0,0.35,0.892596382888159,2.772588722239781,0.0
5296,1,eg,1,"{1, 5, 6}","{1, 2, 36, 37, 5, 39, 50, 56}",0.0,0.0,0.0,0.0,0.0,0.0,0.0,0.0,0.0,0.0,2.1972245773362196,0.0
5300,1,eg,1,"{2, 3, 4}","{32, 33, 34, 16, 20, 24, 25, 28}",0.0,0.0,0.0,0.0,0.0,0.0,0.5,0.0,0.35,1.0203592144986464,3.2188758248682006,0.0
5302,3,eg,4,"{20, 21}","{135, 136, 140, 141, 142, 143, 144}",0.0,0.0,0.0,0.0,0.0,0.0,0.0,0.0,0.0,0.3295836866004329,2.995732273553991,0.0
5308,3,eg,2,"{9, 12, 13}","{96, 97, 98, 71, 72, 89, 91}",0.0,0.0,0.0,0.0,0.0,0.0,0.5,0.0,0.35,1.016133582953642,4.663439094112067,0.0
5310,2,ae,2,"{10, 7}","{76, 77, 80, 57, 58, 59, 60}",0.0,0.0,0.0,0.0,0.0,0.0,0.0,0.0,0.0,0.8795446763397146,2.0794415416798357,0.0
5311,3,jo,2,"{8, 12, 13}","{65, 66, 67, 68, 99, 103, 89, 90, 93, 94, 95}",0.0,0.0,0.0,0.0,0.0,0.0,0.0,0.0,0.0,0.2079441541679836,2.302585092994046,0.0
5313,1,ae,1,"{2, 3}","{10, 13, 20, 21, 22, 23, 25}",0.0,0.0,0.0,0.0,0.0,0.0,0.0,0.0,0.0,0.0,2.1972245773362196,0.0
5320,2,ae,1,"{1, 2, 5}","{1, 5, 38, 7, 8, 41, 10, 42, 44, 14, 15, 20}",0.0,0.0,0.0,0.0,0.0,0.0,0.0,0.0,0.0,0.0,2.1972245773362196,0.0
5321,1,sa,4,"{21, 22, 23}","{141, 142, 145, 146, 147, 148, 149, 151, 153, 154}",0.0,0.0,0.0,0.0,0.0,0.0,0.3333333333333333,0.0,0.2333333333333333,1.0398671837358762,2.9444389791664403,0.0
5322,2,sa,2,"{8, 9, 13}","{65, 66, 97, 68, 101, 103, 72, 73, 74}",0.0,0.0,0.0,0.0,0.0,0.0,0.3,0.0,0.21,0.8182981673036552,2.9444389791664403,0.0
5326,1,eg,1,"{5, 6}","{36, 38, 42, 43, 48, 54, 55}",0.0,0.0,0.0,0.0,0.0,0.0,0.0,0.0,0.0,0.9078133753386625,2.0794415416798357,0.0
5328,2,jo,3,"{16, 18}","{116, 117, 118, 119, 124, 125, 126, 127}",0.0,0.0,0.0,0.0,0.0,0.0,0.4594594594594595,0.0,0.3216216216216216,1.0892890639054125,3.9318256327243257,0.0
5331,3,jo,4,"{20, 21, 22}","{137, 138, 141, 142, 143, 144, 146, 147, 148, 149}",0.0,0.0,0.0,0.0,0.0,0.0,1.0,0.0,0.7,0.5533319181170905,2.0794415416798357,0.0
5338,1,sa,4,"{19, 21, 23}","{128, 129, 131, 133, 134, 141, 142, 144, 151, 152, 153, 154}",0.0,0.0,0.0,0.0,0.0,0.0,1.0,0.0,0.7,0.8220958385012986,1.9459101490553132,0.0
5343,3,sa,1,"{2, 5}","{36, 42, 11, 44, 13, 46, 18, 20}",0.0,0.0,0.0,0.0,0.0,0.0,0.0,0.0,0.0,1.0203592144986464,1.0986122886681098,0.0
5347,2,ma,2,"{9, 11, 12}","{71, 72, 73, 74, 75, 81, 84, 85, 86, 89, 90, 94, 95}",0.0,0.0,0.0,0.0,0.0,0.0,0.3333333333333333,0.0,0.2333333333333333,0.8220958385012986,2.1972245773362196,0.0
5349,3,sa,3,"{17, 18, 15}","{112, 114, 121, 122, 123, 125, 126, 127}",0.0,0.0,0.0,0.0,0.0,0.0,0.0,0.0,0.0,0.0,1.9459101490553132,0.0
5350,2,sa,4,"{20, 21, 22}","{135, 136, 137, 141, 142, 143, 146, 148, 149}",0.0,0.0,0.0,0.0,0.0,0.0,0.0,0.0,0.0,0.0,2.0794415416798357,0.0
5351,2,eg,2,"{9, 10, 7}","{72, 73, 74, 76, 77, 78, 80, 57, 59, 60, 61, 63}",0.0,0.0,0.0,0.0,0.0,0.0,0.0,0.0,0.0,0.0,1.3862943611198906,0.0
5352,3,sa,1,"{1, 3, 4}","{33, 3, 4, 5, 6, 35, 8, 23, 24, 26, 31}",0.0,0.0,0.0,0.0,0.0,0.0,0.5263157894736842,0.05263157894736842,0.3526315789473684,0.8446817672732049,3.1780538303479458,0.0
5353,2,ae,1,"{3, 4, 6}","{32, 33, 48, 49, 50, 53, 54, 23, 24, 25, 26, 28, 29, 31}",0.0,0.0,0.0,0.0,0.0,0.0,0.0,0.0,0.0,0.0,1.6094379124341003,0.0
5355,3,eg,1,"{2, 4}","{32, 33, 10, 14, 16, 30, 31}",0.0,0.0,0.0,0.0,0.0,0.0,0.0,0.0,0.0,0.8494440720203918,1.9459101490553132,0.0
5361,2,sa,1,"{1, 4}","{32, 1, 33, 3, 35, 8, 9, 30, 31}",0.0,0.0,0.0,0.0,0.0,0.0,0.0,0.0,0.0,0.0,2.302585092994046,0.0
5367,2,ae,2,"{10, 11, 7}","{76, 77, 78, 79, 80, 82, 84, 85, 86, 88, 59, 60, 63}",0.0,0.0,0.0,0.0,0.0,0.0,0.0,0.0,0.0,0.0,2.1972245773362196,0.0
5368,3,sa,1,"{3, 4}","{32, 33, 34, 23, 26, 28, 31}",0.0,0.0,0.0,0.0,0.0,0.0,0.0,0.0,0.0,0.3295836866004329,2.302585092994046,0.0
5374,1,eg,1,"{1, 4, 6}","{32, 1, 2, 5, 8, 48, 54, 55, 29, 31}",0.0,0.0,0.0,0.0,0.0,0.0,0.3,0.0,0.21,1.0708300499918284,2.9444389791664403,0.0
5389,2,eg,1,"{4, 6}","{32, 33, 49, 52, 54, 56, 29, 30, 31}",0.0,0.0,0.0,0.0,0.0,0.0,0.0,0.0,0.0,0.7545656882088654,2.833213344056216,0.0
5401,3,eg,3,"{17, 14, 15}","{104, 107, 110, 111, 113, 114, 120, 121, 122, 123}",0.0,0.0,0.0,0.0,0.0,0.0,0.6,0.0,0.42,0.9260679155852904,2.3978952727983707,0.0
5403,2,eg,1,"{2, 3}","{11, 14, 18, 20, 23, 24, 25, 28}",0.0,0.0,0.0,0.0,0.0,0.0,0.42857142857142855,0.0,0.3,1.007307507950202,3.1354942159291497,0.0
5405,3,sa,4,"{19, 21, 23}","{128, 131, 132, 134, 141, 142, 143, 145, 150, 151, 154}",0.0,0.0,0.0,0.0,0.0,0.0,0.0,0.0,0.0,0.0,1.9459101490553132,0.0
5409,1,eg,3,"{16, 17, 15}","{111, 112, 116, 117, 118, 119, 120, 121, 122, 123}",0.0,0.0,0.0,0.0,0.0,0.0,0.3333333333333333,0.0,0.2333333333333333,0.8795446763397146,2.5649493574615367,0.0
5411,1,eg,3,"{16, 17, 18}","{116, 117, 118, 119, 120, 121, 122, 123, 124, 126, 127}",0.0,0.0,0.0,0.0,0.0,0.0,0.0,0.0,0.0,0.2079441541679836,1.9459101490553132,0.0
5416,1,ma,4,"{21, 22}","{141, 142, 145, 146, 147, 148, 149}",0.0,0.0,0.0,0.0,0.0,0.0,0.25,0.0,0.175,0.9260679155852904,2.772588722239781,0.0
5417,2,eg,1,"{4, 5, 6}","{32, 34, 37, 39, 42, 48, 49, 51, 53, 54}",0.0,0.0,0.0,0.0,0.0,0.0,1.0,0.0,0.7,0.8987196820661972,2.0794415416798357,0.0
5419,1,ae,1,"{1, 4, 5}","{32, 1, 33, 36, 8, 9, 42, 46, 29, 30, 31}",0.0,0.0,0.0,0.0,0.0,0.0,0.0,0.0,0.0,0.2079441541679836,3.1780538303479458,0.0
5422,1,sa,3,"{16, 17}","{116, 117, 118, 119, 120, 121, 122, 123}",0.0,0.0,0.0,0.0,0.0,0.0,0.5555555555555556,0.0,0.3888888888888889,1.0114320953687854,3.6109179126442243,0.0
5432,3,jo,1,"{3, 5, 6}","{40, 42, 44, 49, 50, 53, 22, 23, 24, 54, 56}",0.0,0.0,0.0,0.0,0.0,0.0,1.0,0.0,0.7,0.9102638382366166,2.0794415416798357,0.0
5435,2,eg,3,"{17, 18, 15}","{111, 114, 115, 120, 121, 122, 123, 124, 126, 127}",0.0,0.0,0.0,0.0,0.0,0.0,0.0,0.0,0.0,0.0,1.9459101490553132,0.0
5439,2,ae,1,"{4, 5}","{32, 33, 36, 37, 39, 44, 29}",0.0,0.0,0.0,0.0,0.0,0.0,0.0,0.0,0.0,0.0,1.9459101490553132,0.0
5442,2,eg,1,"{2, 3, 6}","{56, 10, 12, 14, 48, 52, 54, 23, 24, 25, 26}",0.0,0.0,0.0,0.0,0.0,0.0,0.0,0.0,0.0,0.7357912167657644,1.6094379124341003,0.0
5447,1,eg,2,"{8, 10, 11}","{65, 66, 70, 76, 79, 80, 84, 85, 86, 87, 88}",0.0,0.0,0.0,0.0,0.0,0.0,0.0,0.0,0.0,0.2079441541679836,1.9459101490553132,0.0
5448,2,eg,4,"{20, 21, 23}","{136, 140, 141, 142, 143, 144, 151, 152, 154}",0.0,0.0,0.0,0.0,0.0,0.0,0.0,0.0,0.0,0.702319684068633,1.6094379124341003,0.0
5452,2,eg,1,"{4, 5, 6}","{32, 33, 34, 37, 40, 41, 42, 44, 48, 49, 53, 54, 29, 31}",0.0,0.0,0.0,0.0,0.0,0.0,0.0,0.0,0.0,0.3295836866004329,2.4849066497880004,0.0
5458,1,eg,2,"{9, 10, 12}","{71, 72, 73, 76, 78, 89, 93, 94}",0.0,0.0,0.0,0.0,0.0,0.0,0.0,0.0,0.0,0.3295836866004329,3.044522437723423,0.0
5460,1,sa,4,"{21, 22, 23}","{141, 144, 146, 147, 148, 149, 150, 151}",0.0,0.0,0.0,0.0,0.0,0.0,1.0,0.0,0.7,1.0117854524226542,2.1972245773362196,0.0
5462,1,jo,1,"{1, 4}","{32, 1, 33, 5, 8, 9, 30}",0.0,0.0,0.0,0.0,0.0,0.0,0.0,0.0,0.0,0.0,1.6094379124341003,0.0
5463,2,ae,3,"{14, 15}","{104, 105, 106, 108, 109, 110, 112}",0.0,0.0,0.0,0.0,0.0,0.0,1.0,0.0,0.7,0.9715458544334523,2.1972245773362196,0.0
5467,3,eg,3,"{17, 15}","{110, 111, 112, 113, 114, 120, 121, 123}",0.0,0.0,0.0,0.0,0.0,0.0,0.0,0.0,0.0,0.0,2.3978952727983707,0.0
5469,2,eg,1,"{4, 5, 6}","{32, 33, 34, 36, 38, 44, 46, 54, 55, 56, 30, 31}",0.0,0.0,0.0,0.0,0.0,0.0,0.0,0.0,0.0,0.924497220605196,2.5649493574615367,0.0
5471,3,eg,2,"{8, 9, 11}","{65, 67, 68, 71, 72, 73, 74, 75, 84, 86, 88}",0.0,0.0,0.0,0.0,0.0,0.0,1.0,0.0,0.7,0.8006307119551976,2.70805020110221,0.0
5472,1,sa,3,"{17, 14, 15}","{104, 105, 106, 107, 109, 110, 112, 114, 120, 123}",0.0,0.0,0.0,0.0,0.0,0.0,0.0,0.0,0.0,0.0,2.302585092994046,0.0
5474,2,sa,4,"{21, 23}","{141, 143, 144, 145, 151, 152, 154}",0.0,0.0,0.0,0.0,0.0,0.0,0.0,0.0,0.0,0.4767080745521918,1.791759469228055,0.0
5475,2,ma,1,"{1, 4, 5}","{32, 1, 2, 33, 34, 44, 47, 30, 31}",0.0,0.0,0.0,0.0,0.0,0.0,0.24,0.0,0.16799999999999998,1.0892890639054125,3.58351893845611,0.0
5481,1,ae,2,"{8, 11, 12}","{66, 67, 69, 81, 86, 89, 91, 94}",0.0,0.0,0.0,0.0,0.0,0.0,0.3125,0.0,0.21875,0.834678061098404,3.4657359027997265,0.0
5484,3,eg,2,"{8, 7}","{64, 66, 69, 57, 59, 60, 62}",0.0,0.0,0.0,0.0,0.0,0.0,0.0,0.0,0.0,0.0,2.5649493574615367,0.0
5488,2,jo,1,"{2, 3, 5}","{37, 41, 11, 19, 23, 27, 28}",0.0,0.0,0.0,0.0,0.0,0.0,0.6666666666666666,0.0,0.4666666666666666,0.9102638382366166,2.4849066497880004,0.0
5489,3,ma,1,"{1, 3, 4}","{32, 1, 33, 3, 34, 8, 9, 23, 24, 25, 26, 31}",0.0,0.0,0.0,0.0,0.0,0.0,0.0,0.0,0.0,0.0,2.1972245773362196,0.0
5493,2,sa,2,"{10, 12, 7}","{76, 77, 80, 57, 90, 59, 61, 94, 95}",0.0,0.0,0.0,0.0,0.0,0.0,0.2777777777777778,0.0,0.19444444444444445,1.0866341273405025,3.332204510175204,0.0
5494,2,ae,1,"{1, 2}","{2, 4, 8, 13, 14, 15, 20}",0.0,0.0,0.0,0.0,0.0,0.0,0.0,0.0,0.0,0.0,2.1972245773362196,0.0
5496,2,sa,4,"{20, 21}","{135, 136, 137, 138, 140, 141, 145}",0.0,0.0,0.0,0.0,0.0,0.0,0.0,0.0,0.0,0.0,1.791759469228055,0.0
5499,2,eg,2,"{8, 9, 10}","{65, 66, 70, 71, 72, 73, 74, 76, 77}",0.0,0.0,0.0,0.0,0.0,0.0,0.0,0.0,0.0,0.0,2.302585092994046,0.0
