CommentId,ProgramId,UserId,CommentText,CreatedAt,IsDeleted
1,1809,4146,How much experience is needed in Tableau?,2025-08-04 11:00:00,no
2,934,1548,Is PyTorch beginner friendly for this mentorship?,2025-09-14 03:00:00,no
3,934,287,This mentorship focuses heavily on practical PyTorch experience.,2025-09-14 01:00:00,no
4,2412,35,This mentorship focuses heavily on practical YOLO experience.,2025-08-31 01:00:00,no
5,1691,378,Strong understanding of Power BI will help mentees succeed.,2025-04-29 02:00:00,no
6,1279,2614,Do I need prior knowledge of TensorFlow before joining?,2025-09-03 02:00:00,no
7,1279,5469,"Great mentorship opportunity, very interested.",2025-09-03 10:00:00,yes
8,1234,581,Mentees should spend extra time practicing GraphQL.,2025-09-19 14:00:00,yes
9,2517,5325,"Is Caching (Redis, Memcached) beginner friendly for this mentorship?",2025-02-10 13:00:00,no
10,2614,618,Python is very valuable for real-world projects.,2024-10-04 16:00:00,no
11,235,2064,Is Financial Modeling beginner friendly for this mentorship?,2024-06-04 08:00:00,no
12,268,3526,How much experience is needed in Flutter?,2025-01-17 14:00:00,no
13,2729,3992,Will this mentorship cover advanced ClickUp topics?,2025-03-31 14:00:00,no
14,2729,3842,Can someone explain more about ClickUp?,2025-03-31 15:00:00,no
15,3151,2100,Do I need prior knowledge of Google Cloud Platform before joining?,2025-03-03 10:00:00,no
16,2974,4076,Can someone explain more about Zeplin?,2025-09-13 14:00:00,no
17,308,2270,Can someone explain more about Canva?,2025-10-07 17:00:00,no
18,1406,3890,Will this mentorship cover advanced OpenCV topics?,2024-03-03 07:00:00,no
19,1497,2700,Can someone explain more about SWOT Analysis?,2025-05-07 05:00:00,no
20,2826,3444,Will this mentorship cover advanced After Effects topics?,2025-09-20 02:00:00,no
21,2911,597,Bootstrap is very valuable for real-world projects.,2025-07-28 06:00:00,no
22,2268,3294,Is Hadoop beginner friendly for this mentorship?,2025-05-15 09:00:00,no
23,1230,5448,Do I need prior knowledge of OKRs before joining?,2024-08-08 11:00:00,no
24,260,535,Brand Identity Systems is one of the most important skills in this mentorship.,2025-06-21 14:00:00,no
25,260,4052,Do I need prior knowledge of Brand Identity Systems before joining?,2025-06-21 02:00:00,no
26,1299,3006,Can someone explain more about CatBoost?,2025-06-28 17:00:00,no
27,1510,3472,Can someone explain more about Android (Kotlin)?,2025-07-09 02:00:00,no
28,530,1640,Will this mentorship cover advanced Microservices Architecture topics?,2025-09-12 01:00:00,yes
29,530,2741,Is Microservices Architecture beginner friendly for this mentorship?,2025-09-12 02:00:00,no
30,1788,3495,Is Adobe XD beginner friendly for this mentorship?,2025-07-07 07:00:00,no
31,398,2847,Do I need prior knowledge of Hadoop before joining?,2025-04-11 10:00:00,no
32,3082,830,Snowflake is very valuable for real-world projects.,2025-07-06 05:00:00,no
33,1085,1010,Google Sheets is very valuable for real-world projects.,2025-04-22 02:00:00,yes
34,1587,4568,Do I need prior knowledge of Bootstrap before joining?,2025-01-29 12:00:00,no
35,1273,4994,Do I need prior knowledge of LAMP Stack before joining?,2024-10-04 16:00:00,no
36,1273,1315,LAMP Stack is one of the most important skills in this mentorship.,2024-10-04 12:00:00,yes
37,199,399,Mentees should spend extra time practicing GitHub Actions.,2025-10-05 04:00:00,no
38,451,2626,How much experience is needed in Ionic?,2025-06-16 09:00:00,no
39,175,4110,How much experience is needed in Snowflake?,2025-07-31 10:00:00,no
40,782,4555,Do I need prior knowledge of Scikit-learn before joining?,2024-07-05 07:00:00,yes
41,2121,4169,Do I need prior knowledge of BPMN before joining?,2025-06-12 06:00:00,no
42,2269,465,Mentees should spend extra time practicing NestJS.,2025-08-18 08:00:00,no
43,363,573,Machine Learning Libraries is one of the most important skills in this mentorship.,2025-07-18 07:00:00,no
44,1194,1690,How much experience is needed in Miro?,2025-01-16 17:00:00,no
45,836,2128,Will this mentorship cover advanced Financial Modeling topics?,2025-10-05 16:00:00,no
46,1405,1672,Can someone explain more about Cinema 4D?,2025-10-18 10:00:00,no
47,1952,5103,Is Scikit-learn beginner friendly for this mentorship?,2025-07-09 07:00:00,no
48,1789,4808,Will this mentorship cover advanced Docker topics?,2025-03-04 06:00:00,no
49,1789,3403,Do I need prior knowledge of Docker before joining?,2025-03-04 01:00:00,no
50,627,1519,How much experience is needed in Angular?,2025-08-27 18:00:00,no
51,2225,671,This mentorship focuses heavily on practical LAMP Stack experience.,2025-07-22 13:00:00,no
52,2225,1542,How much experience is needed in LAMP Stack?,2025-07-22 06:00:00,no
53,2111,992,GitLab CI is very valuable for real-world projects.,2025-05-06 06:00:00,no
54,1193,2760,Is React beginner friendly for this mentorship?,2024-07-01 04:00:00,no
55,1728,4813,Will this mentorship cover advanced User Journey Mapping topics?,2025-05-15 11:00:00,no
56,126,360,Mentees should spend extra time practicing R.,2025-10-21 01:00:00,no
57,850,1065,This mentorship focuses heavily on practical SWOT Analysis experience.,2025-01-07 03:00:00,no
58,2295,1148,This mentorship focuses heavily on practical Ansible experience.,2025-01-13 15:00:00,no
59,170,4698,Do I need prior knowledge of Apache Spark before joining?,2024-05-17 06:00:00,no
60,900,2414,Can someone explain more about GitLab CI?,2025-10-02 06:00:00,no
61,538,4717,How much experience is needed in InDesign?,2025-08-13 11:00:00,no
62,611,324,This mentorship focuses heavily on practical OpenCV experience.,2025-06-24 06:00:00,no
63,745,5000,Will this mentorship cover advanced YOLO topics?,2025-09-23 10:00:00,no
64,1999,4256,How much experience is needed in CSS?,2025-09-22 04:00:00,no
65,2560,789,iOS (Swift) is one of the most important skills in this mentorship.,2025-08-20 16:00:00,no
66,2171,4422,How much experience is needed in NumPy?,2025-02-10 12:00:00,no
67,2202,1605,Do I need prior knowledge of Miro before joining?,2025-07-17 15:00:00,no
68,1259,4263,Do I need prior knowledge of Event-Driven Architecture before joining?,2025-03-11 16:00:00,no
69,2296,2620,Do I need prior knowledge of Zeplin before joining?,2025-05-04 14:00:00,no
70,2954,4421,Will this mentorship cover advanced Figma topics?,2025-08-22 10:00:00,no
71,2954,251,Strong understanding of Figma will help mentees succeed.,2025-08-22 15:00:00,no
72,670,938,Mentees should spend extra time practicing SpaCy.,2025-10-10 10:00:00,no
73,1195,4494,Do I need prior knowledge of Canva before joining?,2025-07-23 10:00:00,no
74,2076,3961,Can someone explain more about GraphQL?,2025-10-16 17:00:00,no
75,2556,2315,Will this mentorship cover advanced Terraform topics?,2025-06-07 01:00:00,no
76,3018,3309,Will this mentorship cover advanced LightGBM topics?,2025-07-22 08:00:00,no
77,152,2646,Do I need prior knowledge of NumPy before joining?,2025-09-07 12:00:00,no
78,375,3886,Is SASS / SCSS beginner friendly for this mentorship?,2025-08-20 01:00:00,no
79,1096,4117,How much experience is needed in Django?,2025-09-23 18:00:00,no
80,1096,4726,Can someone explain more about Django?,2025-09-23 15:00:00,no
81,89,3589,How much experience is needed in Trello?,2025-05-24 01:00:00,no
82,1086,1743,How much experience is needed in Next.js?,2025-05-11 12:00:00,no
83,1100,3010,Do I need prior knowledge of Matplotlib before joining?,2025-10-14 04:00:00,no
84,1100,3398,Will this mentorship cover advanced Matplotlib topics?,2025-10-14 18:00:00,no
85,86,5021,Will this mentorship cover advanced Google Cloud Platform topics?,2025-04-06 08:00:00,no
86,3046,5194,Will this mentorship cover advanced Google Cloud Platform topics?,2025-09-20 18:00:00,no
87,1044,1121,Apache Airflow is one of the most important skills in this mentorship.,2025-10-13 18:00:00,no
88,2584,1952,Will this mentorship cover advanced Asana topics?,2025-07-11 15:00:00,no
89,241,3639,Can someone explain more about Premiere Pro?,2025-06-09 12:00:00,no
90,2071,4174,Do I need prior knowledge of GitHub Actions before joining?,2025-09-06 14:00:00,no
91,2071,4686,Is GitHub Actions beginner friendly for this mentorship?,2025-09-06 08:00:00,no
92,498,1459,This mentorship focuses heavily on practical Azure experience.,2025-02-01 06:00:00,no
93,1303,1305,This mentorship focuses heavily on practical OpenCV experience.,2025-04-28 05:00:00,no
94,2488,691,Strong understanding of Terraform will help mentees succeed.,2025-10-16 02:00:00,no
95,3170,2897,Is Express.js beginner friendly for this mentorship?,2025-02-20 03:00:00,no
96,2976,5419,Do I need prior knowledge of Django before joining?,2025-10-20 14:00:00,yes
97,2897,1336,React Native is very valuable for real-world projects.,2025-04-05 16:00:00,no
98,521,158,Strong understanding of Resume Review Tools will help mentees succeed.,2025-07-05 08:00:00,no
99,3131,326,Strong understanding of GitHub Actions will help mentees succeed.,2025-05-23 17:00:00,no
100,681,1195,Sketch is one of the most important skills in this mentorship.,2025-05-16 01:00:00,no
101,2043,5382,Do I need prior knowledge of Kafka before joining?,2025-10-20 17:00:00,no
102,2081,2561,Do I need prior knowledge of BigQuery before joining?,2025-10-10 18:00:00,no
103,2081,5109,Can someone explain more about BigQuery?,2025-10-10 13:00:00,yes
104,2372,1159,Strong understanding of Keras will help mentees succeed.,2025-02-13 18:00:00,no
105,698,1303,Mentees should spend extra time practicing Keras.,2025-04-18 14:00:00,no
106,1426,5000,How much experience is needed in Interview Preparation Frameworks?,2025-09-17 17:00:00,no
107,1337,5206,Is Canva beginner friendly for this mentorship?,2025-07-20 18:00:00,no
108,1131,1356,Mentees should spend extra time practicing Angular.,2025-06-16 14:00:00,no
109,329,1710,Do I need prior knowledge of Snowflake before joining?,2025-10-06 15:00:00,no
110,2990,694,TypeScript is one of the most important skills in this mentorship.,2025-08-15 03:00:00,no
111,2217,2112,Do I need prior knowledge of CSS before joining?,2025-08-26 18:00:00,no
112,1348,3973,Can someone explain more about Nginx?,2025-09-30 12:00:00,no
113,720,3693,Do I need prior knowledge of Design Patterns before joining?,2025-09-11 16:00:00,no
114,663,4535,Is Financial Modeling beginner friendly for this mentorship?,2025-09-28 14:12:36,no
115,663,5273,How much experience is needed in Financial Modeling?,2025-09-27 13:00:00,no
116,663,854,Strong understanding of Financial Modeling will help mentees succeed.,2025-09-27 18:00:00,no
117,631,4914,Can someone explain more about Terraform?,2025-06-05 05:00:00,no
118,2055,3137,Is Ionic beginner friendly for this mentorship?,2025-05-23 12:00:00,no
119,1566,2282,Will this mentorship cover advanced Ansible topics?,2025-10-08 10:00:00,no
120,546,1779,How much experience is needed in Career Planning Models?,2025-09-07 12:00:00,no
121,99,1637,Is Scalability & Load Balancing beginner friendly for this mentorship?,2025-10-17 10:00:00,no
122,2203,1285,Resume Review Tools is one of the most important skills in this mentorship.,2024-10-02 07:00:00,no
123,3089,3126,Will this mentorship cover advanced Hadoop topics?,2025-09-27 17:00:00,yes
124,3089,3759,Is Hadoop beginner friendly for this mentorship?,2025-09-27 09:00:00,yes
125,2513,1833,Is Docker beginner friendly for this mentorship?,2025-08-21 07:00:00,no
126,2611,3118,Is MERN Stack beginner friendly for this mentorship?,2025-07-18 06:00:00,no
127,2611,5247,How much experience is needed in MERN Stack?,2025-07-18 12:00:00,no
128,1743,1286,Next.js Full Stack is one of the most important skills in this mentorship.,2025-08-07 12:00:00,no
129,1743,1601,Do I need prior knowledge of Next.js Full Stack before joining?,2025-08-07 15:00:00,no
130,3200,616,Adobe XD is very valuable for real-world projects.,2025-09-09 07:00:00,no
131,668,1513,Will this mentorship cover advanced Wireframing topics?,2025-09-25 02:00:00,no
132,738,8,Mentees should spend extra time practicing Azure.,2025-06-13 18:00:00,no
133,738,4155,Can someone explain more about Azure?,2025-06-13 15:00:00,no
134,2458,1852,Is CI/CD Pipelines beginner friendly for this mentorship?,2025-05-23 17:00:00,no
135,1786,2605,Is Spring Boot beginner friendly for this mentorship?,2024-10-04 17:00:00,no
136,805,3867,Do I need prior knowledge of NumPy before joining?,2025-04-21 09:00:00,no
137,412,2918,How much experience is needed in iOS (Swift)?,2025-04-24 11:00:00,no
138,412,4801,Do I need prior knowledge of iOS (Swift) before joining?,2025-04-24 04:00:00,no
139,1710,2526,Is Ansible beginner friendly for this mentorship?,2025-09-04 04:00:00,no
140,1515,424,Microservices Architecture is one of the most important skills in this mentorship.,2025-09-09 07:00:00,yes
141,1087,4342,How much experience is needed in Next.js Full Stack?,2025-05-13 03:00:00,no
142,1087,4811,Is Next.js Full Stack beginner friendly for this mentorship?,2025-05-13 09:00:00,no
143,2682,2411,Do I need prior knowledge of Spring Boot before joining?,2025-10-11 03:00:00,no
144,826,4506,Will this mentorship cover advanced Terraform topics?,2024-09-14 16:00:00,no
145,2571,3290,Can someone explain more about Design Patterns?,2025-09-19 02:00:00,no
146,820,5495,Is Wireframing beginner friendly for this mentorship?,2024-10-05 13:00:00,no
147,2512,1492,This mentorship focuses heavily on practical XGBoost experience.,2025-01-18 11:00:00,no
148,1520,4234,Can someone explain more about CatBoost?,2025-08-07 03:00:00,no
149,1833,43,Strong understanding of R will help mentees succeed.,2024-06-19 09:00:00,no
150,1986,4943,How much experience is needed in Power BI?,2025-10-16 10:00:00,no
151,1440,5168,Do I need prior knowledge of After Effects before joining?,2024-03-31 02:00:00,no
152,1158,2612,How much experience is needed in SWOT Analysis?,2024-02-07 09:00:00,no
153,121,282,Strong understanding of Google Cloud Platform will help mentees succeed.,2025-10-07 10:00:00,no
154,1401,2897,How much experience is needed in Python?,2025-04-14 17:00:00,no
155,2613,2279,Will this mentorship cover advanced Xamarin topics?,2024-07-14 02:00:00,yes
156,2613,2337,How much experience is needed in Xamarin?,2024-07-14 16:00:00,no
157,470,2578,How much experience is needed in Apache Spark?,2025-02-28 08:00:00,no
158,2079,2512,Do I need prior knowledge of SWOT Analysis before joining?,2025-05-30 16:00:00,no
159,1467,2581,Can someone explain more about After Effects?,2025-10-14 10:00:00,no
160,1467,409,Mentees should spend extra time practicing After Effects.,2025-10-14 12:00:00,no
161,2510,914,This mentorship focuses heavily on practical Transformers experience.,2025-08-07 10:00:00,yes
162,2800,2296,Is Django beginner friendly for this mentorship?,2025-03-11 17:00:00,no
163,1380,5285,Will this mentorship cover advanced REST Architecture topics?,2024-10-12 01:00:00,no
164,1540,3309,Can someone explain more about Resume Review Tools?,2024-10-06 07:00:00,no
165,1104,1113,Mentees should spend extra time practicing OKRs.,2025-10-17 18:00:00,no
166,1628,5067,Is Financial Modeling beginner friendly for this mentorship?,2025-02-22 17:00:00,no
167,3024,1776,Is Tableau beginner friendly for this mentorship?,2025-06-24 08:00:00,no
168,160,2816,Can someone explain more about Kafka?,2025-10-17 03:00:00,yes
169,3029,4294,Can someone explain more about Miro?,2025-03-30 11:00:00,no
170,2787,365,This mentorship focuses heavily on practical OpenCV experience.,2025-03-24 15:00:00,no
171,2500,2736,Is Photoshop beginner friendly for this mentorship?,2025-10-14 17:00:00,no
172,1500,1836,Is BERT beginner friendly for this mentorship?,2025-04-25 05:00:00,no
173,950,1952,How much experience is needed in Notion?,2025-10-20 16:00:00,no
174,950,1089,Mentees should spend extra time practicing Notion.,2025-10-20 11:00:00,no
175,2639,1966,Can someone explain more about R?,2024-12-18 15:00:00,no
176,2477,1450,CNNs is one of the most important skills in this mentorship.,2025-01-22 16:00:00,no
177,2582,1585,Is REST APIs beginner friendly for this mentorship?,2025-08-23 13:00:00,yes
178,784,3093,Do I need prior knowledge of Zeplin before joining?,2024-10-13 18:00:00,no
179,1843,3138,How much experience is needed in BERT?,2024-11-25 17:00:00,no
180,2386,1732,How much experience is needed in Machine Learning Libraries?,2025-06-26 09:00:00,no
181,1164,2475,Do I need prior knowledge of Seaborn before joining?,2025-07-01 17:00:00,no
182,2579,5261,Can someone explain more about Confluence?,2025-07-19 08:00:00,no
183,1417,4147,Will this mentorship cover advanced SpaCy topics?,2025-09-24 02:00:00,no
184,1354,1611,Will this mentorship cover advanced GPT Models topics?,2025-10-17 12:00:00,no
185,957,4234,How much experience is needed in Financial Modeling?,2025-07-14 10:00:00,no
186,2068,2479,Will this mentorship cover advanced MEAN Stack topics?,2024-06-19 16:00:00,no
187,2068,2628,Do I need prior knowledge of MEAN Stack before joining?,2024-06-19 17:00:00,no
188,2256,1916,Can someone explain more about React Native?,2025-08-30 16:00:00,no
189,1888,177,Mentees should spend extra time practicing CI/CD Pipelines.,2025-09-27 15:00:00,yes
190,3103,3125,How much experience is needed in LAMP Stack?,2025-06-26 15:00:00,no
191,556,1269,This mentorship focuses heavily on practical Illustrator experience.,2025-06-08 10:00:00,no
192,2718,669,Photoshop is very valuable for real-world projects.,2025-10-10 16:00:00,no
193,2718,446,I've heard great things about this mentor!,2025-10-10 01:00:00,no
194,2963,20,BERT is one of the most important skills in this mentorship.,2024-05-18 03:00:00,yes
195,1872,384,Transformers is one of the most important skills in this mentorship.,2025-03-24 12:00:00,no
196,1872,5480,Can someone explain more about Transformers?,2025-03-24 06:00:00,no
197,2469,1147,Strong understanding of Ansible will help mentees succeed.,2025-01-05 18:00:00,no
198,2592,5092,Do I need prior knowledge of LightGBM before joining?,2025-06-25 08:00:00,no
199,1030,2811,Can someone explain more about Design Patterns?,2025-01-31 04:00:00,no
200,505,3127,"Is Message Queues (Kafka, RabbitMQ) beginner friendly for this mentorship?",2025-10-19 18:00:00,no
201,2464,3058,Can someone explain more about Notion?,2025-01-26 11:00:00,no
202,1485,2073,Do I need prior knowledge of Career Planning Models before joining?,2025-09-22 15:00:00,no
203,1027,1050,Mentees should spend extra time practicing FigJam.,2025-08-27 08:00:00,no
204,863,3213,Is React beginner friendly for this mentorship?,2025-07-14 04:00:00,no
205,2519,2358,Is Market Research Tools beginner friendly for this mentorship?,2025-09-26 07:00:00,no
206,577,1100,Lean Canvas is very valuable for real-world projects.,2025-02-25 12:00:00,no
207,1355,5326,Will this mentorship cover advanced Hadoop topics?,2025-10-20 06:00:00,no
208,2483,5072,Will this mentorship cover advanced AWS topics?,2025-03-16 18:00:00,no
209,309,5086,Can someone explain more about ClickUp?,2025-10-15 16:00:00,yes
210,3012,689,This mentorship focuses heavily on practical Machine Learning Libraries experience.,2024-12-31 02:00:00,no
211,1760,4971,Is FastAPI beginner friendly for this mentorship?,2024-09-07 17:00:00,no
212,74,4623,How much experience is needed in Wireframing?,2025-09-12 01:00:00,no
213,2091,1063,"Strong understanding of Message Queues (Kafka, RabbitMQ) will help mentees succeed.",2025-09-18 10:00:00,no
214,2484,2163,Is Event-Driven Architecture beginner friendly for this mentorship?,2025-05-08 08:00:00,no
215,2484,5006,Will this mentorship cover advanced Event-Driven Architecture topics?,2025-05-08 03:00:00,no
216,1469,5482,Do I need prior knowledge of Terraform before joining?,2025-06-03 15:00:00,no
217,665,1860,Is Express.js beginner friendly for this mentorship?,2025-09-09 09:00:00,no
218,2118,3470,How much experience is needed in Vue.js?,2024-12-28 05:00:00,no
219,1638,1053,Mentees should spend extra time practicing Low Level Design (LLD).,2025-06-30 16:00:00,no
220,1562,5418,Will this mentorship cover advanced Illustrator topics?,2024-12-06 05:00:00,no
221,226,4563,Is Hadoop beginner friendly for this mentorship?,2025-06-28 10:00:00,no
222,1555,2927,Is React beginner friendly for this mentorship?,2025-06-26 12:00:00,no
223,1933,820,Strong understanding of SWOT Analysis will help mentees succeed.,2024-04-13 02:00:00,no
224,3045,1142,Interview Preparation Frameworks is very valuable for real-world projects.,2025-08-29 11:00:00,no
225,2680,3640,Can someone explain more about Asana?,2025-10-16 04:00:00,no
226,997,152,RNNs is one of the most important skills in this mentorship.,2025-02-06 14:00:00,no
227,641,4124,Is BPMN beginner friendly for this mentorship?,2025-08-16 01:00:00,no
228,2788,2021,Is Apache Spark beginner friendly for this mentorship?,2025-05-17 12:00:00,yes
229,2508,4940,How much experience is needed in Cinema 4D?,2025-01-23 01:00:00,no
230,597,1328,Kubernetes is one of the most important skills in this mentorship.,2024-11-25 18:00:00,no
231,203,4762,Do I need prior knowledge of MERN Stack before joining?,2025-09-17 13:00:00,no
232,3118,4169,Will this mentorship cover advanced NumPy topics?,2025-01-11 16:00:00,no
233,933,2675,How much experience is needed in Adobe XD?,2025-06-05 05:00:00,no
234,933,2943,Can someone explain more about Adobe XD?,2025-06-05 03:00:00,no
235,868,4282,How much experience is needed in Business Model Canvas?,2024-09-08 14:00:00,no
236,2106,554,Strong understanding of Android (Java) will help mentees succeed.,2025-08-04 04:00:00,no
237,2234,4724,Can someone explain more about Bootstrap?,2024-09-21 15:00:00,no
238,2282,3072,How much experience is needed in NumPy?,2025-07-10 06:00:00,no
239,1895,1249,PyTorch is one of the most important skills in this mentorship.,2025-05-05 04:00:00,no
240,6,2714,Do I need prior knowledge of Cinema 4D before joining?,2025-06-28 17:00:00,no
241,2552,5480,How much experience is needed in Design Patterns?,2025-05-23 11:00:00,no
242,2495,2040,Can someone explain more about REST Architecture?,2024-06-18 06:00:00,no
243,2022,3786,Will this mentorship cover advanced GPT Models topics?,2024-03-20 13:00:00,no
244,2022,783,Strong understanding of GPT Models will help mentees succeed.,2024-03-20 04:00:00,no
245,2009,3360,Will this mentorship cover advanced Pitch Deck Tools topics?,2025-10-12 12:00:00,no
246,913,4422,Is BigQuery beginner friendly for this mentorship?,2025-10-20 18:00:00,no
247,976,1006,Mentees should spend extra time practicing Express.js.,2025-06-12 06:00:00,no
248,2435,4652,Is GraphQL beginner friendly for this mentorship?,2025-04-19 09:00:00,no
249,2813,1540,Do I need prior knowledge of Ansible before joining?,2024-07-25 10:00:00,no
250,177,1038,"Message Queues (Kafka, RabbitMQ) is very valuable for real-world projects.",2025-08-18 12:00:00,no
251,1464,505,Next.js Full Stack is one of the most important skills in this mentorship.,2025-10-21 13:00:00,no
252,2516,4761,Will this mentorship cover advanced Scikit-learn topics?,2025-08-10 03:00:00,yes
253,1928,5276,Will this mentorship cover advanced GitHub Actions topics?,2025-09-23 18:00:00,no
254,648,3393,Is Career Planning Models beginner friendly for this mentorship?,2024-12-23 04:00:00,no
255,648,4885,How much experience is needed in Career Planning Models?,2024-12-23 07:00:00,no
256,1257,1617,Can someone explain more about OpenCV?,2024-08-06 08:00:00,no
257,1257,4032,Do I need prior knowledge of OpenCV before joining?,2024-08-06 06:00:00,no
258,2793,1319,Python is one of the most important skills in this mentorship.,2025-08-31 13:00:00,no
259,2670,5291,How much experience is needed in Django?,2025-06-16 08:00:00,no
260,3,1146,Snowflake is one of the most important skills in this mentorship.,2025-10-15 18:00:00,no
261,103,1316,Pitch Deck Tools is one of the most important skills in this mentorship.,2025-09-11 08:00:00,no
262,1249,1341,Mentees should spend extra time practicing Xamarin.,2025-07-28 01:00:00,no
263,2501,5288,Do I need prior knowledge of Event-Driven Architecture before joining?,2025-06-02 06:00:00,yes
264,3077,3969,Is Snowflake beginner friendly for this mentorship?,2025-02-03 09:00:00,no
265,1801,5109,Is Illustrator beginner friendly for this mentorship?,2025-10-14 16:00:00,no
266,1801,732,This mentorship focuses heavily on practical Illustrator experience.,2025-10-14 07:00:00,no
267,1902,1677,How much experience is needed in Design Patterns?,2025-07-08 16:00:00,no
268,3079,2843,Can someone explain more about Tableau?,2025-09-21 11:00:00,no
269,1730,3649,Will this mentorship cover advanced Brand Identity Systems topics?,2025-05-20 15:00:00,no
270,2389,2413,How much experience is needed in NumPy?,2024-01-28 11:00:00,no
271,2227,554,Notion is very valuable for real-world projects.,2024-07-09 07:00:00,no
272,2227,4487,How much experience is needed in Notion?,2024-07-09 08:00:00,no
273,2227,2198,Do I need prior knowledge of Notion before joining?,2024-07-09 18:00:00,no
274,2527,1344,Ansible is one of the most important skills in this mentorship.,2025-07-08 11:00:00,no
275,341,4690,Can someone explain more about JavaScript?,2024-09-17 03:00:00,no
276,341,212,JavaScript is one of the most important skills in this mentorship.,2024-09-17 12:00:00,no
277,483,773,Mentees should spend extra time practicing Notion.,2025-10-13 16:00:00,no
278,517,3715,Will this mentorship cover advanced PyTorch topics?,2025-07-22 09:00:00,no
279,517,4283,How much experience is needed in PyTorch?,2025-07-22 03:00:00,no
280,1208,1888,How much experience is needed in Excel?,2024-11-12 12:00:00,no
281,2635,3910,Can someone explain more about User Journey Mapping?,2024-09-26 04:00:00,no
282,2635,3157,Do I need prior knowledge of User Journey Mapping before joining?,2024-09-26 01:00:00,no
283,2672,867,Mentees should spend extra time practicing CSS.,2025-09-02 06:00:00,no
284,1169,70,Strong understanding of Nginx will help mentees succeed.,2025-01-27 01:00:00,no
285,320,4463,Will this mentorship cover advanced Monday.com topics?,2025-10-04 01:00:00,no
286,320,4623,Is Monday.com beginner friendly for this mentorship?,2025-10-04 15:00:00,no
287,3164,4104,Can someone explain more about Machine Learning Libraries?,2025-09-14 16:00:00,yes
288,3164,839,This mentorship focuses heavily on practical Machine Learning Libraries experience.,2025-09-14 12:00:00,no
289,3164,3955,How much experience is needed in Machine Learning Libraries?,2025-09-14 12:00:00,no
290,84,2838,Can someone explain more about User Journey Mapping?,2024-10-06 17:00:00,no
291,446,2605,How much experience is needed in Kafka?,2024-07-09 12:00:00,yes
292,908,1021,Strong understanding of Nuxt.js will help mentees succeed.,2025-08-23 03:00:00,no
293,908,4306,Do I need prior knowledge of Nuxt.js before joining?,2025-08-23 16:00:00,no
294,833,1073,This mentorship focuses heavily on practical Django experience.,2025-09-10 10:00:00,no
295,833,4057,Is Django beginner friendly for this mentorship?,2025-09-10 01:00:00,no
296,1977,1108,Strong understanding of CSS will help mentees succeed.,2025-04-11 15:00:00,no
297,2723,4124,Will this mentorship cover advanced Brand Identity Systems topics?,2025-02-03 17:00:00,no
298,2741,1012,Mentees should spend extra time practicing Nuxt.js.,2025-09-14 17:00:00,no
299,1754,827,Python is one of the most important skills in this mentorship.,2025-08-23 13:00:00,no
300,1491,413,Mentees should spend extra time practicing JavaScript.,2024-09-12 15:00:00,no
301,574,2975,Is Laravel beginner friendly for this mentorship?,2025-02-09 04:00:00,no
302,2381,4675,Do I need prior knowledge of Premiere Pro before joining?,2025-10-05 13:00:00,no
303,1893,5031,Is High Level Design (HLD) beginner friendly for this mentorship?,2025-10-17 15:00:00,no
304,1026,1145,Strong understanding of Express.js will help mentees succeed.,2025-07-22 11:00:00,no
305,93,3413,Is Resume Review Tools beginner friendly for this mentorship?,2024-08-02 06:00:00,no
306,961,225,Mentees should spend extra time practicing Bootstrap.,2025-06-16 17:00:00,no
307,905,336,Market Research Tools is one of the most important skills in this mentorship.,2025-08-08 01:00:00,no
308,617,1842,Will this mentorship cover advanced Keras topics?,2025-09-18 05:00:00,no
309,1196,3920,How much experience is needed in .NET / ASP.NET Core?,2025-05-09 07:00:00,no
310,2539,2941,How much experience is needed in Adobe XD?,2024-04-27 04:00:00,no
311,1074,3788,Is Wireframing beginner friendly for this mentorship?,2025-07-02 14:00:00,no
312,204,4343,Will this mentorship cover advanced SpaCy topics?,2025-07-17 01:00:00,no
313,2528,1765,Is Flask beginner friendly for this mentorship?,2025-07-25 09:00:00,no
314,2528,3812,Can someone explain more about Flask?,2025-07-25 04:00:00,no
315,1632,3193,Do I need prior knowledge of Microservices Architecture before joining?,2025-05-10 15:00:00,no
316,537,605,Strong understanding of PyTorch will help mentees succeed.,2025-02-28 15:00:00,no
317,537,4062,Do I need prior knowledge of PyTorch before joining?,2025-02-28 15:00:00,no
318,2248,26,ClickUp is very valuable for real-world projects.,2025-10-13 13:00:00,no
319,1275,4788,Can someone explain more about Premiere Pro?,2025-09-20 07:00:00,no
320,1109,5418,How much experience is needed in Lean Canvas?,2025-03-27 08:00:00,no
321,1088,235,Mentees should spend extra time practicing Canva.,2025-10-04 18:00:00,no
322,428,588,This mentorship focuses heavily on practical NLTK experience.,2025-01-10 03:00:00,no
323,779,4622,Will this mentorship cover advanced NLTK topics?,2025-04-04 07:00:00,no
324,2355,4152,Will this mentorship cover advanced XGBoost topics?,2025-09-16 08:00:00,no
325,1778,3371,Can someone explain more about Kafka?,2024-06-21 08:00:00,no
326,2660,1427,Market Research Tools is one of the most important skills in this mentorship.,2024-12-30 11:00:00,no
327,3090,1501,Do I need prior knowledge of Laravel before joining?,2025-09-05 01:00:00,no
328,2221,4961,Can someone explain more about Spring Boot?,2025-02-25 03:00:00,no
329,3132,5321,How much experience is needed in SpaCy?,2024-06-13 04:00:00,no
330,2303,1605,Can someone explain more about Android (Kotlin)?,2024-09-04 08:00:00,no
331,697,2905,How much experience is needed in TypeScript?,2025-03-16 13:00:00,no
332,1293,2700,Do I need prior knowledge of Miro before joining?,2025-06-21 10:00:00,yes
333,1293,4402,"I'm a beginner, is that okay?",2025-06-23 19:25:48,no
334,1826,1130,Power BI is one of the most important skills in this mentorship.,2025-08-25 01:00:00,no
335,457,3615,Will this mentorship cover advanced R topics?,2024-05-10 04:00:00,yes
336,2815,459,REST Architecture is very valuable for real-world projects.,2024-02-11 06:00:00,no
337,1644,2842,How much experience is needed in Asana?,2024-09-05 07:00:00,yes
338,2252,1258,Mentees should spend extra time practicing Business Model Canvas.,2025-09-03 14:00:00,no
339,2823,277,Strong understanding of BPMN will help mentees succeed.,2025-05-06 12:00:00,no
340,2712,4007,Will this mentorship cover advanced Django + React topics?,2024-01-11 08:00:00,no
341,2918,4121,How much experience is needed in Snowflake?,2025-06-21 18:00:00,no
342,3064,2921,Is Android (Kotlin) beginner friendly for this mentorship?,2025-09-03 03:00:00,no
343,186,1200,Strong understanding of User Journey Mapping will help mentees succeed.,2025-03-14 15:00:00,no
344,1358,1843,How much experience is needed in Photoshop?,2025-03-03 09:00:00,no
345,736,991,Strong understanding of Flutter will help mentees succeed.,2025-09-25 06:00:00,no
346,2185,3194,Can someone explain more about Confluence?,2025-10-11 03:00:00,no
347,2185,639,Strong understanding of Confluence will help mentees succeed.,2025-10-11 16:00:00,no
348,461,1963,Can someone explain more about Seaborn?,2025-07-16 11:00:00,no
349,1552,2661,Is Vue.js beginner friendly for this mentorship?,2025-03-17 03:00:00,no
350,646,3563,Is Business Model Canvas beginner friendly for this mentorship?,2025-03-26 18:00:00,no
351,646,854,Business Model Canvas is very valuable for real-world projects.,2025-03-26 07:00:00,no
352,2219,4901,Will this mentorship cover advanced Zeplin topics?,2024-03-30 15:00:00,no
353,2219,3232,Can someone explain more about Zeplin?,2024-03-30 11:00:00,no
354,2200,3371,Is Scikit-learn beginner friendly for this mentorship?,2025-01-16 04:00:00,no
355,2200,2899,Will this mentorship cover advanced Scikit-learn topics?,2025-01-16 08:00:00,no
356,2841,5142,Do I need prior knowledge of Ansible before joining?,2025-01-10 10:00:00,no
357,2570,2170,How much experience is needed in JavaScript?,2025-06-19 18:00:00,no
358,1163,3818,Do I need prior knowledge of FigJam before joining?,2025-06-04 15:00:00,no
359,664,5082,How much experience is needed in Keras?,2025-10-15 11:00:00,no
360,664,681,Strong understanding of Keras will help mentees succeed.,2025-10-15 03:00:00,no
361,3115,4601,How much experience is needed in Logo Design Tools?,2025-03-11 12:00:00,no
362,566,1698,Do I need prior knowledge of Lean Canvas before joining?,2025-10-12 16:00:00,no
363,2833,1275,CSS is one of the most important skills in this mentorship.,2025-04-21 07:00:00,no
364,28,5156,Do I need prior knowledge of Spring Boot before joining?,2025-02-07 15:00:00,no
365,2554,3256,Is MediaPipe beginner friendly for this mentorship?,2025-03-06 04:00:00,no
366,2637,362,Strong understanding of CatBoost will help mentees succeed.,2024-07-11 03:00:00,no
367,499,1417,Google Sheets is one of the most important skills in this mentorship.,2025-09-28 05:00:00,no
368,620,1423,This mentorship focuses heavily on practical Nuxt.js experience.,2025-09-30 09:00:00,no
369,620,4648,Do I need prior knowledge of Nuxt.js before joining?,2025-09-30 04:00:00,no
370,563,3302,Do I need prior knowledge of Financial Modeling before joining?,2025-08-06 15:00:00,no
371,2406,1072,Strong understanding of AWS will help mentees succeed.,2025-06-13 03:00:00,no
372,1341,2041,How much experience is needed in Flask?,2025-01-27 04:00:00,no
373,2912,83,Mentees should spend extra time practicing BERT.,2024-07-18 01:00:00,no
374,787,4277,Is ClickUp beginner friendly for this mentorship?,2025-08-21 08:00:00,no
375,1403,2334,How much experience is needed in GitHub Actions?,2025-07-01 17:00:00,no
376,184,3373,Will this mentorship cover advanced Flask topics?,2025-05-05 05:00:00,no
377,1315,308,Mentees should spend extra time practicing FastAPI.,2025-07-04 15:00:00,no
378,1315,5131,Will this mentorship cover advanced FastAPI topics?,2025-07-04 07:00:00,no
379,154,4610,How much experience is needed in Illustrator?,2025-07-18 03:00:00,no
380,3056,2330,How much experience is needed in React?,2025-03-26 12:00:00,yes
381,2666,540,Bootstrap is very valuable for real-world projects.,2025-05-21 04:00:00,no
382,2666,4738,Do I need prior knowledge of Bootstrap before joining?,2025-05-21 08:00:00,no
383,2929,2907,Is Kubernetes beginner friendly for this mentorship?,2025-01-07 07:00:00,no
384,1278,2472,Will this mentorship cover advanced R topics?,2025-09-21 03:00:00,no
385,1278,2591,Do I need prior knowledge of R before joining?,2025-09-21 11:00:00,no
386,1105,3002,Can someone explain more about BPMN?,2025-09-12 05:00:00,no
387,1550,134,Mentees should spend extra time practicing Cinema 4D.,2025-09-04 12:00:00,no
388,2280,2570,Do I need prior knowledge of Lean Canvas before joining?,2024-12-09 06:00:00,no
389,515,3479,Is REST APIs beginner friendly for this mentorship?,2025-04-15 10:00:00,yes
390,2879,3762,Do I need prior knowledge of MEAN Stack before joining?,2025-10-12 17:00:00,no
391,2879,1366,MEAN Stack is very valuable for real-world projects.,2025-10-12 02:00:00,no
392,2719,2163,Is Python beginner friendly for this mentorship?,2025-10-12 13:00:00,no
393,2719,1693,I'd love to learn more about this topic.,2025-10-12 12:00:00,no
394,2098,4397,Can someone explain more about Nuxt.js?,2024-11-06 05:00:00,no
395,625,624,Strong understanding of Design Patterns will help mentees succeed.,2025-05-04 10:00:00,no
396,3128,2369,Do I need prior knowledge of Photoshop before joining?,2025-09-03 03:00:00,no
397,1983,803,NestJS is very valuable for real-world projects.,2025-09-22 16:00:00,no
398,925,2713,Will this mentorship cover advanced Apache Spark topics?,2024-05-02 18:00:00,no
399,1944,3202,Can someone explain more about NLTK?,2024-11-21 05:00:00,no
400,3072,4491,Do I need prior knowledge of Matplotlib before joining?,2024-10-17 09:00:00,no
401,853,70,This mentorship focuses heavily on practical MediaPipe experience.,2025-08-27 15:00:00,no
402,1371,383,Node.js is one of the most important skills in this mentorship.,2025-01-04 14:00:00,yes
403,2731,1629,Do I need prior knowledge of Spring Boot before joining?,2025-08-26 08:00:00,no
404,2766,2502,Will this mentorship cover advanced MEAN Stack topics?,2025-07-26 15:00:00,no
405,1042,823,This mentorship focuses heavily on practical Apache Spark experience.,2025-09-29 03:00:00,no
406,1042,4869,Will this mentorship cover advanced Apache Spark topics?,2025-09-29 16:00:00,no
407,3053,3663,Do I need prior knowledge of Canva before joining?,2025-10-02 14:00:00,no
408,1746,3781,Can someone explain more about Azure?,2025-09-06 17:00:00,no
409,215,1541,Do I need prior knowledge of GitLab CI before joining?,2024-11-02 16:00:00,no
410,766,1123,Mentees should spend extra time practicing ETL Pipelines.,2025-04-11 15:00:00,yes
411,1848,4262,Can someone explain more about Redshift?,2025-02-13 14:00:00,no
412,1848,3640,Is Redshift beginner friendly for this mentorship?,2025-02-13 10:00:00,no
413,2310,2130,Is .NET / ASP.NET Core beginner friendly for this mentorship?,2024-11-29 09:00:00,no
414,3057,5418,Do I need prior knowledge of Matplotlib before joining?,2025-04-11 09:00:00,no
415,246,4001,How much experience is needed in Laravel?,2025-07-13 20:19:45,no
416,246,1678,Will this mentorship cover advanced Laravel topics?,2025-07-16 06:00:00,no
417,2051,486,Strong understanding of SASS / SCSS will help mentees succeed.,2025-02-21 10:00:00,no
418,2352,68,Android (Kotlin) is one of the most important skills in this mentorship.,2025-09-04 15:00:00,no
419,2084,3442,Can someone explain more about Sketch?,2025-10-19 10:00:00,no
420,2132,3661,Is Pitch Deck Tools beginner friendly for this mentorship?,2025-09-19 16:00:00,no
421,2429,565,Mentees should spend extra time practicing Product Roadmaps.,2025-10-12 12:00:00,no
422,1782,4305,Do I need prior knowledge of Tailwind CSS before joining?,2025-09-11 09:00:00,yes
423,1215,123,This mentorship focuses heavily on practical MediaPipe experience.,2025-10-09 02:00:00,yes
424,2854,4952,Is Low Level Design (LLD) beginner friendly for this mentorship?,2024-04-16 13:00:00,yes
425,243,5258,Can someone explain more about Lean Canvas?,2024-09-17 08:00:00,no
426,243,4961,Do I need prior knowledge of Lean Canvas before joining?,2024-09-17 10:00:00,no
427,639,2387,How much experience is needed in Seaborn?,2025-06-22 16:00:00,no
428,1189,438,Mentees should spend extra time practicing FigJam.,2025-03-09 14:00:00,no
429,2021,830,Strong understanding of Scikit-learn will help mentees succeed.,2025-05-19 03:00:00,no
430,1661,2418,Do I need prior knowledge of Django before joining?,2025-10-05 11:00:00,no
431,1412,484,Strong understanding of FigJam will help mentees succeed.,2025-05-10 01:00:00,no
432,232,816,Tableau is very valuable for real-world projects.,2025-07-08 14:00:00,no
433,232,114,Tableau is one of the most important skills in this mentorship.,2025-07-08 10:00:00,no
434,285,3939,Do I need prior knowledge of Event-Driven Architecture before joining?,2025-08-02 07:00:00,no
435,2007,3067,How much experience is needed in Flask?,2025-04-22 10:00:00,yes
436,2777,291,Laravel is one of the most important skills in this mentorship.,2025-05-21 10:00:00,no
437,134,4343,Will this mentorship cover advanced Express.js topics?,2025-03-02 07:00:00,no
438,133,3646,Is Miro beginner friendly for this mentorship?,2024-07-17 14:00:00,no
439,257,4237,Is Pitch Deck Tools beginner friendly for this mentorship?,2025-04-04 16:00:00,no
440,377,2608,Can someone explain more about Logo Design Tools?,2025-10-04 02:00:00,no
441,2981,2955,How much experience is needed in Android (Kotlin)?,2024-12-05 15:00:00,no
442,1639,2342,Will this mentorship cover advanced Laravel topics?,2025-08-17 10:00:00,no
443,733,3323,Will this mentorship cover advanced Photoshop topics?,2024-05-31 14:00:00,yes
444,2804,1112,This mentorship focuses heavily on practical Matplotlib experience.,2025-03-31 20:39:55,no
445,2804,4641,Is Matplotlib beginner friendly for this mentorship?,2025-04-01 07:00:00,no
446,700,1421,LinkedIn Optimization is one of the most important skills in this mentorship.,2025-06-21 04:00:00,no
447,1333,3663,How much experience is needed in RNNs?,2025-07-02 10:00:00,no
448,456,2750,Do I need prior knowledge of Keras before joining?,2025-07-13 07:00:00,no
449,2228,5382,Do I need prior knowledge of FastAPI before joining?,2024-09-06 07:00:00,no
450,1256,4850,Is Node.js beginner friendly for this mentorship?,2024-03-19 13:00:00,no
451,1256,1956,Do I need prior knowledge of Node.js before joining?,2024-03-19 16:00:00,no
452,1292,4207,Can someone explain more about SpaCy?,2025-06-22 09:00:00,no
453,1081,2477,How much experience is needed in Notion?,2024-06-09 10:00:00,no
454,2316,4756,Can someone explain more about Brand Identity Systems?,2025-08-07 07:00:00,no
455,2052,2363,Will this mentorship cover advanced PyTorch topics?,2025-02-23 14:00:00,no
456,2210,2960,Do I need prior knowledge of BigQuery before joining?,2025-01-07 05:00:00,no
457,95,4826,Will this mentorship cover advanced Kubernetes topics?,2024-04-08 05:00:00,no
458,3058,1341,Strong understanding of Next.js will help mentees succeed.,2025-06-12 10:00:00,no
459,104,4092,Can someone explain more about Python?,2025-01-02 03:00:00,no
460,2656,1952,Is TypeScript beginner friendly for this mentorship?,2025-06-16 10:00:00,no
461,638,232,Mentees should spend extra time practicing Django.,2025-08-01 08:00:00,no
462,638,197,This mentorship focuses heavily on practical Django experience.,2025-08-01 16:00:00,no
463,2348,4380,How much experience is needed in iOS (Swift)?,2025-04-22 11:00:00,no
464,3148,713,Strong understanding of Design Patterns will help mentees succeed.,2024-08-26 08:00:00,no
465,3148,265,Can we customize the learning plan?,2024-08-26 18:00:00,no
466,3148,5078,Is Design Patterns beginner friendly for this mentorship?,2024-08-26 05:00:00,no
467,2924,225,Matplotlib is one of the most important skills in this mentorship.,2025-02-26 13:00:00,no
468,1422,3499,Can someone explain more about AWS?,2024-07-17 15:00:00,no
469,2786,2082,Is SpaCy beginner friendly for this mentorship?,2025-07-27 05:00:00,no
470,1649,1518,Do I need prior knowledge of CSS before joining?,2025-10-17 18:00:00,no
471,2602,2361,Will this mentorship cover advanced Matplotlib topics?,2025-06-23 12:00:00,no
472,2602,1767,Can someone explain more about Matplotlib?,2025-06-23 18:00:00,no
473,2112,3640,Do I need prior knowledge of Event-Driven Architecture before joining?,2025-10-11 18:00:00,no
474,2112,2997,Can someone explain more about Event-Driven Architecture?,2025-10-11 17:00:00,no
475,3080,1244,R is one of the most important skills in this mentorship.,2024-10-26 04:00:00,no
476,1157,679,"Message Queues (Kafka, RabbitMQ) is one of the most important skills in this mentorship.",2025-06-07 12:00:00,no
477,2792,2724,Do I need prior knowledge of .NET / ASP.NET Core before joining?,2025-05-18 08:00:00,no
478,1209,216,This mentorship focuses heavily on practical Notion experience.,2025-01-20 12:00:00,no
479,2407,2557,Will this mentorship cover advanced Xamarin topics?,2025-08-10 13:00:00,no
480,988,341,Mentees should spend extra time practicing InVision.,2025-10-11 04:00:00,no
481,988,4242,Will this mentorship cover advanced InVision topics?,2025-10-11 04:00:00,no
482,2615,5097,Can someone explain more about Blender?,2025-03-14 15:00:00,no
483,1684,1470,Mentees should spend extra time practicing Apache Spark.,2024-12-29 10:00:00,no
484,947,2682,How much experience is needed in Scalability & Load Balancing?,2025-10-08 06:00:00,no
485,192,2847,Is GPT Models beginner friendly for this mentorship?,2025-10-06 04:00:00,no
486,1192,1251,Hugging Face Transformers is one of the most important skills in this mentorship.,2024-05-27 01:00:00,no
487,1079,147,This mentorship focuses heavily on practical XGBoost experience.,2024-09-03 07:00:00,no
488,2201,1263,Mentees should spend extra time practicing Product Roadmaps.,2025-05-05 03:00:00,no
489,63,3512,Is SASS / SCSS beginner friendly for this mentorship?,2025-08-06 01:00:00,yes
490,1295,1592,Will this mentorship cover advanced Nginx topics?,2024-10-26 03:00:00,no
491,2809,172,CSS is very valuable for real-world projects.,2025-05-31 11:00:00,no
492,2547,3331,Can someone explain more about CSS?,2024-03-13 05:00:00,no
493,10,4149,Can someone explain more about Asana?,2024-11-14 07:00:00,no
494,10,2302,Is Asana beginner friendly for this mentorship?,2024-11-14 01:00:00,no
495,2868,3482,Is Ansible beginner friendly for this mentorship?,2024-11-23 14:00:00,yes
496,307,971,Strong understanding of Node.js will help mentees succeed.,2025-09-28 18:00:00,no
497,800,1735,How much experience is needed in Jenkins?,2025-08-30 11:00:00,yes
498,2011,1371,Strong understanding of Seaborn will help mentees succeed.,2025-06-11 18:00:00,no
499,3099,964,Strong understanding of Keras will help mentees succeed.,2025-10-04 12:00:00,yes
500,3099,3830,Can someone explain more about Keras?,2025-10-04 06:00:00,no
501,3099,1251,Keras is very valuable for real-world projects.,2025-10-04 09:00:00,no
502,2975,1989,Is Pandas beginner friendly for this mentorship?,2025-10-19 16:00:00,no
503,3157,2804,Will this mentorship cover advanced XGBoost topics?,2025-03-20 04:00:00,no
504,776,4516,Can someone explain more about Python?,2024-09-06 06:00:00,no
505,776,3220,I'd love to learn more about this topic.,2024-09-06 04:00:00,no
506,930,3157,Will this mentorship cover advanced Blender topics?,2025-08-13 05:00:00,no
507,2902,542,GitHub Actions is very valuable for real-world projects.,2025-09-13 01:00:00,no
508,2799,840,HTML is very valuable for real-world projects.,2025-03-02 08:00:00,no
509,2734,1478,Trello is very valuable for real-world projects.,2025-02-16 09:00:00,no
510,1385,5008,Do I need prior knowledge of Resume Review Tools before joining?,2025-08-08 09:00:00,no
511,862,4615,Do I need prior knowledge of PyTorch before joining?,2025-06-26 14:00:00,no
512,2474,3142,How much experience is needed in Jupyter Notebook?,2025-01-23 04:00:00,no
513,1115,5086,Will this mentorship cover advanced CatBoost topics?,2025-09-16 18:00:00,no
514,2440,4979,Can someone explain more about REST APIs?,2024-10-26 01:00:00,yes
515,367,1958,Will this mentorship cover advanced Hugging Face Transformers topics?,2025-04-06 07:00:00,no
516,2374,1142,Angular is one of the most important skills in this mentorship.,2025-06-10 10:00:00,no
517,1636,4819,Do I need prior knowledge of TensorFlow before joining?,2025-09-21 10:00:00,no
518,1636,2658,How competitive is the application process?,2025-09-21 04:00:00,no
519,1069,4887,Can someone explain more about Redshift?,2024-07-27 08:00:00,no
520,1595,733,This mentorship focuses heavily on practical Transformers experience.,2025-06-28 01:00:00,no
521,2514,2975,Can someone explain more about MEAN Stack?,2024-06-06 06:00:00,no
522,667,3760,Is Trello beginner friendly for this mentorship?,2025-10-18 01:00:00,no
523,2350,5221,"How much experience is needed in Caching (Redis, Memcached)?",2025-07-15 10:00:00,yes
524,2411,975,Mentees should spend extra time practicing SpaCy.,2025-06-15 14:00:00,no
525,280,2078,"Can someone explain more about Caching (Redis, Memcached)?",2025-03-30 04:00:00,yes
526,280,5348,"Do I need prior knowledge of Caching (Redis, Memcached) before joining?",2025-03-30 05:00:00,no
527,280,2813,Will we have access to any premium resources?,2025-03-30 08:00:00,no
528,1811,547,Mentees should spend extra time practicing SASS / SCSS.,2025-01-04 14:00:00,no
529,994,3388,Is SQL beginner friendly for this mentorship?,2025-09-07 15:00:00,no
530,2910,2599,Is Low Level Design (LLD) beginner friendly for this mentorship?,2024-09-26 15:00:00,no
531,1166,4230,Is Hugging Face Transformers beginner friendly for this mentorship?,2025-08-14 06:00:00,no
532,1672,789,This mentorship focuses heavily on practical ETL Pipelines experience.,2025-05-13 06:00:00,no
533,1672,1113,ETL Pipelines is one of the most important skills in this mentorship.,2025-05-13 07:00:00,no
534,1239,1254,.NET / ASP.NET Core is very valuable for real-world projects.,2025-02-03 18:00:00,no
535,1236,4587,Is Tailwind CSS beginner friendly for this mentorship?,2025-10-16 05:00:00,no
536,1962,4141,Is Prototyping beginner friendly for this mentorship?,2025-02-22 15:00:00,no
537,68,25,Mentees should spend extra time practicing Express.js.,2024-04-17 11:00:00,yes
538,214,1474,This mentorship focuses heavily on practical Pandas experience.,2025-10-09 11:00:00,no
539,1774,783,Mentees should spend extra time practicing Nginx.,2025-08-04 08:00:00,no
540,885,289,Adobe XD is one of the most important skills in this mentorship.,2024-09-30 09:00:00,no
541,885,5496,Do I need prior knowledge of Adobe XD before joining?,2024-09-30 03:00:00,no
542,1071,1408,This mentorship focuses heavily on practical Matplotlib experience.,2024-10-07 13:00:00,no
543,1817,5397,How much experience is needed in NumPy?,2025-10-10 15:00:00,no
544,1435,2008,How much experience is needed in Pandas?,2024-12-30 10:00:00,no
545,1918,2038,Will this mentorship cover advanced MERN Stack topics?,2025-04-03 13:00:00,no
546,3124,5177,How much experience is needed in Node.js?,2025-09-27 09:00:00,no
547,606,765,GraphQL is one of the most important skills in this mentorship.,2025-09-03 12:00:00,no
548,274,4348,How much experience is needed in Kubernetes?,2025-08-28 03:00:00,no
549,371,5471,Will this mentorship cover advanced Bootstrap topics?,2025-09-17 17:00:00,no
550,371,2363,How much experience is needed in Bootstrap?,2025-09-17 02:00:00,yes
551,2814,3808,Will this mentorship cover advanced React Native topics?,2025-01-22 14:00:00,no
552,2814,4863,Can someone explain more about React Native?,2025-01-22 09:00:00,no
553,2814,3447,This is perfect for my learning goals.,2025-01-22 11:00:00,no
554,3158,1872,How much experience is needed in Nuxt.js?,2025-07-04 15:00:00,no
555,3158,1901,Can someone explain more about Nuxt.js?,2025-07-04 16:00:00,no
556,487,3746,How much experience is needed in Xamarin?,2025-02-20 04:00:00,no
557,2915,2314,Can someone explain more about ETL Pipelines?,2024-11-27 14:00:00,no
558,2915,5152,Will this mentorship cover advanced ETL Pipelines topics?,2024-11-27 07:00:00,no
559,1173,2560,Can someone explain more about ClickUp?,2025-03-16 09:00:00,no
560,1237,2593,Do I need prior knowledge of LightGBM before joining?,2025-10-20 11:00:00,no
561,1966,1766,Is OpenCV beginner friendly for this mentorship?,2024-12-30 14:00:00,no
562,513,4977,Can someone explain more about After Effects?,2025-08-21 18:00:00,no
563,2494,2745,Do I need prior knowledge of MediaPipe before joining?,2025-09-08 16:00:00,no
564,1509,4701,Do I need prior knowledge of GraphQL before joining?,2025-06-29 07:00:00,no
565,1563,4603,Is AWS beginner friendly for this mentorship?,2025-05-20 06:00:00,yes
566,1415,4070,Can someone explain more about Keras?,2025-08-04 01:00:00,no
567,1357,385,Power BI is one of the most important skills in this mentorship.,2025-06-25 09:00:00,no
568,1357,1957,Will this mentorship cover advanced Power BI topics?,2025-06-25 04:00:00,yes
569,713,54,Strong understanding of Premiere Pro will help mentees succeed.,2025-09-25 04:00:00,no
570,2147,1539,Will this mentorship cover advanced Scalability & Load Balancing topics?,2024-08-31 16:00:00,no
571,2147,1804,Do I need prior knowledge of Scalability & Load Balancing before joining?,2024-08-31 15:00:00,no
572,2790,1697,Is Kafka beginner friendly for this mentorship?,2024-09-02 03:00:00,no
573,795,2471,Do I need prior knowledge of Azure before joining?,2024-04-16 02:00:00,no
574,1245,1362,This mentorship focuses heavily on practical CatBoost experience.,2025-07-31 17:00:00,no
575,1165,2487,Can someone explain more about React Native?,2025-07-05 09:00:00,no
576,1474,1573,Do I need prior knowledge of Asana before joining?,2025-07-14 16:00:00,no
577,1974,3275,Can someone explain more about Trello?,2025-05-08 13:00:00,no
578,1974,4942,Is Trello beginner friendly for this mentorship?,2025-05-08 09:00:00,no
579,293,3780,How much experience is needed in Adobe XD?,2025-09-25 08:00:00,no
580,1106,859,Flutter is very valuable for real-world projects.,2025-05-04 13:00:00,no
581,2008,4384,Do I need prior knowledge of Illustrator before joining?,2025-06-18 08:00:00,no
582,1985,4414,Can someone explain more about Sketch?,2025-10-11 03:00:00,no
583,724,2067,Can someone explain more about Next.js?,2024-04-12 02:00:00,no
584,419,5490,Will this mentorship cover advanced LinkedIn Optimization topics?,2024-04-10 14:00:00,no
585,1701,1542,Is Market Research Tools beginner friendly for this mentorship?,2025-01-02 09:00:00,no
586,2032,701,CatBoost is one of the most important skills in this mentorship.,2025-08-24 12:00:00,no
587,932,663,This mentorship focuses heavily on practical Python experience.,2025-03-06 06:00:00,no
588,2803,3149,Can someone explain more about Kubernetes?,2024-10-19 09:00:00,no
589,3073,2364,Can someone explain more about Figma?,2024-10-29 13:00:00,no
590,3035,3192,Will this mentorship cover advanced MediaPipe topics?,2025-07-29 07:00:00,no
591,2220,5289,Is Low Level Design (LLD) beginner friendly for this mentorship?,2025-01-21 11:00:00,no
592,2945,5320,Is Event-Driven Architecture beginner friendly for this mentorship?,2025-08-21 09:00:00,no
593,2945,2185,"Thanks for offering this, it means a lot!",2025-08-21 02:00:00,no
594,1834,850,Design Patterns is very valuable for real-world projects.,2025-08-14 12:00:00,no
595,1834,2873,How much experience is needed in Design Patterns?,2025-08-14 06:00:00,no
596,1975,3482,Do I need prior knowledge of BERT before joining?,2025-07-20 10:00:00,no
597,1772,2463,Will this mentorship cover advanced Premiere Pro topics?,2025-09-06 14:00:00,no
598,2211,3976,How much experience is needed in YOLO?,2025-02-27 11:00:00,no
599,809,4741,Do I need prior knowledge of SQL before joining?,2024-09-13 12:00:00,no
600,1282,754,Hugging Face Transformers is one of the most important skills in this mentorship.,2024-01-05 01:00:00,no
601,356,1346,Mentees should spend extra time practicing Low Level Design (LLD).,2025-01-27 15:00:00,no
602,503,5115,Will this mentorship cover advanced LightGBM topics?,2025-09-30 10:00:00,no
603,503,2474,Is LightGBM beginner friendly for this mentorship?,2025-09-30 06:00:00,no
604,503,2557,How much experience is needed in LightGBM?,2025-09-30 15:00:00,no
605,687,3766,Do I need prior knowledge of Financial Modeling before joining?,2025-10-14 22:38:37,no
606,589,298,"This mentorship focuses heavily on practical Caching (Redis, Memcached) experience.",2025-10-16 08:00:00,no
607,3137,4736,Is Interview Preparation Frameworks beginner friendly for this mentorship?,2025-07-16 17:00:00,no
608,31,760,Android (Java) is very valuable for real-world projects.,2025-08-05 03:00:00,no
609,31,5183,Do I need prior knowledge of Android (Java) before joining?,2025-08-05 01:00:00,no
610,814,4676,Can someone explain more about Apache Airflow?,2025-05-12 09:00:00,no
611,612,521,This mentorship focuses heavily on practical HTML experience.,2025-07-11 15:00:00,no
612,3146,3728,How much experience is needed in Power BI?,2025-08-18 07:00:00,no
613,3146,2479,Will this mentorship cover advanced Power BI topics?,2025-08-18 03:00:00,yes
614,3149,5310,Will this mentorship cover advanced Snowflake topics?,2024-11-16 18:00:00,no
615,1859,663,Kafka is very valuable for real-world projects.,2025-07-20 07:00:00,yes
616,3197,165,Strong understanding of Excel will help mentees succeed.,2024-08-14 12:00:00,no
617,2438,4311,Can someone explain more about Blender?,2024-03-27 14:00:00,no
618,2399,1064,Mentees should spend extra time practicing Redshift.,2025-10-16 05:00:00,no
619,217,1558,How much experience is needed in Apache Airflow?,2025-09-22 07:00:00,yes
620,1761,3053,Can someone explain more about Kafka?,2025-02-21 15:00:00,no
621,867,3850,Do I need prior knowledge of Notion before joining?,2025-10-05 14:00:00,yes
622,1913,277,RNNs is very valuable for real-world projects.,2024-10-02 15:00:00,no
623,2100,1439,Monday.com is one of the most important skills in this mentorship.,2025-04-21 14:00:00,no
624,2468,5335,How much experience is needed in Terraform?,2024-10-17 06:00:00,no
625,860,4833,Can someone explain more about Confluence?,2025-01-17 09:00:00,no
626,1010,2736,Is GitHub Actions beginner friendly for this mentorship?,2025-09-24 15:00:00,no
627,1832,1226,Market Research Tools is very valuable for real-world projects.,2024-05-08 04:00:00,no
628,2883,3740,How much experience is needed in Vue.js?,2025-09-20 13:00:00,no
629,1852,2664,How much experience is needed in Illustrator?,2025-10-09 11:00:00,no
630,1852,1304,This mentorship focuses heavily on practical Illustrator experience.,2025-10-09 15:00:00,no
631,2805,917,Interview Preparation Frameworks is one of the most important skills in this mentorship.,2025-07-09 06:00:00,no
632,2805,5388,Is Interview Preparation Frameworks beginner friendly for this mentorship?,2025-07-09 02:00:00,no
633,2925,1942,Will this mentorship cover advanced Flutter topics?,2025-09-18 15:00:00,yes
634,2557,2665,How much experience is needed in Google Sheets?,2025-06-17 03:00:00,no
635,1280,977,Mentees should spend extra time practicing ClickUp.,2025-09-11 16:00:00,no
636,283,1784,Will this mentorship cover advanced Redshift topics?,2024-11-16 12:00:00,no
637,283,1528,Do I need prior knowledge of Redshift before joining?,2024-11-16 04:00:00,no
638,2424,932,Strong understanding of Django will help mentees succeed.,2025-09-02 14:00:00,no
639,1825,1244,Mentees should spend extra time practicing Flask.,2025-05-25 06:00:00,no
640,1456,174,This mentorship focuses heavily on practical Photoshop experience.,2025-06-05 13:00:00,no
641,1289,3028,Will this mentorship cover advanced ETL Pipelines topics?,2025-05-23 02:00:00,no
642,1487,5262,Will this mentorship cover advanced Product Roadmaps topics?,2025-10-20 16:00:00,no
643,2083,1876,Will this mentorship cover advanced Photoshop topics?,2025-10-14 06:00:00,no
644,1612,1085,This mentorship focuses heavily on practical GPT Models experience.,2025-04-28 02:00:00,no
645,2223,5172,How much experience is needed in Ansible?,2025-06-23 01:00:00,no
646,169,2806,Do I need prior knowledge of Android (Kotlin) before joining?,2024-02-13 08:00:00,no
647,706,3073,Is Product Roadmaps beginner friendly for this mentorship?,2024-08-31 18:00:00,yes
648,610,4087,Is Lean Canvas beginner friendly for this mentorship?,2025-05-31 15:00:00,no
649,610,5273,How much experience is needed in Lean Canvas?,2025-05-31 01:00:00,no
650,1108,1044,Mentees should spend extra time practicing React Native.,2025-08-01 06:00:00,no
651,980,4521,Can someone explain more about Spring Boot?,2025-03-25 13:00:00,no
652,1922,1872,Is Logo Design Tools beginner friendly for this mentorship?,2025-04-30 03:00:00,no
653,1922,554,Strong understanding of Logo Design Tools will help mentees succeed.,2025-04-30 10:00:00,no
654,1922,4648,Do I need prior knowledge of Logo Design Tools before joining?,2025-04-30 14:00:00,no
655,2214,5276,"Will this mentorship cover advanced Message Queues (Kafka, RabbitMQ) topics?",2025-10-17 04:00:00,no
656,1773,5447,Will this mentorship cover advanced SASS / SCSS topics?,2025-09-10 08:00:00,no
657,2546,2930,How much experience is needed in Career Planning Models?,2025-05-11 13:00:00,no
658,2610,1846,How much experience is needed in LinkedIn Optimization?,2025-03-21 05:00:00,no
659,2005,2602,Will this mentorship cover advanced ETL Pipelines topics?,2025-10-07 10:00:00,no
660,2005,13,ETL Pipelines is very valuable for real-world projects.,2025-10-07 10:00:00,no
661,2005,1328,Would this help me transition to a new career?,2025-10-07 16:00:00,no
662,2748,5215,Can someone explain more about Angular?,2025-10-21 10:00:00,no
663,210,5273,How much experience is needed in NumPy?,2025-01-23 07:00:00,no
664,1286,2040,Do I need prior knowledge of SQL before joining?,2024-06-28 09:00:00,no
665,1546,3674,Can someone explain more about React Native?,2025-05-18 01:00:00,yes
666,2808,596,Strong understanding of Canva will help mentees succeed.,2025-04-06 13:00:00,no
667,1066,2156,Can someone explain more about Notion?,2024-09-10 17:00:00,no
668,1719,1134,React Native is one of the most important skills in this mentorship.,2024-08-09 02:00:00,no
669,207,1928,Do I need prior knowledge of OpenCV before joining?,2025-01-24 07:00:00,no
670,207,4968,How much experience is needed in OpenCV?,2025-01-24 13:00:00,no
671,2904,4051,How much experience is needed in Apache Airflow?,2025-10-04 05:00:00,yes
672,2828,3524,Will this mentorship cover advanced Android (Java) topics?,2025-10-16 18:00:00,no
673,746,434,CI/CD Pipelines is very valuable for real-world projects.,2025-04-15 03:00:00,no
674,249,4516,Do I need prior knowledge of Wireframing before joining?,2025-01-06 06:00:00,yes
675,1816,4601,How much experience is needed in Machine Learning Libraries?,2024-10-25 13:00:00,no
676,2890,861,Strong understanding of Android (Kotlin) will help mentees succeed.,2024-11-14 11:00:00,no
677,688,777,Strong understanding of LAMP Stack will help mentees succeed.,2025-10-12 08:00:00,yes
678,2194,926,Strong understanding of User Journey Mapping will help mentees succeed.,2025-04-26 16:00:00,no
679,2194,3323,Do I need prior knowledge of User Journey Mapping before joining?,2025-04-26 13:00:00,no
680,146,1940,Is Canva beginner friendly for this mentorship?,2025-05-29 07:00:00,no
681,323,5088,Will this mentorship cover advanced Ionic topics?,2024-08-08 04:00:00,yes
682,2379,3684,How much experience is needed in Microservices Architecture?,2025-08-22 15:00:00,no
683,1117,2270,Is InVision beginner friendly for this mentorship?,2025-02-21 18:00:00,no
684,1117,3144,Will this mentorship cover advanced InVision topics?,2025-02-21 12:00:00,no
685,3150,452,Mentees should spend extra time practicing Monday.com.,2024-12-06 09:00:00,no
686,1769,2557,Do I need prior knowledge of Matplotlib before joining?,2025-09-18 03:00:00,no
687,1560,3459,How much experience is needed in TensorFlow?,2025-04-07 04:00:00,yes
688,1070,2663,Do I need prior knowledge of Python before joining?,2024-08-16 17:00:00,no
689,1770,420,Canva is very valuable for real-world projects.,2025-06-25 10:00:00,no
690,278,4516,Do I need prior knowledge of Next.js Full Stack before joining?,2025-01-09 02:00:00,no
691,2647,2681,Will this mentorship cover advanced Android (Java) topics?,2025-09-04 01:00:00,no
692,3030,1576,Do I need prior knowledge of FigJam before joining?,2025-06-21 01:00:00,no
693,2853,3973,Will this mentorship cover advanced CI/CD Pipelines topics?,2025-10-21 05:00:00,no
694,1434,3718,Is Spring Boot beginner friendly for this mentorship?,2025-09-24 01:00:00,no
695,2003,3299,Is Monday.com beginner friendly for this mentorship?,2024-08-06 13:00:00,no
696,1841,2568,How much experience is needed in React?,2024-05-25 06:00:00,no
697,1790,4371,Can someone explain more about JavaScript?,2025-08-02 12:00:00,no
698,1068,5214,How much experience is needed in MediaPipe?,2025-07-22 03:00:00,no
699,1068,914,Mentees should spend extra time practicing MediaPipe.,2025-07-22 08:00:00,no
700,2261,3978,Is After Effects beginner friendly for this mentorship?,2025-09-09 18:00:00,no
701,1382,3877,Is REST Architecture beginner friendly for this mentorship?,2025-09-03 11:00:00,no
702,2212,3050,Is Bootstrap beginner friendly for this mentorship?,2025-09-17 03:00:00,no
703,1570,1725,Is Seaborn beginner friendly for this mentorship?,2025-08-14 10:00:00,no
704,1570,3921,Will this mentorship cover advanced Seaborn topics?,2025-08-14 09:00:00,no
705,1764,1432,Mentees should spend extra time practicing InVision.,2025-01-02 12:00:00,no
706,1764,3308,Can someone explain more about InVision?,2025-01-02 06:00:00,no
707,1753,178,Mentees should spend extra time practicing BPMN.,2025-10-02 01:00:00,yes
708,1749,4087,Is Canva beginner friendly for this mentorship?,2025-09-18 15:00:00,no
709,108,551,Matplotlib is very valuable for real-world projects.,2025-05-15 17:00:00,no
710,1621,1650,Will this mentorship cover advanced Scikit-learn topics?,2025-10-19 09:00:00,no
711,1330,2872,Is REST Architecture beginner friendly for this mentorship?,2025-09-03 05:00:00,no
712,2290,2951,Will this mentorship cover advanced AWS topics?,2025-02-22 16:00:00,no
713,2290,4588,Do I need prior knowledge of AWS before joining?,2025-02-22 11:00:00,no
714,2909,2275,Do I need prior knowledge of Android (Java) before joining?,2024-05-02 10:00:00,no
715,53,4429,Is Logo Design Tools beginner friendly for this mentorship?,2025-04-09 08:00:00,no
716,1128,362,Strong understanding of Transformers will help mentees succeed.,2025-09-30 16:00:00,no
717,2257,2373,Do I need prior knowledge of Apache Spark before joining?,2024-12-20 08:00:00,no
718,379,1938,How much experience is needed in Pitch Deck Tools?,2025-01-18 09:00:00,no
719,379,470,Mentees should spend extra time practicing Pitch Deck Tools.,2025-01-18 13:00:00,no
720,1368,839,REST Architecture is one of the most important skills in this mentorship.,2025-07-19 03:00:00,no
721,2371,4958,Will this mentorship cover advanced NestJS topics?,2025-01-28 11:00:00,no
722,413,385,This mentorship focuses heavily on practical NLTK experience.,2025-09-17 17:00:00,no
723,1301,1835,How much experience is needed in Angular?,2025-09-12 12:00:00,no
724,580,1280,This mentorship focuses heavily on practical BPMN experience.,2024-09-21 03:00:00,no
725,1266,2664,Will this mentorship cover advanced PyTorch topics?,2024-09-25 13:00:00,no
726,1512,3884,Is After Effects beginner friendly for this mentorship?,2025-09-30 14:00:00,no
727,1248,5367,Is Tableau beginner friendly for this mentorship?,2025-06-02 09:00:00,no
728,1420,2654,Will this mentorship cover advanced Brand Identity Systems topics?,2024-08-23 13:00:00,no
729,526,3175,Do I need prior knowledge of CSS before joining?,2025-05-31 12:00:00,no
730,526,5230,Is CSS beginner friendly for this mentorship?,2025-05-31 17:00:00,no
731,2540,2941,Will this mentorship cover advanced Miro topics?,2024-06-27 05:00:00,no
732,2540,2348,Would you recommend any pre-reading material?,2024-06-27 12:00:00,no
733,2187,4887,How much experience is needed in Nginx?,2025-02-24 01:00:00,no
734,1410,1781,Do I need prior knowledge of NumPy before joining?,2025-09-30 05:00:00,yes
735,1410,876,Mentees should spend extra time practicing NumPy.,2025-09-30 14:00:00,no
736,1138,3166,Is AWS beginner friendly for this mentorship?,2025-09-26 08:00:00,no
737,1797,3734,Will this mentorship cover advanced RNNs topics?,2024-10-30 18:00:00,no
738,2938,4142,Will this mentorship cover advanced Android (Java) topics?,2025-10-17 05:00:00,no
739,418,4311,Do I need prior knowledge of Market Research Tools before joining?,2025-08-23 04:00:00,no
740,2017,5214,Can someone explain more about JavaScript?,2025-06-13 04:00:00,no
741,2166,3308,Do I need prior knowledge of OpenCV before joining?,2025-01-09 16:00:00,no
742,2928,2906,Can someone explain more about Miro?,2024-12-26 18:00:00,no
743,851,1701,Is Docker beginner friendly for this mentorship?,2025-06-25 17:00:00,no
744,198,4897,Can someone explain more about Snowflake?,2025-07-06 08:00:00,no
745,196,702,Mentees should spend extra time practicing Transformers.,2025-05-15 10:00:00,no
746,1736,3220,Will this mentorship cover advanced Next.js topics?,2025-05-30 17:00:00,no
747,1910,3395,Will this mentorship cover advanced Jira topics?,2024-11-13 17:00:00,no
748,2998,5291,Can someone explain more about GraphQL?,2025-09-23 06:00:00,no
749,2658,4205,Can someone explain more about Hugging Face Transformers?,2024-09-03 10:00:00,no
750,2658,5076,Do I need prior knowledge of Hugging Face Transformers before joining?,2024-09-03 15:00:00,no
751,1092,1501,Can someone explain more about GitHub Actions?,2025-06-15 09:00:00,no
752,1577,4897,Do I need prior knowledge of Terraform before joining?,2025-07-04 07:00:00,yes
753,1959,2038,Do I need prior knowledge of LAMP Stack before joining?,2024-12-24 13:00:00,no
754,2317,4155,Will this mentorship cover advanced Market Research Tools topics?,2025-09-07 01:00:00,no
755,1791,1275,Scalability & Load Balancing is very valuable for real-world projects.,2024-12-20 11:00:00,no
756,212,5148,Do I need prior knowledge of Financial Modeling before joining?,2025-06-16 09:00:00,no
757,2970,3659,Is Jira beginner friendly for this mentorship?,2025-10-05 08:00:00,no
758,2522,3040,Can someone explain more about React Native?,2025-09-04 11:00:00,no
759,3154,4228,Do I need prior knowledge of Spring Boot before joining?,2025-08-23 13:00:00,yes
760,1838,4016,Is Adobe XD beginner friendly for this mentorship?,2025-08-12 16:00:00,no
761,1838,3400,How competitive is the application process?,2025-08-12 03:00:00,no
762,2142,3275,Is Laravel beginner friendly for this mentorship?,2025-01-22 09:00:00,no
763,999,3895,"Do I need prior knowledge of Message Queues (Kafka, RabbitMQ) before joining?",2024-04-23 06:00:00,no
764,1750,2472,Do I need prior knowledge of MEAN Stack before joining?,2025-10-18 11:00:00,yes
765,2099,2284,How much experience is needed in Tableau?,2025-02-05 16:00:00,no
766,2831,2664,Can someone explain more about OpenCV?,2025-10-16 13:00:00,yes
767,324,3599,How much experience is needed in TensorFlow?,2025-03-29 02:00:00,no
768,324,4208,Is TensorFlow beginner friendly for this mentorship?,2025-03-29 03:00:00,no
769,324,3288,Do I need prior knowledge of TensorFlow before joining?,2025-03-29 02:00:00,no
770,1005,1323,Mentees should spend extra time practicing Blender.,2025-10-05 11:00:00,no
771,767,3721,Can someone explain more about CI/CD Pipelines?,2025-05-22 11:00:00,no
772,1022,1801,Do I need prior knowledge of Android (Kotlin) before joining?,2024-07-22 18:00:00,no
773,1779,2902,Can someone explain more about Matplotlib?,2024-12-01 02:00:00,no
774,1779,1585,I've heard great things about this mentor!,2024-12-01 10:00:00,no
775,1290,109,This mentorship focuses heavily on practical SQL experience.,2024-09-26 06:00:00,yes
776,897,146,RNNs is one of the most important skills in this mentorship.,2025-08-26 08:00:00,no
777,2749,2211,Will this mentorship cover advanced GPT Models topics?,2024-04-03 14:00:00,no
778,2749,1016,GPT Models is very valuable for real-world projects.,2024-04-03 15:00:00,no
779,3051,2067,Can someone explain more about LAMP Stack?,2025-05-18 10:00:00,no
780,2283,4426,Is Scalability & Load Balancing beginner friendly for this mentorship?,2025-08-06 04:00:00,no
781,2775,454,Miro is one of the most important skills in this mentorship.,2025-01-28 14:00:00,no
782,2775,5275,Will this mentorship cover advanced Miro topics?,2025-01-28 04:00:00,yes
783,2430,1237,Strong understanding of Scikit-learn will help mentees succeed.,2024-08-03 08:00:00,no
784,1697,1324,Cinema 4D is very valuable for real-world projects.,2025-08-27 09:00:00,no
785,1378,3102,Do I need prior knowledge of Android (Java) before joining?,2024-08-18 05:00:00,no
786,769,2526,Will this mentorship cover advanced TypeScript topics?,2025-09-27 06:00:00,yes
787,2671,541,Strong understanding of Laravel will help mentees succeed.,2025-08-26 13:00:00,no
788,2671,3106,Is Laravel beginner friendly for this mentorship?,2025-08-26 07:00:00,yes
789,2867,2014,Do I need prior knowledge of Product Roadmaps before joining?,2024-10-17 06:00:00,no
790,2867,715,Product Roadmaps is one of the most important skills in this mentorship.,2024-10-17 09:00:00,no
791,2092,630,This mentorship focuses heavily on practical FigJam experience.,2025-10-05 10:00:00,no
792,1646,2790,Will this mentorship cover advanced Notion topics?,2025-03-13 05:00:00,yes
793,2123,1510,Can someone explain more about Bootstrap?,2024-02-05 09:00:00,no
794,360,1457,FastAPI is very valuable for real-world projects.,2024-06-07 07:00:00,no
795,2273,1395,Strong understanding of NestJS will help mentees succeed.,2024-11-23 09:00:00,no
796,2273,168,This mentorship focuses heavily on practical NestJS experience.,2024-11-23 07:00:00,no
797,2760,3750,Will this mentorship cover advanced HTML topics?,2025-10-02 10:00:00,no
798,1803,2319,Will this mentorship cover advanced Angular topics?,2025-09-03 09:00:00,no
799,794,5111,Do I need prior knowledge of Ansible before joining?,2025-10-05 07:00:00,no
800,3027,1979,Is RNNs beginner friendly for this mentorship?,2025-08-06 12:00:00,no
801,2965,2279,Is Microservices Architecture beginner friendly for this mentorship?,2024-06-22 12:00:00,no
802,2367,5219,How much experience is needed in CSS?,2025-10-02 04:00:00,no
803,1527,2974,Is Resume Review Tools beginner friendly for this mentorship?,2025-02-08 14:00:00,no
804,1527,3582,How much experience is needed in Resume Review Tools?,2025-02-08 16:00:00,no
805,1527,1661,I'd love to learn more about this topic.,2025-02-08 08:00:00,no
806,2222,5195,Can someone explain more about OpenCV?,2025-07-03 04:00:00,no
807,372,5397,Do I need prior knowledge of Jenkins before joining?,2024-07-27 02:00:00,no
808,3008,2872,Can someone explain more about Ansible?,2025-08-30 14:00:00,no
809,3120,4142,Is Brand Identity Systems beginner friendly for this mentorship?,2025-06-17 04:00:00,no
810,2948,3025,Can someone explain more about Photoshop?,2025-09-23 11:00:00,no
811,2997,1330,This mentorship focuses heavily on practical BPMN experience.,2025-06-06 18:00:00,no
812,2997,2170,How much experience is needed in BPMN?,2025-06-06 10:00:00,no
813,2545,2449,Will this mentorship cover advanced Flutter topics?,2025-02-08 10:00:00,no
814,2545,431,This mentorship focuses heavily on practical Flutter experience.,2025-02-08 16:00:00,no
815,2545,4711,Can someone explain more about Flutter?,2025-02-08 07:00:00,no
816,2983,618,This mentorship focuses heavily on practical Confluence experience.,2024-09-20 07:00:00,no
817,270,3637,How much experience is needed in SASS / SCSS?,2025-08-09 04:00:00,no
818,270,2689,Will this mentorship cover advanced SASS / SCSS topics?,2025-08-09 12:00:00,no
819,753,1964,Will this mentorship cover advanced Laravel topics?,2024-07-09 03:00:00,no
820,2117,1146,Strong understanding of Matplotlib will help mentees succeed.,2025-10-19 01:00:00,no
821,1274,2298,How much experience is needed in InVision?,2025-02-01 02:00:00,no
822,1367,2902,Can someone explain more about OKRs?,2025-10-14 09:00:00,no
823,1676,1490,Low Level Design (LLD) is one of the most important skills in this mentorship.,2024-06-17 09:00:00,yes
824,253,2235,Is TensorFlow beginner friendly for this mentorship?,2025-07-19 02:00:00,no
825,1433,4695,Do I need prior knowledge of Nuxt.js before joining?,2025-09-14 09:00:00,no
826,1055,3659,Do I need prior knowledge of Design Patterns before joining?,2025-09-23 14:00:00,no
827,1090,2370,Can someone explain more about R?,2025-03-01 15:00:00,no
828,1798,5208,Can someone explain more about CatBoost?,2025-01-11 11:00:00,no
829,2551,3589,Can someone explain more about Career Planning Models?,2025-06-21 13:00:00,no
830,1660,4458,Will this mentorship cover advanced Transformers topics?,2025-09-16 05:00:00,no
831,1235,3095,Will this mentorship cover advanced JavaScript topics?,2025-10-16 18:00:00,no
832,1654,940,Mentees should spend extra time practicing OpenCV.,2025-10-12 01:00:00,no
833,2284,3447,Is Snowflake beginner friendly for this mentorship?,2025-05-28 01:00:00,no
834,2861,303,Strong understanding of iOS (Swift) will help mentees succeed.,2025-10-02 14:00:00,no
835,2989,4255,Do I need prior knowledge of GraphQL before joining?,2024-11-26 09:00:00,no
836,598,2521,Do I need prior knowledge of MEAN Stack before joining?,2025-03-28 01:00:00,no
837,1168,4056,How much experience is needed in Apache Airflow?,2025-01-20 06:00:00,no
838,2837,3871,Will this mentorship cover advanced MEAN Stack topics?,2024-07-25 16:00:00,no
839,1097,1513,Do I need prior knowledge of Docker before joining?,2025-10-19 18:00:00,yes
840,1243,2526,Do I need prior knowledge of JavaScript before joining?,2025-04-04 15:00:00,no
841,2299,190,This mentorship focuses heavily on practical Pandas experience.,2025-09-04 01:00:00,no
842,2074,1319,Strong understanding of PyTorch will help mentees succeed.,2025-10-16 13:00:00,no
843,1054,1759,Is OKRs beginner friendly for this mentorship?,2025-09-08 01:00:00,yes
844,3139,2922,How much experience is needed in Terraform?,2025-08-18 14:00:00,no
845,353,3045,Do I need prior knowledge of Business Model Canvas before joining?,2024-05-15 05:00:00,no
846,353,4634,Will this mentorship cover advanced Business Model Canvas topics?,2024-05-15 01:00:00,yes
847,2255,1985,How much experience is needed in OpenCV?,2025-07-24 13:00:00,no
848,2385,2189,Is InDesign beginner friendly for this mentorship?,2025-02-27 03:00:00,yes
849,2385,2643,Can someone explain more about InDesign?,2025-02-27 07:00:00,no
850,2122,3595,Can someone explain more about Career Planning Models?,2025-06-10 08:00:00,no
851,1835,1311,This mentorship focuses heavily on practical Next.js Full Stack experience.,2025-05-15 06:00:00,no
852,550,2367,Do I need prior knowledge of High Level Design (HLD) before joining?,2024-10-10 12:00:00,no
853,2864,1000,Mentees should spend extra time practicing Monday.com.,2024-10-18 06:00:00,no
854,1314,1182,Wireframing is very valuable for real-world projects.,2024-12-28 07:00:00,no
855,3101,3209,Is Machine Learning Libraries beginner friendly for this mentorship?,2025-03-17 03:00:00,no
856,305,1366,"Caching (Redis, Memcached) is one of the most important skills in this mentorship.",2025-10-12 10:00:00,no
857,2050,3596,Can someone explain more about LinkedIn Optimization?,2025-08-08 02:00:00,no
858,2062,1915,Will this mentorship cover advanced Cinema 4D topics?,2025-07-24 16:00:00,no
859,344,5157,Can someone explain more about Jupyter Notebook?,2025-08-06 09:00:00,no
860,344,1486,Strong understanding of Jupyter Notebook will help mentees succeed.,2025-08-06 01:00:00,no
861,2950,4719,Will this mentorship cover advanced Event-Driven Architecture topics?,2025-09-14 08:00:00,no
862,818,1847,Will this mentorship cover advanced Docker topics?,2025-08-02 09:00:00,no
863,535,5200,Can someone explain more about Trello?,2025-01-01 03:00:00,yes
864,535,2947,Is Trello beginner friendly for this mentorship?,2025-01-01 15:00:00,yes
865,2143,1369,Product Roadmaps is one of the most important skills in this mentorship.,2025-02-03 12:00:00,yes
866,3001,3451,Will this mentorship cover advanced Zeplin topics?,2025-09-28 01:00:00,no
867,1758,654,Terraform is one of the most important skills in this mentorship.,2025-10-21 05:00:00,no
868,2254,4452,Will this mentorship cover advanced Miro topics?,2025-05-25 01:00:00,no
869,2254,1985,How much experience is needed in Miro?,2025-05-25 07:00:00,no
870,522,1107,Strong understanding of Python will help mentees succeed.,2025-05-04 07:00:00,no
871,1979,1161,SQL is very valuable for real-world projects.,2024-09-30 17:00:00,no
872,1979,4283,Can someone explain more about SQL?,2024-09-30 17:00:00,no
873,1140,2368,Will this mentorship cover advanced LinkedIn Optimization topics?,2025-10-10 02:00:00,no
874,3038,4283,How much experience is needed in Android (Kotlin)?,2025-07-02 08:00:00,no
875,3005,1385,Strong understanding of Nginx will help mentees succeed.,2025-07-09 11:00:00,no
876,1942,2366,Will this mentorship cover advanced Prototyping topics?,2024-08-16 10:00:00,no
877,1942,1514,The description really resonates with me.,2024-08-16 11:00:00,no
878,2586,3995,How much experience is needed in Machine Learning Libraries?,2024-09-09 13:00:00,no
879,3185,258,Mentees should spend extra time practicing Vue.js.,2025-08-31 12:00:00,no
880,1246,1542,Do I need prior knowledge of GitLab CI before joining?,2024-12-01 13:00:00,no
881,1752,965,Strong understanding of MEAN Stack will help mentees succeed.,2025-05-31 14:00:00,no
882,2605,2657,Can someone explain more about NumPy?,2025-10-17 04:00:00,no
883,3015,1501,Will this mentorship cover advanced Apache Airflow topics?,2025-05-28 18:00:00,no
884,3015,4085,I'd appreciate more details on the curriculum.,2025-05-28 13:00:00,no
885,1768,5139,Can someone explain more about OpenCV?,2025-09-12 09:00:00,no
886,1768,3069,Will this mentorship cover advanced OpenCV topics?,2025-09-12 05:00:00,no
887,2141,820,Jenkins is one of the most important skills in this mentorship.,2025-07-02 16:00:00,no
888,1866,861,This mentorship focuses heavily on practical Express.js experience.,2025-10-19 06:00:00,no
889,2028,979,This mentorship focuses heavily on practical Nginx experience.,2025-04-26 11:00:00,no
890,2377,940,MERN Stack is one of the most important skills in this mentorship.,2024-05-12 17:00:00,no
891,1284,1213,Next.js Full Stack is one of the most important skills in this mentorship.,2025-06-04 04:00:00,no
892,1284,4099,How much experience is needed in Next.js Full Stack?,2025-06-04 07:00:00,no
893,1845,803,Strong understanding of REST APIs will help mentees succeed.,2025-10-17 06:00:00,no
894,2843,4001,How much experience is needed in Ansible?,2025-04-14 14:00:00,no
895,527,2681,Will this mentorship cover advanced Excel topics?,2025-08-07 11:00:00,no
896,1099,2080,Can someone explain more about After Effects?,2025-10-14 03:00:00,no
897,1099,3528,Do I need prior knowledge of After Effects before joining?,2025-10-14 12:00:00,no
898,1099,4081,This is perfect for my learning goals.,2025-10-14 13:00:00,no
899,2351,4544,How much experience is needed in Scikit-learn?,2025-07-27 11:00:00,yes
900,2332,4823,Will this mentorship cover advanced High Level Design (HLD) topics?,2025-09-25 01:00:00,no
901,2357,325,BERT is one of the most important skills in this mentorship.,2025-10-05 12:00:00,no
902,542,391,Mentees should spend extra time practicing Scalability & Load Balancing.,2025-09-01 05:00:00,no
903,15,313,InVision is very valuable for real-world projects.,2025-05-28 18:00:00,no
904,335,3776,Can someone explain more about Cinema 4D?,2025-07-16 14:00:00,no
905,2487,2747,Will this mentorship cover advanced LAMP Stack topics?,2025-10-11 14:00:00,no
906,1060,1778,Will this mentorship cover advanced Excel topics?,2024-11-01 09:00:00,no
907,1579,502,Photoshop is very valuable for real-world projects.,2024-08-02 03:00:00,no
908,2097,1763,Is Product Roadmaps beginner friendly for this mentorship?,2025-10-20 08:00:00,no
909,912,2994,Is Next.js beginner friendly for this mentorship?,2025-10-17 06:00:00,no
910,156,3759,Will this mentorship cover advanced Python topics?,2025-08-01 11:00:00,no
911,1120,4591,Do I need prior knowledge of Keras before joining?,2024-11-15 08:00:00,no
912,1120,535,Keras is one of the most important skills in this mentorship.,2024-11-15 13:00:00,no
913,3010,4781,Can someone explain more about MERN Stack?,2025-10-13 04:00:00,no
914,1865,5243,Is .NET / ASP.NET Core beginner friendly for this mentorship?,2025-10-19 08:00:00,no
915,2402,5219,Will this mentorship cover advanced Flutter topics?,2024-10-25 15:00:00,no
916,194,4489,How much experience is needed in InDesign?,2025-04-22 06:00:00,no
917,1324,78,BERT is one of the most important skills in this mentorship.,2025-04-05 09:00:00,no
918,1324,4458,Is BERT beginner friendly for this mentorship?,2025-04-05 12:00:00,no
919,2239,1048,.NET / ASP.NET Core is very valuable for real-world projects.,2025-05-03 14:00:00,yes
920,1982,3731,Is React Native beginner friendly for this mentorship?,2025-10-18 04:00:00,no
921,1945,948,Strong understanding of After Effects will help mentees succeed.,2024-12-21 17:00:00,no
922,1220,3734,Will this mentorship cover advanced Scalability & Load Balancing topics?,2025-09-07 14:00:00,no
923,3096,3088,How much experience is needed in LAMP Stack?,2025-07-10 16:00:00,no
924,754,2506,How much experience is needed in Ansible?,2025-02-15 12:00:00,no
925,2103,4897,Will this mentorship cover advanced Logo Design Tools topics?,2024-05-16 02:00:00,no
926,2246,5182,Will this mentorship cover advanced Django topics?,2025-09-03 06:00:00,no
927,2923,4281,Will this mentorship cover advanced Xamarin topics?,2025-02-07 16:00:00,yes
928,1075,1789,Will this mentorship cover advanced Seaborn topics?,2025-08-27 03:00:00,no
929,1075,747,Strong understanding of Seaborn will help mentees succeed.,2025-08-27 15:00:00,no
930,1554,807,Mentees should spend extra time practicing Jupyter Notebook.,2025-03-28 02:00:00,no
931,139,517,Bootstrap is one of the most important skills in this mentorship.,2025-02-10 16:00:00,no
932,2608,175,Tableau is very valuable for real-world projects.,2025-06-08 04:00:00,no
933,865,2128,Do I need prior knowledge of Next.js before joining?,2025-08-26 07:00:00,no
934,865,5200,Will this mentorship cover advanced Next.js topics?,2025-08-26 02:00:00,no
935,2163,1302,Mentees should spend extra time practicing MEAN Stack.,2024-02-17 07:00:00,no
936,279,5286,Will this mentorship cover advanced Premiere Pro topics?,2025-09-02 17:00:00,yes
937,802,3363,Do I need prior knowledge of Flutter before joining?,2025-04-26 03:00:00,no
938,3055,4952,How much experience is needed in FigJam?,2024-07-09 07:00:00,no
939,2933,3992,"Is Caching (Redis, Memcached) beginner friendly for this mentorship?",2025-06-13 06:00:00,no
940,1304,5170,Will this mentorship cover advanced GitLab CI topics?,2025-06-10 10:00:00,no
941,1359,680,Transformers is very valuable for real-world projects.,2025-05-22 01:00:00,no
942,1511,5279,Can someone explain more about Adobe XD?,2025-08-29 17:00:00,no
943,896,1317,Strong understanding of JavaScript will help mentees succeed.,2025-07-31 08:00:00,no
944,547,4924,Is Trello beginner friendly for this mentorship?,2025-02-26 01:00:00,yes
945,2626,3006,Can someone explain more about SASS / SCSS?,2025-10-20 09:00:00,yes
946,2285,4533,Do I need prior knowledge of Design Patterns before joining?,2025-05-26 11:00:00,no
947,1475,3202,Is Django beginner friendly for this mentorship?,2024-12-11 08:00:00,no
948,1531,170,Mentees should spend extra time practicing Next.js.,2025-10-17 18:00:00,no
949,2612,1323,Strong understanding of User Journey Mapping will help mentees succeed.,2025-08-02 16:00:00,no
950,931,1915,How much experience is needed in Apache Airflow?,2025-01-31 17:00:00,no
951,1718,4864,How much experience is needed in Snowflake?,2024-05-24 14:00:00,no
952,2037,4488,Is Interview Preparation Frameworks beginner friendly for this mentorship?,2025-08-18 05:00:00,no
953,941,5165,How much experience is needed in Adobe XD?,2025-10-14 10:00:00,no
954,2205,1116,This mentorship focuses heavily on practical Excel experience.,2024-10-05 05:00:00,no
955,674,987,Strong understanding of CatBoost will help mentees succeed.,2025-05-08 17:00:00,yes
956,417,5425,How much experience is needed in Career Planning Models?,2025-08-16 12:00:00,yes
957,2794,1577,Do I need prior knowledge of User Journey Mapping before joining?,2025-09-07 05:00:00,yes
958,1664,3895,Is Flutter beginner friendly for this mentorship?,2024-11-03 16:00:00,no
959,1664,1804,"Great mentorship opportunity, very interested.",2024-11-03 01:00:00,no
960,1664,3090,How much experience is needed in Flutter?,2024-11-03 07:00:00,no
961,2154,1789,Is YOLO beginner friendly for this mentorship?,2025-08-25 04:00:00,no
962,2774,522,Mentees should spend extra time practicing SASS / SCSS.,2025-10-16 09:00:00,no
963,2705,1585,Is Low Level Design (LLD) beginner friendly for this mentorship?,2025-01-18 09:00:00,no
964,2349,1505,Can someone explain more about Pitch Deck Tools?,2025-06-11 07:00:00,no
965,1228,138,Mentees should spend extra time practicing Keras.,2025-02-14 15:00:00,no
966,1855,715,This mentorship focuses heavily on practical Vue.js experience.,2024-11-24 05:00:00,yes
967,1665,3374,Will this mentorship cover advanced Kubernetes topics?,2025-05-29 18:00:00,no
968,2600,4808,Will this mentorship cover advanced Confluence topics?,2025-01-23 06:00:00,no
969,2600,1677,Can someone explain more about Confluence?,2025-01-23 10:00:00,no
970,1414,2109,How much experience is needed in Django?,2025-10-01 18:00:00,no
971,866,1524,How much experience is needed in Matplotlib?,2025-09-30 16:00:00,no
972,2780,2626,Will this mentorship cover advanced ClickUp topics?,2024-05-30 12:00:00,yes
973,554,2627,Can someone explain more about Scikit-learn?,2025-09-17 08:00:00,no
974,2899,5430,How much experience is needed in Angular?,2024-12-28 13:00:00,no
975,962,1735,Will this mentorship cover advanced MERN Stack topics?,2025-06-29 08:00:00,no
976,402,5036,Is Django beginner friendly for this mentorship?,2024-11-11 10:00:00,no
977,1658,5486,Can someone explain more about Scikit-learn?,2025-07-18 04:00:00,no
978,1840,2414,Is Keras beginner friendly for this mentorship?,2024-04-12 15:00:00,yes
979,2327,5389,How much experience is needed in Illustrator?,2025-06-14 17:00:00,no
980,2024,4389,Will this mentorship cover advanced InDesign topics?,2024-12-12 12:00:00,no
981,2146,987,Seaborn is one of the most important skills in this mentorship.,2024-07-27 01:00:00,no
982,3125,2531,Do I need prior knowledge of InDesign before joining?,2025-07-13 04:00:00,no
983,529,1078,Mentees should spend extra time practicing Financial Modeling.,2025-08-09 08:00:00,no
984,1404,3099,Can someone explain more about High Level Design (HLD)?,2025-03-08 07:00:00,no
985,2195,4207,Can someone explain more about Transformers?,2025-02-24 17:00:00,no
986,1687,2524,Is Monday.com beginner friendly for this mentorship?,2025-09-27 12:00:00,no
987,1687,4656,Can someone explain more about Monday.com?,2025-09-27 03:00:00,no
988,1461,878,ETL Pipelines is very valuable for real-world projects.,2025-07-25 11:00:00,no
989,477,5183,How much experience is needed in BERT?,2024-10-07 14:00:00,no
990,477,4056,Can someone explain more about BERT?,2024-10-07 16:00:00,no
991,3028,5294,Will this mentorship cover advanced Spring Boot topics?,2025-02-28 16:00:00,no
992,2164,2617,Do I need prior knowledge of MERN Stack before joining?,2024-08-26 05:00:00,no
993,2164,1110,MERN Stack is very valuable for real-world projects.,2024-08-26 17:00:00,no
994,1794,4524,Will this mentorship cover advanced CNNs topics?,2025-05-28 16:00:00,yes
995,2520,4964,Is SWOT Analysis beginner friendly for this mentorship?,2025-07-18 16:00:00,no
996,593,5139,Can someone explain more about Ionic?,2025-10-09 02:00:00,no
997,1098,2051,Can someone explain more about BPMN?,2025-10-12 14:00:00,no
998,2150,2011,Is SQL beginner friendly for this mentorship?,2025-10-21 15:00:00,no
999,1963,2286,Is After Effects beginner friendly for this mentorship?,2025-08-08 18:00:00,no
1000,2080,2370,Will this mentorship cover advanced FigJam topics?,2025-10-10 02:00:00,no
1001,678,1464,This mentorship focuses heavily on practical Xamarin experience.,2025-10-18 02:00:00,no
1002,1135,4641,Can someone explain more about SWOT Analysis?,2025-10-22 18:00:00,no
1003,1029,1384,Low Level Design (LLD) is very valuable for real-world projects.,2025-09-06 02:00:00,no
1004,875,4587,Do I need prior knowledge of TypeScript before joining?,2024-07-02 11:00:00,no
1005,478,40,This mentorship focuses heavily on practical Machine Learning Libraries experience.,2025-07-02 02:00:00,no
1006,1241,4587,Do I need prior knowledge of NestJS before joining?,2024-12-29 18:00:00,no
1007,1241,5078,Is NestJS beginner friendly for this mentorship?,2024-12-29 18:00:00,no
1008,2390,1433,Mentees should spend extra time practicing CSS.,2024-04-21 09:00:00,no
1009,1713,1573,Is Wireframing beginner friendly for this mentorship?,2025-05-29 03:00:00,no
1010,1713,1161,Wireframing is very valuable for real-world projects.,2025-05-29 08:00:00,yes
1011,1934,3691,Will this mentorship cover advanced XGBoost topics?,2024-09-08 01:00:00,no
1012,949,208,Mentees should spend extra time practicing Matplotlib.,2025-10-13 15:00:00,no
1013,633,3595,Is OKRs beginner friendly for this mentorship?,2025-08-13 17:00:00,no
1014,2818,4741,Can someone explain more about SWOT Analysis?,2025-05-14 02:00:00,no
1015,1594,1320,This mentorship focuses heavily on practical Sketch experience.,2025-06-05 13:00:00,no
1016,1594,5147,Will this mentorship cover advanced Sketch topics?,2025-06-05 05:00:00,no
1017,1594,2613,How will the sessions be structured?,2025-06-05 08:00:00,no
1018,205,4971,Is Miro beginner friendly for this mentorship?,2025-08-07 03:00:00,no
1019,555,926,Snowflake is very valuable for real-world projects.,2025-10-20 09:00:00,yes
1020,737,4154,How much experience is needed in Scalability & Load Balancing?,2025-01-22 12:00:00,no
1021,2338,3235,Is Career Planning Models beginner friendly for this mentorship?,2025-03-29 12:00:00,no
1022,1814,3867,How much experience is needed in R?,2025-09-17 16:00:00,no
1023,1101,4210,Will this mentorship cover advanced Flutter topics?,2025-09-08 11:00:00,no
1024,1001,4214,Can someone explain more about CatBoost?,2024-10-17 10:00:00,no
1025,1483,270,InVision is one of the most important skills in this mentorship.,2024-12-11 15:00:00,no
1026,2387,4372,How much experience is needed in BPMN?,2025-07-16 17:00:00,yes
1027,2209,1549,Will this mentorship cover advanced Docker topics?,2024-10-14 18:00:00,no
1028,1643,3690,Is InVision beginner friendly for this mentorship?,2025-06-06 17:00:00,no
1029,1635,995,After Effects is one of the most important skills in this mentorship.,2025-08-22 16:00:00,no
1030,1635,2948,Will this mentorship cover advanced After Effects topics?,2025-08-22 06:00:00,no
1031,125,438,MediaPipe is very valuable for real-world projects.,2025-10-17 07:00:00,no
1032,1468,4713,Do I need prior knowledge of Terraform before joining?,2025-10-12 08:00:00,no
1033,2926,4601,Do I need prior knowledge of Google Cloud Platform before joining?,2025-06-23 06:00:00,no
1034,2926,2593,Can someone explain more about Google Cloud Platform?,2025-06-23 17:00:00,no
1035,272,5017,Is Spring Boot beginner friendly for this mentorship?,2025-06-09 18:00:00,no
1036,1590,3273,Will this mentorship cover advanced SpaCy topics?,2025-04-13 15:00:00,no
1037,2524,920,Mentees should spend extra time practicing GitHub Actions.,2025-06-27 08:00:00,no
1038,2485,3474,Is Monday.com beginner friendly for this mentorship?,2025-09-25 01:00:00,no
1039,2485,356,Monday.com is one of the most important skills in this mentorship.,2025-09-25 02:00:00,no
1040,1947,1155,Hugging Face Transformers is very valuable for real-world projects.,2025-05-09 18:00:00,no
1041,2768,5476,Can someone explain more about Jira?,2025-10-16 07:00:00,no
1042,2725,5299,Is HTML beginner friendly for this mentorship?,2025-07-08 01:00:00,no
1043,431,1976,How much experience is needed in Node.js?,2024-11-05 14:00:00,no
1044,1584,2032,Can someone explain more about Resume Review Tools?,2025-08-06 04:00:00,no
1045,520,2859,How much experience is needed in Kubernetes?,2025-05-09 12:00:00,no
1046,2158,3736,Can someone explain more about Python?,2025-09-29 17:00:00,no
1047,2361,733,Scalability & Load Balancing is very valuable for real-world projects.,2025-08-30 01:00:00,no
1048,1244,718,This mentorship focuses heavily on practical SASS / SCSS experience.,2025-06-21 02:00:00,no
1049,179,1621,Can someone explain more about Spring Boot?,2025-10-16 02:00:00,no
1050,2493,1240,TensorFlow is one of the most important skills in this mentorship.,2025-04-21 01:00:00,no
1051,2942,1010,Brand Identity Systems is one of the most important skills in this mentorship.,2025-10-14 04:00:00,no
1052,2509,289,Android (Kotlin) is one of the most important skills in this mentorship.,2025-08-07 17:00:00,yes
1053,2901,3890,Do I need prior knowledge of Jira before joining?,2025-09-14 12:00:00,no
1054,874,4898,How much experience is needed in AWS?,2025-08-28 14:00:00,no
1055,276,1807,How much experience is needed in Spring Boot?,2025-03-01 05:00:00,no
1056,1011,3270,Will this mentorship cover advanced ETL Pipelines topics?,2025-03-04 02:00:00,no
1057,2795,1846,Can someone explain more about LightGBM?,2025-10-17 07:00:00,no
1058,1127,4179,Do I need prior knowledge of Interview Preparation Frameworks before joining?,2025-09-05 12:00:00,no
1059,1127,4935,I'd love to learn more about this topic.,2025-09-05 11:00:00,no
1060,1127,457,This mentorship focuses heavily on practical Interview Preparation Frameworks experience.,2025-09-05 11:00:00,yes
1061,1498,5165,How much experience is needed in Market Research Tools?,2025-06-25 08:00:00,yes
1062,756,4463,Is Power BI beginner friendly for this mentorship?,2024-04-17 01:00:00,no
1063,756,1781,How much experience is needed in Power BI?,2024-04-17 07:00:00,no
1064,1363,4459,Is User Journey Mapping beginner friendly for this mentorship?,2025-07-15 14:00:00,yes
1065,59,1678,Will this mentorship cover advanced React topics?,2025-04-05 15:00:00,no
1066,1323,292,This mentorship focuses heavily on practical Next.js Full Stack experience.,2025-09-22 03:00:00,no
1067,90,509,SpaCy is very valuable for real-world projects.,2025-08-29 01:00:00,no
1068,3086,4602,Can someone explain more about LAMP Stack?,2025-07-26 17:00:00,no
1069,3086,234,Mentees should spend extra time practicing LAMP Stack.,2025-07-26 16:00:00,no
1070,2708,2092,Can someone explain more about Scikit-learn?,2024-09-09 11:00:00,no
1071,2564,986,Mentees should spend extra time practicing BigQuery.,2024-12-16 09:00:00,no
1072,2564,1530,Do I need prior knowledge of BigQuery before joining?,2024-12-16 15:00:00,no
1073,1198,877,Premiere Pro is very valuable for real-world projects.,2025-06-24 18:00:00,no
1074,1700,1241,Mentees should spend extra time practicing Wireframing.,2024-06-30 14:00:00,no
1075,2000,4016,Do I need prior knowledge of After Effects before joining?,2025-06-03 07:00:00,no
1076,2846,150,Pandas is very valuable for real-world projects.,2025-09-14 01:00:00,yes
1077,3066,2747,How much experience is needed in Angular?,2025-04-16 11:00:00,no
1078,423,3932,Can someone explain more about Cinema 4D?,2025-04-03 03:00:00,no
1079,1991,2091,Will this mentorship cover advanced BERT topics?,2024-07-04 11:00:00,no
1080,1991,947,Mentees should spend extra time practicing BERT.,2024-07-04 16:00:00,no
1081,1991,3045,Will we have access to any premium resources?,2024-07-04 17:00:00,no
1082,2454,4535,Will this mentorship cover advanced LAMP Stack topics?,2024-06-21 17:00:00,no
1083,1541,2527,Is Financial Modeling beginner friendly for this mentorship?,2025-04-04 18:00:00,no
1084,1175,412,Strong understanding of Vue.js will help mentees succeed.,2024-11-06 01:00:00,no
1085,2151,1611,Is Next.js beginner friendly for this mentorship?,2024-08-02 03:00:00,no
1086,1197,1830,How much experience is needed in Apache Spark?,2025-06-13 08:00:00,no
1087,1796,2681,Is InVision beginner friendly for this mentorship?,2024-08-19 04:00:00,no
1088,1309,2290,Can someone explain more about Seaborn?,2025-10-03 01:00:00,no
1089,514,3132,Will this mentorship cover advanced Jupyter Notebook topics?,2025-09-15 11:00:00,no
1090,2533,2492,Will this mentorship cover advanced Django topics?,2024-06-16 06:00:00,no
1091,922,2504,Can someone explain more about Nginx?,2025-05-31 14:00:00,no
1092,3019,1646,Will this mentorship cover advanced R topics?,2025-07-26 16:00:00,no
1093,3019,349,R is very valuable for real-world projects.,2025-07-26 10:00:00,no
1094,2048,5440,Will this mentorship cover advanced Interview Preparation Frameworks topics?,2025-06-17 14:00:00,no
1095,2048,2935,What's the typical duration of each session?,2025-06-17 01:00:00,no
1096,2447,1800,Can someone explain more about ETL Pipelines?,2025-10-06 16:00:00,no
1097,369,5130,Will this mentorship cover advanced Scalability & Load Balancing topics?,2025-05-11 11:00:00,no
1098,541,3959,Can someone explain more about Ansible?,2025-08-29 13:00:00,yes
1099,338,4913,Can someone explain more about GitHub Actions?,2025-10-04 14:00:00,no
1100,1830,1783,How much experience is needed in Keras?,2025-08-24 04:00:00,no
1101,748,4553,How much experience is needed in CSS?,2025-05-20 07:00:00,no
1102,1300,1677,Can someone explain more about Pandas?,2025-09-02 07:00:00,no
1103,2756,3799,Will this mentorship cover advanced Docker topics?,2025-10-18 04:00:00,no
1104,420,5285,How much experience is needed in Vue.js?,2025-05-08 08:00:00,no
1105,469,131,Strong understanding of Jenkins will help mentees succeed.,2025-10-19 18:00:00,no
1106,469,5202,Do I need prior knowledge of Jenkins before joining?,2025-10-19 13:00:00,no
1107,469,1014,Love the focus on practical skills here.,2025-10-19 11:00:00,no
1108,2544,4155,Will this mentorship cover advanced SQL topics?,2024-10-31 10:00:00,yes
1109,2628,493,This mentorship focuses heavily on practical REST Architecture experience.,2025-09-05 07:00:00,no
1110,1523,4797,How much experience is needed in Figma?,2025-01-05 10:00:00,no
1111,2335,13,Pitch Deck Tools is very valuable for real-world projects.,2024-10-12 04:00:00,no
1112,1094,4207,Will this mentorship cover advanced Node.js topics?,2024-07-08 06:00:00,no
1113,3161,1841,Is BigQuery beginner friendly for this mentorship?,2025-09-18 11:00:00,no
1114,2425,4648,How much experience is needed in Xamarin?,2025-09-16 06:00:00,no
1115,96,4545,How much experience is needed in Jenkins?,2025-05-09 03:00:00,no
1116,548,1877,Will this mentorship cover advanced Google Cloud Platform topics?,2025-04-25 06:00:00,no
1117,2318,5255,Will this mentorship cover advanced Zeplin topics?,2024-04-21 16:00:00,no
1118,2157,1286,Mentees should spend extra time practicing SpaCy.,2025-09-01 06:00:00,no
1119,1114,5392,Do I need prior knowledge of TensorFlow before joining?,2025-08-13 16:00:00,no
1120,282,5328,Is SQL beginner friendly for this mentorship?,2025-09-13 09:00:00,no
1121,3114,1172,Strong understanding of Canva will help mentees succeed.,2025-02-12 10:00:00,no
1122,2174,1743,Will this mentorship cover advanced Zeplin topics?,2025-09-10 16:00:00,no
1123,2174,4518,Can someone explain more about Zeplin?,2025-09-10 01:00:00,no
1124,616,147,MEAN Stack is very valuable for real-world projects.,2025-08-26 14:00:00,no
1125,557,5058,Will this mentorship cover advanced Pandas topics?,2025-06-12 10:00:00,no
1126,557,5337,How much experience is needed in Pandas?,2025-06-12 03:00:00,no
1127,1941,4196,Is Nuxt.js beginner friendly for this mentorship?,2024-03-31 10:00:00,no
1128,1941,2269,Will this mentorship cover advanced Nuxt.js topics?,2024-03-31 04:00:00,no
1129,435,308,Cinema 4D is one of the most important skills in this mentorship.,2025-09-03 05:00:00,no
1130,2971,1540,Do I need prior knowledge of Google Cloud Platform before joining?,2025-10-15 18:00:00,no
1131,1686,2766,Can someone explain more about Financial Modeling?,2025-07-09 17:00:00,no
1132,52,1391,This mentorship focuses heavily on practical SpaCy experience.,2025-07-14 18:00:00,no
1133,281,3857,Do I need prior knowledge of Tableau before joining?,2025-08-10 04:00:00,no
1134,281,2299,"Bookmarked this, will apply soon!",2025-08-10 02:00:00,yes
1135,1624,2671,Is MERN Stack beginner friendly for this mentorship?,2025-05-29 05:00:00,no
1136,1776,3034,How much experience is needed in ClickUp?,2025-07-15 03:00:00,no
1137,3189,3993,Do I need prior knowledge of Xamarin before joining?,2025-10-03 07:00:00,no
1138,3189,3001,How much experience is needed in Xamarin?,2025-10-03 14:00:00,yes
1139,312,2166,Will this mentorship cover advanced Snowflake topics?,2024-06-28 09:00:00,no
1140,1482,1402,This mentorship focuses heavily on practical NestJS experience.,2025-07-04 09:00:00,no
1141,911,1472,This mentorship focuses heavily on practical Zeplin experience.,2025-10-07 14:00:00,no
1142,303,1906,Is Figma beginner friendly for this mentorship?,2024-12-01 18:00:00,no
1143,3105,912,Mentees should spend extra time practicing Low Level Design (LLD).,2025-08-20 07:00:00,no
1144,3105,1021,Strong understanding of Low Level Design (LLD) will help mentees succeed.,2025-08-20 07:00:00,no
1145,1250,1496,Power BI is one of the most important skills in this mentorship.,2024-02-15 09:00:00,no
1146,582,3275,Do I need prior knowledge of Logo Design Tools before joining?,2025-06-20 10:00:00,no
1147,582,4972,Can someone explain more about Logo Design Tools?,2025-06-20 13:00:00,no
1148,1822,4237,Is Scikit-learn beginner friendly for this mentorship?,2025-10-11 01:00:00,yes
1149,1569,3964,How much experience is needed in BigQuery?,2025-08-13 16:00:00,no
1150,1536,297,Mentees should spend extra time practicing Xamarin.,2025-04-30 05:00:00,yes
1151,3021,753,Mentees should spend extra time practicing GitLab CI.,2025-04-30 01:00:00,no
1152,642,255,This mentorship focuses heavily on practical REST APIs experience.,2025-10-08 05:00:00,no
1153,348,1096,Pandas is very valuable for real-world projects.,2024-06-13 14:00:00,no
1154,965,234,Mentees should spend extra time practicing Kafka.,2024-07-04 05:00:00,no
1155,1727,4856,How much experience is needed in BERT?,2025-10-18 08:00:00,no
1156,2591,843,This mentorship focuses heavily on practical Python experience.,2025-02-01 03:00:00,no
1157,1881,5225,Will this mentorship cover advanced React Native topics?,2025-07-23 09:00:00,no
1158,135,4225,Do I need prior knowledge of REST APIs before joining?,2025-04-09 15:00:00,no
1159,2651,2127,Do I need prior knowledge of Next.js Full Stack before joining?,2025-09-15 15:00:00,yes
1160,2238,607,Laravel is very valuable for real-world projects.,2025-10-15 05:00:00,no
1161,702,4734,Can someone explain more about LAMP Stack?,2025-08-21 01:00:00,no
1162,702,4696,Is LAMP Stack beginner friendly for this mentorship?,2025-08-21 11:00:00,yes
1163,702,4168,Can the schedule be flexible?,2025-08-21 03:00:00,no
1164,295,1513,Do I need prior knowledge of Resume Review Tools before joining?,2025-10-11 03:00:00,no
1165,824,5483,Can someone explain more about Tableau?,2025-10-04 10:00:00,no
1166,2631,1068,CSS is very valuable for real-world projects.,2025-06-13 05:00:00,no
1167,2010,4690,Is NestJS beginner friendly for this mentorship?,2025-06-08 08:00:00,no
1168,1141,1462,MERN Stack is one of the most important skills in this mentorship.,2025-10-14 05:00:00,no
1169,1141,1600,Do I need prior knowledge of MERN Stack before joining?,2025-10-14 18:00:00,yes
1170,2354,4471,Will this mentorship cover advanced Bootstrap topics?,2025-09-07 17:00:00,no
1171,2354,4885,How much experience is needed in Bootstrap?,2025-09-07 06:00:00,yes
1172,3104,4935,Can someone explain more about GraphQL?,2025-08-15 14:00:00,no
1173,791,3791,Can someone explain more about Python?,2024-12-20 18:00:00,no
1174,2136,1244,Mentees should spend extra time practicing REST Architecture.,2025-09-05 15:00:00,no
1175,2136,3274,How much experience is needed in REST Architecture?,2025-09-05 05:00:00,no
1176,630,2302,Do I need prior knowledge of Photoshop before joining?,2025-10-08 07:00:00,no
1177,630,368,Strong understanding of Photoshop will help mentees succeed.,2025-10-08 02:00:00,no
1178,2139,3381,Can someone explain more about Sketch?,2024-04-10 01:00:00,yes
1179,570,3208,Can someone explain more about Brand Identity Systems?,2025-02-16 08:00:00,yes
1180,1058,1113,Nuxt.js is one of the most important skills in this mentorship.,2024-08-28 07:00:00,no
1181,1058,3413,Do I need prior knowledge of Nuxt.js before joining?,2024-08-28 09:00:00,no
1182,3169,992,Mentees should spend extra time practicing Tailwind CSS.,2024-12-18 18:00:00,yes
1183,1551,4768,Do I need prior knowledge of MERN Stack before joining?,2025-03-01 13:00:00,no
1184,669,4061,How much experience is needed in Flask?,2025-10-02 08:00:00,no
1185,458,4811,How much experience is needed in Resume Review Tools?,2025-02-20 06:00:00,no
1186,1603,284,Mentees should spend extra time practicing RNNs.,2025-09-23 07:00:00,no
1187,2196,5115,Is Photoshop beginner friendly for this mentorship?,2025-07-12 12:39:54,no
1188,2887,3309,Can someone explain more about After Effects?,2025-03-05 01:00:00,no
1189,2848,609,Mentees should spend extra time practicing User Journey Mapping.,2025-10-01 12:00:00,no
1190,1442,662,Strong understanding of Asana will help mentees succeed.,2024-08-10 16:00:00,no
1191,1442,659,Asana is one of the most important skills in this mentorship.,2024-08-10 02:00:00,no
1192,1325,842,YOLO is one of the most important skills in this mentorship.,2025-06-11 09:00:00,no
1193,318,3195,Can someone explain more about SASS / SCSS?,2025-10-21 09:00:00,no
1194,3177,3930,How much experience is needed in Hadoop?,2024-07-23 04:00:00,no
1195,332,1275,This mentorship focuses heavily on practical Ansible experience.,2025-04-11 14:00:00,yes
1196,1049,3437,Do I need prior knowledge of Docker before joining?,2023-12-01 16:00:00,no
1197,906,4995,Will this mentorship cover advanced TypeScript topics?,2025-09-18 14:00:00,no
1198,3166,1142,This mentorship focuses heavily on practical Flask experience.,2025-05-14 14:00:00,no
1199,1683,3771,Do I need prior knowledge of Premiere Pro before joining?,2024-10-19 14:00:00,no
1200,540,2051,Is Xamarin beginner friendly for this mentorship?,2025-08-04 13:00:00,no
1201,142,5419,Can someone explain more about Financial Modeling?,2024-11-12 08:00:00,yes
1202,675,111,Mentees should spend extra time practicing AWS.,2025-09-24 03:00:00,no
1203,984,1433,REST APIs is one of the most important skills in this mentorship.,2024-11-28 18:00:00,no
1204,1103,3336,Will this mentorship cover advanced Seaborn topics?,2025-09-19 05:00:00,no
1205,2641,2561,Will this mentorship cover advanced Cinema 4D topics?,2025-04-14 13:00:00,no
1206,432,3542,Is Illustrator beginner friendly for this mentorship?,2025-01-08 15:00:00,no
1207,760,1007,Bootstrap is very valuable for real-world projects.,2025-06-27 04:00:00,no
1208,1327,1433,NumPy is very valuable for real-world projects.,2025-08-20 15:00:00,no
1209,1762,998,Express.js is one of the most important skills in this mentorship.,2025-06-08 05:00:00,no
1210,3143,2224,Will this mentorship cover advanced Logo Design Tools topics?,2024-08-27 12:00:00,no
1211,832,2006,Do I need prior knowledge of SpaCy before joining?,2025-09-02 11:00:00,no
1212,1854,714,Spring Boot is very valuable for real-world projects.,2024-07-05 07:00:00,no
1213,2384,227,REST APIs is one of the most important skills in this mentorship.,2025-09-09 05:00:00,no
1214,1480,4166,Can someone explain more about Ionic?,2025-04-17 08:00:00,no
1215,2630,5471,Do I need prior knowledge of Next.js Full Stack before joining?,2025-02-12 12:00:00,yes
1216,447,1299,Mentees should spend extra time practicing CI/CD Pipelines.,2025-10-22 10:00:00,yes
1217,632,2982,Do I need prior knowledge of Figma before joining?,2025-07-19 09:00:00,no
1218,2706,1588,Is Hugging Face Transformers beginner friendly for this mentorship?,2025-05-01 17:00:00,no
1219,2825,2924,Is User Journey Mapping beginner friendly for this mentorship?,2025-09-14 16:00:00,no
1220,2947,1230,Strong understanding of Machine Learning Libraries will help mentees succeed.,2025-08-03 11:00:00,no
1221,1384,218,Azure is one of the most important skills in this mentorship.,2025-10-16 17:00:00,no
1222,718,918,High Level Design (HLD) is very valuable for real-world projects.,2025-09-16 11:00:00,no
1223,2870,5028,How much experience is needed in Android (Kotlin)?,2025-01-10 08:00:00,no
1224,1748,2337,How much experience is needed in Prototyping?,2025-09-02 10:00:00,no
1225,2958,1415,Mentees should spend extra time practicing Matplotlib.,2025-09-01 08:00:00,no
1226,225,3437,Will this mentorship cover advanced iOS (Swift) topics?,2024-11-12 14:00:00,no
1227,2563,4834,Do I need prior knowledge of Tailwind CSS before joining?,2025-09-25 15:00:00,no
1228,2027,2858,Do I need prior knowledge of GitHub Actions before joining?,2025-06-25 12:00:00,no
1229,511,4820,Can someone explain more about Machine Learning Libraries?,2024-11-05 08:00:00,no
1230,977,2082,How much experience is needed in Lean Canvas?,2025-07-24 05:00:00,no
1231,46,463,InDesign is very valuable for real-world projects.,2025-06-03 06:00:00,no
1232,2722,1736,Can someone explain more about MediaPipe?,2025-01-14 03:00:00,no
1233,1968,337,Mentees should spend extra time practicing Ionic.,2025-08-01 05:00:00,no
1234,2827,1047,Strong understanding of Redshift will help mentees succeed.,2025-09-27 14:00:00,no
1235,2077,4535,How much experience is needed in PyTorch?,2025-10-18 18:00:00,no
1236,2077,1299,PyTorch is one of the most important skills in this mentorship.,2025-10-18 18:00:00,no
1237,2993,4834,Is Interview Preparation Frameworks beginner friendly for this mentorship?,2024-01-16 04:00:00,yes
1238,2993,620,Strong understanding of Interview Preparation Frameworks will help mentees succeed.,2024-01-16 10:00:00,no
1239,2333,2175,Can someone explain more about Kubernetes?,2024-07-29 10:00:00,no
1240,3179,1990,Do I need prior knowledge of Jupyter Notebook before joining?,2024-09-19 01:00:00,no
1241,1182,4686,Can someone explain more about Matplotlib?,2025-05-17 16:00:00,no
1242,807,131,Pandas is one of the most important skills in this mentorship.,2025-10-19 03:00:00,no
1243,489,928,Strong understanding of Nginx will help mentees succeed.,2024-12-09 06:00:00,no
1244,3144,5107,Can someone explain more about Figma?,2025-04-21 07:00:00,no
1245,3144,3659,How much experience is needed in Figma?,2025-04-21 15:00:00,yes
1246,2744,1487,Confluence is very valuable for real-world projects.,2025-05-17 14:00:00,no
1247,1679,843,This mentorship focuses heavily on practical Next.js Full Stack experience.,2025-08-19 16:00:00,no
1248,1765,5251,Do I need prior knowledge of Kafka before joining?,2025-05-24 12:00:00,no
1249,945,803,Mentees should spend extra time practicing ClickUp.,2025-02-23 13:00:00,no
1250,2622,4481,Will this mentorship cover advanced InVision topics?,2025-09-03 02:00:00,no
1251,2218,1142,Photoshop is very valuable for real-world projects.,2024-02-22 15:00:00,no
1252,326,4790,How much experience is needed in PyTorch?,2024-07-09 17:00:00,no
1253,326,4477,Is PyTorch beginner friendly for this mentorship?,2024-07-09 18:00:00,no
1254,2866,4522,Is HTML beginner friendly for this mentorship?,2025-10-05 17:00:00,no
1255,1771,1487,CatBoost is one of the most important skills in this mentorship.,2025-09-03 11:00:00,no
1256,1990,2586,Will this mentorship cover advanced Logo Design Tools topics?,2024-06-03 01:00:00,no
1257,473,2806,Can someone explain more about Monday.com?,2025-06-14 10:00:00,no
1258,673,1622,Will this mentorship cover advanced SQL topics?,2025-04-17 10:00:00,no
1259,3074,996,Redshift is one of the most important skills in this mentorship.,2024-02-21 05:00:00,no
1260,2521,1120,This mentorship focuses heavily on practical Sketch experience.,2025-08-24 13:00:00,no
1261,1226,2283,Is Blender beginner friendly for this mentorship?,2025-01-10 07:00:00,no
1262,2857,5371,Can someone explain more about iOS (Swift)?,2024-12-03 09:00:00,no
1263,559,5193,Will this mentorship cover advanced Pitch Deck Tools topics?,2025-06-08 03:00:00,no
1264,1390,2509,How much experience is needed in SQL?,2024-04-12 03:00:00,no
1265,937,851,Strong understanding of CI/CD Pipelines will help mentees succeed.,2025-06-17 12:00:00,no
1266,751,158,Strong understanding of Hadoop will help mentees succeed.,2025-09-28 09:00:00,no
1267,311,4314,Can someone explain more about Adobe XD?,2025-07-07 12:00:00,no
1268,311,4246,Is Adobe XD beginner friendly for this mentorship?,2025-07-07 16:00:00,no
1269,892,2292,Can someone explain more about Notion?,2025-08-24 02:00:00,no
1270,475,1307,TensorFlow is very valuable for real-world projects.,2024-08-19 08:00:00,no
1271,562,454,Strong understanding of Matplotlib will help mentees succeed.,2025-10-05 17:00:00,no
1272,659,457,This mentorship focuses heavily on practical Career Planning Models experience.,2025-04-28 15:00:00,no
1273,1547,543,Mentees should spend extra time practicing REST Architecture.,2025-10-16 03:00:00,no
1274,921,3053,Will this mentorship cover advanced Python topics?,2025-05-26 08:00:00,no
1275,921,4463,Can someone explain more about Python?,2025-05-26 14:00:00,no
1276,2040,600,TensorFlow is very valuable for real-world projects.,2024-09-29 15:00:00,no
1277,1419,817,Kubernetes is one of the most important skills in this mentorship.,2025-10-22 14:00:00,no
1278,2445,60,Hugging Face Transformers is very valuable for real-world projects.,2025-04-05 10:00:00,no
1279,2066,5266,Do I need prior knowledge of Tableau before joining?,2025-10-03 05:00:00,no
1280,2215,2276,Is Resume Review Tools beginner friendly for this mentorship?,2025-08-31 06:00:00,no
1281,2215,935,Strong understanding of Resume Review Tools will help mentees succeed.,2025-08-31 10:00:00,no
1282,2686,3844,Is Pandas beginner friendly for this mentorship?,2025-10-18 11:00:00,no
1283,2767,456,Snowflake is one of the most important skills in this mentorship.,2025-08-26 03:00:00,no
1284,653,2063,Is User Journey Mapping beginner friendly for this mentorship?,2025-04-07 09:00:00,no
1285,653,4900,Can someone explain more about User Journey Mapping?,2025-04-07 03:00:00,no
1286,653,3365,Will this mentorship cover advanced User Journey Mapping topics?,2025-04-07 07:00:00,no
1287,1542,1038,Python is one of the most important skills in this mentorship.,2025-08-01 14:00:00,no
1288,1879,3331,Do I need prior knowledge of Kubernetes before joining?,2024-09-05 05:00:00,no
1289,2550,546,This mentorship focuses heavily on practical Python experience.,2025-02-22 05:00:00,no
1290,380,1098,This mentorship focuses heavily on practical Hadoop experience.,2025-09-10 16:00:00,no
1291,652,2271,Can someone explain more about Scalability & Load Balancing?,2025-03-25 13:00:00,no
1292,2852,2235,Can someone explain more about Career Planning Models?,2025-09-22 15:00:00,no
1293,91,778,Strong understanding of XGBoost will help mentees succeed.,2025-03-22 17:00:00,no
1294,2496,4636,Will this mentorship cover advanced CatBoost topics?,2024-07-30 08:00:00,no
1295,2446,2323,Can someone explain more about Matplotlib?,2025-04-06 17:00:00,yes
1296,1842,4061,Can someone explain more about Lean Canvas?,2024-06-18 15:00:00,no
1297,951,3209,How much experience is needed in LightGBM?,2024-07-18 16:00:00,no
1298,544,1026,Strong understanding of FastAPI will help mentees succeed.,2024-10-21 10:00:00,no
1299,1548,5339,Is Photoshop beginner friendly for this mentorship?,2024-08-16 11:00:00,no
1300,294,4602,How much experience is needed in PyTorch?,2025-10-07 03:00:00,no
1301,302,1860,Is TypeScript beginner friendly for this mentorship?,2024-05-09 07:00:00,no
1302,3138,248,This mentorship focuses heavily on practical Apache Spark experience.,2025-10-11 11:00:00,no
1303,880,668,Mentees should spend extra time practicing Jira.,2024-09-13 09:00:00,no
1304,254,3308,How much experience is needed in React Native?,2025-08-25 11:00:00,no
1305,2753,5390,Can someone explain more about Laravel?,2025-07-27 09:00:00,no
1306,1972,1908,Will this mentorship cover advanced AWS topics?,2024-07-24 03:00:00,no
1307,1972,1369,Strong understanding of AWS will help mentees succeed.,2024-07-24 10:00:00,no
1308,1722,4177,Can someone explain more about Django?,2025-09-26 03:00:00,no
1309,705,4295,Do I need prior knowledge of Kafka before joining?,2024-03-30 08:00:00,no
1310,1915,3995,How much experience is needed in Xamarin?,2025-09-19 18:00:00,no
1311,831,2261,How much experience is needed in Vue.js?,2025-07-16 01:00:00,no
1312,831,1232,Vue.js is one of the most important skills in this mentorship.,2025-07-16 07:00:00,no
1313,2313,4075,Can someone explain more about OpenCV?,2025-10-07 03:00:00,no
1314,1023,1739,Will this mentorship cover advanced MERN Stack topics?,2024-10-29 01:00:00,no
1315,3095,1711,How much experience is needed in ETL Pipelines?,2025-04-10 10:00:00,no
1316,1815,2218,Do I need prior knowledge of Kafka before joining?,2025-10-07 01:00:00,no
1317,2169,1525,How much experience is needed in Next.js Full Stack?,2024-04-09 10:00:00,no
1318,564,5390,Is Jenkins beginner friendly for this mentorship?,2025-08-12 05:00:00,no
1319,1755,649,Mentees should spend extra time practicing Keras.,2025-08-24 16:00:00,no
1320,1755,1354,This mentorship focuses heavily on practical Keras experience.,2025-08-24 06:00:00,yes
1321,917,1215,Transformers is very valuable for real-world projects.,2025-01-25 04:00:00,no
1322,917,822,Transformers is one of the most important skills in this mentorship.,2025-01-25 12:00:00,no
1323,1389,3468,How much experience is needed in Spring Boot?,2025-09-25 05:00:00,no
1324,2108,3409,Do I need prior knowledge of REST Architecture before joining?,2025-08-10 13:00:00,no
1325,238,4768,Do I need prior knowledge of GitLab CI before joining?,2025-04-19 09:00:00,no
1326,219,3891,Is Lean Canvas beginner friendly for this mentorship?,2025-10-13 17:00:00,no
1327,251,5423,Is SQL beginner friendly for this mentorship?,2025-08-03 09:00:00,no
1328,251,1421,SQL is one of the most important skills in this mentorship.,2025-08-03 17:00:00,no
1329,1956,4852,Do I need prior knowledge of User Journey Mapping before joining?,2025-05-29 17:00:00,no
1330,2129,1785,Is Notion beginner friendly for this mentorship?,2025-08-15 05:00:00,no
1331,313,844,Mentees should spend extra time practicing Keras.,2024-11-05 15:00:00,no
1332,2542,3725,Can someone explain more about Canva?,2024-06-20 08:00:00,no
1333,1585,1288,AWS is one of the most important skills in this mentorship.,2025-09-12 07:00:00,no
1334,2836,2159,Is Hadoop beginner friendly for this mentorship?,2025-10-07 10:00:00,no
1335,2836,2048,How much experience is needed in Hadoop?,2025-10-07 08:00:00,no
1336,2973,829,Mentees should spend extra time practicing Hadoop.,2025-08-31 07:00:00,no
1337,286,2589,Do I need prior knowledge of Design Patterns before joining?,2025-09-29 11:00:00,no
1338,619,816,Strong understanding of Monday.com will help mentees succeed.,2025-09-17 01:00:00,no
1339,2572,2955,Is Next.js Full Stack beginner friendly for this mentorship?,2025-05-21 15:00:00,no
1340,2572,1423,This mentorship focuses heavily on practical Next.js Full Stack experience.,2025-05-21 15:00:00,no
1341,1409,135,Next.js is very valuable for real-world projects.,2025-01-08 06:00:00,yes
1342,1950,1865,Do I need prior knowledge of Canva before joining?,2025-07-18 04:00:00,no
1343,2165,1849,Can someone explain more about Kubernetes?,2024-10-23 11:00:00,no
1344,2165,2634,Will this mentorship cover advanced Kubernetes topics?,2024-10-23 11:00:00,no
1345,1263,4420,Can someone explain more about GitHub Actions?,2025-06-24 12:00:00,no
1346,1681,702,Illustrator is very valuable for real-world projects.,2025-10-11 06:00:00,no
1347,1146,4424,How much experience is needed in .NET / ASP.NET Core?,2025-03-09 11:00:00,no
1348,2596,3668,Will this mentorship cover advanced User Journey Mapping topics?,2025-10-01 18:00:00,no
1349,1583,995,Strong understanding of Premiere Pro will help mentees succeed.,2025-04-17 12:00:00,no
1350,496,2687,Do I need prior knowledge of CatBoost before joining?,2025-01-07 08:00:00,no
1351,1317,1259,Mentees should spend extra time practicing Canva.,2025-09-15 13:00:00,yes
1352,3081,5429,Is Photoshop beginner friendly for this mentorship?,2025-01-14 05:00:00,no
1353,3081,5211,Will this mentorship cover advanced Photoshop topics?,2025-01-14 16:00:00,no
1354,3081,3033,Can someone explain more about Photoshop?,2025-01-14 13:00:00,no
1355,2198,4561,Will this mentorship cover advanced Matplotlib topics?,2025-09-15 13:00:00,no
1356,2394,1251,CatBoost is very valuable for real-world projects.,2025-08-16 03:00:00,no
1357,2720,2601,Is NestJS beginner friendly for this mentorship?,2025-10-13 06:00:00,no
1358,1994,471,Jira is very valuable for real-world projects.,2025-05-14 02:00:00,no
1359,2878,5299,How much experience is needed in Power BI?,2025-10-09 04:00:00,no
1360,277,4228,Do I need prior knowledge of AWS before joining?,2025-06-15 06:00:00,no
1361,277,1736,What makes this different from other mentorships?,2025-06-15 06:00:00,no
1362,1251,1406,Mentees should spend extra time practicing Django + React.,2024-08-18 03:00:00,no
1363,1376,3516,Will this mentorship cover advanced YOLO topics?,2025-04-27 15:00:00,no
1364,2433,212,Strong understanding of React Native will help mentees succeed.,2025-04-18 16:00:00,no
1365,958,1112,Strong understanding of Docker will help mentees succeed.,2024-12-10 14:00:00,no
1366,958,3161,Is Docker beginner friendly for this mentorship?,2024-12-10 06:00:00,yes
1367,2893,2521,Will this mentorship cover advanced Xamarin topics?,2025-08-19 14:00:00,no
1368,693,360,Strong understanding of ETL Pipelines will help mentees succeed.,2024-11-24 05:00:00,no
1369,990,3720,Is Flutter beginner friendly for this mentorship?,2025-09-27 08:00:00,no
1370,735,3073,Can someone explain more about InDesign?,2025-09-05 07:00:00,no
1371,2481,5310,How much experience is needed in Blender?,2025-09-30 11:00:00,no
1372,699,2697,Do I need prior knowledge of Cinema 4D before joining?,2025-05-08 12:10:50,no
1373,699,4905,Is Cinema 4D beginner friendly for this mentorship?,2025-05-05 07:00:00,no
1374,1008,1646,Will this mentorship cover advanced XGBoost topics?,2025-08-26 14:00:00,no
1375,2873,512,Mentees should spend extra time practicing Sketch.,2025-09-24 08:00:00,no
1376,2403,4659,How much experience is needed in Machine Learning Libraries?,2025-01-26 15:00:00,no
1377,2250,3677,Is LinkedIn Optimization beginner friendly for this mentorship?,2024-01-05 10:00:00,no
1378,647,2669,How much experience is needed in Machine Learning Libraries?,2025-04-25 05:00:00,no
1379,439,2308,Is Financial Modeling beginner friendly for this mentorship?,2025-10-15 16:00:00,no
1380,439,1044,Mentees should spend extra time practicing Financial Modeling.,2025-10-15 18:00:00,no
1381,516,3976,How much experience is needed in GPT Models?,2025-06-10 06:00:00,no
1382,837,3309,How much experience is needed in Canva?,2024-02-19 15:00:00,no
1383,841,863,Adobe XD is very valuable for real-world projects.,2025-09-09 09:00:00,no
1384,488,1300,Mentees should spend extra time practicing Low Level Design (LLD).,2025-05-29 17:00:00,no
1385,2916,1928,How much experience is needed in Premiere Pro?,2025-05-17 01:00:00,no
1386,1459,3921,Is Scikit-learn beginner friendly for this mentorship?,2024-09-27 03:00:00,no
1387,1861,235,Apache Airflow is very valuable for real-world projects.,2025-08-23 16:00:00,no
1388,449,535,Strong understanding of SASS / SCSS will help mentees succeed.,2025-04-11 04:00:00,no
1389,877,452,Asana is very valuable for real-world projects.,2024-11-05 08:00:00,no
1390,3142,2286,Will this mentorship cover advanced REST Architecture topics?,2024-08-15 04:00:00,no
1391,1806,5384,Do I need prior knowledge of Resume Review Tools before joining?,2024-09-27 06:00:00,no
1392,2824,2039,Will this mentorship cover advanced Laravel topics?,2025-09-09 11:00:00,no
1393,839,790,This mentorship focuses heavily on practical Next.js experience.,2025-06-15 06:00:00,no
1394,188,3434,Is CSS beginner friendly for this mentorship?,2025-09-08 01:00:00,no
1395,1931,3364,Can someone explain more about GitLab CI?,2025-06-24 13:00:00,no
1396,992,281,This mentorship focuses heavily on practical ETL Pipelines experience.,2025-07-23 11:00:00,no
1397,2917,5016,Will this mentorship cover advanced Jira topics?,2025-07-15 12:00:00,no
1398,3145,385,Strong understanding of Product Roadmaps will help mentees succeed.,2025-05-23 13:00:00,no
1399,100,1514,How much experience is needed in Snowflake?,2025-09-10 03:00:00,no
1400,256,921,This mentorship focuses heavily on practical Seaborn experience.,2025-09-09 11:00:00,no
1401,256,4357,How much experience is needed in Seaborn?,2025-09-09 11:00:00,no
1402,112,4840,Is Event-Driven Architecture beginner friendly for this mentorship?,2025-09-01 09:00:00,no
1403,2404,244,This mentorship focuses heavily on practical BigQuery experience.,2025-05-22 06:00:00,no
1404,506,3001,Can someone explain more about Kubernetes?,2024-06-24 01:00:00,no
1405,1757,1660,Can someone explain more about Microservices Architecture?,2025-10-13 08:00:00,no
1406,1110,4283,Can someone explain more about BPMN?,2025-06-02 17:00:00,yes
1407,3003,2591,Is Azure beginner friendly for this mentorship?,2025-10-13 03:00:00,yes
1408,3003,535,This mentorship focuses heavily on practical Azure experience.,2025-10-13 06:00:00,no
1409,1247,1460,Mentees should spend extra time practicing ETL Pipelines.,2025-02-13 18:00:00,no
1410,3180,1165,Strong understanding of REST Architecture will help mentees succeed.,2025-09-06 06:00:00,no
1411,2162,1413,Tailwind CSS is very valuable for real-world projects.,2025-10-20 04:00:00,no
1412,2442,5429,Is Next.js Full Stack beginner friendly for this mentorship?,2025-08-31 12:00:00,no
1413,1514,1607,Will this mentorship cover advanced Flutter topics?,2025-07-25 08:00:00,no
1414,1255,3917,Will this mentorship cover advanced Matplotlib topics?,2025-04-24 13:00:00,no
1415,422,921,This mentorship focuses heavily on practical Product Roadmaps experience.,2025-10-16 04:00:00,no
1416,373,5409,Will this mentorship cover advanced Scikit-learn topics?,2025-03-16 02:00:00,no
1417,2573,4255,Can someone explain more about REST APIs?,2025-06-29 13:00:00,no
1418,845,1113,Mentees should spend extra time practicing MERN Stack.,2025-09-02 17:00:00,no
1419,61,4915,How much experience is needed in Apache Airflow?,2025-06-22 02:00:00,no
1420,622,1671,Is Tailwind CSS beginner friendly for this mentorship?,2025-04-14 03:00:00,no
1421,2057,18,This mentorship focuses heavily on practical JavaScript experience.,2025-09-27 02:00:00,no
1422,2288,2242,Is InDesign beginner friendly for this mentorship?,2025-10-04 15:00:00,no
1423,306,322,This mentorship focuses heavily on practical Power BI experience.,2025-09-21 05:00:00,no
1424,316,687,Strong understanding of GitHub Actions will help mentees succeed.,2024-10-10 09:00:00,no
1425,316,1766,Will this mentorship cover advanced GitHub Actions topics?,2024-10-10 11:00:00,no
1426,1989,2570,Is Blender beginner friendly for this mentorship?,2024-07-02 06:00:00,no
1427,3071,5372,Do I need prior knowledge of .NET / ASP.NET Core before joining?,2024-09-09 12:00:00,no
1428,3071,3376,Will this mentorship cover advanced .NET / ASP.NET Core topics?,2024-09-09 17:00:00,no
1429,2264,2062,Will this mentorship cover advanced YOLO topics?,2025-09-01 04:00:00,no
1430,2473,173,Zeplin is very valuable for real-world projects.,2024-08-03 10:00:00,no
1431,884,2368,Can someone explain more about R?,2024-02-22 02:00:00,no
1432,1364,2296,How much experience is needed in Redshift?,2025-03-15 07:00:00,yes
1433,64,5333,Is Tableau beginner friendly for this mentorship?,2025-07-10 02:00:00,yes
1434,64,8,Mentees should spend extra time practicing Tableau.,2025-07-10 06:00:00,no
1435,58,1966,How much experience is needed in LAMP Stack?,2025-09-02 10:00:00,no
1436,2059,751,Strong understanding of SQL will help mentees succeed.,2024-11-21 17:00:00,no
1437,2489,1154,This mentorship focuses heavily on practical AWS experience.,2025-08-17 02:00:00,no
1438,2489,1703,Can someone explain more about AWS?,2025-08-17 10:00:00,yes
1439,2325,4326,Do I need prior knowledge of HTML before joining?,2025-03-12 13:00:00,no
1440,2669,1362,This mentorship focuses heavily on practical Tableau experience.,2025-06-04 10:00:00,yes
1441,132,4910,Can someone explain more about LAMP Stack?,2025-05-31 18:00:00,no
1442,92,3806,Do I need prior knowledge of Resume Review Tools before joining?,2024-01-19 03:00:00,yes
1443,1813,1375,SASS / SCSS is one of the most important skills in this mentorship.,2025-08-21 05:00:00,no
1444,1813,3303,How much experience is needed in SASS / SCSS?,2025-08-21 14:00:00,yes
1445,1513,5348,How much experience is needed in CSS?,2024-04-16 02:00:00,yes
1446,1045,2510,Is SQL beginner friendly for this mentorship?,2025-10-12 04:00:00,yes
1447,148,2299,Is OKRs beginner friendly for this mentorship?,2025-08-26 02:00:00,no
1448,1775,3727,Can someone explain more about PyTorch?,2025-01-17 07:00:00,no
1449,43,4081,Do I need prior knowledge of Snowflake before joining?,2025-09-03 01:00:00,no
1450,1505,3657,Will this mentorship cover advanced Spring Boot topics?,2025-08-17 04:00:00,no
1451,3191,2614,Will this mentorship cover advanced Ansible topics?,2025-10-08 11:00:00,yes
1452,1129,2932,Do I need prior knowledge of Bootstrap before joining?,2025-03-29 06:00:00,no
1453,1129,4613,Can someone explain more about Bootstrap?,2025-03-29 10:00:00,no
1454,1046,4610,Will this mentorship cover advanced Wireframing topics?,2025-10-16 03:00:00,no
1455,2869,1453,Adobe XD is one of the most important skills in this mentorship.,2024-12-17 18:00:00,no
1456,2869,4185,How much experience is needed in Adobe XD?,2024-12-17 01:00:00,no
1457,739,4046,Will this mentorship cover advanced After Effects topics?,2025-07-27 04:00:00,no
1458,3130,4440,Do I need prior knowledge of Apache Airflow before joining?,2025-10-15 17:00:00,no
1459,3188,2598,Do I need prior knowledge of Next.js before joining?,2025-09-17 02:00:00,no
1460,1344,2914,Can someone explain more about Kafka?,2025-04-09 06:00:00,no
1461,595,1116,Hadoop is very valuable for real-world projects.,2024-07-30 06:00:00,no
1462,595,5027,Do I need prior knowledge of Hadoop before joining?,2024-07-30 10:00:00,no
1463,2646,1511,Will this mentorship cover advanced Bootstrap topics?,2024-12-28 05:00:00,no
1464,1967,5413,Will this mentorship cover advanced JavaScript topics?,2025-04-27 18:00:00,no
1465,1967,1395,JavaScript is very valuable for real-world projects.,2025-04-27 07:00:00,no
1466,403,5025,Is Android (Kotlin) beginner friendly for this mentorship?,2025-03-23 10:00:00,no
1467,403,2603,Will this mentorship cover advanced Android (Kotlin) topics?,2025-03-23 07:00:00,no
1468,403,5322,How much experience is needed in Android (Kotlin)?,2025-03-23 03:00:00,no
1469,2798,3050,Can someone explain more about OpenCV?,2024-09-06 13:00:00,yes
1470,2320,3652,Do I need prior knowledge of Nuxt.js before joining?,2024-07-04 02:00:00,no
1471,209,4245,How much experience is needed in Angular?,2025-03-29 13:00:00,no
1472,878,2615,Is Low Level Design (LLD) beginner friendly for this mentorship?,2025-02-04 14:00:00,no
1473,1876,4493,Can someone explain more about REST APIs?,2024-08-25 07:00:00,no
1474,869,4991,How much experience is needed in SpaCy?,2025-05-30 07:00:00,no
1475,2471,5255,Is Django + React beginner friendly for this mentorship?,2025-07-06 07:00:00,no
1476,789,2779,Will this mentorship cover advanced Express.js topics?,2024-03-29 18:00:00,no
1477,856,2083,Will this mentorship cover advanced Logo Design Tools topics?,2025-05-29 10:00:00,no
1478,2657,2620,Can someone explain more about Docker?,2025-08-04 04:00:00,no
1479,2365,384,This mentorship focuses heavily on practical Event-Driven Architecture experience.,2025-09-01 07:00:00,no
1480,2230,2465,Will this mentorship cover advanced CatBoost topics?,2025-05-02 03:00:00,no
1481,567,2057,How much experience is needed in Illustrator?,2024-09-21 03:00:00,no
1482,2451,599,Mentees should spend extra time practicing Vue.js.,2025-08-16 09:00:00,no
1483,1153,4980,Do I need prior knowledge of Flutter before joining?,2025-09-14 17:00:00,no
1484,636,1324,Jenkins is very valuable for real-world projects.,2025-01-12 14:00:00,yes
1485,636,2872,Can someone explain more about Jenkins?,2025-01-12 17:00:00,no
1486,636,3203,Do I need prior knowledge of Jenkins before joining?,2025-01-12 08:00:00,no
1487,2232,4097,Do I need prior knowledge of LinkedIn Optimization before joining?,2024-06-28 11:00:00,no
1488,2898,2032,Can someone explain more about NumPy?,2024-08-21 01:00:00,no
1489,2898,1111,NumPy is one of the most important skills in this mentorship.,2024-08-21 17:00:00,no
1490,386,5248,Do I need prior knowledge of Laravel before joining?,2025-09-03 18:00:00,no
1491,634,1518,How much experience is needed in Hugging Face Transformers?,2025-09-29 15:00:00,no
1492,2783,4118,Can someone explain more about Docker?,2025-07-13 16:00:00,no
1493,2783,4803,Will this mentorship cover advanced Docker topics?,2025-07-13 16:00:00,no
1494,2418,4680,How much experience is needed in BPMN?,2025-09-30 10:00:00,no
1495,185,621,Mentees should spend extra time practicing Vue.js.,2025-02-19 10:00:00,no
1496,1276,5322,Do I need prior knowledge of Illustrator before joining?,2025-05-30 14:00:00,no
1497,1443,830,Strong understanding of Event-Driven Architecture will help mentees succeed.,2025-02-12 07:00:00,no
1498,408,2087,How much experience is needed in NumPy?,2025-05-18 01:00:00,no
1499,284,3526,Can someone explain more about NumPy?,2025-02-09 01:00:00,no
1500,1448,4045,"How much experience is needed in Caching (Redis, Memcached)?",2025-06-05 06:00:00,no
1501,1448,876,"This mentorship focuses heavily on practical Caching (Redis, Memcached) experience.",2025-06-05 14:00:00,no
1502,898,2078,How much experience is needed in Matplotlib?,2025-09-17 16:00:00,no
1503,2393,230,Mentees should spend extra time practicing Product Roadmaps.,2025-06-24 11:00:00,yes
1504,842,2822,How much experience is needed in Logo Design Tools?,2025-05-01 12:00:00,no
1505,2104,733,Strong understanding of AWS will help mentees succeed.,2024-08-20 08:00:00,no
1506,2125,3908,Do I need prior knowledge of NumPy before joining?,2024-10-18 17:00:00,no
1507,2623,1836,Do I need prior knowledge of Financial Modeling before joining?,2025-10-15 16:00:00,no
1508,890,4260,How much experience is needed in Miro?,2025-05-22 06:00:00,no
1509,1190,3900,"Can someone explain more about Message Queues (Kafka, RabbitMQ)?",2025-06-10 16:00:00,no
1510,1190,4331,Would this help me transition to a new career?,2025-06-10 02:00:00,no
1511,1533,3646,How much experience is needed in Photoshop?,2025-05-01 09:00:00,no
1512,1533,2742,Do I need prior knowledge of Photoshop before joining?,2025-05-01 01:00:00,no
1513,2243,3431,Is Python beginner friendly for this mentorship?,2025-07-04 03:00:00,no
1514,1574,477,This mentorship focuses heavily on practical TensorFlow experience.,2025-06-24 16:00:00,no
1515,1970,4025,Do I need prior knowledge of BPMN before joining?,2024-09-22 17:00:00,no
1516,425,820,Strong understanding of Pitch Deck Tools will help mentees succeed.,2025-06-22 13:00:00,no
1517,1898,3479,Can someone explain more about Ionic?,2025-10-17 02:00:00,no
1518,2696,580,This mentorship focuses heavily on practical BPMN experience.,2024-10-17 02:00:00,no
1519,1264,4076,Is Xamarin beginner friendly for this mentorship?,2025-07-10 14:00:00,yes
1520,1642,3455,Do I need prior knowledge of BERT before joining?,2025-06-04 17:00:00,no
1521,155,1803,Do I need prior knowledge of Monday.com before joining?,2025-07-16 05:00:00,no
1522,2060,2718,Will this mentorship cover advanced React topics?,2025-05-04 17:00:00,no
1523,1020,3304,Will this mentorship cover advanced Node.js topics?,2024-07-29 04:00:00,yes
1524,781,1471,Mentees should spend extra time practicing SQL.,2025-08-20 14:00:00,no
1525,1623,2508,Can someone explain more about ETL Pipelines?,2025-09-04 16:00:00,no
1526,1598,47,Mentees should spend extra time practicing Flutter.,2025-08-12 13:00:00,no
1527,2858,3454,Can someone explain more about Photoshop?,2025-08-09 18:00:00,no
1528,1711,4741,Can someone explain more about GPT Models?,2025-10-15 10:00:00,no
1529,1823,4281,Can someone explain more about Node.js?,2024-07-11 10:00:00,yes
1530,750,1251,Mentees should spend extra time practicing Photoshop.,2025-07-20 06:00:00,no
1531,2931,4250,Can someone explain more about Wireframing?,2024-03-23 04:00:00,no
1532,893,4179,Can someone explain more about Logo Design Tools?,2025-09-29 07:00:00,no
1533,2145,3336,How much experience is needed in SQL?,2024-06-01 12:00:00,no
1534,1807,4720,Can someone explain more about User Journey Mapping?,2024-10-02 10:00:00,no
1535,69,2284,How much experience is needed in Machine Learning Libraries?,2024-07-24 09:00:00,no
1536,1923,949,Excel is one of the most important skills in this mentorship.,2025-05-22 07:00:00,no
1537,2770,79,This mentorship focuses heavily on practical NestJS experience.,2025-09-11 01:00:00,no
1538,2770,1763,Do I need prior knowledge of NestJS before joining?,2025-09-11 06:00:00,no
1539,365,4241,How much experience is needed in Cinema 4D?,2025-08-16 08:00:00,yes
1540,680,2513,Can someone explain more about TensorFlow?,2025-03-08 11:00:00,no
1541,1763,912,Mentees should spend extra time practicing Django + React.,2025-08-09 12:00:00,no
1542,717,2686,Will this mentorship cover advanced Nginx topics?,2025-08-30 03:00:00,no
1543,1472,4686,Will this mentorship cover advanced High Level Design (HLD) topics?,2025-09-06 04:00:00,no
1544,955,482,Strong understanding of Flutter will help mentees succeed.,2025-03-13 03:00:00,no
1545,2594,1722,Can someone explain more about Hadoop?,2025-09-11 02:00:00,no
1546,1310,3504,How much experience is needed in iOS (Swift)?,2025-10-03 14:00:00,no
1547,2559,385,This mentorship focuses heavily on practical FigJam experience.,2025-06-29 05:00:00,no
1548,22,954,This mentorship focuses heavily on practical SpaCy experience.,2025-06-16 14:00:00,no
1549,882,70,Ansible is very valuable for real-world projects.,2025-05-15 05:00:00,no
1550,38,4532,Will this mentorship cover advanced Machine Learning Libraries topics?,2024-09-13 18:00:00,no
1551,289,3388,How much experience is needed in Ionic?,2025-04-13 03:00:00,no
1552,2013,3301,How much experience is needed in Ansible?,2025-06-11 01:00:00,yes
1553,3155,3613,"Can someone explain more about Caching (Redis, Memcached)?",2025-09-20 09:00:00,no
1554,269,2066,Can someone explain more about Vue.js?,2025-02-07 07:00:00,no
1555,7,1824,How much experience is needed in Hugging Face Transformers?,2025-07-09 10:00:00,no
1556,2505,2351,Do I need prior knowledge of Illustrator before joining?,2025-10-21 10:00:00,no
1557,1167,1692,Do I need prior knowledge of Xamarin before joining?,2025-08-30 08:00:00,no
1558,1396,4956,Will this mentorship cover advanced Xamarin topics?,2024-07-15 10:00:00,no
1559,1374,960,Strong understanding of RNNs will help mentees succeed.,2024-12-24 05:00:00,no
1560,1908,3652,Do I need prior knowledge of MERN Stack before joining?,2025-10-11 06:00:00,no
1561,1025,591,NLTK is one of the most important skills in this mentorship.,2025-06-14 17:00:00,no
1562,443,1316,Strong understanding of Bootstrap will help mentees succeed.,2025-04-29 11:00:00,no
1563,1567,3319,Is CNNs beginner friendly for this mentorship?,2025-03-31 10:00:00,no
1564,1113,5025,Will this mentorship cover advanced Seaborn topics?,2025-07-17 10:00:00,no
1565,1113,1654,Is Seaborn beginner friendly for this mentorship?,2025-07-17 17:00:00,no
1566,2675,1190,Mentees should spend extra time practicing Miro.,2024-10-28 15:00:00,no
1567,1199,5410,"Is Caching (Redis, Memcached) beginner friendly for this mentorship?",2025-07-10 17:00:00,no
1568,1894,1012,Strong understanding of MERN Stack will help mentees succeed.,2025-03-10 02:00:00,no
1569,744,502,Mentees should spend extra time practicing TypeScript.,2025-07-27 08:00:00,no
1570,1373,906,Flask is one of the most important skills in this mentorship.,2025-08-12 01:00:00,no
1571,2046,2488,Will this mentorship cover advanced NestJS topics?,2025-02-23 07:00:00,no
1572,2875,5029,Is CSS beginner friendly for this mentorship?,2025-10-16 05:00:00,no
1573,2875,1942,Can someone explain more about CSS?,2025-10-16 10:00:00,no
1574,2569,4394,How much experience is needed in XGBoost?,2025-08-22 05:00:00,no
1575,2569,678,Strong understanding of XGBoost will help mentees succeed.,2025-08-22 12:00:00,no
1576,1525,4515,Will this mentorship cover advanced Docker topics?,2025-08-03 18:00:00,no
1577,2366,1763,Can someone explain more about NumPy?,2025-10-22 10:00:00,no
1578,1626,1431,Spring Boot is one of the most important skills in this mentorship.,2025-07-10 11:00:00,no
1579,2152,3812,Is BPMN beginner friendly for this mentorship?,2024-09-28 03:00:00,no
1580,1729,16,Strong understanding of Nginx will help mentees succeed.,2025-08-29 08:00:00,no
1581,936,791,OKRs is very valuable for real-world projects.,2025-01-24 06:00:00,no
1582,609,1175,Jira is one of the most important skills in this mentorship.,2025-05-07 06:00:00,yes
1583,876,1443,Logo Design Tools is one of the most important skills in this mentorship.,2024-09-25 04:00:00,no
1584,2697,3209,Do I need prior knowledge of Hadoop before joining?,2025-07-24 11:00:00,no
1585,149,466,Mentees should spend extra time practicing Redshift.,2025-10-18 18:00:00,yes
1586,2511,987,Nuxt.js is very valuable for real-world projects.,2025-10-13 14:00:00,no
1587,2888,4459,Will this mentorship cover advanced REST APIs topics?,2025-05-07 16:00:00,no
1588,2888,3622,Can someone explain more about REST APIs?,2025-05-07 13:00:00,yes
1589,1580,1184,Mentees should spend extra time practicing CNNs.,2025-03-22 04:00:00,no
1590,1342,4897,Is AWS beginner friendly for this mentorship?,2025-07-12 17:00:00,no
1591,1342,1332,This mentorship focuses heavily on practical AWS experience.,2025-07-12 18:00:00,no
1592,982,5050,Is SpaCy beginner friendly for this mentorship?,2023-12-11 13:00:00,no
1593,3171,5384,Will this mentorship cover advanced Flask topics?,2025-02-25 15:00:00,no
1594,2193,3452,Do I need prior knowledge of GPT Models before joining?,2025-03-28 13:00:00,yes
1595,2193,1346,This mentorship focuses heavily on practical GPT Models experience.,2025-03-28 07:00:00,no
1596,655,1811,Do I need prior knowledge of Interview Preparation Frameworks before joining?,2024-07-11 10:00:00,no
1597,3123,5224,Can someone explain more about Brand Identity Systems?,2025-08-30 05:00:00,no
1598,1216,2873,How much experience is needed in TensorFlow?,2025-01-09 06:00:00,no
1599,801,2918,Do I need prior knowledge of Android (Java) before joining?,2025-02-26 04:00:00,no
1600,1124,3400,Do I need prior knowledge of GitHub Actions before joining?,2025-08-28 06:00:00,no
1601,755,4946,Will this mentorship cover advanced CI/CD Pipelines topics?,2025-05-22 04:00:00,yes
1602,2832,26,Mentees should spend extra time practicing BigQuery.,2025-10-21 13:00:00,no
1603,651,1317,This mentorship focuses heavily on practical SpaCy experience.,2025-02-20 09:00:00,no
1604,891,3576,Will this mentorship cover advanced Asana topics?,2025-06-25 08:00:00,no
1605,110,1779,Is Nginx beginner friendly for this mentorship?,2025-09-06 07:00:00,no
1606,227,3656,"Is Caching (Redis, Memcached) beginner friendly for this mentorship?",2025-10-06 11:00:00,no
1607,227,3881,"Can someone explain more about Caching (Redis, Memcached)?",2025-10-06 07:00:00,no
1608,881,2184,How much experience is needed in Sketch?,2025-05-08 09:00:00,no
1609,881,2065,Will this mentorship cover advanced Sketch topics?,2025-05-08 01:00:00,no
1610,2996,4087,Do I need prior knowledge of Product Roadmaps before joining?,2025-03-12 18:00:00,no
1611,2694,2666,Is Redshift beginner friendly for this mentorship?,2025-07-30 01:00:00,yes
1612,2694,3069,Do I need prior knowledge of Redshift before joining?,2025-07-30 16:00:00,yes
1613,864,566,Strong understanding of Next.js Full Stack will help mentees succeed.,2025-07-22 10:00:00,no
1614,2001,1097,Mentees should spend extra time practicing Event-Driven Architecture.,2025-09-04 16:00:00,yes
1615,2001,1453,This mentorship focuses heavily on practical Event-Driven Architecture experience.,2025-09-04 14:00:00,no
1616,1767,3294,Can someone explain more about Express.js?,2025-02-09 09:00:00,no
1617,1767,1763,Is Express.js beginner friendly for this mentorship?,2025-02-09 15:00:00,no
1618,1993,3917,Do I need prior knowledge of Xamarin before joining?,2025-06-12 09:00:00,no
1619,2069,3051,Can someone explain more about Bootstrap?,2024-07-03 01:00:00,no
1620,2069,5126,How much experience is needed in Bootstrap?,2024-07-03 14:00:00,no
1621,2771,3850,Do I need prior knowledge of RNNs before joining?,2025-04-03 18:00:00,no
1622,1860,3659,Will this mentorship cover advanced Low Level Design (LLD) topics?,2025-07-29 09:00:00,no
1623,940,2136,Will this mentorship cover advanced PyTorch topics?,2025-10-11 10:00:00,no
1624,13,1736,Is Nginx beginner friendly for this mentorship?,2025-04-27 10:00:00,no
1625,13,631,Mentees should spend extra time practicing Nginx.,2025-04-27 02:00:00,no
1626,1365,973,This mentorship focuses heavily on practical Excel experience.,2025-08-29 17:00:00,no
1627,1759,2801,How much experience is needed in NumPy?,2024-01-19 15:00:00,no
1628,1837,337,Mentees should spend extra time practicing JavaScript.,2025-09-27 09:00:00,no
1629,1837,1143,Strong understanding of JavaScript will help mentees succeed.,2025-09-27 01:00:00,yes
1630,1837,1073,JavaScript is very valuable for real-world projects.,2025-09-27 02:00:00,no
1631,1545,2046,Do I need prior knowledge of BigQuery before joining?,2024-12-23 07:00:00,no
1632,1545,172,Mentees should spend extra time practicing BigQuery.,2024-12-23 18:00:00,no
1633,1449,4117,Do I need prior knowledge of Confluence before joining?,2025-10-01 10:00:00,no
1634,2730,389,Mentees should spend extra time practicing CNNs.,2025-08-21 04:00:00,no
1635,886,5027,How much experience is needed in LAMP Stack?,2025-01-04 02:00:00,no
1636,907,624,This mentorship focuses heavily on practical Terraform experience.,2025-10-13 14:00:00,yes
1637,2344,2542,Can someone explain more about AWS?,2024-11-10 13:00:00,no
1638,2939,5193,How much experience is needed in Brand Identity Systems?,2025-07-20 01:00:00,yes
1639,1016,2702,Will this mentorship cover advanced Android (Java) topics?,2025-01-29 15:00:00,no
1640,1134,1216,Strong understanding of Pitch Deck Tools will help mentees succeed.,2025-10-20 10:00:00,no
1641,1225,4858,Can someone explain more about Career Planning Models?,2025-07-21 03:00:00,no
1642,2126,2296,Can someone explain more about Matplotlib?,2024-10-26 14:00:00,no
1643,2817,48,Strong understanding of Notion will help mentees succeed.,2024-08-30 13:00:00,no
1644,2817,3242,Do I need prior knowledge of Notion before joining?,2024-08-30 17:00:00,no
1645,835,3439,Is CI/CD Pipelines beginner friendly for this mentorship?,2025-09-06 14:00:00,no
1646,3092,3613,How much experience is needed in OpenCV?,2024-05-26 08:00:00,no
1647,3092,5149,How competitive is the application process?,2024-05-26 03:00:00,no
1648,3092,2287,The description really resonates with me.,2024-05-26 13:00:00,no
1649,952,2144,How much experience is needed in Low Level Design (LLD)?,2024-09-08 06:00:00,no
1650,2306,4228,Will this mentorship cover advanced CSS topics?,2024-10-25 03:00:00,no
1651,920,853,Strong understanding of Bootstrap will help mentees succeed.,2024-08-13 06:00:00,yes
1652,399,4218,Will this mentorship cover advanced PyTorch topics?,2025-05-19 04:00:00,no
1653,2872,1611,Is Express.js beginner friendly for this mentorship?,2025-08-15 09:00:00,no
1654,1530,1375,GPT Models is one of the most important skills in this mentorship.,2025-09-24 13:00:00,no
1655,889,786,Strong understanding of Business Model Canvas will help mentees succeed.,2025-04-01 02:00:00,no
1656,2056,257,Strong understanding of Kafka will help mentees succeed.,2025-06-10 03:00:00,no
1657,501,369,Strong understanding of CatBoost will help mentees succeed.,2025-10-14 12:00:00,no
1658,3116,2808,Is Low Level Design (LLD) beginner friendly for this mentorship?,2025-03-18 01:00:00,no
1659,605,2994,Do I need prior knowledge of Financial Modeling before joining?,2025-07-26 09:26:35,no
1660,1537,2387,Can someone explain more about Hugging Face Transformers?,2025-06-02 17:00:00,no
1661,2035,4603,Can someone explain more about Express.js?,2025-07-24 11:00:00,no
1662,137,2459,Can someone explain more about TypeScript?,2025-06-26 13:00:00,no
1663,141,2347,Will this mentorship cover advanced Next.js Full Stack topics?,2024-07-21 05:00:00,no
1664,1517,946,Mentees should spend extra time practicing GPT Models.,2025-02-01 05:00:00,no
1665,334,2014,Is SpaCy beginner friendly for this mentorship?,2025-08-17 01:00:00,no
1666,271,320,Strong understanding of R will help mentees succeed.,2025-09-15 12:00:00,no
1667,1961,4154,Can someone explain more about Ionic?,2024-08-25 15:00:00,no
1668,14,616,Xamarin is very valuable for real-world projects.,2025-05-05 03:00:00,no
1669,1900,780,This mentorship focuses heavily on practical Pandas experience.,2025-04-08 09:00:00,no
1670,1900,1089,Strong understanding of Pandas will help mentees succeed.,2025-04-08 11:00:00,no
1671,3183,1386,Cinema 4D is one of the most important skills in this mentorship.,2025-03-11 17:00:00,no
1672,2330,3725,Is Event-Driven Architecture beginner friendly for this mentorship?,2025-02-09 13:00:00,no
1673,3193,4769,How much experience is needed in RNNs?,2025-04-17 11:00:00,no
1674,3193,5289,Do I need prior knowledge of RNNs before joining?,2025-04-17 12:00:00,no
1675,1564,525,Mentees should spend extra time practicing Snowflake.,2025-09-27 16:00:00,no
1676,2598,4879,Is Next.js beginner friendly for this mentorship?,2025-10-12 09:00:00,no
1677,2703,3972,Can someone explain more about Flutter?,2024-06-30 14:00:00,no
1678,2972,535,Jenkins is very valuable for real-world projects.,2025-06-28 14:00:00,no
1679,2649,1073,This mentorship focuses heavily on practical MERN Stack experience.,2024-12-05 18:00:00,no
1680,3110,3354,Will this mentorship cover advanced Nginx topics?,2024-08-19 04:00:00,no
1681,1320,2504,Is MEAN Stack beginner friendly for this mentorship?,2025-04-22 07:00:00,no
1682,1206,1339,LightGBM is very valuable for real-world projects.,2024-07-24 03:00:00,no
1683,2369,938,Strong understanding of Azure will help mentees succeed.,2025-10-21 03:00:00,no
1684,3186,1779,Do I need prior knowledge of ClickUp before joining?,2025-08-11 16:00:00,no
1685,349,3968,Do I need prior knowledge of Python before joining?,2025-01-28 17:00:00,no
1686,349,5277,Can someone explain more about Python?,2025-01-28 01:00:00,no
1687,349,2374,How much experience is needed in Python?,2025-01-28 12:00:00,no
1688,601,3205,How much experience is needed in LightGBM?,2025-06-22 11:00:00,no
1689,262,4544,How much experience is needed in AWS?,2025-08-31 12:00:00,no
1690,262,4314,Do I need prior knowledge of AWS before joining?,2025-08-31 15:00:00,no
1691,993,2277,How much experience is needed in GitLab CI?,2025-08-20 06:00:00,no
1692,2427,3595,How much experience is needed in Terraform?,2025-03-12 04:00:00,no
1693,1019,4654,Can someone explain more about High Level Design (HLD)?,2024-03-15 14:00:00,no
1694,1019,5004,Is High Level Design (HLD) beginner friendly for this mentorship?,2024-03-15 12:00:00,no
1695,1271,1541,Will this mentorship cover advanced NLTK topics?,2023-12-21 06:00:00,no
1696,202,1927,Can someone explain more about Google Cloud Platform?,2025-04-10 15:00:00,no
1697,202,2963,Will there be any hands-on projects?,2025-04-10 10:00:00,no
1698,202,2620,I really appreciate you offering this mentorship.,2025-04-10 09:00:00,no
1699,79,950,Mentees should spend extra time practicing Tailwind CSS.,2025-06-19 07:00:00,yes
1700,1647,2686,Is FigJam beginner friendly for this mentorship?,2025-09-23 02:00:00,no
1701,1455,1263,This mentorship focuses heavily on practical Docker experience.,2025-02-27 02:00:00,no
1702,2627,5424,Can someone explain more about Zeplin?,2025-08-21 16:00:00,yes
1703,190,2271,Do I need prior knowledge of Apache Spark before joining?,2025-09-26 04:00:00,no
1704,384,2214,How much experience is needed in CI/CD Pipelines?,2025-08-03 01:00:00,no
1705,384,880,CI/CD Pipelines is one of the most important skills in this mentorship.,2025-08-03 02:00:00,no
1706,1997,1280,Strong understanding of Jenkins will help mentees succeed.,2024-11-07 09:00:00,no
1707,1003,1162,Mentees should spend extra time practicing Premiere Pro.,2024-03-02 14:00:00,no
1708,1065,925,Strong understanding of Nuxt.js will help mentees succeed.,2025-10-19 14:00:00,no
1709,3062,1749,How much experience is needed in HTML?,2025-07-21 16:00:00,no
1710,389,2001,How much experience is needed in Kubernetes?,2025-05-05 06:00:00,no
1711,2324,2626,Will this mentorship cover advanced Jupyter Notebook topics?,2024-05-19 17:00:00,no
1712,2324,5213,How much experience is needed in Jupyter Notebook?,2024-05-19 17:00:00,yes
1713,607,1472,Strong understanding of Android (Java) will help mentees succeed.,2025-09-30 12:00:00,no
1714,956,1841,Is Power BI beginner friendly for this mentorship?,2025-06-04 09:00:00,no
1715,1478,5363,Will this mentorship cover advanced JavaScript topics?,2025-08-01 16:00:00,no
1716,2140,2815,Do I need prior knowledge of Interview Preparation Frameworks before joining?,2025-01-07 15:00:00,no
1717,2140,2324,How will the sessions be structured?,2025-01-07 02:00:00,no
1718,1907,1620,Will this mentorship cover advanced BERT topics?,2025-09-04 11:00:00,no
1719,218,3311,Is CSS beginner friendly for this mentorship?,2025-09-23 18:00:00,yes
1720,39,2694,Is After Effects beginner friendly for this mentorship?,2023-12-20 03:00:00,yes
1721,872,1320,Resume Review Tools is one of the most important skills in this mentorship.,2025-10-06 11:00:00,no
1722,247,3776,Can someone explain more about Asana?,2024-12-02 18:00:00,no
1723,1040,4581,Do I need prior knowledge of Spring Boot before joining?,2025-10-09 16:00:00,no
1724,2420,4849,Will this mentorship cover advanced Jira topics?,2024-01-27 10:00:00,no
1725,2661,4292,Do I need prior knowledge of Tailwind CSS before joining?,2025-01-24 07:00:00,no
1726,248,1537,Can someone explain more about Hugging Face Transformers?,2025-05-25 10:00:00,no
1727,2452,3439,Do I need prior knowledge of GitHub Actions before joining?,2025-10-19 02:00:00,no
1728,2096,2125,Will this mentorship cover advanced FigJam topics?,2025-10-17 10:00:00,no
1729,2271,579,AWS is one of the most important skills in this mentorship.,2025-06-14 06:00:00,no
1730,2530,4429,How much experience is needed in Logo Design Tools?,2025-09-17 11:00:00,no
1731,1868,3061,Do I need prior knowledge of GitLab CI before joining?,2024-06-11 05:00:00,no
1732,459,25,Zeplin is very valuable for real-world projects.,2024-04-23 01:00:00,yes
1733,1059,800,Mentees should spend extra time practicing Android (Kotlin).,2024-11-17 03:00:00,no
1734,1756,4654,How much experience is needed in Sketch?,2025-10-02 01:00:00,no
1735,2673,676,Strong understanding of Android (Java) will help mentees succeed.,2025-09-17 14:00:00,no
1736,1909,2708,Will this mentorship cover advanced Google Cloud Platform topics?,2024-11-02 07:00:00,no
1737,2272,87,.NET / ASP.NET Core is very valuable for real-world projects.,2025-07-15 04:00:00,yes
1738,3174,1510,Will this mentorship cover advanced Monday.com topics?,2025-08-21 07:00:00,no
1739,2553,1005,Microservices Architecture is very valuable for real-world projects.,2025-06-08 10:00:00,no
1740,1035,3215,Is Bootstrap beginner friendly for this mentorship?,2025-10-18 08:00:00,no
1741,1582,5389,Is Jupyter Notebook beginner friendly for this mentorship?,2024-09-21 12:00:00,no
1742,1741,7,Mentees should spend extra time practicing .NET / ASP.NET Core.,2025-10-16 06:00:00,no
1743,1920,4960,Do I need prior knowledge of Resume Review Tools before joining?,2025-03-28 08:00:00,no
1744,2567,1423,JavaScript is very valuable for real-world projects.,2025-03-14 02:00:00,no
1745,2049,2828,"Will this mentorship cover advanced Message Queues (Kafka, RabbitMQ) topics?",2025-07-02 13:00:00,no
1746,2049,2067,"Can someone explain more about Message Queues (Kafka, RabbitMQ)?",2025-07-02 17:00:00,no
1747,2049,900,"Mentees should spend extra time practicing Message Queues (Kafka, RabbitMQ).",2025-07-02 07:00:00,no
1748,2431,970,This mentorship focuses heavily on practical LightGBM experience.,2024-12-10 02:00:00,no
1749,790,3139,Is Trello beginner friendly for this mentorship?,2024-10-09 01:00:00,no
1750,463,1690,Do I need prior knowledge of CatBoost before joining?,2025-08-16 07:00:00,no
1751,493,2363,Is BigQuery beginner friendly for this mentorship?,2024-01-11 11:00:00,no
1752,1272,3431,Will this mentorship cover advanced Hadoop topics?,2024-02-08 07:00:00,no
1753,3022,4964,Do I need prior knowledge of GitHub Actions before joining?,2025-06-03 13:00:00,no
1754,1738,97,Docker is very valuable for real-world projects.,2025-09-22 15:00:00,no
1755,1229,4841,How much experience is needed in Logo Design Tools?,2025-07-19 04:00:00,no
1756,1229,2040,Will this mentorship cover advanced Logo Design Tools topics?,2025-07-19 13:00:00,no
1757,1229,4230,Is there a community of mentees I can connect with?,2025-07-19 04:00:00,no
1758,879,1316,Figma is very valuable for real-world projects.,2025-03-24 08:00:00,no
1759,879,2220,Is Figma beginner friendly for this mentorship?,2025-03-24 15:00:00,no
1760,3109,5147,How much experience is needed in Zeplin?,2024-07-26 12:00:00,no
1761,3006,1991,Can someone explain more about Adobe XD?,2025-06-20 15:00:00,no
1762,3006,547,Mentees should spend extra time practicing Adobe XD.,2025-06-20 07:00:00,no
1763,2590,865,Django is one of the most important skills in this mentorship.,2024-11-25 02:00:00,yes
1764,2590,1976,Do I need prior knowledge of Django before joining?,2024-11-25 09:00:00,no
1765,1033,3810,Will this mentorship cover advanced Transformers topics?,2025-10-02 05:00:00,no
1766,3175,2729,Is Financial Modeling beginner friendly for this mentorship?,2025-10-09 03:00:00,no
1767,2624,3073,Will this mentorship cover advanced LAMP Stack topics?,2025-10-19 05:00:00,no
1768,596,162,Strong understanding of REST Architecture will help mentees succeed.,2024-08-11 03:00:00,no
1769,1846,918,Mentees should spend extra time practicing Django + React.,2025-10-17 05:00:00,no
1770,1000,1332,CSS is one of the most important skills in this mentorship.,2024-06-16 01:00:00,yes
1771,1943,4923,Do I need prior knowledge of Ionic before joining?,2024-10-24 16:00:00,no
1772,2711,5230,How much experience is needed in Sketch?,2025-09-27 16:00:00,no
1773,2736,5165,How much experience is needed in Figma?,2025-08-10 12:00:00,no
1774,954,5267,Is Power BI beginner friendly for this mentorship?,2025-04-19 18:00:00,no
1775,1937,4422,How much experience is needed in iOS (Swift)?,2025-08-01 22:20:39,no
1776,1892,1596,Can someone explain more about Bootstrap?,2025-10-06 12:00:00,no
1777,1863,4972,Can someone explain more about Terraform?,2025-09-19 17:00:00,no
1778,1318,4017,Is Pitch Deck Tools beginner friendly for this mentorship?,2025-09-16 10:00:00,no
1779,640,1956,Will this mentorship cover advanced Photoshop topics?,2025-08-14 12:00:00,no
1780,1350,3309,Will this mentorship cover advanced SASS / SCSS topics?,2025-10-06 05:00:00,no
1781,2093,4792,Will this mentorship cover advanced Matplotlib topics?,2025-09-29 13:00:00,no
1782,445,3615,Do I need prior knowledge of AWS before joining?,2024-04-12 02:00:00,no
1783,366,2947,How much experience is needed in SWOT Analysis?,2025-08-28 18:00:00,no
1784,2693,4673,Is Trello beginner friendly for this mentorship?,2025-07-22 17:00:00,no
1785,3017,559,Mentees should spend extra time practicing Interview Preparation Frameworks.,2025-08-10 04:00:00,no
1786,1671,3190,Will this mentorship cover advanced BPMN topics?,2025-04-30 09:00:00,no
1787,2548,2067,Can someone explain more about Seaborn?,2024-03-27 03:00:00,no
1788,2690,4406,Is R beginner friendly for this mentorship?,2024-09-20 09:00:00,no
1789,2341,147,Transformers is one of the most important skills in this mentorship.,2025-08-24 13:00:00,no
1790,183,1340,This mentorship focuses heavily on practical Azure experience.,2024-08-08 01:00:00,no
1791,183,3394,Will this mentorship cover advanced Azure topics?,2024-08-08 02:00:00,no
1792,2131,450,Strong understanding of Scikit-learn will help mentees succeed.,2025-09-17 16:00:00,no
1793,1572,1507,Will this mentorship cover advanced REST Architecture topics?,2025-02-27 07:00:00,no
1794,406,4151,Can someone explain more about Logo Design Tools?,2025-07-15 03:00:00,no
1795,406,114,Logo Design Tools is one of the most important skills in this mentorship.,2025-07-15 08:00:00,no
1796,2601,2008,How much experience is needed in Seaborn?,2025-05-18 03:00:00,no
1797,2601,1531,I'd appreciate more details on the curriculum.,2025-05-18 07:00:00,no
1798,2601,406,Mentees should spend extra time practicing Seaborn.,2025-05-18 05:00:00,no
1799,1185,3004,Will this mentorship cover advanced Scalability & Load Balancing topics?,2024-08-27 14:00:00,no
1800,629,2906,Can someone explain more about LAMP Stack?,2025-09-16 11:00:00,no
1801,928,4937,Is Business Model Canvas beginner friendly for this mentorship?,2025-04-14 06:00:00,no
1802,928,1440,Business Model Canvas is very valuable for real-world projects.,2025-04-14 15:00:00,no
1803,1648,4968,How much experience is needed in .NET / ASP.NET Core?,2025-10-15 17:00:00,no
1804,3076,1485,Tableau is one of the most important skills in this mentorship.,2024-01-24 08:00:00,no
1805,603,406,Mentees should spend extra time practicing Django.,2024-12-30 14:00:00,no
1806,1919,2089,Will this mentorship cover advanced Photoshop topics?,2025-06-05 08:00:00,no
1807,490,379,Trello is one of the most important skills in this mentorship.,2025-06-05 08:00:00,no
1808,390,255,Seaborn is one of the most important skills in this mentorship.,2024-11-14 08:00:00,no
1809,846,4499,Will this mentorship cover advanced Scikit-learn topics?,2025-09-07 05:00:00,no
1810,2962,502,NLTK is one of the most important skills in this mentorship.,2025-08-17 05:00:00,no
1811,1093,4998,Is Google Cloud Platform beginner friendly for this mentorship?,2024-06-17 02:00:00,no
1812,1751,131,Strong understanding of CSS will help mentees succeed.,2025-05-22 16:00:00,yes
1813,1751,1227,This mentorship focuses heavily on practical CSS experience.,2025-05-22 07:00:00,no
1814,222,1010,Mentees should spend extra time practicing Flutter.,2024-07-15 13:00:00,no
1815,288,2510,Is LightGBM beginner friendly for this mentorship?,2025-06-13 17:00:00,no
1816,474,3618,Is Node.js beginner friendly for this mentorship?,2024-05-29 04:00:00,no
1817,690,1147,This mentorship focuses heavily on practical Photoshop experience.,2024-10-05 07:00:00,no
1818,2957,4080,How much experience is needed in ETL Pipelines?,2025-06-09 09:00:00,no
1819,1596,1415,Mentees should spend extra time practicing Ionic.,2024-11-02 13:00:00,no
1820,1596,721,Strong understanding of Ionic will help mentees succeed.,2024-11-02 04:00:00,no
1821,2326,1296,Nuxt.js is very valuable for real-world projects.,2025-04-18 04:00:00,no
1822,722,3387,Will this mentorship cover advanced GraphQL topics?,2024-11-24 05:00:00,no
1823,2015,3630,How much experience is needed in Ionic?,2025-05-09 03:00:00,no
1824,827,4540,Do I need prior knowledge of Nginx before joining?,2025-10-06 11:00:00,yes
1825,684,1006,Mentees should spend extra time practicing Bootstrap.,2025-05-16 15:00:00,no
1826,2816,3331,Is Ionic beginner friendly for this mentorship?,2024-06-22 05:00:00,no
1827,321,2450,Will this mentorship cover advanced Market Research Tools topics?,2024-06-22 03:00:00,no
1828,1283,1009,Android (Java) is very valuable for real-world projects.,2025-01-08 05:00:00,no
1829,345,1414,React Native is very valuable for real-world projects.,2025-08-27 02:00:00,no
1830,3147,3857,Do I need prior knowledge of Illustrator before joining?,2024-07-25 03:00:00,no
1831,1957,580,Mentees should spend extra time practicing User Journey Mapping.,2025-09-29 12:00:00,no
1832,3162,4286,Is Pandas beginner friendly for this mentorship?,2025-10-04 11:00:00,no
1833,666,2858,Will this mentorship cover advanced Figma topics?,2025-09-11 17:00:00,no
1834,2889,3023,How much experience is needed in Zeplin?,2024-11-14 09:00:00,yes
1835,2889,2719,Can someone explain more about Zeplin?,2024-11-14 17:00:00,no
1836,2102,3904,Can someone explain more about Photoshop?,2025-05-16 14:00:00,no
1837,1307,5269,Will this mentorship cover advanced Express.js topics?,2025-09-21 18:00:00,no
1838,1745,591,Mentees should spend extra time practicing Lean Canvas.,2025-09-25 06:00:00,no
1839,1745,1286,Lean Canvas is one of the most important skills in this mentorship.,2025-09-25 13:00:00,no
1840,1052,237,Mentees should spend extra time practicing Microservices Architecture.,2024-11-02 04:00:00,no
1841,259,5087,Do I need prior knowledge of Microservices Architecture before joining?,2025-04-30 11:00:00,yes
1842,1857,1540,Do I need prior knowledge of Machine Learning Libraries before joining?,2025-07-22 07:00:00,no
1843,2428,5115,Do I need prior knowledge of MediaPipe before joining?,2025-04-03 01:00:00,no
1844,2428,3620,Looking forward to growing my skills in this area.,2025-04-03 11:00:00,no
1845,41,2058,Can someone explain more about Vue.js?,2024-12-13 10:00:00,no
1846,2892,4125,Is TypeScript beginner friendly for this mentorship?,2025-08-15 06:00:00,yes
1847,1504,4788,Will this mentorship cover advanced Matplotlib topics?,2025-04-15 09:00:00,no
1848,1118,3928,How much experience is needed in BERT?,2025-04-18 14:00:00,no
1849,290,5203,How much experience is needed in Express.js?,2025-06-03 14:00:00,no
1850,174,4719,Can someone explain more about Brand Identity Systems?,2025-02-11 02:00:00,no
1851,2053,1793,Will this mentorship cover advanced React topics?,2025-09-03 15:00:00,no
1852,1682,3945,Do I need prior knowledge of BigQuery before joining?,2025-10-18 16:00:00,no
1853,2307,1471,SWOT Analysis is one of the most important skills in this mentorship.,2025-03-25 05:00:00,no
1854,2757,4524,How much experience is needed in YOLO?,2025-07-23 16:00:00,no
1855,1334,5260,Do I need prior knowledge of Financial Modeling before joining?,2025-05-07 12:00:00,no
1856,578,933,"Caching (Redis, Memcached) is one of the most important skills in this mentorship.",2025-03-14 03:00:00,no
1857,578,1193,"Strong understanding of Caching (Redis, Memcached) will help mentees succeed.",2025-03-14 09:00:00,no
1858,1174,1155,This mentorship focuses heavily on practical Trello experience.,2025-06-03 12:00:00,no
1859,1174,1685,Do I need prior knowledge of Trello before joining?,2025-06-03 08:00:00,no
1860,1205,1014,Premiere Pro is one of the most important skills in this mentorship.,2024-04-28 06:00:00,no
1861,715,1343,ETL Pipelines is one of the most important skills in this mentorship.,2025-10-10 09:00:00,no
1862,481,3166,Is Brand Identity Systems beginner friendly for this mentorship?,2025-10-03 03:00:00,no
1863,2274,3627,Can someone explain more about SQL?,2025-07-05 14:00:00,no
1864,2274,2204,Will this mentorship cover advanced SQL topics?,2025-07-05 10:00:00,yes
1865,1430,1282,Strong understanding of Figma will help mentees succeed.,2025-07-07 10:00:00,no
1866,2110,4502,Can someone explain more about GPT Models?,2025-04-09 14:00:00,no
1867,972,182,Strong understanding of Jira will help mentees succeed.,2025-10-11 12:00:00,no
1868,972,977,This mentorship focuses heavily on practical Jira experience.,2025-10-11 18:00:00,no
1869,1501,4971,Can someone explain more about Ansible?,2025-02-15 18:00:00,no
1870,2653,5141,Is Ionic beginner friendly for this mentorship?,2025-09-17 14:00:00,no
1871,2138,3084,Can someone explain more about ETL Pipelines?,2024-01-30 03:00:00,no
1872,2138,1098,ETL Pipelines is very valuable for real-world projects.,2024-01-30 18:00:00,yes
1873,1329,1054,Next.js Full Stack is one of the most important skills in this mentorship.,2025-05-24 07:00:00,no
1874,1329,2143,How much experience is needed in Next.js Full Stack?,2025-05-24 16:00:00,no
1875,1329,4103,Do I need prior knowledge of Next.js Full Stack before joining?,2025-05-24 09:00:00,no
1876,3152,2143,Do I need prior knowledge of Tailwind CSS before joining?,2025-07-26 17:00:00,no
1877,1853,3344,Is Tailwind CSS beginner friendly for this mentorship?,2025-10-15 10:00:00,no
1878,3195,2985,Do I need prior knowledge of Django + React before joining?,2025-09-22 01:00:00,no
1879,3195,4716,Can someone explain more about Django + React?,2025-09-22 07:00:00,no
1880,927,4753,Do I need prior knowledge of Next.js Full Stack before joining?,2025-07-11 09:00:00,no
1881,2432,2643,Is SQL beginner friendly for this mentorship?,2025-01-10 03:00:00,yes
1882,2432,1681,How much experience is needed in SQL?,2025-01-10 13:00:00,no
1883,2776,1028,Android (Kotlin) is very valuable for real-world projects.,2025-05-03 18:00:00,no
1884,1707,398,OKRs is very valuable for real-world projects.,2025-07-22 16:00:00,no
1885,1992,2548,How much experience is needed in Xamarin?,2024-08-30 04:00:00,no
1886,178,579,Mentees should spend extra time practicing Notion.,2025-09-06 01:00:00,yes
1887,2709,4007,Do I need prior knowledge of Vue.js before joining?,2025-05-15 09:00:00,no
1888,1702,4708,Is Spring Boot beginner friendly for this mentorship?,2025-02-26 12:00:00,no
1889,1702,2137,How much experience is needed in Spring Boot?,2025-02-26 01:00:00,no
1890,1702,1415,This mentorship focuses heavily on practical Spring Boot experience.,2025-02-26 05:00:00,no
1891,362,462,Career Planning Models is very valuable for real-world projects.,2025-07-13 07:00:00,no
1892,2456,72,Mentees should spend extra time practicing Bootstrap.,2024-09-26 07:00:00,no
1893,2456,4792,Do I need prior knowledge of Bootstrap before joining?,2024-09-26 09:00:00,no
1894,590,4852,Do I need prior knowledge of Terraform before joining?,2024-11-08 04:00:00,yes
1895,113,2023,How much experience is needed in CNNs?,2025-10-13 13:00:00,no
1896,113,1472,This mentorship focuses heavily on practical CNNs experience.,2025-10-13 11:00:00,no
1897,113,4471,Is CNNs beginner friendly for this mentorship?,2025-10-13 10:00:00,no
1898,1423,1737,Can someone explain more about GitLab CI?,2024-08-03 12:00:00,no
1899,1335,5440,Is Notion beginner friendly for this mentorship?,2025-05-16 02:00:00,yes
1900,2449,4434,Will this mentorship cover advanced Matplotlib topics?,2025-04-25 14:00:00,no
1901,167,2,This mentorship focuses heavily on practical Jupyter Notebook experience.,2025-08-06 07:00:00,yes
1902,430,3291,How much experience is needed in Market Research Tools?,2025-08-25 04:00:00,yes
1903,1924,2703,How much experience is needed in Next.js Full Stack?,2025-10-09 02:00:00,no
1904,2575,684,Premiere Pro is very valuable for real-world projects.,2025-09-09 18:00:00,yes
1905,568,5376,Can someone explain more about Laravel?,2024-11-21 12:00:00,no
1906,124,1999,How much experience is needed in Interview Preparation Frameworks?,2025-10-18 05:00:00,no
1907,3069,4647,Do I need prior knowledge of Zeplin before joining?,2025-09-02 08:00:00,no
1908,263,3487,Will this mentorship cover advanced Asana topics?,2025-10-13 12:00:00,no
1909,1392,864,Kubernetes is very valuable for real-world projects.,2025-03-31 18:00:00,no
1910,2315,2501,Will this mentorship cover advanced Docker topics?,2025-08-02 14:00:00,no
1911,1935,1736,Is Snowflake beginner friendly for this mentorship?,2025-06-20 12:00:00,yes
1912,351,1216,GPT Models is very valuable for real-world projects.,2025-05-16 09:00:00,yes
1913,2029,4509,Do I need prior knowledge of MERN Stack before joining?,2025-05-02 09:00:00,no
1914,703,3603,Can someone explain more about Lean Canvas?,2024-03-12 15:17:55,no
1915,450,4252,Do I need prior knowledge of Hadoop before joining?,2025-05-23 09:00:00,no
1916,471,190,Illustrator is one of the most important skills in this mentorship.,2025-03-15 04:00:00,no
1917,105,2413,Can someone explain more about OpenCV?,2025-02-17 11:00:00,no
1918,105,4425,How much experience is needed in OpenCV?,2025-02-17 09:00:00,no
1919,197,816,Mentees should spend extra time practicing SpaCy.,2025-07-02 03:00:00,no
1920,354,2951,How much experience is needed in NLTK?,2024-05-30 04:00:00,no
1921,354,83,This mentorship focuses heavily on practical NLTK experience.,2024-05-30 04:00:00,no
1922,161,5053,Is Miro beginner friendly for this mentorship?,2025-09-02 09:00:00,no
1923,812,1125,Mentees should spend extra time practicing Power BI.,2025-10-18 17:00:00,no
1924,2588,2888,Is Next.js Full Stack beginner friendly for this mentorship?,2025-06-01 08:00:00,no
1925,1659,4834,Is Nuxt.js beginner friendly for this mentorship?,2025-07-30 15:00:00,no
1926,2356,3385,Will this mentorship cover advanced Confluence topics?,2025-09-23 05:00:00,no
1927,2448,2719,Will this mentorship cover advanced Redshift topics?,2025-04-11 17:00:00,no
1928,200,2144,How much experience is needed in LinkedIn Optimization?,2025-02-09 12:00:00,no
1929,2664,3821,Is Notion beginner friendly for this mentorship?,2025-03-10 08:00:00,no
1930,1393,1143,Strong understanding of React Native will help mentees succeed.,2025-07-30 16:00:00,no
1931,1383,1277,This mentorship focuses heavily on practical Pitch Deck Tools experience.,2025-10-11 12:00:00,no
1932,888,4832,How much experience is needed in Miro?,2025-02-17 04:00:00,no
1933,1641,3363,How much experience is needed in JavaScript?,2025-03-03 14:00:00,yes
1934,1641,1915,Will this mentorship cover advanced JavaScript topics?,2025-03-03 09:00:00,no
1935,462,3267,Is Python beginner friendly for this mentorship?,2025-06-29 14:00:00,no
1936,1954,3049,Is Android (Java) beginner friendly for this mentorship?,2025-08-29 15:00:00,no
1937,1302,776,Strong understanding of FigJam will help mentees succeed.,2025-04-17 16:00:00,yes
1938,2681,5209,Can someone explain more about Terraform?,2024-11-23 06:00:00,no
1939,587,3302,Do I need prior knowledge of Azure before joining?,2025-07-27 12:00:00,no
1940,1151,1147,Strong understanding of Flask will help mentees succeed.,2025-05-10 05:00:00,no
1941,24,751,InVision is one of the most important skills in this mentorship.,2025-05-19 08:00:00,no
1942,24,13,Strong understanding of InVision will help mentees succeed.,2025-05-19 02:00:00,no
1943,182,3254,Can someone explain more about Hugging Face Transformers?,2025-05-29 08:00:00,no
1944,1270,5348,How much experience is needed in BPMN?,2025-09-19 15:00:00,no
1945,1667,4664,Can someone explain more about Apache Spark?,2025-08-30 15:00:00,no
1946,2891,3260,How much experience is needed in GitHub Actions?,2025-07-15 05:00:00,no
1947,2891,1415,GitHub Actions is very valuable for real-world projects.,2025-07-15 13:00:00,no
1948,314,150,Strong understanding of YOLO will help mentees succeed.,2025-04-12 04:00:00,no
1949,118,2788,Will this mentorship cover advanced Terraform topics?,2025-05-29 06:00:00,yes
1950,118,278,Terraform is very valuable for real-world projects.,2025-05-30 14:36:47,no
1951,2549,4603,How much experience is needed in Event-Driven Architecture?,2024-11-15 02:00:00,no
1952,2908,3288,Do I need prior knowledge of REST APIs before joining?,2024-03-16 17:00:00,no
1953,1031,176,JavaScript is very valuable for real-world projects.,2025-05-28 01:00:00,no
1954,1031,469,This mentorship focuses heavily on practical JavaScript experience.,2025-05-28 12:00:00,no
1955,3000,2270,Do I need prior knowledge of Photoshop before joining?,2025-09-22 11:00:00,no
1956,2259,3711,Do I need prior knowledge of Career Planning Models before joining?,2025-08-03 01:00:00,no
1957,2308,1105,Strong understanding of PyTorch will help mentees succeed.,2025-08-16 13:00:00,no
1958,942,3405,Can someone explain more about Snowflake?,2025-10-13 17:00:00,no
1959,1398,5166,Will this mentorship cover advanced InVision topics?,2024-03-24 12:00:00,yes
1960,2502,3802,How much experience is needed in Design Patterns?,2025-08-24 07:00:00,no
1961,355,2041,Can someone explain more about GitHub Actions?,2024-07-10 08:00:00,no
1962,2240,863,Mentees should spend extra time practicing Notion.,2025-07-12 12:00:00,no
1963,411,219,This mentorship focuses heavily on practical Vue.js experience.,2025-01-29 16:00:00,no
1964,1402,3572,How much experience is needed in Pitch Deck Tools?,2025-05-08 13:00:00,no
1965,2747,4530,Will this mentorship cover advanced iOS (Swift) topics?,2025-06-26 02:00:00,no
1966,2747,4157,How much experience is needed in iOS (Swift)?,2025-06-26 09:00:00,no
1967,2747,1206,Strong understanding of iOS (Swift) will help mentees succeed.,2025-06-26 05:00:00,no
1968,1535,3546,How much experience is needed in React?,2025-08-10 07:00:00,no
1969,1678,2211,Do I need prior knowledge of Pandas before joining?,2025-09-12 12:00:00,no
1970,1559,4633,Is Market Research Tools beginner friendly for this mentorship?,2025-04-05 07:00:00,no
1971,1559,3990,How much experience is needed in Market Research Tools?,2025-04-05 09:00:00,no
1972,2810,5125,Will this mentorship cover advanced Matplotlib topics?,2025-05-29 15:00:00,no
1973,1397,4245,Is Snowflake beginner friendly for this mentorship?,2025-10-19 01:00:00,no
1974,584,1938,How much experience is needed in Kafka?,2025-08-22 16:00:00,no
1975,221,2457,Do I need prior knowledge of Logo Design Tools before joining?,2024-03-28 17:00:00,no
1976,1960,3086,Do I need prior knowledge of SASS / SCSS before joining?,2025-07-07 11:00:00,no
1977,1960,2504,How much experience is needed in SASS / SCSS?,2025-07-07 17:00:00,no
1978,2807,1368,Matplotlib is very valuable for real-world projects.,2025-03-22 11:00:00,no
1979,1878,4909,Can someone explain more about Trello?,2024-08-17 01:00:00,no
1980,2400,2719,Can someone explain more about Redshift?,2024-01-19 05:00:00,no
1981,1499,87,Mentees should spend extra time practicing Machine Learning Libraries.,2025-03-14 13:00:00,no
1982,2941,5100,Will this mentorship cover advanced Cinema 4D topics?,2025-08-25 16:00:00,no
1983,1709,4217,How much experience is needed in Microservices Architecture?,2025-04-09 12:00:00,no
1984,36,4464,How much experience is needed in Flutter?,2024-01-10 14:00:00,no
1985,143,2134,Is ClickUp beginner friendly for this mentorship?,2025-08-13 18:00:00,no
1986,116,1737,How much experience is needed in After Effects?,2025-09-13 18:00:00,no
1987,1048,1404,Strong understanding of Next.js Full Stack will help mentees succeed.,2025-03-01 04:00:00,no
1988,2311,3740,Is Next.js beginner friendly for this mentorship?,2025-07-18 15:00:00,no
1989,1726,4116,Is SQL beginner friendly for this mentorship?,2025-10-18 13:00:00,no
1990,1726,4378,"I'm a beginner, is that okay?",2025-10-18 06:00:00,no
1991,1152,1959,Is Docker beginner friendly for this mentorship?,2025-07-15 15:00:00,yes
1992,2231,4680,How much experience is needed in Angular?,2024-04-14 06:00:00,no
1993,2276,2247,Can someone explain more about HTML?,2024-11-05 01:00:00,no
1994,689,1384,Mentees should spend extra time practicing Premiere Pro.,2024-09-13 17:00:00,no
1995,2153,1720,Will this mentorship cover advanced Seaborn topics?,2025-02-15 07:00:00,no
1996,2561,556,This mentorship focuses heavily on practical Event-Driven Architecture experience.,2025-08-21 04:00:00,no
1997,946,4371,Will this mentorship cover advanced NumPy topics?,2025-05-11 11:00:00,no
1998,2392,4198,Is Jupyter Notebook beginner friendly for this mentorship?,2025-06-16 08:00:00,no
1999,2640,4005,Do I need prior knowledge of Spring Boot before joining?,2025-02-27 07:00:00,no
2000,480,1908,Can someone explain more about Resume Review Tools?,2025-08-14 03:00:00,no
2001,1360,3724,Is YOLO beginner friendly for this mentorship?,2025-05-29 12:00:00,no
2002,534,4802,Can someone explain more about Django + React?,2024-09-27 08:00:00,yes
2003,350,3138,Can someone explain more about Adobe XD?,2025-04-10 17:00:00,no
2004,679,2067,Do I need prior knowledge of Node.js before joining?,2024-12-24 13:00:00,no
2005,2855,4285,Can someone explain more about Snowflake?,2024-07-02 05:00:00,yes
2006,2676,3736,Do I need prior knowledge of MERN Stack before joining?,2025-06-04 17:00:00,no
2007,798,5458,Can someone explain more about Illustrator?,2025-09-04 08:00:00,no
2008,1958,3555,How much experience is needed in Flutter?,2025-10-02 06:00:00,no
2009,1976,1991,Can someone explain more about Matplotlib?,2025-02-26 13:00:00,no
2010,2880,1098,Strong understanding of Android (Kotlin) will help mentees succeed.,2025-04-28 15:00:00,no
2011,1394,3238,Do I need prior knowledge of Tailwind CSS before joining?,2024-04-20 09:00:00,no
2012,2946,3900,Do I need prior knowledge of Next.js Full Stack before joining?,2025-06-29 10:00:00,no
2013,935,5139,How much experience is needed in Notion?,2025-01-09 02:00:00,no
2014,2182,599,Zeplin is very valuable for real-world projects.,2025-08-16 13:00:00,no
2015,383,4815,Can someone explain more about Tailwind CSS?,2025-07-18 11:00:00,no
2016,2466,4776,Can someone explain more about Interview Preparation Frameworks?,2024-08-26 04:00:00,no
2017,1438,5397,How much experience is needed in REST APIs?,2025-08-14 09:00:00,yes
2018,1438,174,Strong understanding of REST APIs will help mentees succeed.,2025-08-14 18:00:00,no
2019,2075,4481,Can someone explain more about Hugging Face Transformers?,2025-10-14 01:00:00,no
2020,2555,4338,Will this mentorship cover advanced Power BI topics?,2025-03-29 07:00:00,no
2021,1021,608,Strong understanding of CNNs will help mentees succeed.,2025-07-26 04:00:00,no
2022,2124,368,Express.js is one of the most important skills in this mentorship.,2024-09-14 01:00:00,no
2023,2124,1510,Is Express.js beginner friendly for this mentorship?,2024-09-14 15:00:00,no
2024,465,2472,How much experience is needed in Wireframing?,2025-09-22 01:00:00,no
2025,2241,2636,Is Angular beginner friendly for this mentorship?,2025-04-23 11:00:00,no
2026,1862,3526,Is Pitch Deck Tools beginner friendly for this mentorship?,2025-10-08 14:00:00,no
2027,2769,1661,Is Product Roadmaps beginner friendly for this mentorship?,2024-09-17 13:00:00,no
2028,85,1372,This mentorship focuses heavily on practical Zeplin experience.,2025-01-25 13:00:00,no
2029,357,4598,How much experience is needed in React Native?,2024-02-26 01:00:00,no
2030,357,5120,Will this mentorship cover advanced React Native topics?,2024-02-26 04:00:00,no
2031,3107,2712,Will this mentorship cover advanced Figma topics?,2025-10-02 12:00:00,no
2032,3107,4131,Is Figma beginner friendly for this mentorship?,2025-10-02 18:00:00,no
2033,23,2986,Is Tableau beginner friendly for this mentorship?,2025-01-22 14:00:00,no
2034,725,4292,How much experience is needed in OKRs?,2024-09-05 12:00:00,no
2035,1820,5331,Will this mentorship cover advanced Python topics?,2024-12-02 04:00:00,no
2036,1880,4224,Can someone explain more about Keras?,2024-11-29 11:00:00,no
2037,2476,2606,Do I need prior knowledge of Spring Boot before joining?,2025-01-16 15:00:00,no
2038,838,4146,Can someone explain more about Vue.js?,2024-03-05 13:00:00,no
2039,2968,2443,Can someone explain more about Financial Modeling?,2025-09-20 04:00:00,no
2040,895,3858,Will this mentorship cover advanced OpenCV topics?,2025-10-18 06:00:00,no
2041,1810,336,Interview Preparation Frameworks is very valuable for real-world projects.,2024-05-30 13:00:00,no
2042,2463,3171,Will this mentorship cover advanced Transformers topics?,2024-10-11 15:00:00,no
2043,1916,3006,How much experience is needed in Cinema 4D?,2024-12-19 14:00:00,no
2044,1680,398,MERN Stack is very valuable for real-world projects.,2025-08-27 05:00:00,no
2045,2619,1193,Strong understanding of Canva will help mentees succeed.,2025-08-07 16:00:00,no
2046,903,679,Strong understanding of Financial Modeling will help mentees succeed.,2024-11-13 03:00:00,no
2047,2618,2352,Do I need prior knowledge of Python before joining?,2025-03-28 08:00:00,yes
2048,1655,5383,Do I need prior knowledge of CatBoost before joining?,2024-06-18 04:00:00,no
2049,1655,1233,CatBoost is one of the most important skills in this mentorship.,2024-06-18 16:00:00,no
2050,2042,270,Laravel is one of the most important skills in this mentorship.,2025-08-09 02:00:00,no
2051,1502,559,Scikit-learn is one of the most important skills in this mentorship.,2025-02-27 03:00:00,no
2052,3184,4029,Will this mentorship cover advanced Terraform topics?,2025-05-07 01:00:00,no
2053,2587,123,Strong understanding of High Level Design (HLD) will help mentees succeed.,2024-11-20 07:00:00,no
2054,1160,2873,Can someone explain more about PyTorch?,2024-10-31 12:00:00,no
2055,1629,599,Mentees should spend extra time practicing Business Model Canvas.,2025-05-17 11:00:00,no
2056,438,177,Brand Identity Systems is very valuable for real-world projects.,2025-10-14 05:00:00,no
2057,734,3901,Can someone explain more about Jupyter Notebook?,2025-08-06 05:00:00,no
2058,524,2847,Do I need prior knowledge of Keras before joining?,2025-09-27 04:00:00,no
2059,2621,799,Strong understanding of REST Architecture will help mentees succeed.,2025-08-23 15:00:00,no
2060,1556,4076,Will this mentorship cover advanced Apache Airflow topics?,2025-09-04 07:00:00,no
2061,3108,3061,Will this mentorship cover advanced XGBoost topics?,2025-10-13 16:00:00,yes
2062,3108,55,Strong understanding of XGBoost will help mentees succeed.,2025-10-13 07:00:00,no
2063,442,4464,Can someone explain more about Hugging Face Transformers?,2025-04-20 10:00:00,yes
2064,27,526,Ansible is very valuable for real-world projects.,2024-11-22 14:00:00,yes
2065,2328,2000,Do I need prior knowledge of Hugging Face Transformers before joining?,2025-07-11 11:00:00,no
2066,694,1746,How much experience is needed in Keras?,2025-04-21 11:00:00,no
2067,347,3202,Do I need prior knowledge of Laravel before joining?,2024-08-21 06:00:00,no
2068,347,4926,Do you accept mentees from different time zones?,2024-08-21 12:00:00,no
2069,1463,172,This mentorship focuses heavily on practical RNNs experience.,2025-09-24 16:00:00,yes
2070,3067,3088,Is SASS / SCSS beginner friendly for this mentorship?,2025-05-07 18:00:00,no
2071,3067,360,Strong understanding of SASS / SCSS will help mentees succeed.,2025-05-07 11:00:00,no
2072,2859,3371,Do I need prior knowledge of MEAN Stack before joining?,2025-02-06 01:00:00,yes
2073,3199,1846,Can someone explain more about CI/CD Pipelines?,2025-05-06 14:00:00,no
2074,1254,653,Mentees should spend extra time practicing Django.,2025-02-17 14:00:00,no
2075,1154,3058,How much experience is needed in BPMN?,2024-10-24 03:00:00,no
2076,657,73,Strong understanding of RNNs will help mentees succeed.,2024-11-21 08:00:00,no
2077,434,5109,Will this mentorship cover advanced MERN Stack topics?,2025-05-28 07:00:00,yes
2078,1064,440,Strong understanding of Flutter will help mentees succeed.,2025-04-11 10:00:00,no
2079,2380,3715,Can someone explain more about Power BI?,2025-10-01 10:00:00,no
2080,2353,1951,Will this mentorship cover advanced SASS / SCSS topics?,2025-07-01 08:00:00,no
2081,3140,1107,Mentees should spend extra time practicing LightGBM.,2025-09-28 14:00:00,no
2082,3140,4917,Is LightGBM beginner friendly for this mentorship?,2025-09-28 07:00:00,no
2083,3140,2374,Can we customize the learning plan?,2025-09-28 12:00:00,no
2084,1651,1201,Strong understanding of iOS (Swift) will help mentees succeed.,2025-10-04 14:00:00,no
2085,1651,1450,This mentorship focuses heavily on practical iOS (Swift) experience.,2025-10-04 09:00:00,no
2086,1946,766,Mentees should spend extra time practicing HTML.,2025-08-17 17:00:00,yes
2087,1946,2725,How much experience is needed in HTML?,2025-08-17 14:00:00,no
2088,774,2853,Do I need prior knowledge of GraphQL before joining?,2024-05-14 16:00:00,no
2089,774,5104,Is GraphQL beginner friendly for this mentorship?,2024-05-14 05:00:00,no
2090,106,35,This mentorship focuses heavily on practical Asana experience.,2025-08-20 10:00:00,no
2091,2113,5053,Do I need prior knowledge of Kubernetes before joining?,2025-08-20 12:00:00,yes
2092,1747,2849,Can someone explain more about NLTK?,2025-10-19 15:00:00,no
2093,1747,2220,How much experience is needed in NLTK?,2025-10-19 07:00:00,no
2094,1017,3073,Is JavaScript beginner friendly for this mentorship?,2025-02-09 18:00:00,no
2095,71,3444,Can someone explain more about InDesign?,2024-07-14 04:00:00,no
2096,2396,147,MediaPipe is very valuable for real-world projects.,2025-08-03 04:00:00,no
2097,20,542,Mentees should spend extra time practicing SQL.,2025-02-10 16:00:00,no
2098,1457,1065,Django + React is very valuable for real-world projects.,2025-10-07 09:00:00,no
2099,1457,3977,Is Django + React beginner friendly for this mentorship?,2025-10-07 15:00:00,no
2100,1457,1145,Mentees should spend extra time practicing Django + React.,2025-10-07 05:00:00,no
2101,2735,701,GPT Models is one of the most important skills in this mentorship.,2025-03-08 09:00:00,yes
2102,747,1366,BERT is very valuable for real-world projects.,2025-04-24 17:00:00,no
2103,1620,3571,How much experience is needed in Miro?,2025-09-14 10:00:00,no
2104,1269,5117,Is JavaScript beginner friendly for this mentorship?,2025-05-15 05:00:00,no
2105,1281,836,Transformers is one of the most important skills in this mentorship.,2025-09-30 06:00:00,no
2106,1971,4591,How much experience is needed in Redshift?,2025-05-16 09:00:00,no
2107,1132,4935,How much experience is needed in Scalability & Load Balancing?,2025-10-18 05:00:00,no
2108,2724,5375,How much experience is needed in Blender?,2025-05-07 12:00:00,no
2109,3041,5388,Is Nuxt.js beginner friendly for this mentorship?,2025-10-20 05:00:00,no
2110,2727,855,Mentees should spend extra time practicing Design Patterns.,2025-10-20 18:00:00,no
2111,1844,2895,Can someone explain more about After Effects?,2025-08-18 09:00:00,no
2112,855,3157,Can someone explain more about Machine Learning Libraries?,2025-04-26 17:00:00,no
2113,162,1589,"Can someone explain more about Message Queues (Kafka, RabbitMQ)?",2025-09-22 13:00:00,no
2114,162,2316,"Is Message Queues (Kafka, RabbitMQ) beginner friendly for this mentorship?",2025-09-22 04:00:00,no
2115,162,228,"This mentorship focuses heavily on practical Message Queues (Kafka, RabbitMQ) experience.",2025-09-22 15:00:00,yes
2116,466,864,This mentorship focuses heavily on practical LinkedIn Optimization experience.,2025-10-06 18:00:00,no
2117,2363,4288,Is CSS beginner friendly for this mentorship?,2025-06-25 11:00:00,no
2118,758,2811,Do I need prior knowledge of FigJam before joining?,2025-05-23 02:00:00,yes
2119,510,5139,How much experience is needed in REST Architecture?,2024-09-25 01:00:00,no
2120,1965,4184,How much experience is needed in SASS / SCSS?,2025-09-03 14:00:00,no
2121,1965,4184,Do I need prior knowledge of SASS / SCSS before joining?,2025-09-03 18:00:00,no
2122,904,1766,Do I need prior knowledge of Scikit-learn before joining?,2025-08-12 11:00:00,no
2123,339,2013,Can someone explain more about Apache Airflow?,2025-06-26 09:00:00,no
2124,2625,5184,Do I need prior knowledge of Financial Modeling before joining?,2025-10-16 15:00:00,no
2125,2289,2198,Can someone explain more about Flask?,2024-09-07 12:00:00,no
2126,3014,2334,Can someone explain more about Figma?,2025-05-31 11:00:00,no
2127,1321,385,This mentorship focuses heavily on practical NestJS experience.,2025-04-30 15:00:00,no
2128,1321,2465,Do I need prior knowledge of NestJS before joining?,2025-04-30 11:00:00,yes
2129,1321,2446,Is NestJS beginner friendly for this mentorship?,2025-04-30 15:00:00,no
2130,2286,2198,How much experience is needed in PyTorch?,2025-08-13 08:00:00,no
2131,1006,2296,Do I need prior knowledge of Flutter before joining?,2025-06-05 10:00:00,no
2132,317,1842,Will this mentorship cover advanced Django + React topics?,2025-09-21 07:00:00,no
2133,2086,930,Strong understanding of Photoshop will help mentees succeed.,2025-06-20 13:00:00,no
2134,392,4590,Will this mentorship cover advanced AWS topics?,2025-09-21 16:00:00,no
2135,2726,77,After Effects is very valuable for real-world projects.,2025-10-13 04:00:00,no
2136,486,866,Mentees should spend extra time practicing Tailwind CSS.,2025-09-05 09:00:00,no
2137,1777,836,Mentees should spend extra time practicing Azure.,2024-05-28 11:00:00,no
2138,1429,1979,Do I need prior knowledge of Zeplin before joining?,2025-10-09 01:00:00,no
2139,1685,5138,How much experience is needed in AWS?,2025-07-09 15:00:00,no
2140,1407,189,Zeplin is very valuable for real-world projects.,2025-07-02 08:00:00,no
2141,773,1636,Can someone explain more about HTML?,2025-09-20 04:00:00,no
2142,2426,2282,How much experience is needed in React?,2025-09-30 15:00:00,no
2143,613,1190,Mentees should spend extra time practicing High Level Design (HLD).,2024-05-04 12:00:00,no
2144,1476,852,TypeScript is one of the most important skills in this mentorship.,2025-02-27 17:00:00,no
2145,3163,5120,Can someone explain more about Business Model Canvas?,2025-10-07 03:00:00,no
2146,2224,90,Mentees should spend extra time practicing High Level Design (HLD).,2025-07-10 09:00:00,no
2147,173,4124,How much experience is needed in Keras?,2024-12-01 09:00:00,no
2148,495,2308,Can someone explain more about LightGBM?,2024-08-18 15:00:00,no
2149,495,3347,Is LightGBM beginner friendly for this mentorship?,2024-08-18 09:00:00,no
2150,2644,1254,Mentees should spend extra time practicing Cinema 4D.,2025-10-04 14:00:00,no
2151,370,4688,Can someone explain more about Financial Modeling?,2025-06-20 07:00:00,no
2152,2160,3862,Is Interview Preparation Frameworks beginner friendly for this mentorship?,2025-10-15 16:00:00,no
2153,414,2813,How much experience is needed in React Native?,2025-10-03 08:00:00,no
2154,1573,1963,Do I need prior knowledge of CNNs before joining?,2025-04-26 04:00:00,no
2155,2236,1311,This mentorship focuses heavily on practical CSS experience.,2025-09-24 13:00:00,no
2156,2236,401,CSS is very valuable for real-world projects.,2025-09-24 05:00:00,no
2157,2745,4700,Do I need prior knowledge of Snowflake before joining?,2025-07-02 11:00:00,no
2158,1063,5214,Will this mentorship cover advanced Zeplin topics?,2024-09-16 16:00:00,yes
2159,72,938,This mentorship focuses heavily on practical Resume Review Tools experience.,2025-05-24 13:00:00,no
2160,2128,830,LinkedIn Optimization is very valuable for real-world projects.,2025-07-16 08:00:00,no
2161,2128,4071,How much experience is needed in LinkedIn Optimization?,2025-07-16 18:00:00,no
2162,1604,4994,Will this mentorship cover advanced Asana topics?,2025-05-27 03:00:00,no
2163,2538,3970,Is ETL Pipelines beginner friendly for this mentorship?,2025-10-15 01:00:00,no
2164,677,5008,Will this mentorship cover advanced Django topics?,2025-03-09 14:00:00,no
2165,1424,3629,Can someone explain more about Tableau?,2024-11-17 01:00:00,no
2166,1009,4603,Do I need prior knowledge of Tailwind CSS before joining?,2025-09-23 12:00:00,no
2167,2181,1367,YOLO is very valuable for real-world projects.,2024-09-27 05:00:00,no
2168,2181,2037,Do I need prior knowledge of YOLO before joining?,2024-09-27 18:00:00,no
2169,2778,5331,How much experience is needed in Django?,2024-02-15 17:00:00,no
2170,2041,3599,Will this mentorship cover advanced BigQuery topics?,2024-12-01 18:00:00,no
2171,2041,3526,Is BigQuery beginner friendly for this mentorship?,2024-12-01 06:00:00,no
2172,3004,5332,Can someone explain more about Product Roadmaps?,2025-06-24 16:00:00,no
2173,1267,939,This mentorship focuses heavily on practical Nginx experience.,2024-11-29 16:00:00,no
2174,786,293,This mentorship focuses heavily on practical Scalability & Load Balancing experience.,2024-12-22 03:00:00,no
2175,2130,3392,Is Azure beginner friendly for this mentorship?,2025-09-02 17:00:00,no
2176,1437,3006,Is Google Sheets beginner friendly for this mentorship?,2025-09-26 16:00:00,no
2177,1437,4244,"I'm a beginner, is that okay?",2025-09-26 08:00:00,no
2178,2343,3818,Is Market Research Tools beginner friendly for this mentorship?,2025-09-29 02:00:00,no
2179,2700,2924,Can someone explain more about Azure?,2025-09-22 02:00:00,no
2180,2700,3848,Will this mentorship cover advanced Azure topics?,2025-09-22 01:00:00,no
2181,2874,4606,Is Prototyping beginner friendly for this mentorship?,2025-09-30 11:00:00,no
2182,591,4268,Can someone explain more about Pandas?,2025-03-22 16:00:00,no
2183,1980,196,Strong understanding of Angular will help mentees succeed.,2025-06-19 04:00:00,no
2184,1980,1439,Angular is one of the most important skills in this mentorship.,2025-06-19 07:00:00,no
2185,1460,3857,Can someone explain more about GitHub Actions?,2024-11-13 04:00:00,no
2186,1460,2500,Will this mentorship cover advanced GitHub Actions topics?,2024-11-13 01:00:00,no
2187,1508,2620,Is Cinema 4D beginner friendly for this mentorship?,2025-09-29 05:00:00,no
2188,2695,3742,Is JavaScript beginner friendly for this mentorship?,2024-09-22 05:00:00,no
2189,504,663,This mentorship focuses heavily on practical FigJam experience.,2025-10-08 15:00:00,yes
2190,709,4078,Is SQL beginner friendly for this mentorship?,2025-01-23 01:00:00,no
2191,1858,3549,Will this mentorship cover advanced SASS / SCSS topics?,2025-07-18 06:00:00,no
2192,1200,877,This mentorship focuses heavily on practical Trello experience.,2025-09-23 03:00:00,no
2193,3135,5143,Can someone explain more about Node.js?,2025-06-20 06:00:00,no
2194,1637,2320,Is Tableau beginner friendly for this mentorship?,2025-10-07 14:00:00,no
2195,1688,897,This mentorship focuses heavily on practical Illustrator experience.,2025-10-01 04:00:00,no
2196,960,2540,Is Bootstrap beginner friendly for this mentorship?,2025-06-13 15:00:00,no
2197,404,5475,Will this mentorship cover advanced Redshift topics?,2025-04-22 16:00:00,no
2198,1223,4831,Is TypeScript beginner friendly for this mentorship?,2025-03-25 14:00:00,no
2199,1395,2511,How much experience is needed in Apache Airflow?,2024-04-29 14:00:00,no
2200,448,5036,Do I need prior knowledge of OKRs before joining?,2024-10-11 01:00:00,no
2201,1062,5008,Will this mentorship cover advanced Hadoop topics?,2025-08-16 02:00:00,no
2202,2072,454,Mentees should spend extra time practicing Wireframing.,2025-09-23 16:00:00,no
2203,2072,4865,How much experience is needed in Wireframing?,2025-09-23 07:00:00,no
2204,3042,1945,How much experience is needed in REST APIs?,2025-10-14 12:00:00,yes
2205,2149,4229,Will this mentorship cover advanced BERT topics?,2025-03-09 02:00:00,no
2206,1553,1339,Mentees should spend extra time practicing GraphQL.,2025-06-22 10:00:00,yes
2207,1287,3462,Can someone explain more about Matplotlib?,2025-05-19 15:00:00,no
2208,3102,5480,Do I need prior knowledge of Kubernetes before joining?,2025-05-23 03:00:00,no
2209,2737,710,This mentorship focuses heavily on practical User Journey Mapping experience.,2025-07-11 18:00:00,no
2210,592,4515,Do I need prior knowledge of AWS before joining?,2025-05-28 09:00:00,no
2211,1479,2369,How much experience is needed in RNNs?,2024-12-09 18:00:00,no
2212,352,1039,R is very valuable for real-world projects.,2024-03-14 08:00:00,no
2213,352,5002,How much experience is needed in R?,2024-03-14 15:00:00,no
2214,158,114,Business Model Canvas is one of the most important skills in this mentorship.,2025-03-12 06:00:00,no
2215,158,803,Business Model Canvas is very valuable for real-world projects.,2025-03-12 17:00:00,no
2216,2287,1097,Strong understanding of Resume Review Tools will help mentees succeed.,2025-08-30 06:00:00,no
2217,140,2689,Is NumPy beginner friendly for this mentorship?,2024-03-14 02:00:00,no
2218,3113,135,This mentorship focuses heavily on practical NLTK experience.,2025-01-06 11:00:00,no
2219,2397,645,This mentorship focuses heavily on practical Monday.com experience.,2025-08-25 12:00:00,no
2220,2397,339,Monday.com is one of the most important skills in this mentorship.,2025-08-25 07:00:00,no
2221,19,4233,Is Express.js beginner friendly for this mentorship?,2025-05-27 07:00:00,no
2222,849,5323,Can someone explain more about MERN Stack?,2024-07-13 02:00:00,no
2223,849,2902,Is MERN Stack beginner friendly for this mentorship?,2024-07-13 06:00:00,yes
2224,2678,3199,Is Trello beginner friendly for this mentorship?,2025-07-12 02:00:00,no
2225,1630,2967,Can someone explain more about JavaScript?,2025-01-17 06:00:00,no
2226,292,3130,How much experience is needed in CatBoost?,2025-07-15 03:00:00,no
2227,292,3025,Is CatBoost beginner friendly for this mentorship?,2025-07-15 16:00:00,no
2228,1112,1415,React Native is one of the most important skills in this mentorship.,2025-09-22 01:00:00,yes
2229,2992,1484,User Journey Mapping is very valuable for real-world projects.,2023-12-20 12:00:00,no
2230,2992,5138,Do I need prior knowledge of User Journey Mapping before joining?,2023-12-20 07:00:00,no
2231,2992,3546,"Thanks for offering this, it means a lot!",2023-12-20 12:00:00,no
2232,433,2138,Will this mentorship cover advanced Ansible topics?,2025-02-12 14:00:00,no
2233,1611,2083,Will this mentorship cover advanced Scikit-learn topics?,2025-04-14 16:00:00,yes
2234,1611,3301,How much experience is needed in Scikit-learn?,2025-04-14 03:00:00,yes
2235,1939,1433,Strong understanding of SASS / SCSS will help mentees succeed.,2024-03-17 12:00:00,no
2236,1939,1439,SASS / SCSS is one of the most important skills in this mentorship.,2024-03-17 02:00:00,no
2237,1802,1318,Strong understanding of JavaScript will help mentees succeed.,2025-08-14 05:00:00,no
2238,1557,2571,Will this mentorship cover advanced Prototyping topics?,2024-10-10 15:00:00,yes
2239,2921,3159,Do I need prior knowledge of Sketch before joining?,2025-09-21 10:00:00,no
2240,2134,2960,Will this mentorship cover advanced CSS topics?,2024-04-17 14:00:00,no
2241,978,4753,Can someone explain more about CNNs?,2024-12-28 06:00:00,no
2242,2568,1114,Mentees should spend extra time practicing Android (Java).,2025-07-06 05:00:00,no
2243,2568,2156,Can someone explain more about Android (Java)?,2025-07-06 01:00:00,no
2244,2346,4452,Can someone explain more about MediaPipe?,2025-04-19 18:00:00,no
2245,1047,2597,Will this mentorship cover advanced Adobe XD topics?,2024-11-30 09:00:00,no
2246,2497,4131,Can someone explain more about Snowflake?,2024-10-24 13:00:00,no
2247,1050,2886,Can someone explain more about High Level Design (HLD)?,2024-02-21 04:00:00,no
2248,1050,4987,"Bookmarked this, will apply soon!",2024-02-21 15:00:00,no
2249,1766,4772,How much experience is needed in MERN Stack?,2025-07-28 13:00:00,no
2250,1444,932,This mentorship focuses heavily on practical SpaCy experience.,2025-08-02 07:00:00,no
2251,1444,4424,How much experience is needed in SpaCy?,2025-08-02 15:00:00,no
2252,229,2039,How much experience is needed in SASS / SCSS?,2025-08-09 03:00:00,no
2253,2599,1402,Strong understanding of TypeScript will help mentees succeed.,2024-12-23 03:00:00,no
2254,234,906,Snowflake is very valuable for real-world projects.,2024-04-16 05:00:00,no
2255,637,485,Strong understanding of Apache Spark will help mentees succeed.,2025-02-15 08:00:00,no
2256,1361,470,Strong understanding of Nuxt.js will help mentees succeed.,2025-07-21 11:00:00,no
2257,2668,1970,Is NestJS beginner friendly for this mentorship?,2025-06-15 10:00:00,no
2258,1462,3742,Will this mentorship cover advanced Power BI topics?,2025-08-24 13:00:00,no
2259,2337,835,Strong understanding of Jenkins will help mentees succeed.,2025-01-26 18:00:00,no
2260,1886,3501,Will this mentorship cover advanced Redshift topics?,2025-08-18 08:00:00,yes
2261,2006,461,Strong understanding of GraphQL will help mentees succeed.,2025-02-06 13:00:00,no
2262,1218,2418,How much experience is needed in Financial Modeling?,2025-02-13 02:00:00,no
2263,1218,403,This mentorship focuses heavily on practical Financial Modeling experience.,2025-02-13 15:00:00,no
2264,2064,596,This mentorship focuses heavily on practical Flask experience.,2024-10-10 05:00:00,no
2265,1421,861,MERN Stack is one of the most important skills in this mentorship.,2024-05-29 14:00:00,no
2266,2419,3968,Is Machine Learning Libraries beginner friendly for this mentorship?,2024-01-05 01:00:00,no
2267,1336,5033,Will this mentorship cover advanced Asana topics?,2025-06-07 08:00:00,yes
2268,2410,1530,Will this mentorship cover advanced Jupyter Notebook topics?,2025-04-03 01:00:00,no
2269,2410,839,Jupyter Notebook is one of the most important skills in this mentorship.,2025-04-07 10:05:53,no
2270,929,3434,Do I need prior knowledge of Ansible before joining?,2025-08-10 15:00:00,no
2271,444,2672,Do I need prior knowledge of FigJam before joining?,2025-08-23 02:00:00,no
2272,468,570,GitLab CI is very valuable for real-world projects.,2025-10-03 13:00:00,no
2273,3194,4839,Is BERT beginner friendly for this mentorship?,2025-09-18 01:00:00,yes
2274,1484,747,This mentorship focuses heavily on practical React experience.,2025-07-23 09:00:00,no
2275,187,4722,Is Next.js Full Stack beginner friendly for this mentorship?,2025-04-24 01:00:00,no
2276,2170,271,This mentorship focuses heavily on practical Spring Boot experience.,2024-12-16 03:00:00,no
2277,50,4912,Can someone explain more about Angular?,2025-04-05 18:00:00,yes
2278,2189,1298,Mentees should spend extra time practicing Wireframing.,2025-02-28 10:00:00,no
2279,915,968,Strong understanding of SQL will help mentees succeed.,2024-07-30 02:00:00,no
2280,1416,4713,Will this mentorship cover advanced Spring Boot topics?,2025-08-13 06:00:00,no
2281,759,1195,Strong understanding of Seaborn will help mentees succeed.,2025-06-14 12:00:00,no
2282,2710,1511,Is Premiere Pro beginner friendly for this mentorship?,2025-08-13 14:00:00,no
2283,817,2588,How much experience is needed in Excel?,2025-03-04 07:00:00,no
2284,2940,823,OpenCV is one of the most important skills in this mentorship.,2025-07-23 05:00:00,yes
2285,2655,2664,Is Design Patterns beginner friendly for this mentorship?,2024-05-25 17:00:00,no
2286,2655,1952,Can someone explain more about Design Patterns?,2024-05-25 06:00:00,no
2287,1964,1654,Do I need prior knowledge of BERT before joining?,2025-08-01 06:00:00,no
2288,727,3850,Is Hugging Face Transformers beginner friendly for this mentorship?,2025-05-11 03:00:00,no
2289,727,3334,Do I need prior knowledge of Hugging Face Transformers before joining?,2025-05-11 06:00:00,no
2290,2659,778,Strong understanding of Laravel will help mentees succeed.,2024-09-12 10:00:00,no
2291,2291,1782,Do I need prior knowledge of Sketch before joining?,2025-05-19 13:00:00,no
2292,2339,902,Strong understanding of GraphQL will help mentees succeed.,2025-08-08 08:00:00,no
2293,660,3932,Can someone explain more about LinkedIn Optimization?,2025-08-05 07:00:00,no
2294,660,1253,This mentorship focuses heavily on practical LinkedIn Optimization experience.,2025-08-05 04:00:00,no
2295,2094,4405,Can someone explain more about Tableau?,2025-10-01 11:00:00,no
2296,2180,2533,Is Apache Spark beginner friendly for this mentorship?,2024-09-06 05:00:00,no
2297,701,1300,Strong understanding of NumPy will help mentees succeed.,2025-07-23 13:00:00,no
2298,701,364,NumPy is very valuable for real-world projects.,2025-07-23 17:00:00,no
2299,701,1858,Will this mentorship cover advanced NumPy topics?,2025-07-23 10:00:00,no
2300,780,4540,Is MediaPipe beginner friendly for this mentorship?,2025-04-04 12:00:00,no
2301,1466,4273,Do I need prior knowledge of React before joining?,2025-10-11 03:00:00,no
2302,2765,4370,Can someone explain more about Blender?,2025-09-28 09:00:00,no
2303,1532,3174,Is User Journey Mapping beginner friendly for this mentorship?,2025-02-04 01:00:00,yes
2304,2460,5243,How much experience is needed in High Level Design (HLD)?,2024-08-10 14:00:00,no
2305,1867,2512,How much experience is needed in InVision?,2024-03-07 04:00:00,no
2306,1867,5348,Is InVision beginner friendly for this mentorship?,2024-03-07 16:00:00,no
2307,1867,4146,Can someone explain more about InVision?,2024-03-07 11:00:00,no
2308,1024,3492,How much experience is needed in Figma?,2024-11-17 18:00:00,yes
2309,1024,4918,Will we have access to any premium resources?,2024-11-17 10:00:00,no
2310,1812,3160,Do I need prior knowledge of GraphQL before joining?,2025-08-01 01:00:00,no
2311,2294,2471,How much experience is needed in BERT?,2025-04-14 05:00:00,no
2312,692,4979,Can someone explain more about GitHub Actions?,2025-05-07 06:00:00,no
2313,73,1964,Do I need prior knowledge of Python before joining?,2025-08-19 13:00:00,no
2314,1056,2217,How much experience is needed in Next.js?,2025-10-02 14:00:00,no
2315,3020,5029,Is Miro beginner friendly for this mentorship?,2025-10-08 02:00:00,no
2316,575,5390,How much experience is needed in Event-Driven Architecture?,2024-08-23 02:00:00,no
2317,575,670,Strong understanding of Event-Driven Architecture will help mentees succeed.,2024-08-23 03:00:00,no
2318,938,190,This mentorship focuses heavily on practical Transformers experience.,2024-12-21 13:00:00,yes
2319,2058,127,Hadoop is one of the most important skills in this mentorship.,2025-10-05 05:00:00,no
2320,806,1965,Can someone explain more about Illustrator?,2025-06-18 01:00:00,no
2321,82,4500,How much experience is needed in CI/CD Pipelines?,2025-09-16 17:00:00,no
2322,732,4744,Do I need prior knowledge of Event-Driven Architecture before joining?,2025-08-08 12:00:00,no
2323,732,1070,Strong understanding of Event-Driven Architecture will help mentees succeed.,2025-08-08 05:00:00,no
2324,3182,3703,How much experience is needed in LightGBM?,2025-03-09 10:00:00,no
2325,1387,471,Mentees should spend extra time practicing Spring Boot.,2025-03-29 08:00:00,yes
2326,2583,4029,Will this mentorship cover advanced MediaPipe topics?,2025-09-16 10:00:00,no
2327,2364,4392,How much experience is needed in High Level Design (HLD)?,2025-07-12 12:00:00,no
2328,2896,395,Strong understanding of CI/CD Pipelines will help mentees succeed.,2025-09-13 13:00:00,no
2329,1188,599,Mentees should spend extra time practicing RNNs.,2025-05-18 17:00:00,no
2330,3160,2648,How much experience is needed in NumPy?,2025-09-18 07:00:00,no
2331,300,1607,Do I need prior knowledge of NestJS before joining?,2025-05-13 12:00:00,no
2332,2577,4650,Will this mentorship cover advanced CI/CD Pipelines topics?,2025-09-29 06:00:00,no
2333,2577,1208,Mentees should spend extra time practicing CI/CD Pipelines.,2025-09-29 13:00:00,no
2334,1619,1242,Android (Java) is very valuable for real-world projects.,2024-11-20 05:00:00,yes
2335,604,2081,How much experience is needed in FastAPI?,2025-01-23 16:00:00,no
2336,291,3149,Is LinkedIn Optimization beginner friendly for this mentorship?,2025-06-27 10:00:00,no
2337,2881,4880,How much experience is needed in Scikit-learn?,2025-05-24 11:00:00,no
2338,2903,2816,Can someone explain more about Express.js?,2025-09-30 12:00:00,no
2339,2903,3659,How much experience is needed in Express.js?,2025-09-30 04:00:00,no
2340,3122,2052,Do I need prior knowledge of Wireframing before joining?,2025-08-07 05:00:00,no
2341,1119,1390,Mentees should spend extra time practicing RNNs.,2025-08-04 03:00:00,no
2342,2537,1554,How much experience is needed in Scalability & Load Balancing?,2025-03-27 03:00:00,no
2343,1740,831,Jira is one of the most important skills in this mentorship.,2025-09-26 08:00:00,no
2344,708,1650,Will this mentorship cover advanced Prototyping topics?,2024-10-16 11:00:00,no
2345,2499,677,This mentorship focuses heavily on practical Trello experience.,2025-07-31 05:00:00,no
2346,2535,3905,Will this mentorship cover advanced Tableau topics?,2024-12-30 14:00:00,no
2347,2535,291,Tableau is very valuable for real-world projects.,2024-12-30 07:00:00,yes
2348,102,41,This mentorship focuses heavily on practical TypeScript experience.,2025-09-04 04:00:00,no
2349,765,3992,Is Market Research Tools beginner friendly for this mentorship?,2025-09-09 14:00:00,no
2350,1930,754,This mentorship focuses heavily on practical Lean Canvas experience.,2025-04-27 09:00:00,yes
2351,98,252,Flask is very valuable for real-world projects.,2025-08-26 08:00:00,no
2352,2679,480,Strong understanding of Low Level Design (LLD) will help mentees succeed.,2025-07-19 18:00:00,no
2353,2109,4738,Is InVision beginner friendly for this mentorship?,2025-09-25 17:00:00,no
2354,2109,3708,Will this mentorship cover advanced InVision topics?,2025-09-25 05:00:00,no
2355,242,258,This mentorship focuses heavily on practical Machine Learning Libraries experience.,2025-07-27 17:00:00,yes
2356,2593,4338,Is CNNs beginner friendly for this mentorship?,2025-08-01 06:00:00,yes
2357,2849,901,Mentees should spend extra time practicing Flask.,2025-03-14 11:00:00,no
2358,2114,509,Angular is very valuable for real-world projects.,2025-08-27 02:00:00,no
2359,614,3196,Is JavaScript beginner friendly for this mentorship?,2025-03-02 13:00:00,no
2360,2144,1248,Ansible is very valuable for real-world projects.,2025-07-18 12:00:00,no
2361,1298,3148,"Will this mentorship cover advanced Caching (Redis, Memcached) topics?",2025-09-11 05:00:00,no
2362,1399,2463,Do I need prior knowledge of FigJam before joining?,2024-07-21 03:00:00,yes
2363,297,437,Strong understanding of Scalability & Load Balancing will help mentees succeed.,2024-05-21 15:00:00,no
2364,297,5037,Can someone explain more about Scalability & Load Balancing?,2024-05-21 08:00:00,no
2365,1561,4573,Is InDesign beginner friendly for this mentorship?,2024-09-19 14:00:00,no
2366,1528,3778,Will this mentorship cover advanced Product Roadmaps topics?,2025-02-11 18:00:00,no
2367,1528,3132,Do I need prior knowledge of Product Roadmaps before joining?,2025-02-11 08:00:00,no
2368,662,3037,Will this mentorship cover advanced Brand Identity Systems topics?,2025-08-11 18:00:00,no
2369,1332,2284,Is MEAN Stack beginner friendly for this mentorship?,2024-11-09 10:00:00,no
2370,823,1478,Strong understanding of Keras will help mentees succeed.,2025-09-16 09:00:00,yes
2371,2120,622,CatBoost is one of the most important skills in this mentorship.,2025-04-25 07:00:00,no
2372,2120,2454,Will this mentorship cover advanced CatBoost topics?,2025-04-25 13:00:00,no
2373,2216,2986,Will this mentorship cover advanced Event-Driven Architecture topics?,2025-04-24 06:00:00,no
2374,1549,4748,Is Apache Airflow beginner friendly for this mentorship?,2025-07-31 15:00:00,no
2375,2045,2005,Will this mentorship cover advanced Microservices Architecture topics?,2024-08-18 05:00:00,no
2376,1949,1931,Is Excel beginner friendly for this mentorship?,2025-09-28 04:00:00,no
2377,3023,270,This mentorship focuses heavily on practical NumPy experience.,2025-06-19 08:00:00,yes
2378,1362,4737,Can someone explain more about Power BI?,2025-08-28 05:00:00,no
2379,1362,2189,Will this mentorship cover advanced Power BI topics?,2025-08-28 06:00:00,no
2380,2980,1554,Can someone explain more about BigQuery?,2024-05-17 11:00:00,no
2381,2980,2082,I've been looking for this kind of mentorship.,2024-05-14 14:09:29,yes
2382,1703,1399,Mentees should spend extra time practicing Django + React.,2025-05-28 17:00:00,yes
2383,123,3707,Will this mentorship cover advanced CNNs topics?,2025-10-17 06:00:00,no
2384,4,1067,Mentees should spend extra time practicing Kubernetes.,2025-02-26 03:00:00,no
2385,1677,3159,How much experience is needed in Flutter?,2024-06-28 09:00:00,no
2386,2986,3118,Is Flutter beginner friendly for this mentorship?,2025-10-02 10:00:00,yes
2387,2270,3294,Do I need prior knowledge of BPMN before joining?,2025-09-03 04:00:00,no
2388,1988,3819,Is InVision beginner friendly for this mentorship?,2025-09-09 18:00:00,no
2389,2662,2582,Do I need prior knowledge of TypeScript before joining?,2025-01-23 16:00:00,no
2390,2204,215,Financial Modeling is one of the most important skills in this mentorship.,2024-11-10 01:00:00,no
2391,1690,3467,Can someone explain more about Zeplin?,2025-10-13 05:00:00,no
2392,2685,4985,How much experience is needed in RNNs?,2025-10-19 11:00:00,no
2393,42,450,Strong understanding of Jira will help mentees succeed.,2025-07-22 05:00:00,no
2394,42,928,Mentees should spend extra time practicing Jira.,2025-07-22 06:00:00,no
2395,2263,5461,Can someone explain more about SQL?,2025-10-19 06:00:00,no
2396,1356,2479,Will this mentorship cover advanced .NET / ASP.NET Core topics?,2025-10-22 15:00:00,no
2397,81,1311,Blender is one of the most important skills in this mentorship.,2025-09-09 07:00:00,no
2398,2087,5387,How much experience is needed in Figma?,2025-04-18 15:00:00,no
2399,385,4722,Do I need prior knowledge of Jira before joining?,2025-10-08 16:00:00,no
2400,861,3348,Do I need prior knowledge of AWS before joining?,2025-01-19 17:50:31,no
2401,2806,1605,Is Miro beginner friendly for this mentorship?,2024-07-21 13:00:00,no
2402,2977,5002,Will this mentorship cover advanced Confluence topics?,2025-10-21 08:00:00,no
2403,2977,2320,How much experience is needed in Confluence?,2025-10-21 12:00:00,no
2404,2977,819,Confluence is very valuable for real-world projects.,2025-10-21 18:00:00,no
2405,825,3595,Can someone explain more about iOS (Swift)?,2025-10-15 14:00:00,no
2406,825,3581,"Thanks for offering this, it means a lot!",2025-10-15 07:00:00,no
2407,2478,3658,Can someone explain more about REST Architecture?,2025-02-19 12:00:00,no
2408,2834,773,Jupyter Notebook is very valuable for real-world projects.,2025-07-15 16:00:00,no
2409,953,27,Jira is very valuable for real-world projects.,2025-02-21 05:00:00,no
2410,2472,1902,How much experience is needed in InVision?,2025-10-16 18:00:00,no
2411,902,517,This mentorship focuses heavily on practical Canva experience.,2024-05-17 11:00:00,no
2412,1013,3617,How much experience is needed in BigQuery?,2024-05-19 10:00:00,no
2413,1013,733,Mentees should spend extra time practicing BigQuery.,2024-05-19 12:00:00,no
2414,2148,291,RNNs is one of the most important skills in this mentorship.,2024-11-01 14:00:00,no
2415,594,4389,Can someone explain more about Snowflake?,2024-03-28 17:00:00,no
2416,208,588,Low Level Design (LLD) is one of the most important skills in this mentorship.,2025-02-10 08:00:00,no
2417,848,890,Strong understanding of Scalability & Load Balancing will help mentees succeed.,2024-06-10 08:00:00,no
2418,2090,1694,Is Illustrator beginner friendly for this mentorship?,2025-08-06 09:00:00,no
2419,1887,3684,Can someone explain more about Zeplin?,2025-08-30 17:00:00,no
2420,3093,5265,How much experience is needed in Low Level Design (LLD)?,2024-12-07 02:00:00,no
2421,2609,2430,Will this mentorship cover advanced FigJam topics?,2025-07-09 02:00:00,no
2422,926,3319,Will this mentorship cover advanced Scalability & Load Balancing topics?,2025-05-22 01:00:00,no
2423,883,3346,Can someone explain more about Pandas?,2025-07-30 02:00:00,no
2424,1217,2083,How much experience is needed in Express.js?,2025-01-25 07:00:00,no
2425,602,3703,Will this mentorship cover advanced Scalability & Load Balancing topics?,2025-07-29 08:00:00,no
2426,870,542,ETL Pipelines is one of the most important skills in this mentorship.,2025-07-03 16:00:00,no
2427,870,668,"Great mentorship opportunity, very interested.",2025-07-03 03:00:00,no
2428,819,1783,Is Google Sheets beginner friendly for this mentorship?,2025-08-06 13:00:00,no
2429,819,1100,This mentorship focuses heavily on practical Google Sheets experience.,2025-08-06 04:00:00,no
2430,1203,2043,Can someone explain more about Asana?,2025-04-18 18:00:00,no
2431,1203,1457,Mentees should spend extra time practicing Asana.,2025-04-18 01:00:00,no
2432,1883,3392,How much experience is needed in Terraform?,2025-08-26 08:00:00,no
2433,378,2603,Can someone explain more about Tailwind CSS?,2024-07-25 13:00:00,no
2434,1231,4738,Is Android (Kotlin) beginner friendly for this mentorship?,2024-10-21 16:00:00,no
2435,576,3705,Can someone explain more about GitLab CI?,2025-02-18 08:00:00,no
2436,576,2296,Do I need prior knowledge of GitLab CI before joining?,2025-02-18 03:00:00,no
2437,2025,3625,Do I need prior knowledge of InDesign before joining?,2024-08-16 01:00:00,no
2438,2785,5115,Do I need prior knowledge of Lean Canvas before joining?,2025-07-23 17:00:00,no
2439,3060,1415,Mentees should spend extra time practicing Trello.,2025-08-02 11:00:00,no
2440,771,3212,How much experience is needed in Asana?,2025-01-01 14:00:00,no
2441,2444,3576,Is MediaPipe beginner friendly for this mentorship?,2025-03-14 07:00:00,no
2442,2959,2104,Will this mentorship cover advanced LAMP Stack topics?,2025-03-20 18:00:00,no
2443,2959,4081,Do I need prior knowledge of LAMP Stack before joining?,2025-03-20 05:00:00,no
2444,643,4149,Will this mentorship cover advanced ClickUp topics?,2024-11-30 09:00:00,no
2445,1184,5367,Is NestJS beginner friendly for this mentorship?,2024-04-18 08:00:00,no
2446,1184,2607,What's the expected time commitment per week?,2024-04-18 11:00:00,no
2447,18,1346,Flutter is very valuable for real-world projects.,2025-05-02 08:00:00,no
2448,111,2008,Do I need prior knowledge of Android (Kotlin) before joining?,2025-09-01 17:00:00,no
2449,111,3950,Will this mentorship cover advanced Android (Kotlin) topics?,2025-09-01 09:07:32,no
2450,2532,2907,Can someone explain more about NumPy?,2025-10-09 11:00:00,no
2451,382,579,.NET / ASP.NET Core is very valuable for real-world projects.,2025-07-13 07:00:00,no
2452,1586,3473,Do I need prior knowledge of AWS before joining?,2025-10-19 14:00:00,no
2453,1586,378,Mentees should spend extra time practicing AWS.,2025-10-19 03:00:00,no
2454,1705,5089,Is Terraform beginner friendly for this mentorship?,2025-08-10 03:00:00,no
2455,394,3871,Will this mentorship cover advanced SASS / SCSS topics?,2024-08-16 08:00:00,no
2456,2023,3194,Do I need prior knowledge of YOLO before joining?,2024-11-22 06:00:00,no
2457,2023,5117,Is YOLO beginner friendly for this mentorship?,2024-11-22 05:00:00,no
2458,1516,2323,How much experience is needed in TypeScript?,2025-10-17 11:00:00,no
2459,2868,2320,What tools or technologies will we use?,2025-06-22 17:33:40,no
2460,2309,2662,What tools or technologies will we use?,2025-04-10 02:05:57,no
2461,3140,1719,Is this suitable for intermediate level?,2025-09-26 00:00:00,no
2462,1802,1954,How will the sessions be structured?,2025-08-12 05:00:00,no
2463,749,5299,What tools or technologies will we use?,2025-06-16 03:00:00,no
2464,2226,2330,This aligns perfectly with my career goals.,2025-08-24 09:00:00,no
2465,2133,4331,How many mentees are you currently accepting?,2024-12-17 04:35:17,no
2466,2909,2321,Can I start immediately or is there a waiting period?,2025-03-17 07:36:50,no
2467,95,2172,How will the sessions be structured?,2025-06-02 22:46:21,no
2468,2833,2262,Can you tell me more about the learning path?,2025-10-07 17:02:06,no
2469,779,2387,How will the sessions be structured?,2025-08-18 23:41:45,no
2470,266,5153,This looks exactly like what I need!,2024-12-19 02:00:00,no
2471,153,4069,I really appreciate you offering this mentorship.,2025-08-19 22:00:00,no
2472,3016,3224,How long has this mentorship been running?,2025-07-19 14:00:00,no
2473,2614,2563,I've been looking for this kind of mentorship.,2025-09-29 23:38:02,no
2474,574,4495,"Great mentorship opportunity, very interested.",2025-02-08 21:00:00,no
2475,3152,4490,I'm very excited about this opportunity.,2025-07-23 16:00:00,no
2476,599,2348,Will there be any hands-on projects?,2025-05-14 02:00:00,no
2477,3140,2691,I really appreciate you offering this mentorship.,2025-09-29 04:00:00,no
2478,2852,5000,Can I start immediately or is there a waiting period?,2025-09-20 01:00:00,no
2479,1555,3287,How long has this mentorship been running?,2025-06-26 11:00:00,no
2480,1305,3538,Can I start immediately or is there a waiting period?,2025-09-07 01:00:00,no
2481,101,4386,What tools or technologies will we use?,2025-08-23 10:09:49,no
2482,1368,1922,Will there be any hands-on projects?,2025-07-20 04:00:00,no
2483,3123,4153,How long has this mentorship been running?,2025-09-01 15:00:00,no
2484,1600,2267,I'm very excited about this opportunity.,2025-08-25 19:00:00,no
2485,401,3676,Will there be any hands-on projects?,2025-10-13 04:00:00,no
2486,719,2159,Can the schedule be flexible?,2025-07-16 12:00:00,no
2487,1352,3218,What resources will be provided during mentorship?,2025-02-16 01:00:00,no
2488,1303,2829,Is this suitable for intermediate level?,2025-05-07 23:00:00,no
2489,243,3289,What's the expected time commitment per week?,2025-04-26 18:05:21,no
2490,1414,5378,What resources will be provided during mentorship?,2025-10-11 07:00:00,no
2491,2430,4237,What's the expected time commitment per week?,2024-08-16 12:00:00,no
2492,198,2809,Can I start immediately or is there a waiting period?,2025-07-05 07:00:00,no
2493,827,5157,Can the schedule be flexible?,2025-10-06 09:00:00,no
2494,1192,4052,What's the expected time commitment per week?,2024-05-31 01:00:00,no
2495,2392,5137,How many mentees are you currently accepting?,2025-06-15 23:00:00,no
2496,2671,4652,I've been looking for this kind of mentorship.,2025-08-26 19:00:00,no
2497,1305,3580,Can the schedule be flexible?,2025-09-08 05:00:00,no
2498,1250,3781,This aligns perfectly with my career goals.,2024-02-12 03:00:00,no
2499,1518,1670,I've been looking for this kind of mentorship.,2025-05-23 04:00:00,no
2500,20,3030,How many mentees are you currently accepting?,2025-02-05 10:00:00,no
2501,1509,2111,How will the sessions be structured?,2025-06-28 15:00:00,no
2502,1452,4620,Is this suitable for intermediate level?,2024-12-25 04:00:00,no
2503,754,5358,I'd love to learn more about this topic.,2025-05-18 04:34:38,no
2504,530,2573,I'm very excited about this opportunity.,2025-09-17 20:00:00,no
2505,3120,2708,"Great mentorship opportunity, very interested.",2025-06-18 04:00:00,no
2506,2873,2271,How will the sessions be structured?,2025-09-22 10:00:00,no
2507,20,2318,Can the schedule be flexible?,2025-02-06 14:00:00,no
2508,2497,2039,How many mentees are you currently accepting?,2024-10-23 21:00:00,no
2509,2420,3023,How many mentees are you currently accepting?,2024-01-25 11:00:00,no
2510,1546,3521,Can I start immediately or is there a waiting period?,2025-05-17 16:00:00,no
2511,230,3621,How many mentees are you currently accepting?,2025-05-07 10:00:00,no
2512,2679,4877,Is this suitable for intermediate level?,2025-07-26 20:00:00,no
2513,1185,4574,I really appreciate you offering this mentorship.,2024-08-25 03:00:00,no
2514,118,5039,What's the expected time commitment per week?,2025-07-02 20:00:00,no
2515,2722,3729,What's the expected time commitment per week?,2025-01-18 20:00:00,no
2516,2542,3942,This aligns perfectly with my career goals.,2024-08-06 10:00:00,no
2517,977,3942,How many mentees are you currently accepting?,2025-08-28 22:00:00,no
2518,1318,3066,Can I start immediately or is there a waiting period?,2025-12-05 01:00:00,no
2519,2942,2465,Can the schedule be flexible?,2025-10-23 00:00:00,no
2520,1750,2726,I'd love to learn more about this topic.,2025-12-15 21:00:00,no
2521,2809,5426,Can I start immediately or is there a waiting period?,2025-06-12 14:00:00,no
2522,2853,3551,What resources will be provided during mentorship?,2025-10-23 12:00:00,no
2523,1736,5090,How many mentees are you currently accepting?,2025-06-16 03:00:00,no
2524,2562,2895,This looks exactly like what I need!,2025-11-25 00:00:00,no
2525,2868,3997,Can the schedule be flexible?,2024-12-18 01:00:00,no
2526,1498,3500,What's the expected time commitment per week?,2025-08-31 19:00:00,no
2527,1869,2581,This looks exactly like what I need!,2024-11-03 02:00:00,no
2528,369,5052,I'd love to learn more about this topic.,2025-05-27 16:00:00,no
2529,3128,3229,This looks exactly like what I need!,2025-10-17 17:00:00,no
2530,526,3324,This looks exactly like what I need!,2025-06-20 19:00:00,no
2531,1863,2043,This aligns perfectly with my career goals.,2025-10-29 19:00:00,no
2532,2256,5064,Is this suitable for intermediate level?,2025-09-24 08:00:00,no
2533,698,5493,I'm very excited about this opportunity.,2025-05-19 14:00:00,no
2534,2435,4386,I'd love to learn more about this topic.,2025-06-28 15:00:00,no
2535,1417,3880,What's the expected time commitment per week?,2025-11-25 05:00:00,no
2536,1496,3756,How will the sessions be structured?,2025-06-03 15:00:00,no
2537,1470,4448,This aligns perfectly with my career goals.,2025-08-27 10:00:00,no
2538,646,2670,What tools or technologies will we use?,2025-05-17 02:00:00,no
2539,2020,1824,Can you tell me more about the learning path?,2025-06-05 10:00:00,no
2540,675,3180,Is this suitable for intermediate level?,2025-11-11 07:00:00,no
2541,2886,2426,Can I start immediately or is there a waiting period?,2025-04-24 00:00:00,no
2542,697,2851,How many mentees are you currently accepting?,2025-03-25 03:00:00,no
2543,1750,4669,I'm very excited about this opportunity.,2025-11-24 01:00:00,no
2544,3193,5132,"Great mentorship opportunity, very interested.",2025-05-25 09:00:00,no
2545,1890,4755,I'm very excited about this opportunity.,2025-11-11 08:00:00,no
2546,2914,3207,Is this suitable for intermediate level?,2025-08-21 19:00:00,no
2547,2293,5246,How long has this mentorship been running?,2024-05-13 22:00:00,no
2548,1453,4620,Is this suitable for intermediate level?,2025-02-25 14:00:00,no
2549,1732,5478,I'd love to learn more about this topic.,2025-07-21 14:00:00,no
2550,1582,2832,I've been looking for this kind of mentorship.,2024-09-30 22:00:00,no
2551,876,4319,"Great mentorship opportunity, very interested.",2024-12-08 01:00:00,no
2552,943,4796,I'd love to learn more about this topic.,2026-01-07 08:00:00,no
2553,333,3017,This looks exactly like what I need!,2025-06-30 05:00:00,no
2554,1774,4992,Do I need any prerequisites before joining?,2025-10-08 08:00:00,no
2555,2228,3190,Can I start immediately or is there a waiting period?,2024-10-24 10:00:00,no
2556,769,3302,"Great mentorship opportunity, very interested.",2025-10-28 09:00:00,no
2557,2226,4160,I'd love to learn more about this topic.,2025-10-17 12:00:00,no
2558,2155,2573,I'd love to learn more about this topic.,2025-01-01 00:00:00,no
2559,558,3676,"This sounds amazing, looking forward to it!",2025-11-12 06:00:00,no
2560,250,1807,What tools or technologies will we use?,2025-06-13 13:00:00,no
2561,1534,4449,This aligns perfectly with my career goals.,2025-05-25 04:00:00,no
2562,819,4449,Can I start immediately or is there a waiting period?,2025-09-15 01:00:00,no
2563,221,2822,"This sounds amazing, looking forward to it!",2024-05-23 13:00:00,no
2564,2663,3057,I'd love to learn more about this topic.,2025-05-20 10:00:00,no
2565,1662,3759,Will there be any hands-on projects?,2024-06-04 21:00:00,no
2566,863,2560,How will the sessions be structured?,2025-09-09 15:00:00,no
2567,2925,4922,"This sounds amazing, looking forward to it!",2025-11-08 07:00:00,no
2568,2929,2405,How long has this mentorship been running?,2025-02-22 15:00:00,no
2569,2168,3285,What tools or technologies will we use?,2025-08-07 14:00:00,no
2570,2536,4389,This looks exactly like what I need!,2025-04-19 05:00:00,no
2571,729,4758,Can I start immediately or is there a waiting period?,2025-08-26 09:00:00,no
2572,2155,5021,This looks exactly like what I need!,2025-01-04 02:00:00,no
2573,1192,5021,"This sounds amazing, looking forward to it!",2024-07-23 18:00:00,no
2574,911,4043,I've been looking for this kind of mentorship.,2025-12-13 02:00:00,no
2575,2425,3526,Can you tell me more about the learning path?,2025-10-12 10:00:00,no
2576,639,5321,"Great mentorship opportunity, very interested.",2025-07-24 19:00:00,no
2577,3002,2591,"This sounds amazing, looking forward to it!",2025-10-21 12:00:00,no
2578,95,5298,What's the expected time commitment per week?,2024-04-07 09:00:00,no
2579,993,2546,Can the schedule be flexible?,2025-08-25 08:00:00,no
2580,2798,5185,Can the schedule be flexible?,2024-10-01 22:00:00,no
2581,2769,4988,What's the expected time commitment per week?,2024-11-12 14:00:00,no
2582,2744,3897,This aligns perfectly with my career goals.,2025-08-02 09:00:00,no
2583,1116,3062,Is this suitable for intermediate level?,2025-10-23 23:00:00,no
2584,573,1704,I really appreciate you offering this mentorship.,2025-03-24 00:00:00,no
2585,1418,3833,I'd love to learn more about this topic.,2025-12-26 03:00:00,no
2586,1780,2058,Can you tell me more about the learning path?,2025-05-25 07:00:00,no
2587,20,3255,What resources will be provided during mentorship?,2025-04-19 16:00:00,no
2588,3118,1894,Can you tell me more about the learning path?,2025-02-26 22:00:00,no
2589,3077,2994,This looks exactly like what I need!,2025-04-19 06:00:00,no
2590,1152,2967,How will the sessions be structured?,2025-09-24 21:00:00,no
2591,1774,4049,Can I start immediately or is there a waiting period?,2025-10-18 15:00:00,no
2592,175,2413,What tools or technologies will we use?,2025-08-21 06:00:00,no
2593,2529,3885,How many mentees are you currently accepting?,2025-11-23 16:00:00,no
2594,710,2539,I really appreciate you offering this mentorship.,2025-10-03 16:00:00,no
2595,2768,5096,I'm very excited about this opportunity.,2025-12-30 22:00:00,no
2596,989,4364,This aligns perfectly with my career goals.,2025-10-01 06:00:00,no
2597,3132,1602,Can you tell me more about the learning path?,2024-06-15 04:00:00,no
2598,3053,3590,This aligns perfectly with my career goals.,2025-11-03 00:00:00,no
2599,956,5152,I'm very excited about this opportunity.,2025-07-23 10:00:00,no
2600,1720,3615,Is this suitable for intermediate level?,2025-07-31 11:00:00,no
2601,2117,4597,Can the schedule be flexible?,2025-10-25 20:00:00,no
2602,993,4410,Will there be any hands-on projects?,2025-09-16 13:00:00,no
2603,2868,2574,What's the expected time commitment per week?,2025-02-05 03:00:00,no
2604,221,2574,Can the schedule be flexible?,2024-04-09 17:00:00,no
2605,588,1930,What tools or technologies will we use?,2025-08-15 20:00:00,no
2606,2046,2592,Do I need any prerequisites before joining?,2025-04-14 07:00:00,no
2607,2242,3470,I've been looking for this kind of mentorship.,2025-05-21 23:00:00,no
2608,1359,3000,What's the expected time commitment per week?,2025-05-25 04:00:00,no
2609,261,1854,"Great mentorship opportunity, very interested.",2025-09-18 14:00:00,no
2610,1250,5439,Do I need any prerequisites before joining?,2024-04-16 19:00:00,no
2611,2893,2312,What's the expected time commitment per week?,2025-08-23 09:00:00,no
2612,1227,2093,I really appreciate you offering this mentorship.,2025-02-13 02:00:00,no
2613,2058,3446,I'm very excited about this opportunity.,2025-10-28 09:00:00,no
2614,261,2663,"This sounds amazing, looking forward to it!",2025-07-13 22:00:00,no
2615,2926,3794,"This sounds amazing, looking forward to it!",2025-08-24 06:00:00,no
2616,1105,1817,Do I need any prerequisites before joining?,2025-10-19 17:00:00,no
2617,1397,2613,Can I start immediately or is there a waiting period?,2025-10-29 08:00:00,no
2618,1265,2424,I'd love to learn more about this topic.,2024-10-28 14:00:00,no
2619,1551,2424,Is this suitable for intermediate level?,2025-03-23 15:00:00,no
2620,1513,3157,Is this suitable for intermediate level?,2024-06-19 22:00:00,no
2621,2125,2492,Will there be any hands-on projects?,2025-01-04 13:00:00,no
2622,1050,4707,Is this suitable for intermediate level?,2024-02-27 20:00:00,no
2623,2580,2096,What's the expected time commitment per week?,2025-04-20 13:00:00,no
2624,2961,4713,This looks exactly like what I need!,2025-07-28 14:00:00,no
2625,2575,1957,Can I start immediately or is there a waiting period?,2025-11-15 12:00:00,no
2626,1444,5059,Can the schedule be flexible?,2025-09-10 18:00:00,no
2627,2868,3917,I'd love to learn more about this topic.,2024-11-20 03:00:00,no
2628,1525,4586,"Great mentorship opportunity, very interested.",2025-09-11 01:00:00,no
2629,2868,3549,How many mentees are you currently accepting?,2025-02-01 21:00:00,no
2630,2833,3813,How many mentees are you currently accepting?,2025-05-25 16:00:00,no
2631,768,3143,Do I need any prerequisites before joining?,2025-09-28 00:00:00,no
2632,515,2691,What tools or technologies will we use?,2025-04-14 07:00:00,no
2633,378,4895,Do I need any prerequisites before joining?,2024-09-06 09:00:00,no
2634,2679,3651,Can the schedule be flexible?,2025-10-05 22:00:00,no
2635,2529,5396,"This sounds amazing, looking forward to it!",2025-10-14 07:00:00,no
2636,1444,5248,Is this suitable for intermediate level?,2025-08-21 11:00:00,no
2637,3008,2968,What resources will be provided during mentorship?,2025-08-27 18:00:00,no
2638,1312,1927,How will the sessions be structured?,2024-08-02 09:00:00,no
2639,133,5367,What's the expected time commitment per week?,2024-07-21 07:00:00,no
2640,1244,3523,How will the sessions be structured?,2025-06-25 04:00:00,no
2641,1375,5156,"This sounds amazing, looking forward to it!",2025-05-29 19:00:00,no
2642,79,1637,How long has this mentorship been running?,2025-08-01 09:00:00,no
2643,2671,4184,Do I need any prerequisites before joining?,2025-11-11 06:00:00,no
2644,1189,1923,This aligns perfectly with my career goals.,2025-05-11 00:00:00,no
2645,924,3335,Will there be any hands-on projects?,2025-10-25 00:00:00,no
2646,1942,3335,Can the schedule be flexible?,2024-10-26 06:00:00,no
2647,2297,4018,"This sounds amazing, looking forward to it!",2025-11-08 21:00:00,no
2648,2808,4018,I really appreciate you offering this mentorship.,2025-04-10 01:00:00,no
2649,1559,2195,I'm very excited about this opportunity.,2025-04-24 20:00:00,no
2650,340,5409,I've been looking for this kind of mentorship.,2025-09-06 02:00:00,no
2651,1185,4602,What's the expected time commitment per week?,2024-08-28 06:00:00,no
2652,2671,3578,What tools or technologies will we use?,2025-10-13 19:00:00,no
2653,1192,3720,Do I need any prerequisites before joining?,2024-07-18 13:00:00,no
2654,779,3720,"This sounds amazing, looking forward to it!",2025-04-05 02:00:00,no
2655,2769,5272,This aligns perfectly with my career goals.,2024-10-31 17:00:00,no
2656,2440,3538,Is this suitable for intermediate level?,2024-11-25 05:00:00,no
2657,2655,2144,Do I need any prerequisites before joining?,2024-06-24 15:00:00,no
2658,2387,3484,"This sounds amazing, looking forward to it!",2025-08-28 19:00:00,no
2659,104,2507,What resources will be provided during mentorship?,2025-03-19 02:00:00,no
2660,720,1787,I'm very excited about this opportunity.,2025-11-08 16:00:00,no
2661,1248,2841,Can you tell me more about the learning path?,2025-07-20 12:00:00,no
2662,3061,4497,Can I start immediately or is there a waiting period?,2025-08-28 13:00:00,no
2663,299,2580,Will there be any hands-on projects?,2024-06-16 17:00:00,no
2664,1791,2930,I really appreciate you offering this mentorship.,2024-12-22 18:00:00,no
2665,976,3894,I'm very excited about this opportunity.,2025-06-16 21:00:00,no
2666,1345,3879,Do I need any prerequisites before joining?,2025-06-02 23:00:00,no
2667,873,3989,Can the schedule be flexible?,2025-09-18 06:00:00,no
2668,1808,3315,What tools or technologies will we use?,2024-12-27 03:00:00,no
2669,2264,2097,I've been looking for this kind of mentorship.,2025-10-07 15:00:00,no
2670,462,5024,Is this suitable for intermediate level?,2025-08-05 07:00:00,no
2671,845,4645,This aligns perfectly with my career goals.,2025-09-19 06:00:00,no
2672,2313,4645,How will the sessions be structured?,2025-10-09 04:00:00,no
2673,1794,3730,How long has this mentorship been running?,2025-06-05 01:00:00,no
2674,2171,4651,Will there be any hands-on projects?,2025-03-23 08:00:00,no
2675,1414,3071,What tools or technologies will we use?,2025-11-12 06:00:00,no
2676,2563,4833,This looks exactly like what I need!,2025-10-15 09:00:00,no
2677,1378,3823,I'm very excited about this opportunity.,2024-09-12 04:00:00,no
2678,2303,4253,I'm very excited about this opportunity.,2024-09-25 06:00:00,no
2679,424,2256,Do I need any prerequisites before joining?,2025-07-08 20:00:00,no
2680,243,2540,How long has this mentorship been running?,2024-11-15 15:00:00,no
2681,2604,2034,What resources will be provided during mentorship?,2025-07-21 09:00:00,no
2682,676,3253,Can the schedule be flexible?,2025-11-04 21:00:00,no
2683,1267,3519,Can the schedule be flexible?,2025-01-07 04:00:00,no
2684,2728,5411,How will the sessions be structured?,2025-10-22 06:00:00,no
2685,54,1536,This aligns perfectly with my career goals.,2025-09-01 20:00:00,no
2686,2641,3847,I've been looking for this kind of mentorship.,2025-06-28 13:00:00,no
2687,2702,2500,Do I need any prerequisites before joining?,2025-10-28 11:00:00,no
2688,1597,3123,Can you tell me more about the learning path?,2025-01-25 02:00:00,no
2689,2798,5005,I'm very excited about this opportunity.,2024-11-28 07:00:00,no
2690,255,2611,Will there be any hands-on projects?,2025-10-28 01:00:00,no
2691,3186,1629,Is this suitable for intermediate level?,2025-08-28 19:00:00,no
2692,227,4077,I'd love to learn more about this topic.,2025-10-19 11:00:00,no
2693,2719,1736,Is this suitable for intermediate level?,2025-12-25 01:00:00,no
2694,3037,4613,Can the schedule be flexible?,2025-09-08 13:00:00,no
2695,766,4613,How long has this mentorship been running?,2025-05-08 01:00:00,no
2696,101,5375,Can you tell me more about the learning path?,2025-08-25 09:00:00,no
2697,779,4357,How long has this mentorship been running?,2025-04-16 02:00:00,no
2698,1032,3004,Is this suitable for intermediate level?,2025-06-21 11:00:00,no
2699,2368,4360,Do I need any prerequisites before joining?,2025-11-28 15:00:00,no
2700,1415,3390,I really appreciate you offering this mentorship.,2025-10-26 15:00:00,no
2701,2758,1654,Is this suitable for intermediate level?,2025-08-22 16:00:00,no
2702,779,5279,What's the expected time commitment per week?,2025-05-23 10:00:00,no
2703,1871,4798,I'm very excited about this opportunity.,2025-05-20 14:00:00,no
2704,1469,2194,How will the sessions be structured?,2025-07-17 03:00:00,no
2705,577,3664,I'm very excited about this opportunity.,2025-03-01 04:00:00,no
2706,1316,4687,What tools or technologies will we use?,2025-11-14 00:00:00,no
2707,2511,3568,Can the schedule be flexible?,2025-10-14 11:00:00,no
2708,1250,4982,I really appreciate you offering this mentorship.,2024-04-11 01:00:00,no
2709,2800,3415,I'd love to learn more about this topic.,2025-03-06 22:00:00,no
2710,2303,1638,Do I need any prerequisites before joining?,2024-10-01 12:00:00,no
2711,542,3025,This looks exactly like what I need!,2025-10-03 12:00:00,no
2712,1197,4577,I'm very excited about this opportunity.,2025-08-14 17:00:00,no
2713,1738,5116,I'm very excited about this opportunity.,2025-12-04 09:00:00,no
2714,1385,3949,Do I need any prerequisites before joining?,2025-10-10 16:00:00,no
2715,2523,5055,Is this suitable for intermediate level?,2025-10-25 23:00:00,no
2716,2646,5043,"Great mentorship opportunity, very interested.",2025-01-24 12:00:00,no
2717,2388,4059,This aligns perfectly with my career goals.,2025-05-18 07:00:00,no
2718,367,5397,"This sounds amazing, looking forward to it!",2025-06-15 04:00:00,no
2719,3106,4935,Will there be any hands-on projects?,2025-10-05 18:00:00,no
2720,2350,3191,I've been looking for this kind of mentorship.,2025-09-04 15:00:00,no
2721,977,2469,I've been looking for this kind of mentorship.,2025-09-22 13:00:00,no
2722,599,5214,I'd love to learn more about this topic.,2025-05-15 01:00:00,no
2723,197,4423,What resources will be provided during mentorship?,2025-08-29 00:00:00,no
2724,956,4423,What tools or technologies will we use?,2025-08-16 23:00:00,no
2725,1459,2645,How many mentees are you currently accepting?,2024-10-26 10:00:00,no
2726,2225,3919,This aligns perfectly with my career goals.,2025-09-28 17:00:00,no
2727,719,4562,Is this suitable for intermediate level?,2025-09-30 11:00:00,no
2728,2542,1658,"Great mentorship opportunity, very interested.",2024-07-10 10:00:00,no
2729,1192,4855,Can you tell me more about the learning path?,2024-07-05 22:00:00,no
2730,2399,2394,How many mentees are you currently accepting?,2025-10-27 22:00:00,no
2731,1840,2429,What tools or technologies will we use?,2024-04-17 18:00:00,no
2732,622,2516,This aligns perfectly with my career goals.,2025-05-26 12:00:00,no
2733,1720,5061,How will the sessions be structured?,2025-07-24 07:00:00,no
2734,197,3923,Can I start immediately or is there a waiting period?,2025-07-07 02:00:00,no
2735,977,3923,What tools or technologies will we use?,2025-09-19 20:00:00,no
2736,462,3662,How many mentees are you currently accepting?,2025-07-18 11:00:00,no
2737,2173,4125,What tools or technologies will we use?,2025-12-15 17:00:00,no
2738,2719,5157,How long has this mentorship been running?,2025-12-12 10:00:00,no
2739,386,1560,Can you tell me more about the learning path?,2025-10-19 04:00:00,no
2740,1498,3300,What tools or technologies will we use?,2025-09-10 13:00:00,no
2741,1673,3300,I've been looking for this kind of mentorship.,2025-07-28 03:00:00,no
2742,2996,2354,Is this suitable for intermediate level?,2025-05-28 18:00:00,no
2743,1420,4777,"Great mentorship opportunity, very interested.",2024-10-29 12:00:00,no
2744,2853,2842,What's the expected time commitment per week?,2025-11-06 02:00:00,no
2745,2868,4633,The description really resonates with me.,2024-12-10 18:00:00,no
2746,488,4259,What resources will be provided during mentorship?,2025-08-15 19:00:00,no
2747,600,2235,Do I need any prerequisites before joining?,2025-07-20 06:00:00,no
2748,261,4585,What resources will be provided during mentorship?,2025-08-12 11:00:00,no
2749,2108,4225,How many mentees are you currently accepting?,2025-10-27 06:00:00,no
2750,2625,4646,"This sounds amazing, looking forward to it!",2025-12-09 22:00:00,no
2751,1455,5195,What tools or technologies will we use?,2025-04-04 04:00:00,no
2752,2132,4096,Can you tell me more about the learning path?,2025-12-01 07:00:00,no
2753,933,3210,This aligns perfectly with my career goals.,2025-07-10 13:00:00,no
2754,1985,5270,This aligns perfectly with my career goals.,2025-12-15 17:00:00,no
2755,2117,3222,This looks exactly like what I need!,2026-01-02 16:00:00,no
2756,23,2348,Can I start immediately or is there a waiting period?,2025-02-04 08:00:00,no
2757,2833,4284,"Great mentorship opportunity, very interested.",2025-04-30 15:00:00,no
2758,581,4050,Can I start immediately or is there a waiting period?,2025-06-04 05:00:00,no
2759,2671,4844,Is this suitable for intermediate level?,2025-11-18 00:00:00,no
2760,1597,4418,What resources will be provided during mentorship?,2025-02-05 01:00:00,no
2761,2988,4414,I've been looking for this kind of mentorship.,2024-07-11 18:00:00,no
2762,2117,4847,Can you tell me more about the learning path?,2025-11-13 13:00:00,no
2763,3109,3883,Do I need any prerequisites before joining?,2024-10-10 13:00:00,no
2764,810,5023,What resources will be provided during mentorship?,2025-09-14 02:00:00,no
2765,1043,5081,Is this suitable for intermediate level?,2025-10-28 05:00:00,no
2766,291,4249,I really appreciate you offering this mentorship.,2025-09-03 21:00:00,no
2767,436,5105,Can I start immediately or is there a waiting period?,2024-06-20 17:00:00,no
2768,349,4474,This looks exactly like what I need!,2025-01-28 12:00:00,no
2769,2297,3070,This looks exactly like what I need!,2025-10-09 16:00:00,no
2770,2854,5251,I really appreciate you offering this mentorship.,2024-05-21 16:00:00,no
2771,1784,3096,Can I start immediately or is there a waiting period?,2025-04-24 09:00:00,no
2772,2535,2182,Can the schedule be flexible?,2025-01-09 03:00:00,no
2773,797,1758,I'm very excited about this opportunity.,2025-08-05 14:00:00,no
2774,2610,3884,"This sounds amazing, looking forward to it!",2025-05-25 19:00:00,no
2775,1516,2360,How will the sessions be structured?,2025-11-10 15:00:00,no
2776,87,2285,Is this suitable for intermediate level?,2025-06-02 15:00:00,no
2777,747,4057,How long has this mentorship been running?,2025-05-03 21:00:00,no
2778,2385,4057,This looks exactly like what I need!,2025-03-02 18:00:00,no
2779,896,2266,What tools or technologies will we use?,2025-08-18 20:00:00,no
2780,2627,5226,Can the schedule be flexible?,2025-10-22 07:00:00,no
2781,2125,4310,What resources will be provided during mentorship?,2024-11-22 17:00:00,no
2782,2162,4628,"Great mentorship opportunity, very interested.",2025-11-15 02:00:00,no
2783,1250,4447,I've been looking for this kind of mentorship.,2024-04-10 09:00:00,no
2784,1115,4540,I'm very excited about this opportunity.,2025-10-17 20:00:00,no
2785,2304,5424,Can you tell me more about the learning path?,2025-06-26 10:00:00,no
2786,698,3758,I've been looking for this kind of mentorship.,2025-06-30 06:00:00,no
2787,101,3540,This looks exactly like what I need!,2025-08-25 02:00:00,no
2788,2818,5374,I've been looking for this kind of mentorship.,2025-06-15 19:00:00,no
2789,2000,2136,What resources will be provided during mentorship?,2025-06-26 13:00:00,no
2790,3076,3950,This looks exactly like what I need!,2024-01-19 04:00:00,no
2791,3088,4610,Can you tell me more about the learning path?,2025-07-28 05:00:00,no
2792,2723,3295,This looks exactly like what I need!,2025-04-13 09:00:00,no
2793,1197,2788,What resources will be provided during mentorship?,2025-07-27 20:00:00,no
2794,2580,3734,How will the sessions be structured?,2025-04-26 02:00:00,no
2795,3066,3205,Do I need any prerequisites before joining?,2025-04-20 21:00:00,no
2796,526,4704,How many mentees are you currently accepting?,2025-06-22 12:00:00,no
2797,95,2618,Does this cover advanced topics as well?,2024-06-20 11:00:00,no
2798,2798,1958,I'd love to learn more about this topic.,2024-11-02 18:00:00,no
2799,1662,3690,Do I need any prerequisites before joining?,2024-07-16 16:00:00,no
2800,2768,2262,"Great mentorship opportunity, very interested.",2025-10-20 15:00:00,no
2801,197,4436,Can the schedule be flexible?,2025-07-12 07:00:00,no
2802,1563,4826,Can I start immediately or is there a waiting period?,2025-07-31 02:00:00,no
2803,35,2460,Can you tell me more about the learning path?,2025-12-18 01:00:00,no
2804,199,1554,How long has this mentorship been running?,2025-11-14 12:00:00,no
2805,1597,2934,Do I need any prerequisites before joining?,2024-12-10 20:00:00,no
2806,678,3432,"This sounds amazing, looking forward to it!",2025-12-22 00:00:00,no
2807,2868,4930,This looks exactly like what I need!,2025-02-07 07:00:00,no
2808,1537,1679,Can the schedule be flexible?,2025-08-07 15:00:00,no
2809,2375,3119,"This sounds amazing, looking forward to it!",2025-03-09 06:00:00,no
2810,322,2070,Do I need any prerequisites before joining?,2024-10-01 23:00:00,no
2811,2955,3325,What resources will be provided during mentorship?,2025-01-19 09:00:00,no
2812,427,4246,How will the sessions be structured?,2024-11-21 20:00:00,no
2813,1878,2608,Can I start immediately or is there a waiting period?,2024-08-17 12:00:00,no
2814,1375,4412,"Great mentorship opportunity, very interested.",2025-06-02 00:00:00,no
2815,221,3386,How long has this mentorship been running?,2024-05-02 04:00:00,no
2816,831,2121,"Great mentorship opportunity, very interested.",2025-09-27 10:00:00,no
2817,462,2796,Can you tell me more about the learning path?,2025-09-07 15:00:00,no
2818,2868,2003,How long has this mentorship been running?,2025-01-15 11:00:00,no
2819,1185,4879,I've been looking for this kind of mentorship.,2024-11-12 18:00:00,no
2820,956,2159,"Great mentorship opportunity, very interested.",2025-07-03 22:00:00,no
2821,3123,5256,Can the schedule be flexible?,2025-09-24 15:00:00,no
2822,1869,5256,Is this suitable for intermediate level?,2024-11-06 13:00:00,no
2823,553,2707,What resources will be provided during mentorship?,2025-09-09 08:00:00,no
2824,2768,2707,Can I start immediately or is there a waiting period?,2025-11-13 19:00:00,no
2825,1818,5160,Can you tell me more about the learning path?,2024-02-18 22:00:00,no
2826,768,5200,Can you tell me more about the learning path?,2025-10-14 11:00:00,no
2827,1460,2714,I've been looking for this kind of mentorship.,2024-12-19 08:00:00,no
2828,827,2940,How will the sessions be structured?,2025-10-27 06:00:00,no
2829,2469,3260,I'm very excited about this opportunity.,2025-01-25 20:00:00,no
2830,1375,4887,This aligns perfectly with my career goals.,2025-04-28 23:00:00,no
2831,1576,5071,I really appreciate you offering this mentorship.,2025-05-16 06:00:00,no
2832,79,4070,How will the sessions be structured?,2025-07-05 09:00:00,no
2833,76,4070,"Great mentorship opportunity, very interested.",2024-04-03 09:00:00,no
2834,977,2502,Is this suitable for intermediate level?,2025-10-09 05:00:00,no
2835,2907,3518,"This sounds amazing, looking forward to it!",2025-08-30 16:00:00,no
2836,1495,2680,How long has this mentorship been running?,2025-11-30 14:00:00,no
2837,228,5145,I'm very excited about this opportunity.,2025-04-16 07:00:00,no
2838,2580,5145,I've heard great things about this mentor!,2025-03-23 11:00:00,no
2839,2722,3031,Will there be any hands-on projects?,2025-03-18 02:00:00,no
2840,646,5377,"This sounds amazing, looking forward to it!",2025-05-28 00:00:00,no
2841,816,5327,I'm very excited about this opportunity.,2025-02-26 07:00:00,no
2842,911,2734,How many mentees are you currently accepting?,2025-12-20 01:00:00,no
2843,1201,5057,Will there be any hands-on projects?,2025-11-03 09:00:00,no
2844,197,4493,How many mentees are you currently accepting?,2025-09-20 03:00:00,no
2845,842,4493,Can I start immediately or is there a waiting period?,2025-05-23 05:00:00,no
2846,2958,1806,"Great mentorship opportunity, very interested.",2025-09-10 04:00:00,no
2847,291,3636,This looks exactly like what I need!,2025-09-04 17:00:00,no
2848,2148,5171,This looks exactly like what I need!,2024-11-15 23:00:00,no
2849,2818,3821,What's the expected time commitment per week?,2025-08-07 11:00:00,no
2850,1156,2643,Is this suitable for intermediate level?,2025-04-04 01:00:00,no
2851,1750,4736,I've been looking for this kind of mentorship.,2025-11-20 03:00:00,no
2852,1043,2933,Can I start immediately or is there a waiting period?,2025-10-10 20:00:00,no
2853,439,2659,This aligns perfectly with my career goals.,2026-01-10 15:00:00,no
2854,2853,2432,"This sounds amazing, looking forward to it!",2025-11-04 04:00:00,no
2855,2907,4536,Are there any group activities or just 1-on-1?,2025-10-03 13:00:00,no
2856,1495,5026,How will the sessions be structured?,2025-11-21 22:00:00,no
2857,647,5386,I really appreciate you offering this mentorship.,2025-05-11 09:00:00,no
2858,462,1766,Do I need any prerequisites before joining?,2025-07-04 00:00:00,no
2859,462,2729,Can I start immediately or is there a waiting period?,2025-07-04 15:00:00,no
2860,3076,3121,I'd love to learn more about this topic.,2024-04-04 18:00:00,no
2861,2258,4561,Can you tell me more about the learning path?,2025-07-10 01:00:00,no
2862,2172,2176,I'd love to learn more about this topic.,2025-11-09 00:00:00,no
2863,2094,2176,I'd love to learn more about this topic.,2025-11-08 16:00:00,no
2864,1931,5308,What resources will be provided during mentorship?,2025-08-21 22:00:00,no
2865,1605,5363,What resources will be provided during mentorship?,2025-07-17 02:00:00,no
2866,3088,3577,What's the expected time commitment per week?,2025-07-23 11:00:00,no
2867,1201,3509,Do I need any prerequisites before joining?,2025-10-15 06:00:00,no
2868,1469,4476,"This sounds amazing, looking forward to it!",2025-06-24 09:00:00,no
2869,3173,4659,This looks exactly like what I need!,2025-10-03 20:00:00,no
2870,2768,4680,This aligns perfectly with my career goals.,2025-10-18 15:00:00,no
2871,1273,3708,Can you tell me more about the learning path?,2024-10-10 19:00:00,no
2872,2368,2614,What tools or technologies will we use?,2025-12-04 19:00:00,no
2873,781,5291,How many mentees are you currently accepting?,2025-09-08 11:00:00,no
2874,827,3829,I'm very excited about this opportunity.,2025-11-26 23:00:00,no
2875,1206,5304,Do I need any prerequisites before joining?,2024-09-09 00:00:00,no
2876,2868,2852,Can I start immediately or is there a waiting period?,2025-01-03 12:00:00,no
2877,730,3728,Can I start immediately or is there a waiting period?,2024-05-27 19:00:00,no
2878,830,3792,Can you tell me more about the learning path?,2025-12-30 09:00:00,no
2879,3076,4977,Will there be any hands-on projects?,2024-03-03 16:00:00,no
2880,2291,4795,Can I start immediately or is there a waiting period?,2025-05-29 08:00:00,no
2881,1459,1588,I've been looking for this kind of mentorship.,2024-12-10 21:00:00,no
2882,2239,5034,Is this suitable for intermediate level?,2025-05-26 20:00:00,no
2883,1378,2529,Can you tell me more about the learning path?,2024-09-29 16:00:00,no
2884,2131,3486,What's the expected time commitment per week?,2025-11-27 03:00:00,no
2885,710,3041,Can you tell me more about the learning path?,2025-09-27 03:00:00,no
2886,1375,2522,Can I start immediately or is there a waiting period?,2025-06-24 03:00:00,no
2887,1830,5054,How many mentees are you currently accepting?,2025-10-03 00:00:00,no
2888,612,5053,What resources will be provided during mentorship?,2025-07-29 15:00:00,no
2889,1050,5053,"Great mentorship opportunity, very interested.",2024-04-27 11:00:00,no
2890,2936,4022,"This sounds amazing, looking forward to it!",2025-09-07 23:00:00,no
2891,197,4974,I really appreciate you offering this mentorship.,2025-08-10 09:00:00,no
2892,67,2615,How many mentees are you currently accepting?,2025-09-20 11:00:00,no
2893,2563,2685,How will the sessions be structured?,2025-11-09 06:00:00,no
2894,2652,2685,Is this suitable for intermediate level?,2025-10-14 14:00:00,no
2895,1243,5108,I've been looking for this kind of mentorship.,2025-06-25 02:00:00,no
2896,2173,5459,How long has this mentorship been running?,2025-12-06 01:00:00,no
2897,1469,5459,Can you tell me more about the learning path?,2025-08-06 15:00:00,no
2898,84,3116,How long has this mentorship been running?,2024-12-23 18:00:00,no
2899,1308,2288,How many mentees are you currently accepting?,2025-10-11 03:00:00,no
2900,2862,1670,How long has this mentorship been running?,2025-10-12 11:00:00,no
2901,161,4326,Will there be any hands-on projects?,2025-10-27 01:00:00,no
2902,1712,2273,What tools or technologies will we use?,2024-06-23 22:00:00,no
2903,1375,5087,How long has this mentorship been running?,2025-05-04 12:00:00,no
2904,887,2530,What resources will be provided during mentorship?,2025-09-05 13:00:00,no
2905,462,4052,"Great mentorship opportunity, very interested.",2025-08-15 12:00:00,no
2906,2868,1664,Is this suitable for intermediate level?,2024-12-13 07:00:00,no
2907,427,3747,How competitive is the application process?,2024-11-09 09:00:00,no
2908,1328,4197,I've been looking for this kind of mentorship.,2025-10-07 14:00:00,no
2909,817,2983,This looks exactly like what I need!,2025-05-15 15:00:00,no
2910,2809,5016,Will there be any hands-on projects?,2025-05-29 16:00:00,no
2911,325,4560,I'd love to learn more about this topic.,2025-09-19 02:00:00,no
2912,1563,4838,How many mentees are you currently accepting?,2025-07-26 02:00:00,no
2913,2956,3325,How long has this mentorship been running?,2025-02-22 01:00:00,no
2914,977,2584,Will there be any hands-on projects?,2025-07-21 11:00:00,no
2915,2593,2521,Can I start immediately or is there a waiting period?,2025-08-06 04:00:00,no
2916,591,4612,How long has this mentorship been running?,2025-03-17 21:00:00,no
2917,1495,4347,What tools or technologies will we use?,2025-10-24 00:00:00,no
2918,2086,4931,How many mentees are you currently accepting?,2025-07-12 19:00:00,no
2919,2160,4628,How many mentees are you currently accepting?,2025-12-15 09:00:00,no
2920,768,3302,I really appreciate you offering this mentorship.,2025-10-15 00:00:00,no
2921,2309,2197,Can I start immediately or is there a waiting period?,2025-01-24 02:05:10,no
2922,3147,1929,"This sounds amazing, looking forward to it!",2024-07-24 11:00:00,no
2923,2768,2491,What's the best way to prepare before starting?,2025-10-20 23:00:00,no
2924,3173,4492,Can I start immediately or is there a waiting period?,2025-08-16 14:02:37,no
2925,1986,2048,I've been looking for this kind of mentorship.,2025-12-08 22:00:00,no
2926,2736,4266,"Great mentorship opportunity, very interested.",2025-08-06 23:00:00,no
2927,732,3868,I'm very excited about this opportunity.,2025-08-17 14:00:00,no
2928,2806,2664,What tools or technologies will we use?,2024-09-28 17:00:00,no
2929,2809,2754,How many mentees are you currently accepting?,2025-07-10 07:00:00,no
2930,768,2355,How will the sessions be structured?,2025-10-17 16:00:00,no
2931,2509,4914,Interesting approach to teaching this topic.,2025-08-06 09:00:00,no
2932,827,3081,This aligns perfectly with my career goals.,2025-10-04 02:00:00,no
2933,1763,4980,Will there be any real-world project work?,2025-10-28 06:00:00,no
2934,569,1738,Do I need any prerequisites before joining?,2025-11-13 12:00:00,no
2935,923,3520,This aligns perfectly with my career goals.,2025-07-14 23:00:00,no
2936,2625,1840,How often do the sessions take place?,2025-11-08 01:00:00,no
2937,2272,4727,Are there any group activities or just 1-on-1?,2025-07-27 03:00:00,no
2938,1189,2628,This looks exactly like what I need!,2025-04-26 02:00:00,no
2939,1459,3224,This seems like a solid learning path.,2024-12-15 07:00:00,no
2940,1172,5274,What resources will be provided during mentorship?,2025-04-03 12:40:28,no
2941,3168,3776,What's the expected time commitment per week?,2025-12-17 22:00:00,no
2942,1546,3385,Do you accept mentees from different time zones?,2025-07-05 13:00:00,no
2943,748,5477,Do I need any prerequisites before joining?,2025-07-24 00:00:00,no
2944,2191,3946,Looking forward to growing my skills in this area.,2025-09-25 15:00:00,no
2945,831,3116,How flexible is the mentorship timeline?,2025-08-15 07:00:00,no
2946,171,2203,Really excited to see this opportunity!,2024-10-24 06:00:00,no
2947,819,4310,Can you share what past mentees have achieved?,2025-08-05 06:00:00,no
2948,2181,2705,I'm very excited about this opportunity.,2024-10-13 14:00:00,no
2949,2296,3860,Will there be any real-world project work?,2025-07-01 02:00:00,no
2950,571,4738,I'd love to learn more about this topic.,2025-04-05 13:00:00,no
2951,1408,4974,Is there a community of mentees I can connect with?,2025-10-25 00:00:00,no
2952,1834,4179,What's the expected time commitment per week?,2025-09-11 21:00:00,no
2953,58,3062,Do I need any prerequisites before joining?,2025-10-15 01:00:00,no
2954,1243,3338,Does this cover advanced topics as well?,2025-04-12 23:00:00,no
2955,2833,4450,Is this suitable for intermediate level?,2025-05-06 22:00:00,no
2956,2557,5040,"This sounds amazing, looking forward to it!",2025-07-16 07:00:00,no
2957,1197,4768,What's the expected time commitment per week?,2025-07-09 20:00:00,no
2958,95,4642,Can you share what past mentees have achieved?,2024-06-17 08:00:00,no
2959,1760,5290,"Thanks for offering this, it means a lot!",2024-10-12 01:00:00,no
2960,2281,5141,Are there any group activities or just 1-on-1?,2025-02-01 02:00:00,no
2961,3145,3346,I'd love to learn more about this topic.,2025-05-25 11:00:00,no
2962,488,3261,"Would love to join, what's the next step?",2025-07-18 02:00:00,no
2963,2886,4992,"This sounds amazing, looking forward to it!",2025-03-13 12:00:00,no
2964,2926,2813,I've been looking for this kind of mentorship.,2025-09-11 20:00:00,no
2965,3103,3879,Will there be any real-world project work?,2025-09-15 05:00:00,no
2966,1290,2321,"Would love to join, what's the next step?",2024-11-13 02:00:00,no
2967,1375,3102,This looks exactly like what I need!,2025-06-14 00:00:00,no
2968,1103,1713,Can you share what past mentees have achieved?,2025-11-23 18:00:00,no
2969,735,2369,"This sounds amazing, looking forward to it!",2025-10-11 09:00:00,no
2970,743,5463,Will there be any real-world project work?,2024-10-09 03:00:00,no
2971,2168,1669,Does this cover advanced topics as well?,2025-09-05 05:00:00,no
2972,3132,1717,I'm very excited about this opportunity.,2024-09-03 10:00:00,no
2973,3128,5210,I'd love to learn more about this topic.,2025-10-25 12:00:00,no
2974,842,3869,This aligns perfectly with my career goals.,2025-05-23 07:00:00,no
2975,1366,4027,Will there be any real-world project work?,2025-11-04 22:00:00,no
2976,1316,1811,Is this suitable for intermediate level?,2025-10-16 19:00:00,no
2977,2772,5179,Will there be any real-world project work?,2025-10-22 00:00:00,no
2978,281,4833,Can you share what past mentees have achieved?,2025-10-17 02:00:00,no
2979,1715,3375,I've been looking for this kind of mentorship.,2025-10-12 12:00:00,no
2980,967,1675,Can you tell me more about the learning path?,2025-03-31 01:00:00,no
2981,2833,3216,Can you share what past mentees have achieved?,2025-06-21 06:00:00,no
2982,1750,1648,Can you share what past mentees have achieved?,2025-10-19 14:00:00,no
2983,2537,3460,This looks exactly like what I need!,2025-04-04 06:00:00,no
2984,3158,4975,Does this cover advanced topics as well?,2025-07-29 23:00:00,no
2985,2916,4130,Does this cover advanced topics as well?,2025-05-18 01:00:00,no
2986,897,1529,Can you tell me more about the learning path?,2025-10-12 22:00:00,no
2987,20,2982,Is this suitable for intermediate level?,2025-03-23 02:00:00,no
2988,842,2007,Love the focus on practical skills here.,2025-06-22 21:00:00,no
2989,508,4871,Is there a community of mentees I can connect with?,2024-12-09 15:00:00,no
2990,95,4818,"This sounds amazing, looking forward to it!",2024-06-17 00:00:00,no
2991,1397,3019,How do you measure progress during the mentorship?,2025-11-27 00:00:00,no
2992,1424,5108,What's the expected time commitment per week?,2024-12-11 12:00:00,no
2993,530,2796,What's the expected time commitment per week?,2025-12-02 17:00:00,no
2994,1597,1652,"Great mentorship opportunity, very interested.",2025-01-01 04:00:00,no
2995,705,3816,"Thanks for offering this, it means a lot!",2024-05-29 00:00:00,no
2996,2534,5246,Really excited to see this opportunity!,2025-01-11 11:00:00,no
2997,2873,4532,"This sounds amazing, looking forward to it!",2025-10-14 10:00:00,no
2998,2686,3128,I've been looking for this kind of mentorship.,2025-11-29 18:00:00,no
2999,66,5298,This seems like a solid learning path.,2025-02-02 08:00:00,no
3000,1924,4131,Does this cover advanced topics as well?,2025-11-07 15:00:00,no
3001,1204,4973,How often do the sessions take place?,2024-02-22 02:00:00,no
3002,95,2593,What tools or technologies will we use?,2024-06-04 04:00:00,no
3003,863,5174,Looking forward to growing my skills in this area.,2025-07-29 19:00:00,no
3004,2251,4647,"This sounds amazing, looking forward to it!",2025-03-09 11:00:00,no
3005,2344,4280,I've been looking for this kind of mentorship.,2024-11-07 14:00:00,no
3006,2847,2277,Will there be any real-world project work?,2025-10-09 07:00:00,no
3007,1469,1843,What tools or technologies will we use?,2025-06-02 03:00:00,no
3008,719,4234,What tools or technologies will we use?,2025-09-18 14:00:00,no
3009,2868,2228,"Would love to join, what's the next step?",2025-02-13 12:00:00,no
3010,1128,4969,Is this suitable for intermediate level?,2025-12-10 13:00:00,no
3011,1981,4619,I'd love to learn more about this topic.,2025-07-16 23:00:00,no
3012,775,4004,"This sounds amazing, looking forward to it!",2024-07-04 06:00:00,no
3013,887,1850,What's the expected time commitment per week?,2025-08-20 18:00:00,no
3014,2148,2530,Really excited to see this opportunity!,2024-11-05 02:00:00,no
3015,2868,2182,This aligns perfectly with my career goals.,2024-12-10 01:00:00,no
3016,727,3941,Can the schedule be flexible?,2025-06-19 03:00:00,no
3017,101,2346,"This sounds amazing, looking forward to it!",2025-08-31 13:00:00,no
3018,952,5492,How many mentees are you currently accepting?,2024-10-10 10:00:00,no
3019,1156,2927,Do you accept mentees from different time zones?,2025-03-06 07:00:00,no
3020,758,4049,What's the best way to prepare before starting?,2025-07-14 18:00:00,no
3021,680,2674,Will there be any hands-on projects?,2025-03-23 14:00:00,no
3022,115,4064,Do you accept mentees from different time zones?,2024-06-23 06:00:00,no
3023,2981,3914,How many mentees are you currently accepting?,2025-02-07 09:00:00,no
3024,396,4757,Do I need any prerequisites before joining?,2025-06-15 17:00:00,no
3025,1375,3994,How many mentees are you currently accepting?,2025-06-13 17:00:00,no
3026,2486,5224,"Would love to join, what's the next step?",2025-11-19 16:00:00,no
3027,3016,1926,Looking forward to growing my skills in this area.,2025-07-24 00:00:00,no
3028,993,4459,How many mentees are you currently accepting?,2025-08-26 20:00:00,no
3029,717,2834,This seems like a solid learning path.,2025-10-02 22:00:00,no
3030,2955,2418,Really excited to see this opportunity!,2025-03-15 20:00:00,no
3031,1370,2702,Can you tell me more about the learning path?,2024-06-10 02:00:00,no
3032,675,4656,Love the focus on practical skills here.,2025-11-15 01:00:00,no
3033,322,2030,Is this suitable for intermediate level?,2024-09-01 17:00:00,no
3034,1189,4504,Is there a community of mentees I can connect with?,2025-05-03 10:00:00,no
3035,1185,1501,Looking forward to growing my skills in this area.,2024-09-17 22:00:00,no
3036,2671,4887,This seems like a solid learning path.,2025-09-16 04:00:00,no
3037,2245,2276,Are there any group activities or just 1-on-1?,2025-04-02 18:00:00,no
3038,1894,1789,What resources will be provided during mentorship?,2025-05-06 08:00:00,no
3039,2686,1838,Can you share what past mentees have achieved?,2025-12-13 20:00:00,no
3040,1950,2364,Interesting approach to teaching this topic.,2025-07-24 06:00:00,no
3041,475,3533,"This sounds amazing, looking forward to it!",2024-10-07 15:00:00,no
3042,1563,1774,"Bookmarked this, will apply soon!",2025-07-30 02:00:00,no
3043,977,3785,How will the sessions be structured?,2025-08-18 08:00:00,no
3044,2561,1735,What's the best way to prepare before starting?,2025-09-10 09:00:00,no
3045,1199,5182,How often do the sessions take place?,2025-09-06 18:00:00,no
3046,607,3585,Do I need any prerequisites before joining?,2025-10-02 00:00:00,no
3047,1514,4146,Really excited to see this opportunity!,2025-10-11 20:00:00,no
3048,2936,2120,Can you share what past mentees have achieved?,2025-10-10 14:00:00,no
3049,502,5081,Can you share what past mentees have achieved?,2025-11-20 00:00:00,no
3050,2886,2533,I've been looking for this kind of mentorship.,2025-04-01 08:00:00,no
3051,1042,2443,"Great mentorship opportunity, very interested.",2025-10-01 15:00:00,no
3052,1735,3080,How do you measure progress during the mentorship?,2024-09-11 11:00:00,no
3053,5,4517,I'm very excited about this opportunity.,2025-05-28 20:00:00,no
3054,678,4008,How many mentees are you currently accepting?,2025-10-22 01:00:00,no
3055,2961,1637,Can the schedule be flexible?,2025-07-01 22:00:00,no
3056,2862,1635,"Would love to join, what's the next step?",2025-11-11 07:00:00,no
3057,2282,3949,"This sounds amazing, looking forward to it!",2025-08-12 16:00:00,no
3058,248,4517,Will there be any real-world project work?,2025-05-23 11:00:00,no
3059,2137,3976,Can the schedule be flexible?,2025-09-20 08:00:00,no
3060,248,1893,"Thanks for offering this, it means a lot!",2025-08-04 21:00:00,no
3061,2329,2353,Will there be any real-world project work?,2025-08-19 06:00:00,no
3062,2529,2643,"Would love to join, what's the next step?",2025-12-02 02:00:00,no
3063,720,5248,Can you share what past mentees have achieved?,2025-11-27 04:00:00,no
3064,2124,2715,I'd love to learn more about this topic.,2024-09-17 18:00:00,no
3065,1414,4775,"Thanks for offering this, it means a lot!",2025-10-28 09:00:00,no
3066,2035,2498,Can you share what past mentees have achieved?,2025-08-05 13:00:00,no
3067,1250,5053,What's the best way to prepare before starting?,2024-02-18 17:00:00,no
3068,1446,3801,This seems like a solid learning path.,2025-10-21 23:00:00,no
3069,23,4356,I'd love to learn more about this topic.,2025-02-19 03:00:00,no
3070,3008,3223,Looking forward to growing my skills in this area.,2025-09-01 02:45:33,no
3071,1985,3017,How many mentees are you currently accepting?,2025-11-22 14:00:00,no
3072,2868,2812,Will there be any hands-on projects?,2024-12-30 08:00:00,no
3073,2179,5219,I'd love to learn more about this topic.,2024-03-29 17:00:00,no
3074,530,5490,Can the schedule be flexible?,2025-09-12 02:00:00,no
3075,1063,2835,Interesting approach to teaching this topic.,2024-10-14 13:00:00,no
3076,140,4630,Is this suitable for intermediate level?,2024-04-03 01:00:00,no
3077,66,2466,What tools or technologies will we use?,2025-01-29 08:00:00,no
3078,2366,1531,How will the sessions be structured?,2025-11-08 20:00:00,no
3079,1576,2049,"Thanks for offering this, it means a lot!",2025-04-14 07:00:00,no
3080,989,5199,"Bookmarked this, will apply soon!",2025-08-14 14:00:00,no
3081,642,3290,This looks exactly like what I need!,2025-12-17 23:00:00,no
3082,1899,4638,Interesting approach to teaching this topic.,2025-11-26 06:00:00,no
3083,2972,1704,I've been looking for this kind of mentorship.,2025-07-28 02:00:00,no
3084,3147,4036,Is there a community of mentees I can connect with?,2024-10-14 18:00:00,no
3085,459,5397,How do you measure progress during the mentorship?,2024-05-05 05:00:00,no
3086,2503,2249,What's the expected time commitment per week?,2025-11-04 20:00:00,no
3087,2533,3360,Can you tell me more about the learning path?,2024-06-21 21:00:00,no
3088,2671,2772,Can the schedule be flexible?,2025-09-07 10:00:00,no
3089,2335,2018,I'm very excited about this opportunity.,2024-10-12 22:00:00,no
3090,38,4576,How flexible is the mentorship timeline?,2024-09-18 04:00:00,no
3091,1287,4082,How flexible is the mentorship timeline?,2025-05-15 23:00:00,no
3092,1978,3563,Will there be any real-world project work?,2025-05-27 09:00:00,no
3093,2405,3636,I've been looking for this kind of mentorship.,2025-10-01 10:00:00,no
3094,1546,4808,How do you measure progress during the mentorship?,2025-06-02 16:00:00,no
3095,2808,1661,How often do the sessions take place?,2025-05-23 13:00:00,no
3096,2616,3037,Will there be any hands-on projects?,2025-11-03 09:00:00,no
3097,1056,5102,Looking forward to growing my skills in this area.,2025-12-10 09:00:00,no
3098,1414,1777,I'm very excited about this opportunity.,2025-10-17 13:00:00,no
3099,1345,2064,Looking forward to growing my skills in this area.,2025-07-23 09:00:00,no
3100,1662,5383,"Bookmarked this, will apply soon!",2024-07-11 19:00:00,no
3101,645,4690,How do you measure progress during the mentorship?,2025-03-13 21:00:00,no
3102,133,3877,Really excited to see this opportunity!,2024-08-27 00:00:00,no
3103,23,4764,I've been looking for this kind of mentorship.,2025-03-28 22:00:00,no
3104,645,4847,What resources will be provided during mentorship?,2025-03-31 14:00:00,no
3105,311,3775,"Thanks for offering this, it means a lot!",2025-07-30 20:00:00,no
3106,811,1967,Looking forward to growing my skills in this area.,2025-11-29 19:00:00,no
3107,2640,5054,Will there be any hands-on projects?,2025-05-17 08:00:00,no
3108,396,5144,I've been looking for this kind of mentorship.,2025-06-24 07:00:00,no
3109,1563,4841,How flexible is the mentorship timeline?,2025-07-19 07:00:00,no
3110,754,4443,"Thanks for offering this, it means a lot!",2025-04-23 02:00:00,no
3111,3053,5085,This seems like a solid learning path.,2025-12-04 01:00:00,no
3112,1185,5196,How do you measure progress during the mentorship?,2024-09-12 00:00:00,no
3113,2159,3982,This looks exactly like what I need!,2025-11-02 17:00:00,no
3114,77,3310,Is this suitable for intermediate level?,2025-01-26 16:00:00,no
3115,530,3493,Is this suitable for intermediate level?,2025-10-03 05:00:00,no
3116,1713,2560,What's the expected time commitment per week?,2025-07-31 01:00:00,no
3117,3035,4532,How do you measure progress during the mentorship?,2025-08-10 01:00:00,no
3118,1923,5115,This seems like a solid learning path.,2025-05-21 18:00:00,no
3119,102,3437,Will there be any hands-on projects?,2025-09-09 05:00:00,no
3120,2833,2159,Is this suitable for intermediate level?,2025-04-27 00:00:00,no
3121,396,4715,How often do the sessions take place?,2025-06-14 14:00:00,no
3122,56,2660,I've been looking for this kind of mentorship.,2025-12-01 00:00:00,no
3123,2692,5202,Do you accept mentees from different time zones?,2025-07-09 10:13:13,no
3124,2926,1847,I've been looking for this kind of mentorship.,2025-06-22 17:00:00,no
3125,1811,5021,"Bookmarked this, will apply soon!",2025-01-05 12:00:00,no
3126,1192,3206,Does this cover advanced topics as well?,2024-07-18 11:00:00,no
3127,2774,4448,This seems like a solid learning path.,2025-11-29 09:00:00,no
3128,2907,2619,Do you accept mentees from different time zones?,2025-07-20 14:00:00,no
3129,727,3856,Looking forward to growing my skills in this area.,2025-06-21 15:00:00,no
3130,2809,4792,Really excited to see this opportunity!,2025-05-27 19:00:00,no
3131,2035,3857,This aligns perfectly with my career goals.,2025-07-23 19:00:00,no
3132,727,1762,Can the schedule be flexible?,2025-06-09 17:39:59,no
3133,1597,5293,How flexible is the mentorship timeline?,2025-02-10 13:00:00,no
3134,2914,2082,Can you tell me more about the learning path?,2025-08-29 00:00:00,no
3135,645,3691,What tools or technologies will we use?,2025-03-13 01:00:00,no
3136,993,5277,How often do the sessions take place?,2025-09-06 02:00:00,no
3137,933,4588,Can the schedule be flexible?,2025-08-24 12:00:00,no
3138,2094,1767,How flexible is the mentorship timeline?,2025-12-13 23:00:00,no
3139,440,1573,I'm very excited about this opportunity.,2024-07-09 03:00:00,no
3140,1960,1952,Are there any group activities or just 1-on-1?,2025-09-03 04:00:00,no
3141,2225,2372,Do I need any prerequisites before joining?,2025-09-27 14:00:00,no
3142,248,4642,Does this cover advanced topics as well?,2025-05-30 03:00:00,no
3143,581,4034,Really excited to see this opportunity!,2025-06-24 09:00:00,no
3144,187,3585,How often do the sessions take place?,2025-05-01 23:00:00,no
3145,1101,2199,How will the sessions be structured?,2025-09-11 14:00:00,no
3146,844,5432,Do you accept mentees from different time zones?,2025-10-21 01:00:00,no
3147,2330,4617,Do you accept mentees from different time zones?,2025-03-16 08:00:00,no
3148,2046,3258,How do you measure progress during the mentorship?,2025-04-05 12:00:00,no
3149,421,3091,I'm very excited about this opportunity.,2025-10-31 13:00:00,no
3150,719,3422,Do I need any prerequisites before joining?,2025-07-21 07:00:00,no
3151,1172,3260,This aligns perfectly with my career goals.,2024-10-04 13:00:00,no
3152,1408,2633,Interesting approach to teaching this topic.,2025-11-15 19:00:00,no
3153,471,4911,Will there be any hands-on projects?,2025-04-06 03:00:00,no
3154,844,5422,Looking forward to growing my skills in this area.,2025-09-22 15:00:00,no
3155,1370,3667,What resources will be provided during mentorship?,2024-07-06 02:00:00,no
3156,2758,5318,How flexible is the mentorship timeline?,2025-08-10 13:00:00,no
3157,2197,5259,I'm very excited about this opportunity.,2025-10-03 18:00:00,no
3158,2046,4681,Are there any group activities or just 1-on-1?,2025-05-12 23:00:00,no
3159,645,2565,Looking forward to growing my skills in this area.,2025-03-30 19:00:00,no
3160,956,3253,Does this cover advanced topics as well?,2025-06-06 09:04:48,no
3161,1712,2333,This seems like a solid learning path.,2024-09-11 23:00:00,no
3162,1694,2693,Can you tell me more about the learning path?,2025-09-16 15:00:00,no
3163,645,3854,How flexible is the mentorship timeline?,2025-05-27 15:00:00,no
3164,956,3374,Do you accept mentees from different time zones?,2025-08-04 08:00:00,no
3165,1189,4628,"Thanks for offering this, it means a lot!",2025-05-11 18:00:00,no
3166,3103,4152,"Thanks for offering this, it means a lot!",2025-07-21 01:00:00,no
3167,2017,2658,"This sounds amazing, looking forward to it!",2025-09-07 09:00:00,no
3168,1192,4530,This looks exactly like what I need!,2024-07-07 04:00:00,no
3169,454,3081,"This sounds amazing, looking forward to it!",2025-09-20 04:00:00,no
3170,779,4454,Will there be any real-world project work?,2025-05-31 14:00:00,no
3171,1651,5466,Do you accept mentees from different time zones?,2025-10-22 06:00:00,no
3172,2344,3932,How many mentees are you currently accepting?,2024-12-31 05:00:00,no
3173,705,3229,What resources will be provided during mentorship?,2024-04-09 16:00:00,no
3174,530,4895,Love the focus on practical skills here.,2025-11-03 17:00:00,no
3175,1369,2203,How will the sessions be structured?,2025-10-11 18:00:00,no
3176,459,2885,Are there any group activities or just 1-on-1?,2024-06-11 09:00:00,no
3177,2098,2842,Can you share what past mentees have achieved?,2024-12-14 23:00:00,no
3178,1851,1802,Are there any group activities or just 1-on-1?,2025-08-09 18:28:36,no
3179,645,2787,This seems like a solid learning path.,2025-04-05 09:00:00,no
3180,1369,4804,How will the sessions be structured?,2025-08-23 07:00:00,no
3181,1784,3963,Can you tell me more about the learning path?,2025-07-10 04:00:00,no
3182,2272,3674,Do you accept mentees from different time zones?,2025-10-03 13:00:00,no
3183,3015,5295,"This sounds amazing, looking forward to it!",2025-08-20 21:00:00,no
3184,967,2959,This looks exactly like what I need!,2025-04-05 19:00:00,no
3185,1750,5268,Do you accept mentees from different time zones?,2025-10-24 08:00:00,no
3186,2204,5358,This looks exactly like what I need!,2025-01-15 01:00:00,no
3187,3088,2488,Will there be any hands-on projects?,2025-06-20 15:00:00,no
3188,675,2391,How do you measure progress during the mentorship?,2025-11-26 14:00:00,no
3189,897,1537,Does this cover advanced topics as well?,2025-10-22 17:00:00,no
3190,2264,2757,This seems like a solid learning path.,2025-09-10 20:00:00,no
3191,675,4992,I'm very excited about this opportunity.,2025-10-30 18:00:00,no
3192,43,4635,What's the expected time commitment per week?,2025-09-05 23:00:00,no
3193,3039,5089,This looks exactly like what I need!,2025-07-31 21:00:00,no
3194,2580,3492,"Would love to join, what's the next step?",2025-03-13 20:00:00,no
3195,553,2262,"This sounds amazing, looking forward to it!",2025-11-04 10:00:00,no
3196,140,4424,Love the focus on practical skills here.,2024-06-02 07:00:00,no
3197,43,1867,What's the best way to prepare before starting?,2025-10-12 23:00:00,no
3198,1039,3561,How flexible is the mentorship timeline?,2025-10-05 19:00:00,no
3199,1264,1693,Can the schedule be flexible?,2025-09-02 06:00:00,no
3200,140,2860,Can the schedule be flexible?,2024-03-25 20:00:00,no
3201,2542,4561,Love the focus on practical skills here.,2024-06-29 02:00:00,no
3202,1127,1580,This seems like a solid learning path.,2025-09-25 16:00:00,no
3203,1969,4784,Will there be any hands-on projects?,2024-09-02 02:00:00,no
3204,2429,2145,How flexible is the mentorship timeline?,2025-11-27 02:00:00,no
3205,1603,2304,What's the best way to prepare before starting?,2025-10-02 03:00:00,no
3206,2607,3435,Can the schedule be flexible?,2025-06-03 21:00:00,no
3207,221,4645,"Great mentorship opportunity, very interested.",2024-06-17 13:00:00,no
3208,2035,3021,I've been looking for this kind of mentorship.,2025-08-12 01:00:00,no
3209,532,1648,This looks exactly like what I need!,2025-10-14 06:00:00,no
3210,109,3766,Can the schedule be flexible?,2025-07-25 16:00:00,no
3211,405,4438,This looks exactly like what I need!,2025-06-20 03:00:00,no
3212,2926,5012,Looking forward to growing my skills in this area.,2025-09-11 00:00:00,no
3213,1469,5103,I've been looking for this kind of mentorship.,2025-08-13 22:00:00,no
3214,831,4932,How will the sessions be structured?,2025-08-01 03:00:00,no
3215,747,1820,Is there a community of mentees I can connect with?,2025-07-06 19:00:00,no
3216,2046,3659,Really excited to see this opportunity!,2025-03-14 15:00:00,no
3217,530,2316,Really excited to see this opportunity!,2025-10-04 12:00:00,no
3218,3175,2984,Will there be any real-world project work?,2025-10-10 23:00:00,no
3219,342,4781,I'm very excited about this opportunity.,2025-01-17 20:00:00,no
3220,482,3363,Will there be any hands-on projects?,2025-12-10 05:00:00,no
3221,1308,4465,"Would love to join, what's the next step?",2025-09-30 08:00:00,no
3222,1869,2668,How flexible is the mentorship timeline?,2024-12-27 11:00:00,no
3223,405,3358,I've been looking for this kind of mentorship.,2025-06-11 12:00:00,no
3224,1340,3464,Love the focus on practical skills here.,2024-12-14 01:00:00,no
3225,2181,4573,What's the best way to prepare before starting?,2024-12-07 23:00:00,no
3226,291,3843,"Bookmarked this, will apply soon!",2025-07-02 09:00:00,no
3227,2108,4625,I've been looking for this kind of mentorship.,2025-08-31 04:00:00,no
3228,2817,2870,Love the focus on practical skills here.,2024-10-29 02:00:00,no
3229,2069,2976,Are there any group activities or just 1-on-1?,2024-08-03 00:00:00,no
3230,360,4881,How flexible is the mentorship timeline?,2024-06-20 02:00:00,no
3231,322,1593,Love the focus on practical skills here.,2024-09-10 04:00:00,no
3232,2159,1944,Can you share what past mentees have achieved?,2025-10-24 15:00:00,no
3233,322,4868,Can you tell me more about the learning path?,2024-10-14 23:00:00,no
3234,2936,2102,How many mentees are you currently accepting?,2025-11-11 09:00:00,no
3235,2253,4997,This looks exactly like what I need!,2025-09-29 09:00:00,no
3236,1043,2835,This looks exactly like what I need!,2025-12-17 00:00:00,no
3237,2822,3819,How often do the sessions take place?,2025-03-12 20:00:00,no
3238,2264,4840,How often do the sessions take place?,2025-09-13 11:00:00,no
3239,3020,4328,Does this cover advanced topics as well?,2025-12-02 15:00:00,no
3240,1185,1728,Do I need any prerequisites before joining?,2024-10-18 15:00:00,no
3241,645,4078,"Would love to join, what's the next step?",2025-03-29 00:00:00,no
3242,1896,4040,This looks exactly like what I need!,2025-10-01 08:00:00,no
3243,1930,4441,Is there a community of mentees I can connect with?,2025-06-28 08:00:00,no
3244,530,4213,Does this cover advanced topics as well?,2025-09-26 22:00:00,no
3245,685,5175,What tools or technologies will we use?,2025-09-14 09:00:00,no
3246,2862,4277,What tools or technologies will we use?,2025-10-24 06:00:00,no
3247,488,2531,Are there any group activities or just 1-on-1?,2025-06-11 07:00:00,no
3248,2296,3722,Do you accept mentees from different time zones?,2025-05-18 04:00:00,no
3249,1152,4008,"Great mentorship opportunity, very interested.",2025-07-15 13:00:00,no
3250,2505,2520,Really excited to see this opportunity!,2025-11-15 00:00:00,no
3251,2610,4299,What's the best way to prepare before starting?,2025-03-28 00:00:00,no
3252,2833,2650,"Would love to join, what's the next step?",2025-05-29 16:00:00,no
3253,439,3061,I'd love to learn more about this topic.,2026-01-01 13:00:00,no
3254,2037,4293,What's the expected time commitment per week?,2025-11-04 07:00:00,no
3255,1576,4721,Are there any group activities or just 1-on-1?,2025-06-18 06:00:00,no
3256,2763,3201,"Thanks for offering this, it means a lot!",2025-11-14 21:00:00,no
3257,2177,2057,Does this cover advanced topics as well?,2025-08-10 18:00:00,no
3258,1712,5112,Does this cover advanced topics as well?,2025-05-14 01:18:34,no
3259,2148,3836,I've been looking for this kind of mentorship.,2024-11-04 13:00:00,no
3260,2258,4382,What's the best way to prepare before starting?,2025-07-06 09:00:00,no
3261,367,3916,Can the schedule be flexible?,2025-05-26 12:00:00,no
3262,817,3334,"Thanks for offering this, it means a lot!",2025-04-13 00:00:00,no
3263,488,3545,Is this suitable for intermediate level?,2025-06-22 18:00:00,no
3264,2205,4240,This looks exactly like what I need!,2024-11-04 05:00:00,no
3265,1841,3963,Will there be any real-world project work?,2024-06-21 22:00:00,no
3266,844,5027,How often do the sessions take place?,2025-10-10 22:00:00,no
3267,759,4574,I've been looking for this kind of mentorship.,2025-08-18 15:00:00,no
3268,2774,3735,Can you tell me more about the learning path?,2025-12-09 23:00:00,no
3269,1414,2676,Love the focus on practical skills here.,2025-10-09 18:00:00,no
3270,5,1724,How often do the sessions take place?,2025-04-11 16:00:00,no
3271,1064,4634,What resources will be provided during mentorship?,2025-05-16 13:00:00,no
3272,3001,5332,What's the expected time commitment per week?,2025-11-18 08:00:00,no
3273,2843,2500,This seems like a solid learning path.,2025-05-24 05:00:00,no
3274,1434,1728,Can the schedule be flexible?,2025-11-07 20:00:00,no
3275,1534,5458,How will the sessions be structured?,2025-08-06 08:00:00,no
3276,1474,4366,What's the best way to prepare before starting?,2025-08-01 07:00:00,no
3277,2344,5268,This aligns perfectly with my career goals.,2024-12-04 03:00:00,no
3278,347,4970,How do you measure progress during the mentorship?,2024-08-30 07:00:00,no
3279,2303,4104,How flexible is the mentorship timeline?,2024-11-18 22:00:00,no
3280,10,2346,What resources will be provided during mentorship?,2024-12-18 14:00:00,no
3281,3016,2813,How many mentees are you currently accepting?,2025-09-29 19:00:00,no
3282,1469,5046,This aligns perfectly with my career goals.,2025-06-15 06:00:00,no
3283,5,2738,Looking forward to growing my skills in this area.,2025-05-23 11:00:00,no
3284,1293,3894,How do you measure progress during the mentorship?,2025-07-26 05:00:00,no
3285,3016,5306,"Great mentorship opportunity, very interested.",2025-08-13 03:00:00,no
3286,1318,2037,Can you tell me more about the learning path?,2025-10-01 16:00:00,no
3287,977,1600,Can the schedule be flexible?,2025-09-04 11:00:00,no
3288,5,4966,"Great mentorship opportunity, very interested.",2025-04-05 17:00:00,no
3289,2291,3158,I've been looking for this kind of mentorship.,2025-06-12 04:00:00,no
3290,710,4876,Love the focus on practical skills here.,2025-07-16 10:00:00,no
3291,2147,3680,Looking forward to growing my skills in this area.,2024-11-08 16:00:00,no
3292,2563,3100,Love the focus on practical skills here.,2025-12-04 18:00:00,no
3293,3064,3094,I'd love to learn more about this topic.,2025-09-19 21:00:00,no
3294,678,1666,This aligns perfectly with my career goals.,2025-12-14 10:00:00,no
3295,2793,2865,"Great mentorship opportunity, very interested.",2025-09-23 05:00:00,no
3296,1039,4390,I'm very excited about this opportunity.,2025-10-03 07:00:00,no
3297,611,2106,Are there any group activities or just 1-on-1?,2025-07-02 17:00:00,no
3298,2868,4881,"Thanks for offering this, it means a lot!",2024-12-03 22:00:00,no
3299,248,1501,How flexible is the mentorship timeline?,2025-06-10 08:00:00,no
3300,2698,3544,How often do the sessions take place?,2024-05-21 12:00:00,no
3301,2147,5476,This looks exactly like what I need!,2024-11-02 09:00:00,no
3302,2993,4601,How flexible is the mentorship timeline?,2024-03-21 01:00:00,no
3303,1105,3944,Is there a community of mentees I can connect with?,2025-11-02 07:00:00,no
3304,2946,1636,I've been looking for this kind of mentorship.,2025-09-14 17:00:00,no
3305,2077,2535,"Bookmarked this, will apply soon!",2025-10-24 00:27:42,no
3306,1089,4466,"This sounds amazing, looking forward to it!",2025-10-03 02:23:15,no
3307,268,3190,Love the focus on practical skills here.,2025-01-19 19:00:00,no
3308,687,4571,How many mentees are you currently accepting?,2025-11-25 08:00:00,no
3309,2204,4315,What's the best way to prepare before starting?,2024-12-12 06:00:00,no
3310,779,1899,This aligns perfectly with my career goals.,2025-06-19 13:00:00,no
3311,779,2838,"Would love to join, what's the next step?",2025-05-19 04:00:00,no
3312,645,1711,"Thanks for offering this, it means a lot!",2025-04-30 16:00:00,no
3313,2366,4820,Is this suitable for intermediate level?,2025-11-21 16:00:00,no
3314,2854,2953,This aligns perfectly with my career goals.,2024-05-06 00:00:00,no
3315,1278,1861,How often do the sessions take place?,2025-11-04 19:00:00,no
3316,645,5215,How many mentees are you currently accepting?,2025-04-05 17:00:00,no
3317,2671,4121,Will there be any hands-on projects?,2025-09-05 10:00:00,no
3318,3120,1918,"Thanks for offering this, it means a lot!",2025-07-30 01:00:00,no
3319,774,3760,"Bookmarked this, will apply soon!",2024-05-31 03:00:00,no
3320,3109,2253,How do you measure progress during the mentorship?,2024-10-16 11:00:00,no
3321,2833,3401,What's the best way to prepare before starting?,2025-05-25 00:00:00,no
3322,3186,2622,Interesting approach to teaching this topic.,2025-09-28 06:00:00,no
3323,248,2495,What resources will be provided during mentorship?,2025-07-05 15:00:00,no
3324,678,4708,Do you accept mentees from different time zones?,2025-10-18 14:00:00,no
3325,1378,4948,Will there be any hands-on projects?,2024-10-01 16:00:00,no
3326,1856,5475,Do I need any prerequisites before joining?,2025-05-18 12:00:00,no
3327,1197,4347,Does this cover advanced topics as well?,2025-06-09 11:00:00,no
3328,2811,1503,"Great mentorship opportunity, very interested.",2025-07-01 13:00:00,no
3329,2504,2519,Can you tell me more about the learning path?,2025-11-04 11:00:00,no
3330,2868,3735,Are there any group activities or just 1-on-1?,2024-12-22 20:00:00,no
3331,967,3633,"Bookmarked this, will apply soon!",2025-05-02 01:00:00,no
3332,2505,4851,Can the schedule be flexible?,2025-11-02 08:00:00,no
3333,989,4591,How flexible is the mentorship timeline?,2025-09-28 18:00:00,no
3334,2621,5291,"Bookmarked this, will apply soon!",2025-09-01 18:00:00,no
3335,2952,2013,Can you share what past mentees have achieved?,2025-04-03 16:00:00,no
3336,729,2506,Love the focus on practical skills here.,2025-08-02 00:00:00,no
3337,3199,5245,How often do the sessions take place?,2025-05-14 16:00:00,no
3338,1745,2866,This seems like a solid learning path.,2025-09-25 08:00:00,no
3339,1128,1735,Love the focus on practical skills here.,2025-12-04 08:00:00,no
3340,844,4865,Will there be any real-world project work?,2025-10-08 02:00:00,no
3341,462,5149,Will there be any hands-on projects?,2025-08-01 23:00:00,no
3342,1251,5489,Is there a community of mentees I can connect with?,2024-09-04 00:00:00,no
3343,1352,4983,Can you tell me more about the learning path?,2025-05-03 17:00:00,no
3344,779,3809,Interesting approach to teaching this topic.,2025-05-16 17:00:00,no
3345,2296,5202,Is this suitable for intermediate level?,2025-05-02 19:00:00,no
3346,2569,1684,This seems like a solid learning path.,2025-10-20 18:00:00,no
3347,2129,4917,Will there be any hands-on projects?,2025-09-27 11:00:00,no
3348,3007,1659,How do you measure progress during the mentorship?,2025-10-16 07:00:00,no
3349,3033,5323,Are there any group activities or just 1-on-1?,2024-12-27 06:00:00,no
3350,2958,3343,Will there be any hands-on projects?,2025-10-30 10:00:00,no
