id,follower_id,following_id,followed_at
1,1501,56,2024-03-13
2,1501,149,2023-11-16
3,1501,199,2024-02-18
4,1501,227,2024-06-07
5,1501,1004,2024-02-01
6,1501,1169,2024-10-03
7,1502,11,2024-02-25
8,1502,154,2024-12-18
9,1502,638,2023-12-11
10,1502,687,2024-05-10
11,1502,734,2024-06-16
12,1503,38,2024-07-19
13,1503,136,2023-12-14
14,1503,159,2025-02-05
15,1503,322,2023-12-31
16,1503,516,2025-01-25
17,1503,607,2024-06-13
18,1503,638,2024-11-02
19,1503,923,2024-11-27
20,1503,1143,2024-07-01
21,1504,37,2024-09-25
22,1504,116,2024-07-08
23,1504,163,2024-01-15
24,1504,381,2025-01-30
25,1504,1283,2024-01-23
26,1504,1349,2023-11-27
27,1505,14,2023-10-27
28,1505,59,2024-12-19
29,1505,63,2024-01-10
30,1505,81,2024-09-11
31,1506,31,2023-12-06
32,1506,165,2025-01-11
33,1506,227,2024-06-27
34,1506,235,2025-01-19
35,1506,479,2024-12-13
36,1506,775,2024-08-16
37,1506,843,2024-07-20
38,1507,37,2024-12-16
39,1507,123,2024-01-21
40,1507,671,2023-12-11
41,1507,843,2024-09-05
42,1507,1094,2024-01-27
43,1508,82,2024-03-01
44,1508,548,2024-07-11
45,1509,13,2025-02-07
46,1509,633,2024-05-21
47,1509,1265,2024-01-15
48,1510,20,2024-08-08
49,1510,147,2024-07-25
50,1510,246,2024-04-11
51,1510,336,2024-10-30
52,1510,473,2024-12-17
53,1510,881,2024-06-27
54,1510,1175,2024-11-24
55,1511,13,2024-10-28
56,1511,475,2024-10-05
57,1511,609,2024-08-25
58,1511,732,2024-05-31
59,1511,750,2024-02-16
60,1511,922,2024-11-11
61,1511,1258,2024-05-25
62,1512,191,2025-01-05
63,1512,215,2024-12-16
64,1512,392,2024-02-15
65,1512,460,2025-01-09
66,1512,506,2024-12-14
67,1512,826,2024-07-22
68,1512,1478,2024-02-21
69,1513,165,2025-01-10
70,1513,200,2023-12-17
71,1513,222,2024-12-27
72,1513,301,2024-07-09
73,1513,490,2024-01-18
74,1513,627,2024-07-24
75,1513,671,2024-10-02
76,1514,56,2024-03-31
77,1514,195,2024-05-16
78,1514,848,2023-11-03
79,1514,890,2024-04-10
80,1514,1089,2024-02-14
81,1514,1091,2024-08-08
82,1514,1396,2024-11-07
83,1515,169,2024-06-06
84,1515,565,2024-11-01
85,1515,1153,2023-10-31
86,1515,1306,2024-06-28
87,1516,192,2024-11-25
88,1516,887,2024-10-13
89,1516,1095,2024-08-16
90,1517,97,2024-07-24
91,1517,219,2024-10-22
92,1517,522,2024-09-09
93,1517,843,2024-05-26
94,1518,125,2024-05-13
95,1518,678,2024-10-02
96,1518,835,2025-02-05
97,1518,1186,2023-12-19
98,1519,163,2024-06-08
99,1519,539,2024-06-20
100,1519,1074,2024-10-12
101,1520,105,2023-11-20
102,1520,137,2024-05-13
103,1520,146,2025-01-02
104,1520,493,2025-02-11
105,1520,671,2024-06-30
106,1520,1169,2024-02-17
107,1521,13,2025-01-22
108,1521,203,2024-05-14
109,1521,614,2024-07-11
110,1521,978,2024-11-22
111,1521,1081,2024-12-06
112,1521,1248,2024-01-03
113,1521,1359,2025-01-02
114,1522,13,2024-11-28
115,1522,146,2023-10-27
116,1522,506,2024-04-23
117,1522,796,2024-11-14
118,1522,1061,2023-10-21
119,1523,15,2024-04-29
120,1523,880,2024-07-22
121,1523,919,2024-01-01
122,1523,1095,2023-12-02
123,1524,38,2024-09-21
124,1524,688,2024-12-23
125,1524,794,2024-01-15
126,1524,828,2024-01-20
127,1524,912,2024-02-11
128,1524,915,2024-09-06
129,1524,1000,2024-04-15
130,1524,1383,2024-04-04
131,1525,88,2024-09-29
132,1525,123,2024-01-09
133,1525,377,2023-12-03
134,1525,759,2024-05-08
135,1525,781,2024-10-01
136,1525,878,2025-01-09
137,1525,1035,2024-09-21
138,1526,175,2024-04-24
139,1526,461,2023-10-27
140,1526,1461,2024-11-20
141,1527,12,2024-04-08
142,1527,138,2024-07-22
143,1527,1186,2024-06-05
144,1527,1422,2025-02-10
145,1527,1473,2023-12-12
146,1527,1478,2024-10-05
147,1528,97,2024-03-03
148,1528,1001,2024-05-14
149,1528,1309,2024-08-06
150,1529,67,2024-01-04
151,1529,146,2024-10-29
152,1529,196,2023-11-26
153,1529,379,2024-07-13
154,1529,627,2024-09-17
155,1529,691,2024-11-17
156,1529,1159,2025-02-10
157,1530,175,2024-01-17
158,1530,375,2023-11-26
159,1530,716,2024-08-07
160,1530,877,2023-12-30
161,1530,1310,2024-04-04
162,1530,1385,2024-08-05
163,1531,79,2024-05-10
164,1531,97,2024-06-09
165,1531,629,2024-11-09
166,1531,697,2024-08-19
167,1531,791,2023-11-09
168,1531,920,2024-07-31
169,1531,1210,2024-08-17
170,1531,1286,2024-07-19
171,1532,97,2024-11-18
172,1532,351,2024-10-03
173,1532,765,2024-03-05
174,1533,149,2024-02-17
175,1533,543,2024-05-27
176,1534,81,2024-09-03
177,1534,675,2024-08-26
178,1535,56,2024-07-23
179,1535,118,2024-03-15
180,1535,569,2024-11-24
181,1535,583,2024-07-25
182,1535,769,2025-01-06
183,1536,38,2023-10-28
184,1536,109,2024-01-09
185,1536,434,2023-12-23
186,1536,521,2025-01-18
187,1536,923,2025-02-01
188,1536,978,2023-11-08
189,1537,11,2024-12-28
190,1537,379,2024-04-06
191,1537,622,2024-12-01
192,1537,627,2023-11-06
193,1537,956,2024-08-24
194,1537,1432,2024-10-08
195,1538,38,2024-10-27
196,1538,263,2024-02-14
197,1538,325,2024-09-23
198,1538,598,2024-12-23
199,1538,608,2024-07-23
200,1538,736,2024-05-28
201,1538,829,2024-10-22
202,1538,1152,2024-08-21
203,1538,1303,2024-10-20
204,1538,1395,2024-10-08
205,1539,147,2024-02-25
206,1539,565,2024-07-05
207,1540,56,2024-03-17
208,1540,534,2024-09-15
209,1540,966,2023-12-25
210,1540,999,2024-03-20
211,1540,1192,2025-01-13
212,1540,1248,2024-08-25
213,1540,1379,2024-04-09
214,1540,1481,2024-12-26
215,1541,122,2024-10-30
216,1541,147,2024-08-27
217,1541,227,2024-07-08
218,1541,229,2024-07-29
219,1541,441,2024-09-06
220,1541,651,2023-11-22
221,1541,948,2024-09-15
222,1541,1272,2023-12-02
223,1541,1351,2024-03-13
224,1542,165,2024-04-14
225,1542,466,2024-06-07
226,1542,477,2024-09-04
227,1542,793,2024-07-25
228,1542,852,2024-07-05
229,1543,11,2024-06-10
230,1543,732,2024-12-07
231,1543,941,2024-11-07
232,1543,1057,2025-01-29
233,1543,1103,2023-11-07
234,1543,1284,2024-10-09
235,1543,1401,2024-09-19
236,1544,116,2024-06-01
237,1544,192,2023-12-05
238,1544,199,2024-04-19
239,1544,379,2025-02-03
240,1544,1175,2024-01-19
241,1544,1430,2024-02-17
242,1545,138,2025-01-20
243,1545,339,2024-07-24
244,1545,1305,2024-05-12
245,1546,123,2024-06-05
246,1546,227,2024-05-06
247,1546,1492,2024-06-20
248,1547,138,2024-01-28
249,1547,149,2024-07-22
250,1547,617,2024-11-16
251,1547,824,2024-09-20
252,1547,1271,2024-01-23
253,1547,1291,2023-11-02
254,1547,1365,2025-02-09
255,1548,165,2024-08-30
256,1548,792,2024-06-07
257,1548,996,2024-03-08
258,1548,1280,2024-05-01
259,1549,169,2024-11-22
260,1549,200,2023-11-28
261,1549,331,2024-08-29
262,1549,552,2023-11-21
263,1549,1145,2024-10-22
264,1550,138,2024-09-05
265,1550,336,2024-09-23
266,1550,532,2024-06-12
267,1550,706,2024-06-29
268,1550,829,2024-08-27
269,1550,1118,2024-07-18
270,1551,81,2024-06-28
271,1551,255,2024-05-03
272,1551,444,2024-07-23
273,1551,451,2024-01-04
274,1551,750,2024-12-31
275,1551,1022,2024-09-03
276,1551,1145,2024-08-09
277,1551,1166,2025-01-30
278,1551,1399,2024-05-30
279,1552,10,2024-07-04
280,1552,82,2024-06-30
281,1552,414,2024-10-21
282,1552,623,2024-12-25
283,1552,703,2024-01-06
284,1552,1153,2024-12-21
285,1553,199,2024-12-20
286,1553,208,2023-12-25
287,1553,349,2024-03-31
288,1553,996,2024-07-10
289,1553,1460,2024-08-10
290,1554,58,2024-01-28
291,1554,506,2024-06-28
292,1554,525,2024-11-06
293,1554,568,2023-11-08
294,1554,631,2024-11-27
295,1554,1093,2024-09-13
296,1555,82,2024-07-18
297,1555,1059,2024-03-30
298,1556,165,2024-10-02
299,1556,506,2024-07-14
300,1556,699,2023-10-20
301,1556,753,2024-05-11
302,1556,1320,2024-09-13
303,1556,1359,2024-01-23
304,1556,1478,2024-10-03
305,1557,81,2024-09-04
306,1557,847,2024-11-28
307,1557,992,2024-02-18
308,1557,1094,2024-04-25
309,1557,1294,2023-11-15
310,1557,1389,2024-10-10
311,1558,146,2024-03-05
312,1558,303,2025-01-14
313,1558,395,2023-11-04
314,1559,34,2024-09-23
315,1559,38,2025-01-20
316,1559,182,2025-01-06
317,1559,313,2024-04-21
318,1559,360,2024-11-09
319,1559,1130,2024-05-06
320,1559,1169,2024-05-02
321,1559,1282,2024-10-26
322,1559,1370,2024-09-01
323,1560,38,2024-04-06
324,1560,569,2024-10-05
325,1560,1295,2024-06-09
326,1560,1379,2024-08-06
327,1561,48,2023-11-08
328,1561,58,2023-11-04
329,1561,81,2024-09-28
330,1561,1060,2023-12-22
331,1562,13,2024-01-13
332,1562,755,2024-03-11
333,1562,1151,2025-01-22
334,1563,141,2024-07-23
335,1563,146,2024-01-18
336,1563,515,2024-11-21
337,1564,58,2024-11-05
338,1564,93,2024-04-12
339,1564,248,2024-12-29
340,1564,342,2024-04-28
341,1565,82,2024-03-05
342,1565,239,2024-02-25
343,1565,556,2024-01-21
344,1565,563,2025-02-09
345,1565,1055,2024-07-14
346,1565,1351,2024-05-08
347,1566,13,2024-06-11
348,1566,1151,2024-08-18
349,1566,1274,2024-05-08
350,1567,15,2024-01-28
351,1567,156,2023-12-30
352,1567,277,2024-04-17
353,1567,1028,2024-12-16
354,1567,1390,2024-12-10
355,1568,37,2024-08-28
356,1568,365,2024-03-18
357,1568,802,2024-01-23
358,1568,1187,2024-09-10
359,1568,1413,2024-02-23
360,1569,203,2024-09-08
361,1569,525,2023-12-27
362,1569,1121,2024-10-03
363,1569,1309,2024-07-18
364,1570,81,2024-11-01
365,1570,113,2024-08-09
366,1570,336,2024-12-26
367,1570,517,2024-03-05
368,1570,548,2024-11-27
369,1570,607,2024-05-07
370,1570,633,2024-12-18
371,1571,102,2025-01-05
372,1571,204,2024-02-10
373,1571,361,2025-01-05
374,1571,481,2025-02-12
375,1571,901,2024-01-27
376,1571,1018,2024-07-25
377,1571,1108,2025-01-23
378,1571,1162,2025-02-03
379,1571,1362,2024-08-08
380,1572,37,2025-02-09
381,1572,915,2023-12-11
382,1572,993,2024-04-11
383,1572,1110,2024-05-14
384,1573,81,2024-01-12
385,1573,538,2024-03-01
386,1573,840,2023-11-29
387,1573,912,2024-10-04
388,1573,938,2024-10-02
389,1573,1294,2025-01-30
390,1574,159,2024-04-04
391,1574,199,2024-01-23
392,1574,216,2024-07-18
393,1574,923,2024-11-12
394,1575,52,2024-04-09
395,1575,191,2024-10-23
396,1575,1273,2025-02-08
397,1575,1453,2024-06-23
398,1576,13,2024-01-19
399,1576,1273,2025-01-29
400,1577,20,2025-02-14
401,1577,156,2024-04-12
402,1577,849,2024-05-06
403,1578,18,2024-01-13
404,1578,58,2024-08-09
405,1578,784,2024-01-15
406,1578,1370,2024-05-13
407,1579,192,2025-02-15
408,1579,496,2024-08-16
409,1579,620,2024-02-10
410,1579,1045,2025-01-06
411,1580,56,2024-10-09
412,1580,75,2024-02-10
413,1580,956,2024-04-12
414,1580,1443,2024-07-17
415,1581,126,2024-08-26
416,1581,146,2024-11-23
417,1581,952,2024-10-05
418,1581,1081,2024-04-26
419,1581,1234,2023-12-11
420,1581,1260,2024-02-11
421,1581,1320,2025-01-02
422,1582,34,2025-02-12
423,1582,610,2024-07-04
424,1582,612,2023-12-13
425,1582,973,2024-08-01
426,1582,1329,2024-10-17
427,1583,11,2024-05-07
428,1583,31,2024-04-26
429,1583,109,2024-04-24
430,1583,458,2023-11-02
431,1583,525,2024-09-14
432,1583,976,2024-06-26
433,1583,1160,2024-07-11
434,1584,129,2024-03-02
435,1584,156,2024-05-04
436,1584,1236,2024-12-28
437,1584,1242,2024-08-01
438,1585,96,2024-04-03
439,1585,204,2023-10-28
440,1585,523,2024-08-27
441,1585,1023,2024-04-01
442,1585,1029,2024-11-10
443,1586,156,2024-06-25
444,1586,204,2024-11-18
445,1586,421,2024-10-02
446,1587,149,2024-03-15
447,1587,777,2024-12-15
448,1587,1232,2024-03-01
449,1588,96,2024-02-11
450,1588,114,2023-10-23
451,1588,702,2024-01-27
452,1588,904,2024-03-24
453,1588,922,2024-09-05
454,1588,933,2024-09-03
455,1588,1022,2023-12-20
456,1588,1025,2025-01-11
457,1588,1297,2024-09-29
458,1588,1367,2025-01-19
459,1589,93,2024-07-08
460,1589,169,2024-12-15
461,1589,310,2024-08-10
462,1589,541,2023-11-27
463,1589,799,2025-02-05
464,1589,1207,2024-12-19
465,1590,15,2023-12-16
466,1590,702,2025-01-29
467,1590,879,2024-06-22
468,1590,892,2024-08-21
469,1591,165,2024-06-23
470,1591,234,2024-01-12
471,1591,540,2023-11-13
472,1591,1147,2024-01-29
473,1592,149,2024-07-13
474,1592,204,2024-12-19
475,1592,377,2024-10-14
476,1592,422,2024-04-07
477,1592,610,2024-08-12
478,1592,1022,2024-02-17
479,1593,146,2024-03-05
480,1593,291,2024-11-29
481,1593,680,2023-11-08
482,1593,796,2023-12-03
483,1593,874,2024-12-22
484,1593,1440,2024-04-23
485,1594,81,2024-02-04
486,1594,586,2024-05-08
487,1594,814,2024-03-25
488,1594,1232,2023-12-04
489,1595,151,2024-04-03
490,1595,169,2024-03-18
491,1595,246,2024-06-08
492,1595,264,2023-12-14
493,1595,706,2024-04-04
494,1595,889,2024-12-16
495,1595,1109,2024-04-04
496,1595,1237,2024-01-31
497,1596,32,2023-12-13
498,1596,37,2024-02-07
499,1596,207,2024-10-27
500,1596,327,2024-01-16
501,1596,986,2024-04-24
502,1596,1349,2024-09-01
503,1596,1370,2025-01-15
504,1597,34,2024-02-06
505,1597,50,2024-12-11
506,1597,116,2024-05-21
507,1597,151,2024-06-19
508,1597,255,2024-10-26
509,1597,407,2024-12-26
510,1597,660,2024-07-14
511,1597,1450,2023-12-08
512,1598,203,2024-02-18
513,1598,519,2024-12-01
514,1598,635,2024-05-25
515,1598,645,2024-06-05
516,1598,1007,2024-12-28
517,1598,1422,2024-03-30
518,1599,119,2023-11-12
519,1599,149,2023-10-28
520,1599,588,2024-09-01
521,1599,835,2024-03-04
522,1599,1414,2024-12-26
523,1600,82,2024-01-04
524,1600,108,2024-10-10
525,1600,109,2025-01-04
526,1600,357,2024-09-13
527,1600,460,2024-12-03
528,1600,472,2023-12-14
529,1600,583,2024-03-13
530,1600,1001,2024-11-17
531,1600,1093,2024-11-28
532,1600,1289,2023-12-03
533,1600,1375,2023-11-07
534,1601,93,2024-11-20
535,1601,142,2024-04-18
536,1601,362,2024-01-18
537,1601,720,2024-06-09
538,1601,996,2024-05-03
539,1601,1036,2024-08-30
540,1601,1357,2024-07-16
541,1602,6,2025-02-16
542,1602,13,2023-12-21
543,1602,76,2024-10-10
544,1602,535,2024-08-17
545,1602,736,2024-07-14
546,1602,1143,2024-06-18
547,1603,23,2024-08-02
548,1603,156,2023-11-19
549,1603,820,2024-08-24
550,1603,960,2024-10-29
551,1603,1206,2024-12-20
552,1603,1215,2023-12-26
553,1603,1300,2024-11-10
554,1604,192,2024-06-20
555,1604,903,2023-10-23
556,1604,1202,2024-03-07
557,1604,1440,2024-04-21
558,1605,11,2023-12-25
559,1605,218,2024-02-17
560,1605,340,2024-12-25
561,1605,416,2024-07-09
562,1605,589,2024-07-15
563,1605,910,2024-07-31
564,1605,1113,2024-12-31
565,1605,1288,2024-11-15
566,1605,1402,2024-04-15
567,1605,1488,2024-05-12
568,1606,185,2024-01-11
569,1606,192,2025-01-17
570,1606,313,2023-12-29
571,1606,529,2025-02-09
572,1606,616,2024-04-06
573,1606,638,2024-07-31
574,1606,978,2024-12-07
575,1606,1473,2025-01-29
576,1607,96,2024-12-07
577,1607,677,2024-11-20
578,1608,58,2024-05-26
579,1608,88,2024-05-20
580,1608,402,2023-11-18
581,1608,584,2024-04-03
582,1608,791,2025-01-04
583,1608,1035,2024-11-18
584,1608,1080,2024-08-13
585,1608,1093,2024-07-05
586,1608,1304,2024-05-19
587,1609,169,2024-11-28
588,1609,250,2024-11-09
589,1609,432,2024-06-06
590,1609,863,2024-07-21
591,1609,1088,2024-06-02
592,1609,1151,2024-03-11
593,1610,81,2024-03-20
594,1610,139,2025-01-03
595,1611,38,2024-01-13
596,1611,412,2023-12-29
597,1611,455,2024-06-28
598,1612,81,2024-10-15
599,1612,282,2024-04-09
600,1612,647,2024-07-07
601,1612,678,2024-04-09
602,1612,1281,2024-11-02
603,1612,1478,2025-01-19
604,1613,11,2024-09-26
605,1613,1226,2024-03-11
606,1613,1462,2024-07-23
607,1613,1475,2024-09-07
608,1614,146,2024-04-10
609,1614,395,2024-10-29
610,1614,939,2024-08-16
611,1615,163,2024-05-23
612,1615,652,2024-04-23
613,1615,709,2024-11-30
614,1615,855,2025-01-05
615,1615,1244,2024-03-30
616,1616,199,2024-11-26
617,1616,1065,2024-10-18
618,1616,1159,2024-12-23
619,1616,1259,2024-08-29
620,1616,1353,2024-03-15
621,1616,1360,2024-01-19
622,1617,53,2024-07-03
623,1617,109,2023-12-24
624,1617,175,2024-03-23
625,1617,336,2024-08-29
626,1617,351,2025-01-28
627,1617,583,2023-12-19
628,1617,1093,2023-12-01
629,1617,1350,2024-12-08
630,1618,175,2024-10-08
631,1618,922,2024-05-26
632,1619,147,2024-04-07
633,1619,596,2023-11-02
634,1619,598,2023-12-28
635,1619,734,2025-02-08
636,1619,1256,2024-12-28
637,1619,1335,2023-10-23
638,1620,34,2025-01-13
639,1620,513,2023-11-09
640,1620,577,2023-11-10
641,1620,1122,2024-01-07
642,1620,1247,2024-12-03
643,1621,169,2024-03-25
644,1621,282,2024-04-27
645,1621,326,2024-09-11
646,1621,708,2024-02-14
647,1621,919,2024-08-15
648,1621,1095,2024-09-15
649,1621,1330,2025-01-11
650,1622,13,2024-02-15
651,1622,132,2023-11-26
652,1622,175,2024-02-18
653,1622,678,2023-12-26
654,1622,1359,2024-09-13
655,1623,68,2025-01-11
656,1623,165,2024-12-15
657,1623,1004,2025-01-14
658,1623,1019,2024-12-16
659,1623,1125,2023-12-18
660,1624,97,2024-12-02
661,1624,164,2024-04-03
662,1625,156,2025-01-06
663,1625,172,2024-03-30
664,1625,1091,2023-11-24
665,1625,1275,2024-02-03
666,1626,81,2023-10-22
667,1626,282,2024-04-02
668,1626,837,2024-04-11
669,1627,199,2024-06-22
670,1627,532,2023-11-06
671,1627,680,2024-07-13
672,1627,855,2024-02-01
673,1627,1331,2024-09-08
674,1628,156,2024-09-08
675,1628,349,2024-05-24
676,1628,524,2024-07-30
677,1628,606,2024-10-31
678,1628,622,2024-01-21
679,1629,128,2024-10-03
680,1629,156,2023-12-10
681,1629,237,2024-03-13
682,1629,242,2024-03-23
683,1629,326,2024-03-13
684,1629,658,2024-12-28
685,1629,661,2024-07-12
686,1629,1179,2024-07-14
687,1630,149,2024-08-30
688,1630,864,2024-05-03
689,1630,1024,2024-05-04
690,1631,146,2024-08-15
691,1631,227,2024-09-01
692,1631,290,2024-10-20
693,1631,319,2024-06-27
694,1631,654,2024-01-01
695,1631,830,2024-07-01
696,1632,56,2024-12-28
697,1632,113,2024-10-07
698,1632,328,2025-02-10
699,1632,344,2024-02-10
700,1632,686,2024-05-23
701,1632,807,2024-06-05
702,1632,1033,2025-01-22
703,1633,192,2024-09-10
704,1633,273,2024-11-26
705,1633,693,2024-06-01
706,1633,799,2024-10-22
707,1633,958,2024-03-17
708,1633,1354,2024-09-13
709,1634,123,2024-05-18
710,1634,274,2024-01-04
711,1634,462,2024-11-05
712,1634,1302,2023-10-23
713,1634,1346,2023-12-25
714,1635,40,2024-04-24
715,1635,58,2024-12-26
716,1635,440,2024-07-09
717,1635,817,2024-11-01
718,1635,999,2024-10-14
719,1635,1479,2024-01-13
720,1636,93,2025-02-01
721,1636,186,2024-04-25
722,1636,326,2024-03-15
723,1636,882,2024-02-04
724,1636,1064,2023-11-24
725,1636,1094,2024-07-15
726,1637,22,2024-02-08
727,1637,81,2024-12-05
728,1637,129,2024-12-09
729,1637,203,2024-01-16
730,1637,288,2024-10-16
731,1637,1360,2024-07-24
732,1637,1374,2024-12-06
733,1637,1428,2024-12-10
734,1638,56,2023-12-13
735,1638,87,2024-10-31
736,1638,178,2023-12-27
737,1638,572,2024-01-25
738,1638,664,2024-12-21
739,1638,711,2023-11-21
740,1638,1326,2023-12-23
741,1638,1402,2024-01-30
742,1638,1407,2024-08-25
743,1639,109,2024-01-01
744,1639,147,2025-01-11
745,1639,357,2024-12-23
746,1639,712,2024-09-14
747,1639,1194,2023-10-23
748,1640,156,2024-09-04
749,1640,169,2024-03-24
750,1640,307,2024-09-03
751,1640,488,2023-12-06
752,1640,746,2023-11-19
753,1640,1115,2024-04-30
754,1640,1322,2024-11-01
755,1640,1476,2023-10-24
756,1641,109,2025-01-15
757,1641,191,2023-12-05
758,1641,296,2024-07-12
759,1641,918,2024-02-22
760,1641,1456,2024-05-19
761,1642,19,2024-03-02
762,1642,199,2024-06-26
763,1642,353,2024-01-09
764,1642,897,2024-02-01
765,1642,1219,2024-10-21
766,1643,175,2024-07-29
767,1643,243,2024-06-13
768,1643,535,2024-04-13
769,1644,97,2023-11-01
770,1644,714,2024-07-18
771,1644,749,2024-01-12
772,1644,1171,2024-11-15
773,1645,37,2024-06-17
774,1645,128,2024-05-13
775,1645,149,2024-07-11
776,1645,771,2024-10-15
777,1645,832,2023-12-03
778,1645,1155,2024-09-24
779,1646,123,2024-06-09
780,1646,943,2024-01-18
781,1646,1018,2024-11-25
782,1646,1300,2024-01-20
783,1647,58,2025-01-22
784,1647,70,2024-04-16
785,1647,482,2024-06-21
786,1648,42,2024-06-13
787,1648,143,2024-04-01
788,1648,169,2024-03-01
789,1648,307,2024-11-05
790,1648,310,2024-04-22
791,1648,686,2024-08-02
792,1648,1086,2024-09-05
793,1648,1424,2024-03-04
794,1648,1494,2024-06-23
795,1649,169,2023-12-28
796,1649,462,2024-05-01
797,1649,1365,2024-01-07
798,1649,1495,2025-01-03
799,1650,116,2024-08-07
800,1650,317,2025-02-13
801,1650,361,2023-11-05
802,1650,659,2024-04-03
803,1650,807,2023-12-31
804,1650,928,2024-08-31
805,1650,1089,2023-12-05
806,1651,96,2024-07-07
807,1651,163,2024-12-11
808,1651,894,2024-11-20
809,1651,1199,2024-12-30
810,1651,1213,2024-09-26
811,1652,37,2024-11-02
812,1652,330,2024-06-08
813,1652,512,2024-05-02
814,1652,735,2025-01-22
815,1652,742,2024-09-20
816,1652,912,2024-07-29
817,1652,1381,2024-02-20
818,1653,203,2024-10-27
819,1653,365,2023-12-11
820,1653,397,2024-05-07
821,1653,817,2023-11-16
822,1653,1019,2024-07-27
823,1653,1159,2025-01-06
824,1653,1351,2024-01-21
825,1654,98,2024-10-21
826,1654,125,2024-06-01
827,1654,150,2023-12-20
828,1654,520,2024-09-14
829,1654,594,2024-06-16
830,1654,734,2024-01-17
831,1654,963,2023-11-21
832,1654,1178,2024-06-10
833,1655,15,2024-10-05
834,1655,204,2024-02-07
835,1655,907,2024-01-29
836,1655,1159,2024-06-02
837,1655,1336,2024-11-26
838,1655,1465,2024-10-21
839,1655,1468,2024-10-26
840,1656,125,2024-02-08
841,1656,163,2025-02-05
842,1656,569,2024-08-04
843,1656,946,2024-09-19
844,1656,1150,2024-08-13
845,1656,1307,2024-01-23
846,1657,38,2024-12-21
847,1657,229,2025-02-05
848,1657,301,2023-11-03
849,1657,757,2024-04-03
850,1658,68,2024-01-21
851,1658,114,2024-01-16
852,1658,123,2024-01-07
853,1658,959,2024-08-10
854,1658,1295,2024-08-05
855,1659,38,2025-01-27
856,1659,169,2024-08-29
857,1659,336,2024-02-06
858,1659,598,2024-11-02
859,1659,1101,2024-05-17
860,1659,1261,2025-01-13
861,1660,192,2024-01-15
862,1660,659,2023-12-10
863,1660,774,2024-10-29
864,1660,869,2024-05-25
865,1660,1194,2024-12-02
866,1661,199,2024-04-04
867,1661,505,2024-09-20
868,1661,579,2024-12-30
869,1661,696,2024-08-14
870,1661,1402,2023-11-27
871,1662,38,2024-09-11
872,1662,1048,2024-03-23
873,1662,1437,2024-02-17
874,1663,56,2024-07-29
875,1663,882,2024-07-27
876,1664,13,2024-01-01
877,1664,126,2024-02-18
878,1664,149,2025-01-21
879,1664,249,2024-01-13
880,1664,588,2024-04-03
881,1664,595,2024-09-18
882,1664,757,2024-04-23
883,1664,952,2024-10-13
884,1664,1234,2024-02-22
885,1664,1353,2024-11-27
886,1664,1478,2024-08-10
887,1665,125,2024-12-31
888,1665,410,2025-01-19
889,1665,1042,2024-07-22
890,1665,1411,2024-02-01
891,1666,169,2024-03-31
892,1666,200,2024-07-30
893,1666,339,2025-02-12
894,1666,379,2024-03-25
895,1666,742,2024-03-04
896,1666,982,2024-05-20
897,1666,1107,2023-12-21
898,1666,1166,2024-06-26
899,1666,1499,2024-10-25
900,1667,12,2024-09-14
901,1667,38,2024-06-13
902,1667,59,2024-10-31
903,1667,157,2024-11-03
904,1667,260,2025-01-13
905,1667,455,2024-06-28
906,1667,534,2024-02-09
907,1668,156,2024-01-10
908,1668,353,2024-12-06
909,1668,398,2024-05-08
910,1668,897,2024-03-16
911,1668,1063,2024-02-23
912,1668,1264,2025-02-13
913,1668,1460,2023-10-30
914,1669,12,2024-08-07
915,1669,69,2024-04-07
916,1669,82,2024-03-01
917,1669,144,2025-01-05
918,1669,235,2024-02-26
919,1669,311,2024-08-10
920,1669,1326,2024-12-08
921,1670,11,2024-11-19
922,1670,40,2024-07-01
923,1670,260,2024-08-27
924,1670,351,2024-10-20
925,1670,680,2024-10-25
926,1670,733,2023-12-18
927,1670,815,2024-01-20
928,1671,82,2025-01-19
929,1671,214,2024-06-04
930,1671,734,2024-08-24
931,1671,1212,2024-12-15
932,1671,1412,2024-12-27
933,1672,13,2025-01-02
934,1672,56,2024-08-13
935,1672,91,2024-05-31
936,1672,796,2023-10-21
937,1672,803,2024-01-23
938,1672,1065,2024-08-07
939,1672,1132,2024-01-17
940,1672,1134,2024-06-01
941,1672,1426,2023-11-24
942,1672,1498,2024-01-10
943,1673,203,2023-11-17
944,1673,554,2024-04-06
945,1673,557,2024-02-23
946,1673,656,2024-09-25
947,1673,1326,2025-01-23
948,1674,38,2024-08-20
949,1674,87,2024-06-15
950,1674,322,2024-11-11
951,1674,905,2024-07-15
952,1675,38,2025-01-28
953,1675,175,2024-06-30
954,1675,182,2024-10-22
955,1675,203,2023-12-16
956,1675,727,2024-02-06
957,1675,961,2024-06-27
958,1675,1125,2024-10-16
959,1676,93,2025-01-20
960,1676,116,2024-12-11
961,1676,657,2024-04-04
962,1676,811,2023-12-29
963,1676,922,2024-08-11
964,1676,1447,2024-07-31
965,1677,130,2025-02-15
966,1677,163,2025-01-30
967,1677,194,2024-07-11
968,1677,780,2024-02-21
969,1678,149,2023-12-25
970,1678,267,2024-01-04
971,1678,1443,2023-11-03
972,1679,56,2024-12-08
973,1679,84,2024-09-29
974,1679,899,2024-11-08
975,1679,1251,2023-12-09
976,1679,1420,2023-12-27
977,1680,15,2024-11-29
978,1680,258,2024-04-23
979,1680,620,2024-05-10
980,1680,644,2024-10-27
981,1680,719,2024-11-27
982,1680,891,2024-10-25
983,1680,1165,2025-01-03
984,1680,1425,2023-11-16
985,1681,37,2024-07-26
986,1681,336,2024-01-24
987,1681,367,2024-01-16
988,1681,436,2023-11-08
989,1681,547,2025-01-14
990,1681,876,2023-11-11
991,1681,960,2024-03-03
992,1681,975,2024-11-12
993,1681,1228,2024-07-29
994,1682,15,2024-06-26
995,1682,16,2024-08-25
996,1682,460,2024-12-08
997,1682,661,2025-02-12
998,1682,754,2024-10-05
999,1682,771,2025-01-15
1000,1682,853,2024-06-14
1001,1682,1459,2024-07-11
1002,1683,116,2024-07-03
1003,1683,565,2024-07-05
1004,1683,583,2025-01-04
1005,1683,596,2024-08-06
1006,1683,1436,2024-05-31
1007,1684,58,2024-04-15
1008,1684,320,2024-10-04
1009,1684,390,2024-02-04
1010,1684,440,2024-10-08
1011,1684,504,2024-11-01
1012,1684,572,2024-10-23
1013,1684,835,2024-10-14
1014,1684,1174,2025-01-11
1015,1684,1230,2024-04-27
1016,1685,123,2024-09-25
1017,1685,658,2024-07-09
1018,1686,204,2024-04-19
1019,1686,289,2024-01-22
1020,1686,449,2024-02-18
1021,1686,557,2024-09-10
1022,1686,898,2024-07-19
1023,1686,946,2024-05-08
1024,1686,1423,2025-02-04
1025,1687,114,2023-11-20
1026,1687,156,2024-12-01
1027,1687,918,2024-12-21
1028,1687,954,2025-02-03
1029,1687,1423,2024-11-07
1030,1688,97,2024-11-27
1031,1688,468,2024-12-09
1032,1688,827,2024-11-16
1033,1688,895,2023-11-09
1034,1688,1482,2024-01-31
1035,1689,34,2023-10-28
1036,1689,376,2024-03-10
1037,1689,435,2024-03-22
1038,1689,1433,2024-02-17
1039,1690,169,2025-02-03
1040,1690,246,2024-05-05
1041,1690,517,2024-09-14
1042,1690,734,2023-11-30
1043,1690,821,2024-12-10
1044,1690,1250,2024-08-08
1045,1691,138,2024-12-30
1046,1691,297,2024-11-29
1047,1691,674,2024-08-08
1048,1691,1105,2024-04-01
1049,1692,37,2023-12-15
1050,1692,441,2024-06-11
1051,1692,490,2023-11-23
1052,1693,98,2024-04-14
1053,1693,169,2024-12-20
1054,1693,276,2025-01-08
1055,1693,407,2024-01-11
1056,1693,807,2024-02-04
1057,1693,1078,2025-01-08
1058,1694,175,2024-10-26
1059,1694,527,2024-08-07
1060,1694,621,2025-01-22
1061,1695,161,2025-02-06
1062,1695,191,2025-01-06
1063,1695,824,2023-12-06
1064,1695,850,2023-10-31
1065,1695,1327,2024-11-21
1066,1696,11,2024-01-04
1067,1696,156,2024-09-13
1068,1696,845,2024-08-10
1069,1696,1356,2024-01-13
1070,1697,136,2024-11-21
1071,1697,149,2025-02-05
1072,1697,469,2024-10-27
1073,1697,855,2025-02-13
1074,1698,34,2024-08-15
1075,1698,524,2024-11-06
1076,1698,883,2024-04-15
1077,1698,1156,2024-09-23
1078,1699,97,2023-11-01
1079,1699,357,2023-12-06
1080,1699,525,2024-03-23
1081,1699,1434,2024-01-29
1082,1700,97,2024-06-20
1083,1700,227,2024-03-09
1084,1700,519,2024-09-18
1085,1701,6,2025-01-06
1086,1701,11,2024-10-30
1087,1701,65,2024-07-07
1088,1701,394,2024-01-26
1089,1701,477,2023-11-18
1090,1702,34,2024-08-28
1091,1702,167,2024-12-14
1092,1702,273,2024-01-28
1093,1702,706,2025-01-28
1094,1702,731,2023-10-22
1095,1702,958,2024-08-10
1096,1702,1063,2024-05-19
1097,1703,114,2024-06-16
1098,1703,192,2023-12-01
1099,1703,680,2024-02-04
1100,1703,714,2024-10-05
1101,1703,949,2024-08-18
1102,1703,999,2024-07-01
1103,1704,11,2023-12-06
1104,1704,273,2024-08-26
1105,1704,802,2023-12-17
1106,1704,1124,2024-01-02
1107,1704,1316,2024-05-10
1108,1705,109,2023-11-13
1109,1705,175,2024-09-08
1110,1705,525,2024-01-05
1111,1705,925,2024-10-28
1112,1705,1328,2024-01-05
1113,1705,1469,2023-12-18
1114,1706,192,2024-02-03
1115,1706,513,2024-01-08
1116,1706,925,2023-12-19
1117,1706,1168,2025-01-05
1118,1706,1228,2024-10-05
1119,1707,156,2025-02-04
1120,1707,352,2024-10-12
1121,1707,467,2024-06-11
1122,1707,671,2024-05-16
1123,1707,1004,2024-06-14
1124,1707,1043,2024-11-08
1125,1707,1495,2024-09-22
1126,1708,204,2023-12-30
1127,1708,689,2023-11-16
1128,1708,731,2023-12-17
1129,1709,13,2024-08-25
1130,1709,1049,2024-11-17
1131,1709,1059,2024-11-04
1132,1709,1122,2024-09-28
1133,1710,37,2023-12-04
1134,1710,137,2023-12-18
1135,1710,606,2023-12-16
1136,1710,671,2024-05-02
1137,1711,5,2024-05-13
1138,1711,58,2023-12-12
1139,1711,246,2023-12-25
1140,1711,407,2025-01-29
1141,1711,807,2024-01-20
1142,1711,821,2023-11-10
1143,1711,913,2023-12-20
1144,1711,1206,2024-08-31
1145,1712,175,2024-10-23
1146,1712,232,2023-11-05
1147,1712,517,2024-06-04
1148,1712,734,2023-12-28
1149,1712,804,2024-10-24
1150,1712,1330,2024-04-12
1151,1713,15,2024-09-22
1152,1713,680,2024-11-03
1153,1713,805,2025-02-04
1154,1713,816,2024-07-16
1155,1713,1093,2024-11-12
1156,1713,1160,2024-05-31
1157,1713,1345,2025-02-08
1158,1714,81,2024-02-24
1159,1714,301,2024-01-29
1160,1714,777,2025-02-04
1161,1714,793,2024-09-02
1162,1714,956,2024-11-05
1163,1714,1169,2024-10-27
1164,1714,1294,2024-02-06
1165,1714,1330,2023-11-07
1166,1715,37,2024-03-18
1167,1715,81,2024-08-07
1168,1715,200,2024-01-26
1169,1715,502,2024-05-27
1170,1715,1312,2024-05-01
1171,1715,1353,2024-04-09
1172,1715,1402,2024-02-03
1173,1716,156,2024-07-20
1174,1716,302,2023-10-26
1175,1716,311,2024-09-22
1176,1716,1393,2024-01-19
1177,1716,1493,2024-06-09
1178,1717,76,2024-09-17
1179,1717,149,2025-01-10
1180,1717,216,2024-09-24
1181,1717,407,2024-12-08
1182,1717,607,2024-03-22
1183,1717,1061,2024-11-20
1184,1717,1164,2024-07-12
1185,1717,1459,2023-12-12
1186,1718,11,2024-01-04
1187,1718,701,2024-11-14
1188,1718,718,2024-11-24
1189,1718,826,2024-03-12
1190,1718,833,2024-01-18
1191,1718,1437,2023-12-10
1192,1719,146,2023-12-05
1193,1719,192,2024-03-13
1194,1719,210,2023-10-31
1195,1719,467,2024-11-27
1196,1719,671,2024-07-31
1197,1719,881,2024-10-03
1198,1719,917,2024-05-09
1199,1720,11,2024-09-04
1200,1720,702,2024-07-14
1201,1720,805,2023-12-30
1202,1720,922,2025-02-03
1203,1720,928,2024-04-09
1204,1721,191,2025-01-02
1205,1721,1248,2023-10-24
1206,1721,1491,2024-08-10
1207,1722,34,2024-09-24
1208,1722,1229,2024-04-04
1209,1722,1478,2023-12-27
1210,1723,14,2024-01-04
1211,1723,146,2024-08-20
1212,1723,929,2024-03-14
1213,1723,938,2024-04-29
1214,1723,1041,2023-12-24
1215,1723,1258,2023-10-28
1216,1723,1327,2024-12-23
1217,1724,169,2024-12-14
1218,1724,394,2024-08-17
1219,1724,651,2024-01-27
1220,1724,671,2024-10-12
1221,1724,869,2024-12-26
1222,1725,192,2024-04-24
1223,1725,319,2024-04-16
1224,1725,615,2024-10-23
1225,1725,1165,2024-05-01
1226,1725,1181,2024-12-22
1227,1725,1283,2024-11-27
1228,1726,93,2023-11-22
1229,1726,1055,2024-12-07
1230,1727,96,2024-11-02
1231,1727,203,2024-10-30
1232,1727,582,2024-09-19
1233,1727,838,2023-10-20
1234,1727,845,2024-12-05
1235,1728,62,2025-02-07
1236,1728,165,2024-02-06
1237,1728,227,2024-10-20
1238,1728,250,2024-09-25
1239,1728,323,2024-08-06
1240,1728,1055,2024-08-20
1241,1728,1288,2024-04-13
1242,1728,1360,2023-12-24
1243,1729,15,2024-11-21
1244,1729,293,2024-10-09
1245,1729,583,2024-08-13
1246,1729,715,2024-06-30
1247,1729,1455,2024-12-14
1248,1729,1481,2023-10-28
1249,1730,56,2024-11-20
1250,1730,483,2023-12-08
1251,1730,909,2024-02-14
1252,1730,1254,2024-06-08
1253,1730,1310,2023-12-19
1254,1730,1311,2023-12-31
1255,1731,37,2024-03-09
1256,1731,178,2024-01-25
1257,1731,1095,2024-05-24
1258,1731,1402,2025-02-09
1259,1731,1485,2024-04-20
1260,1732,125,2024-07-27
1261,1732,802,2024-04-04
1262,1732,920,2024-07-22
1263,1732,1321,2024-04-24
1264,1733,175,2024-05-05
1265,1733,183,2024-03-25
1266,1733,196,2024-11-13
1267,1733,229,2025-02-04
1268,1733,432,2023-12-25
1269,1733,627,2024-02-05
1270,1733,996,2024-12-26
1271,1733,1119,2023-11-02
1272,1734,147,2024-02-29
1273,1734,290,2025-02-13
1274,1734,319,2023-11-27
1275,1734,349,2025-01-16
1276,1734,892,2024-11-03
1277,1734,1015,2024-11-21
1278,1734,1492,2024-01-07
1279,1735,125,2023-11-02
1280,1735,204,2023-12-31
1281,1735,319,2024-06-22
1282,1735,922,2025-02-07
1283,1735,956,2023-11-16
1284,1735,1172,2024-05-23
1285,1735,1292,2023-12-22
1286,1736,123,2024-04-22
1287,1736,255,2024-08-29
1288,1736,597,2024-01-10
1289,1736,734,2024-06-21
1290,1736,962,2024-02-15
1291,1736,1118,2024-07-31
1292,1736,1175,2024-06-29
1293,1737,192,2024-03-10
1294,1737,658,2023-11-19
1295,1737,998,2024-01-13
1296,1738,31,2024-08-21
1297,1738,38,2024-09-01
1298,1738,744,2023-11-20
1299,1738,846,2024-06-02
1300,1738,928,2024-10-22
1301,1739,82,2024-10-23
1302,1739,551,2023-12-02
1303,1739,927,2024-05-27
1304,1739,1463,2024-05-25
1305,1740,93,2025-01-03
1306,1740,200,2024-08-17
1307,1740,794,2023-10-31
1308,1740,832,2024-05-18
1309,1740,1004,2024-02-13
1310,1740,1029,2023-12-25
1311,1740,1187,2023-12-23
1312,1740,1312,2025-01-02
1313,1741,47,2024-03-12
1314,1741,125,2024-07-17
1315,1741,169,2024-09-16
1316,1741,984,2025-02-14
1317,1741,1053,2025-01-23
1318,1741,1118,2023-12-13
1319,1741,1204,2024-04-12
1320,1742,37,2024-03-31
1321,1742,114,2024-03-01
1322,1742,481,2025-01-04
1323,1742,614,2024-01-09
1324,1742,1011,2024-12-16
1325,1742,1423,2025-01-11
1326,1743,58,2024-10-04
1327,1743,208,2024-09-07
1328,1743,841,2024-09-12
1329,1743,1399,2023-10-23
1330,1743,1422,2024-02-10
1331,1744,13,2024-10-13
1332,1744,72,2024-10-17
1333,1744,327,2025-01-05
1334,1744,1080,2024-03-14
1335,1744,1210,2023-11-05
1336,1745,146,2024-02-24
1337,1745,442,2023-11-19
1338,1745,572,2023-12-22
1339,1745,600,2023-10-28
1340,1745,724,2024-08-30
1341,1746,51,2024-04-22
1342,1746,165,2025-01-26
1343,1746,1347,2025-01-25
1344,1747,81,2024-05-14
1345,1747,513,2024-06-30
1346,1747,1050,2024-08-03
1347,1748,156,2025-01-30
1348,1748,966,2024-11-16
1349,1748,1186,2024-09-11
1350,1748,1393,2024-06-07
1351,1749,146,2024-04-25
1352,1749,351,2024-05-23
1353,1749,1028,2025-01-19
1354,1749,1217,2024-11-25
1355,1750,34,2024-03-25
1356,1750,239,2024-09-02
1357,1750,342,2023-11-22
1358,1750,426,2024-04-26
1359,1750,536,2024-06-02
1360,1750,814,2024-08-17
1361,1750,1022,2024-09-30
1362,1750,1141,2024-11-21
1363,1750,1152,2024-04-15
1364,1750,1464,2024-04-27
1365,1751,11,2024-03-13
1366,1751,27,2024-05-24
1367,1751,383,2024-12-24
1368,1751,877,2024-01-16
1369,1751,1222,2025-02-15
1370,1751,1280,2024-02-23
1371,1751,1356,2024-02-25
1372,1751,1402,2024-06-21
1373,1752,182,2024-12-23
1374,1752,186,2023-12-13
1375,1752,192,2023-12-29
1376,1752,365,2024-12-21
1377,1753,13,2024-12-07
1378,1753,128,2024-02-25
1379,1753,234,2024-06-12
1380,1753,1029,2024-05-29
1381,1753,1259,2023-10-21
1382,1753,1294,2023-12-15
1383,1753,1380,2023-11-11
1384,1754,34,2024-07-30
1385,1754,449,2023-11-19
1386,1754,557,2024-11-16
1387,1754,675,2023-12-19
1388,1754,680,2024-12-01
1389,1754,999,2024-11-24
1390,1754,1254,2024-07-09
1391,1755,146,2023-12-21
1392,1755,240,2023-11-08
1393,1755,327,2024-02-03
1394,1755,464,2023-11-02
1395,1755,939,2024-12-05
1396,1755,1310,2025-01-28
1397,1755,1339,2024-10-31
1398,1756,82,2024-11-28
1399,1756,644,2024-05-18
1400,1756,1270,2024-07-29
1401,1757,34,2024-02-14
1402,1757,113,2023-12-10
1403,1757,207,2024-06-06
1404,1758,138,2024-05-11
1405,1758,254,2024-03-09
1406,1758,362,2024-11-13
1407,1758,516,2025-02-13
1408,1758,613,2023-12-05
1409,1758,827,2024-06-26
1410,1758,1012,2024-01-10
1411,1758,1094,2024-05-23
1412,1758,1301,2024-07-10
1413,1759,37,2023-11-10
1414,1759,203,2024-07-24
1415,1759,727,2023-10-26
1416,1760,192,2024-07-10
1417,1760,230,2023-12-08
1418,1760,297,2024-12-08
1419,1760,333,2024-10-26
1420,1760,430,2024-09-27
1421,1760,473,2024-04-24
1422,1760,1105,2024-06-05
1423,1760,1342,2023-12-13
1424,1760,1498,2024-01-03
1425,1761,21,2024-08-18
1426,1761,116,2023-11-04
1427,1761,385,2025-01-06
1428,1761,443,2024-10-22
1429,1761,859,2023-12-14
1430,1761,1234,2024-04-12
1431,1762,37,2024-10-14
1432,1762,140,2023-11-20
1433,1762,226,2024-06-13
1434,1762,955,2023-12-02
1435,1762,956,2024-01-28
1436,1762,1253,2024-07-06
1437,1763,11,2023-11-10
1438,1763,340,2024-05-16
1439,1763,711,2024-06-07
1440,1763,819,2023-12-11
1441,1763,919,2024-02-23
1442,1763,1129,2023-11-16
1443,1763,1402,2024-06-12
1444,1764,204,2024-10-18
1445,1764,394,2024-02-14
1446,1764,1123,2024-04-07
1447,1765,58,2023-11-29
1448,1765,125,2023-11-13
1449,1765,127,2024-12-09
1450,1765,351,2025-01-07
1451,1765,783,2024-03-15
1452,1765,787,2024-04-21
1453,1765,1166,2024-07-17
1454,1765,1291,2024-03-09
1455,1765,1341,2024-06-27
1456,1766,11,2024-03-21
1457,1766,517,2024-01-30
1458,1766,734,2024-12-03
1459,1766,923,2024-05-12
1460,1766,1250,2024-01-17
1461,1766,1319,2023-12-17
1462,1767,58,2024-10-14
1463,1767,316,2024-01-28
1464,1767,396,2023-11-01
1465,1767,497,2023-10-28
1466,1767,579,2024-08-04
1467,1767,696,2024-05-29
1468,1767,780,2024-01-21
1469,1767,947,2024-04-15
1470,1767,1148,2024-07-18
1471,1768,116,2025-01-02
1472,1768,340,2024-07-16
1473,1768,621,2024-09-30
1474,1768,696,2024-04-18
1475,1768,1080,2024-06-04
1476,1768,1202,2024-05-25
1477,1768,1473,2024-10-14
1478,1769,97,2024-05-26
1479,1769,290,2024-08-20
1480,1769,686,2024-02-26
1481,1769,693,2024-06-30
1482,1769,736,2023-11-04
1483,1769,885,2024-02-01
1484,1769,968,2023-12-20
1485,1769,970,2024-08-02
1486,1769,1316,2023-10-22
1487,1770,37,2024-04-07
1488,1770,62,2024-01-29
1489,1770,319,2024-09-27
1490,1770,742,2024-12-04
1491,1770,992,2025-01-08
1492,1771,96,2024-11-20
1493,1771,405,2024-01-30
1494,1771,554,2024-08-25
1495,1771,765,2024-05-13
1496,1772,156,2024-01-08
1497,1772,231,2024-12-14
1498,1772,467,2024-12-07
1499,1772,643,2025-02-01
1500,1772,671,2025-02-11
1501,1772,782,2024-06-01
1502,1772,922,2025-02-03
1503,1772,1151,2024-02-27
1504,1773,82,2024-12-22
1505,1773,376,2024-05-30
1506,1773,387,2025-01-17
1507,1773,588,2024-05-08
1508,1773,715,2024-05-30
1509,1774,22,2024-12-14
1510,1774,58,2024-01-04
1511,1774,540,2023-11-29
1512,1774,975,2024-04-17
1513,1774,1159,2024-08-14
1514,1774,1204,2023-11-21
1515,1774,1258,2024-07-14
1516,1774,1294,2024-02-20
1517,1775,12,2024-12-18
1518,1775,134,2023-12-29
1519,1775,204,2024-10-12
1520,1775,269,2024-12-30
1521,1775,465,2024-06-19
1522,1775,663,2023-10-29
1523,1775,773,2023-11-05
1524,1776,1,2023-11-18
1525,1776,203,2024-03-04
1526,1776,826,2024-05-13
1527,1776,1005,2024-05-19
1528,1777,93,2024-05-24
1529,1777,163,2023-12-10
1530,1777,255,2024-03-27
1531,1777,517,2024-04-06
1532,1777,687,2024-09-04
1533,1777,1330,2024-08-16
1534,1778,42,2023-11-01
1535,1778,97,2024-11-09
1536,1778,346,2023-11-23
1537,1778,722,2024-11-30
1538,1778,989,2023-12-18
1539,1779,163,2023-11-14
1540,1779,645,2024-06-04
1541,1780,203,2024-08-16
1542,1780,892,2024-06-24
1543,1780,1322,2024-09-25
1544,1781,165,2024-06-15
1545,1781,661,2023-12-22
1546,1782,192,2025-01-29
1547,1782,946,2024-02-26
1548,1782,976,2023-11-08
1549,1782,979,2023-10-30
1550,1782,1189,2024-11-06
1551,1782,1423,2024-09-19
1552,1783,203,2024-03-02
1553,1783,363,2024-08-14
1554,1783,785,2024-02-17
1555,1783,937,2024-07-24
1556,1783,1191,2024-11-16
1557,1783,1428,2025-02-13
1558,1783,1465,2024-07-28
1559,1784,34,2023-11-23
1560,1784,39,2024-12-13
1561,1784,302,2024-10-20
1562,1784,311,2024-08-03
1563,1784,751,2024-11-10
1564,1784,947,2024-10-12
1565,1785,125,2025-01-01
1566,1785,309,2024-10-16
1567,1785,504,2024-09-07
1568,1785,551,2024-10-10
1569,1785,662,2024-03-06
1570,1785,1278,2024-08-08
1571,1786,38,2023-10-21
1572,1786,254,2024-03-29
1573,1786,349,2024-02-24
1574,1786,673,2024-09-25
1575,1786,850,2024-10-16
1576,1786,982,2023-11-22
1577,1787,34,2024-03-30
1578,1787,519,2024-11-24
1579,1787,678,2024-01-16
1580,1787,999,2023-11-10
1581,1788,58,2024-02-27
1582,1788,1158,2024-08-27
1583,1789,34,2024-08-26
1584,1789,250,2024-07-02
1585,1789,320,2023-11-08
1586,1789,424,2024-12-06
1587,1789,432,2024-08-16
1588,1789,464,2024-03-20
1589,1789,698,2024-09-15
1590,1789,855,2024-12-18
1591,1789,1306,2024-08-21
1592,1789,1475,2024-12-13
1593,1790,82,2024-06-30
1594,1790,785,2025-02-06
1595,1790,1049,2025-01-29
1596,1790,1428,2024-05-09
1597,1791,96,2024-11-24
1598,1791,1127,2024-08-25
1599,1791,1277,2024-07-16
1600,1792,15,2024-06-28
1601,1792,206,2024-09-11
1602,1792,408,2024-02-11
1603,1793,138,2024-09-15
1604,1793,149,2023-11-22
1605,1793,494,2024-01-29
1606,1793,790,2024-06-13
1607,1794,93,2024-08-17
1608,1794,655,2024-05-31
1609,1794,1255,2024-10-04
1610,1795,34,2023-12-20
1611,1795,1139,2024-12-09
1612,1796,96,2024-05-19
1613,1796,518,2024-05-02
1614,1796,582,2024-08-23
1615,1797,15,2024-07-30
1616,1797,96,2024-11-06
1617,1798,38,2024-03-17
1618,1798,186,2023-12-11
1619,1798,204,2024-05-17
1620,1798,277,2025-01-26
1621,1798,657,2024-05-02
1622,1798,865,2023-12-09
1623,1798,1160,2024-01-04
1624,1798,1391,2024-02-07
1625,1799,13,2024-06-24
1626,1799,32,2024-03-14
1627,1799,207,2023-11-14
1628,1799,444,2024-06-24
1629,1799,1095,2024-06-21
1630,1799,1149,2024-08-07
1631,1799,1155,2024-03-04
1632,1799,1463,2024-02-24
1633,1800,149,2024-02-16
1634,1800,373,2024-12-18
1635,1800,403,2024-01-17
1636,1800,659,2024-11-13
1637,1800,1022,2024-04-02
1638,1800,1043,2024-05-30
1639,1801,37,2024-01-21
1640,1801,410,2024-02-04
1641,1801,579,2024-10-31
1642,1801,747,2024-10-06
1643,1802,38,2024-07-09
1644,1802,492,2024-09-26
1645,1802,580,2024-08-17
1646,1802,1238,2024-08-19
1647,1803,116,2024-03-16
1648,1803,118,2024-08-13
1649,1803,253,2024-08-06
1650,1803,727,2025-01-28
1651,1804,127,2023-12-17
1652,1804,138,2024-08-27
1653,1804,643,2024-06-04
1654,1804,753,2024-12-06
1655,1804,769,2023-10-27
1656,1804,939,2023-11-23
1657,1804,1028,2024-10-18
1658,1804,1429,2024-12-14
1659,1805,93,2025-01-28
1660,1805,336,2024-03-03
1661,1805,436,2024-01-12
1662,1805,867,2025-01-14
1663,1805,1088,2024-05-27
1664,1805,1240,2024-12-27
1665,1805,1498,2024-09-22
1666,1806,149,2023-12-30
1667,1806,1022,2023-11-02
1668,1806,1220,2024-02-06
1669,1806,1361,2024-06-15
1670,1807,38,2023-11-15
1671,1807,269,2024-07-09
1672,1807,336,2024-06-11
1673,1807,517,2024-12-12
1674,1807,616,2025-01-24
1675,1807,722,2024-07-22
1676,1807,978,2024-12-25
1677,1807,1095,2024-01-15
1678,1808,13,2023-12-13
1679,1808,165,2023-12-04
1680,1808,167,2024-05-17
1681,1808,1194,2023-11-17
1682,1808,1234,2024-12-23
1683,1808,1359,2024-01-09
1684,1809,85,2024-09-22
1685,1809,116,2024-09-24
1686,1809,146,2024-09-21
1687,1809,1290,2023-11-03
1688,1809,1314,2024-09-06
1689,1810,37,2024-12-04
1690,1810,827,2024-09-22
1691,1810,850,2024-09-05
1692,1810,890,2024-02-29
1693,1810,1130,2023-12-07
1694,1810,1500,2024-12-28
1695,1811,141,2025-02-07
1696,1811,203,2025-01-23
1697,1811,981,2025-02-10
1698,1811,993,2024-07-25
1699,1811,1312,2025-02-14
1700,1811,1397,2024-12-02
1701,1811,1428,2023-12-01
1702,1812,163,2024-02-17
1703,1812,574,2024-04-26
1704,1812,878,2024-10-04
1705,1812,1024,2024-10-13
1706,1812,1149,2024-11-07
1707,1812,1210,2024-08-29
1708,1812,1385,2024-08-07
1709,1812,1407,2024-07-08
1710,1813,163,2024-08-19
1711,1813,212,2024-07-04
1712,1813,319,2025-01-15
1713,1813,638,2024-11-22
1714,1813,1230,2024-08-14
1715,1813,1344,2024-06-05
1716,1814,82,2025-01-23
1717,1814,117,2024-01-03
1718,1814,152,2025-01-21
1719,1814,1317,2023-12-16
1720,1815,34,2023-12-01
1721,1815,156,2024-06-03
1722,1815,157,2023-10-31
1723,1815,443,2024-10-28
1724,1815,454,2024-12-21
1725,1815,680,2024-07-21
1726,1816,138,2024-07-03
1727,1816,192,2024-09-04
1728,1816,598,2024-08-15
1729,1816,706,2024-03-16
1730,1816,768,2025-02-06
1731,1816,1237,2024-09-22
1732,1816,1250,2024-07-06
1733,1817,82,2023-11-04
1734,1817,347,2024-12-10
1735,1817,432,2024-12-13
1736,1817,863,2024-12-28
1737,1817,1018,2023-11-25
1738,1817,1492,2024-07-25
1739,1818,96,2025-02-06
1740,1818,486,2024-05-11
1741,1818,509,2025-01-19
1742,1818,770,2024-03-01
1743,1819,203,2024-03-23
1744,1819,316,2024-07-19
1745,1819,1263,2023-12-29
1746,1820,34,2024-01-10
1747,1820,336,2024-11-11
1748,1820,1178,2023-12-20
1749,1820,1183,2024-06-07
1750,1820,1226,2025-02-15
1751,1821,81,2025-01-12
1752,1821,174,2025-01-14
1753,1821,342,2024-04-19
1754,1821,471,2024-07-13
1755,1821,790,2024-07-08
1756,1821,1030,2024-10-31
1757,1821,1240,2025-02-05
1758,1821,1290,2024-02-16
1759,1822,77,2024-08-07
1760,1822,159,2024-06-01
1761,1822,204,2024-07-05
1762,1822,417,2024-04-28
1763,1822,499,2024-05-31
1764,1822,502,2025-02-08
1765,1822,1022,2023-10-25
1766,1822,1235,2024-07-22
1767,1823,13,2024-01-16
1768,1823,120,2023-11-20
1769,1823,138,2024-12-08
1770,1823,600,2023-11-02
1771,1823,755,2024-02-29
1772,1823,946,2024-07-22
1773,1824,35,2023-11-12
1774,1824,163,2024-05-21
1775,1824,508,2024-06-18
1776,1824,518,2024-03-31
1777,1824,777,2024-06-18
1778,1824,1029,2024-09-25
1779,1825,70,2023-12-06
1780,1825,96,2024-12-17
1781,1825,148,2024-12-24
1782,1825,443,2024-01-20
1783,1825,1076,2024-12-24
1784,1825,1275,2024-01-24
1785,1825,1359,2024-05-01
1786,1825,1369,2024-08-03
1787,1826,204,2023-12-02
1788,1826,361,2024-03-21
1789,1826,793,2024-08-19
1790,1826,933,2024-05-13
1791,1827,81,2023-12-05
1792,1827,642,2024-11-14
1793,1827,674,2024-09-15
1794,1827,1118,2024-09-26
1795,1827,1124,2023-12-02
1796,1828,191,2025-02-09
1797,1828,308,2024-01-08
1798,1828,746,2024-07-07
1799,1828,1371,2025-01-18
1800,1828,1381,2024-07-01
1801,1829,204,2024-09-29
1802,1829,232,2024-12-11
1803,1829,255,2024-08-17
1804,1829,601,2024-03-06
1805,1829,660,2024-11-28
1806,1829,682,2024-01-12
1807,1829,833,2024-08-22
1808,1829,1498,2024-09-27
1809,1830,165,2024-05-23
1810,1830,377,2024-08-01
1811,1830,379,2025-01-24
1812,1830,1040,2024-07-04
1813,1830,1228,2024-01-05
1814,1830,1313,2024-06-13
1815,1831,191,2024-10-25
1816,1831,1358,2024-11-08
1817,1831,1402,2024-05-07
1818,1832,15,2024-08-11
1819,1832,267,2025-02-13
1820,1832,973,2024-09-27
1821,1833,191,2025-02-07
1822,1833,497,2024-12-27
1823,1833,658,2024-06-20
1824,1833,890,2024-09-24
1825,1833,1484,2024-09-09
1826,1834,11,2023-11-14
1827,1834,1084,2024-03-04
1828,1834,1372,2023-11-11
1829,1834,1400,2024-08-16
1830,1835,79,2024-04-18
1831,1835,172,2024-02-14
1832,1835,199,2024-10-19
1833,1835,696,2023-12-19
1834,1835,1148,2024-02-29
1835,1835,1412,2025-01-25
1836,1836,204,2024-11-27
1837,1836,685,2023-12-04
1838,1836,711,2024-11-27
1839,1836,1035,2024-08-12
1840,1836,1402,2024-05-23
1841,1836,1407,2023-12-16
1842,1837,37,2024-04-18
1843,1837,102,2024-05-25
1844,1837,195,2023-11-11
1845,1837,706,2024-06-29
1846,1837,947,2025-01-22
1847,1838,18,2024-07-28
1848,1838,81,2024-09-12
1849,1838,175,2024-02-24
1850,1838,496,2024-01-18
1851,1838,617,2024-06-25
1852,1838,843,2024-03-13
1853,1838,973,2024-09-29
1854,1838,1005,2025-01-19
1855,1838,1426,2024-12-06
1856,1839,156,2024-10-07
1857,1839,327,2024-07-29
1858,1839,621,2024-07-31
1859,1839,1339,2024-02-11
1860,1839,1396,2024-04-07
1861,1839,1409,2024-10-24
1862,1839,1425,2024-04-30
1863,1840,37,2024-04-18
1864,1840,384,2023-12-13
1865,1840,503,2024-11-21
1866,1840,839,2025-02-07
1867,1840,860,2024-06-11
1868,1840,1095,2024-08-12
1869,1841,93,2024-12-01
1870,1841,390,2025-01-01
1871,1841,426,2024-12-05
1872,1841,504,2024-09-21
1873,1841,583,2024-09-27
1874,1841,1114,2024-09-12
1875,1841,1429,2024-05-10
1876,1842,37,2024-01-21
1877,1842,521,2024-03-17
1878,1842,598,2024-09-11
1879,1842,807,2023-11-12
1880,1842,1207,2025-01-15
1881,1842,1250,2024-08-24
1882,1843,97,2025-02-05
1883,1843,385,2024-05-22
1884,1843,796,2024-10-13
1885,1843,1019,2024-09-11
1886,1843,1392,2024-03-12
1887,1844,123,2024-12-20
1888,1844,290,2024-08-27
1889,1844,312,2024-04-29
1890,1844,1133,2024-05-03
1891,1845,169,2024-07-25
1892,1845,737,2024-02-24
1893,1845,739,2024-10-22
1894,1845,900,2024-03-03
1895,1845,956,2025-02-10
1896,1845,1096,2024-08-28
1897,1846,191,2024-05-26
1898,1846,322,2023-11-02
1899,1846,336,2024-03-04
1900,1846,473,2024-06-07
1901,1847,113,2024-07-07
1902,1847,191,2024-03-27
1903,1847,702,2024-01-05
1904,1847,814,2023-11-22
1905,1847,909,2024-06-03
1906,1847,963,2023-10-25
1907,1847,1071,2024-01-06
1908,1847,1107,2024-08-02
1909,1847,1419,2024-04-10
1910,1848,56,2023-12-11
1911,1848,138,2024-05-04
1912,1848,499,2023-12-31
1913,1848,890,2024-01-09
1914,1848,984,2025-02-08
1915,1848,1365,2024-04-19
1916,1848,1443,2024-08-11
1917,1848,1448,2024-11-12
1918,1848,1484,2024-02-21
1919,1849,192,2024-12-15
1920,1849,758,2024-09-06
1921,1849,997,2024-05-15
1922,1849,1118,2024-03-08
1923,1850,15,2024-07-23
1924,1850,71,2024-07-25
1925,1850,275,2023-12-23
1926,1850,351,2023-10-20
1927,1850,506,2024-07-03
1928,1850,682,2024-08-08
1929,1850,976,2024-11-27
1930,1851,34,2024-11-21
1931,1851,247,2024-02-10
1932,1851,512,2024-03-04
1933,1851,709,2024-07-19
1934,1851,955,2024-05-11
1935,1851,1282,2024-07-18
1936,1852,26,2024-10-10
1937,1852,44,2024-07-02
1938,1852,147,2024-02-13
1939,1852,1227,2024-08-29
1940,1853,96,2023-11-10
1941,1853,109,2025-01-12
1942,1853,123,2024-05-30
1943,1853,728,2023-12-29
1944,1853,847,2024-02-29
1945,1853,1160,2024-05-09
1946,1853,1193,2024-06-21
1947,1854,169,2024-01-05
1948,1854,255,2024-11-08
1949,1854,381,2024-07-15
1950,1854,833,2024-06-03
1951,1854,1053,2024-08-23
1952,1854,1474,2024-08-09
1953,1855,81,2023-11-23
1954,1855,922,2024-05-24
1955,1855,1077,2023-10-31
1956,1855,1169,2024-09-03
1957,1855,1234,2024-12-19
1958,1855,1327,2023-11-21
1959,1855,1354,2023-12-04
1960,1856,37,2024-03-21
1961,1856,128,2023-11-26
1962,1856,281,2024-02-06
1963,1856,451,2024-12-17
1964,1856,777,2023-12-16
1965,1856,1397,2024-08-15
1966,1857,15,2025-01-20
1967,1857,307,2024-11-10
1968,1857,380,2024-10-25
1969,1857,821,2024-02-24
1970,1857,970,2024-04-20
1971,1857,1250,2024-09-22
1972,1858,93,2024-11-09
1973,1858,307,2024-08-22
1974,1858,329,2024-09-11
1975,1858,363,2024-12-10
1976,1858,517,2024-01-11
1977,1858,539,2024-12-13
1978,1858,923,2025-01-09
1979,1858,1372,2024-02-01
1980,1859,37,2024-10-19
1981,1859,357,2024-05-15
1982,1859,1331,2023-12-14
1983,1859,1369,2024-02-16
1984,1860,38,2024-02-06
1985,1860,448,2024-06-19
1986,1861,50,2024-10-22
1987,1861,76,2024-05-15
1988,1861,175,2025-01-19
1989,1861,1054,2023-10-20
1990,1861,1180,2024-04-11
1991,1862,97,2024-01-23
1992,1862,239,2024-02-24
1993,1862,481,2023-11-11
1994,1862,653,2025-02-01
1995,1863,56,2024-02-27
1996,1863,96,2024-04-01
1997,1863,288,2024-07-30
1998,1863,429,2024-07-07
1999,1863,621,2023-12-07
2000,1863,1133,2024-05-12
2001,1863,1148,2024-04-07
2002,1863,1210,2024-11-22
2003,1863,1225,2024-12-17
2004,1864,93,2024-10-12
2005,1864,436,2023-10-31
2006,1864,741,2025-01-27
2007,1865,125,2024-01-12
2008,1865,385,2024-04-21
2009,1865,619,2025-01-26
2010,1865,796,2024-03-10
2011,1865,918,2024-11-07
2012,1865,1075,2024-03-22
2013,1866,116,2024-06-29
2014,1866,272,2024-01-02
2015,1866,912,2024-03-02
2016,1866,1047,2023-12-22
2017,1867,125,2024-08-30
2018,1867,149,2023-12-08
2019,1867,527,2024-05-26
2020,1867,655,2024-03-30
2021,1867,896,2024-09-16
2022,1867,1004,2023-11-05
2023,1867,1061,2025-01-08
2024,1868,85,2024-01-26
2025,1868,165,2024-10-10
2026,1868,175,2024-03-16
2027,1868,211,2024-03-08
2028,1868,861,2023-11-03
2029,1868,1070,2024-11-26
2030,1869,116,2024-08-05
2031,1869,194,2024-05-20
2032,1869,255,2024-05-12
2033,1869,541,2024-12-25
2034,1869,1421,2023-11-21
2035,1869,1449,2024-06-16
2036,1870,149,2024-11-09
2037,1870,230,2024-11-02
2038,1870,1444,2024-06-23
2039,1871,191,2025-01-21
2040,1871,319,2025-01-28
2041,1871,750,2025-02-07
2042,1871,787,2024-11-05
2043,1871,915,2023-11-22
2044,1871,1310,2024-11-18
2045,1871,1458,2024-07-10
2046,1872,4,2023-12-23
2047,1872,156,2024-10-12
2048,1872,590,2024-02-29
2049,1872,1052,2024-08-19
2050,1873,93,2024-07-21
2051,1873,437,2024-08-08
2052,1873,617,2024-11-08
2053,1873,759,2024-07-25
2054,1873,1261,2024-09-06
2055,1873,1277,2023-11-10
2056,1873,1359,2024-07-25
2057,1874,37,2024-07-23
2058,1874,326,2025-01-26
2059,1874,985,2024-10-27
2060,1874,1170,2023-10-21
2061,1875,191,2025-01-05
2062,1875,390,2024-05-12
2063,1875,784,2024-06-12
2064,1875,810,2024-12-19
2065,1875,1293,2024-07-28
2066,1876,156,2024-01-02
2067,1876,704,2023-12-08
2068,1876,827,2024-03-07
2069,1876,1000,2023-11-29
2070,1876,1378,2024-06-02
2071,1877,204,2024-03-06
2072,1877,513,2024-05-18
2073,1877,1206,2024-07-10
2074,1878,58,2024-12-27
2075,1878,114,2023-12-12
2076,1878,506,2024-11-26
2077,1878,523,2024-02-12
2078,1878,532,2024-12-22
2079,1878,815,2024-04-04
2080,1878,847,2024-09-02
2081,1878,860,2024-01-22
2082,1878,979,2025-02-01
2083,1879,97,2024-05-08
2084,1879,204,2024-09-04
2085,1879,223,2024-04-29
2086,1879,627,2025-02-15
2087,1879,703,2024-03-03
2088,1879,1004,2024-07-25
2089,1879,1261,2024-05-23
2090,1880,116,2024-08-30
2091,1880,521,2024-09-23
2092,1880,867,2024-07-21
2093,1880,1124,2024-08-31
2094,1880,1134,2024-12-05
2095,1880,1494,2025-01-30
2096,1881,146,2024-02-24
2097,1881,359,2024-10-11
2098,1881,919,2024-08-12
2099,1881,1095,2024-05-09
2100,1881,1210,2024-10-10
2101,1881,1348,2024-08-31
2102,1882,125,2024-07-27
2103,1882,264,2024-06-01
2104,1882,408,2024-03-27
2105,1882,1264,2025-02-07
2106,1882,1332,2024-07-05
2107,1883,146,2024-05-02
2108,1883,206,2024-08-05
2109,1883,698,2024-03-27
2110,1883,910,2024-10-06
2111,1883,945,2025-01-18
2112,1883,1128,2025-01-05
2113,1883,1234,2023-12-05
2114,1883,1359,2024-04-04
2115,1884,146,2024-04-11
2116,1884,353,2024-08-16
2117,1884,513,2024-03-01
2118,1884,1131,2024-03-28
2119,1884,1426,2024-12-04
2120,1885,13,2024-09-21
2121,1885,28,2023-11-14
2122,1885,138,2023-12-15
2123,1885,294,2023-12-22
2124,1885,1248,2024-08-29
2125,1886,146,2023-12-28
2126,1886,319,2024-10-23
2127,1886,346,2024-08-21
2128,1886,827,2024-10-01
2129,1886,1166,2024-01-20
2130,1886,1430,2023-11-18
2131,1886,1484,2024-12-25
2132,1886,1487,2024-10-05
2133,1887,146,2024-11-22
2134,1887,1022,2024-06-20
2135,1887,1076,2024-04-21
2136,1887,1131,2024-02-23
2137,1887,1205,2024-10-10
2138,1888,76,2025-02-06
2139,1888,192,2024-05-02
2140,1888,232,2025-01-17
2141,1888,259,2024-10-09
2142,1888,535,2023-11-11
2143,1888,908,2024-04-16
2144,1888,963,2023-12-17
2145,1888,1016,2023-11-25
2146,1888,1164,2024-06-18
2147,1889,58,2023-11-29
2148,1889,720,2024-05-23
2149,1890,97,2024-10-03
2150,1890,542,2024-10-26
2151,1890,678,2023-11-20
2152,1890,680,2024-02-13
2153,1890,753,2024-12-19
2154,1890,1356,2024-08-20
2155,1891,15,2024-07-21
2156,1891,85,2024-11-08
2157,1891,827,2024-11-17
2158,1891,850,2024-07-30
2159,1891,1149,2024-12-06
2160,1891,1170,2024-05-09
2161,1892,147,2024-02-03
2162,1892,243,2024-05-22
2163,1892,679,2024-03-28
2164,1892,1134,2024-02-24
2165,1892,1201,2024-05-17
2166,1892,1205,2024-10-17
2167,1892,1364,2024-09-15
2168,1893,165,2023-12-23
2169,1893,196,2023-12-10
2170,1893,227,2024-07-09
2171,1893,495,2024-08-11
2172,1893,1004,2024-03-01
2173,1894,116,2024-04-04
2174,1894,214,2024-04-27
2175,1894,239,2024-08-21
2176,1894,284,2023-11-17
2177,1894,832,2024-05-01
2178,1894,881,2024-06-24
2179,1894,955,2023-10-23
2180,1894,1381,2023-11-14
2181,1894,1397,2023-11-01
2182,1895,138,2024-08-19
2183,1895,417,2024-09-19
2184,1895,979,2024-09-17
2185,1895,1251,2024-08-08
2186,1896,147,2024-03-22
2187,1896,357,2024-12-06
2188,1896,392,2023-12-28
2189,1896,449,2024-03-20
2190,1896,1040,2024-07-17
2191,1896,1369,2024-08-12
2192,1896,1491,2024-02-25
2193,1897,72,2024-01-19
2194,1897,75,2023-11-13
2195,1897,87,2024-03-18
2196,1897,175,2025-02-02
2197,1897,384,2024-04-29
2198,1897,405,2024-04-29
2199,1897,1014,2024-10-03
2200,1897,1210,2025-01-04
2201,1898,73,2024-03-08
2202,1898,81,2024-11-25
2203,1898,139,2025-01-24
2204,1898,165,2024-11-02
2205,1898,645,2025-01-03
2206,1898,676,2024-07-31
2207,1898,720,2024-08-29
2208,1898,811,2024-05-29
2209,1898,1004,2024-05-27
2210,1898,1400,2024-06-30
2211,1899,110,2024-05-17
2212,1899,191,2023-11-14
2213,1899,361,2024-04-04
2214,1899,734,2024-11-27
2215,1899,746,2024-05-30
2216,1899,923,2024-03-02
2217,1899,1117,2024-01-10
2218,1899,1240,2023-10-27
2219,1900,88,2024-12-12
2220,1900,169,2024-11-27
2221,1900,579,2025-02-07
2222,1900,592,2024-03-27
2223,1900,1095,2024-03-29
2224,1900,1115,2024-05-23
2225,1901,12,2025-01-04
2226,1901,58,2024-04-23
2227,1901,1217,2024-06-26
2228,1901,1234,2024-11-10
2229,1901,1359,2024-06-02
2230,1901,1478,2024-04-11
2231,1902,165,2024-07-21
2232,1902,357,2025-01-18
2233,1902,1393,2023-11-03
2234,1903,15,2024-08-07
2235,1903,175,2024-06-06
2236,1903,1100,2024-11-23
2237,1903,1377,2024-03-25
2238,1904,58,2024-11-16
2239,1904,307,2024-03-31
2240,1904,541,2024-02-10
2241,1904,585,2024-01-26
2242,1904,689,2024-11-23
2243,1904,807,2024-07-05
2244,1904,1406,2024-12-05
2245,1905,96,2024-08-26
2246,1905,550,2023-11-03
2247,1905,599,2024-05-24
2248,1905,937,2023-12-25
2249,1905,1065,2024-02-21
2250,1906,11,2024-12-31
2251,1906,102,2024-11-23
2252,1906,151,2024-04-26
2253,1906,159,2024-02-29
2254,1906,354,2024-12-02
2255,1906,734,2024-05-14
2256,1906,1308,2025-01-10
2257,1907,30,2024-05-02
2258,1907,56,2024-11-24
2259,1907,1129,2023-12-25
2260,1908,199,2024-12-30
2261,1908,1160,2024-09-08
2262,1908,1457,2024-01-22
2263,1909,11,2024-11-17
2264,1909,127,2024-05-21
2265,1909,542,2024-04-09
2266,1910,96,2024-10-12
2267,1910,182,2024-03-16
2268,1910,360,2023-11-16
2269,1910,758,2023-12-14
2270,1910,965,2024-05-10
2271,1910,1111,2024-09-07
2272,1910,1272,2024-04-08
2273,1911,31,2024-08-24
2274,1911,146,2024-08-26
2275,1911,255,2024-04-14
2276,1911,521,2024-02-14
2277,1911,722,2025-02-04
2278,1911,736,2023-11-16
2279,1911,1232,2023-10-24
2280,1912,125,2024-10-09
2281,1912,548,2025-02-08
2282,1912,827,2024-09-29
2283,1912,867,2024-05-24
2284,1913,37,2024-01-10
2285,1913,169,2024-12-31
2286,1913,231,2024-01-23
2287,1913,995,2023-12-19
2288,1913,999,2024-01-17
2289,1913,1393,2024-01-05
2290,1914,204,2024-03-18
2291,1914,850,2024-01-20
2292,1915,34,2024-11-13
2293,1915,299,2024-12-01
2294,1915,525,2024-06-07
2295,1915,628,2024-05-26
2296,1915,805,2025-01-13
2297,1915,1234,2024-06-20
2298,1915,1479,2024-10-09
2299,1916,13,2024-09-20
2300,1916,84,2024-06-18
2301,1916,337,2024-03-27
2302,1916,1143,2024-05-12
2303,1916,1151,2023-12-27
2304,1917,30,2024-11-14
2305,1917,204,2024-03-29
2306,1917,1352,2024-08-28
2307,1918,96,2023-11-23
2308,1918,575,2024-05-06
2309,1918,777,2023-11-03
2310,1918,1314,2023-12-12
2311,1918,1397,2023-11-29
2312,1919,96,2024-01-18
2313,1919,499,2024-03-11
2314,1919,627,2024-10-17
2315,1919,1071,2023-12-10
2316,1920,199,2023-12-06
2317,1920,277,2024-04-27
2318,1920,288,2025-01-28
2319,1920,480,2024-12-29
2320,1920,1028,2024-07-03
2321,1920,1166,2024-12-10
2322,1920,1384,2024-02-25
2323,1921,199,2024-07-19
2324,1921,370,2024-12-01
2325,1921,1288,2024-07-10
2326,1921,1305,2024-09-11
2327,1921,1348,2024-05-05
2328,1921,1395,2023-11-19
2329,1922,199,2023-10-23
2330,1922,325,2024-11-12
2331,1922,603,2025-01-25
2332,1922,1210,2024-07-20
2333,1922,1396,2023-10-27
2334,1922,1485,2023-12-14
2335,1922,1497,2024-06-18
2336,1923,1,2024-08-16
2337,1923,122,2024-07-10
2338,1923,175,2024-05-09
2339,1923,182,2024-06-22
2340,1923,441,2024-10-18
2341,1923,1083,2024-06-29
2342,1923,1370,2024-08-01
2343,1924,192,2023-12-24
2344,1924,656,2024-01-28
2345,1925,37,2025-01-09
2346,1925,78,2023-11-29
2347,1925,299,2024-01-16
2348,1925,602,2024-08-10
2349,1925,971,2024-08-19
2350,1925,1050,2025-01-13
2351,1925,1258,2025-02-13
2352,1926,82,2024-04-20
2353,1926,196,2024-06-03
2354,1926,283,2025-02-07
2355,1926,331,2024-11-25
2356,1926,702,2025-01-21
2357,1926,1179,2023-10-26
2358,1926,1452,2025-02-07
2359,1927,123,2024-12-03
2360,1927,384,2024-03-07
2361,1927,635,2024-06-04
2362,1927,759,2023-12-28
2363,1927,784,2024-10-21
2364,1927,880,2024-05-16
2365,1927,1023,2024-11-28
2366,1927,1407,2024-03-02
2367,1928,37,2024-12-29
2368,1928,111,2024-01-12
2369,1928,399,2024-09-10
2370,1928,431,2024-12-08
2371,1928,659,2024-05-24
2372,1928,999,2023-11-27
2373,1928,1186,2024-01-03
2374,1928,1434,2024-10-27
2375,1929,192,2023-12-15
2376,1929,832,2025-02-01
2377,1929,955,2024-01-12
2378,1929,1166,2023-11-16
2379,1929,1169,2024-02-01
2380,1929,1290,2024-07-16
2381,1930,199,2024-02-25
2382,1930,916,2024-02-14
2383,1930,1085,2024-10-30
2384,1930,1147,2024-11-11
2385,1930,1165,2025-01-14
2386,1930,1238,2024-06-21
2387,1931,146,2024-04-12
2388,1931,377,2024-02-13
2389,1931,584,2024-05-27
2390,1931,711,2024-04-14
2391,1931,1095,2024-10-10
2392,1931,1402,2024-08-16
2393,1932,204,2024-10-27
2394,1932,357,2024-05-04
2395,1932,512,2025-01-05
2396,1932,700,2024-11-08
2397,1932,791,2024-07-18
2398,1933,204,2023-11-13
2399,1933,1021,2024-06-12
2400,1934,116,2024-07-29
2401,1934,292,2024-04-16
2402,1934,1255,2024-12-12
2403,1935,58,2024-09-09
2404,1935,331,2024-01-14
2405,1935,702,2024-04-25
2406,1935,836,2024-03-03
2407,1935,1484,2025-02-16
2408,1936,56,2024-07-09
2409,1936,114,2024-01-17
2410,1936,504,2024-03-26
2411,1936,769,2023-12-24
2412,1936,979,2023-12-22
2413,1936,1197,2024-09-27
2414,1937,175,2024-07-31
2415,1937,199,2024-10-09
2416,1937,304,2024-11-07
2417,1937,575,2024-02-16
2418,1937,879,2024-07-03
2419,1938,58,2024-04-03
2420,1938,153,2025-01-11
2421,1938,542,2024-02-26
2422,1938,736,2024-04-22
2423,1939,13,2024-12-01
2424,1939,683,2024-11-08
2425,1939,700,2024-03-05
2426,1939,1089,2023-11-13
2427,1940,1,2023-11-05
2428,1940,169,2024-09-30
2429,1940,567,2025-02-14
2430,1940,1465,2024-05-26
2431,1941,13,2024-02-27
2432,1941,38,2024-03-24
2433,1941,548,2024-09-18
2434,1941,773,2024-04-25
2435,1941,1234,2024-03-14
2436,1941,1393,2024-09-17
2437,1942,34,2024-06-15
2438,1942,561,2024-04-10
2439,1942,715,2024-11-01
2440,1942,863,2024-01-02
2441,1942,1475,2025-01-07
2442,1943,165,2024-01-28
2443,1943,556,2024-12-25
2444,1943,976,2025-01-12
2445,1943,1027,2023-11-28
2446,1943,1045,2023-12-16
2447,1944,165,2023-12-30
2448,1944,379,2025-02-14
2449,1944,827,2024-01-27
2450,1944,895,2024-01-06
2451,1944,961,2025-02-09
2452,1944,1131,2024-10-19
2453,1944,1351,2024-06-05
2454,1945,37,2024-03-14
2455,1945,174,2024-11-17
2456,1945,281,2024-07-21
2457,1945,362,2024-08-29
2458,1945,487,2024-11-14
2459,1945,891,2024-10-31
2460,1945,1321,2024-10-28
2461,1946,97,2024-06-27
2462,1946,207,2024-10-03
2463,1946,957,2025-02-12
2464,1946,1129,2024-09-01
2465,1946,1497,2024-10-29
2466,1947,169,2024-12-10
2467,1947,655,2023-12-02
2468,1947,1317,2024-06-06
2469,1947,1415,2024-05-31
2470,1948,11,2025-01-23
2471,1948,159,2024-11-19
2472,1948,229,2024-05-10
2473,1948,337,2024-11-14
2474,1948,401,2024-02-02
2475,1948,407,2024-02-21
2476,1948,674,2024-09-24
2477,1948,833,2024-03-18
2478,1948,867,2024-09-14
2479,1949,90,2024-09-12
2480,1949,165,2024-10-01
2481,1949,213,2024-11-03
2482,1949,468,2024-01-13
2483,1949,739,2024-06-26
2484,1949,1004,2024-01-14
2485,1950,116,2023-11-04
2486,1950,257,2024-01-26
2487,1950,549,2025-01-06
2488,1950,643,2024-12-19
2489,1950,753,2024-07-30
2490,1950,769,2024-07-21
2491,1950,1033,2024-05-01
2492,1951,96,2024-10-04
2493,1951,114,2024-01-14
2494,1951,519,2024-12-12
2495,1951,549,2023-11-26
2496,1951,714,2025-01-21
2497,1951,999,2024-06-19
2498,1952,13,2024-04-18
2499,1952,79,2024-10-19
2500,1952,920,2023-10-26
2501,1952,1129,2024-09-19
2502,1952,1257,2024-07-23
2503,1953,165,2023-11-20
2504,1953,589,2024-12-03
2505,1953,830,2024-12-26
2506,1953,1461,2023-11-23
2507,1954,34,2024-08-25
2508,1954,342,2024-11-24
2509,1954,381,2024-05-05
2510,1954,432,2024-02-23
2511,1954,1169,2024-12-16
2512,1954,1277,2023-11-10
2513,1954,1351,2024-02-27
2514,1955,163,2024-04-05
2515,1955,307,2024-10-19
2516,1955,313,2024-09-09
2517,1955,967,2024-01-27
2518,1955,1118,2023-11-05
2519,1955,1250,2024-05-04
2520,1955,1370,2024-08-26
2521,1955,1388,2024-11-28
2522,1956,108,2024-02-14
2523,1956,147,2024-04-03
2524,1956,436,2024-10-22
2525,1956,808,2024-07-25
2526,1956,889,2024-07-03
2527,1956,970,2024-12-17
2528,1956,1162,2024-01-02
2529,1956,1238,2024-03-04
2530,1957,15,2024-09-03
2531,1957,39,2025-01-19
2532,1957,163,2024-02-14
2533,1957,357,2024-04-06
2534,1957,389,2024-12-27
2535,1957,478,2024-02-14
2536,1957,932,2025-01-13
2537,1957,1093,2024-03-24
2538,1958,38,2023-10-26
2539,1958,138,2023-11-07
2540,1958,175,2025-01-01
2541,1958,186,2025-02-02
2542,1958,367,2025-01-03
2543,1958,513,2024-10-12
2544,1958,620,2024-11-26
2545,1958,817,2024-09-08
2546,1959,192,2024-11-02
2547,1959,824,2023-12-12
2548,1959,936,2024-07-09
2549,1959,1126,2023-11-24
2550,1959,1263,2024-10-20
2551,1960,107,2025-01-08
2552,1960,149,2024-05-09
2553,1960,212,2024-06-01
2554,1960,734,2024-06-18
2555,1960,1152,2024-07-04
2556,1960,1303,2024-03-14
2557,1960,1450,2024-07-09
2558,1961,199,2025-01-25
2559,1961,262,2023-11-23
2560,1961,395,2024-12-24
2561,1961,589,2024-05-24
2562,1962,38,2024-04-13
2563,1962,86,2024-01-16
2564,1962,117,2024-03-10
2565,1962,177,2024-02-27
2566,1962,191,2024-02-27
2567,1962,1075,2025-01-31
2568,1962,1423,2024-09-27
2569,1962,1452,2024-04-21
2570,1963,11,2024-03-01
2571,1963,62,2024-03-02
2572,1963,342,2024-05-25
2573,1963,698,2023-11-16
2574,1963,1284,2024-12-15
2575,1963,1399,2024-07-18
2576,1964,37,2024-02-04
2577,1964,125,2024-12-12
2578,1964,1047,2024-07-19
2579,1965,96,2025-01-12
2580,1965,278,2024-04-22
2581,1965,576,2024-10-06
2582,1965,925,2023-11-22
2583,1966,37,2024-06-19
2584,1966,230,2024-08-23
2585,1966,535,2024-09-01
2586,1966,637,2024-02-08
2587,1966,802,2024-06-06
2588,1966,1251,2024-10-14
2589,1967,15,2024-11-24
2590,1967,973,2024-07-28
2591,1967,984,2023-12-13
2592,1967,1273,2023-10-27
2593,1968,58,2024-09-12
2594,1968,550,2024-10-05
2595,1969,15,2024-09-17
2596,1969,237,2024-11-09
2597,1969,296,2025-01-28
2598,1969,602,2024-12-02
2599,1969,999,2024-10-25
2600,1969,1295,2024-09-26
2601,1969,1453,2024-04-01
2602,1970,11,2024-02-20
2603,1970,309,2024-09-13
2604,1970,609,2024-08-20
2605,1970,922,2023-12-22
2606,1970,1258,2024-01-03
2607,1971,147,2024-07-20
2608,1971,213,2024-06-09
2609,1971,283,2024-07-03
2610,1971,1266,2024-07-08
2611,1972,192,2024-09-22
2612,1972,329,2024-02-27
2613,1972,514,2025-01-09
2614,1972,734,2024-07-21
2615,1972,923,2024-10-30
2616,1973,192,2024-05-04
2617,1973,283,2024-12-04
2618,1973,535,2024-09-02
2619,1973,620,2024-08-05
2620,1973,1022,2024-08-11
2621,1973,1397,2024-05-24
2622,1973,1423,2024-08-15
2623,1974,116,2024-07-16
2624,1974,751,2024-07-09
2625,1974,1238,2024-11-20
2626,1975,37,2024-01-07
2627,1975,243,2025-01-15
2628,1975,361,2025-01-16
2629,1975,496,2024-11-14
2630,1975,734,2024-10-07
2631,1975,923,2024-08-21
2632,1975,960,2023-11-20
2633,1975,1178,2024-03-24
2634,1975,1237,2024-03-29
2635,1976,175,2024-06-22
2636,1976,389,2024-08-11
2637,1977,38,2024-10-13
2638,1977,88,2023-12-27
2639,1977,106,2024-12-21
2640,1977,207,2024-06-21
2641,1977,321,2023-12-12
2642,1977,595,2024-03-08
2643,1977,877,2024-12-22
2644,1978,81,2024-06-06
2645,1978,138,2024-10-02
2646,1978,245,2023-12-29
2647,1978,1083,2024-02-26
2648,1978,1132,2024-04-29
2649,1979,149,2024-02-16
2650,1979,175,2023-11-07
2651,1979,575,2024-12-07
2652,1979,793,2023-12-04
2653,1979,1041,2025-01-03
2654,1979,1397,2024-10-27
2655,1979,1428,2024-08-21
2656,1980,37,2024-07-22
2657,1980,755,2024-11-05
2658,1980,1072,2024-05-02
2659,1981,13,2024-10-17
2660,1981,175,2024-02-26
2661,1981,944,2024-01-17
2662,1981,1067,2024-03-05
2663,1981,1248,2023-12-26
2664,1982,138,2025-01-25
2665,1982,489,2024-02-01
2666,1982,892,2024-12-18
2667,1982,1334,2024-07-31
2668,1983,165,2024-09-16
2669,1983,292,2024-02-12
2670,1983,573,2024-08-18
2671,1983,700,2024-06-06
2672,1983,1434,2024-01-11
2673,1984,72,2024-07-12
2674,1984,79,2024-02-17
2675,1984,82,2024-02-18
2676,1984,167,2024-08-05
2677,1984,1022,2024-11-28
2678,1984,1099,2023-12-11
2679,1984,1402,2024-01-05
2680,1984,1488,2023-12-16
2681,1985,125,2024-09-14
2682,1985,631,2024-09-21
2683,1985,637,2024-07-27
2684,1985,889,2024-07-01
2685,1985,1188,2023-11-04
2686,1985,1363,2024-05-07
2687,1986,116,2025-02-02
2688,1986,328,2024-12-11
2689,1986,1082,2024-01-08
2690,1986,1091,2025-02-14
2691,1986,1215,2025-01-13
2692,1986,1494,2024-08-05
2693,1987,164,2024-02-04
2694,1987,169,2024-01-16
2695,1987,981,2024-07-10
2696,1988,93,2025-01-05
2697,1988,690,2024-07-09
2698,1988,704,2025-02-04
2699,1989,118,2023-11-14
2700,1989,123,2024-10-18
2701,1989,796,2024-08-10
2702,1989,816,2024-07-31
2703,1989,1463,2025-02-04
2704,1990,191,2024-02-05
2705,1990,605,2024-01-13
2706,1991,156,2024-01-02
2707,1991,163,2023-12-21
2708,1991,447,2023-11-11
2709,1991,460,2024-12-10
2710,1991,520,2023-12-18
2711,1991,547,2023-10-27
2712,1991,1134,2024-01-22
2713,1991,1280,2024-02-14
2714,1991,1485,2024-01-17
2715,1991,1498,2025-01-17
2716,1992,165,2023-10-21
2717,1992,996,2023-10-28
2718,1992,1090,2023-11-21
2719,1992,1263,2024-10-08
2720,1992,1312,2024-07-13
2721,1993,11,2024-05-04
2722,1993,215,2024-06-12
2723,1993,245,2024-05-29
2724,1993,1002,2024-05-01
2725,1993,1128,2023-12-17
2726,1993,1156,2023-11-12
2727,1993,1304,2025-01-27
2728,1994,82,2023-11-04
2729,1994,250,2024-07-06
2730,1994,432,2024-12-23
2731,1994,575,2024-09-07
2732,1994,955,2024-08-20
2733,1995,34,2024-09-27
2734,1995,468,2025-01-06
2735,1995,496,2024-07-31
2736,1995,827,2025-02-01
2737,1995,858,2024-12-03
2738,1995,912,2024-09-30
2739,1996,37,2024-06-22
2740,1996,50,2024-10-20
2741,1996,425,2024-05-04
2742,1996,882,2023-12-21
2743,1996,996,2023-10-25
2744,1997,13,2024-07-26
2745,1997,201,2023-12-01
2746,1997,668,2024-12-11
2747,1998,203,2024-03-19
2748,1998,583,2024-01-24
2749,1998,675,2024-04-27
2750,1998,952,2024-05-03
2751,1998,1198,2024-11-30
2752,1998,1453,2023-12-06
2753,1999,128,2024-03-15
2754,1999,156,2023-11-20
2755,1999,334,2025-01-31
2756,1999,341,2024-10-24
2757,1999,840,2024-02-17
2758,1999,1083,2025-01-21
2759,2000,13,2024-07-29
2760,2000,116,2024-03-16
2761,2000,153,2025-02-06
2762,2000,199,2024-03-31
2763,2001,149,2024-09-16
2764,2001,297,2024-02-21
2765,2001,809,2024-09-12
2766,2001,986,2025-02-14
2767,2002,175,2023-12-02
2768,2002,211,2024-08-16
2769,2002,785,2024-07-07
2770,2002,834,2024-11-09
2771,2002,1228,2023-11-13
2772,2002,1345,2024-11-25
2773,2002,1428,2024-06-23
2774,2003,13,2024-03-09
2775,2003,56,2024-05-22
2776,2003,905,2024-11-23
2777,2003,949,2024-11-07
2778,2003,1196,2024-11-15
2779,2003,1248,2024-12-31
2780,2003,1320,2024-07-27
2781,2004,138,2024-09-12
2782,2004,483,2023-12-29
2783,2004,741,2024-01-27
2784,2004,1255,2024-03-29
2785,2005,38,2024-03-26
2786,2005,262,2024-05-16
2787,2005,769,2025-01-05
2788,2005,1454,2024-08-16
2789,2006,11,2024-03-29
2790,2006,637,2024-12-19
2791,2006,807,2024-09-30
2792,2006,1062,2024-11-27
2793,2006,1214,2023-12-09
2794,2006,1487,2023-11-06
2795,2006,1498,2023-10-21
2796,2007,13,2024-01-29
2797,2007,116,2024-10-29
2798,2007,602,2024-11-18
2799,2007,1153,2023-10-28
2800,2007,1234,2024-06-10
2801,2008,27,2024-12-20
2802,2008,108,2024-11-07
2803,2008,192,2024-05-13
2804,2008,208,2025-01-30
2805,2008,402,2024-01-21
2806,2008,851,2023-10-21
2807,2009,76,2024-04-26
2808,2009,116,2024-12-11
2809,2009,447,2024-12-10
2810,2009,517,2024-03-10
2811,2009,548,2025-02-14
2812,2009,953,2024-04-05
2813,2009,1139,2024-11-03
2814,2010,163,2024-08-16
2815,2010,229,2024-05-01
2816,2010,489,2024-05-31
2817,2010,772,2024-12-20
2818,2011,196,2023-11-27
2819,2011,203,2024-04-06
2820,2011,824,2023-10-30
2821,2011,1202,2025-01-24
2822,2012,123,2024-10-06
2823,2012,610,2023-11-12
2824,2013,146,2024-05-30
2825,2013,942,2024-05-28
2826,2013,1069,2025-01-21
2827,2013,1190,2024-09-26
2828,2013,1351,2024-05-06
2829,2013,1461,2024-05-23
2830,2014,109,2024-03-05
2831,2014,165,2023-12-06
2832,2014,357,2023-11-26
2833,2014,1322,2023-10-26
2834,2015,62,2025-01-25
2835,2015,192,2024-09-15
2836,2015,400,2024-05-08
2837,2016,81,2025-01-31
2838,2016,666,2024-04-26
2839,2016,745,2024-03-21
2840,2016,826,2025-01-06
2841,2017,14,2023-12-03
2842,2017,204,2024-10-16
2843,2017,403,2023-12-05
2844,2017,420,2024-10-14
2845,2017,930,2024-12-23
2846,2017,1305,2025-01-18
2847,2018,70,2025-02-13
2848,2018,75,2024-02-12
2849,2018,96,2024-03-12
2850,2018,149,2023-10-20
2851,2018,194,2024-12-06
2852,2018,351,2024-06-04
2853,2018,712,2024-07-23
2854,2018,949,2024-04-02
2855,2018,1222,2023-12-10
2856,2019,120,2024-05-11
2857,2019,138,2024-08-29
2858,2019,292,2024-12-11
2859,2019,347,2025-02-03
2860,2019,999,2025-01-31
2861,2019,1070,2024-08-17
2862,2019,1140,2024-03-05
2863,2019,1248,2024-11-18
2864,2020,82,2024-08-31
2865,2020,111,2024-06-16
2866,2020,190,2023-11-10
2867,2020,570,2024-07-13
2868,2020,791,2024-08-29
2869,2020,899,2023-10-27
2870,2020,919,2024-04-25
2871,2020,1095,2024-11-18
2872,2021,165,2024-08-02
2873,2021,841,2024-11-12
2874,2021,1045,2024-01-27
2875,2021,1060,2024-05-27
2876,2022,28,2024-05-21
2877,2022,58,2024-07-26
2878,2022,466,2024-01-31
2879,2022,750,2024-03-18
2880,2022,996,2024-07-29
2881,2023,116,2023-12-31
2882,2023,791,2024-04-30
2883,2023,877,2024-07-19
2884,2023,1368,2024-10-25
2885,2023,1402,2024-08-05
2886,2024,204,2024-08-04
2887,2024,684,2024-09-02
2888,2024,1217,2024-05-14
2889,2024,1224,2024-01-09
2890,2025,38,2024-05-05
2891,2025,95,2024-08-25
2892,2025,991,2024-06-11
2893,2026,34,2024-11-24
2894,2026,82,2023-10-27
2895,2026,320,2024-07-16
2896,2026,662,2024-02-16
2897,2026,1150,2024-07-22
2898,2026,1216,2024-05-28
2899,2027,15,2024-07-31
2900,2027,258,2024-07-30
2901,2027,301,2024-07-12
2902,2027,777,2025-01-21
2903,2027,785,2024-09-09
2904,2027,1482,2024-08-04
2905,2028,138,2023-12-19
2906,2028,794,2024-06-17
2907,2028,1177,2024-07-16
2908,2028,1358,2024-10-03
2909,2029,97,2024-09-22
2910,2029,351,2024-09-12
2911,2029,583,2024-06-24
2912,2029,875,2024-11-23
2913,2029,1442,2024-08-29
2914,2030,37,2023-11-26
2915,2030,132,2024-04-23
2916,2030,260,2023-11-04
2917,2030,680,2024-04-26
2918,2030,926,2024-12-04
2919,2030,1239,2024-08-17
2920,2030,1322,2024-05-26
2921,2031,169,2024-01-20
2922,2031,458,2024-04-22
2923,2031,574,2024-06-08
2924,2031,588,2024-12-25
2925,2031,845,2023-11-28
2926,2031,1430,2024-08-06
2927,2032,56,2024-06-08
2928,2032,293,2025-01-21
2929,2032,758,2024-04-30
2930,2032,1498,2023-10-31
2931,2033,97,2024-10-08
2932,2033,239,2024-08-19
2933,2033,620,2024-02-18
2934,2033,1359,2023-12-23
2935,2034,149,2023-10-31
2936,2034,336,2025-02-13
2937,2034,607,2023-12-03
2938,2034,899,2023-12-26
2939,2034,1188,2024-05-27
2940,2034,1490,2025-01-13
2941,2035,13,2024-10-13
2942,2035,463,2024-11-14
2943,2035,755,2024-04-20
2944,2036,58,2024-06-08
2945,2036,137,2024-12-27
2946,2036,394,2024-09-07
2947,2036,467,2024-07-13
2948,2036,671,2024-08-10
2949,2036,1279,2024-08-01
2950,2036,1294,2024-12-18
2951,2037,97,2025-01-08
2952,2037,326,2024-01-23
2953,2037,453,2024-05-01
2954,2037,1374,2023-10-27
2955,2037,1428,2024-03-22
2956,2038,38,2023-11-29
2957,2038,325,2024-07-29
2958,2038,492,2024-12-30
2959,2038,553,2023-10-22
2960,2039,192,2024-11-12
2961,2039,281,2025-02-14
2962,2039,491,2025-01-21
2963,2039,639,2024-08-07
2964,2039,721,2024-04-25
2965,2040,15,2025-02-09
2966,2040,175,2023-12-30
2967,2040,776,2025-02-12
2968,2041,32,2023-11-26
2969,2041,109,2024-11-24
2970,2041,120,2024-06-12
2971,2041,146,2024-04-21
2972,2041,374,2024-04-08
2973,2041,796,2024-07-07
2974,2041,905,2024-03-28
2975,2041,999,2023-12-19
2976,2041,1018,2024-06-11
2977,2042,149,2024-06-25
2978,2042,970,2024-06-09
2979,2042,1117,2024-03-16
2980,2042,1362,2024-10-15
2981,2043,45,2023-12-05
2982,2043,192,2024-09-27
2983,2043,728,2024-11-05
2984,2043,958,2023-12-29
2985,2043,1055,2024-06-25
2986,2043,1056,2024-03-19
2987,2044,15,2024-05-04
2988,2044,232,2024-08-23
2989,2044,1144,2024-01-22
2990,2045,192,2024-11-24
2991,2045,447,2023-11-27
2992,2045,789,2023-12-08
2993,2045,967,2024-07-23
2994,2046,165,2024-09-28
2995,2046,1095,2024-12-01
2996,2046,1437,2024-12-20
2997,2046,1482,2024-09-14
2998,2047,79,2024-07-28
2999,2047,123,2024-01-02
3000,2047,761,2024-03-11
3001,2047,1402,2023-12-06
3002,2047,1488,2024-08-26
3003,2048,125,2024-10-18
3004,2048,302,2024-08-18
3005,2048,656,2024-05-13
3006,2048,828,2025-02-12
3007,2048,1233,2023-12-29
3008,2048,1453,2024-05-30
3009,2049,34,2024-03-04
3010,2049,96,2024-01-18
3011,2049,119,2024-01-11
3012,2049,257,2023-12-31
3013,2049,385,2024-08-23
3014,2049,619,2025-02-13
3015,2050,52,2024-06-20
3016,2050,156,2024-04-08
3017,2050,365,2024-07-08
3018,2050,716,2024-08-15
3019,2050,775,2023-11-27
3020,2050,1461,2024-06-06
3021,2051,152,2023-11-16
3022,2051,156,2024-12-08
3023,2051,659,2024-10-16
3024,2051,843,2025-01-13
3025,2051,1341,2025-01-29
3026,2051,1360,2025-01-14
3027,2052,97,2024-03-03
3028,2052,193,2024-10-23
3029,2052,658,2024-10-28
3030,2052,795,2024-04-24
3031,2052,830,2024-03-04
3032,2052,1378,2025-01-31
3033,2053,192,2023-12-26
3034,2053,226,2023-12-12
3035,2053,524,2024-12-14
3036,2053,1279,2024-07-29
3037,2054,97,2024-04-14
3038,2054,384,2024-10-02
3039,2054,696,2024-03-18
3040,2054,919,2024-04-27
3041,2054,986,2024-06-24
3042,2054,1403,2024-12-19
3043,2054,1407,2024-12-20
3044,2055,38,2023-11-12
3045,2055,281,2024-03-31
3046,2055,879,2024-05-29
3047,2055,918,2024-11-22
3048,2056,13,2024-07-04
3049,2056,109,2023-12-23
3050,2056,357,2023-10-21
3051,2056,453,2024-12-25
3052,2056,481,2024-08-10
3053,2056,506,2023-12-31
3054,2056,726,2023-12-23
3055,2056,781,2024-12-25
3056,2056,1093,2025-01-07
3057,2057,2,2024-04-24
3058,2057,173,2024-06-30
3059,2057,191,2024-12-18
3060,2057,309,2023-10-20
3061,2057,376,2024-10-17
3062,2057,1278,2024-08-09
3063,2058,96,2023-10-29
3064,2058,366,2025-02-11
3065,2058,829,2024-10-29
3066,2058,948,2023-11-14
3067,2058,1043,2023-11-21
3068,2058,1151,2024-09-07
3069,2058,1208,2024-05-11
3070,2058,1478,2024-02-09
3071,2059,156,2025-02-04
3072,2059,458,2024-10-14
3073,2059,771,2025-01-22
3074,2060,116,2024-04-12
3075,2060,323,2024-05-16
3076,2060,835,2024-03-08
3077,2060,1399,2023-11-16
3078,2061,40,2024-06-11
3079,2061,56,2024-01-15
3080,2061,132,2024-02-05
3081,2061,141,2024-12-16
3082,2061,231,2023-12-28
3083,2061,583,2024-03-10
3084,2062,27,2024-12-26
3085,2062,81,2025-01-04
3086,2062,383,2024-06-16
3087,2062,596,2024-01-18
3088,2062,1048,2024-07-03
3089,2063,34,2024-01-11
3090,2063,388,2025-02-01
3091,2063,962,2024-08-01
3092,2063,1378,2024-08-27
3093,2063,1426,2024-04-04
3094,2064,34,2025-01-16
3095,2064,134,2024-10-23
3096,2064,664,2025-01-15
3097,2064,1035,2024-11-26
3098,2064,1080,2024-03-11
3099,2065,15,2023-10-22
3100,2065,69,2023-11-18
3101,2065,237,2023-12-04
3102,2065,302,2024-06-24
3103,2065,757,2024-07-12
3104,2065,796,2024-09-17
3105,2065,1377,2025-02-15
3106,2066,96,2025-01-29
3107,2066,951,2024-12-11
3108,2066,1024,2024-07-10
3109,2066,1197,2024-01-21
3110,2067,149,2024-01-10
3111,2067,1223,2024-10-06
3112,2067,1492,2024-03-02
3113,2068,175,2024-10-21
3114,2068,362,2024-06-07
3115,2068,692,2024-02-20
3116,2068,1045,2023-12-05
3117,2068,1249,2023-12-28
3118,2068,1347,2024-05-21
3119,2068,1365,2023-11-26
3120,2069,199,2024-05-06
3121,2069,829,2025-02-13
3122,2069,1250,2025-02-09
3123,2070,93,2024-07-23
3124,2070,557,2025-02-04
3125,2070,680,2025-02-07
3126,2070,757,2024-11-29
3127,2070,976,2024-11-18
3128,2071,11,2024-04-28
3129,2071,271,2023-10-23
3130,2071,419,2024-06-22
3131,2071,657,2023-11-22
3132,2071,671,2023-11-19
3133,2071,732,2024-11-25
3134,2071,1374,2024-04-16
3135,2071,1400,2025-02-13
3136,2072,58,2024-08-02
3137,2072,181,2024-09-12
3138,2072,246,2024-10-11
3139,2072,422,2024-11-08
3140,2072,483,2025-02-16
3141,2072,1058,2023-11-19
3142,2072,1175,2023-12-05
3143,2072,1206,2023-12-18
3144,2073,82,2024-08-09
3145,2073,371,2024-04-27
3146,2073,452,2023-10-20
3147,2073,670,2024-08-27
3148,2074,38,2024-01-19
3149,2074,124,2024-12-25
3150,2074,311,2024-06-13
3151,2074,1276,2025-01-15
3152,2075,146,2024-12-06
3153,2075,245,2023-12-14
3154,2075,295,2024-12-10
3155,2075,515,2024-09-20
3156,2075,827,2023-12-03
3157,2075,865,2024-03-29
3158,2075,1424,2024-01-23
3159,2076,34,2024-05-25
3160,2076,134,2023-11-30
3161,2076,140,2024-11-05
3162,2076,190,2025-01-12
3163,2076,195,2023-11-11
3164,2076,823,2024-11-03
3165,2076,1210,2024-04-22
3166,2077,15,2024-02-13
3167,2077,239,2025-02-15
3168,2077,581,2024-12-11
3169,2077,811,2025-01-03
3170,2077,1013,2024-11-29
3171,2077,1169,2024-06-01
3172,2077,1258,2023-11-16
3173,2077,1264,2024-12-13
3174,2077,1294,2024-08-06
3175,2078,56,2023-12-28
3176,2078,197,2024-01-30
3177,2078,990,2023-11-11
3178,2078,1107,2023-11-05
3179,2078,1294,2024-06-12
3180,2079,149,2023-11-25
3181,2079,682,2024-12-07
3182,2080,11,2024-05-27
3183,2080,331,2024-08-18
3184,2080,482,2024-03-28
3185,2080,491,2024-10-02
3186,2080,1022,2023-10-27
3187,2080,1085,2023-10-22
3188,2080,1374,2024-06-23
3189,2081,175,2024-02-28
3190,2081,1080,2025-01-25
3191,2081,1149,2024-10-12
3192,2081,1227,2024-12-17
3193,2082,204,2024-09-18
3194,2082,351,2023-12-03
3195,2082,498,2025-01-11
3196,2082,726,2024-07-04
3197,2082,790,2024-08-08
3198,2082,847,2024-11-25
3199,2083,34,2024-03-27
3200,2083,82,2024-08-02
3201,2083,200,2024-10-18
3202,2083,651,2024-04-04
3203,2083,956,2024-10-11
3204,2083,1092,2024-03-18
3205,2084,56,2024-02-13
3206,2084,93,2024-12-08
3207,2084,1131,2024-09-14
3208,2084,1460,2023-12-31
3209,2085,146,2024-12-01
3210,2085,1038,2024-08-05
3211,2086,56,2024-07-13
3212,2086,1113,2024-06-15
3213,2086,1114,2024-05-18
3214,2086,1300,2024-08-18
3215,2087,51,2024-07-30
3216,2087,156,2024-08-08
3217,2087,1078,2024-02-06
3218,2088,85,2025-01-04
3219,2088,204,2025-01-01
3220,2088,213,2024-05-18
3221,2088,553,2024-04-13
3222,2088,622,2023-12-26
3223,2088,775,2024-08-19
3224,2088,866,2024-02-28
3225,2089,13,2024-03-10
3226,2089,791,2024-06-17
3227,2089,1291,2024-11-15
3228,2089,1403,2023-12-18
3229,2090,58,2024-05-18
3230,2090,88,2024-12-21
3231,2090,109,2024-10-29
3232,2090,233,2023-12-04
3233,2090,292,2024-09-03
3234,2090,504,2024-11-29
3235,2090,1139,2024-10-23
3236,2090,1392,2024-07-09
3237,2091,81,2025-02-04
3238,2091,118,2023-12-31
3239,2091,695,2024-06-18
3240,2091,1106,2024-01-31
3241,2091,1152,2024-12-05
3242,2092,15,2024-03-27
3243,2092,302,2024-12-08
3244,2092,540,2024-07-21
3245,2092,996,2023-12-01
3246,2092,1213,2024-02-06
3247,2093,147,2025-01-23
3248,2093,277,2024-11-17
3249,2093,552,2024-10-25
3250,2093,622,2024-11-19
3251,2093,1048,2023-11-25
3252,2093,1158,2023-11-07
3253,2094,147,2024-02-29
3254,2094,405,2024-04-07
3255,2094,664,2023-11-12
3256,2094,797,2024-01-06
3257,2094,1035,2024-04-17
3258,2095,13,2024-11-19
3259,2095,1187,2024-08-02
3260,2095,1227,2024-09-23
3261,2095,1339,2024-08-27
3262,2095,1387,2024-05-13
3263,2096,26,2024-02-10
3264,2096,140,2024-10-04
3265,2096,147,2024-01-21
3266,2096,326,2023-11-24
3267,2096,556,2024-06-15
3268,2096,620,2025-01-18
3269,2096,777,2024-03-19
3270,2096,892,2024-02-06
3271,2097,191,2025-01-13
3272,2097,282,2024-11-24
3273,2097,839,2024-11-27
3274,2097,873,2024-10-26
3275,2097,935,2024-04-21
3276,2097,1089,2024-05-31
3277,2097,1407,2024-02-28
3278,2098,125,2024-07-14
3279,2098,347,2024-11-14
3280,2098,424,2025-01-13
3281,2098,617,2024-12-14
3282,2098,673,2024-02-20
3283,2098,701,2024-04-09
3284,2098,834,2025-01-08
3285,2098,1467,2025-02-01
3286,2099,13,2024-01-05
3287,2099,123,2024-05-22
3288,2099,559,2024-07-17
3289,2099,698,2023-11-19
3290,2099,724,2024-05-14
3291,2099,1029,2025-01-03
3292,2099,1367,2024-03-07
3293,2099,1405,2024-07-25
3294,2100,13,2024-05-29
3295,2100,1045,2023-11-08
3296,2100,1247,2024-11-04
3297,2100,1465,2024-05-26
3298,2100,1482,2024-06-05
3299,2101,93,2024-01-27
3300,2101,294,2024-08-16
3301,2101,397,2024-07-26
3302,2101,890,2024-02-09
3303,2101,1230,2024-10-21
3304,2101,1413,2024-02-25
3305,2102,15,2025-01-18
3306,2102,305,2024-03-21
3307,2102,795,2025-02-07
3308,2102,1096,2024-07-23
3309,2102,1159,2024-07-03
3310,2102,1266,2024-01-27
3311,2103,82,2024-07-26
3312,2103,397,2024-03-23
3313,2103,798,2024-01-18
3314,2104,11,2024-03-30
3315,2104,258,2024-12-02
3316,2104,403,2024-02-13
3317,2104,451,2024-05-02
3318,2104,472,2025-02-02
3319,2104,616,2024-12-01
3320,2104,1017,2025-01-26
3321,2105,47,2024-09-06
3322,2105,96,2024-12-28
3323,2105,221,2024-03-20
3324,2105,230,2024-05-14
3325,2105,411,2025-01-30
3326,2105,547,2023-12-29
3327,2105,1366,2024-07-22
3328,2105,1378,2023-11-13
3329,2105,1493,2024-04-06
3330,2106,84,2024-04-08
3331,2106,131,2023-11-16
3332,2106,156,2024-06-04
3333,2106,191,2024-12-10
3334,2106,407,2024-06-03
3335,2106,413,2025-02-05
3336,2106,681,2024-03-09
3337,2106,1175,2024-10-14
3338,2106,1280,2023-11-14
3339,2107,58,2024-05-08
3340,2107,82,2024-04-21
3341,2107,87,2024-06-05
3342,2107,136,2024-09-01
3343,2107,1069,2024-04-08
3344,2108,38,2024-04-17
3345,2108,116,2023-11-29
3346,2108,175,2024-04-23
3347,2108,223,2024-05-10
3348,2108,704,2024-01-09
3349,2108,1100,2024-02-02
3350,2108,1197,2024-08-04
3351,2109,138,2024-01-21
3352,2109,672,2024-10-27
3353,2109,736,2024-12-15
3354,2109,889,2023-10-24
3355,2109,978,2024-08-19
3356,2109,1250,2023-11-06
3357,2110,56,2024-07-22
3358,2110,331,2025-02-10
3359,2110,1258,2024-04-07
3360,2110,1291,2025-01-23
3361,2111,41,2024-11-15
3362,2111,93,2024-04-03
3363,2111,407,2023-12-13
3364,2111,446,2023-11-10
3365,2111,483,2024-06-28
3366,2111,493,2024-09-06
3367,2111,530,2024-10-12
3368,2111,1162,2024-03-26
3369,2111,1237,2024-10-28
3370,2112,175,2023-11-03
3371,2112,819,2024-09-25
3372,2112,1480,2024-08-22
3373,2112,1481,2023-12-11
3374,2113,97,2025-01-17
3375,2113,850,2024-02-16
3376,2113,895,2023-12-10
3377,2113,974,2023-12-01
3378,2113,1439,2023-12-10
3379,2114,22,2024-06-12
3380,2114,169,2024-11-21
3381,2114,724,2024-07-05
3382,2114,904,2025-02-12
3383,2114,1484,2024-05-05
3384,2115,96,2023-12-07
3385,2115,517,2024-08-22
3386,2115,681,2024-10-05
3387,2115,734,2023-10-29
3388,2115,830,2023-12-31
3389,2115,923,2024-04-05
3390,2115,1107,2024-12-05
3391,2115,1267,2024-03-19
3392,2116,37,2024-10-14
3393,2116,550,2025-02-13
3394,2116,589,2024-06-03
3395,2116,788,2024-10-03
3396,2116,964,2024-05-06
3397,2116,1080,2023-11-16
3398,2116,1095,2024-10-05
3399,2116,1407,2024-10-13
3400,2117,165,2024-01-18
3401,2117,360,2024-01-14
3402,2117,656,2024-09-08
3403,2118,163,2023-11-01
3404,2118,340,2024-05-14
3405,2118,433,2024-10-21
3406,2118,843,2024-09-01
3407,2118,877,2024-04-26
3408,2118,1080,2025-02-01
3409,2119,34,2024-02-16
3410,2119,690,2024-03-29
3411,2119,1099,2024-12-11
3412,2119,1215,2025-02-01
3413,2120,85,2025-02-08
3414,2120,93,2024-03-05
3415,2120,175,2024-10-11
3416,2120,1088,2025-02-12
3417,2120,1142,2023-12-01
3418,2120,1159,2024-10-03
3419,2120,1278,2024-01-18
3420,2121,116,2023-10-20
3421,2121,246,2025-01-19
3422,2121,473,2023-12-01
3423,2121,592,2024-09-25
3424,2121,721,2023-12-28
3425,2121,923,2024-01-21
3426,2121,993,2024-05-31
3427,2121,1062,2025-01-23
3428,2121,1178,2024-03-28
3429,2122,48,2024-11-24
3430,2122,203,2024-11-29
3431,2122,422,2025-01-22
3432,2122,545,2024-08-04
3433,2122,947,2024-04-19
3434,2123,169,2025-01-08
3435,2123,647,2023-11-19
3436,2123,1108,2023-10-25
3437,2123,1394,2024-01-08
3438,2124,138,2025-01-02
3439,2124,499,2024-05-20
3440,2124,777,2024-11-11
3441,2124,834,2024-12-08
3442,2124,1099,2024-10-12
3443,2124,1202,2025-02-01
3444,2124,1397,2023-11-14
3445,2125,34,2023-11-29
3446,2125,1238,2024-03-31
3447,2126,138,2023-12-15
3448,2126,151,2024-04-09
3449,2126,255,2024-02-06
3450,2126,387,2025-01-03
3451,2126,820,2024-10-22
3452,2126,1093,2025-02-07
3453,2127,191,2024-01-21
3454,2127,353,2025-01-26
3455,2127,575,2025-01-11
3456,2127,702,2024-04-14
3457,2127,879,2024-12-01
3458,2127,1237,2024-09-19
3459,2128,175,2024-10-05
3460,2128,990,2024-10-05
3461,2128,1104,2024-08-16
3462,2128,1446,2024-02-29
3463,2129,37,2024-06-01
3464,2129,137,2024-09-08
3465,2129,702,2025-01-17
3466,2129,732,2024-08-31
3467,2129,974,2024-04-10
3468,2130,11,2023-11-05
3469,2130,169,2024-05-31
3470,2130,364,2024-03-12
3471,2130,448,2023-11-11
3472,2130,660,2024-12-20
3473,2130,807,2024-06-28
3474,2130,851,2023-12-10
3475,2131,46,2024-11-14
3476,2131,147,2024-06-02
3477,2131,837,2024-10-14
3478,2131,849,2024-01-25
3479,2132,133,2024-12-25
3480,2132,191,2023-12-25
3481,2132,876,2024-06-13
3482,2132,1403,2024-08-19
3483,2133,71,2024-07-27
3484,2133,97,2023-11-14
3485,2133,390,2025-02-07
3486,2133,522,2024-04-18
3487,2133,803,2024-10-16
3488,2134,125,2024-11-03
3489,2134,235,2024-08-17
3490,2134,778,2024-09-29
3491,2134,1478,2024-04-24
3492,2135,61,2024-09-13
3493,2135,147,2023-11-03
3494,2135,709,2025-01-29
3495,2135,816,2024-02-15
3496,2135,1305,2024-09-25
3497,2135,1368,2024-11-07
3498,2135,1379,2024-12-17
3499,2136,117,2023-11-22
3500,2136,199,2023-11-13
3501,2136,206,2023-10-24
3502,2136,504,2024-05-08
3503,2136,925,2024-03-15
3504,2136,979,2024-09-30
3505,2136,1429,2024-09-02
3506,2137,199,2024-02-07
3507,2137,300,2024-03-23
3508,2137,318,2024-11-18
3509,2137,575,2024-10-23
3510,2137,785,2023-10-26
3511,2137,922,2024-02-01
3512,2137,1258,2024-10-07
3513,2138,13,2025-01-21
3514,2138,627,2024-08-11
3515,2138,1368,2023-12-19
3516,2138,1422,2023-10-21
3517,2139,82,2024-03-10
3518,2139,304,2024-04-15
3519,2139,1022,2023-12-23
3520,2139,1280,2025-02-11
3521,2139,1397,2023-11-05
3522,2139,1428,2025-01-11
3523,2140,27,2024-02-06
3524,2140,38,2024-05-26
3525,2140,1040,2023-11-12
3526,2140,1238,2024-07-05
3527,2140,1325,2024-08-28
3528,2140,1469,2024-10-11
3529,2141,37,2024-11-12
3530,2141,48,2024-03-13
3531,2141,137,2023-11-21
3532,2142,163,2023-11-25
3533,2142,330,2024-07-23
3534,2142,471,2024-03-21
3535,2143,123,2024-09-04
3536,2143,329,2024-08-29
3537,2143,364,2025-01-27
3538,2143,820,2023-12-07
3539,2143,1217,2024-02-10
3540,2144,15,2024-09-18
3541,2144,464,2024-04-09
3542,2144,621,2025-01-12
3543,2144,629,2024-08-30
3544,2144,667,2024-08-30
3545,2144,696,2025-01-18
3546,2144,761,2024-01-17
3547,2144,1098,2024-07-25
3548,2145,83,2024-04-20
3549,2145,203,2024-04-14
3550,2145,495,2024-11-12
3551,2145,987,2024-11-07
3552,2145,1218,2024-02-21
3553,2145,1295,2025-01-27
3554,2145,1318,2024-04-28
3555,2146,149,2024-10-05
3556,2146,163,2024-08-05
3557,2146,326,2024-04-11
3558,2146,442,2024-01-03
3559,2146,927,2023-11-12
3560,2147,15,2024-04-22
3561,2147,117,2024-05-05
3562,2147,235,2023-11-25
3563,2148,165,2023-11-06
3564,2148,1158,2023-11-19
3565,2148,1288,2024-05-15
3566,2149,58,2024-06-25
3567,2149,351,2024-08-06
3568,2149,583,2025-02-12
3569,2149,622,2024-08-10
3570,2149,952,2023-10-26
3571,2149,1163,2024-09-13
3572,2149,1379,2023-10-29
3573,2150,43,2024-05-10
3574,2150,126,2024-08-07
3575,2150,203,2024-05-26
3576,2150,314,2025-02-13
3577,2151,3,2025-01-29
3578,2151,56,2025-01-27
3579,2151,206,2024-12-15
3580,2151,319,2024-07-26
3581,2151,864,2023-11-19
3582,2151,892,2023-11-26
3583,2151,948,2024-07-25
3584,2151,980,2024-05-05
3585,2151,1001,2024-10-21
3586,2151,1211,2024-05-31
3587,2152,191,2024-06-20
3588,2152,516,2024-03-02
3589,2152,1236,2023-11-11
3590,2153,163,2024-11-21
3591,2153,269,2024-10-10
3592,2153,529,2025-01-20
3593,2153,706,2024-02-20
3594,2154,154,2024-06-21
3595,2154,156,2024-07-02
3596,2154,175,2024-03-04
3597,2154,827,2024-10-09
3598,2154,1132,2024-10-02
3599,2154,1247,2023-12-23
3600,2155,37,2024-10-20
3601,2155,312,2025-01-17
3602,2155,413,2024-02-08
3603,2155,866,2024-09-23
3604,2156,71,2024-01-27
3605,2156,175,2024-08-06
3606,2156,1377,2024-12-27
3607,2157,23,2024-03-15
3608,2157,165,2024-03-25
3609,2157,255,2024-08-12
3610,2157,730,2024-10-11
3611,2157,755,2024-04-28
3612,2157,1070,2025-01-03
3613,2157,1108,2024-02-12
3614,2158,38,2023-10-30
3615,2158,783,2023-10-21
3616,2158,883,2024-05-08
3617,2158,1063,2024-06-27
3618,2159,138,2024-06-10
3619,2159,357,2024-04-30
3620,2159,583,2024-11-11
3621,2159,654,2024-12-27
3622,2159,728,2024-12-26
3623,2159,999,2024-01-08
3624,2159,1093,2024-04-08
3625,2160,70,2024-04-04
3626,2160,138,2023-10-24
3627,2160,294,2024-02-08
3628,2160,999,2024-01-10
3629,2160,1158,2024-09-08
3630,2160,1393,2024-04-15
3631,2160,1438,2024-12-17
3632,2161,169,2023-10-25
3633,2161,830,2023-11-26
3634,2161,834,2024-06-28
3635,2161,1264,2024-02-05
3636,2162,30,2024-05-01
3637,2162,88,2024-03-28
3638,2162,149,2024-02-27
3639,2162,325,2023-12-25
3640,2162,1407,2025-01-22
3641,2163,156,2024-05-07
3642,2163,514,2024-01-22
3643,2163,637,2024-03-14
3644,2163,736,2023-12-13
3645,2163,978,2024-06-11
3646,2163,1237,2024-07-21
3647,2164,38,2024-02-27
3648,2164,146,2024-01-22
3649,2164,175,2024-08-13
3650,2164,177,2023-11-20
3651,2164,813,2024-09-05
3652,2164,1045,2024-01-23
3653,2164,1065,2024-09-22
3654,2164,1311,2025-02-15
3655,2164,1374,2024-08-08
3656,2165,204,2024-10-13
3657,2165,290,2024-11-21
3658,2165,775,2024-01-04
3659,2165,834,2024-02-09
3660,2166,175,2024-11-27
3661,2166,809,2024-02-10
3662,2166,1003,2024-03-25
3663,2166,1277,2024-04-06
3664,2167,93,2024-12-31
3665,2167,641,2023-12-07
3666,2168,71,2023-11-24
3667,2168,123,2023-10-27
3668,2168,311,2024-10-31
3669,2168,796,2024-11-26
3670,2168,1150,2023-11-05
3671,2168,1320,2024-08-07
3672,2169,82,2023-11-09
3673,2169,192,2024-09-13
3674,2169,367,2025-01-20
3675,2169,851,2025-01-18
3676,2169,869,2024-05-22
3677,2170,1,2024-12-22
3678,2170,37,2024-09-30
3679,2170,77,2023-11-12
3680,2170,889,2024-04-19
3681,2170,1431,2024-02-22
3682,2170,1462,2023-10-22
3683,2171,93,2024-09-10
3684,2171,1029,2024-11-14
3685,2171,1170,2024-07-22
3686,2172,82,2024-07-30
3687,2172,86,2025-01-29
3688,2172,636,2024-05-18
3689,2172,741,2024-07-07
3690,2172,956,2024-02-26
3691,2172,1294,2024-02-21
3692,2172,1416,2023-10-27
3693,2172,1419,2024-01-05
3694,2173,56,2025-01-15
3695,2173,88,2025-01-24
3696,2173,96,2023-12-18
3697,2173,625,2023-12-04
3698,2173,1074,2024-05-03
3699,2174,13,2024-05-08
3700,2174,91,2024-06-03
3701,2174,156,2024-02-09
3702,2174,460,2024-11-29
3703,2174,656,2023-12-28
3704,2174,695,2024-08-30
3705,2174,1438,2025-02-05
3706,2175,199,2023-10-23
3707,2175,267,2024-03-12
3708,2175,506,2025-01-20
3709,2175,599,2024-10-01
3710,2175,865,2024-04-08
3711,2175,1022,2025-02-03
3712,2176,116,2025-01-28
3713,2176,345,2024-06-09
3714,2176,621,2024-04-08
3715,2176,965,2024-11-09
3716,2176,974,2025-01-10
3717,2176,1040,2024-08-03
3718,2176,1095,2024-07-30
3719,2176,1148,2024-11-27
3720,2177,13,2024-07-24
3721,2177,746,2024-06-06
3722,2177,799,2024-04-02
3723,2177,978,2024-12-31
3724,2177,1134,2024-08-04
3725,2178,53,2025-01-02
3726,2178,173,2024-01-23
3727,2178,203,2023-12-03
3728,2178,944,2024-01-15
3729,2178,1076,2024-08-18
3730,2178,1263,2024-10-31
3731,2179,109,2024-08-18
3732,2179,165,2024-11-17
3733,2179,243,2024-05-23
3734,2179,356,2024-03-27
3735,2179,769,2024-01-13
3736,2179,786,2024-05-09
3737,2179,1113,2023-11-12
3738,2180,13,2024-02-15
3739,2180,23,2024-12-24
3740,2180,163,2024-02-20
3741,2180,192,2024-05-21
3742,2180,290,2024-09-27
3743,2180,583,2024-12-04
3744,2180,875,2025-01-13
3745,2181,163,2024-01-19
3746,2181,405,2024-12-01
3747,2181,1232,2023-10-24
3748,2182,13,2025-01-14
3749,2182,116,2024-10-09
3750,2182,999,2023-12-31
3751,2182,1171,2024-06-10
3752,2182,1248,2024-04-26
3753,2182,1320,2024-04-18
3754,2183,58,2024-07-12
3755,2183,223,2024-01-23
3756,2183,703,2023-11-28
3757,2184,56,2024-02-27
3758,2184,150,2024-06-12
3759,2184,395,2024-06-13
3760,2184,695,2025-01-17
3761,2184,767,2023-11-01
3762,2184,1031,2024-10-09
3763,2184,1150,2024-08-20
3764,2184,1307,2023-12-23
3765,2184,1320,2023-10-20
3766,2185,100,2025-01-26
3767,2185,149,2024-06-03
3768,2185,661,2023-12-17
3769,2185,984,2023-12-05
3770,2185,1166,2024-12-03
3771,2185,1351,2024-04-13
3772,2186,149,2024-12-24
3773,2186,205,2024-01-10
3774,2186,351,2024-02-12
3775,2186,526,2024-10-19
3776,2186,1479,2024-11-07
3777,2187,15,2024-07-27
3778,2187,775,2023-10-23
3779,2187,985,2024-01-20
3780,2188,37,2024-01-24
3781,2188,408,2024-05-27
3782,2188,748,2024-10-12
3783,2188,946,2024-01-14
3784,2188,1270,2023-12-09
3785,2189,147,2024-09-15
3786,2189,185,2024-11-30
3787,2189,686,2024-08-26
3788,2189,802,2024-10-25
3789,2189,829,2024-09-22
3790,2189,1118,2024-01-15
3791,2189,1250,2023-11-23
3792,2190,156,2024-04-17
3793,2190,380,2025-01-26
3794,2190,476,2025-01-28
3795,2190,479,2024-07-14
3796,2190,828,2024-11-25
3797,2190,1297,2023-12-22
3798,2190,1470,2024-07-13
3799,2191,4,2024-08-08
3800,2191,125,2025-01-27
3801,2191,449,2024-06-26
3802,2191,798,2024-10-24
3803,2191,1104,2023-10-22
3804,2192,34,2024-10-05
3805,2192,107,2024-04-24
3806,2193,81,2024-08-04
3807,2193,192,2023-12-07
3808,2193,1315,2024-05-29
3809,2193,1500,2023-12-13
3810,2194,11,2024-11-18
3811,2194,64,2023-12-16
3812,2194,264,2024-07-03
3813,2194,426,2024-05-30
3814,2194,684,2024-02-05
3815,2194,796,2024-07-20
3816,2194,1202,2024-04-27
3817,2195,12,2024-04-07
3818,2195,37,2024-07-27
3819,2195,519,2024-07-27
3820,2195,1270,2023-11-30
3821,2195,1326,2024-10-27
3822,2196,175,2024-08-16
3823,2196,324,2025-01-12
3824,2196,793,2024-03-28
3825,2196,853,2024-08-06
3826,2196,897,2024-11-06
3827,2196,1063,2024-06-13
3828,2196,1483,2024-10-07
3829,2197,199,2024-06-16
3830,2197,436,2024-01-13
3831,2197,958,2024-10-14
3832,2197,1134,2024-10-07
3833,2198,82,2023-12-07
3834,2198,109,2024-05-02
3835,2198,357,2024-07-30
3836,2198,525,2024-07-10
3837,2198,778,2023-11-11
3838,2198,786,2024-10-16
3839,2199,88,2023-11-14
3840,2199,136,2024-11-07
3841,2199,146,2024-11-18
3842,2199,805,2024-04-10
3843,2199,1229,2025-01-31
3844,2199,1423,2024-02-18
3845,2200,199,2024-06-21
3846,2200,349,2024-07-19
3847,2200,1069,2024-11-14
3848,2200,1145,2024-12-06
3849,2200,1492,2024-10-12
3850,2201,191,2024-08-24
3851,2201,677,2025-01-01
3852,2201,881,2024-02-07
3853,2202,191,2023-11-23
3854,2202,244,2024-07-26
3855,2202,544,2024-04-29
3856,2203,203,2024-08-26
3857,2203,405,2025-02-13
3858,2203,416,2024-01-07
3859,2203,696,2024-07-06
3860,2203,697,2025-01-27
3861,2203,1396,2024-08-12
3862,2204,15,2024-06-21
3863,2204,448,2025-01-22
3864,2204,548,2024-01-16
3865,2204,624,2024-12-04
3866,2204,785,2024-07-06
3867,2204,970,2024-03-09
3868,2204,1143,2024-04-06
3869,2204,1476,2025-01-13
3870,2205,125,2024-03-27
3871,2205,322,2025-01-05
3872,2205,426,2023-11-16
3873,2205,686,2024-09-20
3874,2205,746,2023-12-08
3875,2205,809,2024-07-09
3876,2205,970,2023-12-29
3877,2206,34,2024-01-14
3878,2206,469,2024-10-23
3879,2206,560,2024-11-09
3880,2206,984,2024-06-20
3881,2207,123,2024-01-11
3882,2207,909,2023-10-20
3883,2207,1006,2023-11-16
3884,2207,1481,2024-01-18
3885,2208,93,2024-07-28
3886,2208,358,2024-02-06
3887,2209,38,2024-08-29
3888,2209,114,2024-03-18
3889,2209,132,2024-07-20
3890,2209,680,2023-12-24
3891,2209,1295,2024-09-04
3892,2210,204,2025-02-05
3893,2210,213,2024-12-22
3894,2210,388,2024-02-14
3895,2210,389,2023-12-28
3896,2210,441,2024-09-23
3897,2210,988,2025-02-15
3898,2210,1155,2024-01-07
3899,2211,82,2023-11-19
3900,2211,156,2024-02-26
3901,2211,165,2023-12-04
3902,2211,241,2024-03-10
3903,2211,313,2024-03-10
3904,2211,382,2024-06-25
3905,2211,958,2024-03-10
3906,2212,38,2024-09-19
3907,2212,150,2024-02-05
3908,2212,970,2024-10-28
3909,2212,1190,2023-12-26
3910,2213,15,2025-02-04
3911,2213,234,2024-11-06
3912,2213,350,2025-01-02
3913,2213,443,2024-07-14
3914,2213,654,2024-11-05
3915,2213,1096,2023-12-15
3916,2213,1189,2023-11-22
3917,2214,81,2024-05-22
3918,2214,851,2024-04-21
3919,2215,147,2024-08-10
3920,2215,262,2024-08-23
3921,2215,302,2024-10-17
3922,2215,680,2024-01-28
3923,2215,796,2024-10-12
3924,2215,800,2023-10-25
3925,2215,1344,2024-09-28
3926,2216,30,2023-12-23
3927,2216,96,2024-10-30
3928,2216,304,2024-09-05
3929,2216,1063,2024-10-30
3930,2217,96,2023-10-26
3931,2217,385,2023-12-24
3932,2217,918,2023-11-07
3933,2217,1019,2024-09-08
3934,2217,1033,2024-02-03
3935,2218,15,2023-11-14
3936,2218,851,2024-03-09
3937,2218,968,2025-02-10
3938,2218,1129,2024-10-19
3939,2219,15,2024-10-10
3940,2219,1020,2024-01-04
3941,2219,1191,2024-02-09
3942,2220,38,2024-12-29
3943,2220,273,2023-12-26
3944,2221,165,2023-12-25
3945,2221,468,2024-10-21
3946,2221,670,2024-05-31
3947,2221,830,2024-06-30
3948,2222,175,2024-04-20
3949,2222,1043,2024-12-28
3950,2222,1130,2025-02-07
3951,2223,123,2023-12-24
3952,2223,900,2024-10-10
3953,2223,1249,2025-01-10
3954,2224,81,2023-12-11
3955,2224,264,2024-02-21
3956,2224,674,2024-04-27
3957,2224,1114,2024-10-21
3958,2224,1320,2024-01-27
3959,2225,125,2023-11-10
3960,2225,164,2025-01-22
3961,2225,1391,2024-11-20
3962,2226,81,2024-11-11
3963,2226,605,2023-12-25
3964,2226,765,2024-07-03
3965,2226,799,2023-12-06
3966,2226,1018,2024-05-20
3967,2226,1487,2024-04-08
3968,2227,83,2025-01-15
3969,2227,175,2023-11-13
3970,2227,266,2024-05-15
3971,2227,1122,2024-02-26
3972,2227,1157,2024-05-09
3973,2227,1173,2024-01-28
3974,2227,1234,2023-10-21
3975,2227,1449,2024-10-03
3976,2228,13,2024-12-15
3977,2228,204,2023-11-18
3978,2228,280,2024-04-13
3979,2228,796,2024-10-20
3980,2228,1234,2024-11-29
3981,2229,123,2024-08-19
3982,2229,181,2024-02-15
3983,2229,1401,2025-02-09
3984,2230,52,2024-12-17
3985,2230,80,2024-06-01
3986,2230,156,2024-06-09
3987,2230,482,2024-06-11
3988,2230,669,2024-04-19
3989,2230,1446,2024-05-10
3990,2231,204,2025-01-24
3991,2231,539,2024-08-14
3992,2231,565,2023-12-08
3993,2231,658,2024-08-27
3994,2232,37,2024-07-21
3995,2232,354,2024-02-11
3996,2233,34,2023-12-26
3997,2233,481,2024-11-16
3998,2233,601,2023-11-25
3999,2233,727,2024-10-04
4000,2234,22,2023-10-31
4001,2234,34,2024-09-17
4002,2234,148,2024-01-10
4003,2234,149,2024-08-21
4004,2234,163,2023-12-04
4005,2234,443,2024-05-19
4006,2234,557,2024-10-03
4007,2234,597,2025-01-14
4008,2235,125,2024-12-09
4009,2235,1084,2024-10-05
4010,2235,1381,2024-11-03
4011,2235,1397,2023-11-26
4012,2236,13,2024-06-16
4013,2236,149,2024-03-20
4014,2236,274,2024-04-30
4015,2236,335,2025-01-04
4016,2236,627,2024-08-26
4017,2236,1360,2023-11-09
4018,2237,96,2025-01-02
4019,2237,1104,2025-02-14
4020,2237,1155,2024-01-09
4021,2237,1334,2024-08-13
4022,2238,199,2024-11-06
4023,2238,1085,2024-07-17
4024,2239,82,2024-02-08
4025,2239,1180,2023-12-20
4026,2239,1396,2025-02-14
4027,2240,97,2024-11-25
4028,2240,357,2023-11-03
4029,2240,579,2024-03-02
4030,2241,19,2024-02-23
4031,2241,50,2024-12-24
4032,2241,99,2024-11-02
4033,2241,116,2024-07-23
4034,2241,281,2024-12-13
4035,2241,967,2024-03-09
4036,2241,1145,2023-11-23
4037,2241,1228,2024-09-01
4038,2242,13,2024-05-05
4039,2242,140,2024-05-07
4040,2242,163,2024-01-11
4041,2242,204,2024-01-05
4042,2242,1359,2024-08-05
4043,2243,149,2023-11-30
4044,2243,1393,2024-12-03
4045,2244,204,2025-01-06
4046,2244,207,2024-01-31
4047,2244,462,2025-02-11
4048,2244,709,2023-12-19
4049,2244,748,2024-05-21
4050,2244,1247,2024-06-25
4051,2244,1419,2023-10-27
4052,2245,33,2024-07-02
4053,2245,163,2023-11-17
4054,2245,917,2024-04-24
4055,2245,1097,2024-05-14
4056,2245,1337,2024-07-31
4057,2245,1384,2025-01-15
4058,2246,37,2024-04-25
4059,2246,1390,2024-12-23
4060,2247,30,2024-05-20
4061,2247,123,2024-12-23
4062,2247,655,2025-01-26
4063,2247,1391,2024-05-08
4064,2248,96,2024-06-11
4065,2248,532,2024-11-08
4066,2248,714,2025-01-11
4067,2248,815,2025-01-18
4068,2248,1473,2023-11-09
4069,2248,1495,2024-05-03
4070,2249,132,2024-02-16
4071,2249,138,2024-10-12
4072,2249,260,2024-05-08
4073,2249,458,2025-02-07
4074,2249,643,2024-01-06
4075,2249,680,2023-12-02
4076,2249,947,2024-08-07
4077,2249,1181,2024-07-08
4078,2250,197,2024-12-04
4079,2250,199,2024-05-08
4080,2250,1327,2024-04-22
4081,2251,149,2024-04-22
4082,2251,1038,2023-11-19
4083,2251,1368,2024-03-23
4084,2251,1396,2024-08-12
4085,2252,93,2024-03-14
4086,2252,770,2024-11-21
4087,2252,894,2024-11-13
4088,2252,1303,2024-11-24
4089,2252,1362,2024-02-27
4090,2253,96,2024-03-21
4091,2253,132,2024-09-19
4092,2253,136,2023-11-07
4093,2253,680,2024-06-01
4094,2253,727,2024-05-27
4095,2253,874,2024-05-07
4096,2254,15,2024-01-28
4097,2254,16,2024-10-04
4098,2254,676,2024-03-24
4099,2255,12,2024-08-24
4100,2255,109,2024-11-17
4101,2255,163,2024-01-24
4102,2255,658,2024-10-21
4103,2255,728,2024-02-12
4104,2255,819,2024-08-05
4105,2255,1194,2024-05-20
4106,2255,1402,2024-04-13
4107,2256,58,2023-10-24
4108,2256,123,2024-03-22
4109,2256,172,2024-09-15
4110,2256,426,2024-08-24
4111,2256,534,2024-04-29
4112,2256,672,2024-01-13
4113,2256,960,2024-06-08
4114,2256,1108,2024-01-25
4115,2256,1352,2023-12-25
4116,2257,138,2024-12-26
4117,2257,258,2024-01-14
4118,2257,291,2024-05-04
4119,2257,327,2023-12-27
4120,2257,763,2024-05-29
4121,2257,1310,2025-01-13
4122,2257,1339,2024-12-20
4123,2257,1496,2023-12-19
4124,2258,123,2023-12-04
4125,2258,1308,2024-03-19
4126,2259,81,2024-01-03
4127,2259,391,2024-02-27
4128,2259,587,2024-02-07
4129,2259,591,2024-11-25
4130,2260,203,2024-05-17
4131,2260,407,2024-09-24
4132,2260,642,2023-12-29
4133,2260,699,2025-02-01
4134,2260,923,2024-12-17
4135,2260,1193,2024-11-01
4136,2260,1215,2024-04-12
4137,2261,167,2025-02-12
4138,2261,188,2024-09-19
4139,2261,203,2024-07-30
4140,2261,336,2024-10-10
4141,2261,517,2024-04-01
4142,2261,624,2024-03-04
4143,2261,923,2024-09-28
4144,2261,1394,2024-01-05
4145,2262,163,2023-12-10
4146,2262,357,2024-10-01
4147,2262,525,2024-07-09
4148,2262,601,2024-12-28
4149,2262,803,2024-07-08
4150,2262,1093,2024-09-09
4151,2262,1345,2025-01-15
4152,2263,13,2023-11-09
4153,2263,45,2024-07-19
4154,2263,320,2024-10-30
4155,2263,537,2024-06-28
4156,2263,961,2025-02-16
4157,2263,1063,2024-08-19
4158,2264,149,2024-10-05
4159,2264,668,2024-08-31
4160,2264,1233,2023-12-09
4161,2265,156,2024-11-01
4162,2265,320,2024-09-02
4163,2265,826,2025-02-07
4164,2266,13,2024-05-15
4165,2266,379,2024-01-03
4166,2266,476,2024-09-11
4167,2266,602,2024-02-19
4168,2266,1022,2024-10-24
4169,2266,1109,2024-03-27
4170,2266,1111,2025-01-26
4171,2267,149,2024-12-13
4172,2267,175,2024-10-18
4173,2267,391,2023-12-02
4174,2267,670,2024-09-20
4175,2267,702,2024-08-22
4176,2267,734,2024-08-07
4177,2267,843,2024-10-03
4178,2267,1084,2024-05-01
4179,2268,191,2024-03-02
4180,2268,223,2024-02-09
4181,2268,295,2024-01-30
4182,2268,807,2024-08-01
4183,2268,1250,2024-04-10
4184,2269,58,2024-12-05
4185,2269,409,2024-02-19
4186,2269,570,2025-01-16
4187,2269,935,2023-12-27
4188,2269,1129,2024-10-22
4189,2269,1227,2024-03-12
4190,2270,91,2025-02-15
4191,2270,165,2024-06-11
4192,2270,336,2024-01-23
4193,2270,419,2025-01-17
4194,2270,633,2024-04-24
4195,2270,706,2024-09-25
4196,2270,1288,2023-11-18
4197,2271,8,2024-04-23
4198,2271,55,2024-07-18
4199,2271,81,2024-02-17
4200,2271,125,2024-02-12
4201,2271,129,2024-02-22
4202,2271,183,2024-03-01
4203,2271,203,2024-01-31
4204,2271,384,2024-12-10
4205,2271,814,2023-11-06
4206,2271,992,2024-12-07
4207,2271,1224,2024-10-07
4208,2271,1364,2024-02-20
4209,2272,11,2023-11-28
4210,2272,147,2023-11-29
4211,2272,186,2024-10-15
4212,2272,227,2024-12-20
4213,2272,828,2024-04-24
4214,2272,928,2024-12-27
4215,2272,1076,2024-09-26
4216,2272,1293,2024-07-16
4217,2273,11,2024-07-01
4218,2273,625,2024-05-14
4219,2273,1159,2023-11-03
4220,2273,1304,2024-04-28
4221,2273,1327,2024-10-22
4222,2273,1360,2024-03-04
4223,2273,1430,2024-04-26
4224,2274,37,2025-01-04
4225,2274,328,2024-06-15
4226,2275,34,2024-11-21
4227,2275,40,2024-10-26
4228,2275,203,2024-05-06
4229,2275,289,2025-01-31
4230,2275,569,2024-10-07
4231,2276,34,2024-08-03
4232,2276,271,2024-09-29
4233,2276,543,2024-03-05
4234,2276,877,2024-07-01
4235,2276,986,2024-04-06
4236,2276,1212,2024-11-30
4237,2277,82,2024-06-08
4238,2277,771,2024-05-12
4239,2277,865,2024-08-15
4240,2277,890,2024-10-18
4241,2277,1361,2025-01-20
4242,2278,97,2024-10-22
4243,2278,120,2024-12-01
4244,2278,647,2024-03-05
4245,2278,1224,2024-10-23
4246,2279,38,2024-11-18
4247,2279,807,2025-02-13
4248,2279,997,2025-01-23
4249,2279,1078,2025-01-31
4250,2279,1272,2024-09-09
4251,2280,147,2024-04-08
4252,2280,164,2025-02-15
4253,2280,447,2024-01-30
4254,2280,499,2024-04-21
4255,2280,546,2024-02-19
4256,2280,863,2024-05-30
4257,2280,985,2024-04-26
4258,2280,1360,2024-08-03
4259,2281,97,2024-06-17
4260,2281,664,2024-12-31
4261,2281,1339,2024-03-06
4262,2282,40,2024-05-08
4263,2282,150,2024-05-04
4264,2282,199,2025-02-07
4265,2282,231,2024-10-26
4266,2282,280,2024-08-19
4267,2282,1270,2024-11-20
4268,2282,1320,2024-07-03
4269,2283,15,2024-05-02
4270,2283,871,2024-12-06
4271,2284,58,2023-11-21
4272,2284,519,2024-05-27
4273,2284,745,2024-02-03
4274,2284,1204,2025-01-25
4275,2285,97,2024-03-11
4276,2285,243,2023-12-23
4277,2285,407,2023-11-29
4278,2285,426,2024-01-18
4279,2285,592,2024-04-12
4280,2286,69,2024-03-14
4281,2286,199,2024-04-26
4282,2286,270,2023-10-31
4283,2286,687,2024-07-20
4284,2286,701,2024-10-11
4285,2286,1056,2025-01-27
4286,2286,1494,2023-10-24
4287,2287,98,2024-08-08
4288,2287,123,2024-04-07
4289,2287,143,2025-02-04
4290,2287,812,2024-12-22
4291,2287,923,2025-02-10
4292,2287,1052,2024-08-31
4293,2288,163,2025-01-31
4294,2288,169,2025-02-12
4295,2288,845,2024-03-24
4296,2288,964,2024-07-06
4297,2288,1175,2023-12-03
4298,2288,1421,2024-12-10
4299,2288,1476,2024-04-11
4300,2289,15,2024-01-22
4301,2289,1000,2024-11-12
4302,2289,1112,2024-05-11
4303,2290,96,2024-08-20
4304,2290,598,2024-01-01
4305,2290,807,2024-04-02
4306,2290,1250,2024-11-25
4307,2290,1450,2025-02-12
4308,2291,27,2024-04-27
4309,2291,123,2024-08-09
4310,2291,190,2024-05-02
4311,2291,784,2024-05-10
4312,2291,1376,2024-03-22
4313,2292,9,2024-12-25
4314,2292,123,2024-06-04
4315,2292,360,2024-01-21
4316,2292,871,2023-12-16
4317,2292,1063,2024-12-29
4318,2293,156,2025-02-03
4319,2293,223,2024-02-19
4320,2293,510,2023-10-26
4321,2293,968,2024-06-08
4322,2293,1408,2025-01-07
4323,2294,146,2024-03-09
4324,2294,651,2023-12-28
4325,2294,793,2024-02-19
4326,2294,825,2024-04-25
4327,2294,1223,2024-11-20
4328,2294,1500,2024-10-21
4329,2295,42,2024-08-16
4330,2295,203,2023-12-19
4331,2295,825,2024-03-04
4332,2296,192,2024-01-20
4333,2296,236,2024-05-04
4334,2296,1078,2023-12-21
4335,2296,1241,2025-02-08
4336,2296,1468,2024-12-09
4337,2297,102,2024-03-14
4338,2297,123,2023-11-15
4339,2297,857,2024-09-25
4340,2297,888,2024-03-03
4341,2298,19,2024-09-17
4342,2298,34,2024-07-24
4343,2298,175,2024-08-13
4344,2298,350,2024-01-28
4345,2298,581,2024-02-23
4346,2298,1112,2024-11-28
4347,2298,1207,2025-01-21
4348,2298,1360,2024-01-08
4349,2298,1437,2025-02-12
4350,2299,12,2024-05-19
4351,2299,15,2024-12-11
4352,2299,128,2023-12-18
4353,2299,291,2024-03-22
4354,2299,1179,2024-11-20
4355,2300,38,2024-03-30
4356,2300,357,2025-01-15
4357,2300,680,2024-03-26
4358,2300,1116,2024-02-06
4359,2300,1359,2024-10-21
4360,2301,169,2024-12-07
4361,2301,323,2023-11-17
4362,2301,655,2024-06-07
4363,2301,657,2024-08-05
4364,2301,865,2024-05-18
4365,2301,1500,2024-02-09
4366,2302,34,2024-09-20
4367,2302,108,2024-11-17
4368,2302,517,2024-06-10
4369,2302,518,2024-02-12
4370,2302,670,2023-12-12
4371,2302,1450,2025-01-26
4372,2303,204,2024-10-02
4373,2303,416,2025-01-24
4374,2303,429,2023-10-29
4375,2303,906,2023-11-04
4376,2304,204,2024-07-19
4377,2304,258,2024-09-14
4378,2304,391,2024-10-05
4379,2304,832,2024-10-28
4380,2304,977,2023-12-21
4381,2304,1271,2024-06-29
4382,2305,97,2025-02-12
4383,2305,338,2024-07-17
4384,2305,610,2024-12-13
4385,2305,771,2024-04-19
4386,2305,924,2025-02-01
4387,2305,1022,2024-01-13
4388,2305,1361,2023-12-31
4389,2306,175,2025-02-08
4390,2306,464,2023-12-20
4391,2306,891,2023-11-29
4392,2306,986,2024-04-25
4393,2307,116,2024-10-27
4394,2307,146,2024-07-27
4395,2307,175,2024-06-04
4396,2307,304,2023-12-06
4397,2307,783,2025-01-31
4398,2307,1018,2025-02-08
4399,2308,56,2024-07-31
4400,2308,1216,2024-03-11
4401,2308,1299,2024-03-30
4402,2309,97,2024-01-08
4403,2309,839,2024-02-04
4404,2309,873,2024-04-22
4405,2309,1148,2024-12-10
4406,2309,1182,2024-09-20
4407,2309,1310,2024-03-11
4408,2310,93,2024-11-01
4409,2310,272,2025-01-20
4410,2310,509,2024-01-18
4411,2310,686,2024-05-28
4412,2310,913,2025-01-17
4413,2310,1055,2025-01-25
4414,2310,1250,2024-07-04
4415,2311,15,2024-12-01
4416,2311,45,2024-06-11
4417,2311,351,2024-02-29
4418,2311,583,2024-03-04
4419,2311,727,2024-12-25
4420,2311,1140,2024-10-02
4421,2311,1447,2024-09-17
4422,2312,69,2025-01-17
4423,2312,93,2024-10-01
4424,2312,966,2024-07-01
4425,2312,1114,2023-11-13
4426,2312,1331,2023-12-16
4427,2312,1467,2024-06-30
4428,2312,1478,2024-01-27
4429,2313,93,2024-09-13
4430,2313,416,2024-01-11
4431,2313,1149,2025-01-07
4432,2313,1164,2024-09-15
4433,2313,1425,2025-02-09
4434,2314,149,2024-12-10
4435,2314,192,2024-09-30
4436,2314,534,2023-11-01
4437,2314,725,2024-10-08
4438,2314,1301,2024-07-16
4439,2315,12,2024-05-17
4440,2315,96,2024-11-30
4441,2315,120,2024-04-11
4442,2315,138,2025-01-10
4443,2315,644,2024-11-02
4444,2315,1197,2024-12-13
4445,2316,56,2024-01-03
4446,2316,86,2024-02-10
4447,2316,307,2025-01-25
4448,2316,672,2024-06-03
4449,2316,736,2024-06-12
4450,2316,884,2024-06-07
4451,2316,988,2023-12-26
4452,2317,165,2024-08-10
4453,2317,443,2024-05-27
4454,2317,445,2024-05-11
4455,2317,1479,2024-10-03
4456,2318,39,2024-04-02
4457,2318,167,2024-05-15
4458,2318,169,2024-01-24
4459,2318,617,2024-01-27
4460,2318,680,2024-06-15
4461,2318,987,2023-10-21
4462,2319,125,2023-12-16
4463,2319,149,2024-03-10
4464,2319,605,2025-01-28
4465,2319,777,2023-11-20
4466,2319,1218,2024-09-14
4467,2320,13,2024-12-16
4468,2320,37,2023-11-12
4469,2320,263,2025-02-04
4470,2320,1168,2024-11-13
4471,2320,1229,2024-09-06
4472,2320,1323,2024-10-12
4473,2321,30,2024-04-19
4474,2321,81,2024-12-10
4475,2321,351,2024-01-06
4476,2321,727,2024-12-09
4477,2321,815,2024-05-31
4478,2321,1072,2025-02-08
4479,2321,1150,2024-07-20
4480,2321,1177,2023-11-21
4481,2321,1429,2023-11-01
4482,2322,123,2025-02-05
4483,2322,636,2025-02-10
4484,2322,686,2024-04-25
4485,2322,1320,2024-04-03
4486,2323,13,2024-09-16
4487,2323,235,2024-07-11
4488,2323,261,2024-09-21
4489,2323,630,2023-11-12
4490,2323,1410,2023-11-07
4491,2324,146,2023-11-01
4492,2324,1016,2025-02-02
4493,2325,37,2024-01-05
4494,2325,556,2024-06-23
4495,2325,671,2024-12-31
4496,2325,1004,2024-10-03
4497,2325,1432,2024-01-19
4498,2326,125,2024-10-27
4499,2326,445,2023-12-24
4500,2326,469,2023-11-22
4501,2327,37,2024-03-26
4502,2327,433,2024-01-23
4503,2327,595,2024-03-31
4504,2327,621,2024-06-13
4505,2327,1218,2024-09-23
4506,2328,156,2024-12-26
4507,2328,175,2025-02-15
4508,2328,236,2024-01-27
4509,2328,388,2023-12-20
4510,2329,56,2024-05-24
4511,2329,428,2023-11-02
4512,2329,543,2024-08-24
4513,2329,686,2024-03-22
4514,2329,799,2024-02-13
4515,2329,964,2024-08-08
4516,2329,1330,2024-10-08
4517,2330,93,2024-11-28
4518,2330,159,2023-12-22
4519,2330,186,2024-11-16
4520,2330,707,2025-02-01
4521,2330,1461,2024-02-08
4522,2331,147,2024-11-13
4523,2331,548,2024-05-10
4524,2331,1383,2024-07-16
4525,2332,13,2024-12-05
4526,2332,168,2024-09-05
4527,2332,309,2024-10-09
4528,2333,149,2023-12-03
4529,2333,737,2024-06-29
4530,2333,911,2024-01-12
4531,2333,916,2025-01-27
4532,2333,1110,2023-11-06
4533,2333,1327,2024-01-29
4534,2334,149,2023-12-21
4535,2334,191,2024-01-29
4536,2334,218,2024-04-30
4537,2334,756,2024-09-02
4538,2334,1015,2024-04-14
4539,2334,1030,2024-04-16
4540,2335,17,2024-10-17
4541,2335,97,2024-01-06
4542,2335,847,2024-07-11
4543,2336,13,2024-11-20
4544,2336,627,2024-05-07
4545,2336,668,2024-01-18
4546,2336,826,2025-01-26
4547,2336,1494,2024-10-23
4548,2337,204,2023-11-02
4549,2337,296,2024-08-22
4550,2337,517,2024-09-14
4551,2337,592,2024-01-23
4552,2337,751,2024-08-09
4553,2337,807,2024-10-25
4554,2337,1355,2024-09-07
4555,2338,191,2024-12-31
4556,2338,336,2024-06-24
4557,2338,820,2024-11-24
4558,2338,940,2024-02-23
4559,2338,1214,2024-04-13
4560,2338,1299,2023-12-24
4561,2339,96,2024-10-22
4562,2339,178,2024-04-28
4563,2339,345,2024-08-30
4564,2339,379,2024-04-17
4565,2339,1149,2024-12-16
4566,2340,93,2025-01-19
4567,2340,192,2025-01-02
4568,2340,239,2024-09-21
4569,2340,337,2024-10-03
4570,2340,957,2024-02-06
4571,2340,1058,2025-01-27
4572,2340,1159,2024-02-17
4573,2340,1294,2024-01-03
4574,2341,116,2024-01-14
4575,2341,514,2024-01-05
4576,2341,1379,2024-09-11
4577,2342,113,2024-10-08
4578,2342,125,2024-11-17
4579,2342,232,2024-12-10
4580,2342,520,2024-06-02
4581,2342,923,2024-02-13
4582,2342,963,2024-10-12
4583,2342,1366,2024-08-30
4584,2343,56,2024-01-25
4585,2343,412,2025-01-19
4586,2343,702,2024-07-13
4587,2343,777,2024-08-23
4588,2343,780,2024-08-26
4589,2343,879,2024-01-17
4590,2343,1071,2023-10-20
4591,2343,1225,2024-03-15
4592,2344,13,2024-04-23
4593,2344,30,2024-12-29
4594,2344,80,2024-06-18
4595,2344,1014,2024-10-07
4596,2344,1412,2024-10-09
4597,2345,56,2024-12-17
4598,2345,365,2025-01-19
4599,2345,632,2024-11-23
4600,2345,1230,2024-12-18
4601,2345,1301,2024-02-10
4602,2345,1351,2024-11-23
4603,2346,23,2024-04-18
4604,2346,151,2024-02-12
4605,2346,199,2023-12-25
4606,2346,473,2024-02-13
4607,2346,514,2024-05-23
4608,2346,791,2024-05-25
4609,2346,916,2023-12-03
4610,2346,978,2024-07-05
4611,2346,1024,2024-04-16
4612,2347,11,2023-11-06
4613,2347,944,2024-06-16
4614,2347,1170,2024-05-10
4615,2347,1393,2023-12-05
4616,2348,96,2025-01-26
4617,2348,109,2023-11-14
4618,2348,151,2024-07-28
4619,2348,191,2024-06-11
4620,2348,289,2023-11-12
4621,2348,395,2024-07-07
4622,2348,749,2024-01-23
4623,2348,1072,2024-05-06
4624,2348,1131,2024-08-25
4625,2348,1183,2024-06-30
4626,2349,163,2024-11-26
4627,2349,424,2023-12-20
4628,2349,447,2024-11-14
4629,2349,599,2024-07-04
4630,2349,785,2024-12-06
4631,2349,1428,2024-01-09
4632,2350,116,2024-12-17
4633,2350,701,2024-12-30
4634,2350,780,2024-01-30
4635,2351,81,2024-05-02
4636,2351,600,2023-11-08
4637,2351,947,2023-12-09
4638,2351,1379,2023-10-27
4639,2352,35,2024-06-27
4640,2352,81,2023-12-22
4641,2352,412,2024-01-07
4642,2352,493,2024-05-09
4643,2353,81,2023-12-10
4644,2353,163,2024-04-18
4645,2353,555,2024-09-14
4646,2353,649,2024-12-25
4647,2353,1231,2024-12-14
4648,2354,38,2024-07-29
4649,2354,98,2024-02-10
4650,2354,361,2025-01-19
4651,2354,520,2024-07-31
4652,2354,884,2024-10-01
4653,2355,15,2024-08-01
4654,2355,55,2024-09-07
4655,2355,186,2024-01-21
4656,2355,200,2024-10-15
4657,2355,865,2023-12-04
4658,2355,943,2025-01-01
4659,2355,1111,2024-06-28
4660,2355,1455,2024-09-25
4661,2356,37,2024-11-29
4662,2356,180,2024-12-24
4663,2356,471,2024-09-06
4664,2356,728,2024-05-29
4665,2356,818,2025-02-03
4666,2357,15,2024-10-16
4667,2357,390,2024-11-13
4668,2357,643,2024-03-02
4669,2357,753,2024-07-19
4670,2357,769,2025-01-02
4671,2357,1152,2024-02-29
4672,2358,81,2024-11-22
4673,2358,345,2024-05-13
4674,2358,587,2024-06-20
4675,2358,669,2024-01-30
4676,2358,817,2024-04-03
4677,2358,1043,2024-06-02
4678,2358,1144,2024-11-08
4679,2359,12,2024-03-02
4680,2359,97,2023-12-26
4681,2359,537,2024-01-02
4682,2360,15,2024-02-04
4683,2360,16,2024-02-07
4684,2360,85,2024-10-07
4685,2360,319,2024-01-06
4686,2360,513,2023-12-31
4687,2360,861,2024-01-10
4688,2360,970,2025-02-01
4689,2361,82,2024-10-18
4690,2361,542,2024-07-06
4691,2361,615,2023-10-28
4692,2361,759,2024-09-08
4693,2361,784,2023-12-13
4694,2361,880,2024-11-09
4695,2361,1368,2024-08-26
4696,2361,1402,2024-03-17
4697,2362,41,2024-02-26
4698,2362,186,2024-01-06
4699,2362,199,2024-04-14
4700,2362,686,2024-08-01
4701,2362,735,2024-09-27
4702,2362,736,2025-01-01
4703,2362,970,2024-11-02
4704,2362,1170,2024-08-04
4705,2362,1250,2024-01-06
4706,2363,93,2024-10-21
4707,2363,146,2024-12-10
4708,2363,149,2024-09-24
4709,2363,191,2024-10-04
4710,2363,493,2024-09-07
4711,2363,512,2025-01-02
4712,2363,677,2024-01-22
4713,2363,742,2024-01-19
4714,2363,882,2024-10-29
4715,2363,984,2024-04-18
4716,2363,1091,2024-05-14
4717,2363,1277,2023-11-18
4718,2363,1439,2024-04-30
4719,2364,34,2024-01-21
4720,2364,125,2024-12-13
4721,2364,252,2025-01-16
4722,2364,371,2024-08-31
4723,2364,680,2024-04-09
4724,2364,715,2024-02-05
4725,2364,959,2024-04-27
4726,2365,199,2024-09-19
4727,2365,320,2023-11-14
4728,2365,504,2025-01-22
4729,2365,769,2024-05-06
4730,2365,816,2024-02-21
4731,2365,835,2024-12-19
4732,2365,1478,2025-01-21
4733,2366,116,2024-09-09
4734,2366,271,2024-11-27
4735,2366,619,2024-10-23
4736,2366,700,2024-06-21
4737,2366,791,2025-01-04
4738,2366,1396,2024-12-01
4739,2367,138,2024-02-22
4740,2367,480,2023-11-23
4741,2367,1334,2024-12-30
4742,2368,56,2024-09-15
4743,2368,150,2023-12-17
4744,2368,286,2024-07-18
4745,2369,134,2023-11-17
4746,2369,163,2024-03-07
4747,2369,345,2024-05-10
4748,2369,1040,2024-10-04
4749,2369,1099,2024-11-29
4750,2370,203,2024-06-27
4751,2370,344,2024-03-09
4752,2370,885,2023-12-12
4753,2370,915,2024-12-16
4754,2370,1190,2024-02-17
4755,2370,1193,2023-10-23
4756,2370,1492,2024-06-24
4757,2371,81,2024-09-26
4758,2371,454,2024-03-29
4759,2371,778,2024-02-14
4760,2371,838,2024-12-31
4761,2371,968,2024-08-01
4762,2371,1157,2024-03-24
4763,2371,1454,2024-11-18
4764,2372,38,2023-12-21
4765,2372,175,2024-09-18
4766,2372,182,2024-08-02
4767,2372,186,2024-04-02
4768,2372,545,2024-01-04
4769,2372,1092,2023-10-26
4770,2373,71,2025-01-16
4771,2373,192,2024-09-21
4772,2373,262,2023-11-25
4773,2373,1121,2024-02-09
4774,2374,13,2024-11-19
4775,2374,630,2024-05-04
4776,2374,793,2024-01-17
4777,2374,892,2024-05-12
4778,2374,1141,2024-09-22
4779,2374,1492,2023-11-18
4780,2375,15,2024-07-06
4781,2375,1094,2024-11-24
4782,2375,1310,2024-03-14
4783,2375,1358,2024-09-23
4784,2375,1425,2024-05-11
4785,2376,146,2024-02-14
4786,2376,204,2024-08-07
4787,2377,203,2024-12-17
4788,2377,1244,2024-10-22
4789,2378,42,2024-06-18
4790,2378,116,2024-09-20
4791,2378,169,2024-04-24
4792,2378,484,2024-05-04
4793,2378,978,2023-11-21
4794,2378,1082,2024-03-28
4795,2379,93,2024-10-28
4796,2379,1250,2024-03-09
4797,2379,1450,2024-11-27
4798,2379,1498,2024-06-19
4799,2380,175,2023-11-12
4800,2380,918,2024-04-22
4801,2380,929,2024-03-31
4802,2380,1377,2024-02-25
4803,2380,1467,2024-08-06
4804,2381,82,2023-11-26
4805,2381,232,2024-12-02
4806,2381,530,2024-01-17
4807,2381,1137,2025-02-10
4808,2381,1388,2024-09-04
4809,2382,38,2024-09-21
4810,2382,671,2023-11-23
4811,2382,732,2024-04-25
4812,2382,838,2023-12-03
4813,2382,1004,2024-05-26
4814,2382,1104,2024-10-22
4815,2383,56,2024-03-05
4816,2383,104,2023-11-25
4817,2383,134,2023-11-28
4818,2383,293,2024-08-04
4819,2383,892,2024-11-15
4820,2383,945,2025-02-01
4821,2383,1326,2024-09-28
4822,2384,96,2024-04-12
4823,2384,512,2024-04-05
4824,2384,1065,2024-05-26
4825,2384,1107,2024-03-07
4826,2384,1133,2023-10-28
4827,2385,85,2024-08-06
4828,2385,116,2025-02-08
4829,2385,468,2024-09-27
4830,2385,830,2023-12-05
4831,2385,1007,2024-08-10
4832,2385,1041,2024-10-23
4833,2385,1162,2024-04-29
4834,2385,1228,2024-08-18
4835,2386,125,2024-02-05
4836,2386,1349,2024-08-17
4837,2387,57,2024-04-01
4838,2387,84,2024-06-06
4839,2387,112,2024-07-26
4840,2387,125,2024-06-30
4841,2387,188,2024-04-20
4842,2387,574,2024-12-05
4843,2387,807,2024-01-22
4844,2387,899,2023-11-19
4845,2387,923,2024-06-20
4846,2387,1395,2024-12-04
4847,2388,9,2023-10-20
4848,2388,146,2024-12-08
4849,2388,553,2023-12-29
4850,2388,1257,2023-10-29
4851,2389,165,2024-02-26
4852,2389,195,2024-01-14
4853,2389,411,2024-05-29
4854,2389,855,2024-01-09
4855,2389,1047,2024-09-25
4856,2389,1259,2023-10-27
4857,2389,1266,2023-11-25
4858,2390,87,2024-09-02
4859,2390,191,2025-01-05
4860,2390,579,2024-09-17
4861,2390,1148,2024-06-30
4862,2390,1325,2023-12-08
4863,2391,38,2023-12-28
4864,2391,149,2024-10-27
4865,2391,352,2024-09-22
4866,2391,758,2023-12-04
4867,2391,1004,2024-01-04
4868,2391,1307,2024-03-25
4869,2392,85,2023-11-26
4870,2392,157,2025-02-12
4871,2392,165,2024-01-31
4872,2392,468,2024-08-07
4873,2392,1278,2024-02-21
4874,2393,75,2024-11-07
4875,2393,116,2024-10-20
4876,2393,627,2024-05-27
4877,2393,837,2025-01-25
4878,2394,96,2025-02-15
4879,2394,125,2024-09-01
4880,2394,298,2024-05-13
4881,2394,309,2024-06-12
4882,2394,404,2024-07-18
4883,2394,874,2024-08-05
4884,2394,1060,2024-09-15
4885,2395,204,2024-06-08
4886,2395,433,2024-05-14
4887,2395,708,2023-11-07
4888,2395,760,2024-08-04
4889,2395,836,2024-07-13
4890,2395,852,2024-06-18
4891,2396,79,2024-02-07
4892,2396,165,2023-11-26
4893,2396,172,2024-01-12
4894,2396,880,2024-05-25
4895,2396,1402,2024-06-27
4896,2397,147,2025-01-19
4897,2397,503,2024-06-23
4898,2397,865,2024-02-15
4899,2397,1424,2023-11-29
4900,2398,97,2024-12-01
4901,2398,260,2024-08-23
4902,2398,374,2024-11-17
4903,2398,477,2024-01-22
4904,2398,960,2023-12-26
4905,2398,1182,2024-05-31
4906,2399,192,2024-09-17
4907,2399,364,2024-05-06
4908,2399,1055,2024-09-29
4909,2399,1486,2024-11-14
4910,2400,4,2023-11-03
4911,2400,11,2024-06-11
4912,2400,443,2024-04-10
4913,2400,1248,2024-10-10
4914,2400,1307,2024-08-10
4915,2400,1394,2024-07-17
4916,2401,146,2024-07-19
4917,2401,151,2024-09-02
4918,2401,864,2024-06-19
4919,2401,1450,2024-09-16
4920,2402,191,2024-07-24
4921,2402,1157,2024-05-22
4922,2402,1455,2024-04-17
4923,2403,203,2024-02-18
4924,2403,525,2024-12-23
4925,2403,792,2024-09-10
4926,2403,1139,2025-02-10
4927,2403,1267,2024-02-03
4928,2404,149,2025-02-12
4929,2404,534,2024-09-07
4930,2404,549,2024-10-04
4931,2404,1150,2024-08-07
4932,2404,1307,2025-01-22
4933,2405,56,2025-01-30
4934,2405,313,2024-10-11
4935,2405,447,2024-10-08
4936,2405,689,2024-03-26
4937,2405,960,2024-01-31
4938,2405,1053,2023-12-18
4939,2406,15,2024-08-23
4940,2406,332,2023-12-05
4941,2406,496,2024-09-06
4942,2406,530,2024-11-17
4943,2406,660,2024-05-02
4944,2406,760,2024-04-05
4945,2406,1124,2024-03-26
4946,2407,169,2024-01-24
4947,2407,461,2023-11-04
4948,2407,1198,2024-07-08
4949,2408,163,2024-09-28
4950,2408,503,2024-10-25
4951,2408,518,2024-11-25
4952,2408,1247,2024-08-11
4953,2409,35,2024-09-10
4954,2409,119,2024-04-08
4955,2409,147,2024-01-21
4956,2410,112,2024-02-16
4957,2410,149,2023-12-22
4958,2410,660,2024-01-02
4959,2410,1118,2023-11-12
4960,2410,1188,2024-01-09
4961,2411,37,2023-12-20
4962,2411,186,2024-08-15
4963,2411,655,2023-11-24
4964,2411,756,2024-04-17
4965,2411,833,2024-12-24
4966,2411,1022,2023-11-01
4967,2411,1294,2024-11-19
4968,2411,1477,2024-04-15
4969,2412,47,2024-06-24
4970,2412,93,2024-12-06
4971,2412,255,2024-04-30
4972,2412,699,2024-03-07
4973,2412,1498,2024-03-12
4974,2413,163,2024-08-03
4975,2413,610,2024-09-11
4976,2413,777,2024-06-09
4977,2413,891,2024-12-02
4978,2413,921,2025-02-02
4979,2413,1043,2024-03-13
4980,2413,1397,2024-06-21
4981,2414,192,2023-10-23
4982,2414,503,2024-10-18
4983,2414,698,2023-11-14
4984,2414,1063,2023-10-20
4985,2414,1167,2023-12-30
4986,2415,169,2024-05-22
4987,2415,181,2024-08-02
4988,2415,1297,2024-06-13
4989,2416,169,2024-05-09
4990,2416,1087,2024-03-24
4991,2417,192,2024-03-26
4992,2417,296,2024-07-24
4993,2417,347,2024-09-24
4994,2417,503,2024-11-13
4995,2417,1252,2024-05-29
4996,2417,1412,2024-06-30
4997,2418,169,2024-05-12
4998,2418,186,2024-03-20
4999,2418,594,2024-08-08
5000,2418,865,2024-06-05
5001,2418,1022,2024-08-18
5002,2418,1259,2024-06-06
5003,2418,1293,2025-02-03
5004,2418,1374,2024-03-26
5005,2419,169,2025-01-15
5006,2419,308,2025-02-12
5007,2419,679,2023-12-04
5008,2419,867,2024-05-21
5009,2419,921,2024-12-10
5010,2420,12,2024-01-31
5011,2420,93,2024-05-04
5012,2420,136,2025-01-17
5013,2420,710,2024-04-14
5014,2420,1452,2024-05-25
5015,2421,11,2024-10-07
5016,2421,408,2023-11-06
5017,2421,796,2024-02-28
5018,2421,847,2025-01-01
5019,2421,1071,2024-04-06
5020,2421,1320,2023-11-05
5021,2421,1331,2023-10-31
5022,2422,37,2024-05-15
5023,2422,209,2024-02-22
5024,2422,799,2024-04-17
5025,2423,203,2024-03-29
5026,2423,377,2024-10-11
5027,2423,661,2024-02-09
5028,2423,1346,2024-06-16
5029,2424,123,2024-01-29
5030,2424,413,2023-11-08
5031,2424,493,2024-08-16
5032,2424,550,2024-11-01
5033,2424,981,2024-05-04
5034,2424,1080,2024-03-07
5035,2424,1211,2024-08-04
5036,2424,1351,2024-05-25
5037,2424,1358,2024-08-30
5038,2424,1368,2024-01-23
5039,2425,81,2024-06-13
5040,2425,204,2024-06-01
5041,2425,232,2023-11-29
5042,2425,1016,2023-12-15
5043,2425,1054,2025-01-13
5044,2425,1312,2024-09-09
5045,2426,37,2024-08-04
5046,2426,474,2024-09-16
5047,2426,698,2024-04-20
5048,2426,1127,2023-12-29
5049,2426,1461,2024-08-06
5050,2426,1492,2024-10-10
5051,2427,46,2024-05-01
5052,2427,125,2024-02-11
5053,2427,335,2024-04-01
5054,2427,514,2024-02-02
5055,2427,791,2023-11-14
5056,2427,986,2024-10-09
5057,2427,1385,2024-04-26
5058,2427,1467,2024-08-18
5059,2428,163,2024-06-14
5060,2428,203,2024-10-22
5061,2428,392,2023-10-24
5062,2428,786,2024-01-19
5063,2428,796,2024-04-25
5064,2428,1205,2024-04-16
5065,2429,93,2023-12-15
5066,2429,227,2024-01-10
5067,2429,234,2024-07-16
5068,2429,494,2024-01-10
5069,2429,523,2024-06-12
5070,2429,720,2024-05-18
5071,2429,1360,2024-09-29
5072,2430,34,2024-02-02
5073,2430,314,2024-05-25
5074,2430,1013,2024-03-21
5075,2431,191,2024-02-17
5076,2431,937,2023-11-29
5077,2431,1196,2024-12-29
5078,2432,163,2024-03-28
5079,2432,491,2024-08-29
5080,2432,850,2024-03-16
5081,2432,895,2025-01-31
5082,2432,917,2024-07-14
5083,2432,1208,2024-09-01
5084,2433,116,2024-12-28
5085,2433,500,2024-08-01
5086,2433,801,2024-12-23
5087,2434,58,2024-08-06
5088,2434,81,2024-11-13
5089,2434,555,2024-04-08
5090,2434,642,2024-08-28
5091,2434,1475,2024-05-08
5092,2435,138,2024-04-15
5093,2435,390,2025-02-03
5094,2435,504,2024-03-12
5095,2435,710,2024-05-18
5096,2435,1065,2024-09-20
5097,2435,1203,2024-05-29
5098,2436,169,2024-02-23
5099,2436,990,2024-03-20
5100,2436,1413,2024-04-06
5101,2437,11,2024-11-08
5102,2437,78,2024-03-02
5103,2437,297,2025-01-09
5104,2437,517,2025-01-23
5105,2437,539,2025-02-13
5106,2437,552,2025-02-03
5107,2437,686,2024-03-17
5108,2437,923,2024-11-04
5109,2437,1108,2024-02-10
5110,2437,1462,2024-03-25
5111,2438,123,2024-10-17
5112,2438,587,2024-02-28
5113,2439,192,2024-11-25
5114,2439,839,2023-11-26
5115,2439,948,2024-11-28
5116,2439,996,2025-01-21
5117,2439,1263,2024-03-24
5118,2439,1314,2024-08-28
5119,2439,1477,2023-12-21
5120,2440,161,2024-05-09
5121,2440,199,2024-08-06
5122,2440,595,2025-02-06
5123,2440,1179,2024-08-23
5124,2440,1433,2024-08-16
5125,2441,37,2024-02-22
5126,2441,1255,2024-11-08
5127,2442,156,2024-08-26
5128,2442,983,2024-02-21
5129,2442,1167,2024-12-19
5130,2442,1435,2024-10-15
5131,2443,96,2025-02-14
5132,2443,125,2025-01-01
5133,2443,710,2024-02-29
5134,2443,936,2024-03-09
5135,2443,952,2024-08-11
5136,2443,1072,2024-06-06
5137,2444,37,2024-03-13
5138,2444,163,2024-02-12
5139,2444,353,2024-08-09
5140,2444,381,2025-01-13
5141,2444,468,2024-03-06
5142,2444,613,2025-01-11
5143,2444,1421,2024-05-16
5144,2445,106,2024-03-03
5145,2445,147,2023-10-28
5146,2445,344,2024-07-15
5147,2445,625,2024-11-11
5148,2446,34,2024-09-30
5149,2446,512,2024-12-21
5150,2446,531,2024-09-20
5151,2446,934,2024-10-12
5152,2446,1491,2024-08-02
5153,2447,13,2024-01-15
5154,2447,137,2024-01-02
5155,2447,881,2024-02-11
5156,2447,916,2023-11-13
5157,2448,56,2024-08-18
5158,2448,307,2024-04-05
5159,2448,446,2024-07-02
5160,2448,706,2024-05-22
5161,2448,842,2023-12-24
5162,2448,958,2024-08-24
5163,2448,964,2024-10-24
5164,2449,101,2024-06-20
5165,2449,169,2024-10-24
5166,2449,789,2025-02-09
5167,2449,952,2024-02-08
5168,2450,56,2024-08-09
5169,2450,189,2024-09-26
5170,2450,198,2024-12-11
5171,2450,561,2024-07-18
5172,2450,653,2024-09-12
5173,2451,116,2024-11-17
5174,2451,1071,2025-01-13
5175,2451,1104,2024-07-13
5176,2452,165,2024-08-13
5177,2452,206,2025-01-01
5178,2452,214,2025-02-09
5179,2452,415,2024-03-06
5180,2452,609,2023-12-10
5181,2452,732,2024-02-24
5182,2452,1025,2024-01-08
5183,2452,1353,2023-12-12
5184,2453,40,2023-10-24
5185,2453,109,2025-01-19
5186,2453,146,2024-11-12
5187,2453,357,2024-08-07
5188,2453,449,2024-06-04
5189,2453,778,2023-12-25
5190,2453,815,2023-11-20
5191,2453,1168,2024-10-07
5192,2454,105,2024-01-16
5193,2454,175,2023-12-17
5194,2454,235,2025-01-02
5195,2454,909,2024-06-21
5196,2455,38,2024-11-12
5197,2455,318,2023-11-11
5198,2455,431,2024-06-21
5199,2455,432,2024-04-04
5200,2455,617,2024-03-22
5201,2455,956,2025-01-22
5202,2455,1294,2024-12-29
5203,2456,149,2024-07-11
5204,2456,589,2024-04-15
5205,2457,97,2024-01-26
5206,2457,303,2024-03-14
5207,2457,351,2024-09-06
5208,2457,628,2024-10-17
5209,2457,1153,2024-11-24
5210,2458,56,2024-05-18
5211,2458,721,2024-04-26
5212,2458,1322,2024-04-09
5213,2459,96,2024-06-17
5214,2459,844,2024-12-02
5215,2460,56,2024-08-14
5216,2460,93,2023-12-26
5217,2460,295,2025-01-01
5218,2460,1062,2024-11-21
5219,2460,1137,2023-12-23
5220,2460,1406,2023-11-08
5221,2461,56,2024-02-22
5222,2461,559,2023-10-25
5223,2461,1057,2023-11-10
5224,2462,81,2024-03-22
5225,2462,165,2024-03-10
5226,2462,376,2024-08-05
5227,2462,717,2024-05-28
5228,2462,769,2024-12-27
5229,2462,793,2024-03-23
5230,2462,1012,2024-05-02
5231,2462,1236,2025-02-06
5232,2462,1413,2023-11-21
5233,2462,1500,2024-01-03
5234,2463,147,2024-10-24
5235,2463,189,2024-08-27
5236,2463,305,2024-02-11
5237,2463,376,2024-08-05
5238,2464,11,2023-11-16
5239,2464,197,2024-12-14
5240,2464,528,2023-11-03
5241,2465,96,2023-12-31
5242,2465,132,2025-01-21
5243,2465,299,2024-10-31
5244,2465,755,2025-01-09
5245,2466,14,2024-04-19
5246,2466,192,2023-12-13
5247,2466,660,2023-12-28
5248,2466,872,2024-11-21
5249,2466,997,2023-12-17
5250,2466,1011,2024-02-01
5251,2466,1063,2024-10-29
5252,2467,96,2025-01-04
5253,2467,300,2024-06-12
5254,2467,1263,2024-04-07
5255,2467,1370,2025-01-01
5256,2467,1397,2024-05-08
5257,2468,11,2025-01-04
5258,2468,36,2024-04-19
5259,2468,119,2024-07-16
5260,2468,417,2024-10-15
5261,2469,13,2024-08-19
5262,2469,93,2024-05-07
5263,2469,96,2024-01-25
5264,2469,109,2024-04-06
5265,2469,504,2024-08-13
5266,2469,1093,2024-04-09
5267,2470,203,2024-09-05
5268,2470,440,2024-09-30
5269,2470,675,2024-12-22
5270,2470,762,2024-06-17
5271,2470,1066,2023-10-21
5272,2470,1394,2024-07-30
5273,2471,82,2025-02-12
5274,2471,144,2024-05-27
5275,2471,834,2024-12-05
5276,2472,58,2023-11-29
5277,2472,146,2025-02-03
5278,2472,243,2024-08-08
5279,2472,535,2024-08-27
5280,2472,736,2024-02-08
5281,2472,1372,2025-02-14
5282,2473,192,2023-11-24
5283,2473,977,2024-03-01
5284,2473,1304,2024-10-15
5285,2474,21,2024-04-21
5286,2474,28,2024-07-28
5287,2474,199,2024-03-20
5288,2474,614,2024-01-24
5289,2474,845,2024-02-29
5290,2474,1009,2024-10-10
5291,2475,34,2024-04-04
5292,2475,122,2024-05-10
5293,2475,472,2024-05-05
5294,2475,630,2024-02-10
5295,2475,1052,2023-12-02
5296,2475,1159,2023-11-26
5297,2475,1263,2024-02-11
5298,2476,39,2025-02-09
5299,2476,165,2024-07-23
5300,2476,385,2024-07-27
5301,2476,476,2024-04-26
5302,2476,1059,2023-11-13
5303,2476,1234,2025-01-15
5304,2477,125,2024-02-01
5305,2477,227,2024-03-19
5306,2477,398,2025-01-17
5307,2477,732,2024-01-21
5308,2477,1312,2024-01-25
5309,2478,16,2024-12-17
5310,2478,156,2024-05-15
5311,2478,771,2024-01-08
5312,2478,834,2025-02-08
5313,2478,1131,2024-09-27
5314,2478,1132,2024-11-02
5315,2479,123,2023-12-28
5316,2479,149,2023-11-06
5317,2479,326,2025-01-01
5318,2479,420,2024-02-24
5319,2479,523,2024-01-27
5320,2479,785,2024-03-26
5321,2479,814,2024-06-10
5322,2479,1428,2024-03-17
5323,2479,1435,2024-01-21
5324,2480,116,2024-03-03
5325,2480,1445,2024-05-15
5326,2481,116,2024-02-03
5327,2481,193,2024-09-19
5328,2481,411,2023-12-14
5329,2481,591,2023-10-29
5330,2481,782,2024-03-22
5331,2481,900,2024-02-15
5332,2482,96,2024-09-23
5333,2482,248,2024-06-06
5334,2482,548,2024-10-19
5335,2482,1105,2024-08-11
5336,2483,96,2024-05-19
5337,2483,947,2024-07-04
5338,2483,1205,2024-11-02
5339,2483,1295,2024-10-08
5340,2483,1423,2024-09-29
5341,2483,1453,2024-12-03
5342,2484,192,2024-09-20
5343,2484,481,2024-05-09
5344,2484,845,2024-11-23
5345,2484,1051,2024-12-13
5346,2484,1097,2024-07-22
5347,2484,1153,2024-12-18
5348,2484,1295,2023-11-03
5349,2485,146,2023-11-05
5350,2485,177,2024-07-28
5351,2485,1500,2024-11-28
5352,2486,104,2025-01-23
5353,2486,116,2024-09-17
5354,2486,191,2024-03-28
5355,2486,350,2024-10-17
5356,2486,473,2024-10-16
5357,2486,710,2025-01-21
5358,2486,1478,2023-12-31
5359,2487,138,2024-08-06
5360,2487,842,2025-01-02
5361,2487,844,2024-03-11
5362,2487,1148,2024-05-02
5363,2488,70,2024-11-08
5364,2488,109,2024-08-13
5365,2488,148,2023-11-14
5366,2488,175,2024-01-06
5367,2488,1216,2025-01-15
5368,2488,1393,2024-12-05
5369,2488,1394,2024-09-18
5370,2489,85,2023-12-04
5371,2489,93,2024-09-15
5372,2489,146,2024-09-23
5373,2489,376,2024-06-25
5374,2489,389,2024-05-31
5375,2489,580,2025-01-17
5376,2489,1237,2024-03-14
5377,2489,1362,2023-11-21
5378,2490,34,2024-06-14
5379,2490,149,2024-03-02
5380,2490,865,2024-01-24
5381,2490,1022,2023-11-08
5382,2490,1085,2024-03-22
5383,2490,1104,2024-02-03
5384,2491,71,2024-12-23
5385,2491,204,2024-03-31
5386,2491,363,2023-11-18
5387,2491,504,2024-01-07
5388,2491,525,2024-02-13
5389,2491,712,2024-07-20
5390,2491,832,2024-11-29
5391,2491,893,2024-11-28
5392,2491,1248,2024-12-20
5393,2491,1422,2024-04-24
5394,2492,38,2025-02-15
5395,2492,128,2023-11-13
5396,2492,468,2024-01-11
5397,2492,661,2024-01-10
5398,2492,1145,2024-12-10
5399,2493,123,2024-08-01
5400,2493,499,2024-08-27
5401,2493,575,2025-02-14
5402,2493,785,2024-03-11
5403,2493,1397,2024-05-23
5404,2493,1428,2024-05-07
5405,2494,116,2024-04-10
5406,2494,1358,2024-01-20
5407,2495,96,2024-06-05
5408,2495,111,2024-11-07
5409,2495,594,2024-04-09
5410,2495,732,2024-10-27
5411,2495,860,2025-01-08
5412,2495,1004,2024-11-08
5413,2495,1100,2025-02-03
5414,2495,1200,2024-11-11
5415,2496,38,2024-01-09
5416,2496,153,2024-01-29
5417,2496,329,2024-01-30
5418,2496,1500,2023-12-27
5419,2497,146,2024-07-12
5420,2497,1170,2024-01-06
5421,2497,1220,2024-09-03
5422,2498,149,2024-11-29
5423,2498,398,2024-02-16
5424,2498,783,2023-10-24
5425,2498,1045,2023-12-28
5426,2498,1443,2023-10-28
5427,2499,28,2023-12-27
5428,2499,38,2024-04-06
5429,2499,385,2024-05-12
5430,2499,408,2024-08-08
5431,2499,454,2023-12-14
5432,2500,146,2024-02-07
5433,2500,331,2024-02-01
5434,2500,630,2025-01-11
5435,2500,883,2023-10-25
5436,2500,1073,2024-02-14
5437,2500,1322,2023-10-31
5438,2501,116,2024-02-09
5439,2501,635,2024-01-29
5440,2501,1079,2024-02-26
5441,2502,97,2024-05-16
5442,2502,109,2024-06-15
5443,2502,357,2024-06-01
5444,2502,784,2023-11-23
5445,2502,1093,2024-10-29
5446,2502,1221,2024-10-08
5447,2502,1410,2023-12-21
5448,2503,82,2024-09-27
5449,2503,342,2025-01-23
5450,2503,525,2024-05-26
5451,2503,693,2024-11-24
5452,2503,698,2024-06-09
5453,2503,929,2024-04-23
5454,2503,947,2025-02-08
5455,2503,1236,2024-12-10
5456,2504,79,2023-10-25
5457,2504,199,2024-05-31
5458,2504,784,2024-12-31
5459,2504,835,2024-05-25
5460,2504,1325,2023-12-31
5461,2504,1401,2024-11-20
5462,2505,163,2024-06-20
5463,2505,170,2024-08-27
5464,2505,325,2024-08-27
5465,2505,839,2024-04-14
5466,2505,1089,2024-11-07
5467,2506,133,2024-12-09
5468,2506,165,2024-03-29
5469,2506,214,2024-02-24
5470,2506,299,2025-01-22
5471,2506,827,2024-11-06
5472,2506,895,2023-11-18
5473,2506,982,2024-01-16
5474,2507,18,2024-03-10
5475,2507,53,2024-09-12
5476,2507,163,2024-04-26
5477,2507,173,2024-02-04
5478,2507,268,2023-11-17
5479,2507,467,2023-11-29
5480,2507,503,2025-02-13
5481,2507,671,2025-01-24
5482,2508,48,2024-01-16
5483,2508,116,2025-01-28
5484,2508,281,2024-02-15
5485,2508,445,2024-10-30
5486,2508,455,2024-08-12
5487,2508,468,2024-07-30
5488,2508,1123,2024-11-17
5489,2508,1165,2024-02-29
5490,2508,1315,2024-12-10
5491,2508,1337,2024-06-25
5492,2509,66,2024-01-15
5493,2509,156,2024-02-17
5494,2509,718,2023-11-03
5495,2509,749,2024-02-07
5496,2509,833,2024-03-06
5497,2509,1274,2024-10-20
5498,2510,71,2025-01-31
5499,2510,82,2024-11-28
5500,2510,390,2023-12-26
5501,2510,525,2023-11-12
5502,2510,945,2023-12-24
5503,2510,1028,2024-07-22
5504,2511,165,2024-03-19
5505,2511,749,2024-06-10
5506,2511,796,2023-11-23
5507,2511,1270,2025-02-15
5508,2512,149,2024-12-02
5509,2512,412,2024-08-12
5510,2512,950,2024-12-07
5511,2512,1103,2024-11-02
5512,2513,70,2024-12-01
5513,2513,174,2025-01-31
5514,2513,188,2024-11-17
5515,2513,204,2023-10-28
5516,2513,419,2023-12-05
5517,2513,556,2024-06-08
5518,2513,1159,2024-10-21
5519,2513,1347,2024-01-11
5520,2513,1461,2024-01-11
5521,2514,164,2024-09-22
5522,2514,203,2024-12-01
5523,2514,536,2023-12-26
5524,2515,199,2024-03-17
5525,2515,615,2023-11-15
5526,2516,34,2025-01-13
5527,2516,492,2024-04-28
5528,2516,576,2023-11-18
5529,2516,697,2024-05-31
5530,2516,920,2024-12-09
5531,2517,15,2025-01-11
5532,2517,281,2024-10-23
5533,2517,301,2024-05-18
5534,2517,866,2025-01-31
5535,2517,967,2024-12-18
5536,2517,1459,2024-02-29
5537,2518,191,2024-09-22
5538,2518,231,2025-01-14
5539,2518,753,2024-07-25
5540,2519,8,2024-06-12
5541,2519,192,2024-10-27
5542,2519,359,2024-11-20
5543,2519,952,2023-12-11
5544,2519,1234,2024-12-18
5545,2519,1423,2025-01-31
5546,2519,1465,2024-06-19
5547,2520,34,2024-09-12
5548,2520,272,2024-09-09
5549,2520,699,2024-10-07
5550,2520,753,2024-06-29
5551,2520,918,2024-04-01
5552,2520,1186,2024-12-15
5553,2520,1232,2024-03-01
5554,2520,1423,2024-05-18
5555,2521,15,2023-12-13
5556,2521,219,2024-09-02
5557,2521,280,2024-11-25
5558,2521,597,2024-12-19
5559,2521,1263,2024-08-22
5560,2522,107,2025-02-10
5561,2522,156,2025-01-03
5562,2522,530,2024-01-21
5563,2522,734,2025-02-04
5564,2523,11,2024-03-03
5565,2523,38,2023-11-14
5566,2523,175,2024-05-04
5567,2523,992,2024-04-21
5568,2523,1208,2024-09-11
5569,2524,57,2024-07-23
5570,2524,117,2024-02-13
5571,2524,149,2024-07-20
5572,2524,223,2025-01-08
5573,2524,341,2025-02-02
5574,2524,353,2024-06-01
5575,2524,1022,2024-01-06
5576,2525,204,2024-11-26
5577,2525,278,2024-09-30
5578,2525,839,2024-06-16
5579,2525,1114,2024-09-06
5580,2526,116,2024-01-03
5581,2526,235,2024-04-10
5582,2526,702,2024-07-04
5583,2526,922,2025-01-08
5584,2526,1291,2025-02-07
5585,2527,29,2023-11-21
5586,2527,34,2024-01-20
5587,2527,860,2024-01-07
5588,2527,1338,2024-03-30
5589,2528,125,2024-08-21
5590,2528,707,2023-11-09
5591,2528,1128,2024-12-03
5592,2528,1183,2024-08-14
5593,2529,169,2024-11-23
5594,2529,307,2024-10-06
5595,2529,687,2024-04-12
5596,2529,867,2024-05-04
5597,2529,1426,2024-05-08
5598,2530,71,2024-11-11
5599,2530,175,2024-07-19
5600,2530,525,2024-03-12
5601,2530,976,2024-10-18
5602,2530,1093,2024-02-27
5603,2530,1451,2025-01-30
5604,2530,1480,2024-07-05
5605,2531,149,2024-10-25
5606,2531,401,2024-11-01
5607,2531,485,2024-01-03
5608,2531,535,2025-02-15
5609,2531,577,2024-02-23
5610,2531,734,2024-06-24
5611,2531,978,2024-02-24
5612,2532,204,2024-09-05
5613,2532,289,2024-01-24
5614,2532,394,2024-06-07
5615,2532,572,2024-08-08
5616,2532,644,2024-11-16
5617,2532,769,2025-02-12
5618,2532,1019,2023-11-28
5619,2532,1478,2024-11-29
5620,2533,7,2024-01-23
5621,2533,146,2023-12-10
5622,2533,147,2023-12-25
5623,2533,318,2023-12-02
5624,2533,501,2023-12-03
5625,2533,556,2023-11-13
5626,2533,844,2023-12-20
5627,2533,1461,2024-07-17
5628,2533,1491,2024-06-10
5629,2534,34,2024-07-08
5630,2534,872,2023-11-10
5631,2534,901,2024-02-17
5632,2535,156,2024-10-10
5633,2535,517,2024-04-14
5634,2535,548,2024-10-06
5635,2535,624,2024-07-29
5636,2535,808,2024-05-19
5637,2535,888,2024-12-06
5638,2535,1215,2025-02-01
5639,2535,1482,2024-11-03
5640,2536,123,2024-08-29
5641,2536,246,2023-11-14
5642,2536,255,2024-09-26
5643,2536,521,2025-01-31
5644,2536,686,2025-01-18
5645,2536,978,2025-01-22
5646,2536,997,2023-11-26
5647,2536,1082,2024-06-08
5648,2536,1083,2024-12-30
5649,2537,138,2023-11-14
5650,2537,410,2025-01-03
5651,2537,538,2024-12-15
5652,2537,575,2024-06-24
5653,2537,832,2024-03-17
5654,2537,956,2024-10-09
5655,2537,1365,2023-11-07
5656,2538,147,2024-12-01
5657,2538,282,2024-09-06
5658,2538,1284,2025-02-08
5659,2538,1336,2024-02-12
5660,2539,151,2024-08-21
5661,2539,191,2024-01-05
5662,2539,927,2024-04-17
5663,2539,1118,2023-12-12
5664,2539,1230,2024-08-15
5665,2539,1300,2024-09-01
5666,2540,13,2024-08-31
5667,2540,290,2024-02-25
5668,2540,612,2024-10-09
5669,2540,830,2024-04-18
5670,2540,1084,2024-01-19
5671,2541,14,2024-08-21
5672,2541,163,2024-03-30
5673,2541,698,2024-10-30
5674,2541,809,2025-01-15
5675,2541,827,2025-01-21
5676,2541,879,2024-11-14
5677,2541,1360,2023-12-15
5678,2542,82,2024-06-28
5679,2542,107,2023-12-11
5680,2542,637,2024-01-16
5681,2542,963,2024-01-17
5682,2542,968,2023-12-31
5683,2542,1124,2025-01-25
5684,2542,1303,2024-06-28
5685,2543,96,2025-02-15
5686,2543,109,2024-05-05
5687,2543,203,2024-11-06
5688,2543,714,2024-02-27
5689,2543,901,2024-02-24
5690,2544,116,2024-02-09
5691,2544,652,2024-07-31
5692,2544,1242,2024-06-08
5693,2545,56,2024-01-21
5694,2545,81,2024-01-11
5695,2545,445,2023-10-30
5696,2545,714,2024-04-21
5697,2545,1004,2024-12-31
5698,2545,1302,2024-03-16
5699,2545,1328,2024-01-04
5700,2546,58,2024-01-01
5701,2546,137,2023-12-16
5702,2546,397,2024-04-29
5703,2546,688,2024-01-18
5704,2546,699,2024-04-29
5705,2546,732,2024-10-01
5706,2546,1004,2024-04-01
5707,2546,1042,2024-10-04
5708,2546,1194,2024-12-08
5709,2547,175,2024-03-01
5710,2547,822,2024-08-17
5711,2547,923,2025-01-12
5712,2547,958,2024-09-14
5713,2547,1175,2024-05-02
5714,2547,1330,2024-12-28
5715,2547,1476,2024-01-26
5716,2548,123,2025-01-27
5717,2548,351,2024-01-27
5718,2548,504,2024-11-01
5719,2548,534,2024-10-30
5720,2548,805,2023-10-20
5721,2548,826,2024-10-08
5722,2548,976,2024-07-22
5723,2548,1246,2024-12-11
5724,2549,146,2024-01-28
5725,2549,604,2024-01-31
5726,2549,612,2024-03-16
5727,2549,827,2024-03-18
5728,2549,842,2024-03-22
5729,2549,895,2024-06-02
5730,2550,97,2025-01-11
5731,2550,186,2025-01-25
5732,2550,245,2024-12-19
5733,2550,686,2023-10-29
5734,2550,814,2024-03-24
5735,2550,1022,2024-07-03
5736,2551,24,2024-12-23
5737,2551,34,2024-07-11
5738,2551,1282,2024-07-01
5739,2552,56,2024-07-06
5740,2552,1495,2024-08-21
5741,2553,128,2024-08-12
5742,2553,199,2025-02-03
5743,2553,1012,2024-04-06
5744,2553,1361,2023-10-26
5745,2554,125,2024-03-06
5746,2554,329,2024-06-13
5747,2554,435,2023-10-30
5748,2554,910,2024-12-04
5749,2554,1028,2024-01-13
5750,2554,1305,2023-10-25
5751,2555,34,2025-01-02
5752,2555,155,2024-04-28
5753,2555,897,2024-08-29
5754,2556,96,2024-10-03
5755,2556,304,2024-04-30
5756,2556,1203,2024-11-15
5757,2556,1374,2024-07-05
5758,2557,140,2024-10-04
5759,2557,191,2024-04-15
5760,2557,443,2023-11-25
5761,2557,532,2024-08-28
5762,2557,557,2024-11-15
5763,2557,566,2025-01-09
5764,2557,805,2024-03-28
5765,2557,1097,2024-01-25
5766,2558,55,2024-11-26
5767,2558,204,2024-10-03
5768,2558,239,2024-06-05
5769,2558,347,2024-06-30
5770,2558,447,2024-02-28
5771,2558,933,2024-09-03
5772,2559,123,2024-10-13
5773,2559,164,2025-01-24
5774,2559,193,2024-01-21
5775,2559,556,2024-05-10
5776,2559,992,2024-05-25
5777,2559,1069,2024-09-08
5778,2560,11,2024-09-20
5779,2560,123,2024-02-04
5780,2560,247,2024-01-09
5781,2560,397,2025-02-16
5782,2560,891,2025-01-11
5783,2560,1269,2024-08-21
5784,2560,1299,2024-11-02
5785,2560,1327,2024-03-30
5786,2561,86,2024-05-19
5787,2561,204,2024-02-16
5788,2561,457,2024-03-05
5789,2561,523,2024-01-22
5790,2561,1170,2024-06-07
5791,2562,149,2025-02-02
5792,2562,199,2024-06-30
5793,2562,528,2024-06-18
5794,2562,1161,2024-03-31
5795,2562,1285,2024-11-29
5796,2562,1397,2024-01-15
5797,2563,156,2024-01-09
5798,2563,328,2025-01-28
5799,2563,735,2024-04-20
5800,2563,867,2024-08-05
5801,2563,923,2024-01-06
5802,2563,1250,2023-10-28
5803,2563,1429,2024-05-21
5804,2564,165,2023-11-30
5805,2564,535,2025-01-15
5806,2564,1014,2024-05-11
5807,2564,1432,2024-04-15
5808,2565,156,2024-07-23
5809,2565,192,2023-12-01
5810,2565,484,2023-12-31
5811,2565,807,2024-12-07
5812,2566,169,2024-08-24
5813,2566,333,2023-12-27
5814,2566,962,2023-11-03
5815,2566,964,2024-09-18
5816,2566,1235,2024-04-25
5817,2566,1242,2024-08-08
5818,2566,1330,2024-10-25
5819,2567,22,2025-02-05
5820,2567,97,2024-01-08
5821,2567,122,2024-01-05
5822,2567,441,2024-08-18
5823,2567,1131,2024-03-14
5824,2567,1255,2023-12-18
5825,2568,11,2023-11-25
5826,2568,112,2024-04-02
5827,2568,234,2025-02-04
5828,2568,562,2025-01-04
5829,2568,1141,2025-02-06
5830,2568,1378,2024-11-16
5831,2569,96,2024-05-17
5832,2569,105,2024-02-08
5833,2569,327,2023-11-10
5834,2569,1101,2024-01-05
5835,2569,1131,2024-08-17
5836,2570,73,2024-03-30
5837,2570,191,2024-03-29
5838,2570,834,2024-11-10
5839,2570,988,2024-09-24
5840,2571,58,2024-10-12
5841,2571,163,2024-08-12
5842,2571,602,2024-05-12
5843,2571,749,2024-02-16
5844,2571,800,2024-05-30
5845,2571,816,2024-02-22
5846,2571,959,2024-06-13
5847,2572,138,2024-09-26
5848,2572,223,2024-10-22
5849,2572,758,2024-12-08
5850,2572,1282,2024-01-06
5851,2572,1383,2024-09-14
5852,2573,82,2024-05-16
5853,2573,307,2024-01-16
5854,2573,807,2024-12-16
5855,2573,1215,2024-09-02
5856,2573,1330,2024-10-24
5857,2573,1371,2024-03-19
5858,2574,13,2024-09-24
5859,2574,82,2024-11-14
5860,2574,414,2024-01-20
5861,2574,583,2023-11-10
5862,2574,643,2024-05-27
5863,2575,203,2024-04-30
5864,2575,269,2023-11-27
5865,2575,307,2024-04-08
5866,2575,344,2024-09-23
5867,2575,672,2024-02-29
5868,2575,686,2024-09-03
5869,2576,163,2024-07-09
5870,2576,1036,2023-11-02
5871,2577,81,2024-09-14
5872,2577,130,2024-09-26
5873,2577,138,2024-07-28
5874,2577,723,2024-04-10
5875,2577,936,2023-12-08
5876,2577,945,2024-01-27
5877,2578,82,2024-02-01
5878,2578,329,2024-10-24
5879,2578,1245,2023-12-13
5880,2578,1257,2024-02-11
5881,2578,1385,2024-09-19
5882,2579,192,2024-07-21
5883,2579,295,2024-11-12
5884,2579,345,2024-12-28
5885,2579,839,2023-11-09
5886,2579,1136,2023-11-11
5887,2579,1148,2024-03-07
5888,2579,1149,2024-08-08
5889,2580,101,2024-07-19
5890,2580,203,2024-12-29
5891,2580,305,2024-12-28
5892,2580,420,2024-02-11
5893,2580,975,2024-10-14
5894,2581,3,2024-12-31
5895,2581,154,2024-01-08
5896,2581,191,2023-11-21
5897,2581,229,2024-12-12
5898,2581,610,2024-09-12
5899,2581,704,2023-12-01
5900,2581,1112,2024-01-18
5901,2581,1225,2024-12-28
5902,2581,1494,2024-01-05
5903,2582,101,2023-12-07
5904,2582,204,2024-12-17
5905,2582,245,2024-01-16
5906,2582,1169,2024-11-23
5907,2582,1271,2023-11-28
5908,2582,1291,2024-04-27
5909,2582,1447,2024-11-06
5910,2583,116,2024-03-19
5911,2583,331,2024-07-07
5912,2583,630,2024-09-23
5913,2583,758,2025-01-28
5914,2583,1159,2025-01-14
5915,2584,109,2023-12-16
5916,2584,163,2024-10-18
5917,2584,1462,2024-04-27
5918,2585,58,2024-07-21
5919,2585,524,2024-01-06
5920,2585,615,2025-01-07
5921,2586,11,2024-05-29
5922,2586,163,2024-07-24
5923,2586,443,2024-05-20
5924,2586,714,2024-07-20
5925,2586,1189,2024-07-01
5926,2586,1260,2024-05-12
5927,2587,9,2024-03-20
5928,2587,203,2025-01-19
5929,2587,962,2023-10-24
5930,2587,963,2023-12-12
5931,2588,116,2024-11-13
5932,2588,123,2024-08-13
5933,2588,502,2023-12-15
5934,2588,640,2024-07-17
5935,2588,671,2024-04-04
5936,2588,1017,2024-03-02
5937,2588,1490,2024-07-30
5938,2589,13,2024-07-21
5939,2589,105,2023-11-18
5940,2589,390,2024-05-06
5941,2589,1356,2024-03-26
5942,2590,11,2024-03-24
5943,2590,138,2024-11-07
5944,2590,1386,2023-12-27
5945,2591,11,2024-12-21
5946,2591,103,2024-12-21
5947,2591,517,2024-09-28
5948,2591,1144,2023-10-20
5949,2591,1237,2023-11-10
5950,2591,1450,2024-11-29
5951,2591,1462,2024-05-05
5952,2592,37,2024-01-18
5953,2592,148,2024-08-06
5954,2592,588,2025-02-06
5955,2592,944,2024-07-03
5956,2592,1393,2025-01-30
5957,2593,10,2025-02-08
5958,2593,171,2024-06-30
5959,2593,172,2024-06-02
5960,2593,191,2024-09-10
5961,2593,200,2024-07-14
5962,2593,866,2024-06-21
5963,2593,1004,2024-02-22
5964,2593,1294,2024-12-18
5965,2593,1312,2024-03-28
5966,2594,96,2024-07-12
5967,2594,395,2024-04-04
5968,2594,443,2024-11-20
5969,2594,749,2024-10-31
5970,2595,147,2024-05-05
5971,2595,175,2024-09-10
5972,2595,203,2024-05-12
5973,2595,1065,2024-03-12
5974,2595,1258,2025-02-15
5975,2595,1351,2025-01-07
5976,2596,192,2024-05-11
5977,2596,529,2024-11-06
5978,2596,530,2024-03-27
5979,2596,799,2024-11-19
5980,2597,97,2024-11-04
5981,2597,138,2023-12-19
5982,2597,414,2024-08-20
5983,2597,497,2024-05-29
5984,2597,684,2024-10-24
5985,2597,999,2023-12-25
5986,2597,1234,2024-02-08
5987,2598,192,2024-03-19
5988,2598,244,2024-09-21
5989,2598,567,2024-01-20
5990,2598,1040,2023-12-16
5991,2599,169,2024-08-27
5992,2599,385,2023-12-31
5993,2599,796,2024-10-20
5994,2599,918,2025-02-07
5995,2599,1139,2024-05-30
5996,2599,1404,2024-12-07
5997,2599,1414,2024-01-02
5998,2600,149,2024-01-19
5999,2600,261,2023-11-27
6000,2600,307,2024-01-26
6001,2600,964,2024-01-21
6002,2600,995,2023-10-28
6003,2600,1136,2024-03-24
6004,2600,1143,2024-10-07
6005,2601,93,2023-11-21
6006,2601,1036,2023-11-12
6007,2601,1351,2024-03-13
6008,2602,93,2024-01-11
6009,2602,946,2024-08-28
6010,2602,1331,2024-02-26
6011,2603,38,2024-07-18
6012,2603,367,2024-02-08
6013,2603,854,2024-11-30
6014,2604,147,2023-12-16
6015,2604,469,2024-03-12
6016,2604,1465,2024-10-29
6017,2605,116,2024-06-24
6018,2605,151,2025-02-11
6019,2605,329,2024-07-07
6020,2605,913,2025-01-31
6021,2606,58,2025-01-12
6022,2606,336,2024-08-05
6023,2606,361,2024-11-18
6024,2606,686,2025-01-03
6025,2607,35,2024-10-12
6026,2607,146,2025-01-05
6027,2607,249,2023-12-16
6028,2607,409,2023-12-05
6029,2607,1331,2024-06-17
6030,2608,97,2025-01-03
6031,2608,274,2024-08-29
6032,2608,309,2024-06-04
6033,2608,570,2024-01-06
6034,2608,655,2024-12-15
6035,2608,657,2024-11-12
6036,2608,967,2024-05-15
6037,2608,1107,2024-08-16
6038,2609,56,2024-08-27
6039,2609,149,2024-08-19
6040,2609,756,2024-08-28
6041,2609,771,2024-03-10
6042,2609,927,2024-08-09
6043,2609,1291,2024-10-07
6044,2609,1482,2024-07-15
6045,2610,149,2023-12-08
6046,2610,691,2024-09-17
6047,2610,1249,2024-01-10
6048,2611,156,2024-07-09
6049,2611,412,2024-10-11
6050,2611,424,2024-01-29
6051,2611,478,2023-12-15
6052,2611,627,2024-10-30
6053,2611,933,2024-07-27
6054,2611,1071,2023-10-30
6055,2611,1430,2023-11-18
6056,2612,97,2024-02-09
6057,2612,1134,2025-01-10
6058,2612,1161,2024-05-28
6059,2612,1380,2024-05-23
6060,2613,39,2024-05-16
6061,2613,192,2023-10-30
6062,2613,918,2024-10-31
6063,2613,1194,2024-10-06
6064,2614,13,2024-11-04
6065,2614,386,2024-01-14
6066,2614,709,2024-10-15
6067,2614,739,2023-10-21
6068,2614,1064,2023-11-20
6069,2614,1283,2023-10-22
6070,2614,1349,2024-04-15
6071,2614,1424,2025-02-10
6072,2615,191,2024-01-28
6073,2615,305,2024-11-05
6074,2615,381,2024-01-10
6075,2615,418,2024-07-22
6076,2615,671,2024-04-09
6077,2615,673,2024-01-27
6078,2615,872,2024-07-24
6079,2615,955,2024-05-09
6080,2616,204,2024-01-24
6081,2616,254,2025-01-08
6082,2616,932,2023-12-08
6083,2616,1332,2023-10-21
6084,2617,11,2024-04-01
6085,2617,147,2024-09-07
6086,2617,352,2023-11-12
6087,2617,467,2024-04-04
6088,2617,671,2024-12-07
6089,2617,793,2024-01-19
6090,2617,1004,2024-03-06
6091,2618,93,2024-02-22
6092,2618,123,2025-01-15
6093,2618,409,2024-07-17
6094,2618,467,2025-01-22
6095,2618,956,2024-02-17
6096,2618,1055,2024-07-27
6097,2618,1294,2024-10-17
6098,2618,1345,2023-10-20
6099,2619,37,2025-02-09
6100,2619,307,2024-04-18
6101,2619,547,2024-07-29
6102,2619,554,2024-10-06
6103,2619,964,2024-01-10
6104,2619,1330,2025-02-04
6105,2620,156,2024-05-20
6106,2620,1211,2024-12-24
6107,2620,1349,2024-12-07
6108,2621,97,2024-08-30
6109,2621,828,2024-01-15
6110,2621,1088,2024-09-21
6111,2621,1467,2024-11-21
6112,2622,43,2024-08-04
6113,2622,54,2024-11-15
6114,2622,169,2024-08-28
6115,2622,661,2023-11-20
6116,2622,771,2023-11-19
6117,2622,917,2024-06-06
6118,2622,985,2024-05-10
6119,2623,38,2024-07-19
6120,2623,149,2024-10-11
6121,2623,183,2024-05-28
6122,2623,373,2024-01-11
6123,2623,620,2024-12-14
6124,2623,1029,2024-06-10
6125,2623,1283,2024-11-10
6126,2624,97,2024-05-30
6127,2624,492,2025-02-08
6128,2624,505,2024-02-21
6129,2624,741,2025-01-01
6130,2624,1281,2024-02-13
6131,2624,1385,2024-01-18
6132,2625,63,2024-12-25
6133,2625,203,2024-07-30
6134,2625,582,2025-01-17
6135,2625,583,2024-02-02
6136,2626,93,2025-01-13
6137,2626,547,2025-01-08
6138,2626,820,2024-07-02
6139,2626,1215,2024-08-27
6140,2626,1250,2025-01-19
6141,2626,1411,2024-05-04
6142,2627,138,2024-09-28
6143,2627,796,2024-11-27
6144,2627,909,2025-01-13
6145,2627,947,2024-02-01
6146,2627,1086,2024-02-06
6147,2627,1315,2024-12-10
6148,2628,38,2024-06-23
6149,2628,122,2024-05-15
6150,2628,395,2025-01-22
6151,2628,441,2024-11-05
6152,2628,1104,2023-12-01
6153,2628,1131,2024-07-04
6154,2628,1192,2024-04-09
6155,2628,1389,2024-09-09
6156,2629,116,2023-12-17
6157,2629,1244,2025-01-14
6158,2630,58,2024-09-07
6159,2630,448,2024-07-23
6160,2630,772,2025-01-29
6161,2630,794,2024-12-08
6162,2630,964,2024-11-07
6163,2630,1330,2024-12-16
6164,2631,34,2024-11-16
6165,2631,151,2024-05-13
6166,2631,929,2024-01-18
6167,2631,1167,2024-05-10
6168,2631,1242,2024-06-08
6169,2632,165,2023-12-12
6170,2632,933,2024-02-23
6171,2633,191,2024-05-29
6172,2633,231,2024-07-28
6173,2633,270,2024-03-24
6174,2633,638,2024-11-20
6175,2633,701,2023-12-14
6176,2633,826,2023-10-20
6177,2633,1250,2023-11-27
6178,2633,1434,2024-01-25
6179,2633,1478,2024-01-07
6180,2634,37,2024-09-23
6181,2634,649,2024-07-04
6182,2634,914,2024-11-28
6183,2634,1028,2024-01-08
6184,2635,138,2024-01-30
6185,2635,1080,2025-01-22
6186,2636,34,2024-02-12
6187,2636,192,2024-10-21
6188,2636,767,2024-08-26
6189,2637,156,2024-01-06
6190,2637,221,2023-12-09
6191,2637,344,2024-09-28
6192,2637,398,2024-07-22
6193,2637,679,2024-12-27
6194,2637,806,2024-07-06
6195,2638,1,2024-10-28
6196,2638,147,2024-02-11
6197,2638,467,2024-04-15
6198,2638,1273,2025-01-21
6199,2639,191,2024-01-23
6200,2639,1320,2024-06-12
6201,2639,1359,2024-10-31
6202,2640,97,2024-08-22
6203,2640,171,2024-10-26
6204,2640,348,2024-12-31
6205,2640,414,2023-11-21
6206,2640,460,2024-07-16
6207,2640,1247,2024-06-20
6208,2640,1332,2024-04-03
6209,2640,1423,2024-10-16
6210,2641,101,2025-02-11
6211,2641,192,2024-11-14
6212,2641,381,2024-10-30
6213,2641,455,2025-02-12
6214,2641,1349,2024-10-12
6215,2641,1499,2023-10-30
6216,2642,175,2024-05-14
6217,2642,197,2025-01-20
6218,2642,407,2024-06-22
6219,2642,802,2024-06-28
6220,2643,151,2024-05-04
6221,2643,156,2023-12-07
6222,2643,159,2024-09-17
6223,2643,288,2023-11-11
6224,2643,509,2024-05-23
6225,2643,655,2024-11-09
6226,2643,809,2024-09-06
6227,2643,960,2024-10-24
6228,2643,1207,2024-04-26
6229,2644,23,2024-12-15
6230,2644,204,2024-08-12
6231,2644,647,2024-01-13
6232,2644,686,2023-10-23
6233,2644,807,2024-09-09
6234,2644,833,2025-01-22
6235,2644,854,2025-02-09
6236,2644,1237,2024-07-21
6237,2645,81,2024-07-13
6238,2645,220,2023-12-10
6239,2645,363,2024-12-31
6240,2645,922,2024-09-18
6241,2645,1107,2024-12-09
6242,2645,1294,2024-03-04
6243,2645,1492,2024-02-23
6244,2646,192,2024-11-17
6245,2646,382,2023-11-27
6246,2647,110,2024-09-02
6247,2647,146,2023-12-24
6248,2647,583,2024-06-15
6249,2647,647,2024-08-25
6250,2648,38,2024-06-03
6251,2648,280,2024-05-16
6252,2648,1066,2023-12-18
6253,2648,1243,2024-06-11
6254,2649,93,2025-02-01
6255,2649,294,2024-07-03
6256,2649,443,2024-10-09
6257,2649,680,2023-12-15
6258,2649,1317,2024-04-17
6259,2649,1429,2024-08-18
6260,2650,56,2024-05-21
6261,2650,109,2024-08-11
6262,2650,357,2024-12-29
6263,2650,504,2024-07-19
6264,2650,549,2024-09-13
6265,2650,1398,2024-02-23
6266,2650,1466,2024-07-23
6267,2650,1480,2024-10-08
6268,2651,15,2024-03-21
6269,2651,175,2024-04-16
6270,2651,312,2024-09-22
6271,2651,952,2024-06-30
6272,2651,1022,2024-01-19
6273,2651,1064,2024-10-30
6274,2652,15,2024-09-29
6275,2652,911,2023-10-28
6276,2652,1360,2024-10-20
6277,2653,11,2024-12-13
6278,2653,16,2024-10-28
6279,2653,173,2024-01-05
6280,2653,545,2024-10-13
6281,2653,613,2024-05-07
6282,2653,649,2024-04-29
6283,2653,955,2024-04-25
6284,2653,998,2024-10-10
6285,2654,116,2024-12-13
6286,2654,890,2024-05-11
6287,2655,11,2024-07-19
6288,2655,825,2024-05-03
6289,2655,997,2024-11-14
6290,2655,1170,2024-01-15
6291,2656,156,2024-08-28
6292,2656,719,2025-01-07
6293,2656,1261,2024-04-18
6294,2657,175,2024-08-09
6295,2657,297,2024-12-17
6296,2657,509,2023-12-07
6297,2657,1260,2023-12-29
6298,2657,1405,2024-04-02
6299,2658,147,2024-06-05
6300,2658,270,2024-02-01
6301,2658,614,2024-03-25
6302,2658,657,2024-08-30
6303,2658,680,2024-07-05
6304,2658,786,2024-08-18
6305,2658,1320,2024-08-04
6306,2658,1394,2025-01-18
6307,2658,1455,2024-01-11
6308,2659,37,2024-04-12
6309,2659,147,2024-04-03
6310,2659,330,2024-02-11
6311,2659,362,2024-08-23
6312,2659,1041,2024-03-07
6313,2659,1161,2024-09-27
6314,2659,1312,2024-05-29
6315,2660,11,2024-09-05
6316,2660,521,2024-09-09
6317,2660,618,2023-10-24
6318,2660,633,2024-11-14
6319,2660,1232,2024-06-03
6320,2660,1421,2024-10-31
6321,2660,1498,2024-03-20
6322,2661,149,2025-01-15
6323,2661,711,2023-12-28
6324,2661,937,2024-08-11
6325,2661,1129,2025-01-03
6326,2661,1210,2024-08-26
6327,2661,1310,2023-10-31
6328,2662,165,2024-06-03
6329,2662,809,2024-03-05
6330,2662,940,2024-09-05
6331,2662,958,2024-06-19
6332,2662,1221,2024-01-01
6333,2662,1316,2024-11-14
6334,2662,1421,2024-08-31
6335,2663,66,2024-05-17
6336,2663,146,2024-05-23
6337,2663,367,2024-08-17
6338,2663,833,2024-03-23
6339,2663,889,2023-11-21
6340,2663,1366,2024-11-14
6341,2663,1498,2024-05-31
6342,2664,87,2024-08-08
6343,2664,88,2024-08-31
6344,2664,204,2024-05-09
6345,2664,1325,2024-06-24
6346,2664,1402,2023-10-31
6347,2665,15,2024-08-02
6348,2665,881,2023-10-21
6349,2665,1346,2024-07-29
6350,2666,33,2024-11-23
6351,2666,147,2024-08-19
6352,2666,190,2024-06-10
6353,2666,278,2024-03-25
6354,2666,284,2024-10-05
6355,2666,1403,2024-10-02
6356,2667,97,2024-06-30
6357,2667,334,2024-02-27
6358,2667,1038,2024-08-01
6359,2667,1168,2024-04-17
6360,2668,1,2024-10-05
6361,2668,11,2024-08-31
6362,2668,175,2024-12-28
6363,2668,229,2024-08-07
6364,2668,457,2024-03-13
6365,2668,638,2024-05-14
6366,2668,754,2024-03-09
6367,2668,783,2023-11-27
6368,2668,950,2024-07-06
6369,2669,169,2024-01-27
6370,2669,273,2024-12-03
6371,2669,295,2024-08-26
6372,2669,382,2024-12-03
6373,2669,662,2024-07-04
6374,2669,1118,2024-12-26
6375,2670,169,2024-03-22
6376,2670,307,2023-12-16
6377,2670,470,2024-05-17
6378,2670,802,2024-06-12
6379,2670,807,2024-02-21
6380,2670,1118,2024-03-15
6381,2671,37,2024-12-22
6382,2671,107,2024-06-10
6383,2671,336,2024-07-11
6384,2671,970,2025-02-14
6385,2671,1079,2024-09-06
6386,2671,1175,2024-04-12
6387,2671,1176,2024-02-02
6388,2672,123,2024-05-11
6389,2672,256,2024-10-29
6390,2672,336,2024-08-12
6391,2672,867,2024-07-20
6392,2672,1105,2024-12-06
6393,2673,129,2024-07-19
6394,2673,156,2023-12-13
6395,2673,921,2024-05-01
6396,2674,156,2024-03-17
6397,2674,499,2024-11-20
6398,2674,634,2024-08-14
6399,2674,661,2024-07-19
6400,2674,746,2023-11-03
6401,2674,836,2024-03-03
6402,2674,1159,2024-03-16
6403,2674,1361,2024-03-29
6404,2674,1426,2023-10-25
6405,2675,175,2024-11-28
6406,2675,223,2024-08-24
6407,2675,525,2024-01-13
6408,2675,583,2024-09-23
6409,2675,898,2024-09-11
6410,2675,1093,2024-07-09
6411,2675,1305,2024-12-05
6412,2675,1307,2024-05-08
6413,2676,47,2025-01-10
6414,2676,96,2023-10-25
6415,2676,255,2024-04-04
6416,2676,310,2024-01-15
6417,2676,365,2023-12-19
6418,2676,660,2024-12-20
6419,2676,1053,2025-01-16
6420,2677,23,2023-11-05
6421,2677,38,2024-01-11
6422,2677,626,2024-05-11
6423,2677,660,2023-12-30
6424,2677,944,2024-06-10
6425,2677,960,2023-11-09
6426,2678,58,2024-05-10
6427,2678,238,2024-05-11
6428,2678,246,2024-03-16
6429,2678,368,2024-07-29
6430,2678,1096,2024-08-23
6431,2678,1118,2025-01-23
6432,2678,1201,2023-11-20
6433,2678,1498,2023-10-29
6434,2679,156,2024-12-23
6435,2679,552,2024-07-24
6436,2679,1019,2024-01-19
6437,2679,1141,2024-03-06
6438,2679,1446,2024-07-19
6439,2679,1492,2024-12-19
6440,2680,30,2024-02-26
6441,2680,203,2024-04-20
6442,2680,561,2024-07-12
6443,2680,797,2023-12-12
6444,2680,877,2024-11-17
6445,2680,1149,2024-02-10
6446,2680,1385,2023-10-20
6447,2680,1499,2024-07-30
6448,2681,58,2025-01-11
6449,2681,379,2024-07-22
6450,2681,432,2024-08-08
6451,2681,930,2024-07-30
6452,2681,1123,2024-01-25
6453,2682,27,2025-01-09
6454,2682,54,2024-09-24
6455,2682,82,2024-12-04
6456,2682,532,2023-11-10
6457,2682,1035,2024-04-05
6458,2682,1149,2024-06-23
6459,2682,1182,2024-03-24
6460,2682,1368,2024-09-25
6461,2683,56,2024-12-10
6462,2683,496,2024-07-22
6463,2683,756,2024-07-28
6464,2683,771,2024-02-18
6465,2683,1361,2024-08-31
6466,2684,114,2024-08-19
6467,2684,146,2024-10-31
6468,2684,189,2024-06-18
6469,2684,220,2024-03-02
6470,2684,532,2024-12-19
6471,2684,999,2024-12-30
6472,2684,1260,2024-11-03
6473,2685,138,2023-12-13
6474,2685,199,2024-07-29
6475,2685,319,2024-04-14
6476,2685,688,2024-05-19
6477,2685,978,2025-01-05
6478,2685,1057,2024-02-18
6479,2685,1283,2023-10-27
6480,2686,58,2024-01-04
6481,2686,289,2025-02-04
6482,2686,366,2024-06-04
6483,2686,504,2024-11-26
6484,2686,643,2024-04-26
6485,2686,656,2025-01-30
6486,2687,169,2023-10-26
6487,2687,285,2023-11-13
6488,2687,622,2023-10-20
6489,2687,1389,2024-02-05
6490,2688,155,2023-11-12
6491,2688,175,2024-10-01
6492,2688,593,2024-04-13
6493,2689,191,2024-10-22
6494,2689,1072,2024-05-06
6495,2689,1104,2024-11-12
6496,2689,1320,2024-10-01
6497,2690,83,2024-05-13
6498,2690,169,2023-12-11
6499,2690,192,2024-08-18
6500,2690,1250,2025-01-16
6501,2690,1498,2025-01-07
6502,2691,97,2024-11-21
6503,2691,468,2024-08-20
6504,2691,473,2024-04-19
6505,2691,479,2024-09-14
6506,2691,693,2024-02-01
6507,2691,881,2023-10-28
6508,2691,955,2025-01-28
6509,2691,1373,2024-04-20
6510,2692,13,2024-05-05
6511,2692,191,2024-03-17
6512,2692,460,2023-12-08
6513,2692,845,2024-07-31
6514,2693,81,2024-03-01
6515,2693,146,2024-11-15
6516,2693,192,2024-08-04
6517,2693,199,2024-01-26
6518,2693,331,2024-12-15
6519,2693,362,2024-05-31
6520,2693,480,2024-07-23
6521,2694,122,2024-09-24
6522,2694,163,2024-12-25
6523,2694,308,2025-01-21
6524,2694,441,2024-03-18
6525,2694,752,2024-05-28
6526,2695,13,2024-06-05
6527,2695,1277,2024-08-06
6528,2695,1294,2023-11-15
6529,2696,81,2024-07-03
6530,2696,385,2024-11-12
6531,2696,646,2024-06-21
6532,2696,741,2025-01-29
6533,2696,796,2024-10-23
6534,2696,898,2025-01-29
6535,2696,1234,2023-10-29
6536,2697,15,2024-09-18
6537,2697,401,2023-12-19
6538,2697,689,2024-07-17
6539,2697,1062,2024-06-17
6540,2697,1498,2024-01-10
6541,2698,109,2024-05-19
6542,2698,180,2025-01-11
6543,2698,204,2024-09-13
6544,2698,266,2024-12-04
6545,2698,583,2023-11-06
6546,2698,1093,2023-11-04
6547,2698,1422,2023-12-16
6548,2699,37,2024-09-07
6549,2699,232,2024-11-07
6550,2699,426,2024-02-01
6551,2699,706,2024-05-25
6552,2699,820,2024-04-27
6553,2699,1242,2025-01-16
6554,2699,1339,2024-10-06
6555,2699,1486,2023-12-21
6556,2700,156,2023-11-13
6557,2700,588,2024-02-15
6558,2700,1153,2024-03-06
6559,2700,1283,2025-02-01
6560,2700,1438,2024-03-19
6561,2701,11,2024-03-23
6562,2701,133,2024-02-26
6563,2701,291,2023-12-26
6564,2701,500,2024-08-22
6565,2701,604,2024-08-19
6566,2701,762,2025-02-11
6567,2701,1250,2023-11-11
6568,2701,1316,2024-05-08
6569,2701,1471,2024-06-23
6570,2702,32,2024-03-08
6571,2702,80,2024-09-24
6572,2702,156,2024-04-12
6573,2702,334,2024-05-23
6574,2702,383,2024-08-01
6575,2702,935,2025-01-24
6576,2703,135,2025-02-06
6577,2703,147,2024-05-12
6578,2703,1405,2024-12-12
6579,2704,14,2025-01-31
6580,2704,199,2024-04-28
6581,2704,732,2024-01-12
6582,2704,890,2024-03-22
6583,2704,1070,2025-02-12
6584,2705,34,2023-11-08
6585,2705,242,2024-04-30
6586,2705,267,2023-12-31
6587,2705,516,2024-11-26
6588,2705,727,2024-11-21
6589,2705,1045,2023-12-23
6590,2705,1046,2023-12-18
6591,2705,1333,2024-04-02
6592,2705,1443,2025-01-28
6593,2706,34,2024-04-13
6594,2706,290,2024-08-27
6595,2706,1275,2024-08-20
6596,2706,1379,2024-05-30
6597,2706,1475,2025-01-08
6598,2707,123,2024-06-20
6599,2707,351,2023-12-29
6600,2707,525,2024-03-29
6601,2707,601,2025-02-08
6602,2707,647,2024-05-24
6603,2707,1140,2024-11-16
6604,2708,204,2024-01-19
6605,2708,317,2024-01-22
6606,2708,790,2025-02-11
6607,2708,1397,2024-12-30
6608,2709,149,2024-01-20
6609,2709,225,2023-12-22
6610,2709,307,2024-08-26
6611,2709,380,2023-10-24
6612,2709,390,2024-04-06
6613,2709,833,2024-02-17
6614,2709,944,2024-02-07
6615,2709,1136,2025-02-08
6616,2709,1487,2024-09-09
6617,2710,34,2024-09-15
6618,2710,856,2024-09-21
6619,2710,1325,2024-03-18
6620,2711,34,2024-06-01
6621,2711,125,2024-11-29
6622,2711,298,2023-11-04
6623,2711,671,2024-02-29
6624,2711,767,2024-07-01
6625,2711,770,2024-03-25
6626,2711,1004,2024-06-21
6627,2711,1029,2025-01-23
6628,2711,1500,2024-05-06
6629,2712,37,2024-03-23
6630,2712,42,2024-07-23
6631,2712,692,2024-03-15
6632,2712,785,2024-10-04
6633,2712,1100,2024-11-25
6634,2712,1397,2024-04-03
6635,2712,1428,2024-04-27
6636,2713,35,2024-08-20
6637,2713,52,2024-02-11
6638,2713,82,2024-08-22
6639,2714,49,2024-05-30
6640,2714,81,2024-04-04
6641,2714,93,2024-01-15
6642,2714,471,2023-12-08
6643,2714,922,2024-12-27
6644,2714,1294,2024-12-14
6645,2715,203,2024-12-11
6646,2715,799,2024-02-15
6647,2715,1082,2024-07-19
6648,2715,1132,2024-02-12
6649,2715,1134,2024-03-28
6650,2715,1152,2023-10-23
6651,2716,38,2024-06-26
6652,2716,500,2024-12-18
6653,2716,905,2023-11-30
6654,2716,945,2023-12-29
6655,2716,1056,2024-03-15
6656,2716,1232,2024-04-07
6657,2716,1248,2024-10-27
6658,2716,1369,2024-04-15
6659,2717,15,2024-02-08
6660,2717,887,2023-12-11
6661,2717,929,2024-01-13
6662,2718,15,2024-10-13
6663,2718,504,2024-12-17
6664,2718,597,2025-01-03
6665,2718,1161,2025-01-22
6666,2718,1260,2024-08-20
6667,2718,1404,2023-11-17
6668,2719,125,2023-10-21
6669,2719,609,2024-11-02
6670,2720,199,2024-02-24
6671,2720,670,2024-05-08
6672,2721,96,2023-12-24
6673,2721,229,2024-09-21
6674,2721,1103,2024-01-22
6675,2722,204,2025-02-15
6676,2722,207,2023-12-05
6677,2722,311,2025-02-07
6678,2722,357,2025-01-06
6679,2722,532,2023-11-23
6680,2722,535,2025-02-06
6681,2723,192,2024-10-21
6682,2723,805,2024-11-21
6683,2723,1255,2024-06-17
6684,2724,56,2024-02-18
6685,2724,107,2025-02-03
6686,2724,169,2024-11-21
6687,2724,902,2024-09-11
6688,2724,1054,2024-01-01
6689,2725,85,2024-09-08
6690,2725,97,2024-06-13
6691,2725,142,2024-06-29
6692,2725,379,2024-01-08
6693,2725,516,2024-05-24
6694,2725,912,2024-11-18
6695,2725,1360,2024-03-06
6696,2726,34,2024-07-20
6697,2726,273,2024-09-12
6698,2726,686,2024-07-25
6699,2726,1237,2024-10-28
6700,2727,125,2024-02-23
6701,2727,247,2024-08-31
6702,2727,636,2024-04-14
6703,2727,671,2024-07-30
6704,2727,766,2024-04-01
6705,2727,922,2024-10-18
6706,2727,956,2024-09-29
6707,2727,1003,2024-04-01
6708,2728,191,2024-07-29
6709,2728,542,2024-04-03
6710,2728,666,2024-01-15
6711,2729,11,2024-01-20
6712,2729,356,2024-08-14
6713,2729,361,2024-09-26
6714,2729,517,2024-03-24
6715,2729,734,2024-01-15
6716,2729,829,2024-10-02
6717,2729,923,2024-12-23
6718,2729,1166,2024-04-14
6719,2730,12,2023-12-30
6720,2730,83,2024-10-18
6721,2730,116,2025-01-01
6722,2730,291,2024-03-28
6723,2730,1002,2023-12-10
6724,2730,1326,2024-05-14
6725,2730,1388,2023-12-18
6726,2731,9,2024-07-03
6727,2731,15,2024-04-04
6728,2731,174,2024-06-26
6729,2731,362,2024-04-25
6730,2731,528,2024-08-29
6731,2731,617,2023-12-02
6732,2731,827,2024-06-05
6733,2732,125,2023-11-23
6734,2732,470,2023-11-17
6735,2732,727,2024-04-09
6736,2732,1022,2025-01-31
6737,2732,1113,2023-11-15
6738,2733,156,2024-07-16
6739,2733,255,2024-12-29
6740,2733,485,2024-09-10
6741,2733,960,2023-11-13
6742,2733,1105,2024-04-22
6743,2733,1287,2024-03-25
6744,2734,15,2024-08-21
6745,2734,340,2023-12-06
6746,2734,429,2024-02-29
6747,2734,570,2024-06-05
6748,2734,664,2024-06-08
6749,2734,791,2024-03-25
6750,2735,56,2024-03-05
6751,2735,59,2024-06-17
6752,2735,630,2024-02-14
6753,2735,1072,2024-11-14
6754,2735,1493,2024-04-24
6755,2736,163,2024-09-10
6756,2736,595,2024-02-06
6757,2736,942,2024-04-19
6758,2737,116,2024-11-18
6759,2737,563,2023-12-31
6760,2737,805,2024-03-20
6761,2738,97,2024-05-31
6762,2738,204,2025-01-09
6763,2738,291,2024-07-16
6764,2738,562,2024-10-28
6765,2738,671,2024-11-03
6766,2738,1004,2024-12-29
6767,2738,1077,2024-10-28
6768,2739,203,2024-03-19
6769,2739,788,2023-12-16
6770,2739,1101,2024-12-19
6771,2740,69,2024-11-27
6772,2740,93,2024-12-25
6773,2740,752,2024-06-12
6774,2740,796,2023-12-19
6775,2740,1025,2024-04-19
6776,2740,1039,2024-08-12
6777,2740,1114,2024-03-21
6778,2740,1121,2024-10-13
6779,2741,25,2024-12-05
6780,2741,156,2024-08-07
6781,2741,429,2024-06-11
6782,2741,807,2024-01-30
6783,2741,871,2024-03-01
6784,2741,1082,2024-03-16
6785,2742,204,2024-12-26
6786,2742,555,2025-01-23
6787,2742,1261,2024-08-23
6788,2742,1320,2024-02-01
6789,2743,123,2023-11-07
6790,2743,337,2024-04-07
6791,2743,467,2024-02-15
6792,2743,912,2024-06-26
6793,2744,191,2024-07-07
6794,2744,517,2024-07-19
6795,2744,548,2023-11-04
6796,2744,1097,2024-02-10
6797,2744,1250,2024-01-27
6798,2744,1431,2023-12-22
6799,2745,38,2024-07-17
6800,2745,156,2024-02-08
6801,2745,307,2024-05-22
6802,2745,426,2023-12-01
6803,2745,878,2025-01-09
6804,2745,970,2024-11-26
6805,2745,1118,2023-11-24
6806,2746,38,2024-10-06
6807,2746,349,2024-01-30
6808,2746,533,2024-02-19
6809,2746,1060,2024-12-15
6810,2746,1100,2024-09-13
6811,2746,1136,2024-07-12
6812,2747,82,2025-02-01
6813,2747,1027,2024-08-22
6814,2748,11,2024-01-21
6815,2748,330,2024-05-25
6816,2748,657,2025-02-10
6817,2748,677,2023-11-08
6818,2748,855,2024-07-08
6819,2748,972,2024-06-18
6820,2749,85,2024-07-05
6821,2749,203,2024-07-19
6822,2749,992,2025-01-17
6823,2749,1381,2024-01-17
6824,2750,38,2024-12-08
6825,2750,65,2025-01-29
6826,2750,176,2024-07-31
6827,2750,489,2023-11-23
6828,2750,704,2024-04-17
6829,2751,163,2024-11-29
6830,2751,915,2024-01-17
6831,2752,147,2024-06-21
6832,2752,174,2024-07-24
6833,2752,594,2024-06-19
6834,2753,123,2024-01-28
6835,2753,163,2023-10-24
6836,2753,254,2024-03-14
6837,2753,671,2024-12-16
6838,2753,732,2024-07-30
6839,2753,753,2024-05-29
6840,2753,1020,2024-01-22
6841,2753,1090,2024-03-29
6842,2754,149,2024-10-04
6843,2754,402,2023-11-21
6844,2754,1095,2024-03-28
6845,2754,1402,2024-01-20
6846,2755,57,2023-12-21
6847,2755,199,2024-06-03
6848,2755,232,2024-10-08
6849,2755,334,2024-03-24
6850,2755,684,2024-05-16
6851,2755,1446,2024-04-04
6852,2756,13,2024-12-18
6853,2756,38,2024-09-22
6854,2756,362,2024-02-05
6855,2756,539,2025-02-05
6856,2756,602,2024-04-04
6857,2756,673,2024-10-27
6858,2756,891,2024-02-12
6859,2756,1130,2024-06-23
6860,2757,34,2024-12-08
6861,2757,88,2024-12-05
6862,2757,1133,2024-11-24
6863,2757,1407,2024-07-08
6864,2757,1467,2023-11-14
6865,2758,93,2023-12-10
6866,2758,438,2024-07-08
6867,2758,542,2024-08-04
6868,2758,661,2025-01-04
6869,2758,673,2023-12-13
6870,2758,720,2024-04-19
6871,2758,927,2024-05-24
6872,2758,961,2024-10-05
6873,2758,1155,2024-06-20
6874,2758,1165,2024-01-24
6875,2758,1204,2024-03-17
6876,2758,1361,2024-03-10
6877,2759,96,2025-01-07
6878,2759,1193,2024-05-02
6879,2760,23,2024-06-30
6880,2760,125,2023-12-03
6881,2760,136,2024-10-30
6882,2760,1082,2024-06-21
6883,2761,149,2024-06-02
6884,2761,639,2024-11-03
6885,2761,1395,2024-04-30
6886,2762,149,2025-02-08
6887,2762,323,2024-01-11
6888,2762,524,2024-08-18
6889,2762,771,2024-12-07
6890,2762,1353,2024-05-10
6891,2762,1374,2024-08-16
6892,2762,1428,2025-02-08
6893,2763,146,2023-11-22
6894,2763,825,2024-03-26
6895,2763,1279,2024-02-11
6896,2764,11,2024-02-04
6897,2764,414,2024-12-09
6898,2764,917,2024-05-09
6899,2764,1160,2023-12-28
6900,2765,38,2024-08-15
6901,2765,302,2024-08-24
6902,2765,1282,2024-08-09
6903,2766,138,2024-02-28
6904,2766,175,2025-01-16
6905,2766,353,2024-04-29
6906,2766,904,2024-09-06
6907,2767,169,2024-11-29
6908,2767,227,2024-05-27
6909,2767,290,2024-03-02
6910,2767,323,2025-01-25
6911,2767,423,2024-04-11
6912,2767,508,2023-11-15
6913,2767,1374,2024-08-27
6914,2768,19,2024-08-15
6915,2768,81,2024-08-09
6916,2768,394,2024-08-14
6917,2768,732,2024-11-27
6918,2768,777,2023-11-03
6919,2768,1111,2024-10-07
6920,2768,1151,2023-11-07
6921,2768,1384,2023-12-16
6922,2768,1397,2023-11-13
6923,2769,2,2024-07-18
6924,2769,204,2024-08-19
6925,2769,420,2024-07-29
6926,2769,1429,2024-04-11
6927,2770,34,2024-06-21
6928,2770,224,2024-02-13
6929,2770,662,2024-08-10
6930,2770,1103,2023-10-28
6931,2771,56,2024-07-18
6932,2771,273,2025-01-25
6933,2771,1490,2024-02-16
6934,2772,110,2024-12-19
6935,2772,149,2025-02-07
6936,2772,169,2024-10-04
6937,2772,1038,2024-10-16
6938,2772,1201,2024-04-11
6939,2772,1476,2024-01-11
6940,2772,1498,2023-12-07
6941,2773,11,2024-10-14
6942,2773,144,2023-12-02
6943,2773,309,2024-07-22
6944,2773,437,2024-08-19
6945,2773,681,2024-05-16
6946,2773,1022,2024-09-23
6947,2773,1401,2024-07-13
6948,2774,146,2024-03-16
6949,2774,156,2025-01-25
6950,2774,297,2024-03-15
6951,2774,1473,2024-01-15
6952,2775,11,2024-09-17
6953,2775,200,2024-03-18
6954,2775,561,2024-05-06
6955,2775,728,2024-03-09
6956,2775,992,2024-10-30
6957,2775,1074,2025-02-11
6958,2775,1123,2024-07-09
6959,2775,1312,2024-11-20
6960,2775,1378,2024-07-10
6961,2776,138,2024-03-20
6962,2776,173,2024-09-01
6963,2776,196,2024-11-07
6964,2776,410,2025-02-11
6965,2776,575,2025-01-23
6966,2776,692,2024-12-22
6967,2776,841,2024-09-27
6968,2776,1012,2024-08-29
6969,2777,138,2024-10-24
6970,2777,342,2024-06-10
6971,2777,428,2024-08-13
6972,2777,709,2024-04-26
6973,2777,1261,2024-05-31
6974,2777,1492,2024-01-15
6975,2778,175,2024-08-02
6976,2778,554,2025-01-28
6977,2778,680,2025-01-10
6978,2778,861,2024-04-26
6979,2778,1061,2024-12-14
6980,2778,1437,2024-11-19
6981,2779,37,2025-01-17
6982,2779,107,2024-06-27
6983,2779,446,2024-04-05
6984,2779,772,2024-09-09
6985,2779,1100,2024-10-17
6986,2779,1146,2024-08-07
6987,2779,1188,2024-04-15
6988,2780,56,2024-11-09
6989,2780,1396,2024-07-12
6990,2781,199,2023-12-23
6991,2781,961,2025-02-15
6992,2782,96,2024-07-11
6993,2782,511,2024-11-02
6994,2782,777,2023-12-15
6995,2783,34,2024-12-24
6996,2783,109,2024-08-18
6997,2783,245,2023-11-15
6998,2783,351,2024-01-19
6999,2783,565,2024-01-01
7000,2783,583,2023-11-25
7001,2783,682,2024-06-01
7002,2783,1336,2024-11-04
7003,2784,203,2024-08-13
7004,2784,693,2024-06-12
7005,2784,718,2024-10-28
7006,2784,731,2024-07-21
7007,2784,1047,2024-08-26
7008,2784,1119,2024-09-22
7009,2785,56,2025-01-21
7010,2785,503,2024-09-23
7011,2785,595,2024-12-26
7012,2785,1171,2024-09-07
7013,2786,11,2024-12-22
7014,2786,439,2023-11-26
7015,2786,986,2024-12-12
7016,2786,1407,2023-12-29
7017,2787,93,2024-03-21
7018,2787,328,2024-07-16
7019,2787,364,2024-07-22
7020,2787,686,2024-01-24
7021,2787,778,2024-09-11
7022,2787,807,2024-08-26
7023,2787,1128,2025-01-26
7024,2788,37,2025-01-02
7025,2788,178,2024-06-07
7026,2788,204,2025-01-22
7027,2788,221,2023-11-30
7028,2788,724,2024-06-12
7029,2788,1072,2023-10-27
7030,2788,1385,2025-02-05
7031,2789,14,2024-04-05
7032,2789,58,2024-11-07
7033,2789,990,2024-08-12
7034,2790,15,2024-07-16
7035,2790,79,2024-03-21
7036,2790,237,2025-01-30
7037,2790,677,2024-03-02
7038,2790,894,2025-02-04
7039,2790,1045,2024-04-05
7040,2790,1161,2024-12-08
7041,2791,169,2023-12-09
7042,2791,222,2024-11-27
7043,2791,239,2024-03-04
7044,2791,834,2024-11-29
7045,2791,922,2025-02-05
7046,2791,1165,2024-02-02
7047,2791,1452,2024-05-24
7048,2792,165,2024-06-30
7049,2792,465,2024-11-12
7050,2792,1080,2025-01-09
7051,2792,1476,2024-01-09
7052,2793,37,2024-07-13
7053,2793,577,2024-05-07
7054,2793,1013,2024-07-13
7055,2794,81,2023-12-12
7056,2794,196,2023-12-01
7057,2794,391,2024-01-21
7058,2794,814,2024-10-25
7059,2794,916,2024-02-08
7060,2795,81,2024-09-10
7061,2795,193,2023-11-04
7062,2795,659,2024-02-04
7063,2795,1012,2024-07-16
7064,2795,1045,2024-07-03
7065,2796,125,2024-04-11
7066,2796,307,2024-11-08
7067,2796,631,2024-05-29
7068,2796,734,2024-12-27
7069,2796,970,2024-07-20
7070,2796,1250,2023-12-17
7071,2796,1251,2024-11-19
7072,2797,56,2023-11-30
7073,2797,295,2024-08-10
7074,2797,426,2024-02-22
7075,2797,535,2024-08-27
7076,2797,627,2024-06-27
7077,2797,833,2024-12-20
7078,2797,960,2024-07-21
7079,2797,1498,2023-11-29
7080,2798,15,2024-03-08
7081,2798,109,2025-02-14
7082,2798,357,2025-01-31
7083,2798,451,2024-04-09
7084,2798,753,2024-08-10
7085,2798,1093,2023-10-25
7086,2799,96,2025-01-16
7087,2799,123,2024-12-13
7088,2799,504,2023-10-31
7089,2799,552,2024-10-31
7090,2799,1087,2024-11-30
7091,2799,1104,2024-08-31
7092,2800,165,2024-09-20
7093,2800,514,2025-01-31
7094,2800,734,2025-01-05
7095,2800,1250,2024-12-24
7096,2800,1450,2024-10-22
7097,2801,146,2024-08-08
7098,2801,390,2024-09-06
7099,2801,709,2024-12-26
7100,2801,843,2024-01-13
7101,2801,893,2024-12-19
7102,2801,1047,2023-12-12
7103,2801,1211,2024-06-03
7104,2802,156,2024-06-15
7105,2802,319,2024-08-10
7106,2802,349,2023-11-13
7107,2802,1029,2024-04-26
7108,2802,1192,2024-03-29
7109,2802,1204,2024-01-03
7110,2803,82,2024-08-01
7111,2803,175,2025-01-03
7112,2803,210,2024-05-24
7113,2803,319,2025-02-04
7114,2803,994,2024-05-23
7115,2804,123,2024-08-14
7116,2804,199,2024-02-03
7117,2804,219,2024-02-10
7118,2804,254,2024-12-14
7119,2804,274,2024-11-27
7120,2804,291,2024-04-28
7121,2805,11,2023-12-04
7122,2805,31,2024-09-05
7123,2805,93,2024-12-17
7124,2805,191,2024-09-20
7125,2805,1131,2024-03-28
7126,2805,1291,2024-11-04
7127,2806,191,2024-07-04
7128,2806,497,2024-07-21
7129,2806,664,2024-11-07
7130,2806,1035,2023-10-30
7131,2806,1149,2024-11-09
7132,2806,1368,2024-10-23
7133,2807,39,2024-06-13
7134,2807,125,2024-11-06
7135,2807,428,2023-10-26
7136,2807,597,2024-11-16
7137,2807,796,2024-12-21
7138,2807,1299,2024-09-26
7139,2807,1430,2024-03-31
7140,2808,116,2024-01-27
7141,2808,832,2023-12-23
7142,2808,1044,2024-09-28
7143,2808,1367,2024-05-09
7144,2809,138,2023-10-30
7145,2809,500,2024-11-05
7146,2809,957,2024-11-04
7147,2809,1093,2023-12-21
7148,2809,1153,2023-12-21
7149,2809,1260,2024-08-09
7150,2810,40,2024-02-20
7151,2810,97,2024-11-26
7152,2810,132,2024-08-14
7153,2810,720,2023-11-29
7154,2811,204,2023-10-25
7155,2811,438,2024-02-24
7156,2811,1087,2025-01-01
7157,2812,13,2024-07-18
7158,2812,58,2023-12-23
7159,2812,201,2024-12-29
7160,2812,270,2024-08-08
7161,2812,727,2024-06-18
7162,2812,835,2024-03-25
7163,2812,1107,2023-12-27
7164,2812,1359,2024-09-14
7165,2813,81,2025-01-05
7166,2813,99,2024-03-29
7167,2813,259,2024-04-15
7168,2813,331,2023-12-21
7169,2813,702,2024-02-21
7170,2813,1107,2024-10-24
7171,2813,1281,2024-05-25
7172,2814,38,2023-11-10
7173,2814,125,2024-08-08
7174,2814,373,2023-11-19
7175,2814,599,2024-10-07
7176,2814,1018,2024-07-17
7177,2814,1032,2024-04-04
7178,2814,1057,2024-12-16
7179,2814,1310,2024-07-19
7180,2814,1336,2024-12-01
7181,2815,56,2023-12-10
7182,2815,731,2024-12-31
7183,2815,833,2024-07-03
7184,2815,889,2024-10-21
7185,2815,1152,2023-12-21
7186,2815,1401,2023-11-10
7187,2815,1421,2024-03-13
7188,2816,163,2024-04-04
7189,2816,221,2023-11-20
7190,2816,419,2025-01-12
7191,2816,588,2023-12-28
7192,2816,796,2024-03-21
7193,2816,1114,2024-02-05
7194,2817,149,2024-10-19
7195,2817,203,2024-06-12
7196,2817,281,2024-02-02
7197,2817,389,2024-05-12
7198,2817,782,2023-11-24
7199,2817,865,2025-01-25
7200,2818,38,2024-04-12
7201,2818,182,2025-02-08
7202,2818,204,2024-10-10
7203,2818,420,2024-11-30
7204,2818,757,2024-11-25
7205,2818,1277,2024-07-17
7206,2818,1351,2024-06-30
7207,2819,165,2024-02-02
7208,2819,588,2024-05-01
7209,2819,925,2024-11-10
7210,2820,81,2024-05-12
7211,2820,82,2023-12-30
7212,2821,97,2025-01-30
7213,2821,207,2024-06-01
7214,2821,338,2023-11-29
7215,2821,696,2024-02-08
7216,2821,711,2024-10-07
7217,2821,729,2024-04-15
7218,2821,1260,2024-07-06
7219,2821,1437,2024-10-22
7220,2822,13,2024-08-21
7221,2822,24,2024-05-12
7222,2822,37,2024-08-05
7223,2822,272,2024-02-22
7224,2822,414,2024-02-04
7225,2822,845,2024-04-17
7226,2822,1174,2024-02-20
7227,2822,1480,2024-12-01
7228,2823,33,2024-08-31
7229,2823,35,2023-11-19
7230,2823,147,2024-10-14
7231,2823,209,2023-10-23
7232,2823,273,2024-09-04
7233,2823,295,2024-04-07
7234,2823,616,2024-07-24
7235,2823,635,2024-04-01
7236,2823,763,2025-01-09
7237,2823,794,2024-11-07
7238,2823,1175,2024-12-23
7239,2824,98,2024-05-27
7240,2824,191,2023-12-05
7241,2824,300,2024-04-24
7242,2824,853,2024-09-08
7243,2825,160,2024-03-17
7244,2825,175,2024-06-06
7245,2825,585,2024-09-24
7246,2825,1476,2024-02-23
7247,2826,147,2023-12-03
7248,2826,1367,2024-09-17
7249,2827,82,2024-04-08
7250,2827,321,2025-01-02
7251,2827,461,2024-05-04
7252,2827,671,2024-12-13
7253,2827,811,2024-04-29
7254,2827,853,2024-02-19
7255,2827,1258,2024-08-14
7256,2828,38,2024-06-25
7257,2828,556,2024-08-05
7258,2828,996,2024-01-23
7259,2828,1046,2024-04-19
7260,2828,1159,2024-04-14
7261,2828,1179,2024-11-27
7262,2828,1206,2025-01-11
7263,2829,191,2023-12-18
7264,2829,756,2023-12-10
7265,2829,826,2024-05-01
7266,2829,938,2024-03-16
7267,2829,1226,2024-02-23
7268,2829,1258,2024-05-08
7269,2829,1283,2024-10-01
7270,2830,56,2024-08-29
7271,2830,383,2023-11-10
7272,2830,453,2024-09-21
7273,2830,610,2023-12-27
7274,2830,629,2024-12-22
7275,2830,848,2024-07-06
7276,2830,877,2025-01-28
7277,2830,934,2024-02-19
7278,2830,939,2024-06-17
7279,2830,1210,2024-06-24
7280,2830,1385,2024-01-21
7281,2831,94,2024-06-09
7282,2831,102,2023-11-03
7283,2831,169,2024-12-30
7284,2831,1421,2024-01-09
7285,2831,1498,2024-07-24
7286,2832,125,2024-08-19
7287,2832,463,2024-05-22
7288,2832,842,2024-11-15
7289,2832,1140,2024-09-16
7290,2832,1249,2024-04-30
7291,2832,1281,2024-05-16
7292,2832,1467,2023-10-22
7293,2833,116,2024-04-12
7294,2833,507,2025-01-30
7295,2833,588,2024-02-24
7296,2834,203,2024-03-19
7297,2834,352,2024-01-18
7298,2834,390,2024-07-12
7299,2834,506,2023-12-01
7300,2834,525,2024-04-30
7301,2834,957,2024-12-06
7302,2834,983,2024-02-27
7303,2834,1481,2024-02-28
7304,2834,1499,2023-11-24
7305,2835,96,2024-12-11
7306,2835,125,2024-10-14
7307,2835,231,2024-10-03
7308,2835,519,2024-05-18
7309,2835,1059,2023-11-28
7310,2835,1143,2023-11-06
7311,2835,1262,2025-01-19
7312,2835,1373,2023-12-12
7313,2836,116,2024-09-03
7314,2836,313,2024-10-10
7315,2837,96,2024-06-12
7316,2837,109,2025-02-16
7317,2837,156,2024-04-02
7318,2837,395,2024-09-08
7319,2837,1438,2025-01-18
7320,2838,169,2024-02-01
7321,2838,535,2024-04-08
7322,2838,764,2024-07-20
7323,2838,768,2025-01-08
7324,2838,923,2024-12-11
7325,2838,1079,2024-09-09
7326,2838,1244,2025-02-01
7327,2839,81,2024-03-21
7328,2839,477,2024-05-16
7329,2839,491,2024-12-17
7330,2839,788,2024-03-03
7331,2839,865,2023-11-10
7332,2839,1127,2024-04-28
7333,2839,1145,2023-12-22
7334,2840,192,2023-11-08
7335,2840,321,2024-01-24
7336,2840,384,2024-09-26
7337,2840,596,2024-08-01
7338,2840,848,2024-07-25
7339,2840,1095,2023-10-20
7340,2841,93,2023-12-28
7341,2841,511,2024-06-27
7342,2841,771,2024-02-06
7343,2841,840,2023-10-24
7344,2841,938,2024-03-03
7345,2841,1361,2024-01-01
7346,2841,1384,2024-06-25
7347,2841,1413,2024-05-21
7348,2842,146,2024-02-03
7349,2842,156,2024-05-23
7350,2842,511,2023-12-27
7351,2842,646,2025-02-09
7352,2842,790,2024-12-31
7353,2842,850,2024-07-06
7354,2842,1284,2025-01-08
7355,2843,23,2023-12-11
7356,2843,34,2024-03-02
7357,2843,379,2024-09-08
7358,2843,960,2024-02-29
7359,2843,1058,2024-09-30
7360,2843,1173,2024-03-06
7361,2844,149,2024-06-08
7362,2844,865,2023-12-18
7363,2844,1219,2024-07-16
7364,2845,93,2024-11-09
7365,2845,116,2024-08-11
7366,2845,1018,2024-02-14
7367,2845,1068,2024-08-18
7368,2845,1381,2024-03-30
7369,2846,116,2024-11-29
7370,2846,193,2024-02-05
7371,2846,363,2025-02-05
7372,2846,391,2023-10-31
7373,2846,1063,2024-08-09
7374,2847,56,2024-05-17
7375,2847,196,2024-08-09
7376,2847,376,2024-12-01
7377,2847,498,2023-11-11
7378,2847,860,2024-05-21
7379,2847,1109,2024-06-29
7380,2847,1278,2024-05-12
7381,2847,1456,2024-03-01
7382,2848,147,2024-10-09
7383,2848,550,2024-11-10
7384,2849,76,2025-01-02
7385,2849,96,2025-01-31
7386,2849,313,2024-09-21
7387,2849,686,2025-01-02
7388,2849,1366,2024-08-25
7389,2849,1408,2024-09-04
7390,2850,2,2024-10-08
7391,2850,96,2025-02-01
7392,2850,701,2023-10-21
7393,2851,190,2024-08-06
7394,2851,203,2024-01-16
7395,2851,321,2024-01-16
7396,2851,878,2024-07-04
7397,2851,1149,2024-07-20
7398,2852,13,2024-11-13
7399,2852,120,2025-01-01
7400,2852,163,2024-03-10
7401,2852,385,2025-02-11
7402,2852,694,2024-08-29
7403,2852,928,2024-07-06
7404,2853,84,2024-06-08
7405,2853,192,2024-11-14
7406,2853,205,2024-03-06
7407,2853,517,2025-01-08
7408,2853,548,2024-03-31
7409,2853,631,2024-11-09
7410,2853,1179,2024-04-16
7411,2853,1353,2023-12-16
7412,2853,1366,2024-12-31
7413,2854,15,2024-10-15
7414,2854,1158,2024-02-18
7415,2854,1271,2024-12-18
7416,2855,109,2024-12-18
7417,2855,114,2024-11-15
7418,2855,123,2024-04-05
7419,2855,253,2024-07-21
7420,2855,583,2024-11-06
7421,2855,923,2025-01-19
7422,2855,1093,2024-06-08
7423,2856,38,2023-12-28
7424,2856,47,2024-12-26
7425,2856,161,2024-06-27
7426,2856,194,2023-12-22
7427,2856,227,2024-06-08
7428,2856,836,2024-03-04
7429,2856,1360,2025-01-16
7430,2857,203,2024-01-28
7431,2857,218,2023-10-30
7432,2857,613,2024-09-12
7433,2857,671,2024-05-24
7434,2857,702,2024-12-05
7435,2857,732,2024-07-29
7436,2857,1004,2024-08-01
7437,2857,1278,2023-12-20
7438,2858,13,2024-11-26
7439,2858,185,2023-12-13
7440,2858,397,2024-11-10
7441,2858,847,2024-05-03
7442,2858,867,2024-12-22
7443,2858,940,2024-12-19
7444,2859,59,2024-12-13
7445,2859,128,2024-03-06
7446,2859,138,2024-11-20
7447,2859,186,2024-10-23
7448,2859,352,2024-11-15
7449,2859,783,2024-12-17
7450,2859,1361,2023-11-06
7451,2859,1486,2024-01-31
7452,2860,81,2024-03-24
7453,2860,117,2025-02-15
7454,2860,183,2024-02-03
7455,2860,748,2024-08-17
7456,2860,979,2024-07-03
7457,2860,1010,2024-11-12
7458,2860,1404,2024-07-13
7459,2860,1478,2025-01-23
7460,2861,147,2023-11-22
7461,2861,369,2024-07-05
7462,2861,1125,2024-06-28
7463,2861,1196,2024-02-02
7464,2862,116,2024-07-26
7465,2862,388,2024-06-16
7466,2862,391,2024-06-02
7467,2862,490,2024-09-17
7468,2862,881,2024-11-05
7469,2862,1018,2024-04-20
7470,2862,1460,2024-07-08
7471,2863,37,2024-02-10
7472,2863,82,2024-10-28
7473,2863,843,2024-02-16
7474,2863,1377,2024-02-06
7475,2864,13,2024-05-14
7476,2864,156,2024-03-13
7477,2864,623,2024-11-12
7478,2864,735,2024-06-19
7479,2864,952,2024-06-06
7480,2864,1478,2023-10-27
7481,2864,1481,2024-12-17
7482,2865,111,2024-02-25
7483,2865,192,2023-12-07
7484,2865,307,2024-02-16
7485,2865,408,2024-10-21
7486,2865,448,2023-10-24
7487,2865,521,2024-08-24
7488,2865,1078,2023-10-26
7489,2865,1494,2024-09-02
7490,2866,101,2025-01-29
7491,2866,203,2023-12-16
7492,2866,474,2025-02-13
7493,2866,552,2024-04-15
7494,2866,723,2024-01-26
7495,2866,1249,2024-07-08
7496,2866,1278,2024-12-15
7497,2867,79,2024-09-10
7498,2867,156,2025-01-09
7499,2867,1358,2024-05-21
7500,2868,138,2023-10-31
7501,2868,246,2024-01-23
7502,2868,721,2024-07-25
7503,2868,759,2023-12-24
7504,2868,807,2024-05-09
7505,2868,931,2023-12-27
7506,2868,978,2024-04-15
7507,2869,96,2024-03-03
7508,2869,1256,2024-11-26
7509,2869,1392,2024-01-13
7510,2870,97,2023-11-09
7511,2870,281,2025-02-04
7512,2870,1071,2024-03-02
7513,2870,1225,2023-11-23
7514,2871,11,2024-09-19
7515,2871,850,2024-12-26
7516,2871,962,2024-01-15
7517,2872,34,2025-01-03
7518,2872,53,2025-01-07
7519,2872,255,2024-02-16
7520,2872,681,2025-01-19
7521,2872,1118,2023-12-02
7522,2873,38,2024-08-27
7523,2873,370,2023-11-06
7524,2873,373,2024-10-24
7525,2873,692,2024-09-18
7526,2873,703,2024-04-19
7527,2873,836,2024-06-06
7528,2873,956,2024-06-12
7529,2873,1327,2023-12-27
7530,2874,191,2023-10-23
7531,2874,1488,2024-03-05
7532,2875,30,2024-11-11
7533,2875,93,2024-03-11
7534,2875,178,2023-11-22
7535,2875,752,2023-10-30
7536,2875,1080,2023-11-17
7537,2875,1402,2024-10-16
7538,2876,13,2024-10-07
7539,2876,123,2024-06-29
7540,2876,454,2024-10-07
7541,2876,542,2024-08-17
7542,2876,945,2024-12-22
7543,2876,1194,2024-10-14
7544,2876,1348,2024-03-07
7545,2877,191,2023-12-10
7546,2877,327,2024-08-04
7547,2877,548,2024-02-07
7548,2877,734,2024-01-09
7549,2877,799,2024-03-06
7550,2877,1058,2024-04-27
7551,2877,1115,2024-11-22
7552,2878,2,2024-02-19
7553,2878,34,2024-12-23
7554,2878,56,2024-07-28
7555,2878,235,2024-09-13
7556,2878,1332,2023-11-27
7557,2879,96,2023-11-19
7558,2879,1124,2024-09-02
7559,2879,1494,2024-06-23
7560,2880,58,2024-10-19
7561,2880,247,2024-08-30
7562,2880,484,2024-03-26
7563,2880,637,2023-12-09
7564,2880,807,2024-09-08
7565,2880,888,2025-02-03
7566,2880,1207,2024-01-01
7567,2880,1327,2024-01-01
7568,2881,15,2024-11-07
7569,2881,187,2024-03-09
7570,2881,567,2024-07-24
7571,2881,844,2024-06-14
7572,2881,897,2023-11-03
7573,2881,1067,2024-08-15
7574,2882,56,2024-10-27
7575,2882,382,2024-10-30
7576,2882,840,2024-07-31
7577,2882,1179,2024-06-19
7578,2883,83,2024-01-05
7579,2883,141,2024-11-04
7580,2883,163,2024-05-06
7581,2883,249,2024-02-27
7582,2883,326,2025-01-05
7583,2883,331,2025-02-08
7584,2883,698,2024-08-09
7585,2883,1047,2024-05-15
7586,2883,1279,2024-02-01
7587,2883,1383,2024-01-21
7588,2884,96,2024-01-18
7589,2884,375,2024-04-28
7590,2884,596,2023-11-29
7591,2884,668,2024-06-29
7592,2884,989,2024-12-24
7593,2884,1095,2024-03-20
7594,2884,1130,2024-11-29
7595,2884,1305,2024-01-01
7596,2885,78,2024-01-22
7597,2885,96,2024-03-16
7598,2885,164,2023-10-27
7599,2885,512,2024-03-03
7600,2885,834,2024-12-19
7601,2885,1065,2025-01-17
7602,2885,1351,2024-10-09
7603,2886,37,2024-09-14
7604,2886,76,2024-09-28
7605,2886,167,2024-02-06
7606,2886,169,2024-01-16
7607,2886,407,2024-05-21
7608,2886,637,2023-12-10
7609,2886,953,2023-12-14
7610,2886,1498,2024-07-19
7611,2887,127,2024-12-17
7612,2887,175,2024-09-02
7613,2887,220,2023-11-15
7614,2887,414,2023-11-07
7615,2887,519,2024-01-26
7616,2887,1140,2024-03-24
7617,2887,1292,2024-05-02
7618,2888,81,2024-07-15
7619,2888,96,2024-05-27
7620,2888,379,2023-12-09
7621,2888,841,2024-10-06
7622,2888,885,2024-05-02
7623,2889,34,2024-02-07
7624,2889,134,2023-11-14
7625,2889,991,2024-06-19
7626,2890,11,2023-10-26
7627,2890,69,2024-01-04
7628,2890,715,2024-07-25
7629,2890,796,2024-05-11
7630,2890,1076,2024-06-05
7631,2891,73,2024-10-09
7632,2891,93,2024-09-18
7633,2891,787,2024-01-14
7634,2891,948,2023-11-17
7635,2892,165,2025-02-09
7636,2892,930,2025-02-07
7637,2892,1169,2024-01-05
7638,2892,1294,2024-11-21
7639,2892,1304,2023-11-06
7640,2892,1315,2023-11-05
7641,2893,11,2024-08-19
7642,2893,133,2024-04-08
7643,2893,347,2024-11-22
7644,2893,844,2024-11-28
7645,2893,1027,2024-02-18
7646,2893,1399,2024-05-07
7647,2894,165,2025-01-19
7648,2894,725,2024-12-03
7649,2894,798,2024-05-19
7650,2894,1092,2024-10-23
7651,2895,93,2023-12-28
7652,2895,319,2023-11-24
7653,2895,422,2024-08-07
7654,2895,865,2024-04-21
7655,2895,1351,2024-01-28
7656,2895,1461,2024-05-16
7657,2896,56,2024-07-24
7658,2896,380,2024-08-13
7659,2896,655,2023-11-04
7660,2896,796,2023-10-25
7661,2896,1186,2024-04-10
7662,2896,1493,2024-06-14
7663,2897,123,2024-06-19
7664,2897,613,2024-08-24
7665,2897,1439,2024-03-28
7666,2897,1487,2023-11-04
7667,2898,3,2023-11-19
7668,2898,147,2023-12-08
7669,2898,211,2024-06-29
7670,2898,512,2024-02-21
7671,2898,1485,2023-12-28
7672,2899,191,2024-04-07
7673,2899,300,2024-12-01
7674,2899,514,2024-08-03
7675,2899,558,2023-10-26
7676,2899,870,2023-11-02
7677,2900,93,2024-12-01
7678,2900,135,2024-06-12
7679,2900,341,2024-02-07
7680,2900,643,2024-08-30
7681,2900,1107,2024-06-12
7682,2901,26,2023-12-04
7683,2901,203,2024-01-25
7684,2901,1023,2024-11-08
7685,2901,1310,2024-11-21
7686,2902,58,2023-11-06
7687,2902,272,2024-09-19
7688,2902,645,2024-06-07
7689,2903,146,2024-01-15
7690,2903,213,2024-01-10
7691,2903,442,2023-12-06
7692,2903,461,2023-12-14
7693,2903,605,2024-02-01
7694,2903,660,2024-07-22
7695,2903,973,2024-12-09
7696,2903,1022,2024-05-01
7697,2903,1060,2024-08-04
7698,2903,1307,2023-11-10
7699,2903,1487,2024-11-03
7700,2904,15,2024-07-06
7701,2904,408,2024-06-17
7702,2904,443,2025-01-14
7703,2904,566,2023-11-27
7704,2904,612,2024-09-19
7705,2904,1326,2024-05-06
7706,2905,97,2024-06-29
7707,2905,697,2023-12-31
7708,2905,1095,2024-01-23
7709,2905,1149,2023-12-20
7710,2906,23,2023-11-01
7711,2906,82,2024-12-04
7712,2906,426,2024-12-14
7713,2906,795,2024-02-26
7714,2906,895,2024-03-29
7715,2906,1054,2025-01-07
7716,2906,1330,2025-02-03
7717,2907,149,2024-10-17
7718,2907,361,2024-11-19
7719,2907,889,2024-03-11
7720,2907,1038,2024-11-03
7721,2907,1137,2024-05-15
7722,2908,56,2024-11-28
7723,2908,1133,2023-12-16
7724,2908,1182,2024-06-29
7725,2909,120,2023-12-15
7726,2909,138,2024-08-06
7727,2909,191,2024-01-13
7728,2909,675,2024-07-26
7729,2909,966,2024-12-06
7730,2909,1410,2023-11-24
7731,2910,56,2024-06-18
7732,2910,124,2024-12-20
7733,2910,406,2023-10-23
7734,2910,722,2024-06-08
7735,2910,873,2024-02-28
7736,2910,1325,2024-03-24
7737,2911,34,2024-02-22
7738,2911,417,2024-05-15
7739,2911,827,2023-11-16
7740,2912,40,2024-01-02
7741,2912,146,2024-12-15
7742,2912,156,2024-02-12
7743,2912,535,2024-11-11
7744,2912,736,2024-03-22
7745,2912,923,2024-03-18
7746,2912,1118,2024-12-31
7747,2913,81,2024-11-25
7748,2913,307,2025-02-07
7749,2913,637,2025-01-24
7750,2913,746,2023-12-26
7751,2913,1054,2024-01-22
7752,2913,1288,2024-04-21
7753,2913,1319,2024-01-01
7754,2913,1498,2023-12-06
7755,2914,136,2024-09-15
7756,2914,165,2024-05-10
7757,2914,615,2023-10-27
7758,2914,737,2024-01-01
7759,2914,1304,2024-04-12
7760,2915,149,2024-01-20
7761,2915,302,2024-02-06
7762,2915,939,2025-01-28
7763,2916,23,2024-08-15
7764,2916,203,2024-03-06
7765,2916,273,2024-11-09
7766,2916,1237,2023-12-01
7767,2916,1450,2023-12-31
7768,2917,145,2024-10-29
7769,2917,191,2025-01-29
7770,2917,909,2025-02-10
7771,2917,1084,2024-09-24
7772,2917,1131,2024-10-27
7773,2917,1170,2023-10-28
7774,2918,199,2024-08-13
7775,2918,1174,2024-03-07
7776,2918,1492,2024-03-24
7777,2919,163,2024-11-02
7778,2919,862,2024-12-14
7779,2919,911,2024-06-04
7780,2919,1406,2024-12-01
7781,2920,15,2024-12-24
7782,2920,109,2024-06-18
7783,2920,408,2025-01-14
7784,2920,757,2024-01-20
7785,2920,842,2024-04-29
7786,2920,1154,2024-08-30
7787,2920,1157,2023-10-31
7788,2920,1481,2024-02-03
7789,2921,147,2024-09-29
7790,2921,506,2024-01-21
7791,2921,834,2024-05-22
7792,2921,1001,2024-09-12
7793,2921,1061,2024-09-04
7794,2921,1140,2024-04-17
7795,2921,1233,2024-03-29
7796,2921,1423,2023-12-07
7797,2922,175,2024-02-12
7798,2922,186,2025-02-03
7799,2922,204,2023-12-25
7800,2922,652,2024-06-16
7801,2922,865,2024-05-16
7802,2923,81,2023-11-29
7803,2923,97,2024-09-17
7804,2923,165,2024-06-14
7805,2923,365,2024-08-23
7806,2923,391,2024-12-11
7807,2923,584,2024-03-21
7808,2923,1090,2024-10-22
7809,2923,1326,2024-07-31
7810,2924,116,2023-11-01
7811,2924,154,2024-09-30
7812,2924,258,2023-12-27
7813,2924,352,2024-03-06
7814,2924,544,2025-02-16
7815,2924,671,2024-04-13
7816,2924,1428,2024-12-16
7817,2925,163,2024-10-08
7818,2925,351,2024-04-20
7819,2925,366,2024-08-14
7820,2925,390,2024-07-22
7821,2926,175,2024-04-16
7822,2926,399,2023-12-16
7823,2926,414,2024-05-02
7824,2926,714,2023-11-07
7825,2926,1198,2023-12-26
7826,2927,116,2023-12-13
7827,2927,151,2023-12-13
7828,2927,159,2024-08-09
7829,2927,1470,2024-09-25
7830,2927,1498,2023-12-15
7831,2928,38,2024-03-31
7832,2928,96,2025-02-07
7833,2928,175,2024-07-20
7834,2928,177,2024-08-12
7835,2928,186,2025-02-03
7836,2928,628,2024-12-23
7837,2928,972,2023-12-05
7838,2929,47,2024-01-15
7839,2929,192,2024-12-05
7840,2929,430,2024-05-27
7841,2929,457,2024-07-22
7842,2929,1053,2025-01-12
7843,2930,93,2024-05-14
7844,2930,119,2024-11-10
7845,2930,586,2024-10-13
7846,2930,682,2024-03-14
7847,2930,731,2024-10-29
7848,2930,976,2024-08-25
7849,2930,1491,2024-12-03
7850,2931,56,2024-07-20
7851,2931,732,2025-01-15
7852,2931,865,2024-05-18
7853,2931,1004,2024-02-27
7854,2931,1424,2024-06-21
7855,2931,1447,2024-07-30
7856,2932,56,2024-05-26
7857,2932,716,2024-11-28
7858,2932,777,2025-01-11
7859,2932,1193,2025-01-27
7860,2932,1397,2024-07-09
7861,2933,13,2024-09-29
7862,2933,96,2024-05-22
7863,2933,947,2023-12-23
7864,2933,983,2024-02-06
7865,2933,1114,2024-06-13
7866,2933,1234,2024-05-01
7867,2933,1320,2023-11-19
7868,2934,191,2025-01-26
7869,2934,1312,2023-10-24
7870,2934,1353,2024-07-02
7871,2934,1381,2024-07-15
7872,2935,125,2024-03-05
7873,2935,242,2024-03-27
7874,2935,911,2024-06-09
7875,2935,947,2024-02-29
7876,2936,125,2023-11-01
7877,2936,323,2024-07-07
7878,2936,1304,2024-11-06
7879,2937,13,2024-02-15
7880,2937,226,2024-05-31
7881,2938,81,2024-12-13
7882,2938,319,2024-09-20
7883,2938,627,2024-07-31
7884,2938,1100,2023-12-04
7885,2939,116,2024-08-04
7886,2939,122,2023-12-15
7887,2939,331,2024-08-07
7888,2939,578,2023-11-05
7889,2939,739,2024-06-27
7890,2939,836,2024-03-17
7891,2939,909,2024-09-01
7892,2940,34,2024-12-26
7893,2940,62,2024-08-05
7894,2940,307,2023-12-25
7895,2940,660,2023-12-02
7896,2940,978,2024-05-30
7897,2940,1078,2024-03-21
7898,2940,1355,2023-11-11
7899,2940,1372,2023-11-14
7900,2941,34,2024-05-13
7901,2941,366,2024-08-07
7902,2941,397,2024-10-31
7903,2941,1102,2024-10-25
7904,2942,123,2024-11-14
7905,2942,314,2024-07-16
7906,2942,446,2025-02-08
7907,2942,544,2024-12-14
7908,2942,850,2024-11-16
7909,2942,892,2025-01-19
7910,2942,1049,2025-02-13
7911,2942,1148,2024-01-31
7912,2943,38,2024-05-08
7913,2943,68,2024-08-26
7914,2943,351,2024-10-27
7915,2943,805,2024-09-04
7916,2943,816,2023-12-24
7917,2943,979,2024-12-19
7918,2943,1379,2024-01-29
7919,2944,149,2024-11-25
7920,2944,519,2024-04-03
7921,2944,1479,2024-02-14
7922,2945,19,2024-03-10
7923,2945,93,2024-07-22
7924,2945,698,2024-03-05
7925,2945,1034,2024-07-07
7926,2946,51,2024-05-30
7927,2946,147,2024-03-06
7928,2946,427,2024-06-05
7929,2946,832,2025-02-14
7930,2947,97,2023-11-09
7931,2947,362,2024-07-04
7932,2947,657,2024-01-08
7933,2947,671,2023-12-19
7934,2948,58,2024-02-11
7935,2948,1006,2024-08-08
7936,2948,1491,2024-07-16
7937,2949,147,2024-05-17
7938,2949,482,2024-03-31
7939,2949,485,2024-03-08
7940,2949,1323,2024-05-28
7941,2950,11,2024-01-23
7942,2950,200,2024-01-03
7943,2950,515,2024-10-19
7944,2950,655,2024-12-31
7945,2950,813,2023-10-24
7946,2950,1241,2024-01-14
7947,2951,39,2023-11-22
7948,2951,82,2024-01-13
7949,2951,408,2024-01-30
7950,2951,574,2024-11-03
7951,2951,675,2024-10-26
7952,2951,694,2024-06-27
7953,2951,757,2024-10-05
7954,2952,11,2025-02-11
7955,2952,178,2024-11-03
7956,2952,262,2024-01-03
7957,2952,1095,2025-01-05
7958,2952,1310,2023-10-27
7959,2952,1313,2024-04-20
7960,2952,1339,2025-01-24
7961,2952,1445,2024-04-05
7962,2953,156,2023-10-20
7963,2953,370,2025-01-11
7964,2953,641,2024-02-03
7965,2953,739,2024-11-12
7966,2953,766,2024-02-08
7967,2953,981,2023-10-21
7968,2953,1145,2023-11-20
7969,2953,1235,2023-10-30
7970,2954,70,2023-10-29
7971,2954,148,2024-07-26
7972,2954,191,2024-07-11
7973,2954,835,2024-04-29
7974,2954,1114,2024-02-24
7975,2954,1393,2024-11-29
7976,2955,163,2024-03-17
7977,2955,203,2024-11-03
7978,2955,639,2024-10-19
7979,2955,778,2024-05-13
7980,2955,952,2024-06-08
7981,2955,1097,2024-02-19
7982,2955,1186,2024-08-18
7983,2956,147,2023-12-15
7984,2956,978,2024-08-28
7985,2956,1078,2023-10-22
7986,2956,1446,2023-10-21
7987,2957,11,2024-07-10
7988,2957,216,2024-07-12
7989,2957,833,2024-08-07
7990,2957,1498,2024-11-16
7991,2958,107,2024-11-21
7992,2958,204,2024-08-05
7993,2958,660,2023-12-05
7994,2958,1164,2023-12-21
7995,2958,1178,2024-02-26
7996,2958,1420,2023-12-19
7997,2959,38,2024-05-14
7998,2959,125,2024-12-01
7999,2959,175,2023-10-21
8000,2959,1130,2023-10-31
8001,2959,1272,2024-08-11
8002,2960,82,2024-12-31
8003,2960,189,2024-12-28
8004,2960,275,2023-12-06
8005,2960,389,2024-05-03
8006,2960,698,2024-08-05
8007,2961,37,2024-11-08
8008,2961,98,2024-11-02
8009,2961,171,2024-09-05
8010,2961,256,2024-01-05
8011,2961,598,2024-12-13
8012,2961,923,2024-02-17
8013,2961,953,2023-12-30
8014,2961,1022,2024-10-04
8015,2961,1267,2024-06-29
8016,2962,192,2024-01-31
8017,2962,197,2025-02-09
8018,2962,544,2024-06-09
8019,2962,855,2024-11-02
8020,2962,966,2024-12-18
8021,2963,97,2024-08-12
8022,2963,158,2024-09-28
8023,2963,383,2024-07-18
8024,2963,1095,2025-02-14
8025,2963,1099,2024-11-18
8026,2963,1113,2024-08-10
8027,2963,1129,2024-10-26
8028,2964,13,2024-06-11
8029,2964,790,2024-11-01
8030,2964,1365,2024-10-20
8031,2964,1499,2024-08-31
8032,2965,203,2023-11-11
8033,2965,582,2024-05-05
8034,2965,973,2023-10-24
8035,2966,140,2024-07-23
8036,2966,146,2024-11-30
8037,2966,390,2024-10-29
8038,2966,905,2024-04-09
8039,2966,954,2024-03-21
8040,2966,1026,2024-07-24
8041,2966,1061,2024-12-24
8042,2966,1359,2023-12-01
8043,2966,1465,2025-02-13
8044,2967,204,2024-12-30
8045,2967,265,2025-01-05
8046,2967,956,2025-01-27
8047,2967,1169,2024-07-26
8048,2967,1291,2024-05-24
8049,2967,1383,2024-06-21
8050,2968,138,2024-02-29
8051,2968,169,2024-05-05
8052,2968,307,2024-02-22
8053,2968,637,2023-11-09
8054,2968,649,2023-11-14
8055,2968,689,2023-10-31
8056,2969,11,2025-02-02
8057,2969,15,2024-08-20
8058,2969,319,2024-12-10
8059,2969,783,2024-12-23
8060,2969,1064,2024-08-16
8061,2969,1065,2024-07-09
8062,2969,1290,2024-03-09
8063,2969,1399,2024-10-04
8064,2970,13,2024-02-09
8065,2970,17,2024-02-24
8066,2970,96,2024-05-29
8067,2970,374,2023-12-19
8068,2970,504,2025-01-17
8069,2970,525,2023-12-08
8070,2970,583,2024-10-24
8071,2970,987,2024-12-20
8072,2970,1043,2024-02-22
8073,2971,156,2024-06-04
8074,2971,343,2023-12-01
8075,2971,726,2025-02-06
8076,2972,11,2023-12-08
8077,2972,295,2024-07-13
8078,2972,598,2025-01-13
8079,2972,637,2023-12-02
8080,2972,686,2024-03-30
8081,2972,821,2023-12-06
8082,2972,1250,2024-09-23
8083,2973,15,2024-08-24
8084,2973,302,2024-07-30
8085,2973,557,2024-09-14
8086,2973,803,2024-04-26
8087,2973,836,2024-10-09
8088,2974,125,2024-02-29
8089,2974,375,2024-04-05
8090,2974,979,2024-07-02
8091,2975,34,2023-12-31
8092,2975,637,2024-11-11
8093,2975,889,2024-08-08
8094,2975,970,2024-12-05
8095,2975,1450,2024-03-26
8096,2976,192,2024-01-04
8097,2976,793,2023-10-29
8098,2976,998,2024-01-24
8099,2976,1004,2024-09-09
8100,2976,1266,2024-03-01
8101,2976,1492,2024-12-05
8102,2977,191,2024-12-27
8103,2977,336,2024-09-24
8104,2977,529,2023-10-26
8105,2977,794,2023-11-24
8106,2977,799,2024-04-22
8107,2977,1207,2024-02-01
8108,2978,36,2024-04-02
8109,2978,116,2024-11-13
8110,2978,1189,2024-02-19
8111,2978,1227,2024-03-10
8112,2979,169,2024-05-18
8113,2979,950,2024-05-17
8114,2979,1030,2023-11-04
8115,2979,1078,2024-06-04
8116,2979,1100,2024-04-01
8117,2979,1367,2024-04-29
8118,2980,71,2025-02-14
8119,2980,82,2024-08-09
8120,2980,357,2024-08-25
8121,2980,800,2024-08-20
8122,2980,957,2024-02-25
8123,2980,1093,2024-03-13
8124,2980,1427,2024-08-12
8125,2981,81,2025-01-17
8126,2981,1293,2024-10-14
8127,2981,1460,2024-03-07
8128,2982,13,2025-01-03
8129,2982,39,2024-05-14
8130,2982,96,2024-05-28
8131,2982,462,2024-06-02
8132,2982,482,2024-01-03
8133,2982,796,2024-10-20
8134,2982,1139,2023-11-16
8135,2983,164,2023-12-07
8136,2983,175,2023-11-18
8137,2983,284,2024-07-27
8138,2983,661,2023-12-29
8139,2983,981,2024-03-04
8140,2983,1312,2025-01-13
8141,2983,1318,2024-09-13
8142,2984,96,2024-10-23
8143,2984,734,2023-10-28
8144,2984,923,2024-12-07
8145,2984,1115,2023-12-30
8146,2984,1136,2024-10-15
8147,2984,1215,2024-11-17
8148,2984,1450,2024-07-22
8149,2985,97,2025-01-28
8150,2985,213,2023-12-05
8151,2985,233,2024-10-06
8152,2985,552,2024-07-05
8153,2985,739,2024-01-05
8154,2985,1009,2025-02-02
8155,2986,15,2023-12-29
8156,2986,952,2024-09-18
8157,2986,999,2024-02-10
8158,2986,1105,2024-07-08
8159,2986,1114,2024-06-04
8160,2987,146,2024-08-20
8161,2987,1122,2025-02-03
8162,2987,1277,2024-11-15
8163,2987,1482,2024-03-15
8164,2988,175,2023-10-20
8165,2988,219,2024-01-04
8166,2988,1248,2025-01-18
8167,2989,93,2024-05-07
8168,2989,819,2023-12-31
8169,2989,949,2023-11-06
8170,2989,1066,2024-07-17
8171,2989,1434,2024-04-14
8172,2990,125,2024-07-02
8173,2990,715,2025-01-16
8174,2990,1196,2023-11-24
8175,2990,1361,2024-06-30
8176,2990,1410,2024-03-02
8177,2991,121,2024-10-06
8178,2991,149,2024-04-03
8179,2991,154,2025-01-25
8180,2991,650,2023-12-28
8181,2991,1500,2024-06-15
8182,2992,13,2024-02-13
8183,2992,321,2024-11-27
8184,2992,1046,2025-01-29
8185,2992,1477,2024-04-20
8186,2993,97,2024-09-10
8187,2993,740,2024-01-26
8188,2994,30,2024-05-17
8189,2994,82,2024-03-27
8190,2994,481,2024-01-09
8191,2994,664,2025-02-07
8192,2994,780,2024-02-10
8193,2994,1310,2024-04-13
8194,2995,165,2024-06-08
8195,2995,1418,2023-10-28
8196,2995,1428,2023-10-24
8197,2996,123,2024-03-18
8198,2996,299,2023-12-03
8199,2996,393,2024-01-09
8200,2996,518,2024-09-01
8201,2996,614,2023-12-07
8202,2996,1194,2024-11-18
8203,2997,125,2024-08-01
8204,2997,139,2023-12-30
8205,2998,29,2024-07-28
8206,2998,199,2024-10-13
8207,2998,401,2024-04-06
8208,2998,923,2023-12-13
8209,2998,1257,2024-07-27
8210,2999,38,2023-12-18
8211,2999,149,2024-10-05
8212,2999,165,2024-05-21
8213,2999,698,2025-02-11
8214,2999,1029,2023-11-24
8215,2999,1437,2024-09-05
8216,3000,204,2024-01-18
8217,3000,558,2024-11-25
8218,3000,623,2024-09-07
8219,3000,636,2024-04-04
8220,3000,714,2024-04-14
8221,3000,999,2024-08-04
8222,3001,34,2023-10-29
8223,3001,186,2024-03-14
8224,3001,544,2024-09-24
8225,3001,866,2025-01-05
8226,3001,894,2025-01-18
8227,3001,1378,2024-05-10
8228,3002,186,2023-12-17
8229,3002,192,2025-01-14
8230,3002,533,2023-11-05
8231,3002,846,2023-11-20
8232,3002,865,2024-06-13
8233,3002,1022,2024-08-23
8234,3002,1271,2024-01-16
8235,3002,1432,2024-02-09
8236,3003,96,2023-11-17
8237,3003,515,2024-03-03
8238,3003,756,2024-05-25
8239,3003,1022,2024-05-16
8240,3004,149,2023-11-01
8241,3004,258,2023-11-16
8242,3004,1158,2023-12-02
8243,3004,1361,2023-12-24
8244,3005,34,2024-08-02
8245,3005,751,2024-02-21
8246,3005,935,2024-07-13
8247,3005,1454,2024-01-01
8248,3006,11,2024-06-10
8249,3006,383,2023-12-03
8250,3006,1342,2023-11-04
8251,3007,58,2023-12-04
8252,3007,619,2024-10-24
8253,3008,13,2025-01-12
8254,3008,43,2024-11-04
8255,3008,441,2025-01-26
8256,3008,696,2024-01-17
8257,3008,697,2024-01-30
8258,3008,1080,2025-01-24
8259,3008,1149,2023-12-24
8260,3009,192,2024-08-05
8261,3009,452,2024-10-30
8262,3009,495,2025-02-04
8263,3009,558,2024-09-05
8264,3009,602,2024-05-25
8265,3009,999,2023-11-24
8266,3009,1186,2024-04-16
8267,3009,1301,2023-12-04
8268,3009,1423,2023-12-23
8269,3010,11,2023-11-04
8270,3010,22,2024-09-19
8271,3010,702,2025-01-25
8272,3010,1397,2024-03-03
8273,3010,1499,2025-02-15
8274,3011,37,2024-07-18
8275,3011,194,2024-10-20
8276,3011,291,2024-04-28
8277,3011,739,2023-10-25
8278,3011,1004,2024-06-30
8279,3011,1297,2024-10-30
8280,3011,1432,2024-05-26
8281,3012,34,2024-05-29
8282,3012,697,2024-11-07
8283,3012,742,2024-04-03
8284,3012,781,2024-02-11
8285,3013,93,2024-12-10
8286,3013,623,2024-11-18
8287,3013,662,2025-01-18
8288,3014,199,2024-10-28
8289,3014,417,2025-01-29
8290,3014,962,2024-11-09
8291,3014,1098,2024-02-29
8292,3014,1158,2024-03-27
8293,3015,59,2024-05-02
8294,3015,165,2024-10-25
8295,3015,287,2023-11-12
8296,3015,351,2025-01-10
8297,3015,635,2024-03-24
8298,3015,1262,2024-09-19
8299,3016,169,2024-01-18
8300,3016,260,2025-01-19
8301,3016,583,2024-01-01
8302,3016,959,2024-06-01
8303,3016,1381,2024-05-21
8304,3017,12,2024-02-09
8305,3017,116,2024-12-29
8306,3017,656,2024-09-08
8307,3017,1326,2024-03-21
8308,3017,1392,2024-05-03
8309,3018,58,2024-12-15
8310,3018,79,2023-11-01
8311,3018,1024,2023-12-13
8312,3018,1027,2024-09-02
8313,3019,38,2023-12-04
8314,3019,297,2024-04-07
8315,3019,385,2024-02-18
8316,3019,796,2023-10-23
8317,3019,918,2024-04-24
8318,3019,1059,2024-07-01
8319,3019,1248,2024-10-22
8320,3020,15,2024-11-03
8321,3020,1492,2024-12-01
8322,3021,50,2024-09-04
8323,3021,56,2024-02-01
8324,3021,158,2024-10-28
8325,3021,651,2024-03-26
8326,3021,783,2024-06-27
8327,3021,900,2024-12-25
8328,3021,1064,2024-01-04
8329,3021,1151,2024-02-29
8330,3022,135,2024-02-17
8331,3022,169,2024-04-16
8332,3022,331,2024-07-31
8333,3022,420,2024-05-22
8334,3023,196,2023-12-01
8335,3023,203,2024-06-27
8336,3023,445,2024-05-16
8337,3023,575,2024-07-19
8338,3023,824,2024-01-14
8339,3023,994,2024-01-11
8340,3023,1017,2025-02-12
8341,3024,109,2024-03-30
8342,3024,123,2024-11-10
8343,3024,191,2023-12-10
8344,3024,835,2024-11-06
8345,3024,838,2024-10-01
8346,3024,1194,2023-12-23
8347,3024,1229,2024-12-15
8348,3025,96,2024-06-10
8349,3025,312,2024-09-26
8350,3025,587,2024-01-21
8351,3025,692,2024-05-08
8352,3025,834,2024-06-07
8353,3025,881,2023-10-21
8354,3025,961,2024-07-06
8355,3025,977,2024-05-07
8356,3026,177,2024-12-26
8357,3026,192,2024-05-21
8358,3026,1485,2024-10-14
8359,3027,203,2024-12-07
8360,3027,697,2024-05-05
8361,3027,791,2025-02-09
8362,3027,1485,2024-04-16
8363,3028,79,2025-02-08
8364,3028,146,2024-10-11
8365,3028,296,2024-11-23
8366,3028,621,2024-05-11
8367,3028,691,2024-01-06
8368,3028,763,2024-12-31
8369,3028,1488,2023-12-25
8370,3029,8,2024-03-09
8371,3029,11,2023-11-28
8372,3029,196,2025-02-05
8373,3029,261,2024-09-02
8374,3029,351,2025-01-12
8375,3029,544,2024-06-02
8376,3029,583,2025-01-14
8377,3029,805,2024-05-16
8378,3029,1231,2024-12-29
8379,3029,1349,2024-07-25
8380,3030,34,2024-06-02
8381,3030,39,2024-07-07
8382,3030,69,2024-12-31
8383,3030,204,2024-12-25
8384,3030,456,2024-03-06
8385,3030,586,2024-11-27
8386,3030,995,2024-09-03
8387,3030,1332,2024-03-18
8388,3030,1411,2024-06-18
8389,3031,165,2024-06-15
8390,3031,336,2024-12-17
8391,3031,470,2023-11-30
8392,3031,799,2024-09-23
8393,3031,889,2024-01-09
8394,3031,970,2024-08-11
8395,3032,193,2023-11-19
8396,3032,199,2024-09-11
8397,3032,279,2024-02-03
8398,3033,13,2024-04-22
8399,3033,942,2023-10-27
8400,3033,1175,2023-11-07
8401,3033,1374,2024-05-18
8402,3034,81,2025-02-08
8403,3034,775,2023-12-14
8404,3034,942,2024-12-05
8405,3034,1034,2024-07-07
8406,3034,1259,2024-03-23
8407,3035,10,2024-07-02
8408,3035,72,2024-08-04
8409,3035,90,2024-06-23
8410,3035,203,2024-03-22
8411,3035,943,2024-01-02
8412,3035,964,2023-12-23
8413,3036,191,2024-02-17
8414,3036,427,2024-03-28
8415,3036,504,2025-01-04
8416,3036,877,2024-03-07
8417,3036,1095,2024-12-08
8418,3036,1319,2024-02-04
8419,3036,1355,2024-03-25
8420,3036,1402,2023-11-16
8421,3037,13,2024-03-25
8422,3037,931,2024-10-25
8423,3037,970,2024-05-21
8424,3037,1081,2025-01-11
8425,3037,1127,2024-11-01
8426,3037,1250,2024-11-08
8427,3038,33,2024-04-30
8428,3038,34,2024-07-26
8429,3038,79,2024-01-06
8430,3038,791,2025-02-16
8431,3038,1325,2023-12-15
8432,3038,1488,2024-01-05
8433,3038,1495,2023-12-03
8434,3039,13,2024-04-09
8435,3039,329,2024-11-27
8436,3039,706,2024-09-10
8437,3039,807,2024-05-28
8438,3039,960,2024-12-24
8439,3039,1118,2024-02-26
8440,3040,82,2024-08-24
8441,3040,414,2024-10-31
8442,3040,727,2024-11-07
8443,3040,952,2024-04-19
8444,3040,1234,2024-01-11
8445,3040,1243,2024-04-19
8446,3040,1248,2024-02-28
8447,3041,15,2024-08-09
8448,3041,151,2024-11-25
8449,3041,249,2024-01-16
8450,3041,322,2023-10-28
8451,3041,368,2024-05-11
8452,3041,960,2024-09-21
8453,3042,81,2024-10-07
8454,3042,1039,2024-03-09
8455,3042,1260,2024-12-03
8456,3043,93,2024-03-12
8457,3043,118,2024-09-13
8458,3043,351,2024-12-12
8459,3043,597,2023-12-04
8460,3044,165,2024-11-15
8461,3044,640,2023-12-22
8462,3044,651,2023-12-10
8463,3044,879,2024-09-27
8464,3045,149,2024-10-17
8465,3045,163,2024-08-28
8466,3045,570,2024-06-28
8467,3045,945,2024-11-19
8468,3045,947,2024-01-28
8469,3045,1114,2024-07-25
8470,3045,1226,2024-07-27
8471,3046,62,2023-11-30
8472,3046,128,2024-07-17
8473,3046,191,2024-01-03
8474,3046,290,2024-06-13
8475,3046,326,2024-02-24
8476,3046,631,2023-10-21
8477,3046,684,2024-12-31
8478,3046,771,2024-09-26
8479,3046,969,2024-05-26
8480,3046,1361,2024-02-16
8481,3047,191,2024-03-25
8482,3047,273,2024-02-12
8483,3047,751,2024-04-09
8484,3047,1002,2024-09-30
8485,3048,38,2024-08-15
8486,3048,116,2024-11-26
8487,3048,175,2024-03-15
8488,3048,182,2024-07-02
8489,3048,372,2025-01-09
8490,3048,708,2025-01-04
8491,3048,1154,2024-07-03
8492,3049,34,2024-12-05
8493,3049,82,2024-01-19
8494,3049,357,2024-10-24
8495,3049,488,2023-11-22
8496,3049,583,2024-07-16
8497,3049,926,2024-07-10
8498,3049,1248,2024-03-09
8499,3049,1471,2024-08-15
8500,3050,165,2024-12-03
8501,3050,283,2024-05-21
8502,3050,706,2024-07-20
8503,3051,38,2023-10-31
8504,3051,53,2024-05-14
8505,3051,691,2024-05-14
8506,3051,1443,2024-02-29
8507,3051,1492,2025-01-05
8508,3052,204,2024-11-19
8509,3052,263,2023-10-29
8510,3052,1194,2024-04-14
8511,3052,1351,2024-12-26
8512,3053,37,2023-12-09
8513,3053,90,2024-12-11
8514,3053,1417,2023-12-10
8515,3054,147,2023-11-11
8516,3054,584,2024-01-21
8517,3054,657,2023-12-05
8518,3054,919,2024-01-10
8519,3054,1095,2024-12-10
8520,3054,1313,2025-01-11
8521,3054,1446,2024-04-26
8522,3055,81,2024-03-27
8523,3055,125,2024-01-28
8524,3055,1004,2024-09-20
8525,3055,1122,2024-11-06
8526,3055,1230,2024-03-10
8527,3055,1288,2023-12-01
8528,3056,34,2024-12-03
8529,3056,231,2024-10-25
8530,3056,1440,2024-01-23
8531,3057,37,2024-02-23
8532,3057,80,2025-01-03
8533,3057,314,2023-11-04
8534,3057,640,2023-12-19
8535,3057,796,2024-10-16
8536,3057,811,2024-05-12
8537,3057,861,2023-11-15
8538,3057,967,2024-03-27
8539,3057,1294,2024-08-27
8540,3057,1430,2024-11-03
8541,3058,76,2024-07-16
8542,3058,93,2024-05-24
8543,3058,159,2023-10-22
8544,3058,168,2024-12-14
8545,3058,361,2025-02-15
8546,3058,535,2024-02-19
8547,3058,1293,2024-06-30
8548,3059,101,2023-12-31
8549,3059,199,2023-12-10
8550,3059,847,2024-10-19
8551,3060,37,2024-10-27
8552,3060,265,2024-09-12
8553,3060,409,2025-01-08
8554,3060,846,2024-07-04
8555,3061,42,2024-05-04
8556,3061,175,2023-11-16
8557,3061,339,2023-11-18
8558,3061,362,2024-01-31
8559,3061,1031,2024-01-11
8560,3061,1041,2023-11-20
8561,3061,1312,2024-10-11
8562,3061,1330,2024-01-31
8563,3062,23,2023-12-12
8564,3062,147,2024-08-19
8565,3062,923,2024-06-04
8566,3062,1137,2024-07-27
8567,3062,1164,2024-12-16
8568,3062,1427,2024-08-18
8569,3063,198,2024-09-02
8570,3063,203,2024-08-24
8571,3063,524,2025-01-29
8572,3063,747,2023-11-14
8573,3063,1005,2023-11-30
8574,3063,1295,2023-12-04
8575,3063,1493,2024-12-06
8576,3064,199,2024-03-09
8577,3064,1305,2023-11-05
8578,3064,1348,2025-02-11
8579,3065,203,2023-10-26
8580,3065,917,2024-02-04
8581,3065,1050,2024-03-20
8582,3065,1138,2025-02-01
8583,3066,116,2025-02-10
8584,3066,123,2024-06-19
8585,3066,149,2024-12-09
8586,3066,451,2023-12-18
8587,3066,1106,2024-02-20
8588,3066,1428,2023-12-13
8589,3067,156,2024-11-07
8590,3067,617,2024-10-07
8591,3067,767,2024-06-30
8592,3067,1174,2024-11-05
8593,3068,87,2023-12-09
8594,3068,123,2024-08-16
8595,3068,324,2024-12-14
8596,3068,770,2024-06-14
8597,3069,163,2024-11-13
8598,3069,178,2024-09-17
8599,3069,278,2024-07-30
8600,3069,433,2024-05-19
8601,3069,465,2023-11-12
8602,3069,1402,2024-11-22
8603,3069,1451,2024-11-06
8604,3070,34,2023-12-12
8605,3070,79,2025-01-14
8606,3070,615,2024-09-06
8607,3070,1325,2024-11-10
8608,3070,1488,2024-05-05
8609,3071,138,2025-01-14
8610,3071,255,2025-02-05
8611,3071,970,2024-01-07
8612,3071,1074,2024-11-12
8613,3071,1189,2025-02-12
8614,3072,138,2024-04-18
8615,3072,353,2024-10-04
8616,3072,646,2024-10-20
8617,3073,58,2024-08-30
8618,3073,565,2024-11-07
8619,3073,1015,2023-11-15
8620,3073,1339,2024-10-23
8621,3074,147,2024-07-05
8622,3074,304,2024-02-29
8623,3074,457,2023-12-09
8624,3074,653,2024-08-12
8625,3074,1045,2024-09-15
8626,3075,7,2024-03-13
8627,3075,125,2024-12-25
8628,3075,508,2024-09-09
8629,3075,992,2024-06-14
8630,3075,1192,2024-12-13
8631,3075,1381,2024-07-14
8632,3076,109,2024-04-05
8633,3076,163,2025-01-06
8634,3076,357,2024-04-23
8635,3076,449,2025-02-02
8636,3076,910,2023-10-24
8637,3076,1093,2024-09-05
8638,3076,1457,2023-12-20
8639,3077,125,2023-11-28
8640,3077,239,2024-02-02
8641,3077,386,2024-05-31
8642,3078,81,2024-04-11
8643,3078,295,2024-02-11
8644,3078,430,2024-04-09
8645,3079,93,2024-07-17
8646,3079,198,2024-01-12
8647,3079,570,2024-10-15
8648,3079,791,2023-12-20
8649,3080,175,2023-10-31
8650,3080,216,2024-06-17
8651,3080,319,2025-02-03
8652,3080,672,2024-01-13
8653,3080,960,2024-07-31
8654,3080,1299,2024-07-16
8655,3080,1366,2024-09-30
8656,3081,169,2025-01-06
8657,3081,548,2024-12-21
8658,3081,660,2024-06-03
8659,3081,768,2024-07-13
8660,3081,913,2024-11-04
8661,3081,1316,2023-10-21
8662,3081,1498,2024-06-17
8663,3082,56,2023-12-29
8664,3082,138,2024-11-22
8665,3082,218,2024-06-15
8666,3082,319,2024-08-21
8667,3082,1100,2024-11-12
8668,3082,1312,2023-11-17
8669,3082,1410,2024-10-20
8670,3083,58,2024-02-13
8671,3083,81,2024-06-15
8672,3083,94,2023-12-16
8673,3083,316,2025-02-15
8674,3083,1018,2024-05-19
8675,3083,1492,2023-12-13
8676,3084,15,2024-05-25
8677,3084,660,2023-11-03
8678,3084,913,2024-07-28
8679,3084,1074,2024-10-07
8680,3084,1078,2024-07-08
8681,3085,81,2023-12-15
8682,3085,201,2024-11-21
8683,3085,257,2024-08-30
8684,3085,1383,2024-06-16
8685,3086,30,2024-12-20
8686,3086,175,2024-01-07
8687,3087,82,2023-12-25
8688,3087,420,2025-01-19
8689,3087,660,2024-01-31
8690,3087,835,2024-09-30
8691,3087,1305,2024-08-20
8692,3087,1448,2025-01-12
8693,3088,165,2024-11-11
8694,3088,219,2024-08-16
8695,3088,264,2024-09-08
8696,3088,720,2024-05-03
8697,3089,15,2024-02-25
8698,3089,388,2024-06-22
8699,3089,906,2024-06-27
8700,3089,972,2024-11-19
8701,3089,1133,2023-12-20
8702,3089,1347,2024-07-20
8703,3090,96,2024-01-29
8704,3090,191,2024-06-24
8705,3090,770,2024-04-10
8706,3090,1098,2024-12-21
8707,3091,146,2024-02-13
8708,3091,336,2023-11-09
8709,3091,526,2024-06-05
8710,3091,548,2025-01-11
8711,3091,964,2024-05-21
8712,3091,1486,2024-08-01
8713,3092,192,2025-01-04
8714,3092,395,2023-12-13
8715,3092,935,2025-01-22
8716,3092,1089,2025-01-24
8717,3092,1475,2023-10-23
8718,3093,199,2024-01-21
8719,3093,564,2024-12-01
8720,3093,861,2024-03-14
8721,3093,994,2024-07-26
8722,3093,1017,2023-10-27
8723,3093,1045,2024-09-28
8724,3093,1127,2024-10-24
8725,3093,1171,2024-10-20
8726,3094,34,2024-07-27
8727,3094,81,2024-04-24
8728,3094,355,2024-11-24
8729,3094,443,2024-04-17
8730,3094,728,2024-06-14
8731,3094,975,2025-01-05
8732,3094,1234,2024-07-02
8733,3094,1429,2023-11-05
8734,3095,163,2023-10-27
8735,3095,196,2024-01-14
8736,3095,284,2024-09-17
8737,3095,724,2024-02-28
8738,3095,1131,2024-09-26
8739,3096,23,2025-01-06
8740,3096,154,2024-03-18
8741,3096,156,2024-01-27
8742,3096,353,2024-12-01
8743,3096,383,2024-11-16
8744,3096,555,2023-12-28
8745,3096,1378,2024-02-06
8746,3096,1461,2025-01-10
8747,3097,169,2024-05-09
8748,3097,281,2024-01-23
8749,3097,321,2024-01-11
8750,3097,620,2024-12-15
8751,3097,917,2023-12-21
8752,3097,1297,2024-05-07
8753,3098,199,2024-08-14
8754,3098,1093,2023-11-08
8755,3098,1222,2024-11-27
8756,3098,1234,2024-05-03
8757,3098,1409,2024-08-23
8758,3098,1466,2024-09-26
8759,3099,56,2024-11-13
8760,3099,385,2024-05-02
8761,3099,1320,2024-07-28
8762,3100,165,2024-04-17
8763,3100,319,2024-12-26
8764,3100,349,2024-06-09
8765,3100,790,2024-02-29
8766,3100,1100,2024-05-10
8767,3100,1334,2024-09-25
8768,3100,1441,2024-06-17
8769,3101,15,2023-10-30
8770,3101,23,2024-05-06
8771,3101,333,2024-12-03
8772,3101,393,2024-06-02
8773,3101,798,2024-10-03
8774,3101,922,2024-10-03
8775,3101,1083,2024-04-19
8776,3101,1233,2023-11-22
8777,3101,1463,2024-05-30
8778,3101,1473,2024-09-01
8779,3101,1478,2024-10-07
8780,3102,15,2023-12-19
8781,3102,107,2024-02-22
8782,3102,419,2024-08-10
8783,3102,1062,2024-12-28
8784,3102,1175,2025-01-30
8785,3102,1212,2025-02-07
8786,3102,1371,2024-04-23
8787,3103,125,2024-10-10
8788,3103,242,2024-11-06
8789,3103,327,2025-02-12
8790,3103,791,2025-01-11
8791,3103,904,2025-02-13
8792,3104,13,2023-12-31
8793,3104,111,2023-12-04
8794,3104,147,2024-04-01
8795,3104,906,2023-11-17
8796,3105,47,2024-10-30
8797,3105,56,2023-12-18
8798,3105,754,2024-12-22
8799,3105,902,2024-05-15
8800,3105,992,2025-01-20
8801,3106,11,2024-03-20
8802,3106,246,2024-12-14
8803,3106,960,2024-01-02
8804,3106,978,2024-05-05
8805,3106,1175,2023-11-26
8806,3107,163,2023-10-22
8807,3107,462,2024-06-21
8808,3107,1062,2025-02-06
8809,3107,1225,2023-10-24
8810,3107,1237,2024-02-08
8811,3108,56,2024-01-29
8812,3108,149,2024-04-23
8813,3108,739,2023-11-12
8814,3108,1048,2025-02-12
8815,3109,123,2024-12-09
8816,3109,245,2024-09-16
8817,3109,1438,2024-07-13
8818,3109,1457,2024-11-15
8819,3110,192,2024-02-29
8820,3110,290,2025-01-19
8821,3110,335,2024-11-23
8822,3110,383,2024-01-08
8823,3110,1095,2024-03-12
8824,3110,1313,2024-12-27
8825,3110,1358,2024-02-05
8826,3111,7,2024-10-13
8827,3111,25,2024-11-06
8828,3111,97,2024-10-09
8829,3111,773,2023-12-16
8830,3112,56,2024-09-01
8831,3112,651,2024-07-21
8832,3112,694,2025-01-05
8833,3112,855,2024-02-10
8834,3112,1017,2024-08-10
8835,3112,1043,2023-12-29
8836,3112,1094,2024-03-15
8837,3113,125,2024-07-23
8838,3113,307,2024-12-30
8839,3113,377,2024-03-17
8840,3113,1200,2024-07-03
8841,3113,1368,2023-11-22
8842,3114,34,2024-02-09
8843,3114,277,2023-11-01
8844,3114,1064,2023-10-25
8845,3115,93,2024-03-22
8846,3115,685,2025-01-29
8847,3115,962,2023-12-13
8848,3115,1432,2024-11-01
8849,3116,56,2024-05-24
8850,3116,167,2024-08-22
8851,3116,243,2024-12-07
8852,3116,361,2024-12-07
8853,3116,452,2023-11-27
8854,3116,923,2024-12-09
8855,3116,1062,2023-10-27
8856,3116,1431,2024-03-29
8857,3117,128,2025-01-01
8858,3117,192,2024-02-14
8859,3117,785,2023-11-12
8860,3117,1192,2024-01-03
8861,3117,1331,2023-12-10
8862,3118,47,2024-04-25
8863,3118,147,2025-01-28
8864,3118,414,2023-11-25
8865,3118,679,2024-04-30
8866,3118,958,2024-06-19
8867,3118,1134,2024-10-22
8868,3118,1178,2024-04-23
8869,3118,1201,2024-11-13
8870,3119,39,2024-12-06
8871,3119,175,2024-10-19
8872,3119,918,2024-07-27
8873,3119,951,2024-05-05
8874,3119,1150,2024-10-11
8875,3120,138,2024-03-16
8876,3120,276,2024-05-13
8877,3120,807,2024-10-19
8878,3120,1267,2024-11-29
8879,3121,138,2024-02-22
8880,3121,327,2024-02-15
8881,3121,589,2024-09-25
8882,3121,763,2025-01-06
8883,3121,1089,2025-02-10
8884,3121,1310,2024-08-29
8885,3121,1471,2025-01-03
8886,3122,199,2024-04-05
8887,3122,1390,2024-02-16
8888,3123,81,2024-03-26
8889,3123,96,2024-07-27
8890,3123,200,2023-12-05
8891,3123,225,2023-12-06
8892,3123,1312,2023-10-21
8893,3123,1381,2024-04-03
8894,3124,113,2023-10-28
8895,3124,168,2024-12-12
8896,3124,175,2023-12-19
8897,3124,441,2025-01-12
8898,3124,501,2024-11-12
8899,3124,686,2024-03-09
8900,3124,807,2025-01-28
8901,3124,970,2024-07-01
8902,3124,1198,2024-05-22
8903,3125,82,2024-02-29
8904,3125,88,2024-11-16
8905,3125,195,2024-01-07
8906,3125,1210,2024-06-27
8907,3126,165,2024-07-04
8908,3126,233,2024-12-12
8909,3126,1066,2024-12-06
8910,3126,1197,2024-08-14
8911,3127,123,2024-11-26
8912,3127,436,2024-05-24
8913,3127,1086,2024-12-31
8914,3127,1427,2023-12-21
8915,3128,156,2024-03-31
8916,3128,331,2024-06-17
8917,3128,476,2024-02-23
8918,3128,617,2024-07-28
8919,3128,754,2024-04-09
8920,3128,814,2024-04-01
8921,3129,37,2024-11-04
8922,3129,156,2024-11-14
8923,3129,514,2025-01-30
8924,3129,520,2025-01-04
8925,3129,667,2023-12-15
8926,3129,1389,2023-12-29
8927,3130,199,2024-07-25
8928,3130,725,2024-11-17
8929,3130,994,2023-11-28
8930,3130,1213,2025-01-25
8931,3130,1245,2024-06-05
8932,3131,138,2025-01-26
8933,3131,798,2024-06-28
8934,3131,1267,2024-04-05
8935,3131,1430,2024-12-06
8936,3131,1444,2023-12-09
8937,3132,34,2023-12-27
8938,3132,195,2024-02-16
8939,3132,240,2024-08-18
8940,3132,584,2024-04-27
8941,3132,1398,2024-11-14
8942,3133,26,2024-08-03
8943,3133,204,2024-06-30
8944,3133,1109,2024-07-05
8945,3133,1407,2023-12-09
8946,3134,37,2024-04-11
8947,3134,839,2024-04-22
8948,3134,1485,2024-02-29
8949,3135,58,2024-01-07
8950,3135,1113,2024-04-29
8951,3135,1168,2024-12-30
8952,3136,105,2025-02-11
8953,3136,204,2024-09-11
8954,3136,226,2023-11-12
8955,3136,407,2024-11-13
8956,3136,540,2024-09-27
8957,3136,636,2024-12-08
8958,3136,956,2024-08-21
8959,3136,970,2024-06-12
8960,3136,1267,2024-01-10
8961,3137,96,2024-02-13
8962,3137,1010,2024-10-29
8963,3138,97,2024-05-03
8964,3138,670,2023-10-29
8965,3138,900,2024-01-06
8966,3139,123,2024-03-19
8967,3139,529,2024-11-25
8968,3139,591,2024-03-17
8969,3139,730,2024-05-29
8970,3139,802,2024-11-11
8971,3139,978,2024-10-31
8972,3139,1185,2024-12-24
8973,3140,140,2024-04-26
8974,3140,199,2024-11-18
8975,3140,205,2024-03-11
8976,3140,395,2024-05-23
8977,3140,845,2024-11-18
8978,3141,149,2024-06-12
8979,3141,870,2024-06-15
8980,3142,138,2023-12-31
8981,3142,1003,2023-11-07
8982,3142,1215,2024-04-20
8983,3143,56,2023-11-22
8984,3143,451,2024-06-02
8985,3143,745,2023-12-11
8986,3143,865,2023-11-02
8987,3144,175,2024-06-11
8988,3144,1039,2024-02-01
8989,3144,1185,2023-11-20
8990,3145,23,2024-12-16
8991,3145,58,2024-07-02
8992,3145,116,2024-06-13
8993,3145,337,2023-12-21
8994,3145,367,2024-04-22
8995,3145,411,2024-05-03
8996,3145,1178,2024-12-05
8997,3146,56,2024-03-02
8998,3146,319,2024-11-09
8999,3146,763,2024-09-17
9000,3146,836,2024-06-22
9001,3146,866,2024-07-18
9002,3146,1007,2024-09-12
9003,3146,1283,2024-11-08
9004,3146,1440,2024-02-14
9005,3147,15,2024-06-22
9006,3147,149,2024-09-24
9007,3147,326,2024-10-24
9008,3147,1083,2023-11-20
9009,3148,81,2024-02-07
9010,3148,257,2023-12-09
9011,3148,1145,2024-06-25
9012,3148,1428,2024-03-30
9013,3149,116,2024-03-25
9014,3149,200,2024-02-13
9015,3149,922,2024-07-17
9016,3149,992,2023-10-28
9017,3149,1202,2024-11-20
9018,3150,38,2024-01-23
9019,3150,696,2025-01-16
9020,3150,880,2024-06-02
9021,3150,1182,2024-03-19
9022,3150,1313,2024-12-13
9023,3150,1402,2023-11-26
9024,3151,163,2024-12-23
9025,3151,1225,2024-03-22
9026,3151,1480,2024-07-03
9027,3152,82,2024-12-26
9028,3152,277,2024-04-03
9029,3152,853,2024-10-15
9030,3152,1263,2024-06-11
9031,3153,199,2024-09-27
9032,3153,1128,2024-01-20
9033,3154,147,2024-05-03
9034,3154,556,2023-11-14
9035,3154,860,2024-01-10
9036,3154,1090,2024-08-03
9037,3154,1281,2024-01-16
9038,3155,156,2024-04-07
9039,3155,540,2024-02-29
9040,3155,1315,2024-11-17
9041,3156,34,2024-11-07
9042,3156,680,2024-05-08
9043,3156,726,2024-10-04
9044,3156,816,2024-07-16
9045,3156,1155,2024-05-13
9046,3157,37,2024-01-03
9047,3157,194,2025-01-19
9048,3157,288,2024-06-06
9049,3157,702,2024-01-23
9050,3157,879,2024-07-30
9051,3157,998,2024-07-10
9052,3158,106,2024-12-19
9053,3158,123,2024-03-21
9054,3158,534,2023-11-12
9055,3158,540,2024-06-05
9056,3158,678,2024-05-20
9057,3158,847,2024-05-26
9058,3158,979,2024-02-25
9059,3158,1393,2023-12-28
9060,3159,203,2023-10-25
9061,3159,631,2024-06-04
9062,3159,902,2024-09-18
9063,3160,34,2025-01-18
9064,3160,465,2024-04-30
9065,3160,562,2024-10-03
9066,3161,169,2024-02-02
9067,3161,503,2024-01-01
9068,3161,704,2024-06-20
9069,3161,766,2025-02-15
9070,3161,795,2023-11-23
9071,3161,881,2025-01-02
9072,3161,1399,2024-12-20
9073,3161,1477,2024-10-15
9074,3162,13,2024-02-02
9075,3162,37,2025-02-13
9076,3162,557,2024-04-10
9077,3162,569,2024-02-03
9078,3162,749,2024-10-26
9079,3162,926,2024-07-26
9080,3162,1210,2025-02-02
9081,3162,1429,2024-05-12
9082,3163,58,2024-06-19
9083,3163,977,2024-05-20
9084,3163,1087,2024-10-08
9085,3163,1110,2023-12-29
9086,3164,11,2024-04-20
9087,3164,257,2024-08-24
9088,3164,641,2023-12-23
9089,3164,741,2024-02-08
9090,3164,1210,2025-01-19
9091,3165,123,2024-07-16
9092,3165,203,2024-05-27
9093,3165,1065,2024-10-23
9094,3165,1236,2024-07-04
9095,3165,1263,2024-12-20
9096,3166,123,2024-06-19
9097,3166,1139,2024-08-25
9098,3166,1456,2023-11-15
9099,3167,31,2024-05-15
9100,3167,38,2025-01-20
9101,3167,47,2024-09-27
9102,3167,928,2024-10-09
9103,3167,1291,2023-11-04
9104,3167,1337,2024-12-01
9105,3168,46,2024-03-02
9106,3168,81,2024-07-10
9107,3168,240,2025-02-01
9108,3168,327,2025-02-10
9109,3168,425,2024-07-13
9110,3168,1396,2024-05-08
9111,3168,1449,2024-08-17
9112,3168,1488,2024-10-01
9113,3169,11,2024-02-16
9114,3169,88,2024-01-18
9115,3169,169,2023-11-18
9116,3169,419,2024-10-09
9117,3169,1207,2024-04-08
9118,3170,125,2024-11-22
9119,3170,309,2024-04-26
9120,3170,444,2024-11-21
9121,3170,610,2024-02-17
9122,3170,1060,2024-02-29
9123,3171,11,2023-10-23
9124,3171,163,2024-04-14
9125,3171,361,2024-11-26
9126,3171,363,2023-11-02
9127,3171,473,2024-10-05
9128,3171,738,2024-07-14
9129,3171,820,2025-02-14
9130,3171,923,2024-12-20
9131,3171,1275,2024-08-24
9132,3172,138,2024-11-18
9133,3172,146,2024-01-02
9134,3172,318,2024-06-18
9135,3173,108,2024-01-30
9136,3173,123,2024-08-10
9137,3173,598,2024-05-21
9138,3173,833,2024-11-03
9139,3173,958,2023-12-01
9140,3173,1118,2025-01-25
9141,3174,96,2024-04-04
9142,3174,222,2024-08-20
9143,3174,863,2024-12-30
9144,3174,994,2024-06-06
9145,3174,1460,2024-05-26
9146,3175,47,2024-02-28
9147,3175,81,2024-11-20
9148,3175,85,2023-10-24
9149,3175,381,2024-03-28
9150,3175,1131,2024-01-26
9151,3175,1416,2024-10-03
9152,3176,34,2024-09-19
9153,3176,247,2024-10-31
9154,3176,519,2024-04-01
9155,3176,1066,2024-05-17
9156,3177,204,2024-06-06
9157,3177,355,2023-11-18
9158,3177,1414,2024-10-31
9159,3177,1442,2024-06-18
9160,3177,1480,2024-07-02
9161,3178,146,2024-08-19
9162,3178,792,2025-01-13
9163,3179,15,2024-06-13
9164,3179,136,2024-07-01
9165,3179,325,2024-10-17
9166,3179,454,2024-04-10
9167,3179,554,2024-04-13
9168,3179,769,2024-02-27
9169,3179,858,2024-01-09
9170,3179,953,2024-05-30
9171,3179,1479,2024-12-28
9172,3180,11,2023-11-28
9173,3180,97,2024-08-15
9174,3180,137,2024-10-14
9175,3180,352,2025-01-03
9176,3180,671,2023-11-03
9177,3180,1061,2024-02-20
9178,3180,1199,2024-12-18
9179,3181,116,2024-11-23
9180,3181,128,2024-07-15
9181,3181,387,2024-02-29
9182,3181,410,2024-01-03
9183,3181,552,2024-12-25
9184,3181,661,2024-01-20
9185,3181,1234,2024-06-20
9186,3181,1374,2024-02-04
9187,3182,56,2025-01-02
9188,3182,195,2024-05-13
9189,3182,1332,2024-11-06
9190,3183,37,2024-12-21
9191,3183,481,2023-12-25
9192,3183,838,2024-06-09
9193,3183,979,2024-10-27
9194,3183,1379,2024-02-02
9195,3184,97,2024-01-20
9196,3184,353,2023-11-19
9197,3184,897,2024-10-15
9198,3184,1063,2024-01-18
9199,3184,1187,2024-01-17
9200,3184,1279,2025-02-14
9201,3185,138,2024-09-13
9202,3185,147,2024-01-03
9203,3185,427,2024-06-22
9204,3185,574,2023-12-11
9205,3185,996,2023-12-13
9206,3185,1225,2024-11-12
9207,3186,116,2023-11-27
9208,3186,371,2024-12-20
9209,3186,571,2024-06-13
9210,3186,926,2024-12-18
9211,3186,1185,2024-04-26
9212,3187,96,2024-09-17
9213,3187,119,2025-01-16
9214,3187,146,2024-06-26
9215,3187,395,2024-05-25
9216,3187,796,2024-08-25
9217,3188,93,2023-12-20
9218,3188,307,2024-06-27
9219,3188,1444,2023-12-13
9220,3189,13,2024-05-23
9221,3189,105,2024-01-12
9222,3189,842,2023-11-18
9223,3189,1038,2024-11-22
9224,3190,114,2024-03-18
9225,3190,123,2024-01-08
9226,3190,148,2024-08-30
9227,3190,359,2025-01-14
9228,3190,816,2024-07-24
9229,3190,901,2024-04-27
9230,3190,1096,2023-12-17
9231,3190,1434,2024-03-15
9232,3191,81,2024-03-05
9233,3191,565,2024-12-21
9234,3191,704,2024-07-28
9235,3191,815,2024-05-13
9236,3191,819,2024-08-10
9237,3191,838,2024-07-29
9238,3191,959,2024-02-16
9239,3191,1196,2023-11-05
9240,3191,1359,2024-04-28
9241,3192,96,2024-01-17
9242,3192,186,2025-02-12
9243,3192,306,2023-12-12
9244,3192,354,2024-12-20
9245,3192,657,2024-05-24
9246,3192,1099,2024-08-11
9247,3193,11,2023-10-24
9248,3193,37,2024-02-03
9249,3193,238,2024-08-14
9250,3193,376,2024-12-31
9251,3193,725,2024-12-05
9252,3193,989,2024-01-19
9253,3194,13,2024-01-23
9254,3194,93,2023-11-04
9255,3194,342,2025-01-22
9256,3195,58,2024-01-20
9257,3195,163,2024-11-05
9258,3195,426,2024-05-18
9259,3195,807,2024-08-06
9260,3195,960,2024-11-29
9261,3195,964,2024-07-27
9262,3196,97,2023-10-27
9263,3196,309,2023-12-07
9264,3196,319,2025-01-17
9265,3196,388,2024-03-04
9266,3196,463,2024-01-22
9267,3196,1361,2024-10-01
9268,3197,169,2024-05-10
9269,3197,583,2024-03-05
9270,3197,976,2024-06-29
9271,3197,1019,2024-12-17
9272,3197,1233,2023-11-28
9273,3197,1393,2023-11-20
9274,3198,127,2024-05-23
9275,3198,204,2024-07-25
9276,3198,454,2023-11-01
9277,3198,574,2025-01-06
9278,3198,682,2023-11-25
9279,3198,1140,2024-06-06
9280,3199,116,2024-06-13
9281,3199,410,2025-01-14
9282,3199,575,2025-01-16
9283,3199,1131,2024-11-11
9284,3200,56,2023-10-29
9285,3200,517,2025-02-02
9286,3200,734,2024-02-07
9287,3200,1011,2024-12-05
9288,3200,1420,2023-11-30
9289,3201,82,2024-05-11
9290,3201,132,2025-02-04
9291,3201,351,2024-01-27
9292,3201,392,2024-06-04
9293,3201,714,2025-01-16
9294,3201,857,2024-11-21
9295,3201,1072,2023-11-09
9296,3202,48,2025-01-16
9297,3202,56,2024-04-12
9298,3202,200,2024-10-04
9299,3202,365,2023-10-25
9300,3202,468,2025-02-12
9301,3202,775,2023-11-05
9302,3202,1360,2024-03-17
9303,3203,16,2024-08-13
9304,3203,47,2024-01-29
9305,3203,97,2024-02-03
9306,3203,273,2024-01-22
9307,3203,332,2024-05-18
9308,3203,631,2024-12-20
9309,3203,1062,2024-06-10
9310,3203,1082,2024-01-21
9311,3204,38,2024-02-26
9312,3204,106,2025-01-31
9313,3204,147,2024-03-11
9314,3204,191,2024-04-29
9315,3204,701,2024-08-10
9316,3204,753,2024-02-11
9317,3204,999,2024-12-29
9318,3204,1154,2023-12-16
9319,3205,149,2025-01-03
9320,3205,476,2024-12-06
9321,3205,1112,2024-06-01
9322,3205,1343,2024-01-09
9323,3205,1419,2024-08-03
9324,3206,23,2024-03-10
9325,3206,81,2024-11-23
9326,3206,336,2024-06-03
9327,3206,368,2024-05-28
9328,3206,517,2024-02-20
9329,3206,1005,2025-01-30
9330,3206,1136,2024-07-30
9331,3206,1215,2023-10-22
9332,3206,1421,2024-07-22
9333,3206,1450,2024-02-10
9334,3207,138,2024-08-03
9335,3207,351,2023-11-05
9336,3207,531,2024-11-02
9337,3207,583,2024-05-10
9338,3207,805,2024-11-10
9339,3207,936,2025-02-06
9340,3208,93,2024-04-03
9341,3208,156,2024-03-01
9342,3209,125,2023-11-20
9343,3209,240,2024-01-08
9344,3209,505,2025-01-13
9345,3209,880,2024-04-16
9346,3209,1402,2024-08-30
9347,3210,138,2024-10-27
9348,3210,390,2024-08-28
9349,3210,554,2024-12-11
9350,3210,561,2024-07-27
9351,3210,951,2024-04-03
9352,3210,1160,2023-12-14
9353,3210,1205,2024-10-11
9354,3211,44,2024-08-24
9355,3211,116,2024-02-09
9356,3211,231,2024-10-31
9357,3211,311,2024-08-24
9358,3211,549,2024-02-12
9359,3211,1097,2023-12-24
9360,3211,1150,2024-06-12
9361,3211,1320,2024-10-12
9362,3211,1339,2024-01-08
9363,3212,34,2024-11-11
9364,3212,79,2024-06-28
9365,3212,347,2024-01-20
9366,3212,1094,2024-07-22
9367,3212,1106,2025-01-02
9368,3213,100,2023-12-03
9369,3213,163,2024-01-09
9370,3213,482,2025-01-20
9371,3213,818,2024-08-08
9372,3213,1051,2023-12-19
9373,3213,1228,2024-12-13
9374,3213,1409,2024-05-05
9375,3214,13,2024-02-10
9376,3214,158,2024-04-15
9377,3214,424,2024-09-17
9378,3214,1418,2023-11-13
9379,3215,156,2024-03-20
9380,3215,162,2024-11-18
9381,3215,971,2024-08-03
9382,3215,1075,2024-12-11
9383,3216,58,2024-05-26
9384,3216,109,2023-11-19
9385,3216,355,2023-12-23
9386,3216,357,2024-12-18
9387,3216,525,2024-05-27
9388,3217,34,2024-10-21
9389,3217,216,2024-05-21
9390,3217,867,2024-06-07
9391,3217,1162,2024-05-09
9392,3218,38,2024-09-14
9393,3218,81,2024-04-06
9394,3218,182,2024-12-14
9395,3218,354,2024-01-15
9396,3218,783,2024-06-08
9397,3218,1161,2025-01-03
9398,3218,1468,2024-01-13
9399,3218,1492,2024-07-29
9400,3219,34,2024-09-13
9401,3219,51,2024-03-23
9402,3219,916,2024-04-19
9403,3219,1207,2024-02-02
9404,3220,13,2024-08-16
9405,3220,159,2024-06-26
9406,3220,313,2024-03-03
9407,3220,616,2024-09-03
9408,3220,618,2024-11-06
9409,3220,1164,2024-09-04
9410,3221,203,2024-08-15
9411,3221,232,2024-04-28
9412,3221,436,2023-10-31
9413,3221,1118,2024-06-07
9414,3221,1201,2024-10-24
9415,3222,13,2023-10-20
9416,3222,307,2024-07-04
9417,3222,672,2025-01-01
9418,3222,1207,2024-07-25
9419,3222,1308,2024-05-29
9420,3222,1330,2024-03-22
9421,3223,124,2024-12-10
9422,3223,147,2023-10-21
9423,3223,169,2024-05-21
9424,3223,276,2024-11-06
9425,3223,408,2024-06-29
9426,3223,841,2024-04-23
9427,3223,1118,2024-11-08
9428,3223,1303,2024-05-18
9429,3224,81,2024-12-26
9430,3224,135,2025-01-07
9431,3224,702,2023-10-31
9432,3224,922,2024-01-14
9433,3224,1279,2023-11-11
9434,3224,1312,2024-07-25
9435,3224,1327,2023-10-25
9436,3225,58,2024-09-24
9437,3225,385,2024-10-20
9438,3225,549,2025-02-03
9439,3225,856,2023-12-11
9440,3226,15,2024-08-04
9441,3226,1375,2024-12-24
9442,3227,146,2024-12-25
9443,3227,535,2024-01-15
9444,3227,558,2024-08-19
9445,3228,34,2023-11-12
9446,3228,117,2024-01-12
9447,3228,807,2024-01-23
9448,3228,825,2024-11-18
9449,3228,865,2023-11-28
9450,3228,993,2025-01-24
9451,3229,81,2024-04-27
9452,3229,327,2024-11-20
9453,3229,345,2024-12-15
9454,3229,589,2025-02-14
9455,3229,733,2024-03-21
9456,3229,765,2025-01-13
9457,3229,1040,2024-12-09
9458,3229,1339,2024-02-18
9459,3230,58,2024-09-01
9460,3230,403,2023-11-05
9461,3230,866,2024-03-11
9462,3230,1084,2024-02-29
9463,3230,1349,2024-07-23
9464,3230,1460,2024-08-08
9465,3230,1477,2025-01-29
9466,3231,203,2023-11-06
9467,3231,821,2024-08-14
9468,3231,1156,2024-02-12
9469,3232,146,2024-01-16
9470,3232,156,2025-01-22
9471,3232,850,2024-01-08
9472,3232,1397,2024-04-15
9473,3232,1411,2024-01-26
9474,3233,165,2024-02-23
9475,3233,1248,2024-02-02
9476,3233,1435,2024-01-16
9477,3234,161,2023-10-23
9478,3234,165,2024-01-13
9479,3234,420,2024-02-22
9480,3235,97,2024-04-20
9481,3235,163,2023-11-23
9482,3235,233,2023-11-09
9483,3235,946,2024-01-06
9484,3235,1059,2024-12-07
9485,3236,97,2024-04-28
9486,3236,327,2025-01-25
9487,3236,729,2024-09-17
9488,3236,1210,2024-12-05
9489,3236,1368,2024-04-06
9490,3236,1445,2024-04-13
9491,3237,13,2024-12-29
9492,3237,96,2023-11-19
9493,3237,123,2023-12-17
9494,3237,415,2024-08-31
9495,3237,600,2025-01-14
9496,3237,999,2024-10-27
9497,3237,1089,2024-02-12
9498,3237,1372,2024-04-09
9499,3238,34,2024-03-13
9500,3238,180,2024-04-05
9501,3238,438,2024-11-30
9502,3238,796,2024-10-21
9503,3238,815,2024-10-03
9504,3238,1224,2025-01-21
9505,3238,1350,2023-11-06
9506,3239,23,2024-02-12
9507,3239,58,2024-12-30
9508,3239,151,2024-05-14
9509,3239,473,2024-08-12
9510,3239,514,2024-07-04
9511,3239,1150,2024-12-09
9512,3239,1355,2024-07-29
9513,3240,169,2024-12-06
9514,3240,1011,2024-08-01
9515,3240,1496,2024-03-13
9516,3240,1498,2024-10-09
9517,3241,192,2024-11-24
9518,3241,298,2024-02-03
9519,3241,353,2024-09-03
9520,3242,203,2024-01-27
9521,3242,646,2024-11-09
9522,3242,817,2024-11-20
9523,3242,1050,2024-02-22
9524,3242,1176,2024-01-26
9525,3243,13,2025-01-10
9526,3243,169,2024-01-11
9527,3243,635,2024-03-18
9528,3243,1154,2024-12-28
9529,3243,1260,2024-02-23
9530,3243,1362,2024-05-08
9531,3243,1379,2025-02-01
9532,3244,41,2024-01-11
9533,3244,81,2024-08-18
9534,3244,276,2024-05-25
9535,3244,309,2023-12-26
9536,3244,413,2023-10-23
9537,3244,517,2024-12-08
9538,3244,1433,2024-07-21
9539,3245,70,2023-11-02
9540,3245,125,2024-04-14
9541,3245,357,2024-08-03
9542,3245,525,2024-11-05
9543,3245,552,2024-11-02
9544,3245,1093,2024-07-21
9545,3246,29,2024-09-14
9546,3246,56,2024-02-15
9547,3246,1244,2023-12-21
9548,3247,23,2023-12-23
9549,3247,38,2024-12-18
9550,3247,159,2024-11-26
9551,3247,276,2024-03-05
9552,3247,828,2024-11-08
9553,3247,889,2024-03-06
9554,3247,978,2023-12-05
9555,3247,1500,2024-01-10
9556,3248,37,2025-01-12
9557,3248,191,2024-08-11
9558,3248,225,2023-11-18
9559,3248,302,2024-06-03
9560,3248,395,2024-11-22
9561,3248,583,2024-04-07
9562,3248,733,2024-11-07
9563,3248,1316,2024-08-21
9564,3248,1452,2024-05-08
9565,3249,56,2024-03-28
9566,3249,443,2025-01-26
9567,3249,845,2025-01-09
9568,3249,1121,2024-08-28
9569,3249,1126,2024-08-22
9570,3250,96,2024-08-29
9571,3250,102,2023-12-27
9572,3250,309,2023-11-17
9573,3250,473,2023-12-19
9574,3250,1054,2024-01-01
9575,3250,1427,2024-02-21
9576,3251,156,2024-06-30
9577,3251,637,2024-05-12
9578,3251,736,2024-01-29
9579,3251,812,2023-11-27
9580,3251,1188,2024-06-22
9581,3252,13,2024-06-11
9582,3252,93,2024-03-26
9583,3252,257,2024-08-16
9584,3252,414,2024-04-27
9585,3252,784,2024-03-10
9586,3252,956,2024-01-09
9587,3252,1287,2023-11-22
9588,3253,4,2025-01-26
9589,3253,165,2023-10-27
9590,3253,583,2024-05-03
9591,3253,601,2024-01-21
9592,3253,976,2024-08-19
9593,3253,1462,2024-11-19
9594,3254,149,2025-01-05
9595,3254,1171,2024-03-05
9596,3255,39,2024-09-12
9597,3255,71,2023-12-06
9598,3255,82,2024-08-04
9599,3255,1140,2024-02-01
9600,3255,1186,2025-01-23
9601,3255,1205,2024-06-05
9602,3255,1423,2024-04-12
9603,3256,169,2024-09-02
9604,3256,390,2024-11-30
9605,3256,504,2023-12-09
9606,3256,619,2024-08-15
9607,3256,892,2023-12-26
9608,3256,1009,2024-01-20
9609,3257,11,2024-05-09
9610,3257,706,2024-06-04
9611,3258,34,2023-11-27
9612,3258,148,2024-10-13
9613,3258,428,2024-02-14
9614,3258,946,2023-12-10
9615,3259,38,2024-06-22
9616,3259,701,2024-04-27
9617,3259,728,2024-02-15
9618,3259,751,2024-10-23
9619,3259,983,2024-05-12
9620,3259,1270,2023-12-24
9621,3260,138,2025-02-14
9622,3260,191,2024-05-23
9623,3260,388,2024-12-30
9624,3260,441,2024-03-08
9625,3260,1286,2024-06-18
9626,3260,1470,2024-03-31
9627,3261,204,2024-01-05
9628,3261,229,2024-09-25
9629,3261,313,2024-12-29
9630,3261,433,2024-07-06
9631,3261,535,2024-09-06
9632,3261,1078,2025-01-31
9633,3261,1437,2024-05-11
9634,3262,43,2024-02-25
9635,3262,109,2024-05-03
9636,3262,126,2023-12-11
9637,3262,165,2025-01-21
9638,3262,525,2025-01-25
9639,3262,1345,2023-12-31
9640,3263,149,2024-10-13
9641,3263,517,2023-11-02
9642,3263,693,2025-01-17
9643,3264,125,2024-09-01
9644,3264,422,2024-05-24
9645,3264,721,2023-12-20
9646,3264,993,2024-06-05
9647,3265,149,2024-12-07
9648,3265,175,2024-11-15
9649,3265,341,2024-02-14
9650,3265,439,2023-11-02
9651,3265,1152,2023-10-22
9652,3265,1159,2024-08-07
9653,3265,1271,2024-08-18
9654,3265,1443,2024-01-09
9655,3266,82,2024-09-21
9656,3266,563,2024-11-02
9657,3266,568,2025-01-12
9658,3266,759,2024-07-18
9659,3266,1023,2025-01-24
9660,3266,1091,2024-03-05
9661,3267,17,2024-03-29
9662,3267,199,2025-01-09
9663,3267,361,2023-12-29
9664,3267,565,2024-03-06
9665,3267,759,2023-11-20
9666,3267,923,2024-01-25
9667,3268,204,2024-01-13
9668,3268,475,2024-10-15
9669,3268,534,2023-12-13
9670,3268,979,2023-11-21
9671,3269,165,2024-04-18
9672,3269,316,2024-10-07
9673,3269,370,2024-02-14
9674,3269,608,2025-01-02
9675,3269,615,2024-04-06
9676,3269,788,2024-04-18
9677,3270,47,2023-10-25
9678,3270,58,2024-03-30
9679,3270,963,2023-12-07
9680,3270,1053,2024-03-06
9681,3270,1118,2024-02-04
9682,3270,1201,2024-10-22
9683,3271,38,2024-11-18
9684,3271,300,2023-12-30
9685,3271,925,2023-12-10
9686,3271,949,2024-08-12
9687,3272,93,2024-09-11
9688,3272,729,2023-12-12
9689,3272,954,2024-03-21
9690,3272,1177,2024-02-18
9691,3273,9,2024-09-25
9692,3273,158,2024-12-23
9693,3273,163,2023-11-14
9694,3273,396,2024-07-10
9695,3273,1229,2024-12-28
9696,3274,15,2024-06-02
9697,3274,612,2024-06-24
9698,3275,38,2025-01-31
9699,3275,950,2024-08-17
9700,3275,1150,2024-06-12
9701,3276,38,2024-09-10
9702,3276,206,2023-12-30
9703,3276,573,2024-03-01
9704,3276,1053,2024-06-14
9705,3277,93,2024-08-24
9706,3277,132,2023-12-23
9707,3277,136,2024-04-28
9708,3277,260,2024-10-08
9709,3277,519,2024-11-02
9710,3277,680,2024-02-25
9711,3278,203,2025-01-02
9712,3278,711,2023-12-26
9713,3278,876,2024-01-06
9714,3278,990,2023-12-06
9715,3278,1083,2024-07-02
9716,3278,1408,2024-07-25
9717,3279,123,2024-02-17
9718,3279,349,2024-10-16
9719,3279,700,2024-12-12
9720,3279,1100,2024-02-27
9721,3279,1230,2024-09-05
9722,3279,1264,2024-12-01
9723,3279,1324,2024-09-29
9724,3279,1336,2024-04-01
9725,3280,37,2024-10-12
9726,3280,258,2025-02-08
9727,3280,468,2024-07-22
9728,3280,698,2024-11-28
9729,3280,1273,2023-12-15
9730,3280,1283,2024-08-17
9731,3280,1356,2024-01-20
9732,3281,11,2024-10-30
9733,3281,40,2025-02-05
9734,3281,260,2023-10-23
9735,3281,392,2024-03-22
9736,3281,826,2024-11-18
9737,3281,1194,2024-07-23
9738,3282,100,2024-06-23
9739,3282,163,2024-06-28
9740,3282,430,2023-11-10
9741,3282,598,2024-05-27
9742,3282,1323,2024-06-28
9743,3282,1497,2024-09-08
9744,3283,125,2024-05-02
9745,3283,328,2024-12-17
9746,3283,478,2024-08-09
9747,3283,773,2024-01-29
9748,3283,805,2024-02-03
9749,3283,1188,2025-01-12
9750,3284,116,2024-02-17
9751,3284,191,2024-11-10
9752,3284,288,2024-01-15
9753,3284,515,2024-08-16
9754,3284,840,2024-08-16
9755,3284,865,2024-07-31
9756,3284,1018,2024-05-27
9757,3284,1374,2024-04-18
9758,3285,12,2023-12-07
9759,3285,93,2024-04-20
9760,3285,816,2025-01-08
9761,3285,832,2024-08-31
9762,3285,952,2025-02-13
9763,3286,11,2023-11-18
9764,3286,18,2024-01-12
9765,3286,1039,2024-04-11
9766,3286,1391,2024-06-15
9767,3287,38,2024-10-20
9768,3287,108,2024-07-23
9769,3287,484,2024-09-24
9770,3287,923,2024-03-16
9771,3287,1062,2024-05-28
9772,3287,1134,2024-03-08
9773,3287,1303,2023-11-18
9774,3288,81,2025-01-14
9775,3288,925,2024-07-12
9776,3288,1142,2024-04-07
9777,3289,185,2024-09-09
9778,3289,203,2024-07-03
9779,3289,362,2024-11-25
9780,3289,400,2024-11-24
9781,3289,612,2024-04-20
9782,3289,1107,2024-10-30
9783,3289,1381,2024-07-15
9784,3290,15,2024-07-17
9785,3290,246,2024-01-26
9786,3290,307,2024-12-17
9787,3290,1364,2024-11-01
9788,3291,38,2024-07-23
9789,3291,69,2024-01-15
9790,3291,463,2024-11-19
9791,3291,793,2024-04-01
9792,3292,101,2024-10-12
9793,3292,147,2024-05-30
9794,3292,165,2024-10-17
9795,3292,501,2024-11-29
9796,3293,175,2024-06-20
9797,3293,233,2023-12-28
9798,3293,504,2024-05-14
9799,3293,769,2024-11-26
9800,3294,79,2024-01-16
9801,3294,199,2023-10-29
9802,3294,242,2024-11-01
9803,3294,465,2024-07-06
9804,3294,919,2024-03-04
9805,3294,1019,2024-05-10
9806,3295,11,2024-06-22
9807,3295,274,2023-12-23
9808,3295,293,2024-09-21
9809,3295,336,2024-08-14
9810,3295,517,2024-11-21
9811,3295,583,2024-01-14
9812,3295,772,2024-04-22
9813,3295,889,2024-03-24
9814,3295,1017,2025-02-04
9815,3295,1143,2024-02-07
9816,3295,1329,2025-01-03
9817,3296,93,2024-11-22
9818,3296,111,2024-09-10
9819,3296,156,2025-01-09
9820,3296,503,2024-03-31
9821,3296,612,2024-10-31
9822,3297,96,2024-04-28
9823,3297,317,2023-11-30
9824,3297,362,2024-11-25
9825,3297,985,2024-08-14
9826,3297,1450,2024-05-07
9827,3298,125,2024-01-14
9828,3298,573,2024-07-30
9829,3298,876,2024-01-09
9830,3298,1257,2024-01-16
9831,3299,147,2024-01-21
9832,3299,778,2025-01-07
9833,3299,1104,2024-04-16
9834,3299,1263,2023-10-24
9835,3299,1478,2024-11-09
9836,3300,11,2023-12-13
9837,3300,614,2024-07-19
9838,3300,762,2024-01-21
9839,3300,1194,2024-04-17
9840,3300,1262,2024-10-27
9841,3301,125,2024-11-30
9842,3301,542,2024-09-23
9843,3301,1110,2025-02-09
9844,3302,186,2024-09-09
9845,3302,199,2024-05-14
9846,3302,489,2024-01-14
9847,3302,842,2024-11-10
9848,3302,865,2025-01-14
9849,3302,1379,2024-03-21
9850,3303,58,2024-06-04
9851,3303,72,2024-01-16
9852,3303,229,2024-07-28
9853,3303,327,2024-05-17
9854,3303,562,2024-01-24
9855,3303,839,2024-08-16
9856,3303,851,2024-11-12
9857,3303,878,2024-02-25
9858,3303,1129,2025-01-12
9859,3304,125,2024-01-20
9860,3304,276,2024-09-14
9861,3304,331,2023-10-26
9862,3304,998,2023-12-05
9863,3304,1004,2024-12-28
9864,3304,1049,2025-02-15
9865,3304,1258,2024-01-14
9866,3304,1314,2024-11-28
9867,3304,1327,2024-01-11
9868,3305,34,2024-02-22
9869,3305,369,2025-02-03
9870,3305,907,2024-03-08
9871,3305,1400,2023-12-03
9872,3306,13,2024-03-15
9873,3306,910,2024-08-06
9874,3307,192,2024-08-08
9875,3307,488,2024-01-17
9876,3308,11,2024-08-19
9877,3308,1106,2023-10-25
9878,3308,1472,2024-11-26
9879,3309,147,2023-10-26
9880,3309,330,2024-08-25
9881,3309,466,2024-10-13
9882,3309,767,2024-09-19
9883,3310,163,2024-05-20
9884,3310,258,2024-05-08
9885,3310,350,2024-01-15
9886,3310,1068,2024-12-18
9887,3310,1360,2024-10-09
9888,3311,82,2024-06-03
9889,3311,171,2023-11-09
9890,3311,260,2023-12-27
9891,3311,1223,2024-05-16
9892,3311,1298,2024-05-11
9893,3312,147,2023-10-20
9894,3312,192,2024-03-02
9895,3312,991,2025-02-01
9896,3313,58,2024-12-18
9897,3313,84,2025-01-18
9898,3313,169,2024-04-12
9899,3313,337,2024-12-16
9900,3313,379,2024-12-22
9901,3313,637,2023-11-15
9902,3313,802,2024-08-12
9903,3313,913,2024-04-21
9904,3313,1366,2024-05-27
9905,3314,138,2024-01-27
9906,3314,462,2024-01-22
9907,3314,1043,2023-11-23
9908,3314,1484,2024-06-20
9909,3315,138,2024-12-21
9910,3315,146,2024-03-13
9911,3315,215,2024-09-15
9912,3315,455,2023-11-09
9913,3315,1190,2023-10-29
9914,3315,1417,2024-10-21
9915,3316,38,2024-02-15
9916,3316,53,2024-08-29
9917,3316,524,2023-11-27
9918,3316,941,2023-11-14
9919,3317,175,2024-10-31
9920,3317,278,2024-11-12
9921,3317,292,2023-12-02
9922,3317,334,2024-08-09
9923,3317,1149,2024-02-09
9924,3317,1210,2024-02-22
9925,3317,1461,2024-04-26
9926,3318,37,2024-11-13
9927,3318,186,2024-01-30
9928,3318,290,2024-07-21
9929,3318,657,2024-09-01
9930,3318,801,2024-01-18
9931,3318,948,2023-12-27
9932,3318,1022,2024-01-10
9933,3319,175,2024-03-20
9934,3319,404,2024-12-21
9935,3319,796,2024-06-13
9936,3319,973,2023-12-06
9937,3319,1249,2023-12-03
9938,3320,34,2024-08-18
9939,3320,104,2024-02-10
9940,3320,270,2024-05-02
9941,3320,644,2024-12-29
9942,3320,701,2023-10-22
9943,3320,907,2024-10-09
9944,3320,1072,2023-11-12
9945,3321,34,2024-05-21
9946,3321,142,2023-10-30
9947,3321,558,2025-02-08
9948,3321,886,2024-07-16
9949,3321,946,2024-01-01
9950,3321,1270,2024-06-12
9951,3321,1379,2024-06-24
9952,3322,82,2024-09-21
9953,3322,319,2023-11-08
9954,3322,756,2024-04-01
9955,3322,1112,2024-05-11
9956,3322,1436,2024-03-11
9957,3323,191,2024-05-11
9958,3323,840,2023-12-15
9959,3323,1067,2025-02-03
9960,3323,1197,2024-10-04
9961,3323,1281,2024-11-06
9962,3324,169,2024-05-21
9963,3324,288,2024-12-18
9964,3324,365,2024-12-23
9965,3324,1065,2023-11-17
9966,3324,1112,2024-06-18
9967,3324,1448,2024-05-30
9968,3325,93,2025-01-07
9969,3325,128,2023-12-25
9970,3325,186,2024-05-07
9971,3325,192,2024-03-12
9972,3325,476,2024-02-08
9973,3325,1022,2024-10-16
9974,3325,1236,2024-07-15
9975,3326,123,2024-10-19
9976,3326,620,2025-02-11
9977,3326,754,2024-04-18
9978,3326,894,2023-10-25
9979,3326,1030,2023-10-27
9980,3326,1317,2024-08-08
9981,3327,25,2024-04-03
9982,3327,125,2024-02-13
9983,3327,378,2024-06-13
9984,3327,477,2024-01-16
9985,3328,169,2024-01-30
9986,3328,327,2024-03-06
9987,3328,438,2024-05-23
9988,3328,1352,2023-12-05
9989,3328,1403,2024-06-03
9990,3329,96,2024-12-15
9991,3329,1345,2024-05-24
9992,3330,146,2024-09-21
9993,3330,361,2024-01-03
9994,3330,485,2024-12-31
9995,3330,923,2024-02-11
9996,3330,963,2024-09-28
9997,3330,1036,2023-12-15
9998,3330,1161,2024-02-02
9999,3330,1282,2025-01-06
10000,3331,81,2025-01-15
10001,3331,899,2024-01-29
10002,3331,1278,2024-11-25
10003,3331,1286,2024-05-17
10004,3332,163,2023-12-17
10005,3332,255,2023-10-26
10006,3332,273,2024-09-13
10007,3332,517,2025-02-10
10008,3332,674,2024-11-28
10009,3332,758,2024-08-31
10010,3332,1062,2024-02-29
10011,3333,125,2024-03-12
10012,3333,153,2024-10-18
10013,3333,282,2023-12-06
10014,3333,334,2024-05-29
10015,3333,398,2024-03-21
10016,3333,919,2023-12-29
10017,3333,1149,2025-02-11
10018,3334,38,2024-01-30
10019,3334,82,2024-10-20
10020,3334,330,2023-12-09
10021,3334,1294,2024-05-06
10022,3334,1312,2024-04-15
10023,3335,4,2024-03-09
10024,3335,96,2025-01-22
10025,3335,696,2024-12-11
10026,3335,1268,2024-03-15
10027,3335,1274,2023-12-18
10028,3336,123,2025-01-30
10029,3336,299,2024-11-06
10030,3336,838,2024-01-28
10031,3336,1194,2024-06-11
10032,3336,1221,2024-01-19
10033,3336,1322,2024-06-13
10034,3337,11,2024-06-16
10035,3337,517,2024-09-21
10036,3337,827,2025-01-20
10037,3337,1145,2024-05-05
10038,3338,85,2024-07-13
10039,3338,192,2024-04-22
10040,3338,326,2024-06-20
10041,3338,410,2024-05-22
10042,3338,575,2025-01-19
10043,3338,1017,2025-02-01
10044,3338,1301,2024-11-08
10045,3338,1341,2023-11-05
10046,3339,96,2024-05-23
10047,3339,114,2025-01-01
10048,3339,259,2024-10-08
10049,3339,858,2024-02-03
10050,3339,887,2024-11-27
10051,3339,1139,2024-02-25
10052,3339,1140,2024-08-24
10053,3339,1453,2024-03-17
10054,3340,82,2024-01-20
10055,3340,191,2024-09-03
10056,3340,952,2023-11-12
10057,3340,1478,2024-12-12
10058,3341,165,2024-03-10
10059,3341,282,2025-01-12
10060,3341,986,2024-05-26
10061,3341,1035,2024-12-07
10062,3341,1368,2023-11-24
10063,3341,1436,2024-06-18
10064,3342,93,2024-04-04
10065,3342,273,2025-01-01
10066,3342,463,2024-04-11
10067,3342,487,2023-12-10
10068,3342,798,2024-07-07
10069,3342,1024,2024-07-27
10070,3343,100,2024-06-01
10071,3343,186,2023-10-30
10072,3343,203,2023-12-03
10073,3343,631,2024-12-20
10074,3343,831,2024-12-26
10075,3343,865,2024-06-29
10076,3343,1022,2024-09-01
10077,3343,1210,2024-08-30
10078,3344,138,2024-08-04
10079,3344,543,2024-01-24
10080,3344,1149,2024-01-16
10081,3345,175,2024-03-21
10082,3345,310,2024-10-11
10083,3345,867,2024-01-21
10084,3345,1053,2023-11-10
10085,3345,1134,2025-01-13
10086,3345,1201,2024-01-14
10087,3346,163,2024-03-14
10088,3346,286,2024-08-01
10089,3346,390,2024-02-09
10090,3346,557,2024-06-03
10091,3346,805,2024-03-25
10092,3346,976,2024-03-04
10093,3346,1139,2024-11-18
10094,3347,38,2024-03-04
10095,3347,175,2023-11-28
10096,3347,186,2024-11-16
10097,3347,204,2024-06-30
10098,3347,508,2024-01-14
10099,3347,734,2024-02-09
10100,3347,1105,2024-03-05
10101,3348,199,2024-04-13
10102,3348,229,2024-05-26
10103,3348,319,2024-11-22
10104,3348,349,2024-04-08
10105,3348,1100,2024-11-30
10106,3348,1181,2024-01-28
10107,3348,1294,2024-07-02
10108,3349,203,2024-12-14
10109,3349,420,2024-05-06
10110,3349,468,2024-08-08
10111,3349,560,2024-02-27
10112,3349,564,2024-06-05
10113,3349,655,2024-08-06
10114,3349,781,2024-11-12
10115,3350,15,2023-10-25
10116,3350,60,2024-01-12
10117,3350,199,2024-04-20
10118,3350,1145,2025-01-09
10119,3350,1382,2024-03-18
10120,3350,1416,2024-11-18
10121,3351,149,2024-07-20
10122,3351,193,2024-04-26
10123,3351,1245,2024-11-04
10124,3352,38,2024-02-12
10125,3352,138,2024-04-30
10126,3352,281,2024-12-24
10127,3352,455,2024-11-12
10128,3352,843,2023-12-29
10129,3352,1374,2024-05-21
10130,3353,34,2024-08-01
10131,3353,313,2024-08-05
10132,3353,459,2023-11-10
10133,3353,616,2024-03-11
10134,3353,1461,2024-10-06
10135,3353,1478,2024-06-15
10136,3354,81,2024-01-16
10137,3354,532,2024-01-29
10138,3354,757,2024-07-10
10139,3354,835,2024-05-29
10140,3354,1186,2024-10-29
10141,3355,163,2024-10-15
10142,3355,311,2024-03-04
10143,3356,138,2023-11-21
10144,3356,306,2024-09-18
10145,3356,1269,2023-10-26
10146,3356,1418,2023-10-21
10147,3357,169,2024-08-19
10148,3357,561,2024-04-10
10149,3357,1140,2024-02-13
10150,3358,156,2024-07-02
10151,3358,311,2025-01-09
10152,3358,408,2024-04-09
10153,3358,769,2024-09-04
10154,3358,1221,2025-01-15
10155,3359,11,2024-03-28
10156,3359,231,2024-06-22
10157,3359,816,2024-11-02
10158,3359,983,2025-02-14
10159,3359,1154,2024-03-05
10160,3359,1320,2024-01-17
10161,3359,1478,2023-12-05
10162,3360,37,2024-05-07
10163,3360,476,2024-10-25
10164,3360,620,2024-03-10
10165,3360,771,2024-02-17
10166,3360,912,2024-04-01
10167,3360,1361,2024-11-22
10168,3361,116,2024-08-17
10169,3361,520,2024-08-23
10170,3361,1086,2023-10-28
10171,3361,1099,2024-12-20
10172,3362,199,2024-12-01
10173,3362,315,2023-11-05
10174,3362,552,2024-08-12
10175,3362,662,2024-11-22
10176,3362,713,2024-02-09
10177,3362,771,2024-06-20
10178,3362,1005,2024-07-19
10179,3363,58,2023-11-28
10180,3363,289,2024-03-02
10181,3363,302,2024-09-28
10182,3363,778,2024-05-25
10183,3363,796,2023-11-14
10184,3363,818,2024-03-24
10185,3363,1078,2024-06-26
10186,3363,1114,2024-12-26
10187,3363,1128,2024-09-15
10188,3364,163,2024-09-09
10189,3364,359,2024-05-17
10190,3364,499,2024-10-31
10191,3364,982,2023-12-07
10192,3364,1473,2024-03-18
10193,3365,37,2024-02-10
10194,3365,81,2024-06-09
10195,3365,218,2024-07-04
10196,3365,352,2025-01-26
10197,3365,360,2024-07-13
10198,3365,671,2024-03-02
10199,3365,955,2024-03-09
10200,3365,1188,2024-02-05
10201,3366,96,2024-06-10
10202,3366,686,2023-11-15
10203,3366,736,2024-05-09
10204,3366,970,2024-10-26
10205,3366,1188,2024-04-29
10206,3366,1444,2023-12-01
10207,3367,125,2024-07-23
10208,3367,744,2024-11-08
10209,3367,1190,2024-06-07
10210,3368,11,2024-12-24
10211,3368,375,2024-09-17
10212,3368,566,2024-12-31
10213,3369,17,2024-04-16
10214,3369,23,2025-01-11
10215,3369,58,2024-05-19
10216,3369,297,2024-02-28
10217,3369,686,2025-01-20
10218,3369,807,2024-05-19
10219,3370,146,2024-12-27
10220,3370,149,2024-06-15
10221,3370,1027,2023-12-26
10222,3370,1216,2024-10-01
10223,3370,1341,2025-01-10
10224,3370,1359,2024-05-05
10225,3370,1439,2024-11-09
10226,3371,149,2024-02-16
10227,3371,175,2024-05-13
10228,3371,193,2024-07-29
10229,3371,331,2025-02-04
10230,3371,938,2024-12-07
10231,3371,1004,2025-01-23
10232,3371,1021,2024-11-23
10233,3372,165,2023-11-23
10234,3372,432,2024-04-25
10235,3372,487,2024-09-21
10236,3372,575,2024-03-20
10237,3372,785,2025-01-13
10238,3372,834,2024-10-09
10239,3372,1428,2023-12-03
10240,3373,116,2024-07-11
10241,3373,856,2024-04-27
10242,3373,1412,2024-12-11
10243,3374,96,2024-07-10
10244,3374,390,2024-11-05
10245,3374,583,2024-08-26
10246,3374,801,2024-08-07
10247,3374,999,2023-11-06
10248,3375,56,2025-02-11
10249,3375,956,2023-11-19
10250,3375,1294,2024-01-04
10251,3375,1327,2024-06-07
10252,3375,1336,2024-06-19
10253,3375,1433,2025-02-04
10254,3376,109,2024-10-10
10255,3376,169,2024-01-13
10256,3376,351,2024-08-10
10257,3376,583,2024-12-24
10258,3376,756,2023-12-15
10259,3376,1093,2023-10-25
10260,3376,1298,2024-11-20
10261,3376,1320,2024-07-10
10262,3377,15,2024-03-25
10263,3377,1351,2024-04-08
10264,3377,1386,2023-11-09
10265,3378,18,2024-10-11
10266,3378,56,2024-06-08
10267,3378,114,2024-09-16
10268,3378,117,2024-12-23
10269,3378,568,2024-12-21
10270,3378,914,2024-08-02
10271,3378,1295,2024-05-04
10272,3378,1423,2023-10-30
10273,3379,204,2024-03-16
10274,3379,811,2024-02-17
10275,3379,1429,2024-04-23
10276,3380,78,2024-05-17
10277,3380,97,2024-11-08
10278,3380,416,2025-01-13
10279,3380,427,2024-05-26
10280,3381,156,2023-11-06
10281,3381,485,2024-04-09
10282,3381,1101,2025-01-22
10283,3382,34,2023-11-07
10284,3382,146,2024-02-13
10285,3382,347,2024-10-15
10286,3382,793,2024-02-23
10287,3382,1167,2024-06-03
10288,3383,81,2024-03-04
10289,3383,583,2025-01-30
10290,3383,702,2024-05-24
10291,3383,753,2024-08-18
10292,3383,805,2024-07-06
10293,3383,1249,2024-02-22
10294,3383,1320,2024-02-05
10295,3383,1438,2023-11-02
10296,3383,1465,2024-05-09
10297,3384,13,2024-06-23
10298,3384,204,2024-09-14
10299,3384,320,2024-06-01
10300,3384,841,2024-09-24
10301,3384,1359,2024-02-05
10302,3385,156,2023-10-31
10303,3385,629,2024-12-11
10304,3385,919,2024-05-14
10305,3385,1035,2024-06-17
10306,3386,112,2024-10-12
10307,3386,163,2024-11-28
10308,3386,414,2025-01-16
10309,3386,711,2025-01-25
10310,3386,748,2023-12-20
10311,3386,752,2024-07-26
10312,3386,1234,2025-02-08
10313,3386,1268,2023-12-28
10314,3386,1455,2024-01-21
10315,3387,146,2024-10-30
10316,3387,927,2024-01-21
10317,3387,939,2024-05-22
10318,3387,1387,2024-05-17
10319,3388,203,2025-01-16
10320,3388,338,2025-01-01
10321,3388,671,2024-06-19
10322,3388,742,2025-01-28
10323,3388,1063,2024-08-09
10324,3388,1119,2024-09-12
10325,3389,204,2024-03-11
10326,3389,230,2024-11-20
10327,3389,307,2023-11-30
10328,3389,941,2024-08-29
10329,3389,964,2023-10-28
10330,3389,1118,2024-11-17
10331,3389,1207,2024-07-08
10332,3390,57,2024-06-07
10333,3390,123,2024-07-06
10334,3390,196,2024-09-15
10335,3390,305,2024-07-05
10336,3390,376,2024-05-27
10337,3390,916,2024-04-05
10338,3390,1192,2024-02-08
10339,3390,1452,2024-07-03
10340,3391,203,2024-11-12
10341,3391,734,2024-04-05
10342,3391,799,2024-09-30
10343,3391,1042,2024-08-21
10344,3391,1053,2024-12-06
10345,3391,1188,2024-12-16
10346,3392,138,2023-11-12
10347,3392,149,2024-05-05
10348,3392,410,2024-06-17
10349,3392,495,2024-11-07
10350,3392,575,2024-02-02
10351,3392,1026,2024-08-08
10352,3392,1315,2024-05-19
10353,3392,1428,2024-02-01
10354,3393,38,2024-03-23
10355,3393,1089,2024-10-02
10356,3393,1325,2024-12-09
10357,3394,27,2024-01-14
10358,3394,81,2024-10-10
10359,3394,877,2024-07-09
10360,3394,1149,2024-10-09
10361,3394,1385,2024-08-31
10362,3394,1387,2025-01-06
10363,3395,204,2024-12-27
10364,3395,391,2024-07-03
10365,3395,420,2024-11-10
10366,3395,504,2024-06-22
10367,3395,591,2024-05-11
10368,3395,897,2023-11-01
10369,3395,1227,2024-11-02
10370,3396,163,2024-12-25
10371,3396,302,2024-03-29
10372,3396,796,2024-12-01
10373,3396,1061,2024-09-10
10374,3396,1197,2024-04-02
10375,3397,96,2024-12-27
10376,3397,1039,2023-10-31
10377,3398,203,2024-12-25
10378,3398,249,2024-09-27
10379,3398,268,2024-09-10
10380,3398,563,2024-03-22
10381,3398,747,2024-08-07
10382,3399,93,2023-12-29
10383,3399,745,2023-12-30
10384,3399,869,2024-12-17
10385,3399,1150,2023-12-19
10386,3399,1229,2024-10-09
10387,3399,1349,2024-06-09
10388,3400,97,2023-11-19
10389,3400,914,2024-03-02
10390,3400,952,2024-09-15
10391,3400,1481,2024-12-31
10392,3401,147,2024-08-02
10393,3401,287,2024-05-23
10394,3401,357,2024-11-14
10395,3401,601,2024-10-12
10396,3401,854,2024-11-14
10397,3401,1002,2023-11-28
10398,3401,1221,2024-07-25
10399,3402,22,2025-01-04
10400,3402,116,2024-05-12
10401,3402,314,2024-10-03
10402,3402,365,2024-10-24
10403,3402,747,2024-06-02
10404,3402,775,2023-11-04
10405,3403,81,2024-05-15
10406,3403,851,2024-05-07
10407,3403,1095,2024-02-02
10408,3403,1099,2024-01-23
10409,3403,1396,2024-12-22
10410,3403,1402,2023-11-20
10411,3404,82,2024-11-13
10412,3404,319,2023-11-24
10413,3404,577,2024-05-12
10414,3404,654,2024-11-13
10415,3404,824,2024-01-11
10416,3404,1048,2024-08-10
10417,3405,56,2025-02-07
10418,3405,59,2024-09-30
10419,3405,170,2025-01-20
10420,3405,187,2025-01-12
10421,3405,270,2023-10-27
10422,3405,303,2024-06-18
10423,3405,563,2024-01-26
10424,3405,701,2025-02-14
10425,3406,13,2024-12-07
10426,3406,552,2024-08-12
10427,3406,792,2024-08-12
10428,3406,852,2024-01-18
10429,3406,1047,2024-11-15
10430,3407,147,2024-12-21
10431,3407,1482,2024-07-06
10432,3408,138,2024-12-22
10433,3408,691,2024-08-30
10434,3408,925,2023-11-30
10435,3408,1250,2024-09-28
10436,3409,165,2024-08-05
10437,3409,275,2024-12-10
10438,3409,671,2024-07-20
10439,3409,781,2025-02-07
10440,3409,1111,2024-01-09
10441,3409,1492,2024-06-27
10442,3410,93,2023-12-20
10443,3410,235,2024-08-02
10444,3410,565,2024-01-06
10445,3410,701,2024-05-21
10446,3410,796,2024-10-13
10447,3410,1164,2024-04-02
10448,3410,1332,2025-01-14
10449,3411,192,2024-11-16
10450,3411,601,2024-02-01
10451,3411,873,2024-11-18
10452,3411,1478,2024-12-04
10453,3412,149,2024-02-16
10454,3412,816,2024-06-13
10455,3412,1326,2023-12-05
10456,3413,13,2024-06-10
10457,3413,37,2024-10-31
10458,3413,136,2025-01-30
10459,3413,835,2025-02-03
10460,3413,1120,2023-10-23
10461,3413,1189,2024-07-19
10462,3414,116,2024-05-23
10463,3414,1032,2024-12-14
10464,3414,1159,2024-12-18
10465,3414,1202,2024-03-25
10466,3414,1461,2024-08-27
10467,3415,38,2024-03-02
10468,3415,54,2024-01-15
10469,3415,61,2024-05-14
10470,3415,192,2024-08-15
10471,3415,477,2024-03-17
10472,3415,488,2024-01-08
10473,3415,657,2023-11-04
10474,3415,712,2024-02-02
10475,3415,782,2024-10-21
10476,3415,1029,2024-10-10
10477,3415,1487,2024-08-17
10478,3416,119,2024-07-20
10479,3416,123,2024-10-05
10480,3416,390,2024-09-24
10481,3416,535,2024-02-17
10482,3416,656,2025-01-14
10483,3416,1473,2023-12-03
10484,3417,147,2024-09-29
10485,3417,660,2024-11-17
10486,3417,1033,2024-02-18
10487,3417,1481,2024-04-04
10488,3418,191,2024-03-22
10489,3418,506,2024-10-05
10490,3419,191,2024-09-11
10491,3419,467,2024-08-22
10492,3419,577,2024-10-08
10493,3419,726,2023-10-29
10494,3420,96,2023-12-16
10495,3420,307,2024-03-12
10496,3420,336,2024-04-20
10497,3420,672,2024-11-19
10498,3420,1218,2024-08-04
10499,3421,82,2024-08-27
10500,3421,83,2024-05-21
10501,3421,544,2024-06-06
10502,3421,702,2023-11-02
10503,3421,922,2024-05-01
10504,3421,981,2024-08-21
10505,3422,34,2024-01-19
10506,3422,114,2023-11-21
10507,3422,148,2024-08-30
10508,3422,235,2024-04-11
10509,3422,320,2024-12-12
10510,3422,999,2024-07-21
10511,3422,1114,2024-05-31
10512,3423,11,2024-01-25
10513,3423,71,2023-10-21
10514,3423,175,2024-04-25
10515,3423,587,2024-02-29
10516,3423,720,2024-08-25
10517,3424,12,2024-07-17
10518,3424,125,2024-01-11
10519,3424,728,2024-03-07
10520,3424,749,2024-02-15
10521,3424,979,2024-08-02
10522,3424,1332,2025-01-29
10523,3425,40,2024-07-08
10524,3425,80,2024-11-03
10525,3425,204,2024-11-20
10526,3425,1046,2024-03-10
10527,3426,163,2024-09-21
10528,3426,772,2024-11-25
10529,3426,790,2024-02-22
10530,3426,829,2024-12-08
10531,3426,923,2023-11-16
10532,3426,1390,2024-10-11
10533,3427,37,2024-01-03
10534,3427,223,2024-11-23
10535,3427,409,2025-01-08
10536,3427,448,2024-10-09
10537,3427,867,2024-10-01
10538,3427,1063,2024-12-13
10539,3428,123,2024-11-02
10540,3428,475,2023-11-27
10541,3428,815,2024-06-14
10542,3428,1016,2024-10-25
10543,3429,135,2024-07-21
10544,3429,163,2023-12-16
10545,3429,1017,2024-05-19
10546,3430,37,2024-06-17
10547,3430,979,2024-07-03
10548,3430,1153,2025-01-02
10549,3431,138,2025-02-05
10550,3431,364,2023-10-22
10551,3431,1085,2024-05-04
10552,3432,82,2024-09-08
10553,3432,200,2024-04-29
10554,3432,391,2024-09-12
10555,3432,515,2024-03-06
10556,3432,876,2024-09-23
10557,3433,149,2024-02-10
10558,3433,151,2024-10-01
10559,3433,211,2023-12-17
10560,3433,310,2024-04-12
10561,3433,361,2025-01-14
10562,3433,530,2024-09-14
10563,3433,670,2024-07-16
10564,3433,1237,2024-08-11
10565,3433,1402,2025-01-04
10566,3433,1476,2024-11-09
10567,3434,16,2024-11-11
10568,3434,146,2025-01-24
10569,3434,622,2025-02-02
10570,3434,691,2023-11-15
10571,3434,948,2023-12-11
10572,3435,163,2024-05-01
10573,3435,307,2024-09-17
10574,3435,652,2024-12-28
10575,3435,850,2024-02-26
10576,3435,1305,2025-01-13
10577,3435,1482,2024-11-18
10578,3436,38,2024-08-12
10579,3436,1115,2025-02-02
10580,3437,23,2024-10-24
10581,3437,58,2024-09-20
10582,3437,93,2023-12-31
10583,3437,637,2025-01-23
10584,3437,777,2024-12-28
10585,3437,958,2024-09-18
10586,3437,963,2024-07-07
10587,3438,125,2023-12-06
10588,3438,441,2024-04-05
10589,3438,529,2023-10-20
10590,3438,731,2024-01-30
10591,3439,63,2025-02-12
10592,3439,82,2024-06-05
10593,3439,511,2024-11-19
10594,3439,591,2023-11-12
10595,3439,1085,2023-12-17
10596,3440,15,2024-06-19
10597,3440,114,2023-11-16
10598,3440,614,2025-02-10
10599,3440,727,2024-08-21
10600,3440,1013,2024-01-07
10601,3440,1328,2024-05-18
10602,3440,1331,2024-09-06
10603,3441,191,2024-03-20
10604,3441,255,2023-11-10
10605,3441,506,2024-06-04
10606,3441,529,2025-01-12
10607,3441,535,2023-11-13
10608,3441,775,2024-02-01
10609,3441,1339,2023-11-04
10610,3441,1401,2024-07-08
10611,3442,82,2024-09-06
10612,3442,376,2024-07-22
10613,3442,466,2023-11-05
10614,3442,841,2024-07-11
10615,3442,927,2024-09-11
10616,3443,11,2025-01-21
10617,3443,1078,2025-01-05
10618,3443,1152,2025-01-01
10619,3444,123,2023-11-22
10620,3444,284,2024-06-08
10621,3444,400,2024-01-09
10622,3444,855,2024-05-12
10623,3444,992,2024-01-04
10624,3445,13,2024-07-16
10625,3445,980,2024-01-12
10626,3445,1375,2024-08-22
10627,3445,1402,2025-02-15
10628,3446,56,2024-05-19
10629,3446,117,2024-07-27
10630,3446,163,2024-01-17
10631,3446,220,2024-09-17
10632,3446,517,2025-01-07
10633,3446,694,2024-11-17
10634,3446,800,2024-03-19
10635,3446,1260,2024-12-19
10636,3447,82,2024-03-21
10637,3447,287,2024-12-24
10638,3447,506,2024-07-15
10639,3447,979,2024-04-04
10640,3447,1189,2024-11-08
10641,3447,1461,2025-02-15
10642,3448,192,2023-11-04
10643,3448,414,2024-09-22
10644,3448,686,2024-12-28
10645,3448,792,2023-10-29
10646,3449,147,2024-06-10
10647,3449,330,2024-01-03
10648,3450,19,2024-07-10
10649,3450,34,2024-07-05
10650,3450,394,2024-09-21
10651,3450,405,2024-08-11
10652,3450,702,2024-04-10
10653,3450,894,2024-08-04
10654,3450,922,2024-01-22
10655,3450,1258,2024-09-12
10656,3451,13,2024-09-15
10657,3451,380,2024-06-15
10658,3451,962,2024-09-07
10659,3451,984,2024-03-09
10660,3451,1395,2023-12-04
10661,3452,125,2023-11-27
10662,3452,635,2024-05-21
10663,3452,663,2024-07-22
10664,3452,1001,2023-10-21
10665,3453,82,2024-05-23
10666,3453,357,2025-02-10
10667,3453,506,2024-08-18
10668,3453,589,2024-10-04
10669,3453,1154,2023-12-16
10670,3453,1205,2024-10-22
10671,3453,1222,2024-08-22
10672,3453,1447,2025-01-14
10673,3453,1456,2025-01-19
10674,3454,11,2024-05-04
10675,3454,350,2025-01-01
10676,3454,881,2023-12-15
10677,3455,116,2024-01-15
10678,3455,951,2024-12-02
10679,3455,1479,2024-06-17
10680,3456,96,2024-05-14
10681,3456,144,2024-05-07
10682,3456,703,2023-12-26
10683,3457,163,2023-10-27
10684,3457,553,2024-07-31
10685,3457,1052,2023-11-05
10686,3458,137,2024-07-17
10687,3458,192,2023-12-27
10688,3458,195,2024-12-23
10689,3458,1472,2023-10-28
10690,3459,11,2024-02-19
10691,3459,561,2024-09-03
10692,3459,710,2023-12-20
10693,3460,13,2024-06-09
10694,3460,96,2023-11-18
10695,3460,239,2024-09-09
10696,3460,299,2024-11-10
10697,3460,459,2024-12-04
10698,3460,757,2024-01-17
10699,3460,1197,2025-02-03
10700,3460,1320,2024-05-22
10701,3461,36,2024-01-27
10702,3461,81,2024-09-28
10703,3461,324,2025-01-23
10704,3461,402,2025-01-13
10705,3461,439,2024-03-03
10706,3461,816,2024-03-11
10707,3461,837,2024-03-05
10708,3461,1149,2024-02-08
10709,3461,1294,2024-04-03
10710,3461,1347,2024-12-04
10711,3461,1385,2024-08-19
10712,3462,37,2024-05-02
10713,3462,258,2024-09-06
10714,3462,266,2024-09-17
10715,3462,775,2024-01-22
10716,3463,96,2024-09-12
10717,3463,1200,2024-02-26
10718,3463,1376,2024-04-08
10719,3463,1402,2024-07-13
10720,3464,203,2024-10-02
10721,3464,532,2024-12-13
10722,3464,600,2025-01-10
10723,3464,1260,2024-06-24
10724,3464,1307,2025-01-22
10725,3465,34,2023-10-23
10726,3465,93,2023-11-30
10727,3465,588,2024-01-19
10728,3465,695,2023-10-25
10729,3465,1153,2024-10-30
10730,3465,1462,2024-11-05
10731,3465,1478,2024-03-19
10732,3466,81,2024-12-07
10733,3466,93,2024-09-22
10734,3466,177,2025-02-07
10735,3466,199,2024-09-20
10736,3466,955,2024-01-01
10737,3466,990,2024-03-20
10738,3466,1004,2024-01-11
10739,3467,199,2024-09-20
10740,3467,627,2025-01-10
10741,3467,1149,2024-04-28
10742,3467,1307,2024-02-07
10743,3467,1333,2024-05-15
10744,3468,138,2024-08-20
10745,3468,315,2023-10-29
10746,3468,452,2024-08-14
10747,3468,1370,2023-12-05
10748,3469,163,2025-02-11
10749,3469,1190,2025-02-05
10750,3469,1389,2024-01-07
10751,3470,175,2024-02-11
10752,3470,329,2024-06-10
10753,3470,468,2024-04-23
10754,3470,515,2024-02-24
10755,3470,651,2023-10-24
10756,3470,930,2024-01-21
10757,3470,1312,2024-07-28
10758,3470,1380,2025-01-27
10759,3471,126,2024-03-04
10760,3471,140,2024-08-06
10761,3471,146,2024-06-07
10762,3471,397,2024-05-14
10763,3471,606,2024-12-14
10764,3471,796,2024-12-10
10765,3471,1358,2025-02-05
10766,3472,37,2024-10-14
10767,3472,255,2023-11-19
10768,3472,1011,2024-02-24
10769,3473,15,2024-08-27
10770,3473,200,2024-04-29
10771,3473,688,2024-09-16
10772,3473,787,2024-11-12
10773,3474,165,2024-06-05
10774,3474,746,2023-10-20
10775,3474,822,2023-12-26
10776,3474,873,2025-02-01
10777,3475,81,2024-11-09
10778,3475,360,2024-03-18
10779,3475,621,2024-02-21
10780,3475,1040,2024-04-29
10781,3476,37,2024-03-30
10782,3476,419,2023-12-27
10783,3476,923,2024-12-25
10784,3476,1136,2024-11-14
10785,3476,1289,2025-01-18
10786,3476,1476,2024-10-07
10787,3477,136,2024-03-25
10788,3477,169,2023-11-10
10789,3477,484,2024-04-17
10790,3477,528,2024-04-18
10791,3477,1151,2024-02-10
10792,3478,56,2024-10-11
10793,3478,363,2024-11-14
10794,3478,1027,2024-05-24
10795,3478,1118,2024-02-27
10796,3478,1124,2024-07-02
10797,3478,1178,2024-11-08
10798,3478,1289,2023-11-29
10799,3479,116,2024-10-12
10800,3479,258,2024-07-18
10801,3479,575,2024-12-10
10802,3479,1054,2024-06-01
10803,3479,1096,2024-11-27
10804,3479,1397,2024-04-25
10805,3479,1448,2024-11-21
10806,3480,147,2025-02-13
10807,3480,176,2024-03-10
10808,3480,462,2024-10-01
10809,3480,583,2023-10-28
10810,3480,899,2024-02-21
10811,3481,204,2025-01-09
10812,3481,383,2024-05-11
10813,3481,935,2024-12-16
10814,3481,1402,2024-10-13
10815,3482,15,2024-03-07
10816,3482,40,2024-12-23
10817,3482,132,2025-01-11
10818,3482,205,2025-01-22
10819,3482,377,2024-07-07
10820,3482,705,2024-07-25
10821,3482,772,2024-01-03
10822,3483,82,2023-12-19
10823,3483,307,2024-04-17
10824,3483,337,2025-01-09
10825,3483,778,2024-10-21
10826,3483,964,2024-08-06
10827,3483,1330,2024-06-07
10828,3484,46,2024-07-01
10829,3484,58,2024-02-24
10830,3484,1035,2024-07-11
10831,3484,1087,2024-04-26
10832,3484,1385,2024-03-09
10833,3485,13,2025-02-11
10834,3485,183,2024-10-18
10835,3485,956,2024-05-11
10836,3485,1127,2024-05-17
10837,3485,1169,2024-01-05
10838,3485,1294,2024-01-29
10839,3486,125,2023-12-24
10840,3486,411,2024-02-15
10841,3486,573,2024-05-26
10842,3486,644,2023-11-08
10843,3486,1460,2024-05-02
10844,3487,96,2024-05-13
10845,3487,163,2024-12-06
10846,3488,58,2024-06-13
10847,3488,496,2024-08-24
10848,3488,666,2024-11-20
10849,3489,191,2024-09-03
10850,3489,597,2024-07-16
10851,3489,719,2024-05-15
10852,3489,1283,2024-03-13
10853,3490,163,2024-08-14
10854,3490,363,2023-11-26
10855,3490,368,2023-12-25
10856,3491,49,2024-04-27
10857,3491,156,2024-08-12
10858,3491,395,2024-03-26
10859,3491,534,2024-08-05
10860,3491,749,2024-12-11
10861,3492,97,2024-06-24
10862,3492,511,2025-01-28
10863,3492,573,2024-12-30
10864,3492,892,2025-01-16
10865,3492,1341,2024-09-25
10866,3492,1448,2025-01-25
10867,3492,1492,2024-01-17
10868,3493,116,2023-12-28
10869,3493,307,2024-11-06
10870,3493,448,2023-11-14
10871,3493,829,2024-02-28
10872,3493,962,2024-01-23
10873,3493,1355,2024-08-24
10874,3493,1486,2024-07-14
10875,3494,97,2024-05-05
10876,3494,595,2024-01-22
10877,3494,899,2024-01-12
10878,3494,1166,2024-05-17
10879,3495,203,2024-08-03
10880,3495,382,2024-09-01
10881,3495,473,2023-12-24
10882,3495,512,2023-10-25
10883,3495,520,2024-05-03
10884,3495,686,2024-05-20
10885,3495,888,2024-05-10
10886,3495,1237,2023-11-26
10887,3495,1364,2024-06-08
10888,3496,34,2025-02-16
10889,3496,287,2025-02-07
10890,3496,407,2024-08-06
10891,3496,540,2024-08-13
10892,3496,646,2024-05-15
10893,3496,1337,2024-01-18
10894,3496,1378,2024-01-24
10895,3496,1384,2025-01-18
10896,3497,203,2024-04-13
10897,3497,255,2024-04-30
10898,3497,307,2024-08-27
10899,3497,1364,2024-08-17
10900,3497,1486,2025-01-27
10901,3497,1498,2025-01-17
10902,3498,14,2025-02-16
10903,3498,81,2024-08-22
10904,3498,96,2024-09-20
10905,3498,460,2024-12-13
10906,3498,733,2024-01-07
10907,3498,999,2024-08-16
10908,3498,1423,2025-01-30
10909,3499,194,2024-10-31
10910,3499,204,2024-08-23
10911,3499,1149,2024-11-28
10912,3500,82,2024-10-29
10913,3500,614,2024-07-26
10914,3500,656,2024-02-23
10915,3500,762,2024-02-07
10916,3500,1194,2024-04-01
10917,3501,346,2024-11-07
10918,3501,564,2024-07-29
10919,3502,2,2024-10-30
10920,3502,18,2024-06-20
10921,3502,475,2025-01-04
10922,3502,1154,2024-05-11
10923,3503,307,2024-07-30
10924,3503,517,2024-07-09
10925,3503,561,2024-06-13
10926,3503,577,2024-10-17
10927,3503,964,2024-06-29
10928,3503,1042,2024-06-06
10929,3503,1330,2024-08-27
10930,3504,23,2024-01-23
10931,3504,240,2024-04-27
10932,3504,772,2025-01-31
10933,3504,799,2024-11-22
10934,3504,964,2024-05-29
10935,3504,1188,2023-10-26
10936,3504,1329,2024-03-22
10937,3505,651,2023-12-21
10938,3505,1034,2024-02-23
10939,3506,357,2024-02-27
10940,3506,583,2024-07-14
10941,3506,653,2024-01-16
10942,3506,901,2023-11-14
10943,3506,1093,2024-07-13
10944,3506,1220,2025-02-16
10945,3507,20,2025-01-05
10946,3507,246,2024-12-06
10947,3507,672,2024-02-25
10948,3507,799,2025-01-20
10949,3507,1078,2024-08-26
10950,3508,156,2024-12-09
10951,3508,535,2024-02-23
10952,3508,923,2023-12-07
10953,3508,978,2024-04-04
10954,3508,1188,2024-01-30
10955,3508,1215,2024-08-23
10956,3508,1291,2024-07-16
10957,3508,1424,2024-11-04
10958,3509,56,2024-01-25
10959,3509,544,2024-11-14
10960,3509,832,2024-08-21
10961,3509,876,2023-12-02
10962,3509,1004,2024-01-07
10963,3509,1447,2023-12-23
10964,3510,411,2024-05-13
10965,3510,421,2023-10-25
10966,3510,702,2023-11-04
10967,3510,922,2023-10-22
10968,3510,1297,2025-01-21
10969,3510,1416,2023-11-23
10970,3511,497,2024-03-16
10971,3511,878,2024-03-20
10972,3511,894,2023-11-14
10973,3511,948,2024-09-18
10974,3512,176,2024-09-21
10975,3512,357,2024-10-11
10976,3512,425,2024-06-14
10977,3512,461,2025-02-07
10978,3512,836,2024-05-11
10979,3512,897,2024-01-03
10980,3512,933,2024-12-23
10981,3512,1070,2024-08-30
10982,3513,381,2024-10-24
10983,3513,1085,2024-11-05
10984,3513,1112,2025-02-14
10985,3513,1263,2023-11-23
10986,3514,502,2024-11-28
10987,3514,809,2024-03-24
10988,3514,895,2024-11-02
10989,3514,1490,2024-09-17
10990,3515,122,2024-09-22
10991,3515,420,2024-02-13
10992,3515,441,2024-12-29
10993,3515,911,2023-11-06
10994,3516,526,2025-01-07
10995,3516,579,2024-03-13
10996,3517,49,2024-10-28
10997,3517,370,2025-02-10
10998,3517,636,2024-08-03
10999,3517,941,2023-11-25
11000,3518,307,2024-02-08
11001,3518,444,2024-03-21
11002,3518,821,2023-12-19
11003,3518,964,2023-10-28
11004,3518,1122,2024-02-01
11005,3518,1250,2024-07-10
11006,3518,1293,2024-12-08
11007,3518,1300,2024-08-09
11008,3519,190,2024-06-29
11009,3519,629,2024-04-01
11010,3519,1080,2024-01-05
11011,3519,1170,2025-01-23
11012,3519,1472,2024-09-09
11013,3520,207,2024-12-24
11014,3520,429,2024-07-24
11015,3520,467,2024-06-16
11016,3520,696,2023-12-26
11017,3520,753,2023-11-05
11018,3520,780,2024-08-17
11019,3520,797,2024-08-28
11020,3521,335,2024-07-22
11021,3521,539,2024-05-29
11022,3521,699,2024-09-13
11023,3521,919,2024-04-04
11024,3521,1238,2024-12-19
11025,3522,234,2024-09-27
11026,3522,1494,2024-05-03
11027,3523,410,2024-03-20
11028,3523,417,2024-01-09
11029,3523,709,2024-11-03
11030,3523,1397,2024-11-25
11031,3524,690,2024-09-25
11032,3525,278,2025-02-12
11033,3525,986,2024-10-11
11034,3525,1040,2023-12-28
11035,3525,1407,2024-03-19
11036,3526,235,2025-01-27
11037,3526,460,2023-10-25
11038,3526,506,2024-04-05
11039,3526,668,2024-09-01
11040,3526,701,2024-10-17
11041,3526,1437,2024-09-16
11042,3527,331,2024-01-05
11043,3527,370,2023-11-17
11044,3527,951,2024-07-11
11045,3527,1305,2024-01-21
11046,3528,441,2024-02-16
11047,3528,454,2024-04-09
11048,3528,489,2024-12-18
11049,3528,972,2024-02-15
11050,3528,1070,2023-11-04
11051,3529,296,2024-08-06
11052,3529,350,2025-02-08
11053,3529,414,2024-06-24
11054,3529,726,2024-05-25
11055,3529,762,2024-05-26
11056,3530,23,2024-08-26
11057,3530,151,2025-02-13
11058,3530,674,2024-12-02
11059,3530,921,2023-12-11
11060,3530,1406,2024-09-02
11061,3530,1450,2025-02-13
11062,3531,75,2024-03-01
11063,3531,1013,2024-08-01
11064,3531,1119,2025-01-25
11065,3532,177,2024-09-01
11066,3532,318,2024-05-12
11067,3532,518,2023-12-23
11068,3532,661,2025-01-30
11069,3533,13,2025-02-11
11070,3533,390,2024-08-06
11071,3533,569,2025-02-12
11072,3533,695,2024-12-16
11073,3533,1234,2024-11-20
11074,3533,1359,2024-07-25
11075,3534,53,2025-02-02
11076,3534,161,2024-12-11
11077,3534,503,2023-11-06
11078,3534,1176,2024-09-16
11079,3534,1243,2024-12-31
11080,3535,405,2024-04-26
11081,3535,429,2024-05-12
11082,3535,671,2024-07-19
11083,3535,1189,2023-12-26
11084,3536,29,2025-01-12
11085,3536,777,2023-10-22
11086,3536,785,2023-12-02
11087,3536,853,2024-06-18
11088,3536,1374,2024-09-21
11089,3536,1487,2024-04-23
11090,3537,281,2024-02-22
11091,3537,544,2024-09-05
11092,3537,692,2025-02-09
11093,3537,788,2023-10-21
11094,3537,1487,2024-06-05
11095,3538,319,2024-08-30
11096,3538,349,2024-05-16
11097,3538,544,2024-05-16
11098,3538,804,2023-12-10
11099,3538,938,2025-02-10
11100,3538,984,2024-07-15
11101,3538,1100,2024-05-27
11102,3539,396,2024-08-07
11103,3539,548,2024-04-07
11104,3540,23,2024-06-21
11105,3540,255,2024-01-06
11106,3540,310,2024-11-10
11107,3540,1474,2024-11-14
11108,3541,632,2024-09-17
11109,3541,1029,2025-01-30
11110,3542,510,2024-10-29
11111,3542,673,2024-09-12
11112,3542,756,2024-11-17
11113,3542,785,2024-03-16
11114,3542,1499,2024-12-27
11115,3543,350,2024-12-26
11116,3543,451,2023-10-23
11117,3543,777,2024-03-26
11118,3543,1370,2024-02-23
11119,3544,93,2024-11-30
11120,3544,709,2025-02-11
11121,3544,989,2024-03-25
11122,3544,1192,2024-06-27
11123,3544,1291,2024-02-28
11124,3545,246,2023-12-20
11125,3545,535,2024-10-17
11126,3545,730,2024-01-11
11127,3545,734,2024-03-30
11128,3545,807,2024-02-12
11129,3545,887,2023-11-26
11130,3546,154,2024-09-20
11131,3546,503,2024-01-27
11132,3546,652,2024-06-22
11133,3546,1386,2024-09-22
11134,3546,1392,2024-08-31
11135,3546,1426,2024-03-29
11136,3547,12,2024-12-28
11137,3547,186,2024-05-14
11138,3547,755,2023-12-08
11139,3547,1478,2023-10-26
11140,3548,353,2023-11-15
11141,3548,897,2024-06-30
11142,3548,1063,2024-06-26
11143,3548,1460,2024-06-29
11144,3549,13,2024-01-28
11145,3549,253,2024-09-12
11146,3549,640,2024-01-14
11147,3549,952,2023-11-26
11148,3549,1314,2024-06-30
11149,3549,1393,2024-04-16
11150,3550,1095,2023-11-20
11151,3550,1374,2024-02-12
11152,3551,37,2024-05-21
11153,3551,146,2023-12-03
11154,3551,613,2024-11-10
11155,3551,655,2024-08-09
11156,3551,718,2024-11-13
11157,3551,850,2024-09-23
11158,3551,895,2024-01-19
11159,3552,606,2023-11-12
11160,3552,722,2024-01-03
11161,3552,1034,2024-10-09
11162,3552,1063,2024-04-07
11163,3553,876,2024-12-19
11164,3554,19,2024-09-02
11165,3554,1115,2024-11-04
11166,3554,1274,2024-12-20
11167,3555,79,2024-08-13
11168,3555,405,2024-08-20
11169,3555,1387,2024-10-23
11170,3555,1488,2023-11-25
11171,3556,342,2024-08-17
11172,3556,626,2024-01-29
11173,3556,1286,2024-07-10
11174,3557,194,2024-06-23
11175,3557,372,2024-01-27
11176,3557,540,2024-02-04
11177,3557,764,2024-06-11
11178,3558,865,2023-11-09
11179,3558,1022,2024-01-25
11180,3558,1084,2024-03-20
11181,3559,307,2024-10-28
11182,3559,336,2024-01-22
11183,3559,978,2024-12-07
11184,3560,27,2024-03-18
11185,3560,115,2024-12-29
11186,3560,1407,2024-03-26
11187,3561,58,2024-03-08
11188,3561,246,2024-12-26
11189,3561,329,2024-06-05
11190,3561,447,2024-03-14
11191,3561,802,2024-07-27
11192,3561,1082,2024-08-26
11193,3562,816,2023-10-20
11194,3562,838,2024-11-22
11195,3562,1006,2024-03-06
11196,3562,1478,2024-06-28
11197,3563,313,2024-05-27
11198,3563,541,2023-11-02
11199,3563,931,2024-06-03
11200,3563,1188,2024-11-06
11201,3564,414,2024-07-19
11202,3564,424,2024-05-19
11203,3564,793,2025-01-05
11204,3564,974,2023-12-24
11205,3564,1194,2024-11-19
11206,3564,1315,2024-02-12
11207,3564,1404,2024-03-29
11208,3565,1108,2023-11-22
11209,3566,380,2025-02-03
11210,3566,706,2025-01-15
11211,3567,19,2023-10-22
11212,3567,1050,2024-10-08
11213,3567,1479,2024-12-21
11214,3567,1492,2024-06-16
11215,3568,619,2024-05-18
11216,3568,1194,2024-04-01
11217,3568,1379,2023-11-28
11218,3568,1423,2024-11-21
11219,3569,304,2024-11-10
11220,3569,410,2024-08-26
11221,3569,422,2023-11-25
11222,3569,645,2024-11-25
11223,3569,885,2024-06-17
11224,3569,1231,2024-09-06
11225,3570,47,2023-11-06
11226,3570,1170,2025-02-01
11227,3571,131,2024-10-06
11228,3571,940,2024-07-31
11229,3571,1311,2024-12-29
11230,3572,101,2024-11-22
11231,3572,157,2024-04-19
11232,3572,236,2023-12-04
11233,3572,303,2024-06-23
11234,3572,411,2024-10-09
11235,3572,744,2024-02-19
11236,3572,1203,2024-09-20
11237,3572,1294,2024-01-13
11238,3572,1351,2025-01-04
11239,3573,138,2024-07-21
11240,3573,159,2024-08-18
11241,3573,232,2024-04-14
11242,3573,248,2023-11-29
11243,3573,631,2024-03-05
11244,3573,1162,2024-04-17
11245,3574,880,2024-05-03
11246,3574,935,2024-01-26
11247,3574,1095,2024-02-27
11248,3574,1210,2023-11-07
11249,3574,1376,2024-08-24
11250,3575,109,2024-12-09
11251,3575,534,2023-11-26
11252,3575,568,2024-07-31
11253,3575,1160,2024-11-29
11254,3575,1429,2024-04-18
11255,3576,1,2024-07-06
11256,3576,902,2023-10-20
11257,3576,996,2024-04-13
11258,3576,1185,2024-04-14
11259,3577,34,2024-07-24
11260,3577,70,2024-11-02
11261,3577,392,2023-11-29
11262,3577,583,2024-10-27
11263,3577,687,2024-10-31
11264,3577,787,2024-12-06
11265,3577,909,2023-12-07
11266,3577,999,2024-04-01
11267,3577,1393,2025-01-20
11268,3578,681,2024-12-20
11269,3578,891,2024-06-07
11270,3578,931,2024-03-01
11271,3578,990,2024-03-06
11272,3578,1476,2024-10-21
11273,3578,1498,2024-12-02
11274,3579,138,2024-09-01
11275,3579,305,2024-05-07
11276,3579,755,2024-09-26
11277,3579,1261,2024-04-24
11278,3579,1433,2024-02-24
11279,3580,13,2024-08-23
11280,3580,175,2024-09-25
11281,3580,305,2023-12-18
11282,3580,423,2025-02-02
11283,3580,462,2024-05-10
11284,3580,620,2023-11-13
11285,3580,938,2024-09-15
11286,3580,1132,2024-06-27
11287,3581,303,2024-12-13
11288,3581,680,2024-06-18
11289,3581,1072,2023-10-21
11290,3581,1174,2023-11-14
11291,3581,1189,2024-03-13
11292,3581,1331,2023-10-25
11293,3582,763,2024-08-15
11294,3582,965,2024-02-22
11295,3583,211,2025-01-18
11296,3583,239,2024-12-17
11297,3583,1243,2024-12-03
11298,3584,100,2023-10-26
11299,3584,760,2024-10-21
11300,3584,1059,2024-03-27
11301,3584,1480,2024-03-31
11302,3585,79,2025-01-19
11303,3585,405,2024-03-27
11304,3585,986,2023-12-19
11305,3585,991,2024-07-22
11306,3585,1488,2024-03-09
11307,3586,337,2023-10-29
11308,3586,445,2024-11-12
11309,3586,832,2024-02-24
11310,3586,1127,2024-08-24
11311,3586,1257,2025-02-03
11312,3586,1315,2024-11-26
11313,3587,448,2024-10-18
11314,3587,1050,2024-07-25
11315,3588,205,2024-01-04
11316,3588,371,2024-01-19
11317,3588,489,2023-11-30
11318,3588,1307,2024-12-04
11319,3588,1315,2024-07-22
11320,3589,182,2023-11-01
11321,3589,1241,2024-10-02
11322,3590,25,2024-02-04
11323,3590,982,2024-08-16
11324,3590,1063,2024-05-02
11325,3590,1077,2024-05-08
11326,3590,1437,2024-11-16
11327,3591,91,2024-01-10
11328,3591,760,2024-11-15
11329,3592,1307,2025-02-12
11330,3593,21,2024-11-01
11331,3593,385,2024-10-28
11332,3593,796,2023-11-09
11333,3593,1466,2024-02-19
11334,3594,1163,2024-07-09
11335,3594,1428,2024-04-27
11336,3595,140,2025-01-30
11337,3595,299,2024-12-13
11338,3595,396,2024-07-24
11339,3595,957,2024-07-29
11340,3595,999,2024-05-11
11341,3596,467,2024-10-04
11342,3596,753,2025-02-16
11343,3596,952,2024-03-10
11344,3596,999,2024-09-05
11345,3596,1248,2024-10-09
11346,3596,1433,2024-11-03
11347,3597,185,2023-10-30
11348,3597,624,2024-09-21
11349,3597,833,2024-06-03
11350,3597,1098,2024-07-19
11351,3598,143,2024-07-22
11352,3598,341,2023-10-26
11353,3598,1486,2024-01-05
11354,3599,644,2024-05-07
11355,3600,307,2024-04-01
11356,3600,631,2024-01-08
11357,3601,313,2024-08-26
11358,3602,129,2024-10-11
11359,3602,349,2024-04-10
11360,3602,658,2023-12-05
11361,3602,1155,2025-01-23
11362,3602,1180,2024-05-02
11363,3603,43,2024-03-12
11364,3603,334,2024-10-08
11365,3603,383,2024-05-30
11366,3603,433,2024-10-17
11367,3603,439,2024-08-22
11368,3604,520,2024-02-02
11369,3605,226,2025-01-05
11370,3605,1383,2024-02-01
11371,3606,1004,2024-10-23
11372,3606,1105,2024-02-18
11373,3606,1470,2024-04-12
11374,3607,40,2024-10-23
11375,3607,136,2024-05-20
11376,3607,233,2023-12-26
11377,3607,260,2024-01-30
11378,3607,366,2023-11-17
11379,3607,582,2025-02-08
11380,3607,680,2024-01-25
11381,3608,81,2024-08-24
11382,3608,863,2024-06-15
11383,3608,1018,2024-03-21
11384,3608,1193,2024-03-02
11385,3608,1236,2024-12-28
11386,3609,197,2023-10-30
11387,3609,968,2024-07-03
11388,3609,1406,2025-01-26
11389,3610,39,2024-07-05
11390,3610,597,2025-01-22
11391,3610,952,2023-11-16
11392,3610,1153,2024-11-13
11393,3611,688,2024-11-16
11394,3611,776,2024-12-23
11395,3612,831,2024-05-28
11396,3612,907,2024-06-25
11397,3613,398,2023-11-10
11398,3613,517,2024-07-04
11399,3613,686,2024-10-22
11400,3613,734,2024-08-24
11401,3613,958,2024-07-31
11402,3614,81,2024-06-23
11403,3614,691,2023-11-10
11404,3614,842,2024-08-20
11405,3614,1112,2024-01-14
11406,3615,30,2023-11-10
11407,3615,867,2024-10-01
11408,3615,970,2024-10-20
11409,3615,978,2023-12-19
11410,3615,1079,2024-08-21
11411,3615,1296,2024-10-12
11412,3615,1401,2024-08-29
11413,3616,1,2023-12-06
11414,3616,544,2024-07-22
11415,3616,636,2024-12-22
11416,3616,881,2024-10-24
11417,3616,916,2024-12-14
11418,3616,1166,2024-10-08
11419,3616,1190,2024-09-06
11420,3617,109,2025-01-15
11421,3617,117,2024-03-12
11422,3617,601,2025-01-05
11423,3617,979,2024-02-10
11424,3618,114,2023-11-29
11425,3618,979,2023-12-06
11426,3618,1113,2024-01-30
11427,3618,1349,2024-10-02
11428,3618,1423,2024-12-31
11429,3618,1434,2025-01-28
11430,3619,655,2024-01-02
11431,3620,218,2024-12-08
11432,3620,357,2024-05-06
11433,3620,390,2024-04-30
11434,3620,504,2023-12-10
11435,3620,647,2023-12-08
11436,3620,976,2024-04-08
11437,3621,260,2024-07-21
11438,3621,357,2024-03-09
11439,3621,460,2024-07-29
11440,3621,588,2024-04-10
11441,3621,1076,2024-08-02
11442,3621,1385,2023-11-13
11443,3622,53,2024-04-12
11444,3622,606,2024-01-11
11445,3622,793,2024-12-02
11446,3622,1041,2024-05-11
11447,3622,1461,2024-02-20
11448,3623,74,2024-01-23
11449,3623,204,2024-09-20
11450,3624,169,2023-12-20
11451,3624,307,2023-12-16
11452,3624,436,2024-08-19
11453,3624,585,2024-09-19
11454,3624,1311,2024-05-13
11455,3625,319,2023-11-05
11456,3625,386,2024-03-19
11457,3625,446,2024-06-08
11458,3625,535,2024-12-01
11459,3625,736,2024-10-04
11460,3625,1013,2024-09-28
11461,3626,760,2024-01-09
11462,3626,800,2024-01-03
11463,3626,979,2023-10-29
11464,3626,1255,2024-03-28
11465,3626,1270,2024-02-12
11466,3626,1368,2024-08-22
11467,3626,1379,2025-01-25
11468,3626,1394,2024-06-16
11469,3627,570,2024-10-01
11470,3627,672,2023-10-23
11471,3628,93,2024-06-19
11472,3628,122,2024-06-20
11473,3628,204,2024-03-07
11474,3628,655,2024-04-23
11475,3628,1421,2024-10-18
11476,3628,1447,2024-03-10
11477,3629,420,2024-03-19
11478,3629,476,2024-06-21
11479,3629,912,2024-10-25
11480,3629,1098,2024-10-11
11481,3629,1236,2024-11-27
11482,3629,1305,2023-11-18
11483,3630,199,2025-01-04
11484,3630,684,2024-07-18
11485,3630,1059,2024-10-01
11486,3631,366,2025-01-18
11487,3631,417,2024-10-01
11488,3631,1001,2024-11-18
11489,3631,1462,2023-12-29
11490,3632,864,2025-02-01
11491,3632,904,2024-09-11
11492,3633,137,2025-01-20
11493,3633,175,2024-01-28
11494,3633,331,2023-11-29
11495,3633,651,2024-06-03
11496,3633,1258,2024-11-07
11497,3633,1263,2023-11-21
11498,3634,104,2024-03-16
11499,3634,140,2024-05-06
11500,3635,13,2024-11-04
11501,3635,120,2023-11-26
11502,3635,741,2024-12-14
11503,3635,908,2024-08-31
11504,3635,1359,2024-08-08
11505,3636,254,2024-04-10
11506,3636,494,2024-10-27
11507,3636,654,2024-02-21
11508,3636,830,2024-08-10
11509,3636,834,2024-03-07
11510,3636,973,2024-05-22
11511,3637,808,2025-01-10
11512,3637,1369,2024-11-28
11513,3638,96,2024-06-24
11514,3638,402,2024-12-04
11515,3638,647,2024-05-05
11516,3639,522,2024-05-15
11517,3639,698,2023-12-26
11518,3640,718,2025-01-08
11519,3641,339,2024-05-15
11520,3641,621,2024-01-20
11521,3642,508,2024-02-24
11522,3642,920,2024-04-04
11523,3643,921,2024-10-13
11524,3643,1252,2024-11-11
11525,3643,1285,2024-08-10
11526,3643,1346,2024-04-29
11527,3644,486,2025-02-03
11528,3644,1481,2023-10-21
11529,3645,634,2024-04-23
11530,3645,835,2024-02-15
11531,3645,871,2023-10-26
11532,3645,1033,2023-12-29
11533,3646,27,2024-11-06
11534,3646,284,2024-05-03
11535,3646,528,2023-11-26
11536,3647,182,2024-11-01
11537,3647,366,2024-07-19
11538,3647,1032,2024-03-22
11539,3648,593,2023-10-28
11540,3648,1168,2023-12-25
11541,3649,186,2024-04-28
11542,3649,541,2024-06-24
11543,3649,567,2024-12-09
11544,3650,186,2024-07-30
11545,3650,657,2025-01-26
11546,3650,692,2024-06-05
11547,3650,853,2023-10-23
11548,3650,865,2024-02-07
11549,3650,972,2025-01-26
11550,3650,1090,2024-05-05
11551,3651,97,2024-07-10
11552,3651,186,2024-05-12
11553,3651,298,2023-11-13
11554,3651,781,2024-04-06
11555,3651,800,2025-02-06
11556,3651,1022,2024-12-09
11557,3651,1428,2023-11-15
11558,3652,438,2024-05-08
11559,3652,1208,2024-02-18
11560,3653,149,2023-11-10
11561,3653,331,2024-05-09
11562,3653,531,2024-05-09
11563,3653,612,2024-02-19
11564,3653,881,2024-05-29
11565,3653,1165,2024-12-17
11566,3653,1231,2023-10-24
11567,3653,1428,2024-04-26
11568,3654,554,2023-11-11
11569,3654,1173,2023-12-25
11570,3654,1205,2024-10-28
11571,3655,531,2024-07-17
11572,3656,47,2025-01-16
11573,3656,768,2024-09-12
11574,3657,477,2023-12-03
11575,3657,555,2024-09-15
11576,3657,716,2024-09-08
11577,3657,906,2024-05-26
11578,3657,1256,2024-03-04
11579,3658,332,2024-12-21
11580,3658,637,2023-10-24
11581,3658,734,2024-09-03
11582,3658,1498,2024-07-25
11583,3659,70,2024-08-15
11584,3659,148,2023-12-20
11585,3659,769,2023-10-25
11586,3659,874,2025-01-02
11587,3659,999,2024-02-07
11588,3659,1393,2024-08-15
11589,3660,175,2023-11-11
11590,3660,423,2024-08-18
11591,3660,704,2023-12-19
11592,3660,938,2024-01-12
11593,3661,86,2023-11-19
11594,3661,93,2024-12-05
11595,3661,620,2024-11-02
11596,3661,998,2024-02-18
11597,3661,1288,2024-09-11
11598,3661,1291,2023-11-03
11599,3661,1437,2024-01-01
11600,3662,98,2024-04-23
11601,3662,276,2023-12-28
11602,3662,734,2023-10-31
11603,3662,807,2024-08-26
11604,3662,902,2024-03-02
11605,3662,1419,2024-04-10
11606,3663,774,2024-01-08
11607,3664,213,2024-10-06
11608,3664,319,2024-01-30
11609,3664,411,2024-11-15
11610,3664,1169,2025-02-13
11611,3664,1297,2024-06-11
11612,3664,1360,2024-11-10
11613,3665,7,2024-04-26
11614,3665,71,2024-08-06
11615,3665,504,2024-06-15
11616,3665,1327,2024-10-10
11617,3666,410,2024-08-20
11618,3666,836,2024-04-24
11619,3666,1008,2024-02-15
11620,3666,1130,2025-01-01
11621,3667,172,2023-12-16
11622,3667,383,2024-08-09
11623,3667,935,2024-09-16
11624,3667,1004,2024-12-15
11625,3667,1149,2024-01-23
11626,3668,16,2024-05-07
11627,3668,137,2023-11-10
11628,3668,654,2023-11-14
11629,3668,830,2024-09-03
11630,3669,395,2024-10-20
11631,3669,1344,2024-07-19
11632,3670,578,2024-05-27
11633,3670,630,2023-11-11
11634,3670,848,2023-12-27
11635,3670,1065,2025-01-03
11636,3670,1378,2024-06-13
11637,3671,422,2024-04-15
11638,3671,754,2025-01-31
11639,3671,894,2024-12-10
11640,3671,961,2025-02-16
11641,3672,151,2024-06-28
11642,3672,888,2025-02-09
11643,3672,1215,2024-03-19
11644,3673,84,2024-09-22
11645,3673,1319,2024-04-01
11646,3674,15,2024-02-28
11647,3674,465,2024-12-08
11648,3674,470,2024-03-07
11649,3674,1089,2024-09-06
11650,3674,1287,2024-08-17
11651,3674,1313,2023-12-29
11652,3674,1402,2023-11-11
11653,3675,435,2024-03-31
11654,3675,1212,2024-03-14
11655,3676,597,2024-11-05
11656,3676,781,2024-07-31
11657,3676,843,2024-08-24
11658,3676,1049,2024-03-12
11659,3676,1190,2024-10-09
11660,3676,1360,2024-03-14
11661,3676,1484,2025-02-04
11662,3677,1459,2024-04-05
11663,3678,841,2024-02-12
11664,3679,325,2024-07-09
11665,3679,584,2023-12-05
11666,3680,110,2023-12-22
11667,3680,120,2024-07-31
11668,3680,583,2023-10-28
11669,3680,976,2024-09-06
11670,3681,428,2024-08-02
11671,3681,680,2023-12-20
11672,3681,938,2024-10-21
11673,3681,945,2024-07-26
11674,3681,1338,2024-08-19
11675,3682,39,2024-05-06
11676,3682,104,2024-04-15
11677,3682,683,2024-09-06
11678,3682,796,2024-04-16
11679,3682,800,2024-07-17
11680,3682,959,2024-02-05
11681,3683,228,2024-03-13
11682,3683,336,2025-01-15
11683,3683,672,2024-12-22
11684,3683,964,2024-12-25
11685,3683,1059,2024-03-12
11686,3683,1353,2024-11-13
11687,3683,1366,2024-04-06
11688,3684,359,2024-05-10
11689,3684,594,2024-05-14
11690,3684,973,2024-01-08
11691,3684,1294,2025-01-05
11692,3684,1441,2024-01-13
11693,3685,65,2024-08-20
11694,3685,328,2024-11-29
11695,3685,616,2024-10-05
11696,3685,637,2024-04-26
11697,3685,672,2024-01-04
11698,3685,1038,2023-12-22
11699,3686,232,2024-06-28
11700,3686,273,2024-08-30
11701,3686,407,2024-06-29
11702,3686,674,2023-11-15
11703,3686,1134,2024-03-29
11704,3686,1175,2024-10-12
11705,3686,1188,2024-05-15
11706,3687,310,2024-05-01
11707,3687,407,2023-10-26
11708,3687,637,2024-02-17
11709,3687,1421,2024-12-08
11710,3687,1431,2024-05-16
11711,3688,147,2023-12-11
11712,3688,255,2024-12-08
11713,3688,1049,2024-05-22
11714,3688,1288,2024-12-23
11715,3689,36,2023-12-30
11716,3689,58,2024-03-26
11717,3689,412,2024-07-23
11718,3689,1246,2024-05-23
11719,3690,504,2023-11-04
11720,3690,1039,2024-06-05
11721,3690,1379,2023-10-25
11722,3691,84,2024-03-19
11723,3691,143,2024-06-05
11724,3691,313,2025-01-04
11725,3691,398,2024-09-11
11726,3691,616,2024-01-06
11727,3691,807,2024-11-10
11728,3692,1274,2024-05-22
11729,3693,643,2025-01-23
11730,3693,707,2025-02-02
11731,3693,750,2024-05-14
11732,3693,1002,2023-10-28
11733,3693,1120,2023-12-26
11734,3694,43,2024-01-28
11735,3694,81,2024-04-17
11736,3694,349,2024-12-02
11737,3694,407,2023-11-21
11738,3694,922,2024-04-24
11739,3694,1091,2024-07-04
11740,3694,1294,2024-04-23
11741,3694,1327,2023-11-02
11742,3695,776,2023-11-25
11743,3695,1500,2024-04-28
11744,3696,423,2024-01-29
11745,3696,643,2024-10-02
11746,3696,1346,2023-10-22
11747,3697,587,2023-11-23
11748,3697,1084,2024-06-01
11749,3698,12,2024-02-14
11750,3698,117,2024-10-01
11751,3698,293,2024-10-25
11752,3698,390,2024-09-09
11753,3698,1359,2023-12-05
11754,3699,107,2024-05-23
11755,3699,108,2024-06-30
11756,3699,672,2024-12-07
11757,3699,1136,2023-12-07
11758,3700,338,2024-03-29
11759,3700,490,2024-05-23
11760,3700,671,2023-11-16
11761,3700,1289,2024-04-14
11762,3701,146,2024-07-15
11763,3701,248,2024-06-01
11764,3701,359,2024-08-07
11765,3701,872,2023-11-20
11766,3701,1433,2024-04-28
11767,3702,192,2023-12-25
11768,3703,940,2024-01-19
11769,3703,1122,2024-02-27
11770,3703,1483,2024-03-22
11771,3704,357,2023-11-27
11772,3704,400,2024-02-04
11773,3704,583,2024-02-22
11774,3704,757,2024-08-17
11775,3704,857,2024-04-04
11776,3704,1093,2024-03-25
11777,3704,1165,2024-06-02
11778,3705,365,2024-08-05
11779,3705,1244,2024-03-03
11780,3706,937,2023-11-17
11781,3706,1361,2024-10-17
11782,3707,721,2024-04-29
11783,3707,1302,2024-03-03
11784,3708,138,2024-10-28
11785,3708,204,2024-11-04
11786,3708,249,2024-04-24
11787,3708,285,2024-02-06
11788,3708,1172,2023-12-08
11789,3708,1315,2024-10-02
11790,3708,1465,2024-12-08
11791,3709,13,2024-03-31
11792,3709,599,2024-10-09
11793,3709,952,2025-02-11
11794,3709,1234,2025-01-31
11795,3709,1434,2024-06-15
11796,3710,1243,2024-08-13
11797,3711,41,2023-11-16
11798,3711,289,2024-03-31
11799,3711,302,2024-10-24
11800,3711,408,2024-06-11
11801,3711,597,2023-12-22
11802,3711,757,2024-08-08
11803,3712,109,2025-02-08
11804,3712,504,2024-10-30
11805,3712,525,2023-11-29
11806,3712,1093,2024-11-11
11807,3712,1138,2024-09-13
11808,3712,1491,2025-02-08
11809,3713,56,2024-07-14
11810,3713,370,2024-09-10
11811,3713,714,2024-08-09
11812,3713,950,2024-07-18
11813,3713,1465,2024-05-10
11814,3714,1307,2024-05-29
11815,3714,1320,2024-11-03
11816,3714,1434,2025-02-10
11817,3714,1472,2024-03-21
11818,3715,299,2024-12-26
11819,3715,319,2024-10-21
11820,3715,698,2024-05-14
11821,3715,1351,2024-08-12
11822,3716,134,2024-02-06
11823,3716,207,2024-05-26
11824,3716,880,2024-04-06
11825,3716,1358,2024-05-05
11826,3717,343,2025-01-15
11827,3717,410,2023-12-22
11828,3717,1250,2024-07-29
11829,3718,66,2024-02-17
11830,3718,146,2024-01-27
11831,3718,318,2025-01-13
11832,3718,657,2024-04-02
11833,3718,1022,2024-10-19
11834,3718,1032,2024-08-25
11835,3719,111,2024-06-29
11836,3719,713,2024-03-03
11837,3719,907,2024-09-05
11838,3719,911,2024-09-27
11839,3719,1305,2024-08-01
11840,3720,517,2024-06-11
11841,3720,802,2024-05-09
11842,3720,923,2024-07-26
11843,3720,1178,2023-10-23
11844,3720,1265,2024-04-28
11845,3720,1308,2024-10-05
11846,3721,418,2024-06-15
11847,3722,282,2023-11-14
11848,3722,1200,2024-11-18
11849,3722,1325,2024-01-23
11850,3723,57,2024-02-21
11851,3723,922,2024-11-04
11852,3723,1258,2024-10-09
11853,3724,102,2024-06-20
11854,3724,295,2024-12-26
11855,3724,356,2024-06-18
11856,3724,548,2024-12-03
11857,3724,660,2024-10-28
11858,3724,674,2023-12-04
11859,3724,1133,2024-07-23
11860,3724,1175,2024-03-03
11861,3724,1336,2024-02-22
11862,3725,140,2024-12-31
11863,3725,753,2023-10-23
11864,3725,1295,2024-12-05
11865,3725,1480,2024-09-12
11866,3726,288,2023-12-10
11867,3726,352,2024-08-03
11868,3726,467,2024-01-23
11869,3726,671,2024-01-11
11870,3726,1004,2023-11-02
11871,3726,1091,2024-08-23
11872,3727,152,2024-04-21
11873,3727,218,2024-05-28
11874,3727,834,2024-06-26
11875,3727,1122,2024-02-20
11876,3727,1247,2024-02-08
11877,3727,1400,2024-01-25
11878,3727,1418,2024-12-28
11879,3728,122,2024-12-11
11880,3728,149,2024-01-01
11881,3728,189,2024-10-07
11882,3728,441,2024-10-15
11883,3728,866,2024-08-24
11884,3729,386,2024-10-11
11885,3729,517,2024-06-21
11886,3729,889,2024-02-05
11887,3729,1329,2024-11-25
11888,3729,1476,2024-10-03
11889,3730,23,2023-12-27
11890,3730,99,2024-02-04
11891,3730,541,2024-08-04
11892,3730,960,2025-01-02
11893,3730,1078,2024-05-14
11894,3730,1215,2024-03-16
11895,3731,77,2024-02-29
11896,3731,336,2023-11-09
11897,3731,1386,2024-01-23
11898,3732,37,2025-01-06
11899,3732,163,2024-08-02
11900,3732,593,2025-02-02
11901,3733,128,2023-12-27
11902,3733,362,2024-04-01
11903,3733,487,2024-02-19
11904,3733,1041,2024-11-13
11905,3733,1060,2024-01-11
11906,3733,1344,2024-12-10
11907,3733,1470,2024-05-09
11908,3734,452,2025-02-09
11909,3734,513,2024-12-04
11910,3734,608,2025-01-20
11911,3734,709,2024-06-11
11912,3734,840,2024-04-29
11913,3734,892,2024-08-31
11914,3735,13,2025-01-02
11915,3735,152,2024-08-18
11916,3735,374,2024-09-18
11917,3735,443,2024-01-23
11918,3735,1024,2024-02-29
11919,3735,1359,2024-01-12
11920,3736,901,2024-05-31
11921,3736,1060,2024-06-18
11922,3736,1336,2025-02-01
11923,3737,536,2024-02-18
11924,3737,609,2024-09-02
11925,3737,765,2025-02-08
11926,3737,1003,2024-10-17
11927,3738,151,2024-01-09
11928,3738,598,2024-02-11
11929,3738,672,2024-10-23
11930,3738,889,2024-07-19
11931,3738,1137,2025-01-06
11932,3738,1183,2024-04-10
11933,3739,517,2024-09-17
11934,3739,548,2023-12-31
11935,3739,921,2023-11-12
11936,3739,1144,2023-12-28
11937,3739,1354,2024-02-19
11938,3740,411,2024-10-05
11939,3740,833,2024-01-21
11940,3740,1118,2023-10-31
11941,3740,1474,2024-08-09
11942,3741,676,2023-12-07
11943,3741,993,2024-02-25
11944,3742,82,2024-10-06
11945,3742,576,2023-10-20
11946,3742,651,2023-11-22
11947,3743,69,2024-05-23
11948,3743,1189,2024-08-30
11949,3744,132,2024-01-24
11950,3744,390,2024-02-13
11951,3744,443,2024-11-12
11952,3744,583,2024-12-01
11953,3744,1114,2024-01-17
11954,3744,1379,2024-07-10
11955,3745,421,2024-03-10
11956,3745,678,2024-03-18
11957,3745,797,2023-12-29
11958,3746,184,2024-02-05
11959,3746,837,2024-03-20
11960,3746,857,2024-06-29
11961,3746,1144,2024-09-21
11962,3746,1242,2023-11-25
11963,3747,12,2024-08-24
11964,3747,140,2024-08-17
11965,3747,602,2024-07-14
11966,3747,809,2024-01-04
11967,3747,845,2025-01-17
11968,3747,954,2024-08-26
11969,3747,1097,2023-10-24
11970,3747,1326,2024-12-02
11971,3748,530,2024-09-28
11972,3748,1124,2024-06-23
11973,3748,1214,2024-04-06
11974,3749,96,2024-12-12
11975,3749,1183,2024-04-01
11976,3749,1322,2025-01-03
11977,3750,799,2023-12-02
11978,3750,807,2024-04-05
11979,3750,964,2024-12-24
11980,3750,970,2024-03-05
11981,3750,1319,2024-10-07
11982,3751,189,2024-04-12
11983,3751,191,2023-12-23
11984,3751,1039,2025-01-21
11985,3751,1478,2024-05-06
11986,3752,405,2023-11-18
11987,3753,140,2025-01-30
11988,3753,870,2025-02-05
11989,3753,1407,2024-06-02
11990,3754,85,2024-04-02
11991,3754,713,2024-05-30
11992,3754,775,2024-08-06
11993,3754,837,2024-10-07
11994,3754,994,2024-08-26
11995,3754,1012,2024-09-02
11996,3755,112,2023-11-24
11997,3755,307,2024-01-31
11998,3755,413,2024-07-28
11999,3755,528,2024-02-10
12000,3755,1109,2023-12-22
12001,3755,1214,2023-11-04
12002,3756,136,2023-10-21
12003,3756,435,2024-10-20
12004,3756,614,2024-12-19
12005,3756,680,2024-05-08
12006,3756,1194,2024-11-26
12007,3756,1281,2024-03-13
12008,3757,189,2024-02-22
12009,3757,542,2024-02-06
12010,3758,307,2024-09-28
12011,3758,363,2024-01-07
12012,3758,364,2024-01-22
12013,3758,407,2024-11-19
12014,3758,485,2024-11-11
12015,3758,964,2024-05-28
12016,3758,1164,2024-09-04
12017,3759,65,2024-10-25
12018,3759,253,2024-11-21
12019,3759,293,2024-01-05
12020,3759,390,2025-01-29
12021,3759,504,2023-12-24
12022,3759,644,2024-06-28
12023,3760,232,2024-06-06
12024,3760,273,2024-06-15
12025,3760,276,2024-06-15
12026,3760,514,2024-02-08
12027,3760,551,2024-02-01
12028,3760,978,2025-02-11
12029,3760,1082,2023-11-27
12030,3760,1201,2024-05-19
12031,3761,556,2025-01-15
12032,3761,569,2024-10-25
12033,3761,795,2024-07-05
12034,3761,1104,2024-10-12
12035,3761,1333,2023-11-06
12036,3761,1461,2024-05-10
12037,3762,419,2024-05-12
12038,3762,833,2025-02-06
12039,3762,1082,2024-03-20
12040,3762,1118,2024-10-27
12041,3762,1494,2024-06-20
12042,3763,100,2023-11-03
12043,3763,172,2025-02-04
12044,3763,378,2024-12-03
12045,3763,396,2024-06-02
12046,3764,71,2023-10-21
12047,3764,951,2024-02-03
12048,3764,978,2024-07-31
12049,3764,988,2024-04-22
12050,3764,995,2023-11-15
12051,3764,1222,2024-02-18
12052,3764,1332,2024-04-30
12053,3764,1442,2024-12-01
12054,3764,1452,2023-11-06
12055,3765,169,2024-04-08
12056,3765,255,2024-08-29
12057,3765,484,2024-03-28
12058,3765,637,2024-01-14
12059,3766,144,2024-09-03
12060,3766,400,2024-07-03
12061,3766,785,2024-11-30
12062,3766,1041,2024-03-23
12063,3767,175,2023-12-28
12064,3767,182,2024-09-06
12065,3767,756,2024-03-15
12066,3767,795,2023-12-02
12067,3767,927,2024-10-26
12068,3768,666,2024-12-14
12069,3768,984,2023-11-08
12070,3768,1130,2024-09-11
12071,3768,1197,2024-06-18
12072,3769,12,2024-11-28
12073,3769,387,2024-10-16
12074,3769,656,2024-03-20
12075,3769,1356,2024-10-26
12076,3770,283,2023-11-16
12077,3771,9,2023-12-26
12078,3772,47,2025-01-21
12079,3772,833,2024-06-29
12080,3772,889,2024-03-06
12081,3772,1300,2023-10-29
12082,3772,1498,2024-09-29
12083,3773,167,2024-09-15
12084,3773,1020,2025-01-06
12085,3773,1076,2024-05-29
12086,3773,1170,2024-06-18
12087,3774,414,2024-11-23
12088,3774,458,2024-11-11
12089,3774,698,2024-04-24
12090,3774,1140,2024-07-05
12091,3774,1322,2024-01-13
12092,3774,1387,2024-05-26
12093,3774,1434,2024-06-08
12094,3774,1467,2024-05-22
12095,3775,219,2023-12-29
12096,3775,443,2024-04-27
12097,3775,475,2024-08-06
12098,3775,525,2025-02-05
12099,3775,680,2023-10-21
12100,3775,767,2024-12-24
12101,3776,189,2025-02-05
12102,3776,388,2024-05-27
12103,3776,476,2024-12-18
12104,3776,904,2024-01-09
12105,3776,998,2023-10-27
12106,3776,1109,2024-12-24
12107,3777,176,2023-11-09
12108,3777,1293,2024-02-22
12109,3777,1369,2024-10-15
12110,3778,576,2024-05-14
12111,3778,877,2024-01-25
12112,3778,1385,2024-12-05
12113,3778,1402,2024-07-06
12114,3778,1429,2024-09-23
12115,3779,767,2024-04-19
12116,3779,1332,2024-09-08
12117,3779,1350,2024-12-26
12118,3779,1426,2024-11-29
12119,3780,123,2024-12-07
12120,3780,200,2025-02-14
12121,3780,330,2024-05-13
12122,3780,410,2025-01-14
12123,3780,515,2024-11-30
12124,3780,1006,2024-03-02
12125,3780,1312,2025-02-15
12126,3781,169,2024-05-17
12127,3781,407,2024-10-27
12128,3781,434,2023-11-25
12129,3781,1118,2024-03-12
12130,3781,1201,2024-08-08
12131,3782,13,2024-06-05
12132,3782,495,2024-03-04
12133,3782,1359,2024-03-29
12134,3782,1429,2024-08-19
12135,3783,86,2024-06-24
12136,3783,250,2024-09-14
12137,3783,318,2024-08-15
12138,3783,539,2024-02-03
12139,3783,671,2023-12-12
12140,3783,1166,2024-07-13
12141,3784,643,2025-02-04
12142,3784,753,2024-02-08
12143,3784,769,2024-08-15
12144,3784,938,2024-10-11
12145,3784,1455,2024-11-17
12146,3785,109,2024-08-07
12147,3785,187,2024-10-01
12148,3785,385,2024-06-24
12149,3785,525,2024-11-06
12150,3785,712,2024-08-09
12151,3785,796,2024-12-22
12152,3785,1252,2024-07-23
12153,3786,93,2024-10-16
12154,3786,236,2024-03-10
12155,3786,362,2024-12-24
12156,3786,892,2024-08-21
12157,3786,969,2024-11-27
12158,3787,107,2023-11-28
12159,3787,473,2024-02-28
12160,3787,521,2024-08-21
12161,3787,943,2025-01-29
12162,3787,1062,2024-10-15
12163,3787,1118,2024-07-05
12164,3788,410,2024-05-25
12165,3788,787,2023-11-06
12166,3788,1012,2024-08-16
12167,3788,1333,2024-11-01
12168,3788,1397,2024-09-01
12169,3788,1447,2025-01-17
12170,3789,93,2024-03-29
12171,3789,922,2024-12-09
12172,3789,1003,2024-03-28
12173,3789,1294,2023-10-27
12174,3790,85,2025-01-05
12175,3790,203,2024-03-12
12176,3790,702,2024-08-20
12177,3790,922,2024-10-13
12178,3790,1169,2024-12-02
12179,3790,1327,2024-09-22
12180,3790,1440,2024-02-03
12181,3791,463,2024-01-01
12182,3791,940,2024-12-14
12183,3791,1082,2024-05-20
12184,3792,23,2024-11-19
12185,3792,230,2025-01-08
12186,3792,660,2024-05-30
12187,3792,960,2024-03-19
12188,3792,1235,2024-02-07
12189,3793,82,2023-12-24
12190,3793,697,2023-12-26
12191,3794,113,2024-11-04
12192,3794,258,2024-02-10
12193,3794,288,2024-08-17
12194,3794,409,2024-02-28
12195,3794,922,2025-01-19
12196,3794,1107,2024-05-02
12197,3794,1294,2023-12-10
12198,3795,660,2023-12-25
12199,3795,960,2023-12-10
12200,3795,963,2024-01-08
12201,3795,982,2024-10-21
12202,3795,1398,2024-07-26
12203,3795,1489,2024-08-14
12204,3795,1498,2024-10-14
12205,3796,449,2025-02-09
12206,3796,607,2025-01-12
12207,3796,905,2024-07-19
12208,3796,1114,2024-12-05
12209,3797,719,2024-09-17
12210,3797,1109,2023-11-27
12211,3797,1327,2024-09-22
12212,3797,1341,2025-01-05
12213,3797,1487,2025-01-28
12214,3797,1492,2023-12-12
12215,3798,234,2024-04-05
12216,3798,571,2024-08-30
12217,3798,1122,2024-03-15
12218,3798,1247,2024-08-02
12219,3798,1333,2025-02-08
12220,3799,232,2024-04-10
12221,3799,313,2024-02-13
12222,3799,530,2024-02-25
12223,3799,992,2023-10-28
12224,3799,1031,2023-10-22
12225,3799,1109,2024-10-12
12226,3799,1366,2023-11-26
12227,3800,239,2024-01-21
12228,3800,708,2024-10-04
12229,3800,938,2024-06-06
12230,3800,1315,2024-05-30
12231,3801,553,2024-11-02
12232,3801,558,2024-10-11
12233,3801,769,2025-02-01
12234,3801,918,2025-01-10
12235,3801,1121,2024-01-11
12236,3801,1132,2023-12-29
12237,3802,181,2025-01-27
12238,3802,270,2024-01-26
12239,3802,1326,2024-12-11
12240,3803,376,2024-08-17
12241,3803,814,2024-07-17
12242,3803,1123,2024-10-14
12243,3803,1378,2025-01-30
12244,3804,405,2024-03-23
12245,3804,1200,2025-02-11
12246,3804,1385,2024-06-30
12247,3805,821,2024-03-21
12248,3806,2,2024-01-16
12249,3806,49,2024-12-16
12250,3806,1087,2025-01-17
12251,3807,44,2025-02-06
12252,3807,695,2024-09-10
12253,3807,826,2024-01-10
12254,3807,983,2024-04-11
12255,3807,1139,2024-05-10
12256,3807,1178,2024-10-20
12257,3808,260,2024-06-12
12258,3808,320,2024-11-05
12259,3808,519,2024-07-04
12260,3808,768,2024-10-10
12261,3808,936,2024-06-27
12262,3808,952,2023-11-21
12263,3808,1359,2024-12-26
12264,3808,1393,2024-07-08
12265,3809,210,2024-11-19
12266,3809,743,2024-07-02
12267,3809,923,2024-07-15
12268,3809,1078,2023-12-31
12269,3809,1108,2025-01-27
12270,3809,1201,2023-12-24
12271,3810,105,2024-02-01
12272,3810,149,2024-06-06
12273,3810,738,2024-07-15
12274,3810,774,2024-09-13
12275,3810,1332,2024-07-25
12276,3810,1374,2024-09-16
12277,3810,1397,2024-06-23
12278,3810,1487,2023-11-18
12279,3811,146,2024-04-05
12280,3811,149,2024-09-20
12281,3811,1107,2024-07-25
12282,3811,1219,2024-12-27
12283,3811,1386,2024-03-16
12284,3812,25,2023-11-23
12285,3812,693,2024-05-05
12286,3812,702,2024-07-13
12287,3812,922,2023-11-14
12288,3813,109,2024-05-03
12289,3813,357,2024-10-11
12290,3813,390,2023-11-28
12291,3813,675,2024-10-28
12292,3813,1190,2024-01-30
12293,3813,1493,2024-10-11
12294,3814,119,2024-10-24
12295,3814,549,2024-02-27
12296,3814,557,2024-08-09
12297,3814,588,2024-09-12
12298,3814,845,2024-04-26
12299,3814,884,2024-05-12
12300,3814,1153,2024-03-24
12301,3815,281,2024-06-15
12302,3815,647,2024-11-05
12303,3815,652,2024-08-09
12304,3815,1091,2024-08-21
12305,3816,27,2024-07-20
12306,3816,189,2025-01-07
12307,3816,240,2024-03-06
12308,3816,327,2024-05-07
12309,3816,1032,2023-11-01
12310,3816,1156,2024-11-08
12311,3816,1339,2024-10-01
12312,3817,750,2024-04-03
12313,3817,876,2024-07-09
12314,3817,987,2024-05-26
12315,3818,137,2024-10-05
12316,3818,175,2024-06-03
12317,3818,396,2024-09-03
12318,3818,896,2024-03-05
12319,3819,392,2024-08-05
12320,3819,490,2024-11-19
12321,3819,620,2024-11-30
12322,3819,732,2024-05-05
12323,3820,983,2024-01-26
12324,3820,1250,2025-01-14
12325,3820,1455,2024-10-01
12326,3821,19,2024-07-23
12327,3821,38,2024-02-20
12328,3821,90,2023-10-21
12329,3821,123,2024-12-31
12330,3821,281,2024-09-01
12331,3821,1018,2025-01-01
12332,3821,1416,2025-02-01
12333,3822,45,2024-06-03
12334,3822,132,2024-01-06
12335,3822,517,2024-01-31
12336,3822,680,2024-05-09
12337,3822,705,2024-12-04
12338,3822,1001,2023-12-20
12339,3823,867,2023-11-14
12340,3823,970,2024-12-22
12341,3823,1303,2024-07-24
12342,3824,153,2023-11-19
12343,3824,175,2024-08-08
12344,3824,220,2025-01-12
12345,3824,442,2023-12-31
12346,3824,895,2024-05-20
12347,3824,915,2023-12-01
12348,3824,1017,2024-05-03
12349,3824,1397,2024-05-12
12350,3825,696,2023-12-26
12351,3825,697,2023-10-23
12352,3825,1274,2023-12-09
12353,3825,1367,2024-05-21
12354,3825,1407,2024-04-02
12355,3826,149,2024-04-19
12356,3826,836,2025-01-23
12357,3826,1226,2024-03-31
12358,3826,1487,2024-10-29
12359,3827,34,2024-06-06
12360,3827,94,2024-10-04
12361,3827,132,2024-07-05
12362,3827,327,2024-05-15
12363,3827,582,2024-03-10
12364,3827,1154,2024-04-06
12365,3827,1196,2024-07-01
12366,3828,459,2024-09-24
12367,3828,523,2025-02-05
12368,3828,564,2024-07-13
12369,3828,1063,2025-02-15
12370,3828,1120,2024-05-11
12371,3829,113,2024-04-02
12372,3829,156,2024-04-04
12373,3829,230,2024-11-07
12374,3829,399,2024-11-11
12375,3829,660,2024-04-20
12376,3829,1073,2025-01-16
12377,3829,1364,2024-06-28
12378,3830,807,2024-04-17
12379,3831,175,2023-12-10
12380,3831,491,2024-01-16
12381,3831,634,2024-02-27
12382,3831,752,2024-06-16
12383,3831,939,2024-05-27
12384,3831,1112,2024-03-08
12385,3832,161,2023-10-22
12386,3832,397,2023-10-23
12387,3832,538,2023-11-15
12388,3832,1156,2024-05-04
12389,3832,1282,2024-07-14
12390,3832,1357,2024-06-04
12391,3833,709,2024-04-09
12392,3833,894,2024-07-12
12393,3833,1244,2024-11-25
12394,3833,1268,2024-12-07
12395,3833,1464,2024-05-19
12396,3834,417,2024-12-06
12397,3834,617,2024-07-17
12398,3834,928,2024-12-31
12399,3834,1288,2023-12-26
12400,3834,1312,2024-03-17
12401,3835,729,2024-10-03
12402,3835,919,2023-11-18
12403,3835,1040,2024-04-19
12404,3835,1095,2023-11-25
12405,3836,63,2024-05-19
12406,3836,96,2024-05-02
12407,3836,525,2024-04-17
12408,3836,583,2024-02-27
12409,3836,586,2024-04-03
12410,3836,976,2023-12-13
12411,3837,180,2024-01-06
12412,3837,383,2024-01-17
12413,3837,761,2025-01-18
12414,3837,971,2024-02-28
12415,3837,1028,2025-01-03
12416,3838,178,2024-03-22
12417,3838,696,2024-03-01
12418,3838,711,2023-11-24
12419,3838,906,2024-11-17
12420,3838,1402,2024-07-08
12421,3838,1500,2024-08-16
12422,3839,273,2024-08-28
12423,3839,535,2024-06-17
12424,3839,631,2025-02-08
12425,3839,728,2024-03-19
12426,3839,884,2023-10-22
12427,3839,1175,2024-01-01
12428,3840,332,2024-12-03
12429,3840,514,2024-12-27
12430,3840,809,2024-12-19
12431,3841,90,2024-01-31
12432,3841,445,2024-01-31
12433,3841,1322,2024-07-16
12434,3842,981,2024-05-15
12435,3843,180,2025-01-29
12436,3843,432,2024-07-19
12437,3843,473,2024-05-25
12438,3843,486,2023-10-28
12439,3843,973,2024-07-08
12440,3843,1049,2024-11-20
12441,3843,1159,2024-02-16
12442,3844,223,2024-12-21
12443,3844,421,2024-03-30
12444,3844,985,2024-12-13
12445,3845,342,2024-06-16
12446,3845,469,2025-01-06
12447,3845,1048,2023-11-10
12448,3845,1126,2024-10-27
12449,3846,312,2023-11-21
12450,3846,719,2024-06-07
12451,3846,770,2023-10-30
12452,3846,1341,2024-02-22
12453,3846,1473,2024-05-16
12454,3847,370,2024-01-27
12455,3847,832,2023-11-12
12456,3847,941,2025-01-13
12457,3847,1112,2024-09-02
12458,3847,1487,2024-03-20
12459,3848,453,2024-12-07
12460,3848,992,2025-02-10
12461,3848,1353,2024-03-05
12462,3849,196,2024-01-06
12463,3849,707,2025-01-31
12464,3849,1008,2024-02-05
12465,3849,1071,2024-07-08
12466,3849,1288,2024-09-13
12467,3849,1430,2024-05-17
12468,3850,81,2023-11-20
12469,3850,249,2024-01-16
12470,3850,955,2023-11-12
12471,3850,1126,2024-12-01
12472,3851,572,2024-10-09
12473,3851,671,2024-04-07
12474,3851,960,2024-10-28
12475,3852,13,2023-11-13
12476,3852,363,2024-07-22
12477,3852,410,2024-08-28
12478,3852,449,2024-10-30
12479,3852,945,2024-07-19
12480,3852,946,2024-02-11
12481,3852,1436,2023-11-04
12482,3852,1481,2024-08-26
12483,3853,109,2024-11-20
12484,3853,963,2025-01-08
12485,3853,1086,2024-03-10
12486,3853,1291,2024-11-05
12487,3854,6,2023-11-24
12488,3854,159,2024-02-05
12489,3854,255,2024-03-05
12490,3854,322,2024-09-26
12491,3854,426,2024-08-11
12492,3854,807,2023-10-26
12493,3854,1250,2024-08-13
12494,3855,54,2024-11-17
12495,3855,122,2024-05-28
12496,3855,441,2024-09-10
12497,3855,684,2023-11-22
12498,3855,1258,2024-12-14
12499,3856,137,2024-08-25
12500,3856,406,2024-06-19
12501,3856,462,2024-08-20
12502,3856,832,2024-06-24
12503,3856,955,2025-01-06
12504,3856,1261,2024-12-25
12505,3856,1391,2025-02-01
12506,3857,388,2024-12-13
12507,3857,397,2025-01-20
12508,3857,425,2024-08-09
12509,3857,445,2025-01-11
12510,3857,495,2024-06-25
12511,3857,783,2023-12-28
12512,3858,195,2024-12-23
12513,3858,227,2024-03-07
12514,3858,432,2024-04-09
12515,3858,610,2024-01-06
12516,3858,1156,2024-07-30
12517,3858,1361,2024-03-05
12518,3859,81,2023-12-15
12519,3859,149,2024-02-04
12520,3859,239,2024-04-22
12521,3859,981,2024-05-06
12522,3859,1271,2024-08-27
12523,3859,1475,2024-03-06
12524,3860,178,2024-07-15
12525,3860,383,2023-10-26
12526,3860,664,2024-03-20
12527,3860,1013,2024-03-30
12528,3860,1313,2025-01-30
12529,3860,1325,2023-11-10
12530,3860,1423,2024-06-13
12531,3861,349,2024-02-01
12532,3861,966,2024-04-18
12533,3861,1106,2024-11-08
12534,3862,37,2024-11-17
12535,3862,122,2024-04-30
12536,3862,247,2024-11-07
12537,3862,378,2024-10-07
12538,3862,671,2024-06-27
12539,3862,883,2024-03-21
12540,3862,1004,2024-07-06
12541,3863,91,2023-10-27
12542,3863,604,2024-08-08
12543,3863,1495,2024-04-01
12544,3864,680,2024-07-01
12545,3864,1144,2024-09-11
12546,3864,1171,2024-09-11
12547,3865,308,2024-02-11
12548,3865,547,2024-08-08
12549,3865,620,2024-02-25
12550,3865,679,2024-09-30
12551,3866,144,2023-10-29
12552,3866,381,2025-01-16
12553,3866,1428,2024-04-09
12554,3866,1472,2024-08-14
12555,3867,51,2024-12-17
12556,3867,743,2024-09-05
12557,3868,394,2024-11-12
12558,3868,982,2024-07-26
12559,3868,1167,2023-11-12
12560,3868,1424,2023-12-30
12561,3868,1447,2024-09-20
12562,3869,13,2024-05-28
12563,3869,280,2023-10-20
12564,3869,371,2024-01-14
12565,3869,1234,2024-10-21
12566,3870,1319,2024-08-30
12567,3871,9,2024-02-25
12568,3871,227,2024-03-06
12569,3871,331,2024-01-03
12570,3872,169,2024-09-17
12571,3872,264,2025-01-08
12572,3872,273,2024-12-07
12573,3872,1053,2024-12-31
12574,3872,1118,2023-11-11
12575,3872,1498,2024-12-03
12576,3873,398,2024-02-16
12577,3873,490,2023-12-05
12578,3873,787,2024-04-18
12579,3873,842,2025-01-28
12580,3873,870,2024-07-17
12581,3873,922,2024-08-22
12582,3873,1228,2024-11-13
12583,3874,782,2023-12-30
12584,3874,1336,2024-04-07
12585,3875,438,2024-07-12
12586,3875,732,2024-03-11
12587,3875,1018,2024-08-27
12588,3875,1041,2024-12-23
12589,3875,1492,2025-01-07
12590,3876,650,2023-10-28
12591,3876,1129,2024-06-15
12592,3876,1210,2024-01-25
12593,3876,1385,2024-12-25
12594,3877,97,2024-03-27
12595,3877,204,2024-01-06
12596,3877,246,2023-11-09
12597,3877,617,2024-02-13
12598,3877,627,2023-12-08
12599,3877,1374,2024-08-03
12600,3878,213,2024-11-03
12601,3878,621,2024-06-01
12602,3878,671,2024-09-24
12603,3878,1000,2024-06-11
12604,3878,1049,2024-06-17
12605,3878,1397,2024-03-14
12606,3879,72,2024-07-18
12607,3879,664,2024-05-30
12608,3879,1135,2024-06-11
12609,3879,1148,2024-04-22
12610,3879,1460,2024-08-27
12611,3880,3,2024-04-24
12612,3880,490,2025-02-16
12613,3880,702,2023-12-17
12614,3880,819,2024-09-20
12615,3880,879,2024-03-26
12616,3880,916,2023-11-23
12617,3881,246,2024-07-08
12618,3881,734,2025-01-22
12619,3881,735,2024-05-24
12620,3881,1267,2024-10-31
12621,3881,1498,2024-03-04
12622,3882,387,2025-01-27
12623,3882,805,2024-10-05
12624,3882,979,2024-07-13
12625,3883,40,2024-10-23
12626,3883,136,2024-01-09
12627,3883,680,2024-01-31
12628,3883,695,2023-10-21
12629,3883,707,2024-07-02
12630,3883,754,2024-07-13
12631,3883,949,2024-11-09
12632,3883,1066,2024-10-24
12633,3884,107,2023-12-25
12634,3884,212,2024-12-22
12635,3884,228,2024-08-25
12636,3884,307,2024-03-31
12637,3884,426,2024-11-25
12638,3884,636,2024-09-12
12639,3884,807,2024-07-12
12640,3885,23,2025-01-09
12641,3885,336,2024-05-09
12642,3885,807,2024-10-10
12643,3885,960,2024-07-09
12644,3885,1058,2024-12-05
12645,3885,1162,2025-02-11
12646,3886,128,2024-03-09
12647,3886,379,2023-12-13
12648,3886,1012,2024-08-07
12649,3886,1361,2024-05-22
12650,3887,837,2024-01-09
12651,3887,1007,2024-02-22
12652,3887,1283,2024-09-15
12653,3887,1407,2024-11-15
12654,3888,919,2024-02-09
12655,3888,965,2024-01-14
12656,3888,1227,2025-01-18
12657,3889,621,2024-05-26
12658,3889,1137,2023-11-04
12659,3889,1175,2024-10-31
12660,3889,1232,2024-09-13
12661,3889,1471,2024-04-21
12662,3890,684,2024-10-23
12663,3890,915,2024-07-26
12664,3891,568,2024-04-29
12665,3891,643,2024-10-20
12666,3891,1011,2024-09-02
12667,3892,481,2024-11-10
12668,3892,818,2024-03-11
12669,3892,1262,2024-01-12
12670,3893,513,2024-06-11
12671,3893,783,2024-05-22
12672,3893,1130,2024-12-22
12673,3893,1348,2024-06-22
12674,3894,109,2024-03-17
12675,3894,287,2025-02-06
12676,3894,1173,2024-07-10
12677,3894,1382,2024-02-04
12678,3894,1429,2023-12-09
12679,3894,1494,2024-12-27
12680,3895,987,2024-06-03
12681,3896,118,2024-01-26
12682,3896,342,2024-10-12
12683,3896,414,2023-10-21
12684,3896,675,2024-05-03
12685,3896,726,2024-05-13
12686,3896,1172,2024-01-21
12687,3896,1234,2024-12-24
12688,3896,1260,2024-08-17
12689,3897,52,2024-02-06
12690,3897,345,2024-09-20
12691,3897,575,2024-09-12
12692,3897,1283,2025-01-30
12693,3898,901,2024-10-02
12694,3898,1217,2023-12-03
12695,3898,1248,2024-04-27
12696,3898,1295,2023-12-06
12697,3898,1307,2024-12-08
12698,3899,241,2024-07-17
12699,3899,253,2025-02-03
12700,3899,1087,2025-01-19
12701,3899,1157,2024-12-01
12702,3899,1191,2024-11-14
12703,3899,1481,2023-12-05
12704,3900,167,2024-06-15
12705,3900,388,2024-07-22
12706,3901,219,2024-07-02
12707,3901,769,2024-01-04
12708,3901,1368,2024-03-18
12709,3901,1410,2024-11-21
12710,3902,307,2024-01-03
12711,3902,337,2025-01-15
12712,3902,409,2024-05-02
12713,3902,636,2024-12-14
12714,3902,771,2024-04-22
12715,3902,1115,2024-12-13
12716,3902,1128,2024-04-11
12717,3902,1316,2024-08-03
12718,3903,213,2024-03-27
12719,3903,264,2024-05-19
12720,3903,286,2024-09-02
12721,3903,1199,2024-07-26
12722,3904,353,2024-08-18
12723,3904,396,2024-12-21
12724,3904,666,2023-10-31
12725,3904,1012,2025-02-08
12726,3905,120,2024-05-22
12727,3905,1027,2025-02-06
12728,3905,1271,2024-01-06
12729,3905,1281,2024-02-17
12730,3906,85,2023-12-27
12731,3906,175,2024-06-11
12732,3906,883,2024-10-25
12733,3906,1041,2024-01-01
12734,3906,1292,2024-02-09
12735,3906,1321,2024-09-18
12736,3907,246,2024-06-18
12737,3907,297,2023-12-19
12738,3907,324,2024-06-06
12739,3907,535,2024-09-03
12740,3907,548,2024-07-03
12741,3907,637,2025-02-15
12742,3907,964,2024-08-11
12743,3907,1401,2023-11-02
12744,3908,196,2024-01-05
12745,3908,620,2025-01-14
12746,3909,111,2024-01-15
12747,3909,247,2024-02-13
12748,3909,308,2024-06-17
12749,3909,573,2024-10-01
12750,3909,783,2024-12-16
12751,3909,862,2024-08-08
12752,3909,1107,2023-11-17
12753,3910,319,2023-11-07
12754,3910,741,2024-10-16
12755,3910,787,2024-12-09
12756,3910,1158,2024-11-30
12757,3910,1443,2024-11-13
12758,3911,439,2024-05-26
12759,3911,1276,2024-03-29
12760,3912,405,2024-12-14
12761,3912,791,2024-03-07
12762,3912,877,2025-01-08
12763,3912,922,2024-12-02
12764,3912,935,2024-10-19
12765,3912,1080,2024-07-23
12766,3912,1472,2024-09-05
12767,3913,336,2024-09-10
12768,3913,548,2024-06-05
12769,3913,607,2023-11-17
12770,3913,1178,2024-09-27
12771,3914,635,2025-01-16
12772,3914,1150,2024-07-28
12773,3914,1222,2024-03-11
12774,3914,1307,2024-12-07
12775,3914,1331,2024-06-14
12776,3915,441,2024-06-04
12777,3915,1011,2024-08-12
12778,3915,1237,2024-04-02
12779,3915,1424,2024-10-14
12780,3916,74,2024-02-29
12781,3916,174,2023-11-25
12782,3916,365,2024-09-05
12783,3916,613,2024-11-28
12784,3916,1066,2024-06-03
12785,3916,1266,2024-05-22
12786,3916,1461,2024-06-30
12787,3917,13,2024-03-28
12788,3917,583,2024-03-28
12789,3917,796,2024-01-31
12790,3917,1234,2024-08-18
12791,3917,1332,2024-07-14
12792,3918,256,2023-11-28
12793,3918,278,2024-12-12
12794,3918,529,2025-01-11
12795,3918,700,2025-01-04
12796,3918,880,2024-07-24
12797,3918,1062,2024-07-22
12798,3918,1407,2024-09-03
12799,3919,175,2024-10-04
12800,3919,186,2023-11-09
12801,3919,783,2024-12-24
12802,3919,832,2024-06-07
12803,3919,1255,2024-11-06
12804,3919,1317,2024-02-04
12805,3920,26,2024-06-12
12806,3921,236,2024-07-09
12807,3921,613,2023-11-22
12808,3921,894,2024-04-17
12809,3921,1121,2024-08-13
12810,3922,508,2023-11-22
12811,3922,591,2024-04-01
12812,3922,881,2024-06-28
12813,3922,889,2024-08-23
12814,3922,1286,2023-11-18
12815,3923,109,2024-07-31
12816,3923,132,2024-08-12
12817,3923,815,2024-03-22
12818,3923,1093,2024-04-26
12819,3923,1247,2024-07-07
12820,3923,1280,2024-08-26
12821,3924,880,2024-11-13
12822,3924,939,2024-10-18
12823,3925,961,2024-09-05
12824,3925,1176,2024-05-06
12825,3926,509,2024-01-13
12826,3926,1250,2024-05-14
12827,3926,1251,2024-12-16
12828,3926,1498,2024-07-27
12829,3927,138,2024-02-04
12830,3927,305,2024-07-04
12831,3927,420,2024-03-02
12832,3927,1103,2024-07-27
12833,3927,1252,2024-07-08
12834,3927,1327,2024-06-02
12835,3928,101,2024-05-17
12836,3928,313,2024-02-02
12837,3928,833,2024-07-14
12838,3928,1074,2023-10-31
12839,3928,1198,2025-01-02
12840,3928,1498,2024-01-07
12841,3929,279,2023-10-28
12842,3929,302,2024-10-04
12843,3929,602,2024-06-21
12844,3929,963,2024-05-11
12845,3930,288,2023-11-29
12846,3931,86,2024-01-05
12847,3931,232,2024-02-18
12848,3931,473,2024-08-18
12849,3931,512,2024-05-11
12850,3931,597,2024-10-02
12851,3931,772,2023-12-14
12852,3931,1134,2024-01-20
12853,3931,1498,2023-12-17
12854,3932,413,2025-02-10
12855,3932,706,2024-09-07
12856,3932,970,2024-11-25
12857,3932,1215,2024-09-25
12858,3933,137,2024-08-23
12859,3933,905,2023-11-03
12860,3933,1429,2024-09-07
12861,3934,184,2024-12-28
12862,3935,74,2024-04-07
12863,3935,200,2024-10-31
12864,3935,1052,2023-12-04
12865,3935,1391,2024-07-26
12866,3936,1067,2025-01-11
12867,3936,1089,2024-12-06
12868,3936,1407,2024-07-25
12869,3937,2,2023-12-10
12870,3937,119,2024-01-07
12871,3937,390,2025-02-06
12872,3937,549,2024-08-05
12873,3937,1356,2024-09-15
12874,3938,923,2024-11-27
12875,3938,1214,2024-07-22
12876,3938,1420,2024-07-13
12877,3939,748,2024-09-13
12878,3939,796,2024-05-05
12879,3939,854,2024-12-26
12880,3940,84,2024-09-19
12881,3940,521,2024-11-24
12882,3940,535,2024-11-13
12883,3940,809,2023-12-09
12884,3941,15,2024-07-07
12885,3941,229,2024-11-15
12886,3941,671,2023-12-27
12887,3941,955,2024-12-10
12888,3941,1312,2024-12-06
12889,3941,1337,2023-11-02
12890,3942,109,2024-09-16
12891,3942,522,2024-12-16
12892,3942,1039,2024-06-26
12893,3942,1295,2023-10-23
12894,3943,281,2025-01-30
12895,3943,408,2024-05-12
12896,3943,614,2024-05-05
12897,3943,845,2024-10-20
12898,3943,1171,2024-11-12
12899,3943,1331,2024-12-28
12900,3944,16,2024-08-20
12901,3944,81,2023-11-07
12902,3944,92,2025-01-09
12903,3944,1018,2023-12-19
12904,3944,1041,2023-11-13
12905,3945,242,2024-06-08
12906,3945,585,2024-08-15
12907,3945,825,2023-12-26
12908,3946,140,2024-02-09
12909,3946,385,2024-06-22
12910,3946,637,2024-11-22
12911,3946,796,2024-01-03
12912,3946,807,2024-08-16
12913,3946,859,2024-07-30
12914,3946,918,2024-01-01
12915,3946,1493,2024-05-05
12916,3947,1476,2024-07-29
12917,3948,615,2024-08-25
12918,3948,952,2025-01-19
12919,3948,1081,2024-02-15
12920,3949,62,2024-02-11
12921,3949,141,2024-03-08
12922,3949,754,2025-01-25
12923,3949,1006,2024-10-15
12924,3949,1130,2024-07-07
12925,3950,429,2024-09-23
12926,3950,579,2025-02-07
12927,3950,670,2024-12-27
12928,3950,1024,2024-05-30
12929,3950,1080,2024-09-22
12930,3950,1310,2024-03-23
12931,3950,1359,2024-08-26
12932,3951,998,2025-01-23
12933,3951,1255,2024-06-08
12934,3951,1367,2025-02-02
12935,3951,1443,2023-11-12
12936,3952,410,2024-02-21
12937,3952,575,2024-10-19
12938,3952,599,2024-03-29
12939,3952,965,2023-11-11
12940,3952,1017,2024-05-22
12941,3952,1382,2024-06-27
12942,3953,89,2024-04-04
12943,3953,207,2024-06-11
12944,3953,577,2024-07-07
12945,3953,833,2024-08-29
12946,3953,919,2024-05-18
12947,3953,1402,2025-01-03
12948,3953,1451,2024-07-11
12949,3954,23,2024-11-23
12950,3954,47,2024-10-27
12951,3954,107,2025-01-04
12952,3954,266,2024-02-12
12953,3954,1068,2024-01-25
12954,3954,1088,2024-04-10
12955,3954,1323,2024-04-18
12956,3954,1498,2024-10-07
12957,3955,198,2024-06-04
12958,3955,877,2023-10-26
12959,3955,1148,2024-12-02
12960,3955,1245,2024-06-25
12961,3955,1313,2024-06-02
12962,3956,156,2024-02-17
12963,3956,529,2024-11-01
12964,3956,807,2023-12-10
12965,3956,1062,2024-11-15
12966,3956,1188,2024-01-15
12967,3956,1215,2024-12-23
12968,3957,351,2024-12-05
12969,3957,525,2024-09-20
12970,3957,614,2025-01-22
12971,3957,753,2025-01-12
12972,3957,767,2024-02-08
12973,3958,1288,2023-12-10
12974,3959,105,2024-04-02
12975,3959,346,2024-04-05
12976,3959,567,2024-04-11
12977,3959,1225,2024-09-07
12978,3959,1378,2023-11-10
12979,3960,340,2024-10-02
12980,3960,1080,2024-12-25
12981,3960,1369,2024-11-16
12982,3960,1396,2024-03-30
12983,3960,1497,2024-06-01
12984,3961,168,2024-09-30
12985,3961,485,2025-01-25
12986,3962,60,2023-11-05
12987,3962,555,2024-04-20
12988,3962,844,2023-12-24
12989,3962,1018,2024-09-13
12990,3962,1327,2023-12-06
12991,3962,1360,2024-07-14
12992,3962,1430,2024-06-20
12993,3962,1432,2024-08-31
12994,3963,182,2024-08-23
12995,3963,234,2024-09-29
12996,3963,679,2025-01-11
12997,3963,850,2024-11-01
12998,3963,982,2024-02-10
12999,3963,1055,2024-07-10
13000,3963,1378,2024-03-08
13001,3964,555,2024-10-17
13002,3964,1090,2024-12-13
13003,3964,1108,2024-03-11
13004,3965,221,2024-03-02
13005,3965,609,2023-11-11
13006,3965,1083,2024-03-27
13007,3966,23,2024-04-25
13008,3966,81,2024-07-06
13009,3966,255,2024-07-21
13010,3966,382,2024-02-04
13011,3966,809,2023-12-12
13012,3966,1450,2023-11-28
13013,3967,19,2024-03-27
13014,3967,37,2023-11-21
13015,3967,560,2024-03-25
13016,3967,1012,2025-01-16
13017,3968,213,2024-06-23
13018,3968,832,2023-11-15
13019,3968,955,2024-09-17
13020,3968,1312,2025-02-01
13021,3969,1396,2024-10-13
13022,3969,1460,2023-12-11
13023,3969,1491,2024-11-08
13024,3970,1228,2024-01-06
13025,3970,1434,2025-02-10
13026,3971,369,2024-02-13
13027,3971,769,2024-09-15
13028,3971,909,2024-11-29
13029,3972,318,2024-04-02
13030,3972,510,2024-12-28
13031,3972,1049,2023-11-14
13032,3973,48,2024-01-29
13033,3973,146,2024-05-12
13034,3973,468,2024-07-20
13035,3973,843,2024-06-03
13036,3973,1041,2023-12-17
13037,3973,1145,2024-04-03
13038,3973,1169,2024-09-05
13039,3974,754,2024-11-07
13040,3974,1015,2024-05-08
13041,3975,146,2024-12-12
13042,3975,318,2025-02-09
13043,3975,468,2024-11-20
13044,3975,830,2024-07-19
13045,3976,274,2024-08-23
13046,3976,657,2023-11-27
13047,3976,788,2024-11-03
13048,3976,922,2023-11-08
13049,3976,1077,2024-08-13
13050,3977,512,2024-09-11
13051,3977,515,2024-05-31
13052,3977,785,2025-01-11
13053,3977,817,2025-01-08
13054,3977,855,2024-06-06
13055,3977,1069,2024-08-31
13056,3977,1165,2024-06-04
13057,3977,1461,2024-07-21
13058,3978,311,2023-11-16
13059,3978,372,2025-01-09
13060,3978,568,2025-01-13
13061,3978,1099,2023-12-31
13062,3978,1382,2024-02-15
13063,3979,247,2024-09-11
13064,3979,472,2024-03-22
13065,3979,1228,2024-12-04
13066,3979,1256,2024-11-21
13067,3980,89,2024-09-05
13068,3980,670,2024-03-04
13069,3980,1020,2024-04-19
13070,3980,1447,2024-05-25
13071,3980,1497,2024-07-08
13072,3981,98,2024-03-17
13073,3981,129,2024-03-02
13074,3981,247,2024-05-17
13075,3981,455,2024-06-18
13076,3981,534,2024-08-09
13077,3981,830,2024-12-07
13078,3981,1065,2024-03-18
13079,3981,1389,2023-11-01
13080,3982,353,2025-01-30
13081,3982,1017,2024-11-12
13082,3982,1127,2024-02-15
13083,3982,1131,2024-12-12
13084,3982,1350,2024-11-18
13085,3983,87,2024-05-23
13086,3983,218,2024-10-25
13087,3983,313,2024-12-31
13088,3983,533,2024-05-25
13089,3983,807,2024-03-20
13090,3983,815,2024-12-09
13091,3983,886,2023-10-31
13092,3983,978,2023-11-22
13093,3983,1355,2024-05-28
13094,3984,93,2024-02-08
13095,3984,461,2025-02-11
13096,3984,508,2023-12-27
13097,3984,1155,2024-08-28
13098,3984,1351,2024-03-31
13099,3984,1378,2024-06-21
13100,3985,39,2024-02-08
13101,3985,407,2024-11-11
13102,3985,421,2024-07-01
13103,3985,805,2024-07-05
13104,3985,929,2024-09-22
13105,3985,1140,2024-02-03
13106,3985,1159,2025-01-06
13107,3985,1233,2023-12-19
13108,3985,1293,2024-04-18
13109,3985,1473,2024-08-13
13110,3986,419,2025-02-14
13111,3986,452,2024-07-01
13112,3986,560,2024-04-24
13113,3986,735,2024-06-07
13114,3986,1483,2024-10-15
13115,3987,21,2025-01-31
13116,3987,253,2024-01-10
13117,3987,601,2024-08-22
13118,3987,968,2025-01-27
13119,3988,85,2024-10-14
13120,3988,175,2024-09-26
13121,3988,783,2024-01-03
13122,3988,860,2024-09-23
13123,3988,1130,2024-05-31
13124,3988,1495,2024-02-16
13125,3989,151,2023-12-12
13126,3989,419,2024-07-06
13127,3989,599,2024-05-08
13128,3989,637,2024-08-01
13129,3989,731,2024-11-19
13130,3989,889,2024-11-03
13131,3989,1295,2024-02-03
13132,3989,1498,2024-10-17
13133,3990,593,2023-11-08
13134,3990,1138,2023-12-28
13135,3991,950,2024-08-04
13136,3991,1318,2024-12-17
13137,3992,154,2023-12-04
13138,3992,544,2024-04-06
13139,3992,595,2024-08-01
13140,3992,742,2024-04-25
13141,3993,149,2025-02-02
13142,3993,215,2024-10-15
13143,3993,407,2024-09-22
13144,3993,556,2024-03-23
13145,3993,627,2024-09-12
13146,3994,107,2024-01-11
13147,3994,686,2024-12-13
13148,3994,1118,2024-02-13
13149,3994,1308,2024-02-13
13150,3995,434,2024-01-17
13151,3995,948,2024-03-21
13152,3995,1122,2023-12-05
13153,3996,111,2024-04-29
13154,3996,403,2024-12-30
13155,3996,545,2024-10-31
13156,3996,879,2024-04-27
13157,3996,1483,2023-11-24
13158,3996,1484,2024-07-27
13159,3997,13,2024-04-14
13160,3997,21,2024-09-04
13161,3997,460,2024-11-01
13162,3997,486,2024-02-27
13163,3997,847,2024-07-21
13164,3997,1174,2024-02-23
13165,3997,1359,2024-08-13
13166,3998,130,2024-05-28
13167,3998,709,2024-12-01
13168,3998,797,2024-05-06
13169,3999,671,2023-11-01
13170,3999,907,2025-02-15
13171,3999,955,2024-06-14
13172,3999,1332,2025-01-28
13173,4000,85,2024-02-03
13174,4000,175,2024-03-21
13175,4000,883,2024-03-17
13176,4000,1132,2024-11-29
13177,4000,1357,2024-05-03
13178,4001,93,2024-12-26
13179,4001,200,2024-06-17
13180,4001,338,2024-10-17
13181,4001,988,2024-02-27
13182,4001,1228,2024-05-06
13183,4001,1381,2024-01-18
13184,4002,463,2024-10-26
13185,4002,597,2023-12-21
13186,4002,676,2024-04-13
13187,4003,64,2024-11-03
13188,4003,399,2024-09-07
13189,4003,525,2024-08-08
13190,4003,601,2024-04-19
13191,4003,912,2024-07-24
13192,4004,232,2024-03-13
13193,4004,306,2024-09-16
13194,4004,833,2023-12-01
13195,4004,970,2025-02-02
13196,4004,1118,2024-09-05
13197,4005,105,2024-06-25
13198,4005,881,2024-03-05
13199,4005,1286,2024-11-02
13200,4006,128,2025-02-08
13201,4006,244,2025-02-03
13202,4006,250,2025-02-06
13203,4006,326,2024-08-27
13204,4006,771,2023-12-17
13205,4006,790,2024-05-24
13206,4006,1297,2023-11-21
13207,4007,252,2024-06-02
13208,4007,467,2023-10-21
13209,4007,972,2024-04-09
13210,4007,1004,2023-10-26
13211,4007,1022,2025-02-16
13212,4008,200,2024-01-10
13213,4008,992,2025-01-21
13214,4008,1291,2024-01-12
13215,4008,1314,2023-11-28
13216,4009,778,2024-07-08
13217,4010,295,2024-09-24
13218,4010,332,2023-12-07
13219,4010,513,2024-05-14
13220,4010,535,2024-08-04
13221,4010,867,2024-07-28
13222,4011,552,2023-11-25
13223,4011,827,2024-09-14
13224,4011,961,2024-12-20
13225,4011,982,2025-02-13
13226,4012,71,2024-03-14
13227,4012,243,2025-01-18
13228,4012,407,2023-12-09
13229,4012,691,2024-02-13
13230,4012,1207,2024-11-26
13231,4012,1319,2024-11-13
13232,4012,1366,2024-03-21
13233,4013,608,2024-12-21
13234,4013,938,2024-03-08
13235,4013,1168,2024-09-25
13236,4014,70,2024-06-21
13237,4014,343,2024-05-04
13238,4014,385,2024-10-11
13239,4014,561,2025-01-17
13240,4014,796,2023-11-18
13241,4014,1393,2024-10-15
13242,4015,131,2024-08-17
13243,4015,608,2024-02-27
13244,4015,671,2024-12-11
13245,4015,955,2024-08-02
13246,4015,1169,2024-02-01
13247,4016,792,2024-10-09
13248,4017,1,2024-06-25
13249,4017,123,2024-12-08
13250,4017,145,2024-06-06
13251,4017,247,2024-03-15
13252,4017,467,2023-11-02
13253,4017,739,2024-10-30
13254,4017,935,2023-12-24
13255,4017,955,2024-08-17
13256,4018,402,2024-12-07
13257,4018,596,2024-10-22
13258,4018,696,2025-01-02
13259,4018,1080,2023-12-23
13260,4018,1325,2024-07-20
13261,4018,1402,2024-05-14
13262,4019,130,2024-03-15
13263,4019,190,2024-09-24
13264,4019,1200,2024-09-10
13265,4020,156,2024-02-20
13266,4020,620,2024-01-31
13267,4020,807,2024-11-17
13268,4020,964,2025-02-09
13269,4020,978,2023-11-03
13270,4020,1152,2024-12-08
13271,4021,76,2024-01-05
13272,4021,232,2024-05-24
13273,4021,548,2024-12-29
13274,4021,760,2024-09-08
13275,4021,1078,2024-04-15
13276,4021,1390,2025-02-08
13277,4022,314,2024-11-06
13278,4022,365,2023-11-04
13279,4022,793,2024-08-09
13280,4022,1159,2024-10-25
13281,4023,460,2024-09-14
13282,4023,656,2024-08-14
13283,4023,728,2024-05-03
13284,4023,1081,2024-10-16
13285,4023,1332,2024-12-12
13286,4023,1345,2024-01-23
13287,4024,793,2023-12-18
13288,4024,977,2024-07-31
13289,4025,36,2025-01-18
13290,4025,112,2024-01-24
13291,4025,317,2024-05-19
13292,4025,1103,2024-04-30
13293,4025,1294,2024-06-07
13294,4026,158,2024-06-11
13295,4026,221,2023-12-22
13296,4027,48,2024-08-22
13297,4027,284,2024-11-05
13298,4027,468,2024-04-30
13299,4027,732,2024-05-19
13300,4027,989,2024-05-18
13301,4027,1158,2024-05-29
13302,4027,1491,2023-11-28
13303,4028,253,2023-10-20
13304,4028,299,2023-12-30
13305,4028,1147,2024-03-28
13306,4028,1423,2024-11-05
13307,4029,38,2024-05-08
13308,4029,92,2025-01-30
13309,4029,175,2024-02-20
13310,4030,434,2024-03-10
13311,4030,637,2024-01-17
13312,4030,686,2024-12-08
13313,4030,772,2025-02-02
13314,4030,827,2023-11-05
13315,4030,850,2023-12-27
13316,4030,1031,2024-11-29
13317,4031,326,2024-12-27
13318,4031,698,2024-12-22
13319,4031,840,2023-12-24
13320,4031,871,2023-12-27
13321,4031,1130,2024-10-02
13322,4031,1257,2024-10-11
13323,4032,728,2024-02-09
13324,4032,1075,2024-03-05
13325,4033,361,2024-08-29
13326,4033,1062,2024-08-16
13327,4033,1242,2024-07-24
13328,4033,1355,2023-11-09
13329,4034,120,2023-11-26
13330,4034,276,2025-01-22
13331,4034,349,2024-02-03
13332,4034,554,2024-10-25
13333,4034,557,2024-05-31
13334,4034,680,2024-05-23
13335,4034,879,2024-07-29
13336,4034,1160,2024-02-10
13337,4034,1476,2025-01-18
13338,4035,9,2024-05-22
13339,4035,460,2024-06-25
13340,4036,258,2024-04-20
13341,4036,698,2024-08-31
13342,4036,1047,2024-11-02
13343,4036,1166,2023-10-28
13344,4036,1389,2023-12-07
13345,4037,103,2024-06-18
13346,4037,186,2025-01-04
13347,4037,738,2024-06-07
13348,4037,1022,2024-08-29
13349,4037,1208,2023-11-25
13350,4037,1500,2024-04-04
13351,4038,101,2024-01-04
13352,4038,138,2024-09-09
13353,4038,236,2024-03-23
13354,4038,890,2024-03-09
13355,4039,760,2024-12-09
13356,4039,881,2024-05-13
13357,4040,85,2023-12-20
13358,4040,123,2024-03-08
13359,4040,182,2024-03-18
13360,4040,323,2023-11-02
13361,4040,698,2024-08-30
13362,4040,911,2024-01-12
13363,4040,1013,2024-02-05
13364,4040,1031,2024-02-22
13365,4041,450,2024-11-20
13366,4041,1413,2025-01-01
13367,4042,702,2024-04-16
13368,4042,922,2023-11-21
13369,4042,1202,2024-06-10
13370,4043,570,2024-03-23
13371,4043,791,2024-12-28
13372,4043,920,2024-05-09
13373,4044,107,2025-01-26
13374,4044,239,2024-04-21
13375,4044,265,2024-05-29
13376,4044,404,2025-01-13
13377,4044,655,2024-03-25
13378,4044,1021,2023-12-30
13379,4044,1113,2025-01-06
13380,4044,1286,2024-12-07
13381,4045,227,2024-04-29
13382,4045,432,2024-12-09
13383,4045,539,2023-11-15
13384,4045,671,2023-12-15
13385,4045,1004,2024-07-27
13386,4045,1373,2024-05-03
13387,4046,163,2024-02-23
13388,4046,1001,2024-06-26
13389,4047,305,2024-11-07
13390,4047,421,2023-12-24
13391,4047,669,2024-05-01
13392,4047,1019,2024-02-08
13393,4048,64,2023-11-23
13394,4048,334,2024-08-05
13395,4048,433,2024-08-14
13396,4048,658,2024-11-23
13397,4048,1200,2024-11-07
13398,4049,394,2024-04-19
13399,4049,636,2024-10-30
13400,4049,1285,2025-01-25
13401,4049,1487,2024-09-13
13402,4050,554,2024-05-02
13403,4050,557,2025-01-19
13404,4050,680,2024-08-28
13405,4050,1019,2024-09-08
13406,4050,1234,2024-04-08
13407,4051,117,2024-04-19
13408,4051,1153,2024-08-13
13409,4052,243,2024-11-11
13410,4052,517,2024-01-08
13411,4052,734,2024-09-11
13412,4052,913,2024-01-21
13413,4052,1296,2024-06-24
13414,4052,1408,2024-10-04
13415,4053,67,2024-05-31
13416,4053,289,2024-04-29
13417,4053,385,2024-12-28
13418,4053,1234,2025-01-12
13419,4054,181,2024-03-02
13420,4054,968,2024-12-08
13421,4055,659,2023-12-06
13422,4055,799,2024-03-20
13423,4055,893,2024-08-26
13424,4055,1282,2023-11-12
13425,4055,1409,2023-11-02
13426,4056,13,2024-02-07
13427,4056,456,2025-02-05
13428,4056,796,2025-01-01
13429,4056,1331,2024-11-28
13430,4057,336,2025-02-01
13431,4057,434,2024-12-09
13432,4057,541,2024-07-26
13433,4057,679,2024-04-02
13434,4057,721,2023-10-21
13435,4058,67,2024-01-19
13436,4058,231,2024-11-03
13437,4058,647,2024-12-03
13438,4058,826,2024-04-08
13439,4059,402,2024-04-12
13440,4059,449,2023-11-21
13441,4059,847,2024-10-27
13442,4059,945,2024-10-23
13443,4059,1019,2024-02-03
13444,4059,1359,2024-12-18
13445,4060,394,2025-02-10
13446,4060,832,2024-11-23
13447,4060,1029,2024-03-06
13448,4060,1424,2024-11-22
13449,4060,1447,2024-03-15
13450,4061,128,2025-02-04
13451,4061,524,2024-10-03
13452,4061,771,2024-02-27
13453,4061,963,2025-01-10
13454,4061,1361,2024-07-27
13455,4062,35,2024-05-11
13456,4062,149,2024-06-22
13457,4062,331,2023-12-31
13458,4062,771,2024-01-20
13459,4062,922,2024-07-19
13460,4063,1373,2025-01-28
13461,4064,359,2024-07-20
13462,4064,665,2024-02-14
13463,4064,1043,2024-08-08
13464,4064,1060,2023-10-20
13465,4065,31,2024-03-21
13466,4065,258,2024-06-16
13467,4065,319,2024-11-09
13468,4065,471,2024-02-20
13469,4065,1007,2024-02-16
13470,4065,1075,2023-11-22
13471,4065,1360,2024-02-26
13472,4066,117,2025-02-04
13473,4066,203,2024-04-21
13474,4066,796,2024-03-09
13475,4066,838,2024-04-30
13476,4066,999,2024-10-28
13477,4066,1281,2024-11-01
13478,4067,42,2024-10-10
13479,4067,324,2023-12-01
13480,4067,364,2024-04-28
13481,4067,1250,2024-10-05
13482,4068,847,2024-06-22
13483,4068,1028,2024-03-17
13484,4069,117,2024-08-12
13485,4069,129,2024-12-17
13486,4069,295,2024-01-29
13487,4069,614,2024-01-04
13488,4069,952,2024-04-20
13489,4070,17,2023-12-06
13490,4070,399,2023-12-17
13491,4070,617,2024-03-01
13492,4070,894,2024-10-10
13493,4070,941,2024-11-23
13494,4070,1171,2024-08-16
13495,4070,1179,2024-06-10
13496,4070,1360,2024-07-15
13497,4071,11,2024-07-10
13498,4071,825,2024-06-14
13499,4071,891,2024-08-16
13500,4071,1018,2024-12-14
13501,4071,1487,2024-03-30
13502,4072,261,2024-02-06
13503,4072,845,2023-11-21
13504,4072,1473,2023-12-27
13505,4073,407,2025-01-09
13506,4073,940,2024-10-06
13507,4073,1134,2023-10-24
13508,4074,151,2024-03-16
13509,4074,165,2023-10-27
13510,4074,888,2024-08-13
13511,4074,978,2024-04-01
13512,4074,1237,2024-03-14
13513,4075,710,2024-02-21
13514,4076,356,2024-06-01
13515,4076,824,2024-06-29
13516,4076,962,2024-09-17
13517,4077,255,2024-05-29
13518,4077,413,2024-05-24
13519,4077,550,2023-12-07
13520,4077,660,2024-07-09
13521,4077,687,2024-01-27
13522,4077,1078,2023-11-15
13523,4077,1206,2024-10-11
13524,4078,364,2024-07-16
13525,4078,807,2024-12-04
13526,4078,1102,2024-04-28
13527,4078,1331,2024-07-03
13528,4078,1450,2023-11-15
13529,4079,313,2023-11-19
13530,4079,361,2023-12-10
13531,4079,637,2024-10-24
13532,4079,1251,2024-10-10
13533,4079,1446,2024-07-20
13534,4080,1243,2024-06-21
13535,4080,1261,2024-02-21
13536,4081,285,2023-12-02
13537,4082,217,2024-03-27
13538,4082,288,2024-02-02
13539,4082,358,2024-08-13
13540,4082,1374,2023-12-02
13541,4082,1430,2024-04-03
13542,4083,28,2023-12-06
13543,4083,44,2025-02-11
13544,4083,109,2023-11-22
13545,4083,320,2024-02-25
13546,4083,357,2024-02-14
13547,4083,674,2024-05-28
13548,4084,20,2024-06-22
13549,4084,35,2024-07-19
13550,4084,255,2024-05-18
13551,4084,922,2024-01-15
13552,4084,923,2024-09-07
13553,4084,963,2023-12-12
13554,4084,1051,2025-02-14
13555,4084,1068,2024-12-02
13556,4085,398,2023-10-27
13557,4085,678,2024-06-24
13558,4086,186,2024-12-01
13559,4086,193,2024-07-26
13560,4086,382,2023-11-28
13561,4086,489,2024-07-26
13562,4086,657,2024-06-09
13563,4086,1022,2023-12-08
13564,4086,1428,2023-11-12
13565,4087,23,2024-08-29
13566,4087,325,2024-09-27
13567,4087,734,2024-05-14
13568,4087,739,2024-09-07
13569,4087,997,2024-07-14
13570,4087,1201,2024-03-31
13571,4087,1330,2024-05-23
13572,4087,1362,2024-03-22
13573,4087,1410,2023-12-24
13574,4088,455,2024-04-06
13575,4088,468,2024-11-12
13576,4088,474,2024-06-08
13577,4089,99,2024-12-22
13578,4089,624,2023-11-16
13579,4089,794,2024-05-15
13580,4089,808,2024-09-12
13581,4089,1250,2024-07-26
13582,4090,513,2024-09-17
13583,4090,850,2024-12-21
13584,4090,885,2023-10-21
13585,4090,909,2024-01-01
13586,4091,744,2025-01-04
13587,4091,1321,2024-05-26
13588,4092,327,2024-12-13
13589,4092,406,2024-08-11
13590,4092,1286,2024-09-20
13591,4093,1011,2024-01-29
13592,4093,1077,2024-02-22
13593,4094,1360,2025-02-04
13594,4095,767,2024-12-07
13595,4095,917,2024-10-23
13596,4095,1285,2023-11-25
13597,4096,239,2024-04-27
13598,4096,411,2025-02-13
13599,4096,693,2024-03-02
13600,4096,911,2024-01-19
13601,4096,1218,2024-10-15
13602,4097,423,2024-11-03
13603,4097,625,2024-01-28
13604,4097,976,2023-10-26
13605,4097,1120,2024-05-13
13606,4098,517,2023-11-06
13607,4098,1490,2023-11-16
13608,4099,138,2024-01-22
13609,4099,575,2024-01-27
13610,4099,1305,2023-11-16
13611,4099,1344,2024-01-22
13612,4100,1092,2024-07-03
13613,4100,1165,2024-05-28
13614,4101,122,2025-01-09
13615,4101,441,2024-04-08
13616,4101,620,2024-09-15
13617,4101,1020,2024-10-07
13618,4101,1220,2025-02-13
13619,4101,1300,2024-04-08
13620,4101,1492,2025-01-27
13621,4102,178,2024-10-10
13622,4102,548,2023-10-29
13623,4102,664,2024-09-29
13624,4102,711,2024-04-04
13625,4102,1260,2025-01-30
13626,4103,7,2024-12-18
13627,4103,541,2023-12-29
13628,4103,1214,2024-01-14
13629,4104,178,2024-03-15
13630,4104,340,2024-11-02
13631,4104,696,2023-12-07
13632,4104,1402,2023-12-08
13633,4105,73,2024-03-16
13634,4105,82,2024-11-26
13635,4105,405,2024-01-06
13636,4105,550,2023-11-02
13637,4105,1211,2024-05-13
13638,4105,1368,2024-05-16
13639,4105,1396,2024-06-21
13640,4106,45,2023-11-07
13641,4106,346,2023-12-11
13642,4106,658,2024-03-29
13643,4106,1465,2023-11-27
13644,4107,60,2024-02-28
13645,4107,96,2024-03-31
13646,4108,461,2024-11-01
13647,4108,622,2024-08-16
13648,4108,700,2024-08-04
13649,4108,1029,2023-12-31
13650,4108,1361,2023-10-29
13651,4109,706,2023-12-07
13652,4109,964,2025-01-02
13653,4109,1165,2024-05-12
13654,4110,100,2024-05-24
13655,4110,224,2025-01-19
13656,4110,553,2024-02-24
13657,4110,922,2024-02-02
13658,4110,1131,2024-12-27
13659,4111,1161,2024-11-01
13660,4111,1176,2024-07-11
13661,4112,345,2023-12-31
13662,4112,574,2023-12-24
13663,4112,629,2023-12-28
13664,4112,991,2024-12-29
13665,4112,1310,2023-12-28
13666,4112,1456,2024-03-10
13667,4113,208,2023-11-08
13668,4113,715,2023-11-05
13669,4113,1363,2024-03-31
13670,4114,131,2024-02-15
13671,4114,216,2025-01-06
13672,4114,402,2024-08-15
13673,4114,1149,2023-12-25
13674,4114,1385,2024-01-22
13675,4115,982,2024-09-24
13676,4116,441,2024-01-18
13677,4116,506,2023-11-13
13678,4116,922,2024-04-27
13679,4117,236,2024-04-30
13680,4117,499,2023-12-30
13681,4118,141,2024-09-19
13682,4118,214,2023-11-03
13683,4118,281,2023-12-07
13684,4118,476,2024-09-23
13685,4118,499,2024-11-01
13686,4118,652,2024-08-29
13687,4118,911,2024-11-10
13688,4119,109,2023-11-12
13689,4119,796,2024-12-28
13690,4119,847,2023-11-27
13691,4119,1178,2023-12-17
13692,4120,382,2024-11-11
13693,4120,840,2024-02-03
13694,4121,237,2024-02-28
13695,4121,317,2024-07-19
13696,4121,867,2024-03-25
13697,4121,1124,2024-02-04
13698,4121,1303,2024-02-11
13699,4121,1498,2024-08-09
13700,4122,379,2023-12-10
13701,4122,843,2024-01-26
13702,4122,1051,2024-02-13
13703,4122,1272,2024-09-12
13704,4122,1397,2024-01-17
13705,4122,1484,2024-04-23
13706,4123,39,2024-01-20
13707,4123,242,2024-07-10
13708,4123,908,2024-04-30
13709,4123,1041,2023-12-18
13710,4123,1234,2024-11-30
13711,4123,1394,2024-02-06
13712,4124,585,2024-01-09
13713,4124,626,2024-02-21
13714,4124,734,2024-10-29
13715,4124,807,2024-08-21
13716,4124,923,2024-02-27
13717,4124,1256,2024-04-08
13718,4125,374,2024-12-19
13719,4125,519,2025-01-02
13720,4125,803,2024-05-17
13721,4125,945,2024-10-01
13722,4125,952,2024-03-13
13723,4126,94,2024-04-07
13724,4126,300,2023-12-23
13725,4126,643,2024-02-07
13726,4126,793,2024-03-23
13727,4126,1007,2024-01-23
13728,4127,824,2024-07-02
13729,4127,1373,2024-05-11
13730,4128,450,2024-03-20
13731,4128,593,2024-11-18
13732,4128,1351,2024-12-04
13733,4129,84,2024-03-20
13734,4129,112,2024-08-27
13735,4129,367,2024-06-02
13736,4129,706,2024-05-26
13737,4129,811,2024-11-29
13738,4129,1239,2023-10-22
13739,4129,1498,2024-01-16
13740,4130,109,2024-03-03
13741,4130,519,2024-08-13
13742,4130,549,2024-07-08
13743,4130,600,2024-05-27
13744,4130,843,2024-05-26
13745,4130,874,2024-01-26
13746,4130,906,2024-03-05
13747,4130,936,2024-01-17
13748,4130,1421,2024-11-04
13749,4131,239,2023-11-16
13750,4131,392,2024-10-27
13751,4131,410,2024-12-07
13752,4131,515,2024-08-13
13753,4131,842,2024-04-19
13754,4131,1082,2024-02-23
13755,4131,1397,2024-05-30
13756,4131,1428,2024-11-07
13757,4132,27,2024-06-08
13758,4132,88,2024-09-09
13759,4132,756,2024-09-27
13760,4132,935,2024-06-18
13761,4132,1024,2024-09-04
13762,4132,1133,2025-01-25
13763,4133,723,2025-01-05
13764,4133,1248,2024-12-13
13765,4133,1359,2024-02-21
13766,4134,833,2024-03-09
13767,4134,1429,2024-09-22
13768,4135,412,2024-08-08
13769,4135,1383,2024-07-27
13770,4136,1375,2024-09-10
13771,4137,188,2024-09-04
13772,4137,580,2024-04-21
13773,4137,658,2024-01-18
13774,4137,1378,2024-09-02
13775,4138,320,2024-06-17
13776,4138,662,2024-12-18
13777,4138,864,2024-02-15
13778,4138,930,2024-04-19
13779,4138,1057,2024-05-14
13780,4138,1123,2024-12-20
13781,4139,293,2024-11-19
13782,4139,746,2023-12-06
13783,4139,923,2024-04-08
13784,4139,1329,2024-10-06
13785,4140,50,2024-01-18
13786,4140,734,2024-05-03
13787,4140,807,2024-05-13
13788,4140,833,2024-04-26
13789,4140,913,2024-12-09
13790,4140,1036,2024-04-07
13791,4141,534,2024-08-03
13792,4141,694,2024-12-26
13793,4142,227,2023-11-22
13794,4142,258,2024-03-04
13795,4142,437,2024-06-25
13796,4142,490,2024-11-14
13797,4142,791,2025-01-21
13798,4142,1060,2024-05-06
13799,4142,1263,2024-01-08
13800,4143,281,2024-04-26
13801,4143,411,2024-11-26
13802,4143,556,2024-02-23
13803,4143,996,2025-01-08
13804,4143,1069,2024-09-11
13805,4143,1256,2024-07-07
13806,4144,156,2023-11-20
13807,4144,616,2024-09-01
13808,4144,706,2025-01-31
13809,4144,956,2024-05-20
13810,4144,1206,2024-05-20
13811,4145,143,2024-03-21
13812,4145,472,2023-12-12
13813,4145,514,2024-03-04
13814,4145,594,2024-06-18
13815,4145,867,2024-11-23
13816,4145,1240,2024-04-26
13817,4146,78,2024-02-09
13818,4146,81,2024-02-24
13819,4146,391,2024-05-14
13820,4146,879,2024-12-27
13821,4146,1091,2024-08-12
13822,4147,859,2024-10-11
13823,4147,871,2024-04-26
13824,4147,1145,2024-01-09
13825,4147,1302,2024-03-15
13826,4147,1397,2025-01-11
13827,4148,109,2024-06-02
13828,4148,206,2024-11-21
13829,4148,233,2025-02-16
13830,4148,390,2024-03-06
13831,4148,946,2025-02-03
13832,4148,1359,2024-11-14
13833,4149,256,2024-05-08
13834,4149,598,2024-05-29
13835,4149,686,2024-10-22
13836,4149,687,2024-03-30
13837,4149,807,2024-09-25
13838,4150,503,2024-02-16
13839,4150,894,2024-04-10
13840,4151,280,2024-02-03
13841,4151,443,2024-08-02
13842,4151,680,2024-08-12
13843,4151,1094,2024-10-11
13844,4152,72,2024-10-06
13845,4152,82,2024-10-12
13846,4152,579,2025-02-05
13847,4152,711,2024-05-15
13848,4152,1035,2023-12-24
13849,4152,1297,2024-11-13
13850,4153,38,2024-09-08
13851,4153,651,2025-01-12
13852,4153,761,2024-11-15
13853,4154,2,2024-08-10
13854,4154,653,2024-07-28
13855,4154,1179,2025-01-16
13856,4154,1248,2024-04-10
13857,4154,1455,2024-11-05
13858,4155,312,2024-02-24
13859,4155,947,2024-01-06
13860,4156,347,2024-03-16
13861,4156,572,2024-01-31
13862,4156,660,2025-01-11
13863,4156,796,2025-01-28
13864,4156,826,2024-10-16
13865,4156,946,2024-11-09
13866,4157,386,2024-05-05
13867,4157,833,2024-06-28
13868,4157,1166,2025-02-03
13869,4157,1175,2024-08-18
13870,4157,1498,2024-01-05
13871,4158,390,2024-03-20
13872,4158,506,2023-12-11
13873,4158,525,2024-04-10
13874,4158,583,2024-06-19
13875,4158,694,2023-11-30
13876,4158,786,2024-01-08
13877,4159,2,2024-09-12
13878,4159,619,2024-06-10
13879,4159,1369,2025-01-04
13880,4160,38,2024-09-14
13881,4160,186,2024-10-11
13882,4160,657,2025-02-09
13883,4160,863,2024-05-21
13884,4160,929,2024-01-28
13885,4160,1022,2024-11-04
13886,4161,108,2024-09-04
13887,4161,807,2024-07-26
13888,4161,970,2025-02-07
13889,4161,1250,2024-02-11
13890,4161,1496,2024-04-02
13891,4162,593,2024-03-06
13892,4162,698,2024-02-05
13893,4162,777,2025-02-12
13894,4162,881,2024-09-21
13895,4162,942,2024-03-14
13896,4163,177,2024-05-17
13897,4163,404,2024-07-26
13898,4163,930,2024-04-05
13899,4164,91,2024-07-02
13900,4164,104,2024-11-06
13901,4164,118,2024-05-26
13902,4164,500,2024-02-23
13903,4164,700,2024-09-26
13904,4164,718,2024-08-10
13905,4164,1075,2023-11-02
13906,4165,13,2024-05-18
13907,4165,96,2024-11-24
13908,4165,238,2023-12-10
13909,4165,585,2024-05-08
13910,4165,677,2024-10-28
13911,4165,905,2024-07-21
13912,4165,1234,2024-01-03
13913,4165,1319,2024-03-19
13914,4165,1332,2024-08-04
13915,4165,1346,2024-06-16
13916,4166,839,2024-08-17
13917,4166,873,2024-09-11
13918,4166,919,2024-02-18
13919,4166,1089,2024-08-30
13920,4166,1148,2024-08-26
13921,4166,1402,2024-11-08
13922,4167,295,2025-01-17
13923,4167,336,2024-11-11
13924,4167,672,2024-07-25
13925,4167,1098,2024-11-26
13926,4168,156,2024-09-20
13927,4168,212,2023-11-28
13928,4168,232,2024-05-19
13929,4168,520,2023-12-08
13930,4169,301,2024-04-18
13931,4170,431,2025-01-02
13932,4170,522,2024-02-11
13933,4170,1153,2024-09-28
13934,4171,714,2025-02-15
13935,4171,1148,2024-07-02
13936,4172,200,2023-12-01
13937,4172,491,2023-12-10
13938,4172,1312,2024-05-08
13939,4172,1500,2025-01-21
13940,4173,169,2024-11-23
13941,4173,672,2024-07-09
13942,4173,772,2024-09-19
13943,4173,799,2024-01-28
13944,4173,1062,2024-10-09
13945,4173,1265,2024-06-12
13946,4174,12,2023-12-04
13947,4174,104,2023-11-03
13948,4174,586,2024-02-22
13949,4174,656,2023-10-31
13950,4174,1326,2024-06-30
13951,4175,468,2024-12-05
13952,4175,834,2024-02-03
13953,4175,1258,2024-06-18
13954,4176,13,2023-12-25
13955,4176,62,2024-05-01
13956,4176,835,2023-11-19
13957,4176,857,2024-06-17
13958,4176,945,2024-10-07
13959,4176,1002,2024-01-13
13960,4177,843,2024-11-19
13961,4177,992,2024-12-18
13962,4177,1026,2024-11-18
13963,4177,1077,2023-10-22
13964,4177,1122,2025-02-13
13965,4177,1247,2023-12-07
13966,4177,1446,2024-03-08
13967,4178,993,2024-07-20
13968,4178,1344,2024-08-29
13969,4178,1363,2024-05-23
13970,4178,1484,2024-12-10
13971,4179,152,2024-06-22
13972,4179,369,2024-07-29
13973,4179,587,2025-01-24
13974,4179,1297,2024-10-18
13975,4179,1373,2023-10-29
13976,4179,1465,2024-07-30
13977,4179,1477,2025-01-20
13978,4180,85,2023-12-30
13979,4180,1004,2024-05-04
13980,4180,1278,2024-10-28
13981,4181,177,2024-03-08
13982,4182,79,2024-08-08
13983,4182,307,2024-02-03
13984,4182,426,2023-12-19
13985,4182,526,2023-12-26
13986,4182,822,2023-12-21
13987,4182,964,2024-03-14
13988,4182,1330,2024-05-10
13989,4183,141,2024-11-24
13990,4183,236,2024-01-28
13991,4183,617,2024-08-18
13992,4183,657,2024-11-16
13993,4183,843,2024-03-20
13994,4183,1361,2024-11-23
13995,4183,1400,2024-11-18
13996,4184,169,2024-06-02
13997,4184,501,2024-05-10
13998,4184,804,2024-01-22
13999,4184,1258,2024-04-02
14000,4184,1498,2024-09-12
14001,4185,296,2024-03-10
14002,4185,357,2024-12-22
14003,4185,821,2024-01-01
14004,4185,1054,2024-11-06
14005,4185,1093,2024-08-11
14006,4186,331,2024-12-18
14007,4186,452,2024-09-08
14008,4187,102,2024-01-12
14009,4187,353,2024-05-05
14010,4187,362,2024-12-24
14011,4187,646,2024-10-13
14012,4187,829,2024-03-19
14013,4187,1312,2024-04-13
14014,4187,1473,2024-11-07
14015,4188,70,2024-05-14
14016,4188,240,2024-02-02
14017,4188,321,2025-01-31
14018,4188,353,2024-12-10
14019,4188,1095,2024-01-25
14020,4188,1339,2024-08-21
14021,4189,727,2023-12-14
14022,4189,857,2024-06-11
14023,4189,1106,2023-12-30
14024,4189,1150,2024-11-06
14025,4189,1320,2025-02-07
14026,4190,36,2024-08-14
14027,4190,130,2025-01-02
14028,4190,696,2024-12-05
14029,4190,697,2024-08-16
14030,4191,122,2024-09-06
14031,4191,149,2025-01-22
14032,4191,369,2024-03-21
14033,4191,984,2023-10-25
14034,4192,113,2024-02-07
14035,4192,266,2024-05-09
14036,4192,616,2024-12-13
14037,4192,674,2024-08-08
14038,4192,923,2024-03-02
14039,4193,243,2024-07-04
14040,4193,336,2024-12-26
14041,4193,599,2024-09-24
14042,4193,1016,2023-11-29
14043,4193,1185,2024-09-25
14044,4193,1426,2023-12-15
14045,4194,79,2024-01-20
14046,4194,384,2024-09-12
14047,4194,493,2024-05-18
14048,4194,1209,2024-10-13
14049,4194,1407,2025-01-28
14050,4195,610,2024-05-03
14051,4195,658,2024-10-21
14052,4195,1003,2024-03-17
14053,4195,1258,2024-08-05
14054,4196,428,2024-06-11
14055,4196,729,2023-12-04
14056,4197,564,2024-09-01
14057,4197,566,2024-05-16
14058,4197,879,2024-06-07
14059,4197,1206,2024-09-28
14060,4197,1460,2023-11-02
14061,4197,1500,2024-05-17
14062,4198,295,2024-10-03
14063,4198,407,2025-01-17
14064,4198,637,2024-07-27
14065,4198,672,2024-02-11
14066,4198,1371,2024-02-08
14067,4199,12,2024-04-05
14068,4199,91,2024-02-09
14069,4199,109,2024-08-22
14070,4199,231,2023-12-15
14071,4199,619,2023-11-05
14072,4200,386,2023-12-12
14073,4200,741,2024-05-06
14074,4200,753,2023-12-14
14075,4200,1478,2024-01-14
14076,4201,370,2024-04-16
14077,4201,617,2024-11-25
14078,4201,998,2024-11-18
14079,4201,1075,2024-08-07
14080,4201,1268,2023-11-03
14081,4202,113,2023-12-17
14082,4202,529,2024-05-12
14083,4202,660,2024-11-20
14084,4202,678,2024-10-21
14085,4202,788,2024-02-23
14086,4202,822,2024-08-05
14087,4203,146,2024-08-23
14088,4203,394,2024-03-07
14089,4203,850,2024-10-28
14090,4203,1076,2024-08-14
14091,4204,333,2023-11-06
14092,4205,257,2024-11-12
14093,4206,233,2024-11-09
14094,4206,273,2023-11-30
14095,4206,407,2024-01-27
14096,4206,833,2024-02-12
14097,4206,940,2024-02-15
14098,4206,1124,2024-03-07
14099,4207,69,2024-03-07
14100,4207,658,2024-02-07
14101,4207,796,2024-06-19
14102,4207,918,2025-01-31
14103,4208,117,2024-09-24
14104,4208,392,2024-05-21
14105,4208,545,2024-12-19
14106,4208,770,2024-06-22
14107,4208,1176,2024-09-20
14108,4208,1283,2024-12-02
14109,4208,1295,2024-02-02
14110,4209,101,2024-10-05
14111,4209,1132,2024-03-08
14112,4209,1196,2024-07-19
14113,4210,71,2024-11-29
14114,4210,525,2023-12-10
14115,4210,826,2024-03-12
14116,4210,1453,2023-11-12
14117,4211,12,2024-12-15
14118,4211,299,2024-08-03
14119,4211,504,2024-07-25
14120,4211,728,2024-12-01
14121,4211,926,2024-10-07
14122,4212,473,2024-03-03
14123,4212,536,2023-12-04
14124,4212,1265,2024-10-26
14125,4212,1468,2023-11-20
14126,4213,98,2023-11-25
14127,4213,307,2025-01-04
14128,4213,361,2024-05-29
14129,4213,888,2024-06-28
14130,4213,1118,2024-08-22
14131,4213,1486,2024-02-07
14132,4214,294,2023-11-08
14133,4214,871,2023-11-26
14134,4214,1033,2024-02-25
14135,4214,1234,2025-01-27
14136,4215,346,2024-07-24
14137,4215,702,2023-12-05
14138,4216,1032,2023-12-12
14139,4216,1160,2024-05-12
14140,4217,105,2023-10-25
14141,4217,149,2024-03-12
14142,4217,413,2024-08-11
14143,4217,648,2024-09-19
14144,4217,777,2024-10-17
14145,4217,1397,2024-08-17
14146,4217,1416,2024-09-23
14147,4218,128,2024-09-20
14148,4218,636,2023-12-01
14149,4218,771,2024-11-18
14150,4218,1252,2023-11-01
14151,4218,1361,2023-11-13
14152,4219,255,2024-12-27
14153,4219,616,2024-03-27
14154,4219,978,2024-09-19
14155,4219,1078,2025-01-22
14156,4219,1267,2025-02-03
14157,4220,56,2024-01-10
14158,4220,154,2025-01-19
14159,4220,234,2025-01-28
14160,4220,247,2023-11-08
14161,4220,301,2024-01-05
14162,4220,544,2024-07-17
14163,4220,1047,2024-08-02
14164,4221,291,2024-12-18
14165,4221,1407,2025-01-13
14166,4222,729,2024-05-20
14167,4222,919,2024-12-29
14168,4222,1402,2024-05-20
14169,4223,338,2025-02-05
14170,4223,403,2023-12-19
14171,4223,887,2024-05-13
14172,4224,281,2025-01-30
14173,4224,334,2024-07-24
14174,4224,984,2023-11-05
14175,4225,200,2024-11-05
14176,4225,218,2023-11-26
14177,4225,346,2025-01-10
14178,4225,349,2024-09-01
14179,4225,720,2024-08-23
14180,4225,1100,2023-11-09
14181,4225,1327,2024-02-23
14182,4226,420,2024-03-17
14183,4226,499,2024-01-01
14184,4226,817,2023-12-21
14185,4226,1317,2024-12-25
14186,4227,313,2024-11-17
14187,4227,545,2024-01-30
14188,4227,960,2024-02-29
14189,4227,1489,2024-07-02
14190,4228,283,2025-01-20
14191,4228,545,2024-11-03
14192,4228,804,2025-02-09
14193,4228,913,2024-04-05
14194,4228,1124,2024-03-22
14195,4228,1137,2024-07-29
14196,4229,40,2024-03-01
14197,4229,235,2025-01-16
14198,4229,504,2024-01-07
14199,4229,669,2023-11-19
14200,4230,186,2024-02-04
14201,4230,571,2024-03-31
14202,4230,655,2024-01-29
14203,4230,865,2023-11-27
14204,4230,1022,2024-05-24
14205,4230,1169,2023-11-20
14206,4231,554,2024-10-10
14207,4231,728,2024-06-20
14208,4231,757,2024-08-04
14209,4231,796,2024-09-27
14210,4231,1462,2023-12-08
14211,4231,1467,2024-06-24
14212,4232,515,2024-12-21
14213,4232,788,2025-02-11
14214,4232,865,2025-02-06
14215,4232,1106,2024-08-17
14216,4233,408,2023-12-10
14217,4233,759,2024-02-02
14218,4233,1006,2025-02-02
14219,4234,287,2024-07-24
14220,4234,601,2024-05-02
14221,4234,714,2023-11-19
14222,4234,999,2023-11-29
14223,4234,1320,2024-04-02
14224,4234,1322,2024-11-26
14225,4235,205,2024-06-22
14226,4235,564,2023-12-09
14227,4235,1053,2024-12-30
14228,4235,1449,2024-10-13
14229,4236,426,2025-01-14
14230,4236,1144,2023-12-03
14231,4236,1486,2024-11-27
14232,4237,448,2024-06-29
14233,4237,994,2023-12-18
14234,4237,1098,2024-02-01
14235,4237,1128,2025-01-10
14236,4237,1259,2023-12-28
14237,4237,1303,2024-11-23
14238,4237,1364,2024-10-15
14239,4237,1400,2023-12-09
14240,4238,29,2024-08-13
14241,4238,137,2024-10-03
14242,4238,396,2024-03-26
14243,4238,625,2025-02-05
14244,4238,771,2024-12-26
14245,4238,1107,2024-12-11
14246,4238,1187,2023-10-28
14247,4238,1210,2023-12-28
14248,4238,1225,2024-03-23
14249,4238,1376,2025-01-25
14250,4238,1424,2024-06-13
14251,4238,1468,2024-09-26
14252,4239,34,2025-01-06
14253,4239,443,2023-10-22
14254,4239,529,2024-01-10
14255,4239,663,2025-02-08
14256,4239,748,2024-07-12
14257,4239,970,2024-07-30
14258,4239,1423,2024-12-04
14259,4240,39,2024-09-19
14260,4240,187,2023-12-04
14261,4240,239,2024-03-16
14262,4240,302,2023-12-06
14263,4240,757,2023-12-20
14264,4240,1136,2023-12-26
14265,4240,1205,2024-12-23
14266,4240,1221,2024-07-19
14267,4241,53,2024-06-11
14268,4241,671,2024-12-28
14269,4241,732,2024-09-07
14270,4241,984,2024-03-21
14271,4241,1004,2024-03-30
14272,4242,19,2023-12-28
14273,4242,634,2025-01-27
14274,4242,981,2024-06-24
14275,4242,1439,2025-02-09
14276,4243,126,2024-10-10
14277,4243,651,2023-11-27
14278,4243,859,2024-11-18
14279,4243,1366,2025-02-06
14280,4243,1464,2024-08-26
14281,4244,325,2024-02-06
14282,4244,1202,2024-05-30
14283,4244,1233,2024-06-19
14284,4244,1387,2024-12-27
14285,4245,13,2024-07-07
14286,4245,293,2024-04-25
14287,4245,351,2024-06-27
14288,4245,1093,2024-05-01
14289,4246,140,2024-03-18
14290,4246,647,2025-01-02
14291,4246,811,2024-05-26
14292,4246,845,2024-01-24
14293,4247,114,2024-08-24
14294,4247,351,2023-11-25
14295,4247,714,2024-02-19
14296,4247,805,2024-07-29
14297,4247,1121,2024-11-26
14298,4248,326,2023-11-29
14299,4248,771,2023-11-08
14300,4248,894,2025-02-01
14301,4248,1283,2024-09-10
14302,4249,14,2024-07-01
14303,4249,193,2024-03-22
14304,4249,973,2024-08-29
14305,4250,196,2023-12-15
14306,4250,277,2024-09-20
14307,4250,605,2024-05-01
14308,4250,632,2023-12-21
14309,4250,1389,2024-11-23
14310,4251,94,2024-08-10
14311,4251,267,2024-03-14
14312,4251,384,2024-01-14
14313,4251,1342,2024-02-24
14314,4252,361,2024-09-12
14315,4252,401,2024-01-05
14316,4252,527,2023-12-19
14317,4252,592,2024-04-15
14318,4252,963,2024-03-13
14319,4252,1049,2025-01-11
14320,4252,1198,2023-11-13
14321,4252,1488,2023-11-27
14322,4253,152,2024-10-17
14323,4253,178,2024-02-18
14324,4253,317,2023-12-01
14325,4253,345,2025-02-02
14326,4253,554,2024-04-08
14327,4253,629,2024-02-08
14328,4253,920,2024-04-06
14329,4253,1402,2023-11-15
14330,4254,236,2024-05-17
14331,4254,565,2024-08-20
14332,4254,1063,2024-09-23
14333,4254,1195,2024-05-28
14334,4255,71,2024-09-22
14335,4255,390,2024-01-22
14336,4255,647,2024-05-05
14337,4256,1010,2023-11-23
14338,4256,1194,2024-05-15
14339,4256,1453,2024-07-26
14340,4257,60,2024-02-26
14341,4257,489,2024-12-09
14342,4257,624,2024-04-13
14343,4257,799,2024-04-09
14344,4258,341,2024-01-13
14345,4259,295,2024-04-02
14346,4259,401,2024-01-17
14347,4259,535,2024-11-10
14348,4259,884,2024-09-19
14349,4259,1324,2024-06-30
14350,4259,1450,2024-11-01
14351,4260,357,2024-03-27
14352,4260,749,2025-01-19
14353,4260,1093,2023-11-27
14354,4260,1434,2023-10-21
14355,4261,374,2023-12-30
14356,4261,847,2024-09-08
14357,4262,439,2024-04-23
14358,4262,527,2024-03-12
14359,4262,1198,2024-06-25
14360,4262,1399,2024-10-22
14361,4263,261,2024-12-07
14362,4263,1047,2023-11-22
14363,4264,123,2025-02-09
14364,4264,154,2024-10-16
14365,4264,1067,2024-06-14
14366,4264,1093,2024-08-13
14367,4264,1484,2024-07-23
14368,4265,479,2024-08-20
14369,4265,894,2024-10-14
14370,4265,1015,2024-08-29
14371,4265,1048,2024-03-09
14372,4265,1266,2024-07-12
14373,4266,443,2024-07-15
14374,4266,504,2025-01-30
14375,4266,563,2025-01-27
14376,4266,695,2024-04-20
14377,4266,1359,2024-05-25
14378,4266,1377,2024-05-06
14379,4267,252,2024-08-24
14380,4267,834,2024-03-12
14381,4268,589,2024-07-05
14382,4268,1111,2024-08-06
14383,4269,1234,2024-08-21
14384,4269,1246,2024-02-10
14385,4269,1390,2023-11-18
14386,4269,1393,2023-11-04
14387,4270,199,2024-04-26
14388,4270,318,2023-12-13
14389,4270,1213,2024-08-17
14390,4271,290,2024-09-05
14391,4271,1009,2024-10-12
14392,4271,1155,2024-10-28
14393,4271,1163,2024-04-11
14394,4271,1315,2024-05-28
14395,4272,169,2024-06-07
14396,4272,336,2024-04-15
14397,4272,483,2025-02-11
14398,4272,854,2024-09-23
14399,4272,978,2025-01-31
14400,4272,1240,2024-05-12
14401,4273,671,2024-02-03
14402,4273,754,2024-04-24
14403,4273,795,2024-04-23
14404,4273,927,2024-11-21
14405,4273,1004,2024-07-04
14406,4273,1029,2024-03-19
14407,4274,122,2025-01-15
14408,4274,634,2024-01-02
14409,4275,1142,2024-12-29
14410,4275,1384,2024-01-22
14411,4276,709,2024-06-05
14412,4276,809,2024-09-10
14413,4276,827,2024-10-24
14414,4276,1109,2023-12-03
14415,4276,1442,2024-06-09
14416,4277,40,2024-01-07
14417,4277,260,2024-05-06
14418,4277,680,2024-05-13
14419,4277,1331,2023-12-27
14420,4277,1377,2024-11-12
14421,4278,201,2024-09-18
14422,4278,209,2024-04-22
14423,4278,506,2024-05-14
14424,4278,584,2024-04-24
14425,4278,707,2023-11-02
14426,4278,1478,2024-02-29
14427,4279,1170,2024-05-02
14428,4280,307,2025-01-09
14429,4280,822,2023-10-24
14430,4280,884,2024-06-19
14431,4280,921,2023-10-31
14432,4280,970,2024-09-23
14433,4280,1250,2023-11-10
14434,4281,85,2023-12-01
14435,4281,213,2024-03-18
14436,4281,406,2025-01-01
14437,4281,512,2024-09-18
14438,4281,586,2025-02-02
14439,4281,775,2024-03-08
14440,4281,814,2023-12-15
14441,4281,1225,2024-12-22
14442,4281,1405,2024-02-10
14443,4282,21,2023-10-22
14444,4282,293,2024-12-12
14445,4282,311,2024-04-30
14446,4282,847,2024-07-06
14447,4282,1007,2024-09-15
14448,4283,9,2024-05-22
14449,4283,455,2025-01-02
14450,4283,830,2024-01-20
14451,4283,834,2024-03-01
14452,4283,1123,2023-11-09
14453,4284,357,2024-11-26
14454,4284,504,2024-10-12
14455,4284,525,2024-07-08
14456,4284,786,2024-06-03
14457,4284,1006,2024-11-21
14458,4285,359,2024-12-06
14459,4285,709,2023-12-11
14460,4285,750,2025-01-10
14461,4285,825,2023-10-22
14462,4286,39,2023-10-21
14463,4286,438,2024-09-10
14464,4286,463,2024-12-09
14465,4286,684,2024-05-17
14466,4286,1140,2024-05-16
14467,4287,340,2024-07-23
14468,4287,365,2024-08-21
14469,4287,720,2023-11-19
14470,4287,785,2024-09-28
14471,4287,1091,2024-03-07
14472,4287,1169,2024-12-04
14473,4287,1349,2024-11-11
14474,4288,416,2023-12-10
14475,4288,589,2024-06-24
14476,4288,1274,2023-12-28
14477,4288,1310,2024-07-20
14478,4288,1339,2023-12-31
14479,4289,916,2023-10-23
14480,4290,32,2024-06-17
14481,4290,170,2024-05-15
14482,4290,271,2024-01-14
14483,4290,848,2024-01-26
14484,4290,919,2024-07-02
14485,4290,1245,2024-10-22
14486,4290,1432,2023-12-15
14487,4291,33,2023-12-21
14488,4291,566,2024-04-16
14489,4291,900,2025-01-07
14490,4291,1202,2024-11-28
14491,4292,673,2024-09-21
14492,4292,767,2024-01-10
14493,4292,1072,2023-12-30
14494,4293,38,2024-02-14
14495,4293,175,2024-01-01
14496,4293,182,2024-07-28
14497,4293,309,2024-01-03
14498,4293,783,2024-01-20
14499,4293,984,2024-01-17
14500,4294,381,2024-07-30
14501,4294,437,2024-01-07
14502,4294,575,2024-03-13
14503,4294,661,2023-10-26
14504,4294,726,2024-07-20
14505,4294,879,2024-03-10
14506,4294,1360,2024-06-17
14507,4294,1387,2024-04-04
14508,4294,1401,2025-01-05
14509,4294,1468,2024-01-07
14510,4295,271,2024-07-15
14511,4295,327,2024-01-26
14512,4295,1339,2024-04-20
14513,4295,1407,2024-08-25
14514,4295,1495,2024-08-17
14515,4296,266,2024-08-19
14516,4296,537,2024-03-20
14517,4296,572,2023-11-05
14518,4296,796,2023-10-20
14519,4296,979,2024-03-07
14520,4296,999,2023-12-06
14521,4297,1478,2023-11-08
14522,4298,370,2024-10-25
14523,4298,662,2024-11-07
14524,4298,1005,2024-07-29
14525,4299,169,2024-03-05
14526,4299,212,2024-06-07
14527,4299,529,2024-08-24
14528,4299,626,2024-12-03
14529,4299,774,2023-12-18
14530,4299,978,2024-02-13
14531,4300,175,2024-04-27
14532,4300,202,2025-01-17
14533,4300,1143,2024-11-23
14534,4301,174,2023-12-11
14535,4301,241,2024-10-14
14536,4302,809,2023-12-18
14537,4302,1048,2025-02-10
14538,4302,1454,2024-02-23
14539,4303,70,2024-04-14
14540,4303,414,2024-09-25
14541,4303,479,2023-11-04
14542,4303,1320,2024-12-15
14543,4304,108,2024-12-29
14544,4304,861,2025-02-15
14545,4305,134,2024-11-19
14546,4305,598,2024-03-28
14547,4305,615,2024-01-27
14548,4305,686,2024-03-31
14549,4305,807,2024-11-22
14550,4305,1324,2025-02-14
14551,4305,1366,2024-06-02
14552,4306,419,2025-02-05
14553,4306,552,2024-01-02
14554,4306,709,2024-01-12
14555,4306,934,2024-11-15
14556,4307,152,2024-09-13
14557,4307,880,2024-07-17
14558,4308,41,2024-08-18
14559,4308,247,2023-12-26
14560,4308,273,2025-02-03
14561,4308,310,2024-12-15
14562,4308,889,2023-10-23
14563,4308,1421,2024-11-28
14564,4309,109,2025-02-06
14565,4309,1093,2024-05-30
14566,4309,1307,2024-03-16
14567,4310,128,2023-12-19
14568,4310,227,2024-09-11
14569,4310,1277,2024-10-12
14570,4310,1312,2025-02-10
14571,4311,411,2024-09-24
14572,4312,49,2024-04-21
14573,4312,189,2024-06-26
14574,4312,757,2024-07-30
14575,4312,932,2023-11-09
14576,4312,1154,2024-08-21
14577,4313,664,2024-11-11
14578,4313,1080,2024-06-13
14579,4313,1402,2024-07-14
14580,4314,318,2024-02-20
14581,4314,333,2023-11-03
14582,4314,583,2023-12-24
14583,4314,748,2025-02-05
14584,4314,805,2024-07-22
14585,4314,1104,2023-10-28
14586,4314,1309,2024-12-28
14587,4315,175,2023-11-26
14588,4315,350,2023-11-01
14589,4315,474,2025-01-20
14590,4315,481,2024-03-21
14591,4315,1092,2023-12-11
14592,4315,1278,2024-09-02
14593,4315,1405,2024-03-15
14594,4316,310,2025-01-27
14595,4317,275,2025-01-05
14596,4317,620,2024-10-18
14597,4317,656,2025-02-13
14598,4317,1145,2024-04-05
14599,4317,1492,2024-02-21
14600,4318,130,2024-03-22
14601,4318,151,2023-11-28
14602,4318,218,2024-08-28
14603,4318,541,2024-04-07
14604,4319,379,2025-01-08
14605,4319,879,2024-11-11
14606,4319,1163,2023-12-23
14607,4319,1283,2024-11-25
14608,4319,1461,2024-11-13
14609,4320,215,2024-07-07
14610,4320,309,2024-11-12
14611,4320,479,2025-01-26
14612,4320,697,2023-12-07
14613,4320,1060,2025-02-07
14614,4321,602,2024-09-19
14615,4321,1036,2024-03-02
14616,4321,1059,2024-03-15
14617,4321,1307,2024-06-16
14618,4322,128,2024-07-30
14619,4322,258,2024-05-16
14620,4322,825,2024-12-02
14621,4322,1279,2024-06-08
14622,4322,1361,2024-03-15
14623,4322,1487,2024-10-29
14624,4323,568,2025-01-14
14625,4323,911,2024-09-05
14626,4323,974,2023-12-24
14627,4323,1158,2024-07-27
14628,4323,1265,2023-11-07
14629,4324,12,2024-01-17
14630,4324,387,2023-12-02
14631,4324,796,2024-09-12
14632,4325,45,2024-07-07
14633,4325,457,2024-09-29
14634,4325,807,2024-07-30
14635,4325,1117,2025-02-05
14636,4325,1214,2024-08-27
14637,4326,113,2024-02-11
14638,4326,203,2023-10-31
14639,4326,854,2024-05-04
14640,4326,1078,2024-02-10
14641,4326,1303,2024-11-10
14642,4326,1333,2024-04-13
14643,4326,1471,2024-06-30
14644,4327,511,2025-01-29
14645,4327,895,2024-08-01
14646,4328,105,2024-09-12
14647,4328,688,2024-10-17
14648,4328,1084,2023-11-01
14649,4329,69,2024-09-28
14650,4329,679,2024-02-13
14651,4329,796,2024-06-13
14652,4329,957,2024-07-31
14653,4330,50,2024-08-14
14654,4330,723,2024-11-18
14655,4330,1119,2023-12-18
14656,4331,341,2024-09-25
14657,4331,860,2024-01-02
14658,4331,982,2023-12-08
14659,4331,1076,2024-02-10
14660,4331,1357,2024-12-14
14661,4332,143,2024-09-22
14662,4332,263,2024-09-01
14663,4332,307,2024-10-25
14664,4332,821,2025-01-25
14665,4332,970,2024-10-21
14666,4332,978,2024-06-03
14667,4333,198,2024-02-25
14668,4333,402,2025-02-07
14669,4333,784,2025-01-31
14670,4333,998,2025-01-24
14671,4333,1003,2024-02-19
14672,4333,1124,2024-12-13
14673,4333,1149,2024-10-22
14674,4334,247,2024-05-13
14675,4334,314,2024-08-20
14676,4334,860,2024-08-09
14677,4335,899,2023-10-27
14678,4335,1289,2024-03-31
14679,4336,481,2024-12-09
14680,4336,1174,2024-04-06
14681,4337,636,2024-07-28
14682,4337,810,2024-04-02
14683,4337,941,2024-04-13
14684,4338,69,2025-01-30
14685,4338,126,2024-06-28
14686,4338,796,2024-11-24
14687,4339,388,2024-04-27
14688,4339,410,2024-08-18
14689,4339,494,2024-08-07
14690,4339,827,2024-03-24
14691,4339,879,2024-10-11
14692,4339,882,2024-11-16
14693,4339,1499,2023-10-30
14694,4340,31,2024-07-24
14695,4341,207,2024-11-11
14696,4341,839,2024-03-10
14697,4341,935,2024-01-23
14698,4341,1210,2024-08-09
14699,4342,1113,2025-01-20
14700,4342,1434,2024-10-31
14701,4343,37,2023-10-20
14702,4343,193,2024-12-20
14703,4343,252,2024-05-21
14704,4344,101,2024-08-23
14705,4344,642,2024-05-27
14706,4344,812,2024-08-05
14707,4345,207,2024-09-10
14708,4345,1396,2023-11-14
14709,4346,42,2024-10-07
14710,4346,152,2024-03-20
14711,4346,318,2024-04-20
14712,4346,437,2025-01-19
14713,4346,503,2024-01-06
14714,4346,850,2024-07-12
14715,4347,79,2024-08-26
14716,4347,439,2024-12-03
14717,4347,628,2024-07-24
14718,4347,797,2024-05-26
14719,4347,877,2023-10-27
14720,4347,969,2024-04-30
14721,4347,1142,2023-11-23
14722,4347,1200,2024-10-26
14723,4347,1385,2023-11-13
14724,4348,273,2024-05-05
14725,4348,964,2024-04-06
14726,4348,1118,2024-05-22
14727,4348,1178,2024-06-11
14728,4348,1267,2024-02-20
14729,4349,257,2024-02-16
14730,4349,502,2024-06-07
14731,4349,627,2024-11-10
14732,4349,928,2024-03-07
14733,4349,1133,2024-04-27
14734,4349,1497,2024-06-03
14735,4350,156,2025-01-19
14736,4350,586,2023-11-11
14737,4350,1033,2023-12-01
14738,4351,529,2024-05-11
14739,4351,749,2024-03-30
14740,4351,818,2024-01-01
14741,4351,1320,2024-06-03
14742,4351,1410,2024-05-19
14743,4352,407,2023-12-06
14744,4352,1175,2025-02-05
14745,4352,1329,2024-02-11
14746,4352,1498,2024-05-21
14747,4353,610,2024-09-23
14748,4353,1101,2024-08-01
14749,4354,820,2023-11-24
14750,4354,997,2024-03-21
14751,4355,31,2024-08-15
14752,4355,227,2025-01-22
14753,4355,258,2024-07-28
14754,4355,268,2023-11-18
14755,4355,769,2023-12-30
14756,4355,928,2024-04-20
14757,4356,34,2024-02-09
14758,4356,40,2024-09-09
14759,4356,749,2023-10-30
14760,4356,850,2024-07-08
14761,4356,1019,2024-03-11
14762,4356,1039,2024-01-27
14763,4356,1158,2024-06-21
14764,4356,1382,2024-10-24
14765,4357,336,2024-05-11
14766,4357,382,2024-08-30
14767,4357,923,2024-08-29
14768,4357,1111,2024-01-10
14769,4357,1178,2024-09-11
14770,4358,133,2024-08-28
14771,4358,220,2024-12-27
14772,4358,228,2024-05-10
14773,4358,307,2024-03-19
14774,4358,313,2024-03-05
14775,4358,349,2024-03-22
14776,4358,706,2024-06-11
14777,4358,807,2024-11-19
14778,4358,964,2024-12-21
14779,4359,119,2024-07-01
14780,4360,60,2025-01-02
14781,4360,709,2025-01-27
14782,4360,1059,2024-01-20
14783,4360,1083,2024-04-02
14784,4360,1395,2024-12-03
14785,4360,1487,2025-01-10
14786,4361,399,2024-12-08
14787,4361,852,2023-10-24
14788,4361,902,2024-07-18
14789,4362,436,2024-03-12
14790,4362,884,2024-09-29
14791,4362,921,2024-01-22
14792,4362,960,2024-02-20
14793,4362,1498,2024-11-03
14794,4363,12,2023-12-31
14795,4363,113,2025-01-23
14796,4363,140,2024-02-25
14797,4363,749,2024-01-17
14798,4363,1304,2024-02-05
14799,4363,1326,2024-03-22
14800,4364,592,2024-07-08
14801,4364,1053,2023-10-22
14802,4364,1301,2024-11-15
14803,4364,1311,2023-11-05
14804,4364,1450,2024-03-08
14805,4365,1071,2023-11-29
14806,4365,1233,2024-06-08
14807,4365,1440,2024-10-17
14808,4366,48,2023-12-23
14809,4366,529,2024-03-25
14810,4366,566,2023-12-15
14811,4366,732,2024-10-22
14812,4366,998,2024-04-06
14813,4366,1004,2024-04-12
14814,4366,1032,2024-02-23
14815,4366,1092,2025-02-13
14816,4367,576,2025-01-09
14817,4367,1313,2024-05-10
14818,4367,1325,2024-08-22
14819,4368,75,2023-12-14
14820,4368,254,2024-04-04
14821,4368,276,2024-07-19
14822,4368,640,2024-04-10
14823,4368,671,2024-03-29
14824,4368,1021,2024-06-10
14825,4369,251,2024-03-12
14826,4369,281,2024-12-26
14827,4369,709,2024-08-14
14828,4369,860,2025-02-06
14829,4369,1316,2023-11-03
14830,4370,12,2024-05-03
14831,4370,678,2024-01-17
14832,4370,786,2024-12-20
14833,4370,838,2024-07-01
14834,4370,970,2024-08-03
14835,4370,983,2024-12-07
14836,4370,1248,2024-04-30
14837,4371,67,2023-10-27
14838,4371,69,2024-01-11
14839,4371,96,2024-03-10
14840,4371,213,2024-01-12
14841,4371,614,2024-04-25
14842,4371,952,2024-06-07
14843,4372,402,2023-11-20
14844,4373,173,2024-02-19
14845,4373,334,2024-11-13
14846,4373,383,2024-02-06
14847,4373,1149,2024-02-10
14848,4373,1209,2024-09-20
14849,4374,107,2024-01-01
14850,4374,361,2024-09-01
14851,4374,386,2024-11-29
14852,4374,807,2024-04-10
14853,4374,921,2024-09-29
14854,4374,970,2024-08-22
14855,4375,166,2024-03-17
14856,4375,236,2024-04-20
14857,4375,1055,2024-01-20
14858,4376,643,2025-02-07
14859,4376,865,2024-02-10
14860,4376,1186,2024-12-27
14861,4376,1320,2023-12-01
14862,4376,1321,2024-04-01
14863,4376,1438,2024-09-11
14864,4377,156,2024-07-21
14865,4377,448,2025-02-02
14866,4377,809,2024-12-07
14867,4377,1090,2023-12-30
14868,4377,1330,2024-07-14
14869,4378,868,2024-05-05
14870,4379,156,2024-02-12
14871,4379,1019,2023-11-12
14872,4379,1035,2024-03-11
14873,4379,1209,2023-10-30
14874,4379,1325,2025-01-28
14875,4379,1403,2024-12-17
14876,4380,73,2023-12-30
14877,4380,119,2024-08-24
14878,4380,1270,2024-05-29
14879,4380,1332,2024-05-07
14880,4380,1463,2024-01-22
14881,4381,318,2025-01-25
14882,4381,622,2025-01-13
14883,4381,703,2024-10-07
14884,4382,49,2024-08-31
14885,4382,159,2024-08-22
14886,4382,359,2023-12-05
14887,4382,851,2024-06-02
14888,4382,983,2024-01-08
14889,4382,1248,2023-12-09
14890,4382,1320,2024-06-24
14891,4383,120,2024-03-19
14892,4383,270,2024-01-08
14893,4383,506,2024-08-22
14894,4383,525,2023-12-30
14895,4384,281,2024-12-17
14896,4384,309,2023-12-26
14897,4384,775,2023-11-02
14898,4384,1060,2024-03-22
14899,4384,1271,2023-12-03
14900,4385,285,2024-05-15
14901,4385,519,2024-06-13
14902,4385,1354,2024-07-23
14903,4386,23,2025-02-05
14904,4386,310,2024-11-16
14905,4386,313,2024-01-18
14906,4386,514,2025-01-25
14907,4386,889,2023-12-20
14908,4386,1128,2024-04-20
14909,4387,544,2024-10-04
14910,4387,764,2024-02-20
14911,4387,785,2024-08-17
14912,4387,890,2024-01-18
14913,4387,912,2025-01-22
14914,4387,1112,2024-05-14
14915,4388,122,2024-05-02
14916,4388,139,2024-08-24
14917,4388,441,2024-02-04
14918,4388,556,2024-06-19
14919,4388,779,2025-01-01
14920,4389,289,2024-12-20
14921,4389,537,2023-10-22
14922,4389,732,2024-05-09
14923,4389,1320,2024-02-10
14924,4390,899,2023-12-23
14925,4390,1054,2024-12-12
14926,4390,1082,2024-04-18
14927,4390,1274,2024-11-07
14928,4390,1498,2023-11-05
14929,4391,1478,2024-02-07
14930,4392,696,2023-12-21
14931,4392,743,2024-12-22
14932,4392,977,2024-02-15
14933,4393,79,2024-08-15
14934,4393,498,2024-01-08
14935,4393,797,2024-07-02
14936,4393,972,2023-11-12
14937,4393,1174,2024-03-22
14938,4393,1325,2024-07-18
14939,4393,1402,2024-11-22
14940,4393,1488,2025-02-11
14941,4394,39,2024-12-13
14942,4394,364,2024-04-20
14943,4395,90,2023-10-23
14944,4395,746,2024-01-22
14945,4395,1008,2024-01-05
14946,4396,23,2023-11-12
14947,4396,861,2024-05-21
14948,4396,1206,2023-12-07
14949,4396,1409,2024-09-27
14950,4396,1444,2024-08-14
14951,4396,1450,2023-11-13
14952,4397,51,2023-12-13
14953,4397,1022,2024-08-10
14954,4398,921,2024-02-19
14955,4398,1118,2024-09-13
14956,4398,1124,2024-02-21
14957,4399,70,2024-02-05
14958,4399,133,2024-04-28
14959,4399,602,2024-08-31
14960,4399,806,2024-02-12
14961,4399,999,2024-06-26
14962,4399,1211,2024-08-24
14963,4399,1233,2024-06-25
14964,4399,1434,2023-12-02
14965,4400,214,2024-08-24
14966,4400,1244,2023-11-20
14967,4401,12,2023-10-21
14968,4401,96,2023-11-18
14969,4401,220,2024-09-14
14970,4401,534,2023-10-31
14971,4401,1015,2024-01-22
14972,4401,1215,2024-10-16
14973,4401,1478,2024-08-12
14974,4401,1493,2024-09-15
14975,4402,2,2024-04-11
14976,4402,408,2024-05-27
14977,4402,715,2023-12-09
14978,4402,975,2024-04-29
14979,4402,1076,2024-01-02
14980,4403,383,2024-01-22
14981,4403,797,2024-12-23
14982,4403,877,2024-04-11
14983,4403,1039,2024-04-29
14984,4403,1149,2024-10-20
14985,4403,1227,2024-10-21
14986,4403,1385,2024-09-30
14987,4404,1334,2024-03-11
14988,4405,856,2024-10-12
14989,4405,1035,2024-06-28
14990,4406,48,2023-11-21
14991,4406,1071,2024-07-09
14992,4406,1228,2024-11-01
14993,4407,151,2024-04-25
14994,4407,616,2024-04-18
14995,4407,631,2024-08-22
14996,4408,88,2024-03-26
14997,4408,577,2023-10-21
14998,4408,596,2024-10-26
14999,4409,887,2024-06-06
15000,4409,1247,2024-08-11
15001,4409,1283,2024-09-02
15002,4410,226,2024-12-08
15003,4410,732,2025-01-22
15004,4410,922,2024-01-01
15005,4410,1004,2024-02-13
15006,4410,1360,2023-10-20
15007,4411,306,2024-03-14
15008,4411,426,2024-11-29
15009,4411,686,2024-11-22
15010,4411,807,2024-04-13
15011,4411,1109,2024-10-26
15012,4412,107,2024-12-04
15013,4412,230,2024-02-08
15014,4412,799,2023-12-28
15015,4412,964,2024-11-03
15016,4413,83,2024-02-16
15017,4413,461,2023-12-01
15018,4413,938,2024-05-04
15019,4414,136,2024-09-17
15020,4414,171,2024-09-05
15021,4414,293,2024-06-15
15022,4414,643,2024-06-14
15023,4414,703,2025-01-31
15024,4414,963,2024-11-23
15025,4414,1229,2024-07-19
15026,4414,1307,2024-11-16
15027,4414,1320,2023-11-27
15028,4414,1427,2024-03-13
15029,4415,864,2024-04-06
15030,4415,964,2024-04-29
15031,4415,970,2024-03-16
15032,4415,1330,2024-06-01
15033,4415,1420,2024-10-29
15034,4416,141,2024-03-15
15035,4416,191,2024-12-21
15036,4416,294,2024-02-22
15037,4416,961,2024-06-03
15038,4416,1096,2023-10-26
15039,4416,1169,2024-11-23
15040,4416,1449,2024-11-01
15041,4417,119,2023-12-19
15042,4417,431,2024-08-29
15043,4417,601,2024-03-19
15044,4417,687,2025-02-14
15045,4417,847,2024-11-10
15046,4417,1248,2024-04-17
15047,4417,1320,2024-01-28
15048,4418,93,2024-09-30
15049,4418,331,2024-08-29
15050,4418,552,2024-10-12
15051,4418,992,2025-01-29
15052,4418,1360,2023-12-12
15053,4418,1381,2025-02-02
15054,4419,210,2023-11-30
15055,4419,392,2024-09-27
15056,4419,432,2024-06-07
15057,4419,656,2024-07-01
15058,4419,733,2024-05-26
15059,4419,929,2024-05-22
15060,4419,1190,2024-10-18
15061,4419,1461,2024-05-26
15062,4419,1475,2024-04-11
15063,4420,65,2023-11-18
15064,4420,606,2024-04-13
15065,4420,705,2024-01-18
15066,4420,953,2024-09-21
15067,4421,552,2024-06-17
15068,4421,843,2024-09-15
15069,4421,995,2025-01-20
15070,4421,1257,2024-11-11
15071,4422,492,2024-05-21
15072,4422,1129,2023-11-23
15073,4423,109,2023-12-23
15074,4423,509,2023-11-02
15075,4423,583,2024-11-24
15076,4423,1093,2024-08-09
15077,4423,1150,2024-01-09
15078,4423,1394,2024-07-29
15079,4424,299,2023-12-03
15080,4424,597,2024-12-13
15081,4424,1217,2024-10-12
15082,4424,1350,2024-09-15
15083,4424,1478,2024-04-01
15084,4425,1123,2024-06-20
15085,4426,81,2024-07-26
15086,4426,811,2023-11-17
15087,4426,901,2024-05-15
15088,4426,922,2024-09-23
15089,4426,1258,2023-11-26
15090,4427,222,2024-12-01
15091,4427,426,2024-10-23
15092,4427,685,2024-09-03
15093,4428,49,2023-11-19
15094,4428,928,2024-01-07
15095,4428,1467,2023-12-26
15096,4429,169,2024-02-22
15097,4429,382,2023-11-24
15098,4429,809,2024-09-29
15099,4429,971,2023-12-17
15100,4429,1188,2024-05-07
15101,4429,1242,2024-06-20
15102,4429,1424,2024-09-04
15103,4430,93,2024-07-26
15104,4430,150,2024-10-02
15105,4430,200,2025-02-05
15106,4430,1381,2024-06-02
15107,4430,1382,2023-11-01
15108,4431,97,2024-05-04
15109,4431,907,2024-09-06
15110,4432,627,2024-12-15
15111,4432,1244,2024-06-20
15112,4432,1405,2024-09-07
15113,4433,730,2024-05-25
15114,4434,2,2024-02-01
15115,4434,893,2024-04-08
15116,4434,1447,2024-02-22
15117,4435,96,2023-12-28
15118,4435,257,2024-01-05
15119,4435,1295,2024-01-29
15120,4436,109,2024-10-04
15121,4436,408,2024-06-24
15122,4436,583,2023-12-22
15123,4436,1048,2024-07-22
15124,4436,1093,2024-04-19
15125,4437,533,2024-08-14
15126,4438,227,2024-01-07
15127,4438,390,2023-11-25
15128,4438,408,2025-01-06
15129,4438,525,2023-12-29
15130,4438,555,2024-04-30
15131,4438,828,2024-12-12
15132,4438,957,2024-09-09
15133,4438,1006,2024-07-10
15134,4438,1462,2024-10-22
15135,4439,467,2024-03-13
15136,4439,858,2024-09-15
15137,4439,935,2024-07-08
15138,4439,1410,2024-04-25
15139,4440,439,2024-05-19
15140,4441,305,2024-02-09
15141,4441,420,2025-01-28
15142,4441,499,2024-06-30
15143,4441,606,2023-12-01
15144,4442,49,2023-12-01
15145,4442,188,2024-03-14
15146,4443,82,2024-12-26
15147,4443,175,2024-01-05
15148,4443,376,2024-08-25
15149,4443,611,2024-03-27
15150,4443,1439,2024-01-26
15151,4444,151,2023-10-31
15152,4444,156,2023-11-09
15153,4444,310,2023-11-03
15154,4444,514,2025-02-11
15155,4444,987,2024-11-05
15156,4444,1237,2024-02-22
15157,4445,39,2024-06-08
15158,4445,104,2024-12-18
15159,4445,982,2024-04-09
15160,4446,536,2024-11-18
15161,4446,677,2025-01-27
15162,4447,212,2024-02-22
15163,4447,624,2024-08-06
15164,4447,638,2024-11-08
15165,4447,960,2024-07-21
15166,4447,1118,2024-08-04
15167,4447,1185,2025-01-26
15168,4448,443,2024-10-10
15169,4448,568,2024-01-04
15170,4448,796,2025-01-09
15171,4448,1019,2024-02-21
15172,4448,1234,2024-10-13
15173,4448,1442,2024-10-11
15174,4448,1462,2023-11-26
15175,4449,756,2024-02-03
15176,4449,881,2024-01-01
15177,4449,1100,2024-02-29
15178,4449,1312,2024-05-30
15179,4449,1426,2024-04-13
15180,4450,357,2024-08-21
15181,4450,390,2024-09-21
15182,4450,504,2024-09-04
15183,4450,525,2024-07-03
15184,4450,907,2024-12-28
15185,4450,1093,2024-05-01
15186,4451,1075,2024-05-01
15187,4451,1236,2024-08-28
15188,4452,407,2024-02-03
15189,4452,426,2023-12-23
15190,4452,585,2024-06-21
15191,4452,958,2024-11-09
15192,4452,1489,2024-07-20
15193,4453,295,2024-10-19
15194,4453,370,2024-02-29
15195,4453,871,2023-12-11
15196,4453,1390,2024-06-27
15197,4454,169,2024-09-21
15198,4454,232,2024-07-29
15199,4454,363,2024-01-31
15200,4454,517,2024-12-03
15201,4454,899,2024-10-03
15202,4454,923,2024-06-30
15203,4454,1384,2024-05-18
15204,4455,407,2024-04-12
15205,4455,541,2024-08-06
15206,4455,760,2023-11-25
15207,4455,963,2025-01-13
15208,4455,1137,2024-04-11
15209,4456,1206,2025-01-20
15210,4456,1338,2024-02-04
15211,4457,314,2025-02-01
15212,4458,144,2024-07-14
15213,4458,247,2023-12-30
15214,4458,346,2023-11-10
15215,4458,347,2023-12-07
15216,4458,379,2023-12-09
15217,4458,397,2024-11-21
15218,4458,751,2024-03-08
15219,4458,1158,2024-09-25
15220,4459,93,2025-01-07
15221,4459,605,2023-11-04
15222,4459,671,2024-12-10
15223,4459,732,2024-05-05
15224,4459,1486,2024-12-04
15225,4460,240,2024-04-17
15226,4460,327,2024-01-11
15227,4460,596,2024-10-12
15228,4460,991,2024-05-26
15229,4460,1076,2024-05-08
15230,4461,1182,2024-03-17
15231,4462,332,2024-01-22
15232,4462,491,2024-05-27
15233,4462,921,2024-06-03
15234,4462,1164,2025-01-05
15235,4462,1188,2024-11-29
15236,4462,1250,2025-01-10
15237,4463,149,2024-02-09
15238,4463,158,2025-01-08
15239,4463,367,2025-01-16
15240,4463,370,2024-04-25
15241,4463,540,2023-11-21
15242,4463,843,2024-12-05
15243,4463,1041,2024-01-01
15244,4463,1426,2024-06-25
15245,4464,123,2024-01-21
15246,4464,249,2024-03-11
15247,4464,319,2024-03-29
15248,4464,811,2025-02-13
15249,4465,246,2024-04-13
15250,4465,255,2024-02-09
15251,4465,407,2024-12-06
15252,4465,899,2025-01-27
15253,4465,1098,2024-02-24
15254,4465,1201,2024-06-26
15255,4465,1208,2024-12-20
15256,4465,1421,2024-04-24
15257,4466,81,2024-09-28
15258,4466,247,2024-05-07
15259,4466,397,2024-03-28
15260,4466,783,2025-02-07
15261,4466,1057,2024-11-07
15262,4466,1415,2024-05-04
15263,4467,502,2024-08-29
15264,4467,614,2024-06-16
15265,4467,838,2024-05-17
15266,4467,913,2024-03-01
15267,4467,1328,2024-07-16
15268,4467,1452,2024-06-01
15269,4467,1466,2024-07-07
15270,4468,1058,2024-03-18
15271,4468,1464,2024-08-16
15272,4468,1481,2024-05-25
15273,4469,481,2024-01-09
15274,4469,552,2024-01-12
15275,4470,652,2024-03-10
15276,4470,656,2024-12-09
15277,4470,918,2024-12-03
15278,4470,1281,2024-08-10
15279,4470,1379,2024-03-15
15280,4470,1394,2024-10-16
15281,4471,38,2024-04-25
15282,4471,272,2024-12-18
15283,4471,1304,2023-12-20
15284,4472,162,2023-10-31
15285,4472,1250,2024-03-25
15286,4473,13,2024-05-15
15287,4473,806,2024-09-04
15288,4473,1483,2023-12-29
15289,4474,196,2024-03-29
15290,4474,319,2023-10-22
15291,4474,346,2024-05-18
15292,4474,655,2024-08-11
15293,4474,698,2023-12-25
15294,4474,826,2024-08-05
15295,4474,1015,2024-05-21
15296,4474,1252,2024-04-04
15297,4474,1294,2024-05-03
15298,4475,308,2024-07-19
15299,4475,708,2025-02-06
15300,4475,828,2024-04-07
15301,4475,1129,2025-01-01
15302,4475,1402,2023-12-15
15303,4476,69,2024-01-01
15304,4476,343,2024-12-12
15305,4476,557,2024-09-28
15306,4476,796,2023-11-16
15307,4477,289,2025-01-05
15308,4477,297,2024-05-22
15309,4477,680,2024-11-15
15310,4477,725,2023-12-23
15311,4477,847,2024-11-07
15312,4477,1377,2024-06-05
15313,4478,13,2025-01-10
15314,4478,67,2024-05-20
15315,4478,583,2024-10-18
15316,4478,949,2024-06-28
15317,4478,999,2024-01-19
15318,4479,281,2024-08-20
15319,4479,379,2025-02-14
15320,4479,388,2024-02-15
15321,4479,654,2024-11-01
15322,4479,1068,2024-03-31
15323,4480,153,2024-10-13
15324,4480,612,2023-10-31
15325,4480,737,2024-08-29
15326,4480,909,2024-06-01
15327,4480,1426,2024-08-14
15328,4481,313,2024-11-21
15329,4481,470,2024-02-07
15330,4481,807,2024-02-28
15331,4481,913,2024-10-04
15332,4481,932,2025-01-11
15333,4481,1054,2024-03-05
15334,4482,118,2025-01-05
15335,4482,1059,2023-12-29
15336,4482,1326,2023-11-26
15337,4483,449,2023-12-26
15338,4483,787,2024-08-09
15339,4483,924,2023-12-15
15340,4483,1294,2024-03-22
15341,4484,61,2024-05-30
15342,4484,123,2025-01-06
15343,4484,455,2024-11-23
15344,4484,956,2024-09-20
15345,4484,998,2024-04-27
15346,4484,1327,2025-01-23
15347,4485,14,2023-10-22
15348,4485,245,2024-01-23
15349,4485,406,2024-01-03
15350,4485,711,2024-11-26
15351,4485,1160,2024-01-28
15352,4485,1339,2024-03-17
15353,4485,1385,2025-01-19
15354,4485,1451,2024-06-28
15355,4486,287,2024-06-12
15356,4486,1393,2024-07-27
15357,4487,525,2024-12-31
15358,4487,818,2024-10-07
15359,4487,823,2025-02-09
15360,4487,936,2024-12-30
15361,4487,1393,2024-10-12
15362,4488,97,2024-09-26
15363,4488,319,2024-10-27
15364,4488,1367,2024-10-11
15365,4488,1484,2023-10-23
15366,4489,759,2024-03-14
15367,4489,1080,2025-01-28
15368,4489,1326,2024-04-13
15369,4489,1376,2024-06-28
15370,4490,169,2024-10-24
15371,4490,332,2024-08-05
15372,4490,637,2024-06-13
15373,4490,802,2025-01-01
15374,4490,1476,2025-01-11
15375,4491,537,2023-12-29
15376,4491,762,2024-04-28
15377,4491,952,2023-12-18
15378,4491,979,2025-01-04
15379,4492,81,2024-07-12
15380,4492,331,2024-03-17
15381,4492,555,2024-10-11
15382,4492,870,2024-09-19
15383,4492,916,2023-11-15
15384,4492,1288,2024-06-10
15385,4492,1351,2023-11-01
15386,4493,630,2024-02-01
15387,4493,680,2024-02-14
15388,4493,936,2024-09-16
15389,4493,945,2024-08-27
15390,4493,1093,2024-07-17
15391,4493,1234,2023-12-27
15392,4493,1423,2023-12-06
15393,4494,224,2024-03-17
15394,4494,380,2024-06-07
15395,4494,517,2024-07-30
15396,4494,735,2024-10-02
15397,4494,1118,2024-12-23
15398,4494,1124,2025-02-15
15399,4495,358,2025-02-14
15400,4495,637,2025-02-16
15401,4495,960,2024-01-01
15402,4495,1124,2024-11-19
15403,4495,1239,2024-02-21
15404,4495,1366,2024-01-26
15405,4496,148,2024-06-03
15406,4496,172,2024-09-14
15407,4496,433,2024-10-28
15408,4497,34,2025-01-12
15409,4497,390,2024-01-07
15410,4497,769,2024-10-09
15411,4497,1454,2023-11-17
15412,4497,1480,2025-02-05
15413,4498,138,2024-08-05
15414,4498,843,2024-10-11
15415,4498,1236,2024-10-14
15416,4498,1241,2024-03-06
15417,4498,1327,2024-03-30
15418,4498,1430,2023-11-21
15419,4499,39,2024-10-21
15420,4499,525,2025-02-03
15421,4499,614,2024-05-09
15422,4500,255,2024-06-25
15423,4500,361,2024-05-11
15424,4500,535,2024-11-15
15425,4500,674,2024-10-27
15426,4500,734,2024-06-03
15427,4501,368,2023-10-26
15428,4501,399,2024-05-09
15429,4501,565,2024-01-28
15430,4501,628,2024-05-15
15431,4501,1012,2024-09-06
15432,4502,208,2024-02-09
15433,4502,567,2024-09-27
15434,4503,167,2023-12-30
15435,4503,970,2024-12-27
15436,4504,122,2025-01-03
15437,4504,131,2024-11-24
15438,4504,158,2024-12-06
15439,4504,441,2024-07-12
15440,4504,510,2024-05-25
15441,4504,530,2024-01-30
15442,4504,950,2023-10-22
15443,4504,1344,2023-12-16
15444,4505,276,2023-11-23
15445,4505,336,2023-12-29
15446,4505,376,2025-01-14
15447,4505,434,2024-11-29
15448,4505,833,2024-12-15
15449,4505,970,2024-01-05
15450,4505,1018,2023-11-02
15451,4506,378,2024-12-13
15452,4506,1226,2025-02-16
15453,4507,35,2024-12-23
15454,4507,149,2023-11-14
15455,4507,451,2025-01-18
15456,4508,795,2025-01-16
15457,4508,922,2024-10-22
15458,4508,998,2024-09-30
15459,4508,1351,2024-07-11
15460,4508,1477,2024-03-17
15461,4509,155,2024-07-03
15462,4509,260,2025-02-01
15463,4509,478,2024-03-05
15464,4510,535,2023-12-23
15465,4511,601,2024-05-05
15466,4511,1019,2024-12-11
15467,4512,270,2024-02-26
15468,4512,896,2024-11-18
15469,4512,925,2025-01-07
15470,4512,1270,2024-07-24
15471,4513,400,2024-02-01
15472,4513,494,2024-02-01
15473,4513,1292,2024-11-08
15474,4514,483,2024-02-05
15475,4514,612,2024-05-23
15476,4514,809,2024-12-27
15477,4514,1175,2024-06-07
15478,4515,178,2024-09-29
15479,4515,1014,2024-08-10
15480,4515,1402,2024-05-02
15481,4515,1407,2023-10-31
15482,4516,273,2025-02-15
15483,4516,363,2024-11-27
15484,4516,958,2024-07-06
15485,4516,1082,2024-01-13
15486,4516,1185,2025-02-11
15487,4517,62,2024-10-07
15488,4517,71,2024-07-22
15489,4517,394,2024-08-24
15490,4517,671,2024-05-14
15491,4517,1004,2024-07-01
15492,4517,1361,2024-10-24
15493,4518,506,2024-11-01
15494,4518,559,2024-09-10
15495,4518,563,2023-12-02
15496,4518,1083,2024-10-11
15497,4519,200,2024-02-02
15498,4519,544,2024-05-02
15499,4519,830,2023-10-24
15500,4519,1312,2024-12-29
15501,4519,1381,2024-04-08
15502,4520,22,2024-09-11
15503,4520,186,2024-09-30
15504,4521,35,2024-02-26
15505,4521,285,2024-08-25
15506,4521,613,2025-01-31
15507,4521,713,2024-03-14
15508,4522,277,2025-01-18
15509,4522,467,2024-05-29
15510,4522,671,2025-01-10
15511,4522,855,2025-01-30
15512,4522,1004,2024-08-21
15513,4523,38,2023-12-27
15514,4523,437,2023-11-01
15515,4523,440,2024-08-02
15516,4523,559,2024-04-26
15517,4523,756,2025-01-31
15518,4523,1291,2024-05-21
15519,4523,1398,2024-03-11
15520,4523,1484,2024-08-05
15521,4523,1487,2024-10-20
15522,4524,306,2024-12-19
15523,4525,11,2023-11-15
15524,4525,129,2023-12-17
15525,4526,149,2025-01-05
15526,4526,585,2024-01-24
15527,4526,615,2024-01-02
15528,4526,679,2024-03-01
15529,4526,812,2024-09-02
15530,4526,970,2024-04-26
15531,4526,1042,2024-11-13
15532,4526,1128,2025-01-05
15533,4526,1329,2023-12-06
15534,4527,82,2025-01-26
15535,4527,200,2024-08-03
15536,4527,664,2025-02-07
15537,4527,1035,2024-02-07
15538,4527,1148,2024-04-28
15539,4527,1436,2023-11-14
15540,4527,1451,2024-12-15
15541,4528,8,2024-09-18
15542,4528,99,2025-01-17
15543,4528,952,2025-01-09
15544,4529,886,2023-10-20
15545,4529,1056,2023-11-28
15546,4529,1332,2023-12-14
15547,4529,1469,2025-01-22
15548,4530,465,2024-04-06
15549,4530,517,2024-03-17
15550,4530,672,2024-05-07
15551,4530,886,2023-12-15
15552,4530,1062,2024-06-19
15553,4530,1152,2024-04-13
15554,4530,1200,2024-11-25
15555,4531,16,2025-01-22
15556,4531,175,2024-07-17
15557,4531,288,2024-10-20
15558,4531,404,2024-10-07
15559,4531,467,2025-01-20
15560,4531,1218,2024-10-16
15561,4532,961,2024-09-12
15562,4532,992,2023-11-19
15563,4532,1107,2024-07-22
15564,4532,1264,2025-01-11
15565,4533,561,2023-11-13
15566,4533,1015,2024-02-07
15567,4533,1240,2024-07-14
15568,4533,1258,2024-10-29
15569,4534,76,2024-07-06
15570,4534,336,2024-08-10
15571,4534,535,2024-09-11
15572,4534,822,2024-11-10
15573,4534,893,2024-10-26
15574,4534,1239,2024-10-30
15575,4534,1411,2023-11-07
15576,4535,76,2024-03-14
15577,4535,517,2024-02-27
15578,4535,978,2024-09-10
15579,4535,1267,2023-11-23
15580,4535,1323,2023-11-20
15581,4536,107,2024-03-12
15582,4536,276,2023-11-20
15583,4536,448,2024-03-07
15584,4536,923,2024-02-20
15585,4536,964,2023-11-21
15586,4536,1143,2024-04-15
15587,4537,34,2024-05-14
15588,4537,415,2024-05-04
15589,4537,443,2025-01-19
15590,4537,680,2024-07-06
15591,4537,728,2024-04-11
15592,4537,910,2023-11-27
15593,4537,1150,2024-10-05
15594,4538,561,2024-02-06
15595,4538,918,2024-12-19
15596,4538,947,2024-04-06
15597,4539,764,2024-01-25
15598,4539,902,2024-07-13
15599,4539,1133,2024-09-08
15600,4540,98,2024-09-19
15601,4540,332,2023-12-11
15602,4540,367,2024-03-08
15603,4540,1137,2024-07-09
15604,4540,1370,2024-09-14
15605,4541,390,2024-02-08
15606,4541,525,2024-06-20
15607,4541,597,2024-03-26
15608,4541,757,2024-06-10
15609,4541,984,2024-03-31
15610,4541,1326,2024-04-17
15611,4542,596,2024-07-04
15612,4542,621,2023-11-14
15613,4542,696,2024-01-28
15614,4542,919,2023-11-10
15615,4542,1110,2024-09-03
15616,4542,1129,2024-09-11
15617,4543,163,2023-10-26
15618,4543,207,2023-12-11
15619,4543,422,2025-02-03
15620,4543,672,2024-05-13
15621,4543,913,2024-07-10
15622,4543,1206,2025-02-07
15623,4543,1450,2024-03-30
15624,4544,348,2024-05-02
15625,4544,675,2024-03-12
15626,4545,331,2024-06-05
15627,4545,1202,2023-12-15
15628,4546,48,2024-06-25
15629,4546,133,2024-12-23
15630,4546,420,2024-12-10
15631,4547,169,2024-06-06
15632,4547,307,2024-07-27
15633,4547,1188,2024-03-02
15634,4547,1424,2023-11-07
15635,4548,409,2023-12-05
15636,4549,109,2025-02-05
15637,4549,120,2024-08-26
15638,4549,231,2023-11-08
15639,4549,456,2024-01-07
15640,4549,976,2025-01-16
15641,4549,1276,2024-06-12
15642,4549,1320,2024-11-27
15643,4549,1382,2025-01-28
15644,4549,1397,2024-09-20
15645,4549,1457,2023-12-11
15646,4550,13,2024-05-14
15647,4550,348,2025-01-21
15648,4550,885,2024-08-25
15649,4550,957,2024-07-15
15650,4550,1234,2024-10-09
15651,4551,336,2024-08-01
15652,4551,344,2024-09-14
15653,4551,734,2024-10-14
15654,4551,923,2024-02-01
15655,4551,964,2024-06-23
15656,4551,1401,2024-10-13
15657,4552,96,2023-12-11
15658,4552,232,2024-05-30
15659,4552,361,2023-12-06
15660,4552,390,2023-12-13
15661,4552,517,2024-04-24
15662,4552,734,2024-07-10
15663,4552,1267,2025-02-06
15664,4553,1296,2024-05-06
15665,4553,1363,2024-05-24
15666,4553,1449,2024-12-02
15667,4554,242,2024-07-10
15668,4554,323,2024-05-23
15669,4555,771,2023-12-16
15670,4556,70,2023-12-02
15671,4556,270,2024-08-06
15672,4556,443,2024-08-07
15673,4556,1008,2024-06-16
15674,4556,1307,2024-12-16
15675,4556,1394,2024-12-18
15676,4556,1478,2024-05-04
15677,4556,1495,2024-05-31
15678,4557,373,2024-04-19
15679,4557,400,2024-08-11
15680,4558,264,2024-10-30
15681,4558,534,2024-10-18
15682,4558,827,2024-07-12
15683,4558,918,2024-01-31
15684,4558,1217,2024-09-23
15685,4558,1452,2024-01-29
15686,4559,536,2024-01-09
15687,4559,1385,2024-05-18
15688,4560,680,2023-11-22
15689,4560,1120,2024-06-19
15690,4560,1121,2025-01-07
15691,4561,13,2023-11-10
15692,4561,114,2024-10-22
15693,4561,440,2024-04-01
15694,4561,857,2025-01-04
15695,4561,1248,2023-11-03
15696,4561,1295,2024-04-07
15697,4562,70,2024-07-20
15698,4562,148,2024-02-03
15699,4562,272,2024-04-28
15700,4562,542,2024-01-25
15701,4562,999,2024-02-27
15702,4562,1393,2024-04-19
15703,4563,306,2024-09-13
15704,4563,361,2024-07-22
15705,4563,407,2023-11-23
15706,4563,963,2024-08-16
15707,4563,964,2024-04-15
15708,4563,1429,2024-05-23
15709,4563,1498,2024-04-04
15710,4564,346,2024-06-01
15711,4564,625,2024-10-15
15712,4564,789,2024-01-04
15713,4564,1085,2024-07-25
15714,4564,1170,2024-04-26
15715,4564,1459,2024-02-23
15716,4565,249,2024-04-23
15717,4565,727,2024-02-19
15718,4565,812,2024-02-23
15719,4565,1114,2024-08-11
15720,4565,1332,2024-09-19
15721,4565,1442,2024-08-18
15722,4566,175,2024-11-17
15723,4566,227,2024-11-12
15724,4566,490,2024-07-06
15725,4566,720,2024-01-11
15726,4566,940,2024-03-12
15727,4566,1239,2024-01-09
15728,4566,1283,2024-05-05
15729,4566,1492,2024-05-11
15730,4567,49,2024-09-21
15731,4567,261,2023-12-31
15732,4567,303,2023-12-07
15733,4567,583,2024-06-15
15734,4567,826,2025-01-25
15735,4568,1008,2024-11-20
15736,4568,1121,2024-10-12
15737,4569,619,2024-06-22
15738,4569,691,2024-04-08
15739,4569,944,2024-08-01
15740,4569,1260,2023-11-11
15741,4569,1356,2023-11-23
15742,4569,1379,2024-10-02
15743,4570,17,2024-04-06
15744,4570,439,2024-07-22
15745,4570,960,2024-12-09
15746,4571,702,2024-03-05
15747,4571,894,2025-02-06
15748,4571,1169,2024-05-24
15749,4571,1294,2024-05-26
15750,4571,1437,2024-07-26
15751,4572,684,2024-06-24
15752,4572,1221,2024-08-24
15753,4572,1327,2025-01-06
15754,4573,466,2024-02-03
15755,4573,1045,2023-10-22
15756,4573,1333,2024-12-10
15757,4574,33,2025-01-09
15758,4574,227,2024-11-20
15759,4574,302,2024-01-31
15760,4574,627,2023-10-23
15761,4574,928,2024-01-05
15762,4574,1409,2024-11-26
15763,4574,1487,2024-07-09
15764,4575,137,2024-04-11
15765,4575,227,2024-02-01
15766,4575,709,2024-01-08
15767,4575,779,2025-01-23
15768,4575,1004,2024-12-15
15769,4575,1118,2024-06-12
15770,4576,38,2024-01-19
15771,4576,143,2024-06-21
15772,4576,479,2024-11-09
15773,4576,657,2024-05-03
15774,4576,1127,2024-05-27
15775,4576,1191,2024-08-18
15776,4577,190,2024-08-01
15777,4577,935,2024-12-08
15778,4577,1149,2024-09-15
15779,4577,1385,2024-02-10
15780,4578,402,2024-02-27
15781,4578,405,2024-03-30
15782,4578,576,2023-11-24
15783,4578,582,2024-09-10
15784,4578,839,2024-04-26
15785,4578,1149,2024-12-08
15786,4579,76,2024-11-01
15787,4579,276,2024-10-17
15788,4579,363,2023-11-20
15789,4579,515,2024-01-12
15790,4579,521,2024-03-31
15791,4579,816,2023-12-23
15792,4579,867,2025-01-09
15793,4579,1013,2024-07-11
15794,4579,1400,2024-04-26
15795,4580,286,2025-02-14
15796,4580,343,2024-03-21
15797,4580,547,2024-05-25
15798,4581,809,2023-12-13
15799,4581,1162,2024-02-19
15800,4581,1164,2023-10-22
15801,4582,84,2024-12-04
15802,4582,232,2024-07-24
15803,4582,358,2024-06-15
15804,4582,367,2024-12-11
15805,4582,885,2024-01-25
15806,4582,1054,2025-02-12
15807,4582,1215,2025-01-30
15808,4583,599,2023-10-23
15809,4583,898,2024-07-20
15810,4583,1006,2025-01-31
15811,4584,283,2024-08-03
15812,4584,1104,2025-02-04
15813,4584,1297,2024-06-17
15814,4585,307,2023-12-23
15815,4585,833,2025-01-15
15816,4585,1086,2024-10-23
15817,4585,1118,2024-12-24
15818,4585,1498,2023-10-24
15819,4586,79,2024-09-11
15820,4586,88,2024-06-09
15821,4586,714,2024-11-14
15822,4586,927,2024-12-17
15823,4586,1209,2024-02-11
15824,4586,1402,2024-07-30
15825,4587,149,2025-01-04
15826,4587,229,2024-10-20
15827,4587,575,2024-12-25
15828,4587,783,2024-01-13
15829,4587,868,2024-06-23
15830,4587,1043,2024-11-29
15831,4588,339,2024-06-19
15832,4588,390,2024-06-16
15833,4588,979,2024-06-09
15834,4588,1217,2025-02-01
15835,4588,1306,2024-11-05
15836,4589,196,2024-11-09
15837,4589,928,2023-12-18
15838,4590,331,2023-12-20
15839,4590,412,2025-01-11
15840,4590,1245,2024-11-12
15841,4590,1333,2024-07-02
15842,4591,23,2024-03-17
15843,4591,306,2023-12-30
15844,4591,689,2024-03-31
15845,4591,734,2023-12-24
15846,4591,834,2024-10-08
15847,4591,1215,2024-10-29
15848,4591,1237,2024-06-22
15849,4591,1450,2024-09-18
15850,4591,1498,2024-07-04
15851,4592,327,2025-02-02
15852,4592,346,2024-05-06
15853,4592,738,2024-01-29
15854,4592,1104,2023-10-20
15855,4592,1109,2024-11-22
15856,4593,505,2024-08-23
15857,4593,1035,2023-11-20
15858,4593,1079,2023-10-24
15859,4593,1129,2024-06-02
15860,4593,1339,2025-01-26
15861,4594,1388,2023-12-01
15862,4595,636,2024-01-02
15863,4596,248,2023-11-26
15864,4596,861,2023-11-13
15865,4596,935,2024-12-16
15866,4596,1239,2023-12-31
15867,4597,107,2024-10-20
15868,4597,336,2025-01-01
15869,4597,436,2024-03-10
15870,4597,884,2023-12-31
15871,4597,1207,2024-01-27
15872,4597,1300,2024-03-19
15873,4598,467,2024-09-29
15874,4598,583,2024-03-16
15875,4598,1473,2024-06-26
15876,4599,537,2024-02-07
15877,4599,784,2025-01-16
15878,4599,835,2024-10-01
15879,4599,1113,2023-11-15
15880,4599,1165,2024-04-15
15881,4599,1469,2024-11-01
15882,4600,165,2024-09-21
15883,4600,374,2024-06-23
15884,4600,430,2024-12-27
15885,4600,833,2024-12-13
15886,4600,1147,2024-10-08
15887,4600,1206,2024-09-23
15888,4600,1215,2024-06-04
15889,4601,36,2024-06-16
15890,4601,105,2023-12-07
15891,4601,533,2024-11-10
15892,4601,587,2024-08-31
15893,4601,720,2024-12-20
15894,4601,1119,2025-02-06
15895,4602,31,2024-11-24
15896,4602,227,2024-10-18
15897,4602,366,2025-01-24
15898,4602,1103,2024-05-25
15899,4602,1374,2025-02-09
15900,4602,1487,2023-12-20
15901,4603,204,2024-10-01
15902,4603,477,2024-08-11
15903,4603,553,2024-08-13
15904,4603,911,2024-09-07
15905,4603,1305,2024-06-19
15906,4604,480,2023-12-14
15907,4604,596,2024-04-29
15908,4604,617,2024-04-23
15909,4604,627,2024-10-17
15910,4604,1096,2024-08-27
15911,4604,1244,2024-05-29
15912,4604,1369,2024-04-16
15913,4604,1447,2024-11-18
15914,4605,554,2024-05-11
15915,4605,748,2024-05-13
15916,4605,1188,2024-11-17
15917,4606,1087,2024-06-09
15918,4607,253,2024-05-15
15919,4607,597,2024-03-19
15920,4607,999,2023-11-09
15921,4607,1320,2024-08-25
15922,4607,1454,2024-08-27
15923,4608,13,2024-10-24
15924,4608,385,2024-10-02
15925,4608,390,2024-04-30
15926,4608,835,2024-07-14
15927,4608,1139,2024-12-30
15928,4609,159,2024-02-17
15929,4609,256,2024-01-27
15930,4609,494,2024-03-15
15931,4610,148,2024-11-21
15932,4610,178,2024-03-04
15933,4610,392,2023-10-28
15934,4610,643,2023-10-28
15935,4610,678,2024-08-29
15936,4610,728,2024-10-19
15937,4610,1393,2024-04-24
15938,4611,1080,2024-01-05
15939,4611,1230,2024-01-10
15940,4611,1451,2025-02-10
15941,4612,32,2024-12-14
15942,4612,416,2024-12-22
15943,4612,664,2024-03-12
15944,4612,711,2025-02-14
15945,4612,786,2023-12-29
15946,4612,839,2024-09-29
15947,4612,1488,2024-05-01
15948,4613,93,2024-10-03
15949,4613,241,2024-10-18
15950,4613,270,2024-04-23
15951,4613,412,2024-01-28
15952,4613,475,2024-11-22
15953,4613,865,2024-06-10
15954,4613,1351,2024-09-03
15955,4614,109,2024-01-30
15956,4614,112,2024-10-09
15957,4614,357,2024-01-21
15958,4614,1093,2023-12-24
15959,4614,1320,2024-12-21
15960,4615,122,2023-12-04
15961,4615,227,2024-08-11
15962,4615,865,2023-11-27
15963,4615,1428,2024-11-12
15964,4615,1477,2024-02-29
15965,4616,65,2024-02-21
15966,4616,232,2024-09-03
15967,4616,336,2024-10-14
15968,4616,477,2023-10-26
15969,4616,671,2024-06-10
15970,4616,895,2023-10-30
15971,4616,1498,2024-04-22
15972,4617,12,2024-10-08
15973,4617,710,2024-03-13
15974,4617,816,2024-06-20
15975,4618,16,2024-09-27
15976,4618,35,2024-02-21
15977,4618,213,2024-05-22
15978,4618,245,2023-11-14
15979,4618,935,2024-11-13
15980,4618,1286,2023-12-17
15981,4619,287,2024-04-08
15982,4619,617,2024-06-28
15983,4619,1012,2024-11-26
15984,4619,1035,2024-09-11
15985,4619,1432,2024-08-15
15986,4620,720,2023-12-17
15987,4620,893,2023-12-01
15988,4620,933,2025-01-26
15989,4620,1012,2025-02-14
15990,4620,1430,2024-04-05
15991,4621,47,2023-11-08
15992,4621,833,2024-11-04
15993,4621,888,2024-10-13
15994,4621,889,2023-12-08
15995,4621,958,2023-11-11
15996,4621,1082,2023-11-24
15997,4621,1303,2024-05-10
15998,4622,243,2024-10-16
15999,4622,276,2024-12-17
16000,4622,403,2025-01-27
16001,4622,426,2024-01-05
16002,4622,886,2024-05-21
16003,4622,964,2023-10-24
16004,4622,1178,2023-11-04
16005,4622,1287,2024-07-04
16006,4623,149,2023-11-05
16007,4623,298,2023-12-27
16008,4623,657,2024-05-12
16009,4624,422,2024-04-15
16010,4624,997,2024-08-01
16011,4624,1421,2024-08-07
16012,4625,38,2024-10-21
16013,4625,349,2024-02-03
16014,4625,475,2024-09-26
16015,4625,951,2024-03-01
16016,4625,1120,2024-12-25
16017,4626,45,2024-06-15
16018,4626,197,2025-01-27
16019,4626,735,2024-04-09
16020,4626,844,2024-08-21
16021,4626,1039,2024-06-09
16022,4627,1045,2025-01-04
16023,4627,1064,2024-07-30
16024,4628,122,2025-02-01
16025,4628,406,2024-12-30
16026,4628,441,2024-02-01
16027,4628,1131,2024-02-09
16028,4628,1419,2024-03-31
16029,4629,255,2024-03-15
16030,4629,385,2024-07-05
16031,4629,978,2024-07-02
16032,4629,1242,2024-10-19
16033,4630,180,2024-02-02
16034,4630,1332,2024-04-20
16035,4630,1478,2024-06-27
16036,4631,58,2025-01-19
16037,4631,274,2023-12-04
16038,4631,430,2024-08-22
16039,4631,517,2024-01-23
16040,4631,1108,2023-12-14
16041,4631,1251,2024-03-13
16042,4631,1319,2024-08-07
16043,4632,40,2024-05-13
16044,4632,109,2024-06-17
16045,4632,323,2024-08-06
16046,4632,357,2023-12-05
16047,4632,497,2024-12-11
16048,4632,874,2024-02-26
16049,4632,1467,2024-05-03
16050,4633,13,2024-02-21
16051,4633,355,2025-01-20
16052,4633,952,2024-10-17
16053,4633,1234,2024-07-04
16054,4634,114,2025-02-04
16055,4634,231,2024-05-18
16056,4634,557,2024-09-08
16057,4634,926,2024-05-05
16058,4635,51,2024-12-29
16059,4635,149,2024-03-13
16060,4635,777,2024-10-01
16061,4635,1029,2024-12-18
16062,4635,1397,2024-02-19
16063,4636,24,2024-12-08
16064,4636,137,2024-01-07
16065,4636,524,2023-10-31
16066,4636,594,2025-01-10
16067,4636,671,2024-02-03
16068,4636,1272,2023-12-05
16069,4636,1294,2025-02-13
16070,4637,384,2024-06-29
16071,4637,697,2024-10-08
16072,4637,711,2023-12-30
16073,4637,773,2024-12-11
16074,4637,1080,2024-09-20
16075,4637,1304,2024-05-15
16076,4638,168,2024-05-23
16077,4638,230,2024-04-23
16078,4638,785,2024-01-02
16079,4638,833,2024-11-21
16080,4638,968,2024-07-11
16081,4638,1134,2023-12-31
16082,4638,1498,2024-03-26
16083,4639,317,2024-05-08
16084,4639,364,2024-07-21
16085,4639,558,2024-04-07
16086,4639,585,2024-03-03
16087,4639,964,2025-01-01
16088,4640,390,2025-01-17
16089,4640,912,2024-08-18
16090,4640,989,2025-01-23
16091,4640,1070,2024-01-13
16092,4640,1374,2024-10-22
16093,4641,86,2024-07-01
16094,4641,347,2024-09-26
16095,4641,388,2023-12-24
16096,4641,391,2024-03-16
16097,4641,834,2023-10-21
16098,4641,876,2023-11-09
16099,4641,1063,2024-12-08
16100,4641,1133,2023-11-06
16101,4642,562,2024-10-06
16102,4642,671,2025-01-12
16103,4642,822,2024-10-30
16104,4642,1004,2024-09-29
16105,4642,1055,2024-09-20
16106,4642,1107,2023-12-31
16107,4642,1294,2023-10-30
16108,4643,41,2024-07-25
16109,4643,115,2024-05-07
16110,4643,190,2024-09-24
16111,4643,570,2023-11-14
16112,4643,599,2023-12-03
16113,4643,920,2024-03-23
16114,4643,935,2024-09-25
16115,4643,1200,2024-11-05
16116,4643,1210,2024-04-30
16117,4643,1401,2024-11-27
16118,4644,1206,2023-10-28
16119,4645,117,2024-03-31
16120,4645,409,2023-12-03
16121,4645,414,2024-08-16
16122,4645,448,2023-11-01
16123,4645,669,2024-08-01
16124,4645,762,2024-11-15
16125,4645,951,2024-04-10
16126,4645,1194,2024-03-11
16127,4645,1234,2024-02-03
16128,4646,684,2024-12-14
16129,4646,839,2024-01-01
16130,4646,1005,2024-06-29
16131,4646,1089,2025-01-11
16132,4646,1149,2023-12-17
16133,4646,1210,2024-05-12
16134,4646,1425,2024-09-17
16135,4647,331,2024-01-31
16136,4647,785,2024-10-27
16137,4647,922,2023-11-18
16138,4647,1071,2025-01-12
16139,4648,431,2024-09-14
16140,4648,926,2024-10-10
16141,4648,1256,2024-10-25
16142,4648,1493,2024-01-29
16143,4649,52,2024-02-17
16144,4649,82,2024-03-31
16145,4649,354,2025-01-22
16146,4649,1162,2024-05-22
16147,4650,423,2024-12-25
16148,4650,1022,2024-09-19
16149,4650,1230,2025-01-27
16150,4651,85,2024-02-08
16151,4651,550,2024-05-02
16152,4651,596,2024-08-21
16153,4651,1040,2024-10-18
16154,4651,1095,2024-11-13
16155,4652,970,2024-12-19
16156,4652,1498,2025-01-21
16157,4653,283,2024-01-30
16158,4653,641,2024-12-08
16159,4653,1135,2023-10-26
16160,4653,1498,2023-12-04
16161,4654,201,2025-01-26
16162,4654,831,2023-11-18
16163,4654,915,2023-11-18
16164,4654,1468,2024-10-23
16165,4655,333,2023-11-08
16166,4655,959,2024-08-16
16167,4656,72,2023-11-15
16168,4656,137,2024-07-15
16169,4656,352,2024-12-13
16170,4656,394,2024-08-19
16171,4656,625,2024-08-16
16172,4656,682,2024-02-17
16173,4656,744,2023-11-22
16174,4656,1004,2024-07-29
16175,4657,1373,2024-06-03
16176,4657,1452,2024-07-12
16177,4658,19,2023-12-17
16178,4658,270,2024-10-26
16179,4658,366,2023-10-21
16180,4658,1121,2024-12-07
16181,4658,1401,2025-02-12
16182,4659,81,2024-03-26
16183,4659,258,2024-12-30
16184,4659,350,2024-12-14
16185,4659,756,2024-07-18
16186,4659,785,2023-11-11
16187,4660,112,2024-01-16
16188,4660,218,2024-07-15
16189,4660,432,2024-09-13
16190,4660,698,2025-02-16
16191,4660,916,2024-02-15
16192,4660,1112,2024-04-08
16193,4661,81,2024-10-11
16194,4661,331,2024-03-10
16195,4661,511,2023-11-22
16196,4661,659,2024-04-08
16197,4661,783,2024-07-24
16198,4661,787,2025-01-12
16199,4662,485,2025-02-13
16200,4662,662,2024-08-22
16201,4662,919,2024-11-10
16202,4662,986,2024-01-20
16203,4662,1095,2024-09-03
16204,4662,1358,2024-10-03
16205,4662,1402,2023-11-14
16206,4663,43,2024-09-02
16207,4663,362,2024-11-01
16208,4663,463,2024-02-14
16209,4663,1125,2023-11-14
16210,4663,1213,2025-02-03
16211,4663,1312,2024-03-02
16212,4663,1381,2024-10-15
16213,4664,70,2024-02-09
16214,4664,563,2024-09-08
16215,4664,728,2024-06-03
16216,4664,751,2024-05-20
16217,4664,1114,2024-05-24
16218,4664,1186,2023-12-04
16219,4664,1279,2024-02-21
16220,4664,1315,2024-11-17
16221,4664,1423,2024-05-20
16222,4665,389,2024-05-08
16223,4665,772,2024-01-15
16224,4665,1097,2024-07-19
16225,4666,208,2025-01-31
16226,4666,212,2024-09-13
16227,4666,607,2023-11-01
16228,4666,978,2024-07-08
16229,4666,1314,2024-11-26
16230,4667,154,2024-12-08
16231,4667,244,2023-12-01
16232,4667,304,2023-12-30
16233,4667,943,2023-12-29
16234,4668,254,2024-09-29
16235,4668,432,2024-09-09
16236,4669,407,2024-05-26
16237,4669,686,2024-07-12
16238,4669,736,2023-11-23
16239,4669,807,2024-04-15
16240,4669,1201,2024-12-29
16241,4669,1388,2025-01-04
16242,4670,307,2024-11-12
16243,4670,336,2024-08-07
16244,4670,368,2024-03-23
16245,4670,790,2024-11-22
16246,4670,1011,2024-06-10
16247,4670,1062,2025-01-19
16248,4670,1250,2024-10-11
16249,4670,1421,2024-02-28
16250,4671,1203,2024-11-16
16251,4672,331,2024-06-10
16252,4672,370,2024-12-26
16253,4672,941,2023-10-21
16254,4672,1110,2025-01-08
16255,4673,88,2024-04-14
16256,4673,146,2025-01-28
16257,4673,464,2024-10-21
16258,4673,621,2024-02-09
16259,4673,1310,2023-11-26
16260,4673,1368,2024-12-17
16261,4674,239,2025-01-03
16262,4674,515,2023-12-04
16263,4674,1004,2023-11-07
16264,4674,1159,2024-04-15
16265,4675,1308,2024-10-02
16266,4675,1318,2024-07-26
16267,4676,928,2025-02-15
16268,4676,956,2024-02-05
16269,4676,1220,2024-09-29
16270,4676,1362,2024-11-22
16271,4676,1397,2024-11-02
16272,4677,1092,2024-02-22
16273,4677,1350,2023-10-24
16274,4678,351,2025-01-03
16275,4678,825,2024-08-28
16276,4678,1340,2024-05-28
16277,4679,440,2024-06-30
16278,4679,1434,2025-02-07
16279,4680,316,2024-01-31
16280,4680,385,2024-08-24
16281,4680,504,2024-06-05
16282,4680,525,2024-08-31
16283,4680,583,2024-07-03
16284,4680,628,2024-03-16
16285,4680,881,2023-12-30
16286,4681,70,2023-12-07
16287,4681,148,2024-07-31
16288,4681,999,2024-08-14
16289,4681,1056,2023-12-22
16290,4681,1072,2024-11-05
16291,4682,341,2024-03-25
16292,4683,336,2023-12-30
16293,4683,401,2024-09-25
16294,4683,799,2024-05-23
16295,4683,923,2024-08-25
16296,4683,971,2024-02-16
16297,4684,81,2024-06-18
16298,4684,450,2024-05-15
16299,4684,547,2024-10-29
16300,4684,720,2025-01-04
16301,4684,1399,2024-04-19
16302,4685,14,2024-09-15
16303,4685,396,2023-11-03
16304,4685,912,2024-11-10
16305,4685,1317,2024-10-26
16306,4686,966,2023-12-12
16307,4687,575,2024-05-14
16308,4687,630,2024-12-08
16309,4687,692,2024-06-24
16310,4687,771,2024-05-25
16311,4687,777,2024-06-21
16312,4687,1094,2024-10-07
16313,4687,1428,2025-01-05
16314,4687,1493,2023-12-09
16315,4688,186,2024-07-06
16316,4688,381,2024-06-29
16317,4688,503,2024-06-21
16318,4688,1084,2024-05-10
16319,4688,1360,2025-01-07
16320,4689,832,2025-01-21
16321,4689,911,2023-12-23
16322,4690,434,2024-09-20
16323,4690,598,2024-07-17
16324,4690,686,2024-07-23
16325,4690,699,2024-12-07
16326,4690,807,2024-02-07
16327,4690,1250,2024-05-16
16328,4690,1304,2025-02-05
16329,4691,81,2024-02-17
16330,4691,111,2024-05-28
16331,4691,179,2024-07-24
16332,4691,305,2024-07-15
16333,4691,499,2025-01-25
16334,4691,702,2024-09-24
16335,4691,1132,2024-09-25
16336,4692,230,2024-04-20
16337,4692,246,2023-11-01
16338,4692,948,2023-12-03
16339,4692,1183,2024-10-27
16340,4692,1188,2024-09-19
16341,4693,232,2024-05-10
16342,4693,261,2025-01-12
16343,4693,361,2024-11-20
16344,4693,1079,2024-11-23
16345,4693,1123,2024-09-11
16346,4693,1450,2024-01-10
16347,4694,69,2024-06-11
16348,4694,796,2025-02-04
16349,4694,826,2024-05-12
16350,4694,926,2024-01-16
16351,4694,1281,2024-08-18
16352,4694,1488,2024-01-09
16353,4695,22,2024-01-22
16354,4695,149,2024-05-24
16355,4695,311,2024-05-28
16356,4695,1374,2024-05-29
16357,4696,56,2024-06-03
16358,4696,269,2024-07-09
16359,4696,734,2024-12-18
16360,4696,923,2024-10-07
16361,4696,1130,2024-07-09
16362,4697,688,2023-10-25
16363,4697,887,2024-08-06
16364,4698,231,2024-10-12
16365,4698,809,2024-10-06
16366,4698,1035,2024-01-27
16367,4699,58,2024-06-05
16368,4699,353,2024-09-13
16369,4699,970,2024-05-10
16370,4699,1041,2023-12-02
16371,4699,1137,2024-05-09
16372,4700,922,2024-12-11
16373,4700,1258,2024-04-03
16374,4700,1312,2024-01-14
16375,4700,1351,2024-01-23
16376,4700,1443,2024-07-27
16377,4701,123,2025-01-31
16378,4701,185,2024-09-12
16379,4702,818,2024-08-23
16380,4702,849,2024-09-30
16381,4702,1296,2025-01-18
16382,4703,668,2024-10-19
16383,4703,726,2024-07-21
16384,4703,749,2024-08-26
16385,4704,48,2023-10-20
16386,4704,612,2024-06-13
16387,4704,865,2024-03-17
16388,4704,1065,2024-08-12
16389,4704,1461,2024-08-13
16390,4705,385,2024-02-20
16391,4705,796,2024-12-06
16392,4705,826,2024-03-30
16393,4705,895,2024-08-04
16394,4705,918,2024-07-20
16395,4706,604,2023-12-13
16396,4706,624,2023-12-28
16397,4706,799,2024-04-02
16398,4706,1253,2024-04-11
16399,4706,1494,2024-09-02
16400,4707,47,2024-06-20
16401,4707,58,2024-06-21
16402,4707,592,2024-06-14
16403,4707,638,2024-01-05
16404,4707,1053,2024-05-29
16405,4707,1183,2024-04-02
16406,4708,86,2024-08-23
16407,4708,149,2024-12-21
16408,4708,186,2024-06-29
16409,4708,200,2024-05-01
16410,4708,361,2024-03-19
16411,4708,732,2023-11-01
16412,4709,264,2024-07-27
16413,4709,803,2024-12-22
16414,4710,191,2024-01-24
16415,4710,456,2025-01-29
16416,4710,1191,2024-07-31
16417,4711,98,2024-04-26
16418,4711,197,2024-11-02
16419,4711,715,2024-07-18
16420,4711,1097,2023-11-01
16421,4711,1453,2024-03-30
16422,4712,40,2023-11-04
16423,4712,918,2025-02-04
16424,4713,22,2023-11-26
16425,4713,123,2025-02-01
16426,4713,451,2024-10-17
16427,4713,777,2025-02-12
16428,4713,1170,2025-02-09
16429,4714,685,2024-03-16
16430,4714,884,2023-12-22
16431,4715,138,2024-11-18
16432,4715,241,2024-06-01
16433,4715,305,2023-12-14
16434,4715,420,2025-01-18
16435,4715,663,2025-02-15
16436,4715,1094,2024-11-22
16437,4715,1336,2024-05-05
16438,4716,186,2024-04-05
16439,4716,834,2024-06-23
16440,4716,1182,2024-07-28
16441,4717,235,2024-08-13
16442,4717,392,2024-01-24
16443,4717,701,2024-08-07
16444,4717,1072,2023-11-24
16445,4717,1369,2024-12-14
16446,4718,116,2023-12-30
16447,4718,253,2024-08-17
16448,4718,265,2025-02-16
16449,4719,352,2025-01-03
16450,4719,989,2024-04-17
16451,4720,11,2025-01-06
16452,4720,1122,2024-05-09
16453,4720,1247,2024-04-16
16454,4720,1283,2024-12-03
16455,4720,1362,2023-12-06
16456,4721,71,2024-07-19
16457,4721,293,2024-07-18
16458,4721,385,2024-06-01
16459,4721,525,2023-11-30
16460,4721,589,2024-09-15
16461,4721,726,2023-12-17
16462,4721,918,2024-12-23
16463,4721,1307,2024-03-25
16464,4722,35,2024-07-15
16465,4722,333,2024-05-26
16466,4722,345,2023-11-09
16467,4722,839,2023-11-17
16468,4722,1024,2025-01-08
16469,4722,1402,2024-09-17
16470,4723,497,2024-04-21
16471,4723,575,2024-11-19
16472,4723,597,2023-11-11
16473,4723,1452,2023-10-22
16474,4724,134,2024-10-21
16475,4724,842,2024-08-23
16476,4725,322,2024-01-22
16477,4725,660,2024-03-02
16478,4725,1206,2024-03-06
16479,4725,1215,2024-08-19
16480,4726,255,2024-10-14
16481,4726,1109,2024-09-10
16482,4726,1263,2024-01-20
16483,4727,686,2024-07-13
16484,4727,851,2025-02-16
16485,4727,873,2024-06-04
16486,4727,1089,2024-08-02
16487,4727,1210,2024-12-20
16488,4727,1310,2025-01-17
16489,4728,205,2024-06-27
16490,4728,296,2024-04-15
16491,4728,628,2024-09-11
16492,4729,87,2024-06-13
16493,4729,179,2023-11-14
16494,4729,319,2024-09-04
16495,4729,437,2024-02-16
16496,4729,649,2024-09-12
16497,4729,738,2023-10-28
16498,4729,902,2024-11-19
16499,4729,909,2023-12-31
16500,4730,114,2024-08-16
16501,4730,680,2024-01-28
16502,4730,816,2023-10-29
16503,4731,22,2023-12-22
16504,4731,281,2023-12-11
16505,4731,470,2024-10-28
16506,4731,1032,2025-01-11
16507,4732,255,2024-01-04
16508,4732,336,2024-04-11
16509,4732,514,2024-09-08
16510,4732,535,2023-10-26
16511,4732,1276,2023-11-21
16512,4733,245,2024-09-13
16513,4733,827,2024-07-05
16514,4733,1107,2024-05-07
16515,4733,1169,2024-12-20
16516,4733,1291,2024-09-04
16517,4733,1294,2023-11-07
16518,4734,273,2024-06-28
16519,4734,349,2024-03-08
16520,4734,598,2024-01-15
16521,4734,1146,2024-08-07
16522,4734,1471,2024-11-09
16523,4735,230,2023-10-31
16524,4735,517,2024-05-12
16525,4735,1074,2024-09-22
16526,4735,1201,2024-09-13
16527,4735,1215,2024-08-22
16528,4735,1406,2024-04-13
16529,4736,598,2024-01-04
16530,4736,686,2024-01-20
16531,4736,807,2024-01-10
16532,4736,1011,2024-02-13
16533,4736,1207,2024-12-28
16534,4736,1298,2024-01-24
16535,4736,1390,2024-05-15
16536,4737,413,2024-08-24
16537,4737,426,2024-02-04
16538,4737,637,2024-12-13
16539,4737,807,2023-12-19
16540,4737,964,2024-09-08
16541,4737,1104,2024-08-02
16542,4737,1301,2023-10-28
16543,4738,31,2024-05-03
16544,4738,287,2024-01-14
16545,4738,499,2025-01-15
16546,4738,1051,2023-11-10
16547,4738,1468,2023-10-26
16548,4739,270,2024-11-23
16549,4739,771,2024-07-01
16550,4739,1072,2024-09-11
16551,4740,618,2024-01-28
16552,4741,38,2023-10-30
16553,4741,78,2025-02-12
16554,4741,128,2023-12-28
16555,4741,1031,2024-12-08
16556,4741,1226,2024-03-01
16557,4742,97,2024-11-25
16558,4742,174,2024-01-16
16559,4742,365,2025-01-25
16560,4742,566,2024-05-04
16561,4742,1218,2024-09-17
16562,4742,1351,2024-10-17
16563,4743,9,2024-05-23
16564,4743,252,2023-12-30
16565,4743,555,2024-02-29
16566,4743,1301,2024-10-13
16567,4743,1405,2024-12-05
16568,4744,236,2024-08-08
16569,4744,254,2024-06-07
16570,4745,143,2024-04-23
16571,4745,799,2024-02-19
16572,4745,822,2024-06-16
16573,4745,923,2025-02-14
16574,4746,70,2024-11-28
16575,4746,261,2024-10-30
16576,4746,399,2024-09-09
16577,4746,826,2024-03-15
16578,4746,1393,2023-11-01
16579,4747,311,2024-10-11
16580,4747,653,2024-12-07
16581,4747,778,2024-04-04
16582,4747,802,2024-06-29
16583,4747,886,2025-01-14
16584,4747,1234,2024-11-23
16585,4748,63,2024-10-07
16586,4748,700,2023-12-06
16587,4748,1177,2024-12-06
16588,4749,312,2024-09-12
16589,4750,1201,2024-11-13
16590,4751,365,2024-03-09
16591,4751,393,2024-03-24
16592,4751,661,2024-05-07
16593,4751,783,2025-02-15
16594,4752,379,2024-09-23
16595,4752,410,2024-08-20
16596,4752,472,2024-04-25
16597,4752,1430,2025-01-23
16598,4753,7,2024-05-15
16599,4753,236,2024-10-01
16600,4753,265,2024-11-20
16601,4753,587,2025-01-27
16602,4753,938,2024-06-29
16603,4753,1465,2024-02-27
16604,4754,101,2023-11-14
16605,4754,154,2024-10-22
16606,4754,406,2024-05-01
16607,4754,422,2024-07-23
16608,4754,634,2025-01-24
16609,4754,1068,2024-06-28
16610,4754,1076,2024-11-26
16611,4755,467,2024-02-03
16612,4755,671,2024-04-22
16613,4755,832,2024-09-14
16614,4755,1048,2024-03-23
16615,4755,1107,2024-02-26
16616,4755,1254,2025-02-12
16617,4756,936,2024-04-27
16618,4756,1001,2024-02-09
16619,4756,1033,2024-02-27
16620,4756,1205,2024-04-06
16621,4756,1260,2024-10-24
16622,4756,1379,2023-11-22
16623,4757,105,2024-03-11
16624,4757,843,2024-05-01
16625,4757,1032,2024-09-19
16626,4757,1336,2024-05-26
16627,4757,1367,2025-01-20
16628,4758,301,2024-07-27
16629,4758,827,2024-07-20
16630,4758,895,2024-09-23
16631,4759,932,2024-12-14
16632,4759,989,2024-05-21
16633,4759,1452,2024-04-18
16634,4760,326,2025-02-05
16635,4760,370,2025-01-09
16636,4760,588,2024-07-09
16637,4760,718,2024-01-29
16638,4760,844,2024-09-25
16639,4760,850,2024-11-05
16640,4760,1305,2025-01-08
16641,4761,624,2024-03-05
16642,4761,963,2024-07-05
16643,4761,1054,2024-01-29
16644,4761,1185,2024-11-25
16645,4762,278,2024-03-19
16646,4762,345,2024-08-02
16647,4762,571,2024-11-02
16648,4762,592,2024-12-31
16649,4762,664,2024-02-14
16650,4762,690,2024-09-22
16651,4762,986,2025-02-12
16652,4763,159,2025-02-05
16653,4763,1250,2024-04-17
16654,4764,187,2024-09-19
16655,4764,395,2024-07-26
16656,4764,749,2025-02-14
16657,4764,1414,2024-05-26
16658,4765,44,2024-09-06
16659,4765,311,2024-01-09
16660,4765,796,2024-12-30
16661,4765,1332,2024-05-20
16662,4766,375,2024-12-19
16663,4766,1196,2024-06-29
16664,4766,1404,2024-02-07
16665,4767,441,2024-05-29
16666,4767,1497,2024-05-07
16667,4768,402,2024-12-17
16668,4768,433,2024-03-21
16669,4768,552,2024-07-11
16670,4768,1149,2024-03-28
16671,4768,1385,2024-02-20
16672,4769,441,2024-01-06
16673,4769,948,2023-11-04
16674,4769,1236,2025-01-02
16675,4769,1461,2024-09-23
16676,4770,99,2024-12-08
16677,4770,106,2024-06-11
16678,4770,117,2024-06-18
16679,4770,979,2024-04-23
16680,4770,983,2024-07-14
16681,4770,1423,2024-06-17
16682,4771,356,2023-10-22
16683,4771,674,2025-02-04
16684,4771,963,2024-07-06
16685,4771,1041,2025-01-23
16686,4771,1251,2024-08-26
16687,4772,48,2024-03-16
16688,4772,941,2024-02-21
16689,4772,1052,2024-01-09
16690,4772,1100,2024-11-18
16691,4772,1131,2025-01-14
16692,4773,109,2024-09-17
16693,4773,259,2024-05-16
16694,4773,443,2024-11-17
16695,4773,525,2024-12-04
16696,4773,537,2024-08-27
16697,4773,742,2024-08-02
16698,4773,1093,2024-02-08
16699,4774,13,2024-09-20
16700,4774,180,2024-12-17
16701,4774,1140,2024-09-16
16702,4774,1248,2024-02-25
16703,4775,159,2024-03-21
16704,4775,255,2024-02-21
16705,4775,307,2025-01-08
16706,4775,970,2024-10-27
16707,4775,1014,2024-05-27
16708,4775,1175,2024-08-20
16709,4775,1250,2024-10-07
16710,4776,54,2024-04-09
16711,4776,720,2025-01-05
16712,4776,750,2024-07-20
16713,4776,1039,2023-11-05
16714,4776,1336,2024-04-19
16715,4777,171,2023-11-01
16716,4777,221,2024-11-13
16717,4777,403,2024-10-24
16718,4777,636,2024-11-27
16719,4777,915,2024-03-24
16720,4777,1164,2024-03-31
16721,4778,45,2024-12-02
16722,4778,81,2023-11-19
16723,4778,93,2024-04-21
16724,4778,394,2024-10-23
16725,4778,1092,2023-11-05
16726,4778,1142,2024-08-20
16727,4778,1260,2024-01-17
16728,4779,162,2024-07-18
16729,4779,357,2024-03-05
16730,4779,558,2024-05-12
16731,4779,583,2024-06-13
16732,4779,800,2024-01-12
16733,4779,1093,2024-10-29
16734,4779,1332,2024-12-14
16735,4780,240,2023-10-24
16736,4781,107,2023-11-15
16737,4781,507,2024-06-10
16738,4781,960,2024-01-28
16739,4781,1201,2024-03-11
16740,4782,149,2024-01-16
16741,4782,315,2025-01-31
16742,4782,410,2024-11-11
16743,4782,438,2024-08-23
16744,4782,756,2024-11-11
16745,4782,1068,2024-01-28
16746,4782,1461,2024-08-05
16747,4783,194,2023-11-12
16748,4783,331,2024-10-10
16749,4783,341,2024-06-15
16750,4783,709,2024-06-04
16751,4784,138,2024-02-13
16752,4784,336,2025-01-30
16753,4784,430,2024-11-01
16754,4784,509,2024-06-26
16755,4784,529,2025-01-26
16756,4784,963,2023-12-31
16757,4784,1185,2024-12-25
16758,4785,31,2024-08-17
16759,4785,59,2024-03-29
16760,4785,329,2024-03-06
16761,4785,958,2024-09-09
16762,4785,1206,2024-11-26
16763,4786,45,2025-02-03
16764,4786,684,2024-04-13
16765,4786,796,2024-09-25
16766,4786,1270,2024-09-05
16767,4786,1410,2024-10-05
16768,4787,376,2023-10-22
16769,4787,430,2024-02-20
16770,4787,561,2024-08-02
16771,4787,651,2025-02-04
16772,4787,850,2023-11-03
16773,4788,215,2023-11-21
16774,4788,702,2024-05-22
16775,4789,1183,2023-12-29
16776,4789,1258,2024-04-08
16777,4790,558,2024-08-01
16778,4790,778,2024-04-16
16779,4790,1050,2023-12-15
16780,4791,129,2024-04-18
16781,4791,540,2023-11-08
16782,4791,593,2024-09-30
16783,4792,26,2023-12-26
16784,4792,162,2024-10-06
16785,4792,444,2024-10-10
16786,4792,571,2024-09-09
16787,4792,696,2023-10-22
16788,4792,1402,2024-03-21
16789,4793,534,2024-04-12
16790,4793,1019,2023-10-31
16791,4793,1150,2024-09-20
16792,4794,240,2024-01-22
16793,4794,402,2024-08-02
16794,4794,621,2023-12-07
16795,4794,877,2024-03-27
16796,4794,1149,2024-02-04
16797,4794,1385,2024-04-12
16798,4795,96,2024-02-13
16799,4795,177,2025-01-14
16800,4795,357,2023-11-22
16801,4795,506,2023-12-30
16802,4795,683,2025-01-27
16803,4795,979,2024-06-13
16804,4795,1185,2024-08-20
16805,4796,302,2024-03-03
16806,4796,392,2024-11-18
16807,4796,557,2024-10-04
16808,4796,828,2024-10-05
16809,4796,1186,2024-09-28
16810,4796,1331,2024-10-04
16811,4797,190,2024-02-16
16812,4797,340,2024-12-15
16813,4797,696,2024-02-11
16814,4797,1080,2024-11-07
16815,4797,1209,2024-06-27
16816,4798,27,2024-09-01
16817,4798,839,2025-01-01
16818,4798,873,2024-12-19
16819,4798,935,2024-11-11
16820,4798,1014,2024-04-06
16821,4799,33,2024-01-24
16822,4799,287,2023-11-29
16823,4800,313,2024-12-01
16824,4800,407,2024-10-23
16825,4800,699,2024-10-25
16826,4800,829,2025-01-25
16827,4800,970,2023-12-10
16828,4800,994,2023-12-16
16829,4800,1476,2023-12-31
16830,4801,351,2024-02-19
16831,4801,643,2024-09-20
16832,4801,653,2024-04-17
16833,4801,1301,2024-08-09
16834,4802,183,2023-11-03
16835,4802,210,2024-03-08
16836,4802,984,2025-01-06
16837,4802,997,2024-01-13
16838,4802,1004,2024-05-12
16839,4802,1327,2024-04-20
16840,4803,220,2024-01-22
16841,4803,309,2025-01-15
16842,4803,1217,2024-06-11
16843,4804,30,2024-12-11
16844,4804,139,2024-03-03
16845,4804,384,2024-01-04
16846,4804,1325,2024-07-28
16847,4804,1396,2024-05-29
16848,4805,290,2024-12-23
16849,4805,331,2024-09-29
16850,4805,1163,2024-05-01
16851,4806,151,2025-01-25
16852,4806,923,2024-01-21
16853,4806,999,2024-12-05
16854,4806,1276,2024-09-25
16855,4807,340,2024-04-13
16856,4807,639,2023-12-15
16857,4807,901,2024-10-08
16858,4807,1083,2023-11-15
16859,4807,1099,2024-07-14
16860,4808,26,2024-04-23
16861,4808,213,2024-06-29
16862,4808,224,2024-02-11
16863,4808,377,2024-07-16
16864,4808,384,2024-01-26
16865,4808,919,2024-07-29
16866,4808,1095,2024-10-20
16867,4809,401,2024-09-30
16868,4809,1149,2024-04-16
16869,4810,390,2024-04-15
16870,4810,504,2024-03-17
16871,4810,554,2024-04-12
16872,4810,642,2023-11-30
16873,4810,1298,2024-02-29
16874,4811,109,2024-09-07
16875,4811,357,2024-11-10
16876,4811,748,2024-05-27
16877,4811,826,2023-11-09
16878,4811,1379,2024-12-01
16879,4812,253,2024-08-24
16880,4812,839,2024-12-14
16881,4812,873,2025-01-27
16882,4812,1035,2024-09-04
16883,4812,1080,2023-11-30
16884,4812,1403,2024-08-14
16885,4813,105,2024-02-15
16886,4813,354,2024-04-02
16887,4813,394,2023-12-07
16888,4814,652,2023-11-29
16889,4815,207,2024-06-20
16890,4815,759,2024-09-24
16891,4815,939,2025-01-23
16892,4815,1210,2025-02-03
16893,4815,1402,2024-03-23
16894,4816,291,2024-04-13
16895,4816,740,2024-12-17
16896,4816,996,2024-04-20
16897,4816,1305,2024-03-28
16898,4817,449,2024-11-09
16899,4817,796,2024-10-04
16900,4817,901,2024-02-09
16901,4817,1018,2024-10-06
16902,4817,1320,2024-06-08
16903,4818,752,2024-10-11
16904,4818,1169,2023-11-05
16905,4818,1294,2025-02-03
16906,4818,1500,2024-11-14
16907,4819,401,2024-05-20
16908,4819,574,2023-12-28
16909,4819,799,2024-06-18
16910,4819,800,2024-01-23
16911,4819,927,2024-07-24
16912,4819,944,2024-12-25
16913,4819,1150,2023-12-14
16914,4819,1211,2024-05-19
16915,4819,1246,2024-06-09
16916,4819,1307,2024-01-30
16917,4820,429,2024-02-23
16918,4820,765,2024-06-02
16919,4820,839,2024-02-25
16920,4820,1210,2024-05-04
16921,4820,1396,2023-12-07
16922,4821,61,2024-12-24
16923,4821,435,2023-12-30
16924,4821,454,2024-12-26
16925,4821,949,2023-12-03
16926,4821,1028,2024-09-25
16927,4821,1072,2024-03-30
16928,4822,38,2024-12-18
16929,4822,67,2024-06-19
16930,4822,285,2024-04-28
16931,4822,1351,2024-05-23
16932,4823,71,2024-10-22
16933,4823,390,2024-10-23
16934,4823,583,2024-11-13
16935,4823,769,2025-01-07
16936,4823,1328,2024-11-05
16937,4824,17,2024-01-13
16938,4824,23,2024-11-12
16939,4824,156,2024-05-24
16940,4824,616,2024-02-28
16941,4824,807,2025-01-14
16942,4824,1250,2023-12-10
16943,4825,443,2024-01-16
16944,4825,816,2024-11-08
16945,4825,986,2024-05-24
16946,4825,1460,2023-11-03
16947,4826,522,2024-07-09
16948,4826,870,2024-02-28
16949,4826,922,2024-07-15
16950,4826,1165,2023-12-19
16951,4826,1258,2024-07-07
16952,4827,1414,2024-11-24
16953,4828,1163,2024-09-19
16954,4829,341,2024-06-02
16955,4829,1020,2024-05-07
16956,4829,1454,2024-01-09
16957,4830,265,2023-10-27
16958,4830,303,2024-08-16
16959,4830,1259,2024-09-02
16960,4830,1465,2025-02-08
16961,4831,59,2023-11-19
16962,4831,774,2024-05-24
16963,4831,786,2024-08-07
16964,4831,1128,2024-02-16
16965,4831,1287,2023-12-01
16966,4831,1298,2024-08-23
16967,4831,1478,2024-12-19
16968,4832,371,2024-05-27
16969,4832,511,2024-02-20
16970,4832,801,2023-10-30
16971,4833,267,2024-11-27
16972,4833,319,2024-12-25
16973,4833,793,2024-02-17
16974,4833,871,2025-02-03
16975,4833,879,2024-08-31
16976,4834,384,2024-08-21
16977,4834,424,2024-04-09
16978,4834,830,2023-11-26
16979,4835,19,2024-05-30
16980,4835,480,2024-11-04
16981,4836,425,2024-06-28
16982,4836,612,2025-02-12
16983,4836,912,2023-11-19
16984,4836,1254,2024-03-27
16985,4836,1313,2024-04-08
16986,4837,295,2023-11-05
16987,4837,332,2024-10-18
16988,4837,514,2024-04-05
16989,4837,547,2024-10-23
16990,4837,822,2024-08-30
16991,4837,1498,2024-12-13
16992,4838,353,2024-08-17
16993,4838,486,2024-07-22
16994,4838,508,2024-01-01
16995,4838,1258,2025-01-31
16996,4839,86,2024-12-13
16997,4839,200,2023-12-23
16998,4839,467,2025-01-30
16999,4839,671,2024-09-30
17000,4839,814,2024-10-14
17001,4839,886,2024-10-24
17002,4839,1312,2024-05-21
17003,4839,1481,2024-06-01
17004,4840,1080,2024-02-13
17005,4840,1209,2024-09-30
17006,4840,1407,2024-12-04
17007,4840,1413,2023-12-10
17008,4840,1436,2025-02-16
17009,4841,15,2024-01-16
17010,4841,922,2024-11-12
17011,4841,1258,2024-02-07
17012,4842,407,2024-03-11
17013,4842,637,2024-11-23
17014,4842,670,2024-02-14
17015,4842,778,2024-12-16
17016,4842,889,2024-11-20
17017,4842,1152,2024-07-17
17018,4843,586,2025-02-01
17019,4844,291,2024-07-30
17020,4844,361,2024-07-17
17021,4844,509,2023-11-08
17022,4844,547,2024-03-25
17023,4844,913,2024-07-03
17024,4844,958,2024-04-13
17025,4844,1498,2024-12-28
17026,4845,118,2025-02-10
17027,4845,999,2023-12-05
17028,4845,1248,2024-09-20
17029,4846,150,2024-03-17
17030,4846,470,2024-09-16
17031,4846,1000,2024-01-05
17032,4847,444,2023-11-18
17033,4847,731,2024-01-02
17034,4847,772,2024-04-26
17035,4847,807,2024-08-26
17036,4847,1188,2024-12-10
17037,4847,1207,2024-02-21
17038,4848,1471,2024-05-12
17039,4849,423,2024-03-20
17040,4849,881,2024-04-24
17041,4849,1483,2023-11-12
17042,4850,169,2025-01-01
17043,4850,473,2024-10-01
17044,4850,530,2024-01-02
17045,4850,622,2024-07-29
17046,4850,637,2024-01-17
17047,4850,734,2024-11-25
17048,4851,4,2024-10-23
17049,4851,117,2024-02-18
17050,4851,743,2023-12-13
17051,4851,875,2024-02-23
17052,4851,979,2024-02-27
17053,4851,1423,2023-12-26
17054,4852,763,2024-06-17
17055,4853,23,2024-04-22
17056,4853,94,2024-11-15
17057,4853,799,2024-04-26
17058,4853,923,2024-06-02
17059,4853,1178,2024-04-30
17060,4853,1347,2024-06-14
17061,4854,105,2024-01-22
17062,4854,125,2024-08-25
17063,4854,319,2024-08-27
17064,4854,1060,2023-11-21
17065,4854,1500,2023-12-15
17066,4855,151,2024-10-21
17067,4855,159,2024-04-06
17068,4855,517,2024-03-17
17069,4855,530,2024-08-17
17070,4855,1086,2023-11-01
17071,4855,1401,2024-11-06
17072,4856,505,2024-03-14
17073,4857,804,2024-09-05
17074,4857,805,2024-02-29
17075,4858,122,2024-01-27
17076,4858,990,2025-01-20
17077,4858,1155,2023-12-02
17078,4858,1382,2024-07-12
17079,4859,17,2024-12-28
17080,4859,1047,2024-10-16
17081,4859,1136,2024-01-31
17082,4860,40,2024-09-15
17083,4860,482,2024-03-21
17084,4860,712,2024-02-24
17085,4860,728,2024-05-30
17086,4860,874,2025-01-14
17087,4861,85,2024-08-29
17088,4861,200,2024-04-27
17089,4861,1247,2024-02-12
17090,4862,156,2025-01-30
17091,4862,212,2024-11-30
17092,4862,667,2023-12-02
17093,4862,807,2025-01-15
17094,4862,873,2023-11-08
17095,4862,960,2024-10-05
17096,4862,968,2024-09-18
17097,4863,70,2024-12-31
17098,4863,136,2024-01-08
17099,4863,542,2024-09-24
17100,4863,999,2024-08-14
17101,4864,23,2024-06-23
17102,4864,151,2024-06-23
17103,4864,459,2023-12-19
17104,4864,485,2024-10-01
17105,4864,514,2024-09-12
17106,4864,985,2023-12-13
17107,4864,1050,2024-04-01
17108,4864,1494,2023-10-28
17109,4865,117,2024-05-15
17110,4865,385,2024-01-03
17111,4865,394,2024-10-03
17112,4865,443,2024-08-14
17113,4865,675,2023-12-17
17114,4865,796,2025-02-16
17115,4865,1234,2024-09-28
17116,4866,61,2025-02-10
17117,4866,349,2024-06-15
17118,4867,46,2024-08-24
17119,4867,579,2023-12-23
17120,4867,596,2024-05-06
17121,4867,1035,2025-01-24
17122,4867,1402,2024-11-23
17123,4868,71,2024-04-10
17124,4868,256,2024-12-07
17125,4868,390,2023-11-21
17126,4868,542,2025-01-27
17127,4868,554,2024-06-07
17128,4868,572,2024-02-06
17129,4868,680,2024-12-31
17130,4868,800,2024-01-10
17131,4868,872,2024-07-06
17132,4869,71,2023-12-16
17133,4869,504,2024-12-24
17134,4869,583,2024-05-25
17135,4869,983,2023-12-31
17136,4870,138,2024-10-04
17137,4870,247,2024-08-29
17138,4870,375,2023-12-01
17139,4870,752,2024-11-03
17140,4870,1107,2023-11-16
17141,4871,737,2024-10-28
17142,4871,927,2024-07-03
17143,4871,1158,2024-06-26
17144,4872,4,2024-02-14
17145,4872,127,2024-12-12
17146,4873,63,2024-08-31
17147,4873,210,2024-01-07
17148,4873,323,2024-01-08
17149,4873,859,2023-12-09
17150,4873,1354,2024-08-18
17151,4874,272,2024-07-27
17152,4874,848,2024-02-23
17153,4874,1376,2024-05-10
17154,4875,27,2024-08-05
17155,4875,121,2025-01-22
17156,4875,497,2023-11-27
17157,4875,935,2024-11-25
17158,4876,151,2024-04-01
17159,4876,159,2024-06-02
17160,4876,799,2024-02-08
17161,4876,976,2024-10-01
17162,4876,1005,2024-06-11
17163,4876,1118,2024-05-29
17164,4877,149,2024-11-21
17165,4877,152,2024-06-23
17166,4877,277,2023-12-17
17167,4877,311,2024-11-18
17168,4877,592,2023-11-02
17169,4877,781,2024-04-20
17170,4877,788,2023-12-29
17171,4877,1022,2024-08-04
17172,4878,1250,2024-07-09
17173,4878,1420,2024-10-03
17174,4879,146,2024-06-07
17175,4879,227,2024-06-25
17176,4879,657,2023-10-20
17177,4880,216,2024-06-02
17178,4880,317,2024-09-13
17179,4880,336,2024-03-17
17180,4880,829,2024-04-14
17181,4880,867,2024-12-28
17182,4880,1028,2024-08-19
17183,4880,1081,2024-11-02
17184,4881,13,2024-08-31
17185,4881,569,2024-12-23
17186,4881,1197,2024-10-27
17187,4881,1480,2023-11-30
17188,4882,700,2024-04-28
17189,4882,986,2025-01-04
17190,4882,1035,2024-01-28
17191,4882,1407,2023-11-17
17192,4883,200,2024-02-27
17193,4883,213,2024-03-08
17194,4883,890,2024-03-30
17195,4883,1312,2023-11-15
17196,4883,1397,2023-10-25
17197,4884,319,2024-12-07
17198,4884,503,2024-01-18
17199,4884,972,2023-10-23
17200,4884,1100,2023-12-26
17201,4884,1293,2024-11-20
17202,4885,27,2024-09-14
17203,4885,190,2024-04-30
17204,4885,402,2024-11-03
17205,4885,1129,2024-12-06
17206,4886,109,2024-07-12
17207,4886,357,2024-02-21
17208,4886,468,2024-08-01
17209,4886,525,2024-06-29
17210,4886,901,2024-07-30
17211,4886,957,2024-08-28
17212,4886,1093,2023-11-06
17213,4887,107,2025-01-16
17214,4887,971,2024-02-06
17215,4887,1476,2024-11-04
17216,4887,1498,2025-02-12
17217,4888,550,2024-03-26
17218,4888,791,2024-09-10
17219,4888,880,2024-04-14
17220,4888,944,2025-01-12
17221,4888,1035,2023-11-17
17222,4888,1133,2024-01-15
17223,4889,399,2024-08-19
17224,4889,647,2024-03-29
17225,4889,1260,2024-07-03
17226,4890,219,2024-05-11
17227,4891,257,2024-06-07
17228,4891,1275,2024-11-12
17229,4891,1487,2024-05-10
17230,4892,7,2023-11-13
17231,4892,538,2024-02-18
17232,4892,541,2024-09-16
17233,4893,1212,2024-11-21
17234,4893,1325,2023-11-13
17235,4893,1486,2024-03-07
17236,4893,1488,2023-10-24
17237,4894,781,2024-08-24
17238,4894,927,2024-11-22
17239,4895,307,2024-10-22
17240,4895,530,2024-11-26
17241,4895,686,2024-02-02
17242,4895,968,2024-03-07
17243,4895,970,2024-05-15
17244,4895,1276,2024-10-04
17245,4896,300,2024-10-07
17246,4897,110,2024-06-11
17247,4897,614,2024-10-01
17248,4897,646,2024-04-15
17249,4897,796,2024-03-20
17250,4897,1273,2024-09-04
17251,4897,1395,2023-11-24
17252,4898,371,2024-07-20
17253,4898,407,2024-10-18
17254,4898,752,2024-10-24
17255,4898,902,2024-01-02
17256,4898,1293,2024-02-19
17257,4898,1364,2024-11-26
17258,4899,1062,2024-05-24
17259,4899,1126,2024-07-23
17260,4899,1421,2024-07-04
17261,4900,228,2023-12-08
17262,4900,319,2023-11-11
17263,4900,349,2023-11-27
17264,4900,685,2025-01-16
17265,4900,1100,2024-02-21
17266,4900,1172,2024-12-18
17267,4900,1271,2024-07-27
17268,4900,1426,2024-09-24
17269,4901,319,2023-12-26
17270,4901,376,2024-06-04
17271,4901,1159,2024-01-16
17272,4902,666,2023-11-25
17273,4902,691,2023-11-13
17274,4902,1297,2025-01-08
17275,4903,359,2024-11-07
17276,4903,512,2024-03-28
17277,4903,641,2023-12-10
17278,4903,783,2024-02-21
17279,4903,831,2024-02-22
17280,4903,1077,2024-03-11
17281,4903,1405,2024-04-29
17282,4904,1111,2023-11-19
17283,4905,113,2023-12-10
17284,4905,197,2024-07-25
17285,4905,978,2024-03-26
17286,4905,1078,2024-01-09
17287,4905,1118,2024-01-04
17288,4906,892,2023-10-21
17289,4906,950,2023-12-09
17290,4906,1094,2024-02-17
17291,4906,1492,2024-07-20
17292,4907,81,2024-09-20
17293,4907,777,2024-07-26
17294,4907,930,2024-01-14
17295,4907,1083,2024-04-22
17296,4907,1428,2024-11-30
17297,4908,407,2024-02-17
17298,4908,548,2024-01-16
17299,4908,592,2023-11-05
17300,4908,913,2024-11-17
17301,4909,155,2024-07-27
17302,4909,397,2024-11-01
17303,4909,1015,2024-01-28
17304,4909,1351,2024-10-04
17305,4910,53,2024-10-28
17306,4910,301,2023-11-28
17307,4910,421,2025-01-13
17308,4910,425,2024-11-08
17309,4910,716,2024-09-28
17310,4910,1460,2024-05-05
17311,4911,27,2024-07-13
17312,4911,337,2023-12-21
17313,4911,696,2024-10-24
17314,4911,765,2024-11-22
17315,4911,1095,2024-09-10
17316,4911,1148,2024-05-17
17317,4911,1407,2024-02-10
17318,4911,1436,2024-05-19
17319,4912,1225,2024-12-23
17320,4912,1257,2023-10-24
17321,4912,1413,2024-02-18
17322,4913,111,2024-07-21
17323,4913,301,2024-08-04
17324,4913,479,2024-09-30
17325,4913,655,2024-09-25
17326,4913,795,2024-10-02
17327,4913,1341,2023-12-03
17328,4913,1424,2024-09-16
17329,4914,13,2025-02-11
17330,4914,348,2024-10-13
17331,4914,701,2024-06-21
17332,4914,1379,2024-02-22
17333,4915,326,2024-10-31
17334,4915,569,2024-05-01
17335,4915,997,2024-08-22
17336,4916,702,2023-10-26
17337,4916,883,2024-06-14
17338,4916,884,2024-11-06
17339,4916,956,2024-07-07
17340,4916,984,2024-08-18
17341,4916,1077,2024-10-15
17342,4917,9,2024-03-24
17343,4917,245,2024-09-15
17344,4917,411,2024-06-24
17345,4917,499,2024-05-26
17346,4918,309,2024-06-22
17347,4918,499,2024-01-22
17348,4918,718,2023-11-12
17349,4918,753,2023-11-10
17350,4918,922,2023-10-31
17351,4918,1063,2024-04-18
17352,4918,1169,2023-12-25
17353,4919,243,2023-11-30
17354,4919,295,2024-02-28
17355,4919,631,2024-10-11
17356,4919,686,2024-10-21
17357,4919,734,2023-12-10
17358,4919,1346,2024-11-22
17359,4920,725,2023-11-14
17360,4920,840,2024-06-18
17361,4920,1211,2025-01-29
17362,4920,1407,2023-10-24
17363,4921,125,2024-06-09
17364,4921,319,2023-12-17
17365,4921,887,2024-05-29
17366,4922,14,2024-02-20
17367,4922,16,2024-03-05
17368,4922,386,2024-08-02
17369,4922,698,2024-04-23
17370,4922,892,2025-01-08
17371,4922,1208,2024-11-29
17372,4922,1428,2023-11-03
17373,4923,30,2024-11-29
17374,4923,131,2024-09-18
17375,4924,66,2024-09-27
17376,4924,372,2024-07-18
17377,4924,1199,2024-12-22
17378,4925,407,2024-08-25
17379,4925,542,2024-04-01
17380,4925,584,2023-12-12
17381,4925,1427,2024-01-20
17382,4926,70,2024-02-07
17383,4926,427,2024-06-10
17384,4926,974,2023-10-23
17385,4927,72,2024-07-16
17386,4927,87,2024-04-27
17387,4927,134,2023-11-30
17388,4927,327,2024-11-14
17389,4927,765,2023-12-15
17390,4927,1210,2025-01-13
17391,4927,1339,2024-11-22
17392,4928,411,2024-08-14
17393,4928,441,2024-11-08
17394,4928,479,2023-11-30
17395,4928,888,2024-09-02
17396,4928,1063,2024-03-03
17397,4928,1155,2024-12-01
17398,4929,128,2024-09-13
17399,4929,149,2024-03-23
17400,4929,326,2024-04-22
17401,4929,396,2024-02-29
17402,4929,486,2025-02-09
17403,4929,1361,2024-04-23
17404,4930,13,2024-05-22
17405,4930,371,2024-08-25
17406,4930,715,2024-06-17
17407,4930,847,2023-12-31
17408,4930,1140,2024-08-30
17409,4931,397,2024-05-09
17410,4931,630,2024-04-13
17411,4931,702,2024-04-10
17412,4931,795,2024-05-06
17413,4931,830,2024-12-14
17414,4932,84,2023-12-17
17415,4932,295,2024-08-22
17416,4932,307,2024-01-23
17417,4932,679,2024-06-08
17418,4932,1062,2024-05-26
17419,4932,1368,2024-07-01
17420,4933,55,2023-11-29
17421,4933,563,2024-02-17
17422,4933,970,2024-05-31
17423,4934,39,2024-06-04
17424,4935,123,2024-10-29
17425,4935,836,2024-10-04
17426,4935,850,2024-12-08
17427,4936,970,2023-12-18
17428,4936,1042,2024-10-06
17429,4936,1070,2024-11-09
17430,4937,659,2024-09-29
17431,4937,702,2024-07-02
17432,4937,1426,2024-07-02
17433,4938,457,2024-05-19
17434,4938,571,2024-11-07
17435,4938,873,2023-12-31
17436,4939,107,2024-12-26
17437,4939,169,2024-05-24
17438,4939,246,2024-02-20
17439,4939,273,2024-08-14
17440,4939,520,2024-04-18
17441,4939,977,2024-05-12
17442,4939,1494,2023-12-13
17443,4940,13,2023-12-27
17444,4940,119,2024-11-02
17445,4940,261,2024-05-12
17446,4940,999,2024-11-14
17447,4940,1140,2024-12-17
17448,4940,1161,2024-05-02
17449,4940,1282,2025-02-03
17450,4940,1359,2024-11-20
17451,4941,159,2024-06-01
17452,4941,368,2024-07-24
17453,4941,896,2024-02-09
17454,4941,1074,2025-02-12
17455,4941,1394,2023-11-01
17456,4941,1450,2024-04-27
17457,4942,399,2024-04-23
17458,4942,1002,2024-06-29
17459,4942,1284,2024-02-03
17460,4943,773,2024-06-10
17461,4943,1481,2023-12-09
17462,4944,61,2024-01-28
17463,4944,475,2024-07-24
17464,4944,942,2024-12-26
17465,4944,1291,2024-12-29
17466,4945,74,2024-07-14
17467,4945,302,2024-06-20
17468,4945,946,2024-11-05
17469,4945,1205,2024-03-14
17470,4946,517,2024-12-14
17471,4946,777,2023-11-12
17472,4946,1159,2024-01-12
17473,4946,1397,2024-10-27
17474,4947,326,2023-12-30
17475,4947,719,2024-02-08
17476,4947,1067,2024-10-05
17477,4947,1127,2024-09-19
17478,4947,1144,2025-02-05
17479,4948,169,2024-10-21
17480,4948,181,2024-11-12
17481,4948,867,2024-03-15
17482,4948,1054,2024-09-25
17483,4948,1120,2024-05-01
17484,4948,1476,2023-11-24
17485,4949,85,2024-03-22
17486,4949,275,2024-03-20
17487,4949,612,2024-11-26
17488,4949,620,2024-05-07
17489,4949,1100,2025-01-15
17490,4950,34,2024-05-02
17491,4950,162,2024-01-18
17492,4950,408,2024-06-29
17493,4950,439,2024-05-24
17494,4950,456,2024-02-01
17495,4950,1393,2024-10-26
17496,4951,1334,2024-02-08
17497,4951,1443,2023-10-20
17498,4951,1483,2024-03-19
17499,4952,227,2024-10-02
17500,4952,373,2023-12-15
17501,4952,389,2023-11-25
17502,4952,499,2024-12-05
17503,4952,843,2024-06-10
17504,4953,1102,2024-05-20
17505,4953,1411,2024-11-21
17506,4954,197,2023-12-08
17507,4954,1015,2024-10-04
17508,4954,1112,2024-03-20
17509,4955,682,2024-01-17
17510,4955,936,2024-09-04
17511,4955,999,2024-09-27
17512,4955,1394,2023-12-11
17513,4956,643,2024-04-28
17514,4956,684,2024-01-23
17515,4956,753,2024-03-19
17516,4956,1002,2024-07-07
17517,4956,1138,2024-02-13
17518,4957,98,2023-12-16
17519,4957,772,2024-08-22
17520,4957,923,2024-05-10
17521,4957,1329,2024-07-18
17522,4957,1476,2024-10-31
17523,4958,93,2024-05-22
17524,4958,832,2024-02-03
17525,4958,874,2025-01-16
17526,4958,1096,2025-02-03
17527,4958,1269,2024-05-19
17528,4958,1386,2024-03-02
17529,4959,336,2024-06-21
17530,4959,517,2023-11-02
17531,4959,618,2024-12-23
17532,4959,799,2024-02-25
17533,4959,923,2024-05-05
17534,4959,1140,2024-03-28
17535,4960,431,2024-04-30
17536,4960,449,2024-07-21
17537,4960,1024,2024-08-04
17538,4961,9,2024-05-05
17539,4961,331,2024-08-18
17540,4961,511,2024-07-07
17541,4961,724,2025-01-24
17542,4961,881,2024-06-23
17543,4962,661,2025-02-05
17544,4962,1083,2023-10-31
17545,4963,671,2024-02-07
17546,4963,732,2024-04-30
17547,4963,844,2024-07-28
17548,4963,1004,2024-08-01
17549,4963,1249,2024-11-22
17550,4964,773,2024-02-15
17551,4965,75,2023-10-21
17552,4965,184,2023-11-03
17553,4965,1190,2024-03-10
17554,4966,184,2024-07-23
17555,4966,352,2024-02-09
17556,4966,671,2024-06-25
17557,4966,1004,2024-10-03
17558,4967,109,2024-08-23
17559,4967,180,2025-02-02
17560,4967,506,2024-09-12
17561,4967,926,2024-02-13
17562,4967,1113,2024-05-12
17563,4968,271,2024-10-27
17564,4968,488,2024-02-13
17565,4968,1102,2024-10-07
17566,4968,1246,2024-12-24
17567,4969,956,2023-11-29
17568,4969,1018,2024-11-14
17569,4969,1021,2024-04-13
17570,4969,1327,2024-08-10
17571,4969,1487,2024-01-20
17572,4970,85,2024-11-05
17573,4970,457,2024-01-02
17574,4970,538,2024-11-22
17575,4970,941,2024-10-15
17576,4970,994,2025-02-16
17577,4971,141,2024-08-19
17578,4971,168,2023-12-17
17579,4971,692,2024-09-22
17580,4971,698,2024-09-13
17581,4971,704,2024-01-13
17582,4971,894,2024-06-23
17583,4971,904,2025-02-09
17584,4971,961,2023-11-18
17585,4972,117,2024-05-03
17586,4972,367,2024-04-05
17587,4972,510,2024-08-21
17588,4972,554,2024-02-11
17589,4972,682,2024-03-11
17590,4972,994,2023-11-21
17591,4972,1037,2023-11-11
17592,4972,1081,2025-01-26
17593,4973,46,2024-03-03
17594,4973,405,2023-11-14
17595,4973,697,2024-04-30
17596,4973,919,2024-11-03
17597,4973,991,2025-02-10
17598,4973,1024,2024-10-05
17599,4974,109,2024-01-02
17600,4974,583,2024-08-11
17601,4974,826,2023-12-07
17602,4974,926,2023-11-30
17603,4974,1093,2024-07-24
17604,4975,13,2024-06-07
17605,4975,568,2024-01-15
17606,4975,649,2023-12-24
17607,4975,847,2024-07-08
17608,4975,1359,2024-01-08
17609,4976,659,2024-03-11
17610,4976,787,2024-06-21
17611,4977,327,2023-12-22
17612,4977,708,2024-07-11
17613,4977,1310,2024-01-26
17614,4978,281,2023-10-30
17615,4978,609,2023-12-03
17616,4978,927,2024-07-20
17617,4978,1060,2023-12-17
17618,4979,214,2024-06-04
17619,4980,160,2024-10-10
17620,4980,305,2024-08-13
17621,4980,482,2024-11-18
17622,4980,520,2025-02-15
17623,4980,792,2024-05-12
17624,4980,825,2024-09-17
17625,4981,92,2023-11-16
17626,4981,125,2024-12-27
17627,4981,1043,2024-12-16
17628,4981,1181,2024-06-21
17629,4981,1492,2024-04-08
17630,4982,107,2024-09-30
17631,4982,616,2024-06-05
17632,4982,807,2024-07-15
17633,4982,970,2024-08-28
17634,4982,1118,2024-10-27
17635,4983,38,2024-11-27
17636,4983,175,2024-12-21
17637,4983,182,2024-10-26
17638,4983,331,2024-07-12
17639,4983,1297,2024-09-19
17640,4983,1484,2024-02-26
17641,4984,545,2024-12-19
17642,4984,655,2024-08-10
17643,4985,422,2024-06-20
17644,4985,756,2025-01-19
17645,4985,1260,2024-03-13
17646,4985,1302,2024-08-12
17647,4985,1360,2024-08-29
17648,4985,1374,2024-06-05
17649,4986,434,2024-09-03
17650,4986,1325,2024-08-22
17651,4987,23,2023-11-18
17652,4987,864,2024-03-29
17653,4987,964,2024-01-10
17654,4987,1175,2025-02-07
17655,4988,79,2025-01-06
17656,4988,383,2023-12-28
17657,4988,384,2023-12-13
17658,4988,848,2024-06-27
17659,4988,991,2023-12-22
17660,4989,47,2023-12-15
17661,4989,206,2024-03-10
17662,4989,465,2024-07-25
17663,4989,1319,2024-12-30
17664,4990,934,2024-05-16
17665,4991,80,2024-11-27
17666,4991,482,2024-04-08
17667,4991,944,2024-05-20
17668,4991,1171,2024-04-19
17669,4992,278,2024-07-10
17670,4992,324,2024-10-31
17671,4992,352,2023-12-07
17672,4992,394,2024-07-29
17673,4992,467,2024-09-01
17674,4992,1034,2024-07-19
17675,4992,1461,2024-09-23
17676,4993,64,2023-12-11
17677,4993,1109,2025-02-12
17678,4994,747,2025-01-18
17679,4994,1009,2023-10-24
17680,4995,7,2024-05-28
17681,4995,170,2023-11-28
17682,4995,833,2024-06-28
17683,4995,913,2024-02-05
17684,4995,1061,2024-09-07
17685,4995,1476,2024-12-03
17686,4996,283,2024-10-04
17687,4996,630,2024-12-30
17688,4996,702,2025-01-05
17689,4996,948,2024-10-15
17690,4996,1258,2024-03-28
17691,4997,461,2024-05-15
17692,4997,555,2025-01-03
17693,4997,693,2024-02-21
17694,4997,785,2023-12-07
17695,4997,870,2024-05-15
17696,4997,977,2024-01-30
17697,4997,1200,2024-12-17
17698,4997,1225,2023-12-07
17699,4998,59,2024-01-14
17700,4998,1189,2024-08-20
17701,4999,304,2024-06-12
17702,4999,500,2024-04-24
17703,4999,1256,2024-12-19
17704,5000,659,2024-04-17
17705,5000,850,2024-06-05
17706,5000,1022,2024-12-11
17707,5001,61,2024-01-19
17708,5001,925,2024-11-04
17709,5001,1077,2025-01-05
17710,5001,1249,2024-11-08
17711,5002,72,2024-05-19
17712,5002,270,2023-12-11
17713,5002,392,2024-05-21
17714,5002,488,2024-08-20
17715,5002,680,2024-03-24
17716,5002,726,2024-08-26
17717,5002,1478,2024-05-17
17718,5003,891,2024-02-08
17719,5003,933,2024-06-25
17720,5004,481,2025-01-29
17721,5004,716,2024-08-02
17722,5004,955,2024-07-05
17723,5004,963,2023-11-25
17724,5004,1272,2023-12-04
17725,5005,38,2024-08-08
17726,5005,175,2024-12-22
17727,5005,827,2025-01-18
17728,5005,1236,2024-02-05
17729,5006,401,2024-07-15
17730,5006,686,2024-12-29
17731,5006,807,2024-10-07
17732,5006,1031,2024-10-17
17733,5006,1257,2024-08-17
17734,5007,256,2024-09-15
17735,5007,556,2024-08-12
17736,5007,725,2025-01-16
17737,5007,1069,2024-08-14
17738,5007,1100,2023-11-16
17739,5007,1258,2024-05-07
17740,5007,1449,2024-07-17
17741,5007,1461,2025-02-16
17742,5008,19,2024-01-13
17743,5008,453,2024-10-11
17744,5008,702,2023-11-13
17745,5008,852,2023-12-17
17746,5008,1461,2024-11-13
17747,5009,121,2024-02-03
17748,5009,183,2024-09-13
17749,5009,405,2024-12-14
17750,5009,696,2023-10-26
17751,5009,991,2024-07-01
17752,5009,1325,2023-11-28
17753,5010,530,2024-05-25
17754,5010,1236,2024-06-28
17755,5010,1324,2024-04-15
17756,5011,16,2024-01-24
17757,5011,23,2024-11-30
17758,5011,234,2024-10-03
17759,5011,424,2024-10-10
17760,5011,725,2024-01-15
17761,5011,1378,2023-12-17
17762,5011,1482,2024-05-06
17763,5012,93,2024-02-10
17764,5012,137,2024-12-03
17765,5012,509,2024-10-07
17766,5012,661,2024-01-27
17767,5012,922,2024-05-22
17768,5012,1107,2025-02-02
17769,5012,1397,2023-12-20
17770,5013,331,2024-12-03
17771,5013,381,2024-12-21
17772,5013,502,2024-02-20
17773,5013,599,2023-11-28
17774,5013,657,2024-06-16
17775,5013,1254,2024-08-29
17776,5013,1365,2025-01-02
17777,5014,47,2024-07-15
17778,5014,107,2024-04-05
17779,5014,521,2024-03-05
17780,5014,637,2024-08-11
17781,5014,689,2023-11-07
17782,5014,1035,2024-11-09
17783,5014,1054,2024-12-27
17784,5014,1301,2023-11-12
17785,5015,85,2024-03-26
17786,5015,1004,2024-10-06
17787,5015,1024,2024-08-23
17788,5015,1302,2024-12-20
17789,5015,1357,2023-11-17
17790,5016,46,2024-02-21
17791,5016,406,2024-06-19
17792,5016,834,2024-09-28
17793,5016,919,2024-01-11
17794,5016,1095,2024-08-22
17795,5016,1402,2024-04-19
17796,5017,230,2024-11-06
17797,5017,893,2024-03-19
17798,5017,970,2024-04-27
17799,5017,1494,2024-07-10
17800,5018,219,2024-11-20
17801,5018,287,2024-04-07
17802,5018,440,2024-07-03
17803,5018,597,2024-02-12
17804,5018,1248,2024-04-11
17805,5018,1295,2024-10-09
17806,5018,1394,2024-05-22
17807,5018,1478,2025-01-24
17808,5019,639,2024-12-13
17809,5019,828,2025-01-06
17810,5019,1267,2024-02-17
17811,5020,143,2024-10-02
17812,5020,361,2024-08-21
17813,5020,637,2025-01-31
17814,5020,640,2024-08-15
17815,5020,787,2024-07-26
17816,5020,1296,2024-11-11
17817,5020,1348,2024-12-18
17818,5021,517,2023-12-22
17819,5021,1011,2024-01-06
17820,5021,1098,2024-06-22
17821,5021,1330,2024-12-28
17822,5022,507,2024-03-10
17823,5023,213,2024-10-29
17824,5023,236,2024-02-08
17825,5023,870,2024-08-24
17826,5023,885,2024-09-07
17827,5023,909,2024-01-06
17828,5023,1439,2024-01-02
17829,5024,102,2025-01-28
17830,5024,332,2024-04-01
17831,5024,517,2024-11-20
17832,5024,734,2025-01-18
17833,5024,777,2024-04-12
17834,5024,923,2023-12-13
17835,5025,684,2024-05-31
17836,5025,984,2024-12-07
17837,5025,1496,2024-03-07
17838,5026,130,2023-11-24
17839,5026,877,2024-12-19
17840,5026,1149,2024-08-22
17841,5026,1385,2024-10-12
17842,5026,1407,2024-11-01
17843,5027,270,2024-01-22
17844,5027,440,2024-04-02
17845,5027,1186,2024-07-31
17846,5027,1229,2025-01-12
17847,5027,1234,2025-01-11
17848,5028,656,2023-11-23
17849,5028,786,2024-09-06
17850,5029,1031,2024-11-01
17851,5029,1043,2024-12-24
17852,5029,1447,2025-01-24
17853,5030,151,2025-02-16
17854,5030,407,2024-12-18
17855,5030,660,2024-02-27
17856,5030,913,2024-12-19
17857,5030,1394,2024-06-28
17858,5031,88,2025-01-06
17859,5031,174,2024-05-22
17860,5031,950,2025-01-21
17861,5031,1095,2024-01-19
17862,5031,1149,2025-01-25
17863,5031,1227,2025-02-09
17864,5032,431,2023-12-13
17865,5032,583,2024-12-12
17866,5033,182,2024-10-14
17867,5033,258,2024-01-21
17868,5033,315,2024-10-15
17869,5033,1360,2024-01-24
17870,5033,1484,2024-05-14
17871,5034,149,2024-12-08
17872,5034,512,2023-11-08
17873,5034,544,2023-12-21
17874,5034,663,2024-10-10
17875,5034,775,2024-07-23
17876,5034,887,2024-05-09
17877,5034,1383,2024-02-16
17878,5035,69,2024-08-07
17879,5035,302,2024-08-21
17880,5035,796,2024-03-01
17881,5035,1138,2024-04-20
17882,5035,1290,2024-02-29
17883,5035,1367,2023-12-09
17884,5035,1481,2024-12-15
17885,5036,307,2024-02-03
17886,5036,596,2024-10-24
17887,5036,960,2024-11-18
17888,5036,1237,2024-07-30
17889,5036,1308,2024-02-25
17890,5036,1390,2024-03-30
17891,5036,1450,2024-02-16
17892,5036,1471,2023-12-07
17893,5037,93,2024-03-28
17894,5037,1030,2024-05-06
17895,5037,1254,2024-02-08
17896,5037,1428,2024-11-20
17897,5038,155,2023-11-15
17898,5038,630,2024-08-23
17899,5039,207,2024-02-21
17900,5039,405,2023-10-24
17901,5039,565,2025-01-20
17902,5039,729,2024-11-18
17903,5039,839,2024-12-03
17904,5039,880,2024-06-16
17905,5039,1368,2024-08-21
17906,5040,140,2024-05-11
17907,5040,263,2024-07-12
17908,5040,371,2024-09-22
17909,5040,588,2024-10-31
17910,5040,1153,2024-04-09
17911,5040,1331,2024-11-19
17912,5041,125,2024-09-02
17913,5041,148,2023-11-12
17914,5041,398,2024-09-17
17915,5041,544,2024-08-15
17916,5042,855,2024-05-26
17917,5042,1003,2024-10-10
17918,5042,1186,2024-09-22
17919,5042,1236,2024-03-24
17920,5043,326,2024-04-22
17921,5043,404,2025-01-13
17922,5043,824,2024-11-26
17923,5043,1004,2024-08-11
17924,5043,1083,2024-07-21
17925,5043,1241,2024-06-13
17926,5044,11,2023-12-28
17927,5044,125,2024-09-06
17928,5044,126,2024-03-10
17929,5044,574,2025-01-30
17930,5044,743,2024-10-27
17931,5044,872,2023-11-05
17932,5045,109,2024-08-02
17933,5045,357,2024-11-06
17934,5045,531,2024-08-27
17935,5045,583,2024-08-24
17936,5045,803,2025-01-05
17937,5045,994,2024-01-18
17938,5045,1093,2024-10-13
17939,5046,385,2023-12-14
17940,5046,583,2024-06-11
17941,5046,796,2024-06-23
17942,5047,119,2024-09-09
17943,5047,311,2024-11-20
17944,5047,684,2025-01-18
17945,5047,796,2024-01-24
17946,5047,1455,2024-04-05
17947,5048,148,2024-09-17
17948,5048,749,2025-02-15
17949,5048,1019,2024-11-12
17950,5048,1423,2025-02-04
17951,5049,87,2023-12-06
17952,5049,258,2024-05-21
17953,5049,1193,2024-05-12
17954,5049,1354,2024-07-06
17955,5050,90,2023-11-21
17956,5050,173,2023-11-23
17957,5050,225,2025-01-11
17958,5051,175,2024-02-02
17959,5051,305,2024-02-07
17960,5051,904,2024-09-02
17961,5051,994,2024-06-16
17962,5051,1085,2024-01-26
17963,5052,175,2025-02-09
17964,5052,365,2024-05-26
17965,5052,553,2024-06-07
17966,5052,1278,2023-11-03
17967,5052,1351,2024-06-20
17968,5053,156,2024-10-08
17969,5053,1053,2023-12-28
17970,5053,1090,2023-12-20
17971,5053,1118,2024-06-21
17972,5053,1182,2024-09-20
17973,5053,1421,2024-02-12
17974,5054,204,2024-10-15
17975,5054,428,2024-03-18
17976,5054,941,2023-10-25
17977,5054,1015,2024-10-15
17978,5054,1057,2025-02-01
17979,5055,127,2024-01-20
17980,5055,302,2024-03-24
17981,5055,311,2023-12-26
17982,5055,669,2024-09-17
17983,5055,684,2024-01-15
17984,5055,1003,2024-09-14
17985,5055,1332,2024-01-15
17986,5056,754,2024-10-30
17987,5056,850,2024-12-28
17988,5056,1434,2025-02-14
17989,5057,427,2024-03-06
17990,5057,467,2023-12-07
17991,5057,671,2024-10-06
17992,5057,832,2024-08-30
17993,5057,883,2024-07-14
17994,5058,22,2025-01-12
17995,5058,788,2024-11-28
17996,5058,865,2024-12-22
17997,5058,1022,2024-10-23
17998,5058,1311,2024-02-14
17999,5059,253,2024-12-08
18000,5059,287,2024-12-07
18001,5059,753,2023-11-20
18002,5059,756,2024-05-17
18003,5059,769,2024-09-28
18004,5059,796,2025-01-29
18005,5060,351,2024-02-22
18006,5060,583,2024-01-22
18007,5060,601,2024-10-29
18008,5060,957,2024-02-17
18009,5060,1457,2024-05-29
18010,5061,212,2024-03-28
18011,5061,230,2024-03-25
18012,5061,337,2025-01-23
18013,5061,867,2023-10-27
18014,5061,978,2023-12-07
18015,5061,1124,2025-01-18
18016,5061,1316,2024-07-24
18017,5062,282,2023-12-10
18018,5062,1183,2024-09-16
18019,5062,1184,2024-11-27
18020,5062,1346,2024-03-26
18021,5063,120,2024-03-16
18022,5063,534,2024-03-05
18023,5063,914,2024-01-14
18024,5064,660,2024-03-19
18025,5064,978,2024-11-12
18026,5064,1078,2024-07-29
18027,5064,1329,2025-01-08
18028,5065,354,2024-12-29
18029,5065,378,2024-03-06
18030,5065,1265,2024-01-07
18031,5065,1382,2024-09-26
18032,5065,1415,2024-09-26
18033,5066,671,2023-11-04
18034,5066,883,2024-01-08
18035,5066,1004,2024-10-08
18036,5066,1317,2024-03-11
18037,5067,396,2024-02-22
18038,5067,1076,2024-12-06
18039,5067,1078,2024-12-21
18040,5067,1433,2024-11-09
18041,5068,267,2024-04-25
18042,5068,270,2023-10-23
18043,5068,309,2024-10-11
18044,5068,709,2024-08-22
18045,5068,892,2024-03-25
18046,5068,1161,2024-05-31
18047,5069,23,2024-05-17
18048,5069,248,2024-04-16
18049,5069,507,2024-10-13
18050,5069,923,2025-01-19
18051,5070,12,2025-02-11
18052,5070,352,2023-12-05
18053,5070,467,2023-12-19
18054,5070,1004,2024-09-26
18055,5070,1487,2024-10-30
18056,5071,303,2024-07-09
18057,5071,385,2024-05-25
18058,5071,749,2024-09-20
18059,5071,796,2023-11-22
18060,5071,925,2024-04-09
18061,5072,169,2024-05-20
18062,5072,521,2024-03-08
18063,5072,631,2023-10-24
18064,5072,867,2024-08-28
18065,5072,1193,2024-12-03
18066,5073,327,2024-08-09
18067,5073,451,2024-03-13
18068,5073,888,2023-12-11
18069,5073,1475,2024-03-26
18070,5074,324,2024-06-29
18071,5074,914,2024-04-16
18072,5075,149,2024-01-26
18073,5075,163,2024-09-01
18074,5075,451,2024-07-22
18075,5075,777,2024-09-01
18076,5075,1383,2024-10-15
18077,5075,1428,2023-11-22
18078,5076,348,2025-01-21
18079,5076,805,2024-01-26
18080,5077,129,2024-06-15
18081,5077,249,2023-11-08
18082,5077,670,2024-03-31
18083,5077,981,2024-03-27
18084,5077,1475,2024-12-18
18085,5078,84,2024-09-09
18086,5078,122,2023-12-27
18087,5078,286,2024-03-21
18088,5078,1154,2024-12-22
18089,5079,445,2024-04-03
18090,5079,544,2023-12-06
18091,5079,889,2024-10-04
18092,5079,984,2024-09-08
18093,5079,1327,2024-09-03
18094,5080,107,2023-11-17
18095,5080,146,2024-07-06
18096,5080,151,2025-01-27
18097,5080,309,2024-12-15
18098,5080,598,2024-01-19
18099,5080,686,2024-05-04
18100,5080,1062,2025-01-02
18101,5081,28,2023-11-27
18102,5081,96,2024-09-25
18103,5081,549,2025-01-23
18104,5081,1456,2024-12-13
18105,5082,50,2024-11-22
18106,5082,103,2023-11-25
18107,5083,1,2023-11-02
18108,5083,234,2024-09-13
18109,5083,424,2024-01-30
18110,5083,592,2024-03-30
18111,5083,1191,2024-05-03
18112,5083,1492,2024-03-31
18113,5084,88,2024-08-30
18114,5084,114,2024-03-04
18115,5084,505,2024-01-20
18116,5084,759,2024-11-06
18117,5084,986,2024-08-10
18118,5085,242,2024-08-18
18119,5085,463,2024-01-17
18120,5085,560,2023-11-07
18121,5085,599,2024-09-08
18122,5085,754,2024-01-17
18123,5085,982,2024-02-20
18124,5085,1384,2024-06-21
18125,5085,1458,2024-05-02
18126,5086,307,2024-10-18
18127,5086,485,2024-05-02
18128,5086,585,2024-05-28
18129,5086,970,2024-08-13
18130,5086,1330,2024-09-23
18131,5087,107,2025-02-10
18132,5087,232,2024-05-23
18133,5087,1118,2024-08-22
18134,5087,1201,2024-01-16
18135,5087,1498,2024-11-19
18136,5088,73,2024-01-13
18137,5088,182,2024-08-06
18138,5088,475,2024-04-14
18139,5088,580,2024-02-16
18140,5088,661,2024-02-15
18141,5088,694,2024-07-21
18142,5088,966,2024-05-03
18143,5089,93,2023-12-06
18144,5089,597,2024-08-06
18145,5089,671,2024-02-25
18146,5089,709,2023-12-06
18147,5089,795,2024-12-20
18148,5089,1225,2023-11-22
18149,5089,1367,2024-09-04
18150,5090,361,2024-12-14
18151,5090,392,2024-07-23
18152,5090,616,2024-11-23
18153,5090,930,2024-11-09
18154,5090,963,2024-01-26
18155,5090,1366,2024-08-26
18156,5090,1450,2024-09-30
18157,5090,1454,2023-10-28
18158,5091,356,2024-12-20
18159,5091,734,2024-09-02
18160,5091,807,2024-11-29
18161,5091,1235,2024-02-15
18162,5092,468,2024-11-24
18163,5093,978,2024-11-29
18164,5093,1062,2024-03-24
18165,5093,1078,2023-12-23
18166,5094,37,2024-03-11
18167,5094,388,2024-09-18
18168,5095,675,2024-09-07
18169,5095,901,2025-01-01
18170,5095,1423,2024-01-04
18171,5096,13,2024-03-18
18172,5096,357,2023-10-21
18173,5096,525,2024-04-30
18174,5096,601,2024-05-24
18175,5096,615,2024-09-28
18176,5096,812,2024-01-18
18177,5096,962,2024-07-08
18178,5096,1093,2024-11-04
18179,5096,1362,2024-01-24
18180,5097,1296,2024-03-06
18181,5098,114,2024-05-16
18182,5098,119,2024-01-25
18183,5098,435,2024-01-31
18184,5098,815,2024-12-05
18185,5098,1111,2024-03-21
18186,5098,1493,2024-09-29
18187,5099,93,2024-07-10
18188,5099,254,2024-07-21
18189,5099,331,2024-08-24
18190,5099,1107,2024-02-14
18191,5099,1258,2024-02-18
18192,5099,1360,2024-02-28
18193,5099,1424,2024-02-03
18194,5100,71,2024-06-17
18195,5100,109,2024-04-26
18196,5100,120,2023-12-11
18197,5100,357,2025-02-11
18198,5100,583,2024-10-31
18199,5100,1113,2024-07-15
18200,5101,225,2024-05-02
18201,5101,903,2024-05-30
18202,5101,1008,2025-01-24
18203,5102,270,2024-08-28
18204,5102,701,2024-02-27
18205,5102,1039,2024-10-28
18206,5102,1298,2023-11-08
18207,5103,109,2024-07-05
18208,5103,357,2024-05-29
18209,5103,738,2024-11-20
18210,5103,796,2024-12-06
18211,5103,1093,2024-04-22
18212,5103,1157,2024-12-08
18213,5104,307,2024-03-15
18214,5104,706,2024-01-17
18215,5104,722,2024-03-13
18216,5104,1198,2024-02-24
18217,5105,248,2024-10-26
18218,5105,432,2024-08-02
18219,5105,929,2024-01-18
18220,5105,946,2024-05-03
18221,5105,1043,2025-02-14
18222,5105,1159,2024-09-01
18223,5105,1301,2025-02-14
18224,5106,863,2023-12-27
18225,5106,976,2024-07-29
18226,5106,1370,2024-04-05
18227,5107,281,2024-04-12
18228,5107,707,2023-10-30
18229,5107,714,2024-06-06
18230,5107,979,2024-03-05
18231,5107,1393,2024-02-01
18232,5108,56,2024-04-11
18233,5108,196,2024-12-13
18234,5108,230,2024-12-19
18235,5108,410,2023-10-31
18236,5108,510,2024-08-10
18237,5108,719,2025-01-03
18238,5108,994,2024-04-14
18239,5108,1017,2024-01-11
18240,5108,1384,2024-11-11
18241,5109,1046,2024-12-29
18242,5109,1449,2024-08-01
18243,5110,739,2024-09-08
18244,5111,1309,2025-01-24
18245,5112,105,2025-02-10
18246,5112,671,2024-07-13
18247,5112,853,2024-12-06
18248,5112,1004,2024-09-02
18249,5112,1104,2024-04-28
18250,5112,1327,2024-08-26
18251,5113,866,2024-03-07
18252,5113,1039,2025-01-12
18253,5114,299,2025-02-02
18254,5114,426,2024-06-21
18255,5114,674,2024-12-24
18256,5114,1272,2024-09-07
18257,5114,1330,2025-01-05
18258,5115,34,2023-10-24
18259,5115,70,2024-02-24
18260,5115,148,2024-08-06
18261,5115,833,2024-05-25
18262,5115,1338,2024-12-06
18263,5115,1423,2025-01-25
18264,5116,16,2024-08-24
18265,5116,613,2025-01-09
18266,5116,671,2024-05-23
18267,5116,1045,2024-03-13
18268,5117,353,2024-04-04
18269,5117,941,2024-02-04
18270,5118,277,2024-04-02
18271,5118,288,2024-08-22
18272,5118,1347,2023-12-08
18273,5119,110,2024-12-22
18274,5119,390,2025-01-03
18275,5119,845,2024-06-16
18276,5119,898,2024-05-14
18277,5119,1153,2024-04-05
18278,5119,1340,2023-11-11
18279,5119,1467,2024-02-29
18280,5120,773,2024-06-10
18281,5121,445,2023-12-22
18282,5121,648,2024-12-03
18283,5122,62,2024-07-27
18284,5122,200,2024-07-13
18285,5122,288,2024-01-31
18286,5122,842,2023-10-22
18287,5122,1312,2023-11-08
18288,5123,1391,2024-11-13
18289,5124,512,2024-08-18
18290,5124,575,2024-12-01
18291,5124,785,2024-08-16
18292,5125,321,2024-04-11
18293,5125,780,2024-03-08
18294,5125,1402,2023-12-28
18295,5126,693,2024-07-27
18296,5126,1398,2024-07-06
18297,5127,287,2024-06-09
18298,5127,1122,2024-02-05
18299,5128,632,2025-02-09
18300,5128,696,2024-03-08
18301,5128,827,2024-03-13
18302,5128,1247,2024-11-01
18303,5128,1341,2024-10-27
18304,5128,1416,2024-08-27
18305,5129,496,2024-09-14
18306,5129,504,2024-05-12
18307,5130,523,2024-09-25
18308,5130,752,2024-04-30
18309,5131,1165,2024-07-10
18310,5132,309,2024-05-29
18311,5132,319,2024-05-27
18312,5132,885,2024-06-06
18313,5132,1215,2024-08-16
18314,5132,1223,2024-07-21
18315,5132,1458,2024-08-27
18316,5133,486,2024-08-11
18317,5134,682,2024-02-29
18318,5134,1097,2024-06-09
18319,5134,1339,2023-10-28
18320,5135,635,2024-05-16
18321,5135,914,2024-10-12
18322,5135,1360,2023-12-13
18323,5136,150,2024-06-10
18324,5136,678,2024-10-12
18325,5136,1130,2024-12-29
18326,5137,230,2024-12-30
18327,5137,367,2024-09-12
18328,5137,541,2023-10-31
18329,5137,624,2025-01-08
18330,5137,734,2025-01-04
18331,5137,964,2025-01-05
18332,5138,122,2024-12-30
18333,5138,1378,2024-05-28
18334,5139,247,2024-08-14
18335,5139,383,2023-11-15
18336,5139,465,2023-12-02
18337,5139,1149,2024-12-26
18338,5140,178,2024-03-01
18339,5140,195,2024-09-02
18340,5140,793,2024-06-01
18341,5140,1095,2025-01-26
18342,5140,1402,2023-12-01
18343,5140,1407,2023-11-30
18344,5141,141,2023-11-02
18345,5141,258,2024-11-11
18346,5141,833,2024-02-07
18347,5141,964,2024-12-01
18348,5141,1076,2024-07-14
18349,5141,1284,2024-03-01
18350,5142,319,2024-11-30
18351,5142,511,2024-10-20
18352,5142,885,2025-02-08
18353,5142,977,2025-02-15
18354,5142,1147,2024-06-05
18355,5143,44,2023-12-11
18356,5143,58,2024-04-09
18357,5143,312,2024-05-07
18358,5143,624,2024-06-21
18359,5143,1232,2024-12-17
18360,5144,138,2024-04-20
18361,5144,365,2024-05-21
18362,5144,673,2024-05-28
18363,5144,762,2024-10-26
18364,5144,787,2024-04-03
18365,5144,1315,2023-10-20
18366,5144,1336,2024-09-18
18367,5145,527,2024-04-10
18368,5145,546,2023-11-28
18369,5145,655,2024-07-23
18370,5145,892,2024-10-26
18371,5145,1492,2024-07-04
18372,5146,70,2024-05-23
18373,5146,148,2025-02-14
18374,5146,321,2023-10-30
18375,5146,385,2024-10-05
18376,5146,979,2023-12-08
18377,5146,999,2024-05-03
18378,5146,1326,2024-06-27
18379,5147,502,2024-09-23
18380,5147,644,2024-03-17
18381,5148,286,2024-03-01
18382,5148,390,2024-08-03
18383,5148,541,2025-01-16
18384,5148,598,2024-10-24
18385,5148,1036,2024-10-03
18386,5148,1276,2024-01-20
18387,5149,248,2024-02-01
18388,5149,535,2024-03-13
18389,5149,734,2024-10-09
18390,5149,833,2024-02-03
18391,5149,923,2024-04-25
18392,5149,1366,2024-08-27
18393,5150,47,2025-01-16
18394,5150,1053,2024-09-11
18395,5150,1117,2024-05-29
18396,5150,1124,2024-08-09
18397,5150,1162,2024-07-10
18398,5150,1209,2024-04-04
18399,5151,307,2023-10-29
18400,5151,867,2025-01-14
18401,5151,1324,2025-02-05
18402,5152,351,2024-03-10
18403,5152,583,2024-04-02
18404,5152,874,2024-11-11
18405,5152,903,2025-01-27
18406,5152,977,2023-10-28
18407,5152,1061,2024-09-14
18408,5152,1336,2024-04-08
18409,5152,1345,2024-11-23
18410,5152,1359,2024-05-16
18411,5152,1368,2024-05-16
18412,5153,18,2024-12-31
18413,5153,299,2024-10-16
18414,5153,311,2024-08-10
18415,5153,414,2024-11-27
18416,5153,838,2025-02-16
18417,5153,966,2024-02-14
18418,5153,1001,2024-06-24
18419,5153,1434,2024-04-12
18420,5154,88,2024-03-27
18421,5154,589,2023-11-12
18422,5154,919,2023-12-28
18423,5154,1310,2024-12-15
18424,5154,1385,2024-10-18
18425,5155,172,2024-11-06
18426,5155,708,2025-01-23
18427,5156,107,2024-03-03
18428,5156,169,2025-01-23
18429,5156,407,2024-01-19
18430,5156,454,2024-11-30
18431,5156,521,2024-08-02
18432,5156,958,2024-05-29
18433,5157,660,2023-11-25
18434,5157,867,2024-06-17
18435,5157,1078,2024-12-18
18436,5157,1124,2024-10-13
18437,5157,1175,2024-07-20
18438,5157,1319,2024-08-15
18439,5158,385,2024-01-13
18440,5158,548,2025-01-22
18441,5158,600,2024-04-06
18442,5158,635,2024-12-03
18443,5158,845,2024-06-04
18444,5158,946,2023-12-22
18445,5158,1234,2024-03-21
18446,5159,11,2023-11-06
18447,5159,429,2024-12-25
18448,5159,556,2023-12-25
18449,5159,1034,2024-04-06
18450,5159,1069,2023-11-17
18451,5159,1220,2025-01-03
18452,5159,1314,2024-10-03
18453,5159,1461,2025-01-01
18454,5159,1465,2024-02-20
18455,5160,232,2024-07-21
18456,5160,273,2024-04-02
18457,5160,958,2025-01-08
18458,5160,968,2024-10-15
18459,5161,976,2024-06-27
18460,5161,1022,2024-05-26
18461,5162,41,2024-11-04
18462,5162,342,2024-01-16
18463,5163,10,2024-11-09
18464,5163,175,2024-04-29
18465,5163,186,2025-01-09
18466,5163,490,2024-12-18
18467,5163,652,2024-03-22
18468,5163,1461,2024-07-09
18469,5164,64,2024-11-27
18470,5164,614,2023-11-25
18471,5164,838,2024-09-06
18472,5164,1056,2024-05-17
18473,5164,1194,2024-11-12
18474,5165,96,2024-11-10
18475,5165,392,2024-02-24
18476,5165,701,2024-07-10
18477,5165,707,2024-09-15
18478,5165,838,2024-03-15
18479,5165,1033,2024-08-08
18480,5166,117,2024-02-22
18481,5166,344,2024-11-11
18482,5166,834,2024-11-06
18483,5166,872,2024-05-15
18484,5167,352,2025-01-02
18485,5167,386,2024-08-01
18486,5167,508,2025-01-06
18487,5167,666,2023-11-15
18488,5167,671,2024-09-27
18489,5167,1064,2024-05-04
18490,5167,1130,2024-01-28
18491,5167,1384,2024-04-02
18492,5168,897,2024-07-08
18493,5169,16,2024-04-16
18494,5169,267,2024-02-10
18495,5169,1015,2023-10-29
18496,5170,107,2024-10-22
18497,5170,233,2024-12-23
18498,5170,359,2023-12-02
18499,5170,499,2023-10-31
18500,5170,712,2024-11-17
18501,5170,741,2023-11-29
18502,5170,928,2024-12-28
18503,5170,1029,2024-11-14
18504,5170,1230,2023-12-31
18505,5170,1384,2024-05-31
18506,5171,905,2024-07-27
18507,5171,976,2024-08-10
18508,5171,1154,2024-04-30
18509,5171,1270,2024-08-22
18510,5171,1320,2024-04-07
18511,5172,767,2023-12-02
18512,5172,1096,2024-12-05
18513,5173,190,2024-08-27
18514,5173,825,2024-09-16
18515,5173,1380,2024-02-03
18516,5174,11,2023-10-20
18517,5174,397,2024-11-11
18518,5174,1419,2024-03-18
18519,5175,235,2024-09-13
18520,5175,537,2025-02-02
18521,5175,678,2024-07-03
18522,5175,801,2025-01-02
18523,5175,816,2024-04-25
18524,5175,896,2024-01-03
18525,5175,1150,2025-01-26
18526,5175,1261,2025-01-06
18527,5175,1311,2025-01-24
18528,5176,663,2024-10-16
18529,5176,690,2024-06-26
18530,5176,706,2024-06-11
18531,5176,963,2024-04-16
18532,5176,1162,2024-07-14
18533,5176,1336,2024-04-29
18534,5176,1355,2024-11-11
18535,5177,123,2024-06-19
18536,5177,452,2023-11-13
18537,5177,785,2025-01-18
18538,5177,798,2024-02-07
18539,5177,922,2024-05-05
18540,5177,1337,2024-04-04
18541,5177,1421,2024-05-19
18542,5178,534,2024-01-03
18543,5178,955,2023-11-15
18544,5178,1018,2025-02-15
18545,5178,1453,2024-01-27
18546,5178,1458,2024-11-05
18547,5179,443,2024-05-23
18548,5179,468,2024-02-07
18549,5179,563,2024-02-26
18550,5179,580,2024-03-23
18551,5179,602,2024-10-02
18552,5179,1114,2024-03-12
18553,5180,319,2024-02-05
18554,5180,1492,2024-09-05
18555,5181,246,2024-08-19
18556,5181,470,2024-02-29
18557,5181,689,2024-05-13
18558,5181,736,2024-07-06
18559,5181,799,2024-11-22
18560,5181,807,2024-08-21
18561,5181,1066,2024-04-30
18562,5181,1188,2024-11-05
18563,5182,240,2024-11-01
18564,5182,873,2024-10-21
18565,5182,1385,2024-02-22
18566,5182,1396,2024-02-16
18567,5183,84,2023-12-12
18568,5183,1200,2024-07-21
18569,5183,1394,2023-11-25
18570,5184,934,2024-09-29
18571,5184,1200,2024-01-05
18572,5184,1325,2024-01-28
18573,5184,1402,2024-02-10
18574,5184,1453,2024-04-26
18575,5185,38,2024-06-01
18576,5185,175,2024-10-01
18577,5185,527,2024-05-22
18578,5185,1119,2023-12-04
18579,5186,369,2024-06-20
18580,5186,376,2024-10-19
18581,5186,897,2024-12-24
18582,5186,933,2024-11-03
18583,5186,1063,2025-01-23
18584,5186,1145,2023-11-13
18585,5186,1397,2024-06-05
18586,5187,38,2025-01-13
18587,5187,175,2024-02-09
18588,5187,182,2024-12-22
18589,5187,943,2023-12-22
18590,5187,1130,2025-01-15
18591,5187,1159,2024-06-04
18592,5188,362,2024-03-22
18593,5188,657,2024-03-11
18594,5188,1041,2025-01-05
18595,5188,1085,2024-04-19
18596,5189,85,2024-06-12
18597,5189,466,2024-06-12
18598,5189,666,2025-01-15
18599,5189,1272,2024-05-26
18600,5189,1351,2024-01-16
18601,5190,187,2024-09-29
18602,5190,233,2024-05-18
18603,5191,293,2025-01-17
18604,5191,569,2023-12-28
18605,5191,845,2024-05-05
18606,5191,1069,2024-02-22
18607,5191,1153,2025-02-13
18608,5192,70,2024-05-07
18609,5192,556,2024-06-03
18610,5192,732,2024-07-21
18611,5192,865,2024-03-28
18612,5192,885,2024-10-10
18613,5192,1131,2023-11-10
18614,5193,12,2024-07-06
18615,5193,117,2024-08-29
18616,5193,357,2025-01-23
18617,5193,826,2025-01-27
18618,5194,3,2024-07-29
18619,5194,213,2025-01-30
18620,5194,761,2025-01-15
18621,5195,16,2024-08-24
18622,5195,93,2024-06-26
18623,5195,261,2024-12-09
18624,5195,771,2024-06-29
18625,5195,924,2024-03-03
18626,5195,1361,2024-11-24
18627,5196,227,2024-06-29
18628,5196,634,2024-11-18
18629,5196,865,2025-01-01
18630,5196,926,2024-04-28
18631,5196,928,2024-08-28
18632,5196,1424,2024-03-07
18633,5196,1432,2024-10-04
18634,5197,12,2024-03-14
18635,5197,82,2024-09-16
18636,5197,366,2024-02-19
18637,5197,374,2025-02-12
18638,5197,656,2024-03-14
18639,5197,753,2024-12-22
18640,5197,1379,2024-07-03
18641,5197,1447,2024-10-18
18642,5198,286,2024-04-08
18643,5198,392,2023-12-29
18644,5199,206,2024-08-15
18645,5199,232,2024-04-18
18646,5199,923,2024-12-27
18647,5199,1371,2024-01-25
18648,5199,1450,2024-06-04
18649,5200,19,2024-11-06
18650,5200,38,2024-06-11
18651,5200,149,2024-11-26
18652,5200,865,2024-02-26
18653,5200,1091,2025-01-11
18654,5201,754,2024-12-15
18655,5201,785,2025-01-07
18656,5201,993,2023-11-03
18657,5201,1278,2024-11-08
18658,5201,1397,2024-11-24
18659,5201,1428,2024-02-19
18660,5202,406,2024-06-19
18661,5202,589,2024-05-06
18662,5202,900,2024-06-14
18663,5202,1237,2024-05-21
18664,5202,1325,2024-07-31
18665,5203,142,2024-06-19
18666,5203,499,2024-03-12
18667,5203,617,2023-11-01
18668,5203,1271,2024-03-03
18669,5203,1374,2025-01-08
18670,5204,49,2024-01-04
18671,5204,349,2023-10-31
18672,5204,424,2025-01-05
18673,5204,845,2024-06-21
18674,5204,865,2024-05-22
18675,5204,1192,2024-06-15
18676,5205,175,2024-04-18
18677,5205,182,2023-11-30
18678,5205,783,2024-03-25
18679,5205,904,2024-08-20
18680,5205,963,2024-06-03
18681,5205,981,2024-04-16
18682,5205,1250,2024-01-30
18683,5206,149,2024-03-20
18684,5206,516,2023-12-04
18685,5206,865,2023-11-27
18686,5206,1278,2024-03-30
18687,5206,1383,2024-11-09
18688,5206,1426,2024-06-17
18689,5207,140,2024-11-15
18690,5208,186,2024-02-03
18691,5208,842,2024-09-17
18692,5208,914,2024-11-20
18693,5209,354,2024-02-03
18694,5209,362,2023-11-19
18695,5209,583,2024-09-02
18696,5210,345,2024-08-16
18697,5210,810,2023-11-18
18698,5210,1274,2024-11-26
18699,5211,105,2023-11-05
18700,5211,138,2024-09-13
18701,5211,234,2024-10-21
18702,5211,342,2023-11-12
18703,5211,874,2024-08-07
18704,5211,973,2024-12-28
18705,5211,1277,2024-03-10
18706,5212,97,2024-11-01
18707,5212,272,2023-11-06
18708,5212,928,2024-11-30
18709,5212,1044,2024-05-16
18710,5213,23,2024-04-27
18711,5213,25,2024-05-10
18712,5213,313,2024-04-19
18713,5213,426,2024-10-25
18714,5213,964,2024-07-05
18715,5213,1132,2024-01-04
18716,5214,148,2024-02-20
18717,5214,282,2024-11-04
18718,5214,395,2024-03-16
18719,5214,572,2024-10-23
18720,5214,749,2024-03-02
18721,5214,1150,2024-04-12
18722,5215,151,2024-02-22
18723,5215,807,2024-07-14
18724,5216,466,2024-12-02
18725,5216,491,2024-04-07
18726,5217,415,2024-09-19
18727,5217,778,2024-09-20
18728,5218,492,2024-05-23
18729,5218,1148,2024-04-24
18730,5218,1149,2024-02-22
18731,5218,1200,2024-04-12
18732,5218,1440,2024-01-20
18733,5219,391,2025-01-29
18734,5219,411,2024-01-30
18735,5219,741,2025-01-04
18736,5219,851,2024-09-30
18737,5219,885,2023-12-25
18738,5219,950,2025-02-13
18739,5219,1312,2024-05-17
18740,5219,1333,2024-05-27
18741,5220,978,2023-11-05
18742,5220,1086,2024-09-07
18743,5221,13,2024-10-03
18744,5221,117,2025-01-30
18745,5221,531,2025-01-30
18746,5221,757,2024-09-27
18747,5222,23,2024-11-13
18748,5222,197,2023-10-26
18749,5222,1115,2025-01-03
18750,5222,1450,2023-11-07
18751,5222,1498,2024-03-01
18752,5223,217,2024-06-14
18753,5223,724,2023-11-03
18754,5223,1037,2024-12-30
18755,5224,1000,2024-08-07
18756,5224,1122,2024-10-31
18757,5224,1247,2023-11-29
18758,5225,57,2023-11-24
18759,5225,81,2023-11-19
18760,5225,93,2024-10-30
18761,5225,308,2024-02-22
18762,5225,647,2024-12-10
18763,5225,869,2024-03-25
18764,5225,912,2024-08-14
18765,5226,791,2024-11-08
18766,5226,991,2024-09-24
18767,5226,1310,2024-04-22
18768,5227,372,2024-12-15
18769,5227,540,2024-05-22
18770,5227,825,2023-11-28
18771,5227,1257,2023-11-29
18772,5227,1430,2024-08-22
18773,5227,1465,2024-10-06
18774,5228,640,2024-11-14
18775,5228,641,2024-08-21
18776,5228,1247,2024-07-02
18777,5228,1283,2024-08-05
18778,5228,1344,2024-08-17
18779,5228,1439,2024-10-30
18780,5229,157,2024-05-11
18781,5229,923,2024-12-19
18782,5229,1062,2024-03-28
18783,5229,1188,2023-11-30
18784,5229,1267,2023-12-03
18785,5229,1446,2024-07-26
18786,5230,9,2023-12-11
18787,5230,175,2024-10-03
18788,5230,865,2025-01-16
18789,5230,1112,2024-03-30
18790,5231,28,2024-07-03
18791,5231,766,2024-02-07
18792,5231,838,2024-11-06
18793,5231,1369,2024-06-05
18794,5232,105,2024-11-26
18795,5232,479,2025-02-06
18796,5232,536,2024-03-09
18797,5232,719,2024-05-12
18798,5232,756,2024-05-25
18799,5232,1271,2023-11-28
18800,5233,504,2024-03-27
18801,5233,1307,2024-10-27
18802,5234,883,2024-03-24
18803,5234,1327,2024-06-16
18804,5235,40,2024-06-05
18805,5235,680,2024-05-24
18806,5235,741,2025-02-03
18807,5235,845,2023-12-06
18808,5236,281,2024-07-07
18809,5236,976,2024-09-13
18810,5236,1080,2024-11-14
18811,5236,1211,2024-09-15
18812,5236,1434,2024-05-16
18813,5237,128,2024-07-07
18814,5237,860,2024-06-25
18815,5238,175,2024-09-26
18816,5238,365,2023-10-20
18817,5238,437,2024-03-11
18818,5238,1065,2024-10-22
18819,5238,1145,2024-06-12
18820,5238,1317,2024-10-29
18821,5238,1360,2024-08-13
18822,5239,317,2024-05-17
18823,5239,1119,2024-05-11
18824,5239,1127,2024-09-27
18825,5239,1308,2024-09-17
18826,5240,164,2025-01-01
18827,5240,364,2024-11-23
18828,5240,1178,2024-12-19
18829,5240,1498,2024-05-03
18830,5241,149,2024-07-26
18831,5241,193,2025-01-15
18832,5241,655,2024-01-03
18833,5241,1247,2024-10-16
18834,5241,1333,2024-08-29
18835,5242,373,2023-10-28
18836,5242,653,2024-11-02
18837,5242,922,2024-04-27
18838,5242,984,2024-10-18
18839,5243,835,2023-12-27
18840,5243,1046,2024-04-25
18841,5243,1291,2024-05-13
18842,5243,1487,2024-04-12
18843,5244,531,2024-08-22
18844,5245,276,2024-08-15
18845,5245,509,2024-04-28
18846,5245,548,2023-10-28
18847,5245,829,2024-07-15
18848,5245,1247,2024-09-12
18849,5245,1400,2024-08-31
18850,5246,226,2023-11-23
18851,5246,275,2024-03-09
18852,5246,620,2024-10-21
18853,5246,892,2024-01-12
18854,5246,1492,2024-10-13
18855,5247,103,2024-02-16
18856,5247,159,2024-10-08
18857,5247,470,2024-02-15
18858,5247,742,2023-10-21
18859,5248,588,2024-10-27
18860,5248,643,2024-01-20
18861,5248,769,2024-08-09
18862,5248,801,2024-10-14
18863,5248,999,2024-01-23
18864,5249,340,2024-06-30
18865,5249,730,2024-05-23
18866,5249,1084,2025-01-27
18867,5250,361,2024-03-14
18868,5250,382,2024-12-30
18869,5250,686,2023-10-28
18870,5250,889,2024-03-29
18871,5250,964,2024-03-10
18872,5250,1250,2024-12-22
18873,5251,196,2024-06-22
18874,5251,370,2024-10-02
18875,5251,737,2024-02-20
18876,5251,1063,2024-09-03
18877,5252,148,2024-07-19
18878,5252,326,2024-05-23
18879,5252,520,2024-01-17
18880,5252,822,2025-01-30
18881,5252,1375,2024-01-07
18882,5253,432,2023-11-23
18883,5253,686,2024-02-26
18884,5253,807,2023-11-17
18885,5253,1016,2024-04-18
18886,5253,1250,2023-11-23
18887,5254,311,2024-02-07
18888,5254,443,2025-01-10
18889,5254,727,2023-12-04
18890,5254,796,2024-07-18
18891,5254,801,2024-05-05
18892,5254,847,2024-04-29
18893,5254,1044,2023-11-05
18894,5254,1435,2024-03-25
18895,5255,7,2024-06-24
18896,5255,487,2024-03-25
18897,5255,502,2024-06-06
18898,5256,97,2025-01-06
18899,5256,229,2024-02-21
18900,5256,250,2024-02-06
18901,5256,640,2024-07-28
18902,5256,651,2024-08-17
18903,5256,980,2024-12-22
18904,5257,238,2023-12-05
18905,5258,22,2024-02-26
18906,5258,31,2024-06-08
18907,5258,410,2024-10-29
18908,5258,480,2024-11-02
18909,5258,756,2024-07-02
18910,5259,114,2024-04-10
18911,5259,260,2024-01-13
18912,5259,452,2024-03-01
18913,5259,680,2024-06-09
18914,5259,1295,2024-03-21
18915,5260,275,2025-01-04
18916,5260,676,2024-03-22
18917,5261,2,2024-12-16
18918,5261,119,2023-12-24
18919,5261,186,2023-10-21
18920,5261,357,2024-01-24
18921,5261,506,2024-04-04
18922,5261,525,2024-08-25
18923,5261,1204,2024-03-02
18924,5261,1246,2024-03-12
18925,5261,1254,2023-12-11
18926,5261,1434,2023-10-28
18927,5262,146,2025-02-07
18928,5262,544,2025-01-21
18929,5262,1279,2024-11-05
18930,5262,1281,2025-01-09
18931,5262,1391,2024-09-28
18932,5263,795,2024-01-13
18933,5263,863,2025-01-31
18934,5263,865,2024-10-23
18935,5263,1022,2024-02-12
18936,5264,702,2024-11-23
18937,5264,703,2024-07-04
18938,5264,814,2024-06-22
18939,5264,830,2024-09-14
18940,5264,1112,2024-02-12
18941,5264,1360,2024-12-22
18942,5264,1376,2024-04-19
18943,5265,113,2023-12-01
18944,5265,246,2024-07-21
18945,5265,1078,2025-01-30
18946,5265,1474,2024-11-05
18947,5266,231,2024-10-03
18948,5266,314,2024-10-12
18949,5266,499,2024-11-09
18950,5266,632,2025-01-02
18951,5267,30,2024-05-15
18952,5267,334,2024-05-18
18953,5267,980,2024-03-26
18954,5267,1035,2025-02-04
18955,5267,1149,2025-01-05
18956,5267,1325,2025-01-04
18957,5267,1340,2024-06-30
18958,5268,336,2024-06-21
18959,5268,426,2024-03-22
18960,5268,448,2023-12-07
18961,5268,686,2024-02-01
18962,5268,931,2023-12-05
18963,5268,970,2024-02-01
18964,5269,151,2025-02-01
18965,5269,637,2024-04-24
18966,5269,1400,2023-11-28
18967,5269,1421,2024-07-04
18968,5270,12,2024-09-29
18969,5270,114,2024-01-24
18970,5270,302,2023-10-24
18971,5270,656,2023-12-31
18972,5270,1307,2024-04-18
18973,5271,112,2024-07-09
18974,5271,419,2024-04-28
18975,5271,867,2024-01-28
18976,5271,1476,2024-03-04
18977,5272,79,2025-01-23
18978,5272,402,2025-02-14
18979,5272,761,2024-05-21
18980,5272,845,2024-11-18
18981,5272,1007,2024-03-30
18982,5272,1149,2024-07-19
18983,5272,1227,2024-12-10
18984,5273,364,2023-11-29
18985,5273,672,2024-04-15
18986,5273,804,2024-02-04
18987,5273,1188,2024-09-02
18988,5274,14,2025-02-10
18989,5274,216,2024-07-15
18990,5274,275,2024-11-20
18991,5274,388,2024-07-21
18992,5274,410,2024-04-23
18993,5274,432,2024-09-10
18994,5274,477,2024-01-13
18995,5274,1101,2024-10-09
18996,5274,1380,2023-12-19
18997,5275,614,2024-06-26
18998,5275,778,2024-07-27
18999,5276,360,2024-08-23
19000,5276,375,2024-04-04
19001,5276,379,2024-04-12
19002,5276,617,2025-01-10
19003,5276,652,2024-09-02
19004,5276,740,2024-12-06
19005,5277,123,2024-09-01
19006,5277,466,2023-11-18
19007,5277,671,2024-12-07
19008,5277,732,2024-08-10
19009,5277,782,2024-07-13
19010,5277,1386,2024-03-23
19011,5278,95,2024-10-15
19012,5278,515,2025-01-15
19013,5278,616,2024-09-30
19014,5279,132,2024-11-29
19015,5279,734,2023-11-27
19016,5279,913,2025-01-31
19017,5279,923,2024-01-15
19018,5279,958,2024-07-29
19019,5279,1388,2024-04-29
19020,5280,208,2024-04-06
19021,5280,538,2024-04-21
19022,5280,651,2024-12-06
19023,5280,788,2024-07-11
19024,5280,1437,2024-12-22
19025,5281,53,2025-01-16
19026,5281,98,2025-01-05
19027,5281,646,2023-12-15
19028,5281,1256,2024-04-29
19029,5282,310,2024-06-11
19030,5282,809,2024-04-13
19031,5282,829,2024-11-11
19032,5282,978,2024-09-01
19033,5282,1215,2024-01-19
19034,5282,1330,2024-02-07
19035,5283,357,2024-07-21
19036,5283,485,2024-02-02
19037,5283,767,2025-02-13
19038,5283,868,2024-12-30
19039,5284,160,2023-12-08
19040,5284,1132,2024-08-15
19041,5285,169,2024-02-09
19042,5285,547,2024-03-27
19043,5285,637,2024-07-18
19044,5285,691,2024-11-13
19045,5285,813,2024-08-07
19046,5285,833,2023-12-05
19047,5286,307,2024-07-26
19048,5286,368,2025-01-18
19049,5286,521,2024-10-20
19050,5286,1078,2024-11-14
19051,5286,1359,2023-11-10
19052,5287,96,2024-10-28
19053,5287,270,2023-11-17
19054,5287,475,2024-01-28
19055,5287,701,2024-07-18
19056,5287,826,2023-11-22
19057,5287,1255,2024-12-12
19058,5287,1478,2024-02-29
19059,5288,70,2025-01-05
19060,5288,148,2024-05-04
19061,5288,392,2024-01-24
19062,5288,951,2024-02-29
19063,5288,999,2023-12-24
19064,5288,1438,2024-10-14
19065,5289,175,2024-08-25
19066,5289,388,2024-12-11
19067,5289,553,2024-01-16
19068,5289,1131,2024-03-27
19069,5289,1261,2025-01-30
19070,5289,1378,2024-01-08
19071,5290,305,2023-12-11
19072,5290,391,2024-10-06
19073,5290,981,2024-08-26
19074,5291,107,2025-01-10
19075,5291,426,2024-04-26
19076,5291,727,2024-08-09
19077,5291,829,2024-06-13
19078,5291,923,2024-11-04
19079,5291,963,2024-12-23
19080,5291,1207,2024-02-20
19081,5292,535,2024-11-13
19082,5292,633,2024-12-26
19083,5292,797,2023-11-15
19084,5292,1102,2024-12-23
19085,5292,1407,2024-08-15
19086,5292,1498,2024-10-30
19087,5293,992,2025-02-03
19088,5293,1192,2023-12-11
19089,5293,1381,2024-01-16
19090,5293,1424,2023-11-21
19091,5294,117,2024-07-09
19092,5294,202,2024-03-28
19093,5294,793,2024-01-07
19094,5294,1003,2024-06-17
19095,5295,702,2025-01-25
19096,5295,922,2024-01-26
19097,5295,1258,2024-03-19
19098,5295,1492,2023-12-05
19099,5296,841,2023-12-03
19100,5296,1254,2024-03-19
19101,5297,373,2024-10-24
19102,5297,664,2024-05-12
19103,5297,1484,2023-12-04
19104,5298,211,2024-01-28
19105,5298,515,2024-02-24
19106,5298,872,2023-12-01
19107,5298,1287,2024-04-07
19108,5298,1294,2025-01-13
19109,5298,1327,2024-09-12
19110,5298,1475,2024-04-19
19111,5299,336,2024-04-22
19112,5299,521,2024-01-28
19113,5299,1324,2024-12-27
19114,5299,1486,2023-11-16
19115,5300,250,2023-11-21
19116,5300,965,2024-04-01
19117,5300,1249,2024-02-11
19118,5301,812,2023-11-08
19119,5301,901,2024-01-25
19120,5301,1014,2023-11-19
19121,5301,1132,2024-12-06
19122,5301,1270,2024-03-25
19123,5302,109,2024-03-19
19124,5302,251,2023-10-25
19125,5302,385,2024-06-06
19126,5302,1019,2024-06-01
19127,5302,1295,2024-07-18
19128,5302,1377,2023-12-04
19129,5303,76,2024-09-27
19130,5303,113,2024-10-18
19131,5303,295,2023-12-10
19132,5303,472,2025-01-19
19133,5303,535,2023-11-13
19134,5303,706,2024-08-30
19135,5304,117,2025-01-16
19136,5304,571,2024-11-02
19137,5304,690,2024-05-15
19138,5304,697,2024-04-21
19139,5304,877,2024-08-29
19140,5304,919,2024-07-27
19141,5304,1349,2024-03-23
19142,5305,655,2024-09-23
19143,5305,1014,2024-11-16
19144,5305,1057,2024-03-28
19145,5306,331,2024-03-31
19146,5306,702,2024-06-09
19147,5306,950,2024-05-15
19148,5306,1258,2024-11-02
19149,5306,1428,2024-12-22
19150,5307,166,2024-10-16
19151,5307,276,2024-05-28
19152,5307,548,2024-02-18
19153,5307,1308,2024-11-06
19154,5308,499,2024-12-02
19155,5308,606,2024-03-24
19156,5308,756,2024-04-03
19157,5308,865,2025-01-15
19158,5308,1260,2024-03-23
19159,5308,1380,2023-12-20
19160,5309,25,2024-11-23
19161,5309,175,2024-07-31
19162,5309,186,2024-11-02
19163,5309,783,2024-01-22
19164,5309,830,2024-08-20
19165,5309,1143,2024-08-17
19166,5310,1,2023-12-09
19167,5310,122,2023-12-31
19168,5310,250,2024-05-15
19169,5310,274,2025-02-11
19170,5310,420,2024-08-29
19171,5310,441,2025-01-01
19172,5311,232,2025-01-25
19173,5311,308,2024-08-21
19174,5311,361,2024-03-04
19175,5311,746,2024-04-11
19176,5311,923,2024-01-06
19177,5311,949,2023-11-17
19178,5312,351,2024-05-20
19179,5312,1389,2024-03-25
19180,5312,1459,2024-10-04
19181,5313,40,2023-12-01
19182,5313,351,2025-02-09
19183,5313,766,2024-08-31
19184,5313,1429,2025-01-31
19185,5314,204,2024-10-29
19186,5314,603,2024-12-04
19187,5314,904,2023-12-11
19188,5315,796,2023-10-31
19189,5315,1139,2024-05-21
19190,5316,234,2023-12-12
19191,5316,511,2025-01-31
19192,5316,719,2024-10-09
19193,5316,969,2024-11-06
19194,5316,1076,2024-05-02
19195,5316,1413,2024-09-12
19196,5317,310,2024-05-01
19197,5317,363,2024-10-07
19198,5317,407,2024-08-30
19199,5317,833,2023-12-06
19200,5317,1252,2023-10-28
19201,5317,1498,2023-11-19
19202,5318,212,2025-01-20
19203,5318,523,2024-11-08
19204,5318,528,2025-01-16
19205,5318,960,2024-12-23
19206,5318,1178,2024-12-28
19207,5319,51,2024-10-13
19208,5319,383,2024-10-26
19209,5319,871,2024-07-15
19210,5319,1445,2024-09-09
19211,5320,149,2023-12-26
19212,5320,1112,2024-01-09
19213,5320,1164,2024-09-24
19214,5320,1389,2024-02-25
19215,5321,246,2023-12-27
19216,5321,517,2024-12-02
19217,5321,539,2024-11-01
19218,5321,618,2023-12-22
19219,5321,659,2024-05-14
19220,5321,734,2024-07-20
19221,5322,230,2023-12-31
19222,5322,526,2024-05-20
19223,5322,774,2024-12-15
19224,5322,1036,2024-07-03
19225,5322,1255,2025-02-04
19226,5323,11,2023-12-23
19227,5323,200,2024-01-05
19228,5323,961,2024-10-05
19229,5323,1312,2023-12-01
19230,5323,1381,2024-09-08
19231,5324,259,2024-12-08
19232,5324,677,2024-07-01
19233,5324,698,2024-04-19
19234,5324,1017,2025-02-06
19235,5325,38,2024-09-10
19236,5325,75,2024-05-12
19237,5325,175,2024-01-15
19238,5325,281,2024-09-16
19239,5325,1013,2024-11-23
19240,5326,297,2024-05-02
19241,5326,763,2024-12-20
19242,5326,1419,2024-08-31
19243,5327,94,2024-08-06
19244,5327,193,2024-11-21
19245,5327,522,2024-05-02
19246,5327,556,2024-01-02
19247,5327,1312,2023-11-04
19248,5328,81,2024-07-16
19249,5328,184,2024-01-27
19250,5328,1128,2024-09-07
19251,5328,1429,2024-03-06
19252,5329,1091,2024-06-30
19253,5330,169,2024-08-08
19254,5330,407,2024-12-02
19255,5330,514,2025-02-08
19256,5330,597,2024-10-16
19257,5330,734,2023-12-03
19258,5330,1086,2024-11-04
19259,5330,1498,2023-10-21
19260,5331,5,2023-10-25
19261,5331,23,2024-04-13
19262,5331,151,2024-08-06
19263,5331,717,2024-02-14
19264,5331,1498,2023-12-30
19265,5332,159,2024-09-22
19266,5332,746,2024-12-02
19267,5332,923,2024-09-08
19268,5332,963,2024-09-08
19269,5332,1037,2025-02-03
19270,5332,1237,2025-02-10
19271,5332,1476,2025-02-15
19272,5333,810,2024-09-08
19273,5333,1139,2024-04-17
19274,5333,1434,2024-06-28
19275,5334,291,2023-12-25
19276,5334,1233,2024-11-12
19277,5335,676,2023-12-26
19278,5335,1125,2024-07-28
19279,5336,311,2024-09-05
19280,5336,445,2024-06-09
19281,5336,847,2023-11-14
19282,5336,1154,2024-10-14
19283,5336,1248,2024-01-31
19284,5336,1322,2024-01-08
19285,5337,14,2024-01-02
19286,5337,215,2023-11-04
19287,5337,353,2023-11-12
19288,5337,948,2024-09-14
19289,5337,1074,2024-09-22
19290,5338,59,2024-06-13
19291,5338,522,2025-01-29
19292,5338,539,2024-12-25
19293,5338,1072,2024-03-04
19294,5338,1429,2024-08-01
19295,5339,54,2024-04-10
19296,5339,416,2024-08-30
19297,5339,1060,2024-06-28
19298,5339,1171,2024-10-30
19299,5339,1460,2023-12-24
19300,5340,473,2024-02-27
19301,5340,517,2024-12-05
19302,5340,746,2024-01-25
19303,5340,886,2024-07-30
19304,5340,1162,2024-06-13
19305,5340,1453,2025-02-11
19306,5341,288,2023-12-21
19307,5342,833,2024-01-02
19308,5342,932,2024-08-27
19309,5342,958,2024-04-16
19310,5342,1074,2023-12-04
19311,5343,277,2024-03-19
19312,5343,615,2024-04-08
19313,5343,881,2024-01-23
19314,5343,1351,2025-01-23
19315,5343,1357,2024-10-21
19316,5344,141,2024-12-08
19317,5344,171,2023-11-11
19318,5344,227,2024-04-06
19319,5344,494,2024-09-30
19320,5344,1192,2024-07-08
19321,5345,437,2025-01-14
19322,5345,566,2025-02-04
19323,5345,843,2024-12-04
19324,5345,853,2024-09-12
19325,5345,1068,2023-10-31
19326,5346,87,2024-10-15
19327,5346,163,2025-02-07
19328,5346,883,2024-01-03
19329,5347,70,2025-01-29
19330,5347,163,2024-09-07
19331,5347,557,2025-02-16
19332,5347,805,2024-07-10
19333,5347,945,2024-05-11
19334,5347,966,2023-10-28
19335,5348,312,2024-12-05
19336,5348,477,2024-05-01
19337,5348,922,2023-11-11
19338,5348,1161,2024-03-15
19339,5349,158,2024-07-28
19340,5349,170,2023-11-03
19341,5349,1150,2024-01-16
19342,5350,327,2024-11-28
19343,5350,433,2025-02-09
19344,5350,441,2024-12-18
19345,5350,621,2024-01-21
19346,5350,854,2024-03-02
19347,5350,1043,2023-10-26
19348,5350,1497,2024-05-21
19349,5351,28,2024-11-23
19350,5351,796,2024-04-20
19351,5351,826,2024-12-26
19352,5351,1217,2024-03-21
19353,5351,1234,2025-01-15
19354,5351,1393,2024-06-20
19355,5351,1442,2024-03-02
19356,5352,174,2024-06-06
19357,5352,436,2024-12-04
19358,5352,924,2024-05-11
19359,5352,1022,2024-10-08
19360,5352,1339,2024-08-25
19361,5352,1439,2024-04-11
19362,5353,675,2023-11-10
19363,5353,1361,2024-10-21
19364,5354,45,2024-08-11
19365,5354,117,2023-10-31
19366,5354,792,2024-02-28
19367,5354,1423,2025-01-07
19368,5355,69,2023-12-01
19369,5355,140,2024-09-08
19370,5355,549,2024-07-03
19371,5355,583,2024-10-27
19372,5356,263,2024-08-14
19373,5356,1138,2024-07-04
19374,5357,1175,2024-04-06
19375,5358,376,2024-05-30
19376,5358,474,2024-05-07
19377,5358,725,2024-10-06
19378,5358,832,2024-02-29
19379,5358,1278,2024-02-01
19380,5358,1351,2023-11-07
19381,5359,351,2023-12-07
19382,5359,701,2025-01-23
19383,5359,760,2024-05-06
19384,5359,826,2024-04-05
19385,5359,1478,2024-09-05
19386,5360,318,2024-12-23
19387,5360,599,2024-04-18
19388,5360,1249,2024-05-27
19389,5361,108,2024-12-05
19390,5361,603,2023-12-27
19391,5361,672,2024-02-09
19392,5361,804,2024-07-09
19393,5361,913,2024-08-01
19394,5361,923,2024-06-27
19395,5362,214,2024-07-17
19396,5362,1074,2024-07-06
19397,5363,486,2025-02-05
19398,5363,710,2024-07-07
19399,5363,788,2024-06-02
19400,5363,832,2024-10-26
19401,5363,846,2025-01-12
19402,5363,920,2024-05-02
19403,5363,1112,2024-04-14
19404,5363,1447,2024-05-24
19405,5363,1484,2024-10-10
19406,5364,272,2025-01-28
19407,5364,506,2024-08-29
19408,5364,877,2024-09-03
19409,5364,908,2024-12-17
19410,5364,1065,2024-02-18
19411,5364,1385,2023-11-26
19412,5365,1116,2024-02-02
19413,5366,1060,2024-05-06
19414,5366,1273,2024-09-21
19415,5367,239,2023-11-15
19416,5367,326,2024-05-20
19417,5367,396,2024-09-15
19418,5367,1142,2023-12-24
19419,5367,1374,2025-01-15
19420,5368,204,2025-02-05
19421,5368,479,2023-12-29
19422,5368,620,2024-12-24
19423,5368,693,2024-08-17
19424,5368,894,2023-10-31
19425,5368,1252,2025-01-14
19426,5369,198,2023-12-04
19427,5369,1310,2023-12-09
19428,5369,1377,2024-12-02
19429,5369,1407,2024-10-26
19430,5369,1436,2025-01-06
19431,5370,199,2024-01-27
19432,5370,378,2024-07-30
19433,5370,556,2024-05-02
19434,5371,147,2023-10-24
19435,5371,404,2025-02-03
19436,5371,720,2024-03-11
19437,5371,868,2024-06-22
19438,5371,1045,2024-12-18
19439,5372,1138,2024-08-16
19440,5372,1462,2024-03-09
19441,5373,1034,2024-09-24
19442,5373,1282,2024-11-08
19443,5373,1298,2024-06-04
19444,5374,9,2025-01-24
19445,5374,85,2025-01-13
19446,5374,250,2023-11-29
19447,5374,281,2024-11-08
19448,5374,573,2024-08-10
19449,5374,635,2024-08-30
19450,5375,23,2023-10-27
19451,5375,377,2024-02-06
19452,5375,530,2024-07-06
19453,5375,960,2023-10-28
19454,5375,1421,2024-02-03
19455,5375,1450,2024-04-05
19456,5376,834,2023-12-21
19457,5376,1432,2024-11-12
19458,5377,156,2024-10-23
19459,5377,419,2024-10-27
19460,5377,616,2024-02-28
19461,5377,807,2024-12-31
19462,5377,978,2024-07-12
19463,5378,156,2024-08-15
19464,5378,181,2024-12-01
19465,5378,255,2024-11-14
19466,5378,772,2024-04-02
19467,5378,983,2024-10-27
19468,5378,1078,2024-02-22
19469,5378,1376,2024-08-01
19470,5379,133,2024-01-14
19471,5379,544,2024-10-21
19472,5379,562,2024-08-06
19473,5379,598,2024-03-16
19474,5379,1475,2024-03-25
19475,5379,1483,2023-11-26
19476,5380,107,2024-08-16
19477,5380,528,2024-10-18
19478,5380,1082,2024-11-08
19479,5380,1088,2023-12-21
19480,5380,1300,2024-02-29
19481,5381,313,2024-06-11
19482,5381,807,2024-12-07
19483,5381,923,2024-08-03
19484,5381,1073,2024-10-28
19485,5381,1323,2023-11-13
19486,5382,109,2024-04-22
19487,5382,357,2024-02-16
19488,5382,588,2024-03-25
19489,5382,898,2024-06-01
19490,5382,1093,2023-12-24
19491,5383,119,2024-08-02
19492,5383,504,2024-02-19
19493,5383,656,2024-08-16
19494,5383,976,2024-04-20
19495,5384,16,2025-01-13
19496,5384,238,2023-12-06
19497,5384,512,2024-10-30
19498,5384,662,2024-05-16
19499,5384,1450,2024-06-18
19500,5384,1494,2024-02-07
19501,5385,196,2024-09-11
19502,5385,676,2023-11-17
19503,5385,971,2024-12-12
19504,5386,156,2024-08-03
19505,5386,248,2024-04-06
19506,5386,807,2024-10-27
19507,5386,1130,2024-02-10
19508,5387,203,2023-12-23
19509,5388,146,2024-09-20
19510,5388,720,2024-10-27
19511,5388,1256,2024-05-08
19512,5388,1403,2024-06-28
19513,5388,1404,2023-10-24
19514,5389,163,2024-12-06
19515,5389,908,2024-07-30
19516,5389,1044,2024-02-27
19517,5390,84,2025-01-04
19518,5390,319,2024-07-07
19519,5390,1060,2024-11-11
19520,5390,1068,2024-07-10
19521,5390,1100,2024-05-13
19522,5390,1203,2024-12-10
19523,5391,169,2024-09-04
19524,5391,255,2024-07-16
19525,5391,853,2024-11-06
19526,5391,920,2024-11-17
19527,5391,1215,2024-05-18
19528,5391,1251,2024-12-20
19529,5392,313,2024-12-02
19530,5392,381,2024-04-06
19531,5392,970,2024-05-01
19532,5392,1207,2024-10-06
19533,5392,1362,2024-09-22
19534,5393,178,2024-01-04
19535,5393,527,2024-08-18
19536,5393,1431,2025-01-18
19537,5393,1480,2024-01-13
19538,5393,1490,2024-04-25
19539,5394,893,2024-11-19
19540,5395,1058,2024-09-23
19541,5395,1336,2025-02-11
19542,5396,20,2024-09-23
19543,5396,23,2024-07-19
19544,5396,151,2024-09-23
19545,5396,244,2024-01-23
19546,5396,562,2025-01-08
19547,5396,889,2025-01-15
19548,5396,960,2024-01-09
19549,5397,365,2024-07-15
19550,5397,764,2025-01-25
19551,5397,775,2024-01-12
19552,5397,1159,2024-10-21
19553,5397,1351,2024-07-20
19554,5398,764,2025-01-23
19555,5398,1322,2023-10-20
19556,5398,1435,2024-11-12
19557,5399,34,2024-11-14
19558,5399,557,2023-12-15
19559,5399,1150,2024-07-15
19560,5399,1320,2024-02-08
19561,5399,1326,2024-01-06
19562,5400,95,2024-02-22
19563,5400,373,2024-04-28
19564,5400,675,2024-02-04
19565,5400,921,2023-11-10
19566,5400,1212,2024-05-30
19567,5400,1464,2025-01-21
19568,5400,1470,2024-07-07
19569,5401,81,2024-07-09
19570,5401,213,2024-04-12
19571,5401,396,2024-05-25
19572,5401,1004,2024-07-20
19573,5402,760,2024-10-26
19574,5402,1478,2024-03-20
19575,5403,362,2024-10-02
19576,5403,1107,2025-02-13
19577,5403,1312,2024-12-18
19578,5404,168,2024-05-23
19579,5404,202,2024-06-24
19580,5404,234,2025-01-26
19581,5404,807,2024-05-16
19582,5404,1077,2024-09-11
19583,5404,1207,2024-06-29
19584,5405,132,2024-07-03
19585,5405,357,2023-10-29
19586,5405,359,2024-08-27
19587,5405,647,2025-02-16
19588,5405,792,2024-05-11
19589,5405,1320,2024-03-10
19590,5406,242,2024-04-02
19591,5406,273,2024-12-03
19592,5406,294,2024-07-28
19593,5406,491,2024-02-09
19594,5406,744,2024-06-21
19595,5407,344,2024-03-05
19596,5407,807,2024-10-29
19597,5407,920,2024-03-11
19598,5407,1250,2024-08-09
19599,5407,1450,2024-04-03
19600,5408,202,2024-12-18
19601,5408,651,2024-08-09
19602,5408,814,2024-06-19
19603,5408,1048,2024-04-08
19604,5408,1183,2024-01-03
19605,5408,1271,2023-11-29
19606,5408,1365,2024-02-15
19607,5409,468,2024-04-19
19608,5409,514,2024-09-09
19609,5409,577,2024-01-30
19610,5409,644,2023-11-30
19611,5409,657,2025-02-11
19612,5409,676,2024-06-20
19613,5409,1012,2024-04-02
19614,5409,1439,2025-01-21
19615,5410,282,2024-04-13
19616,5410,329,2024-10-04
19617,5410,1472,2024-11-26
19618,5411,142,2024-10-17
19619,5411,631,2024-04-05
19620,5411,734,2024-08-22
19621,5411,807,2024-09-05
19622,5411,889,2024-01-09
19623,5411,1178,2025-02-03
19624,5411,1311,2024-07-03
19625,5412,951,2024-10-12
19626,5413,169,2024-09-02
19627,5413,197,2024-06-26
19628,5413,734,2024-03-08
19629,5413,1073,2024-07-21
19630,5413,1118,2024-10-16
19631,5413,1190,2024-06-10
19632,5413,1395,2024-03-09
19633,5414,13,2023-12-03
19634,5414,341,2024-10-05
19635,5414,999,2023-11-21
19636,5414,1140,2024-10-15
19637,5414,1248,2024-09-09
19638,5414,1345,2024-03-17
19639,5415,354,2024-07-15
19640,5415,529,2024-05-04
19641,5415,650,2024-10-04
19642,5415,720,2025-01-16
19643,5416,11,2025-02-06
19644,5416,174,2024-01-08
19645,5416,229,2024-05-26
19646,5416,441,2024-06-03
19647,5416,468,2024-04-02
19648,5416,479,2024-11-12
19649,5417,172,2023-12-20
19650,5417,412,2024-12-22
19651,5417,575,2024-11-06
19652,5417,785,2024-09-17
19653,5417,891,2023-12-19
19654,5417,1397,2024-11-27
19655,5417,1428,2024-08-30
19656,5418,19,2024-08-31
19657,5418,218,2024-06-28
19658,5419,415,2024-05-24
19659,5419,656,2024-02-28
19660,5419,1006,2024-04-08
19661,5419,1058,2024-02-11
19662,5420,1486,2024-03-05
19663,5421,570,2024-08-28
19664,5421,740,2024-05-15
19665,5421,903,2024-04-19
19666,5422,385,2024-11-26
19667,5422,796,2024-03-30
19668,5422,1006,2023-11-25
19669,5422,1234,2024-11-15
19670,5423,446,2024-04-20
19671,5423,533,2024-11-21
19672,5423,616,2024-09-12
19673,5423,1492,2024-05-30
19674,5424,79,2024-03-27
19675,5424,178,2025-01-16
19676,5424,437,2023-12-16
19677,5424,550,2024-08-28
19678,5424,1148,2024-05-13
19679,5424,1325,2024-06-01
19680,5425,651,2024-07-17
19681,5425,836,2024-08-21
19682,5425,1420,2024-05-25
19683,5426,405,2024-02-18
19684,5426,919,2025-02-09
19685,5426,1024,2024-10-23
19686,5426,1402,2023-10-24
19687,5427,328,2025-01-29
19688,5427,460,2024-12-07
19689,5427,864,2023-11-14
19690,5427,1175,2024-08-04
19691,5427,1242,2024-02-02
19692,5428,227,2024-04-16
19693,5428,308,2024-10-31
19694,5428,359,2024-07-04
19695,5428,379,2024-12-11
19696,5428,499,2024-01-22
19697,5428,843,2023-11-20
19698,5429,11,2024-12-20
19699,5429,418,2023-12-15
19700,5429,702,2024-05-09
19701,5429,821,2024-11-24
19702,5429,967,2024-01-26
19703,5429,1206,2024-12-21
19704,5430,135,2023-11-08
19705,5430,239,2023-12-02
19706,5430,346,2024-11-11
19707,5430,441,2024-10-31
19708,5430,576,2024-04-04
19709,5431,597,2024-08-09
19710,5432,286,2024-06-19
19711,5432,918,2024-09-17
19712,5432,1106,2024-09-11
19713,5432,1227,2024-01-07
19714,5432,1234,2024-01-16
19715,5432,1370,2025-02-03
19716,5432,1447,2024-03-11
19717,5433,701,2024-01-02
19718,5433,835,2023-12-23
19719,5433,857,2024-07-14
19720,5433,1087,2024-03-11
19721,5434,470,2024-11-11
19722,5434,483,2024-07-23
19723,5434,781,2024-11-28
19724,5434,829,2024-11-04
19725,5434,1006,2024-02-07
19726,5434,1115,2024-03-24
19727,5434,1242,2024-11-18
19728,5434,1297,2024-09-23
19729,5435,50,2024-08-22
19730,5435,1043,2024-01-13
19731,5436,251,2024-06-21
19732,5436,516,2024-05-02
19733,5436,927,2024-05-17
19734,5437,364,2024-07-29
19735,5437,598,2023-11-13
19736,5437,686,2024-08-05
19737,5437,1237,2024-09-05
19738,5437,1250,2024-07-12
19739,5437,1401,2024-11-15
19740,5438,885,2024-02-27
19741,5438,935,2024-05-30
19742,5438,1210,2024-09-19
19743,5439,218,2024-10-09
19744,5439,329,2023-11-14
19745,5439,368,2023-12-01
19746,5439,1096,2024-12-04
19747,5439,1118,2024-09-08
19748,5439,1498,2025-01-09
19749,5440,52,2024-07-05
19750,5440,688,2023-11-06
19751,5440,709,2024-03-08
19752,5440,1225,2023-10-24
19753,5440,1381,2024-11-29
19754,5441,346,2024-02-01
19755,5441,1319,2024-01-28
19756,5442,31,2025-01-27
19757,5442,702,2024-03-21
19758,5442,956,2024-07-29
19759,5442,975,2023-10-22
19760,5442,1087,2023-11-25
19761,5442,1291,2024-12-22
19762,5443,129,2024-12-30
19763,5443,967,2024-04-07
19764,5444,175,2025-01-07
19765,5444,286,2024-02-09
19766,5444,652,2024-05-31
19767,5444,927,2024-11-05
19768,5444,950,2024-02-20
19769,5444,999,2024-04-28
19770,5444,1292,2024-11-29
19771,5445,596,2025-01-13
19772,5445,796,2024-07-15
19773,5445,1038,2024-05-11
19774,5445,1407,2024-05-11
19775,5446,566,2024-11-05
19776,5446,590,2024-06-24
19777,5446,602,2023-12-12
19778,5446,886,2025-02-06
19779,5447,182,2024-04-14
19780,5447,800,2024-04-04
19781,5447,942,2024-03-01
19782,5447,1084,2024-03-07
19783,5448,85,2024-05-20
19784,5448,879,2025-01-12
19785,5448,1159,2023-10-28
19786,5448,1344,2024-04-13
19787,5449,1101,2024-02-22
19788,5450,109,2024-08-14
19789,5450,357,2024-01-06
19790,5450,549,2025-01-18
19791,5450,557,2024-05-08
19792,5450,583,2023-11-09
19793,5451,43,2024-08-29
19794,5451,336,2025-01-17
19795,5451,407,2024-05-30
19796,5451,736,2024-06-24
19797,5451,889,2024-12-31
19798,5451,1062,2024-03-04
19799,5452,646,2025-02-07
19800,5452,1112,2024-11-05
19801,5452,1337,2024-12-15
19802,5452,1428,2024-05-13
19803,5452,1461,2024-09-08
19804,5453,535,2024-10-12
19805,5453,585,2023-12-29
19806,5453,660,2024-06-29
19807,5453,923,2023-12-28
19808,5453,1330,2023-11-13
19809,5454,239,2024-09-06
19810,5454,311,2024-04-07
19811,5454,367,2024-11-06
19812,5454,1085,2024-02-02
19813,5454,1429,2024-05-09
19814,5455,420,2025-02-04
19815,5455,660,2024-10-10
19816,5456,543,2024-12-29
19817,5456,944,2024-11-29
19818,5457,38,2024-03-21
19819,5457,175,2024-09-03
19820,5457,288,2024-08-08
19821,5458,92,2023-11-21
19822,5458,95,2023-12-13
19823,5458,437,2024-08-21
19824,5458,605,2024-10-07
19825,5458,627,2024-01-06
19826,5458,756,2024-10-17
19827,5458,1034,2024-07-17
19828,5459,294,2024-12-13
19829,5459,408,2024-04-15
19830,5459,519,2024-05-16
19831,5459,796,2024-06-03
19832,5459,815,2024-11-01
19833,5460,43,2024-09-04
19834,5460,1262,2025-02-04
19835,5460,1336,2024-10-03
19836,5461,199,2024-01-06
19837,5462,846,2024-12-04
19838,5462,1375,2024-07-02
19839,5463,116,2024-04-23
19840,5463,662,2024-10-31
19841,5463,1004,2023-11-10
19842,5463,1131,2024-01-15
19843,5463,1351,2023-12-02
19844,5463,1437,2025-01-12
19845,5464,161,2025-01-13
19846,5464,475,2024-04-19
19847,5464,999,2024-04-01
19848,5464,1335,2024-10-23
19849,5464,1393,2025-01-15
19850,5465,620,2024-12-28
19851,5465,938,2024-11-24
19852,5465,941,2024-09-16
19853,5465,998,2024-12-22
19854,5465,1046,2024-09-20
19855,5466,315,2024-02-08
19856,5466,590,2024-07-31
19857,5466,1364,2024-02-22
19858,5466,1421,2025-01-02
19859,5467,168,2023-10-30
19860,5467,255,2024-09-28
19861,5467,725,2024-06-30
19862,5467,886,2024-06-08
19863,5468,158,2024-04-11
19864,5468,591,2025-01-09
19865,5468,975,2024-03-31
19866,5469,612,2024-07-27
19867,5469,775,2023-12-30
19868,5470,410,2023-12-04
19869,5470,538,2025-01-30
19870,5470,703,2024-01-09
19871,5470,785,2024-05-04
19872,5470,1159,2024-01-21
19873,5470,1487,2024-05-20
19874,5471,404,2024-03-01
19875,5471,1344,2024-02-08
19876,5472,1,2025-02-13
19877,5472,646,2024-08-25
19878,5473,530,2024-04-26
19879,5473,940,2024-05-10
19880,5473,960,2024-06-20
19881,5473,1215,2024-09-12
19882,5473,1421,2024-07-08
19883,5474,97,2024-03-04
19884,5474,437,2024-03-15
19885,5474,630,2024-11-06
19886,5475,115,2024-05-09
19887,5475,186,2023-10-21
19888,5475,400,2024-06-04
19889,5475,588,2024-08-02
19890,5475,936,2024-08-27
19891,5475,952,2024-11-20
19892,5475,959,2024-12-19
19893,5475,970,2023-10-31
19894,5475,999,2024-12-18
19895,5475,1008,2024-06-22
19896,5475,1326,2024-12-18
19897,5476,120,2024-04-12
19898,5476,525,2023-12-01
19899,5476,901,2024-09-25
19900,5476,976,2024-11-23
19901,5476,1093,2025-01-19
19902,5477,169,2024-08-03
19903,5477,336,2024-10-10
19904,5477,361,2024-08-06
19905,5477,480,2025-02-11
19906,5477,730,2023-12-10
19907,5477,867,2024-08-25
19908,5477,1249,2024-07-04
19909,5477,1345,2023-11-22
19910,5477,1401,2024-06-09
19911,5477,1494,2024-06-23
19912,5478,9,2024-04-28
19913,5478,739,2024-04-26
19914,5478,811,2023-11-24
19915,5478,1294,2024-01-06
19916,5479,213,2024-08-08
19917,5479,241,2024-09-30
19918,5480,596,2024-10-06
19919,5480,1095,2024-03-09
19920,5480,1349,2024-03-21
19921,5481,725,2023-12-08
19922,5481,748,2024-11-29
19923,5481,795,2024-03-25
19924,5481,916,2024-08-24
19925,5481,1258,2024-11-22
19926,5482,13,2024-01-12
19927,5482,757,2024-04-10
19928,5482,863,2024-02-02
19929,5482,1262,2024-09-28
19930,5483,63,2023-12-10
19931,5483,117,2024-05-26
19932,5483,132,2025-01-31
19933,5483,525,2024-03-09
19934,5483,680,2024-09-01
19935,5483,705,2024-07-23
19936,5483,732,2024-01-19
19937,5483,1427,2024-07-12
19938,5484,275,2024-11-11
19939,5484,449,2024-09-28
19940,5484,800,2024-11-12
19941,5484,1255,2024-02-22
19942,5484,1260,2024-07-10
19943,5484,1467,2024-11-22
19944,5485,192,2024-09-13
19945,5485,226,2024-04-09
19946,5485,945,2024-09-23
19947,5485,1484,2024-08-07
19948,5486,28,2024-06-19
19949,5486,1365,2024-03-07
19950,5487,70,2024-06-01
19951,5488,399,2024-06-03
19952,5488,510,2024-05-29
19953,5488,762,2024-04-16
19954,5489,243,2024-05-01
19955,5489,310,2024-11-22
19956,5489,548,2024-03-31
19957,5489,807,2024-08-13
19958,5489,1118,2025-01-21
19959,5489,1210,2023-11-07
19960,5490,307,2024-06-22
19961,5490,553,2023-10-29
19962,5490,884,2024-04-22
19963,5490,947,2024-04-03
19964,5490,964,2024-03-23
19965,5490,1329,2024-10-25
19966,5491,405,2024-08-28
19967,5491,857,2024-03-02
19968,5491,1144,2024-09-16
19969,5491,1304,2024-11-29
19970,5492,87,2024-10-16
19971,5492,839,2024-02-04
19972,5492,935,2024-09-10
19973,5492,1089,2024-12-20
19974,5493,255,2024-03-24
19975,5493,407,2024-02-10
19976,5493,547,2024-11-15
19977,5493,1498,2024-05-28
19978,5494,551,2024-07-20
19979,5494,936,2024-06-17
19980,5494,1190,2024-09-20
19981,5494,1361,2024-06-28
19982,5495,702,2023-12-11
19983,5495,814,2024-04-09
19984,5495,850,2025-01-02
19985,5495,990,2024-05-17
19986,5495,1063,2024-12-02
19987,5495,1305,2024-08-03
19988,5496,148,2024-01-17
19989,5496,908,2023-12-31
19990,5496,1393,2024-10-25
19991,5497,172,2023-10-21
19992,5497,414,2024-12-17
19993,5497,952,2024-08-13
19994,5497,1001,2024-03-04
19995,5497,1234,2024-11-16
19996,5498,1087,2024-08-28
19997,5498,1124,2025-01-01
19998,5498,1126,2025-01-21
19999,5499,233,2023-11-16
20000,5500,1135,2024-06-25
