ProgramId,Title,Description,Availability,Duration,EducationLevel,TargetLevel,Capacity,CreatedAt,ProgramPostStatus,MentorProfileId,DomainId,SubDomainId,mentor_total_programs
1809,DevOps & Cloud for Real Projects,This mentorship focuses on DevOps & Cloud with practical applications.,Available,,graduate,Mid,10,2025-08-01 00:00:00,0,215,1,5,4
2279,Introduction to Graphic Design,This mentorship focuses on Graphic Design with practical applications.,Available,,freshman,Mid,5,2025-07-08 00:00:00,0,337,3,16,2
2208,Machine Learning for Beginners,This mentorship focuses on Machine Learning with practical applications.,Available,,senior,Junior,7,2025-08-24 00:00:00,0,757,2,7,4
1940,Hands-on System Design Training,This mentorship focuses on System Design with practical applications.,Available,,freshman,Senior,9,2025-09-25 00:00:00,0,1348,1,6,2
934,Introduction to Computer Vision,This mentorship focuses on Computer Vision with practical applications.,Available,,senior,Beginner,9,2025-09-09 00:00:00,0,390,2,9,4
2443,Introduction to System Design,This mentorship focuses on System Design with practical applications.,Available,,sophomore,Junior,6,2025-09-28 00:00:00,0,153,1,6,3
2412,Hands-on Mobile Development Training,This mentorship focuses on Mobile Development with practical applications.,Available,,freshman,Senior,4,2025-08-27 00:00:00,0,342,1,4,5
1691,Hands-on Mobile Development Training,This mentorship focuses on Mobile Development with practical applications.,Available,,graduate,Mid,9,2025-04-26 00:00:00,0,199,1,4,5
2020,Mastering Full Stack Development,This mentorship focuses on Full Stack Development with practical applications.,Available,,freshman,Junior,8,2025-05-01 00:00:00,0,1029,1,3,3
164,Data Engineering for Beginners,This mentorship focuses on Data Engineering with practical applications.,Available,,freshman,Mid,3,2025-05-22 00:00:00,0,1028,2,13,4
1111,Introduction to Mobile Development,This mentorship focuses on Mobile Development with practical applications.,Available,,freshman,Senior,2,2025-08-27 00:00:00,0,250,1,4,4
2755,Hands-on Motion Design Training,This mentorship focuses on Motion Design with practical applications.,Available,,sophomore,Beginner,4,2025-09-11 00:00:00,0,1362,3,17,3
1279,Backend Development for Real Projects,This mentorship focuses on Backend Development with practical applications.,Available,,senior,Mid,6,2025-08-29 00:00:00,0,1147,1,1,3
1234,Backend Development for Real Projects,This mentorship focuses on Backend Development with practical applications.,Available,,graduate,Beginner,3,2025-09-17 00:00:00,0,1060,1,1,5
533,Introduction to Backend Development,This mentorship focuses on Backend Development with practical applications.,Available,,junior,Senior,8,2024-04-10 00:00:00,0,553,1,1,5
1211,Introduction to DevOps & Cloud,This mentorship focuses on DevOps & Cloud with practical applications.,Available,,junior,Mid,5,2024-07-12 00:00:00,0,969,1,5,1
2517,Backend Development for Real Projects,This mentorship focuses on Backend Development with practical applications.,Available,,junior,Senior,9,2025-02-07 00:00:00,0,739,1,1,3
1673,Mastering Data Analysis,This mentorship focuses on Data Analysis with practical applications.,Available,,junior,Beginner,5,2025-07-21 00:00:00,1,614,2,11,5
2614,Branding for Beginners,This mentorship focuses on Branding with practical applications.,Available,,senior,Junior,2,2024-09-29 00:00:00,0,1250,3,18,4
899,Mastering Frontend Development,This mentorship focuses on Frontend Development with practical applications.,Available,,freshman,Senior,3,2025-09-14 00:00:00,0,379,1,2,5
235,Hands-on Project Management Training,This mentorship focuses on Project Management with practical applications.,Available,,graduate,Mid,4,2024-05-31 00:00:00,0,82,4,21,5
268,Data Science for Real Projects,This mentorship focuses on Data Science with practical applications.,Available,,junior,Junior,4,2025-01-16 00:00:00,0,1434,2,12,4
2729,System Design for Beginners,This mentorship focuses on System Design with practical applications.,Available,,senior,Mid,2,2025-03-30 00:00:00,0,341,1,6,1
3151,System Design for Beginners,This mentorship focuses on System Design with practical applications.,Available,,junior,Mid,6,2025-03-01 00:00:00,0,1166,1,6,5
2974,Hands-on Product Design Training,This mentorship focuses on Product Design with practical applications.,Available,,senior,Beginner,5,2025-09-10 00:00:00,0,802,3,15,3
440,Mastering Mobile Development,This mentorship focuses on Mobile Development with practical applications.,Available,,senior,Mid,4,2024-06-10 00:00:00,0,912,1,4,3
308,Graphic Design for Real Projects,This mentorship focuses on Graphic Design with practical applications.,Available,,junior,Beginner,6,2025-10-02 00:00:00,1,637,3,16,4
2422,Introduction to Backend Development,This mentorship focuses on Backend Development with practical applications.,Available,,senior,Mid,4,2025-03-01 00:00:00,0,1017,1,1,4
1406,Mastering Deep Learning,This mentorship focuses on Deep Learning with practical applications.,Available,,graduate,Junior,5,2024-02-28 00:00:00,0,826,2,8,3
1260,Data Engineering for Real Projects,This mentorship focuses on Data Engineering with practical applications.,Available,,graduate,Senior,4,2025-04-12 00:00:00,0,951,2,13,5
2773,Introduction to Data Science,This mentorship focuses on Data Science with practical applications.,Available,,sophomore,Mid,8,2025-09-26 00:00:00,0,443,2,12,3
1497,Introduction to Data Analysis,This mentorship focuses on Data Analysis with practical applications.,Available,,sophomore,Mid,7,2025-05-06 00:00:00,0,1194,2,11,3
2826,Frontend Development for Real Projects,This mentorship focuses on Frontend Development with practical applications.,Available,,sophomore,Junior,5,2025-09-15 00:00:00,0,1047,1,2,4
1699,Mastering Full Stack Development,This mentorship focuses on Full Stack Development with practical applications.,Available,,graduate,Mid,10,2024-06-02 00:00:00,0,350,1,3,4
492,Backend Development for Beginners,This mentorship focuses on Backend Development with practical applications.,Available,,graduate,Junior,4,2025-07-15 00:00:00,0,825,1,1,3
2911,Hands-on Data Engineering Training,This mentorship focuses on Data Engineering with practical applications.,Available,,sophomore,Mid,4,2025-07-23 00:00:00,0,1072,2,13,4
2268,Hands-on Entrepreneurship Training,This mentorship focuses on Entrepreneurship with practical applications.,Available,,junior,Senior,7,2025-05-14 00:00:00,0,278,4,23,4
1230,Mastering DevOps & Cloud,This mentorship focuses on DevOps & Cloud with practical applications.,Available,,sophomore,Mid,9,2024-08-04 00:00:00,0,1060,1,5,5
1439,Introduction to Frontend Development,This mentorship focuses on Frontend Development with practical applications.,Available,,freshman,Senior,2,2024-02-26 00:00:00,0,719,1,2,5
260,Graphic Design for Beginners,This mentorship focuses on Graphic Design with practical applications.,Available,,senior,Junior,7,2025-06-18 00:00:00,0,833,3,16,3
1299,Career Coaching for Beginners,This mentorship focuses on Career Coaching with practical applications.,Available,,freshman,Senior,10,2025-06-25 00:00:00,0,1304,4,22,3
1510,Hands-on UI/UX Design Training,This mentorship focuses on UI/UX Design with practical applications.,Available,,freshman,Mid,3,2025-07-04 00:00:00,0,1162,3,14,4
1955,Mastering Natural Language Processing,This mentorship focuses on Natural Language Processing with practical applications.,Available,,sophomore,Mid,2,2025-10-13 00:00:00,0,287,2,10,5
530,Introduction to Motion Design,This mentorship focuses on Motion Design with practical applications.,Available,,sophomore,Beginner,10,2025-09-09 00:00:00,0,307,3,17,4
1788,Mastering UI/UX Design,This mentorship focuses on UI/UX Design with practical applications.,Available,,senior,Mid,9,2025-07-06 00:00:00,0,329,3,14,3
398,Mastering System Design,This mentorship focuses on System Design with practical applications.,Available,,junior,Mid,9,2025-04-07 00:00:00,0,843,1,6,5
426,Mastering Graphic Design,This mentorship focuses on Graphic Design with practical applications.,Available,,junior,Junior,4,2025-06-19 00:00:00,0,672,3,16,4
3082,Hands-on System Design Training,This mentorship focuses on System Design with practical applications.,Available,,graduate,Junior,9,2025-07-05 00:00:00,0,193,1,6,3
1085,Hands-on Data Analysis Training,This mentorship focuses on Data Analysis with practical applications.,Available,,senior,Beginner,3,2025-04-17 00:00:00,0,119,2,11,4
1587,Full Stack Development for Real Projects,This mentorship focuses on Full Stack Development with practical applications.,Available,,senior,Senior,6,2025-01-25 00:00:00,0,718,1,3,5
973,Full Stack Development for Beginners,This mentorship focuses on Full Stack Development with practical applications.,Available,,graduate,Beginner,6,2025-10-17 00:00:00,0,894,1,3,4
1273,Frontend Development for Beginners,This mentorship focuses on Frontend Development with practical applications.,Available,,sophomore,Junior,4,2024-09-29 00:00:00,0,1315,1,2,3
2842,Mastering DevOps & Cloud,This mentorship focuses on DevOps & Cloud with practical applications.,Available,,freshman,Junior,9,2025-01-10 00:00:00,0,331,1,5,5
199,Introduction to Computer Vision,This mentorship focuses on Computer Vision with practical applications.,Available,,junior,Mid,3,2025-10-04 00:00:00,0,1093,2,9,3
2964,Mastering Graphic Design,This mentorship focuses on Graphic Design with practical applications.,Available,,freshman,Mid,3,2024-06-09 00:00:00,0,143,3,16,4
1408,Introduction to Data Analysis,This mentorship focuses on Data Analysis with practical applications.,Available,,freshman,Beginner,5,2025-08-28 00:00:00,1,826,2,11,3
451,Introduction to UI/UX Design,This mentorship focuses on UI/UX Design with practical applications.,Available,,junior,Mid,7,2025-06-12 00:00:00,0,102,3,14,4
2312,Introduction to Machine Learning,This mentorship focuses on Machine Learning with practical applications.,Available,,graduate,Mid,2,2025-10-03 00:00:00,0,762,2,7,3
1372,Hands-on Career Coaching Training,This mentorship focuses on Career Coaching with practical applications.,Available,,freshman,Senior,10,2025-06-09 00:00:00,0,383,4,22,4
175,DevOps & Cloud for Real Projects,This mentorship focuses on DevOps & Cloud with practical applications.,Available,,sophomore,Junior,2,2025-07-28 00:00:00,1,610,1,5,2
782,Hands-on Frontend Development Training,This mentorship focuses on Frontend Development with practical applications.,Available,,freshman,Senior,3,2024-07-01 00:00:00,0,658,1,2,3
1028,Mobile Development for Beginners,This mentorship focuses on Mobile Development with practical applications.,Available,,sophomore,Senior,6,2025-08-24 00:00:00,0,524,1,4,5
2121,Mobile Development for Beginners,This mentorship focuses on Mobile Development with practical applications.,Available,,graduate,Beginner,10,2025-06-11 00:00:00,0,1021,1,4,4
1650,Introduction to Branding,This mentorship focuses on Branding with practical applications.,Available,,freshman,Senior,1,2025-02-27 00:00:00,0,864,3,18,1
2269,Career Coaching for Beginners,This mentorship focuses on Career Coaching with practical applications.,Available,,junior,Junior,3,2025-08-14 00:00:00,0,278,4,22,4
363,Full Stack Development for Beginners,This mentorship focuses on Full Stack Development with practical applications.,Available,,senior,Mid,5,2025-07-16 00:00:00,0,204,1,3,5
1538,Branding for Beginners,This mentorship focuses on Branding with practical applications.,Available,,junior,Beginner,6,2025-08-02 00:00:00,0,1251,3,18,4
1194,Hands-on Branding Training,This mentorship focuses on Branding with practical applications.,Available,,graduate,Senior,8,2025-01-11 00:00:00,0,517,3,18,4
743,System Design for Beginners,This mentorship focuses on System Design with practical applications.,Available,,junior,Mid,2,2024-09-24 00:00:00,0,1437,1,6,5
836,Introduction to Backend Development,This mentorship focuses on Backend Development with practical applications.,Available,,senior,Senior,7,2025-10-01 00:00:00,0,1430,1,1,3
1148,Introduction to Backend Development,This mentorship focuses on Backend Development with practical applications.,Available,,junior,Junior,1,2025-07-08 00:00:00,1,645,1,1,1
2322,Hands-on DevOps & Cloud Training,This mentorship focuses on DevOps & Cloud with practical applications.,Available,,sophomore,Senior,1,2024-12-09 00:00:00,0,1094,1,5,5
1708,Introduction to DevOps & Cloud,This mentorship focuses on DevOps & Cloud with practical applications.,Available,,freshman,Senior,5,2025-10-07 00:00:00,0,967,1,5,3
436,DevOps & Cloud for Beginners,This mentorship focuses on DevOps & Cloud with practical applications.,Available,,sophomore,Junior,6,2024-06-09 00:00:00,0,929,1,5,1
1405,Introduction to Data Analysis,This mentorship focuses on Data Analysis with practical applications.,Available,,freshman,Senior,1,2025-10-14 00:00:00,0,910,2,11,2
1952,Mastering Computer Vision,This mentorship focuses on Computer Vision with practical applications.,Available,,graduate,Senior,7,2025-07-07 00:00:00,0,287,2,9,5
1789,Career Coaching for Beginners,This mentorship focuses on Career Coaching with practical applications.,Available,,senior,Beginner,5,2025-03-03 00:00:00,0,1403,4,22,1
627,Mastering UI/UX Design,This mentorship focuses on UI/UX Design with practical applications.,Available,,graduate,Beginner,4,2025-08-26 00:00:00,0,58,3,14,5
2225,Mastering Backend Development,This mentorship focuses on Backend Development with practical applications.,Available,,sophomore,Beginner,4,2025-07-19 00:00:00,0,186,1,1,4
2111,DevOps & Cloud for Beginners,This mentorship focuses on DevOps & Cloud with practical applications.,Available,,freshman,Senior,6,2025-05-02 00:00:00,0,403,1,5,3
1193,Product Design for Beginners,This mentorship focuses on Product Design with practical applications.,Available,,graduate,Senior,2,2024-06-27 00:00:00,0,517,3,15,4
3037,System Design for Beginners,This mentorship focuses on System Design with practical applications.,Available,,senior,Beginner,9,2025-06-19 00:00:00,0,93,1,6,5
1728,Introduction to System Design,This mentorship focuses on System Design with practical applications.,Available,,sophomore,Mid,4,2025-05-12 00:00:00,0,852,1,6,2
1453,Frontend Development for Real Projects,This mentorship focuses on Frontend Development with practical applications.,Available,,senior,Junior,8,2024-12-29 00:00:00,0,933,1,2,3
126,Introduction to Backend Development,This mentorship focuses on Backend Development with practical applications.,Available,,junior,Senior,10,2025-10-16 00:00:00,0,14,1,1,3
850,Introduction to Mobile Development,This mentorship focuses on Mobile Development with practical applications.,Available,,graduate,Senior,10,2025-01-05 00:00:00,0,1288,1,4,5
2295,Product Management for Beginners,This mentorship focuses on Product Management with practical applications.,Available,,senior,Junior,4,2025-01-09 00:00:00,0,1325,4,19,4
730,Introduction to Backend Development,This mentorship focuses on Backend Development with practical applications.,Available,,freshman,Beginner,6,2024-03-31 00:00:00,1,441,1,1,2
374,Career Coaching for Beginners,This mentorship focuses on Career Coaching with practical applications.,Available,,junior,Beginner,10,2024-06-18 00:00:00,0,134,4,22,1
170,Product Management for Beginners,This mentorship focuses on Product Management with practical applications.,Available,,freshman,Beginner,4,2024-05-14 00:00:00,0,405,4,19,4
900,Mastering System Design,This mentorship focuses on System Design with practical applications.,Available,,graduate,Senior,3,2025-09-29 00:00:00,0,379,1,6,5
538,Introduction to Deep Learning,This mentorship focuses on Deep Learning with practical applications.,Available,,freshman,Senior,4,2025-08-11 00:00:00,0,914,2,8,1
611,Introduction to Product Design,This mentorship focuses on Product Design with practical applications.,Available,,junior,Beginner,6,2025-06-20 00:00:00,0,156,3,15,5
710,Introduction to UI/UX Design,This mentorship focuses on UI/UX Design with practical applications.,Available,,freshman,Junior,8,2025-07-10 00:00:00,1,151,3,14,3
2643,Frontend Development for Beginners,This mentorship focuses on Frontend Development with practical applications.,Available,,freshman,Beginner,3,2025-08-11 00:00:00,0,941,1,2,5
745,System Design for Real Projects,This mentorship focuses on System Design with practical applications.,Available,,graduate,Mid,5,2025-09-18 00:00:00,0,1437,1,6,5
3094,Hands-on Branding Training,This mentorship focuses on Branding with practical applications.,Available,,junior,Mid,2,2024-12-13 00:00:00,0,1316,3,18,4
1999,Mastering Data Science,This mentorship focuses on Data Science with practical applications.,Available,,sophomore,Mid,4,2025-09-21 00:00:00,0,296,2,12,3
168,Hands-on Entrepreneurship Training,This mentorship focuses on Entrepreneurship with practical applications.,Available,,freshman,Senior,8,2023-12-31 00:00:00,0,405,4,23,4
3190,System Design for Real Projects,This mentorship focuses on System Design with practical applications.,Available,,freshman,Junior,5,2025-06-25 00:00:00,0,830,1,6,2
2560,Data Analysis for Beginners,This mentorship focuses on Data Analysis with practical applications.,Available,,senior,Junior,3,2025-08-17 00:00:00,0,1221,2,11,3
397,Backend Development for Beginners,This mentorship focuses on Backend Development with practical applications.,Available,,sophomore,Mid,7,2025-01-04 00:00:00,0,843,1,1,5
2171,Introduction to Career Coaching,This mentorship focuses on Career Coaching with practical applications.,Available,,freshman,Beginner,8,2025-02-05 00:00:00,1,1095,4,22,4
2202,Mastering Career Coaching,This mentorship focuses on Career Coaching with practical applications.,Available,,freshman,Junior,7,2025-07-12 00:00:00,0,759,4,22,1
1259,Machine Learning for Beginners,This mentorship focuses on Machine Learning with practical applications.,Available,,junior,Senior,5,2025-03-07 00:00:00,0,951,2,7,5
2296,Entrepreneurship for Beginners,This mentorship focuses on Entrepreneurship with practical applications.,Available,,senior,Beginner,4,2025-05-01 00:00:00,0,1325,4,23,4
2954,Introduction to Mobile Development,This mentorship focuses on Mobile Development with practical applications.,Available,,freshman,Junior,8,2025-08-19 00:00:00,0,1190,1,4,4
670,Mastering Full Stack Development,This mentorship focuses on Full Stack Development with practical applications.,Available,,freshman,Senior,7,2025-10-09 00:00:00,0,174,1,3,4
1195,Hands-on Branding Training,This mentorship focuses on Branding with practical applications.,Available,,senior,Beginner,10,2025-07-22 00:00:00,0,517,3,18,4
2016,Computer Vision for Real Projects,This mentorship focuses on Computer Vision with practical applications.,Available,,freshman,Junior,5,2025-05-11 00:00:00,0,786,2,9,5
2076,Hands-on Product Design Training,This mentorship focuses on Product Design with practical applications.,Available,,graduate,Senior,5,2025-10-14 00:00:00,0,548,3,15,4
2556,Data Analysis for Real Projects,This mentorship focuses on Data Analysis with practical applications.,Available,,sophomore,Senior,6,2025-06-06 00:00:00,0,1153,2,11,4
3018,Frontend Development for Beginners,This mentorship focuses on Frontend Development with practical applications.,Available,,junior,Beginner,2,2025-07-17 00:00:00,0,105,1,2,3
152,Mastering Branding,This mentorship focuses on Branding with practical applications.,Available,,senior,Beginner,2,2025-09-05 00:00:00,0,1408,3,18,3
375,Introduction to Full Stack Development,This mentorship focuses on Full Stack Development with practical applications.,Available,,graduate,Junior,5,2025-08-16 00:00:00,0,1365,1,3,3
1096,Mastering System Design,This mentorship focuses on System Design with practical applications.,Available,,senior,Senior,10,2025-09-21 00:00:00,0,649,1,6,2
89,Full Stack Development for Real Projects,This mentorship focuses on Full Stack Development with practical applications.,Available,,sophomore,Junior,6,2025-05-19 00:00:00,0,489,1,3,2
1086,Hands-on Deep Learning Training,This mentorship focuses on Deep Learning with practical applications.,Available,,graduate,Junior,10,2025-05-07 00:00:00,0,119,2,8,4
1100,Mastering Full Stack Development,This mentorship focuses on Full Stack Development with practical applications.,Available,,senior,Junior,10,2025-10-11 00:00:00,0,994,1,3,3
86,Graphic Design for Real Projects,This mentorship focuses on Graphic Design with practical applications.,Available,,senior,Mid,7,2025-04-03 00:00:00,0,243,3,16,5
2743,DevOps & Cloud for Real Projects,This mentorship focuses on DevOps & Cloud with practical applications.,Available,,sophomore,Beginner,5,2025-10-05 00:00:00,0,217,1,5,3
3046,Frontend Development for Beginners,This mentorship focuses on Frontend Development with practical applications.,Available,,junior,Junior,5,2025-09-15 00:00:00,0,381,1,2,5
2819,Introduction to Full Stack Development,This mentorship focuses on Full Stack Development with practical applications.,Available,,junior,Senior,10,2024-05-21 00:00:00,0,490,1,3,5
1044,Deep Learning for Real Projects,This mentorship focuses on Deep Learning with practical applications.,Available,,graduate,Senior,8,2025-10-10 00:00:00,0,96,2,8,5
2584,Hands-on Product Management Training,This mentorship focuses on Product Management with practical applications.,Available,,senior,Senior,6,2025-07-10 00:00:00,0,1099,4,19,2
376,Hands-on Mobile Development Training,This mentorship focuses on Mobile Development with practical applications.,Available,,freshman,Mid,7,2025-09-04 00:00:00,0,1365,1,4,3
2839,Mastering Mobile Development,This mentorship focuses on Mobile Development with practical applications.,Available,,sophomore,Mid,8,2024-09-30 00:00:00,0,331,1,4,5
2391,Introduction to Backend Development,This mentorship focuses on Backend Development with practical applications.,Available,,senior,Beginner,8,2024-06-06 00:00:00,0,318,1,1,3
241,Backend Development for Real Projects,This mentorship focuses on Backend Development with practical applications.,Available,,junior,Mid,6,2025-06-05 00:00:00,0,883,1,1,4
2275,Mastering Motion Design,This mentorship focuses on Motion Design with practical applications.,Available,,graduate,Senior,1,2025-07-07 00:00:00,0,809,3,17,3
2071,Machine Learning for Real Projects,This mentorship focuses on Machine Learning with practical applications.,Available,,sophomore,Senior,8,2025-09-01 00:00:00,0,683,2,7,4
498,Introduction to Frontend Development,This mentorship focuses on Frontend Development with practical applications.,Available,,senior,Senior,2,2025-01-29 00:00:00,0,192,1,2,5
2486,Introduction to System Design,This mentorship focuses on System Design with practical applications.,Available,,sophomore,Beginner,2,2025-09-29 00:00:00,0,1247,1,6,3
1303,Mobile Development for Real Projects,This mentorship focuses on Mobile Development with practical applications.,Available,,senior,Beginner,4,2025-04-24 00:00:00,0,938,1,4,4
2488,Introduction to System Design,This mentorship focuses on System Design with practical applications.,Available,,freshman,Junior,5,2025-10-11 00:00:00,0,1247,1,6,3
808,DevOps & Cloud for Real Projects,This mentorship focuses on DevOps & Cloud with practical applications.,Available,,graduate,Senior,7,2024-09-07 00:00:00,0,236,1,5,3
3170,Introduction to Mobile Development,This mentorship focuses on Mobile Development with practical applications.,Available,,senior,Beginner,8,2025-02-15 00:00:00,0,81,1,4,5
1418,Backend Development for Beginners,This mentorship focuses on Backend Development with practical applications.,Available,,graduate,Junior,4,2025-10-14 00:00:00,0,1464,1,1,2
2976,Introduction to Data Engineering,This mentorship focuses on Data Engineering with practical applications.,Available,,graduate,Junior,5,2025-10-16 00:00:00,0,1427,2,13,4
2897,Hands-on Frontend Development Training,This mentorship focuses on Frontend Development with practical applications.,Available,,junior,Senior,8,2025-04-01 00:00:00,0,1220,1,2,1
521,Mastering Backend Development,This mentorship focuses on Backend Development with practical applications.,Available,,senior,Senior,5,2025-07-03 00:00:00,0,158,1,1,3
3131,Full Stack Development for Real Projects,This mentorship focuses on Full Stack Development with practical applications.,Available,,graduate,Junior,4,2025-05-20 00:00:00,0,1068,1,3,1
2999,Business Analysis for Beginners,This mentorship focuses on Business Analysis with practical applications.,Available,,senior,Senior,1,2025-10-04 00:00:00,0,1342,4,20,1
3031,Mastering DevOps & Cloud,This mentorship focuses on DevOps & Cloud with practical applications.,Available,,freshman,Mid,2,2025-09-19 00:00:00,0,863,1,5,4
681,Full Stack Development for Real Projects,This mentorship focuses on Full Stack Development with practical applications.,Available,,freshman,Junior,3,2025-05-12 00:00:00,0,1426,1,3,4
2043,Hands-on Computer Vision Training,This mentorship focuses on Computer Vision with practical applications.,Available,,junior,Mid,7,2025-10-16 00:00:00,0,600,2,9,4
2081,Mobile Development for Real Projects,This mentorship focuses on Mobile Development with practical applications.,Available,,graduate,Senior,10,2025-10-06 00:00:00,0,146,1,4,5
508,Full Stack Development for Real Projects,This mentorship focuses on Full Stack Development with practical applications.,Available,,graduate,Junior,2,2024-11-26 00:00:00,0,927,1,3,4
2251,Full Stack Development for Real Projects,This mentorship focuses on Full Stack Development with practical applications.,Available,,junior,Beginner,8,2025-02-21 00:00:00,0,785,1,3,4
2372,Hands-on Mobile Development Training,This mentorship focuses on Mobile Development with practical applications.,Available,,sophomore,Senior,9,2025-02-09 00:00:00,0,194,1,4,4
698,Hands-on Graphic Design Training,This mentorship focuses on Graphic Design with practical applications.,Available,,sophomore,Beginner,8,2025-04-14 00:00:00,0,407,3,16,5
1795,Hands-on UI/UX Design Training,This mentorship focuses on UI/UX Design with practical applications.,Available,,graduate,Beginner,6,2025-10-14 00:00:00,0,1215,3,14,4
1426,Hands-on Backend Development Training,This mentorship focuses on Backend Development with practical applications.,Available,,graduate,Mid,9,2025-09-14 00:00:00,0,564,1,1,4
3133,Introduction to UI/UX Design,This mentorship focuses on UI/UX Design with practical applications.,Available,,sophomore,Beginner,8,2025-01-09 00:00:00,0,76,3,14,3
1337,System Design for Real Projects,This mentorship focuses on System Design with practical applications.,Available,,sophomore,Junior,8,2025-07-16 00:00:00,0,716,1,6,5
519,Mobile Development for Beginners,This mentorship focuses on Mobile Development with practical applications.,Available,,graduate,Junior,8,2023-11-24 00:00:00,0,158,1,4,3
1131,Hands-on Deep Learning Training,This mentorship focuses on Deep Learning with practical applications.,Available,,freshman,Beginner,5,2025-06-15 00:00:00,0,668,2,8,2
395,Mastering Frontend Development,This mentorship focuses on Frontend Development with practical applications.,Available,,graduate,Mid,10,2025-03-31 00:00:00,0,1336,1,2,3
1375,Graphic Design for Beginners,This mentorship focuses on Graphic Design with practical applications.,Available,,sophomore,Beginner,6,2025-04-23 00:00:00,0,107,3,16,3
329,Introduction to Frontend Development,This mentorship focuses on Frontend Development with practical applications.,Available,,freshman,Mid,9,2025-10-05 00:00:00,0,451,1,2,5
2990,Mastering Data Science,This mentorship focuses on Data Science with practical applications.,Available,,senior,Junior,2,2025-08-11 00:00:00,0,1307,2,12,4
2217,Mastering Deep Learning,This mentorship focuses on Deep Learning with practical applications.,Available,,graduate,Senior,5,2025-08-25 00:00:00,0,542,2,8,2
1348,Hands-on Full Stack Development Training,This mentorship focuses on Full Stack Development with practical applications.,Available,,graduate,Senior,6,2025-09-27 00:00:00,0,1459,1,3,3
691,Mastering Frontend Development,This mentorship focuses on Frontend Development with practical applications.,Available,,senior,Junior,7,2025-01-06 00:00:00,0,670,1,2,4
1589,Full Stack Development for Real Projects,This mentorship focuses on Full Stack Development with practical applications.,Available,,graduate,Junior,8,2025-04-05 00:00:00,0,718,1,3,5
720,Mastering Natural Language Processing,This mentorship focuses on Natural Language Processing with practical applications.,Available,,junior,Beginner,9,2025-09-06 00:00:00,0,999,2,10,3
663,Mastering Motion Design,This mentorship focuses on Motion Design with practical applications.,Available,,graduate,Senior,10,2025-09-25 00:00:00,0,306,3,17,5
1529,Hands-on Entrepreneurship Training,This mentorship focuses on Entrepreneurship with practical applications.,Available,,graduate,Junior,1,2025-07-16 00:00:00,1,579,4,23,5
631,Introduction to Data Analysis,This mentorship focuses on Data Analysis with practical applications.,Available,,graduate,Senior,5,2025-06-02 00:00:00,0,374,2,11,4
2055,Mastering Natural Language Processing,This mentorship focuses on Natural Language Processing with practical applications.,Available,,sophomore,Mid,6,2025-05-21 00:00:00,0,1260,2,10,4
1566,Data Science for Real Projects,This mentorship focuses on Data Science with practical applications.,Available,,sophomore,Beginner,5,2025-10-04 00:00:00,1,117,2,12,3
546,Full Stack Development for Beginners,This mentorship focuses on Full Stack Development with practical applications.,Available,,senior,Senior,6,2025-09-03 00:00:00,0,244,1,3,3
99,Full Stack Development for Beginners,This mentorship focuses on Full Stack Development with practical applications.,Available,,sophomore,Mid,6,2025-10-14 00:00:00,0,239,1,3,3
2203,Introduction to DevOps & Cloud,This mentorship focuses on DevOps & Cloud with practical applications.,Available,,freshman,Mid,3,2024-10-01 00:00:00,0,474,1,5,2
2178,DevOps & Cloud for Real Projects,This mentorship focuses on DevOps & Cloud with practical applications.,Available,,freshman,Senior,4,2024-02-08 00:00:00,0,1333,1,5,4
114,Introduction to Product Management,This mentorship focuses on Product Management with practical applications.,Available,,freshman,Junior,4,2025-10-17 00:00:00,0,761,4,19,4
729,Introduction to System Design,This mentorship focuses on System Design with practical applications.,Available,,sophomore,Beginner,10,2025-06-11 00:00:00,0,895,1,6,1
275,Mastering Graphic Design,This mentorship focuses on Graphic Design with practical applications.,Available,,freshman,Junior,3,2024-12-15 00:00:00,0,108,3,16,3
452,Graphic Design for Beginners,This mentorship focuses on Graphic Design with practical applications.,Available,,junior,Mid,4,2025-07-22 00:00:00,0,913,3,16,3
1674,Introduction to Machine Learning,This mentorship focuses on Machine Learning with practical applications.,Available,,graduate,Beginner,3,2025-09-10 00:00:00,0,614,2,7,5
3089,Computer Vision for Real Projects,This mentorship focuses on Computer Vision with practical applications.,Available,,junior,Mid,8,2025-09-23 00:00:00,0,1393,2,9,2
2513,Mobile Development for Real Projects,This mentorship focuses on Mobile Development with practical applications.,Available,,freshman,Senior,8,2025-08-18 00:00:00,0,1318,1,4,1
2611,Mastering Product Design,This mentorship focuses on Product Design with practical applications.,Available,,sophomore,Senior,5,2025-07-14 00:00:00,0,212,3,15,3
1743,Mastering Backend Development,This mentorship focuses on Backend Development with practical applications.,Available,,junior,Mid,1,2025-08-04 00:00:00,0,101,1,1,3
3200,Product Design for Beginners,This mentorship focuses on Product Design with practical applications.,Available,,freshman,Junior,6,2025-09-07 00:00:00,0,1400,3,15,4
668,Mastering System Design,This mentorship focuses on System Design with practical applications.,Available,,freshman,Mid,10,2025-09-23 00:00:00,0,174,1,6,4
738,Hands-on Deep Learning Training,This mentorship focuses on Deep Learning with practical applications.,Available,,senior,Mid,2,2025-06-11 00:00:00,0,835,2,8,4
2458,Mastering Project Management,This mentorship focuses on Project Management with practical applications.,Available,,graduate,Mid,4,2025-05-21 00:00:00,0,596,4,21,3
195,Mastering Mobile Development,This mentorship focuses on Mobile Development with practical applications.,Available,,freshman,Junior,8,2024-10-01 00:00:00,0,1085,1,4,2
1786,UI/UX Design for Real Projects,This mentorship focuses on UI/UX Design with practical applications.,Available,,sophomore,Beginner,5,2024-09-29 00:00:00,0,329,3,14,3
2314,Natural Language Processing for Real Projects,This mentorship focuses on Natural Language Processing with practical applications.,Available,,graduate,Mid,9,2025-10-15 00:00:00,0,762,2,10,3
805,Entrepreneurship for Beginners,This mentorship focuses on Entrepreneurship with practical applications.,Available,,freshman,Senior,2,2025-04-16 00:00:00,0,1200,4,23,4
412,Hands-on Machine Learning Training,This mentorship focuses on Machine Learning with practical applications.,Available,,graduate,Mid,6,2025-04-21 00:00:00,0,435,2,7,4
2301,Introduction to Business Analysis,This mentorship focuses on Business Analysis with practical applications.,Available,,graduate,Junior,4,2025-10-04 00:00:00,0,1368,4,20,4
1710,Full Stack Development for Beginners,This mentorship focuses on Full Stack Development with practical applications.,Available,,junior,Beginner,6,2025-09-02 00:00:00,0,1203,1,3,3
1515,Full Stack Development for Beginners,This mentorship focuses on Full Stack Development with practical applications.,Available,,junior,Mid,2,2025-09-08 00:00:00,0,16,1,3,2
2732,Mastering System Design,This mentorship focuses on System Design with practical applications.,Available,,junior,Junior,6,2025-10-12 00:00:00,0,860,1,6,3
2865,Hands-on Frontend Development Training,This mentorship focuses on Frontend Development with practical applications.,Available,,graduate,Mid,6,2025-02-24 00:00:00,0,501,1,2,3
1087,Data Analysis for Beginners,This mentorship focuses on Data Analysis with practical applications.,Available,,senior,Mid,7,2025-05-12 00:00:00,0,119,2,11,4
2638,Mastering Graphic Design,This mentorship focuses on Graphic Design with practical applications.,Available,,senior,Senior,3,2024-09-22 00:00:00,0,368,3,16,2
2682,Full Stack Development for Real Projects,This mentorship focuses on Full Stack Development with practical applications.,Available,,graduate,Beginner,8,2025-10-06 00:00:00,0,617,1,3,5
37,Full Stack Development for Real Projects,This mentorship focuses on Full Stack Development with practical applications.,Available,,sophomore,Beginner,10,2024-09-09 00:00:00,0,479,1,3,3
826,Mastering Frontend Development,This mentorship focuses on Frontend Development with practical applications.,Available,,freshman,Junior,6,2024-09-09 00:00:00,0,1264,1,2,1
2571,Hands-on UI/UX Design Training,This mentorship focuses on UI/UX Design with practical applications.,Available,,graduate,Beginner,9,2025-09-14 00:00:00,0,642,3,14,2
820,Frontend Development for Real Projects,This mentorship focuses on Frontend Development with practical applications.,Available,,freshman,Junior,10,2024-10-02 00:00:00,0,591,1,2,1
2762,Data Engineering for Beginners,This mentorship focuses on Data Engineering with practical applications.,Available,,graduate,Mid,5,2025-09-16 00:00:00,0,132,2,13,2
2512,Backend Development for Real Projects,This mentorship focuses on Backend Development with practical applications.,Available,,graduate,Senior,1,2025-01-13 00:00:00,0,1343,1,1,1
1520,Data Engineering for Real Projects,This mentorship focuses on Data Engineering with practical applications.,Available,,graduate,Beginner,5,2025-08-02 00:00:00,0,815,2,13,4
1833,Backend Development for Beginners,This mentorship focuses on Backend Development with practical applications.,Available,,sophomore,Mid,8,2024-06-14 00:00:00,0,1465,1,1,3
1986,Introduction to Data Analysis,This mentorship focuses on Data Analysis with practical applications.,Available,,senior,Senior,8,2025-10-11 00:00:00,0,656,2,11,4
1721,Mastering Product Design,This mentorship focuses on Product Design with practical applications.,Available,,sophomore,Junior,7,2025-07-09 00:00:00,0,978,3,15,5
2597,Mastering DevOps & Cloud,This mentorship focuses on DevOps & Cloud with practical applications.,Available,,senior,Mid,5,2025-10-07 00:00:00,0,766,1,5,3
1440,System Design for Real Projects,This mentorship focuses on System Design with practical applications.,Available,,graduate,Beginner,6,2024-03-30 00:00:00,0,719,1,6,5
1158,Mastering Frontend Development,This mentorship focuses on Frontend Development with practical applications.,Available,,freshman,Junior,7,2024-02-05 00:00:00,0,203,1,2,5
121,Mastering Career Coaching,This mentorship focuses on Career Coaching with practical applications.,Available,,senior,Beginner,10,2025-10-03 00:00:00,0,207,4,22,5
599,Mastering Deep Learning,This mentorship focuses on Deep Learning with practical applications.,Available,,junior,Junior,9,2025-05-04 00:00:00,0,395,2,8,2
1401,Mastering Mobile Development,This mentorship focuses on Mobile Development with practical applications.,Available,,senior,Mid,5,2025-04-09 00:00:00,0,917,1,4,4
2634,Backend Development for Beginners,This mentorship focuses on Backend Development with practical applications.,Available,,graduate,Senior,3,2024-09-14 00:00:00,0,48,1,1,3
2613,Introduction to Motion Design,This mentorship focuses on Motion Design with practical applications.,Available,,senior,Senior,5,2024-07-09 00:00:00,0,1250,3,17,4
2002,Hands-on Data Analysis Training,This mentorship focuses on Data Analysis with practical applications.,Available,,sophomore,Senior,2,2025-10-10 00:00:00,0,773,2,11,2
470,Project Management for Real Projects,This mentorship focuses on Project Management with practical applications.,Available,,freshman,Junior,3,2025-02-25 00:00:00,0,27,4,21,4
2304,Mastering Entrepreneurship,This mentorship focuses on Entrepreneurship with practical applications.,Available,,sophomore,Beginner,5,2025-04-24 00:00:00,0,178,4,23,3
2750,Motion Design for Beginners,This mentorship focuses on Motion Design with practical applications.,Available,,graduate,Senior,3,2024-09-09 00:00:00,0,473,3,17,3
2606,Mastering Frontend Development,This mentorship focuses on Frontend Development with practical applications.,Available,,senior,Mid,10,2025-04-23 00:00:00,0,652,1,2,4
2079,Introduction to Mobile Development,This mentorship focuses on Mobile Development with practical applications.,Available,,graduate,Senior,7,2025-05-27 00:00:00,0,930,1,4,2
1467,Hands-on DevOps & Cloud Training,This mentorship focuses on DevOps & Cloud with practical applications.,Available,,junior,Beginner,5,2025-10-09 00:00:00,0,980,1,5,4
2510,Natural Language Processing for Beginners,This mentorship focuses on Natural Language Processing with practical applications.,Available,,senior,Senior,9,2025-08-04 00:00:00,0,1379,2,10,5
2800,Introduction to Full Stack Development,This mentorship focuses on Full Stack Development with practical applications.,Available,,freshman,Junior,4,2025-03-06 00:00:00,1,38,1,3,5
1380,Introduction to Product Design,This mentorship focuses on Product Design with practical applications.,Available,,freshman,Mid,2,2024-10-10 00:00:00,0,867,3,15,4
1891,Project Management for Beginners,This mentorship focuses on Project Management with practical applications.,Available,,graduate,Mid,6,2025-09-28 00:00:00,0,1376,4,21,3
1540,Hands-on DevOps & Cloud Training,This mentorship focuses on DevOps & Cloud with practical applications.,Available,,sophomore,Mid,2,2024-10-04 00:00:00,0,1142,1,5,2
1981,Mastering System Design,This mentorship focuses on System Design with practical applications.,Available,,freshman,Junior,6,2025-07-13 00:00:00,0,1012,1,6,4
1877,Mastering Computer Vision,This mentorship focuses on Computer Vision with practical applications.,Available,,junior,Mid,3,2024-09-22 00:00:00,0,957,2,9,3
2480,Backend Development for Real Projects,This mentorship focuses on Backend Development with practical applications.,Available,,freshman,Senior,5,2025-09-06 00:00:00,0,876,1,1,3
223,Computer Vision for Real Projects,This mentorship focuses on Computer Vision with practical applications.,Available,,freshman,Senior,8,2024-07-21 00:00:00,0,1275,2,9,2
1104,Data Analysis for Real Projects,This mentorship focuses on Data Analysis with practical applications.,Available,,sophomore,Mid,4,2025-10-16 00:00:00,0,805,2,11,4
1628,Frontend Development for Real Projects,This mentorship focuses on Frontend Development with practical applications.,Available,,graduate,Senior,9,2025-02-20 00:00:00,0,1181,1,2,2
3024,Hands-on Computer Vision Training,This mentorship focuses on Computer Vision with practical applications.,Available,,graduate,Mid,9,2025-06-19 00:00:00,0,1186,2,9,4
160,Mastering Data Science,This mentorship focuses on Data Science with practical applications.,Available,,graduate,Mid,9,2025-10-12 00:00:00,0,311,2,12,4
3029,DevOps & Cloud for Beginners,This mentorship focuses on DevOps & Cloud with practical applications.,Available,,sophomore,Beginner,8,2025-03-27 00:00:00,0,863,1,5,4
2787,Mastering System Design,This mentorship focuses on System Design with practical applications.,Available,,graduate,Senior,4,2025-03-19 00:00:00,0,1277,1,6,2
2500,Mastering Full Stack Development,This mentorship focuses on Full Stack Development with practical applications.,Available,,graduate,Mid,1,2025-10-10 00:00:00,0,1213,1,3,1
1500,Business Analysis for Real Projects,This mentorship focuses on Business Analysis with practical applications.,Available,,graduate,Junior,10,2025-04-24 00:00:00,0,377,4,20,2
950,Mastering Entrepreneurship,This mentorship focuses on Entrepreneurship with practical applications.,Available,,senior,Mid,9,2025-10-16 00:00:00,0,571,4,23,4
2639,Hands-on Graphic Design Training,This mentorship focuses on Graphic Design with practical applications.,Available,,sophomore,Senior,6,2024-12-17 00:00:00,0,368,3,16,2
2477,Hands-on UI/UX Design Training,This mentorship focuses on UI/UX Design with practical applications.,Available,,senior,Beginner,10,2025-01-19 00:00:00,0,1372,3,14,5
1925,Introduction to Mobile Development,This mentorship focuses on Mobile Development with practical applications.,Available,,graduate,Beginner,8,2025-10-08 00:00:00,0,515,1,4,4
2582,DevOps & Cloud for Beginners,This mentorship focuses on DevOps & Cloud with practical applications.,Available,,graduate,Mid,8,2025-08-21 00:00:00,0,892,1,5,4
784,Hands-on System Design Training,This mentorship focuses on System Design with practical applications.,Available,,senior,Beginner,2,2024-10-10 00:00:00,1,658,1,6,3
1843,System Design for Real Projects,This mentorship focuses on System Design with practical applications.,Available,,senior,Senior,2,2024-11-21 00:00:00,0,234,1,6,5
2386,Introduction to Product Management,This mentorship focuses on Product Management with practical applications.,Available,,junior,Junior,3,2025-06-21 00:00:00,0,1035,4,19,2
1784,System Design for Beginners,This mentorship focuses on System Design with practical applications.,Available,,freshman,Beginner,6,2025-04-18 00:00:00,1,1378,1,6,3
482,Machine Learning for Beginners,This mentorship focuses on Machine Learning with practical applications.,Available,,junior,Junior,6,2025-10-05 00:00:00,0,302,2,7,4
2244,Mastering System Design,This mentorship focuses on System Design with practical applications.,Available,,freshman,Beginner,5,2025-07-22 00:00:00,1,468,1,6,4
1164,Introduction to Mobile Development,This mentorship focuses on Mobile Development with practical applications.,Available,,junior,Senior,1,2025-06-30 00:00:00,0,1441,1,4,5
2579,Natural Language Processing for Real Projects,This mentorship focuses on Natural Language Processing with practical applications.,Available,,graduate,Senior,2,2025-07-15 00:00:00,0,481,2,10,2
1417,Introduction to DevOps & Cloud,This mentorship focuses on DevOps & Cloud with practical applications.,Available,,sophomore,Beginner,3,2025-09-20 00:00:00,1,916,1,5,3
1354,Frontend Development for Beginners,This mentorship focuses on Frontend Development with practical applications.,Available,,graduate,Mid,7,2025-10-12 00:00:00,0,73,1,2,3
957,Computer Vision for Real Projects,This mentorship focuses on Computer Vision with practical applications.,Available,,senior,Junior,10,2025-07-12 00:00:00,0,583,2,9,3
579,Frontend Development for Beginners,This mentorship focuses on Frontend Development with practical applications.,Available,,junior,Mid,3,2025-04-07 00:00:00,0,213,1,2,5
2068,Mastering Backend Development,This mentorship focuses on Backend Development with practical applications.,Available,,graduate,Senior,10,2024-06-18 00:00:00,0,1266,1,1,2
2256,Hands-on Product Design Training,This mentorship focuses on Product Design with practical applications.,Available,,sophomore,Beginner,7,2025-08-28 00:00:00,1,1078,3,15,3
1465,Introduction to DevOps & Cloud,This mentorship focuses on DevOps & Cloud with practical applications.,Available,,junior,Senior,3,2025-10-04 00:00:00,0,980,1,5,4
1737,System Design for Real Projects,This mentorship focuses on System Design with practical applications.,Available,,junior,Beginner,2,2025-09-18 00:00:00,0,1045,1,6,5
834,Mastering Frontend Development,This mentorship focuses on Frontend Development with practical applications.,Available,,freshman,Junior,10,2025-08-06 00:00:00,0,1430,1,2,3
1888,Mastering Backend Development,This mentorship focuses on Backend Development with practical applications.,Available,,junior,Senior,8,2025-09-24 00:00:00,0,467,1,1,5
3103,Product Management for Real Projects,This mentorship focuses on Product Management with practical applications.,Available,,graduate,Beginner,8,2025-06-23 00:00:00,0,72,4,19,4
556,Hands-on Backend Development Training,This mentorship focuses on Backend Development with practical applications.,Available,,senior,Senior,5,2025-06-03 00:00:00,0,1484,1,1,3
2718,Introduction to Graphic Design,This mentorship focuses on Graphic Design with practical applications.,Available,,junior,Junior,7,2025-10-05 00:00:00,0,1175,3,16,5
2963,Hands-on Motion Design Training,This mentorship focuses on Motion Design with practical applications.,Available,,senior,Senior,4,2024-05-15 00:00:00,0,143,3,17,4
1222,Mastering Machine Learning,This mentorship focuses on Machine Learning with practical applications.,Available,,freshman,Junior,2,2024-06-17 00:00:00,0,1019,2,7,3
1872,Career Coaching for Beginners,This mentorship focuses on Career Coaching with practical applications.,Available,,graduate,Mid,4,2025-03-21 00:00:00,0,873,4,22,4
2469,Backend Development for Real Projects,This mentorship focuses on Backend Development with practical applications.,Available,,senior,Junior,7,2024-12-31 00:00:00,0,1286,1,1,5
2592,System Design for Real Projects,This mentorship focuses on System Design with practical applications.,Available,,sophomore,Senior,8,2025-06-20 00:00:00,0,425,1,6,3
237,Mastering Project Management,This mentorship focuses on Project Management with practical applications.,Available,,senior,Senior,8,2024-12-06 00:00:00,0,82,4,21,5
1030,Full Stack Development for Real Projects,This mentorship focuses on Full Stack Development with practical applications.,Available,,senior,Mid,7,2025-01-26 00:00:00,0,258,1,3,3
505,Hands-on Data Analysis Training,This mentorship focuses on Data Analysis with practical applications.,Available,,graduate,Senior,6,2025-10-14 00:00:00,0,806,2,11,3
2464,UI/UX Design for Beginners,This mentorship focuses on UI/UX Design with practical applications.,Available,,freshman,Mid,7,2025-01-21 00:00:00,0,631,3,14,3
3013,UI/UX Design for Beginners,This mentorship focuses on UI/UX Design with practical applications.,Available,,junior,Senior,5,2025-03-13 00:00:00,0,1042,3,14,3
1485,Introduction to Mobile Development,This mentorship focuses on Mobile Development with practical applications.,Available,,junior,Beginner,9,2025-09-18 00:00:00,0,284,1,4,3
1027,Mastering DevOps & Cloud,This mentorship focuses on DevOps & Cloud with practical applications.,Available,,freshman,Mid,3,2025-08-22 00:00:00,0,524,1,5,5
863,Hands-on Mobile Development Training,This mentorship focuses on Mobile Development with practical applications.,Available,,senior,Beginner,6,2025-07-12 00:00:00,0,11,1,4,5
2519,Introduction to Backend Development,This mentorship focuses on Backend Development with practical applications.,Available,,junior,Beginner,2,2025-09-24 00:00:00,0,739,1,1,3
577,Introduction to Backend Development,This mentorship focuses on Backend Development with practical applications.,Available,,sophomore,Beginner,2,2025-02-23 00:00:00,0,213,1,1,5
1355,Backend Development for Beginners,This mentorship focuses on Backend Development with practical applications.,Available,,junior,Beginner,7,2025-10-16 00:00:00,0,73,1,1,3
2483,Graphic Design for Real Projects,This mentorship focuses on Graphic Design with practical applications.,Available,,junior,Senior,3,2025-03-12 00:00:00,0,50,3,16,3
309,Hands-on Motion Design Training,This mentorship focuses on Motion Design with practical applications.,Available,,junior,Beginner,8,2025-10-14 00:00:00,0,637,3,17,4
3012,Introduction to UI/UX Design,This mentorship focuses on UI/UX Design with practical applications.,Available,,sophomore,Mid,8,2024-12-29 00:00:00,0,1042,3,14,3
1760,Mastering Frontend Development,This mentorship focuses on Frontend Development with practical applications.,Available,,freshman,Beginner,2,2024-09-06 00:00:00,1,305,1,2,5
74,DevOps & Cloud for Beginners,This mentorship focuses on DevOps & Cloud with practical applications.,Available,,junior,Beginner,8,2025-09-10 00:00:00,0,210,1,5,2
2091,Introduction to Mobile Development,This mentorship focuses on Mobile Development with practical applications.,Available,,sophomore,Junior,7,2025-09-15 00:00:00,0,1271,1,4,3
2401,Introduction to Mobile Development,This mentorship focuses on Mobile Development with practical applications.,Available,,senior,Mid,9,2024-03-12 00:00:00,0,646,1,4,5
2484,UI/UX Design for Real Projects,This mentorship focuses on UI/UX Design with practical applications.,Available,,senior,Beginner,3,2025-05-03 00:00:00,0,50,3,14,3
1145,Introduction to Data Analysis,This mentorship focuses on Data Analysis with practical applications.,Available,,graduate,Beginner,7,2025-02-03 00:00:00,0,753,2,11,4
1224,Hands-on Backend Development Training,This mentorship focuses on Backend Development with practical applications.,Available,,junior,Junior,1,2025-07-01 00:00:00,0,308,1,1,2
1469,Introduction to Machine Learning,This mentorship focuses on Machine Learning with practical applications.,Available,,freshman,Beginner,17,2025-05-31 00:00:00,1,796,2,7,4
665,Hands-on Graphic Design Training,This mentorship focuses on Graphic Design with practical applications.,Available,,freshman,Mid,7,2025-09-08 00:00:00,0,124,3,16,3
2118,Introduction to DevOps & Cloud,This mentorship focuses on DevOps & Cloud with practical applications.,Available,,graduate,Senior,3,2024-12-24 00:00:00,0,1021,1,5,4
1638,UI/UX Design for Beginners,This mentorship focuses on UI/UX Design with practical applications.,Available,,junior,Senior,2,2025-06-26 00:00:00,0,1232,3,14,2
968,Hands-on Backend Development Training,This mentorship focuses on Backend Development with practical applications.,Available,,graduate,Junior,4,2025-04-28 00:00:00,0,175,1,1,5
1562,Mobile Development for Beginners,This mentorship focuses on Mobile Development with practical applications.,Available,,sophomore,Senior,8,2024-12-04 00:00:00,0,1258,1,4,3
226,Hands-on Branding Training,This mentorship focuses on Branding with practical applications.,Available,,freshman,Senior,10,2025-06-27 00:00:00,0,687,3,18,3
35,Introduction to Branding,This mentorship focuses on Branding with practical applications.,Available,,freshman,Beginner,6,2025-10-03 00:00:00,0,295,3,18,3
1555,Mastering Graphic Design,This mentorship focuses on Graphic Design with practical applications.,Available,,junior,Beginner,5,2025-06-25 00:00:00,0,1303,3,16,3
1933,Branding for Real Projects,This mentorship focuses on Branding with practical applications.,Available,,senior,Senior,10,2024-04-12 00:00:00,0,84,3,18,3
3045,Mastering Frontend Development,This mentorship focuses on Frontend Development with practical applications.,Available,,sophomore,Mid,4,2025-08-24 00:00:00,0,381,1,2,5
2680,DevOps & Cloud for Beginners,This mentorship focuses on DevOps & Cloud with practical applications.,Available,,sophomore,Senior,10,2025-10-12 00:00:00,0,781,1,5,3
997,Introduction to Backend Development,This mentorship focuses on Backend Development with practical applications.,Available,,junior,Senior,3,2025-02-04 00:00:00,0,1353,1,1,3
641,Introduction to Branding,This mentorship focuses on Branding with practical applications.,Available,,senior,Senior,3,2025-08-14 00:00:00,0,246,3,18,4
2788,Mastering System Design,This mentorship focuses on System Design with practical applications.,Available,,graduate,Beginner,3,2025-05-14 00:00:00,0,1277,1,6,2
2508,Introduction to Natural Language Processing,This mentorship focuses on Natural Language Processing with practical applications.,Available,,junior,Mid,5,2025-01-19 00:00:00,0,1379,2,10,5
597,Hands-on Machine Learning Training,This mentorship focuses on Machine Learning with practical applications.,Available,,sophomore,Senior,5,2024-11-22 00:00:00,0,675,2,7,4
203,Introduction to Career Coaching,This mentorship focuses on Career Coaching with practical applications.,Available,,junior,Mid,9,2025-09-15 00:00:00,0,1014,4,22,4
512,Product Management for Real Projects,This mentorship focuses on Product Management with practical applications.,Available,,senior,Senior,5,2024-11-06 00:00:00,0,1387,4,19,5
3112,Backend Development for Beginners,This mentorship focuses on Backend Development with practical applications.,Available,,senior,Senior,2,2024-12-25 00:00:00,0,1092,1,1,5
299,Mastering Frontend Development,This mentorship focuses on Frontend Development with practical applications.,Available,,junior,Beginner,8,2024-06-12 00:00:00,0,420,1,2,5
1627,Hands-on Motion Design Training,This mentorship focuses on Motion Design with practical applications.,Available,,junior,Junior,9,2025-07-12 00:00:00,0,888,3,17,4
3118,Introduction to Mobile Development,This mentorship focuses on Mobile Development with practical applications.,Available,,senior,Mid,8,2025-01-06 00:00:00,0,1397,1,4,3
933,Introduction to Computer Vision,This mentorship focuses on Computer Vision with practical applications.,Available,,sophomore,Beginner,8,2025-06-03 00:00:00,0,390,2,9,4
868,Machine Learning for Real Projects,This mentorship focuses on Machine Learning with practical applications.,Available,,junior,Mid,7,2024-09-04 00:00:00,0,995,2,7,1
2106,Data Engineering for Beginners,This mentorship focuses on Data Engineering with practical applications.,Available,,junior,Senior,4,2025-07-31 00:00:00,0,1377,2,13,4
2234,DevOps & Cloud for Real Projects,This mentorship focuses on DevOps & Cloud with practical applications.,Available,,graduate,Mid,4,2024-09-16 00:00:00,0,724,1,5,3
2282,Mastering Full Stack Development,This mentorship focuses on Full Stack Development with practical applications.,Available,,junior,Junior,4,2025-07-09 00:00:00,0,141,1,3,4
1895,Hands-on Full Stack Development Training,This mentorship focuses on Full Stack Development with practical applications.,Available,,freshman,Beginner,10,2025-04-30 00:00:00,0,698,1,3,5
2934,Introduction to Frontend Development,This mentorship focuses on Frontend Development with practical applications.,Available,,junior,Senior,4,2025-10-11 00:00:00,0,1449,1,2,4
6,Backend Development for Real Projects,This mentorship focuses on Backend Development with practical applications.,Available,,graduate,Senior,6,2025-06-23 00:00:00,0,671,1,1,5
1369,Business Analysis for Beginners,This mentorship focuses on Business Analysis with practical applications.,Available,,freshman,Junior,10,2025-08-19 00:00:00,0,1396,4,20,2
2552,Career Coaching for Real Projects,This mentorship focuses on Career Coaching with practical applications.,Available,,freshman,Senior,3,2025-05-21 00:00:00,0,497,4,22,2
2019,Full Stack Development for Beginners,This mentorship focuses on Full Stack Development with practical applications.,Available,,sophomore,Senior,3,2025-03-11 00:00:00,0,1029,1,3,3
573,Graphic Design for Real Projects,This mentorship focuses on Graphic Design with practical applications.,Available,,graduate,Beginner,10,2025-01-30 00:00:00,0,1124,3,16,3
645,Mastering Motion Design,This mentorship focuses on Motion Design with practical applications.,Available,,junior,Beginner,10,2025-03-12 00:00:00,0,807,3,17,5
2692,Business Analysis for Beginners,This mentorship focuses on Business Analysis with practical applications.,Available,,senior,Beginner,2,2025-06-24 00:00:00,1,589,4,20,4
1191,Backend Development for Beginners,This mentorship focuses on Backend Development with practical applications.,Available,,graduate,Junior,9,2025-10-13 00:00:00,0,122,1,1,3
193,Hands-on Career Coaching Training,This mentorship focuses on Career Coaching with practical applications.,Available,,sophomore,Senior,8,2024-09-13 00:00:00,0,1212,4,22,2
2495,System Design for Beginners,This mentorship focuses on System Design with practical applications.,Available,,freshman,Beginner,8,2024-06-17 00:00:00,0,491,1,6,5
1441,System Design for Beginners,This mentorship focuses on System Design with practical applications.,Available,,freshman,Beginner,2,2024-06-15 00:00:00,0,719,1,6,5
2022,Mobile Development for Beginners,This mentorship focuses on Mobile Development with practical applications.,Available,,junior,Beginner,9,2024-03-17 00:00:00,0,975,1,4,2
2009,Hands-on Backend Development Training,This mentorship focuses on Backend Development with practical applications.,Available,,senior,Junior,4,2025-10-11 00:00:00,0,673,1,1,4
1125,Mastering Data Analysis,This mentorship focuses on Data Analysis with practical applications.,Available,,graduate,Beginner,8,2025-10-09 00:00:00,0,1097,2,11,2
913,Hands-on Entrepreneurship Training,This mentorship focuses on Entrepreneurship with practical applications.,Available,,junior,Mid,5,2025-10-17 00:00:00,0,791,4,23,5
976,Hands-on Deep Learning Training,This mentorship focuses on Deep Learning with practical applications.,Available,,junior,Beginner,5,2025-06-11 00:00:00,0,109,2,8,4
2930,Mastering Product Design,This mentorship focuses on Product Design with practical applications.,Available,,senior,Mid,8,2025-01-07 00:00:00,0,689,3,15,4
1227,Hands-on Frontend Development Training,This mentorship focuses on Frontend Development with practical applications.,Available,,graduate,Junior,10,2025-02-06 00:00:00,0,1048,1,2,4
2435,UI/UX Design for Beginners,This mentorship focuses on UI/UX Design with practical applications.,Available,,sophomore,Beginner,5,2025-04-18 00:00:00,0,310,3,14,4
2813,Data Science for Beginners,This mentorship focuses on Data Science with practical applications.,Available,,senior,Beginner,7,2024-07-23 00:00:00,0,602,2,12,3
177,Introduction to Project Management,This mentorship focuses on Project Management with practical applications.,Available,,graduate,Mid,1,2025-08-13 00:00:00,0,402,4,21,4
1464,Project Management for Beginners,This mentorship focuses on Project Management with practical applications.,Available,,junior,Beginner,10,2025-10-17 00:00:00,0,190,4,21,4
1503,Full Stack Development for Beginners,This mentorship focuses on Full Stack Development with practical applications.,Available,,graduate,Junior,9,2025-04-06 00:00:00,0,1155,1,3,5
3172,Introduction to Mobile Development,This mentorship focuses on Mobile Development with practical applications.,Available,,sophomore,Mid,4,2025-06-28 00:00:00,0,81,1,4,5
2516,Branding for Beginners,This mentorship focuses on Branding with practical applications.,Available,,senior,Senior,5,2025-08-06 00:00:00,0,1198,3,18,3
1116,Hands-on UI/UX Design Training,This mentorship focuses on UI/UX Design with practical applications.,Available,,junior,Mid,3,2025-09-16 00:00:00,0,1137,3,14,4
1928,Frontend Development for Beginners,This mentorship focuses on Frontend Development with practical applications.,Available,,graduate,Senior,8,2025-09-21 00:00:00,0,639,1,2,1
2168,Mastering Data Analysis,This mentorship focuses on Data Analysis with practical applications.,Available,,sophomore,Beginner,5,2025-08-07 00:00:00,0,12,2,11,2
648,Business Analysis for Beginners,This mentorship focuses on Business Analysis with practical applications.,Available,,sophomore,Mid,8,2024-12-22 00:00:00,0,1177,4,20,2
1257,Introduction to Data Engineering,This mentorship focuses on Data Engineering with practical applications.,Available,,graduate,Mid,5,2024-08-03 00:00:00,0,951,2,13,5
2793,Product Design for Beginners,This mentorship focuses on Product Design with practical applications.,Available,,sophomore,Junior,6,2025-08-29 00:00:00,0,1494,3,15,4
2670,Introduction to Branding,This mentorship focuses on Branding with practical applications.,Available,,freshman,Mid,4,2025-06-13 00:00:00,0,1498,3,18,4
2437,Mastering UI/UX Design,This mentorship focuses on UI/UX Design with practical applications.,Available,,graduate,Senior,8,2025-09-22 00:00:00,0,310,3,14,4
3,Hands-on Graphic Design Training,This mentorship focuses on Graphic Design with practical applications.,Available,,senior,Mid,9,2025-10-10 00:00:00,0,530,3,16,3
103,Hands-on UI/UX Design Training,This mentorship focuses on UI/UX Design with practical applications.,Available,,graduate,Beginner,8,2025-09-07 00:00:00,0,23,3,14,3
1818,Graphic Design for Real Projects,This mentorship focuses on Graphic Design with practical applications.,Available,,freshman,Junior,3,2024-01-06 00:00:00,0,273,3,16,5
1249,Backend Development for Real Projects,This mentorship focuses on Backend Development with practical applications.,Available,,junior,Junior,6,2025-07-27 00:00:00,0,840,1,1,4
3043,Full Stack Development for Real Projects,This mentorship focuses on Full Stack Development with practical applications.,Available,,senior,Senior,5,2025-10-16 00:00:00,0,10,1,3,2
2501,Data Analysis for Real Projects,This mentorship focuses on Data Analysis with practical applications.,Available,,freshman,Beginner,8,2025-05-30 00:00:00,0,260,2,11,3
3077,Mastering Entrepreneurship,This mentorship focuses on Entrepreneurship with practical applications.,Available,,sophomore,Mid,8,2025-02-01 00:00:00,0,1310,4,23,3
2944,Hands-on DevOps & Cloud Training,This mentorship focuses on DevOps & Cloud with practical applications.,Available,,sophomore,Beginner,6,2025-04-24 00:00:00,0,1500,1,5,3
1801,Introduction to Mobile Development,This mentorship focuses on Mobile Development with practical applications.,Available,,graduate,Junior,9,2025-10-13 00:00:00,0,247,1,4,2
1902,Entrepreneurship for Beginners,This mentorship focuses on Entrepreneurship with practical applications.,Available,,junior,Mid,4,2025-07-05 00:00:00,0,570,4,23,5
3079,Hands-on Product Design Training,This mentorship focuses on Product Design with practical applications.,Available,,senior,Beginner,3,2025-09-18 00:00:00,0,216,3,15,1
1730,Mobile Development for Real Projects,This mentorship focuses on Mobile Development with practical applications.,Available,,sophomore,Mid,4,2025-05-17 00:00:00,0,9,1,4,4
2389,Introduction to DevOps & Cloud,This mentorship focuses on DevOps & Cloud with practical applications.,Available,,senior,Beginner,2,2024-01-24 00:00:00,0,318,1,5,3
2227,Computer Vision for Beginners,This mentorship focuses on Computer Vision with practical applications.,Available,,junior,Senior,10,2024-07-06 00:00:00,0,816,2,9,4
1176,Introduction to System Design,This mentorship focuses on System Design with practical applications.,Available,,graduate,Mid,6,2025-08-07 00:00:00,0,42,1,6,2
635,Branding for Beginners,This mentorship focuses on Branding with practical applications.,Available,,sophomore,Senior,10,2024-11-15 00:00:00,0,1395,3,18,4
2455,Introduction to UI/UX Design,This mentorship focuses on UI/UX Design with practical applications.,Available,,freshman,Senior,9,2025-03-07 00:00:00,0,804,3,14,3
2527,Introduction to Full Stack Development,This mentorship focuses on Full Stack Development with practical applications.,Available,,freshman,Mid,10,2025-07-05 00:00:00,0,536,1,3,4
341,Hands-on UI/UX Design Training,This mentorship focuses on UI/UX Design with practical applications.,Available,,senior,Junior,2,2024-09-16 00:00:00,0,1201,3,14,4
483,Data Analysis for Real Projects,This mentorship focuses on Data Analysis with practical applications.,Available,,junior,Mid,9,2025-10-11 00:00:00,0,302,2,11,4
517,Backend Development for Real Projects,This mentorship focuses on Backend Development with practical applications.,Available,,senior,Mid,10,2025-07-19 00:00:00,0,693,1,1,4
1208,Hands-on Branding Training,This mentorship focuses on Branding with practical applications.,Available,,sophomore,Junior,8,2024-11-09 00:00:00,0,746,3,18,3
991,Mastering Branding,This mentorship focuses on Branding with practical applications.,Available,,graduate,Junior,9,2025-09-26 00:00:00,0,808,3,18,2
2635,Mastering DevOps & Cloud,This mentorship focuses on DevOps & Cloud with practical applications.,Available,,graduate,Junior,9,2024-09-23 00:00:00,0,48,1,5,3
1493,Introduction to Business Analysis,This mentorship focuses on Business Analysis with practical applications.,Available,,junior,Mid,8,2025-08-12 00:00:00,0,877,4,20,3
2672,Graphic Design for Beginners,This mentorship focuses on Graphic Design with practical applications.,Available,,senior,Mid,8,2025-08-29 00:00:00,0,1498,3,16,4
1207,Mastering Career Coaching,This mentorship focuses on Career Coaching with practical applications.,Available,,freshman,Mid,2,2024-12-09 00:00:00,0,697,4,22,4
1377,Hands-on Graphic Design Training,This mentorship focuses on Graphic Design with practical applications.,Available,,sophomore,Beginner,8,2024-04-04 00:00:00,0,867,3,16,4
2267,Introduction to Career Coaching,This mentorship focuses on Career Coaching with practical applications.,Available,,graduate,Mid,3,2025-03-02 00:00:00,0,278,4,22,4
2978,Hands-on Data Analysis Training,This mentorship focuses on Data Analysis with practical applications.,Available,,graduate,Mid,5,2025-10-15 04:00:00,0,1427,2,11,4
1169,Machine Learning for Beginners,This mentorship focuses on Machine Learning with practical applications.,Available,,sophomore,Mid,8,2025-01-26 00:00:00,0,399,2,7,4
320,DevOps & Cloud for Real Projects,This mentorship focuses on DevOps & Cloud with practical applications.,Available,,graduate,Junior,7,2025-10-01 00:00:00,0,477,1,5,2
2467,Full Stack Development for Real Projects,This mentorship focuses on Full Stack Development with practical applications.,Available,,junior,Senior,1,2023-12-27 00:00:00,0,1286,1,3,5
3164,Introduction to Business Analysis,This mentorship focuses on Business Analysis with practical applications.,Available,,sophomore,Junior,3,2025-09-10 00:00:00,0,1211,4,20,2
84,Branding for Real Projects,This mentorship focuses on Branding with practical applications.,Available,,freshman,Beginner,4,2024-10-02 00:00:00,0,243,3,18,5
446,Hands-on Motion Design Training,This mentorship focuses on Motion Design with practical applications.,Available,,junior,Mid,7,2024-07-05 00:00:00,0,772,3,17,3
908,Backend Development for Real Projects,This mentorship focuses on Backend Development with practical applications.,Available,,freshman,Junior,5,2025-08-21 00:00:00,0,1399,1,1,1
2654,Introduction to DevOps & Cloud,This mentorship focuses on DevOps & Cloud with practical applications.,Available,,graduate,Junior,10,2025-09-17 00:00:00,0,138,1,5,5
1987,DevOps & Cloud for Beginners,This mentorship focuses on DevOps & Cloud with practical applications.,Available,,graduate,Senior,2,2025-08-18 00:00:00,0,900,1,5,2
145,Hands-on DevOps & Cloud Training,This mentorship focuses on DevOps & Cloud with practical applications.,Available,,sophomore,Senior,3,2025-03-22 00:00:00,0,911,1,5,4
1431,Mobile Development for Beginners,This mentorship focuses on Mobile Development with practical applications.,Available,,junior,Mid,6,2025-07-23 00:00:00,0,323,1,4,5
833,Branding for Beginners,This mentorship focuses on Branding with practical applications.,Available,,freshman,Senior,9,2025-09-07 00:00:00,0,1062,3,18,3
1977,Introduction to UI/UX Design,This mentorship focuses on UI/UX Design with practical applications.,Available,,junior,Senior,2,2025-04-06 00:00:00,0,313,3,14,3
2723,Mastering Motion Design,This mentorship focuses on Motion Design with practical applications.,Available,,sophomore,Beginner,10,2025-01-30 00:00:00,0,889,3,17,5
979,Backend Development for Real Projects,This mentorship focuses on Backend Development with practical applications.,Available,,freshman,Junior,9,2025-01-09 00:00:00,0,1130,1,1,4
2741,Hands-on Full Stack Development Training,This mentorship focuses on Full Stack Development with practical applications.,Available,,senior,Senior,2,2025-09-12 00:00:00,0,217,1,3,3
1656,Introduction to Data Engineering,This mentorship focuses on Data Engineering with practical applications.,Available,,graduate,Senior,10,2025-03-04 00:00:00,0,1479,2,13,2
1754,Mastering System Design,This mentorship focuses on System Design with practical applications.,Available,,senior,Mid,8,2025-08-21 00:00:00,0,512,1,6,5
1491,Hands-on UI/UX Design Training,This mentorship focuses on UI/UX Design with practical applications.,Available,,junior,Senior,3,2024-09-09 00:00:00,0,1079,3,14,2
574,Graphic Design for Beginners,This mentorship focuses on Graphic Design with practical applications.,Available,,graduate,Junior,2,2025-02-07 00:00:00,1,1124,3,16,3
1150,Hands-on Backend Development Training,This mentorship focuses on Backend Development with practical applications.,Available,,graduate,Senior,2,2024-11-10 00:00:00,0,1291,1,1,4
2381,Introduction to DevOps & Cloud,This mentorship focuses on DevOps & Cloud with practical applications.,Available,,senior,Junior,2,2025-09-30 00:00:00,0,1236,1,5,4
1893,Mastering Project Management,This mentorship focuses on Project Management with practical applications.,Available,,senior,Junior,2,2025-10-15 00:00:00,0,1376,4,21,3
1026,Mastering Full Stack Development,This mentorship focuses on Full Stack Development with practical applications.,Available,,graduate,Senior,2,2025-07-20 00:00:00,0,524,1,3,5
93,Introduction to Natural Language Processing,This mentorship focuses on Natural Language Processing with practical applications.,Available,,senior,Senior,9,2024-07-29 00:00:00,0,905,2,10,2
961,Backend Development for Beginners,This mentorship focuses on Backend Development with practical applications.,Available,,sophomore,Mid,8,2025-06-14 00:00:00,0,1483,1,1,5
905,Branding for Beginners,This mentorship focuses on Branding with practical applications.,Available,,junior,Mid,4,2025-08-07 00:00:00,0,1183,3,18,3
617,Motion Design for Real Projects,This mentorship focuses on Motion Design with practical applications.,Available,,graduate,Beginner,10,2025-09-13 00:00:00,0,598,3,17,1
1196,Mastering Entrepreneurship,This mentorship focuses on Entrepreneurship with practical applications.,Available,,sophomore,Senior,8,2025-05-04 00:00:00,0,1385,4,23,5
2539,Introduction to Deep Learning,This mentorship focuses on Deep Learning with practical applications.,Available,,senior,Junior,6,2024-04-24 00:00:00,0,120,2,8,3
1074,Mastering Mobile Development,This mentorship focuses on Mobile Development with practical applications.,Available,,senior,Senior,6,2025-06-29 00:00:00,0,1030,1,4,4
204,Mastering Mobile Development,This mentorship focuses on Mobile Development with practical applications.,Available,,freshman,Junior,4,2025-07-16 00:00:00,0,1163,1,4,3
2417,Hands-on Computer Vision Training,This mentorship focuses on Computer Vision with practical applications.,Available,,senior,Mid,3,2025-07-01 00:00:00,0,253,2,9,3
2528,Introduction to Mobile Development,This mentorship focuses on Mobile Development with practical applications.,Available,,graduate,Junior,7,2025-07-20 00:00:00,0,536,1,4,4
1632,System Design for Beginners,This mentorship focuses on System Design with practical applications.,Available,,sophomore,Mid,4,2025-05-07 00:00:00,0,97,1,6,5
537,Frontend Development for Real Projects,This mentorship focuses on Frontend Development with practical applications.,Available,,sophomore,Mid,9,2025-02-25 00:00:00,0,553,1,2,5
2248,Introduction to Business Analysis,This mentorship focuses on Business Analysis with practical applications.,Available,,senior,Mid,10,2025-10-08 00:00:00,0,271,4,20,4
1275,Backend Development for Real Projects,This mentorship focuses on Backend Development with practical applications.,Available,,graduate,Beginner,10,2025-09-18 00:00:00,0,1315,1,1,3
1109,Hands-on DevOps & Cloud Training,This mentorship focuses on DevOps & Cloud with practical applications.,Available,,sophomore,Beginner,7,2025-03-22 00:00:00,0,250,1,5,4
549,DevOps & Cloud for Beginners,This mentorship focuses on DevOps & Cloud with practical applications.,Available,,graduate,Beginner,3,2024-05-15 00:00:00,0,538,1,5,4
1088,Deep Learning for Real Projects,This mentorship focuses on Deep Learning with practical applications.,Available,,senior,Beginner,2,2025-10-02 00:00:00,1,119,2,8,4
428,Data Analysis for Beginners,This mentorship focuses on Data Analysis with practical applications.,Available,,graduate,Junior,2,2025-01-05 00:00:00,0,140,2,11,4
779,Branding for Real Projects,This mentorship focuses on Branding with practical applications.,Available,,sophomore,Beginner,8,2025-03-31 00:00:00,1,923,3,18,5
2355,Hands-on Product Management Training,This mentorship focuses on Product Management with practical applications.,Available,,senior,Senior,4,2025-09-13 00:00:00,0,334,4,19,5
1778,Introduction to Backend Development,This mentorship focuses on Backend Development with practical applications.,Available,,junior,Mid,3,2024-06-18 00:00:00,0,948,1,1,5
2660,Mastering Data Analysis,This mentorship focuses on Data Analysis with practical applications.,Available,,senior,Senior,3,2024-12-26 00:00:00,0,180,2,11,3
3090,Mobile Development for Real Projects,This mentorship focuses on Mobile Development with practical applications.,Available,,graduate,Mid,10,2025-09-04 00:00:00,0,842,1,4,1
2221,Hands-on System Design Training,This mentorship focuses on System Design with practical applications.,Available,,senior,Senior,4,2025-02-22 00:00:00,0,15,1,6,5
3132,Branding for Beginners,This mentorship focuses on Branding with practical applications.,Available,,freshman,Junior,3,2024-06-12 00:00:00,0,76,3,18,3
2303,Career Coaching for Real Projects,This mentorship focuses on Career Coaching with practical applications.,Available,,junior,Beginner,8,2024-09-01 00:00:00,0,178,4,22,3
697,Mastering Project Management,This mentorship focuses on Project Management with practical applications.,Available,,junior,Mid,9,2025-03-14 00:00:00,0,878,4,21,1
1293,Deep Learning for Beginners,This mentorship focuses on Deep Learning with practical applications.,Available,,junior,Mid,1,2025-06-19 00:00:00,0,1429,2,8,5
2782,DevOps & Cloud for Beginners,This mentorship focuses on DevOps & Cloud with practical applications.,Available,,sophomore,Junior,5,2025-06-03 00:00:00,0,424,1,5,3
1826,System Design for Real Projects,This mentorship focuses on System Design with practical applications.,Available,,freshman,Junior,2,2025-08-23 00:00:00,1,556,1,6,5
457,UI/UX Design for Beginners,This mentorship focuses on UI/UX Design with practical applications.,Available,,junior,Mid,4,2024-05-09 00:00:00,0,667,3,14,1
189,System Design for Real Projects,This mentorship focuses on System Design with practical applications.,Available,,freshman,Mid,4,2025-09-15 00:00:00,0,116,1,6,5
2815,Backend Development for Beginners,This mentorship focuses on Backend Development with practical applications.,Available,,senior,Senior,3,2024-02-10 00:00:00,0,281,1,1,4
1644,DevOps & Cloud for Real Projects,This mentorship focuses on DevOps & Cloud with practical applications.,Available,,freshman,Beginner,7,2024-09-04 00:00:00,0,1263,1,5,3
2252,Hands-on Frontend Development Training,This mentorship focuses on Frontend Development with practical applications.,Available,,senior,Junior,6,2025-09-01 00:00:00,0,785,1,2,4
2823,Introduction to DevOps & Cloud,This mentorship focuses on DevOps & Cloud with practical applications.,Available,,sophomore,Junior,9,2025-05-01 00:00:00,0,490,1,5,5
2712,Backend Development for Beginners,This mentorship focuses on Backend Development with practical applications.,Available,,junior,Mid,8,2024-01-08 00:00:00,0,834,1,1,4
2918,Graphic Design for Real Projects,This mentorship focuses on Graphic Design with practical applications.,Available,,senior,Mid,4,2025-06-17 00:00:00,0,1180,3,16,1
3064,Data Engineering for Beginners,This mentorship focuses on Data Engineering with practical applications.,Available,,sophomore,Beginner,10,2025-08-29 00:00:00,0,34,2,13,5
1875,Hands-on Computer Vision Training,This mentorship focuses on Computer Vision with practical applications.,Available,,sophomore,Mid,10,2024-05-10 00:00:00,0,957,2,9,3
186,Career Coaching for Real Projects,This mentorship focuses on Career Coaching with practical applications.,Available,,graduate,Senior,1,2025-03-09 00:00:00,0,986,4,22,3
1358,Introduction to Data Science,This mentorship focuses on Data Science with practical applications.,Available,,graduate,Senior,4,2025-02-28 00:00:00,0,714,2,12,2
736,Project Management for Real Projects,This mentorship focuses on Project Management with practical applications.,Available,,graduate,Senior,1,2025-09-20 00:00:00,0,1040,4,21,3
2185,Mobile Development for Real Projects,This mentorship focuses on Mobile Development with practical applications.,Available,,sophomore,Beginner,4,2025-10-10 00:00:00,0,251,1,4,4
461,Mastering System Design,This mentorship focuses on System Design with practical applications.,Available,,junior,Beginner,9,2025-07-13 00:00:00,0,1351,1,6,3
2886,System Design for Real Projects,This mentorship focuses on System Design with practical applications.,Available,,freshman,Junior,8,2025-02-03 00:00:00,0,1461,1,6,5
1552,Hands-on Entrepreneurship Training,This mentorship focuses on Entrepreneurship with practical applications.,Available,,freshman,Mid,5,2025-03-13 00:00:00,0,493,4,23,3
2784,System Design for Beginners,This mentorship focuses on System Design with practical applications.,Available,,freshman,Junior,9,2025-08-21 00:00:00,0,424,1,6,3
646,Mastering Product Design,This mentorship focuses on Product Design with practical applications.,Available,,sophomore,Beginner,6,2025-03-22 00:00:00,0,807,3,15,5
2219,System Design for Beginners,This mentorship focuses on System Design with practical applications.,Available,,senior,Mid,5,2024-03-28 00:00:00,0,15,1,6,5
1889,Mobile Development for Real Projects,This mentorship focuses on Mobile Development with practical applications.,Available,,graduate,Mid,4,2025-10-04 00:00:00,0,467,1,4,5
2200,Backend Development for Real Projects,This mentorship focuses on Backend Development with practical applications.,Available,,freshman,Mid,10,2025-01-14 00:00:00,0,704,1,1,3
2841,Mastering Backend Development,This mentorship focuses on Backend Development with practical applications.,Available,,sophomore,Senior,4,2025-01-09 00:00:00,0,331,1,1,5
2570,Motion Design for Beginners,This mentorship focuses on Motion Design with practical applications.,Available,,graduate,Junior,10,2025-06-18 00:00:00,0,642,3,17,2
1163,Mobile Development for Real Projects,This mentorship focuses on Mobile Development with practical applications.,Available,,graduate,Senior,10,2025-05-30 00:00:00,0,1441,1,4,5
2952,Introduction to System Design,This mentorship focuses on System Design with practical applications.,Available,,junior,Mid,5,2025-02-26 00:00:00,0,1190,1,6,4
664,Mastering Graphic Design,This mentorship focuses on Graphic Design with practical applications.,Available,,senior,Senior,2,2025-10-13 00:00:00,0,306,3,16,5
3115,Backend Development for Beginners,This mentorship focuses on Backend Development with practical applications.,Available,,sophomore,Senior,2,2025-03-09 00:00:00,0,1092,1,1,5
1308,Mastering Graphic Design,This mentorship focuses on Graphic Design with practical applications.,Available,,freshman,Junior,8,2025-09-25 00:00:00,0,1421,3,16,5
2030,Mastering Computer Vision,This mentorship focuses on Computer Vision with practical applications.,Available,,senior,Mid,10,2025-05-05 00:00:00,0,191,2,9,5
566,Introduction to System Design,This mentorship focuses on System Design with practical applications.,Available,,sophomore,Senior,7,2025-10-08 00:00:00,0,265,1,6,4
2914,Computer Vision for Beginners,This mentorship focuses on Computer Vision with practical applications.,Available,,freshman,Junior,6,2025-08-09 00:00:00,0,351,2,9,3
2833,Hands-on Computer Vision Training,This mentorship focuses on Computer Vision with practical applications.,Available,,freshman,Beginner,10,2025-04-20 00:00:00,1,357,2,9,4
2585,Career Coaching for Beginners,This mentorship focuses on Career Coaching with practical applications.,Available,,senior,Junior,3,2025-09-10 00:00:00,0,1099,4,22,2
28,Hands-on Graphic Design Training,This mentorship focuses on Graphic Design with practical applications.,Available,,senior,Beginner,6,2025-02-06 00:00:00,0,1016,3,16,5
2554,Hands-on Computer Vision Training,This mentorship focuses on Computer Vision with practical applications.,Available,,freshman,Beginner,3,2025-03-05 00:00:00,0,1153,2,9,4
2637,Mastering Mobile Development,This mentorship focuses on Mobile Development with practical applications.,Available,,junior,Mid,7,2024-07-07 00:00:00,0,1252,1,4,1
499,Frontend Development for Beginners,This mentorship focuses on Frontend Development with practical applications.,Available,,graduate,Senior,6,2025-09-27 00:00:00,0,192,1,2,5
620,Introduction to Data Analysis,This mentorship focuses on Data Analysis with practical applications.,Available,,sophomore,Junior,4,2025-09-26 00:00:00,0,1350,2,11,4
563,DevOps & Cloud for Real Projects,This mentorship focuses on DevOps & Cloud with practical applications.,Available,,graduate,Junior,10,2025-08-04 00:00:00,0,265,1,5,4
2406,Data Science for Real Projects,This mentorship focuses on Data Science with practical applications.,Available,,graduate,Junior,5,2025-06-10 00:00:00,0,458,2,12,4
1341,Hands-on Data Science Training,This mentorship focuses on Data Science with practical applications.,Available,,senior,Mid,2,2025-01-22 00:00:00,0,532,2,12,4
2912,Data Engineering for Real Projects,This mentorship focuses on Data Engineering with practical applications.,Available,,freshman,Junior,4,2024-07-15 00:00:00,0,351,2,13,3
136,Mastering Full Stack Development,This mentorship focuses on Full Stack Development with practical applications.,Available,,sophomore,Mid,5,2025-04-28 00:00:00,0,1374,1,3,5
787,Machine Learning for Real Projects,This mentorship focuses on Machine Learning with practical applications.,Available,,graduate,Beginner,4,2025-08-17 00:00:00,0,727,2,7,3
1427,Hands-on Full Stack Development Training,This mentorship focuses on Full Stack Development with practical applications.,Available,,senior,Junior,7,2025-09-22 00:00:00,0,564,1,3,4
1339,Entrepreneurship for Real Projects,This mentorship focuses on Entrepreneurship with practical applications.,Available,,sophomore,Mid,7,2024-04-23 00:00:00,0,33,4,23,1
1403,Mobile Development for Beginners,This mentorship focuses on Mobile Development with practical applications.,Available,,graduate,Junior,2,2025-06-29 00:00:00,0,917,1,4,4
1352,Backend Development for Beginners,This mentorship focuses on Backend Development with practical applications.,Available,,sophomore,Beginner,9,2025-02-15 00:00:00,0,182,1,1,3
184,Introduction to Product Management,This mentorship focuses on Product Management with practical applications.,Available,,senior,Beginner,6,2025-04-30 00:00:00,0,198,4,19,2
1315,Mobile Development for Real Projects,This mentorship focuses on Mobile Development with practical applications.,Available,,junior,Senior,2,2025-07-02 00:00:00,0,1428,1,4,5
683,System Design for Beginners,This mentorship focuses on System Design with practical applications.,Available,,graduate,Mid,9,2025-09-05 00:00:00,0,444,1,6,1
154,Introduction to Deep Learning,This mentorship focuses on Deep Learning with practical applications.,Available,,sophomore,Junior,2,2025-07-13 00:00:00,1,534,2,8,3
3056,DevOps & Cloud for Beginners,This mentorship focuses on DevOps & Cloud with practical applications.,Available,,graduate,Senior,7,2025-03-23 00:00:00,0,1443,1,5,5
2666,Hands-on Mobile Development Training,This mentorship focuses on Mobile Development with practical applications.,Available,,graduate,Beginner,2,2025-05-19 00:00:00,0,744,1,4,3
2929,Mastering Product Design,This mentorship focuses on Product Design with practical applications.,Available,,freshman,Junior,5,2025-01-05 00:00:00,0,689,3,15,4
1278,Mastering Branding,This mentorship focuses on Branding with practical applications.,Available,,senior,Junior,8,2025-09-19 00:00:00,0,1054,3,18,3
1105,DevOps & Cloud for Real Projects,This mentorship focuses on DevOps & Cloud with practical applications.,Available,,freshman,Beginner,2,2025-09-08 00:00:00,1,1018,1,5,1
1550,Career Coaching for Beginners,This mentorship focuses on Career Coaching with practical applications.,Available,,sophomore,Mid,10,2025-08-30 00:00:00,0,690,4,22,3
2280,System Design for Beginners,This mentorship focuses on System Design with practical applications.,Available,,graduate,Junior,10,2024-12-05 00:00:00,0,141,1,6,4
515,Full Stack Development for Beginners,This mentorship focuses on Full Stack Development with practical applications.,Available,,junior,Junior,8,2025-04-11 00:00:00,0,693,1,3,4
1149,Hands-on Mobile Development Training,This mentorship focuses on Mobile Development with practical applications.,Available,,junior,Mid,8,2025-08-09 00:00:00,0,61,1,4,1
2879,Hands-on UI/UX Design Training,This mentorship focuses on UI/UX Design with practical applications.,Available,,graduate,Mid,7,2025-10-08 00:00:00,0,1206,3,14,4
2719,Hands-on Product Design Training,This mentorship focuses on Product Design with practical applications.,Available,,graduate,Beginner,2,2025-10-08 00:00:00,1,1175,3,15,5
2098,DevOps & Cloud for Real Projects,This mentorship focuses on DevOps & Cloud with practical applications.,Available,,sophomore,Beginner,4,2024-11-04 00:00:00,0,511,1,5,5
388,Mastering Graphic Design,This mentorship focuses on Graphic Design with practical applications.,Available,,senior,Junior,6,2025-05-01 00:00:00,0,1239,3,16,3
2161,Introduction to DevOps & Cloud,This mentorship focuses on DevOps & Cloud with practical applications.,Available,,junior,Junior,4,2025-10-15 00:00:00,0,1131,1,5,4
625,Mastering Branding,This mentorship focuses on Branding with practical applications.,Available,,senior,Junior,9,2025-04-29 00:00:00,0,799,3,18,3
3128,Hands-on Business Analysis Training,This mentorship focuses on Business Analysis with practical applications.,Available,,senior,Beginner,6,2025-08-31 00:00:00,0,345,4,20,4
1983,Introduction to Data Engineering,This mentorship focuses on Data Engineering with practical applications.,Available,,sophomore,Junior,10,2025-09-17 00:00:00,0,656,2,13,4
1720,Hands-on Product Design Training,This mentorship focuses on Product Design with practical applications.,Available,,sophomore,Beginner,10,2025-06-04 00:00:00,0,978,3,15,5
2245,Project Management for Beginners,This mentorship focuses on Project Management with practical applications.,Available,,graduate,Mid,10,2025-01-24 00:00:00,0,543,4,21,1
925,Introduction to DevOps & Cloud,This mentorship focuses on DevOps & Cloud with practical applications.,Available,,sophomore,Beginner,3,2024-04-28 00:00:00,1,1083,1,5,3
1944,Introduction to System Design,This mentorship focuses on System Design with practical applications.,Available,,freshman,Mid,6,2024-11-19 00:00:00,0,223,1,6,3
2991,Hands-on DevOps & Cloud Training,This mentorship focuses on DevOps & Cloud with practical applications.,Available,,graduate,Mid,4,2023-12-11 00:00:00,0,720,1,5,5
3134,Mastering Branding,This mentorship focuses on Branding with practical applications.,Available,,graduate,Junior,8,2025-01-25 00:00:00,0,76,3,18,3
3072,Natural Language Processing for Beginners,This mentorship focuses on Natural Language Processing with practical applications.,Available,,graduate,Senior,3,2024-10-16 00:00:00,0,1154,2,10,3
853,Introduction to Machine Learning,This mentorship focuses on Machine Learning with practical applications.,Available,,freshman,Beginner,8,2025-08-22 00:00:00,0,69,2,7,2
1144,Mastering Data Analysis,This mentorship focuses on Data Analysis with practical applications.,Available,,junior,Beginner,9,2024-11-23 00:00:00,0,753,2,11,4
1371,Project Management for Beginners,This mentorship focuses on Project Management with practical applications.,Available,,graduate,Beginner,10,2025-01-01 00:00:00,0,383,4,21,4
618,Mastering Data Science,This mentorship focuses on Data Science with practical applications.,Available,,freshman,Mid,6,2025-08-12 00:00:00,0,1350,2,12,4
2731,Introduction to Full Stack Development,This mentorship focuses on Full Stack Development with practical applications.,Available,,graduate,Senior,5,2025-08-22 00:00:00,0,860,1,3,3
2766,Hands-on Computer Vision Training,This mentorship focuses on Computer Vision with practical applications.,Available,,senior,Beginner,9,2025-07-23 00:00:00,0,525,2,9,3
1042,Introduction to Computer Vision,This mentorship focuses on Computer Vision with practical applications.,Available,,sophomore,Junior,4,2025-09-28 00:00:00,1,96,2,9,5
3053,Introduction to System Design,This mentorship focuses on System Design with practical applications.,Available,,senior,Beginner,6,2025-09-30 00:00:00,0,982,1,6,5
1746,Hands-on Graphic Design Training,This mentorship focuses on Graphic Design with practical applications.,Available,,junior,Mid,7,2025-09-03 00:00:00,0,1401,3,16,2
215,Mastering Backend Development,This mentorship focuses on Backend Development with practical applications.,Available,,junior,Senior,5,2024-11-01 00:00:00,0,868,1,1,1
766,Hands-on System Design Training,This mentorship focuses on System Design with practical applications.,Available,,senior,Junior,3,2025-04-10 00:00:00,0,865,1,6,4
1848,Introduction to DevOps & Cloud,This mentorship focuses on DevOps & Cloud with practical applications.,Available,,junior,Junior,4,2025-02-10 00:00:00,0,173,1,5,2
2310,Graphic Design for Real Projects,This mentorship focuses on Graphic Design with practical applications.,Available,,freshman,Senior,3,2024-11-26 00:00:00,0,958,3,16,3
971,Hands-on Mobile Development Training,This mentorship focuses on Mobile Development with practical applications.,Available,,sophomore,Mid,3,2025-10-04 00:00:00,0,894,1,4,4
327,Hands-on Full Stack Development Training,This mentorship focuses on Full Stack Development with practical applications.,Available,,freshman,Mid,7,2025-07-07 00:00:00,0,451,1,3,5
3057,Mastering DevOps & Cloud,This mentorship focuses on DevOps & Cloud with practical applications.,Available,,graduate,Senior,10,2025-04-10 00:00:00,0,1443,1,5,5
246,Mastering DevOps & Cloud,This mentorship focuses on DevOps & Cloud with practical applications.,Available,,senior,Senior,10,2025-07-11 00:00:00,0,612,1,5,4
2051,DevOps & Cloud for Beginners,This mentorship focuses on DevOps & Cloud with practical applications.,Available,,freshman,Mid,3,2025-02-20 00:00:00,0,827,1,5,4
51,Hands-on Frontend Development Training,This mentorship focuses on Frontend Development with practical applications.,Available,,freshman,Mid,6,2025-04-29 00:00:00,0,1305,1,2,5
2352,Introduction to Data Analysis,This mentorship focuses on Data Analysis with practical applications.,Available,,sophomore,Junior,2,2025-09-03 00:00:00,0,838,2,11,5
2084,Introduction to System Design,This mentorship focuses on System Design with practical applications.,Available,,sophomore,Beginner,10,2025-10-15 00:00:00,0,146,1,6,5
2132,Backend Development for Real Projects,This mentorship focuses on Backend Development with practical applications.,Available,,graduate,Junior,10,2025-09-17 00:00:00,0,411,1,1,4
2429,Mastering Deep Learning,This mentorship focuses on Deep Learning with practical applications.,Available,,senior,Junior,2,2025-10-10 00:00:00,0,987,2,8,3
1782,Mastering Motion Design,This mentorship focuses on Motion Design with practical applications.,Available,,senior,Junior,4,2025-09-08 00:00:00,0,356,3,17,1
2620,Mastering Branding,This mentorship focuses on Branding with practical applications.,Available,,graduate,Beginner,4,2025-07-30 00:00:00,0,963,3,18,3
1215,Introduction to DevOps & Cloud,This mentorship focuses on DevOps & Cloud with practical applications.,Available,,senior,Mid,5,2025-10-07 00:00:00,0,3,1,5,4
3119,Mobile Development for Real Projects,This mentorship focuses on Mobile Development with practical applications.,Available,,graduate,Senior,5,2025-02-06 00:00:00,0,1397,1,4,3
2854,Mastering Frontend Development,This mentorship focuses on Frontend Development with practical applications.,Available,,sophomore,Junior,7,2024-04-15 00:00:00,0,370,1,2,5
1714,Introduction to Frontend Development,This mentorship focuses on Frontend Development with practical applications.,Available,,junior,Mid,10,2025-05-31 00:00:00,0,1327,1,2,5
243,Mastering DevOps & Cloud,This mentorship focuses on DevOps & Cloud with practical applications.,Available,,junior,Mid,3,2024-09-14 00:00:00,0,612,1,5,4
742,Mastering Backend Development,This mentorship focuses on Backend Development with practical applications.,Available,,senior,Senior,4,2024-04-06 00:00:00,0,1437,1,1,5
1073,Frontend Development for Beginners,This mentorship focuses on Frontend Development with practical applications.,Available,,freshman,Senior,9,2025-06-15 00:00:00,0,1030,1,2,4
639,Branding for Beginners,This mentorship focuses on Branding with practical applications.,Available,,junior,Junior,4,2025-06-20 00:00:00,0,246,3,18,4
2237,Motion Design for Real Projects,This mentorship focuses on Motion Design with practical applications.,Available,,sophomore,Mid,7,2025-10-07 00:00:00,0,1188,3,17,4
1189,Hands-on Backend Development Training,This mentorship focuses on Backend Development with practical applications.,Available,,freshman,Beginner,10,2025-03-08 00:00:00,0,122,1,1,3
716,Computer Vision for Real Projects,This mentorship focuses on Computer Vision with practical applications.,Available,,senior,Mid,6,2025-08-16 00:00:00,0,506,2,9,3
3048,Introduction to DevOps & Cloud,This mentorship focuses on DevOps & Cloud with practical applications.,Available,,senior,Beginner,3,2025-10-16 00:00:00,0,381,1,5,5
2021,Introduction to System Design,This mentorship focuses on System Design with practical applications.,Available,,graduate,Junior,2,2025-05-18 00:00:00,0,1029,1,6,3
1661,Frontend Development for Real Projects,This mentorship focuses on Frontend Development with practical applications.,Available,,graduate,Mid,4,2025-10-03 00:00:00,0,1382,1,2,4
1663,Hands-on Natural Language Processing Training,This mentorship focuses on Natural Language Processing with practical applications.,Available,,graduate,Junior,3,2024-10-18 00:00:00,0,504,2,10,2
2082,Mobile Development for Beginners,This mentorship focuses on Mobile Development with practical applications.,Available,,senior,Mid,9,2025-10-08 00:00:00,0,146,1,4,5
1412,Graphic Design for Real Projects,This mentorship focuses on Graphic Design with practical applications.,Available,,graduate,Beginner,7,2025-05-06 00:00:00,0,255,3,16,4
232,Data Analysis for Real Projects,This mentorship focuses on Data Analysis with practical applications.,Available,,graduate,Mid,7,2025-07-07 00:00:00,0,588,2,11,4
1219,Hands-on System Design Training,This mentorship focuses on System Design with practical applications.,Available,,graduate,Junior,1,2025-05-23 00:00:00,0,277,1,6,5
285,Data Engineering for Beginners,This mentorship focuses on Data Engineering with practical applications.,Available,,freshman,Senior,8,2025-07-29 00:00:00,0,1255,2,13,4
1885,Mastering Full Stack Development,This mentorship focuses on Full Stack Development with practical applications.,Available,,graduate,Mid,6,2025-09-10 00:00:00,0,1145,1,3,4
2007,Introduction to Backend Development,This mentorship focuses on Backend Development with practical applications.,Available,,graduate,Mid,10,2025-04-20 00:00:00,0,673,1,1,4
2777,Data Engineering for Beginners,This mentorship focuses on Data Engineering with practical applications.,Available,,freshman,Mid,10,2025-05-16 00:00:00,0,1121,2,13,3
134,Mastering Mobile Development,This mentorship focuses on Mobile Development with practical applications.,Available,,sophomore,Beginner,3,2025-02-28 00:00:00,0,1374,1,4,5
133,Hands-on Full Stack Development Training,This mentorship focuses on Full Stack Development with practical applications.,Available,,senior,Beginner,10,2024-07-16 00:00:00,0,1374,1,3,5
257,Hands-on Motion Design Training,This mentorship focuses on Motion Design with practical applications.,Available,,senior,Senior,10,2025-03-30 00:00:00,0,1267,3,17,2
2566,Mastering Career Coaching,This mentorship focuses on Career Coaching with practical applications.,Available,,junior,Beginner,9,2025-06-11 00:00:00,0,1313,4,22,3
1735,UI/UX Design for Real Projects,This mentorship focuses on UI/UX Design with practical applications.,Available,,graduate,Beginner,5,2024-08-29 00:00:00,0,1366,3,14,3
377,Full Stack Development for Real Projects,This mentorship focuses on Full Stack Development with practical applications.,Available,,junior,Mid,6,2025-10-01 00:00:00,0,1365,1,3,3
2981,Mastering Machine Learning,This mentorship focuses on Machine Learning with practical applications.,Available,,sophomore,Beginner,4,2024-12-01 00:00:00,0,1331,2,7,3
2359,Introduction to Data Analysis,This mentorship focuses on Data Analysis with practical applications.,Available,,sophomore,Mid,6,2025-08-06 00:00:00,0,1345,2,11,4
1639,Introduction to UI/UX Design,This mentorship focuses on UI/UX Design with practical applications.,Available,,graduate,Beginner,5,2025-08-14 00:00:00,0,1232,3,14,2
1496,Mastering Data Analysis,This mentorship focuses on Data Analysis with practical applications.,Available,,senior,Beginner,9,2025-03-16 00:00:00,0,1194,2,11,3
733,Data Analysis for Real Projects,This mentorship focuses on Data Analysis with practical applications.,Available,,graduate,Beginner,2,2024-05-26 00:00:00,0,454,2,11,1
813,Introduction to DevOps & Cloud,This mentorship focuses on DevOps & Cloud with practical applications.,Available,,freshman,Beginner,7,2025-10-17 00:00:00,0,984,1,5,3
3033,Mastering System Design,This mentorship focuses on System Design with practical applications.,Available,,graduate,Beginner,9,2024-12-06 00:00:00,0,961,1,6,5
1454,Full Stack Development for Beginners,This mentorship focuses on Full Stack Development with practical applications.,Available,,graduate,Junior,4,2025-06-17 00:00:00,0,933,1,3,3
2804,Backend Development for Beginners,This mentorship focuses on Backend Development with practical applications.,Available,,junior,Senior,10,2025-03-29 00:00:00,0,1241,1,1,5
700,Introduction to Graphic Design,This mentorship focuses on Graphic Design with practical applications.,Available,,junior,Senior,2,2025-06-18 00:00:00,0,407,3,16,5
405,Machine Learning for Real Projects,This mentorship focuses on Machine Learning with practical applications.,Available,,sophomore,Beginner,9,2025-05-28 00:00:00,0,408,2,7,3
2292,Mastering Computer Vision,This mentorship focuses on Computer Vision with practical applications.,Available,,junior,Senior,2,2025-07-16 00:00:00,0,979,2,9,4
1333,System Design for Real Projects,This mentorship focuses on System Design with practical applications.,Available,,graduate,Mid,3,2025-06-28 00:00:00,0,545,1,6,3
456,Introduction to System Design,This mentorship focuses on System Design with practical applications.,Available,,freshman,Junior,3,2025-07-12 00:00:00,0,613,1,6,2
2334,Introduction to System Design,This mentorship focuses on System Design with practical applications.,Available,,graduate,Beginner,8,2025-08-27 00:00:00,0,1482,1,6,2
2228,Hands-on Data Analysis Training,This mentorship focuses on Data Analysis with practical applications.,Available,,sophomore,Junior,3,2024-09-01 00:00:00,0,816,2,11,4
1256,Graphic Design for Beginners,This mentorship focuses on Graphic Design with practical applications.,Available,,sophomore,Senior,2,2024-03-17 00:00:00,0,735,3,16,1
1292,Data Engineering for Real Projects,This mentorship focuses on Data Engineering with practical applications.,Available,,graduate,Beginner,3,2025-06-18 00:00:00,0,1429,2,13,5
1081,Frontend Development for Beginners,This mentorship focuses on Frontend Development with practical applications.,Available,,junior,Beginner,9,2024-06-07 00:00:00,0,457,1,2,1
1451,Mobile Development for Beginners,This mentorship focuses on Mobile Development with practical applications.,Available,,freshman,Junior,10,2025-08-20 00:00:00,0,137,1,4,2
2316,Mastering Data Science,This mentorship focuses on Data Science with practical applications.,Available,,graduate,Junior,2,2025-08-03 00:00:00,0,748,2,12,3
201,Entrepreneurship for Beginners,This mentorship focuses on Entrepreneurship with practical applications.,Available,,freshman,Junior,8,2025-02-18 00:00:00,0,1014,4,23,4
2052,Introduction to System Design,This mentorship focuses on System Design with practical applications.,Available,,freshman,Beginner,7,2025-02-22 00:00:00,1,827,1,6,4
2802,Hands-on Backend Development Training,This mentorship focuses on Backend Development with practical applications.,Available,,senior,Senior,3,2024-06-16 00:00:00,0,1241,1,1,5
2210,Full Stack Development for Real Projects,This mentorship focuses on Full Stack Development with practical applications.,Available,,graduate,Senior,9,2025-01-04 00:00:00,0,836,1,3,3
1609,Introduction to Full Stack Development,This mentorship focuses on Full Stack Development with practical applications.,Available,,graduate,Senior,10,2025-08-19 00:00:00,0,409,1,3,4
95,Mastering Mobile Development,This mentorship focuses on Mobile Development with practical applications.,Available,,freshman,Junior,7,2024-04-04 00:00:00,0,1294,1,4,3
2175,Hands-on System Design Training,This mentorship focuses on System Design with practical applications.,Available,,junior,Junior,4,2025-05-16 00:00:00,0,1244,1,6,1
3058,Backend Development for Beginners,This mentorship focuses on Backend Development with practical applications.,Available,,senior,Junior,9,2025-06-08 00:00:00,0,1443,1,1,5
181,Mastering Deep Learning,This mentorship focuses on Deep Learning with practical applications.,Available,,senior,Senior,3,2025-02-04 00:00:00,0,387,2,8,2
104,Hands-on DevOps & Cloud Training,This mentorship focuses on DevOps & Cloud with practical applications.,Available,,senior,Junior,5,2024-12-28 00:00:00,0,53,1,5,3
2656,Product Management for Real Projects,This mentorship focuses on Product Management with practical applications.,Available,,freshman,Beginner,3,2025-06-15 00:00:00,0,621,4,19,3
638,Introduction to Branding,This mentorship focuses on Branding with practical applications.,Available,,graduate,Mid,6,2025-07-28 00:00:00,0,1395,3,18,4
1917,Introduction to Career Coaching,This mentorship focuses on Career Coaching with practical applications.,Available,,sophomore,Senior,8,2025-02-17 00:00:00,0,797,4,22,4
1492,Product Design for Real Projects,This mentorship focuses on Product Design with practical applications.,Available,,freshman,Junior,5,2025-05-30 00:00:00,0,1079,3,15,2
2348,Introduction to Data Science,This mentorship focuses on Data Science with practical applications.,Available,,sophomore,Senior,5,2025-04-17 00:00:00,0,838,2,12,5
1262,Product Design for Beginners,This mentorship focuses on Product Design with practical applications.,Available,,graduate,Senior,2,2024-10-15 00:00:00,0,276,3,15,3
3148,Introduction to Full Stack Development,This mentorship focuses on Full Stack Development with practical applications.,Available,,senior,Mid,2,2024-08-24 00:00:00,0,1166,1,3,5
2924,Hands-on Backend Development Training,This mentorship focuses on Backend Development with practical applications.,Available,,senior,Junior,5,2025-02-25 00:00:00,0,1208,1,1,3
1571,Introduction to DevOps & Cloud,This mentorship focuses on DevOps & Cloud with practical applications.,Available,,senior,Mid,9,2025-09-03 00:00:00,0,1419,1,5,5
1422,Frontend Development for Beginners,This mentorship focuses on Frontend Development with practical applications.,Available,,sophomore,Beginner,6,2024-07-14 00:00:00,0,56,1,2,5
1450,Frontend Development for Real Projects,This mentorship focuses on Frontend Development with practical applications.,Available,,junior,Senior,8,2025-06-03 00:00:00,0,137,1,2,2
1155,UI/UX Design for Real Projects,This mentorship focuses on UI/UX Design with practical applications.,Available,,senior,Junior,10,2025-01-04 00:00:00,0,159,3,14,4
2633,Introduction to System Design,This mentorship focuses on System Design with practical applications.,Available,,junior,Mid,7,2025-08-22 00:00:00,0,1284,1,6,4
2786,Data Engineering for Real Projects,This mentorship focuses on Data Engineering with practical applications.,Available,,junior,Senior,6,2025-07-22 00:00:00,0,874,2,13,2
2173,Mastering Natural Language Processing,This mentorship focuses on Natural Language Processing with practical applications.,Available,,junior,Beginner,8,2025-09-27 00:00:00,0,519,2,10,1
1649,Data Analysis for Real Projects,This mentorship focuses on Data Analysis with practical applications.,Available,,graduate,Senior,6,2025-10-16 00:00:00,0,707,2,11,3
2602,Introduction to Product Management,This mentorship focuses on Product Management with practical applications.,Available,,freshman,Beginner,3,2025-06-20 00:00:00,0,89,4,19,4
2047,Mastering System Design,This mentorship focuses on System Design with practical applications.,Available,,graduate,Junior,6,2025-05-27 00:00:00,0,1432,1,6,3
2112,Introduction to DevOps & Cloud,This mentorship focuses on DevOps & Cloud with practical applications.,Available,,freshman,Junior,2,2025-10-06 00:00:00,0,403,1,5,3
1996,Mobile Development for Real Projects,This mentorship focuses on Mobile Development with practical applications.,Available,,junior,Mid,5,2025-09-13 00:00:00,0,19,1,4,3
3080,Mastering Backend Development,This mentorship focuses on Backend Development with practical applications.,Available,,graduate,Junior,3,2024-10-25 00:00:00,0,193,1,1,3
1004,UI/UX Design for Beginners,This mentorship focuses on UI/UX Design with practical applications.,Available,,graduate,Junior,8,2024-04-05 00:00:00,0,884,3,14,4
1322,Data Analysis for Beginners,This mentorship focuses on Data Analysis with practical applications.,Available,,sophomore,Junior,9,2025-08-13 00:00:00,0,1224,2,11,3
1744,Mastering Frontend Development,This mentorship focuses on Frontend Development with practical applications.,Available,,freshman,Mid,2,2025-08-12 00:00:00,0,101,1,2,3
1157,UI/UX Design for Real Projects,This mentorship focuses on UI/UX Design with practical applications.,Available,,senior,Beginner,2,2025-06-02 00:00:00,0,159,3,14,4
2792,Product Design for Real Projects,This mentorship focuses on Product Design with practical applications.,Available,,freshman,Mid,3,2025-05-15 00:00:00,0,1494,3,15,4
1209,Graphic Design for Beginners,This mentorship focuses on Graphic Design with practical applications.,Available,,junior,Mid,4,2025-01-16 00:00:00,0,746,3,16,3
1296,Mastering Full Stack Development,This mentorship focuses on Full Stack Development with practical applications.,Available,,junior,Beginner,3,2025-06-30 00:00:00,0,437,1,3,2
2407,Data Engineering for Beginners,This mentorship focuses on Data Engineering with practical applications.,Available,,senior,Beginner,2,2025-08-09 00:00:00,0,458,2,13,4
2039,Hands-on Frontend Development Training,This mentorship focuses on Frontend Development with practical applications.,Available,,graduate,Beginner,7,2025-07-22 00:00:00,0,1417,1,2,1
988,Mastering Frontend Development,This mentorship focuses on Frontend Development with practical applications.,Available,,freshman,Senior,10,2025-10-07 00:00:00,0,640,1,2,4
1428,Hands-on Backend Development Training,This mentorship focuses on Backend Development with practical applications.,Available,,senior,Beginner,7,2025-10-02 00:00:00,0,564,1,1,4
2715,Hands-on System Design Training,This mentorship focuses on System Design with practical applications.,Available,,junior,Junior,7,2025-10-04 00:00:00,0,834,1,6,4
2615,Graphic Design for Real Projects,This mentorship focuses on Graphic Design with practical applications.,Available,,sophomore,Beginner,2,2025-03-10 00:00:00,0,1250,3,16,4
1684,Mastering Backend Development,This mentorship focuses on Backend Development with practical applications.,Available,,freshman,Senior,7,2024-12-27 00:00:00,0,688,1,1,3
2031,Introduction to Data Analysis,This mentorship focuses on Data Analysis with practical applications.,Available,,freshman,Beginner,5,2025-07-06 00:00:00,0,191,2,11,5
2847,Hands-on Full Stack Development Training,This mentorship focuses on Full Stack Development with practical applications.,Available,,sophomore,Beginner,6,2025-09-18 00:00:00,1,771,1,3,3
947,Hands-on Business Analysis Training,This mentorship focuses on Business Analysis with practical applications.,Available,,senior,Beginner,4,2025-10-05 00:00:00,0,571,4,20,4
192,Frontend Development for Real Projects,This mentorship focuses on Frontend Development with practical applications.,Available,,junior,Mid,9,2025-10-01 00:00:00,0,116,1,2,5
1316,Mastering Full Stack Development,This mentorship focuses on Full Stack Development with practical applications.,Available,,sophomore,Beginner,6,2025-09-11 00:00:00,0,1428,1,3,5
1192,Branding for Beginners,This mentorship focuses on Branding with practical applications.,Available,,junior,Beginner,13,2024-05-24 00:00:00,1,517,3,18,4
1079,Mobile Development for Beginners,This mentorship focuses on Mobile Development with practical applications.,Available,,junior,Junior,3,2024-08-29 00:00:00,0,787,1,4,2
2201,Introduction to DevOps & Cloud,This mentorship focuses on DevOps & Cloud with practical applications.,Available,,graduate,Mid,5,2025-05-01 00:00:00,0,704,1,5,3
63,Mastering DevOps & Cloud,This mentorship focuses on DevOps & Cloud with practical applications.,Available,,junior,Mid,2,2025-08-05 00:00:00,0,1225,1,5,5
752,Full Stack Development for Beginners,This mentorship focuses on Full Stack Development with practical applications.,Available,,sophomore,Beginner,7,2025-09-28 00:00:00,0,35,1,3,2
1295,Full Stack Development for Beginners,This mentorship focuses on Full Stack Development with practical applications.,Available,,junior,Beginner,9,2024-10-24 00:00:00,0,437,1,3,2
2809,Hands-on Career Coaching Training,This mentorship focuses on Career Coaching with practical applications.,Available,,sophomore,Beginner,4,2025-05-26 00:00:00,1,1402,4,22,5
2547,Mastering DevOps & Cloud,This mentorship focuses on DevOps & Cloud with practical applications.,Available,,junior,Junior,10,2024-03-09 00:00:00,0,1127,1,5,5
10,Mastering UI/UX Design,This mentorship focuses on UI/UX Design with practical applications.,Available,,freshman,Junior,10,2024-11-12 00:00:00,0,514,3,14,4
2868,Natural Language Processing for Real Projects,This mentorship focuses on Natural Language Processing with practical applications.,Available,,freshman,Beginner,19,2024-11-19 00:00:00,1,13,2,10,5
3050,System Design for Beginners,This mentorship focuses on System Design with practical applications.,Available,,senior,Junior,3,2025-04-09 00:00:00,0,982,1,6,5
871,Mastering Deep Learning,This mentorship focuses on Deep Learning with practical applications.,Available,,sophomore,Junior,6,2025-09-09 00:00:00,0,2,2,8,4
307,Branding for Beginners,This mentorship focuses on Branding with practical applications.,Available,,junior,Beginner,7,2025-09-26 00:00:00,0,637,3,18,4
800,Mobile Development for Beginners,This mentorship focuses on Mobile Development with practical applications.,Available,,freshman,Senior,5,2025-08-27 00:00:00,0,943,1,4,2
2011,Introduction to UI/UX Design,This mentorship focuses on UI/UX Design with practical applications.,Available,,graduate,Senior,2,2025-06-10 00:00:00,0,1319,3,14,2
3099,Branding for Beginners,This mentorship focuses on Branding with practical applications.,Available,,junior,Junior,7,2025-10-01 00:00:00,0,332,3,18,2
2975,Data Analysis for Real Projects,This mentorship focuses on Data Analysis with practical applications.,Available,,junior,Mid,7,2025-10-15 00:00:00,0,1427,2,11,4
3157,Hands-on Machine Learning Training,This mentorship focuses on Machine Learning with practical applications.,Available,,senior,Beginner,5,2025-03-15 00:00:00,0,847,2,7,2
2835,Data Analysis for Beginners,This mentorship focuses on Data Analysis with practical applications.,Available,,freshman,Junior,10,2025-09-06 00:00:00,0,357,2,11,4
776,Hands-on UI/UX Design Training,This mentorship focuses on UI/UX Design with practical applications.,Available,,graduate,Junior,3,2024-09-01 00:00:00,0,232,3,14,3
930,Hands-on Frontend Development Training,This mentorship focuses on Frontend Development with practical applications.,Available,,senior,Junior,4,2025-08-10 00:00:00,0,1257,1,2,3
2902,Hands-on Machine Learning Training,This mentorship focuses on Machine Learning with practical applications.,Available,,freshman,Senior,2,2025-09-10 00:00:00,0,1328,2,7,4
2799,Hands-on Backend Development Training,This mentorship focuses on Backend Development with practical applications.,Available,,graduate,Mid,6,2025-03-01 00:00:00,0,38,1,1,5
2713,Hands-on Backend Development Training,This mentorship focuses on Backend Development with practical applications.,Available,,sophomore,Senior,5,2024-02-04 00:00:00,0,834,1,1,4
166,Hands-on Deep Learning Training,This mentorship focuses on Deep Learning with practical applications.,Available,,senior,Beginner,10,2025-06-21 00:00:00,0,1028,2,8,4
2734,Data Engineering for Beginners,This mentorship focuses on Data Engineering with practical applications.,Available,,sophomore,Junior,5,2025-02-12 00:00:00,0,695,2,13,4
1385,Full Stack Development for Real Projects,This mentorship focuses on Full Stack Development with practical applications.,Available,,senior,Beginner,9,2025-08-07 00:00:00,0,62,1,3,2
862,Backend Development for Real Projects,This mentorship focuses on Backend Development with practical applications.,Available,,senior,Beginner,7,2025-06-21 00:00:00,0,1492,1,1,5
361,Computer Vision for Real Projects,This mentorship focuses on Computer Vision with practical applications.,Available,,sophomore,Mid,9,2024-08-05 00:00:00,0,1480,2,9,3
2474,System Design for Real Projects,This mentorship focuses on System Design with practical applications.,Available,,graduate,Junior,5,2025-01-19 00:00:00,0,500,1,6,2
2492,Mastering Motion Design,This mentorship focuses on Motion Design with practical applications.,Available,,junior,Senior,2,2025-01-17 00:00:00,0,1098,3,17,3
34,Mastering Branding,This mentorship focuses on Branding with practical applications.,Available,,sophomore,Senior,9,2025-08-16 00:00:00,0,295,3,18,3
585,Hands-on UI/UX Design Training,This mentorship focuses on UI/UX Design with practical applications.,Available,,graduate,Mid,10,2025-08-29 00:00:00,0,413,3,14,3
1115,Mastering Branding,This mentorship focuses on Branding with practical applications.,Available,,senior,Beginner,1,2025-09-11 00:00:00,0,1137,3,18,4
2440,Hands-on Backend Development Training,This mentorship focuses on Backend Development with practical applications.,Available,,junior,Beginner,3,2024-10-25 00:00:00,1,1100,1,1,3
367,Hands-on System Design Training,This mentorship focuses on System Design with practical applications.,Available,,freshman,Junior,2,2025-04-05 00:00:00,1,365,1,6,5
2374,DevOps & Cloud for Real Projects,This mentorship focuses on DevOps & Cloud with practical applications.,Available,,junior,Senior,8,2025-06-05 00:00:00,0,194,1,5,4
764,Hands-on Mobile Development Training,This mentorship focuses on Mobile Development with practical applications.,Available,,graduate,Mid,6,2025-08-29 00:00:00,0,1008,1,4,4
1636,Deep Learning for Beginners,This mentorship focuses on Deep Learning with practical applications.,Available,,senior,Beginner,9,2025-09-17 00:00:00,0,187,2,8,3
1069,Mastering Graphic Design,This mentorship focuses on Graphic Design with practical applications.,Available,,junior,Beginner,9,2024-07-24 00:00:00,0,685,3,16,4
2504,Introduction to Natural Language Processing,This mentorship focuses on Natural Language Processing with practical applications.,Available,,senior,Junior,10,2025-10-11 00:00:00,0,1423,2,10,3
2589,Introduction to Full Stack Development,This mentorship focuses on Full Stack Development with practical applications.,Available,,graduate,Junior,6,2025-10-09 00:00:00,0,567,1,3,4
1595,Machine Learning for Beginners,This mentorship focuses on Machine Learning with practical applications.,Available,,sophomore,Senior,8,2025-06-24 00:00:00,0,293,2,7,4
2514,Hands-on Motion Design Training,This mentorship focuses on Motion Design with practical applications.,Available,,sophomore,Beginner,3,2024-06-01 00:00:00,0,1198,3,17,3
381,Introduction to Motion Design,This mentorship focuses on Motion Design with practical applications.,Available,,senior,Mid,7,2025-10-02 00:00:00,0,968,3,17,4
119,Mastering Career Coaching,This mentorship focuses on Career Coaching with practical applications.,Available,,senior,Beginner,4,2025-07-20 00:00:00,0,207,4,22,5
667,UI/UX Design for Beginners,This mentorship focuses on UI/UX Design with practical applications.,Available,,freshman,Junior,5,2025-10-14 00:00:00,0,124,3,14,3
2350,Data Science for Real Projects,This mentorship focuses on Data Science with practical applications.,Available,,senior,Beginner,5,2025-07-14 00:00:00,0,838,2,12,5
2411,Hands-on Mobile Development Training,This mentorship focuses on Mobile Development with practical applications.,Available,,junior,Senior,1,2025-06-13 00:00:00,0,342,1,4,5
280,Hands-on Mobile Development Training,This mentorship focuses on Mobile Development with practical applications.,Available,,senior,Mid,9,2025-03-28 00:00:00,0,793,1,4,3
1932,System Design for Beginners,This mentorship focuses on System Design with practical applications.,Available,,senior,Junior,3,2025-07-11 00:00:00,0,499,1,6,4
1811,Graphic Design for Beginners,This mentorship focuses on Graphic Design with practical applications.,Available,,graduate,Beginner,2,2025-01-02 00:00:00,0,1011,3,16,2
994,Frontend Development for Real Projects,This mentorship focuses on Frontend Development with practical applications.,Available,,freshman,Mid,7,2025-09-05 00:00:00,0,732,1,2,4
2642,Mastering DevOps & Cloud,This mentorship focuses on DevOps & Cloud with practical applications.,Available,,graduate,Mid,10,2025-05-24 00:00:00,0,941,1,5,5
1201,Mobile Development for Beginners,This mentorship focuses on Mobile Development with practical applications.,Available,,junior,Beginner,5,2025-08-30 00:00:00,1,832,1,4,2
2910,Hands-on Data Engineering Training,This mentorship focuses on Data Engineering with practical applications.,Available,,senior,Mid,9,2024-09-24 00:00:00,0,1072,2,13,4
985,Hands-on Mobile Development Training,This mentorship focuses on Mobile Development with practical applications.,Available,,freshman,Junior,6,2025-08-08 00:00:00,0,640,1,4,4
40,Mobile Development for Real Projects,This mentorship focuses on Mobile Development with practical applications.,Available,,sophomore,Senior,5,2024-02-22 00:00:00,0,149,1,4,5
1166,Mastering Mobile Development,This mentorship focuses on Mobile Development with practical applications.,Available,,graduate,Senior,1,2025-08-09 00:00:00,0,1441,1,4,5
572,Motion Design for Beginners,This mentorship focuses on Motion Design with practical applications.,Available,,graduate,Mid,2,2025-01-06 00:00:00,0,1124,3,17,3
1672,Mastering Data Analysis,This mentorship focuses on Data Analysis with practical applications.,Available,,junior,Senior,9,2025-05-09 00:00:00,0,614,2,11,5
1239,Introduction to System Design,This mentorship focuses on System Design with practical applications.,Available,,sophomore,Junior,9,2025-02-01 00:00:00,0,1049,1,6,2
1236,Hands-on Backend Development Training,This mentorship focuses on Backend Development with practical applications.,Available,,sophomore,Mid,8,2025-10-12 00:00:00,0,996,1,1,4
44,Computer Vision for Real Projects,This mentorship focuses on Computer Vision with practical applications.,Available,,senior,Junior,9,2025-05-03 00:00:00,0,926,2,9,4
1962,Natural Language Processing for Real Projects,This mentorship focuses on Natural Language Processing with practical applications.,Available,,graduate,Mid,6,2025-02-18 00:00:00,0,1081,2,10,3
1607,Hands-on Mobile Development Training,This mentorship focuses on Mobile Development with practical applications.,Available,,junior,Beginner,7,2025-04-13 00:00:00,0,409,1,4,4
68,Mastering Backend Development,This mentorship focuses on Backend Development with practical applications.,Available,,sophomore,Junior,4,2024-04-13 00:00:00,0,476,1,1,2
214,Introduction to Product Design,This mentorship focuses on Product Design with practical applications.,Available,,sophomore,Junior,3,2025-10-05 00:00:00,0,165,3,15,5
1313,Introduction to Career Coaching,This mentorship focuses on Career Coaching with practical applications.,Available,,senior,Mid,5,2024-10-29 00:00:00,0,384,4,22,3
1774,Hands-on Mobile Development Training,This mentorship focuses on Mobile Development with practical applications.,Available,,sophomore,Beginner,8,2025-08-03 00:00:00,0,394,1,4,1
1856,Hands-on Natural Language Processing Training,This mentorship focuses on Natural Language Processing with practical applications.,Available,,junior,Junior,10,2025-04-20 00:00:00,0,959,2,10,4
230,Data Analysis for Real Projects,This mentorship focuses on Data Analysis with practical applications.,Available,,sophomore,Senior,8,2025-05-06 00:00:00,0,588,2,11,4
2645,System Design for Real Projects,This mentorship focuses on System Design with practical applications.,Available,,graduate,Beginner,8,2024-12-19 00:00:00,0,404,1,6,4
532,Mastering UI/UX Design,This mentorship focuses on UI/UX Design with practical applications.,Available,,junior,Beginner,6,2025-09-27 00:00:00,0,307,3,14,4
885,Mastering Machine Learning,This mentorship focuses on Machine Learning with practical applications.,Available,,freshman,Senior,7,2024-09-29 00:00:00,0,71,2,7,4
569,Hands-on Full Stack Development Training,This mentorship focuses on Full Stack Development with practical applications.,Available,,senior,Junior,3,2025-10-12 00:00:00,0,31,1,3,3
1071,Hands-on UI/UX Design Training,This mentorship focuses on UI/UX Design with practical applications.,Available,,sophomore,Beginner,1,2024-10-05 00:00:00,0,685,3,14,4
1817,Hands-on System Design Training,This mentorship focuses on System Design with practical applications.,Available,,freshman,Junior,7,2025-10-06 00:00:00,0,1122,1,6,2
1435,Product Management for Beginners,This mentorship focuses on Product Management with practical applications.,Available,,senior,Beginner,5,2024-12-27 00:00:00,0,763,4,19,3
1918,Mastering Career Coaching,This mentorship focuses on Career Coaching with practical applications.,Available,,junior,Mid,3,2025-04-02 00:00:00,0,797,4,22,4
2877,Graphic Design for Beginners,This mentorship focuses on Graphic Design with practical applications.,Available,,senior,Mid,2,2025-10-01 00:00:00,0,1206,3,16,4
1130,Deep Learning for Real Projects,This mentorship focuses on Deep Learning with practical applications.,Available,,freshman,Mid,5,2025-05-19 00:00:00,0,668,2,8,2
3124,Mastering Mobile Development,This mentorship focuses on Mobile Development with practical applications.,Available,,junior,Beginner,7,2025-09-22 00:00:00,0,651,1,4,3
606,Introduction to Project Management,This mentorship focuses on Project Management with practical applications.,Available,,graduate,Senior,9,2025-08-31 00:00:00,0,1488,4,21,5
274,Hands-on Product Design Training,This mentorship focuses on Product Design with practical applications.,Available,,junior,Mid,8,2025-08-25 00:00:00,0,1185,3,15,3
1723,DevOps & Cloud for Real Projects,This mentorship focuses on DevOps & Cloud with practical applications.,Available,,sophomore,Senior,5,2025-09-23 00:00:00,0,466,1,5,5
371,System Design for Real Projects,This mentorship focuses on System Design with practical applications.,Available,,junior,Senior,1,2025-09-16 00:00:00,0,365,1,6,5
228,Full Stack Development for Real Projects,This mentorship focuses on Full Stack Development with practical applications.,Available,,junior,Beginner,7,2025-04-05 00:00:00,0,546,1,3,2
1602,Mastering System Design,This mentorship focuses on System Design with practical applications.,Available,,sophomore,Mid,10,2025-09-12 00:00:00,0,391,1,6,4
2085,Hands-on Full Stack Development Training,This mentorship focuses on Full Stack Development with practical applications.,Available,,freshman,Senior,4,2024-09-15 00:00:00,0,795,1,3,2
1391,Frontend Development for Real Projects,This mentorship focuses on Frontend Development with practical applications.,Available,,freshman,Senior,9,2025-05-14 00:00:00,0,312,1,2,2
2107,Mastering System Design,This mentorship focuses on System Design with practical applications.,Available,,senior,Junior,7,2025-07-31 00:00:00,0,349,1,6,3
2814,Hands-on Data Science Training,This mentorship focuses on Data Science with practical applications.,Available,,graduate,Junior,7,2025-01-19 00:00:00,0,602,2,12,3
3158,Mastering Natural Language Processing,This mentorship focuses on Natural Language Processing with practical applications.,Available,,senior,Beginner,3,2025-07-03 00:00:00,0,847,2,10,2
487,Branding for Real Projects,This mentorship focuses on Branding with practical applications.,Available,,junior,Mid,5,2025-02-15 00:00:00,0,535,3,18,2
2915,Data Analysis for Beginners,This mentorship focuses on Data Analysis with practical applications.,Available,,freshman,Senior,3,2024-11-26 00:00:00,0,936,2,11,2
2746,Mastering Graphic Design,This mentorship focuses on Graphic Design with practical applications.,Available,,senior,Mid,4,2025-04-04 00:00:00,0,1390,3,16,3
1173,Mastering Frontend Development,This mentorship focuses on Frontend Development with practical applications.,Available,,graduate,Senior,5,2025-03-15 00:00:00,0,388,1,2,3
1237,Frontend Development for Real Projects,This mentorship focuses on Frontend Development with practical applications.,Available,,graduate,Beginner,2,2025-10-15 00:00:00,0,996,1,2,4
1805,Hands-on Mobile Development Training,This mentorship focuses on Mobile Development with practical applications.,Available,,graduate,Mid,9,2024-09-03 00:00:00,0,179,1,4,1
1966,Motion Design for Beginners,This mentorship focuses on Motion Design with practical applications.,Available,,sophomore,Mid,4,2024-12-25 00:00:00,0,953,3,17,3
513,Entrepreneurship for Beginners,This mentorship focuses on Entrepreneurship with practical applications.,Available,,sophomore,Senior,2,2025-08-16 00:00:00,0,1387,4,23,5
2494,Motion Design for Beginners,This mentorship focuses on Motion Design with practical applications.,Available,,senior,Mid,7,2025-09-06 00:00:00,0,1098,3,17,3
1002,Branding for Beginners,This mentorship focuses on Branding with practical applications.,Available,,freshman,Senior,8,2023-12-24 00:00:00,0,884,3,18,4
1509,UI/UX Design for Real Projects,This mentorship focuses on UI/UX Design with practical applications.,Available,,junior,Junior,3,2025-06-27 00:00:00,1,1162,3,14,4
1563,Introduction to Mobile Development,This mentorship focuses on Mobile Development with practical applications.,Available,,sophomore,Beginner,8,2025-05-18 00:00:00,0,1258,1,4,3
1415,Mastering System Design,This mentorship focuses on System Design with practical applications.,Available,,junior,Junior,2,2025-08-02 00:00:00,0,916,1,6,3
987,Introduction to Mobile Development,This mentorship focuses on Mobile Development with practical applications.,Available,,senior,Senior,2,2025-09-03 00:00:00,0,640,1,4,4
1357,Computer Vision for Real Projects,This mentorship focuses on Computer Vision with practical applications.,Available,,sophomore,Senior,4,2025-06-24 00:00:00,0,333,2,9,1
713,Frontend Development for Real Projects,This mentorship focuses on Frontend Development with practical applications.,Available,,junior,Mid,7,2025-09-24 00:00:00,0,790,1,2,5
2562,Full Stack Development for Beginners,This mentorship focuses on Full Stack Development with practical applications.,Available,,senior,Junior,3,2025-09-16 00:00:00,1,319,1,3,3
2147,Mastering Computer Vision,This mentorship focuses on Computer Vision with practical applications.,Available,,junior,Beginner,6,2024-08-30 00:00:00,0,976,2,9,5
1032,Full Stack Development for Beginners,This mentorship focuses on Full Stack Development with practical applications.,Available,,junior,Junior,10,2025-06-21 00:00:00,0,258,1,3,3
2790,Frontend Development for Real Projects,This mentorship focuses on Frontend Development with practical applications.,Available,,senior,Senior,8,2024-08-31 00:00:00,0,855,1,2,3
795,Hands-on Mobile Development Training,This mentorship focuses on Mobile Development with practical applications.,Available,,senior,Beginner,10,2024-04-13 00:00:00,0,362,1,4,4
847,DevOps & Cloud for Beginners,This mentorship focuses on DevOps & Cloud with practical applications.,Available,,junior,Beginner,3,2024-01-07 00:00:00,0,1288,1,5,5
1245,Motion Design for Beginners,This mentorship focuses on Motion Design with practical applications.,Available,,sophomore,Junior,5,2025-07-30 00:00:00,0,1128,3,17,1
1165,Hands-on Backend Development Training,This mentorship focuses on Backend Development with practical applications.,Available,,freshman,Beginner,9,2025-07-01 00:00:00,0,1441,1,1,5
783,Hands-on Frontend Development Training,This mentorship focuses on Frontend Development with practical applications.,Available,,sophomore,Senior,10,2024-08-12 00:00:00,0,658,1,2,3
2063,Business Analysis for Real Projects,This mentorship focuses on Business Analysis with practical applications.,Available,,freshman,Beginner,6,2024-05-05 00:00:00,0,240,4,20,3
1474,Backend Development for Beginners,This mentorship focuses on Backend Development with practical applications.,Available,,junior,Beginner,9,2025-07-10 00:00:00,0,998,1,1,2
1974,Data Engineering for Real Projects,This mentorship focuses on Data Engineering with practical applications.,Available,,freshman,Senior,6,2025-05-03 00:00:00,0,1173,2,13,4
293,Mastering DevOps & Cloud,This mentorship focuses on DevOps & Cloud with practical applications.,Available,,sophomore,Junior,8,2025-09-20 00:00:00,0,973,1,5,5
165,Mastering Data Engineering,This mentorship focuses on Data Engineering with practical applications.,Available,,sophomore,Senior,5,2025-05-24 00:00:00,0,1028,2,13,4
1106,Hands-on Computer Vision Training,This mentorship focuses on Computer Vision with practical applications.,Available,,junior,Senior,3,2025-05-02 00:00:00,0,1466,2,9,2
2008,Hands-on System Design Training,This mentorship focuses on System Design with practical applications.,Available,,senior,Junior,4,2025-06-17 00:00:00,0,673,1,6,4
1985,Data Analysis for Real Projects,This mentorship focuses on Data Analysis with practical applications.,Available,,senior,Beginner,6,2025-10-08 00:00:00,1,656,2,11,4
724,Backend Development for Real Projects,This mentorship focuses on Backend Development with practical applications.,Available,,senior,Senior,9,2024-04-09 00:00:00,0,222,1,1,2
2331,Data Analysis for Real Projects,This mentorship focuses on Data Analysis with practical applications.,Available,,senior,Mid,3,2025-03-21 00:00:00,0,710,2,11,3
301,Frontend Development for Real Projects,This mentorship focuses on Frontend Development with practical applications.,Available,,freshman,Junior,7,2025-05-25 00:00:00,0,420,1,2,5
419,Hands-on UI/UX Design Training,This mentorship focuses on UI/UX Design with practical applications.,Available,,graduate,Mid,5,2024-04-08 00:00:00,0,1486,3,14,3
2235,Introduction to Motion Design,This mentorship focuses on Motion Design with practical applications.,Available,,sophomore,Junior,8,2025-09-13 00:00:00,0,1188,3,17,4
1701,Introduction to Backend Development,This mentorship focuses on Backend Development with practical applications.,Available,,senior,Mid,10,2024-12-29 00:00:00,0,350,1,1,4
2032,Hands-on Data Analysis Training,This mentorship focuses on Data Analysis with practical applications.,Available,,junior,Senior,10,2025-08-19 00:00:00,0,191,2,11,5
932,Introduction to Computer Vision,This mentorship focuses on Computer Vision with practical applications.,Available,,sophomore,Senior,4,2025-03-01 00:00:00,0,390,2,9,4
1490,Introduction to Entrepreneurship,This mentorship focuses on Entrepreneurship with practical applications.,Available,,sophomore,Mid,7,2025-09-05 00:00:00,0,433,4,23,3
2803,DevOps & Cloud for Real Projects,This mentorship focuses on DevOps & Cloud with practical applications.,Available,,senior,Mid,5,2024-10-17 00:00:00,0,1241,1,5,5
3073,Introduction to Data Engineering,This mentorship focuses on Data Engineering with practical applications.,Available,,senior,Senior,7,2024-10-27 00:00:00,0,1154,2,13,3
3035,Hands-on Full Stack Development Training,This mentorship focuses on Full Stack Development with practical applications.,Available,,senior,Junior,6,2025-07-27 00:00:00,0,961,1,3,5
2534,Hands-on Backend Development Training,This mentorship focuses on Backend Development with practical applications.,Available,,junior,Junior,3,2024-11-30 00:00:00,0,620,1,1,2
2220,Introduction to DevOps & Cloud,This mentorship focuses on DevOps & Cloud with practical applications.,Available,,graduate,Junior,7,2025-01-19 00:00:00,0,15,1,5,5
2945,Introduction to DevOps & Cloud,This mentorship focuses on DevOps & Cloud with practical applications.,Available,,graduate,Senior,3,2025-08-20 00:00:00,0,1500,1,5,3
1834,Frontend Development for Beginners,This mentorship focuses on Frontend Development with practical applications.,Available,,junior,Beginner,4,2025-08-12 00:00:00,0,1465,1,2,3
1975,Introduction to Data Engineering,This mentorship focuses on Data Engineering with practical applications.,Available,,graduate,Mid,6,2025-07-16 00:00:00,0,1173,2,13,4
2863,Introduction to Deep Learning,This mentorship focuses on Deep Learning with practical applications.,Available,,sophomore,Beginner,7,2025-10-15 00:00:00,0,40,2,8,3
1772,Frontend Development for Beginners,This mentorship focuses on Frontend Development with practical applications.,Available,,sophomore,Mid,4,2025-09-03 00:00:00,0,43,1,2,4
2211,Hands-on Full Stack Development Training,This mentorship focuses on Full Stack Development with practical applications.,Available,,junior,Beginner,10,2025-02-25 00:00:00,0,836,1,3,3
809,Backend Development for Real Projects,This mentorship focuses on Backend Development with practical applications.,Available,,sophomore,Mid,1,2024-09-12 00:00:00,0,236,1,1,3
1282,Introduction to Mobile Development,This mentorship focuses on Mobile Development with practical applications.,Available,,junior,Mid,10,2023-12-31 00:00:00,0,1096,1,4,3
2995,Backend Development for Beginners,This mentorship focuses on Backend Development with practical applications.,Available,,senior,Senior,2,2024-12-12 00:00:00,0,720,1,1,5
356,Data Science for Beginners,This mentorship focuses on Data Science with practical applications.,Available,,freshman,Beginner,5,2025-01-23 00:00:00,0,946,2,12,5
503,Data Analysis for Real Projects,This mentorship focuses on Data Analysis with practical applications.,Available,,sophomore,Senior,5,2025-09-29 00:00:00,0,806,2,11,3
687,Mobile Development for Real Projects,This mentorship focuses on Mobile Development with practical applications.,Available,,freshman,Junior,8,2025-10-09 00:00:00,0,1169,1,4,3
589,Introduction to DevOps & Cloud,This mentorship focuses on DevOps & Cloud with practical applications.,Available,,sophomore,Junior,10,2025-10-13 00:00:00,0,1165,1,5,4
2932,Hands-on System Design Training,This mentorship focuses on System Design with practical applications.,Available,,freshman,Mid,4,2024-11-18 00:00:00,0,1449,1,6,4
3137,Motion Design for Real Projects,This mentorship focuses on Motion Design with practical applications.,Available,,junior,Beginner,7,2025-07-11 00:00:00,0,585,3,17,4
31,Deep Learning for Real Projects,This mentorship focuses on Deep Learning with practical applications.,Available,,graduate,Beginner,7,2025-08-03 00:00:00,0,28,2,8,3
829,UI/UX Design for Beginners,This mentorship focuses on UI/UX Design with practical applications.,Available,,graduate,Junior,5,2025-10-11 00:00:00,0,660,3,14,4
814,Mastering Full Stack Development,This mentorship focuses on Full Stack Development with practical applications.,Available,,senior,Junior,10,2025-05-10 00:00:00,0,480,1,3,1
2797,Backend Development for Real Projects,This mentorship focuses on Backend Development with practical applications.,Available,,junior,Junior,3,2024-08-21 00:00:00,0,38,1,1,5
612,Mastering Product Design,This mentorship focuses on Product Design with practical applications.,Available,,sophomore,Beginner,7,2025-07-07 00:00:00,0,156,3,15,5
3146,Introduction to Backend Development,This mentorship focuses on Backend Development with practical applications.,Available,,graduate,Junior,2,2025-08-15 00:00:00,0,160,1,1,1
3149,Full Stack Development for Beginners,This mentorship focuses on Full Stack Development with practical applications.,Available,,senior,Junior,1,2024-11-13 00:00:00,0,1166,1,3,5
1859,Data Analysis for Beginners,This mentorship focuses on Data Analysis with practical applications.,Available,,senior,Beginner,3,2025-07-16 00:00:00,0,845,2,11,5
1819,Mastering Graphic Design,This mentorship focuses on Graphic Design with practical applications.,Available,,graduate,Senior,8,2024-04-25 00:00:00,0,273,3,16,5
3197,Motion Design for Beginners,This mentorship focuses on Motion Design with practical applications.,Available,,senior,Senior,7,2024-08-13 00:00:00,0,1400,3,17,4
2438,Backend Development for Real Projects,This mentorship focuses on Backend Development with practical applications.,Available,,graduate,Senior,9,2024-03-26 00:00:00,0,1100,1,1,3
2399,Mastering Backend Development,This mentorship focuses on Backend Development with practical applications.,Available,,junior,Beginner,3,2025-10-15 00:00:00,0,125,1,1,5
217,Computer Vision for Real Projects,This mentorship focuses on Computer Vision with practical applications.,Available,,sophomore,Senior,5,2025-09-19 00:00:00,0,1493,2,9,4
1761,Mastering Full Stack Development,This mentorship focuses on Full Stack Development with practical applications.,Available,,freshman,Senior,4,2025-02-16 00:00:00,0,305,1,3,5
2801,Hands-on Full Stack Development Training,This mentorship focuses on Full Stack Development with practical applications.,Available,,junior,Senior,7,2024-06-14 00:00:00,0,1241,1,3,5
910,Business Analysis for Beginners,This mentorship focuses on Business Analysis with practical applications.,Available,,graduate,Beginner,5,2025-10-01 00:00:00,0,791,4,20,5
1133,Backend Development for Beginners,This mentorship focuses on Backend Development with practical applications.,Available,,sophomore,Beginner,3,2025-10-14 00:00:00,0,1187,1,1,4
2368,Introduction to Backend Development,This mentorship focuses on Backend Development with practical applications.,Available,,junior,Beginner,2,2025-10-09 00:00:00,1,709,1,1,3
2498,Mastering System Design,This mentorship focuses on System Design with practical applications.,Available,,junior,Junior,8,2025-01-04 00:00:00,0,491,1,6,5
2988,Mastering Deep Learning,This mentorship focuses on Deep Learning with practical applications.,Available,,junior,Junior,6,2024-06-12 00:00:00,0,1307,2,8,4
78,DevOps & Cloud for Real Projects,This mentorship focuses on DevOps & Cloud with practical applications.,Available,,graduate,Mid,3,2025-05-09 00:00:00,0,1360,1,5,4
867,Mastering Frontend Development,This mentorship focuses on Frontend Development with practical applications.,Available,,senior,Senior,8,2025-09-30 00:00:00,0,11,1,2,5
1913,Mastering System Design,This mentorship focuses on System Design with practical applications.,Available,,junior,Mid,5,2024-09-28 00:00:00,0,1228,1,6,4
2100,Hands-on Full Stack Development Training,This mentorship focuses on Full Stack Development with practical applications.,Available,,graduate,Mid,5,2025-04-19 00:00:00,0,511,1,3,5
2468,Frontend Development for Real Projects,This mentorship focuses on Frontend Development with practical applications.,Available,,freshman,Mid,2,2024-10-12 00:00:00,0,1286,1,2,5
860,Introduction to Backend Development,This mentorship focuses on Backend Development with practical applications.,Available,,freshman,Beginner,2,2025-01-13 00:00:00,0,1492,1,1,5
1010,Mastering Frontend Development,This mentorship focuses on Frontend Development with practical applications.,Available,,senior,Junior,1,2025-09-22 00:00:00,0,37,1,2,5
1832,Frontend Development for Real Projects,This mentorship focuses on Frontend Development with practical applications.,Available,,graduate,Junior,1,2024-05-03 00:00:00,0,1465,1,2,3
2883,Hands-on Product Design Training,This mentorship focuses on Product Design with practical applications.,Available,,sophomore,Junior,4,2025-09-16 00:00:00,0,529,3,15,4
1534,Mastering Full Stack Development,This mentorship focuses on Full Stack Development with practical applications.,Available,,junior,Junior,9,2025-05-17 00:00:00,0,756,1,3,4
1852,Entrepreneurship for Beginners,This mentorship focuses on Entrepreneurship with practical applications.,Available,,sophomore,Senior,2,2025-10-05 00:00:00,0,1238,4,23,4
2805,Backend Development for Real Projects,This mentorship focuses on Backend Development with practical applications.,Available,,graduate,Mid,7,2025-07-08 00:00:00,0,1241,1,1,5
1524,Mastering Project Management,This mentorship focuses on Project Management with practical applications.,Available,,freshman,Junior,8,2025-07-21 00:00:00,0,88,4,21,3
2925,Introduction to DevOps & Cloud,This mentorship focuses on DevOps & Cloud with practical applications.,Available,,senior,Junior,3,2025-09-16 00:00:00,0,1208,1,5,3
2557,Hands-on Data Analysis Training,This mentorship focuses on Data Analysis with practical applications.,Available,,freshman,Junior,1,2025-06-12 00:00:00,1,1153,2,11,4
1978,Introduction to Product Design,This mentorship focuses on Product Design with practical applications.,Available,,sophomore,Junior,7,2025-05-01 00:00:00,0,313,3,15,3
2036,System Design for Beginners,This mentorship focuses on System Design with practical applications.,Available,,sophomore,Junior,5,2025-08-12 00:00:00,0,783,1,6,4
1280,Mastering Backend Development,This mentorship focuses on Backend Development with practical applications.,Available,,freshman,Junior,6,2025-09-09 00:00:00,0,1147,1,1,3
1694,Mastering Mobile Development,This mentorship focuses on Mobile Development with practical applications.,Available,,senior,Beginner,9,2025-09-05 00:00:00,0,199,1,4,5
1488,Mastering Entrepreneurship,This mentorship focuses on Entrepreneurship with practical applications.,Available,,sophomore,Junior,6,2024-12-02 00:00:00,0,433,4,23,3
283,Mastering Data Science,This mentorship focuses on Data Science with practical applications.,Available,,senior,Mid,8,2024-11-11 00:00:00,0,1255,2,12,4
2424,Hands-on Machine Learning Training,This mentorship focuses on Machine Learning with practical applications.,Available,,senior,Mid,10,2025-08-30 00:00:00,0,701,2,7,4
1825,Hands-on Backend Development Training,This mentorship focuses on Backend Development with practical applications.,Available,,freshman,Senior,10,2025-05-20 00:00:00,0,556,1,1,5
1456,Introduction to Full Stack Development,This mentorship focuses on Full Stack Development with practical applications.,Available,,junior,Beginner,8,2025-06-02 00:00:00,0,1361,1,3,3
1289,Mastering Product Management,This mentorship focuses on Product Management with practical applications.,Available,,freshman,Mid,5,2025-05-19 00:00:00,0,550,4,19,1
1487,Hands-on Frontend Development Training,This mentorship focuses on Frontend Development with practical applications.,Available,,junior,Senior,10,2025-10-15 00:00:00,0,662,1,2,1
2262,Frontend Development for Real Projects,This mentorship focuses on Frontend Development with practical applications.,Available,,graduate,Beginner,7,2025-09-18 00:00:00,0,1051,1,2,3
2083,System Design for Real Projects,This mentorship focuses on System Design with practical applications.,Available,,junior,Beginner,1,2025-10-10 00:00:00,0,146,1,6,5
2278,UI/UX Design for Real Projects,This mentorship focuses on UI/UX Design with practical applications.,Available,,senior,Beginner,3,2025-06-13 00:00:00,0,337,3,14,2
1612,Hands-on Full Stack Development Training,This mentorship focuses on Full Stack Development with practical applications.,Available,,sophomore,Senior,10,2025-04-26 00:00:00,0,1141,1,3,4
507,Hands-on Backend Development Training,This mentorship focuses on Backend Development with practical applications.,Available,,junior,Junior,10,2024-07-14 00:00:00,0,927,1,1,4
2223,Hands-on Backend Development Training,This mentorship focuses on Backend Development with practical applications.,Available,,sophomore,Senior,3,2025-06-22 00:00:00,0,186,1,1,4
169,Product Management for Beginners,This mentorship focuses on Product Management with practical applications.,Available,,junior,Senior,9,2024-02-08 00:00:00,0,405,4,19,4
706,Introduction to Business Analysis,This mentorship focuses on Business Analysis with practical applications.,Available,,freshman,Mid,4,2024-08-28 00:00:00,0,327,4,20,5
2265,Mastering Machine Learning,This mentorship focuses on Machine Learning with practical applications.,Available,,senior,Mid,6,2024-11-21 00:00:00,0,563,2,7,2
2541,Deep Learning for Beginners,This mentorship focuses on Deep Learning with practical applications.,Available,,graduate,Mid,10,2025-08-16 00:00:00,0,120,2,8,3
610,UI/UX Design for Real Projects,This mentorship focuses on UI/UX Design with practical applications.,Available,,graduate,Senior,9,2025-05-29 00:00:00,0,156,3,14,5
1108,Mastering DevOps & Cloud,This mentorship focuses on DevOps & Cloud with practical applications.,Available,,sophomore,Beginner,4,2025-07-30 00:00:00,0,1,1,5,1
980,System Design for Beginners,This mentorship focuses on System Design with practical applications.,Available,,sophomore,Mid,5,2025-03-22 00:00:00,0,1130,1,6,4
1922,Introduction to Natural Language Processing,This mentorship focuses on Natural Language Processing with practical applications.,Available,,senior,Senior,5,2025-04-25 00:00:00,0,70,2,10,4
2214,Frontend Development for Beginners,This mentorship focuses on Frontend Development with practical applications.,Available,,junior,Beginner,7,2025-10-16 00:00:00,0,346,1,2,3
1233,Introduction to DevOps & Cloud,This mentorship focuses on DevOps & Cloud with practical applications.,Available,,graduate,Beginner,2,2025-03-23 00:00:00,0,1060,1,5,5
1773,Mobile Development for Real Projects,This mentorship focuses on Mobile Development with practical applications.,Available,,senior,Junior,2,2025-09-08 00:00:00,0,43,1,4,4
821,Natural Language Processing for Beginners,This mentorship focuses on Natural Language Processing with practical applications.,Available,,sophomore,Beginner,1,2025-08-01 00:00:00,0,554,2,10,5
2546,Hands-on Deep Learning Training,This mentorship focuses on Deep Learning with practical applications.,Available,,junior,Beginner,2,2025-05-07 00:00:00,0,1295,2,8,5
2610,Hands-on Product Design Training,This mentorship focuses on Product Design with practical applications.,Available,,senior,Beginner,3,2025-03-16 00:00:00,1,212,3,15,3
2005,Introduction to Natural Language Processing,This mentorship focuses on Natural Language Processing with practical applications.,Available,,senior,Junior,4,2025-10-03 00:00:00,0,945,2,10,3
2748,UI/UX Design for Beginners,This mentorship focuses on UI/UX Design with practical applications.,Available,,senior,Senior,2,2025-10-16 00:00:00,0,1390,3,14,3
210,Introduction to Motion Design,This mentorship focuses on Motion Design with practical applications.,Available,,senior,Mid,7,2025-01-19 00:00:00,0,165,3,17,5
1286,Mobile Development for Real Projects,This mentorship focuses on Mobile Development with practical applications.,Available,,sophomore,Mid,3,2024-06-23 00:00:00,0,288,1,4,4
2026,Motion Design for Beginners,This mentorship focuses on Motion Design with practical applications.,Available,,senior,Beginner,6,2024-08-22 00:00:00,0,426,3,17,3
2258,Mastering Natural Language Processing,This mentorship focuses on Natural Language Processing with practical applications.,Available,,sophomore,Beginner,5,2025-04-22 00:00:00,1,1248,2,10,4
1546,Mastering Career Coaching,This mentorship focuses on Career Coaching with practical applications.,Available,,freshman,Junior,9,2025-05-16 00:00:00,0,919,4,22,4
2808,Introduction to Entrepreneurship,This mentorship focuses on Entrepreneurship with practical applications.,Available,,sophomore,Beginner,5,2025-04-02 00:00:00,1,1402,4,23,5
1066,Hands-on Natural Language Processing Training,This mentorship focuses on Natural Language Processing with practical applications.,Available,,junior,Mid,6,2024-09-09 00:00:00,0,1061,2,10,3
1719,Hands-on Motion Design Training,This mentorship focuses on Motion Design with practical applications.,Available,,junior,Junior,10,2024-08-08 00:00:00,0,978,3,17,5
207,Data Analysis for Beginners,This mentorship focuses on Data Analysis with practical applications.,Available,,sophomore,Mid,8,2025-01-20 00:00:00,0,778,2,11,3
2904,Data Science for Real Projects,This mentorship focuses on Data Science with practical applications.,Available,,junior,Senior,4,2025-09-30 00:00:00,0,1328,2,12,4
2828,Hands-on Business Analysis Training,This mentorship focuses on Business Analysis with practical applications.,Available,,junior,Beginner,3,2025-10-12 00:00:00,1,1339,4,20,5
746,Hands-on Product Design Training,This mentorship focuses on Product Design with practical applications.,Available,,freshman,Mid,6,2025-04-13 00:00:00,0,336,3,15,5
2913,Data Engineering for Beginners,This mentorship focuses on Data Engineering with practical applications.,Available,,junior,Beginner,1,2024-12-13 00:00:00,0,351,2,13,3
1600,Mastering Backend Development,This mentorship focuses on Backend Development with practical applications.,Available,,sophomore,Junior,9,2025-08-11 00:00:00,0,391,1,1,4
249,Hands-on Product Design Training,This mentorship focuses on Product Design with practical applications.,Available,,senior,Beginner,4,2025-01-01 00:00:00,0,616,3,15,3
1816,System Design for Real Projects,This mentorship focuses on System Design with practical applications.,Available,,senior,Beginner,1,2024-10-24 00:00:00,0,1122,1,6,2
2890,Hands-on System Design Training,This mentorship focuses on System Design with practical applications.,Available,,graduate,Junior,5,2024-11-13 00:00:00,0,1273,1,6,3
688,Backend Development for Real Projects,This mentorship focuses on Backend Development with practical applications.,Available,,sophomore,Junior,3,2025-10-10 00:00:00,0,1169,1,1,3
109,Full Stack Development for Beginners,This mentorship focuses on Full Stack Development with practical applications.,Available,,senior,Beginner,9,2025-07-21 00:00:00,0,144,1,3,4
2194,Mastering Computer Vision,This mentorship focuses on Computer Vision with practical applications.,Available,,junior,Senior,6,2025-04-23 00:00:00,0,755,2,9,3
146,Introduction to DevOps & Cloud,This mentorship focuses on DevOps & Cloud with practical applications.,Available,,junior,Senior,10,2025-05-28 00:00:00,0,911,1,5,4
323,Mastering Data Science,This mentorship focuses on Data Science with practical applications.,Available,,senior,Junior,4,2024-08-04 00:00:00,0,680,2,12,5
2379,Introduction to DevOps & Cloud,This mentorship focuses on DevOps & Cloud with practical applications.,Available,,junior,Mid,8,2025-08-21 00:00:00,0,1236,1,5,4
2014,Deep Learning for Real Projects,This mentorship focuses on Deep Learning with practical applications.,Available,,graduate,Mid,6,2025-04-17 00:00:00,0,786,2,8,5
1117,Graphic Design for Real Projects,This mentorship focuses on Graphic Design with practical applications.,Available,,freshman,Mid,10,2025-02-20 00:00:00,0,1036,3,16,3
996,Mobile Development for Real Projects,This mentorship focuses on Mobile Development with practical applications.,Available,,junior,Junior,1,2024-12-15 00:00:00,0,1353,1,4,3
3150,DevOps & Cloud for Beginners,This mentorship focuses on DevOps & Cloud with practical applications.,Available,,graduate,Mid,9,2024-12-01 00:00:00,0,1166,1,5,5
1769,Data Engineering for Real Projects,This mentorship focuses on Data Engineering with practical applications.,Available,,senior,Mid,2,2025-09-16 00:00:00,0,83,2,13,1
1560,Data Science for Real Projects,This mentorship focuses on Data Science with practical applications.,Available,,freshman,Junior,5,2025-04-05 00:00:00,0,1270,2,12,4
1413,Mastering Graphic Design,This mentorship focuses on Graphic Design with practical applications.,Available,,graduate,Senior,4,2025-08-28 00:00:00,0,255,3,16,4
1070,Branding for Real Projects,This mentorship focuses on Branding with practical applications.,Available,,junior,Mid,9,2024-08-14 00:00:00,0,685,3,18,4
1770,Frontend Development for Real Projects,This mentorship focuses on Frontend Development with practical applications.,Available,,senior,Mid,8,2025-06-22 00:00:00,0,43,1,2,4
497,Frontend Development for Real Projects,This mentorship focuses on Frontend Development with practical applications.,Available,,graduate,Senior,4,2025-01-04 00:00:00,0,192,1,2,5
278,Graphic Design for Beginners,This mentorship focuses on Graphic Design with practical applications.,Available,,freshman,Beginner,10,2025-01-04 00:00:00,0,1289,3,16,2
2647,Hands-on System Design Training,This mentorship focuses on System Design with practical applications.,Available,,senior,Beginner,2,2025-08-30 00:00:00,0,404,1,6,4
1186,Frontend Development for Real Projects,This mentorship focuses on Frontend Development with practical applications.,Available,,sophomore,Senior,3,2024-10-14 00:00:00,0,227,1,2,5
3030,Hands-on Full Stack Development Training,This mentorship focuses on Full Stack Development with practical applications.,Available,,graduate,Beginner,8,2025-06-17 00:00:00,0,863,1,3,4
3141,Hands-on Backend Development Training,This mentorship focuses on Backend Development with practical applications.,Available,,graduate,Junior,5,2025-10-05 00:00:00,0,881,1,1,3
2853,Mastering System Design,This mentorship focuses on System Design with practical applications.,Available,,freshman,Junior,5,2025-10-16 00:00:00,1,850,1,6,2
560,Introduction to Data Analysis,This mentorship focuses on Data Analysis with practical applications.,Available,,sophomore,Mid,7,2025-06-23 00:00:00,0,653,2,11,4
1434,Full Stack Development for Beginners,This mentorship focuses on Full Stack Development with practical applications.,Available,,senior,Junior,1,2025-09-21 00:00:00,1,323,1,3,5
2003,Hands-on Data Analysis Training,This mentorship focuses on Data Analysis with practical applications.,Available,,junior,Senior,6,2024-08-03 00:00:00,0,945,2,11,3
1841,Mastering System Design,This mentorship focuses on System Design with practical applications.,Available,,sophomore,Junior,6,2024-05-22 00:00:00,0,234,1,6,5
1790,Machine Learning for Beginners,This mentorship focuses on Machine Learning with practical applications.,Available,,freshman,Senior,5,2025-07-31 00:00:00,0,369,2,7,1
336,Mastering Mobile Development,This mentorship focuses on Mobile Development with practical applications.,Available,,senior,Senior,8,2025-08-14 00:00:00,0,814,1,4,4
2298,Product Management for Beginners,This mentorship focuses on Product Management with practical applications.,Available,,sophomore,Junior,1,2025-09-22 00:00:00,0,1325,4,19,4
1068,Mastering Deep Learning,This mentorship focuses on Deep Learning with practical applications.,Available,,sophomore,Junior,4,2025-07-17 00:00:00,0,1061,2,8,3
2261,System Design for Beginners,This mentorship focuses on System Design with practical applications.,Available,,graduate,Mid,2,2025-09-05 00:00:00,0,1051,1,6,3
1382,Full Stack Development for Beginners,This mentorship focuses on Full Stack Development with practical applications.,Available,,graduate,Beginner,10,2025-09-01 00:00:00,0,1384,1,3,4
2378,Hands-on Full Stack Development Training,This mentorship focuses on Full Stack Development with practical applications.,Available,,junior,Mid,8,2025-06-25 00:00:00,0,1236,1,3,4
2663,Hands-on Mobile Development Training,This mentorship focuses on Mobile Development with practical applications.,Available,,freshman,Mid,10,2025-03-05 00:00:00,0,811,1,4,5
57,Graphic Design for Beginners,This mentorship focuses on Graphic Design with practical applications.,Available,,junior,Senior,3,2025-04-17 00:00:00,0,1164,3,16,2
151,Mastering Product Design,This mentorship focuses on Product Design with practical applications.,Available,,graduate,Senior,2,2025-06-30 00:00:00,0,1408,3,15,3
2212,Introduction to Full Stack Development,This mentorship focuses on Full Stack Development with practical applications.,Available,,freshman,Senior,6,2025-09-12 00:00:00,0,346,1,3,3
1570,Hands-on Mobile Development Training,This mentorship focuses on Mobile Development with practical applications.,Available,,sophomore,Mid,7,2025-08-11 00:00:00,0,1419,1,4,5
1764,Hands-on System Design Training,This mentorship focuses on System Design with practical applications.,Available,,freshman,Mid,8,2024-12-28 00:00:00,0,1341,1,6,3
1753,Hands-on Career Coaching Training,This mentorship focuses on Career Coaching with practical applications.,Available,,freshman,Senior,6,2025-09-30 00:00:00,0,492,4,22,3
1749,Hands-on UI/UX Design Training,This mentorship focuses on UI/UX Design with practical applications.,Available,,graduate,Junior,5,2025-09-16 00:00:00,0,686,3,14,3
108,Introduction to Full Stack Development,This mentorship focuses on Full Stack Development with practical applications.,Available,,junior,Junior,4,2025-05-10 00:00:00,0,144,1,3,4
400,Mastering System Design,This mentorship focuses on System Design with practical applications.,Available,,junior,Mid,3,2025-08-21 00:00:00,0,843,1,6,5
1621,Mastering Motion Design,This mentorship focuses on Motion Design with practical applications.,Available,,sophomore,Mid,10,2025-10-17 00:00:00,0,1265,3,17,4
1330,Hands-on Product Design Training,This mentorship focuses on Product Design with practical applications.,Available,,junior,Senior,8,2025-09-01 00:00:00,0,547,3,15,2
2290,Data Science for Beginners,This mentorship focuses on Data Science with practical applications.,Available,,graduate,Mid,10,2025-02-21 00:00:00,0,979,2,12,4
2909,Data Engineering for Real Projects,This mentorship focuses on Data Engineering with practical applications.,Available,,freshman,Junior,4,2024-04-28 00:00:00,0,1072,2,13,4
53,Product Design for Beginners,This mentorship focuses on Product Design with practical applications.,Available,,freshman,Beginner,6,2025-04-04 00:00:00,0,521,3,15,4
1128,Mastering Mobile Development,This mentorship focuses on Mobile Development with practical applications.,Available,,freshman,Junior,10,2025-09-28 00:00:00,0,956,1,4,3
970,Mastering Full Stack Development,This mentorship focuses on Full Stack Development with practical applications.,Available,,junior,Beginner,7,2024-08-22 00:00:00,0,894,1,3,4
2257,Hands-on Computer Vision Training,This mentorship focuses on Computer Vision with practical applications.,Available,,freshman,Senior,7,2024-12-19 00:00:00,0,1248,2,9,4
2260,Data Engineering for Real Projects,This mentorship focuses on Data Engineering with practical applications.,Available,,graduate,Beginner,6,2025-08-16 00:00:00,0,1248,2,13,4
1610,Mastering Mobile Development,This mentorship focuses on Mobile Development with practical applications.,Available,,junior,Junior,10,2025-08-26 00:00:00,0,409,1,4,4
379,Motion Design for Real Projects,This mentorship focuses on Motion Design with practical applications.,Available,,senior,Senior,4,2025-01-17 00:00:00,0,968,3,17,4
1368,Hands-on Business Analysis Training,This mentorship focuses on Business Analysis with practical applications.,Available,,freshman,Beginner,9,2025-07-15 00:00:00,0,1396,4,20,2
2371,Hands-on Mobile Development Training,This mentorship focuses on Mobile Development with practical applications.,Available,,sophomore,Mid,8,2025-01-26 00:00:00,0,194,1,4,4
413,Machine Learning for Beginners,This mentorship focuses on Machine Learning with practical applications.,Available,,graduate,Beginner,8,2025-09-13 00:00:00,0,435,2,7,4
1301,Hands-on Entrepreneurship Training,This mentorship focuses on Entrepreneurship with practical applications.,Available,,junior,Beginner,4,2025-09-10 00:00:00,0,1304,4,23,3
580,Introduction to Data Engineering,This mentorship focuses on Data Engineering with practical applications.,Available,,freshman,Mid,4,2024-09-17 00:00:00,0,1174,2,13,1
2985,Graphic Design for Real Projects,This mentorship focuses on Graphic Design with practical applications.,Available,,junior,Senior,10,2025-05-05 00:00:00,0,931,3,16,4
1266,Hands-on Entrepreneurship Training,This mentorship focuses on Entrepreneurship with practical applications.,Available,,junior,Junior,3,2024-09-24 00:00:00,0,1080,4,23,3
1904,Introduction to Entrepreneurship,This mentorship focuses on Entrepreneurship with practical applications.,Available,,graduate,Mid,4,2025-10-09 00:00:00,0,570,4,23,5
1512,Product Design for Beginners,This mentorship focuses on Product Design with practical applications.,Available,,freshman,Beginner,5,2025-09-29 00:00:00,0,1162,3,15,4
1248,Introduction to Full Stack Development,This mentorship focuses on Full Stack Development with practical applications.,Available,,graduate,Junior,8,2025-05-30 00:00:00,0,840,1,3,4
2581,Backend Development for Real Projects,This mentorship focuses on Backend Development with practical applications.,Available,,senior,Junior,9,2025-04-07 00:00:00,0,892,1,1,4
1420,Introduction to Mobile Development,This mentorship focuses on Mobile Development with practical applications.,Available,,junior,Mid,2,2024-08-18 00:00:00,0,171,1,4,1
1884,Hands-on System Design Training,This mentorship focuses on System Design with practical applications.,Available,,graduate,Senior,7,2025-09-04 00:00:00,0,1145,1,6,4
2838,Introduction to Mobile Development,This mentorship focuses on Mobile Development with practical applications.,Available,,junior,Junior,8,2024-09-14 00:00:00,0,55,1,4,2
3173,Mastering DevOps & Cloud,This mentorship focuses on DevOps & Cloud with practical applications.,Available,,sophomore,Beginner,4,2025-08-01 00:00:00,0,81,1,5,5
2629,Mastering Entrepreneurship,This mentorship focuses on Entrepreneurship with practical applications.,Available,,graduate,Mid,7,2025-09-02 00:00:00,0,991,4,23,3
2101,Hands-on DevOps & Cloud Training,This mentorship focuses on DevOps & Cloud with practical applications.,Available,,senior,Beginner,5,2025-05-10 00:00:00,0,511,1,5,5
526,System Design for Beginners,This mentorship focuses on System Design with practical applications.,Available,,freshman,Beginner,6,2025-05-28 00:00:00,0,1065,1,6,4
2540,Mastering Deep Learning,This mentorship focuses on Deep Learning with practical applications.,Available,,sophomore,Beginner,5,2024-06-23 00:00:00,1,120,2,8,3
2187,Product Design for Beginners,This mentorship focuses on Product Design with practical applications.,Available,,graduate,Senior,7,2025-02-21 00:00:00,0,363,3,15,2
1410,Hands-on Backend Development Training,This mentorship focuses on Backend Development with practical applications.,Available,,freshman,Senior,2,2025-09-25 00:00:00,0,301,1,1,2
1138,Hands-on Data Engineering Training,This mentorship focuses on Data Engineering with practical applications.,Available,,freshman,Senior,3,2025-09-22 00:00:00,0,522,2,13,5
1797,DevOps & Cloud for Beginners,This mentorship focuses on DevOps & Cloud with practical applications.,Available,,graduate,Junior,4,2024-10-25 00:00:00,0,359,1,5,4
2938,Hands-on System Design Training,This mentorship focuses on System Design with practical applications.,Available,,senior,Mid,5,2025-10-14 00:00:00,0,1159,1,6,4
418,Hands-on Backend Development Training,This mentorship focuses on Backend Development with practical applications.,Available,,graduate,Mid,6,2025-08-20 00:00:00,0,882,1,1,3
2017,Introduction to Deep Learning,This mentorship focuses on Deep Learning with practical applications.,Available,,sophomore,Beginner,9,2025-06-10 00:00:00,0,786,2,8,5
2166,Backend Development for Real Projects,This mentorship focuses on Backend Development with practical applications.,Available,,junior,Junior,4,2025-01-05 00:00:00,0,1398,1,1,4
107,Mastering System Design,This mentorship focuses on System Design with practical applications.,Available,,sophomore,Senior,2,2025-03-18 00:00:00,0,144,1,6,4
2928,UI/UX Design for Beginners,This mentorship focuses on UI/UX Design with practical applications.,Available,,junior,Senior,8,2024-12-23 00:00:00,0,689,3,14,4
851,Mastering System Design,This mentorship focuses on System Design with practical applications.,Available,,graduate,Junior,4,2025-06-24 00:00:00,0,1288,1,6,5
2,Hands-on Graphic Design Training,This mentorship focuses on Graphic Design with practical applications.,Available,,senior,Beginner,3,2025-10-04 00:00:00,0,530,3,16,3
198,Hands-on Computer Vision Training,This mentorship focuses on Computer Vision with practical applications.,Available,,sophomore,Senior,9,2025-07-05 00:00:00,0,1093,2,9,3
1285,Mobile Development for Real Projects,This mentorship focuses on Mobile Development with practical applications.,Available,,graduate,Senior,10,2023-12-20 00:00:00,0,288,1,4,4
3136,Introduction to Motion Design,This mentorship focuses on Motion Design with practical applications.,Available,,sophomore,Senior,6,2025-07-01 00:00:00,0,585,3,17,4
196,DevOps & Cloud for Real Projects,This mentorship focuses on DevOps & Cloud with practical applications.,Available,,senior,Beginner,3,2025-05-10 00:00:00,0,1085,1,5,2
1736,Mastering UI/UX Design,This mentorship focuses on UI/UX Design with practical applications.,Available,,senior,Junior,8,2025-05-28 00:00:00,0,1366,3,14,3
1910,Mastering Frontend Development,This mentorship focuses on Frontend Development with practical applications.,Available,,freshman,Senior,6,2024-11-08 00:00:00,0,1297,1,2,3
2998,Branding for Beginners,This mentorship focuses on Branding with practical applications.,Available,,junior,Beginner,6,2025-09-19 00:00:00,0,361,3,18,3
16,Hands-on Product Design Training,This mentorship focuses on Product Design with practical applications.,Available,,freshman,Beginner,3,2025-08-06 00:00:00,0,324,3,15,4
2658,Hands-on Data Analysis Training,This mentorship focuses on Data Analysis with practical applications.,Available,,senior,Junior,3,2024-08-30 00:00:00,0,180,2,11,3
1161,Mastering Frontend Development,This mentorship focuses on Frontend Development with practical applications.,Available,,senior,Senior,4,2025-06-29 00:00:00,0,203,1,2,5
583,Hands-on Product Design Training,This mentorship focuses on Product Design with practical applications.,Available,,senior,Junior,4,2025-08-11 00:00:00,0,413,3,15,3
1102,Natural Language Processing for Beginners,This mentorship focuses on Natural Language Processing with practical applications.,Available,,sophomore,Senior,6,2025-09-15 00:00:00,0,805,2,10,4
2034,Mastering Computer Vision,This mentorship focuses on Computer Vision with practical applications.,Available,,freshman,Senior,8,2025-06-18 00:00:00,0,663,2,9,1
1092,Full Stack Development for Beginners,This mentorship focuses on Full Stack Development with practical applications.,Available,,senior,Junior,6,2025-06-13 00:00:00,0,754,1,3,3
1577,Hands-on Computer Vision Training,This mentorship focuses on Computer Vision with practical applications.,Available,,graduate,Junior,7,2025-06-29 00:00:00,0,385,2,9,3
1959,Introduction to Career Coaching,This mentorship focuses on Career Coaching with practical applications.,Available,,freshman,Junior,9,2024-12-19 00:00:00,0,1129,4,22,2
2329,DevOps & Cloud for Real Projects,This mentorship focuses on DevOps & Cloud with practical applications.,Available,,freshman,Beginner,10,2025-07-25 00:00:00,0,555,1,5,2
2317,Mastering Natural Language Processing,This mentorship focuses on Natural Language Processing with practical applications.,Available,,junior,Junior,9,2025-09-04 00:00:00,0,748,2,10,3
1123,Branding for Beginners,This mentorship focuses on Branding with practical applications.,Available,,sophomore,Senior,7,2025-09-26 00:00:00,0,1299,3,18,4
1791,Hands-on Computer Vision Training,This mentorship focuses on Computer Vision with practical applications.,Available,,graduate,Junior,7,2024-12-17 00:00:00,0,1491,2,9,1
212,Hands-on Motion Design Training,This mentorship focuses on Motion Design with practical applications.,Available,,senior,Mid,6,2025-06-11 00:00:00,0,165,3,17,5
2970,Data Science for Beginners,This mentorship focuses on Data Science with practical applications.,Available,,senior,Junior,10,2025-10-04 00:00:00,0,800,2,12,4
2522,Machine Learning for Beginners,This mentorship focuses on Machine Learning with practical applications.,Available,,sophomore,Mid,2,2025-09-02 00:00:00,0,1332,2,7,4
3154,Hands-on Graphic Design Training,This mentorship focuses on Graphic Design with practical applications.,Available,,freshman,Junior,6,2025-08-19 00:00:00,0,1476,3,16,5
2192,Mastering Deep Learning,This mentorship focuses on Deep Learning with practical applications.,Available,,senior,Senior,10,2024-12-24 00:00:00,0,755,2,8,3
1838,Mastering Data Science,This mentorship focuses on Data Science with practical applications.,Available,,junior,Mid,7,2025-08-09 00:00:00,0,1001,2,12,2
2142,Introduction to Data Engineering,This mentorship focuses on Data Engineering with practical applications.,Available,,senior,Senior,10,2025-01-19 00:00:00,0,201,2,13,3
401,Full Stack Development for Real Projects,This mentorship focuses on Full Stack Development with practical applications.,Available,,freshman,Junior,10,2025-10-12 00:00:00,0,843,1,3,5
1238,Introduction to Backend Development,This mentorship focuses on Backend Development with practical applications.,Available,,senior,Junior,3,2025-10-17 00:00:00,0,996,1,1,4
999,Mastering Machine Learning,This mentorship focuses on Machine Learning with practical applications.,Available,,freshman,Senior,10,2024-04-18 00:00:00,0,91,2,7,3
2450,Introduction to System Design,This mentorship focuses on System Design with practical applications.,Available,,graduate,Junior,7,2025-04-26 00:00:00,0,245,1,6,5
2967,Hands-on Frontend Development Training,This mentorship focuses on Frontend Development with practical applications.,Available,,sophomore,Beginner,3,2025-10-17 00:00:00,0,338,1,2,1
2871,Data Engineering for Real Projects,This mentorship focuses on Data Engineering with practical applications.,Available,,senior,Senior,3,2025-01-28 00:00:00,0,13,2,13,5
1750,Mastering Motion Design,This mentorship focuses on Motion Design with practical applications.,Available,,junior,Beginner,8,2025-10-14 00:00:00,1,686,3,17,3
2099,Hands-on System Design Training,This mentorship focuses on System Design with practical applications.,Available,,sophomore,Senior,2,2025-01-31 00:00:00,0,511,1,6,5
491,Hands-on DevOps & Cloud Training,This mentorship focuses on DevOps & Cloud with practical applications.,Available,,junior,Junior,10,2025-07-13 00:00:00,0,825,1,5,3
2831,Career Coaching for Beginners,This mentorship focuses on Career Coaching with practical applications.,Available,,junior,Senior,4,2025-10-15 00:00:00,0,1339,4,22,5
324,Introduction to Data Science,This mentorship focuses on Data Science with practical applications.,Available,,sophomore,Senior,2,2025-03-24 00:00:00,0,680,2,12,5
1005,Hands-on Branding Training,This mentorship focuses on Branding with practical applications.,Available,,junior,Junior,7,2025-10-04 00:00:00,0,884,3,18,4
464,Graphic Design for Real Projects,This mentorship focuses on Graphic Design with practical applications.,Available,,sophomore,Senior,8,2025-09-02 00:00:00,0,734,3,16,5
767,System Design for Beginners,This mentorship focuses on System Design with practical applications.,Available,,graduate,Junior,4,2025-05-20 00:00:00,0,865,1,6,4
1178,System Design for Real Projects,This mentorship focuses on System Design with practical applications.,Available,,junior,Beginner,3,2025-02-15 00:00:00,0,890,1,6,5
1022,Hands-on Backend Development Training,This mentorship focuses on Backend Development with practical applications.,Available,,graduate,Senior,5,2024-07-17 00:00:00,0,817,1,1,3
1779,Mastering Backend Development,This mentorship focuses on Backend Development with practical applications.,Available,,sophomore,Mid,2,2024-11-27 00:00:00,0,948,1,1,5
1290,Data Engineering for Beginners,This mentorship focuses on Data Engineering with practical applications.,Available,,sophomore,Junior,10,2024-09-21 00:00:00,0,1429,2,13,5
897,System Design for Real Projects,This mentorship focuses on System Design with practical applications.,Available,,freshman,Mid,2,2025-08-23 00:00:00,0,379,1,6,5
719,Data Science for Beginners,This mentorship focuses on Data Science with practical applications.,Available,,freshman,Beginner,5,2025-07-12 00:00:00,1,999,2,12,3
2749,UI/UX Design for Beginners,This mentorship focuses on UI/UX Design with practical applications.,Available,,freshman,Junior,3,2024-03-31 00:00:00,1,473,3,14,3
1139,Introduction to Data Engineering,This mentorship focuses on Data Engineering with practical applications.,Available,,sophomore,Mid,9,2025-10-02 00:00:00,0,522,2,13,5
3051,Introduction to Backend Development,This mentorship focuses on Backend Development with practical applications.,Available,,junior,Senior,7,2025-05-17 00:00:00,0,982,1,1,5
2283,Mastering Mobile Development,This mentorship focuses on Mobile Development with practical applications.,Available,,junior,Junior,9,2025-08-05 00:00:00,0,141,1,4,4
2775,Machine Learning for Beginners,This mentorship focuses on Machine Learning with practical applications.,Available,,freshman,Junior,8,2025-01-25 00:00:00,0,1121,2,7,3
2430,Introduction to Product Design,This mentorship focuses on Product Design with practical applications.,Available,,graduate,Junior,3,2024-08-02 00:00:00,0,448,3,15,4
1345,Mastering Product Management,This mentorship focuses on Product Management with practical applications.,Available,,senior,Beginner,8,2025-05-31 00:00:00,0,664,4,19,2
1697,Introduction to Branding,This mentorship focuses on Branding with practical applications.,Available,,senior,Mid,8,2025-08-23 00:00:00,0,47,3,18,3
2543,Data Science for Real Projects,This mentorship focuses on Data Science with practical applications.,Available,,sophomore,Beginner,4,2024-09-02 00:00:00,0,1295,2,12,5
1378,Product Design for Beginners,This mentorship focuses on Product Design with practical applications.,Available,,freshman,Beginner,3,2024-08-13 00:00:00,1,867,3,15,4
769,Introduction to Full Stack Development,This mentorship focuses on Full Stack Development with practical applications.,Available,,sophomore,Beginner,10,2025-09-24 00:00:00,0,865,1,3,4
2671,Mastering Graphic Design,This mentorship focuses on Graphic Design with practical applications.,Available,,freshman,Beginner,13,2025-08-21 00:00:00,1,1498,3,16,4
11,Mastering UI/UX Design,This mentorship focuses on UI/UX Design with practical applications.,Available,,freshman,Senior,6,2025-03-15 00:00:00,0,514,3,14,4
2867,Introduction to Computer Vision,This mentorship focuses on Computer Vision with practical applications.,Available,,senior,Senior,9,2024-10-13 00:00:00,0,13,2,9,5
1142,Mastering Computer Vision,This mentorship focuses on Computer Vision with practical applications.,Available,,freshman,Senior,3,2025-10-14 00:00:00,0,522,2,9,5
2092,Hands-on Mobile Development Training,This mentorship focuses on Mobile Development with practical applications.,Available,,freshman,Mid,6,2025-10-02 00:00:00,0,1271,1,4,3
1646,Frontend Development for Real Projects,This mentorship focuses on Frontend Development with practical applications.,Available,,graduate,Senior,2,2025-03-10 00:00:00,0,1263,1,2,3
822,Computer Vision for Beginners,This mentorship focuses on Computer Vision with practical applications.,Available,,junior,Senior,8,2025-08-26 00:00:00,0,554,2,9,5
147,Backend Development for Real Projects,This mentorship focuses on Backend Development with practical applications.,Available,,senior,Junior,3,2025-10-13 00:00:00,0,911,1,1,4
2123,Introduction to Graphic Design,This mentorship focuses on Graphic Design with practical applications.,Available,,junior,Senior,7,2024-02-04 00:00:00,0,1134,3,16,2
360,Introduction to Natural Language Processing,This mentorship focuses on Natural Language Processing with practical applications.,Available,,freshman,Junior,2,2024-06-06 00:00:00,0,1480,2,10,3
2273,Product Design for Beginners,This mentorship focuses on Product Design with practical applications.,Available,,freshman,Mid,4,2024-11-20 00:00:00,0,809,3,15,3
815,Product Management for Beginners,This mentorship focuses on Product Management with practical applications.,Available,,junior,Beginner,6,2025-07-09 00:00:00,0,920,4,19,1
2760,Introduction to UI/UX Design,This mentorship focuses on UI/UX Design with practical applications.,Available,,sophomore,Senior,7,2025-09-27 00:00:00,0,1178,3,14,5
1803,Mastering Backend Development,This mentorship focuses on Backend Development with practical applications.,Available,,senior,Beginner,5,2025-08-30 00:00:00,0,432,1,1,3
794,Mastering Data Science,This mentorship focuses on Data Science with practical applications.,Available,,graduate,Mid,9,2025-09-30 00:00:00,0,1410,2,12,2
3027,Introduction to Full Stack Development,This mentorship focuses on Full Stack Development with practical applications.,Available,,sophomore,Mid,9,2025-08-03 00:00:00,0,692,1,3,3
2965,Mastering Motion Design,This mentorship focuses on Motion Design with practical applications.,Available,,graduate,Mid,4,2024-06-17 00:00:00,0,143,3,17,4
2367,Backend Development for Beginners,This mentorship focuses on Backend Development with practical applications.,Available,,freshman,Beginner,6,2025-09-27 00:00:00,1,709,1,1,3
1527,Introduction to Entrepreneurship,This mentorship focuses on Entrepreneurship with practical applications.,Available,,senior,Mid,10,2025-02-06 00:00:00,0,579,4,23,5
2222,Hands-on System Design Training,This mentorship focuses on System Design with practical applications.,Available,,sophomore,Senior,1,2025-06-28 00:00:00,0,15,1,6,5
372,Hands-on DevOps & Cloud Training,This mentorship focuses on DevOps & Cloud with practical applications.,Available,,sophomore,Junior,2,2024-07-25 00:00:00,0,676,1,5,2
1518,Data Engineering for Beginners,This mentorship focuses on Data Engineering with practical applications.,Available,,graduate,Junior,4,2025-05-19 00:00:00,0,815,2,13,4
3008,Graphic Design for Real Projects,This mentorship focuses on Graphic Design with practical applications.,Available,,junior,Beginner,6,2025-08-25 00:00:00,1,169,3,16,5
1038,Hands-on Machine Learning Training,This mentorship focuses on Machine Learning with practical applications.,Available,,senior,Senior,4,2025-10-17 00:00:00,0,289,2,7,5
3120,Introduction to Full Stack Development,This mentorship focuses on Full Stack Development with practical applications.,Available,,freshman,Beginner,9,2025-06-12 00:00:00,0,1397,1,3,3
2948,Backend Development for Real Projects,This mentorship focuses on Backend Development with practical applications.,Available,,junior,Junior,3,2025-09-19 00:00:00,0,326,1,1,4
2012,Full Stack Development for Beginners,This mentorship focuses on Full Stack Development with practical applications.,Available,,senior,Senior,10,2024-09-12 00:00:00,0,1103,1,3,2
2997,Introduction to Branding,This mentorship focuses on Branding with practical applications.,Available,,graduate,Mid,6,2025-06-01 00:00:00,0,361,3,18,3
2545,Natural Language Processing for Real Projects,This mentorship focuses on Natural Language Processing with practical applications.,Available,,senior,Mid,2,2025-02-03 00:00:00,0,1295,2,10,5
749,Hands-on Motion Design Training,This mentorship focuses on Motion Design with practical applications.,Available,,freshman,Junior,7,2025-06-09 00:00:00,0,336,3,17,5
2983,Hands-on Graphic Design Training,This mentorship focuses on Graphic Design with practical applications.,Available,,freshman,Senior,3,2024-09-16 00:00:00,0,931,3,16,4
270,Introduction to Data Engineering,This mentorship focuses on Data Engineering with practical applications.,Available,,junior,Senior,5,2025-08-08 00:00:00,0,983,2,13,2
2226,Introduction to Full Stack Development,This mentorship focuses on Full Stack Development with practical applications.,Available,,sophomore,Beginner,10,2025-08-19 00:00:00,1,186,1,3,4
753,Hands-on Frontend Development Training,This mentorship focuses on Frontend Development with practical applications.,Available,,junior,Junior,8,2024-07-05 00:00:00,0,376,1,2,3
2117,Hands-on Motion Design Training,This mentorship focuses on Motion Design with practical applications.,Available,,freshman,Beginner,8,2025-10-14 00:00:00,0,1207,3,17,2
1274,Hands-on System Design Training,This mentorship focuses on System Design with practical applications.,Available,,graduate,Senior,3,2025-01-28 00:00:00,0,1315,1,6,3
1367,Backend Development for Beginners,This mentorship focuses on Backend Development with practical applications.,Available,,sophomore,Mid,6,2025-10-10 00:00:00,0,1367,1,1,1
1676,Mastering Motion Design,This mentorship focuses on Motion Design with practical applications.,Available,,junior,Senior,3,2024-06-13 00:00:00,0,364,3,17,3
253,System Design for Real Projects,This mentorship focuses on System Design with practical applications.,Available,,freshman,Junior,6,2025-07-16 00:00:00,0,627,1,6,4
1433,Mastering Full Stack Development,This mentorship focuses on Full Stack Development with practical applications.,Available,,sophomore,Mid,9,2025-09-12 00:00:00,0,323,1,3,5
1055,Mastering Data Analysis,This mentorship focuses on Data Analysis with practical applications.,Available,,senior,Senior,4,2025-09-22 00:00:00,0,270,2,11,4
2297,Entrepreneurship for Real Projects,This mentorship focuses on Entrepreneurship with practical applications.,Available,,sophomore,Junior,3,2025-09-17 00:00:00,0,1325,4,23,4
368,Mobile Development for Real Projects,This mentorship focuses on Mobile Development with practical applications.,Available,,senior,Mid,5,2025-04-06 00:00:00,0,365,1,4,5
3016,Introduction to Mobile Development,This mentorship focuses on Mobile Development with practical applications.,Available,,freshman,Beginner,9,2025-07-18 00:00:00,0,702,1,4,4
1090,DevOps & Cloud for Real Projects,This mentorship focuses on DevOps & Cloud with practical applications.,Available,,senior,Junior,8,2025-02-25 00:00:00,0,754,1,5,3
1445,Hands-on Machine Learning Training,This mentorship focuses on Machine Learning with practical applications.,Available,,senior,Senior,5,2025-08-26 00:00:00,0,769,2,7,3
1798,Mastering DevOps & Cloud,This mentorship focuses on DevOps & Cloud with practical applications.,Available,,sophomore,Junior,8,2025-01-08 00:00:00,0,359,1,5,4
1506,Career Coaching for Beginners,This mentorship focuses on Career Coaching with practical applications.,Available,,graduate,Mid,1,2024-11-17 00:00:00,0,780,4,22,3
2551,Full Stack Development for Real Projects,This mentorship focuses on Full Stack Development with practical applications.,Available,,sophomore,Junior,3,2025-06-18 00:00:00,0,1127,1,3,5
1660,Introduction to Frontend Development,This mentorship focuses on Frontend Development with practical applications.,Available,,graduate,Mid,10,2025-09-13 00:00:00,0,1382,1,2,4
1235,Mastering System Design,This mentorship focuses on System Design with practical applications.,Available,,senior,Mid,2,2025-10-11 00:00:00,0,996,1,6,4
1654,Mastering Product Design,This mentorship focuses on Product Design with practical applications.,Available,,graduate,Mid,7,2025-10-07 00:00:00,0,1364,3,15,4
2284,Introduction to Data Science,This mentorship focuses on Data Science with practical applications.,Available,,freshman,Junior,6,2025-05-23 00:00:00,0,1453,2,12,5
2861,Deep Learning for Beginners,This mentorship focuses on Deep Learning with practical applications.,Available,,senior,Beginner,3,2025-09-28 00:00:00,0,40,2,8,3
2989,Natural Language Processing for Real Projects,This mentorship focuses on Natural Language Processing with practical applications.,Available,,sophomore,Mid,1,2024-11-22 00:00:00,0,1307,2,10,4
421,Motion Design for Real Projects,This mentorship focuses on Motion Design with practical applications.,Available,,graduate,Junior,4,2025-10-01 00:00:00,0,1486,3,17,3
1625,UI/UX Design for Real Projects,This mentorship focuses on UI/UX Design with practical applications.,Available,,senior,Junior,2,2025-06-22 00:00:00,0,888,3,14,4
1827,Introduction to System Design,This mentorship focuses on System Design with practical applications.,Available,,sophomore,Mid,8,2025-10-07 00:00:00,0,556,1,6,5
1291,Mastering Data Analysis,This mentorship focuses on Data Analysis with practical applications.,Available,,graduate,Beginner,9,2025-02-06 00:00:00,0,1429,2,11,5
598,Machine Learning for Beginners,This mentorship focuses on Machine Learning with practical applications.,Available,,sophomore,Junior,10,2025-03-25 00:00:00,0,395,2,7,2
1168,Natural Language Processing for Real Projects,This mentorship focuses on Natural Language Processing with practical applications.,Available,,freshman,Senior,1,2025-01-15 00:00:00,0,399,2,10,4
2837,DevOps & Cloud for Beginners,This mentorship focuses on DevOps & Cloud with practical applications.,Available,,junior,Junior,8,2024-07-20 00:00:00,0,55,1,5,2
1097,Mastering System Design,This mentorship focuses on System Design with practical applications.,Available,,graduate,Beginner,7,2025-10-17 00:00:00,0,649,1,6,2
2885,System Design for Real Projects,This mentorship focuses on System Design with practical applications.,Available,,senior,Senior,7,2025-01-12 00:00:00,0,1461,1,6,5
1243,Full Stack Development for Real Projects,This mentorship focuses on Full Stack Development with practical applications.,Available,,sophomore,Mid,3,2025-04-02 00:00:00,1,410,1,3,4
2299,Hands-on Product Management Training,This mentorship focuses on Product Management with practical applications.,Available,,sophomore,Junior,6,2025-08-30 00:00:00,0,1368,4,19,4
2074,Product Design for Real Projects,This mentorship focuses on Product Design with practical applications.,Available,,senior,Mid,1,2025-10-11 00:00:00,0,548,3,15,4
2465,Hands-on Product Design Training,This mentorship focuses on Product Design with practical applications.,Available,,freshman,Senior,2,2025-05-03 00:00:00,0,631,3,15,3
1054,Hands-on Data Analysis Training,This mentorship focuses on Data Analysis with practical applications.,Available,,junior,Junior,2,2025-09-03 00:00:00,0,270,2,11,4
3139,Introduction to Backend Development,This mentorship focuses on Backend Development with practical applications.,Available,,freshman,Junior,10,2025-08-13 00:00:00,0,881,1,1,3
353,Introduction to Data Science,This mentorship focuses on Data Science with practical applications.,Available,,junior,Mid,5,2024-05-14 00:00:00,0,946,2,12,5
1037,Introduction to Machine Learning,This mentorship focuses on Machine Learning with practical applications.,Available,,senior,Beginner,6,2025-10-16 00:00:00,0,289,2,7,5
17,Data Science for Real Projects,This mentorship focuses on Data Science with practical applications.,Available,,senior,Senior,3,2025-03-24 00:00:00,0,286,2,12,3
2255,Mastering Motion Design,This mentorship focuses on Motion Design with practical applications.,Available,,freshman,Beginner,2,2025-07-21 00:00:00,0,1078,3,17,3
2385,Mastering Motion Design,This mentorship focuses on Motion Design with practical applications.,Available,,freshman,Mid,9,2025-02-22 00:00:00,0,541,3,17,1
2122,Hands-on Data Analysis Training,This mentorship focuses on Data Analysis with practical applications.,Available,,junior,Mid,2,2025-06-09 00:00:00,0,68,2,11,1
1213,Hands-on DevOps & Cloud Training,This mentorship focuses on DevOps & Cloud with practical applications.,Available,,junior,Junior,2,2025-05-29 00:00:00,0,3,1,5,4
1835,Hands-on UI/UX Design Training,This mentorship focuses on UI/UX Design with practical applications.,Available,,freshman,Junior,8,2025-05-10 00:00:00,0,297,3,14,3
2414,Mastering Full Stack Development,This mentorship focuses on Full Stack Development with practical applications.,Available,,sophomore,Mid,2,2025-10-05 00:00:00,0,342,1,3,5
550,Mastering DevOps & Cloud,This mentorship focuses on DevOps & Cloud with practical applications.,Available,,graduate,Senior,3,2024-10-07 00:00:00,0,538,1,5,4
2864,Frontend Development for Beginners,This mentorship focuses on Frontend Development with practical applications.,Available,,graduate,Beginner,6,2024-10-17 00:00:00,0,501,1,2,3
2943,Hands-on DevOps & Cloud Training,This mentorship focuses on DevOps & Cloud with practical applications.,Available,,freshman,Mid,7,2024-10-02 00:00:00,0,1500,1,5,3
1314,Entrepreneurship for Real Projects,This mentorship focuses on Entrepreneurship with practical applications.,Available,,freshman,Beginner,3,2024-12-27 00:00:00,0,384,4,23,3
3101,Mastering Career Coaching,This mentorship focuses on Career Coaching with practical applications.,Available,,graduate,Junior,1,2025-03-13 00:00:00,0,72,4,22,4
2876,Introduction to Graphic Design,This mentorship focuses on Graphic Design with practical applications.,Available,,freshman,Junior,5,2025-09-26 00:00:00,0,1206,3,16,4
305,Motion Design for Real Projects,This mentorship focuses on Motion Design with practical applications.,Available,,freshman,Mid,4,2025-10-08 00:00:00,0,436,3,17,4
55,Product Design for Beginners,This mentorship focuses on Product Design with practical applications.,Available,,freshman,Senior,1,2025-06-23 00:00:00,0,521,3,15,4
1717,Introduction to Product Design,This mentorship focuses on Product Design with practical applications.,Available,,senior,Senior,10,2024-05-07 00:00:00,0,978,3,15,5
2050,Natural Language Processing for Beginners,This mentorship focuses on Natural Language Processing with practical applications.,Available,,freshman,Mid,5,2025-08-04 00:00:00,0,118,2,10,1
608,Product Design for Real Projects,This mentorship focuses on Product Design with practical applications.,Available,,senior,Mid,5,2025-03-23 00:00:00,0,156,3,15,5
2062,Data Engineering for Real Projects,This mentorship focuses on Data Engineering with practical applications.,Available,,graduate,Beginner,6,2025-07-19 00:00:00,0,460,2,13,4
344,Introduction to Product Design,This mentorship focuses on Product Design with practical applications.,Available,,graduate,Mid,4,2025-08-05 00:00:00,0,1201,3,15,4
2950,Mastering Frontend Development,This mentorship focuses on Frontend Development with practical applications.,Available,,sophomore,Senior,7,2025-09-11 00:00:00,0,1458,1,2,1
818,Mobile Development for Beginners,This mentorship focuses on Mobile Development with practical applications.,Available,,graduate,Senior,6,2025-07-29 00:00:00,0,1312,1,4,4
535,Introduction to DevOps & Cloud,This mentorship focuses on DevOps & Cloud with practical applications.,Available,,sophomore,Beginner,2,2024-12-27 00:00:00,0,553,1,5,5
2143,Data Engineering for Beginners,This mentorship focuses on Data Engineering with practical applications.,Available,,junior,Beginner,4,2025-01-31 00:00:00,0,201,2,13,3
3001,Mastering UI/UX Design,This mentorship focuses on UI/UX Design with practical applications.,Available,,sophomore,Junior,1,2025-09-25 00:00:00,0,1237,3,14,4
658,Full Stack Development for Beginners,This mentorship focuses on Full Stack Development with practical applications.,Available,,sophomore,Beginner,6,2025-03-28 00:00:00,0,575,1,3,3
67,Mobile Development for Real Projects,This mentorship focuses on Mobile Development with practical applications.,Available,,senior,Mid,1,2025-08-14 00:00:00,1,872,1,4,2
2632,System Design for Beginners,This mentorship focuses on System Design with practical applications.,Available,,senior,Beginner,7,2025-07-20 00:00:00,0,1284,1,6,4
1758,Hands-on System Design Training,This mentorship focuses on System Design with practical applications.,Available,,graduate,Beginner,10,2025-10-17 00:00:00,0,512,1,6,5
266,Hands-on Natural Language Processing Training,This mentorship focuses on Natural Language Processing with practical applications.,Available,,senior,Junior,2,2024-12-17 00:00:00,0,1434,2,10,4
2254,Motion Design for Beginners,This mentorship focuses on Motion Design with practical applications.,Available,,senior,Beginner,4,2025-05-23 00:00:00,0,1078,3,17,3
522,Introduction to DevOps & Cloud,This mentorship focuses on DevOps & Cloud with practical applications.,Available,,freshman,Senior,9,2025-04-29 00:00:00,0,66,1,5,3
1979,Mastering DevOps & Cloud,This mentorship focuses on DevOps & Cloud with practical applications.,Available,,graduate,Mid,4,2024-09-27 00:00:00,0,1012,1,5,4
1140,Introduction to Computer Vision,This mentorship focuses on Computer Vision with practical applications.,Available,,graduate,Mid,2,2025-10-08 00:00:00,0,522,2,9,5
1716,Hands-on Frontend Development Training,This mentorship focuses on Frontend Development with practical applications.,Available,,senior,Senior,1,2025-09-18 00:00:00,0,1327,1,2,5
1083,Hands-on Graphic Design Training,This mentorship focuses on Graphic Design with practical applications.,Available,,senior,Senior,3,2025-05-08 00:00:00,0,446,3,16,3
3038,System Design for Beginners,This mentorship focuses on System Design with practical applications.,Available,,junior,Beginner,7,2025-06-29 00:00:00,0,93,1,6,5
3005,Hands-on Project Management Training,This mentorship focuses on Project Management with practical applications.,Available,,senior,Senior,5,2025-07-08 00:00:00,0,906,4,21,1
1942,Business Analysis for Real Projects,This mentorship focuses on Business Analysis with practical applications.,Available,,senior,Beginner,4,2024-08-11 00:00:00,0,1274,4,20,3
2586,Hands-on DevOps & Cloud Training,This mentorship focuses on DevOps & Cloud with practical applications.,Available,,junior,Mid,2,2024-09-06 00:00:00,0,567,1,5,4
3185,Hands-on DevOps & Cloud Training,This mentorship focuses on DevOps & Cloud with practical applications.,Available,,junior,Senior,3,2025-08-28 00:00:00,0,587,1,5,4
1847,Hands-on Data Analysis Training,This mentorship focuses on Data Analysis with practical applications.,Available,,graduate,Senior,3,2025-10-17 00:00:00,0,343,2,11,3
3052,System Design for Beginners,This mentorship focuses on System Design with practical applications.,Available,,sophomore,Mid,6,2025-09-20 00:00:00,0,982,1,6,5
1246,Backend Development for Beginners,This mentorship focuses on Backend Development with practical applications.,Available,,junior,Senior,3,2024-11-26 00:00:00,0,840,1,1,4
1752,Introduction to Project Management,This mentorship focuses on Project Management with practical applications.,Available,,sophomore,Beginner,3,2025-05-28 00:00:00,0,492,4,21,3
2605,Hands-on Branding Training,This mentorship focuses on Branding with practical applications.,Available,,senior,Mid,6,2025-10-15 00:00:00,0,607,3,18,3
3015,Mobile Development for Real Projects,This mentorship focuses on Mobile Development with practical applications.,Available,,sophomore,Junior,7,2025-05-27 00:00:00,0,702,1,4,4
1768,Entrepreneurship for Beginners,This mentorship focuses on Entrepreneurship with practical applications.,Available,,sophomore,Beginner,3,2025-09-09 00:00:00,0,629,4,23,2
2141,Graphic Design for Real Projects,This mentorship focuses on Graphic Design with practical applications.,Available,,junior,Junior,9,2025-06-29 00:00:00,0,382,3,16,4
1866,System Design for Real Projects,This mentorship focuses on System Design with practical applications.,Available,,senior,Beginner,2,2025-10-15 00:00:00,0,1069,1,6,3
2028,Hands-on Computer Vision Training,This mentorship focuses on Computer Vision with practical applications.,Available,,graduate,Junior,9,2025-04-22 00:00:00,0,191,2,9,5
2377,Hands-on Graphic Design Training,This mentorship focuses on Graphic Design with practical applications.,Available,,freshman,Junior,4,2024-05-07 00:00:00,0,731,3,16,1
1284,Hands-on Full Stack Development Training,This mentorship focuses on Full Stack Development with practical applications.,Available,,graduate,Junior,1,2025-05-31 00:00:00,1,1096,1,3,3
83,Graphic Design for Beginners,This mentorship focuses on Graphic Design with practical applications.,Available,,senior,Mid,10,2024-04-08 00:00:00,0,243,3,16,5
2716,Product Design for Beginners,This mentorship focuses on Product Design with practical applications.,Available,,graduate,Mid,3,2025-09-14 00:00:00,0,1175,3,15,5
1845,Hands-on Machine Learning Training,This mentorship focuses on Machine Learning with practical applications.,Available,,sophomore,Senior,8,2025-10-13 00:00:00,0,343,2,7,3
2843,Hands-on Mobile Development Training,This mentorship focuses on Mobile Development with practical applications.,Available,,junior,Beginner,5,2025-04-10 00:00:00,0,331,1,4,5
527,System Design for Beginners,This mentorship focuses on System Design with practical applications.,Available,,graduate,Beginner,3,2025-08-05 00:00:00,0,1065,1,6,4
1099,Hands-on Full Stack Development Training,This mentorship focuses on Full Stack Development with practical applications.,Available,,graduate,Junior,7,2025-10-09 00:00:00,0,994,1,3,3
2860,Introduction to Backend Development,This mentorship focuses on Backend Development with practical applications.,Available,,graduate,Beginner,8,2025-09-18 00:00:00,0,981,1,1,2
2119,Mastering Mobile Development,This mentorship focuses on Mobile Development with practical applications.,Available,,freshman,Mid,7,2025-03-01 00:00:00,0,1021,1,4,4
2351,Mastering Data Science,This mentorship focuses on Data Science with practical applications.,Available,,graduate,Junior,3,2025-07-22 00:00:00,0,838,2,12,5
2332,Computer Vision for Real Projects,This mentorship focuses on Computer Vision with practical applications.,Available,,sophomore,Senior,9,2025-09-21 00:00:00,0,710,2,9,3
2357,Project Management for Real Projects,This mentorship focuses on Project Management with practical applications.,Available,,graduate,Junior,7,2025-10-02 00:00:00,0,334,4,21,5
2300,Mastering Project Management,This mentorship focuses on Project Management with practical applications.,Available,,freshman,Mid,4,2025-08-31 00:00:00,0,1368,4,21,4
1349,Introduction to Frontend Development,This mentorship focuses on Frontend Development with practical applications.,Available,,freshman,Mid,6,2025-07-01 00:00:00,0,650,1,2,2
542,Backend Development for Real Projects,This mentorship focuses on Backend Development with practical applications.,Available,,freshman,Mid,4,2025-08-28 00:00:00,0,977,1,1,4
3159,Mastering Natural Language Processing,This mentorship focuses on Natural Language Processing with practical applications.,Available,,sophomore,Senior,2,2025-08-27 00:00:00,0,647,2,10,5
2186,Introduction to Product Design,This mentorship focuses on Product Design with practical applications.,Available,,junior,Mid,9,2024-05-23 00:00:00,0,363,3,15,2
3040,Mastering Backend Development,This mentorship focuses on Backend Development with practical applications.,Available,,graduate,Junior,2,2025-09-17 00:00:00,0,93,1,1,5
15,Mastering Product Design,This mentorship focuses on Product Design with practical applications.,Available,,graduate,Junior,8,2025-05-26 00:00:00,0,324,3,15,4
1669,Computer Vision for Beginners,This mentorship focuses on Computer Vision with practical applications.,Available,,freshman,Mid,4,2025-10-13 00:00:00,0,233,2,9,3
335,DevOps & Cloud for Beginners,This mentorship focuses on DevOps & Cloud with practical applications.,Available,,junior,Junior,4,2025-07-14 00:00:00,0,814,1,5,4
1864,Hands-on System Design Training,This mentorship focuses on System Design with practical applications.,Available,,sophomore,Junior,8,2025-10-11 00:00:00,0,1069,1,6,3
2487,System Design for Beginners,This mentorship focuses on System Design with practical applications.,Available,,graduate,Beginner,4,2025-10-08 00:00:00,0,1247,1,6,3
1060,Hands-on System Design Training,This mentorship focuses on System Design with practical applications.,Available,,graduate,Senior,9,2024-10-31 00:00:00,0,1077,1,6,3
1579,System Design for Beginners,This mentorship focuses on System Design with practical applications.,Available,,freshman,Beginner,4,2024-07-29 00:00:00,0,422,1,6,3
2097,Mastering Business Analysis,This mentorship focuses on Business Analysis with practical applications.,Available,,senior,Junior,7,2025-10-17 00:00:00,0,1148,4,20,5
912,Entrepreneurship for Real Projects,This mentorship focuses on Entrepreneurship with practical applications.,Available,,senior,Senior,5,2025-10-13 00:00:00,0,791,4,23,5
156,Introduction to Deep Learning,This mentorship focuses on Deep Learning with practical applications.,Available,,sophomore,Senior,7,2025-07-30 00:00:00,0,534,2,8,3
1120,Branding for Beginners,This mentorship focuses on Branding with practical applications.,Available,,junior,Mid,4,2024-11-11 00:00:00,0,1299,3,18,4
3010,Graphic Design for Beginners,This mentorship focuses on Graphic Design with practical applications.,Available,,graduate,Mid,7,2025-10-12 00:00:00,0,169,3,16,5
2830,Business Analysis for Beginners,This mentorship focuses on Business Analysis with practical applications.,Available,,freshman,Junior,3,2025-10-14 00:00:00,0,1339,4,20,5
1865,Hands-on Mobile Development Training,This mentorship focuses on Mobile Development with practical applications.,Available,,graduate,Junior,3,2025-10-14 00:00:00,0,1069,1,4,3
2402,Introduction to DevOps & Cloud,This mentorship focuses on DevOps & Cloud with practical applications.,Available,,graduate,Senior,8,2024-10-22 00:00:00,0,646,1,5,5
194,Hands-on Business Analysis Training,This mentorship focuses on Business Analysis with practical applications.,Available,,junior,Mid,2,2025-04-19 00:00:00,0,1212,4,20,2
523,System Design for Beginners,This mentorship focuses on System Design with practical applications.,Available,,senior,Junior,2,2025-09-18 00:00:00,0,66,1,6,3
600,DevOps & Cloud for Beginners,This mentorship focuses on DevOps & Cloud with practical applications.,Available,,freshman,Beginner,4,2025-05-06 00:00:00,0,1084,1,5,3
1324,DevOps & Cloud for Beginners,This mentorship focuses on DevOps & Cloud with practical applications.,Available,,freshman,Junior,2,2025-04-02 00:00:00,0,1460,1,5,5
2239,Introduction to System Design,This mentorship focuses on System Design with practical applications.,Available,,sophomore,Junior,7,2025-04-30 00:00:00,0,544,1,6,2
1982,Mastering System Design,This mentorship focuses on System Design with practical applications.,Available,,graduate,Junior,10,2025-10-14 00:00:00,0,1012,1,6,4
995,Backend Development for Real Projects,This mentorship focuses on Backend Development with practical applications.,Available,,senior,Mid,7,2025-09-18 00:00:00,0,732,1,1,4
2507,Natural Language Processing for Beginners,This mentorship focuses on Natural Language Processing with practical applications.,Available,,graduate,Mid,2,2024-08-01 00:00:00,0,1379,2,10,5
1945,Backend Development for Beginners,This mentorship focuses on Backend Development with practical applications.,Available,,sophomore,Senior,4,2024-12-18 00:00:00,0,223,1,1,3
1608,Introduction to Full Stack Development,This mentorship focuses on Full Stack Development with practical applications.,Available,,graduate,Mid,8,2025-07-19 00:00:00,0,409,1,3,4
762,Mastering Backend Development,This mentorship focuses on Backend Development with practical applications.,Available,,junior,Senior,8,2025-06-13 00:00:00,0,1008,1,1,4
1220,Mastering DevOps & Cloud,This mentorship focuses on DevOps & Cloud with practical applications.,Available,,graduate,Senior,8,2025-09-06 00:00:00,0,277,1,5,5
1091,Full Stack Development for Real Projects,This mentorship focuses on Full Stack Development with practical applications.,Available,,junior,Beginner,3,2025-04-22 00:00:00,0,754,1,3,3
265,Data Analysis for Real Projects,This mentorship focuses on Data Analysis with practical applications.,Available,,senior,Mid,3,2025-10-16 00:00:00,0,235,2,11,4
3096,Hands-on Mobile Development Training,This mentorship focuses on Mobile Development with practical applications.,Available,,senior,Junior,7,2025-07-05 00:00:00,0,1192,1,4,2
754,System Design for Real Projects,This mentorship focuses on System Design with practical applications.,Available,,freshman,Beginner,8,2025-02-10 00:00:00,0,376,1,6,3
2936,System Design for Beginners,This mentorship focuses on System Design with practical applications.,Available,,freshman,Beginner,10,2025-08-22 00:00:00,0,1159,1,6,4
3106,Mastering Full Stack Development,This mentorship focuses on Full Stack Development with practical applications.,Available,,graduate,Junior,5,2025-09-14 00:00:00,0,123,1,3,5
2103,Hands-on Machine Learning Training,This mentorship focuses on Machine Learning with practical applications.,Available,,senior,Mid,3,2024-05-11 00:00:00,0,1377,2,7,4
2246,Business Analysis for Real Projects,This mentorship focuses on Business Analysis with practical applications.,Available,,graduate,Junior,8,2025-09-02 00:00:00,0,271,4,20,4
2923,Mastering Backend Development,This mentorship focuses on Backend Development with practical applications.,Available,,sophomore,Senior,10,2025-02-03 00:00:00,0,1208,1,1,3
467,Mastering Product Management,This mentorship focuses on Product Management with practical applications.,Available,,senior,Beginner,5,2025-09-28 00:00:00,0,1024,4,19,3
1075,Mastering Frontend Development,This mentorship focuses on Frontend Development with practical applications.,Available,,graduate,Beginner,10,2025-08-24 00:00:00,0,1030,1,2,4
1554,Mastering Product Design,This mentorship focuses on Product Design with practical applications.,Available,,junior,Mid,6,2025-03-27 00:00:00,0,1303,3,15,3
139,Mastering Product Design,This mentorship focuses on Product Design with practical applications.,Available,,junior,Junior,3,2025-02-05 00:00:00,0,1240,3,15,2
2370,Backend Development for Beginners,This mentorship focuses on Backend Development with practical applications.,Available,,junior,Junior,8,2024-11-03 00:00:00,0,552,1,1,1
2608,Mastering Backend Development,This mentorship focuses on Backend Development with practical applications.,Available,,junior,Mid,6,2025-06-03 00:00:00,0,652,1,1,4
2920,Introduction to Product Design,This mentorship focuses on Product Design with practical applications.,Available,,junior,Mid,6,2025-08-07 00:00:00,0,520,3,15,4
865,Mastering DevOps & Cloud,This mentorship focuses on DevOps & Cloud with practical applications.,Available,,junior,Mid,6,2025-08-22 00:00:00,0,11,1,5,5
3198,Hands-on Motion Design Training,This mentorship focuses on Motion Design with practical applications.,Available,,graduate,Senior,10,2024-09-05 00:00:00,0,1400,3,17,4
561,Mastering Computer Vision,This mentorship focuses on Computer Vision with practical applications.,Available,,junior,Mid,5,2025-09-28 00:00:00,0,653,2,9,4
2163,Backend Development for Beginners,This mentorship focuses on Backend Development with practical applications.,Available,,senior,Senior,9,2024-02-15 00:00:00,0,1398,1,1,4
279,Motion Design for Beginners,This mentorship focuses on Motion Design with practical applications.,Available,,sophomore,Senior,4,2025-08-28 00:00:00,0,1289,3,17,2
802,Hands-on Machine Learning Training,This mentorship focuses on Machine Learning with practical applications.,Available,,graduate,Mid,9,2025-04-22 00:00:00,0,1404,2,7,3
3055,Full Stack Development for Real Projects,This mentorship focuses on Full Stack Development with practical applications.,Available,,sophomore,Senior,9,2024-07-04 00:00:00,0,1443,1,3,5
2933,Introduction to Frontend Development,This mentorship focuses on Frontend Development with practical applications.,Available,,graduate,Mid,3,2025-06-12 00:00:00,0,1449,1,2,4
1304,Introduction to Full Stack Development,This mentorship focuses on Full Stack Development with practical applications.,Available,,sophomore,Junior,7,2025-06-09 00:00:00,0,938,1,3,4
792,Branding for Beginners,This mentorship focuses on Branding with practical applications.,Available,,freshman,Senior,10,2025-06-28 00:00:00,0,1324,3,18,5
1359,Data Science for Real Projects,This mentorship focuses on Data Science with practical applications.,Available,,junior,Junior,7,2025-05-18 00:00:00,0,714,2,12,2
1969,Branding for Beginners,This mentorship focuses on Branding with practical applications.,Available,,sophomore,Mid,5,2024-07-11 00:00:00,0,430,3,18,3
2603,Introduction to Branding,This mentorship focuses on Branding with practical applications.,Available,,junior,Senior,5,2025-05-14 00:00:00,0,607,3,18,3
2383,Mobile Development for Real Projects,This mentorship focuses on Mobile Development with practical applications.,Available,,sophomore,Junior,8,2025-06-11 00:00:00,0,972,1,4,3
2044,Mastering Frontend Development,This mentorship focuses on Frontend Development with practical applications.,Available,,freshman,Senior,1,2025-07-07 00:00:00,0,427,1,2,1
1511,Mastering Branding,This mentorship focuses on Branding with practical applications.,Available,,graduate,Junior,1,2025-08-28 00:00:00,0,1162,3,18,4
896,Frontend Development for Beginners,This mentorship focuses on Frontend Development with practical applications.,Available,,sophomore,Junior,7,2025-07-26 00:00:00,0,379,1,2,5
547,DevOps & Cloud for Real Projects,This mentorship focuses on DevOps & Cloud with practical applications.,Available,,senior,Beginner,5,2025-02-23 00:00:00,0,824,1,5,2
2626,Project Management for Beginners,This mentorship focuses on Project Management with practical applications.,Available,,sophomore,Beginner,1,2025-10-16 00:00:00,0,839,4,21,4
2285,Introduction to Data Science,This mentorship focuses on Data Science with practical applications.,Available,,graduate,Beginner,9,2025-05-25 00:00:00,0,1453,2,12,5
1475,Mastering Backend Development,This mentorship focuses on Backend Development with practical applications.,Available,,freshman,Mid,2,2024-12-08 00:00:00,0,518,1,1,4
2648,Mastering DevOps & Cloud,This mentorship focuses on DevOps & Cloud with practical applications.,Available,,freshman,Mid,4,2025-09-16 00:00:00,0,404,1,5,4
1531,Mastering Product Management,This mentorship focuses on Product Management with practical applications.,Available,,senior,Senior,4,2025-10-16 00:00:00,0,579,4,19,5
2612,Introduction to Motion Design,This mentorship focuses on Motion Design with practical applications.,Available,,senior,Junior,10,2025-07-31 00:00:00,0,212,3,17,3
2665,Introduction to Mobile Development,This mentorship focuses on Mobile Development with practical applications.,Available,,graduate,Senior,2,2025-07-23 00:00:00,0,811,1,4,5
931,Mastering Data Engineering,This mentorship focuses on Data Engineering with practical applications.,Available,,senior,Mid,3,2025-01-29 00:00:00,0,390,2,13,4
12,Mastering UI/UX Design,This mentorship focuses on UI/UX Design with practical applications.,Available,,junior,Junior,8,2025-04-21 00:00:00,0,514,3,14,4
1718,Introduction to Product Design,This mentorship focuses on Product Design with practical applications.,Available,,junior,Mid,2,2024-05-19 00:00:00,0,978,3,15,5
2061,Mastering Natural Language Processing,This mentorship focuses on Natural Language Processing with practical applications.,Available,,graduate,Beginner,10,2025-05-19 00:00:00,0,460,2,10,4
2037,Introduction to Backend Development,This mentorship focuses on Backend Development with practical applications.,Available,,sophomore,Beginner,8,2025-08-13 00:00:00,0,783,1,1,4
941,Data Analysis for Real Projects,This mentorship focuses on Data Analysis with practical applications.,Available,,senior,Senior,3,2025-10-10 00:00:00,0,392,2,11,4
2205,Machine Learning for Real Projects,This mentorship focuses on Machine Learning with practical applications.,Available,,junior,Junior,10,2024-10-04 00:00:00,0,757,2,7,4
674,Introduction to Natural Language Processing,This mentorship focuses on Natural Language Processing with practical applications.,Available,,sophomore,Mid,4,2025-05-04 00:00:00,0,1394,2,10,3
417,Full Stack Development for Real Projects,This mentorship focuses on Full Stack Development with practical applications.,Available,,sophomore,Mid,10,2025-08-14 00:00:00,0,882,1,3,3
2794,Branding for Beginners,This mentorship focuses on Branding with practical applications.,Available,,freshman,Senior,5,2025-09-02 00:00:00,0,1494,3,18,4
1664,Computer Vision for Real Projects,This mentorship focuses on Computer Vision with practical applications.,Available,,freshman,Senior,7,2024-11-02 00:00:00,0,1456,2,9,4
721,Hands-on Natural Language Processing Training,This mentorship focuses on Natural Language Processing with practical applications.,Available,,freshman,Senior,4,2025-10-01 00:00:00,0,999,2,10,3
2154,Frontend Development for Real Projects,This mentorship focuses on Frontend Development with practical applications.,Available,,senior,Senior,10,2025-08-21 00:00:00,0,1063,1,2,4
2774,Mastering Data Engineering,This mentorship focuses on Data Engineering with practical applications.,Available,,sophomore,Beginner,9,2025-10-13 00:00:00,0,443,2,13,3
1240,Introduction to System Design,This mentorship focuses on System Design with practical applications.,Available,,junior,Senior,3,2025-03-08 00:00:00,0,1049,1,6,2
1051,Introduction to Product Design,This mentorship focuses on Product Design with practical applications.,Available,,freshman,Mid,6,2024-04-12 00:00:00,0,1053,3,15,4
1057,Mastering Natural Language Processing,This mentorship focuses on Natural Language Processing with practical applications.,Available,,graduate,Beginner,5,2024-06-29 00:00:00,0,1140,2,10,3
2233,Frontend Development for Real Projects,This mentorship focuses on Frontend Development with practical applications.,Available,,graduate,Mid,9,2024-06-29 00:00:00,0,724,1,2,3
416,Backend Development for Real Projects,This mentorship focuses on Backend Development with practical applications.,Available,,senior,Mid,2,2025-07-30 00:00:00,0,882,1,1,3
2705,Backend Development for Real Projects,This mentorship focuses on Backend Development with practical applications.,Available,,junior,Mid,2,2025-01-15 00:00:00,0,691,1,1,3
1041,Introduction to Motion Design,This mentorship focuses on Motion Design with practical applications.,Available,,junior,Mid,7,2025-10-05 00:00:00,0,1082,3,17,3
2349,Mastering Data Analysis,This mentorship focuses on Data Analysis with practical applications.,Available,,freshman,Mid,1,2025-06-08 00:00:00,0,838,2,11,5
1228,Introduction to System Design,This mentorship focuses on System Design with practical applications.,Available,,graduate,Beginner,1,2025-02-12 00:00:00,0,1048,1,6,4
3044,Full Stack Development for Beginners,This mentorship focuses on Full Stack Development with practical applications.,Available,,graduate,Beginner,2,2025-08-19 00:00:00,0,381,1,3,5
33,Mastering Product Design,This mentorship focuses on Product Design with practical applications.,Available,,sophomore,Junior,3,2025-07-27 00:00:00,0,295,3,15,3
1855,Introduction to Natural Language Processing,This mentorship focuses on Natural Language Processing with practical applications.,Available,,sophomore,Mid,9,2024-11-19 00:00:00,0,959,2,10,4
1665,Hands-on Computer Vision Training,This mentorship focuses on Computer Vision with practical applications.,Available,,junior,Beginner,4,2025-05-26 00:00:00,0,1456,2,9,4
2600,Entrepreneurship for Beginners,This mentorship focuses on Entrepreneurship with practical applications.,Available,,junior,Mid,10,2025-01-21 00:00:00,0,89,4,23,4
1414,Product Design for Beginners,This mentorship focuses on Product Design with practical applications.,Available,,freshman,Beginner,9,2025-09-29 00:00:00,1,255,3,15,4
761,Introduction to Frontend Development,This mentorship focuses on Frontend Development with practical applications.,Available,,junior,Junior,1,2025-09-29 00:00:00,0,1487,1,2,4
866,Hands-on Frontend Development Training,This mentorship focuses on Frontend Development with practical applications.,Available,,senior,Senior,2,2025-09-26 00:00:00,0,11,1,2,5
2780,Graphic Design for Beginners,This mentorship focuses on Graphic Design with practical applications.,Available,,graduate,Junior,5,2024-05-29 00:00:00,0,367,3,16,4
554,Computer Vision for Beginners,This mentorship focuses on Computer Vision with practical applications.,Available,,junior,Mid,7,2025-09-12 00:00:00,0,601,2,9,3
2899,Introduction to System Design,This mentorship focuses on System Design with practical applications.,Available,,junior,Senior,6,2024-12-27 00:00:00,0,487,1,6,3
962,Mastering System Design,This mentorship focuses on System Design with practical applications.,Available,,sophomore,Beginner,6,2025-06-26 00:00:00,0,1483,1,6,5
402,Introduction to Graphic Design,This mentorship focuses on Graphic Design with practical applications.,Available,,freshman,Senior,5,2024-11-08 00:00:00,0,209,3,16,2
2453,Introduction to Product Design,This mentorship focuses on Product Design with practical applications.,Available,,graduate,Mid,9,2024-04-25 00:00:00,0,804,3,15,3
1658,Hands-on Frontend Development Training,This mentorship focuses on Frontend Development with practical applications.,Available,,junior,Junior,7,2025-07-15 00:00:00,0,1382,1,2,4
2133,Hands-on Backend Development Training,This mentorship focuses on Backend Development with practical applications.,Available,,senior,Junior,9,2024-01-28 00:00:00,0,1357,1,1,4
2515,Branding for Beginners,This mentorship focuses on Branding with practical applications.,Available,,junior,Mid,7,2024-12-30 00:00:00,0,1198,3,18,3
1840,Mastering Full Stack Development,This mentorship focuses on Full Stack Development with practical applications.,Available,,graduate,Beginner,9,2024-04-07 00:00:00,0,234,1,3,5
2327,Hands-on Data Engineering Training,This mentorship focuses on Data Engineering with practical applications.,Available,,senior,Mid,1,2025-06-09 00:00:00,0,393,2,13,1
2024,Hands-on Machine Learning Training,This mentorship focuses on Machine Learning with practical applications.,Available,,graduate,Beginner,3,2024-12-10 00:00:00,0,202,2,7,1
3129,Career Coaching for Beginners,This mentorship focuses on Career Coaching with practical applications.,Available,,freshman,Beginner,8,2025-10-05 00:00:00,0,345,4,22,4
1446,Data Analysis for Real Projects,This mentorship focuses on Data Analysis with practical applications.,Available,,sophomore,Mid,2,2025-10-07 00:00:00,0,769,2,11,3
2146,Hands-on Data Analysis Training,This mentorship focuses on Data Analysis with practical applications.,Available,,sophomore,Mid,7,2024-07-23 00:00:00,0,976,2,11,5
3125,Hands-on Product Design Training,This mentorship focuses on Product Design with practical applications.,Available,,graduate,Junior,10,2025-07-08 00:00:00,0,1446,3,15,2
529,Motion Design for Real Projects,This mentorship focuses on Motion Design with practical applications.,Available,,graduate,Mid,7,2025-08-06 00:00:00,0,307,3,17,4
1404,Mastering Data Analysis,This mentorship focuses on Data Analysis with practical applications.,Available,,senior,Senior,9,2025-03-06 00:00:00,0,910,2,11,2
975,Deep Learning for Real Projects,This mentorship focuses on Deep Learning with practical applications.,Available,,senior,Junior,7,2025-03-30 00:00:00,0,109,2,8,4
2195,Introduction to Machine Learning,This mentorship focuses on Machine Learning with practical applications.,Available,,graduate,Beginner,2,2025-02-23 00:00:00,0,114,2,7,4
3084,Introduction to Frontend Development,This mentorship focuses on Frontend Development with practical applications.,Available,,junior,Beginner,8,2025-03-10 00:00:00,0,353,1,2,4
2812,Data Analysis for Real Projects,This mentorship focuses on Data Analysis with practical applications.,Available,,graduate,Beginner,4,2024-05-01 00:00:00,0,602,2,11,3
1687,Introduction to Frontend Development,This mentorship focuses on Frontend Development with practical applications.,Available,,graduate,Senior,5,2025-09-22 00:00:00,0,599,1,2,5
1461,Introduction to Project Management,This mentorship focuses on Project Management with practical applications.,Available,,junior,Junior,10,2025-07-23 00:00:00,0,190,4,21,4
502,Hands-on Deep Learning Training,This mentorship focuses on Deep Learning with practical applications.,Available,,junior,Junior,3,2025-10-15 00:00:00,0,549,2,8,3
477,Mastering Deep Learning,This mentorship focuses on Deep Learning with practical applications.,Available,,freshman,Mid,8,2024-10-05 00:00:00,0,59,2,8,3
3028,DevOps & Cloud for Beginners,This mentorship focuses on DevOps & Cloud with practical applications.,Available,,sophomore,Senior,5,2025-02-23 00:00:00,0,863,1,5,4
2164,Mobile Development for Real Projects,This mentorship focuses on Mobile Development with practical applications.,Available,,graduate,Junior,7,2024-08-21 00:00:00,0,1398,1,4,4
1794,Mastering UI/UX Design,This mentorship focuses on UI/UX Design with practical applications.,Available,,sophomore,Beginner,3,2025-05-25 00:00:00,1,1215,3,14,4
2520,Introduction to Data Analysis,This mentorship focuses on Data Analysis with practical applications.,Available,,freshman,Beginner,2,2025-07-15 00:00:00,0,1332,2,11,4
593,Introduction to Career Coaching,This mentorship focuses on Career Coaching with practical applications.,Available,,sophomore,Beginner,5,2025-10-05 00:00:00,0,711,4,22,4
1098,Full Stack Development for Beginners,This mentorship focuses on Full Stack Development with practical applications.,Available,,graduate,Mid,4,2025-10-08 00:00:00,0,994,1,3,3
2150,Mastering System Design,This mentorship focuses on System Design with practical applications.,Available,,junior,Junior,6,2025-10-17 00:00:00,0,455,1,6,1
1963,Hands-on Data Engineering Training,This mentorship focuses on Data Engineering with practical applications.,Available,,junior,Junior,8,2025-08-03 00:00:00,0,1081,2,13,3
2080,Introduction to System Design,This mentorship focuses on System Design with practical applications.,Available,,junior,Beginner,5,2025-10-05 00:00:00,0,146,1,6,5
981,Hands-on System Design Training,This mentorship focuses on System Design with practical applications.,Available,,freshman,Beginner,8,2025-07-14 00:00:00,0,1130,1,6,4
678,Mastering Mobile Development,This mentorship focuses on Mobile Development with practical applications.,Available,,freshman,Beginner,10,2025-10-14 00:00:00,0,200,1,4,2
1135,DevOps & Cloud for Real Projects,This mentorship focuses on DevOps & Cloud with practical applications.,Available,,graduate,Mid,2,2025-10-17 00:00:00,0,1187,1,5,4
1029,Full Stack Development for Beginners,This mentorship focuses on Full Stack Development with practical applications.,Available,,senior,Senior,7,2025-09-05 00:00:00,0,524,1,3,5
1425,DevOps & Cloud for Beginners,This mentorship focuses on DevOps & Cloud with practical applications.,Available,,sophomore,Senior,3,2025-10-02 00:00:00,0,56,1,5,5
875,DevOps & Cloud for Real Projects,This mentorship focuses on DevOps & Cloud with practical applications.,Available,,junior,Beginner,4,2024-06-27 00:00:00,0,1283,1,5,4
478,Hands-on Data Analysis Training,This mentorship focuses on Data Analysis with practical applications.,Available,,senior,Junior,5,2025-06-30 00:00:00,0,59,2,11,3
1241,Full Stack Development for Beginners,This mentorship focuses on Full Stack Development with practical applications.,Available,,junior,Mid,5,2024-12-24 00:00:00,0,410,1,3,4
2390,Full Stack Development for Beginners,This mentorship focuses on Full Stack Development with practical applications.,Available,,senior,Senior,5,2024-04-18 00:00:00,0,318,1,3,3
1072,Introduction to Graphic Design,This mentorship focuses on Graphic Design with practical applications.,Available,,senior,Beginner,6,2025-04-04 00:00:00,0,685,3,16,4
1713,Mastering Mobile Development,This mentorship focuses on Mobile Development with practical applications.,Available,,freshman,Junior,5,2025-05-24 00:00:00,0,1327,1,4,5
1539,Hands-on Product Design Training,This mentorship focuses on Product Design with practical applications.,Available,,freshman,Junior,10,2025-09-11 00:00:00,0,1251,3,15,4
1934,Product Design for Real Projects,This mentorship focuses on Product Design with practical applications.,Available,,graduate,Junior,3,2024-09-04 00:00:00,0,84,3,15,3
949,Hands-on Entrepreneurship Training,This mentorship focuses on Entrepreneurship with practical applications.,Available,,junior,Senior,2,2025-10-11 00:00:00,0,571,4,23,4
633,Mastering Data Analysis,This mentorship focuses on Data Analysis with practical applications.,Available,,junior,Beginner,3,2025-08-09 00:00:00,0,374,2,11,4
2818,Mastering Backend Development,This mentorship focuses on Backend Development with practical applications.,Available,,freshman,Junior,10,2025-05-13 00:00:00,0,281,1,1,4
983,Introduction to Frontend Development,This mentorship focuses on Frontend Development with practical applications.,Available,,sophomore,Junior,6,2024-11-09 00:00:00,0,211,1,2,3
711,Mastering Full Stack Development,This mentorship focuses on Full Stack Development with practical applications.,Available,,sophomore,Senior,9,2025-09-03 00:00:00,0,790,1,3,5
479,Mastering Data Analysis,This mentorship focuses on Data Analysis with practical applications.,Available,,junior,Junior,2,2025-08-21 00:00:00,0,59,2,11,3
3153,Mastering Graphic Design,This mentorship focuses on Graphic Design with practical applications.,Available,,junior,Beginner,9,2025-07-28 00:00:00,0,1476,3,16,5
1594,Mastering Machine Learning,This mentorship focuses on Machine Learning with practical applications.,Available,,senior,Senior,8,2025-06-03 00:00:00,0,293,2,7,4
205,Mastering Frontend Development,This mentorship focuses on Frontend Development with practical applications.,Available,,graduate,Mid,2,2025-08-06 00:00:00,0,1163,1,2,3
555,Mastering Data Engineering,This mentorship focuses on Data Engineering with practical applications.,Available,,sophomore,Senior,8,2025-10-16 00:00:00,0,601,2,13,3
737,Mastering Deep Learning,This mentorship focuses on Deep Learning with practical applications.,Available,,graduate,Senior,5,2025-01-17 00:00:00,0,835,2,8,4
2338,Data Science for Beginners,This mentorship focuses on Data Science with practical applications.,Available,,graduate,Mid,2,2025-03-27 00:00:00,0,949,2,12,4
3078,Entrepreneurship for Beginners,This mentorship focuses on Entrepreneurship with practical applications.,Available,,sophomore,Beginner,4,2025-08-01 00:00:00,0,1310,4,23,3
1814,Business Analysis for Real Projects,This mentorship focuses on Business Analysis with practical applications.,Available,,junior,Mid,8,2025-09-12 00:00:00,0,340,4,20,4
1101,Introduction to Computer Vision,This mentorship focuses on Computer Vision with practical applications.,Available,,junior,Junior,4,2025-09-05 00:00:00,0,805,2,9,4
213,Hands-on Product Design Training,This mentorship focuses on Product Design with practical applications.,Available,,graduate,Junior,10,2025-09-15 00:00:00,0,165,3,15,5
1001,Introduction to Machine Learning,This mentorship focuses on Machine Learning with practical applications.,Available,,freshman,Beginner,10,2024-10-15 00:00:00,0,91,2,7,3
393,Frontend Development for Beginners,This mentorship focuses on Frontend Development with practical applications.,Available,,senior,Senior,2,2025-10-16 00:00:00,0,903,1,2,2
1483,Hands-on Data Analysis Training,This mentorship focuses on Data Analysis with practical applications.,Available,,freshman,Senior,6,2024-12-10 00:00:00,0,1113,2,11,1
2387,Product Management for Real Projects,This mentorship focuses on Product Management with practical applications.,Available,,senior,Beginner,10,2025-07-11 00:00:00,0,1035,4,19,2
509,System Design for Real Projects,This mentorship focuses on System Design with practical applications.,Available,,freshman,Senior,4,2025-02-01 00:00:00,0,927,1,6,4
2949,Hands-on Full Stack Development Training,This mentorship focuses on Full Stack Development with practical applications.,Available,,junior,Junior,8,2025-10-03 00:00:00,0,326,1,3,4
2209,Backend Development for Real Projects,This mentorship focuses on Backend Development with practical applications.,Available,,sophomore,Junior,1,2024-10-09 00:00:00,1,836,1,1,3
1643,Introduction to Data Science,This mentorship focuses on Data Science with practical applications.,Available,,junior,Senior,9,2025-06-02 00:00:00,0,684,2,12,3
1635,Introduction to Data Engineering,This mentorship focuses on Data Engineering with practical applications.,Available,,sophomore,Mid,6,2025-08-18 00:00:00,0,187,2,13,3
125,Introduction to Backend Development,This mentorship focuses on Backend Development with practical applications.,Available,,junior,Senior,6,2025-10-15 00:00:00,0,14,1,1,3
1468,DevOps & Cloud for Real Projects,This mentorship focuses on DevOps & Cloud with practical applications.,Available,,senior,Senior,6,2025-10-11 00:00:00,0,980,1,5,4
2926,Mastering Mobile Development,This mentorship focuses on Mobile Development with practical applications.,Available,,sophomore,Junior,8,2025-06-21 00:00:00,0,1107,1,4,1
272,Mastering Product Design,This mentorship focuses on Product Design with practical applications.,Available,,junior,Beginner,8,2025-06-06 00:00:00,0,1185,3,15,3
1265,Product Management for Real Projects,This mentorship focuses on Product Management with practical applications.,Available,,sophomore,Mid,10,2024-08-30 00:00:00,0,1080,4,19,3
1590,Hands-on Mobile Development Training,This mentorship focuses on Mobile Development with practical applications.,Available,,graduate,Beginner,9,2025-04-10 00:00:00,0,718,1,4,5
2524,Product Management for Real Projects,This mentorship focuses on Product Management with practical applications.,Available,,junior,Mid,3,2025-06-26 00:00:00,0,172,4,19,1
1411,Graphic Design for Real Projects,This mentorship focuses on Graphic Design with practical applications.,Available,,senior,Junior,3,2025-02-10 00:00:00,0,255,3,16,4
2485,Introduction to Graphic Design,This mentorship focuses on Graphic Design with practical applications.,Available,,senior,Senior,2,2025-09-24 00:00:00,0,50,3,16,3
2038,Hands-on Mobile Development Training,This mentorship focuses on Mobile Development with practical applications.,Available,,freshman,Senior,2,2025-08-31 00:00:00,0,783,1,4,4
1947,Frontend Development for Real Projects,This mentorship focuses on Frontend Development with practical applications.,Available,,sophomore,Beginner,5,2025-05-08 00:00:00,0,1321,1,2,1
1592,Mastering Machine Learning,This mentorship focuses on Machine Learning with practical applications.,Available,,graduate,Senior,6,2024-12-12 00:00:00,0,293,2,7,4
2768,Hands-on Computer Vision Training,This mentorship focuses on Computer Vision with practical applications.,Available,,sophomore,Beginner,10,2025-10-15 00:00:00,1,525,2,9,3
2490,Deep Learning for Beginners,This mentorship focuses on Deep Learning with practical applications.,Available,,sophomore,Junior,4,2025-08-26 00:00:00,0,728,2,8,3
2725,Hands-on UI/UX Design Training,This mentorship focuses on UI/UX Design with practical applications.,Available,,graduate,Senior,10,2025-07-03 00:00:00,0,889,3,14,5
431,Mastering Backend Development,This mentorship focuses on Backend Development with practical applications.,Available,,senior,Beginner,3,2024-11-01 00:00:00,0,147,1,1,5
1584,Mastering Mobile Development,This mentorship focuses on Mobile Development with practical applications.,Available,,graduate,Senior,4,2025-08-04 00:00:00,0,92,1,4,3
520,Backend Development for Real Projects,This mentorship focuses on Backend Development with practical applications.,Available,,freshman,Junior,6,2025-05-05 00:00:00,0,158,1,1,3
830,Hands-on UI/UX Design Training,This mentorship focuses on UI/UX Design with practical applications.,Available,,freshman,Beginner,2,2025-10-15 00:00:00,1,660,3,14,4
2441,System Design for Beginners,This mentorship focuses on System Design with practical applications.,Available,,sophomore,Beginner,2,2025-03-14 00:00:00,0,153,1,6,3
2416,Hands-on Data Analysis Training,This mentorship focuses on Data Analysis with practical applications.,Available,,senior,Mid,8,2025-02-04 00:00:00,0,253,2,11,3
2158,Frontend Development for Real Projects,This mentorship focuses on Frontend Development with practical applications.,Available,,graduate,Beginner,5,2025-09-24 00:00:00,0,1391,1,2,3
2361,Hands-on Computer Vision Training,This mentorship focuses on Computer Vision with practical applications.,Available,,sophomore,Senior,5,2025-08-29 00:00:00,0,1345,2,9,4
1244,Full Stack Development for Beginners,This mentorship focuses on Full Stack Development with practical applications.,Available,,freshman,Junior,9,2025-06-18 00:00:00,0,410,1,3,4
179,Project Management for Beginners,This mentorship focuses on Project Management with practical applications.,Available,,sophomore,Senior,10,2025-10-12 00:00:00,0,402,4,21,4
2493,Motion Design for Beginners,This mentorship focuses on Motion Design with practical applications.,Available,,senior,Mid,8,2025-04-19 00:00:00,0,1098,3,17,3
1526,Business Analysis for Beginners,This mentorship focuses on Business Analysis with practical applications.,Available,,freshman,Senior,3,2025-08-06 00:00:00,0,88,4,20,3
2942,Introduction to Data Analysis,This mentorship focuses on Data Analysis with practical applications.,Available,,senior,Junior,3,2025-10-12 00:00:00,0,299,2,11,4
2509,Introduction to Data Science,This mentorship focuses on Data Science with practical applications.,Available,,sophomore,Beginner,10,2025-08-03 00:00:00,0,1379,2,12,5
2901,Hands-on Natural Language Processing Training,This mentorship focuses on Natural Language Processing with practical applications.,Available,,senior,Beginner,1,2025-09-09 00:00:00,0,1328,2,10,4
874,Introduction to Graphic Design,This mentorship focuses on Graphic Design with practical applications.,Available,,freshman,Junior,3,2025-08-23 00:00:00,0,419,3,16,2
1481,Introduction to Business Analysis,This mentorship focuses on Business Analysis with practical applications.,Available,,sophomore,Mid,6,2025-05-22 00:00:00,0,880,4,20,4
276,Mastering Branding,This mentorship focuses on Branding with practical applications.,Available,,graduate,Senior,2,2025-02-27 00:00:00,0,108,3,18,3
2253,Hands-on DevOps & Cloud Training,This mentorship focuses on DevOps & Cloud with practical applications.,Available,,junior,Mid,10,2025-09-04 00:00:00,0,785,1,5,4
1011,Motion Design for Beginners,This mentorship focuses on Motion Design with practical applications.,Available,,junior,Senior,1,2025-03-02 00:00:00,0,269,3,17,1
924,Introduction to Entrepreneurship,This mentorship focuses on Entrepreneurship with practical applications.,Available,,junior,Junior,5,2025-08-15 00:00:00,0,696,4,23,3
2795,Product Design for Beginners,This mentorship focuses on Product Design with practical applications.,Available,,senior,Mid,7,2025-10-12 00:00:00,0,1494,3,15,4
1127,Hands-on Frontend Development Training,This mentorship focuses on Frontend Development with practical applications.,Available,,freshman,Mid,9,2025-09-04 00:00:00,0,956,1,2,3
1498,Data Analysis for Real Projects,This mentorship focuses on Data Analysis with practical applications.,Available,,junior,Beginner,8,2025-06-23 00:00:00,0,1194,2,11,3
273,UI/UX Design for Real Projects,This mentorship focuses on UI/UX Design with practical applications.,Available,,graduate,Mid,3,2025-07-09 00:00:00,0,1185,3,14,3
3070,Backend Development for Real Projects,This mentorship focuses on Backend Development with practical applications.,Available,,junior,Junior,2,2025-09-15 00:00:00,0,1112,1,1,5
756,Frontend Development for Beginners,This mentorship focuses on Frontend Development with practical applications.,Available,,sophomore,Junior,5,2024-04-12 00:00:00,0,641,1,2,2
1363,Introduction to DevOps & Cloud,This mentorship focuses on DevOps & Cloud with practical applications.,Available,,sophomore,Senior,5,2025-07-11 00:00:00,0,603,1,5,1
59,Full Stack Development for Real Projects,This mentorship focuses on Full Stack Development with practical applications.,Available,,freshman,Senior,5,2025-03-31 00:00:00,0,1225,1,3,5
1323,Data Analysis for Real Projects,This mentorship focuses on Data Analysis with practical applications.,Available,,senior,Senior,8,2025-09-19 00:00:00,0,1224,2,11,3
90,Hands-on Product Design Training,This mentorship focuses on Product Design with practical applications.,Available,,senior,Senior,2,2025-08-28 00:00:00,0,447,3,15,1
1739,Hands-on System Design Training,This mentorship focuses on System Design with practical applications.,Available,,junior,Beginner,6,2025-09-21 00:00:00,0,1045,1,6,5
3086,System Design for Real Projects,This mentorship focuses on System Design with practical applications.,Available,,senior,Junior,8,2025-07-24 00:00:00,0,353,1,6,4
130,Business Analysis for Beginners,This mentorship focuses on Business Analysis with practical applications.,Available,,sophomore,Senior,5,2025-08-07 00:00:00,0,1436,4,20,5
2708,Introduction to DevOps & Cloud,This mentorship focuses on DevOps & Cloud with practical applications.,Available,,freshman,Junior,5,2024-09-08 00:00:00,0,503,1,5,4
2564,Mastering Project Management,This mentorship focuses on Project Management with practical applications.,Available,,sophomore,Senior,7,2024-12-12 00:00:00,0,1313,4,21,3
1198,Business Analysis for Beginners,This mentorship focuses on Business Analysis with practical applications.,Available,,graduate,Junior,7,2025-06-21 00:00:00,0,1385,4,20,5
1700,Backend Development for Real Projects,This mentorship focuses on Backend Development with practical applications.,Available,,graduate,Senior,3,2024-06-28 00:00:00,0,350,1,1,4
2000,Data Science for Real Projects,This mentorship focuses on Data Science with practical applications.,Available,,freshman,Junior,6,2025-06-01 00:00:00,0,925,2,12,1
2846,Full Stack Development for Real Projects,This mentorship focuses on Full Stack Development with practical applications.,Available,,freshman,Mid,10,2025-09-11 00:00:00,0,771,1,3,3
3066,Hands-on System Design Training,This mentorship focuses on System Design with practical applications.,Available,,freshman,Junior,2,2025-04-15 00:00:00,1,1112,1,6,5
763,Mastering Backend Development,This mentorship focuses on Backend Development with practical applications.,Available,,junior,Mid,4,2025-07-10 00:00:00,0,1008,1,1,4
476,Mastering Data Science,This mentorship focuses on Data Science with practical applications.,Available,,sophomore,Mid,2,2025-03-24 00:00:00,0,1359,2,12,3
423,Graphic Design for Beginners,This mentorship focuses on Graphic Design with practical applications.,Available,,freshman,Senior,10,2025-04-02 00:00:00,0,672,3,16,4
1340,Hands-on Data Science Training,This mentorship focuses on Data Science with practical applications.,Available,,senior,Beginner,7,2024-11-30 00:00:00,0,532,2,12,4
1991,Data Science for Real Projects,This mentorship focuses on Data Science with practical applications.,Available,,freshman,Junior,3,2024-06-29 00:00:00,0,1114,2,12,4
2454,UI/UX Design for Real Projects,This mentorship focuses on UI/UX Design with practical applications.,Available,,freshman,Beginner,2,2024-06-18 00:00:00,0,804,3,14,3
1541,Mastering Frontend Development,This mentorship focuses on Frontend Development with practical applications.,Available,,graduate,Beginner,3,2025-04-03 00:00:00,0,1142,1,2,2
3176,Hands-on Data Engineering Training,This mentorship focuses on Data Engineering with practical applications.,Available,,graduate,Beginner,9,2025-04-08 00:00:00,0,1473,2,13,1
1175,Full Stack Development for Beginners,This mentorship focuses on Full Stack Development with practical applications.,Available,,junior,Mid,9,2024-11-05 00:00:00,0,42,1,3,2
3063,Introduction to Data Engineering,This mentorship focuses on Data Engineering with practical applications.,Available,,freshman,Senior,2,2025-08-02 00:00:00,0,34,2,13,5
2151,Introduction to Frontend Development,This mentorship focuses on Frontend Development with practical applications.,Available,,freshman,Beginner,5,2024-07-29 00:00:00,1,1063,1,2,4
2677,Mastering Full Stack Development,This mentorship focuses on Full Stack Development with practical applications.,Available,,sophomore,Junior,8,2025-10-12 00:00:00,0,594,1,3,1
1197,Project Management for Real Projects,This mentorship focuses on Project Management with practical applications.,Available,,sophomore,Beginner,8,2025-06-09 00:00:00,1,1385,4,21,5
1796,Mastering System Design,This mentorship focuses on System Design with practical applications.,Available,,senior,Mid,10,2024-08-17 00:00:00,0,359,1,6,4
1309,Hands-on UI/UX Design Training,This mentorship focuses on UI/UX Design with practical applications.,Available,,graduate,Junior,9,2025-09-29 00:00:00,0,1421,3,14,5
138,Product Design for Real Projects,This mentorship focuses on Product Design with practical applications.,Available,,freshman,Senior,10,2024-11-12 00:00:00,0,1240,3,15,2
2882,Product Design for Beginners,This mentorship focuses on Product Design with practical applications.,Available,,senior,Beginner,6,2025-06-25 00:00:00,0,529,3,15,4
514,Mastering Product Management,This mentorship focuses on Product Management with practical applications.,Available,,senior,Junior,7,2025-09-10 00:00:00,0,1387,4,19,5
3087,Graphic Design for Real Projects,This mentorship focuses on Graphic Design with practical applications.,Available,,sophomore,Beginner,2,2024-05-23 00:00:00,0,1471,3,16,1
712,Mastering Frontend Development,This mentorship focuses on Frontend Development with practical applications.,Available,,graduate,Mid,4,2025-09-15 00:00:00,0,790,1,2,5
2533,Mastering Backend Development,This mentorship focuses on Backend Development with practical applications.,Available,,freshman,Beginner,8,2024-06-11 00:00:00,0,620,1,1,2
922,Mastering Career Coaching,This mentorship focuses on Career Coaching with practical applications.,Available,,senior,Senior,7,2025-05-26 00:00:00,0,696,4,22,3
3019,Mastering DevOps & Cloud,This mentorship focuses on DevOps & Cloud with practical applications.,Available,,senior,Junior,4,2025-07-23 00:00:00,0,105,1,5,3
3187,Full Stack Development for Beginners,This mentorship focuses on Full Stack Development with practical applications.,Available,,junior,Mid,5,2025-08-28 00:00:00,0,661,1,3,4
2048,Mobile Development for Real Projects,This mentorship focuses on Mobile Development with practical applications.,Available,,freshman,Senior,4,2025-06-15 00:00:00,0,1432,1,4,3
2447,DevOps & Cloud for Real Projects,This mentorship focuses on DevOps & Cloud with practical applications.,Available,,graduate,Mid,8,2025-10-02 00:00:00,0,330,1,5,4
369,System Design for Real Projects,This mentorship focuses on System Design with practical applications.,Available,,senior,Beginner,2,2025-05-10 00:00:00,0,365,1,6,5
541,Hands-on Frontend Development Training,This mentorship focuses on Frontend Development with practical applications.,Available,,graduate,Junior,7,2025-08-24 00:00:00,0,977,1,2,4
338,Introduction to Mobile Development,This mentorship focuses on Mobile Development with practical applications.,Available,,junior,Junior,10,2025-10-03 00:00:00,0,814,1,4,4
1830,Introduction to Frontend Development,This mentorship focuses on Frontend Development with practical applications.,Available,,freshman,Junior,8,2025-08-21 00:00:00,0,1057,1,2,4
88,Frontend Development for Beginners,This mentorship focuses on Frontend Development with practical applications.,Available,,senior,Mid,10,2025-02-16 00:00:00,0,489,1,2,2
748,Hands-on Product Design Training,This mentorship focuses on Product Design with practical applications.,Available,,sophomore,Junior,3,2025-05-18 00:00:00,1,336,3,15,5
2375,Introduction to Deep Learning,This mentorship focuses on Deep Learning with practical applications.,Available,,freshman,Junior,6,2025-02-07 00:00:00,0,1150,2,8,2
1300,Hands-on Entrepreneurship Training,This mentorship focuses on Entrepreneurship with practical applications.,Available,,graduate,Mid,2,2025-08-30 00:00:00,0,1304,4,23,3
656,Backend Development for Beginners,This mentorship focuses on Backend Development with practical applications.,Available,,senior,Mid,2,2024-12-15 00:00:00,0,632,1,1,2
2078,Hands-on DevOps & Cloud Training,This mentorship focuses on DevOps & Cloud with practical applications.,Available,,senior,Senior,2,2024-08-15 00:00:00,0,930,1,5,2
2756,Introduction to UI/UX Design,This mentorship focuses on UI/UX Design with practical applications.,Available,,freshman,Senior,6,2025-10-16 00:00:00,0,1362,3,14,3
420,Introduction to Product Design,This mentorship focuses on Product Design with practical applications.,Available,,graduate,Mid,4,2025-05-04 00:00:00,0,1486,3,15,3
2206,Mastering Data Engineering,This mentorship focuses on Data Engineering with practical applications.,Available,,freshman,Junior,3,2024-11-26 00:00:00,0,757,2,13,4
726,DevOps & Cloud for Real Projects,This mentorship focuses on DevOps & Cloud with practical applications.,Available,,graduate,Mid,4,2024-12-12 00:00:00,0,955,1,5,3
469,Entrepreneurship for Beginners,This mentorship focuses on Entrepreneurship with practical applications.,Available,,graduate,Mid,4,2025-10-14 00:00:00,0,1024,4,23,3
2544,Introduction to Natural Language Processing,This mentorship focuses on Natural Language Processing with practical applications.,Available,,junior,Senior,7,2024-10-26 00:00:00,0,1295,2,10,5
2821,DevOps & Cloud for Real Projects,This mentorship focuses on DevOps & Cloud with practical applications.,Available,,graduate,Senior,4,2024-11-27 00:00:00,0,490,1,5,5
2628,Mastering Entrepreneurship,This mentorship focuses on Entrepreneurship with practical applications.,Available,,freshman,Senior,5,2025-09-01 00:00:00,0,991,4,23,3
1897,Full Stack Development for Beginners,This mentorship focuses on Full Stack Development with practical applications.,Available,,junior,Senior,3,2025-09-22 00:00:00,0,698,1,3,5
1523,Mastering Product Management,This mentorship focuses on Product Management with practical applications.,Available,,freshman,Junior,6,2025-01-03 00:00:00,0,615,4,19,1
2335,Introduction to Natural Language Processing,This mentorship focuses on Natural Language Processing with practical applications.,Available,,sophomore,Junior,5,2024-10-09 00:00:00,0,949,2,10,4
989,UI/UX Design for Real Projects,This mentorship focuses on UI/UX Design with practical applications.,Available,,freshman,Beginner,9,2025-07-28 00:00:00,0,1450,3,14,1
1094,Data Engineering for Real Projects,This mentorship focuses on Data Engineering with practical applications.,Available,,sophomore,Mid,5,2024-07-03 00:00:00,0,1454,2,13,3
3167,Full Stack Development for Real Projects,This mentorship focuses on Full Stack Development with practical applications.,Available,,graduate,Senior,4,2025-08-20 00:00:00,0,1109,1,3,3
2089,Introduction to Deep Learning,This mentorship focuses on Deep Learning with practical applications.,Available,,freshman,Beginner,8,2025-06-14 00:00:00,0,1059,2,8,1
3161,Introduction to Computer Vision,This mentorship focuses on Computer Vision with practical applications.,Available,,junior,Senior,10,2025-09-15 00:00:00,0,647,2,9,5
1792,Branding for Real Projects,This mentorship focuses on Branding with practical applications.,Available,,junior,Beginner,2,2024-08-27 00:00:00,0,1215,3,18,4
120,Introduction to Career Coaching,This mentorship focuses on Career Coaching with practical applications.,Available,,sophomore,Mid,2,2025-09-03 00:00:00,0,207,4,22,5
2408,Hands-on Natural Language Processing Training,This mentorship focuses on Natural Language Processing with practical applications.,Available,,junior,Senior,4,2025-09-01 00:00:00,0,458,2,10,4
2177,Introduction to System Design,This mentorship focuses on System Design with practical applications.,Available,,senior,Beginner,10,2025-07-05 00:00:00,0,1278,1,6,2
2065,Mastering Business Analysis,This mentorship focuses on Business Analysis with practical applications.,Available,,senior,Senior,6,2025-10-12 00:00:00,0,240,4,20,3
1204,Hands-on Entrepreneurship Training,This mentorship focuses on Entrepreneurship with practical applications.,Available,,junior,Junior,3,2024-01-24 00:00:00,0,697,4,23,4
2413,Full Stack Development for Beginners,This mentorship focuses on Full Stack Development with practical applications.,Available,,graduate,Mid,9,2025-09-29 00:00:00,0,342,1,3,5
803,Machine Learning for Beginners,This mentorship focuses on Machine Learning with practical applications.,Available,,sophomore,Senior,6,2025-06-22 00:00:00,0,1404,2,7,3
2740,Introduction to Machine Learning,This mentorship focuses on Machine Learning with practical applications.,Available,,senior,Senior,4,2025-09-27 00:00:00,0,264,2,7,4
2425,Data Analysis for Beginners,This mentorship focuses on Data Analysis with practical applications.,Available,,freshman,Junior,8,2025-09-14 00:00:00,0,701,2,11,4
96,Mastering Mobile Development,This mentorship focuses on Mobile Development with practical applications.,Available,,senior,Mid,9,2025-05-04 00:00:00,0,1294,1,4,3
548,Hands-on DevOps & Cloud Training,This mentorship focuses on DevOps & Cloud with practical applications.,Available,,freshman,Beginner,2,2025-04-22 00:00:00,0,824,1,5,2
2318,Frontend Development for Real Projects,This mentorship focuses on Frontend Development with practical applications.,Available,,sophomore,Mid,9,2024-04-18 00:00:00,0,1094,1,2,5
2157,Hands-on Frontend Development Training,This mentorship focuses on Frontend Development with practical applications.,Available,,junior,Mid,5,2025-08-28 00:00:00,0,1391,1,2,3
122,Mastering Career Coaching,This mentorship focuses on Career Coaching with practical applications.,Available,,senior,Junior,4,2025-10-14 00:00:00,0,207,4,22,5
1114,Motion Design for Beginners,This mentorship focuses on Motion Design with practical applications.,Available,,graduate,Beginner,8,2025-08-10 00:00:00,0,1137,3,17,4
429,Introduction to Data Analysis,This mentorship focuses on Data Analysis with practical applications.,Available,,senior,Senior,8,2025-07-12 00:00:00,0,140,2,11,4
282,Hands-on Frontend Development Training,This mentorship focuses on Frontend Development with practical applications.,Available,,sophomore,Senior,2,2025-09-09 00:00:00,0,793,1,2,3
2137,Full Stack Development for Real Projects,This mentorship focuses on Full Stack Development with practical applications.,Available,,sophomore,Junior,3,2025-09-12 00:00:00,0,274,1,3,1
3114,Hands-on Frontend Development Training,This mentorship focuses on Frontend Development with practical applications.,Available,,freshman,Senior,10,2025-02-07 00:00:00,0,1092,1,2,5
2197,Hands-on Data Science Training,This mentorship focuses on Data Science with practical applications.,Available,,freshman,Beginner,8,2025-08-20 00:00:00,0,114,2,12,4
1882,Hands-on Full Stack Development Training,This mentorship focuses on Full Stack Development with practical applications.,Available,,senior,Junior,10,2025-01-14 00:00:00,0,1145,1,3,4
2174,Natural Language Processing for Beginners,This mentorship focuses on Natural Language Processing with practical applications.,Available,,graduate,Junior,3,2025-09-09 00:00:00,0,74,2,10,1
616,DevOps & Cloud for Real Projects,This mentorship focuses on DevOps & Cloud with practical applications.,Available,,sophomore,Senior,8,2025-08-23 00:00:00,0,893,1,5,1
986,Introduction to Mobile Development,This mentorship focuses on Mobile Development with practical applications.,Available,,freshman,Mid,7,2025-08-26 00:00:00,0,640,1,4,4
557,Mastering Full Stack Development,This mentorship focuses on Full Stack Development with practical applications.,Available,,freshman,Mid,4,2025-06-07 00:00:00,0,1484,1,3,3
1941,Hands-on Project Management Training,This mentorship focuses on Project Management with practical applications.,Available,,graduate,Mid,3,2024-03-27 00:00:00,0,1274,4,21,3
435,Mobile Development for Beginners,This mentorship focuses on Mobile Development with practical applications.,Available,,senior,Senior,3,2025-08-31 00:00:00,0,147,1,4,5
1136,Product Design for Real Projects,This mentorship focuses on Product Design with practical applications.,Available,,junior,Junior,10,2025-09-27 00:00:00,0,1444,3,15,1
3088,Data Science for Beginners,This mentorship focuses on Data Science with practical applications.,Available,,freshman,Beginner,9,2025-06-04 00:00:00,1,1393,2,12,2
1731,Frontend Development for Beginners,This mentorship focuses on Frontend Development with practical applications.,Available,,sophomore,Mid,6,2025-07-17 00:00:00,0,9,1,2,4
2971,Introduction to Data Science,This mentorship focuses on Data Science with practical applications.,Available,,freshman,Mid,4,2025-10-14 00:00:00,0,800,2,12,4
1686,Frontend Development for Real Projects,This mentorship focuses on Frontend Development with practical applications.,Available,,freshman,Senior,3,2025-07-08 00:00:00,0,599,1,2,5
518,Full Stack Development for Beginners,This mentorship focuses on Full Stack Development with practical applications.,Available,,freshman,Mid,8,2025-08-30 00:00:00,0,693,1,3,4
1034,Hands-on Machine Learning Training,This mentorship focuses on Machine Learning with practical applications.,Available,,senior,Beginner,7,2025-10-13 00:00:00,0,289,2,7,5
571,Hands-on Full Stack Development Training,This mentorship focuses on Full Stack Development with practical applications.,Available,,junior,Junior,9,2025-03-22 00:00:00,0,1468,1,3,2
52,Hands-on Frontend Development Training,This mentorship focuses on Frontend Development with practical applications.,Available,,senior,Senior,8,2025-07-11 00:00:00,0,1305,1,2,5
281,DevOps & Cloud for Real Projects,This mentorship focuses on DevOps & Cloud with practical applications.,Available,,freshman,Junior,5,2025-08-06 00:00:00,0,793,1,5,3
1624,Hands-on Motion Design Training,This mentorship focuses on Motion Design with practical applications.,Available,,sophomore,Senior,2,2025-05-27 00:00:00,0,888,3,17,4
1776,Mastering System Design,This mentorship focuses on System Design with practical applications.,Available,,senior,Senior,8,2025-07-14 00:00:00,0,566,1,6,2
3189,Mastering Full Stack Development,This mentorship focuses on Full Stack Development with practical applications.,Available,,senior,Junior,9,2025-10-02 00:00:00,0,661,1,3,4
1061,Hands-on System Design Training,This mentorship focuses on System Design with practical applications.,Available,,sophomore,Beginner,1,2024-12-10 00:00:00,0,1077,1,6,3
312,Full Stack Development for Real Projects,This mentorship focuses on Full Stack Development with practical applications.,Available,,junior,Junior,5,2024-06-24 00:00:00,0,196,1,3,3
1482,Career Coaching for Beginners,This mentorship focuses on Career Coaching with practical applications.,Available,,sophomore,Junior,8,2025-07-01 00:00:00,0,880,4,22,4
911,Entrepreneurship for Beginners,This mentorship focuses on Entrepreneurship with practical applications.,Available,,sophomore,Junior,8,2025-10-05 00:00:00,0,791,4,23,5
346,Mastering Computer Vision,This mentorship focuses on Computer Vision with practical applications.,Available,,graduate,Junior,4,2025-09-16 00:00:00,0,586,2,9,2
303,Mastering UI/UX Design,This mentorship focuses on UI/UX Design with practical applications.,Available,,graduate,Senior,6,2024-11-30 00:00:00,0,436,3,14,4
2421,Hands-on Backend Development Training,This mentorship focuses on Backend Development with practical applications.,Available,,graduate,Junior,1,2024-02-14 00:00:00,0,1017,1,1,4
3105,Introduction to Mobile Development,This mentorship focuses on Mobile Development with practical applications.,Available,,freshman,Beginner,7,2025-08-15 00:00:00,0,123,1,4,5
1250,Mastering Graphic Design,This mentorship focuses on Graphic Design with practical applications.,Available,,sophomore,Beginner,13,2024-02-12 00:00:00,1,1118,3,16,4
582,Mastering Data Engineering,This mentorship focuses on Data Engineering with practical applications.,Available,,senior,Mid,9,2025-06-15 00:00:00,0,557,2,13,2
1822,Hands-on Product Design Training,This mentorship focuses on Product Design with practical applications.,Available,,junior,Mid,9,2025-10-08 00:00:00,0,273,3,15,5
1569,Hands-on Mobile Development Training,This mentorship focuses on Mobile Development with practical applications.,Available,,freshman,Mid,3,2025-08-08 00:00:00,0,1419,1,4,5
894,Hands-on DevOps & Cloud Training,This mentorship focuses on DevOps & Cloud with practical applications.,Available,,freshman,Senior,6,2025-09-30 00:00:00,0,897,1,5,5
1544,Introduction to Business Analysis,This mentorship focuses on Business Analysis with practical applications.,Available,,graduate,Junior,5,2024-06-02 00:00:00,0,919,4,20,4
1536,Mastering Branding,This mentorship focuses on Branding with practical applications.,Available,,graduate,Beginner,6,2025-04-28 00:00:00,0,1251,3,18,4
2405,Mastering System Design,This mentorship focuses on System Design with practical applications.,Available,,senior,Junior,6,2025-08-04 00:00:00,0,654,1,6,1
1808,System Design for Beginners,This mentorship focuses on System Design with practical applications.,Available,,sophomore,Mid,2,2024-12-21 00:00:00,0,215,1,6,4
3021,Data Science for Real Projects,This mentorship focuses on Data Science with practical applications.,Available,,junior,Beginner,8,2025-04-29 00:00:00,0,1186,2,12,4
642,Mastering Graphic Design,This mentorship focuses on Graphic Design with practical applications.,Available,,junior,Junior,5,2025-10-05 00:00:00,0,246,3,16,4
348,Mobile Development for Real Projects,This mentorship focuses on Mobile Development with practical applications.,Available,,graduate,Senior,7,2024-06-09 00:00:00,0,1015,1,4,4
965,System Design for Beginners,This mentorship focuses on System Design with practical applications.,Available,,sophomore,Junior,6,2024-07-01 00:00:00,0,175,1,6,5
1727,Mastering Career Coaching,This mentorship focuses on Career Coaching with practical applications.,Available,,freshman,Senior,2,2025-10-14 00:00:00,0,505,4,22,1
2591,Hands-on Backend Development Training,This mentorship focuses on Backend Development with practical applications.,Available,,sophomore,Junior,4,2025-01-31 00:00:00,0,425,1,1,3
2763,Introduction to Data Engineering,This mentorship focuses on Data Engineering with practical applications.,Available,,sophomore,Beginner,2,2025-10-07 00:00:00,0,132,2,13,2
1929,Introduction to Full Stack Development,This mentorship focuses on Full Stack Development with practical applications.,Available,,sophomore,Senior,9,2025-03-19 00:00:00,0,499,1,3,4
1881,Mastering Mobile Development,This mentorship focuses on Mobile Development with practical applications.,Available,,senior,Senior,5,2025-07-22 00:00:00,0,657,1,4,4
135,Backend Development for Beginners,This mentorship focuses on Backend Development with practical applications.,Available,,freshman,Beginner,8,2025-04-07 00:00:00,0,1374,1,1,5
255,Hands-on System Design Training,This mentorship focuses on System Design with practical applications.,Available,,freshman,Mid,8,2025-09-10 00:00:00,0,627,1,6,4
3091,Hands-on Data Analysis Training,This mentorship focuses on Data Analysis with practical applications.,Available,,graduate,Mid,2,2024-11-25 00:00:00,0,348,2,11,1
1652,Product Design for Beginners,This mentorship focuses on Product Design with practical applications.,Available,,senior,Mid,10,2025-10-01 00:00:00,0,1364,3,15,4
2651,Mastering Frontend Development,This mentorship focuses on Frontend Development with practical applications.,Available,,sophomore,Mid,2,2025-09-11 00:00:00,0,138,1,2,5
236,Introduction to Product Management,This mentorship focuses on Product Management with practical applications.,Available,,junior,Senior,10,2024-10-08 00:00:00,0,82,4,19,5
2238,Motion Design for Beginners,This mentorship focuses on Motion Design with practical applications.,Available,,sophomore,Senior,7,2025-10-12 00:00:00,0,1188,3,17,4
768,Mastering Full Stack Development,This mentorship focuses on Full Stack Development with practical applications.,Available,,freshman,Beginner,8,2025-09-10 00:00:00,0,865,1,3,4
1575,Hands-on Machine Learning Training,This mentorship focuses on Machine Learning with practical applications.,Available,,graduate,Mid,4,2024-08-19 00:00:00,0,385,2,7,3
702,Introduction to Graphic Design,This mentorship focuses on Graphic Design with practical applications.,Available,,sophomore,Junior,10,2025-08-16 00:00:00,0,407,3,16,5
295,Introduction to System Design,This mentorship focuses on System Design with practical applications.,Available,,senior,Beginner,7,2025-10-10 00:00:00,0,634,1,6,3
2884,System Design for Beginners,This mentorship focuses on System Design with practical applications.,Available,,freshman,Senior,3,2024-05-07 00:00:00,0,1461,1,6,5
2922,UI/UX Design for Real Projects,This mentorship focuses on UI/UX Design with practical applications.,Available,,sophomore,Senior,2,2025-10-16 00:00:00,0,520,3,14,4
1890,Mobile Development for Beginners,This mentorship focuses on Mobile Development with practical applications.,Available,,freshman,Junior,6,2025-10-10 00:00:00,1,467,1,4,5
824,Mastering Data Engineering,This mentorship focuses on Data Engineering with practical applications.,Available,,graduate,Senior,2,2025-09-29 00:00:00,0,554,2,13,5
2631,Mastering Backend Development,This mentorship focuses on Backend Development with practical applications.,Available,,graduate,Senior,3,2025-06-11 00:00:00,0,1284,1,1,4
528,Mastering System Design,This mentorship focuses on System Design with practical applications.,Available,,junior,Junior,1,2025-08-06 00:00:00,0,1065,1,6,4
2010,Introduction to UI/UX Design,This mentorship focuses on UI/UX Design with practical applications.,Available,,sophomore,Junior,5,2025-06-05 00:00:00,0,1319,3,14,2
1141,Mastering Data Engineering,This mentorship focuses on Data Engineering with practical applications.,Available,,freshman,Senior,6,2025-10-10 00:00:00,0,522,2,13,5
2354,Mastering Project Management,This mentorship focuses on Project Management with practical applications.,Available,,sophomore,Beginner,2,2025-09-02 00:00:00,0,334,4,21,5
3104,Full Stack Development for Beginners,This mentorship focuses on Full Stack Development with practical applications.,Available,,sophomore,Mid,6,2025-08-13 00:00:00,0,123,1,3,5
791,Hands-on Branding Training,This mentorship focuses on Branding with practical applications.,Available,,senior,Senior,5,2024-12-16 00:00:00,0,1324,3,18,5
772,Introduction to Frontend Development,This mentorship focuses on Frontend Development with practical applications.,Available,,senior,Beginner,10,2025-09-15 00:00:00,0,309,1,2,4
2136,Hands-on Backend Development Training,This mentorship focuses on Backend Development with practical applications.,Available,,freshman,Senior,2,2025-08-31 00:00:00,0,1357,1,1,4
630,Graphic Design for Beginners,This mentorship focuses on Graphic Design with practical applications.,Available,,graduate,Senior,7,2025-10-07 00:00:00,0,58,3,16,5
2139,Mastering Product Design,This mentorship focuses on Product Design with practical applications.,Available,,graduate,Beginner,4,2024-04-08 00:00:00,0,382,3,15,4
570,System Design for Real Projects,This mentorship focuses on System Design with practical applications.,Available,,graduate,Mid,8,2025-02-12 00:00:00,0,1468,1,6,2
1305,Backend Development for Beginners,This mentorship focuses on Backend Development with practical applications.,Available,,senior,Beginner,3,2025-09-07 00:00:00,1,938,1,1,4
858,Backend Development for Real Projects,This mentorship focuses on Backend Development with practical applications.,Available,,junior,Junior,4,2024-12-06 00:00:00,0,1492,1,1,5
811,Backend Development for Real Projects,This mentorship focuses on Backend Development with practical applications.,Available,,graduate,Beginner,7,2025-10-14 00:00:00,0,984,1,1,3
1058,Hands-on Natural Language Processing Training,This mentorship focuses on Natural Language Processing with practical applications.,Available,,senior,Beginner,5,2024-08-25 00:00:00,0,1140,2,10,3
3169,Introduction to Mobile Development,This mentorship focuses on Mobile Development with practical applications.,Available,,junior,Senior,5,2024-12-17 00:00:00,0,81,1,4,5
2565,Introduction to Project Management,This mentorship focuses on Project Management with practical applications.,Available,,senior,Junior,9,2025-02-06 00:00:00,0,1313,4,21,3
1551,Introduction to Product Management,This mentorship focuses on Product Management with practical applications.,Available,,sophomore,Mid,9,2025-02-24 00:00:00,0,493,4,19,3
669,Full Stack Development for Beginners,This mentorship focuses on Full Stack Development with practical applications.,Available,,junior,Mid,9,2025-09-29 00:00:00,0,174,1,3,4
458,Hands-on Computer Vision Training,This mentorship focuses on Computer Vision with practical applications.,Available,,senior,Mid,5,2025-02-17 00:00:00,0,1066,2,9,1
2345,Mastering Motion Design,This mentorship focuses on Motion Design with practical applications.,Available,,graduate,Mid,6,2024-11-13 00:00:00,0,970,3,17,4
1603,Backend Development for Real Projects,This mentorship focuses on Backend Development with practical applications.,Available,,freshman,Mid,3,2025-09-20 00:00:00,0,391,1,1,4
2196,Hands-on Data Science Training,This mentorship focuses on Data Science with practical applications.,Available,,freshman,Junior,4,2025-07-11 00:00:00,0,114,2,12,4
2887,Mastering DevOps & Cloud,This mentorship focuses on DevOps & Cloud with practical applications.,Available,,senior,Junior,8,2025-03-03 00:00:00,0,1461,1,5,5
2848,Introduction to System Design,This mentorship focuses on System Design with practical applications.,Available,,senior,Junior,10,2025-09-29 00:00:00,0,771,1,6,3
1442,Mastering Frontend Development,This mentorship focuses on Frontend Development with practical applications.,Available,,graduate,Junior,9,2024-08-07 00:00:00,0,719,1,2,5
1325,Introduction to Frontend Development,This mentorship focuses on Frontend Development with practical applications.,Available,,senior,Mid,3,2025-06-07 00:00:00,0,1460,1,2,5
318,Motion Design for Beginners,This mentorship focuses on Motion Design with practical applications.,Available,,senior,Junior,4,2025-10-16 00:00:00,0,706,3,17,3
3177,Full Stack Development for Beginners,This mentorship focuses on Full Stack Development with practical applications.,Available,,graduate,Mid,7,2024-07-21 00:00:00,0,1071,1,3,2
1036,Machine Learning for Real Projects,This mentorship focuses on Machine Learning with practical applications.,Available,,senior,Beginner,9,2025-10-15 00:00:00,0,289,2,7,5
332,Hands-on Computer Vision Training,This mentorship focuses on Computer Vision with practical applications.,Available,,freshman,Senior,2,2025-04-10 00:00:00,0,1326,2,9,3
1049,Introduction to Graphic Design,This mentorship focuses on Graphic Design with practical applications.,Available,,graduate,Senior,3,2023-11-28 00:00:00,0,1053,3,16,4
906,Mastering Graphic Design,This mentorship focuses on Graphic Design with practical applications.,Available,,senior,Junior,8,2025-09-17 00:00:00,0,1183,3,16,3
707,Introduction to Project Management,This mentorship focuses on Project Management with practical applications.,Available,,freshman,Beginner,9,2024-10-27 00:00:00,0,327,4,21,5
3166,Hands-on Full Stack Development Training,This mentorship focuses on Full Stack Development with practical applications.,Available,,sophomore,Senior,1,2025-05-13 00:00:00,0,1109,1,3,3
1683,Introduction to Frontend Development,This mentorship focuses on Frontend Development with practical applications.,Available,,freshman,Senior,4,2024-10-14 00:00:00,0,688,1,2,3
540,Introduction to Frontend Development,This mentorship focuses on Frontend Development with practical applications.,Available,,graduate,Senior,10,2025-08-02 00:00:00,0,977,1,2,4
2305,Entrepreneurship for Real Projects,This mentorship focuses on Entrepreneurship with practical applications.,Available,,freshman,Senior,9,2025-08-04 00:00:00,0,178,4,23,3
142,Data Engineering for Real Projects,This mentorship focuses on Data Engineering with practical applications.,Available,,sophomore,Mid,3,2024-11-08 00:00:00,0,1478,2,13,4
675,Mobile Development for Beginners,This mentorship focuses on Mobile Development with practical applications.,Available,,sophomore,Junior,6,2025-09-21 00:00:00,0,352,1,4,1
984,System Design for Beginners,This mentorship focuses on System Design with practical applications.,Available,,freshman,Senior,8,2024-11-26 00:00:00,0,211,1,6,3
1103,Hands-on Computer Vision Training,This mentorship focuses on Computer Vision with practical applications.,Available,,senior,Junior,10,2025-09-18 00:00:00,0,805,2,9,4
2362,Data Analysis for Beginners,This mentorship focuses on Data Analysis with practical applications.,Available,,senior,Senior,6,2025-09-21 00:00:00,0,1345,2,11,4
2759,Branding for Real Projects,This mentorship focuses on Branding with practical applications.,Available,,graduate,Beginner,3,2025-08-20 00:00:00,0,1178,3,18,5
2641,Frontend Development for Beginners,This mentorship focuses on Frontend Development with practical applications.,Available,,freshman,Junior,8,2025-04-10 00:00:00,0,941,1,2,5
432,Introduction to Mobile Development,This mentorship focuses on Mobile Development with practical applications.,Available,,senior,Mid,9,2025-01-03 00:00:00,0,147,1,4,5
760,Introduction to Frontend Development,This mentorship focuses on Frontend Development with practical applications.,Available,,graduate,Mid,3,2025-06-24 00:00:00,0,1487,1,2,4
1327,Frontend Development for Beginners,This mentorship focuses on Frontend Development with practical applications.,Available,,junior,Mid,10,2025-08-17 00:00:00,0,1460,1,2,5
1762,Hands-on Backend Development Training,This mentorship focuses on Backend Development with practical applications.,Available,,senior,Senior,8,2025-06-04 00:00:00,0,305,1,1,5
296,Hands-on System Design Training,This mentorship focuses on System Design with practical applications.,Available,,graduate,Junior,5,2025-10-15 00:00:00,0,634,1,6,3
3143,Deep Learning for Beginners,This mentorship focuses on Deep Learning with practical applications.,Available,,freshman,Mid,9,2024-08-23 00:00:00,0,1139,2,8,4
1202,Introduction to Frontend Development,This mentorship focuses on Frontend Development with practical applications.,Available,,junior,Junior,8,2025-09-19 00:00:00,0,832,1,2,2
832,Hands-on Graphic Design Training,This mentorship focuses on Graphic Design with practical applications.,Available,,sophomore,Junior,4,2025-08-30 00:00:00,1,1062,3,16,3
1854,Data Science for Beginners,This mentorship focuses on Data Science with practical applications.,Available,,senior,Mid,6,2024-07-02 00:00:00,0,959,2,12,4
319,DevOps & Cloud for Beginners,This mentorship focuses on DevOps & Cloud with practical applications.,Available,,freshman,Beginner,5,2025-09-11 00:00:00,0,477,1,5,2
1804,Backend Development for Real Projects,This mentorship focuses on Backend Development with practical applications.,Available,,senior,Senior,6,2025-10-10 00:00:00,0,432,1,1,3
1606,Full Stack Development for Real Projects,This mentorship focuses on Full Stack Development with practical applications.,Available,,graduate,Junior,9,2025-08-31 00:00:00,0,788,1,3,3
2384,Full Stack Development for Real Projects,This mentorship focuses on Full Stack Development with practical applications.,Available,,junior,Mid,7,2025-09-05 00:00:00,0,972,1,3,3
1480,Career Coaching for Beginners,This mentorship focuses on Career Coaching with practical applications.,Available,,senior,Junior,8,2025-04-16 00:00:00,0,880,4,22,4
2630,Mastering System Design,This mentorship focuses on System Design with practical applications.,Available,,junior,Junior,5,2025-02-10 00:00:00,0,1284,1,6,4
447,Introduction to Branding,This mentorship focuses on Branding with practical applications.,Available,,sophomore,Senior,10,2025-10-17 00:00:00,0,772,3,18,3
632,Deep Learning for Real Projects,This mentorship focuses on Deep Learning with practical applications.,Available,,sophomore,Senior,3,2025-07-18 00:00:00,0,374,2,8,4
2706,Mastering Backend Development,This mentorship focuses on Backend Development with practical applications.,Available,,senior,Junior,10,2025-04-26 00:00:00,0,691,1,1,3
2825,System Design for Beginners,This mentorship focuses on System Design with practical applications.,Available,,graduate,Senior,3,2025-09-13 00:00:00,0,1047,1,6,4
2704,Introduction to System Design,This mentorship focuses on System Design with practical applications.,Available,,sophomore,Mid,1,2024-08-04 00:00:00,0,831,1,6,2
1183,Machine Learning for Real Projects,This mentorship focuses on Machine Learning with practical applications.,Available,,graduate,Beginner,5,2025-06-11 00:00:00,0,162,2,7,2
2947,Mastering Full Stack Development,This mentorship focuses on Full Stack Development with practical applications.,Available,,graduate,Senior,10,2025-08-02 00:00:00,0,326,1,3,4
1384,Mobile Development for Real Projects,This mentorship focuses on Mobile Development with practical applications.,Available,,senior,Mid,6,2025-10-14 00:00:00,0,1384,1,4,4
718,Mastering Data Analysis,This mentorship focuses on Data Analysis with practical applications.,Available,,junior,Junior,2,2025-09-11 00:00:00,0,506,2,11,3
2870,Data Engineering for Real Projects,This mentorship focuses on Data Engineering with practical applications.,Available,,sophomore,Senior,9,2025-01-05 00:00:00,0,13,2,13,5
1748,Motion Design for Beginners,This mentorship focuses on Motion Design with practical applications.,Available,,junior,Mid,1,2025-08-28 00:00:00,0,686,3,17,3
2958,Full Stack Development for Beginners,This mentorship focuses on Full Stack Development with practical applications.,Available,,junior,Beginner,10,2025-08-29 00:00:00,0,1022,1,3,4
225,Mastering UI/UX Design,This mentorship focuses on UI/UX Design with practical applications.,Available,,junior,Beginner,6,2024-11-09 00:00:00,0,687,3,14,3
171,Entrepreneurship for Real Projects,This mentorship focuses on Entrepreneurship with practical applications.,Available,,junior,Junior,10,2024-09-22 00:00:00,0,405,4,23,4
2563,Backend Development for Real Projects,This mentorship focuses on Backend Development with practical applications.,Available,,sophomore,Beginner,8,2025-09-24 00:00:00,0,319,1,1,3
2027,Mastering UI/UX Design,This mentorship focuses on UI/UX Design with practical applications.,Available,,junior,Senior,3,2025-06-23 00:00:00,0,426,3,14,3
1507,Introduction to Career Coaching,This mentorship focuses on Career Coaching with practical applications.,Available,,senior,Senior,8,2025-04-12 00:00:00,0,780,4,22,3
216,Mastering Data Engineering,This mentorship focuses on Data Engineering with practical applications.,Available,,junior,Junior,9,2025-09-04 00:00:00,0,1493,2,13,4
2115,Mastering Graphic Design,This mentorship focuses on Graphic Design with practical applications.,Available,,graduate,Mid,9,2025-09-22 00:00:00,0,604,3,16,3
2398,Hands-on Backend Development Training,This mentorship focuses on Backend Development with practical applications.,Available,,senior,Senior,4,2025-09-04 00:00:00,0,125,1,1,5
511,Mastering Product Management,This mentorship focuses on Product Management with practical applications.,Available,,freshman,Senior,3,2024-11-02 00:00:00,0,1387,4,19,5
977,Introduction to Computer Vision,This mentorship focuses on Computer Vision with practical applications.,Available,,freshman,Beginner,12,2025-07-20 00:00:00,1,109,2,9,4
358,Introduction to Machine Learning,This mentorship focuses on Machine Learning with practical applications.,Available,,graduate,Junior,7,2025-08-25 00:00:00,0,1442,2,7,2
46,Computer Vision for Real Projects,This mentorship focuses on Computer Vision with practical applications.,Available,,graduate,Junior,8,2025-06-02 00:00:00,0,926,2,9,4
2722,Hands-on Graphic Design Training,This mentorship focuses on Graphic Design with practical applications.,Available,,freshman,Beginner,9,2025-01-11 00:00:00,0,889,3,16,5
1968,Mastering Branding,This mentorship focuses on Branding with practical applications.,Available,,junior,Junior,8,2025-07-31 00:00:00,0,953,3,18,3
873,Hands-on Graphic Design Training,This mentorship focuses on Graphic Design with practical applications.,Available,,senior,Junior,4,2025-07-16 00:00:00,0,419,3,16,2
1896,Full Stack Development for Real Projects,This mentorship focuses on Full Stack Development with practical applications.,Available,,sophomore,Junior,9,2025-08-19 00:00:00,0,698,1,3,5
1903,Introduction to Entrepreneurship,This mentorship focuses on Entrepreneurship with practical applications.,Available,,sophomore,Junior,8,2025-09-25 00:00:00,0,570,4,23,5
2827,Hands-on Full Stack Development Training,This mentorship focuses on Full Stack Development with practical applications.,Available,,graduate,Junior,7,2025-09-25 00:00:00,0,1047,1,3,4
2856,Hands-on Frontend Development Training,This mentorship focuses on Frontend Development with practical applications.,Available,,freshman,Beginner,5,2024-07-21 00:00:00,0,370,1,2,5
1353,Hands-on Frontend Development Training,This mentorship focuses on Frontend Development with practical applications.,Available,,sophomore,Mid,10,2025-05-06 00:00:00,0,182,1,2,3
2077,Mastering Branding,This mentorship focuses on Branding with practical applications.,Available,,senior,Junior,8,2025-10-17 00:00:00,1,548,3,18,4
2845,Introduction to Machine Learning,This mentorship focuses on Machine Learning with practical applications.,Available,,sophomore,Mid,2,2025-09-19 00:00:00,0,537,2,7,2
80,UI/UX Design for Real Projects,This mentorship focuses on UI/UX Design with practical applications.,Available,,senior,Senior,1,2025-08-02 00:00:00,0,1108,3,14,3
2993,Mastering Backend Development,This mentorship focuses on Backend Development with practical applications.,Available,,freshman,Beginner,6,2024-01-13 00:00:00,0,720,1,1,5
2342,Introduction to System Design,This mentorship focuses on System Design with practical applications.,Available,,freshman,Mid,7,2025-09-13 00:00:00,0,94,1,6,3
2333,Hands-on Backend Development Training,This mentorship focuses on Backend Development with practical applications.,Available,,junior,Mid,7,2024-07-24 00:00:00,0,1482,1,1,2
3179,Hands-on DevOps & Cloud Training,This mentorship focuses on DevOps & Cloud with practical applications.,Available,,graduate,Senior,8,2024-09-16 00:00:00,0,418,1,5,3
1182,Mastering Machine Learning,This mentorship focuses on Machine Learning with practical applications.,Available,,sophomore,Mid,8,2025-05-15 00:00:00,0,162,2,7,2
807,Career Coaching for Beginners,This mentorship focuses on Career Coaching with practical applications.,Available,,graduate,Senior,6,2025-10-17 00:00:00,0,1200,4,22,4
489,Full Stack Development for Real Projects,This mentorship focuses on Full Stack Development with practical applications.,Available,,freshman,Beginner,4,2024-12-06 00:00:00,0,267,1,3,1
3144,Introduction to Data Science,This mentorship focuses on Data Science with practical applications.,Available,,senior,Beginner,8,2025-04-16 00:00:00,0,1139,2,12,4
1311,UI/UX Design for Real Projects,This mentorship focuses on UI/UX Design with practical applications.,Available,,junior,Beginner,9,2025-10-12 00:00:00,0,1421,3,14,5
2744,Frontend Development for Real Projects,This mentorship focuses on Frontend Development with practical applications.,Available,,senior,Junior,9,2025-05-13 00:00:00,0,52,1,2,2
1679,Full Stack Development for Real Projects,This mentorship focuses on Full Stack Development with practical applications.,Available,,sophomore,Senior,3,2025-08-17 00:00:00,0,471,1,3,4
1765,Frontend Development for Beginners,This mentorship focuses on Frontend Development with practical applications.,Available,,sophomore,Mid,8,2025-05-19 00:00:00,0,1341,1,2,3
131,Entrepreneurship for Beginners,This mentorship focuses on Entrepreneurship with practical applications.,Available,,junior,Mid,9,2025-08-29 00:00:00,0,1436,4,23,5
945,Mastering Data Engineering,This mentorship focuses on Data Engineering with practical applications.,Available,,graduate,Junior,7,2025-02-19 00:00:00,0,1463,2,13,3
2622,Branding for Real Projects,This mentorship focuses on Branding with practical applications.,Available,,freshman,Mid,3,2025-08-29 00:00:00,0,963,3,18,3
2218,Mastering DevOps & Cloud,This mentorship focuses on DevOps & Cloud with practical applications.,Available,,sophomore,Senior,2,2024-02-19 00:00:00,0,15,1,5,5
391,Hands-on Branding Training,This mentorship focuses on Branding with practical applications.,Available,,sophomore,Mid,1,2025-02-25 00:00:00,0,1329,3,18,2
1214,Mastering Frontend Development,This mentorship focuses on Frontend Development with practical applications.,Available,,freshman,Mid,3,2025-06-14 00:00:00,0,3,1,2,4
326,Machine Learning for Real Projects,This mentorship focuses on Machine Learning with practical applications.,Available,,sophomore,Beginner,5,2024-07-04 00:00:00,0,303,2,7,1
2866,Introduction to Mobile Development,This mentorship focuses on Mobile Development with practical applications.,Available,,junior,Mid,10,2025-10-04 00:00:00,0,501,1,4,3
1771,Mastering Frontend Development,This mentorship focuses on Frontend Development with practical applications.,Available,,junior,Mid,10,2025-09-02 00:00:00,0,43,1,2,4
364,Introduction to Frontend Development,This mentorship focuses on Frontend Development with practical applications.,Available,,senior,Beginner,7,2025-07-31 00:00:00,0,204,1,2,5
1990,Machine Learning for Beginners,This mentorship focuses on Machine Learning with practical applications.,Available,,sophomore,Junior,10,2024-05-30 00:00:00,0,1114,2,7,4
473,Mastering Project Management,This mentorship focuses on Project Management with practical applications.,Available,,senior,Junior,9,2025-06-13 00:00:00,0,27,4,21,4
1489,Business Analysis for Beginners,This mentorship focuses on Business Analysis with practical applications.,Available,,junior,Mid,8,2025-05-17 00:00:00,0,433,4,20,3
1712,Mastering Frontend Development,This mentorship focuses on Frontend Development with practical applications.,Available,,freshman,Beginner,8,2024-06-19 00:00:00,0,1327,1,2,5
673,Introduction to Data Science,This mentorship focuses on Data Science with practical applications.,Available,,senior,Junior,3,2025-04-13 00:00:00,0,1394,2,12,3
3074,Frontend Development for Beginners,This mentorship focuses on Frontend Development with practical applications.,Available,,junior,Mid,7,2024-02-18 00:00:00,0,915,1,2,2
2521,Introduction to Data Analysis,This mentorship focuses on Data Analysis with practical applications.,Available,,junior,Senior,8,2025-08-19 00:00:00,0,1332,2,11,4
1899,Mastering Graphic Design,This mentorship focuses on Graphic Design with practical applications.,Available,,freshman,Junior,6,2025-09-24 00:00:00,0,230,3,16,1
1226,Mastering System Design,This mentorship focuses on System Design with practical applications.,Available,,junior,Senior,2,2025-01-08 00:00:00,0,1048,1,6,4
2857,Hands-on Frontend Development Training,This mentorship focuses on Frontend Development with practical applications.,Available,,junior,Junior,6,2024-11-30 00:00:00,0,370,1,2,5
559,Hands-on Data Analysis Training,This mentorship focuses on Data Analysis with practical applications.,Available,,sophomore,Senior,9,2025-06-06 00:00:00,0,653,2,11,4
3196,System Design for Beginners,This mentorship focuses on System Design with practical applications.,Available,,freshman,Senior,8,2025-10-16 00:00:00,0,885,1,6,5
1390,Introduction to System Design,This mentorship focuses on System Design with practical applications.,Available,,graduate,Beginner,5,2024-04-09 00:00:00,0,312,1,6,2
2707,Backend Development for Beginners,This mentorship focuses on Backend Development with practical applications.,Available,,freshman,Mid,2,2025-09-19 00:00:00,0,691,1,1,3
1258,Machine Learning for Beginners,This mentorship focuses on Machine Learning with practical applications.,Available,,freshman,Senior,6,2024-12-01 00:00:00,0,951,2,7,5
937,Mastering Project Management,This mentorship focuses on Project Management with practical applications.,Available,,junior,Junior,5,2025-06-12 00:00:00,0,464,4,21,3
2277,System Design for Beginners,This mentorship focuses on System Design with practical applications.,Available,,graduate,Beginner,6,2025-09-30 00:00:00,0,268,1,6,2
1400,Introduction to Backend Development,This mentorship focuses on Backend Development with practical applications.,Available,,graduate,Mid,8,2024-08-19 00:00:00,0,917,1,1,4
751,Full Stack Development for Real Projects,This mentorship focuses on Full Stack Development with practical applications.,Available,,junior,Senior,6,2025-09-23 00:00:00,0,35,1,3,2
311,Data Engineering for Real Projects,This mentorship focuses on Data Engineering with practical applications.,Available,,graduate,Beginner,8,2025-07-06 00:00:00,0,219,2,13,2
892,Frontend Development for Real Projects,This mentorship focuses on Frontend Development with practical applications.,Available,,sophomore,Beginner,6,2025-08-19 00:00:00,0,897,1,2,5
475,Hands-on Natural Language Processing Training,This mentorship focuses on Natural Language Processing with practical applications.,Available,,junior,Beginner,9,2024-08-16 00:00:00,1,1359,2,10,3
562,Data Analysis for Real Projects,This mentorship focuses on Data Analysis with practical applications.,Available,,sophomore,Senior,2,2025-09-30 00:00:00,0,653,2,11,4
659,Mastering Full Stack Development,This mentorship focuses on Full Stack Development with practical applications.,Available,,freshman,Beginner,6,2025-04-27 00:00:00,0,575,1,3,3
671,Hands-on System Design Training,This mentorship focuses on System Design with practical applications.,Available,,senior,Mid,1,2025-10-11 00:00:00,0,174,1,6,4
1547,Mastering Entrepreneurship,This mentorship focuses on Entrepreneurship with practical applications.,Available,,freshman,Senior,7,2025-10-11 00:00:00,0,919,4,23,4
921,Mastering Full Stack Development,This mentorship focuses on Full Stack Development with practical applications.,Available,,junior,Junior,2,2025-05-23 00:00:00,0,703,1,3,4
2040,Mastering Computer Vision,This mentorship focuses on Computer Vision with practical applications.,Available,,senior,Beginner,1,2024-09-25 00:00:00,0,600,2,9,4
1419,Backend Development for Beginners,This mentorship focuses on Backend Development with practical applications.,Available,,junior,Senior,10,2025-10-17 00:00:00,0,1464,1,1,2
2445,Introduction to DevOps & Cloud,This mentorship focuses on DevOps & Cloud with practical applications.,Available,,junior,Senior,2,2025-04-01 00:00:00,0,330,1,5,4
1615,UI/UX Design for Beginners,This mentorship focuses on UI/UX Design with practical applications.,Available,,graduate,Senior,1,2025-01-22 00:00:00,0,248,3,14,3
2066,Hands-on Machine Learning Training,This mentorship focuses on Machine Learning with practical applications.,Available,,senior,Junior,4,2025-10-01 00:00:00,0,823,2,7,2
539,Hands-on System Design Training,This mentorship focuses on System Design with practical applications.,Available,,graduate,Senior,4,2025-05-14 00:00:00,0,1272,1,6,1
2215,Introduction to Project Management,This mentorship focuses on Project Management with practical applications.,Available,,freshman,Beginner,8,2025-08-29 00:00:00,1,1149,4,21,1
1926,Mobile Development for Real Projects,This mentorship focuses on Mobile Development with practical applications.,Available,,junior,Mid,3,2025-10-15 00:00:00,0,515,1,4,4
2686,Hands-on DevOps & Cloud Training,This mentorship focuses on DevOps & Cloud with practical applications.,Available,,freshman,Junior,7,2025-10-15 00:00:00,0,617,1,5,5
714,Mastering Frontend Development,This mentorship focuses on Frontend Development with practical applications.,Available,,senior,Junior,10,2025-09-30 00:00:00,0,790,1,2,5
2767,Computer Vision for Real Projects,This mentorship focuses on Computer Vision with practical applications.,Available,,sophomore,Beginner,1,2025-08-25 00:00:00,1,525,2,9,3
653,Mastering Frontend Development,This mentorship focuses on Frontend Development with practical applications.,Available,,senior,Junior,10,2025-04-03 00:00:00,0,1032,1,2,4
2073,Computer Vision for Beginners,This mentorship focuses on Computer Vision with practical applications.,Available,,sophomore,Mid,3,2025-10-13 00:00:00,0,683,2,9,4
1351,Full Stack Development for Real Projects,This mentorship focuses on Full Stack Development with practical applications.,Available,,senior,Junior,6,2024-12-14 00:00:00,0,182,1,3,3
2531,Product Design for Real Projects,This mentorship focuses on Product Design with practical applications.,Available,,sophomore,Beginner,3,2025-09-22 00:00:00,0,960,3,15,4
1018,Introduction to Business Analysis,This mentorship focuses on Business Analysis with practical applications.,Available,,senior,Senior,10,2025-07-26 00:00:00,0,1425,4,20,4
1542,Business Analysis for Beginners,This mentorship focuses on Business Analysis with practical applications.,Available,,graduate,Beginner,3,2025-07-27 00:00:00,0,221,4,20,2
1879,Mastering Full Stack Development,This mentorship focuses on Full Stack Development with practical applications.,Available,,sophomore,Beginner,7,2024-09-03 00:00:00,1,657,1,3,4
1558,Introduction to Data Science,This mentorship focuses on Data Science with practical applications.,Available,,sophomore,Beginner,1,2024-12-23 00:00:00,1,1270,2,12,4
1605,Mastering Full Stack Development,This mentorship focuses on Full Stack Development with practical applications.,Available,,sophomore,Beginner,6,2025-06-29 00:00:00,0,788,1,3,3
2935,Hands-on System Design Training,This mentorship focuses on System Design with practical applications.,Available,,senior,Senior,10,2025-08-05 00:00:00,0,1159,1,6,4
2550,Mastering DevOps & Cloud,This mentorship focuses on DevOps & Cloud with practical applications.,Available,,junior,Beginner,7,2025-02-18 00:00:00,0,1127,1,5,5
380,Product Design for Real Projects,This mentorship focuses on Product Design with practical applications.,Available,,sophomore,Mid,7,2025-09-07 00:00:00,0,968,3,15,4
652,Hands-on Frontend Development Training,This mentorship focuses on Frontend Development with practical applications.,Available,,graduate,Beginner,2,2025-03-20 00:00:00,0,1032,1,2,4
2852,System Design for Beginners,This mentorship focuses on System Design with practical applications.,Available,,sophomore,Beginner,5,2025-09-17 00:00:00,1,850,1,6,2
91,Hands-on Natural Language Processing Training,This mentorship focuses on Natural Language Processing with practical applications.,Available,,freshman,Senior,4,2025-03-18 00:00:00,0,715,2,10,1
2496,Hands-on Full Stack Development Training,This mentorship focuses on Full Stack Development with practical applications.,Available,,graduate,Mid,5,2024-07-25 00:00:00,0,491,1,3,5
2446,Hands-on Mobile Development Training,This mentorship focuses on Mobile Development with practical applications.,Available,,senior,Junior,6,2025-04-04 00:00:00,0,330,1,4,4
1842,Full Stack Development for Beginners,This mentorship focuses on Full Stack Development with practical applications.,Available,,graduate,Senior,1,2024-06-14 00:00:00,0,234,1,3,5
2574,Machine Learning for Real Projects,This mentorship focuses on Machine Learning with practical applications.,Available,,graduate,Mid,3,2025-08-25 00:00:00,0,163,2,7,5
2822,Backend Development for Real Projects,This mentorship focuses on Backend Development with practical applications.,Available,,freshman,Beginner,7,2025-01-16 00:00:00,0,490,1,1,5
951,Introduction to Product Management,This mentorship focuses on Product Management with practical applications.,Available,,sophomore,Mid,4,2024-07-16 00:00:00,0,935,4,19,4
56,Mastering Product Design,This mentorship focuses on Product Design with practical applications.,Available,,freshman,Junior,9,2025-10-17 00:00:00,0,521,3,15,4
2004,Mastering Natural Language Processing,This mentorship focuses on Natural Language Processing with practical applications.,Available,,sophomore,Beginner,5,2025-02-08 00:00:00,0,945,2,10,3
172,Deep Learning for Beginners,This mentorship focuses on Deep Learning with practical applications.,Available,,senior,Junior,6,2025-07-19 00:00:00,0,857,2,8,1
264,Hands-on Data Analysis Training,This mentorship focuses on Data Analysis with practical applications.,Available,,sophomore,Junior,9,2025-10-15 00:00:00,0,235,2,11,4
544,Mastering Frontend Development,This mentorship focuses on Frontend Development with practical applications.,Available,,freshman,Mid,9,2024-10-18 00:00:00,0,244,1,2,3
1548,Mastering Entrepreneurship,This mentorship focuses on Entrepreneurship with practical applications.,Available,,junior,Junior,3,2024-08-15 00:00:00,0,690,4,23,3
294,System Design for Beginners,This mentorship focuses on System Design with practical applications.,Available,,graduate,Beginner,2,2025-10-05 00:00:00,0,634,1,6,3
302,Motion Design for Beginners,This mentorship focuses on Motion Design with practical applications.,Available,,junior,Mid,10,2024-05-08 00:00:00,0,436,3,17,4
3138,Motion Design for Real Projects,This mentorship focuses on Motion Design with practical applications.,Available,,sophomore,Junior,2,2025-10-07 00:00:00,0,585,3,17,4
880,Data Science for Real Projects,This mentorship focuses on Data Science with practical applications.,Available,,junior,Mid,10,2024-09-10 00:00:00,0,947,2,12,4
254,System Design for Real Projects,This mentorship focuses on System Design with practical applications.,Available,,senior,Senior,7,2025-08-24 00:00:00,0,627,1,6,4
2578,Data Engineering for Real Projects,This mentorship focuses on Data Engineering with practical applications.,Available,,graduate,Senior,7,2025-02-16 00:00:00,0,481,2,13,2
2229,Computer Vision for Beginners,This mentorship focuses on Computer Vision with practical applications.,Available,,senior,Senior,3,2025-03-30 00:00:00,0,816,2,9,4
2753,Introduction to Backend Development,This mentorship focuses on Backend Development with practical applications.,Available,,sophomore,Beginner,3,2025-07-26 00:00:00,0,1230,1,1,2
1972,Mastering Data Engineering,This mentorship focuses on Data Engineering with practical applications.,Available,,senior,Junior,6,2024-07-22 00:00:00,0,1173,2,13,4
1722,Hands-on DevOps & Cloud Training,This mentorship focuses on DevOps & Cloud with practical applications.,Available,,graduate,Junior,2,2025-09-22 00:00:00,0,466,1,5,5
705,Business Analysis for Real Projects,This mentorship focuses on Business Analysis with practical applications.,Available,,freshman,Beginner,4,2024-03-26 00:00:00,1,327,4,20,5
1915,Introduction to DevOps & Cloud,This mentorship focuses on DevOps & Cloud with practical applications.,Available,,senior,Beginner,2,2025-09-18 00:00:00,1,1228,1,5,4
427,Introduction to Data Analysis,This mentorship focuses on Data Analysis with practical applications.,Available,,junior,Beginner,3,2024-10-29 00:00:00,1,140,2,11,4
831,Branding for Real Projects,This mentorship focuses on Branding with practical applications.,Available,,sophomore,Beginner,1,2025-07-13 00:00:00,1,1062,3,18,3
2953,Introduction to Mobile Development,This mentorship focuses on Mobile Development with practical applications.,Available,,sophomore,Senior,2,2025-07-01 00:00:00,0,1190,1,4,4
2313,Hands-on Natural Language Processing Training,This mentorship focuses on Natural Language Processing with practical applications.,Available,,sophomore,Mid,3,2025-10-05 00:00:00,0,762,2,10,3
1023,Backend Development for Beginners,This mentorship focuses on Backend Development with practical applications.,Available,,senior,Junior,6,2024-10-28 00:00:00,0,817,1,1,3
3095,Graphic Design for Real Projects,This mentorship focuses on Graphic Design with practical applications.,Available,,sophomore,Beginner,4,2025-04-05 00:00:00,0,1316,3,16,4
325,Mastering Data Engineering,This mentorship focuses on Data Engineering with practical applications.,Available,,sophomore,Junior,10,2025-07-31 00:00:00,0,680,2,13,5
1815,Introduction to Business Analysis,This mentorship focuses on Business Analysis with practical applications.,Available,,freshman,Mid,5,2025-10-06 00:00:00,0,340,4,20,4
1343,Data Science for Beginners,This mentorship focuses on Data Science with practical applications.,Available,,graduate,Mid,5,2025-10-06 00:00:00,0,532,2,12,4
240,Hands-on Backend Development Training,This mentorship focuses on Backend Development with practical applications.,Available,,graduate,Beginner,7,2025-06-04 00:00:00,0,883,1,1,4
2169,Mastering Career Coaching,This mentorship focuses on Career Coaching with practical applications.,Available,,junior,Mid,4,2024-04-08 00:00:00,0,1095,4,22,4
564,Mastering Full Stack Development,This mentorship focuses on Full Stack Development with practical applications.,Available,,senior,Junior,10,2025-08-08 00:00:00,0,265,1,3,4
258,Branding for Beginners,This mentorship focuses on Branding with practical applications.,Available,,junior,Junior,8,2025-08-05 00:00:00,0,1267,3,18,2
1755,Introduction to System Design,This mentorship focuses on System Design with practical applications.,Available,,graduate,Senior,3,2025-08-23 00:00:00,0,512,1,6,5
917,Mastering UI/UX Design,This mentorship focuses on UI/UX Design with practical applications.,Available,,junior,Mid,6,2025-01-24 00:00:00,0,41,3,14,4
1389,Hands-on Mobile Development Training,This mentorship focuses on Mobile Development with practical applications.,Available,,sophomore,Mid,7,2025-09-24 00:00:00,0,742,1,4,3
2156,Introduction to Frontend Development,This mentorship focuses on Frontend Development with practical applications.,Available,,sophomore,Senior,8,2025-08-26 00:00:00,0,1391,1,2,3
1715,Hands-on Mobile Development Training,This mentorship focuses on Mobile Development with practical applications.,Available,,freshman,Mid,4,2025-08-19 00:00:00,0,1327,1,4,5
2108,Backend Development for Real Projects,This mentorship focuses on Backend Development with practical applications.,Available,,senior,Beginner,5,2025-08-08 00:00:00,1,349,1,1,3
238,Introduction to Product Management,This mentorship focuses on Product Management with practical applications.,Available,,graduate,Mid,7,2025-04-18 00:00:00,0,82,4,19,5
2616,Motion Design for Beginners,This mentorship focuses on Motion Design with practical applications.,Available,,sophomore,Beginner,8,2025-09-11 00:00:00,1,1250,3,17,4
2691,Career Coaching for Beginners,This mentorship focuses on Career Coaching with practical applications.,Available,,sophomore,Beginner,6,2025-06-11 00:00:00,0,589,4,22,4
219,Data Engineering for Beginners,This mentorship focuses on Data Engineering with practical applications.,Available,,sophomore,Junior,3,2025-10-12 00:00:00,0,1493,2,13,4
251,Mastering UI/UX Design,This mentorship focuses on UI/UX Design with practical applications.,Available,,graduate,Junior,2,2025-07-31 00:00:00,0,616,3,14,3
1956,Entrepreneurship for Beginners,This mentorship focuses on Entrepreneurship with practical applications.,Available,,senior,Senior,5,2025-05-28 00:00:00,0,1245,4,23,3
1180,DevOps & Cloud for Beginners,This mentorship focuses on DevOps & Cloud with practical applications.,Available,,senior,Mid,7,2025-03-26 00:00:00,0,890,1,5,5
2129,Backend Development for Beginners,This mentorship focuses on Backend Development with practical applications.,Available,,senior,Senior,6,2025-08-12 00:00:00,0,411,1,1,4
313,System Design for Beginners,This mentorship focuses on System Design with practical applications.,Available,,sophomore,Mid,4,2024-10-31 00:00:00,0,196,1,6,3
2542,Hands-on Data Science Training,This mentorship focuses on Data Science with practical applications.,Available,,sophomore,Beginner,7,2024-06-19 00:00:00,1,1295,2,12,5
1585,Mobile Development for Beginners,This mentorship focuses on Mobile Development with practical applications.,Available,,graduate,Mid,2,2025-09-07 00:00:00,0,92,1,4,3
2836,Computer Vision for Real Projects,This mentorship focuses on Computer Vision with practical applications.,Available,,freshman,Beginner,9,2025-10-04 00:00:00,0,357,2,9,4
2973,Mastering Product Design,This mentorship focuses on Product Design with practical applications.,Available,,graduate,Beginner,9,2025-08-28 00:00:00,0,802,3,15,3
2116,UI/UX Design for Beginners,This mentorship focuses on UI/UX Design with practical applications.,Available,,sophomore,Mid,3,2025-08-06 00:00:00,0,1207,3,14,2
286,Mastering Data Science,This mentorship focuses on Data Science with practical applications.,Available,,graduate,Mid,4,2025-09-27 00:00:00,0,1255,2,12,4
231,Data Analysis for Beginners,This mentorship focuses on Data Analysis with practical applications.,Available,,senior,Mid,4,2025-05-13 00:00:00,0,588,2,11,4
619,Hands-on Data Analysis Training,This mentorship focuses on Data Analysis with practical applications.,Available,,graduate,Mid,6,2025-09-12 00:00:00,0,1350,2,11,4
2572,Natural Language Processing for Beginners,This mentorship focuses on Natural Language Processing with practical applications.,Available,,junior,Junior,6,2025-05-16 00:00:00,0,163,2,10,5
1409,Hands-on Mobile Development Training,This mentorship focuses on Mobile Development with practical applications.,Available,,freshman,Mid,6,2025-01-03 00:00:00,0,301,1,4,2
2558,Machine Learning for Beginners,This mentorship focuses on Machine Learning with practical applications.,Available,,senior,Mid,1,2024-08-05 00:00:00,0,1221,2,7,3
1950,Hands-on Deep Learning Training,This mentorship focuses on Deep Learning with practical applications.,Available,,freshman,Mid,10,2025-07-16 00:00:00,0,371,2,8,1
2165,Mastering Mobile Development,This mentorship focuses on Mobile Development with practical applications.,Available,,sophomore,Senior,5,2024-10-19 00:00:00,0,1398,1,4,4
1263,Hands-on Branding Training,This mentorship focuses on Branding with practical applications.,Available,,junior,Beginner,8,2025-06-21 00:00:00,0,276,3,18,3
1618,Hands-on Product Design Training,This mentorship focuses on Product Design with practical applications.,Available,,junior,Mid,4,2024-07-18 00:00:00,0,1265,3,15,4
1681,Mastering Mobile Development,This mentorship focuses on Mobile Development with practical applications.,Available,,junior,Mid,4,2025-10-06 00:00:00,0,471,1,4,4
2702,Hands-on Mobile Development Training,This mentorship focuses on Mobile Development with practical applications.,Available,,junior,Beginner,6,2025-08-26 00:00:00,0,630,1,4,2
1146,Introduction to Data Science,This mentorship focuses on Data Science with practical applications.,Available,,senior,Junior,9,2025-03-08 00:00:00,0,753,2,12,4
2596,System Design for Beginners,This mentorship focuses on System Design with practical applications.,Available,,freshman,Senior,10,2025-09-27 00:00:00,0,766,1,6,3
1583,Machine Learning for Real Projects,This mentorship focuses on Machine Learning with practical applications.,Available,,junior,Senior,8,2025-04-14 00:00:00,0,1467,2,7,3
496,System Design for Real Projects,This mentorship focuses on System Design with practical applications.,Available,,graduate,Beginner,4,2025-01-03 00:00:00,0,192,1,6,5
1317,Mastering Full Stack Development,This mentorship focuses on Full Stack Development with practical applications.,Available,,junior,Junior,6,2025-09-12 00:00:00,0,1428,1,3,5
3081,Backend Development for Beginners,This mentorship focuses on Backend Development with practical applications.,Available,,graduate,Senior,3,2025-01-13 00:00:00,0,193,1,1,3
1473,Hands-on Frontend Development Training,This mentorship focuses on Frontend Development with practical applications.,Available,,graduate,Beginner,4,2025-04-26 00:00:00,0,998,1,2,2
2198,Data Science for Beginners,This mentorship focuses on Data Science with practical applications.,Available,,junior,Junior,10,2025-09-11 00:00:00,0,114,2,12,4
340,Mastering Full Stack Development,This mentorship focuses on Full Stack Development with practical applications.,Available,,junior,Mid,2,2025-09-03 00:00:00,0,1439,1,3,2
2394,Hands-on Branding Training,This mentorship focuses on Branding with practical applications.,Available,,junior,Senior,10,2025-08-15 00:00:00,0,624,3,18,3
1734,Hands-on Branding Training,This mentorship focuses on Branding with practical applications.,Available,,junior,Junior,9,2024-05-12 00:00:00,0,1366,3,18,3
916,Mastering UI/UX Design,This mentorship focuses on UI/UX Design with practical applications.,Available,,junior,Beginner,8,2024-07-28 00:00:00,0,41,3,14,4
2720,Product Design for Beginners,This mentorship focuses on Product Design with practical applications.,Available,,freshman,Mid,7,2025-10-11 00:00:00,0,1175,3,15,5
1994,Introduction to Full Stack Development,This mentorship focuses on Full Stack Development with practical applications.,Available,,freshman,Junior,7,2025-05-09 00:00:00,0,19,1,3,3
2878,Introduction to UI/UX Design,This mentorship focuses on UI/UX Design with practical applications.,Available,,sophomore,Junior,3,2025-10-05 00:00:00,0,1206,3,14,4
277,Graphic Design for Beginners,This mentorship focuses on Graphic Design with practical applications.,Available,,senior,Junior,10,2025-06-13 00:00:00,0,108,3,16,3
49,Mobile Development for Real Projects,This mentorship focuses on Mobile Development with practical applications.,Available,,graduate,Beginner,6,2025-03-10 00:00:00,0,1305,1,4,5
1251,Introduction to Motion Design,This mentorship focuses on Motion Design with practical applications.,Available,,senior,Junior,5,2024-08-13 00:00:00,0,1118,3,17,4
2190,Computer Vision for Real Projects,This mentorship focuses on Computer Vision with practical applications.,Available,,junior,Senior,5,2025-09-01 00:00:00,0,859,2,9,4
1376,Motion Design for Beginners,This mentorship focuses on Motion Design with practical applications.,Available,,senior,Senior,3,2025-04-26 00:00:00,0,107,3,17,3
2433,Hands-on Motion Design Training,This mentorship focuses on Motion Design with practical applications.,Available,,junior,Junior,8,2025-04-15 00:00:00,0,448,3,17,4
958,Introduction to Backend Development,This mentorship focuses on Backend Development with practical applications.,Available,,freshman,Beginner,8,2024-12-05 00:00:00,0,1483,1,1,5
804,Entrepreneurship for Real Projects,This mentorship focuses on Entrepreneurship with practical applications.,Available,,graduate,Mid,9,2025-04-01 00:00:00,0,1200,4,23,4
2893,Machine Learning for Real Projects,This mentorship focuses on Machine Learning with practical applications.,Available,,junior,Mid,9,2025-08-16 00:00:00,0,966,2,7,5
693,Mobile Development for Beginners,This mentorship focuses on Mobile Development with practical applications.,Available,,freshman,Senior,3,2024-11-23 00:00:00,0,648,1,4,4
990,Hands-on Branding Training,This mentorship focuses on Branding with practical applications.,Available,,sophomore,Mid,9,2025-09-24 00:00:00,0,808,3,18,2
2751,Introduction to UI/UX Design,This mentorship focuses on UI/UX Design with practical applications.,Available,,graduate,Senior,6,2025-01-20 00:00:00,0,473,3,14,3
1640,Hands-on UI/UX Design Training,This mentorship focuses on UI/UX Design with practical applications.,Available,,freshman,Junior,4,2024-03-26 00:00:00,0,674,3,14,1
2293,Backend Development for Real Projects,This mentorship focuses on Backend Development with practical applications.,Available,,freshman,Beginner,3,2024-05-04 00:00:00,0,275,1,1,2
735,Career Coaching for Real Projects,This mentorship focuses on Career Coaching with practical applications.,Available,,freshman,Junior,2,2025-08-31 00:00:00,0,1040,4,22,3
2481,Hands-on Full Stack Development Training,This mentorship focuses on Full Stack Development with practical applications.,Available,,junior,Mid,2,2025-09-29 00:00:00,0,876,1,3,3
699,Hands-on Graphic Design Training,This mentorship focuses on Graphic Design with practical applications.,Available,,freshman,Mid,3,2025-05-03 00:00:00,1,407,3,16,5
1008,Mastering Frontend Development,This mentorship focuses on Frontend Development with practical applications.,Available,,sophomore,Beginner,3,2025-08-25 00:00:00,0,37,1,2,5
244,Frontend Development for Beginners,This mentorship focuses on Frontend Development with practical applications.,Available,,freshman,Junior,7,2024-11-26 00:00:00,0,612,1,2,4
2873,Mobile Development for Beginners,This mentorship focuses on Mobile Development with practical applications.,Available,,senior,Junior,5,2025-09-21 00:00:00,0,992,1,4,4
2796,Introduction to Backend Development,This mentorship focuses on Backend Development with practical applications.,Available,,senior,Mid,6,2024-07-03 00:00:00,0,38,1,1,5
484,Full Stack Development for Real Projects,This mentorship focuses on Full Stack Development with practical applications.,Available,,graduate,Junior,10,2024-08-02 00:00:00,0,775,1,3,3
2403,Hands-on DevOps & Cloud Training,This mentorship focuses on DevOps & Cloud with practical applications.,Available,,graduate,Beginner,3,2025-01-22 00:00:00,0,646,1,5,5
2250,DevOps & Cloud for Real Projects,This mentorship focuses on DevOps & Cloud with practical applications.,Available,,junior,Senior,6,2023-12-31 00:00:00,0,785,1,5,4
1312,Introduction to Career Coaching,This mentorship focuses on Career Coaching with practical applications.,Available,,sophomore,Junior,8,2024-06-15 00:00:00,0,384,4,22,3
647,Product Design for Real Projects,This mentorship focuses on Product Design with practical applications.,Available,,sophomore,Beginner,9,2025-04-22 00:00:00,0,807,3,15,5
439,Mastering Mobile Development,This mentorship focuses on Mobile Development with practical applications.,Available,,graduate,Beginner,5,2025-10-13 00:00:00,0,1041,1,4,3
1622,Mastering Backend Development,This mentorship focuses on Backend Development with practical applications.,Available,,graduate,Beginner,8,2025-05-08 00:00:00,0,1199,1,1,2
516,Introduction to Full Stack Development,This mentorship focuses on Full Stack Development with practical applications.,Available,,graduate,Senior,10,2025-06-07 00:00:00,0,693,1,3,4
914,Introduction to Product Design,This mentorship focuses on Product Design with practical applications.,Available,,freshman,Beginner,2,2024-01-29 00:00:00,0,41,3,15,4
2475,Hands-on Graphic Design Training,This mentorship focuses on Graphic Design with practical applications.,Available,,graduate,Mid,5,2025-01-04 00:00:00,0,1372,3,16,5
2840,DevOps & Cloud for Beginners,This mentorship focuses on DevOps & Cloud with practical applications.,Available,,sophomore,Beginner,2,2024-12-16 00:00:00,0,331,1,5,5
837,Mastering DevOps & Cloud,This mentorship focuses on DevOps & Cloud with practical applications.,Available,,senior,Beginner,6,2024-02-18 00:00:00,0,862,1,5,5
852,Deep Learning for Real Projects,This mentorship focuses on Deep Learning with practical applications.,Available,,senior,Senior,8,2025-06-10 00:00:00,0,69,2,8,2
841,DevOps & Cloud for Beginners,This mentorship focuses on DevOps & Cloud with practical applications.,Available,,graduate,Mid,9,2025-09-04 00:00:00,0,862,1,5,5
488,Mastering Branding,This mentorship focuses on Branding with practical applications.,Available,,freshman,Beginner,6,2025-05-24 00:00:00,1,535,3,18,2
77,Hands-on Full Stack Development Training,This mentorship focuses on Full Stack Development with practical applications.,Available,,sophomore,Junior,5,2025-01-12 00:00:00,0,1360,1,3,4
2916,Mastering Natural Language Processing,This mentorship focuses on Natural Language Processing with practical applications.,Available,,junior,Junior,2,2025-05-12 00:00:00,0,936,2,10,2
704,Mastering Project Management,This mentorship focuses on Project Management with practical applications.,Available,,graduate,Senior,4,2024-03-18 00:00:00,0,327,4,21,5
1459,Mobile Development for Beginners,This mentorship focuses on Mobile Development with practical applications.,Available,,freshman,Beginner,8,2024-09-23 00:00:00,1,922,1,4,2
267,Deep Learning for Beginners,This mentorship focuses on Deep Learning with practical applications.,Available,,junior,Mid,10,2025-01-06 00:00:00,0,1434,2,8,4
1861,Data Analysis for Beginners,This mentorship focuses on Data Analysis with practical applications.,Available,,sophomore,Beginner,2,2025-08-18 00:00:00,1,845,2,11,5
449,Branding for Beginners,This mentorship focuses on Branding with practical applications.,Available,,graduate,Senior,3,2025-04-07 00:00:00,0,102,3,18,4
877,Backend Development for Real Projects,This mentorship focuses on Backend Development with practical applications.,Available,,freshman,Junior,10,2024-10-31 00:00:00,0,1283,1,1,4
3142,Hands-on Computer Vision Training,This mentorship focuses on Computer Vision with practical applications.,Available,,graduate,Junior,3,2024-08-10 00:00:00,0,1139,2,9,4
1806,Mastering DevOps & Cloud,This mentorship focuses on DevOps & Cloud with practical applications.,Available,,graduate,Mid,9,2024-09-26 00:00:00,0,215,1,5,4
2824,Hands-on System Design Training,This mentorship focuses on System Design with practical applications.,Available,,junior,Senior,5,2025-09-06 00:00:00,0,1047,1,6,4
2604,Introduction to Motion Design,This mentorship focuses on Motion Design with practical applications.,Available,,freshman,Mid,7,2025-07-19 00:00:00,0,607,3,17,3
2247,Mastering Business Analysis,This mentorship focuses on Business Analysis with practical applications.,Available,,sophomore,Senior,8,2025-09-17 00:00:00,0,271,4,20,4
839,Introduction to DevOps & Cloud,This mentorship focuses on DevOps & Cloud with practical applications.,Available,,freshman,Junior,9,2025-06-14 00:00:00,0,862,1,5,5
2754,Hands-on Graphic Design Training,This mentorship focuses on Graphic Design with practical applications.,Available,,sophomore,Mid,6,2025-08-15 00:00:00,0,1362,3,16,3
1724,Introduction to DevOps & Cloud,This mentorship focuses on DevOps & Cloud with practical applications.,Available,,graduate,Senior,8,2025-10-05 00:00:00,0,466,1,5,5
188,Frontend Development for Beginners,This mentorship focuses on Frontend Development with practical applications.,Available,,sophomore,Senior,2,2025-09-07 00:00:00,0,116,1,2,5
1931,Hands-on Full Stack Development Training,This mentorship focuses on Full Stack Development with practical applications.,Available,,sophomore,Junior,2,2025-06-21 00:00:00,0,499,1,3,4
1576,Introduction to Machine Learning,This mentorship focuses on Machine Learning with practical applications.,Available,,freshman,Beginner,12,2025-04-02 00:00:00,1,385,2,7,3
1,UI/UX Design for Beginners,This mentorship focuses on UI/UX Design with practical applications.,Available,,junior,Junior,8,2025-09-23 00:00:00,0,530,3,14,3
992,Hands-on Backend Development Training,This mentorship focuses on Backend Development with practical applications.,Available,,junior,Mid,7,2025-07-20 00:00:00,0,732,1,1,4
2917,Introduction to Business Analysis,This mentorship focuses on Business Analysis with practical applications.,Available,,graduate,Senior,3,2025-07-12 00:00:00,0,26,4,20,1
1162,Frontend Development for Beginners,This mentorship focuses on Frontend Development with practical applications.,Available,,freshman,Mid,1,2025-08-31 00:00:00,0,203,1,2,5
3145,Hands-on Computer Vision Training,This mentorship focuses on Computer Vision with practical applications.,Available,,senior,Beginner,10,2025-05-22 00:00:00,0,1139,2,9,4
964,Deep Learning for Beginners,This mentorship focuses on Deep Learning with practical applications.,Available,,sophomore,Senior,3,2025-09-19 00:00:00,0,440,2,8,2
100,Business Analysis for Beginners,This mentorship focuses on Business Analysis with practical applications.,Available,,freshman,Mid,10,2025-09-06 00:00:00,0,32,4,20,1
2159,Mastering DevOps & Cloud,This mentorship focuses on DevOps & Cloud with practical applications.,Available,,junior,Beginner,5,2025-10-03 00:00:00,0,1131,1,5,4
256,Motion Design for Real Projects,This mentorship focuses on Motion Design with practical applications.,Available,,graduate,Senior,3,2025-09-07 00:00:00,0,626,3,17,1
112,Product Management for Real Projects,This mentorship focuses on Product Management with practical applications.,Available,,senior,Junior,3,2025-08-28 00:00:00,0,761,4,19,4
2266,Introduction to Machine Learning,This mentorship focuses on Machine Learning with practical applications.,Available,,graduate,Senior,9,2025-05-28 00:00:00,0,563,2,7,2
2404,Mobile Development for Beginners,This mentorship focuses on Mobile Development with practical applications.,Available,,graduate,Junior,2,2025-05-20 00:00:00,0,646,1,4,5
506,Mastering System Design,This mentorship focuses on System Design with practical applications.,Available,,graduate,Senior,10,2024-06-20 00:00:00,0,927,1,6,4
1757,Introduction to System Design,This mentorship focuses on System Design with practical applications.,Available,,junior,Senior,6,2025-10-10 00:00:00,0,512,1,6,5
963,Introduction to Machine Learning,This mentorship focuses on Machine Learning with practical applications.,Available,,sophomore,Mid,8,2025-06-15 00:00:00,0,440,2,7,2
1110,DevOps & Cloud for Beginners,This mentorship focuses on DevOps & Cloud with practical applications.,Available,,junior,Senior,3,2025-05-29 00:00:00,0,250,1,5,4
3003,Product Design for Beginners,This mentorship focuses on Product Design with practical applications.,Available,,senior,Mid,2,2025-10-11 00:00:00,0,1237,3,15,4
1247,DevOps & Cloud for Real Projects,This mentorship focuses on DevOps & Cloud with practical applications.,Available,,sophomore,Senior,6,2025-02-09 00:00:00,0,840,1,5,4
3180,Hands-on DevOps & Cloud Training,This mentorship focuses on DevOps & Cloud with practical applications.,Available,,senior,Junior,2,2025-09-02 00:00:00,0,418,1,5,3
2162,Mastering Backend Development,This mentorship focuses on Backend Development with practical applications.,Available,,sophomore,Mid,5,2025-10-16 00:00:00,0,1131,1,1,4
2442,Introduction to DevOps & Cloud,This mentorship focuses on DevOps & Cloud with practical applications.,Available,,sophomore,Senior,8,2025-08-28 00:00:00,0,153,1,5,3
1519,Mastering Data Analysis,This mentorship focuses on Data Analysis with practical applications.,Available,,junior,Mid,4,2025-06-25 00:00:00,0,815,2,11,4
1514,Hands-on DevOps & Cloud Training,This mentorship focuses on DevOps & Cloud with practical applications.,Available,,junior,Junior,8,2025-07-21 00:00:00,0,879,1,5,2
1836,Mastering Branding,This mentorship focuses on Branding with practical applications.,Available,,sophomore,Senior,7,2025-06-17 00:00:00,0,297,3,18,3
54,Mastering Product Design,This mentorship focuses on Product Design with practical applications.,Available,,sophomore,Mid,1,2025-06-09 00:00:00,1,521,3,15,4
1255,Computer Vision for Real Projects,This mentorship focuses on Computer Vision with practical applications.,Available,,junior,Junior,10,2025-04-22 00:00:00,0,643,2,9,2
422,Motion Design for Beginners,This mentorship focuses on Motion Design with practical applications.,Available,,junior,Mid,4,2025-10-15 00:00:00,0,1115,3,17,1
373,DevOps & Cloud for Real Projects,This mentorship focuses on DevOps & Cloud with practical applications.,Available,,graduate,Senior,10,2025-03-11 00:00:00,0,676,1,5,2
1221,Data Analysis for Beginners,This mentorship focuses on Data Analysis with practical applications.,Available,,freshman,Senior,3,2024-01-25 00:00:00,0,1019,2,11,3
2573,Machine Learning for Real Projects,This mentorship focuses on Machine Learning with practical applications.,Available,,graduate,Junior,1,2025-06-26 00:00:00,0,163,2,7,5
845,Natural Language Processing for Beginners,This mentorship focuses on Natural Language Processing with practical applications.,Available,,junior,Mid,9,2025-08-31 00:00:00,0,1234,2,10,5
61,Mastering Full Stack Development,This mentorship focuses on Full Stack Development with practical applications.,Available,,graduate,Mid,1,2025-06-19 00:00:00,0,1225,1,3,5
1012,Hands-on Machine Learning Training,This mentorship focuses on Machine Learning with practical applications.,Available,,sophomore,Junior,6,2025-05-03 00:00:00,0,1452,2,7,1
1793,Hands-on UI/UX Design Training,This mentorship focuses on UI/UX Design with practical applications.,Available,,senior,Mid,2,2024-10-18 00:00:00,0,1215,3,14,4
622,Hands-on Career Coaching Training,This mentorship focuses on Career Coaching with practical applications.,Available,,sophomore,Mid,1,2025-04-13 00:00:00,1,576,4,22,1
2057,Natural Language Processing for Real Projects,This mentorship focuses on Natural Language Processing with practical applications.,Available,,freshman,Mid,10,2025-09-26 00:00:00,0,1260,2,10,4
2288,Data Analysis for Real Projects,This mentorship focuses on Data Analysis with practical applications.,Available,,graduate,Junior,3,2025-10-01 00:00:00,0,1453,2,11,5
306,Hands-on Graphic Design Training,This mentorship focuses on Graphic Design with practical applications.,Available,,senior,Mid,4,2025-09-18 00:00:00,0,637,3,16,4
316,Introduction to Branding,This mentorship focuses on Branding with practical applications.,Available,,freshman,Junior,6,2024-10-05 00:00:00,0,706,3,18,3
1989,Mastering System Design,This mentorship focuses on System Design with practical applications.,Available,,graduate,Beginner,8,2024-06-29 00:00:00,0,1475,1,6,1
3071,Introduction to Deep Learning,This mentorship focuses on Deep Learning with practical applications.,Available,,junior,Beginner,3,2024-09-07 00:00:00,0,1154,2,8,3
1172,Introduction to Backend Development,This mentorship focuses on Backend Development with practical applications.,Available,,sophomore,Junior,7,2024-09-22 00:00:00,0,388,1,1,3
2264,Mastering Career Coaching,This mentorship focuses on Career Coaching with practical applications.,Available,,sophomore,Beginner,7,2025-08-31 00:00:00,1,1407,4,22,1
2473,Backend Development for Beginners,This mentorship focuses on Backend Development with practical applications.,Available,,senior,Junior,3,2024-07-29 00:00:00,0,500,1,1,2
97,Mastering Mobile Development,This mentorship focuses on Mobile Development with practical applications.,Available,,sophomore,Mid,1,2025-05-01 00:00:00,0,239,1,4,3
884,Mastering Data Analysis,This mentorship focuses on Data Analysis with practical applications.,Available,,sophomore,Senior,10,2024-02-19 00:00:00,0,71,2,11,4
2636,Mastering DevOps & Cloud,This mentorship focuses on DevOps & Cloud with practical applications.,Available,,senior,Beginner,7,2024-11-12 00:00:00,0,48,1,5,3
1080,Introduction to Frontend Development,This mentorship focuses on Frontend Development with practical applications.,Available,,sophomore,Senior,5,2025-02-03 00:00:00,0,787,1,2,2
1252,Introduction to UI/UX Design,This mentorship focuses on UI/UX Design with practical applications.,Available,,graduate,Senior,9,2024-11-02 00:00:00,0,1118,3,14,4
3065,Data Engineering for Beginners,This mentorship focuses on Data Engineering with practical applications.,Available,,freshman,Beginner,10,2025-10-08 00:00:00,0,34,2,13,5
1364,Frontend Development for Beginners,This mentorship focuses on Frontend Development with practical applications.,Available,,junior,Senior,6,2025-03-11 00:00:00,0,605,1,2,2
64,Hands-on Deep Learning Training,This mentorship focuses on Deep Learning with practical applications.,Available,,sophomore,Junior,9,2025-07-07 00:00:00,0,1422,2,8,1
58,Hands-on Branding Training,This mentorship focuses on Branding with practical applications.,Available,,junior,Mid,10,2025-08-29 00:00:00,0,1164,3,18,2
2059,Machine Learning for Beginners,This mentorship focuses on Machine Learning with practical applications.,Available,,junior,Senior,1,2024-11-18 00:00:00,0,460,2,7,4
2489,Data Engineering for Real Projects,This mentorship focuses on Data Engineering with practical applications.,Available,,senior,Beginner,9,2025-08-15 00:00:00,0,728,2,13,3
2191,Machine Learning for Real Projects,This mentorship focuses on Machine Learning with practical applications.,Available,,freshman,Beginner,7,2025-09-22 00:00:00,0,859,2,7,4
2325,Hands-on Product Design Training,This mentorship focuses on Product Design with practical applications.,Available,,junior,Junior,4,2025-03-08 00:00:00,0,854,3,15,4
2669,Introduction to Graphic Design,This mentorship focuses on Graphic Design with practical applications.,Available,,graduate,Beginner,9,2025-05-30 00:00:00,0,1498,3,16,4
132,Hands-on DevOps & Cloud Training,This mentorship focuses on DevOps & Cloud with practical applications.,Available,,freshman,Mid,5,2025-05-29 00:00:00,0,214,1,5,1
92,Natural Language Processing for Beginners,This mentorship focuses on Natural Language Processing with practical applications.,Available,,freshman,Junior,7,2024-01-17 00:00:00,0,905,2,10,2
1813,Mastering Product Management,This mentorship focuses on Product Management with practical applications.,Available,,senior,Mid,5,2025-08-20 00:00:00,0,340,4,19,4
1675,Mastering Machine Learning,This mentorship focuses on Machine Learning with practical applications.,Available,,graduate,Senior,7,2025-09-13 00:00:00,0,614,2,7,5
1513,Introduction to DevOps & Cloud,This mentorship focuses on DevOps & Cloud with practical applications.,Available,,junior,Beginner,4,2024-04-12 00:00:00,0,879,1,5,2
331,Frontend Development for Real Projects,This mentorship focuses on Frontend Development with practical applications.,Available,,senior,Senior,8,2025-10-09 00:00:00,0,451,1,2,5
2966,Hands-on Motion Design Training,This mentorship focuses on Motion Design with practical applications.,Available,,senior,Senior,8,2025-03-25 00:00:00,0,143,3,17,4
1045,Mastering Computer Vision,This mentorship focuses on Computer Vision with practical applications.,Available,,junior,Mid,3,2025-10-11 00:00:00,0,96,2,9,5
148,Mastering DevOps & Cloud,This mentorship focuses on DevOps & Cloud with practical applications.,Available,,sophomore,Mid,7,2025-08-24 00:00:00,0,540,1,5,2
1775,Mastering System Design,This mentorship focuses on System Design with practical applications.,Available,,graduate,Junior,2,2025-01-14 00:00:00,0,566,1,6,2
586,DevOps & Cloud for Real Projects,This mentorship focuses on DevOps & Cloud with practical applications.,Available,,junior,Beginner,5,2025-04-04 00:00:00,0,1165,1,5,4
919,Frontend Development for Beginners,This mentorship focuses on Frontend Development with practical applications.,Available,,junior,Beginner,4,2024-06-14 00:00:00,0,703,1,2,4
2576,Introduction to Data Science,This mentorship focuses on Data Science with practical applications.,Available,,senior,Junior,7,2025-09-17 00:00:00,0,163,2,12,5
969,System Design for Real Projects,This mentorship focuses on System Design with practical applications.,Available,,senior,Beginner,3,2025-07-23 00:00:00,0,175,1,6,5
43,Hands-on Full Stack Development Training,This mentorship focuses on Full Stack Development with practical applications.,Available,,freshman,Beginner,10,2025-08-31 00:00:00,1,149,1,3,5
2894,Introduction to Machine Learning,This mentorship focuses on Machine Learning with practical applications.,Available,,senior,Mid,8,2025-08-29 00:00:00,0,966,2,7,5
944,Hands-on Machine Learning Training,This mentorship focuses on Machine Learning with practical applications.,Available,,sophomore,Mid,10,2024-11-23 00:00:00,0,1463,2,7,3
543,Mobile Development for Beginners,This mentorship focuses on Mobile Development with practical applications.,Available,,freshman,Senior,7,2025-09-01 00:00:00,0,977,1,4,4
1505,Introduction to Full Stack Development,This mentorship focuses on Full Stack Development with practical applications.,Available,,senior,Mid,1,2025-08-15 00:00:00,0,1155,1,3,5
2994,Introduction to Frontend Development,This mentorship focuses on Frontend Development with practical applications.,Available,,sophomore,Junior,4,2024-08-04 00:00:00,0,720,1,2,5
2461,Hands-on System Design Training,This mentorship focuses on System Design with practical applications.,Available,,freshman,Senior,5,2025-06-25 00:00:00,0,721,1,6,1
3191,Backend Development for Real Projects,This mentorship focuses on Backend Development with practical applications.,Available,,senior,Mid,10,2025-10-06 00:00:00,0,830,1,1,2
1129,Hands-on Frontend Development Training,This mentorship focuses on Frontend Development with practical applications.,Available,,junior,Beginner,5,2025-03-26 00:00:00,0,737,1,2,1
1046,Mastering Deep Learning,This mentorship focuses on Deep Learning with practical applications.,Available,,graduate,Senior,2,2025-10-13 00:00:00,0,96,2,8,5
2869,Computer Vision for Beginners,This mentorship focuses on Computer Vision with practical applications.,Available,,junior,Mid,2,2024-12-16 00:00:00,0,13,2,9,5
739,Introduction to Natural Language Processing,This mentorship focuses on Natural Language Processing with practical applications.,Available,,sophomore,Senior,10,2025-07-22 00:00:00,0,835,2,10,4
1078,DevOps & Cloud for Real Projects,This mentorship focuses on DevOps & Cloud with practical applications.,Available,,junior,Mid,2,2025-07-27 00:00:00,0,347,1,5,2
3130,Business Analysis for Real Projects,This mentorship focuses on Business Analysis with practical applications.,Available,,graduate,Mid,3,2025-10-10 00:00:00,0,345,4,20,4
3188,Introduction to Frontend Development,This mentorship focuses on Frontend Development with practical applications.,Available,,sophomore,Senior,6,2025-09-13 00:00:00,0,661,1,2,4
1696,Graphic Design for Beginners,This mentorship focuses on Graphic Design with practical applications.,Available,,freshman,Junior,6,2025-07-31 00:00:00,0,47,3,16,3
1344,Mastering Business Analysis,This mentorship focuses on Business Analysis with practical applications.,Available,,sophomore,Mid,10,2025-04-07 00:00:00,0,664,4,20,2
923,Hands-on Career Coaching Training,This mentorship focuses on Career Coaching with practical applications.,Available,,sophomore,Junior,3,2025-07-06 00:00:00,0,696,4,22,3
595,Introduction to Machine Learning,This mentorship focuses on Machine Learning with practical applications.,Available,,sophomore,Junior,4,2024-07-26 00:00:00,0,675,2,7,4
2646,Introduction to DevOps & Cloud,This mentorship focuses on DevOps & Cloud with practical applications.,Available,,sophomore,Mid,2,2024-12-26 00:00:00,0,404,1,5,4
1967,Introduction to Branding,This mentorship focuses on Branding with practical applications.,Available,,senior,Senior,6,2025-04-25 00:00:00,0,953,3,18,3
403,Product Design for Beginners,This mentorship focuses on Product Design with practical applications.,Available,,graduate,Beginner,5,2025-03-18 00:00:00,0,209,3,15,2
1921,Introduction to Data Science,This mentorship focuses on Data Science with practical applications.,Available,,junior,Mid,4,2025-04-18 00:00:00,0,70,2,12,4
2798,Hands-on Backend Development Training,This mentorship focuses on Backend Development with practical applications.,Available,,freshman,Beginner,8,2024-09-03 00:00:00,1,38,1,1,5
2320,Introduction to System Design,This mentorship focuses on System Design with practical applications.,Available,,senior,Beginner,9,2024-07-02 00:00:00,0,1094,1,6,5
1053,Mastering Data Analysis,This mentorship focuses on Data Analysis with practical applications.,Available,,graduate,Beginner,4,2025-08-28 00:00:00,0,270,2,11,4
1126,Frontend Development for Beginners,This mentorship focuses on Frontend Development with practical applications.,Available,,freshman,Junior,8,2025-08-09 00:00:00,0,956,1,2,3
2984,Mastering Branding,This mentorship focuses on Branding with practical applications.,Available,,senior,Mid,8,2025-03-27 00:00:00,0,931,3,18,4
209,Hands-on Machine Learning Training,This mentorship focuses on Machine Learning with practical applications.,Available,,junior,Senior,1,2025-03-27 00:00:00,0,778,2,7,3
3011,Hands-on Graphic Design Training,This mentorship focuses on Graphic Design with practical applications.,Available,,graduate,Beginner,6,2024-11-24 00:00:00,0,1042,3,16,3
878,Mastering DevOps & Cloud,This mentorship focuses on DevOps & Cloud with practical applications.,Available,,sophomore,Mid,8,2025-02-03 00:00:00,0,1283,1,5,4
1876,Hands-on Computer Vision Training,This mentorship focuses on Computer Vision with practical applications.,Available,,senior,Beginner,9,2024-08-22 00:00:00,0,957,2,9,3
869,Deep Learning for Real Projects,This mentorship focuses on Deep Learning with practical applications.,Available,,junior,Senior,7,2025-05-29 00:00:00,0,2,2,8,4
2471,Mastering Frontend Development,This mentorship focuses on Frontend Development with practical applications.,Available,,junior,Junior,4,2025-07-03 00:00:00,0,1286,1,2,5
2213,Frontend Development for Real Projects,This mentorship focuses on Frontend Development with practical applications.,Available,,graduate,Beginner,2,2025-10-04 00:00:00,1,346,1,2,3
649,Hands-on Project Management Training,This mentorship focuses on Project Management with practical applications.,Available,,graduate,Mid,5,2025-08-18 00:00:00,0,1177,4,21,2
1905,Introduction to DevOps & Cloud,This mentorship focuses on DevOps & Cloud with practical applications.,Available,,senior,Beginner,7,2025-07-17 00:00:00,0,928,1,5,4
789,Hands-on Motion Design Training,This mentorship focuses on Motion Design with practical applications.,Available,,sophomore,Junior,2,2024-03-27 00:00:00,0,1324,3,17,5
856,DevOps & Cloud for Beginners,This mentorship focuses on DevOps & Cloud with practical applications.,Available,,graduate,Junior,3,2025-05-24 00:00:00,0,1337,1,5,4
2358,Hands-on Project Management Training,This mentorship focuses on Project Management with practical applications.,Available,,freshman,Junior,2,2025-10-10 00:00:00,0,334,4,21,5
261,Hands-on Graphic Design Training,This mentorship focuses on Graphic Design with practical applications.,Available,,freshman,Beginner,10,2025-06-27 00:00:00,1,833,3,16,3
2657,Entrepreneurship for Real Projects,This mentorship focuses on Entrepreneurship with practical applications.,Available,,senior,Senior,10,2025-07-30 00:00:00,0,621,4,23,3
2365,Hands-on Project Management Training,This mentorship focuses on Project Management with practical applications.,Available,,junior,Senior,4,2025-08-31 00:00:00,0,1210,4,21,4
2423,Introduction to Data Analysis,This mentorship focuses on Data Analysis with practical applications.,Available,,graduate,Senior,1,2025-08-12 00:00:00,0,701,2,11,4
2105,Hands-on Machine Learning Training,This mentorship focuses on Machine Learning with practical applications.,Available,,graduate,Mid,6,2025-06-04 00:00:00,0,1377,2,7,4
2230,Data Analysis for Real Projects,This mentorship focuses on Data Analysis with practical applications.,Available,,senior,Mid,8,2025-05-01 00:00:00,0,816,2,11,4
567,Hands-on System Design Training,This mentorship focuses on System Design with practical applications.,Available,,freshman,Mid,9,2024-09-16 00:00:00,0,31,1,6,3
2451,DevOps & Cloud for Real Projects,This mentorship focuses on DevOps & Cloud with practical applications.,Available,,sophomore,Senior,2,2025-08-13 00:00:00,0,245,1,5,5
1153,Hands-on Backend Development Training,This mentorship focuses on Backend Development with practical applications.,Available,,senior,Mid,8,2025-09-10 00:00:00,0,1291,1,1,4
636,Product Design for Beginners,This mentorship focuses on Product Design with practical applications.,Available,,freshman,Senior,3,2025-01-11 00:00:00,0,1395,3,15,4
2232,Hands-on DevOps & Cloud Training,This mentorship focuses on DevOps & Cloud with practical applications.,Available,,graduate,Mid,9,2024-06-27 00:00:00,0,724,1,5,3
1007,Mastering DevOps & Cloud,This mentorship focuses on DevOps & Cloud with practical applications.,Available,,sophomore,Senior,4,2025-08-09 00:00:00,0,37,1,5,5
1874,Introduction to Career Coaching,This mentorship focuses on Career Coaching with practical applications.,Available,,senior,Senior,10,2025-06-08 00:00:00,0,873,4,22,4
2898,Mastering System Design,This mentorship focuses on System Design with practical applications.,Available,,junior,Senior,5,2024-08-17 00:00:00,0,487,1,6,3
386,Introduction to Natural Language Processing,This mentorship focuses on Natural Language Processing with practical applications.,Available,,freshman,Junior,6,2025-08-30 00:00:00,0,569,2,10,1
1366,Hands-on Frontend Development Training,This mentorship focuses on Frontend Development with practical applications.,Available,,sophomore,Beginner,5,2025-09-24 00:00:00,0,1158,1,2,1
1695,Introduction to Mobile Development,This mentorship focuses on Mobile Development with practical applications.,Available,,graduate,Beginner,1,2025-09-20 00:00:00,0,199,1,4,5
634,Introduction to Data Analysis,This mentorship focuses on Data Analysis with practical applications.,Available,,sophomore,Senior,6,2025-09-26 00:00:00,0,374,2,11,4
2783,Mastering Full Stack Development,This mentorship focuses on Full Stack Development with practical applications.,Available,,freshman,Senior,5,2025-07-09 00:00:00,0,424,1,3,3
2418,Deep Learning for Beginners,This mentorship focuses on Deep Learning with practical applications.,Available,,junior,Senior,1,2025-09-29 00:00:00,0,253,2,8,3
3165,Introduction to Business Analysis,This mentorship focuses on Business Analysis with practical applications.,Available,,junior,Beginner,9,2025-10-04 00:00:00,0,1211,4,20,2
185,Hands-on Project Management Training,This mentorship focuses on Project Management with practical applications.,Available,,graduate,Senior,3,2025-02-14 00:00:00,0,986,4,21,3
1276,Mastering Graphic Design,This mentorship focuses on Graphic Design with practical applications.,Available,,junior,Beginner,7,2025-05-25 00:00:00,0,1054,3,16,3
3192,Hands-on Mobile Development Training,This mentorship focuses on Mobile Development with practical applications.,Available,,sophomore,Senior,7,2025-04-01 00:00:00,0,885,1,4,5
1973,Hands-on Machine Learning Training,This mentorship focuses on Machine Learning with practical applications.,Available,,junior,Junior,7,2024-09-26 00:00:00,0,1173,2,7,4
1443,Frontend Development for Real Projects,This mentorship focuses on Frontend Development with practical applications.,Available,,graduate,Beginner,3,2025-02-09 00:00:00,0,719,1,2,5
408,Introduction to UI/UX Design,This mentorship focuses on UI/UX Design with practical applications.,Available,,graduate,Beginner,4,2025-05-15 00:00:00,0,638,3,14,3
2281,Full Stack Development for Beginners,This mentorship focuses on Full Stack Development with practical applications.,Available,,senior,Junior,3,2025-01-16 00:00:00,0,141,1,3,4
1829,Full Stack Development for Real Projects,This mentorship focuses on Full Stack Development with practical applications.,Available,,freshman,Senior,9,2025-07-11 00:00:00,0,1057,1,3,4
284,Introduction to Data Science,This mentorship focuses on Data Science with practical applications.,Available,,graduate,Senior,4,2025-02-05 00:00:00,0,1255,2,12,4
623,Motion Design for Beginners,This mentorship focuses on Motion Design with practical applications.,Available,,freshman,Mid,3,2025-01-21 00:00:00,1,799,3,17,3
2906,Branding for Real Projects,This mentorship focuses on Branding with practical applications.,Available,,sophomore,Junior,8,2025-05-07 00:00:00,0,964,3,18,3
1448,Hands-on Mobile Development Training,This mentorship focuses on Mobile Development with practical applications.,Available,,senior,Senior,4,2025-06-04 00:00:00,0,249,1,4,3
2781,Branding for Beginners,This mentorship focuses on Branding with practical applications.,Available,,graduate,Junior,6,2025-07-03 00:00:00,0,367,3,18,4
898,Frontend Development for Real Projects,This mentorship focuses on Frontend Development with practical applications.,Available,,graduate,Beginner,7,2025-09-13 00:00:00,0,379,1,2,5
2393,Hands-on UI/UX Design Training,This mentorship focuses on UI/UX Design with practical applications.,Available,,graduate,Beginner,6,2025-06-22 00:00:00,0,624,3,14,3
2167,Mastering Data Analysis,This mentorship focuses on Data Analysis with practical applications.,Available,,graduate,Beginner,6,2025-06-13 00:00:00,0,12,2,11,2
842,Natural Language Processing for Beginners,This mentorship focuses on Natural Language Processing with practical applications.,Available,,freshman,Junior,4,2025-04-26 00:00:00,0,1234,2,10,5
2104,Mastering Machine Learning,This mentorship focuses on Machine Learning with practical applications.,Available,,graduate,Senior,4,2024-08-16 00:00:00,0,1377,2,7,4
1633,Introduction to Full Stack Development,This mentorship focuses on Full Stack Development with practical applications.,Available,,junior,Beginner,10,2025-05-26 00:00:00,0,97,1,3,5
2125,Full Stack Development for Beginners,This mentorship focuses on Full Stack Development with practical applications.,Available,,sophomore,Beginner,6,2024-10-13 00:00:00,1,128,1,3,2
485,Mastering Full Stack Development,This mentorship focuses on Full Stack Development with practical applications.,Available,,senior,Junior,4,2025-05-26 00:00:00,0,775,1,3,3
2623,Introduction to Business Analysis,This mentorship focuses on Business Analysis with practical applications.,Available,,sophomore,Junior,9,2025-10-13 00:00:00,0,839,4,20,4
890,Mastering Computer Vision,This mentorship focuses on Computer Vision with practical applications.,Available,,junior,Mid,1,2025-05-20 00:00:00,0,262,2,9,3
1190,Introduction to Backend Development,This mentorship focuses on Backend Development with practical applications.,Available,,graduate,Beginner,9,2025-06-08 00:00:00,0,122,1,1,3
455,Hands-on System Design Training,This mentorship focuses on System Design with practical applications.,Available,,graduate,Beginner,8,2025-06-02 00:00:00,0,613,1,6,2
1533,Full Stack Development for Real Projects,This mentorship focuses on Full Stack Development with practical applications.,Available,,sophomore,Beginner,2,2025-04-30 00:00:00,1,756,1,3,4
117,Hands-on Frontend Development Training,This mentorship focuses on Frontend Development with practical applications.,Available,,freshman,Senior,6,2025-09-23 00:00:00,0,1043,1,2,3
2243,System Design for Real Projects,This mentorship focuses on System Design with practical applications.,Available,,freshman,Mid,4,2025-06-29 00:00:00,0,468,1,6,4
2070,Hands-on Machine Learning Training,This mentorship focuses on Machine Learning with practical applications.,Available,,graduate,Mid,7,2025-08-31 00:00:00,0,683,2,7,4
1574,System Design for Beginners,This mentorship focuses on System Design with practical applications.,Available,,freshman,Junior,5,2025-06-23 00:00:00,0,154,1,6,1
1970,Hands-on UI/UX Design Training,This mentorship focuses on UI/UX Design with practical applications.,Available,,freshman,Senior,4,2024-09-20 00:00:00,0,430,3,14,3
425,Graphic Design for Beginners,This mentorship focuses on Graphic Design with practical applications.,Available,,graduate,Senior,3,2025-06-17 00:00:00,0,672,3,16,4
1898,Introduction to Full Stack Development,This mentorship focuses on Full Stack Development with practical applications.,Available,,junior,Senior,10,2025-10-16 00:00:00,0,698,1,3,5
2696,Introduction to Career Coaching,This mentorship focuses on Career Coaching with practical applications.,Available,,senior,Senior,9,2024-10-15 00:00:00,0,700,4,22,3
1264,Product Design for Real Projects,This mentorship focuses on Product Design with practical applications.,Available,,graduate,Beginner,10,2025-07-05 00:00:00,0,276,3,15,3
1642,Machine Learning for Real Projects,This mentorship focuses on Machine Learning with practical applications.,Available,,sophomore,Beginner,8,2025-06-01 00:00:00,0,684,2,7,3
551,Introduction to System Design,This mentorship focuses on System Design with practical applications.,Available,,senior,Beginner,8,2024-10-27 00:00:00,0,538,1,6,4
155,Hands-on Deep Learning Training,This mentorship focuses on Deep Learning with practical applications.,Available,,junior,Junior,7,2025-07-14 00:00:00,0,534,2,8,3
2060,Mastering Machine Learning,This mentorship focuses on Machine Learning with practical applications.,Available,,freshman,Senior,3,2025-05-01 00:00:00,0,460,2,7,4
1020,Introduction to Mobile Development,This mentorship focuses on Mobile Development with practical applications.,Available,,freshman,Junior,2,2024-07-24 00:00:00,0,77,1,4,3
410,Hands-on Machine Learning Training,This mentorship focuses on Machine Learning with practical applications.,Available,,junior,Mid,5,2024-10-05 00:00:00,0,435,2,7,4
781,Hands-on Branding Training,This mentorship focuses on Branding with practical applications.,Available,,sophomore,Junior,7,2025-08-16 00:00:00,1,923,3,18,5
1623,DevOps & Cloud for Beginners,This mentorship focuses on DevOps & Cloud with practical applications.,Available,,freshman,Mid,2,2025-09-02 00:00:00,0,1199,1,5,2
1598,Introduction to Branding,This mentorship focuses on Branding with practical applications.,Available,,sophomore,Mid,2,2025-08-08 00:00:00,0,328,3,18,2
2858,System Design for Real Projects,This mentorship focuses on System Design with practical applications.,Available,,graduate,Beginner,6,2025-08-04 00:00:00,0,370,1,6,5
1711,Hands-on Full Stack Development Training,This mentorship focuses on Full Stack Development with practical applications.,Available,,sophomore,Senior,3,2025-10-14 00:00:00,0,1203,1,3,3
1645,DevOps & Cloud for Beginners,This mentorship focuses on DevOps & Cloud with practical applications.,Available,,freshman,Junior,2,2024-11-17 00:00:00,0,1263,1,5,3
1823,Backend Development for Real Projects,This mentorship focuses on Backend Development with practical applications.,Available,,junior,Junior,2,2024-07-09 00:00:00,0,556,1,1,5
650,Mastering Mobile Development,This mentorship focuses on Mobile Development with practical applications.,Available,,sophomore,Beginner,7,2025-04-30 00:00:00,0,472,1,4,1
1039,Introduction to Graphic Design,This mentorship focuses on Graphic Design with practical applications.,Available,,freshman,Junior,6,2025-10-03 00:00:00,0,1082,3,16,3
750,Product Design for Real Projects,This mentorship focuses on Product Design with practical applications.,Available,,junior,Beginner,6,2025-07-17 00:00:00,0,336,3,15,5
2931,Mastering Frontend Development,This mentorship focuses on Frontend Development with practical applications.,Available,,senior,Senior,9,2024-03-18 00:00:00,0,1449,1,2,4
893,Mastering Frontend Development,This mentorship focuses on Frontend Development with practical applications.,Available,,graduate,Junior,7,2025-09-28 00:00:00,0,897,1,2,5
2145,Hands-on Data Analysis Training,This mentorship focuses on Data Analysis with practical applications.,Available,,graduate,Senior,5,2024-05-28 00:00:00,0,976,2,11,5
1807,System Design for Real Projects,This mentorship focuses on System Design with practical applications.,Available,,graduate,Senior,6,2024-09-30 00:00:00,0,215,1,6,4
2789,Hands-on Backend Development Training,This mentorship focuses on Backend Development with practical applications.,Available,,senior,Mid,6,2024-02-21 00:00:00,0,855,1,1,3
69,System Design for Beginners,This mentorship focuses on System Design with practical applications.,Available,,senior,Senior,9,2024-07-19 00:00:00,0,476,1,6,2
1923,Data Science for Beginners,This mentorship focuses on Data Science with practical applications.,Available,,freshman,Beginner,4,2025-05-20 00:00:00,1,70,2,12,4
775,Branding for Real Projects,This mentorship focuses on Branding with practical applications.,Available,,junior,Beginner,10,2024-07-04 00:00:00,0,232,3,18,3
2770,Hands-on Career Coaching Training,This mentorship focuses on Career Coaching with practical applications.,Available,,freshman,Beginner,7,2025-09-09 00:00:00,0,79,4,22,2
365,Mastering Full Stack Development,This mentorship focuses on Full Stack Development with practical applications.,Available,,sophomore,Mid,7,2025-08-11 00:00:00,0,204,1,3,5
680,Mastering System Design,This mentorship focuses on System Design with practical applications.,Available,,freshman,Beginner,2,2025-03-06 00:00:00,1,1426,1,6,4
2758,Mastering Branding,This mentorship focuses on Branding with practical applications.,Available,,freshman,Beginner,4,2025-07-30 00:00:00,1,1178,3,18,5
1763,Frontend Development for Real Projects,This mentorship focuses on Frontend Development with practical applications.,Available,,graduate,Junior,9,2025-08-05 00:00:00,0,305,1,2,5
717,Computer Vision for Real Projects,This mentorship focuses on Computer Vision with practical applications.,Available,,junior,Beginner,3,2025-08-29 00:00:00,0,506,2,9,3
1472,Machine Learning for Real Projects,This mentorship focuses on Machine Learning with practical applications.,Available,,graduate,Mid,7,2025-09-01 00:00:00,0,796,2,7,4
955,Mastering Computer Vision,This mentorship focuses on Computer Vision with practical applications.,Available,,senior,Senior,1,2025-03-10 00:00:00,0,583,2,9,3
47,Computer Vision for Beginners,This mentorship focuses on Computer Vision with practical applications.,Available,,freshman,Senior,9,2025-10-04 00:00:00,0,926,2,9,4
2594,Mastering Machine Learning,This mentorship focuses on Machine Learning with practical applications.,Available,,sophomore,Senior,9,2025-09-10 00:00:00,0,597,2,7,3
2135,Introduction to Backend Development,This mentorship focuses on Backend Development with practical applications.,Available,,graduate,Mid,5,2025-08-03 00:00:00,0,1357,1,1,4
1310,Mastering UI/UX Design,This mentorship focuses on UI/UX Design with practical applications.,Available,,junior,Junior,5,2025-10-02 00:00:00,0,1421,3,14,5
2559,Introduction to Machine Learning,This mentorship focuses on Machine Learning with practical applications.,Available,,freshman,Senior,5,2025-06-25 00:00:00,0,1221,2,7,3
22,Mastering Machine Learning,This mentorship focuses on Machine Learning with practical applications.,Available,,graduate,Senior,5,2025-06-11 00:00:00,0,39,2,7,3
882,Introduction to Data Science,This mentorship focuses on Data Science with practical applications.,Available,,junior,Junior,3,2025-05-12 00:00:00,0,947,2,12,4
38,Full Stack Development for Real Projects,This mentorship focuses on Full Stack Development with practical applications.,Available,,freshman,Mid,7,2024-09-10 00:00:00,0,479,1,3,3
233,Data Analysis for Real Projects,This mentorship focuses on Data Analysis with practical applications.,Available,,freshman,Junior,4,2025-10-12 00:00:00,0,588,2,11,4
304,Introduction to Motion Design,This mentorship focuses on Motion Design with practical applications.,Available,,freshman,Junior,9,2025-07-16 00:00:00,0,436,3,17,4
289,Hands-on Frontend Development Training,This mentorship focuses on Frontend Development with practical applications.,Available,,senior,Beginner,7,2025-04-08 00:00:00,0,973,1,2,5
2013,Hands-on Frontend Development Training,This mentorship focuses on Frontend Development with practical applications.,Available,,freshman,Beginner,7,2025-06-09 00:00:00,0,1103,1,2,2
1568,Frontend Development for Real Projects,This mentorship focuses on Frontend Development with practical applications.,Available,,senior,Senior,10,2025-06-30 00:00:00,0,1419,1,2,5
3155,Product Design for Beginners,This mentorship focuses on Product Design with practical applications.,Available,,senior,Senior,8,2025-09-16 00:00:00,0,1476,3,15,5
269,Mastering Natural Language Processing,This mentorship focuses on Natural Language Processing with practical applications.,Available,,sophomore,Senior,4,2025-02-05 00:00:00,0,1434,2,10,4
7,Hands-on Full Stack Development Training,This mentorship focuses on Full Stack Development with practical applications.,Available,,graduate,Mid,4,2025-07-06 00:00:00,0,671,1,3,5
2505,Hands-on Data Science Training,This mentorship focuses on Data Science with practical applications.,Available,,junior,Beginner,3,2025-10-16 00:00:00,1,1423,2,12,3
1167,Hands-on Backend Development Training,This mentorship focuses on Backend Development with practical applications.,Available,,graduate,Junior,1,2025-08-26 00:00:00,0,1441,1,1,5
1495,Project Management for Beginners,This mentorship focuses on Project Management with practical applications.,Available,,junior,Beginner,4,2025-09-28 00:00:00,1,877,4,21,3
1396,Introduction to Data Analysis,This mentorship focuses on Data Analysis with practical applications.,Available,,sophomore,Mid,2,2024-07-13 00:00:00,0,918,2,11,4
1374,Mastering Motion Design,This mentorship focuses on Motion Design with practical applications.,Available,,sophomore,Junior,8,2024-12-23 00:00:00,0,107,3,17,3
1908,Introduction to Backend Development,This mentorship focuses on Backend Development with practical applications.,Available,,graduate,Mid,1,2025-10-07 00:00:00,0,928,1,1,4
1025,DevOps & Cloud for Beginners,This mentorship focuses on DevOps & Cloud with practical applications.,Available,,graduate,Mid,3,2025-06-09 00:00:00,0,524,1,5,5
443,Hands-on Branding Training,This mentorship focuses on Branding with practical applications.,Available,,graduate,Mid,6,2025-04-28 00:00:00,0,434,3,18,2
1567,Frontend Development for Real Projects,This mentorship focuses on Frontend Development with practical applications.,Available,,senior,Senior,8,2025-03-28 00:00:00,0,1419,1,2,5
723,Entrepreneurship for Beginners,This mentorship focuses on Entrepreneurship with practical applications.,Available,,junior,Senior,4,2025-03-12 00:00:00,0,375,4,23,2
2518,Backend Development for Real Projects,This mentorship focuses on Backend Development with practical applications.,Available,,sophomore,Junior,9,2025-09-04 00:00:00,0,739,1,1,3
1113,Hands-on Branding Training,This mentorship focuses on Branding with practical applications.,Available,,freshman,Senior,3,2025-07-16 00:00:00,0,1137,3,18,4
2675,Mastering Frontend Development,This mentorship focuses on Frontend Development with practical applications.,Available,,senior,Senior,1,2024-10-24 00:00:00,0,1076,1,2,3
1199,Mastering Business Analysis,This mentorship focuses on Business Analysis with practical applications.,Available,,junior,Junior,4,2025-07-05 00:00:00,0,1385,4,20,5
1894,DevOps & Cloud for Beginners,This mentorship focuses on DevOps & Cloud with practical applications.,Available,,sophomore,Junior,4,2025-03-09 00:00:00,0,698,1,5,5
744,System Design for Real Projects,This mentorship focuses on System Design with practical applications.,Available,,sophomore,Junior,8,2025-07-24 00:00:00,0,1437,1,6,5
2309,Graphic Design for Real Projects,This mentorship focuses on Graphic Design with practical applications.,Available,,freshman,Junior,3,2024-02-07 00:00:00,0,958,3,16,3
1373,Hands-on Entrepreneurship Training,This mentorship focuses on Entrepreneurship with practical applications.,Available,,freshman,Beginner,5,2025-08-08 00:00:00,0,383,4,23,4
2046,Data Science for Beginners,This mentorship focuses on Data Science with practical applications.,Available,,freshman,Beginner,7,2025-02-22 00:00:00,0,148,2,12,2
1668,Hands-on Computer Vision Training,This mentorship focuses on Computer Vision with practical applications.,Available,,graduate,Beginner,3,2025-08-25 00:00:00,0,233,2,9,3
2875,DevOps & Cloud for Real Projects,This mentorship focuses on DevOps & Cloud with practical applications.,Available,,senior,Mid,5,2025-10-11 00:00:00,0,992,1,5,4
2569,Mastering Computer Vision,This mentorship focuses on Computer Vision with practical applications.,Available,,junior,Junior,10,2025-08-20 00:00:00,0,572,2,9,3
1525,Introduction to Career Coaching,This mentorship focuses on Career Coaching with practical applications.,Available,,freshman,Beginner,4,2025-08-02 00:00:00,0,88,4,22,3
2366,Introduction to Business Analysis,This mentorship focuses on Business Analysis with practical applications.,Available,,sophomore,Junior,10,2025-10-17 00:00:00,0,1210,4,20,4
1626,Introduction to Branding,This mentorship focuses on Branding with practical applications.,Available,,junior,Senior,10,2025-07-06 00:00:00,0,888,3,18,4
2152,Mobile Development for Real Projects,This mentorship focuses on Mobile Development with practical applications.,Available,,senior,Mid,3,2024-09-24 00:00:00,0,1063,1,4,4
2900,System Design for Real Projects,This mentorship focuses on System Design with practical applications.,Available,,freshman,Senior,2,2025-09-28 00:00:00,0,487,1,6,3
1729,Hands-on Full Stack Development Training,This mentorship focuses on Full Stack Development with practical applications.,Available,,junior,Senior,7,2025-08-24 00:00:00,0,852,1,3,2
936,Introduction to Entrepreneurship,This mentorship focuses on Entrepreneurship with practical applications.,Available,,sophomore,Junior,3,2025-01-22 00:00:00,0,464,4,23,3
609,Hands-on Product Design Training,This mentorship focuses on Product Design with practical applications.,Available,,senior,Junior,6,2025-05-05 00:00:00,0,156,3,15,5
876,DevOps & Cloud for Beginners,This mentorship focuses on DevOps & Cloud with practical applications.,Available,,junior,Beginner,4,2024-09-20 00:00:00,0,1283,1,5,4
2697,Mastering Career Coaching,This mentorship focuses on Career Coaching with practical applications.,Available,,graduate,Mid,6,2025-07-20 00:00:00,0,700,4,22,3
149,Introduction to DevOps & Cloud,This mentorship focuses on DevOps & Cloud with practical applications.,Available,,junior,Junior,8,2025-10-15 00:00:00,0,540,1,5,2
1076,Hands-on Mobile Development Training,This mentorship focuses on Mobile Development with practical applications.,Available,,senior,Mid,9,2025-09-04 00:00:00,0,1030,1,4,4
1581,Introduction to Machine Learning,This mentorship focuses on Machine Learning with practical applications.,Available,,freshman,Senior,1,2024-09-02 00:00:00,0,1467,2,7,3
2511,Mastering Natural Language Processing,This mentorship focuses on Natural Language Processing with practical applications.,Available,,sophomore,Junior,5,2025-10-12 00:00:00,0,1379,2,10,5
2888,DevOps & Cloud for Real Projects,This mentorship focuses on DevOps & Cloud with practical applications.,Available,,junior,Beginner,7,2025-05-03 00:00:00,0,1461,1,5,5
1580,System Design for Beginners,This mentorship focuses on System Design with practical applications.,Available,,graduate,Beginner,8,2025-03-17 00:00:00,0,422,1,6,3
1342,Hands-on Machine Learning Training,This mentorship focuses on Machine Learning with practical applications.,Available,,junior,Senior,4,2025-07-09 00:00:00,0,532,2,7,4
982,Introduction to System Design,This mentorship focuses on System Design with practical applications.,Available,,graduate,Junior,3,2023-12-10 00:00:00,0,211,1,6,3
2523,Mastering Machine Learning,This mentorship focuses on Machine Learning with practical applications.,Available,,sophomore,Junior,2,2025-09-03 00:00:00,1,1332,2,7,4
3171,Introduction to DevOps & Cloud,This mentorship focuses on DevOps & Cloud with practical applications.,Available,,graduate,Beginner,3,2025-02-20 00:00:00,0,81,1,5,5
2193,Deep Learning for Real Projects,This mentorship focuses on Deep Learning with practical applications.,Available,,senior,Junior,5,2025-03-25 00:00:00,0,755,2,8,3
655,Full Stack Development for Real Projects,This mentorship focuses on Full Stack Development with practical applications.,Available,,graduate,Mid,9,2024-07-06 00:00:00,0,632,1,3,2
3123,DevOps & Cloud for Real Projects,This mentorship focuses on DevOps & Cloud with practical applications.,Available,,freshman,Junior,6,2025-08-28 00:00:00,0,651,1,5,3
1216,Frontend Development for Beginners,This mentorship focuses on Frontend Development with practical applications.,Available,,sophomore,Senior,9,2025-01-08 00:00:00,0,277,1,2,5
801,Mastering Machine Learning,This mentorship focuses on Machine Learning with practical applications.,Available,,senior,Junior,7,2025-02-21 00:00:00,0,1404,2,7,3
144,Mastering Backend Development,This mentorship focuses on Backend Development with practical applications.,Available,,sophomore,Senior,10,2025-03-20 00:00:00,0,911,1,1,4
1124,Data Analysis for Real Projects,This mentorship focuses on Data Analysis with practical applications.,Available,,sophomore,Mid,1,2025-08-23 00:00:00,0,1097,2,11,2
1783,Introduction to Frontend Development,This mentorship focuses on Frontend Development with practical applications.,Available,,senior,Senior,6,2025-04-08 00:00:00,0,1378,1,2,3
686,Mastering DevOps & Cloud,This mentorship focuses on DevOps & Cloud with practical applications.,Available,,sophomore,Senior,1,2025-08-26 00:00:00,0,1169,1,5,3
2491,Mastering Data Science,This mentorship focuses on Data Science with practical applications.,Available,,sophomore,Senior,10,2025-09-19 00:00:00,0,728,2,12,3
1107,Deep Learning for Real Projects,This mentorship focuses on Deep Learning with practical applications.,Available,,senior,Junior,3,2025-05-03 00:00:00,0,1466,2,8,2
755,Introduction to System Design,This mentorship focuses on System Design with practical applications.,Available,,junior,Beginner,3,2025-05-19 00:00:00,0,376,1,6,3
157,Machine Learning for Beginners,This mentorship focuses on Machine Learning with practical applications.,Available,,junior,Junior,3,2024-08-20 00:00:00,0,311,2,7,4
1733,Hands-on Frontend Development Training,This mentorship focuses on Frontend Development with practical applications.,Available,,senior,Senior,8,2025-08-13 00:00:00,0,9,1,2,4
2832,Introduction to Business Analysis,This mentorship focuses on Business Analysis with practical applications.,Available,,senior,Beginner,6,2025-10-16 00:00:00,0,1339,4,20,5
918,Hands-on Frontend Development Training,This mentorship focuses on Frontend Development with practical applications.,Available,,graduate,Mid,5,2024-02-23 00:00:00,0,703,1,2,4
1593,Introduction to Computer Vision,This mentorship focuses on Computer Vision with practical applications.,Available,,freshman,Junior,5,2025-06-01 00:00:00,0,293,2,9,4
651,System Design for Real Projects,This mentorship focuses on System Design with practical applications.,Available,,graduate,Senior,10,2025-02-18 00:00:00,0,1032,1,6,4
1294,Hands-on Data Analysis Training,This mentorship focuses on Data Analysis with practical applications.,Available,,graduate,Senior,4,2025-07-11 00:00:00,0,1429,2,11,5
891,Mastering Frontend Development,This mentorship focuses on Frontend Development with practical applications.,Available,,freshman,Beginner,9,2025-06-23 00:00:00,0,897,1,2,5
110,Full Stack Development for Beginners,This mentorship focuses on Full Stack Development with practical applications.,Available,,sophomore,Senior,9,2025-09-04 00:00:00,0,144,1,3,4
1780,Mastering DevOps & Cloud,This mentorship focuses on DevOps & Cloud with practical applications.,Available,,graduate,Beginner,10,2025-03-16 00:00:00,0,948,1,5,5
3009,Graphic Design for Real Projects,This mentorship focuses on Graphic Design with practical applications.,Available,,junior,Senior,2,2025-10-08 00:00:00,0,169,3,16,5
227,Introduction to Graphic Design,This mentorship focuses on Graphic Design with practical applications.,Available,,graduate,Beginner,4,2025-10-02 00:00:00,0,687,3,16,3
1122,Introduction to Product Design,This mentorship focuses on Product Design with practical applications.,Available,,junior,Junior,10,2025-06-19 00:00:00,0,1299,3,15,4
2844,Machine Learning for Beginners,This mentorship focuses on Machine Learning with practical applications.,Available,,senior,Senior,7,2025-09-08 00:00:00,0,537,2,7,2
881,Introduction to Data Engineering,This mentorship focuses on Data Engineering with practical applications.,Available,,senior,Senior,2,2025-05-03 00:00:00,0,947,2,13,4
2996,Mastering Branding,This mentorship focuses on Branding with practical applications.,Available,,sophomore,Beginner,9,2025-03-11 00:00:00,1,361,3,18,3
2694,Hands-on Career Coaching Training,This mentorship focuses on Career Coaching with practical applications.,Available,,senior,Mid,9,2025-07-25 00:00:00,0,589,4,22,4
2207,Machine Learning for Beginners,This mentorship focuses on Machine Learning with practical applications.,Available,,junior,Senior,2,2025-08-10 00:00:00,0,757,2,7,4
864,DevOps & Cloud for Beginners,This mentorship focuses on DevOps & Cloud with practical applications.,Available,,graduate,Mid,8,2025-07-20 00:00:00,0,11,1,5,5
2001,Data Analysis for Beginners,This mentorship focuses on Data Analysis with practical applications.,Available,,junior,Beginner,3,2025-09-02 00:00:00,0,773,2,11,2
1137,Project Management for Real Projects,This mentorship focuses on Project Management with practical applications.,Available,,graduate,Senior,6,2025-01-23 00:00:00,0,965,4,21,1
1767,Career Coaching for Beginners,This mentorship focuses on Career Coaching with practical applications.,Available,,junior,Senior,5,2025-02-04 00:00:00,0,629,4,22,2
1993,Machine Learning for Real Projects,This mentorship focuses on Machine Learning with practical applications.,Available,,graduate,Junior,4,2025-06-07 00:00:00,0,1114,2,7,4
2069,Introduction to Backend Development,This mentorship focuses on Backend Development with practical applications.,Available,,freshman,Mid,9,2024-06-28 00:00:00,0,1266,1,1,2
2771,Mastering Backend Development,This mentorship focuses on Backend Development with practical applications.,Available,,freshman,Junior,7,2025-04-01 00:00:00,0,461,1,1,1
1860,Mastering Data Analysis,This mentorship focuses on Data Analysis with practical applications.,Available,,senior,Beginner,7,2025-07-24 00:00:00,0,845,2,11,5
940,Data Science for Beginners,This mentorship focuses on Data Science with practical applications.,Available,,freshman,Beginner,5,2025-10-08 00:00:00,0,392,2,12,4
13,Product Design for Real Projects,This mentorship focuses on Product Design with practical applications.,Available,,junior,Senior,6,2025-04-25 00:00:00,0,324,3,15,4
206,Mastering Frontend Development,This mentorship focuses on Frontend Development with practical applications.,Available,,freshman,Junior,10,2025-08-12 00:00:00,0,1163,1,2,3
1365,Hands-on Backend Development Training,This mentorship focuses on Backend Development with practical applications.,Available,,graduate,Beginner,6,2025-08-28 00:00:00,0,605,1,1,2
3039,Introduction to Mobile Development,This mentorship focuses on Mobile Development with practical applications.,Available,,junior,Beginner,3,2025-07-05 00:00:00,1,93,1,4,5
1759,Frontend Development for Real Projects,This mentorship focuses on Frontend Development with practical applications.,Available,,senior,Senior,2,2024-01-17 00:00:00,0,305,1,2,5
1837,Branding for Beginners,This mentorship focuses on Branding with practical applications.,Available,,junior,Senior,3,2025-09-24 00:00:00,0,297,3,18,3
1545,Career Coaching for Real Projects,This mentorship focuses on Career Coaching with practical applications.,Available,,junior,Mid,7,2024-12-21 00:00:00,0,919,4,22,4
1666,Hands-on Deep Learning Training,This mentorship focuses on Deep Learning with practical applications.,Available,,junior,Mid,4,2025-07-23 00:00:00,0,1456,2,8,4
1449,Frontend Development for Beginners,This mentorship focuses on Frontend Development with practical applications.,Available,,freshman,Senior,4,2025-09-28 00:00:00,0,249,1,2,3
757,Frontend Development for Real Projects,This mentorship focuses on Frontend Development with practical applications.,Available,,junior,Mid,3,2025-04-25 00:00:00,0,641,1,2,2
180,Mobile Development for Real Projects,This mentorship focuses on Mobile Development with practical applications.,Available,,sophomore,Senior,10,2025-07-23 00:00:00,0,396,1,4,1
2730,Mastering Backend Development,This mentorship focuses on Backend Development with practical applications.,Available,,freshman,Beginner,5,2025-08-18 00:00:00,0,860,1,1,3
886,Introduction to Machine Learning,This mentorship focuses on Machine Learning with practical applications.,Available,,senior,Mid,2,2024-12-30 00:00:00,0,71,2,7,4
3061,Data Engineering for Beginners,This mentorship focuses on Data Engineering with practical applications.,Available,,freshman,Junior,8,2025-06-13 00:00:00,0,34,2,13,5
1328,DevOps & Cloud for Real Projects,This mentorship focuses on DevOps & Cloud with practical applications.,Available,,freshman,Mid,10,2025-08-30 00:00:00,0,1460,1,5,5
796,Mastering Full Stack Development,This mentorship focuses on Full Stack Development with practical applications.,Available,,graduate,Senior,6,2025-07-10 00:00:00,0,362,1,3,4
907,Mastering Motion Design,This mentorship focuses on Motion Design with practical applications.,Available,,graduate,Junior,1,2025-10-11 00:00:00,0,1183,3,17,3
2733,Hands-on Data Engineering Training,This mentorship focuses on Data Engineering with practical applications.,Available,,graduate,Senior,2,2024-12-28 00:00:00,0,695,2,13,4
3156,Introduction to Branding,This mentorship focuses on Branding with practical applications.,Available,,graduate,Mid,2,2025-09-22 00:00:00,0,1476,3,18,5
1597,Mobile Development for Beginners,This mentorship focuses on Mobile Development with practical applications.,Available,,junior,Beginner,8,2024-11-22 00:00:00,0,1381,1,4,2
2344,Hands-on Motion Design Training,This mentorship focuses on Motion Design with practical applications.,Available,,freshman,Beginner,10,2024-11-07 00:00:00,1,970,3,17,4
731,System Design for Real Projects,This mentorship focuses on System Design with practical applications.,Available,,junior,Mid,1,2025-10-01 00:00:00,0,441,1,6,2
581,Data Engineering for Real Projects,This mentorship focuses on Data Engineering with practical applications.,Available,,freshman,Beginner,8,2025-03-29 00:00:00,0,557,2,13,2
252,Mastering Full Stack Development,This mentorship focuses on Full Stack Development with practical applications.,Available,,sophomore,Beginner,4,2025-07-09 00:00:00,0,627,1,3,4
2939,Hands-on Data Analysis Training,This mentorship focuses on Data Analysis with practical applications.,Available,,junior,Mid,2,2025-07-16 00:00:00,0,299,2,11,4
909,Entrepreneurship for Beginners,This mentorship focuses on Entrepreneurship with practical applications.,Available,,junior,Junior,10,2025-09-23 00:00:00,0,791,4,23,5
1016,Product Management for Real Projects,This mentorship focuses on Product Management with practical applications.,Available,,graduate,Senior,3,2025-01-27 00:00:00,0,1425,4,19,4
1134,Full Stack Development for Beginners,This mentorship focuses on Full Stack Development with practical applications.,Available,,junior,Beginner,6,2025-10-15 00:00:00,0,1187,1,3,4
1225,Backend Development for Real Projects,This mentorship focuses on Backend Development with practical applications.,Available,,freshman,Mid,7,2025-07-17 00:00:00,0,308,1,1,2
1914,Mastering Mobile Development,This mentorship focuses on Mobile Development with practical applications.,Available,,graduate,Mid,10,2025-08-29 00:00:00,0,1228,1,4,4
2126,Mastering Full Stack Development,This mentorship focuses on Full Stack Development with practical applications.,Available,,freshman,Senior,10,2024-10-21 00:00:00,0,128,1,3,2
2817,Introduction to Backend Development,This mentorship focuses on Backend Development with practical applications.,Available,,freshman,Junior,7,2024-08-27 00:00:00,0,281,1,1,4
2482,Mastering Mobile Development,This mentorship focuses on Mobile Development with practical applications.,Available,,graduate,Junior,5,2025-10-08 00:00:00,0,876,1,4,3
835,Frontend Development for Real Projects,This mentorship focuses on Frontend Development with practical applications.,Available,,sophomore,Beginner,10,2025-09-02 00:00:00,0,1430,1,2,3
3092,Introduction to Branding,This mentorship focuses on Branding with practical applications.,Available,,senior,Junior,9,2024-05-25 00:00:00,0,1316,3,18,4
952,Mastering Project Management,This mentorship focuses on Project Management with practical applications.,Available,,sophomore,Junior,2,2024-09-07 00:00:00,0,935,4,21,4
2306,Motion Design for Beginners,This mentorship focuses on Motion Design with practical applications.,Available,,senior,Senior,7,2024-10-23 00:00:00,0,483,3,17,3
1077,Introduction to System Design,This mentorship focuses on System Design with practical applications.,Available,,sophomore,Beginner,10,2025-07-18 00:00:00,0,347,1,6,2
920,Mastering Frontend Development,This mentorship focuses on Frontend Development with practical applications.,Available,,senior,Mid,10,2024-08-09 00:00:00,0,703,1,2,4
399,System Design for Real Projects,This mentorship focuses on System Design with practical applications.,Available,,sophomore,Junior,9,2025-05-17 00:00:00,0,843,1,6,5
2872,Mastering Mobile Development,This mentorship focuses on Mobile Development with practical applications.,Available,,freshman,Beginner,1,2025-08-11 00:00:00,1,992,1,4,4
1530,Product Management for Beginners,This mentorship focuses on Product Management with practical applications.,Available,,senior,Senior,6,2025-09-23 00:00:00,0,579,4,19,5
1901,Project Management for Beginners,This mentorship focuses on Project Management with practical applications.,Available,,graduate,Beginner,2,2025-07-02 00:00:00,0,570,4,21,5
889,Computer Vision for Beginners,This mentorship focuses on Computer Vision with practical applications.,Available,,senior,Junior,7,2025-03-30 00:00:00,0,262,2,9,3
2056,Introduction to Computer Vision,This mentorship focuses on Computer Vision with practical applications.,Available,,sophomore,Senior,10,2025-06-09 00:00:00,0,1260,2,9,4
501,Introduction to Data Analysis,This mentorship focuses on Data Analysis with practical applications.,Available,,graduate,Junior,3,2025-10-13 00:00:00,0,549,2,11,3
1742,Mastering Business Analysis,This mentorship focuses on Business Analysis with practical applications.,Available,,sophomore,Beginner,7,2025-10-11 00:00:00,0,1038,4,20,1
3116,Backend Development for Real Projects,This mentorship focuses on Backend Development with practical applications.,Available,,freshman,Beginner,6,2025-03-15 00:00:00,0,1092,1,1,5
1370,Introduction to Project Management,This mentorship focuses on Project Management with practical applications.,Available,,junior,Junior,8,2024-05-16 00:00:00,0,383,4,21,4
605,Introduction to Business Analysis,This mentorship focuses on Business Analysis with practical applications.,Available,,junior,Junior,10,2025-07-23 00:00:00,0,1488,4,20,5
1537,Mastering Branding,This mentorship focuses on Branding with practical applications.,Available,,freshman,Mid,1,2025-05-31 00:00:00,0,1251,3,18,4
2955,Hands-on Full Stack Development Training,This mentorship focuses on Full Stack Development with practical applications.,Available,,freshman,Beginner,8,2025-01-18 00:00:00,0,1022,1,3,4
2714,Mastering Backend Development,This mentorship focuses on Backend Development with practical applications.,Available,,sophomore,Junior,5,2025-02-21 00:00:00,0,834,1,1,4
2035,Introduction to Mobile Development,This mentorship focuses on Mobile Development with practical applications.,Available,,senior,Junior,9,2025-07-21 00:00:00,0,783,1,4,4
137,Mobile Development for Beginners,This mentorship focuses on Mobile Development with practical applications.,Available,,senior,Junior,3,2025-06-23 00:00:00,0,1374,1,4,5
141,Hands-on Data Analysis Training,This mentorship focuses on Data Analysis with practical applications.,Available,,graduate,Beginner,10,2024-07-17 00:00:00,0,1478,2,11,4
1517,Data Science for Real Projects,This mentorship focuses on Data Science with practical applications.,Available,,senior,Beginner,4,2025-01-27 00:00:00,0,815,2,12,4
334,Mastering Computer Vision,This mentorship focuses on Computer Vision with practical applications.,Available,,freshman,Beginner,10,2025-08-12 00:00:00,0,1326,2,9,3
271,Introduction to Deep Learning,This mentorship focuses on Deep Learning with practical applications.,Available,,sophomore,Beginner,9,2025-09-12 00:00:00,0,983,2,8,2
1961,Data Engineering for Real Projects,This mentorship focuses on Data Engineering with practical applications.,Available,,senior,Mid,2,2024-08-24 00:00:00,0,1081,2,13,3
14,Hands-on Branding Training,This mentorship focuses on Branding with practical applications.,Available,,sophomore,Mid,10,2025-05-01 00:00:00,0,324,3,18,4
1900,Introduction to Entrepreneurship,This mentorship focuses on Entrepreneurship with practical applications.,Available,,sophomore,Mid,2,2025-04-06 00:00:00,0,570,4,23,5
1326,Introduction to Frontend Development,This mentorship focuses on Frontend Development with practical applications.,Available,,sophomore,Junior,6,2025-07-07 00:00:00,0,1460,1,2,5
3183,Hands-on Backend Development Training,This mentorship focuses on Backend Development with practical applications.,Available,,graduate,Senior,4,2025-03-08 00:00:00,0,587,1,1,4
2330,Mastering Data Analysis,This mentorship focuses on Data Analysis with practical applications.,Available,,senior,Junior,2,2025-02-04 00:00:00,0,710,2,11,3
3193,Hands-on Backend Development Training,This mentorship focuses on Backend Development with practical applications.,Available,,freshman,Beginner,7,2025-04-13 00:00:00,0,885,1,1,5
1564,Introduction to Computer Vision,This mentorship focuses on Computer Vision with practical applications.,Available,,junior,Mid,2,2025-09-23 00:00:00,0,117,2,9,3
2598,Hands-on System Design Training,This mentorship focuses on System Design with practical applications.,Available,,sophomore,Senior,9,2025-10-09 00:00:00,0,766,1,6,3
797,Mastering Backend Development,This mentorship focuses on Backend Development with practical applications.,Available,,graduate,Junior,1,2025-07-19 00:00:00,1,362,1,1,4
2703,System Design for Real Projects,This mentorship focuses on System Design with practical applications.,Available,,freshman,Junior,8,2024-06-29 00:00:00,0,831,1,6,2
545,Mastering Frontend Development,This mentorship focuses on Frontend Development with practical applications.,Available,,senior,Beginner,9,2025-01-28 00:00:00,0,244,1,2,3
298,Introduction to Frontend Development,This mentorship focuses on Frontend Development with practical applications.,Available,,junior,Mid,1,2024-05-28 00:00:00,0,420,1,2,5
624,Introduction to Motion Design,This mentorship focuses on Motion Design with practical applications.,Available,,junior,Beginner,3,2025-03-25 00:00:00,1,799,3,17,3
2972,Graphic Design for Beginners,This mentorship focuses on Graphic Design with practical applications.,Available,,graduate,Beginner,8,2025-06-26 00:00:00,0,802,3,16,3
854,Mobile Development for Beginners,This mentorship focuses on Mobile Development with practical applications.,Available,,senior,Junior,8,2025-03-12 00:00:00,0,1337,1,4,4
741,Mastering Backend Development,This mentorship focuses on Backend Development with practical applications.,Available,,freshman,Mid,7,2024-02-19 00:00:00,0,1437,1,1,5
785,Hands-on Machine Learning Training,This mentorship focuses on Machine Learning with practical applications.,Available,,freshman,Senior,7,2024-12-08 00:00:00,0,727,2,7,3
2649,Branding for Beginners,This mentorship focuses on Branding with practical applications.,Available,,freshman,Mid,9,2024-12-03 00:00:00,0,1214,3,18,1
45,Computer Vision for Beginners,This mentorship focuses on Computer Vision with practical applications.,Available,,graduate,Senior,7,2025-05-25 00:00:00,0,926,2,9,4
3110,Data Science for Beginners,This mentorship focuses on Data Science with practical applications.,Available,,graduate,Senior,3,2024-08-16 00:00:00,0,136,2,12,2
1306,Introduction to Motion Design,This mentorship focuses on Motion Design with practical applications.,Available,,senior,Mid,2,2025-08-16 00:00:00,1,1242,3,17,1
1320,Product Management for Beginners,This mentorship focuses on Product Management with practical applications.,Available,,junior,Beginner,8,2025-04-21 00:00:00,0,1375,4,19,1
816,Mastering Mobile Development,This mentorship focuses on Mobile Development with practical applications.,Available,,freshman,Beginner,7,2025-02-21 00:00:00,1,1312,1,4,4
2479,Mastering UI/UX Design,This mentorship focuses on UI/UX Design with practical applications.,Available,,freshman,Mid,9,2025-10-04 00:00:00,0,1372,3,14,5
1951,Introduction to Deep Learning,This mentorship focuses on Deep Learning with practical applications.,Available,,freshman,Mid,4,2025-05-25 00:00:00,0,287,2,8,5
1206,Career Coaching for Real Projects,This mentorship focuses on Career Coaching with practical applications.,Available,,junior,Mid,6,2024-07-20 00:00:00,0,697,4,22,4
2369,Mastering Full Stack Development,This mentorship focuses on Full Stack Development with practical applications.,Available,,senior,Mid,2,2025-10-16 00:00:00,0,709,1,3,3
3186,Hands-on Full Stack Development Training,This mentorship focuses on Full Stack Development with practical applications.,Available,,sophomore,Beginner,3,2025-08-09 00:00:00,0,661,1,3,4
349,Mastering Mobile Development,This mentorship focuses on Mobile Development with practical applications.,Available,,junior,Mid,4,2025-01-26 00:00:00,0,1015,1,4,4
2764,Hands-on Data Analysis Training,This mentorship focuses on Data Analysis with practical applications.,Available,,graduate,Beginner,7,2024-11-20 00:00:00,0,574,2,11,2
245,Backend Development for Real Projects,This mentorship focuses on Backend Development with practical applications.,Available,,freshman,Senior,5,2025-02-12 00:00:00,0,612,1,1,4
601,System Design for Beginners,This mentorship focuses on System Design with practical applications.,Available,,sophomore,Junior,4,2025-06-21 00:00:00,0,1084,1,6,3
2415,Mobile Development for Beginners,This mentorship focuses on Mobile Development with practical applications.,Available,,senior,Junior,4,2025-10-15 00:00:00,0,342,1,4,5
262,Introduction to Data Science,This mentorship focuses on Data Science with practical applications.,Available,,junior,Senior,5,2025-08-27 00:00:00,0,235,2,12,4
993,Mastering Mobile Development,This mentorship focuses on Mobile Development with practical applications.,Available,,freshman,Beginner,5,2025-08-19 00:00:00,1,732,1,4,4
2427,Introduction to Data Analysis,This mentorship focuses on Data Analysis with practical applications.,Available,,graduate,Junior,3,2025-03-09 00:00:00,0,987,2,11,3
1019,Hands-on Backend Development Training,This mentorship focuses on Backend Development with practical applications.,Available,,sophomore,Senior,6,2024-03-12 00:00:00,0,77,1,1,3
1271,Hands-on Backend Development Training,This mentorship focuses on Backend Development with practical applications.,Available,,graduate,Junior,2,2023-12-20 00:00:00,0,1279,1,1,2
2961,Introduction to Full Stack Development,This mentorship focuses on Full Stack Development with practical applications.,Available,,freshman,Mid,7,2025-05-13 00:00:00,0,22,1,3,4
202,Project Management for Beginners,This mentorship focuses on Project Management with practical applications.,Available,,senior,Beginner,5,2025-04-09 00:00:00,0,1014,4,21,4
79,Full Stack Development for Beginners,This mentorship focuses on Full Stack Development with practical applications.,Available,,junior,Mid,10,2025-06-14 00:00:00,0,1360,1,3,4
536,Hands-on DevOps & Cloud Training,This mentorship focuses on DevOps & Cloud with practical applications.,Available,,junior,Senior,7,2025-02-11 00:00:00,0,553,1,5,5
1647,Hands-on Data Analysis Training,This mentorship focuses on Data Analysis with practical applications.,Available,,junior,Junior,7,2025-09-21 00:00:00,0,707,2,11,3
1601,DevOps & Cloud for Beginners,This mentorship focuses on DevOps & Cloud with practical applications.,Available,,freshman,Mid,7,2025-08-20 00:00:00,0,391,1,5,4
3002,Hands-on UI/UX Design Training,This mentorship focuses on UI/UX Design with practical applications.,Available,,senior,Beginner,1,2025-10-08 00:00:00,1,1237,3,14,4
1455,Full Stack Development for Real Projects,This mentorship focuses on Full Stack Development with practical applications.,Available,,sophomore,Beginner,3,2025-02-22 00:00:00,1,1361,1,3,3
2627,Hands-on Entrepreneurship Training,This mentorship focuses on Entrepreneurship with practical applications.,Available,,senior,Junior,3,2025-08-19 00:00:00,1,991,4,23,3
1732,Introduction to DevOps & Cloud,This mentorship focuses on DevOps & Cloud with practical applications.,Available,,freshman,Junior,3,2025-07-21 00:00:00,1,9,1,5,4
1253,Motion Design for Beginners,This mentorship focuses on Motion Design with practical applications.,Available,,senior,Senior,6,2025-09-20 00:00:00,0,1118,3,17,4
190,Frontend Development for Beginners,This mentorship focuses on Frontend Development with practical applications.,Available,,freshman,Beginner,3,2025-09-23 00:00:00,0,116,1,2,5
384,Business Analysis for Beginners,This mentorship focuses on Business Analysis with practical applications.,Available,,graduate,Junior,3,2025-08-02 00:00:00,0,848,4,20,4
1997,Mastering Data Engineering,This mentorship focuses on Data Engineering with practical applications.,Available,,senior,Junior,2,2024-11-04 00:00:00,0,296,2,13,3
1003,Mastering Branding,This mentorship focuses on Branding with practical applications.,Available,,sophomore,Senior,2,2024-03-01 00:00:00,0,884,3,18,4
1065,Hands-on Deep Learning Training,This mentorship focuses on Deep Learning with practical applications.,Available,,freshman,Senior,4,2025-10-17 00:00:00,0,231,2,8,3
661,Graphic Design for Real Projects,This mentorship focuses on Graphic Design with practical applications.,Available,,sophomore,Mid,7,2025-08-01 00:00:00,0,306,3,16,5
3062,Data Engineering for Real Projects,This mentorship focuses on Data Engineering with practical applications.,Available,,graduate,Senior,7,2025-07-20 00:00:00,0,34,2,13,5
2698,Introduction to Full Stack Development,This mentorship focuses on Full Stack Development with practical applications.,Available,,senior,Beginner,9,2024-04-01 00:00:00,0,989,1,3,3
389,Introduction to Motion Design,This mentorship focuses on Motion Design with practical applications.,Available,,junior,Mid,9,2025-05-02 00:00:00,0,1239,3,17,3
460,Mastering System Design,This mentorship focuses on System Design with practical applications.,Available,,sophomore,Mid,5,2024-04-22 00:00:00,0,1351,1,6,3
2324,Motion Design for Real Projects,This mentorship focuses on Motion Design with practical applications.,Available,,senior,Senior,5,2024-05-15 00:00:00,0,854,3,17,4
607,Hands-on Entrepreneurship Training,This mentorship focuses on Entrepreneurship with practical applications.,Available,,sophomore,Beginner,2,2025-09-29 00:00:00,1,1488,4,23,5
956,Introduction to Computer Vision,This mentorship focuses on Computer Vision with practical applications.,Available,,freshman,Beginner,13,2025-05-31 00:00:00,1,583,2,9,3
1478,Full Stack Development for Real Projects,This mentorship focuses on Full Stack Development with practical applications.,Available,,freshman,Junior,9,2025-07-31 00:00:00,0,518,1,3,4
2140,Product Design for Real Projects,This mentorship focuses on Product Design with practical applications.,Available,,sophomore,Mid,10,2025-01-03 00:00:00,0,382,3,15,4
799,System Design for Real Projects,This mentorship focuses on System Design with practical applications.,Available,,junior,Mid,4,2025-07-01 00:00:00,0,943,1,6,2
1907,Full Stack Development for Real Projects,This mentorship focuses on Full Stack Development with practical applications.,Available,,senior,Beginner,3,2025-09-01 00:00:00,1,928,1,3,4
218,Mastering Data Engineering,This mentorship focuses on Data Engineering with practical applications.,Available,,sophomore,Mid,2,2025-09-20 00:00:00,0,1493,2,13,4
39,Hands-on Mobile Development Training,This mentorship focuses on Mobile Development with practical applications.,Available,,graduate,Senior,2,2023-12-18 00:00:00,0,149,1,4,5
872,Deep Learning for Real Projects,This mentorship focuses on Deep Learning with practical applications.,Available,,graduate,Beginner,2,2025-10-04 00:00:00,1,2,2,8,4
247,Hands-on Backend Development Training,This mentorship focuses on Backend Development with practical applications.,Available,,freshman,Beginner,5,2024-11-28 00:00:00,0,1004,1,1,2
1040,Mastering Graphic Design,This mentorship focuses on Graphic Design with practical applications.,Available,,graduate,Mid,5,2025-10-04 00:00:00,0,1082,3,16,3
2701,Mastering Mobile Development,This mentorship focuses on Mobile Development with practical applications.,Available,,sophomore,Senior,3,2025-07-31 00:00:00,0,630,1,4,2
1850,Product Management for Real Projects,This mentorship focuses on Product Management with practical applications.,Available,,senior,Beginner,8,2025-07-07 00:00:00,0,1238,4,19,4
315,Hands-on Mobile Development Training,This mentorship focuses on Mobile Development with practical applications.,Available,,junior,Junior,1,2024-09-20 00:00:00,0,622,1,4,1
2420,Mastering Full Stack Development,This mentorship focuses on Full Stack Development with practical applications.,Available,,sophomore,Junior,10,2024-01-25 00:00:00,0,1017,1,3,4
3181,DevOps & Cloud for Beginners,This mentorship focuses on DevOps & Cloud with practical applications.,Available,,senior,Beginner,8,2025-09-13 00:00:00,0,418,1,5,3
2661,Introduction to Mobile Development,This mentorship focuses on Mobile Development with practical applications.,Available,,graduate,Senior,2,2025-01-20 00:00:00,0,811,1,4,5
248,Introduction to Mobile Development,This mentorship focuses on Mobile Development with practical applications.,Available,,sophomore,Beginner,3,2025-05-21 00:00:00,0,1004,1,4,2
2452,Introduction to Frontend Development,This mentorship focuses on Frontend Development with practical applications.,Available,,graduate,Senior,6,2025-10-15 00:00:00,0,245,1,2,5
901,Mastering Motion Design,This mentorship focuses on Motion Design with practical applications.,Available,,graduate,Beginner,5,2024-03-12 00:00:00,0,829,3,17,4
2096,Introduction to Business Analysis,This mentorship focuses on Business Analysis with practical applications.,Available,,sophomore,Junior,8,2025-10-12 00:00:00,0,1148,4,20,5
2271,Business Analysis for Beginners,This mentorship focuses on Business Analysis with practical applications.,Available,,graduate,Mid,3,2025-06-09 00:00:00,0,1089,4,20,2
2530,Mastering Product Design,This mentorship focuses on Product Design with practical applications.,Available,,sophomore,Junior,4,2025-09-16 00:00:00,0,960,3,15,4
1785,Mastering System Design,This mentorship focuses on System Design with practical applications.,Available,,junior,Senior,9,2025-05-20 00:00:00,0,1378,1,6,3
1868,Introduction to Mobile Development,This mentorship focuses on Mobile Development with practical applications.,Available,,graduate,Mid,1,2024-06-06 00:00:00,0,229,1,4,4
459,Mastering System Design,This mentorship focuses on System Design with practical applications.,Available,,junior,Beginner,6,2024-04-19 00:00:00,0,1351,1,6,3
1059,Machine Learning for Real Projects,This mentorship focuses on Machine Learning with practical applications.,Available,,freshman,Mid,4,2024-11-16 00:00:00,0,1140,2,7,3
1756,Mobile Development for Real Projects,This mentorship focuses on Mobile Development with practical applications.,Available,,freshman,Beginner,2,2025-10-01 00:00:00,0,512,1,4,5
127,Mastering Business Analysis,This mentorship focuses on Business Analysis with practical applications.,Available,,senior,Mid,3,2025-06-14 00:00:00,0,1436,4,20,5
2673,Mastering DevOps & Cloud,This mentorship focuses on DevOps & Cloud with practical applications.,Available,,senior,Senior,3,2025-09-12 00:00:00,0,1418,1,5,1
1909,Hands-on Backend Development Training,This mentorship focuses on Backend Development with practical applications.,Available,,sophomore,Junior,4,2024-10-31 00:00:00,0,1297,1,1,3
2272,Business Analysis for Real Projects,This mentorship focuses on Business Analysis with practical applications.,Available,,sophomore,Beginner,6,2025-07-12 00:00:00,0,1089,4,20,2
415,System Design for Real Projects,This mentorship focuses on System Design with practical applications.,Available,,senior,Mid,9,2025-10-03 00:00:00,0,738,1,6,1
2956,Full Stack Development for Real Projects,This mentorship focuses on Full Stack Development with practical applications.,Available,,freshman,Beginner,10,2025-02-03 00:00:00,0,1022,1,3,4
3174,Introduction to Branding,This mentorship focuses on Branding with practical applications.,Available,,graduate,Mid,4,2025-08-19 00:00:00,0,1136,3,18,2
2553,Product Management for Real Projects,This mentorship focuses on Product Management with practical applications.,Available,,junior,Beginner,7,2025-06-03 00:00:00,0,497,4,19,2
1035,Mastering Machine Learning,This mentorship focuses on Machine Learning with practical applications.,Available,,sophomore,Senior,8,2025-10-14 00:00:00,0,289,2,7,5
342,Introduction to Graphic Design,This mentorship focuses on Graphic Design with practical applications.,Available,,sophomore,Junior,3,2024-12-06 00:00:00,0,1201,3,16,4
1582,Natural Language Processing for Real Projects,This mentorship focuses on Natural Language Processing with practical applications.,Available,,senior,Junior,5,2024-09-18 00:00:00,0,1467,2,10,3
2907,Motion Design for Beginners,This mentorship focuses on Motion Design with practical applications.,Available,,junior,Beginner,7,2025-07-18 00:00:00,0,964,3,17,3
1741,Backend Development for Beginners,This mentorship focuses on Backend Development with practical applications.,Available,,senior,Beginner,10,2025-10-11 00:00:00,0,1045,1,1,5
1920,Introduction to Natural Language Processing,This mentorship focuses on Natural Language Processing with practical applications.,Available,,graduate,Beginner,6,2025-03-25 00:00:00,0,70,2,10,4
2567,Hands-on Natural Language Processing Training,This mentorship focuses on Natural Language Processing with practical applications.,Available,,junior,Senior,6,2025-03-12 00:00:00,0,572,2,10,3
2049,Mastering DevOps & Cloud,This mentorship focuses on DevOps & Cloud with practical applications.,Available,,freshman,Senior,4,2025-06-27 00:00:00,0,1432,1,5,3
2431,Mastering Product Design,This mentorship focuses on Product Design with practical applications.,Available,,freshman,Mid,3,2024-12-08 00:00:00,0,448,3,15,4
790,Hands-on Product Design Training,This mentorship focuses on Product Design with practical applications.,Available,,junior,Junior,7,2024-10-04 00:00:00,0,1324,3,15,5
463,Branding for Beginners,This mentorship focuses on Branding with practical applications.,Available,,junior,Senior,3,2025-08-12 00:00:00,0,734,3,18,5
493,Backend Development for Beginners,This mentorship focuses on Backend Development with practical applications.,Available,,graduate,Beginner,6,2024-01-08 00:00:00,0,725,1,1,2
1272,Introduction to DevOps & Cloud,This mentorship focuses on DevOps & Cloud with practical applications.,Available,,graduate,Junior,10,2024-02-06 00:00:00,0,1279,1,5,2
3022,Mastering Data Science,This mentorship focuses on Data Science with practical applications.,Available,,junior,Senior,9,2025-05-31 00:00:00,0,1186,2,12,4
220,Deep Learning for Real Projects,This mentorship focuses on Deep Learning with practical applications.,Available,,senior,Senior,10,2024-02-25 00:00:00,0,414,2,8,3
1738,Hands-on System Design Training,This mentorship focuses on System Design with practical applications.,Available,,graduate,Beginner,9,2025-09-19 00:00:00,0,1045,1,6,5
1229,Introduction to Mobile Development,This mentorship focuses on Mobile Development with practical applications.,Available,,junior,Mid,6,2025-07-18 00:00:00,0,1048,1,4,4
879,Hands-on Branding Training,This mentorship focuses on Branding with practical applications.,Available,,graduate,Beginner,10,2025-03-23 00:00:00,0,98,3,18,1
3109,Introduction to Data Engineering,This mentorship focuses on Data Engineering with practical applications.,Available,,senior,Beginner,5,2024-07-25 00:00:00,0,136,2,13,2
3006,Product Design for Beginners,This mentorship focuses on Product Design with practical applications.,Available,,freshman,Junior,3,2025-06-17 00:00:00,0,169,3,15,5
2590,Introduction to System Design,This mentorship focuses on System Design with practical applications.,Available,,junior,Senior,6,2024-11-22 00:00:00,0,425,1,6,3
1033,Mastering Full Stack Development,This mentorship focuses on Full Stack Development with practical applications.,Available,,senior,Beginner,4,2025-09-30 00:00:00,0,1070,1,3,1
3175,Branding for Real Projects,This mentorship focuses on Branding with practical applications.,Available,,sophomore,Mid,3,2025-10-06 00:00:00,0,1136,3,18,2
2624,Introduction to Business Analysis,This mentorship focuses on Business Analysis with practical applications.,Available,,senior,Junior,8,2025-10-14 00:00:00,0,839,4,20,4
728,System Design for Beginners,This mentorship focuses on System Design with practical applications.,Available,,graduate,Mid,2,2025-07-03 00:00:00,0,955,1,6,3
596,Machine Learning for Real Projects,This mentorship focuses on Machine Learning with practical applications.,Available,,graduate,Junior,2,2024-08-10 00:00:00,0,675,2,7,4
1846,Data Analysis for Beginners,This mentorship focuses on Data Analysis with practical applications.,Available,,graduate,Mid,2,2025-10-14 00:00:00,0,343,2,11,3
1000,Introduction to Machine Learning,This mentorship focuses on Machine Learning with practical applications.,Available,,senior,Beginner,7,2024-06-12 00:00:00,0,91,2,7,3
1657,Branding for Real Projects,This mentorship focuses on Branding with practical applications.,Available,,graduate,Junior,7,2025-06-15 00:00:00,0,256,3,18,1
1943,Mastering Project Management,This mentorship focuses on Project Management with practical applications.,Available,,sophomore,Beginner,8,2024-10-22 00:00:00,0,1274,4,21,3
966,Introduction to Backend Development,This mentorship focuses on Backend Development with practical applications.,Available,,junior,Junior,4,2024-07-13 00:00:00,0,175,1,1,5
2711,Full Stack Development for Beginners,This mentorship focuses on Full Stack Development with practical applications.,Available,,freshman,Mid,3,2025-09-22 00:00:00,0,503,1,3,4
2376,Hands-on Machine Learning Training,This mentorship focuses on Machine Learning with practical applications.,Available,,graduate,Beginner,3,2025-05-22 00:00:00,0,1150,2,7,2
2736,Hands-on Natural Language Processing Training,This mentorship focuses on Natural Language Processing with practical applications.,Available,,graduate,Beginner,9,2025-08-06 00:00:00,0,695,2,10,4
588,Introduction to System Design,This mentorship focuses on System Design with practical applications.,Available,,senior,Junior,7,2025-08-12 00:00:00,0,1165,1,6,4
954,Project Management for Real Projects,This mentorship focuses on Project Management with practical applications.,Available,,graduate,Mid,8,2025-04-17 00:00:00,0,935,4,21,4
1937,Introduction to Career Coaching,This mentorship focuses on Career Coaching with practical applications.,Available,,senior,Senior,1,2025-07-28 00:00:00,0,130,4,22,3
1892,Mastering Career Coaching,This mentorship focuses on Career Coaching with practical applications.,Available,,senior,Senior,4,2025-10-04 00:00:00,0,1376,4,22,3
1863,Introduction to Data Engineering,This mentorship focuses on Data Engineering with practical applications.,Available,,senior,Beginner,2,2025-09-15 00:00:00,0,45,2,13,1
211,Hands-on Motion Design Training,This mentorship focuses on Motion Design with practical applications.,Available,,junior,Junior,4,2025-02-14 00:00:00,0,165,3,17,5
1318,Introduction to Full Stack Development,This mentorship focuses on Full Stack Development with practical applications.,Available,,freshman,Mid,9,2025-09-14 00:00:00,0,1428,1,3,5
640,Mastering Graphic Design,This mentorship focuses on Graphic Design with practical applications.,Available,,senior,Mid,9,2025-08-09 00:00:00,0,246,3,16,4
1350,Introduction to DevOps & Cloud,This mentorship focuses on DevOps & Cloud with practical applications.,Available,,sophomore,Beginner,10,2025-10-05 00:00:00,0,650,1,5,2
2093,Introduction to Entrepreneurship,This mentorship focuses on Entrepreneurship with practical applications.,Available,,junior,Mid,7,2025-09-28 00:00:00,0,1148,4,23,5
445,Motion Design for Beginners,This mentorship focuses on Motion Design with practical applications.,Available,,junior,Junior,7,2024-04-10 00:00:00,0,772,3,17,3
366,Frontend Development for Real Projects,This mentorship focuses on Frontend Development with practical applications.,Available,,sophomore,Mid,8,2025-08-27 00:00:00,0,204,1,2,5
1787,UI/UX Design for Beginners,This mentorship focuses on UI/UX Design with practical applications.,Available,,sophomore,Beginner,2,2024-10-22 00:00:00,0,329,3,14,3
2693,Introduction to Entrepreneurship,This mentorship focuses on Entrepreneurship with practical applications.,Available,,senior,Mid,2,2025-07-19 00:00:00,0,589,4,23,4
3017,DevOps & Cloud for Real Projects,This mentorship focuses on DevOps & Cloud with practical applications.,Available,,sophomore,Junior,7,2025-08-07 00:00:00,0,702,1,5,4
1671,Data Analysis for Real Projects,This mentorship focuses on Data Analysis with practical applications.,Available,,senior,Beginner,7,2025-04-25 00:00:00,0,614,2,11,5
2548,Mastering DevOps & Cloud,This mentorship focuses on DevOps & Cloud with practical applications.,Available,,graduate,Senior,1,2024-03-23 00:00:00,0,1127,1,5,5
2690,Full Stack Development for Beginners,This mentorship focuses on Full Stack Development with practical applications.,Available,,senior,Junior,9,2024-09-17 00:00:00,0,1424,1,3,4
1936,Hands-on Career Coaching Training,This mentorship focuses on Career Coaching with practical applications.,Available,,sophomore,Senior,6,2025-06-26 00:00:00,0,130,4,22,3
2341,Mobile Development for Beginners,This mentorship focuses on Mobile Development with practical applications.,Available,,freshman,Mid,9,2025-08-21 00:00:00,0,94,1,4,3
183,Mastering Project Management,This mentorship focuses on Project Management with practical applications.,Available,,senior,Beginner,7,2024-08-04 00:00:00,0,198,4,21,2
2199,Hands-on DevOps & Cloud Training,This mentorship focuses on DevOps & Cloud with practical applications.,Available,,graduate,Senior,8,2024-03-21 00:00:00,0,704,1,5,3
2131,Mastering Backend Development,This mentorship focuses on Backend Development with practical applications.,Available,,freshman,Junior,2,2025-09-16 00:00:00,1,411,1,1,4
1906,Mastering DevOps & Cloud,This mentorship focuses on DevOps & Cloud with practical applications.,Available,,sophomore,Senior,9,2025-07-20 00:00:00,0,928,1,5,4
2242,Hands-on Frontend Development Training,This mentorship focuses on Frontend Development with practical applications.,Available,,sophomore,Junior,5,2025-05-19 00:00:00,0,468,1,2,4
1572,Full Stack Development for Real Projects,This mentorship focuses on Full Stack Development with practical applications.,Available,,graduate,Senior,8,2025-02-26 00:00:00,0,129,1,3,2
406,Machine Learning for Real Projects,This mentorship focuses on Machine Learning with practical applications.,Available,,senior,Mid,7,2025-07-14 00:00:00,0,408,2,7,3
2699,Hands-on Full Stack Development Training,This mentorship focuses on Full Stack Development with practical applications.,Available,,freshman,Beginner,8,2025-08-01 00:00:00,0,989,1,3,3
2862,Mastering Data Engineering,This mentorship focuses on Data Engineering with practical applications.,Available,,freshman,Beginner,4,2025-09-30 00:00:00,1,40,2,13,3
2601,Product Management for Beginners,This mentorship focuses on Product Management with practical applications.,Available,,junior,Senior,5,2025-05-13 00:00:00,0,89,4,19,4
1185,Hands-on Full Stack Development Training,This mentorship focuses on Full Stack Development with practical applications.,Available,,junior,Beginner,5,2024-08-24 00:00:00,1,227,1,3,5
629,Mastering Graphic Design,This mentorship focuses on Graphic Design with practical applications.,Available,,sophomore,Junior,4,2025-09-14 00:00:00,0,58,3,16,5
928,System Design for Real Projects,This mentorship focuses on System Design with practical applications.,Available,,junior,Senior,2,2025-04-11 00:00:00,0,1257,1,6,3
1648,Data Analysis for Beginners,This mentorship focuses on Data Analysis with practical applications.,Available,,sophomore,Mid,1,2025-10-12 00:00:00,0,707,2,11,3
2302,Hands-on Project Management Training,This mentorship focuses on Project Management with practical applications.,Available,,sophomore,Mid,5,2025-10-05 00:00:00,0,1368,4,21,4
3076,Hands-on Business Analysis Training,This mentorship focuses on Business Analysis with practical applications.,Available,,junior,Beginner,9,2024-01-19 00:00:00,0,1310,4,20,3
603,Introduction to Business Analysis,This mentorship focuses on Business Analysis with practical applications.,Available,,sophomore,Junior,10,2024-12-28 00:00:00,0,1488,4,20,5
1919,Hands-on Product Management Training,This mentorship focuses on Product Management with practical applications.,Available,,senior,Senior,4,2025-06-04 00:00:00,0,797,4,19,4
490,DevOps & Cloud for Real Projects,This mentorship focuses on DevOps & Cloud with practical applications.,Available,,senior,Beginner,5,2025-06-03 00:00:00,0,825,1,5,3
1170,Hands-on Machine Learning Training,This mentorship focuses on Machine Learning with practical applications.,Available,,senior,Beginner,3,2025-04-13 00:00:00,0,399,2,7,4
2742,Hands-on Full Stack Development Training,This mentorship focuses on Full Stack Development with practical applications.,Available,,graduate,Senior,9,2025-09-15 00:00:00,0,217,1,3,3
390,Mastering Branding,This mentorship focuses on Branding with practical applications.,Available,,senior,Senior,8,2024-11-10 00:00:00,0,1329,3,18,2
1870,Mobile Development for Beginners,This mentorship focuses on Mobile Development with practical applications.,Available,,senior,Junior,10,2025-06-30 00:00:00,0,229,1,4,4
2536,Mastering Data Analysis,This mentorship focuses on Data Analysis with practical applications.,Available,,junior,Junior,10,2025-02-25 00:00:00,0,1320,2,11,4
846,Machine Learning for Real Projects,This mentorship focuses on Machine Learning with practical applications.,Available,,junior,Junior,7,2025-09-06 00:00:00,0,1234,2,7,5
333,Data Analysis for Real Projects,This mentorship focuses on Data Analysis with practical applications.,Available,,junior,Beginner,8,2025-05-29 00:00:00,0,1326,2,11,3
2962,Hands-on Full Stack Development Training,This mentorship focuses on Full Stack Development with practical applications.,Available,,senior,Mid,1,2025-08-15 00:00:00,0,22,1,3,4
1093,Introduction to Data Analysis,This mentorship focuses on Data Analysis with practical applications.,Available,,senior,Mid,3,2024-06-12 00:00:00,0,1454,2,11,3
1751,Mastering Career Coaching,This mentorship focuses on Career Coaching with practical applications.,Available,,sophomore,Mid,3,2025-05-17 00:00:00,0,492,4,22,3
2439,Mastering Full Stack Development,This mentorship focuses on Full Stack Development with practical applications.,Available,,freshman,Mid,4,2024-09-06 00:00:00,0,1100,1,3,3
843,Hands-on Natural Language Processing Training,This mentorship focuses on Natural Language Processing with practical applications.,Available,,junior,Senior,7,2025-06-02 00:00:00,0,1234,2,10,5
222,Introduction to Natural Language Processing,This mentorship focuses on Natural Language Processing with practical applications.,Available,,freshman,Junior,5,2024-07-11 00:00:00,0,414,2,10,3
3034,System Design for Beginners,This mentorship focuses on System Design with practical applications.,Available,,senior,Senior,6,2025-07-13 00:00:00,0,961,1,6,5
288,Mastering Computer Vision,This mentorship focuses on Computer Vision with practical applications.,Available,,graduate,Beginner,4,2025-06-08 00:00:00,0,482,2,9,2
474,Mastering Data Science,This mentorship focuses on Data Science with practical applications.,Available,,sophomore,Mid,10,2024-05-28 00:00:00,0,1359,2,12,3
3127,Career Coaching for Real Projects,This mentorship focuses on Career Coaching with practical applications.,Available,,graduate,Mid,7,2025-08-21 00:00:00,0,345,4,22,4
3083,Frontend Development for Beginners,This mentorship focuses on Frontend Development with practical applications.,Available,,freshman,Beginner,2,2025-01-24 00:00:00,0,353,1,2,4
690,Backend Development for Real Projects,This mentorship focuses on Backend Development with practical applications.,Available,,graduate,Senior,5,2024-09-30 00:00:00,0,670,1,1,4
2957,DevOps & Cloud for Beginners,This mentorship focuses on DevOps & Cloud with practical applications.,Available,,senior,Beginner,8,2025-06-06 00:00:00,0,1022,1,5,4
1338,Mastering DevOps & Cloud,This mentorship focuses on DevOps & Cloud with practical applications.,Available,,graduate,Senior,8,2025-09-28 00:00:00,0,716,1,5,5
1596,Introduction to Mobile Development,This mentorship focuses on Mobile Development with practical applications.,Available,,junior,Junior,2,2024-10-29 00:00:00,0,1381,1,4,2
2326,Product Design for Real Projects,This mentorship focuses on Product Design with practical applications.,Available,,graduate,Beginner,10,2025-04-15 00:00:00,0,854,3,15,4
1927,Full Stack Development for Beginners,This mentorship focuses on Full Stack Development with practical applications.,Available,,junior,Beginner,9,2025-10-16 00:00:00,0,515,1,3,4
722,Product Management for Beginners,This mentorship focuses on Product Management with practical applications.,Available,,graduate,Senior,10,2024-11-23 00:00:00,0,375,4,19,2
2015,Mastering Data Engineering,This mentorship focuses on Data Engineering with practical applications.,Available,,senior,Beginner,1,2025-05-04 00:00:00,0,786,2,13,5
176,Introduction to Project Management,This mentorship focuses on Project Management with practical applications.,Available,,freshman,Beginner,6,2025-07-06 00:00:00,0,402,4,21,4
827,Mastering Product Design,This mentorship focuses on Product Design with practical applications.,Available,,senior,Beginner,3,2025-10-03 00:00:00,1,660,3,15,4
1471,Natural Language Processing for Beginners,This mentorship focuses on Natural Language Processing with practical applications.,Available,,junior,Senior,9,2025-06-19 00:00:00,0,796,2,10,4
2525,Introduction to Mobile Development,This mentorship focuses on Mobile Development with practical applications.,Available,,junior,Senior,2,2024-12-14 00:00:00,0,536,1,4,4
684,Deep Learning for Beginners,This mentorship focuses on Deep Learning with practical applications.,Available,,senior,Mid,5,2025-05-13 00:00:00,0,678,2,8,2
1147,Computer Vision for Beginners,This mentorship focuses on Computer Vision with practical applications.,Available,,junior,Senior,2,2025-03-02 00:00:00,0,463,2,9,1
531,Mastering UI/UX Design,This mentorship focuses on UI/UX Design with practical applications.,Available,,senior,Senior,6,2025-09-23 00:00:00,0,307,3,14,4
2816,Full Stack Development for Beginners,This mentorship focuses on Full Stack Development with practical applications.,Available,,senior,Junior,6,2024-06-21 00:00:00,0,281,1,3,4
321,Machine Learning for Beginners,This mentorship focuses on Machine Learning with practical applications.,Available,,junior,Senior,5,2024-06-21 00:00:00,0,680,2,7,5
1283,Hands-on Full Stack Development Training,This mentorship focuses on Full Stack Development with practical applications.,Available,,sophomore,Junior,5,2025-01-04 00:00:00,0,1096,1,3,3
2340,Hands-on Product Design Training,This mentorship focuses on Product Design with practical applications.,Available,,sophomore,Junior,7,2025-08-26 00:00:00,0,902,3,15,2
345,Computer Vision for Real Projects,This mentorship focuses on Computer Vision with practical applications.,Available,,senior,Junior,8,2025-08-26 00:00:00,0,586,2,9,2
3147,Introduction to DevOps & Cloud,This mentorship focuses on DevOps & Cloud with practical applications.,Available,,sophomore,Beginner,5,2024-07-22 00:00:00,0,1166,1,5,5
1957,Mastering Career Coaching,This mentorship focuses on Career Coaching with practical applications.,Available,,junior,Junior,6,2025-09-25 00:00:00,0,1245,4,22,3
2436,Mastering Motion Design,This mentorship focuses on Motion Design with practical applications.,Available,,sophomore,Senior,7,2025-06-08 00:00:00,0,310,3,17,4
3026,Full Stack Development for Real Projects,This mentorship focuses on Full Stack Development with practical applications.,Available,,graduate,Junior,5,2025-04-21 00:00:00,0,692,1,3,3
2851,Mastering Business Analysis,This mentorship focuses on Business Analysis with practical applications.,Available,,freshman,Mid,4,2025-09-29 00:00:00,0,1412,4,20,1
3162,Hands-on Deep Learning Training,This mentorship focuses on Deep Learning with practical applications.,Available,,freshman,Mid,4,2025-10-02 00:00:00,0,647,2,8,5
666,Hands-on UI/UX Design Training,This mentorship focuses on UI/UX Design with practical applications.,Available,,junior,Mid,1,2025-09-09 00:00:00,0,124,3,14,3
1591,Mastering Mobile Development,This mentorship focuses on Mobile Development with practical applications.,Available,,sophomore,Mid,9,2025-04-18 00:00:00,0,718,1,4,5
2889,Mastering DevOps & Cloud,This mentorship focuses on DevOps & Cloud with practical applications.,Available,,junior,Senior,5,2024-11-11 00:00:00,0,1273,1,5,3
2102,Mastering Full Stack Development,This mentorship focuses on Full Stack Development with practical applications.,Available,,graduate,Beginner,7,2025-05-12 00:00:00,0,511,1,3,5
87,Hands-on Graphic Design Training,This mentorship focuses on Graphic Design with practical applications.,Available,,freshman,Senior,7,2025-05-21 00:00:00,0,243,3,16,5
1307,Hands-on UI/UX Design Training,This mentorship focuses on UI/UX Design with practical applications.,Available,,junior,Mid,9,2025-09-19 00:00:00,0,1421,3,14,5
1745,Hands-on Backend Development Training,This mentorship focuses on Backend Development with practical applications.,Available,,graduate,Beginner,8,2025-09-23 00:00:00,0,101,1,1,3
1052,Introduction to Product Design,This mentorship focuses on Product Design with practical applications.,Available,,graduate,Mid,6,2024-11-01 00:00:00,0,1053,3,15,4
1089,Mobile Development for Real Projects,This mentorship focuses on Mobile Development with practical applications.,Available,,graduate,Beginner,4,2024-11-09 00:00:00,0,397,1,4,1
2409,Mastering Natural Language Processing,This mentorship focuses on Natural Language Processing with practical applications.,Available,,junior,Beginner,5,2025-09-06 00:00:00,0,458,2,10,4
1156,UI/UX Design for Beginners,This mentorship focuses on UI/UX Design with practical applications.,Available,,freshman,Junior,9,2025-02-04 00:00:00,0,159,3,14,4
259,Mastering Graphic Design,This mentorship focuses on Graphic Design with practical applications.,Available,,senior,Beginner,2,2025-04-26 00:00:00,0,833,3,16,3
1857,Hands-on Data Science Training,This mentorship focuses on Data Science with practical applications.,Available,,graduate,Beginner,7,2025-07-19 00:00:00,0,959,2,12,4
2428,Data Analysis for Real Projects,This mentorship focuses on Data Analysis with practical applications.,Available,,graduate,Junior,4,2025-03-31 00:00:00,0,987,2,11,3
943,Hands-on Data Analysis Training,This mentorship focuses on Data Analysis with practical applications.,Available,,junior,Beginner,8,2025-10-15 00:00:00,0,392,2,11,4
41,Mastering Mobile Development,This mentorship focuses on Mobile Development with practical applications.,Available,,senior,Mid,3,2024-12-12 00:00:00,0,149,1,4,5
2892,Mastering Natural Language Processing,This mentorship focuses on Natural Language Processing with practical applications.,Available,,freshman,Senior,4,2025-08-10 00:00:00,0,966,2,10,5
2033,Branding for Beginners,This mentorship focuses on Branding with practical applications.,Available,,graduate,Mid,3,2025-10-12 00:00:00,0,112,3,18,1
1504,Frontend Development for Beginners,This mentorship focuses on Frontend Development with practical applications.,Available,,freshman,Mid,8,2025-04-11 00:00:00,0,1155,1,2,5
959,Mastering System Design,This mentorship focuses on System Design with practical applications.,Available,,senior,Junior,10,2025-01-28 00:00:00,0,1483,1,6,5
153,Hands-on Natural Language Processing Training,This mentorship focuses on Natural Language Processing with practical applications.,Available,,freshman,Junior,9,2025-08-15 00:00:00,0,952,2,10,1
5,Mobile Development for Beginners,This mentorship focuses on Mobile Development with practical applications.,Available,,freshman,Beginner,5,2025-03-29 00:00:00,0,671,1,4,5
3059,Mastering Frontend Development,This mentorship focuses on Frontend Development with practical applications.,Available,,freshman,Mid,7,2025-01-22 00:00:00,0,777,1,2,2
1118,Introduction to Graphic Design,This mentorship focuses on Graphic Design with practical applications.,Available,,freshman,Senior,1,2025-04-15 00:00:00,0,1036,3,16,3
2526,Full Stack Development for Real Projects,This mentorship focuses on Full Stack Development with practical applications.,Available,,senior,Senior,8,2025-05-28 00:00:00,0,536,1,3,4
2684,Full Stack Development for Beginners,This mentorship focuses on Full Stack Development with practical applications.,Available,,freshman,Mid,2,2025-10-13 00:00:00,0,617,1,3,5
290,Frontend Development for Beginners,This mentorship focuses on Frontend Development with practical applications.,Available,,sophomore,Mid,6,2025-06-02 00:00:00,0,973,1,2,5
2395,Hands-on DevOps & Cloud Training,This mentorship focuses on DevOps & Cloud with practical applications.,Available,,graduate,Beginner,7,2025-07-28 00:00:00,0,125,1,5,5
174,Mastering DevOps & Cloud,This mentorship focuses on DevOps & Cloud with practical applications.,Available,,junior,Junior,10,2025-02-10 00:00:00,0,610,1,5,2
2053,Mastering Full Stack Development,This mentorship focuses on Full Stack Development with practical applications.,Available,,freshman,Mid,7,2025-08-31 00:00:00,0,827,1,3,4
1682,Introduction to Full Stack Development,This mentorship focuses on Full Stack Development with practical applications.,Available,,sophomore,Mid,6,2025-10-13 00:00:00,0,471,1,3,4
2307,Graphic Design for Real Projects,This mentorship focuses on Graphic Design with practical applications.,Available,,senior,Mid,2,2025-03-23 00:00:00,0,483,3,16,3
525,Full Stack Development for Real Projects,This mentorship focuses on Full Stack Development with practical applications.,Available,,senior,Mid,7,2025-04-27 00:00:00,0,1065,1,3,4
2757,UI/UX Design for Real Projects,This mentorship focuses on UI/UX Design with practical applications.,Available,,freshman,Junior,5,2025-07-19 00:00:00,0,1178,3,14,5
1334,Mobile Development for Real Projects,This mentorship focuses on Mobile Development with practical applications.,Available,,junior,Senior,10,2025-05-03 00:00:00,0,716,1,4,5
615,System Design for Real Projects,This mentorship focuses on System Design with practical applications.,Available,,senior,Beginner,1,2025-03-28 00:00:00,0,1034,1,6,3
578,Frontend Development for Beginners,This mentorship focuses on Frontend Development with practical applications.,Available,,senior,Senior,6,2025-03-10 00:00:00,0,213,1,2,5
70,Hands-on Frontend Development Training,This mentorship focuses on Frontend Development with practical applications.,Available,,graduate,Mid,3,2024-06-03 00:00:00,0,655,1,2,4
2728,Introduction to Branding,This mentorship focuses on Branding with practical applications.,Available,,sophomore,Mid,6,2025-08-16 00:00:00,0,1311,3,18,1
3111,Full Stack Development for Beginners,This mentorship focuses on Full Stack Development with practical applications.,Available,,junior,Junior,8,2025-05-15 00:00:00,0,1259,1,3,1
1174,Introduction to Frontend Development,This mentorship focuses on Frontend Development with practical applications.,Available,,junior,Beginner,7,2025-05-29 00:00:00,0,388,1,2,3
1205,Hands-on Entrepreneurship Training,This mentorship focuses on Entrepreneurship with practical applications.,Available,,sophomore,Mid,7,2024-04-23 00:00:00,0,697,4,23,4
715,Introduction to Frontend Development,This mentorship focuses on Frontend Development with practical applications.,Available,,junior,Beginner,9,2025-10-05 00:00:00,0,790,1,2,5
481,Hands-on Machine Learning Training,This mentorship focuses on Machine Learning with practical applications.,Available,,graduate,Junior,9,2025-09-29 00:00:00,0,302,2,7,4
2179,Backend Development for Real Projects,This mentorship focuses on Backend Development with practical applications.,Available,,freshman,Senior,4,2024-03-05 00:00:00,0,1333,1,1,4
552,Mastering System Design,This mentorship focuses on System Design with practical applications.,Available,,graduate,Mid,4,2025-05-05 00:00:00,0,538,1,6,4
2274,Mastering Motion Design,This mentorship focuses on Motion Design with practical applications.,Available,,graduate,Beginner,9,2025-07-02 00:00:00,0,809,3,17,3
1430,Mastering Mobile Development,This mentorship focuses on Mobile Development with practical applications.,Available,,freshman,Junior,7,2025-07-06 00:00:00,0,323,1,4,5
2110,Hands-on Frontend Development Training,This mentorship focuses on Frontend Development with practical applications.,Available,,sophomore,Senior,6,2025-04-08 00:00:00,0,403,1,2,3
972,Hands-on Frontend Development Training,This mentorship focuses on Frontend Development with practical applications.,Available,,graduate,Senior,1,2025-10-08 00:00:00,0,894,1,2,4
1501,Introduction to Frontend Development,This mentorship focuses on Frontend Development with practical applications.,Available,,freshman,Beginner,6,2025-02-11 00:00:00,0,1155,1,2,5
2653,Hands-on DevOps & Cloud Training,This mentorship focuses on DevOps & Cloud with practical applications.,Available,,freshman,Senior,5,2025-09-16 00:00:00,0,138,1,5,5
359,Mastering Computer Vision,This mentorship focuses on Computer Vision with practical applications.,Available,,junior,Junior,8,2024-06-04 00:00:00,0,1480,2,9,3
2138,Graphic Design for Beginners,This mentorship focuses on Graphic Design with practical applications.,Available,,graduate,Senior,9,2024-01-27 00:00:00,0,382,3,16,4
1329,Graphic Design for Real Projects,This mentorship focuses on Graphic Design with practical applications.,Available,,freshman,Senior,10,2025-05-20 00:00:00,0,547,3,16,2
3152,Mastering Graphic Design,This mentorship focuses on Graphic Design with practical applications.,Available,,graduate,Beginner,6,2025-07-21 00:00:00,0,1476,3,16,5
1853,Introduction to Entrepreneurship,This mentorship focuses on Entrepreneurship with practical applications.,Available,,freshman,Beginner,2,2025-10-13 00:00:00,0,1238,4,23,4
3195,Introduction to Backend Development,This mentorship focuses on Backend Development with practical applications.,Available,,freshman,Mid,7,2025-09-18 00:00:00,0,885,1,1,5
927,Hands-on Frontend Development Training,This mentorship focuses on Frontend Development with practical applications.,Available,,senior,Senior,8,2025-07-09 00:00:00,0,1083,1,2,3
2432,Introduction to Motion Design,This mentorship focuses on Motion Design with practical applications.,Available,,junior,Senior,2,2025-01-06 00:00:00,0,448,3,17,4
2321,System Design for Beginners,This mentorship focuses on System Design with practical applications.,Available,,senior,Beginner,8,2024-12-01 00:00:00,0,1094,1,6,5
2776,Introduction to Data Engineering,This mentorship focuses on Data Engineering with practical applications.,Available,,graduate,Senior,4,2025-04-28 00:00:00,0,1121,2,13,3
1707,Full Stack Development for Real Projects,This mentorship focuses on Full Stack Development with practical applications.,Available,,junior,Mid,3,2025-07-17 00:00:00,0,967,1,3,3
1992,Data Science for Real Projects,This mentorship focuses on Data Science with practical applications.,Available,,freshman,Mid,5,2024-08-29 00:00:00,0,1114,2,12,4
2667,Mastering Mobile Development,This mentorship focuses on Mobile Development with practical applications.,Available,,freshman,Junior,2,2025-06-09 00:00:00,0,744,1,4,3
178,Entrepreneurship for Real Projects,This mentorship focuses on Entrepreneurship with practical applications.,Available,,senior,Mid,2,2025-09-01 00:00:00,0,402,4,23,4
2683,Mastering Full Stack Development,This mentorship focuses on Full Stack Development with practical applications.,Available,,freshman,Senior,7,2025-10-09 00:00:00,0,617,1,3,5
2709,Hands-on Full Stack Development Training,This mentorship focuses on Full Stack Development with practical applications.,Available,,graduate,Senior,10,2025-05-11 00:00:00,0,503,1,3,4
1702,Full Stack Development for Real Projects,This mentorship focuses on Full Stack Development with practical applications.,Available,,graduate,Senior,6,2025-02-21 00:00:00,0,350,1,3,4
343,Hands-on UI/UX Design Training,This mentorship focuses on UI/UX Design with practical applications.,Available,,sophomore,Senior,4,2025-07-28 00:00:00,0,1201,3,14,4
362,Hands-on System Design Training,This mentorship focuses on System Design with practical applications.,Available,,junior,Mid,5,2025-07-08 00:00:00,0,204,1,6,5
2456,Mastering Entrepreneurship,This mentorship focuses on Entrepreneurship with practical applications.,Available,,graduate,Beginner,2,2024-09-24 00:00:00,0,596,4,23,3
590,Mastering Business Analysis,This mentorship focuses on Business Analysis with practical applications.,Available,,junior,Mid,1,2024-11-05 00:00:00,0,711,4,20,4
2850,Natural Language Processing for Beginners,This mentorship focuses on Natural Language Processing with practical applications.,Available,,graduate,Beginner,1,2025-06-14 00:00:00,0,488,2,10,2
113,Hands-on Entrepreneurship Training,This mentorship focuses on Entrepreneurship with practical applications.,Available,,senior,Senior,9,2025-10-10 00:00:00,0,761,4,23,4
1423,Introduction to DevOps & Cloud,This mentorship focuses on DevOps & Cloud with practical applications.,Available,,sophomore,Senior,3,2024-08-02 00:00:00,0,56,1,5,5
3047,Mastering Full Stack Development,This mentorship focuses on Full Stack Development with practical applications.,Available,,junior,Mid,5,2025-09-27 00:00:00,0,381,1,3,5
1335,Mobile Development for Beginners,This mentorship focuses on Mobile Development with practical applications.,Available,,junior,Mid,3,2025-05-13 00:00:00,0,716,1,4,5
974,Mastering Deep Learning,This mentorship focuses on Deep Learning with practical applications.,Available,,freshman,Mid,7,2025-01-24 00:00:00,0,109,2,8,4
2449,Mastering DevOps & Cloud,This mentorship focuses on DevOps & Cloud with practical applications.,Available,,freshman,Senior,10,2025-04-22 00:00:00,0,245,1,5,5
167,Data Engineering for Beginners,This mentorship focuses on Data Engineering with practical applications.,Available,,sophomore,Junior,8,2025-08-05 00:00:00,0,1028,2,13,4
1692,Introduction to Mobile Development,This mentorship focuses on Mobile Development with practical applications.,Available,,junior,Beginner,2,2025-05-17 00:00:00,0,199,1,4,5
2323,Introduction to Motion Design,This mentorship focuses on Motion Design with practical applications.,Available,,freshman,Senior,8,2024-04-24 00:00:00,0,854,3,17,4
430,Data Analysis for Beginners,This mentorship focuses on Data Analysis with practical applications.,Available,,freshman,Mid,8,2025-08-22 00:00:00,0,140,2,11,4
695,Mobile Development for Real Projects,This mentorship focuses on Mobile Development with practical applications.,Available,,graduate,Mid,4,2025-05-19 00:00:00,0,648,1,4,4
1924,Introduction to Mobile Development,This mentorship focuses on Mobile Development with practical applications.,Available,,freshman,Junior,7,2025-10-07 00:00:00,0,515,1,4,4
239,System Design for Real Projects,This mentorship focuses on System Design with practical applications.,Available,,junior,Junior,3,2025-06-03 00:00:00,0,883,1,6,4
2575,Mastering Machine Learning,This mentorship focuses on Machine Learning with practical applications.,Available,,freshman,Mid,10,2025-09-06 00:00:00,0,163,2,7,5
568,Introduction to System Design,This mentorship focuses on System Design with practical applications.,Available,,senior,Mid,5,2024-11-19 00:00:00,0,31,1,6,3
124,DevOps & Cloud for Real Projects,This mentorship focuses on DevOps & Cloud with practical applications.,Available,,freshman,Mid,5,2025-10-14 00:00:00,0,14,1,5,3
3069,Hands-on Mobile Development Training,This mentorship focuses on Mobile Development with practical applications.,Available,,junior,Mid,3,2025-08-31 00:00:00,0,1112,1,4,5
263,Mastering Data Science,This mentorship focuses on Data Science with practical applications.,Available,,graduate,Senior,6,2025-10-08 00:00:00,0,235,2,12,4
887,Computer Vision for Beginners,This mentorship focuses on Computer Vision with practical applications.,Available,,junior,Beginner,3,2025-07-20 00:00:00,1,71,2,9,4
1392,Hands-on Motion Design Training,This mentorship focuses on Motion Design with practical applications.,Available,,junior,Junior,5,2025-03-29 00:00:00,0,736,3,17,2
2315,Data Science for Real Projects,This mentorship focuses on Data Science with practical applications.,Available,,graduate,Senior,2,2025-07-29 00:00:00,0,748,2,12,3
1935,Mastering Branding,This mentorship focuses on Branding with practical applications.,Available,,freshman,Mid,3,2025-06-15 00:00:00,0,84,3,18,3
1331,Hands-on DevOps & Cloud Training,This mentorship focuses on DevOps & Cloud with practical applications.,Available,,junior,Senior,3,2024-09-27 00:00:00,0,545,1,5,3
351,Introduction to DevOps & Cloud,This mentorship focuses on DevOps & Cloud with practical applications.,Available,,graduate,Beginner,3,2025-05-14 00:00:00,0,1015,1,5,4
2018,Computer Vision for Real Projects,This mentorship focuses on Computer Vision with practical applications.,Available,,junior,Mid,4,2025-06-29 00:00:00,0,786,2,9,5
2738,Hands-on Machine Learning Training,This mentorship focuses on Machine Learning with practical applications.,Available,,junior,Mid,10,2025-07-25 00:00:00,0,264,2,7,4
2029,Mastering Data Analysis,This mentorship focuses on Data Analysis with practical applications.,Available,,senior,Beginner,10,2025-04-27 00:00:00,0,191,2,11,5
703,Mastering Project Management,This mentorship focuses on Project Management with practical applications.,Available,,freshman,Junior,5,2024-03-11 00:00:00,0,327,4,21,5
450,Hands-on UI/UX Design Training,This mentorship focuses on UI/UX Design with practical applications.,Available,,freshman,Beginner,10,2025-05-21 00:00:00,0,102,3,14,4
471,Hands-on Project Management Training,This mentorship focuses on Project Management with practical applications.,Available,,sophomore,Junior,8,2025-03-12 00:00:00,0,27,4,21,4
105,Introduction to Full Stack Development,This mentorship focuses on Full Stack Development with practical applications.,Available,,freshman,Senior,3,2025-02-12 00:00:00,0,53,1,3,3
197,Computer Vision for Beginners,This mentorship focuses on Computer Vision with practical applications.,Available,,freshman,Beginner,13,2025-06-28 00:00:00,1,1093,2,9,3
644,Introduction to Product Design,This mentorship focuses on Product Design with practical applications.,Available,,senior,Mid,7,2025-02-19 00:00:00,0,807,3,15,5
859,Backend Development for Real Projects,This mentorship focuses on Backend Development with practical applications.,Available,,graduate,Beginner,2,2024-12-20 00:00:00,0,1492,1,1,5
354,Introduction to Data Science,This mentorship focuses on Data Science with practical applications.,Available,,junior,Beginner,9,2024-05-28 00:00:00,0,946,2,12,5
1014,Computer Vision for Real Projects,This mentorship focuses on Computer Vision with practical applications.,Available,,freshman,Beginner,1,2024-11-10 00:00:00,0,67,2,9,2
161,Product Design for Beginners,This mentorship focuses on Product Design with practical applications.,Available,,senior,Beginner,4,2025-09-01 00:00:00,0,113,3,15,3
812,DevOps & Cloud for Real Projects,This mentorship focuses on DevOps & Cloud with practical applications.,Available,,graduate,Senior,4,2025-10-16 00:00:00,0,984,1,5,3
2588,Mastering DevOps & Cloud,This mentorship focuses on DevOps & Cloud with practical applications.,Available,,sophomore,Junior,9,2025-05-27 00:00:00,0,567,1,5,4
2172,Hands-on Product Management Training,This mentorship focuses on Product Management with practical applications.,Available,,graduate,Beginner,4,2025-09-23 00:00:00,0,1095,4,19,4
1659,Introduction to Backend Development,This mentorship focuses on Backend Development with practical applications.,Available,,senior,Senior,3,2025-07-29 00:00:00,0,1382,1,1,4
2503,Data Engineering for Real Projects,This mentorship focuses on Data Engineering with practical applications.,Available,,junior,Beginner,8,2025-09-25 00:00:00,0,260,2,13,3
2356,Product Management for Real Projects,This mentorship focuses on Product Management with practical applications.,Available,,freshman,Senior,4,2025-09-21 00:00:00,0,334,4,19,5
2448,DevOps & Cloud for Real Projects,This mentorship focuses on DevOps & Cloud with practical applications.,Available,,graduate,Junior,2,2025-04-10 00:00:00,0,245,1,5,5
200,Hands-on Project Management Training,This mentorship focuses on Project Management with practical applications.,Available,,senior,Mid,2,2025-02-05 00:00:00,0,1014,4,21,4
2664,DevOps & Cloud for Beginners,This mentorship focuses on DevOps & Cloud with practical applications.,Available,,freshman,Junior,7,2025-03-08 00:00:00,0,811,1,5,5
1912,DevOps & Cloud for Real Projects,This mentorship focuses on DevOps & Cloud with practical applications.,Available,,graduate,Junior,10,2024-09-04 00:00:00,0,1228,1,5,4
1393,Hands-on Motion Design Training,This mentorship focuses on Motion Design with practical applications.,Available,,freshman,Beginner,4,2025-07-25 00:00:00,0,736,3,17,2
1383,Full Stack Development for Real Projects,This mentorship focuses on Full Stack Development with practical applications.,Available,,graduate,Beginner,3,2025-10-10 00:00:00,0,1384,1,3,4
1599,Introduction to Branding,This mentorship focuses on Branding with practical applications.,Available,,freshman,Senior,10,2025-09-06 00:00:00,0,328,3,18,2
788,Introduction to Motion Design,This mentorship focuses on Motion Design with practical applications.,Available,,graduate,Senior,6,2024-02-28 00:00:00,0,1324,3,17,5
101,UI/UX Design for Beginners,This mentorship focuses on UI/UX Design with practical applications.,Available,,freshman,Beginner,5,2025-06-25 00:00:00,0,23,3,14,3
888,Data Science for Real Projects,This mentorship focuses on Data Science with practical applications.,Available,,freshman,Mid,9,2025-02-15 00:00:00,0,262,2,12,3
1641,Mastering Machine Learning,This mentorship focuses on Machine Learning with practical applications.,Available,,junior,Junior,6,2025-02-26 00:00:00,0,684,2,7,3
462,Mastering Branding,This mentorship focuses on Branding with practical applications.,Available,,sophomore,Beginner,8,2025-06-24 00:00:00,1,734,3,18,5
1631,Hands-on Full Stack Development Training,This mentorship focuses on Full Stack Development with practical applications.,Available,,junior,Beginner,7,2025-03-08 00:00:00,0,97,1,3,5
3007,Product Design for Beginners,This mentorship focuses on Product Design with practical applications.,Available,,sophomore,Junior,7,2025-08-13 00:00:00,0,169,3,15,5
1954,Mastering Computer Vision,This mentorship focuses on Computer Vision with practical applications.,Available,,sophomore,Mid,3,2025-08-28 00:00:00,0,287,2,9,5
844,Machine Learning for Beginners,This mentorship focuses on Machine Learning with practical applications.,Available,,sophomore,Beginner,10,2025-08-10 00:00:00,0,1234,2,7,5
939,Product Management for Beginners,This mentorship focuses on Product Management with practical applications.,Available,,sophomore,Senior,9,2025-02-25 00:00:00,0,1005,4,19,2
2188,Mastering Machine Learning,This mentorship focuses on Machine Learning with practical applications.,Available,,junior,Mid,6,2025-02-04 00:00:00,0,859,2,7,4
1302,Mobile Development for Real Projects,This mentorship focuses on Mobile Development with practical applications.,Available,,senior,Senior,2,2025-04-16 00:00:00,0,938,1,4,4
2681,Introduction to Deep Learning,This mentorship focuses on Deep Learning with practical applications.,Available,,freshman,Junior,9,2024-11-20 00:00:00,0,712,2,8,1
587,DevOps & Cloud for Beginners,This mentorship focuses on DevOps & Cloud with practical applications.,Available,,sophomore,Senior,8,2025-07-23 00:00:00,0,1165,1,5,4
1232,DevOps & Cloud for Beginners,This mentorship focuses on DevOps & Cloud with practical applications.,Available,,graduate,Senior,2,2025-01-20 00:00:00,0,1060,1,5,5
3097,DevOps & Cloud for Beginners,This mentorship focuses on DevOps & Cloud with practical applications.,Available,,sophomore,Senior,6,2025-09-05 00:00:00,0,1192,1,5,2
2249,Mastering Product Management,This mentorship focuses on Product Management with practical applications.,Available,,freshman,Junior,2,2025-10-15 00:00:00,0,271,4,19,4
1151,Introduction to Mobile Development,This mentorship focuses on Mobile Development with practical applications.,Available,,freshman,Mid,5,2025-05-06 00:00:00,0,1291,1,4,4
24,Hands-on Natural Language Processing Training,This mentorship focuses on Natural Language Processing with practical applications.,Available,,graduate,Beginner,4,2025-05-17 00:00:00,0,749,2,10,2
2687,Mobile Development for Real Projects,This mentorship focuses on Mobile Development with practical applications.,Available,,junior,Beginner,6,2024-03-05 00:00:00,0,1424,1,4,4
182,Hands-on Deep Learning Training,This mentorship focuses on Deep Learning with practical applications.,Available,,graduate,Junior,9,2025-05-25 00:00:00,0,387,2,8,2
1270,Mastering DevOps & Cloud,This mentorship focuses on DevOps & Cloud with practical applications.,Available,,junior,Mid,9,2025-09-14 00:00:00,0,841,1,5,3
1667,Computer Vision for Beginners,This mentorship focuses on Computer Vision with practical applications.,Available,,junior,Senior,10,2025-08-26 00:00:00,0,1456,2,9,4
2891,Introduction to DevOps & Cloud,This mentorship focuses on DevOps & Cloud with practical applications.,Available,,junior,Junior,7,2025-07-13 00:00:00,0,1273,1,5,3
2607,Mastering Frontend Development,This mentorship focuses on Frontend Development with practical applications.,Available,,sophomore,Beginner,4,2025-05-29 00:00:00,0,652,1,2,4
330,Mastering Full Stack Development,This mentorship focuses on Full Stack Development with practical applications.,Available,,graduate,Beginner,9,2025-10-07 00:00:00,0,451,1,3,5
314,Frontend Development for Beginners,This mentorship focuses on Frontend Development with practical applications.,Available,,senior,Beginner,2,2025-04-07 00:00:00,0,196,1,2,3
118,Introduction to Career Coaching,This mentorship focuses on Career Coaching with practical applications.,Available,,sophomore,Junior,4,2025-05-27 00:00:00,0,207,4,22,5
2688,Hands-on Mobile Development Training,This mentorship focuses on Mobile Development with practical applications.,Available,,junior,Mid,5,2024-05-15 00:00:00,0,1424,1,4,4
2549,DevOps & Cloud for Real Projects,This mentorship focuses on DevOps & Cloud with practical applications.,Available,,sophomore,Junior,2,2024-11-10 00:00:00,0,1127,1,5,5
2982,Mastering Data Engineering,This mentorship focuses on Data Engineering with practical applications.,Available,,graduate,Beginner,6,2024-12-08 00:00:00,0,1331,2,13,3
2908,Mastering Data Science,This mentorship focuses on Data Science with practical applications.,Available,,graduate,Mid,6,2024-03-12 00:00:00,0,1072,2,12,4
1031,Full Stack Development for Beginners,This mentorship focuses on Full Stack Development with practical applications.,Available,,junior,Mid,7,2025-05-27 00:00:00,0,258,1,3,3
3000,Mastering Branding,This mentorship focuses on Branding with practical applications.,Available,,sophomore,Mid,4,2025-09-20 00:00:00,0,1237,3,18,4
2259,Introduction to Data Engineering,This mentorship focuses on Data Engineering with practical applications.,Available,,junior,Junior,2,2025-08-01 00:00:00,0,1248,2,13,4
1386,Mobile Development for Beginners,This mentorship focuses on Mobile Development with practical applications.,Available,,freshman,Beginner,1,2025-10-15 00:00:00,0,62,1,4,2
2308,Introduction to Motion Design,This mentorship focuses on Motion Design with practical applications.,Available,,graduate,Mid,10,2025-08-14 00:00:00,0,483,3,17,3
1995,Mastering DevOps & Cloud,This mentorship focuses on DevOps & Cloud with practical applications.,Available,,freshman,Junior,6,2025-08-22 00:00:00,0,19,1,5,3
942,Data Analysis for Beginners,This mentorship focuses on Data Analysis with practical applications.,Available,,graduate,Mid,7,2025-10-12 00:00:00,0,392,2,11,4
1953,Deep Learning for Beginners,This mentorship focuses on Deep Learning with practical applications.,Available,,senior,Junior,7,2025-07-14 00:00:00,0,287,2,8,5
1398,Hands-on Frontend Development Training,This mentorship focuses on Frontend Development with practical applications.,Available,,graduate,Senior,1,2024-03-21 00:00:00,0,1282,1,2,2
2502,Introduction to Data Analysis,This mentorship focuses on Data Analysis with practical applications.,Available,,graduate,Mid,10,2025-08-23 00:00:00,0,260,2,11,3
1452,Introduction to Frontend Development,This mentorship focuses on Frontend Development with practical applications.,Available,,senior,Mid,6,2024-12-25 00:00:00,0,933,1,2,3
355,Mastering Data Science,This mentorship focuses on Data Science with practical applications.,Available,,senior,Junior,3,2024-07-06 00:00:00,0,946,2,12,5
500,Mastering Machine Learning,This mentorship focuses on Machine Learning with practical applications.,Available,,graduate,Junior,5,2025-10-05 00:00:00,0,549,2,7,3
396,Frontend Development for Real Projects,This mentorship focuses on Frontend Development with practical applications.,Available,,sophomore,Beginner,2,2025-04-21 00:00:00,0,1336,1,2,3
2240,DevOps & Cloud for Real Projects,This mentorship focuses on DevOps & Cloud with practical applications.,Available,,senior,Senior,5,2025-07-10 00:00:00,0,544,1,5,2
411,Mastering Data Engineering,This mentorship focuses on Data Engineering with practical applications.,Available,,sophomore,Junior,10,2025-01-28 00:00:00,0,435,2,13,4
1402,Introduction to Backend Development,This mentorship focuses on Backend Development with practical applications.,Available,,sophomore,Senior,1,2025-05-05 00:00:00,0,917,1,1,4
2747,Graphic Design for Beginners,This mentorship focuses on Graphic Design with practical applications.,Available,,senior,Junior,9,2025-06-22 00:00:00,0,1390,3,16,3
1535,Hands-on Full Stack Development Training,This mentorship focuses on Full Stack Development with practical applications.,Available,,senior,Senior,3,2025-08-09 00:00:00,0,756,1,3,4
1821,Graphic Design for Real Projects,This mentorship focuses on Graphic Design with practical applications.,Available,,freshman,Senior,3,2025-05-11 00:00:00,0,273,3,16,5
1678,Introduction to UI/UX Design,This mentorship focuses on UI/UX Design with practical applications.,Available,,graduate,Mid,9,2025-09-11 00:00:00,0,364,3,14,3
1559,Hands-on Deep Learning Training,This mentorship focuses on Deep Learning with practical applications.,Available,,senior,Beginner,4,2025-04-03 00:00:00,0,1270,2,8,4
2810,Hands-on Career Coaching Training,This mentorship focuses on Career Coaching with practical applications.,Available,,graduate,Senior,4,2025-05-28 00:00:00,0,1402,4,22,5
1397,Hands-on Machine Learning Training,This mentorship focuses on Machine Learning with practical applications.,Available,,freshman,Junior,4,2025-10-14 00:00:00,1,918,2,7,4
2617,Frontend Development for Beginners,This mentorship focuses on Frontend Development with practical applications.,Available,,junior,Junior,3,2025-02-24 00:00:00,0,29,1,2,3
584,Mastering UI/UX Design,This mentorship focuses on UI/UX Design with practical applications.,Available,,sophomore,Mid,5,2025-08-19 00:00:00,0,413,3,14,3
287,Mastering Computer Vision,This mentorship focuses on Computer Vision with practical applications.,Available,,freshman,Senior,6,2024-08-07 00:00:00,0,482,2,9,2
2462,Introduction to Computer Vision,This mentorship focuses on Computer Vision with practical applications.,Available,,junior,Mid,10,2025-07-03 00:00:00,0,818,2,9,1
454,Graphic Design for Real Projects,This mentorship focuses on Graphic Design with practical applications.,Available,,freshman,Beginner,10,2025-09-13 00:00:00,0,913,3,16,3
29,Hands-on Graphic Design Training,This mentorship focuses on Graphic Design with practical applications.,Available,,graduate,Senior,6,2025-09-23 00:00:00,0,1016,3,16,5
857,Hands-on Mobile Development Training,This mentorship focuses on Mobile Development with practical applications.,Available,,junior,Mid,5,2025-10-12 00:00:00,0,1337,1,4,4
221,Hands-on Natural Language Processing Training,This mentorship focuses on Natural Language Processing with practical applications.,Available,,freshman,Junior,8,2024-03-27 00:00:00,0,414,2,10,3
1960,Entrepreneurship for Real Projects,This mentorship focuses on Entrepreneurship with practical applications.,Available,,freshman,Beginner,8,2025-07-02 00:00:00,0,1129,4,23,2
159,Machine Learning for Real Projects,This mentorship focuses on Machine Learning with practical applications.,Available,,junior,Beginner,9,2025-10-03 00:00:00,0,311,2,7,4
30,Introduction to Deep Learning,This mentorship focuses on Deep Learning with practical applications.,Available,,sophomore,Senior,1,2025-06-02 00:00:00,0,28,2,8,3
1634,Hands-on DevOps & Cloud Training,This mentorship focuses on DevOps & Cloud with practical applications.,Available,,senior,Senior,3,2025-10-08 00:00:00,0,97,1,5,5
2807,Introduction to Business Analysis,This mentorship focuses on Business Analysis with practical applications.,Available,,graduate,Senior,5,2025-03-17 00:00:00,0,1402,4,20,5
1873,Product Management for Beginners,This mentorship focuses on Product Management with practical applications.,Available,,senior,Senior,9,2025-05-20 00:00:00,0,873,4,19,4
1878,Full Stack Development for Beginners,This mentorship focuses on Full Stack Development with practical applications.,Available,,junior,Mid,3,2024-08-14 00:00:00,0,657,1,3,4
2400,Hands-on DevOps & Cloud Training,This mentorship focuses on DevOps & Cloud with practical applications.,Available,,junior,Junior,6,2024-01-15 00:00:00,0,646,1,5,5
2347,Motion Design for Real Projects,This mentorship focuses on Motion Design with practical applications.,Available,,sophomore,Senior,10,2025-09-08 00:00:00,0,970,3,17,4
1499,Mastering Entrepreneurship,This mentorship focuses on Entrepreneurship with practical applications.,Available,,graduate,Junior,6,2025-03-13 00:00:00,0,377,4,23,2
2941,Hands-on Computer Vision Training,This mentorship focuses on Computer Vision with practical applications.,Available,,graduate,Senior,2,2025-08-22 00:00:00,0,299,2,9,4
1709,Full Stack Development for Beginners,This mentorship focuses on Full Stack Development with practical applications.,Available,,sophomore,Beginner,7,2025-04-08 00:00:00,0,1203,1,3,3
36,Full Stack Development for Beginners,This mentorship focuses on Full Stack Development with practical applications.,Available,,graduate,Senior,8,2024-01-06 00:00:00,0,479,1,3,3
143,Mastering Data Analysis,This mentorship focuses on Data Analysis with practical applications.,Available,,senior,Beginner,8,2025-08-08 00:00:00,0,1478,2,11,4
116,Introduction to DevOps & Cloud,This mentorship focuses on DevOps & Cloud with practical applications.,Available,,graduate,Senior,6,2025-09-12 00:00:00,0,1043,1,5,3
2969,Data Science for Real Projects,This mentorship focuses on Data Science with practical applications.,Available,,sophomore,Mid,8,2025-09-19 00:00:00,0,800,2,12,4
441,Mastering System Design,This mentorship focuses on System Design with practical applications.,Available,,junior,Mid,7,2025-01-31 00:00:00,0,912,1,6,3
2457,Introduction to Career Coaching,This mentorship focuses on Career Coaching with practical applications.,Available,,freshman,Beginner,9,2025-01-18 00:00:00,0,596,4,22,3
1048,Hands-on Machine Learning Training,This mentorship focuses on Machine Learning with practical applications.,Available,,graduate,Junior,6,2025-02-24 00:00:00,0,1205,2,7,2
2937,DevOps & Cloud for Beginners,This mentorship focuses on DevOps & Cloud with practical applications.,Available,,freshman,Beginner,5,2025-09-13 00:00:00,0,1159,1,5,4
2311,Hands-on Graphic Design Training,This mentorship focuses on Graphic Design with practical applications.,Available,,sophomore,Beginner,6,2025-07-15 00:00:00,0,958,3,16,3
2336,Introduction to Natural Language Processing,This mentorship focuses on Natural Language Processing with practical applications.,Available,,junior,Beginner,10,2024-11-09 00:00:00,0,949,2,10,4
1726,Hands-on Frontend Development Training,This mentorship focuses on Frontend Development with practical applications.,Available,,graduate,Mid,6,2025-10-13 00:00:00,0,466,1,2,5
1152,Mastering Mobile Development,This mentorship focuses on Mobile Development with practical applications.,Available,,freshman,Beginner,6,2025-07-10 00:00:00,0,1291,1,4,4
2231,Deep Learning for Beginners,This mentorship focuses on Deep Learning with practical applications.,Available,,freshman,Senior,4,2024-04-10 00:00:00,0,1243,2,8,1
2276,Mastering System Design,This mentorship focuses on System Design with practical applications.,Available,,freshman,Mid,5,2024-11-02 00:00:00,0,268,1,6,2
689,Mastering Full Stack Development,This mentorship focuses on Full Stack Development with practical applications.,Available,,junior,Senior,9,2024-09-08 00:00:00,0,670,1,3,4
2153,Hands-on Mobile Development Training,This mentorship focuses on Mobile Development with practical applications.,Available,,junior,Beginner,9,2025-02-10 00:00:00,0,1063,1,4,4
2820,DevOps & Cloud for Real Projects,This mentorship focuses on DevOps & Cloud with practical applications.,Available,,freshman,Mid,8,2024-06-24 00:00:00,0,490,1,5,5
2561,Mobile Development for Real Projects,This mentorship focuses on Mobile Development with practical applications.,Available,,sophomore,Junior,5,2025-08-19 00:00:00,0,319,1,4,3
676,Hands-on Computer Vision Training,This mentorship focuses on Computer Vision with practical applications.,Available,,freshman,Junior,7,2025-10-14 00:00:00,0,4,2,9,1
1522,Backend Development for Real Projects,This mentorship focuses on Backend Development with practical applications.,Available,,senior,Mid,6,2025-09-21 00:00:00,0,924,1,1,2
946,Mastering Machine Learning,This mentorship focuses on Machine Learning with practical applications.,Available,,sophomore,Mid,2,2025-05-08 00:00:00,0,1463,2,7,3
2392,Branding for Beginners,This mentorship focuses on Branding with practical applications.,Available,,senior,Junior,5,2025-06-14 00:00:00,0,624,3,18,3
2640,Introduction to Frontend Development,This mentorship focuses on Frontend Development with practical applications.,Available,,freshman,Junior,2,2025-02-25 00:00:00,0,941,1,2,5
1210,Hands-on Branding Training,This mentorship focuses on Branding with practical applications.,Available,,junior,Mid,8,2025-05-08 00:00:00,0,746,3,18,3
480,Introduction to Machine Learning,This mentorship focuses on Machine Learning with practical applications.,Available,,senior,Senior,4,2025-08-11 00:00:00,0,302,2,7,4
1360,Product Design for Beginners,This mentorship focuses on Product Design with practical applications.,Available,,graduate,Mid,6,2025-05-28 00:00:00,0,794,3,15,3
534,Introduction to Frontend Development,This mentorship focuses on Frontend Development with practical applications.,Available,,senior,Junior,8,2024-09-22 00:00:00,0,553,1,2,5
2772,Hands-on Data Science Training,This mentorship focuses on Data Science with practical applications.,Available,,senior,Beginner,4,2025-09-25 00:00:00,0,443,2,12,3
350,Mobile Development for Real Projects,This mentorship focuses on Mobile Development with practical applications.,Available,,graduate,Beginner,3,2025-04-08 00:00:00,0,1015,1,4,4
679,DevOps & Cloud for Real Projects,This mentorship focuses on DevOps & Cloud with practical applications.,Available,,senior,Senior,10,2024-12-19 00:00:00,0,1426,1,5,4
62,Backend Development for Real Projects,This mentorship focuses on Backend Development with practical applications.,Available,,senior,Junior,8,2025-07-07 00:00:00,0,1225,1,1,5
2855,System Design for Real Projects,This mentorship focuses on System Design with practical applications.,Available,,graduate,Junior,6,2024-06-27 00:00:00,0,370,1,6,5
2676,Hands-on Frontend Development Training,This mentorship focuses on Frontend Development with practical applications.,Available,,sophomore,Beginner,5,2025-06-03 00:00:00,0,1076,1,2,3
798,Mastering Mobile Development,This mentorship focuses on Mobile Development with practical applications.,Available,,junior,Beginner,4,2025-08-30 00:00:00,0,362,1,4,4
1958,Entrepreneurship for Beginners,This mentorship focuses on Entrepreneurship with practical applications.,Available,,junior,Mid,10,2025-09-30 00:00:00,0,1245,4,23,3
1976,Product Design for Beginners,This mentorship focuses on Product Design with practical applications.,Available,,junior,Junior,2,2025-02-25 00:00:00,0,313,3,15,3
2880,Mastering Motion Design,This mentorship focuses on Motion Design with practical applications.,Available,,sophomore,Mid,7,2025-04-27 00:00:00,0,529,3,17,4
1394,Mastering Data Analysis,This mentorship focuses on Data Analysis with practical applications.,Available,,graduate,Mid,10,2024-04-16 00:00:00,0,918,2,11,4
1616,Motion Design for Real Projects,This mentorship focuses on Motion Design with practical applications.,Available,,senior,Beginner,1,2025-01-30 00:00:00,0,248,3,17,3
2946,Mastering Full Stack Development,This mentorship focuses on Full Stack Development with practical applications.,Available,,sophomore,Beginner,8,2025-06-27 00:00:00,0,326,1,3,4
2529,Introduction to UI/UX Design,This mentorship focuses on UI/UX Design with practical applications.,Available,,freshman,Beginner,7,2025-09-15 00:00:00,0,960,3,14,4
163,UI/UX Design for Real Projects,This mentorship focuses on UI/UX Design with practical applications.,Available,,graduate,Senior,3,2025-10-07 00:00:00,0,113,3,14,3
129,Introduction to Business Analysis,This mentorship focuses on Business Analysis with practical applications.,Available,,junior,Mid,4,2025-07-31 00:00:00,0,1436,4,20,5
935,Hands-on Entrepreneurship Training,This mentorship focuses on Entrepreneurship with practical applications.,Available,,graduate,Mid,8,2025-01-06 00:00:00,0,464,4,23,3
2182,Introduction to Frontend Development,This mentorship focuses on Frontend Development with practical applications.,Available,,senior,Beginner,10,2025-08-14 00:00:00,0,251,1,2,4
383,Introduction to Business Analysis,This mentorship focuses on Business Analysis with practical applications.,Available,,senior,Mid,8,2025-07-13 00:00:00,0,848,4,20,4
1067,Hands-on Natural Language Processing Training,This mentorship focuses on Natural Language Processing with practical applications.,Available,,freshman,Beginner,8,2025-07-13 00:00:00,0,1061,2,10,3
2466,Hands-on Frontend Development Training,This mentorship focuses on Frontend Development with practical applications.,Available,,freshman,Junior,2,2024-08-24 00:00:00,0,1031,1,2,1
1438,System Design for Real Projects,This mentorship focuses on System Design with practical applications.,Available,,graduate,Junior,3,2025-08-12 00:00:00,0,974,1,6,1
2075,Branding for Beginners,This mentorship focuses on Branding with practical applications.,Available,,graduate,Junior,10,2025-10-12 00:00:00,0,548,3,18,4
2905,Introduction to Motion Design,This mentorship focuses on Motion Design with practical applications.,Available,,graduate,Beginner,2,2025-05-05 00:00:00,0,964,3,17,3
2555,Mastering Data Analysis,This mentorship focuses on Data Analysis with practical applications.,Available,,freshman,Mid,6,2025-03-28 00:00:00,0,1153,2,11,4
1693,Full Stack Development for Real Projects,This mentorship focuses on Full Stack Development with practical applications.,Available,,freshman,Junior,5,2025-06-17 00:00:00,0,199,1,3,5
1706,DevOps & Cloud for Real Projects,This mentorship focuses on DevOps & Cloud with practical applications.,Available,,junior,Mid,5,2025-07-12 00:00:00,0,967,1,5,3
407,UI/UX Design for Real Projects,This mentorship focuses on UI/UX Design with practical applications.,Available,,graduate,Beginner,4,2025-02-01 00:00:00,0,638,3,14,3
1021,Backend Development for Real Projects,This mentorship focuses on Backend Development with practical applications.,Available,,sophomore,Beginner,3,2025-07-23 00:00:00,0,77,1,1,3
3049,Mastering Backend Development,This mentorship focuses on Backend Development with practical applications.,Available,,freshman,Beginner,2,2025-02-18 00:00:00,0,982,1,1,5
2124,Graphic Design for Beginners,This mentorship focuses on Graphic Design with practical applications.,Available,,freshman,Junior,6,2024-09-12 00:00:00,0,1134,3,16,2
465,Mastering Branding,This mentorship focuses on Branding with practical applications.,Available,,sophomore,Mid,5,2025-09-20 00:00:00,0,734,3,18,5
628,Introduction to Graphic Design,This mentorship focuses on Graphic Design with practical applications.,Available,,graduate,Junior,7,2025-08-29 00:00:00,0,58,3,16,5
75,Introduction to DevOps & Cloud,This mentorship focuses on DevOps & Cloud with practical applications.,Available,,junior,Beginner,10,2025-09-26 00:00:00,0,210,1,5,2
2241,System Design for Beginners,This mentorship focuses on System Design with practical applications.,Available,,senior,Beginner,6,2025-04-19 00:00:00,0,468,1,6,4
1862,Data Analysis for Beginners,This mentorship focuses on Data Analysis with practical applications.,Available,,senior,Beginner,3,2025-10-05 00:00:00,0,845,2,11,5
2769,Hands-on Entrepreneurship Training,This mentorship focuses on Entrepreneurship with practical applications.,Available,,freshman,Beginner,6,2024-09-15 00:00:00,1,79,4,23,2
654,Introduction to Frontend Development,This mentorship focuses on Frontend Development with practical applications.,Available,,junior,Beginner,2,2025-08-26 00:00:00,0,1032,1,2,4
85,Mastering Graphic Design,This mentorship focuses on Graphic Design with practical applications.,Available,,graduate,Mid,10,2025-01-21 00:00:00,0,243,3,16,5
357,Computer Vision for Beginners,This mentorship focuses on Computer Vision with practical applications.,Available,,junior,Senior,5,2024-02-22 00:00:00,0,1442,2,9,2
3107,Mastering Full Stack Development,This mentorship focuses on Full Stack Development with practical applications.,Available,,freshman,Mid,9,2025-09-30 00:00:00,0,123,1,3,5
23,Deep Learning for Real Projects,This mentorship focuses on Deep Learning with practical applications.,Available,,freshman,Beginner,6,2025-01-18 00:00:00,0,749,2,8,2
725,Hands-on Backend Development Training,This mentorship focuses on Backend Development with practical applications.,Available,,graduate,Junior,8,2024-09-02 00:00:00,0,222,1,1,2
1820,Graphic Design for Real Projects,This mentorship focuses on Graphic Design with practical applications.,Available,,freshman,Junior,9,2024-11-28 00:00:00,0,273,3,16,5
1880,Hands-on Mobile Development Training,This mentorship focuses on Mobile Development with practical applications.,Available,,sophomore,Senior,6,2024-11-28 00:00:00,0,657,1,4,4
2476,Branding for Beginners,This mentorship focuses on Branding with practical applications.,Available,,senior,Mid,7,2025-01-12 00:00:00,0,1372,3,18,5
838,Frontend Development for Beginners,This mentorship focuses on Frontend Development with practical applications.,Available,,graduate,Beginner,3,2024-03-02 00:00:00,0,862,1,2,5
1447,Mastering Backend Development,This mentorship focuses on Backend Development with practical applications.,Available,,sophomore,Mid,6,2025-03-10 00:00:00,0,249,1,1,3
2968,Computer Vision for Real Projects,This mentorship focuses on Computer Vision with practical applications.,Available,,junior,Senior,3,2025-09-16 00:00:00,0,800,2,9,4
895,Mastering DevOps & Cloud,This mentorship focuses on DevOps & Cloud with practical applications.,Available,,junior,Mid,7,2025-10-17 00:00:00,0,897,1,5,5
1810,Branding for Beginners,This mentorship focuses on Branding with practical applications.,Available,,senior,Senior,7,2024-05-28 00:00:00,0,1011,3,18,2
2463,Hands-on UI/UX Design Training,This mentorship focuses on UI/UX Design with practical applications.,Available,,freshman,Senior,7,2024-10-06 00:00:00,0,631,3,14,3
115,DevOps & Cloud for Beginners,This mentorship focuses on DevOps & Cloud with practical applications.,Available,,sophomore,Junior,9,2024-05-29 00:00:00,0,1043,1,5,3
2960,DevOps & Cloud for Beginners,This mentorship focuses on DevOps & Cloud with practical applications.,Available,,freshman,Senior,3,2025-03-18 00:00:00,0,22,1,5,4
1916,Mastering Career Coaching,This mentorship focuses on Career Coaching with practical applications.,Available,,senior,Junior,6,2024-12-18 00:00:00,0,797,4,22,4
1680,Introduction to DevOps & Cloud,This mentorship focuses on DevOps & Cloud with practical applications.,Available,,junior,Mid,2,2025-08-22 00:00:00,0,471,1,5,4
2619,Hands-on Frontend Development Training,This mentorship focuses on Frontend Development with practical applications.,Available,,sophomore,Junior,7,2025-08-04 00:00:00,0,29,1,2,3
903,Mastering Motion Design,This mentorship focuses on Motion Design with practical applications.,Available,,graduate,Senior,3,2024-11-12 00:00:00,0,829,3,17,4
1998,Introduction to Data Science,This mentorship focuses on Data Science with practical applications.,Available,,junior,Junior,3,2025-04-28 00:00:00,0,296,2,12,3
2618,Frontend Development for Real Projects,This mentorship focuses on Frontend Development with practical applications.,Available,,graduate,Mid,6,2025-03-27 00:00:00,0,29,1,2,3
1655,Mastering Computer Vision,This mentorship focuses on Computer Vision with practical applications.,Available,,sophomore,Junior,10,2024-06-15 00:00:00,0,1479,2,9,2
2987,Hands-on Data Science Training,This mentorship focuses on Data Science with practical applications.,Available,,senior,Beginner,4,2024-03-22 00:00:00,0,1307,2,12,4
2042,Hands-on Data Analysis Training,This mentorship focuses on Data Analysis with practical applications.,Available,,graduate,Beginner,9,2025-08-07 00:00:00,0,600,2,11,4
1159,Introduction to Full Stack Development,This mentorship focuses on Full Stack Development with practical applications.,Available,,senior,Mid,6,2024-07-26 00:00:00,0,203,1,3,5
1502,Introduction to Frontend Development,This mentorship focuses on Frontend Development with practical applications.,Available,,freshman,Senior,8,2025-02-24 00:00:00,0,1155,1,2,5
840,Mastering Frontend Development,This mentorship focuses on Frontend Development with practical applications.,Available,,senior,Beginner,10,2025-08-18 00:00:00,0,862,1,2,5
3184,Backend Development for Real Projects,This mentorship focuses on Backend Development with practical applications.,Available,,senior,Mid,7,2025-05-04 00:00:00,0,587,1,1,4
2587,DevOps & Cloud for Beginners,This mentorship focuses on DevOps & Cloud with practical applications.,Available,,sophomore,Mid,5,2024-11-17 00:00:00,0,567,1,5,4
1160,Introduction to Frontend Development,This mentorship focuses on Frontend Development with practical applications.,Available,,freshman,Junior,9,2024-10-29 00:00:00,0,203,1,2,5
1629,Frontend Development for Beginners,This mentorship focuses on Frontend Development with practical applications.,Available,,sophomore,Senior,6,2025-05-15 00:00:00,0,1181,1,2,2
438,Mastering System Design,This mentorship focuses on System Design with practical applications.,Available,,freshman,Junior,7,2025-10-12 00:00:00,0,1041,1,6,3
734,Mastering Career Coaching,This mentorship focuses on Career Coaching with practical applications.,Available,,senior,Junior,5,2025-08-04 00:00:00,0,1040,4,22,3
524,System Design for Beginners,This mentorship focuses on System Design with practical applications.,Available,,sophomore,Beginner,2,2025-09-22 00:00:00,0,66,1,6,3
2621,Branding for Beginners,This mentorship focuses on Branding with practical applications.,Available,,sophomore,Junior,3,2025-08-21 00:00:00,1,963,3,18,3
1556,Mastering Product Design,This mentorship focuses on Product Design with practical applications.,Available,,sophomore,Mid,3,2025-08-31 00:00:00,0,1303,3,15,3
1494,Business Analysis for Beginners,This mentorship focuses on Business Analysis with practical applications.,Available,,graduate,Senior,4,2025-09-10 00:00:00,0,877,4,20,3
3108,Introduction to Mobile Development,This mentorship focuses on Mobile Development with practical applications.,Available,,freshman,Mid,5,2025-10-10 00:00:00,0,123,1,4,5
442,Introduction to Frontend Development,This mentorship focuses on Frontend Development with practical applications.,Available,,freshman,Junior,5,2025-04-17 00:00:00,0,912,1,2,3
1242,Backend Development for Beginners,This mentorship focuses on Backend Development with practical applications.,Available,,sophomore,Mid,5,2025-03-02 00:00:00,0,410,1,1,4
3121,Hands-on Backend Development Training,This mentorship focuses on Backend Development with practical applications.,Available,,junior,Junior,2,2025-10-06 00:00:00,0,164,1,1,1
27,Hands-on Product Design Training,This mentorship focuses on Product Design with practical applications.,Available,,senior,Senior,1,2024-11-19 00:00:00,0,1016,3,15,5
2791,Backend Development for Beginners,This mentorship focuses on Backend Development with practical applications.,Available,,sophomore,Junior,3,2025-02-16 00:00:00,0,855,1,1,3
2328,Introduction to DevOps & Cloud,This mentorship focuses on DevOps & Cloud with practical applications.,Available,,sophomore,Beginner,3,2025-07-07 00:00:00,0,555,1,5,2
694,Introduction to Full Stack Development,This mentorship focuses on Full Stack Development with practical applications.,Available,,junior,Senior,7,2025-04-17 00:00:00,0,648,1,3,4
1436,Introduction to Project Management,This mentorship focuses on Project Management with practical applications.,Available,,senior,Junior,7,2025-03-05 00:00:00,0,763,4,21,3
347,Mastering System Design,This mentorship focuses on System Design with practical applications.,Available,,sophomore,Beginner,9,2024-08-19 00:00:00,0,85,1,6,1
1463,Product Management for Real Projects,This mentorship focuses on Product Management with practical applications.,Available,,junior,Mid,10,2025-09-23 00:00:00,0,190,4,19,4
128,Hands-on Business Analysis Training,This mentorship focuses on Business Analysis with practical applications.,Available,,junior,Senior,2,2025-07-22 00:00:00,0,1436,4,20,5
2360,Data Engineering for Real Projects,This mentorship focuses on Data Engineering with practical applications.,Available,,junior,Junior,7,2025-08-27 00:00:00,0,1345,2,13,4
1261,Introduction to Data Engineering,This mentorship focuses on Data Engineering with practical applications.,Available,,junior,Mid,4,2025-06-15 00:00:00,0,951,2,13,5
1911,Mastering Backend Development,This mentorship focuses on Backend Development with practical applications.,Available,,senior,Mid,3,2025-06-22 00:00:00,0,1297,1,1,3
2054,Introduction to Full Stack Development,This mentorship focuses on Full Stack Development with practical applications.,Available,,freshman,Mid,3,2025-09-17 00:00:00,0,827,1,3,4
1588,Hands-on Full Stack Development Training,This mentorship focuses on Full Stack Development with practical applications.,Available,,senior,Mid,7,2025-01-31 00:00:00,0,718,1,3,5
3067,Hands-on Mobile Development Training,This mentorship focuses on Mobile Development with practical applications.,Available,,senior,Beginner,1,2025-05-06 00:00:00,0,1112,1,4,5
21,Introduction to Machine Learning,This mentorship focuses on Machine Learning with practical applications.,Available,,freshman,Mid,8,2025-02-15 00:00:00,0,39,2,7,3
1781,DevOps & Cloud for Real Projects,This mentorship focuses on DevOps & Cloud with practical applications.,Available,,senior,Senior,8,2025-06-14 00:00:00,0,948,1,5,5
2859,Introduction to Backend Development,This mentorship focuses on Backend Development with practical applications.,Available,,junior,Senior,7,2025-02-02 00:00:00,0,981,1,1,2
3199,Hands-on Product Design Training,This mentorship focuses on Product Design with practical applications.,Available,,senior,Mid,10,2025-05-03 00:00:00,0,1400,3,15,4
32,Mastering Deep Learning,This mentorship focuses on Deep Learning with practical applications.,Available,,graduate,Senior,5,2025-09-29 00:00:00,0,28,2,8,3
1254,Hands-on Data Analysis Training,This mentorship focuses on Data Analysis with practical applications.,Available,,senior,Beginner,1,2025-02-15 00:00:00,0,643,2,11,2
1154,UI/UX Design for Real Projects,This mentorship focuses on UI/UX Design with practical applications.,Available,,junior,Mid,3,2024-10-19 00:00:00,0,159,3,14,4
65,Mastering Computer Vision,This mentorship focuses on Computer Vision with practical applications.,Available,,senior,Senior,10,2025-02-21 00:00:00,0,1037,2,9,1
657,Frontend Development for Real Projects,This mentorship focuses on Frontend Development with practical applications.,Available,,graduate,Mid,1,2024-11-20 00:00:00,0,575,1,2,3
434,Hands-on Mobile Development Training,This mentorship focuses on Mobile Development with practical applications.,Available,,freshman,Senior,10,2025-05-24 00:00:00,0,147,1,4,5
1064,Deep Learning for Real Projects,This mentorship focuses on Deep Learning with practical applications.,Available,,graduate,Beginner,2,2025-04-07 00:00:00,1,231,2,8,3
2380,Mastering Backend Development,This mentorship focuses on Backend Development with practical applications.,Available,,junior,Senior,9,2025-09-29 00:00:00,0,1236,1,1,4
2353,Introduction to Data Science,This mentorship focuses on Data Science with practical applications.,Available,,freshman,Senior,1,2025-06-29 00:00:00,0,238,2,12,1
3140,Mobile Development for Real Projects,This mentorship focuses on Mobile Development with practical applications.,Available,,junior,Mid,3,2025-09-24 00:00:00,0,881,1,4,3
1704,System Design for Beginners,This mentorship focuses on System Design with practical applications.,Available,,sophomore,Senior,2,2025-06-29 00:00:00,0,1373,1,6,3
472,Introduction to Business Analysis,This mentorship focuses on Business Analysis with practical applications.,Available,,junior,Beginner,3,2025-06-05 00:00:00,0,27,4,20,4
1651,Product Design for Real Projects,This mentorship focuses on Product Design with practical applications.,Available,,senior,Junior,9,2025-09-29 00:00:00,0,1364,3,15,4
1851,Career Coaching for Real Projects,This mentorship focuses on Career Coaching with practical applications.,Available,,graduate,Beginner,8,2025-07-14 00:00:00,0,1238,4,22,4
1946,System Design for Beginners,This mentorship focuses on System Design with practical applications.,Available,,graduate,Senior,4,2025-08-15 00:00:00,0,223,1,6,3
774,Introduction to UI/UX Design,This mentorship focuses on UI/UX Design with practical applications.,Available,,junior,Junior,6,2024-05-09 00:00:00,0,232,3,14,3
106,Introduction to Full Stack Development,This mentorship focuses on Full Stack Development with practical applications.,Available,,junior,Mid,5,2025-08-19 00:00:00,0,53,1,3,3
2113,Product Design for Real Projects,This mentorship focuses on Product Design with practical applications.,Available,,senior,Junior,7,2025-08-16 00:00:00,0,604,3,15,3
1747,Product Design for Beginners,This mentorship focuses on Product Design with practical applications.,Available,,sophomore,Beginner,9,2025-10-16 00:00:00,0,1401,3,15,2
1017,Hands-on Business Analysis Training,This mentorship focuses on Business Analysis with practical applications.,Available,,junior,Junior,6,2025-02-04 00:00:00,0,1425,4,20,4
71,Hands-on Frontend Development Training,This mentorship focuses on Frontend Development with practical applications.,Available,,graduate,Beginner,3,2024-07-10 00:00:00,0,655,1,2,4
2396,Introduction to Backend Development,This mentorship focuses on Backend Development with practical applications.,Available,,junior,Beginner,2,2025-07-31 00:00:00,0,125,1,1,5
1849,Introduction to Mobile Development,This mentorship focuses on Mobile Development with practical applications.,Available,,graduate,Mid,6,2025-04-18 00:00:00,0,173,1,4,2
20,Mastering Machine Learning,This mentorship focuses on Machine Learning with practical applications.,Available,,freshman,Mid,5,2025-02-05 00:00:00,0,39,2,7,3
387,Hands-on Graphic Design Training,This mentorship focuses on Graphic Design with practical applications.,Available,,graduate,Mid,7,2025-02-04 00:00:00,0,1239,3,16,3
1613,Introduction to DevOps & Cloud,This mentorship focuses on DevOps & Cloud with practical applications.,Available,,sophomore,Mid,7,2025-05-04 00:00:00,0,1141,1,5,4
1457,Mastering Full Stack Development,This mentorship focuses on Full Stack Development with practical applications.,Available,,junior,Beginner,3,2025-10-02 00:00:00,0,1361,1,3,3
2735,Deep Learning for Beginners,This mentorship focuses on Deep Learning with practical applications.,Available,,freshman,Junior,8,2025-03-07 00:00:00,0,695,2,8,4
747,Branding for Beginners,This mentorship focuses on Branding with practical applications.,Available,,freshman,Junior,4,2025-04-19 00:00:00,0,336,3,18,5
1620,Branding for Real Projects,This mentorship focuses on Branding with practical applications.,Available,,graduate,Senior,10,2025-09-09 00:00:00,0,1265,3,18,4
2470,Frontend Development for Beginners,This mentorship focuses on Frontend Development with practical applications.,Available,,sophomore,Senior,5,2025-01-17 00:00:00,0,1286,1,2,5
1269,Introduction to Frontend Development,This mentorship focuses on Frontend Development with practical applications.,Available,,freshman,Senior,2,2025-05-13 00:00:00,0,841,1,2,3
8,Mobile Development for Real Projects,This mentorship focuses on Mobile Development with practical applications.,Available,,senior,Mid,1,2025-09-18 00:00:00,0,671,1,4,5
672,Natural Language Processing for Beginners,This mentorship focuses on Natural Language Processing with practical applications.,Available,,graduate,Senior,2,2025-03-26 00:00:00,0,1394,2,10,3
967,Introduction to Backend Development,This mentorship focuses on Backend Development with practical applications.,Available,,freshman,Beginner,2,2025-02-03 00:00:00,0,175,1,1,5
3036,Introduction to Full Stack Development,This mentorship focuses on Full Stack Development with practical applications.,Available,,graduate,Senior,5,2025-08-26 00:00:00,0,961,1,3,5
2752,Full Stack Development for Real Projects,This mentorship focuses on Full Stack Development with practical applications.,Available,,graduate,Senior,10,2025-04-06 00:00:00,0,1230,1,3,2
1281,Backend Development for Beginners,This mentorship focuses on Backend Development with practical applications.,Available,,graduate,Beginner,3,2025-09-29 00:00:00,0,1147,1,1,3
1971,UI/UX Design for Beginners,This mentorship focuses on UI/UX Design with practical applications.,Available,,sophomore,Senior,2,2025-05-13 00:00:00,0,430,3,14,3
2176,Introduction to Mobile Development,This mentorship focuses on Mobile Development with practical applications.,Available,,sophomore,Junior,9,2024-11-15 00:00:00,0,1278,1,4,2
1132,Full Stack Development for Real Projects,This mentorship focuses on Full Stack Development with practical applications.,Available,,freshman,Mid,3,2025-10-13 00:00:00,0,1187,1,3,4
250,Mastering Product Design,This mentorship focuses on Product Design with practical applications.,Available,,sophomore,Beginner,7,2025-04-28 00:00:00,0,616,3,15,3
2724,Mastering UI/UX Design,This mentorship focuses on UI/UX Design with practical applications.,Available,,freshman,Mid,5,2025-05-04 00:00:00,0,889,3,14,5
1015,Mastering Business Analysis,This mentorship focuses on Business Analysis with practical applications.,Available,,graduate,Junior,7,2025-01-10 00:00:00,0,1425,4,20,4
3041,System Design for Real Projects,This mentorship focuses on System Design with practical applications.,Available,,freshman,Senior,3,2025-10-17 00:00:00,0,93,1,6,5
2727,Introduction to Frontend Development,This mentorship focuses on Frontend Development with practical applications.,Available,,graduate,Mid,9,2025-10-15 00:00:00,0,750,1,2,2
2388,Introduction to Natural Language Processing,This mentorship focuses on Natural Language Processing with practical applications.,Available,,junior,Beginner,10,2025-04-23 00:00:00,0,449,2,10,1
778,Hands-on Graphic Design Training,This mentorship focuses on Graphic Design with practical applications.,Available,,freshman,Mid,7,2024-05-22 00:00:00,0,923,3,16,5
1844,Full Stack Development for Beginners,This mentorship focuses on Full Stack Development with practical applications.,Available,,graduate,Senior,8,2025-08-14 00:00:00,0,234,1,3,5
855,DevOps & Cloud for Beginners,This mentorship focuses on DevOps & Cloud with practical applications.,Available,,sophomore,Senior,3,2025-04-25 00:00:00,0,1337,1,5,4
162,Product Design for Beginners,This mentorship focuses on Product Design with practical applications.,Available,,junior,Junior,10,2025-09-18 00:00:00,0,113,3,15,3
466,Graphic Design for Real Projects,This mentorship focuses on Graphic Design with practical applications.,Available,,freshman,Mid,9,2025-10-02 00:00:00,0,734,3,16,5
2363,Project Management for Real Projects,This mentorship focuses on Project Management with practical applications.,Available,,freshman,Mid,4,2025-06-22 00:00:00,0,1210,4,21,4
758,Hands-on Mobile Development Training,This mentorship focuses on Mobile Development with practical applications.,Available,,junior,Junior,10,2025-05-20 00:00:00,0,1487,1,4,4
510,Mastering Entrepreneurship,This mentorship focuses on Entrepreneurship with practical applications.,Available,,sophomore,Senior,8,2024-09-20 00:00:00,0,1387,4,23,5
1965,Introduction to UI/UX Design,This mentorship focuses on UI/UX Design with practical applications.,Available,,graduate,Senior,4,2025-09-02 00:00:00,0,1117,3,14,2
904,Hands-on Motion Design Training,This mentorship focuses on Motion Design with practical applications.,Available,,senior,Junior,7,2025-08-10 00:00:00,0,829,3,17,4
339,Hands-on System Design Training,This mentorship focuses on System Design with practical applications.,Available,,sophomore,Junior,3,2025-06-22 00:00:00,0,1439,1,6,2
1043,Deep Learning for Beginners,This mentorship focuses on Deep Learning with practical applications.,Available,,sophomore,Beginner,6,2025-10-04 00:00:00,0,96,2,8,5
2625,Mastering Business Analysis,This mentorship focuses on Business Analysis with practical applications.,Available,,freshman,Beginner,6,2025-10-15 00:00:00,1,839,4,20,4
2289,Introduction to Data Science,This mentorship focuses on Data Science with practical applications.,Available,,junior,Junior,8,2024-09-05 00:00:00,0,979,2,12,4
3014,DevOps & Cloud for Beginners,This mentorship focuses on DevOps & Cloud with practical applications.,Available,,junior,Beginner,10,2025-05-26 00:00:00,0,702,1,5,4
2319,DevOps & Cloud for Beginners,This mentorship focuses on DevOps & Cloud with practical applications.,Available,,senior,Senior,6,2024-06-05 00:00:00,0,1094,1,5,5
26,Hands-on UI/UX Design Training,This mentorship focuses on UI/UX Design with practical applications.,Available,,senior,Senior,2,2024-11-07 00:00:00,0,1016,3,14,5
1321,Introduction to Deep Learning,This mentorship focuses on Deep Learning with practical applications.,Available,,sophomore,Senior,5,2025-04-25 00:00:00,0,1224,2,8,3
3100,Hands-on Career Coaching Training,This mentorship focuses on Career Coaching with practical applications.,Available,,graduate,Junior,8,2024-11-01 00:00:00,0,72,4,22,4
2286,Mastering Data Science,This mentorship focuses on Data Science with practical applications.,Available,,senior,Mid,10,2025-08-12 00:00:00,0,1453,2,12,5
1869,Hands-on DevOps & Cloud Training,This mentorship focuses on DevOps & Cloud with practical applications.,Available,,junior,Beginner,5,2024-10-31 00:00:00,0,229,1,5,4
1006,Mastering Frontend Development,This mentorship focuses on Frontend Development with practical applications.,Available,,senior,Junior,2,2025-05-31 00:00:00,0,37,1,2,5
317,Motion Design for Real Projects,This mentorship focuses on Motion Design with practical applications.,Available,,senior,Beginner,9,2025-09-19 00:00:00,0,706,3,17,3
2086,Hands-on Mobile Development Training,This mentorship focuses on Mobile Development with practical applications.,Available,,junior,Beginner,4,2025-06-18 00:00:00,0,795,1,4,2
392,Frontend Development for Beginners,This mentorship focuses on Frontend Development with practical applications.,Available,,graduate,Junior,4,2025-09-20 00:00:00,0,903,1,2,2
2726,Backend Development for Real Projects,This mentorship focuses on Backend Development with practical applications.,Available,,graduate,Senior,2,2025-10-12 00:00:00,0,750,1,1,2
486,Introduction to System Design,This mentorship focuses on System Design with practical applications.,Available,,freshman,Junior,4,2025-09-04 00:00:00,0,775,1,6,3
1777,Introduction to Backend Development,This mentorship focuses on Backend Development with practical applications.,Available,,graduate,Junior,9,2024-05-27 00:00:00,0,948,1,1,5
1429,Introduction to Frontend Development,This mentorship focuses on Frontend Development with practical applications.,Available,,senior,Junior,7,2025-10-08 00:00:00,0,564,1,2,4
1477,Full Stack Development for Real Projects,This mentorship focuses on Full Stack Development with practical applications.,Available,,senior,Junior,3,2025-04-29 00:00:00,0,518,1,3,4
1268,DevOps & Cloud for Beginners,This mentorship focuses on DevOps & Cloud with practical applications.,Available,,junior,Senior,4,2024-12-11 00:00:00,0,841,1,5,3
1685,Mastering Backend Development,This mentorship focuses on Backend Development with practical applications.,Available,,sophomore,Mid,3,2025-07-05 00:00:00,0,688,1,1,3
1407,Data Analysis for Beginners,This mentorship focuses on Data Analysis with practical applications.,Available,,junior,Mid,3,2025-06-30 00:00:00,0,826,2,11,3
773,Backend Development for Real Projects,This mentorship focuses on Backend Development with practical applications.,Available,,sophomore,Beginner,3,2025-09-19 00:00:00,1,309,1,1,4
2426,Introduction to Deep Learning,This mentorship focuses on Deep Learning with practical applications.,Available,,senior,Beginner,2,2025-09-26 00:00:00,0,701,2,8,4
613,Mastering Frontend Development,This mentorship focuses on Frontend Development with practical applications.,Available,,graduate,Beginner,10,2024-05-01 00:00:00,0,1034,1,2,3
2184,Hands-on Frontend Development Training,This mentorship focuses on Frontend Development with practical applications.,Available,,graduate,Beginner,9,2025-09-17 00:00:00,0,251,1,2,4
1662,Introduction to Computer Vision,This mentorship focuses on Computer Vision with practical applications.,Available,,sophomore,Beginner,12,2024-05-09 00:00:00,1,504,2,9,2
1381,Hands-on Mobile Development Training,This mentorship focuses on Mobile Development with practical applications.,Available,,freshman,Junior,7,2025-07-06 00:00:00,0,1384,1,4,4
1476,Hands-on Full Stack Development Training,This mentorship focuses on Full Stack Development with practical applications.,Available,,sophomore,Junior,2,2025-02-24 00:00:00,0,518,1,3,4
3163,Introduction to Computer Vision,This mentorship focuses on Computer Vision with practical applications.,Available,,graduate,Beginner,5,2025-10-05 00:00:00,0,647,2,9,5
2088,Mastering Mobile Development,This mentorship focuses on Mobile Development with practical applications.,Available,,sophomore,Mid,5,2025-06-30 00:00:00,0,111,1,4,2
2224,Backend Development for Real Projects,This mentorship focuses on Backend Development with practical applications.,Available,,junior,Junior,3,2025-07-09 00:00:00,0,186,1,1,4
173,Mastering Branding,This mentorship focuses on Branding with practical applications.,Available,,freshman,Junior,3,2024-11-27 00:00:00,0,6,3,18,1
495,Introduction to Frontend Development,This mentorship focuses on Frontend Development with practical applications.,Available,,junior,Senior,8,2024-08-13 00:00:00,0,192,1,2,5
2644,Hands-on Frontend Development Training,This mentorship focuses on Frontend Development with practical applications.,Available,,senior,Mid,6,2025-09-29 00:00:00,0,941,1,2,5
370,Hands-on System Design Training,This mentorship focuses on System Design with practical applications.,Available,,senior,Junior,5,2025-06-18 00:00:00,0,365,1,6,5
2160,Backend Development for Real Projects,This mentorship focuses on Backend Development with practical applications.,Available,,sophomore,Junior,3,2025-10-14 00:00:00,0,1131,1,1,4
414,Hands-on Frontend Development Training,This mentorship focuses on Frontend Development with practical applications.,Available,,graduate,Mid,9,2025-10-02 00:00:00,0,1025,1,2,1
1573,Full Stack Development for Beginners,This mentorship focuses on Full Stack Development with practical applications.,Available,,junior,Beginner,3,2025-04-25 00:00:00,0,129,1,3,2
2236,Motion Design for Beginners,This mentorship focuses on Motion Design with practical applications.,Available,,freshman,Junior,2,2025-09-21 00:00:00,0,1188,3,17,4
626,Mastering UI/UX Design,This mentorship focuses on UI/UX Design with practical applications.,Available,,graduate,Beginner,8,2025-07-13 00:00:00,0,58,3,14,5
224,Computer Vision for Real Projects,This mentorship focuses on Computer Vision with practical applications.,Available,,graduate,Junior,9,2024-10-02 00:00:00,0,1275,2,9,2
2650,Mastering Frontend Development,This mentorship focuses on Frontend Development with practical applications.,Available,,senior,Senior,7,2025-09-02 00:00:00,0,138,1,2,5
2745,Introduction to Frontend Development,This mentorship focuses on Frontend Development with practical applications.,Available,,freshman,Senior,2,2025-07-01 00:00:00,0,52,1,2,2
1063,Mastering Deep Learning,This mentorship focuses on Deep Learning with practical applications.,Available,,junior,Senior,9,2024-09-11 00:00:00,0,231,2,8,3
72,Full Stack Development for Real Projects,This mentorship focuses on Full Stack Development with practical applications.,Available,,junior,Beginner,2,2025-05-21 00:00:00,1,655,1,3,4
2128,Introduction to Frontend Development,This mentorship focuses on Frontend Development with practical applications.,Available,,junior,Mid,5,2025-07-11 00:00:00,0,1007,1,2,2
1604,Introduction to Mobile Development,This mentorship focuses on Mobile Development with practical applications.,Available,,senior,Beginner,3,2025-05-24 00:00:00,0,788,1,4,3
2721,Hands-on Motion Design Training,This mentorship focuses on Motion Design with practical applications.,Available,,senior,Mid,6,2024-11-02 00:00:00,0,889,3,17,5
2538,Machine Learning for Beginners,This mentorship focuses on Machine Learning with practical applications.,Available,,graduate,Senior,10,2025-10-12 00:00:00,0,1320,2,7,4
494,Backend Development for Real Projects,This mentorship focuses on Backend Development with practical applications.,Available,,junior,Mid,2,2025-06-21 00:00:00,0,725,1,1,2
677,Mastering System Design,This mentorship focuses on System Design with practical applications.,Available,,senior,Senior,6,2025-03-05 00:00:00,0,200,1,6,2
1424,DevOps & Cloud for Real Projects,This mentorship focuses on DevOps & Cloud with practical applications.,Available,,senior,Mid,3,2024-11-13 00:00:00,0,56,1,5,5
1009,DevOps & Cloud for Beginners,This mentorship focuses on DevOps & Cloud with practical applications.,Available,,junior,Beginner,8,2025-09-21 00:00:00,0,37,1,5,5
1800,Frontend Development for Real Projects,This mentorship focuses on Frontend Development with practical applications.,Available,,sophomore,Junior,3,2025-10-08 00:00:00,0,247,1,2,2
2181,Backend Development for Real Projects,This mentorship focuses on Backend Development with practical applications.,Available,,graduate,Beginner,3,2024-09-26 00:00:00,0,1333,1,1,4
1458,Data Science for Beginners,This mentorship focuses on Data Science with practical applications.,Available,,sophomore,Senior,5,2025-07-21 00:00:00,0,875,2,12,1
2778,Hands-on UI/UX Design Training,This mentorship focuses on UI/UX Design with practical applications.,Available,,graduate,Mid,2,2024-02-12 00:00:00,0,367,3,14,4
2041,Mastering Data Science,This mentorship focuses on Data Science with practical applications.,Available,,graduate,Junior,5,2024-11-27 00:00:00,0,600,2,12,4
3004,UI/UX Design for Real Projects,This mentorship focuses on UI/UX Design with practical applications.,Available,,freshman,Senior,7,2025-06-23 00:00:00,0,971,3,14,1
1267,Product Management for Beginners,This mentorship focuses on Product Management with practical applications.,Available,,sophomore,Beginner,8,2024-11-25 00:00:00,0,1080,4,19,3
786,Mastering Machine Learning,This mentorship focuses on Machine Learning with practical applications.,Available,,senior,Senior,10,2024-12-18 00:00:00,0,727,2,7,3
2130,Hands-on Backend Development Training,This mentorship focuses on Backend Development with practical applications.,Available,,freshman,Mid,4,2025-08-29 00:00:00,0,411,1,1,4
1437,Introduction to Project Management,This mentorship focuses on Project Management with practical applications.,Available,,freshman,Junior,8,2025-09-21 00:00:00,0,763,4,21,3
2343,Mobile Development for Real Projects,This mentorship focuses on Mobile Development with practical applications.,Available,,junior,Beginner,4,2025-09-27 00:00:00,0,94,1,4,3
2927,Introduction to UI/UX Design,This mentorship focuses on UI/UX Design with practical applications.,Available,,senior,Beginner,7,2024-01-11 00:00:00,0,689,3,14,4
2700,Introduction to Mobile Development,This mentorship focuses on Mobile Development with practical applications.,Available,,sophomore,Mid,7,2025-09-18 00:00:00,0,989,1,4,3
682,DevOps & Cloud for Beginners,This mentorship focuses on DevOps & Cloud with practical applications.,Available,,freshman,Junior,4,2025-05-17 00:00:00,0,1426,1,5,4
2874,Mastering DevOps & Cloud,This mentorship focuses on DevOps & Cloud with practical applications.,Available,,graduate,Mid,3,2025-09-28 00:00:00,0,992,1,5,4
591,Introduction to Business Analysis,This mentorship focuses on Business Analysis with practical applications.,Available,,sophomore,Beginner,6,2025-03-17 00:00:00,0,711,4,20,4
1980,Mastering Full Stack Development,This mentorship focuses on Full Stack Development with practical applications.,Available,,graduate,Senior,9,2025-06-16 00:00:00,0,1012,1,3,4
1460,Hands-on Mobile Development Training,This mentorship focuses on Mobile Development with practical applications.,Available,,sophomore,Junior,9,2024-11-09 00:00:00,0,922,1,4,2
2717,Product Design for Beginners,This mentorship focuses on Product Design with practical applications.,Available,,freshman,Senior,4,2025-10-01 00:00:00,0,1175,3,15,5
1508,Mastering Entrepreneurship,This mentorship focuses on Entrepreneurship with practical applications.,Available,,freshman,Senior,7,2025-09-25 00:00:00,0,780,4,23,3
2695,Hands-on Project Management Training,This mentorship focuses on Project Management with practical applications.,Available,,senior,Senior,4,2024-09-18 00:00:00,0,700,4,21,3
504,Hands-on Data Analysis Training,This mentorship focuses on Data Analysis with practical applications.,Available,,junior,Junior,1,2025-10-05 00:00:00,0,806,2,11,3
709,Mastering UI/UX Design,This mentorship focuses on UI/UX Design with practical applications.,Available,,junior,Mid,7,2025-01-19 00:00:00,0,151,3,14,3
1858,Hands-on Data Science Training,This mentorship focuses on Data Science with practical applications.,Available,,senior,Senior,7,2025-07-15 00:00:00,0,845,2,12,5
1200,Introduction to Project Management,This mentorship focuses on Project Management with practical applications.,Available,,senior,Beginner,9,2025-09-18 00:00:00,0,1385,4,21,5
2919,Branding for Real Projects,This mentorship focuses on Branding with practical applications.,Available,,sophomore,Mid,2,2025-03-01 00:00:00,0,520,3,18,4
2829,Hands-on Career Coaching Training,This mentorship focuses on Career Coaching with practical applications.,Available,,senior,Senior,9,2025-10-13 00:00:00,0,1339,4,22,5
3135,Introduction to Graphic Design,This mentorship focuses on Graphic Design with practical applications.,Available,,sophomore,Senior,2,2025-06-18 00:00:00,0,585,3,16,4
1637,Hands-on Data Engineering Training,This mentorship focuses on Data Engineering with practical applications.,Available,,graduate,Senior,4,2025-10-04 00:00:00,0,187,2,13,3
1688,Hands-on DevOps & Cloud Training,This mentorship focuses on DevOps & Cloud with practical applications.,Available,,graduate,Mid,4,2025-09-30 00:00:00,0,599,1,5,5
960,Introduction to System Design,This mentorship focuses on System Design with practical applications.,Available,,junior,Senior,8,2025-06-09 00:00:00,0,1483,1,6,5
1388,Hands-on DevOps & Cloud Training,This mentorship focuses on DevOps & Cloud with practical applications.,Available,,graduate,Mid,5,2025-06-24 00:00:00,0,742,1,5,3
404,Hands-on Natural Language Processing Training,This mentorship focuses on Natural Language Processing with practical applications.,Available,,freshman,Senior,8,2025-04-19 00:00:00,0,408,2,10,3
810,Hands-on Backend Development Training,This mentorship focuses on Backend Development with practical applications.,Available,,senior,Beginner,3,2025-06-29 00:00:00,0,236,1,1,3
1181,Introduction to System Design,This mentorship focuses on System Design with practical applications.,Available,,graduate,Junior,6,2025-09-07 00:00:00,0,890,1,6,5
1948,Product Management for Beginners,This mentorship focuses on Product Management with practical applications.,Available,,freshman,Mid,2,2025-07-01 00:00:00,0,429,4,19,2
1223,Data Analysis for Beginners,This mentorship focuses on Data Analysis with practical applications.,Available,,senior,Mid,10,2025-03-20 00:00:00,0,1019,2,11,3
1395,Introduction to Machine Learning,This mentorship focuses on Machine Learning with practical applications.,Available,,sophomore,Beginner,6,2024-04-24 00:00:00,0,918,2,7,4
448,UI/UX Design for Real Projects,This mentorship focuses on UI/UX Design with practical applications.,Available,,graduate,Senior,6,2024-10-07 00:00:00,0,102,3,14,4
1062,Hands-on System Design Training,This mentorship focuses on System Design with practical applications.,Available,,junior,Junior,4,2025-08-15 00:00:00,0,1077,1,6,3
9,Hands-on UI/UX Design Training,This mentorship focuses on UI/UX Design with practical applications.,Available,,junior,Mid,8,2024-10-07 00:00:00,0,514,3,14,4
2072,Introduction to Data Engineering,This mentorship focuses on Data Engineering with practical applications.,Available,,sophomore,Senior,6,2025-09-18 00:00:00,0,683,2,13,4
3042,Introduction to Full Stack Development,This mentorship focuses on Full Stack Development with practical applications.,Available,,junior,Senior,10,2025-10-10 00:00:00,0,10,1,3,2
2149,Computer Vision for Real Projects,This mentorship focuses on Computer Vision with practical applications.,Available,,senior,Beginner,2,2025-03-07 00:00:00,0,976,2,9,5
1553,Project Management for Beginners,This mentorship focuses on Project Management with practical applications.,Available,,sophomore,Senior,10,2025-06-18 00:00:00,0,493,4,21,3
1287,Introduction to Frontend Development,This mentorship focuses on Frontend Development with practical applications.,Available,,junior,Beginner,3,2025-05-14 00:00:00,0,288,1,2,4
3102,Career Coaching for Real Projects,This mentorship focuses on Career Coaching with practical applications.,Available,,senior,Senior,3,2025-05-22 00:00:00,0,72,4,22,4
3075,DevOps & Cloud for Real Projects,This mentorship focuses on DevOps & Cloud with practical applications.,Available,,senior,Mid,7,2024-12-11 00:00:00,0,915,1,5,2
2737,Data Science for Beginners,This mentorship focuses on Data Science with practical applications.,Available,,graduate,Mid,7,2025-07-10 00:00:00,0,264,2,12,4
592,Career Coaching for Beginners,This mentorship focuses on Career Coaching with practical applications.,Available,,graduate,Mid,8,2025-05-25 00:00:00,0,711,4,22,4
1479,Hands-on Business Analysis Training,This mentorship focuses on Business Analysis with practical applications.,Available,,graduate,Mid,10,2024-12-04 00:00:00,0,880,4,20,4
352,Introduction to Data Analysis,This mentorship focuses on Data Analysis with practical applications.,Available,,junior,Mid,3,2024-03-11 00:00:00,0,946,2,11,5
1614,DevOps & Cloud for Real Projects,This mentorship focuses on DevOps & Cloud with practical applications.,Available,,sophomore,Mid,8,2025-06-15 00:00:00,0,1141,1,5,4
158,Machine Learning for Beginners,This mentorship focuses on Machine Learning with practical applications.,Available,,freshman,Junior,2,2025-03-08 00:00:00,0,311,2,7,4
2287,Introduction to Data Analysis,This mentorship focuses on Data Analysis with practical applications.,Available,,sophomore,Senior,3,2025-08-28 00:00:00,0,1453,2,11,5
1486,Mastering Frontend Development,This mentorship focuses on Frontend Development with practical applications.,Available,,freshman,Mid,1,2025-10-01 00:00:00,0,284,1,2,3
140,Mastering Data Analysis,This mentorship focuses on Data Analysis with practical applications.,Available,,freshman,Junior,6,2024-03-13 00:00:00,1,1478,2,11,4
3113,Frontend Development for Beginners,This mentorship focuses on Frontend Development with practical applications.,Available,,senior,Junior,9,2025-01-02 00:00:00,0,1092,1,2,5
2397,Hands-on Backend Development Training,This mentorship focuses on Backend Development with practical applications.,Available,,junior,Senior,10,2025-08-24 00:00:00,0,125,1,1,5
19,Introduction to Deep Learning,This mentorship focuses on Deep Learning with practical applications.,Available,,senior,Beginner,5,2025-05-25 00:00:00,0,286,2,8,3
849,Hands-on System Design Training,This mentorship focuses on System Design with practical applications.,Available,,graduate,Senior,1,2024-07-08 00:00:00,0,1288,1,6,5
1617,Introduction to UI/UX Design,This mentorship focuses on UI/UX Design with practical applications.,Available,,sophomore,Mid,3,2025-05-25 00:00:00,0,248,3,14,3
66,Introduction to Mobile Development,This mentorship focuses on Mobile Development with practical applications.,Available,,freshman,Mid,1,2024-11-12 00:00:00,0,872,1,4,2
1082,Motion Design for Beginners,This mentorship focuses on Motion Design with practical applications.,Available,,senior,Mid,7,2025-04-01 00:00:00,0,446,3,17,3
2183,Hands-on Frontend Development Training,This mentorship focuses on Frontend Development with practical applications.,Available,,sophomore,Junior,8,2025-09-08 00:00:00,0,251,1,2,4
94,Hands-on Mobile Development Training,This mentorship focuses on Mobile Development with practical applications.,Available,,junior,Senior,2,2023-12-24 00:00:00,0,1294,1,4,3
2678,Hands-on Full Stack Development Training,This mentorship focuses on Full Stack Development with practical applications.,Available,,senior,Mid,4,2025-07-07 00:00:00,0,781,1,3,3
2506,Introduction to Data Analysis,This mentorship focuses on Data Analysis with practical applications.,Available,,senior,Beginner,2,2025-10-17 00:00:00,0,1423,2,11,3
2373,Mastering DevOps & Cloud,This mentorship focuses on DevOps & Cloud with practical applications.,Available,,junior,Beginner,3,2025-03-05 00:00:00,0,194,1,5,4
1630,DevOps & Cloud for Real Projects,This mentorship focuses on DevOps & Cloud with practical applications.,Available,,junior,Mid,10,2025-01-12 00:00:00,0,97,1,5,5
292,Backend Development for Beginners,This mentorship focuses on Backend Development with practical applications.,Available,,senior,Beginner,3,2025-07-10 00:00:00,0,973,1,1,5
1112,Mastering Mobile Development,This mentorship focuses on Mobile Development with practical applications.,Available,,sophomore,Senior,10,2025-09-17 00:00:00,0,250,1,4,4
409,Introduction to Motion Design,This mentorship focuses on Motion Design with practical applications.,Available,,graduate,Mid,8,2025-06-08 00:00:00,0,638,3,17,3
25,Product Design for Beginners,This mentorship focuses on Product Design with practical applications.,Available,,junior,Junior,3,2024-08-15 00:00:00,0,1016,3,15,5
2992,Mastering Frontend Development,This mentorship focuses on Frontend Development with practical applications.,Available,,junior,Mid,5,2023-12-18 00:00:00,0,720,1,2,5
433,DevOps & Cloud for Beginners,This mentorship focuses on DevOps & Cloud with practical applications.,Available,,junior,Mid,3,2025-02-07 00:00:00,0,147,1,5,5
1611,Frontend Development for Beginners,This mentorship focuses on Frontend Development with practical applications.,Available,,senior,Mid,10,2025-04-12 00:00:00,0,1141,1,2,4
1939,System Design for Real Projects,This mentorship focuses on System Design with practical applications.,Available,,junior,Mid,8,2024-03-12 00:00:00,0,1348,1,6,2
1802,DevOps & Cloud for Beginners,This mentorship focuses on DevOps & Cloud with practical applications.,Available,,freshman,Beginner,7,2025-08-10 00:00:00,0,432,1,5,3
453,Hands-on Graphic Design Training,This mentorship focuses on Graphic Design with practical applications.,Available,,graduate,Beginner,10,2025-07-28 00:00:00,0,913,3,16,3
1557,Hands-on Deep Learning Training,This mentorship focuses on Deep Learning with practical applications.,Available,,graduate,Beginner,2,2024-10-06 00:00:00,0,1270,2,8,4
2921,Product Design for Beginners,This mentorship focuses on Product Design with practical applications.,Available,,sophomore,Senior,9,2025-09-18 00:00:00,0,520,3,15,4
2134,Introduction to Backend Development,This mentorship focuses on Backend Development with practical applications.,Available,,senior,Senior,3,2024-04-13 00:00:00,0,1357,1,1,4
978,Backend Development for Real Projects,This mentorship focuses on Backend Development with practical applications.,Available,,graduate,Beginner,9,2024-12-24 00:00:00,0,1130,1,1,4
2568,Introduction to Natural Language Processing,This mentorship focuses on Natural Language Processing with practical applications.,Available,,senior,Beginner,1,2025-07-02 00:00:00,0,572,2,10,3
2346,Motion Design for Real Projects,This mentorship focuses on Motion Design with practical applications.,Available,,sophomore,Mid,2,2025-04-14 00:00:00,0,970,3,17,4
2382,Mastering Full Stack Development,This mentorship focuses on Full Stack Development with practical applications.,Available,,sophomore,Junior,3,2025-04-04 00:00:00,0,972,1,3,3
1047,Machine Learning for Real Projects,This mentorship focuses on Machine Learning with practical applications.,Available,,junior,Mid,5,2024-11-25 00:00:00,0,1205,2,7,2
2497,Introduction to Full Stack Development,This mentorship focuses on Full Stack Development with practical applications.,Available,,graduate,Junior,2,2024-10-22 00:00:00,1,491,1,3,5
1050,Graphic Design for Real Projects,This mentorship focuses on Graphic Design with practical applications.,Available,,freshman,Beginner,6,2024-02-16 00:00:00,1,1053,3,16,4
1084,Introduction to Graphic Design,This mentorship focuses on Graphic Design with practical applications.,Available,,junior,Senior,5,2025-06-24 00:00:00,0,446,3,16,3
1766,Hands-on Backend Development Training,This mentorship focuses on Backend Development with practical applications.,Available,,sophomore,Mid,6,2025-07-26 00:00:00,0,1341,1,1,3
740,Mastering Natural Language Processing,This mentorship focuses on Natural Language Processing with practical applications.,Available,,graduate,Beginner,3,2025-08-08 00:00:00,1,835,2,10,4
1444,Data Analysis for Beginners,This mentorship focuses on Data Analysis with practical applications.,Available,,junior,Beginner,10,2025-08-01 00:00:00,0,769,2,11,3
229,Full Stack Development for Real Projects,This mentorship focuses on Full Stack Development with practical applications.,Available,,senior,Senior,8,2025-08-05 00:00:00,0,546,1,3,2
2095,Introduction to Entrepreneurship,This mentorship focuses on Entrepreneurship with practical applications.,Available,,junior,Mid,6,2025-10-06 00:00:00,0,1148,4,23,5
2599,Introduction to Business Analysis,This mentorship focuses on Business Analysis with practical applications.,Available,,senior,Senior,3,2024-12-19 00:00:00,0,89,4,20,4
3168,Introduction to Backend Development,This mentorship focuses on Backend Development with practical applications.,Available,,freshman,Junior,4,2025-10-14 00:00:00,0,1109,1,1,3
234,Mastering Product Management,This mentorship focuses on Product Management with practical applications.,Available,,junior,Mid,10,2024-04-14 00:00:00,0,82,4,19,5
1871,Introduction to Business Analysis,This mentorship focuses on Business Analysis with practical applications.,Available,,junior,Junior,8,2025-02-25 00:00:00,0,873,4,20,4
777,Mastering Graphic Design,This mentorship focuses on Graphic Design with practical applications.,Available,,senior,Senior,3,2024-04-24 00:00:00,0,923,3,16,5
637,Introduction to Branding,This mentorship focuses on Branding with practical applications.,Available,,graduate,Beginner,6,2025-02-14 00:00:00,0,1395,3,18,4
1361,Hands-on Motion Design Training,This mentorship focuses on Motion Design with practical applications.,Available,,senior,Senior,10,2025-07-17 00:00:00,0,794,3,17,3
1689,Mastering Frontend Development,This mentorship focuses on Frontend Development with practical applications.,Available,,freshman,Senior,10,2025-10-05 00:00:00,0,599,1,2,5
2895,Hands-on Natural Language Processing Training,This mentorship focuses on Natural Language Processing with practical applications.,Available,,freshman,Mid,9,2025-08-30 00:00:00,0,966,2,10,5
2668,Mastering Mobile Development,This mentorship focuses on Mobile Development with practical applications.,Available,,senior,Beginner,10,2025-06-11 00:00:00,0,744,1,4,3
948,Business Analysis for Real Projects,This mentorship focuses on Business Analysis with practical applications.,Available,,senior,Mid,10,2025-10-08 00:00:00,0,571,4,20,4
1462,Hands-on Project Management Training,This mentorship focuses on Project Management with practical applications.,Available,,junior,Senior,2,2025-08-20 00:00:00,0,190,4,21,4
2337,Natural Language Processing for Beginners,This mentorship focuses on Natural Language Processing with practical applications.,Available,,graduate,Beginner,5,2025-01-21 00:00:00,0,949,2,10,4
424,Hands-on Motion Design Training,This mentorship focuses on Motion Design with practical applications.,Available,,freshman,Beginner,10,2025-06-12 00:00:00,0,672,3,17,4
1886,Mobile Development for Beginners,This mentorship focuses on Mobile Development with practical applications.,Available,,junior,Mid,9,2025-08-17 00:00:00,0,467,1,4,5
2006,Backend Development for Beginners,This mentorship focuses on Backend Development with practical applications.,Available,,junior,Mid,4,2025-02-04 00:00:00,0,673,1,1,4
1218,Frontend Development for Beginners,This mentorship focuses on Frontend Development with practical applications.,Available,,sophomore,Beginner,4,2025-02-12 00:00:00,0,277,1,2,5
1346,Hands-on Frontend Development Training,This mentorship focuses on Frontend Development with practical applications.,Available,,freshman,Mid,3,2025-07-17 00:00:00,0,1459,1,2,3
1521,System Design for Beginners,This mentorship focuses on System Design with practical applications.,Available,,graduate,Senior,2,2025-09-20 00:00:00,0,924,1,6,2
2064,Entrepreneurship for Beginners,This mentorship focuses on Entrepreneurship with practical applications.,Available,,graduate,Mid,8,2024-10-08 00:00:00,0,240,4,23,3
1421,Mastering Frontend Development,This mentorship focuses on Frontend Development with practical applications.,Available,,junior,Beginner,5,2024-05-26 00:00:00,0,56,1,2,5
2127,Hands-on Full Stack Development Training,This mentorship focuses on Full Stack Development with practical applications.,Available,,graduate,Beginner,4,2025-05-15 00:00:00,0,1007,1,3,2
2419,Mastering Backend Development,This mentorship focuses on Backend Development with practical applications.,Available,,senior,Junior,2,2023-12-31 00:00:00,0,1017,1,1,4
1470,Hands-on Machine Learning Training,This mentorship focuses on Machine Learning with practical applications.,Available,,sophomore,Junior,6,2025-06-04 00:00:00,0,796,2,7,4
1336,DevOps & Cloud for Real Projects,This mentorship focuses on DevOps & Cloud with practical applications.,Available,,sophomore,Junior,5,2025-06-03 00:00:00,0,716,1,5,5
2410,Project Management for Real Projects,This mentorship focuses on Project Management with practical applications.,Available,,junior,Senior,1,2025-04-01 00:00:00,0,325,4,21,1
828,Motion Design for Beginners,This mentorship focuses on Motion Design with practical applications.,Available,,senior,Mid,8,2025-10-09 00:00:00,0,660,3,17,4
1578,Backend Development for Beginners,This mentorship focuses on Backend Development with practical applications.,Available,,freshman,Senior,8,2024-07-09 00:00:00,0,422,1,1,3
929,Mastering System Design,This mentorship focuses on System Design with practical applications.,Available,,senior,Junior,3,2025-08-07 00:00:00,0,1257,1,6,3
60,Mastering Backend Development,This mentorship focuses on Backend Development with practical applications.,Available,,senior,Junior,2,2025-05-11 00:00:00,0,1225,1,1,5
1828,Introduction to Mobile Development,This mentorship focuses on Mobile Development with practical applications.,Available,,senior,Junior,7,2025-05-02 00:00:00,0,1057,1,4,4
444,Hands-on Product Design Training,This mentorship focuses on Product Design with practical applications.,Available,,sophomore,Junior,7,2025-08-22 00:00:00,0,434,3,15,2
2979,Introduction to Business Analysis,This mentorship focuses on Business Analysis with practical applications.,Available,,sophomore,Mid,3,2024-11-21 00:00:00,0,30,4,20,1
468,Hands-on Entrepreneurship Training,This mentorship focuses on Entrepreneurship with practical applications.,Available,,senior,Mid,6,2025-09-29 00:00:00,0,1024,4,23,3
3194,Introduction to Mobile Development,This mentorship focuses on Mobile Development with practical applications.,Available,,junior,Beginner,4,2025-09-15 00:00:00,0,885,1,4,5
1484,Introduction to Frontend Development,This mentorship focuses on Frontend Development with practical applications.,Available,,graduate,Junior,5,2025-07-19 00:00:00,0,284,1,2,3
3098,Mastering Branding,This mentorship focuses on Branding with practical applications.,Available,,sophomore,Junior,10,2025-04-06 00:00:00,0,332,3,18,2
437,System Design for Beginners,This mentorship focuses on System Design with practical applications.,Available,,freshman,Beginner,5,2025-10-10 00:00:00,0,1041,1,6,3
1543,Hands-on Business Analysis Training,This mentorship focuses on Business Analysis with practical applications.,Available,,graduate,Senior,2,2025-09-05 00:00:00,0,221,4,20,2
187,Mastering Career Coaching,This mentorship focuses on Career Coaching with practical applications.,Available,,sophomore,Junior,6,2025-04-20 00:00:00,0,986,4,22,3
2170,Mastering Product Management,This mentorship focuses on Product Management with practical applications.,Available,,senior,Senior,2,2024-12-14 00:00:00,0,1095,4,19,4
50,Frontend Development for Real Projects,This mentorship focuses on Frontend Development with practical applications.,Available,,freshman,Beginner,6,2025-04-02 00:00:00,0,1305,1,2,5
2189,Machine Learning for Real Projects,This mentorship focuses on Machine Learning with practical applications.,Available,,sophomore,Senior,3,2025-02-25 00:00:00,0,859,2,7,4
1725,DevOps & Cloud for Beginners,This mentorship focuses on DevOps & Cloud with practical applications.,Available,,senior,Mid,9,2025-10-08 00:00:00,0,466,1,5,5
915,Introduction to Motion Design,This mentorship focuses on Motion Design with practical applications.,Available,,junior,Senior,7,2024-07-27 00:00:00,0,41,3,17,4
1416,DevOps & Cloud for Beginners,This mentorship focuses on DevOps & Cloud with practical applications.,Available,,senior,Junior,8,2025-08-10 00:00:00,0,916,1,5,3
759,Hands-on Full Stack Development Training,This mentorship focuses on Full Stack Development with practical applications.,Available,,senior,Beginner,7,2025-06-12 00:00:00,0,1487,1,3,4
2710,DevOps & Cloud for Beginners,This mentorship focuses on DevOps & Cloud with practical applications.,Available,,graduate,Beginner,5,2025-08-09 00:00:00,0,503,1,5,4
817,Mobile Development for Real Projects,This mentorship focuses on Mobile Development with practical applications.,Available,,junior,Beginner,2,2025-03-03 00:00:00,1,1312,1,4,4
328,Mastering Full Stack Development,This mentorship focuses on Full Stack Development with practical applications.,Available,,sophomore,Senior,5,2025-09-16 00:00:00,0,451,1,3,5
1839,Mastering Data Science,This mentorship focuses on Data Science with practical applications.,Available,,senior,Mid,6,2025-08-24 00:00:00,0,1001,2,12,2
2940,Introduction to Data Analysis,This mentorship focuses on Data Analysis with practical applications.,Available,,graduate,Senior,2,2025-07-19 00:00:00,0,299,2,11,4
2655,Hands-on Entrepreneurship Training,This mentorship focuses on Entrepreneurship with practical applications.,Available,,sophomore,Junior,7,2024-05-24 00:00:00,0,621,4,23,3
1297,Frontend Development for Beginners,This mentorship focuses on Frontend Development with practical applications.,Available,,senior,Senior,3,2025-07-06 00:00:00,0,142,1,2,2
1831,Frontend Development for Beginners,This mentorship focuses on Frontend Development with practical applications.,Available,,freshman,Beginner,5,2025-09-14 00:00:00,0,1057,1,2,4
1964,Introduction to Branding,This mentorship focuses on Branding with practical applications.,Available,,junior,Mid,10,2025-07-31 00:00:00,0,1117,3,18,2
727,Introduction to Mobile Development,This mentorship focuses on Mobile Development with practical applications.,Available,,junior,Beginner,9,2025-05-10 00:00:00,0,955,1,4,3
2659,Mastering Data Analysis,This mentorship focuses on Data Analysis with practical applications.,Available,,graduate,Mid,3,2024-09-07 00:00:00,0,180,2,11,3
2291,Data Science for Beginners,This mentorship focuses on Data Science with practical applications.,Available,,sophomore,Junior,5,2025-05-15 00:00:00,0,979,2,12,4
2067,Computer Vision for Beginners,This mentorship focuses on Computer Vision with practical applications.,Available,,senior,Senior,9,2025-10-14 00:00:00,0,823,2,9,2
2339,Product Design for Beginners,This mentorship focuses on Product Design with practical applications.,Available,,sophomore,Senior,4,2025-08-03 00:00:00,0,902,3,15,2
553,Introduction to Computer Vision,This mentorship focuses on Computer Vision with practical applications.,Available,,sophomore,Junior,4,2025-09-08 00:00:00,0,601,2,9,3
660,Hands-on Graphic Design Training,This mentorship focuses on Graphic Design with practical applications.,Available,,graduate,Senior,3,2025-07-31 00:00:00,0,306,3,16,5
2094,Mastering Product Management,This mentorship focuses on Product Management with practical applications.,Available,,sophomore,Beginner,3,2025-09-30 00:00:00,0,1148,4,19,5
2180,Mastering System Design,This mentorship focuses on System Design with practical applications.,Available,,sophomore,Junior,9,2024-09-01 00:00:00,0,1333,1,6,4
701,Hands-on UI/UX Design Training,This mentorship focuses on UI/UX Design with practical applications.,Available,,sophomore,Junior,9,2025-07-21 00:00:00,0,407,3,14,5
76,Hands-on System Design Training,This mentorship focuses on System Design with practical applications.,Available,,sophomore,Beginner,3,2024-03-24 00:00:00,1,1360,1,6,4
565,System Design for Real Projects,This mentorship focuses on System Design with practical applications.,Available,,junior,Junior,10,2025-08-29 00:00:00,0,265,1,6,4
780,Mastering Graphic Design,This mentorship focuses on Graphic Design with practical applications.,Available,,graduate,Senior,4,2025-04-03 00:00:00,0,923,3,16,5
1466,DevOps & Cloud for Beginners,This mentorship focuses on DevOps & Cloud with practical applications.,Available,,freshman,Junior,9,2025-10-08 00:00:00,0,980,1,5,4
1143,Deep Learning for Real Projects,This mentorship focuses on Deep Learning with practical applications.,Available,,senior,Beginner,4,2024-09-23 00:00:00,0,753,2,8,4
2765,Data Analysis for Real Projects,This mentorship focuses on Data Analysis with practical applications.,Available,,graduate,Junior,9,2025-09-25 00:00:00,0,574,2,11,2
1532,Backend Development for Real Projects,This mentorship focuses on Backend Development with practical applications.,Available,,senior,Senior,5,2025-01-31 00:00:00,0,756,1,1,4
2460,Mobile Development for Real Projects,This mentorship focuses on Mobile Development with practical applications.,Available,,junior,Junior,3,2024-08-06 00:00:00,0,636,1,4,2
2779,Branding for Real Projects,This mentorship focuses on Branding with practical applications.,Available,,senior,Junior,9,2024-05-27 00:00:00,0,367,3,18,4
1867,Mastering DevOps & Cloud,This mentorship focuses on DevOps & Cloud with practical applications.,Available,,graduate,Junior,2,2024-03-02 00:00:00,0,229,1,5,4
1024,Mastering Frontend Development,This mentorship focuses on Frontend Development with practical applications.,Available,,graduate,Mid,8,2024-11-14 00:00:00,0,817,1,2,3
1812,Introduction to Product Management,This mentorship focuses on Product Management with practical applications.,Available,,sophomore,Mid,2,2025-07-27 00:00:00,0,340,4,19,4
2294,Mastering Backend Development,This mentorship focuses on Backend Development with practical applications.,Available,,senior,Senior,5,2025-04-13 00:00:00,0,275,1,1,2
692,Frontend Development for Beginners,This mentorship focuses on Frontend Development with practical applications.,Available,,sophomore,Senior,7,2025-05-04 00:00:00,0,670,1,2,4
73,Mastering Frontend Development,This mentorship focuses on Frontend Development with practical applications.,Available,,junior,Mid,8,2025-08-17 00:00:00,0,655,1,2,4
2739,Natural Language Processing for Real Projects,This mentorship focuses on Natural Language Processing with practical applications.,Available,,junior,Junior,4,2025-09-03 00:00:00,0,264,2,10,4
1277,Graphic Design for Beginners,This mentorship focuses on Graphic Design with practical applications.,Available,,junior,Senior,7,2025-07-30 00:00:00,0,1054,3,16,3
1056,Data Analysis for Beginners,This mentorship focuses on Data Analysis with practical applications.,Available,,freshman,Junior,7,2025-10-01 00:00:00,0,270,2,11,4
1347,Full Stack Development for Beginners,This mentorship focuses on Full Stack Development with practical applications.,Available,,graduate,Beginner,4,2025-07-18 00:00:00,0,1459,1,3,3
3020,DevOps & Cloud for Beginners,This mentorship focuses on DevOps & Cloud with practical applications.,Available,,freshman,Junior,5,2025-10-03 00:00:00,0,105,1,5,3
575,Introduction to Full Stack Development,This mentorship focuses on Full Stack Development with practical applications.,Available,,senior,Senior,6,2024-08-18 00:00:00,0,213,1,3,5
3117,Full Stack Development for Beginners,This mentorship focuses on Full Stack Development with practical applications.,Available,,senior,Mid,1,2025-06-08 00:00:00,0,177,1,3,1
938,Mastering Project Management,This mentorship focuses on Project Management with practical applications.,Available,,sophomore,Mid,5,2024-12-16 00:00:00,0,1005,4,21,2
2058,Mastering Data Science,This mentorship focuses on Data Science with practical applications.,Available,,senior,Beginner,9,2025-10-03 00:00:00,0,1260,2,12,4
806,Hands-on Entrepreneurship Training,This mentorship focuses on Entrepreneurship with practical applications.,Available,,graduate,Beginner,6,2025-06-16 00:00:00,0,1200,4,23,4
82,Introduction to Branding,This mentorship focuses on Branding with practical applications.,Available,,senior,Mid,5,2025-09-15 00:00:00,0,1108,3,18,3
732,Mobile Development for Beginners,This mentorship focuses on Mobile Development with practical applications.,Available,,junior,Beginner,6,2025-08-04 00:00:00,0,1447,1,4,1
3182,Introduction to Backend Development,This mentorship focuses on Backend Development with practical applications.,Available,,freshman,Beginner,8,2025-03-07 00:00:00,0,587,1,1,4
1387,Hands-on DevOps & Cloud Training,This mentorship focuses on DevOps & Cloud with practical applications.,Available,,senior,Beginner,7,2025-03-24 00:00:00,0,742,1,5,3
2583,Backend Development for Real Projects,This mentorship focuses on Backend Development with practical applications.,Available,,freshman,Senior,3,2025-09-12 00:00:00,0,892,1,1,4
322,Data Engineering for Real Projects,This mentorship focuses on Data Engineering with practical applications.,Available,,junior,Beginner,10,2024-07-22 00:00:00,0,680,2,13,5
2364,Mastering Entrepreneurship,This mentorship focuses on Entrepreneurship with practical applications.,Available,,freshman,Beginner,10,2025-07-11 00:00:00,0,1210,4,23,4
2896,Machine Learning for Real Projects,This mentorship focuses on Machine Learning with practical applications.,Available,,junior,Senior,4,2025-09-08 00:00:00,0,966,2,7,5
1188,Hands-on Frontend Development Training,This mentorship focuses on Frontend Development with practical applications.,Available,,junior,Beginner,9,2025-05-15 00:00:00,0,227,1,2,5
2811,Branding for Beginners,This mentorship focuses on Branding with practical applications.,Available,,sophomore,Junior,7,2025-06-13 00:00:00,0,1143,3,18,1
3160,Mastering Natural Language Processing,This mentorship focuses on Natural Language Processing with practical applications.,Available,,graduate,Beginner,7,2025-09-13 00:00:00,0,647,2,10,5
300,Mobile Development for Beginners,This mentorship focuses on Mobile Development with practical applications.,Available,,freshman,Mid,6,2025-05-12 00:00:00,0,420,1,4,5
2577,Backend Development for Beginners,This mentorship focuses on Backend Development with practical applications.,Available,,graduate,Senior,8,2025-09-25 00:00:00,0,1470,1,1,1
1619,Mastering Branding,This mentorship focuses on Branding with practical applications.,Available,,freshman,Mid,2,2024-11-17 00:00:00,0,1265,3,18,4
604,Business Analysis for Real Projects,This mentorship focuses on Business Analysis with practical applications.,Available,,senior,Junior,4,2025-01-20 00:00:00,0,1488,4,20,5
291,Introduction to DevOps & Cloud,This mentorship focuses on DevOps & Cloud with practical applications.,Available,,freshman,Junior,2,2025-06-22 00:00:00,0,973,1,5,5
2881,Hands-on Motion Design Training,This mentorship focuses on Motion Design with practical applications.,Available,,junior,Senior,4,2025-05-19 00:00:00,0,529,3,17,4
2903,Introduction to Data Science,This mentorship focuses on Data Science with practical applications.,Available,,sophomore,Mid,9,2025-09-29 00:00:00,0,1328,2,12,4
3122,Mastering DevOps & Cloud,This mentorship focuses on DevOps & Cloud with practical applications.,Available,,graduate,Beginner,3,2025-08-02 00:00:00,0,651,1,5,3
1119,Graphic Design for Beginners,This mentorship focuses on Graphic Design with practical applications.,Available,,sophomore,Beginner,6,2025-07-30 00:00:00,0,1036,3,16,3
2537,Hands-on Data Analysis Training,This mentorship focuses on Data Analysis with practical applications.,Available,,junior,Junior,3,2025-03-26 00:00:00,0,1320,2,11,4
1740,System Design for Real Projects,This mentorship focuses on System Design with practical applications.,Available,,senior,Senior,8,2025-09-22 00:00:00,0,1045,1,6,5
1187,Introduction to Full Stack Development,This mentorship focuses on Full Stack Development with practical applications.,Available,,sophomore,Junior,10,2024-11-01 00:00:00,0,227,1,3,5
1670,Computer Vision for Real Projects,This mentorship focuses on Computer Vision with practical applications.,Available,,sophomore,Mid,9,2025-10-14 00:00:00,0,233,2,9,3
708,Mastering Graphic Design,This mentorship focuses on Graphic Design with practical applications.,Available,,junior,Mid,5,2024-10-11 00:00:00,0,151,3,16,3
2499,System Design for Real Projects,This mentorship focuses on System Design with practical applications.,Available,,senior,Mid,7,2025-07-26 00:00:00,0,491,1,6,5
2535,Introduction to Deep Learning,This mentorship focuses on Deep Learning with practical applications.,Available,,freshman,Beginner,8,2024-12-25 00:00:00,1,1320,2,8,4
102,Hands-on UI/UX Design Training,This mentorship focuses on UI/UX Design with practical applications.,Available,,graduate,Beginner,3,2025-09-02 00:00:00,0,23,3,14,3
2951,System Design for Beginners,This mentorship focuses on System Design with practical applications.,Available,,graduate,Mid,1,2025-01-30 00:00:00,0,1190,1,6,4
765,Hands-on System Design Training,This mentorship focuses on System Design with practical applications.,Available,,junior,Mid,7,2025-09-05 00:00:00,0,1008,1,6,4
1930,Mastering Full Stack Development,This mentorship focuses on Full Stack Development with practical applications.,Available,,sophomore,Junior,9,2025-04-24 00:00:00,0,499,1,3,4
1319,System Design for Beginners,This mentorship focuses on System Design with practical applications.,Available,,graduate,Senior,6,2025-09-19 00:00:00,0,1428,1,6,5
696,Hands-on Mobile Development Training,This mentorship focuses on Mobile Development with practical applications.,Available,,senior,Beginner,6,2025-10-11 00:00:00,0,648,1,4,4
1095,Data Analysis for Real Projects,This mentorship focuses on Data Analysis with practical applications.,Available,,junior,Beginner,10,2025-07-15 00:00:00,0,1454,2,11,3
98,Introduction to System Design,This mentorship focuses on System Design with practical applications.,Available,,sophomore,Mid,9,2025-08-24 00:00:00,0,239,1,6,3
150,UI/UX Design for Real Projects,This mentorship focuses on UI/UX Design with practical applications.,Available,,junior,Mid,6,2025-06-01 00:00:00,0,1408,3,14,3
1179,Mastering DevOps & Cloud,This mentorship focuses on DevOps & Cloud with practical applications.,Available,,senior,Junior,5,2025-02-27 00:00:00,0,890,1,5,5
1288,Introduction to Mobile Development,This mentorship focuses on Mobile Development with practical applications.,Available,,senior,Junior,6,2025-08-07 00:00:00,0,288,1,4,4
2679,Full Stack Development for Real Projects,This mentorship focuses on Full Stack Development with practical applications.,Available,,senior,Beginner,4,2025-07-17 00:00:00,0,781,1,3,3
2109,Backend Development for Real Projects,This mentorship focuses on Backend Development with practical applications.,Available,,senior,Senior,5,2025-09-22 00:00:00,0,349,1,1,3
242,Hands-on Full Stack Development Training,This mentorship focuses on Full Stack Development with practical applications.,Available,,freshman,Senior,8,2025-07-24 00:00:00,0,883,1,3,4
2593,Mastering Machine Learning,This mentorship focuses on Machine Learning with practical applications.,Available,,freshman,Mid,8,2025-07-28 00:00:00,0,597,2,7,3
2849,Hands-on Natural Language Processing Training,This mentorship focuses on Natural Language Processing with practical applications.,Available,,graduate,Junior,2,2025-03-12 00:00:00,0,488,2,10,2
2114,Mastering Product Design,This mentorship focuses on Product Design with practical applications.,Available,,freshman,Senior,9,2025-08-22 00:00:00,0,604,3,15,3
614,System Design for Real Projects,This mentorship focuses on System Design with practical applications.,Available,,senior,Mid,10,2025-02-25 00:00:00,0,1034,1,6,3
3085,System Design for Beginners,This mentorship focuses on System Design with practical applications.,Available,,freshman,Mid,3,2025-07-23 00:00:00,0,353,1,6,4
2144,Mastering Data Engineering,This mentorship focuses on Data Engineering with practical applications.,Available,,senior,Senior,6,2025-07-14 00:00:00,0,201,2,13,3
2595,Hands-on Data Engineering Training,This mentorship focuses on Data Engineering with practical applications.,Available,,junior,Senior,3,2025-10-14 00:00:00,0,597,2,13,3
310,Deep Learning for Real Projects,This mentorship focuses on Deep Learning with practical applications.,Available,,senior,Senior,8,2024-02-25 00:00:00,0,219,2,8,2
1298,DevOps & Cloud for Real Projects,This mentorship focuses on DevOps & Cloud with practical applications.,Available,,senior,Junior,3,2025-09-07 00:00:00,0,142,1,5,2
1799,Mastering DevOps & Cloud,This mentorship focuses on DevOps & Cloud with practical applications.,Available,,graduate,Junior,3,2025-04-13 00:00:00,0,359,1,5,4
1399,Hands-on Frontend Development Training,This mentorship focuses on Frontend Development with practical applications.,Available,,graduate,Beginner,9,2024-07-20 00:00:00,0,1282,1,2,2
297,Frontend Development for Beginners,This mentorship focuses on Frontend Development with practical applications.,Available,,freshman,Beginner,8,2024-05-19 00:00:00,0,420,1,2,5
1561,Frontend Development for Beginners,This mentorship focuses on Frontend Development with practical applications.,Available,,graduate,Beginner,5,2024-09-15 00:00:00,0,1258,1,2,3
1528,Product Management for Real Projects,This mentorship focuses on Product Management with practical applications.,Available,,junior,Mid,5,2025-02-07 00:00:00,0,579,4,19,5
662,Hands-on Motion Design Training,This mentorship focuses on Motion Design with practical applications.,Available,,graduate,Mid,7,2025-08-08 00:00:00,0,306,3,17,5
1332,System Design for Beginners,This mentorship focuses on System Design with practical applications.,Available,,sophomore,Mid,2,2024-11-04 00:00:00,0,545,1,6,3
823,Hands-on Data Engineering Training,This mentorship focuses on Data Engineering with practical applications.,Available,,sophomore,Junior,3,2025-09-13 00:00:00,0,554,2,13,5
2120,Mastering DevOps & Cloud,This mentorship focuses on DevOps & Cloud with practical applications.,Available,,sophomore,Mid,4,2025-04-21 00:00:00,0,1021,1,5,4
2216,Introduction to Deep Learning,This mentorship focuses on Deep Learning with practical applications.,Available,,senior,Mid,9,2025-04-22 00:00:00,0,542,2,8,2
1549,Career Coaching for Beginners,This mentorship focuses on Career Coaching with practical applications.,Available,,junior,Senior,5,2025-07-26 00:00:00,0,690,4,22,3
2155,Hands-on Motion Design Training,This mentorship focuses on Motion Design with practical applications.,Available,,junior,Beginner,9,2024-12-26 00:00:00,0,1330,3,17,1
2045,Data Science for Real Projects,This mentorship focuses on Data Science with practical applications.,Available,,graduate,Senior,3,2024-08-16 00:00:00,0,148,2,12,2
3054,Hands-on DevOps & Cloud Training,This mentorship focuses on DevOps & Cloud with practical applications.,Available,,freshman,Junior,10,2024-03-27 00:00:00,0,1443,1,5,5
1949,Business Analysis for Beginners,This mentorship focuses on Business Analysis with practical applications.,Available,,sophomore,Senior,8,2025-09-26 00:00:00,0,429,4,20,2
2434,Introduction to Motion Design,This mentorship focuses on Motion Design with practical applications.,Available,,junior,Mid,4,2025-04-02 00:00:00,0,310,3,17,4
3023,Hands-on Data Analysis Training,This mentorship focuses on Data Analysis with practical applications.,Available,,freshman,Mid,7,2025-06-18 00:00:00,0,1186,2,11,4
621,Mastering Data Analysis,This mentorship focuses on Data Analysis with practical applications.,Available,,senior,Beginner,5,2025-10-06 00:00:00,0,1350,2,11,4
1362,Motion Design for Beginners,This mentorship focuses on Motion Design with practical applications.,Available,,senior,Senior,3,2025-08-27 00:00:00,0,794,3,17,3
2980,Introduction to Data Engineering,This mentorship focuses on Data Engineering with practical applications.,Available,,sophomore,Mid,4,2024-05-14 00:00:00,0,1331,2,13,3
1703,Hands-on System Design Training,This mentorship focuses on System Design with practical applications.,Available,,junior,Senior,4,2025-05-24 00:00:00,0,1373,1,6,3
123,Hands-on Mobile Development Training,This mentorship focuses on Mobile Development with practical applications.,Available,,junior,Senior,7,2025-10-12 00:00:00,0,870,1,4,1
2674,Mastering System Design,This mentorship focuses on System Design with practical applications.,Available,,senior,Beginner,2,2024-10-08 00:00:00,0,1076,1,6,3
2580,Backend Development for Beginners,This mentorship focuses on Backend Development with practical applications.,Available,,sophomore,Beginner,5,2025-03-06 00:00:00,0,892,1,1,4
4,Mobile Development for Real Projects,This mentorship focuses on Mobile Development with practical applications.,Available,,freshman,Junior,3,2025-02-23 00:00:00,0,671,1,4,5
1677,Motion Design for Beginners,This mentorship focuses on Motion Design with practical applications.,Available,,senior,Beginner,10,2024-06-24 00:00:00,0,364,3,17,3
2986,Mastering Branding,This mentorship focuses on Branding with practical applications.,Available,,graduate,Senior,4,2025-10-01 00:00:00,0,931,3,18,4
2270,Career Coaching for Real Projects,This mentorship focuses on Career Coaching with practical applications.,Available,,junior,Senior,8,2025-08-30 00:00:00,0,278,4,22,4
1988,Introduction to Backend Development,This mentorship focuses on Backend Development with practical applications.,Available,,graduate,Junior,2,2025-09-07 00:00:00,0,900,1,1,2
2761,Mastering Product Design,This mentorship focuses on Product Design with practical applications.,Available,,senior,Senior,2,2025-09-30 00:00:00,0,1178,3,15,5
558,Hands-on Full Stack Development Training,This mentorship focuses on Full Stack Development with practical applications.,Available,,senior,Junior,2,2025-08-21 00:00:00,0,1484,1,3,3
2662,Mastering Mobile Development,This mentorship focuses on Mobile Development with practical applications.,Available,,graduate,Senior,9,2025-01-22 00:00:00,0,811,1,4,5
1824,Mastering System Design,This mentorship focuses on System Design with practical applications.,Available,,graduate,Beginner,5,2025-04-23 00:00:00,0,556,1,6,5
2204,Hands-on System Design Training,This mentorship focuses on System Design with practical applications.,Available,,graduate,Beginner,4,2024-11-08 00:00:00,0,474,1,6,2
1690,Frontend Development for Real Projects,This mentorship focuses on Frontend Development with practical applications.,Available,,freshman,Mid,4,2025-10-11 00:00:00,0,599,1,2,5
2685,Full Stack Development for Real Projects,This mentorship focuses on Full Stack Development with practical applications.,Available,,senior,Beginner,2,2025-10-14 00:00:00,0,617,1,3,5
42,Introduction to Full Stack Development,This mentorship focuses on Full Stack Development with practical applications.,Available,,freshman,Beginner,2,2025-07-19 00:00:00,0,149,1,3,5
2652,Frontend Development for Real Projects,This mentorship focuses on Frontend Development with practical applications.,Available,,sophomore,Beginner,10,2025-09-12 00:00:00,0,138,1,2,5
2263,System Design for Real Projects,This mentorship focuses on System Design with practical applications.,Available,,freshman,Mid,2,2025-10-16 00:00:00,0,1051,1,6,3
3068,System Design for Real Projects,This mentorship focuses on System Design with practical applications.,Available,,senior,Beginner,6,2025-08-26 00:00:00,0,1112,1,6,5
1698,Hands-on Graphic Design Training,This mentorship focuses on Graphic Design with practical applications.,Available,,freshman,Beginner,4,2025-09-21 00:00:00,0,47,3,16,3
1356,Frontend Development for Beginners,This mentorship focuses on Frontend Development with practical applications.,Available,,sophomore,Junior,10,2025-10-17 00:00:00,0,73,1,2,3
81,Hands-on Branding Training,This mentorship focuses on Branding with practical applications.,Available,,sophomore,Beginner,10,2025-09-05 00:00:00,0,1108,3,18,3
2087,Mobile Development for Beginners,This mentorship focuses on Mobile Development with practical applications.,Available,,graduate,Beginner,8,2025-04-13 00:00:00,0,111,1,4,2
1171,Mastering Natural Language Processing,This mentorship focuses on Natural Language Processing with practical applications.,Available,,junior,Senior,3,2025-08-14 00:00:00,0,399,2,10,4
385,Hands-on Product Management Training,This mentorship focuses on Product Management with practical applications.,Available,,freshman,Junior,5,2025-10-03 00:00:00,0,848,4,19,4
1212,Mastering Frontend Development,This mentorship focuses on Frontend Development with practical applications.,Available,,junior,Mid,3,2025-04-29 00:00:00,0,3,1,2,4
861,Backend Development for Real Projects,This mentorship focuses on Backend Development with practical applications.,Available,,freshman,Beginner,6,2025-01-17 00:00:00,1,1492,1,1,5
2806,Career Coaching for Beginners,This mentorship focuses on Career Coaching with practical applications.,Available,,sophomore,Beginner,9,2024-07-20 00:00:00,0,1402,4,22,5
2977,Mastering Data Engineering,This mentorship focuses on Data Engineering with practical applications.,Available,,junior,Mid,2,2025-10-17 00:00:00,0,1427,2,13,4
1984,Mastering Data Analysis,This mentorship focuses on Data Analysis with practical applications.,Available,,junior,Mid,4,2025-10-07 00:00:00,0,656,2,11,4
825,Data Engineering for Real Projects,This mentorship focuses on Data Engineering with practical applications.,Available,,senior,Beginner,2,2025-10-11 00:00:00,0,554,2,13,5
685,Deep Learning for Beginners,This mentorship focuses on Deep Learning with practical applications.,Available,,freshman,Mid,5,2025-08-19 00:00:00,0,678,2,8,2
2478,Introduction to Graphic Design,This mentorship focuses on Graphic Design with practical applications.,Available,,senior,Senior,8,2025-02-16 00:00:00,0,1372,3,16,5
2834,Data Analysis for Real Projects,This mentorship focuses on Data Analysis with practical applications.,Available,,junior,Mid,1,2025-07-12 00:00:00,0,357,2,11,4
1177,Introduction to Backend Development,This mentorship focuses on Backend Development with practical applications.,Available,,junior,Senior,4,2024-12-20 00:00:00,0,890,1,1,5
953,Project Management for Beginners,This mentorship focuses on Project Management with practical applications.,Available,,sophomore,Junior,2,2025-02-16 00:00:00,0,935,4,21,4
2472,Data Engineering for Real Projects,This mentorship focuses on Data Engineering with practical applications.,Available,,sophomore,Senior,7,2025-10-13 00:00:00,0,291,2,13,1
1432,Full Stack Development for Real Projects,This mentorship focuses on Full Stack Development with practical applications.,Available,,graduate,Senior,6,2025-07-29 00:00:00,0,323,1,3,5
902,Mastering Product Design,This mentorship focuses on Product Design with practical applications.,Available,,senior,Beginner,9,2024-05-12 00:00:00,0,829,3,15,4
1013,Mastering Computer Vision,This mentorship focuses on Computer Vision with practical applications.,Available,,graduate,Senior,10,2024-05-16 00:00:00,0,67,2,9,2
3126,Hands-on Branding Training,This mentorship focuses on Branding with practical applications.,Available,,freshman,Mid,4,2025-08-09 00:00:00,0,1446,3,18,2
2148,Mastering Computer Vision,This mentorship focuses on Computer Vision with practical applications.,Available,,senior,Beginner,7,2024-10-29 00:00:00,0,976,2,9,5
770,Mastering DevOps & Cloud,This mentorship focuses on DevOps & Cloud with practical applications.,Available,,senior,Mid,2,2024-04-23 00:00:00,0,309,1,5,4
594,Mastering Machine Learning,This mentorship focuses on Machine Learning with practical applications.,Available,,freshman,Mid,4,2024-03-27 00:00:00,0,675,2,7,4
208,Introduction to Data Analysis,This mentorship focuses on Data Analysis with practical applications.,Available,,junior,Junior,9,2025-02-06 00:00:00,0,778,2,11,3
848,DevOps & Cloud for Real Projects,This mentorship focuses on DevOps & Cloud with practical applications.,Available,,sophomore,Mid,4,2024-06-07 00:00:00,0,1288,1,5,5
337,System Design for Real Projects,This mentorship focuses on System Design with practical applications.,Available,,senior,Senior,2,2025-09-13 00:00:00,0,814,1,6,4
2090,Full Stack Development for Real Projects,This mentorship focuses on Full Stack Development with practical applications.,Available,,sophomore,Senior,6,2025-08-02 00:00:00,0,1271,1,3,3
191,System Design for Real Projects,This mentorship focuses on System Design with practical applications.,Available,,senior,Mid,2,2025-09-27 00:00:00,0,116,1,6,5
1887,Introduction to Mobile Development,This mentorship focuses on Mobile Development with practical applications.,Available,,graduate,Junior,5,2025-08-27 00:00:00,0,467,1,4,5
3093,Mastering UI/UX Design,This mentorship focuses on UI/UX Design with practical applications.,Available,,junior,Senior,6,2024-12-04 00:00:00,0,1316,3,14,4
2609,Introduction to Backend Development,This mentorship focuses on Backend Development with practical applications.,Available,,junior,Junior,6,2025-07-07 00:00:00,0,652,1,1,4
926,Frontend Development for Beginners,This mentorship focuses on Frontend Development with practical applications.,Available,,junior,Senior,4,2025-05-21 00:00:00,0,1083,1,2,3
883,Mastering Data Engineering,This mentorship focuses on Data Engineering with practical applications.,Available,,junior,Junior,8,2025-07-27 00:00:00,0,947,2,13,4
2689,Mastering Full Stack Development,This mentorship focuses on Full Stack Development with practical applications.,Available,,senior,Junior,3,2024-06-20 00:00:00,0,1424,1,3,4
1217,Introduction to Frontend Development,This mentorship focuses on Frontend Development with practical applications.,Available,,senior,Mid,10,2025-01-23 00:00:00,0,277,1,2,5
602,Hands-on DevOps & Cloud Training,This mentorship focuses on DevOps & Cloud with practical applications.,Available,,sophomore,Junior,7,2025-07-26 00:00:00,0,1084,1,5,3
3178,Mobile Development for Beginners,This mentorship focuses on Mobile Development with practical applications.,Available,,graduate,Beginner,9,2025-02-08 00:00:00,0,1071,1,4,2
870,Introduction to Deep Learning,This mentorship focuses on Deep Learning with practical applications.,Available,,junior,Senior,7,2025-06-30 00:00:00,0,2,2,8,4
819,Introduction to Full Stack Development,This mentorship focuses on Full Stack Development with practical applications.,Available,,junior,Junior,1,2025-08-03 00:00:00,1,1312,1,3,4
1203,Data Engineering for Real Projects,This mentorship focuses on Data Engineering with practical applications.,Available,,sophomore,Beginner,9,2025-04-14 00:00:00,0,582,2,13,1
1883,Backend Development for Real Projects,This mentorship focuses on Backend Development with practical applications.,Available,,sophomore,Mid,5,2025-08-23 00:00:00,0,1145,1,1,4
3032,Full Stack Development for Beginners,This mentorship focuses on Full Stack Development with practical applications.,Available,,graduate,Beginner,2,2024-04-16 00:00:00,0,961,1,3,5
378,Motion Design for Real Projects,This mentorship focuses on Motion Design with practical applications.,Available,,senior,Beginner,5,2024-07-21 00:00:00,0,968,3,17,4
1231,Mastering Backend Development,This mentorship focuses on Backend Development with practical applications.,Available,,senior,Beginner,7,2024-10-20 00:00:00,0,1060,1,1,5
576,Mastering Frontend Development,This mentorship focuses on Frontend Development with practical applications.,Available,,senior,Beginner,4,2025-02-16 00:00:00,0,213,1,2,5
2025,Motion Design for Beginners,This mentorship focuses on Motion Design with practical applications.,Available,,sophomore,Beginner,1,2024-08-15 00:00:00,0,426,3,17,3
998,Backend Development for Real Projects,This mentorship focuses on Backend Development with practical applications.,Available,,freshman,Mid,4,2025-08-31 00:00:00,0,1353,1,1,3
2785,Mastering Data Engineering,This mentorship focuses on Data Engineering with practical applications.,Available,,freshman,Beginner,1,2025-07-20 00:00:00,1,874,2,13,2
1379,Product Design for Real Projects,This mentorship focuses on Product Design with practical applications.,Available,,senior,Senior,5,2024-09-20 00:00:00,0,867,3,15,4
3060,Full Stack Development for Beginners,This mentorship focuses on Full Stack Development with practical applications.,Available,,freshman,Beginner,6,2025-07-28 00:00:00,1,777,1,3,2
771,Hands-on Backend Development Training,This mentorship focuses on Backend Development with practical applications.,Available,,junior,Mid,9,2024-12-29 00:00:00,0,309,1,1,4
2444,DevOps & Cloud for Beginners,This mentorship focuses on DevOps & Cloud with practical applications.,Available,,sophomore,Senior,6,2025-03-09 00:00:00,0,330,1,5,4
1938,Career Coaching for Real Projects,This mentorship focuses on Career Coaching with practical applications.,Available,,junior,Mid,6,2025-09-21 00:00:00,0,130,4,22,3
793,Hands-on Data Science Training,This mentorship focuses on Data Science with practical applications.,Available,,graduate,Senior,10,2025-09-26 00:00:00,0,1410,2,12,2
2959,Hands-on Full Stack Development Training,This mentorship focuses on Full Stack Development with practical applications.,Available,,graduate,Mid,6,2025-03-17 00:00:00,0,22,1,3,4
643,Mastering UI/UX Design,This mentorship focuses on UI/UX Design with practical applications.,Available,,sophomore,Senior,3,2024-11-27 00:00:00,0,807,3,14,5
1184,Mastering Frontend Development,This mentorship focuses on Frontend Development with practical applications.,Available,,freshman,Mid,6,2024-04-14 00:00:00,0,227,1,2,5
1565,Mastering Data Analysis,This mentorship focuses on Data Analysis with practical applications.,Available,,junior,Mid,8,2025-09-30 00:00:00,0,117,2,11,3
18,Introduction to Deep Learning,This mentorship focuses on Deep Learning with practical applications.,Available,,sophomore,Junior,6,2025-05-01 00:00:00,0,286,2,8,3
111,Mastering Product Management,This mentorship focuses on Product Management with practical applications.,Available,,freshman,Beginner,4,2025-08-27 00:00:00,0,761,4,19,4
2532,Product Design for Real Projects,This mentorship focuses on Product Design with practical applications.,Available,,freshman,Senior,10,2025-10-04 00:00:00,0,960,3,15,4
382,Mastering Product Management,This mentorship focuses on Product Management with practical applications.,Available,,freshman,Senior,8,2025-07-08 00:00:00,0,848,4,19,4
1586,Hands-on Mobile Development Training,This mentorship focuses on Mobile Development with practical applications.,Available,,graduate,Senior,5,2025-10-14 00:00:00,0,92,1,4,3
1705,Mobile Development for Beginners,This mentorship focuses on Mobile Development with practical applications.,Available,,freshman,Senior,7,2025-08-06 00:00:00,0,1373,1,4,3
394,Full Stack Development for Beginners,This mentorship focuses on Full Stack Development with practical applications.,Available,,graduate,Mid,8,2024-08-15 00:00:00,0,1336,1,3,3
2459,Mobile Development for Beginners,This mentorship focuses on Mobile Development with practical applications.,Available,,freshman,Senior,8,2024-04-23 00:00:00,0,636,1,4,2
2023,Introduction to Mobile Development,This mentorship focuses on Mobile Development with practical applications.,Available,,freshman,Junior,7,2024-11-20 00:00:00,0,975,1,4,2
1121,Branding for Real Projects,This mentorship focuses on Branding with practical applications.,Available,,freshman,Mid,8,2025-04-11 00:00:00,0,1299,3,18,4
1653,Graphic Design for Real Projects,This mentorship focuses on Graphic Design with practical applications.,Available,,junior,Mid,7,2025-10-04 00:00:00,0,1364,3,16,4
1516,Introduction to System Design,This mentorship focuses on System Design with practical applications.,Available,,senior,Beginner,5,2025-10-15 00:00:00,0,16,1,6,2
3025,Full Stack Development for Real Projects,This mentorship focuses on Full Stack Development with practical applications.,Available,,graduate,Beginner,2,2025-01-24 00:00:00,0,692,1,3,3
48,Frontend Development for Real Projects,This mentorship focuses on Frontend Development with practical applications.,Available,,senior,Junior,7,2024-12-18 00:00:00,0,1305,1,2,5
