mentee_id,technology_id,experience_level
1501,33,intermediate
1501,32,beginner
1501,31,beginner
1501,30,beginner
1501,29,beginner
1501,24,intermediate
1501,25,beginner
1501,23,intermediate
1501,22,intermediate
1501,37,beginner
1501,42,beginner
1501,36,none
1501,40,intermediate
1502,109,intermediate
1502,108,beginner
1502,126,beginner
1502,127,intermediate
1502,124,advanced
1502,125,beginner
1503,106,intermediate
1503,104,beginner
1503,105,intermediate
1503,126,beginner
1503,127,intermediate
1503,124,intermediate
1503,125,none
1504,11,beginner
1504,10,intermediate
1504,20,beginner
1504,21,beginner
1504,38,intermediate
1504,44,intermediate
1504,47,beginner
1505,84,beginner
1505,86,beginner
1505,82,intermediate
1505,76,beginner
1505,79,intermediate
1506,24,intermediate
1506,25,beginner
1506,22,intermediate
1506,13,none
1506,18,intermediate
1507,23,none
1507,25,intermediate
1507,24,beginner
1507,22,beginner
1507,32,beginner
1507,33,intermediate
1507,29,beginner
1508,123,intermediate
1508,122,none
1508,126,beginner
1508,125,beginner
1508,104,none
1508,109,intermediate
1508,107,intermediate
1509,109,beginner
1509,104,beginner
1509,106,intermediate
1509,107,beginner
1509,116,beginner
1509,117,beginner
1509,118,beginner
1509,119,beginner
1510,117,beginner
1510,116,beginner
1510,119,beginner
1510,127,none
1510,126,beginner
1510,124,beginner
1511,31,beginner
1511,32,beginner
1511,33,intermediate
1511,34,beginner
1511,29,beginner
1511,42,intermediate
1511,44,beginner
1511,37,beginner
1511,41,none
1511,47,beginner
1512,84,beginner
1512,85,beginner
1512,86,beginner
1512,87,intermediate
1512,83,beginner
1512,97,intermediate
1512,96,none
1512,102,beginner
1513,31,beginner
1513,33,none
1513,35,intermediate
1513,13,advanced
1513,10,beginner
1513,11,beginner
1513,15,beginner
1513,56,intermediate
1513,54,none
1513,49,beginner
1513,51,intermediate
1514,141,beginner
1514,142,beginner
1514,144,beginner
1514,135,beginner
1514,136,beginner
1514,138,beginner
1514,139,intermediate
1514,140,intermediate
1515,84,intermediate
1515,88,beginner
1515,89,beginner
1515,94,beginner
1515,90,intermediate
1516,154,intermediate
1516,153,beginner
1516,141,beginner
1516,142,beginner
1516,144,beginner
1516,145,none
1516,136,beginner
1516,138,advanced
1516,135,intermediate
1516,139,none
1517,14,none
1517,15,beginner
1517,49,intermediate
1517,56,beginner
1517,48,intermediate
1517,51,beginner
1518,66,beginner
1518,67,advanced
1518,65,intermediate
1518,69,beginner
1518,86,intermediate
1518,84,beginner
1518,85,intermediate
1518,81,beginner
1519,116,none
1519,119,intermediate
1519,106,beginner
1519,105,beginner
1519,110,intermediate
1519,113,none
1520,37,intermediate
1520,44,beginner
1520,40,intermediate
1520,33,beginner
1520,31,beginner
1520,32,none
1520,29,beginner
1521,76,none
1521,80,beginner
1521,79,beginner
1521,78,advanced
1521,77,intermediate
1521,67,beginner
1521,65,advanced
1521,70,none
1522,80,beginner
1522,76,beginner
1522,79,intermediate
1522,77,intermediate
1522,78,beginner
1522,60,beginner
1522,57,beginner
1522,59,intermediate
1522,58,beginner
1523,141,beginner
1523,143,beginner
1523,149,none
1523,146,intermediate
1523,147,beginner
1523,148,intermediate
1524,3,none
1524,1,none
1524,5,intermediate
1524,4,intermediate
1524,14,intermediate
1524,20,beginner
1524,13,intermediate
1524,12,beginner
1524,21,beginner
1525,128,beginner
1525,134,beginner
1525,130,beginner
1525,146,advanced
1525,149,none
1525,147,intermediate
1526,1,intermediate
1526,3,beginner
1526,2,none
1526,56,beginner
1526,48,beginner
1526,49,beginner
1526,52,beginner
1527,85,intermediate
1527,84,none
1527,86,beginner
1527,81,intermediate
1527,73,beginner
1527,74,none
1528,95,beginner
1528,90,none
1528,65,beginner
1528,67,beginner
1528,66,beginner
1528,69,beginner
1529,8,beginner
1529,1,none
1529,4,intermediate
1529,48,beginner
1529,56,intermediate
1529,49,intermediate
1529,52,advanced
1530,154,intermediate
1530,151,beginner
1530,150,none
1530,141,beginner
1530,142,intermediate
1530,144,beginner
1531,131,advanced
1531,129,none
1531,136,advanced
1531,138,none
1531,135,beginner
1531,139,intermediate
1531,140,beginner
1531,151,beginner
1531,154,intermediate
1531,150,none
1531,152,none
1531,153,beginner
1532,128,intermediate
1532,131,beginner
1532,130,intermediate
1532,149,intermediate
1532,146,beginner
1532,147,beginner
1533,154,intermediate
1533,151,beginner
1533,152,beginner
1533,135,intermediate
1533,139,intermediate
1534,95,beginner
1534,94,intermediate
1534,89,beginner
1534,91,beginner
1534,84,beginner
1534,82,beginner
1535,86,beginner
1535,85,beginner
1535,88,intermediate
1535,72,beginner
1535,73,none
1535,71,beginner
1536,117,advanced
1536,119,beginner
1536,110,intermediate
1536,111,advanced
1536,114,advanced
1536,113,none
1537,56,beginner
1537,49,beginner
1537,48,none
1537,52,advanced
1537,32,beginner
1537,31,beginner
1537,30,beginner
1537,38,beginner
1537,44,intermediate
1537,41,beginner
1538,127,beginner
1538,126,none
1538,124,beginner
1538,125,intermediate
1538,114,intermediate
1538,113,beginner
1538,121,beginner
1538,123,intermediate
1538,122,beginner
1538,120,intermediate
1539,76,beginner
1539,80,beginner
1539,79,beginner
1539,72,none
1539,73,none
1539,71,beginner
1540,76,intermediate
1540,80,intermediate
1540,77,intermediate
1540,78,beginner
1540,79,beginner
1540,95,beginner
1540,89,beginner
1540,93,intermediate
1540,84,beginner
1540,86,intermediate
1540,87,beginner
1541,25,beginner
1541,24,beginner
1541,23,none
1541,22,beginner
1541,48,beginner
1541,54,advanced
1541,50,beginner
1541,3,beginner
1541,1,beginner
1541,7,intermediate
1542,11,beginner
1542,14,beginner
1542,10,beginner
1542,21,beginner
1542,16,none
1542,3,beginner
1542,5,beginner
1542,9,beginner
1543,32,beginner
1543,33,none
1543,31,beginner
1543,35,beginner
1543,29,beginner
1543,11,beginner
1543,13,intermediate
1543,20,beginner
1543,19,intermediate
1544,56,beginner
1544,51,beginner
1544,36,intermediate
1544,39,intermediate
1545,31,beginner
1545,33,beginner
1545,34,intermediate
1545,11,beginner
1545,13,beginner
1545,14,intermediate
1545,15,beginner
1545,12,beginner
1546,25,intermediate
1546,22,intermediate
1546,13,beginner
1546,10,beginner
1546,11,beginner
1546,15,beginner
1547,31,advanced
1547,32,beginner
1547,34,intermediate
1547,36,intermediate
1547,37,beginner
1547,44,beginner
1547,46,beginner
1548,72,none
1548,73,intermediate
1548,71,advanced
1548,74,none
1548,59,intermediate
1548,62,beginner
1549,32,beginner
1549,33,beginner
1549,31,beginner
1549,35,beginner
1549,34,intermediate
1549,48,intermediate
1549,52,beginner
1549,3,none
1549,9,beginner
1550,116,beginner
1550,117,beginner
1550,119,beginner
1550,121,beginner
1550,123,beginner
1550,122,beginner
1550,120,beginner
1551,24,beginner
1551,23,beginner
1551,25,beginner
1551,22,beginner
1551,28,beginner
1551,3,intermediate
1551,8,intermediate
1551,7,beginner
1552,85,intermediate
1552,84,beginner
1552,82,none
1552,80,beginner
1552,76,beginner
1552,79,beginner
1552,78,beginner
1552,77,none
1552,57,beginner
1552,59,beginner
1552,64,intermediate
1553,3,none
1553,2,none
1553,44,intermediate
1553,37,beginner
1553,42,beginner
1553,45,intermediate
1554,85,advanced
1554,87,beginner
1554,97,beginner
1554,98,beginner
1554,72,beginner
1554,73,beginner
1554,75,beginner
1554,74,beginner
1555,60,none
1555,62,intermediate
1555,73,beginner
1555,74,intermediate
1556,73,none
1556,72,beginner
1556,74,beginner
1556,84,intermediate
1556,85,none
1556,86,beginner
1556,88,intermediate
1557,14,none
1557,17,beginner
1557,31,beginner
1557,33,intermediate
1557,32,beginner
1557,35,beginner
1558,57,beginner
1558,59,beginner
1558,62,intermediate
1558,72,beginner
1558,71,beginner
1559,20,beginner
1559,11,intermediate
1559,13,none
1559,17,beginner
1559,8,none
1559,1,intermediate
1559,2,intermediate
1560,80,intermediate
1560,76,intermediate
1560,78,beginner
1560,79,beginner
1560,89,beginner
1560,94,beginner
1560,93,beginner
1561,32,intermediate
1561,31,intermediate
1561,33,beginner
1561,34,intermediate
1561,54,intermediate
1561,48,beginner
1561,49,beginner
1561,52,intermediate
1562,73,beginner
1562,72,beginner
1562,74,intermediate
1562,71,beginner
1562,59,beginner
1562,60,beginner
1562,63,beginner
1563,54,beginner
1563,48,beginner
1563,49,none
1563,52,none
1563,53,none
1563,8,beginner
1563,4,intermediate
1564,126,beginner
1564,127,beginner
1564,124,intermediate
1564,125,beginner
1564,117,beginner
1564,118,intermediate
1565,54,advanced
1565,49,beginner
1565,48,intermediate
1565,50,beginner
1565,24,beginner
1565,23,advanced
1565,25,none
1565,27,beginner
1566,42,beginner
1566,36,beginner
1566,40,beginner
1566,24,beginner
1566,26,beginner
1567,24,none
1567,26,beginner
1567,3,none
1567,8,none
1567,5,none
1567,4,beginner
1567,36,none
1567,42,beginner
1567,46,intermediate
1568,44,beginner
1568,38,beginner
1568,40,beginner
1568,54,beginner
1568,49,intermediate
1568,48,intermediate
1568,51,intermediate
1569,59,beginner
1569,60,none
1569,57,none
1569,62,beginner
1569,65,beginner
1569,66,beginner
1569,67,beginner
1569,70,beginner
1569,69,intermediate
1569,72,beginner
1569,73,beginner
1569,74,beginner
1570,126,intermediate
1570,127,none
1570,124,beginner
1570,111,none
1570,114,intermediate
1570,110,advanced
1570,115,intermediate
1571,127,beginner
1571,125,beginner
1571,104,none
1571,106,beginner
1571,105,intermediate
1572,48,beginner
1572,53,beginner
1572,1,none
1572,5,intermediate
1572,4,beginner
1573,5,beginner
1573,3,beginner
1573,9,advanced
1573,33,advanced
1573,31,none
1573,35,beginner
1574,127,beginner
1574,126,beginner
1574,125,none
1574,104,intermediate
1574,106,beginner
1574,105,beginner
1575,25,beginner
1575,24,none
1575,26,beginner
1575,5,beginner
1575,1,beginner
1575,3,beginner
1575,6,beginner
1576,23,none
1576,24,beginner
1576,25,intermediate
1576,27,none
1576,54,beginner
1576,48,intermediate
1576,53,none
1577,111,beginner
1577,114,none
1577,110,advanced
1577,112,beginner
1577,127,beginner
1577,126,beginner
1577,124,intermediate
1577,125,none
1578,3,beginner
1578,7,beginner
1578,32,beginner
1578,33,none
1578,35,beginner
1579,33,none
1579,30,beginner
1579,23,beginner
1579,25,none
1579,22,none
1580,54,intermediate
1580,50,intermediate
1580,10,intermediate
1580,13,beginner
1580,19,beginner
1581,80,none
1581,76,intermediate
1581,77,beginner
1581,78,beginner
1581,65,beginner
1581,66,beginner
1581,69,beginner
1582,42,beginner
1582,36,beginner
1582,37,intermediate
1582,45,intermediate
1582,3,intermediate
1582,4,beginner
1583,65,beginner
1583,70,beginner
1583,73,none
1583,72,advanced
1583,75,intermediate
1583,74,none
1584,25,beginner
1584,28,beginner
1584,37,intermediate
1584,36,beginner
1584,46,beginner
1584,48,none
1584,54,beginner
1584,50,beginner
1585,44,intermediate
1585,43,beginner
1585,8,beginner
1585,3,intermediate
1585,4,none
1586,14,beginner
1586,18,beginner
1586,44,intermediate
1586,36,intermediate
1586,40,beginner
1587,104,beginner
1587,108,beginner
1587,110,beginner
1587,114,beginner
1587,115,intermediate
1588,8,intermediate
1588,1,intermediate
1588,5,beginner
1588,7,beginner
1588,32,beginner
1588,31,none
1588,33,intermediate
1588,34,beginner
1589,121,advanced
1589,123,beginner
1589,120,beginner
1589,122,beginner
1589,110,beginner
1589,115,none
1590,48,intermediate
1590,54,none
1590,51,beginner
1590,25,beginner
1590,22,beginner
1590,44,beginner
1590,38,intermediate
1590,36,beginner
1590,45,beginner
1591,44,beginner
1591,36,intermediate
1591,45,none
1591,32,intermediate
1591,31,none
1591,34,advanced
1591,10,beginner
1591,13,intermediate
1591,11,beginner
1591,15,none
1591,18,beginner
1592,36,beginner
1592,45,intermediate
1592,25,beginner
1592,24,beginner
1592,23,beginner
1592,28,advanced
1593,57,none
1593,59,beginner
1593,60,beginner
1593,63,beginner
1593,103,beginner
1593,97,beginner
1593,96,intermediate
1593,100,beginner
1594,57,intermediate
1594,61,beginner
1594,84,intermediate
1594,85,beginner
1594,86,intermediate
1594,82,beginner
1595,106,beginner
1595,109,none
1595,104,beginner
1595,108,beginner
1595,126,beginner
1595,125,beginner
1596,138,advanced
1596,136,intermediate
1596,135,advanced
1596,137,beginner
1596,149,beginner
1596,146,intermediate
1596,147,beginner
1597,109,none
1597,106,beginner
1597,104,advanced
1597,105,beginner
1597,110,none
1597,115,intermediate
1598,86,beginner
1598,85,beginner
1598,84,intermediate
1598,83,beginner
1598,73,none
1598,72,beginner
1598,74,beginner
1599,84,beginner
1599,85,beginner
1599,86,none
1599,82,beginner
1599,83,beginner
1599,59,beginner
1599,60,none
1599,57,beginner
1599,63,none
1599,62,beginner
1600,97,intermediate
1600,96,intermediate
1600,98,beginner
1600,72,beginner
1600,73,beginner
1600,71,beginner
1600,74,beginner
1601,10,none
1601,11,beginner
1601,14,beginner
1601,21,beginner
1601,8,intermediate
1601,3,intermediate
1601,1,beginner
1601,6,none
1602,127,beginner
1602,126,beginner
1602,125,intermediate
1602,124,beginner
1602,121,none
1602,123,intermediate
1602,120,beginner
1603,114,none
1603,113,intermediate
1603,109,beginner
1603,104,beginner
1603,106,beginner
1603,105,beginner
1603,108,beginner
1604,11,beginner
1604,21,intermediate
1604,8,intermediate
1604,7,beginner
1605,146,beginner
1605,149,beginner
1605,148,intermediate
1605,147,beginner
1605,154,beginner
1605,151,beginner
1605,152,beginner
1605,150,beginner
1605,153,beginner
1606,117,beginner
1606,118,beginner
1606,110,intermediate
1606,111,beginner
1606,114,beginner
1606,115,beginner
1606,112,beginner
1607,38,intermediate
1607,46,beginner
1607,32,intermediate
1607,30,none
1608,154,beginner
1608,151,intermediate
1608,152,beginner
1608,142,beginner
1608,141,beginner
1608,144,intermediate
1608,134,intermediate
1608,128,beginner
1608,131,intermediate
1608,133,intermediate
1608,129,beginner
1609,38,beginner
1609,37,intermediate
1609,36,beginner
1609,47,intermediate
1609,32,beginner
1609,30,beginner
1610,11,none
1610,10,beginner
1610,19,beginner
1610,49,none
1610,48,advanced
1610,51,beginner
1611,20,intermediate
1611,11,beginner
1611,13,intermediate
1611,15,none
1611,33,beginner
1611,34,beginner
1612,66,none
1612,67,beginner
1612,65,intermediate
1612,69,beginner
1612,85,beginner
1612,86,advanced
1612,84,beginner
1612,88,beginner
1613,36,intermediate
1613,43,advanced
1613,13,intermediate
1613,20,none
1613,16,beginner
1614,135,beginner
1614,138,intermediate
1614,136,intermediate
1614,137,intermediate
1614,141,beginner
1614,142,none
1614,143,beginner
1614,145,beginner
1615,3,none
1615,5,intermediate
1615,8,beginner
1615,4,beginner
1615,10,intermediate
1615,14,beginner
1615,11,beginner
1615,18,intermediate
1615,15,beginner
1616,56,beginner
1616,54,beginner
1616,48,beginner
1616,50,intermediate
1616,32,beginner
1616,31,beginner
1616,33,beginner
1616,30,beginner
1617,73,beginner
1617,72,intermediate
1617,71,beginner
1617,74,beginner
1617,96,none
1617,99,beginner
1618,24,beginner
1618,27,intermediate
1618,10,intermediate
1618,16,beginner
1619,126,beginner
1619,124,intermediate
1619,116,none
1619,117,none
1619,119,beginner
1620,24,none
1620,22,beginner
1620,54,none
1620,56,none
1620,53,beginner
1621,149,beginner
1621,146,intermediate
1621,148,beginner
1621,147,beginner
1621,141,intermediate
1621,145,intermediate
1622,95,beginner
1622,91,none
1622,76,none
1622,80,intermediate
1622,79,beginner
1622,77,intermediate
1623,37,intermediate
1623,44,beginner
1623,39,beginner
1623,49,intermediate
1623,56,beginner
1623,50,beginner
1624,49,advanced
1624,48,intermediate
1624,56,intermediate
1624,53,beginner
1624,1,beginner
1624,5,intermediate
1624,2,beginner
1625,49,beginner
1625,54,beginner
1625,53,beginner
1625,11,beginner
1625,10,beginner
1625,21,beginner
1626,141,beginner
1626,142,intermediate
1626,143,intermediate
1626,145,advanced
1626,151,intermediate
1626,154,advanced
1626,150,beginner
1627,80,none
1627,79,beginner
1627,89,intermediate
1627,90,beginner
1627,97,beginner
1627,96,beginner
1627,103,intermediate
1627,100,beginner
1627,98,beginner
1628,5,beginner
1628,1,beginner
1628,7,beginner
1628,31,none
1628,33,intermediate
1628,32,beginner
1628,35,beginner
1628,34,intermediate
1628,24,beginner
1628,25,beginner
1628,28,beginner
1629,5,none
1629,9,beginner
1629,44,none
1629,42,beginner
1629,47,beginner
1629,24,beginner
1629,25,beginner
1629,23,beginner
1629,28,beginner
1629,26,intermediate
1630,109,beginner
1630,105,beginner
1630,110,intermediate
1630,111,beginner
1630,113,beginner
1631,54,beginner
1631,51,beginner
1631,25,intermediate
1631,23,beginner
1631,22,beginner
1631,3,beginner
1631,8,beginner
1631,6,intermediate
1632,123,intermediate
1632,120,beginner
1632,106,none
1632,107,beginner
1632,110,beginner
1632,114,beginner
1632,115,beginner
1633,117,beginner
1633,116,intermediate
1633,119,intermediate
1633,118,beginner
1633,126,intermediate
1633,124,intermediate
1634,54,none
1634,56,intermediate
1634,52,beginner
1634,24,beginner
1634,23,beginner
1634,25,beginner
1634,28,none
1634,26,intermediate
1635,76,beginner
1635,80,intermediate
1635,78,beginner
1635,103,intermediate
1635,97,beginner
1635,96,beginner
1635,98,beginner
1635,102,intermediate
1635,73,beginner
1635,72,none
1635,75,beginner
1636,8,beginner
1636,3,beginner
1636,2,beginner
1636,23,beginner
1636,24,beginner
1636,25,beginner
1636,26,beginner
1636,28,beginner
1637,42,intermediate
1637,44,none
1637,38,intermediate
1637,40,beginner
1637,25,beginner
1637,24,intermediate
1637,23,beginner
1637,27,beginner
1638,146,beginner
1638,149,advanced
1638,148,intermediate
1638,147,beginner
1638,136,beginner
1638,138,beginner
1638,137,beginner
1639,85,beginner
1639,86,beginner
1639,84,none
1639,87,beginner
1639,72,none
1639,73,beginner
1639,74,beginner
1640,127,beginner
1640,126,beginner
1640,124,beginner
1640,121,beginner
1640,123,beginner
1640,120,beginner
1640,122,beginner
1640,116,intermediate
1640,117,intermediate
1640,118,intermediate
1641,97,beginner
1641,96,beginner
1641,103,beginner
1641,101,beginner
1641,84,beginner
1641,85,beginner
1641,88,beginner
1641,72,intermediate
1641,73,intermediate
1641,75,beginner
1641,74,intermediate
1642,24,intermediate
1642,25,beginner
1642,27,none
1642,14,intermediate
1642,20,beginner
1642,16,beginner
1643,123,beginner
1643,121,beginner
1643,122,beginner
1643,110,intermediate
1643,111,beginner
1643,114,beginner
1643,112,intermediate
1643,115,beginner
1643,117,beginner
1643,116,beginner
1643,119,none
1643,118,intermediate
1644,67,beginner
1644,65,intermediate
1644,66,beginner
1644,70,intermediate
1644,68,beginner
1644,89,beginner
1644,95,beginner
1644,90,beginner
1644,57,beginner
1644,60,intermediate
1644,62,beginner
1645,33,beginner
1645,32,intermediate
1645,34,beginner
1645,25,intermediate
1645,24,beginner
1645,23,beginner
1645,26,beginner
1646,37,none
1646,43,beginner
1646,14,beginner
1646,16,beginner
1647,76,beginner
1647,80,beginner
1647,79,beginner
1647,78,intermediate
1647,77,intermediate
1647,59,beginner
1647,60,none
1647,64,beginner
1648,121,beginner
1648,123,beginner
1648,120,beginner
1648,110,beginner
1648,111,beginner
1648,113,intermediate
1648,109,intermediate
1648,106,intermediate
1648,104,beginner
1648,108,intermediate
1649,56,none
1649,48,intermediate
1649,49,none
1649,51,beginner
1649,37,beginner
1649,36,beginner
1649,38,intermediate
1649,39,beginner
1650,116,beginner
1650,117,beginner
1650,118,none
1650,126,beginner
1650,127,beginner
1650,125,beginner
1650,124,beginner
1650,121,beginner
1650,123,none
1650,122,beginner
1650,120,intermediate
1651,36,beginner
1651,38,intermediate
1651,40,beginner
1651,25,beginner
1651,27,intermediate
1651,3,none
1651,2,beginner
1652,36,beginner
1652,37,none
1652,46,none
1652,5,none
1652,6,beginner
1652,33,advanced
1652,31,none
1652,32,none
1652,35,intermediate
1653,54,beginner
1653,56,beginner
1653,48,beginner
1653,50,advanced
1653,36,beginner
1653,41,beginner
1653,23,intermediate
1653,27,intermediate
1654,116,intermediate
1654,119,intermediate
1654,126,intermediate
1654,127,intermediate
1654,124,beginner
1654,125,beginner
1655,10,beginner
1655,11,beginner
1655,14,beginner
1655,19,advanced
1655,56,beginner
1655,48,beginner
1655,50,beginner
1655,5,beginner
1655,9,beginner
1656,60,beginner
1656,59,beginner
1656,61,intermediate
1656,95,none
1656,94,beginner
1656,93,beginner
1656,66,beginner
1656,67,none
1656,65,beginner
1656,69,beginner
1657,31,advanced
1657,30,beginner
1657,25,beginner
1657,24,intermediate
1657,27,intermediate
1658,76,none
1658,80,beginner
1658,79,advanced
1658,89,beginner
1658,95,beginner
1658,94,beginner
1658,91,beginner
1659,121,intermediate
1659,123,beginner
1659,122,intermediate
1659,110,beginner
1659,111,intermediate
1659,114,beginner
1659,113,intermediate
1659,115,beginner
1660,24,beginner
1660,23,none
1660,27,beginner
1660,48,beginner
1660,54,beginner
1660,56,intermediate
1660,55,none
1660,53,none
1661,135,intermediate
1661,136,intermediate
1661,139,beginner
1661,151,intermediate
1661,154,none
1661,152,none
1661,150,beginner
1661,153,beginner
1662,56,beginner
1662,51,intermediate
1662,8,intermediate
1662,6,beginner
1663,11,beginner
1663,12,beginner
1663,25,beginner
1663,24,beginner
1663,23,beginner
1663,22,intermediate
1664,76,beginner
1664,80,none
1664,78,beginner
1664,77,beginner
1664,79,beginner
1664,84,beginner
1664,86,beginner
1664,85,none
1664,87,beginner
1665,104,beginner
1665,106,beginner
1665,108,intermediate
1665,127,none
1665,126,beginner
1665,124,beginner
1665,125,beginner
1666,32,beginner
1666,31,beginner
1666,33,intermediate
1666,35,intermediate
1666,49,intermediate
1666,48,intermediate
1666,52,beginner
1667,86,none
1667,85,none
1667,81,advanced
1667,65,beginner
1667,67,beginner
1667,68,none
1668,33,beginner
1668,35,intermediate
1668,20,beginner
1668,14,intermediate
1668,13,none
1668,18,beginner
1668,16,intermediate
1669,85,beginner
1669,86,beginner
1669,81,beginner
1669,60,intermediate
1669,59,intermediate
1669,64,intermediate
1670,97,intermediate
1670,96,intermediate
1670,103,intermediate
1670,102,beginner
1670,72,beginner
1670,73,beginner
1670,71,none
1671,142,beginner
1671,141,beginner
1671,145,intermediate
1671,144,beginner
1671,149,intermediate
1671,148,none
1671,131,none
1671,128,beginner
1671,130,none
1672,86,beginner
1672,83,intermediate
1672,76,beginner
1672,80,beginner
1672,77,intermediate
1672,59,none
1672,60,beginner
1672,57,beginner
1672,61,none
1673,85,beginner
1673,86,beginner
1673,81,intermediate
1673,97,intermediate
1673,103,beginner
1673,101,none
1674,103,none
1674,96,beginner
1674,102,beginner
1674,72,beginner
1674,71,beginner
1675,1,beginner
1675,8,beginner
1675,2,beginner
1675,11,beginner
1675,12,beginner
1676,31,beginner
1676,33,beginner
1676,32,intermediate
1676,34,beginner
1676,49,none
1676,56,beginner
1676,52,beginner
1677,131,beginner
1677,132,beginner
1677,154,beginner
1677,151,beginner
1677,150,beginner
1677,153,intermediate
1677,152,beginner
1677,141,beginner
1677,142,none
1677,144,none
1678,38,beginner
1678,39,none
1678,25,beginner
1678,24,beginner
1678,28,none
1679,116,beginner
1679,117,beginner
1679,119,beginner
1679,127,advanced
1679,126,beginner
1679,124,intermediate
1679,125,beginner
1680,37,beginner
1680,42,beginner
1680,40,intermediate
1680,23,beginner
1680,24,intermediate
1680,25,intermediate
1680,22,beginner
1680,27,none
1681,123,beginner
1681,121,beginner
1681,120,intermediate
1681,122,intermediate
1681,109,beginner
1681,106,advanced
1681,108,none
1682,25,advanced
1682,23,beginner
1682,24,intermediate
1682,26,intermediate
1682,27,beginner
1682,33,beginner
1682,32,none
1682,31,intermediate
1682,34,beginner
1683,141,beginner
1683,142,none
1683,145,beginner
1683,144,advanced
1683,128,intermediate
1683,131,intermediate
1683,134,intermediate
1683,129,intermediate
1684,72,beginner
1684,73,beginner
1684,75,none
1684,67,none
1684,69,intermediate
1685,10,intermediate
1685,14,intermediate
1685,15,intermediate
1685,37,intermediate
1685,36,beginner
1685,39,beginner
1685,24,beginner
1685,23,beginner
1685,28,beginner
1686,95,beginner
1686,89,intermediate
1686,94,beginner
1686,93,beginner
1686,60,beginner
1686,57,beginner
1686,58,intermediate
1686,103,none
1686,97,beginner
1686,96,beginner
1686,101,intermediate
1687,95,beginner
1687,94,advanced
1687,89,beginner
1687,92,beginner
1687,91,beginner
1687,84,beginner
1687,86,intermediate
1687,83,beginner
1688,14,beginner
1688,21,beginner
1688,49,beginner
1688,48,beginner
1688,56,beginner
1688,53,beginner
1688,51,beginner
1689,32,intermediate
1689,30,beginner
1689,5,beginner
1689,1,beginner
1689,8,beginner
1689,4,intermediate
1690,126,beginner
1690,127,beginner
1690,124,intermediate
1690,106,none
1690,108,none
1691,109,none
1691,106,beginner
1691,107,beginner
1691,114,intermediate
1691,115,beginner
1692,25,beginner
1692,28,beginner
1692,5,none
1692,3,beginner
1692,8,beginner
1692,4,beginner
1692,6,beginner
1693,110,beginner
1693,111,intermediate
1693,114,intermediate
1693,115,beginner
1693,112,beginner
1693,116,beginner
1693,117,intermediate
1693,118,beginner
1694,31,beginner
1694,32,intermediate
1694,34,beginner
1694,24,beginner
1694,28,beginner
1695,44,beginner
1695,38,none
1695,37,beginner
1695,46,beginner
1695,48,intermediate
1695,49,none
1695,54,intermediate
1695,53,beginner
1696,66,beginner
1696,65,beginner
1696,67,beginner
1696,69,beginner
1696,70,beginner
1696,57,intermediate
1696,58,beginner
1697,25,none
1697,28,none
1697,20,intermediate
1697,10,beginner
1697,18,intermediate
1698,42,beginner
1698,37,beginner
1698,43,beginner
1698,48,beginner
1698,50,beginner
1699,97,beginner
1699,99,beginner
1699,94,beginner
1699,92,advanced
1699,72,beginner
1699,73,intermediate
1699,74,beginner
1699,71,beginner
1700,54,none
1700,55,intermediate
1700,44,beginner
1700,38,beginner
1700,36,intermediate
1700,47,intermediate
1701,13,beginner
1701,20,intermediate
1701,17,none
1701,49,beginner
1701,48,beginner
1701,55,intermediate
1702,111,beginner
1702,110,intermediate
1702,112,none
1702,116,beginner
1702,117,beginner
1702,119,intermediate
1702,118,intermediate
1703,97,none
1703,103,none
1703,96,intermediate
1703,99,beginner
1703,95,beginner
1703,94,beginner
1703,89,beginner
1703,90,beginner
1703,91,intermediate
1704,104,beginner
1704,109,beginner
1704,108,beginner
1704,116,beginner
1704,117,beginner
1704,119,beginner
1704,118,beginner
1705,94,intermediate
1705,93,beginner
1705,72,beginner
1705,73,none
1705,74,none
1706,66,intermediate
1706,65,beginner
1706,67,beginner
1706,68,beginner
1706,80,beginner
1706,76,intermediate
1706,79,intermediate
1706,77,intermediate
1706,78,beginner
1707,33,beginner
1707,31,none
1707,32,intermediate
1707,29,beginner
1707,11,beginner
1707,10,intermediate
1707,12,none
1708,121,beginner
1708,120,beginner
1708,126,beginner
1708,124,intermediate
1709,20,beginner
1709,14,none
1709,19,beginner
1709,48,intermediate
1709,56,beginner
1709,52,beginner
1710,10,beginner
1710,16,beginner
1710,33,beginner
1710,32,none
1710,31,none
1710,29,beginner
1711,117,intermediate
1711,116,beginner
1711,118,beginner
1711,119,intermediate
1711,121,none
1711,123,none
1711,120,beginner
1711,122,beginner
1712,121,none
1712,123,beginner
1712,122,beginner
1712,126,beginner
1712,127,beginner
1712,124,none
1712,125,beginner
1713,73,beginner
1713,72,beginner
1713,74,intermediate
1713,75,beginner
1713,71,advanced
1713,85,none
1713,81,intermediate
1714,31,intermediate
1714,33,beginner
1714,32,beginner
1714,30,beginner
1714,23,intermediate
1714,24,beginner
1714,25,beginner
1714,27,none
1715,32,beginner
1715,31,none
1715,33,intermediate
1715,35,beginner
1715,11,none
1715,13,intermediate
1715,14,beginner
1715,17,none
1715,18,none
1716,86,intermediate
1716,84,beginner
1716,85,beginner
1716,83,none
1716,81,intermediate
1716,73,beginner
1716,72,advanced
1716,71,beginner
1717,127,intermediate
1717,126,beginner
1717,125,beginner
1717,124,beginner
1717,117,beginner
1717,116,beginner
1717,118,advanced
1718,96,beginner
1718,102,beginner
1718,65,intermediate
1718,66,beginner
1718,67,beginner
1718,68,none
1719,10,none
1719,20,beginner
1719,11,none
1719,18,beginner
1719,23,intermediate
1719,25,none
1719,27,beginner
1719,31,intermediate
1719,32,intermediate
1719,33,beginner
1719,29,intermediate
1719,35,beginner
1720,33,beginner
1720,32,intermediate
1720,31,none
1720,34,intermediate
1720,48,beginner
1720,49,beginner
1720,54,beginner
1720,53,intermediate
1721,94,beginner
1721,89,beginner
1721,91,beginner
1721,59,beginner
1721,60,beginner
1721,61,none
1721,73,none
1721,71,beginner
1722,59,beginner
1722,60,beginner
1722,61,beginner
1722,86,beginner
1722,84,intermediate
1722,85,intermediate
1722,82,intermediate
1722,94,beginner
1722,95,beginner
1722,89,beginner
1722,90,intermediate
1722,93,beginner
1723,8,beginner
1723,9,intermediate
1723,33,beginner
1723,31,intermediate
1723,32,beginner
1723,35,intermediate
1723,34,beginner
1724,31,advanced
1724,32,intermediate
1724,33,intermediate
1724,29,intermediate
1724,48,beginner
1724,54,beginner
1724,56,beginner
1724,52,intermediate
1725,1,beginner
1725,8,none
1725,3,none
1725,9,beginner
1725,31,beginner
1725,33,beginner
1725,30,none
1726,13,beginner
1726,14,none
1726,19,beginner
1726,8,beginner
1726,4,beginner
1727,65,intermediate
1727,66,intermediate
1727,68,beginner
1727,84,beginner
1727,86,beginner
1727,85,intermediate
1727,82,intermediate
1728,23,beginner
1728,25,intermediate
1728,22,none
1728,13,intermediate
1728,18,advanced
1728,37,none
1728,44,intermediate
1728,39,intermediate
1729,59,beginner
1729,60,intermediate
1729,63,beginner
1729,72,intermediate
1729,73,none
1729,71,beginner
1729,75,beginner
1730,126,beginner
1730,127,none
1730,125,intermediate
1730,114,beginner
1730,115,beginner
1731,136,intermediate
1731,138,beginner
1731,135,none
1731,139,beginner
1731,149,intermediate
1731,146,none
1731,148,beginner
1732,146,beginner
1732,149,none
1732,147,none
1732,148,beginner
1732,131,intermediate
1732,130,beginner
1733,49,advanced
1733,56,advanced
1733,48,advanced
1733,50,beginner
1733,52,advanced
1733,36,intermediate
1733,38,advanced
1733,37,beginner
1733,47,advanced
1733,40,intermediate
1734,1,beginner
1734,8,none
1734,3,beginner
1734,4,beginner
1734,9,intermediate
1734,36,beginner
1734,38,beginner
1734,40,beginner
1735,56,beginner
1735,52,beginner
1735,37,none
1735,44,intermediate
1735,43,intermediate
1735,33,beginner
1735,32,intermediate
1735,31,beginner
1735,30,beginner
1736,110,none
1736,111,intermediate
1736,114,none
1736,112,beginner
1736,115,beginner
1736,116,intermediate
1736,119,intermediate
1736,127,beginner
1736,126,beginner
1736,124,intermediate
1737,37,intermediate
1737,44,beginner
1737,45,beginner
1737,3,none
1737,1,beginner
1737,6,intermediate
1737,48,beginner
1737,49,beginner
1737,55,intermediate
1738,54,beginner
1738,48,beginner
1738,49,beginner
1738,53,beginner
1738,23,beginner
1738,24,intermediate
1738,25,beginner
1738,22,beginner
1739,32,beginner
1739,33,beginner
1739,31,beginner
1739,34,beginner
1739,5,beginner
1739,8,beginner
1739,6,none
1740,32,intermediate
1740,33,beginner
1740,31,beginner
1740,29,beginner
1740,35,intermediate
1740,36,beginner
1740,40,intermediate
1741,104,none
1741,107,beginner
1741,116,beginner
1741,117,advanced
1741,119,intermediate
1742,85,beginner
1742,86,intermediate
1742,84,advanced
1742,87,none
1742,89,intermediate
1742,94,beginner
1742,91,beginner
1743,97,intermediate
1743,96,beginner
1743,102,beginner
1743,65,beginner
1743,70,beginner
1743,80,beginner
1743,76,beginner
1743,78,beginner
1744,142,intermediate
1744,141,beginner
1744,143,beginner
1744,144,intermediate
1744,128,beginner
1744,134,beginner
1744,129,none
1745,14,intermediate
1745,21,none
1745,1,beginner
1745,2,none
1746,23,intermediate
1746,25,intermediate
1746,28,beginner
1746,54,intermediate
1746,56,none
1746,48,beginner
1746,52,intermediate
1746,53,intermediate
1746,37,beginner
1746,38,intermediate
1746,40,beginner
1747,56,beginner
1747,48,none
1747,52,none
1747,32,beginner
1747,33,beginner
1747,30,beginner
1748,94,advanced
1748,95,none
1748,89,beginner
1748,91,none
1748,90,beginner
1748,84,intermediate
1748,86,beginner
1748,81,beginner
1749,97,advanced
1749,103,beginner
1749,96,beginner
1749,98,intermediate
1749,100,beginner
1749,89,beginner
1749,95,intermediate
1749,93,beginner
1750,14,intermediate
1750,21,intermediate
1750,33,advanced
1750,31,intermediate
1750,34,beginner
1751,151,beginner
1751,154,beginner
1751,150,beginner
1751,152,beginner
1751,153,beginner
1751,138,beginner
1751,136,beginner
1751,135,intermediate
1751,140,intermediate
1751,141,beginner
1751,145,advanced
1752,56,beginner
1752,54,none
1752,55,beginner
1752,1,intermediate
1752,3,beginner
1752,8,beginner
1752,2,beginner
1753,33,none
1753,32,none
1753,31,beginner
1753,29,beginner
1753,23,none
1753,25,beginner
1753,24,intermediate
1753,26,beginner
1753,20,none
1753,11,intermediate
1753,18,none
1754,96,intermediate
1754,97,beginner
1754,103,intermediate
1754,101,beginner
1754,99,beginner
1754,76,beginner
1754,80,intermediate
1754,78,beginner
1754,77,beginner
1755,136,beginner
1755,135,beginner
1755,138,none
1755,139,beginner
1755,137,beginner
1755,141,beginner
1755,142,beginner
1755,145,beginner
1756,60,beginner
1756,57,none
1756,63,none
1756,94,beginner
1756,93,beginner
1757,154,beginner
1757,150,beginner
1757,146,none
1757,149,beginner
1757,147,beginner
1757,141,beginner
1757,142,beginner
1757,145,beginner
1757,143,beginner
1758,8,advanced
1758,3,beginner
1758,5,intermediate
1758,2,intermediate
1758,56,beginner
1758,49,intermediate
1758,48,beginner
1758,53,beginner
1758,25,beginner
1758,22,beginner
1759,65,beginner
1759,67,beginner
1759,68,none
1759,84,none
1759,85,beginner
1759,87,intermediate
1760,104,advanced
1760,109,none
1760,106,beginner
1760,107,intermediate
1760,126,beginner
1760,127,advanced
1760,125,beginner
1760,124,none
1761,60,intermediate
1761,59,beginner
1761,58,beginner
1761,103,beginner
1761,97,none
1761,96,beginner
1761,100,beginner
1761,98,beginner
1762,33,beginner
1762,31,beginner
1762,29,intermediate
1762,25,beginner
1762,27,beginner
1763,149,beginner
1763,146,beginner
1763,147,beginner
1763,148,beginner
1763,135,none
1763,138,advanced
1763,140,beginner
1764,38,none
1764,36,none
1764,40,beginner
1764,49,beginner
1764,56,intermediate
1764,53,beginner
1765,3,beginner
1765,1,beginner
1765,5,none
1765,2,beginner
1765,31,beginner
1765,33,intermediate
1765,32,beginner
1765,34,beginner
1765,30,beginner
1765,14,beginner
1765,18,beginner
1766,127,intermediate
1766,126,beginner
1766,124,beginner
1766,125,beginner
1766,123,beginner
1766,120,beginner
1767,154,none
1767,151,beginner
1767,150,beginner
1767,131,beginner
1767,134,beginner
1767,130,intermediate
1768,134,intermediate
1768,128,advanced
1768,131,beginner
1768,130,beginner
1768,129,beginner
1768,142,beginner
1768,143,none
1768,135,beginner
1768,136,intermediate
1768,139,intermediate
1769,123,intermediate
1769,121,beginner
1769,122,beginner
1769,120,intermediate
1769,127,intermediate
1769,125,beginner
1770,3,beginner
1770,1,intermediate
1770,9,intermediate
1770,33,intermediate
1770,31,beginner
1770,35,intermediate
1771,138,beginner
1771,135,beginner
1771,136,beginner
1771,137,beginner
1771,131,beginner
1771,128,beginner
1771,134,beginner
1771,133,beginner
1772,31,none
1772,32,beginner
1772,33,none
1772,29,beginner
1772,34,beginner
1772,36,intermediate
1772,47,intermediate
1772,1,beginner
1772,4,none
1773,72,beginner
1773,73,beginner
1773,71,beginner
1773,75,intermediate
1773,67,beginner
1773,66,beginner
1773,68,intermediate
1774,48,beginner
1774,56,intermediate
1774,50,intermediate
1774,31,beginner
1774,33,none
1774,32,none
1774,30,beginner
1774,34,beginner
1775,104,beginner
1775,107,beginner
1775,127,beginner
1775,126,none
1775,124,beginner
1775,125,beginner
1776,80,beginner
1776,76,none
1776,78,intermediate
1776,79,intermediate
1776,73,none
1776,72,beginner
1776,71,beginner
1777,106,beginner
1777,104,beginner
1777,107,intermediate
1777,110,intermediate
1777,114,intermediate
1777,115,intermediate
1777,126,beginner
1777,124,intermediate
1778,54,beginner
1778,53,beginner
1778,11,beginner
1778,14,intermediate
1778,20,beginner
1778,18,advanced
1779,38,intermediate
1779,44,beginner
1779,43,beginner
1779,25,beginner
1779,28,intermediate
1780,37,beginner
1780,45,intermediate
1780,23,beginner
1780,22,beginner
1780,10,intermediate
1780,11,beginner
1780,18,intermediate
1781,1,beginner
1781,3,beginner
1781,7,none
1781,20,beginner
1781,10,beginner
1781,11,beginner
1781,12,intermediate
1782,94,beginner
1782,95,beginner
1782,89,beginner
1782,93,beginner
1782,60,intermediate
1782,57,none
1782,59,beginner
1782,63,none
1782,61,beginner
1783,10,beginner
1783,14,beginner
1783,19,beginner
1783,25,advanced
1783,24,beginner
1783,23,beginner
1783,27,intermediate
1784,57,beginner
1784,60,beginner
1784,59,beginner
1784,64,intermediate
1784,63,intermediate
1784,89,beginner
1784,94,beginner
1784,93,none
1785,3,advanced
1785,1,none
1785,5,none
1785,7,beginner
1785,9,beginner
1785,54,beginner
1785,56,beginner
1785,48,none
1785,52,intermediate
1786,31,beginner
1786,32,intermediate
1786,34,beginner
1786,56,intermediate
1786,48,intermediate
1786,49,beginner
1786,53,beginner
1787,72,intermediate
1787,71,beginner
1787,80,intermediate
1787,76,intermediate
1787,78,beginner
1788,23,beginner
1788,24,none
1788,25,beginner
1788,26,beginner
1788,22,intermediate
1788,37,beginner
1788,44,beginner
1788,40,beginner
1788,14,beginner
1788,20,beginner
1788,12,intermediate
1789,13,intermediate
1789,20,beginner
1789,12,intermediate
1789,36,beginner
1789,37,beginner
1789,38,beginner
1789,47,intermediate
1790,36,beginner
1790,42,none
1790,43,intermediate
1790,25,beginner
1790,24,none
1790,27,beginner
1790,33,beginner
1790,32,intermediate
1790,35,beginner
1791,54,beginner
1791,49,beginner
1791,52,beginner
1791,25,intermediate
1791,23,beginner
1791,22,beginner
1792,89,beginner
1792,95,beginner
1792,94,beginner
1792,92,beginner
1792,72,beginner
1792,75,beginner
1792,84,beginner
1792,85,beginner
1792,82,none
1793,32,beginner
1793,33,beginner
1793,31,beginner
1793,35,beginner
1793,29,beginner
1793,23,beginner
1793,24,beginner
1793,27,none
1793,8,beginner
1793,1,beginner
1793,9,intermediate
1794,42,intermediate
1794,44,beginner
1794,36,none
1794,47,beginner
1794,24,beginner
1794,23,beginner
1794,22,intermediate
1795,96,beginner
1795,103,intermediate
1795,97,none
1795,99,advanced
1795,72,beginner
1795,73,beginner
1795,71,beginner
1795,74,beginner
1796,66,beginner
1796,69,none
1796,80,beginner
1796,76,none
1796,79,intermediate
1797,84,intermediate
1797,86,beginner
1797,82,beginner
1797,59,beginner
1797,63,beginner
1797,65,beginner
1797,67,none
1797,68,beginner
1798,24,beginner
1798,25,beginner
1798,28,intermediate
1798,38,beginner
1798,39,beginner
1799,141,intermediate
1799,142,intermediate
1799,145,beginner
1799,146,beginner
1799,149,none
1799,148,beginner
1799,147,beginner
1800,33,beginner
1800,32,none
1800,34,advanced
1800,42,beginner
1800,36,beginner
1800,43,none
1801,36,advanced
1801,45,none
1801,1,beginner
1801,7,none
1802,146,intermediate
1802,149,intermediate
1802,147,intermediate
1802,148,intermediate
1802,154,beginner
1802,152,beginner
1802,134,beginner
1802,132,intermediate
1803,80,beginner
1803,79,none
1803,66,beginner
1803,68,beginner
1804,72,beginner
1804,73,beginner
1804,71,intermediate
1804,86,beginner
1804,85,beginner
1804,84,intermediate
1804,88,beginner
1805,117,advanced
1805,116,beginner
1805,118,beginner
1805,119,intermediate
1805,114,beginner
1805,110,beginner
1805,111,beginner
1805,113,intermediate
1805,115,beginner
1806,8,advanced
1806,1,beginner
1806,7,beginner
1806,10,beginner
1806,17,beginner
1806,23,beginner
1806,24,beginner
1806,25,none
1806,26,beginner
1806,28,beginner
1807,126,intermediate
1807,124,none
1807,110,intermediate
1807,114,beginner
1807,111,beginner
1807,113,beginner
1808,60,beginner
1808,61,beginner
1808,76,beginner
1808,80,beginner
1808,77,beginner
1809,54,beginner
1809,48,beginner
1809,49,none
1809,51,intermediate
1809,52,beginner
1809,13,intermediate
1809,20,advanced
1809,10,beginner
1809,21,beginner
1809,3,beginner
1809,1,beginner
1809,5,intermediate
1809,9,beginner
1809,6,beginner
1810,42,beginner
1810,44,beginner
1810,37,intermediate
1810,45,beginner
1810,47,beginner
1810,20,beginner
1810,16,none
1810,56,none
1810,48,beginner
1810,49,intermediate
1810,53,beginner
1811,1,beginner
1811,7,beginner
1811,23,intermediate
1811,24,beginner
1811,25,intermediate
1811,27,intermediate
1811,22,beginner
1811,31,beginner
1811,35,beginner
1812,128,beginner
1812,134,intermediate
1812,129,intermediate
1812,141,beginner
1812,142,beginner
1812,145,none
1812,144,intermediate
1812,143,intermediate
1813,32,beginner
1813,31,none
1813,30,beginner
1813,1,beginner
1813,2,none
1814,48,beginner
1814,51,intermediate
1814,42,intermediate
1814,41,intermediate
1814,23,beginner
1814,24,intermediate
1814,27,beginner
1815,103,intermediate
1815,97,none
1815,96,beginner
1815,98,beginner
1815,95,intermediate
1815,89,beginner
1815,91,none
1816,106,beginner
1816,104,beginner
1816,109,beginner
1816,108,none
1816,107,beginner
1816,123,beginner
1816,121,intermediate
1816,120,beginner
1816,122,intermediate
1817,37,intermediate
1817,44,intermediate
1817,36,none
1817,39,beginner
1817,47,none
1817,3,intermediate
1817,1,none
1817,4,intermediate
1818,121,beginner
1818,123,beginner
1818,122,beginner
1818,120,advanced
1818,111,intermediate
1818,110,beginner
1818,114,intermediate
1818,112,none
1818,113,intermediate
1818,127,intermediate
1818,126,beginner
1818,125,beginner
1818,124,beginner
1819,80,beginner
1819,76,none
1819,79,intermediate
1819,77,beginner
1819,78,none
1819,65,intermediate
1819,67,beginner
1819,69,none
1820,117,intermediate
1820,116,beginner
1820,119,intermediate
1820,126,beginner
1820,127,intermediate
1820,124,beginner
1821,24,beginner
1821,25,beginner
1821,26,advanced
1821,32,beginner
1821,33,beginner
1821,30,intermediate
1822,25,none
1822,23,beginner
1822,24,intermediate
1822,28,intermediate
1822,14,none
1822,10,beginner
1822,12,intermediate
1823,76,beginner
1823,80,beginner
1823,77,intermediate
1823,65,beginner
1823,67,beginner
1823,66,beginner
1823,68,intermediate
1823,69,beginner
1824,25,beginner
1824,23,beginner
1824,24,beginner
1824,26,beginner
1824,27,beginner
1824,31,intermediate
1824,32,none
1824,34,beginner
1825,97,advanced
1825,96,none
1825,103,intermediate
1825,100,beginner
1825,98,beginner
1825,94,beginner
1825,95,beginner
1825,89,intermediate
1825,92,advanced
1825,90,beginner
1825,59,beginner
1825,57,beginner
1825,63,beginner
1826,25,beginner
1826,24,beginner
1826,23,beginner
1826,22,beginner
1826,37,beginner
1826,44,beginner
1826,38,none
1826,39,intermediate
1827,104,intermediate
1827,105,beginner
1827,116,beginner
1827,117,beginner
1827,119,beginner
1828,110,none
1828,112,beginner
1828,127,none
1828,126,beginner
1828,125,beginner
1828,124,beginner
1828,117,beginner
1828,116,intermediate
1828,118,none
1828,119,beginner
1829,110,none
1829,111,beginner
1829,114,beginner
1829,115,beginner
1829,117,beginner
1829,116,beginner
1829,118,beginner
1829,119,beginner
1830,146,none
1830,149,intermediate
1830,147,intermediate
1830,142,beginner
1830,141,none
1830,144,beginner
1831,149,intermediate
1831,146,beginner
1831,147,beginner
1831,154,beginner
1831,152,beginner
1832,38,none
1832,45,beginner
1832,33,beginner
1832,34,beginner
1833,44,beginner
1833,36,intermediate
1833,37,beginner
1833,40,beginner
1833,31,none
1833,33,beginner
1833,35,none
1834,117,intermediate
1834,118,none
1834,121,beginner
1834,123,none
1834,120,beginner
1835,128,beginner
1835,131,beginner
1835,130,beginner
1835,151,beginner
1835,154,beginner
1835,150,beginner
1835,152,beginner
1835,153,intermediate
1836,149,beginner
1836,146,beginner
1836,148,beginner
1836,147,beginner
1836,136,beginner
1836,139,beginner
1837,111,beginner
1837,110,none
1837,114,intermediate
1837,113,beginner
1837,112,beginner
1837,127,beginner
1837,126,beginner
1837,125,none
1838,23,intermediate
1838,25,none
1838,24,beginner
1838,28,none
1838,22,beginner
1838,37,beginner
1838,44,beginner
1838,36,beginner
1838,45,intermediate
1838,48,none
1838,54,beginner
1838,49,beginner
1838,53,intermediate
1839,135,intermediate
1839,138,beginner
1839,136,intermediate
1839,137,intermediate
1839,139,beginner
1839,134,beginner
1839,128,intermediate
1839,129,none
1840,128,intermediate
1840,132,none
1840,136,beginner
1840,135,beginner
1840,138,beginner
1840,140,beginner
1840,149,beginner
1840,146,beginner
1840,147,beginner
1840,148,beginner
1841,72,intermediate
1841,73,beginner
1841,75,beginner
1841,71,beginner
1841,97,none
1841,103,none
1841,98,beginner
1842,123,intermediate
1842,121,intermediate
1842,122,beginner
1842,120,beginner
1842,104,intermediate
1842,106,intermediate
1842,109,none
1842,108,beginner
1843,59,intermediate
1843,60,beginner
1843,57,intermediate
1843,58,none
1843,89,intermediate
1843,95,beginner
1843,94,none
1843,90,beginner
1844,151,none
1844,154,intermediate
1844,153,intermediate
1844,131,beginner
1844,128,beginner
1844,134,beginner
1844,132,intermediate
1844,133,beginner
1845,54,beginner
1845,51,intermediate
1845,32,beginner
1845,33,intermediate
1845,31,intermediate
1845,34,beginner
1845,30,beginner
1845,1,beginner
1845,5,beginner
1845,7,beginner
1846,111,intermediate
1846,110,beginner
1846,114,beginner
1846,113,intermediate
1846,123,none
1846,121,none
1846,120,intermediate
1846,122,intermediate
1847,32,beginner
1847,31,intermediate
1847,33,intermediate
1847,34,beginner
1847,1,beginner
1847,3,advanced
1847,7,beginner
1848,24,advanced
1848,23,beginner
1848,22,beginner
1848,37,intermediate
1848,36,beginner
1848,42,beginner
1848,39,intermediate
1848,46,beginner
1849,32,beginner
1849,33,advanced
1849,35,intermediate
1849,8,none
1849,1,beginner
1849,5,none
1849,4,none
1850,73,none
1850,72,beginner
1850,71,beginner
1850,74,beginner
1850,75,intermediate
1850,76,intermediate
1850,77,beginner
1851,33,intermediate
1851,29,beginner
1851,13,beginner
1851,11,beginner
1851,20,beginner
1851,17,beginner
1852,141,intermediate
1852,142,beginner
1852,145,beginner
1852,154,beginner
1852,151,intermediate
1852,152,beginner
1853,89,beginner
1853,95,none
1853,92,none
1853,67,none
1853,66,beginner
1853,68,beginner
1854,117,beginner
1854,116,intermediate
1854,118,beginner
1854,119,intermediate
1854,111,beginner
1854,114,beginner
1854,110,intermediate
1854,115,beginner
1855,24,intermediate
1855,23,none
1855,26,beginner
1855,32,beginner
1855,31,beginner
1855,33,intermediate
1855,34,intermediate
1855,30,none
1856,24,intermediate
1856,23,beginner
1856,27,intermediate
1856,54,beginner
1856,49,beginner
1856,56,none
1856,52,beginner
1856,53,intermediate
1857,121,beginner
1857,123,beginner
1857,122,beginner
1857,120,beginner
1857,126,beginner
1857,124,intermediate
1858,126,beginner
1858,127,beginner
1858,125,none
1858,124,beginner
1858,106,intermediate
1858,104,beginner
1858,109,beginner
1858,107,intermediate
1858,108,beginner
1859,96,beginner
1859,103,intermediate
1859,97,beginner
1859,100,intermediate
1859,72,intermediate
1859,73,beginner
1859,74,intermediate
1859,67,beginner
1859,66,beginner
1859,65,advanced
1859,69,none
1859,68,beginner
1860,117,beginner
1860,116,none
1860,119,beginner
1860,121,advanced
1860,120,beginner
1861,121,none
1861,123,intermediate
1861,122,none
1861,126,beginner
1861,127,beginner
1861,124,intermediate
1861,125,beginner
1862,84,beginner
1862,85,none
1862,81,intermediate
1862,97,beginner
1862,103,beginner
1862,96,beginner
1862,99,beginner
1862,101,none
1863,131,intermediate
1863,128,beginner
1863,134,beginner
1863,130,beginner
1863,129,beginner
1863,135,intermediate
1863,138,beginner
1863,136,intermediate
1863,137,none
1863,140,intermediate
1864,121,intermediate
1864,123,intermediate
1864,122,beginner
1864,127,intermediate
1864,126,beginner
1864,125,beginner
1865,67,advanced
1865,66,beginner
1865,69,intermediate
1865,59,none
1865,60,intermediate
1865,57,beginner
1865,64,beginner
1865,58,beginner
1866,8,beginner
1866,1,none
1866,9,none
1866,25,beginner
1866,27,intermediate
1867,48,beginner
1867,50,intermediate
1867,24,beginner
1867,23,beginner
1867,25,intermediate
1867,28,none
1867,26,none
1868,5,none
1868,1,intermediate
1868,3,beginner
1868,2,beginner
1868,38,beginner
1868,44,intermediate
1868,46,intermediate
1868,54,intermediate
1868,49,intermediate
1868,52,beginner
1869,110,none
1869,111,beginner
1869,115,beginner
1869,123,intermediate
1869,121,beginner
1869,122,beginner
1869,120,intermediate
1870,104,beginner
1870,109,beginner
1870,107,beginner
1870,110,intermediate
1870,114,beginner
1870,111,beginner
1870,113,beginner
1871,10,beginner
1871,15,beginner
1871,48,none
1871,54,intermediate
1871,53,intermediate
1871,32,intermediate
1871,31,intermediate
1871,30,beginner
1872,80,beginner
1872,76,beginner
1872,77,intermediate
1872,66,intermediate
1872,67,intermediate
1872,70,none
1873,36,advanced
1873,42,beginner
1873,37,beginner
1873,45,beginner
1873,23,beginner
1873,25,beginner
1873,24,beginner
1873,22,beginner
1874,37,beginner
1874,44,intermediate
1874,45,beginner
1874,25,beginner
1874,23,beginner
1874,26,none
1875,151,intermediate
1875,154,intermediate
1875,152,beginner
1875,128,beginner
1875,134,beginner
1875,130,beginner
1876,32,beginner
1876,33,intermediate
1876,31,beginner
1876,29,beginner
1876,34,none
1876,48,beginner
1876,49,intermediate
1876,56,none
1876,53,beginner
1876,55,intermediate
1877,10,beginner
1877,19,intermediate
1877,42,beginner
1877,38,intermediate
1877,41,beginner
1878,85,none
1878,86,beginner
1878,88,beginner
1878,94,beginner
1878,89,intermediate
1878,95,advanced
1878,91,intermediate
1878,92,beginner
1879,56,beginner
1879,48,intermediate
1879,49,beginner
1879,55,beginner
1879,14,intermediate
1879,13,advanced
1879,16,beginner
1880,109,none
1880,105,intermediate
1880,126,beginner
1880,124,intermediate
1880,110,beginner
1880,114,beginner
1880,111,beginner
1880,113,beginner
1881,149,beginner
1881,146,beginner
1881,148,beginner
1881,135,intermediate
1881,136,none
1881,138,beginner
1881,137,advanced
1881,140,beginner
1882,73,beginner
1882,72,beginner
1882,74,beginner
1882,60,beginner
1882,59,beginner
1882,57,intermediate
1882,61,beginner
1882,64,beginner
1883,76,beginner
1883,80,intermediate
1883,77,beginner
1883,79,beginner
1883,67,intermediate
1883,66,beginner
1883,68,beginner
1884,49,none
1884,53,beginner
1884,36,beginner
1884,40,advanced
1885,103,beginner
1885,96,none
1885,99,intermediate
1885,57,beginner
1885,59,intermediate
1885,63,none
1885,76,none
1885,80,beginner
1885,79,beginner
1885,77,beginner
1885,78,beginner
1886,24,beginner
1886,25,none
1886,23,none
1886,22,intermediate
1886,38,beginner
1886,41,beginner
1887,42,beginner
1887,44,beginner
1887,43,beginner
1887,48,beginner
1887,54,beginner
1887,53,beginner
1888,127,none
1888,126,beginner
1888,125,intermediate
1888,124,none
1888,104,none
1888,106,beginner
1888,108,beginner
1889,38,intermediate
1889,37,beginner
1889,36,beginner
1889,40,intermediate
1889,56,none
1889,54,beginner
1889,52,intermediate
1889,20,beginner
1889,13,intermediate
1889,16,beginner
1890,96,beginner
1890,97,beginner
1890,103,none
1890,100,none
1890,101,beginner
1890,84,beginner
1890,86,none
1890,85,beginner
1890,88,beginner
1891,8,beginner
1891,1,beginner
1891,2,none
1891,48,beginner
1891,56,none
1891,49,beginner
1891,53,intermediate
1891,55,none
1892,110,none
1892,111,intermediate
1892,113,intermediate
1892,117,beginner
1892,116,beginner
1892,119,intermediate
1892,118,beginner
1893,31,beginner
1893,32,beginner
1893,29,none
1893,25,beginner
1893,24,intermediate
1893,22,beginner
1894,37,intermediate
1894,38,none
1894,36,intermediate
1894,39,beginner
1894,31,none
1894,33,beginner
1894,29,intermediate
1895,126,none
1895,124,beginner
1895,109,beginner
1895,106,intermediate
1895,105,advanced
1896,72,beginner
1896,73,beginner
1896,74,intermediate
1896,75,intermediate
1896,60,beginner
1896,57,beginner
1896,59,intermediate
1896,64,beginner
1897,131,intermediate
1897,134,intermediate
1897,128,none
1897,133,intermediate
1897,151,advanced
1897,154,advanced
1897,150,advanced
1897,152,beginner
1898,20,advanced
1898,10,intermediate
1898,14,beginner
1898,16,beginner
1898,21,beginner
1898,33,beginner
1898,32,none
1898,31,none
1898,29,none
1898,54,intermediate
1898,56,beginner
1898,52,intermediate
1899,126,none
1899,127,beginner
1899,124,beginner
1899,125,beginner
1899,109,none
1899,105,beginner
1900,149,intermediate
1900,146,beginner
1900,147,intermediate
1900,148,beginner
1900,138,beginner
1900,136,beginner
1900,137,beginner
1901,80,beginner
1901,76,beginner
1901,77,beginner
1901,86,intermediate
1901,81,intermediate
1902,97,beginner
1902,103,none
1902,96,intermediate
1902,100,beginner
1902,98,intermediate
1902,94,intermediate
1902,90,intermediate
1903,24,beginner
1903,23,beginner
1903,26,beginner
1903,48,intermediate
1903,56,beginner
1903,49,beginner
1903,51,beginner
1903,3,beginner
1903,5,intermediate
1903,8,intermediate
1903,6,beginner
1904,117,beginner
1904,116,beginner
1904,119,none
1904,123,beginner
1904,121,none
1904,120,beginner
1904,122,intermediate
1905,142,beginner
1905,141,none
1905,145,none
1905,134,intermediate
1905,131,intermediate
1905,128,beginner
1905,129,beginner
1906,104,beginner
1906,106,beginner
1906,109,beginner
1906,107,none
1906,105,intermediate
1906,127,beginner
1906,124,beginner
1907,154,beginner
1907,151,beginner
1907,150,beginner
1907,138,beginner
1907,135,intermediate
1907,139,intermediate
1908,97,beginner
1908,96,beginner
1908,99,beginner
1908,60,beginner
1908,61,intermediate
1909,80,intermediate
1909,76,beginner
1909,79,intermediate
1909,78,beginner
1909,97,beginner
1909,103,intermediate
1909,102,intermediate
1910,32,beginner
1910,35,beginner
1910,13,beginner
1910,11,intermediate
1910,10,beginner
1910,18,beginner
1911,110,advanced
1911,111,beginner
1911,114,beginner
1911,115,beginner
1911,121,intermediate
1911,123,intermediate
1911,120,intermediate
1912,106,intermediate
1912,108,beginner
1912,114,beginner
1912,115,beginner
1912,117,none
1912,116,beginner
1912,119,beginner
1913,73,none
1913,75,intermediate
1913,94,none
1913,89,intermediate
1913,95,advanced
1913,90,beginner
1914,25,beginner
1914,24,beginner
1914,28,beginner
1914,36,none
1914,42,none
1914,38,beginner
1914,43,beginner
1914,5,beginner
1914,3,beginner
1914,1,none
1914,2,beginner
1914,9,beginner
1915,73,intermediate
1915,72,beginner
1915,71,intermediate
1915,74,beginner
1915,59,beginner
1915,57,beginner
1915,64,beginner
1915,97,beginner
1915,103,beginner
1915,96,beginner
1915,100,beginner
1916,109,advanced
1916,104,beginner
1916,106,beginner
1916,107,intermediate
1916,114,beginner
1916,112,beginner
1917,154,none
1917,151,beginner
1917,153,beginner
1917,131,beginner
1917,128,intermediate
1917,133,beginner
1918,31,intermediate
1918,32,intermediate
1918,35,intermediate
1918,23,beginner
1918,25,beginner
1918,24,beginner
1918,27,beginner
1919,8,none
1919,1,beginner
1919,5,beginner
1919,2,beginner
1919,23,beginner
1919,24,intermediate
1919,25,beginner
1919,28,beginner
1920,38,none
1920,44,beginner
1920,36,beginner
1920,39,beginner
1920,10,beginner
1920,20,none
1920,14,beginner
1920,17,intermediate
1920,12,none
1921,56,beginner
1921,51,beginner
1921,10,beginner
1921,14,beginner
1921,13,beginner
1921,19,beginner
1921,42,intermediate
1921,44,none
1921,46,beginner
1922,149,intermediate
1922,147,beginner
1922,138,beginner
1922,135,beginner
1922,136,intermediate
1922,139,intermediate
1922,140,beginner
1923,1,beginner
1923,3,none
1923,8,advanced
1923,7,beginner
1923,56,beginner
1923,49,none
1923,48,beginner
1923,53,beginner
1923,42,beginner
1923,37,beginner
1923,44,intermediate
1923,40,beginner
1924,86,beginner
1924,87,beginner
1924,57,intermediate
1924,58,beginner
1925,13,beginner
1925,12,beginner
1925,49,beginner
1925,53,beginner
1926,10,beginner
1926,20,none
1926,14,beginner
1926,12,beginner
1926,33,beginner
1926,32,intermediate
1926,34,beginner
1927,142,beginner
1927,145,beginner
1927,146,beginner
1927,149,beginner
1927,147,intermediate
1927,148,beginner
1927,154,intermediate
1927,150,intermediate
1928,76,none
1928,80,none
1928,78,advanced
1928,77,none
1928,86,intermediate
1928,81,beginner
1929,31,beginner
1929,33,beginner
1929,29,beginner
1929,44,none
1929,36,beginner
1929,38,beginner
1929,39,beginner
1930,33,beginner
1930,34,intermediate
1930,48,beginner
1930,49,intermediate
1930,51,intermediate
1931,146,beginner
1931,149,beginner
1931,147,intermediate
1931,148,beginner
1931,135,beginner
1931,139,beginner
1932,149,intermediate
1932,146,beginner
1932,148,none
1932,138,beginner
1932,137,intermediate
1933,1,beginner
1933,9,beginner
1933,37,intermediate
1933,38,beginner
1933,42,intermediate
1933,46,intermediate
1933,45,beginner
1934,67,none
1934,66,intermediate
1934,65,none
1934,70,beginner
1934,96,intermediate
1934,98,beginner
1935,23,beginner
1935,24,intermediate
1935,28,beginner
1935,32,beginner
1935,31,none
1935,33,beginner
1935,34,beginner
1936,94,beginner
1936,95,beginner
1936,89,beginner
1936,91,beginner
1936,73,advanced
1936,75,beginner
1936,96,beginner
1936,101,beginner
1937,1,beginner
1937,2,intermediate
1937,25,intermediate
1937,27,advanced
1938,104,none
1938,107,none
1938,121,beginner
1938,123,intermediate
1938,120,intermediate
1939,151,none
1939,150,beginner
1939,128,none
1939,134,intermediate
1939,130,beginner
1940,32,beginner
1940,30,beginner
1940,1,intermediate
1940,8,beginner
1940,5,beginner
1940,9,intermediate
1940,6,beginner
1940,38,beginner
1940,44,beginner
1940,36,beginner
1940,46,beginner
1941,76,beginner
1941,80,beginner
1941,77,beginner
1941,60,none
1941,57,beginner
1941,59,none
1941,62,intermediate
1942,36,beginner
1942,37,beginner
1942,40,none
1942,5,intermediate
1942,1,beginner
1942,8,intermediate
1942,6,intermediate
1942,7,none
1942,13,none
1942,10,intermediate
1942,18,none
1943,49,intermediate
1943,56,intermediate
1943,48,beginner
1943,50,beginner
1943,5,beginner
1943,2,beginner
1944,48,intermediate
1944,49,beginner
1944,56,beginner
1944,53,beginner
1944,42,intermediate
1944,44,beginner
1944,38,intermediate
1944,40,beginner
1945,38,beginner
1945,41,beginner
1945,25,beginner
1945,28,intermediate
1945,32,beginner
1945,31,beginner
1945,35,none
1946,128,intermediate
1946,131,beginner
1946,134,intermediate
1946,130,none
1946,146,beginner
1946,149,intermediate
1946,148,none
1947,48,intermediate
1947,56,intermediate
1947,49,intermediate
1947,51,beginner
1947,11,advanced
1947,17,intermediate
1948,110,beginner
1948,111,intermediate
1948,114,beginner
1948,113,beginner
1948,109,beginner
1948,104,intermediate
1948,106,beginner
1948,105,beginner
1948,116,advanced
1948,117,intermediate
1948,119,intermediate
1948,118,beginner
1949,54,beginner
1949,48,none
1949,51,beginner
1949,1,beginner
1949,8,beginner
1949,5,advanced
1949,7,beginner
1950,85,beginner
1950,84,beginner
1950,86,beginner
1950,88,intermediate
1950,72,intermediate
1950,75,beginner
1951,65,beginner
1951,66,advanced
1951,67,intermediate
1951,70,none
1951,89,beginner
1951,95,none
1951,94,beginner
1951,90,beginner
1951,91,beginner
1951,80,beginner
1951,76,beginner
1951,77,intermediate
1951,78,beginner
1952,134,beginner
1952,131,beginner
1952,132,none
1952,154,intermediate
1952,151,beginner
1952,153,beginner
1952,150,intermediate
1952,152,intermediate
1953,10,beginner
1953,11,beginner
1953,19,intermediate
1953,56,beginner
1953,53,intermediate
1954,37,beginner
1954,44,beginner
1954,36,beginner
1954,47,beginner
1954,40,beginner
1954,54,intermediate
1954,50,intermediate
1955,123,beginner
1955,121,beginner
1955,122,none
1955,120,beginner
1955,116,beginner
1955,117,intermediate
1955,119,beginner
1956,121,beginner
1956,123,beginner
1956,120,intermediate
1956,122,intermediate
1956,116,none
1956,118,intermediate
1956,104,intermediate
1956,109,none
1956,106,beginner
1956,108,beginner
1956,105,intermediate
1957,72,beginner
1957,73,advanced
1957,74,beginner
1957,75,intermediate
1957,60,intermediate
1957,57,intermediate
1957,59,beginner
1957,62,beginner
1957,61,beginner
1957,94,intermediate
1957,91,advanced
1958,5,none
1958,8,beginner
1958,1,intermediate
1958,2,advanced
1958,4,intermediate
1958,56,intermediate
1958,49,beginner
1958,54,advanced
1958,52,beginner
1959,42,beginner
1959,38,advanced
1959,37,beginner
1959,46,beginner
1959,47,intermediate
1959,33,beginner
1959,34,beginner
1960,127,beginner
1960,126,none
1960,124,beginner
1960,125,beginner
1960,117,beginner
1960,116,beginner
1960,118,beginner
1960,119,beginner
1960,109,beginner
1960,104,beginner
1960,106,intermediate
1960,107,beginner
1960,105,beginner
1961,76,beginner
1961,77,intermediate
1961,65,beginner
1961,67,beginner
1961,66,beginner
1961,69,beginner
1961,68,beginner
1962,60,beginner
1962,63,none
1962,89,beginner
1962,94,intermediate
1962,95,beginner
1962,92,none
1963,48,none
1963,50,intermediate
1963,42,advanced
1963,36,intermediate
1963,39,intermediate
1963,25,beginner
1963,24,intermediate
1963,26,none
1964,14,beginner
1964,12,beginner
1964,24,beginner
1964,23,beginner
1964,25,beginner
1964,26,none
1965,149,beginner
1965,146,intermediate
1965,147,beginner
1965,154,intermediate
1965,151,beginner
1965,152,beginner
1965,150,beginner
1966,116,beginner
1966,117,intermediate
1966,118,beginner
1966,127,none
1966,126,intermediate
1966,125,advanced
1966,124,intermediate
1967,36,beginner
1967,38,none
1967,37,beginner
1967,45,beginner
1967,3,beginner
1967,7,intermediate
1967,10,none
1967,11,none
1967,19,beginner
1968,128,intermediate
1968,131,beginner
1968,129,intermediate
1968,154,beginner
1968,151,beginner
1968,152,intermediate
1969,73,beginner
1969,74,intermediate
1969,95,beginner
1969,94,beginner
1969,89,none
1969,91,beginner
1969,90,beginner
1970,1,beginner
1970,5,none
1970,3,beginner
1970,9,beginner
1970,32,beginner
1970,33,intermediate
1970,31,beginner
1970,34,beginner
1971,38,beginner
1971,41,beginner
1971,3,intermediate
1971,5,intermediate
1971,1,beginner
1971,7,beginner
1971,48,intermediate
1971,53,beginner
1972,110,beginner
1972,111,none
1972,114,beginner
1972,112,beginner
1972,113,beginner
1972,127,beginner
1972,126,intermediate
1972,124,intermediate
1973,23,beginner
1973,25,beginner
1973,24,beginner
1973,28,beginner
1973,27,beginner
1973,3,beginner
1973,1,beginner
1973,8,intermediate
1973,7,beginner
1973,4,beginner
1974,85,beginner
1974,84,beginner
1974,88,intermediate
1974,89,intermediate
1974,92,beginner
1975,116,none
1975,117,beginner
1975,119,beginner
1975,106,beginner
1975,104,beginner
1975,108,none
1975,127,intermediate
1975,126,intermediate
1975,124,beginner
1976,3,beginner
1976,5,beginner
1976,2,beginner
1976,54,beginner
1976,56,advanced
1976,53,intermediate
1977,141,intermediate
1977,142,beginner
1977,144,beginner
1977,146,beginner
1977,149,beginner
1977,147,intermediate
1977,148,none
1978,44,beginner
1978,37,beginner
1978,38,intermediate
1978,40,beginner
1978,20,beginner
1978,14,beginner
1978,11,beginner
1978,18,beginner
1979,11,intermediate
1979,13,beginner
1979,17,intermediate
1979,25,beginner
1979,24,beginner
1979,23,intermediate
1979,27,intermediate
1980,59,none
1980,60,intermediate
1980,57,beginner
1980,63,none
1980,84,beginner
1980,82,beginner
1981,65,intermediate
1981,66,none
1981,68,none
1981,80,beginner
1981,76,beginner
1981,78,intermediate
1981,77,beginner
1981,79,beginner
1982,48,none
1982,49,beginner
1982,52,beginner
1982,38,beginner
1982,44,beginner
1982,47,none
1982,20,beginner
1982,12,beginner
1983,57,beginner
1983,58,beginner
1983,72,beginner
1983,71,intermediate
1984,146,beginner
1984,149,none
1984,148,beginner
1984,151,beginner
1984,154,beginner
1984,152,beginner
1984,150,beginner
1984,153,beginner
1985,123,intermediate
1985,121,advanced
1985,120,beginner
1985,110,none
1985,115,beginner
1985,126,beginner
1985,127,beginner
1985,124,none
1985,125,intermediate
1986,110,beginner
1986,111,intermediate
1986,114,none
1986,113,advanced
1986,115,beginner
1986,117,intermediate
1986,116,beginner
1986,119,intermediate
1986,118,beginner
1987,20,none
1987,12,beginner
1987,23,beginner
1987,25,beginner
1987,24,beginner
1987,27,beginner
1988,54,none
1988,53,beginner
1988,31,beginner
1988,34,beginner
1989,86,intermediate
1989,85,none
1989,88,beginner
1989,60,none
1989,59,none
1989,57,intermediate
1989,64,beginner
1989,63,beginner
1990,10,beginner
1990,13,intermediate
1990,21,beginner
1990,44,beginner
1990,37,none
1990,42,none
1990,43,intermediate
1990,39,beginner
1990,3,beginner
1990,1,beginner
1990,6,intermediate
1991,111,advanced
1991,110,advanced
1991,114,intermediate
1991,112,beginner
1991,121,advanced
1991,123,beginner
1991,120,beginner
1991,122,none
1992,42,beginner
1992,38,intermediate
1992,47,beginner
1992,31,beginner
1992,32,none
1992,35,intermediate
1993,54,intermediate
1993,49,beginner
1993,56,none
1993,52,intermediate
1993,42,intermediate
1993,37,beginner
1993,36,intermediate
1993,43,beginner
1994,37,beginner
1994,38,intermediate
1994,36,beginner
1994,47,intermediate
1994,25,beginner
1994,23,beginner
1994,27,intermediate
1995,48,intermediate
1995,56,beginner
1995,54,intermediate
1995,51,beginner
1995,53,beginner
1995,32,none
1995,31,intermediate
1995,30,beginner
1996,32,beginner
1996,31,none
1996,33,beginner
1996,29,none
1996,35,beginner
1996,5,beginner
1996,1,beginner
1996,3,beginner
1996,7,intermediate
1996,6,intermediate
1997,76,none
1997,79,none
1997,96,intermediate
1997,100,none
1998,80,none
1998,76,beginner
1998,78,beginner
1998,72,beginner
1998,73,intermediate
1998,71,intermediate
1998,75,intermediate
1999,38,beginner
1999,37,none
1999,44,beginner
1999,40,beginner
1999,39,beginner
1999,23,none
1999,24,beginner
1999,26,intermediate
2000,38,intermediate
2000,37,intermediate
2000,41,none
2000,10,beginner
2000,13,intermediate
2000,11,intermediate
2000,12,beginner
2001,126,beginner
2001,127,intermediate
2001,125,none
2001,124,beginner
2001,121,intermediate
2001,120,beginner
2001,116,none
2001,119,beginner
2002,38,none
2002,36,none
2002,42,beginner
2002,41,beginner
2002,46,beginner
2002,25,none
2002,24,beginner
2002,27,beginner
2003,95,beginner
2003,94,intermediate
2003,91,beginner
2003,76,intermediate
2003,80,beginner
2003,78,intermediate
2003,77,advanced
2003,79,beginner
2004,86,beginner
2004,83,beginner
2004,65,beginner
2004,66,beginner
2004,70,beginner
2005,89,advanced
2005,90,beginner
2005,86,beginner
2005,88,intermediate
2006,117,beginner
2006,116,beginner
2006,118,beginner
2006,121,beginner
2006,123,none
2006,120,advanced
2006,104,none
2006,107,none
2007,67,beginner
2007,66,intermediate
2007,65,intermediate
2007,70,beginner
2007,80,beginner
2007,76,beginner
2007,77,beginner
2007,86,intermediate
2007,85,beginner
2007,84,beginner
2007,88,intermediate
2007,82,beginner
2008,142,beginner
2008,141,beginner
2008,143,beginner
2008,144,beginner
2008,145,beginner
2008,128,beginner
2008,134,beginner
2008,133,beginner
2008,151,beginner
2008,152,none
2009,126,intermediate
2009,127,intermediate
2009,124,beginner
2009,125,beginner
2009,104,intermediate
2009,106,beginner
2009,109,beginner
2009,105,beginner
2010,48,beginner
2010,54,beginner
2010,56,beginner
2010,53,beginner
2010,37,beginner
2010,36,none
2010,38,beginner
2010,39,beginner
2011,24,beginner
2011,25,none
2011,27,beginner
2011,49,beginner
2011,54,beginner
2011,55,intermediate
2012,14,none
2012,15,none
2012,44,beginner
2012,41,intermediate
2013,8,beginner
2013,1,beginner
2013,6,beginner
2013,49,beginner
2013,48,beginner
2013,54,beginner
2013,50,intermediate
2014,57,beginner
2014,60,beginner
2014,58,none
2014,73,beginner
2014,72,beginner
2014,74,intermediate
2014,75,beginner
2015,42,beginner
2015,36,none
2015,43,intermediate
2015,32,beginner
2015,31,intermediate
2015,33,beginner
2015,30,beginner
2016,23,beginner
2016,24,intermediate
2016,22,none
2016,1,intermediate
2016,4,beginner
2017,44,none
2017,38,beginner
2017,40,beginner
2017,13,none
2017,14,beginner
2017,10,beginner
2017,21,beginner
2017,12,beginner
2018,84,beginner
2018,83,none
2018,72,intermediate
2018,73,none
2018,75,intermediate
2018,71,beginner
2018,74,beginner
2018,76,beginner
2018,80,beginner
2018,77,advanced
2018,78,none
2019,66,beginner
2019,68,beginner
2019,89,beginner
2019,93,beginner
2019,76,advanced
2019,80,beginner
2019,78,beginner
2019,79,beginner
2020,146,intermediate
2020,149,beginner
2020,148,intermediate
2020,154,intermediate
2020,151,beginner
2020,152,intermediate
2021,56,beginner
2021,54,intermediate
2021,49,beginner
2021,50,beginner
2021,31,beginner
2021,33,beginner
2021,35,beginner
2022,13,none
2022,14,beginner
2022,21,beginner
2022,5,beginner
2022,1,intermediate
2022,7,beginner
2023,154,beginner
2023,151,beginner
2023,150,beginner
2023,153,beginner
2023,152,beginner
2023,131,none
2023,128,beginner
2023,133,intermediate
2024,80,intermediate
2024,78,intermediate
2024,67,none
2024,65,beginner
2024,69,beginner
2025,80,beginner
2025,77,beginner
2025,66,beginner
2025,67,beginner
2025,68,none
2026,103,beginner
2026,96,intermediate
2026,97,beginner
2026,98,none
2026,67,intermediate
2026,66,beginner
2026,65,none
2026,69,beginner
2027,24,beginner
2027,23,beginner
2027,25,none
2027,27,intermediate
2027,37,beginner
2027,46,beginner
2028,126,beginner
2028,124,beginner
2028,106,intermediate
2028,105,beginner
2029,86,beginner
2029,82,intermediate
2029,72,beginner
2029,73,none
2029,71,beginner
2030,94,none
2030,95,beginner
2030,91,none
2030,96,intermediate
2030,97,beginner
2030,103,intermediate
2030,99,intermediate
2031,57,beginner
2031,59,beginner
2031,61,beginner
2031,85,beginner
2031,86,beginner
2031,84,beginner
2031,82,intermediate
2032,54,beginner
2032,49,beginner
2032,48,beginner
2032,50,advanced
2032,32,beginner
2032,33,beginner
2032,31,intermediate
2032,29,beginner
2033,38,beginner
2033,44,beginner
2033,46,intermediate
2033,54,beginner
2033,51,beginner
2033,3,beginner
2033,1,none
2033,6,advanced
2034,109,intermediate
2034,104,beginner
2034,107,intermediate
2034,123,beginner
2034,121,intermediate
2034,120,beginner
2034,122,intermediate
2035,73,beginner
2035,71,intermediate
2035,76,none
2035,80,beginner
2035,79,beginner
2036,32,beginner
2036,31,beginner
2036,29,beginner
2036,37,none
2036,38,intermediate
2036,36,beginner
2036,40,beginner
2037,25,beginner
2037,23,intermediate
2037,24,intermediate
2037,26,beginner
2037,5,none
2037,1,intermediate
2037,4,advanced
2038,146,intermediate
2038,149,beginner
2038,147,beginner
2038,141,beginner
2038,142,beginner
2038,143,none
2039,24,beginner
2039,23,beginner
2039,25,intermediate
2039,28,intermediate
2039,48,none
2039,49,beginner
2039,56,intermediate
2039,51,beginner
2039,53,beginner
2040,32,beginner
2040,33,beginner
2040,31,beginner
2040,30,intermediate
2040,34,beginner
2040,5,intermediate
2040,1,none
2040,3,intermediate
2040,4,beginner
2040,2,beginner
2040,54,intermediate
2040,56,beginner
2040,55,beginner
2041,95,none
2041,89,intermediate
2041,94,beginner
2041,90,beginner
2041,66,beginner
2041,65,beginner
2041,67,beginner
2041,68,intermediate
2041,70,intermediate
2041,57,beginner
2041,60,none
2041,59,beginner
2041,63,intermediate
2042,127,beginner
2042,126,none
2042,125,beginner
2042,123,intermediate
2042,121,beginner
2042,120,beginner
2042,122,intermediate
2042,106,beginner
2042,109,none
2042,104,beginner
2042,107,beginner
2043,97,beginner
2043,96,intermediate
2043,103,beginner
2043,98,intermediate
2043,100,beginner
2043,86,beginner
2043,85,beginner
2043,88,none
2044,104,none
2044,108,beginner
2044,126,intermediate
2044,125,beginner
2045,56,none
2045,49,none
2045,50,beginner
2045,37,beginner
2045,46,intermediate
2046,149,intermediate
2046,146,beginner
2046,147,beginner
2046,138,beginner
2046,140,beginner
2047,142,intermediate
2047,144,none
2047,151,none
2047,154,beginner
2047,153,beginner
2047,152,beginner
2047,150,beginner
2048,84,intermediate
2048,85,beginner
2048,86,advanced
2048,81,beginner
2048,72,none
2048,73,beginner
2048,71,intermediate
2048,74,intermediate
2049,60,beginner
2049,59,none
2049,57,beginner
2049,58,beginner
2049,97,intermediate
2049,96,beginner
2049,103,intermediate
2049,98,intermediate
2050,20,none
2050,18,beginner
2050,56,beginner
2050,49,beginner
2050,54,intermediate
2050,50,beginner
2051,13,beginner
2051,20,beginner
2051,14,beginner
2051,15,intermediate
2051,18,beginner
2051,23,beginner
2051,24,none
2051,25,beginner
2051,22,beginner
2051,26,none
2052,42,advanced
2052,36,beginner
2052,40,beginner
2052,5,beginner
2052,7,beginner
2052,48,beginner
2052,49,intermediate
2052,56,none
2052,55,intermediate
2053,3,beginner
2053,5,advanced
2053,8,beginner
2053,9,beginner
2053,11,beginner
2053,14,beginner
2053,21,beginner
2054,146,beginner
2054,149,none
2054,148,beginner
2054,147,beginner
2054,128,intermediate
2054,132,intermediate
2055,37,beginner
2055,47,beginner
2055,24,none
2055,23,beginner
2055,25,intermediate
2055,28,beginner
2056,73,beginner
2056,72,intermediate
2056,71,intermediate
2056,75,beginner
2056,74,beginner
2056,59,beginner
2056,63,beginner
2057,48,beginner
2057,56,beginner
2057,52,beginner
2057,5,none
2057,3,beginner
2057,9,beginner
2058,38,beginner
2058,42,beginner
2058,37,intermediate
2058,47,beginner
2058,43,beginner
2058,20,beginner
2058,13,beginner
2058,10,beginner
2058,15,beginner
2058,12,beginner
2058,31,beginner
2058,29,intermediate
2059,37,beginner
2059,44,beginner
2059,45,intermediate
2059,3,intermediate
2059,8,none
2059,7,beginner
2060,8,beginner
2060,6,beginner
2060,23,intermediate
2060,28,beginner
2061,73,intermediate
2061,72,beginner
2061,71,beginner
2061,65,beginner
2061,70,beginner
2061,96,intermediate
2061,97,beginner
2061,103,beginner
2061,102,beginner
2061,99,beginner
2062,141,beginner
2062,142,beginner
2062,145,beginner
2062,143,beginner
2062,149,none
2062,148,beginner
2063,20,intermediate
2063,13,none
2063,11,none
2063,19,beginner
2063,54,beginner
2063,49,none
2063,56,beginner
2063,55,intermediate
2063,50,beginner
2064,141,beginner
2064,144,beginner
2064,128,beginner
2064,131,beginner
2064,134,beginner
2064,133,beginner
2064,129,intermediate
2065,60,beginner
2065,57,intermediate
2065,59,beginner
2065,62,beginner
2065,103,beginner
2065,97,beginner
2065,101,beginner
2066,80,intermediate
2066,79,beginner
2066,89,beginner
2066,92,beginner
2067,1,beginner
2067,5,beginner
2067,3,beginner
2067,9,intermediate
2067,6,intermediate
2067,37,beginner
2067,36,beginner
2067,44,beginner
2067,41,intermediate
2067,46,intermediate
2068,8,beginner
2068,5,advanced
2068,3,beginner
2068,6,intermediate
2068,2,beginner
2068,32,beginner
2068,31,beginner
2068,35,beginner
2069,127,beginner
2069,126,beginner
2069,125,beginner
2069,104,beginner
2069,109,beginner
2069,106,beginner
2069,108,advanced
2069,105,beginner
2069,110,intermediate
2069,114,beginner
2069,111,beginner
2069,113,intermediate
2070,97,intermediate
2070,103,beginner
2070,96,beginner
2070,101,beginner
2070,57,beginner
2070,60,beginner
2070,58,intermediate
2070,89,beginner
2070,93,none
2071,32,beginner
2071,31,advanced
2071,33,beginner
2071,29,beginner
2071,13,beginner
2071,14,beginner
2071,19,none
2072,116,beginner
2072,117,intermediate
2072,119,intermediate
2072,110,none
2072,112,beginner
2073,23,beginner
2073,25,beginner
2073,27,beginner
2073,33,beginner
2073,34,none
2074,114,beginner
2074,110,none
2074,112,beginner
2074,123,advanced
2074,122,beginner
2075,48,intermediate
2075,56,beginner
2075,55,none
2075,24,beginner
2075,25,intermediate
2075,28,beginner
2076,141,beginner
2076,142,intermediate
2076,143,intermediate
2076,136,none
2076,137,beginner
2077,37,beginner
2077,40,beginner
2077,33,intermediate
2077,31,beginner
2077,32,none
2077,34,beginner
2078,20,beginner
2078,11,beginner
2078,10,beginner
2078,17,intermediate
2078,31,beginner
2078,33,intermediate
2078,32,none
2078,34,beginner
2079,86,beginner
2079,88,beginner
2079,96,beginner
2079,98,beginner
2080,24,intermediate
2080,23,beginner
2080,25,beginner
2080,28,beginner
2080,32,beginner
2080,31,intermediate
2080,34,intermediate
2081,136,beginner
2081,135,beginner
2081,140,beginner
2081,141,intermediate
2081,142,beginner
2081,143,beginner
2081,145,beginner
2082,80,beginner
2082,76,beginner
2082,77,intermediate
2082,79,beginner
2082,73,beginner
2082,72,beginner
2082,71,beginner
2082,74,none
2082,103,beginner
2082,97,none
2082,96,beginner
2082,101,none
2082,102,beginner
2083,44,beginner
2083,37,none
2083,43,none
2083,33,beginner
2083,32,beginner
2083,31,beginner
2083,35,none
2083,13,intermediate
2083,10,beginner
2083,21,beginner
2084,42,beginner
2084,44,beginner
2084,45,beginner
2084,48,none
2084,54,none
2084,53,intermediate
2085,154,none
2085,150,beginner
2085,142,intermediate
2085,141,intermediate
2085,145,none
2086,94,intermediate
2086,91,beginner
2086,72,beginner
2086,73,none
2086,74,intermediate
2087,104,intermediate
2087,105,intermediate
2087,127,beginner
2087,126,intermediate
2087,125,beginner
2088,44,beginner
2088,42,beginner
2088,39,beginner
2088,49,beginner
2088,54,beginner
2088,56,beginner
2088,52,none
2089,141,none
2089,142,none
2089,144,beginner
2089,146,intermediate
2089,149,none
2089,147,intermediate
2089,148,none
2089,128,beginner
2089,133,none
2090,97,none
2090,100,beginner
2090,72,intermediate
2090,73,beginner
2090,74,beginner
2090,75,beginner
2090,71,intermediate
2091,59,intermediate
2091,60,beginner
2091,64,beginner
2091,89,beginner
2091,94,beginner
2091,91,beginner
2092,38,intermediate
2092,36,intermediate
2092,40,beginner
2092,8,beginner
2092,3,none
2092,2,beginner
2093,8,beginner
2093,2,none
2093,14,beginner
2093,13,beginner
2093,11,intermediate
2093,18,intermediate
2093,17,none
2094,136,beginner
2094,137,none
2094,128,advanced
2094,131,intermediate
2094,133,intermediate
2095,154,beginner
2095,151,beginner
2095,150,intermediate
2095,146,beginner
2095,149,beginner
2095,147,intermediate
2095,135,beginner
2095,138,beginner
2095,137,beginner
2096,33,beginner
2096,34,beginner
2096,54,intermediate
2096,49,beginner
2096,55,beginner
2096,1,beginner
2096,3,intermediate
2096,8,beginner
2096,4,intermediate
2097,135,beginner
2097,138,intermediate
2097,140,intermediate
2097,146,beginner
2097,149,none
2097,147,beginner
2098,3,intermediate
2098,5,beginner
2098,8,beginner
2098,6,intermediate
2098,54,intermediate
2098,48,none
2098,49,beginner
2098,53,beginner
2098,36,beginner
2098,44,none
2098,37,intermediate
2098,41,beginner
2098,43,beginner
2099,25,beginner
2099,23,beginner
2099,24,beginner
2099,26,beginner
2099,5,intermediate
2099,2,beginner
2099,36,beginner
2099,44,intermediate
2099,43,beginner
2100,54,beginner
2100,56,beginner
2100,49,beginner
2100,53,beginner
2100,52,beginner
2100,20,none
2100,10,beginner
2100,17,intermediate
2101,32,beginner
2101,33,beginner
2101,30,beginner
2101,5,intermediate
2101,8,beginner
2101,3,none
2101,6,beginner
2101,4,intermediate
2101,25,intermediate
2101,27,intermediate
2102,14,intermediate
2102,12,beginner
2102,33,intermediate
2102,32,none
2102,30,beginner
2102,56,beginner
2102,48,beginner
2102,50,beginner
2103,33,intermediate
2103,32,beginner
2103,30,beginner
2103,37,beginner
2103,38,beginner
2103,45,beginner
2104,13,beginner
2104,16,beginner
2104,24,beginner
2104,23,beginner
2104,25,none
2104,27,intermediate
2105,117,intermediate
2105,116,intermediate
2105,119,beginner
2105,114,beginner
2105,113,beginner
2106,110,beginner
2106,114,intermediate
2106,111,beginner
2106,115,beginner
2106,113,intermediate
2106,126,none
2106,127,beginner
2106,125,beginner
2107,84,intermediate
2107,81,none
2107,72,beginner
2107,75,none
2108,13,beginner
2108,15,beginner
2108,5,beginner
2108,1,beginner
2108,8,beginner
2108,2,intermediate
2108,56,advanced
2108,48,beginner
2108,55,beginner
2109,114,beginner
2109,111,beginner
2109,115,beginner
2109,123,advanced
2109,121,intermediate
2109,120,intermediate
2109,122,beginner
2110,23,beginner
2110,25,beginner
2110,22,beginner
2110,33,beginner
2110,31,intermediate
2110,32,beginner
2110,34,beginner
2110,35,beginner
2111,109,beginner
2111,106,beginner
2111,104,intermediate
2111,105,beginner
2111,117,intermediate
2111,116,none
2111,118,beginner
2111,119,beginner
2112,73,none
2112,72,none
2112,75,beginner
2112,66,advanced
2112,69,none
2112,103,beginner
2112,100,none
2113,25,beginner
2113,24,beginner
2113,26,beginner
2113,48,intermediate
2113,49,beginner
2113,56,beginner
2113,53,intermediate
2114,37,none
2114,36,none
2114,40,beginner
2114,24,advanced
2114,25,intermediate
2114,23,beginner
2114,22,none
2115,126,none
2115,127,beginner
2115,124,none
2115,116,beginner
2115,119,intermediate
2116,136,intermediate
2116,139,none
2116,146,beginner
2116,149,none
2116,148,intermediate
2116,147,beginner
2117,66,beginner
2117,65,beginner
2117,70,none
2117,103,intermediate
2117,97,beginner
2117,102,beginner
2118,131,beginner
2118,128,none
2118,134,beginner
2118,133,none
2118,129,beginner
2118,141,beginner
2118,143,none
2119,146,beginner
2119,149,beginner
2119,148,none
2119,136,intermediate
2119,140,beginner
2120,56,beginner
2120,54,beginner
2120,48,beginner
2120,52,beginner
2120,50,beginner
2120,3,intermediate
2120,1,none
2120,7,beginner
2121,114,none
2121,111,beginner
2121,110,beginner
2121,112,none
2121,115,beginner
2121,127,intermediate
2121,126,beginner
2121,125,beginner
2121,124,beginner
2122,56,intermediate
2122,54,beginner
2122,48,advanced
2122,55,beginner
2122,31,beginner
2122,32,beginner
2122,35,none
2123,96,advanced
2123,103,advanced
2123,102,beginner
2123,65,beginner
2123,66,beginner
2123,67,intermediate
2123,68,none
2123,69,intermediate
2124,23,beginner
2124,24,intermediate
2124,27,beginner
2124,14,beginner
2124,12,intermediate
2125,138,beginner
2125,136,beginner
2125,137,beginner
2125,134,none
2125,128,intermediate
2125,129,beginner
2126,111,intermediate
2126,110,none
2126,114,beginner
2126,115,beginner
2126,109,none
2126,104,intermediate
2126,106,beginner
2126,107,beginner
2127,11,beginner
2127,10,advanced
2127,16,beginner
2127,44,beginner
2127,38,beginner
2127,36,intermediate
2127,45,beginner
2128,1,none
2128,4,beginner
2128,38,beginner
2128,42,beginner
2128,46,beginner
2129,13,intermediate
2129,11,beginner
2129,10,beginner
2129,19,none
2129,31,beginner
2129,32,beginner
2129,33,intermediate
2129,29,beginner
2129,34,intermediate
2130,116,beginner
2130,117,none
2130,118,beginner
2130,121,beginner
2130,123,none
2130,122,beginner
2130,120,beginner
2131,136,beginner
2131,140,beginner
2131,134,beginner
2131,128,intermediate
2131,132,intermediate
2132,38,none
2132,44,none
2132,42,beginner
2132,46,intermediate
2132,40,beginner
2132,25,beginner
2132,23,beginner
2132,27,beginner
2132,14,intermediate
2132,13,intermediate
2132,11,intermediate
2132,18,none
2133,97,advanced
2133,100,beginner
2133,73,beginner
2133,72,beginner
2133,75,beginner
2133,71,beginner
2133,66,beginner
2133,70,none
2134,57,beginner
2134,58,advanced
2134,85,beginner
2134,86,beginner
2134,84,beginner
2134,83,beginner
2135,10,beginner
2135,13,beginner
2135,14,intermediate
2135,21,beginner
2135,15,none
2135,5,beginner
2135,3,beginner
2135,4,intermediate
2136,73,beginner
2136,75,beginner
2136,89,beginner
2136,95,beginner
2136,94,intermediate
2136,93,none
2136,92,beginner
2137,32,intermediate
2137,33,beginner
2137,34,beginner
2137,25,beginner
2137,24,none
2137,27,intermediate
2138,25,intermediate
2138,23,intermediate
2138,28,beginner
2138,38,none
2138,44,beginner
2138,46,intermediate
2139,23,intermediate
2139,24,beginner
2139,25,none
2139,27,intermediate
2139,3,beginner
2139,2,beginner
2140,149,intermediate
2140,146,none
2140,147,beginner
2140,148,beginner
2140,151,none
2140,154,intermediate
2140,153,beginner
2141,8,intermediate
2141,3,beginner
2141,2,beginner
2141,25,none
2141,26,beginner
2142,33,beginner
2142,32,intermediate
2142,29,none
2142,11,beginner
2142,13,none
2142,18,beginner
2143,116,beginner
2143,117,beginner
2143,118,beginner
2143,119,beginner
2143,126,beginner
2143,127,beginner
2143,124,beginner
2143,125,beginner
2144,141,none
2144,143,intermediate
2144,134,beginner
2144,131,intermediate
2144,133,intermediate
2144,154,beginner
2144,151,beginner
2144,150,intermediate
2145,97,beginner
2145,103,beginner
2145,99,none
2145,66,beginner
2145,67,intermediate
2145,70,intermediate
2146,24,beginner
2146,23,intermediate
2146,25,advanced
2146,26,beginner
2146,48,intermediate
2146,49,none
2146,54,beginner
2146,51,beginner
2147,80,intermediate
2147,76,beginner
2147,79,beginner
2147,96,beginner
2147,97,beginner
2147,101,beginner
2148,3,beginner
2148,1,none
2148,5,advanced
2148,4,beginner
2148,7,beginner
2148,33,intermediate
2148,29,beginner
2148,11,intermediate
2148,20,intermediate
2148,10,intermediate
2148,19,intermediate
2149,73,none
2149,72,beginner
2149,71,beginner
2149,80,intermediate
2149,76,beginner
2149,78,beginner
2150,3,beginner
2150,5,beginner
2150,7,intermediate
2150,10,beginner
2150,13,beginner
2150,14,beginner
2150,18,beginner
2151,5,intermediate
2151,1,intermediate
2151,3,beginner
2151,9,none
2151,44,advanced
2151,37,beginner
2151,43,intermediate
2152,23,intermediate
2152,26,beginner
2152,31,advanced
2152,34,beginner
2152,42,beginner
2152,36,intermediate
2152,47,none
2153,110,none
2153,113,none
2153,123,none
2153,120,beginner
2154,23,beginner
2154,27,beginner
2154,54,beginner
2154,56,none
2154,48,intermediate
2154,53,beginner
2155,42,intermediate
2155,36,beginner
2155,44,beginner
2155,43,beginner
2155,41,beginner
2155,31,intermediate
2155,32,intermediate
2155,30,beginner
2156,76,intermediate
2156,80,beginner
2156,78,beginner
2156,79,beginner
2156,72,beginner
2156,74,beginner
2157,106,beginner
2157,109,beginner
2157,104,intermediate
2157,105,beginner
2157,110,beginner
2157,115,intermediate
2158,1,none
2158,3,beginner
2158,5,none
2158,7,beginner
2158,11,none
2158,13,beginner
2158,20,beginner
2158,16,advanced
2159,72,beginner
2159,73,beginner
2159,71,beginner
2159,74,intermediate
2159,75,beginner
2159,94,beginner
2159,95,intermediate
2159,89,beginner
2159,90,beginner
2159,93,beginner
2160,94,beginner
2160,89,beginner
2160,95,beginner
2160,90,beginner
2160,66,beginner
2160,67,beginner
2160,68,intermediate
2161,10,intermediate
2161,16,none
2161,49,intermediate
2161,54,beginner
2161,56,advanced
2161,51,beginner
2162,149,none
2162,146,beginner
2162,147,none
2162,135,beginner
2162,136,beginner
2162,139,beginner
2163,106,beginner
2163,109,none
2163,104,advanced
2163,107,beginner
2163,123,intermediate
2163,121,intermediate
2163,120,intermediate
2163,110,beginner
2163,112,beginner
2164,54,beginner
2164,49,beginner
2164,48,beginner
2164,53,none
2164,1,beginner
2164,8,none
2164,3,beginner
2164,2,beginner
2164,6,none
2165,56,beginner
2165,54,beginner
2165,49,intermediate
2165,51,intermediate
2165,8,intermediate
2165,2,none
2166,13,advanced
2166,20,beginner
2166,18,beginner
2166,24,intermediate
2166,25,none
2166,23,beginner
2166,27,intermediate
2167,42,none
2167,46,none
2167,25,beginner
2167,23,beginner
2167,24,beginner
2167,22,intermediate
2168,59,intermediate
2168,57,beginner
2168,60,intermediate
2168,64,advanced
2168,65,beginner
2168,67,none
2168,66,intermediate
2168,69,beginner
2169,154,beginner
2169,151,advanced
2169,150,beginner
2169,134,beginner
2169,129,beginner
2169,146,beginner
2169,149,none
2169,147,beginner
2170,121,none
2170,120,beginner
2170,126,beginner
2170,127,beginner
2170,124,beginner
2170,104,beginner
2170,106,beginner
2170,109,beginner
2170,105,beginner
2171,36,intermediate
2171,44,beginner
2171,43,beginner
2171,31,beginner
2171,32,beginner
2171,33,none
2171,30,beginner
2172,32,beginner
2172,31,intermediate
2172,33,intermediate
2172,29,none
2172,23,beginner
2172,25,none
2172,27,beginner
2172,49,beginner
2172,56,beginner
2172,48,beginner
2172,51,beginner
2173,42,intermediate
2173,38,intermediate
2173,44,beginner
2173,47,advanced
2173,54,beginner
2173,49,beginner
2173,51,beginner
2174,65,intermediate
2174,69,beginner
2174,86,none
2174,85,beginner
2174,84,beginner
2174,81,beginner
2174,80,intermediate
2174,76,beginner
2174,78,none
2174,77,beginner
2174,79,beginner
2175,23,beginner
2175,25,beginner
2175,24,beginner
2175,28,beginner
2175,31,beginner
2175,32,beginner
2175,33,none
2175,30,beginner
2175,8,beginner
2175,2,intermediate
2176,151,beginner
2176,153,beginner
2176,131,beginner
2176,134,beginner
2176,128,beginner
2176,130,beginner
2176,135,beginner
2176,136,beginner
2176,138,beginner
2176,139,beginner
2177,127,none
2177,126,beginner
2177,125,beginner
2177,124,intermediate
2177,104,intermediate
2177,109,beginner
2177,108,intermediate
2178,42,none
2178,38,beginner
2178,37,beginner
2178,47,none
2178,41,beginner
2178,31,beginner
2178,29,beginner
2179,96,beginner
2179,98,none
2179,73,beginner
2179,72,intermediate
2179,71,beginner
2179,74,intermediate
2180,73,none
2180,72,beginner
2180,71,intermediate
2180,80,beginner
2180,76,intermediate
2180,77,beginner
2181,106,intermediate
2181,108,intermediate
2181,110,advanced
2181,113,beginner
2182,65,beginner
2182,66,beginner
2182,67,beginner
2182,69,beginner
2182,76,beginner
2182,80,beginner
2182,77,none
2182,78,beginner
2182,79,beginner
2183,14,intermediate
2183,13,beginner
2183,17,beginner
2183,38,beginner
2183,36,intermediate
2183,44,intermediate
2183,46,beginner
2183,40,none
2183,25,beginner
2183,22,beginner
2184,66,beginner
2184,67,none
2184,65,beginner
2184,69,intermediate
2184,70,intermediate
2184,96,beginner
2184,101,beginner
2185,38,beginner
2185,44,intermediate
2185,36,beginner
2185,39,none
2185,49,beginner
2185,48,none
2185,54,beginner
2185,50,beginner
2186,65,beginner
2186,68,intermediate
2186,95,intermediate
2186,89,beginner
2186,92,beginner
2187,37,beginner
2187,38,intermediate
2187,41,none
2187,13,beginner
2187,14,none
2187,15,beginner
2188,60,beginner
2188,57,beginner
2188,61,beginner
2188,95,advanced
2188,94,intermediate
2188,93,intermediate
2189,110,beginner
2189,114,none
2189,111,none
2189,113,beginner
2189,123,beginner
2189,121,beginner
2189,120,beginner
2190,5,beginner
2190,8,beginner
2190,1,beginner
2190,4,beginner
2190,23,beginner
2190,25,intermediate
2190,26,beginner
2191,56,advanced
2191,55,advanced
2191,23,beginner
2191,25,beginner
2191,27,beginner
2192,123,none
2192,121,beginner
2192,120,beginner
2192,122,intermediate
2192,104,beginner
2192,106,beginner
2192,109,intermediate
2192,107,beginner
2192,126,beginner
2192,127,beginner
2192,124,none
2193,38,beginner
2193,37,intermediate
2193,44,intermediate
2193,46,intermediate
2193,41,intermediate
2193,14,beginner
2193,10,none
2193,13,intermediate
2193,21,beginner
2194,103,intermediate
2194,97,none
2194,96,beginner
2194,100,intermediate
2194,101,beginner
2194,57,beginner
2194,59,intermediate
2194,60,intermediate
2194,64,beginner
2195,86,intermediate
2195,85,beginner
2195,81,intermediate
2195,66,beginner
2195,67,intermediate
2195,69,intermediate
2196,3,intermediate
2196,1,none
2196,9,beginner
2196,20,intermediate
2196,14,none
2196,16,intermediate
2196,31,intermediate
2196,29,beginner
2197,117,none
2197,116,intermediate
2197,118,intermediate
2197,119,intermediate
2197,126,advanced
2197,127,beginner
2197,125,beginner
2198,72,none
2198,73,beginner
2198,75,none
2198,74,beginner
2198,94,beginner
2198,93,none
2199,73,beginner
2199,72,intermediate
2199,71,intermediate
2199,89,beginner
2199,94,intermediate
2199,95,beginner
2199,93,beginner
2200,25,none
2200,22,beginner
2200,32,beginner
2200,31,intermediate
2200,33,none
2200,30,beginner
2200,3,intermediate
2200,8,beginner
2200,1,intermediate
2200,9,none
2200,4,beginner
2201,20,beginner
2201,11,beginner
2201,17,intermediate
2201,38,beginner
2201,37,beginner
2201,44,intermediate
2201,47,beginner
2202,23,none
2202,24,beginner
2202,25,beginner
2202,22,beginner
2202,13,intermediate
2202,11,intermediate
2202,14,beginner
2202,16,advanced
2203,151,beginner
2203,154,beginner
2203,152,beginner
2203,150,beginner
2203,136,intermediate
2203,138,beginner
2203,135,none
2203,139,beginner
2204,127,beginner
2204,126,advanced
2204,125,none
2204,124,none
2204,121,beginner
2204,123,intermediate
2204,122,none
2204,120,beginner
2205,121,beginner
2205,123,intermediate
2205,122,intermediate
2205,120,beginner
2205,114,beginner
2205,110,beginner
2205,111,intermediate
2205,115,advanced
2206,56,beginner
2206,48,beginner
2206,49,beginner
2206,51,none
2206,3,none
2206,5,intermediate
2206,1,none
2206,2,none
2207,80,beginner
2207,76,beginner
2207,77,beginner
2207,78,intermediate
2207,94,beginner
2207,89,beginner
2207,93,intermediate
2208,104,intermediate
2208,107,beginner
2208,121,intermediate
2208,123,beginner
2208,122,beginner
2208,120,beginner
2209,95,beginner
2209,89,beginner
2209,94,none
2209,92,intermediate
2209,91,beginner
2209,103,beginner
2209,97,beginner
2209,96,beginner
2209,101,beginner
2210,3,beginner
2210,5,beginner
2210,1,beginner
2210,7,beginner
2210,32,beginner
2210,31,none
2210,30,beginner
2211,104,beginner
2211,109,beginner
2211,107,beginner
2211,110,beginner
2211,111,intermediate
2211,114,beginner
2211,112,intermediate
2212,10,intermediate
2212,14,beginner
2212,11,beginner
2212,19,intermediate
2212,37,none
2212,36,beginner
2212,46,beginner
2213,23,beginner
2213,24,beginner
2213,25,beginner
2213,27,beginner
2213,20,beginner
2213,14,beginner
2213,15,beginner
2214,128,intermediate
2214,131,beginner
2214,134,beginner
2214,133,beginner
2214,132,intermediate
2214,136,beginner
2214,138,beginner
2214,137,beginner
2215,89,intermediate
2215,94,intermediate
2215,95,advanced
2215,93,intermediate
2215,90,none
2215,59,advanced
2215,57,beginner
2215,60,intermediate
2215,61,beginner
2216,36,beginner
2216,38,beginner
2216,37,beginner
2216,39,none
2216,10,beginner
2216,13,beginner
2216,15,beginner
2217,60,intermediate
2217,59,intermediate
2217,57,none
2217,58,advanced
2217,94,beginner
2217,95,beginner
2217,89,beginner
2217,92,intermediate
2217,84,beginner
2217,85,intermediate
2217,88,beginner
2218,136,beginner
2218,138,beginner
2218,140,intermediate
2218,146,intermediate
2218,149,beginner
2218,147,beginner
2218,148,beginner
2219,31,intermediate
2219,33,none
2219,32,none
2219,30,beginner
2219,24,beginner
2219,25,beginner
2219,23,intermediate
2219,28,none
2220,126,beginner
2220,127,intermediate
2220,125,none
2220,124,beginner
2220,110,beginner
2220,114,intermediate
2220,111,beginner
2220,113,intermediate
2221,48,advanced
2221,49,none
2221,54,beginner
2221,52,intermediate
2221,51,intermediate
2221,32,none
2221,35,beginner
2221,11,none
2221,10,intermediate
2221,19,none
2222,37,intermediate
2222,42,beginner
2222,38,advanced
2222,43,beginner
2222,14,beginner
2222,11,intermediate
2222,13,beginner
2222,15,beginner
2223,49,none
2223,51,intermediate
2223,1,none
2223,8,beginner
2223,5,beginner
2223,6,beginner
2223,4,beginner
2224,65,beginner
2224,67,beginner
2224,66,beginner
2224,68,beginner
2224,69,beginner
2224,94,intermediate
2224,95,intermediate
2224,90,none
2225,1,beginner
2225,3,intermediate
2225,8,none
2225,6,beginner
2225,25,none
2225,23,beginner
2225,27,intermediate
2225,14,beginner
2225,20,beginner
2225,13,beginner
2225,12,intermediate
2226,48,beginner
2226,54,beginner
2226,53,beginner
2226,1,beginner
2226,9,beginner
2227,80,beginner
2227,76,intermediate
2227,78,intermediate
2227,77,intermediate
2227,79,beginner
2227,66,none
2227,65,none
2227,69,beginner
2227,94,beginner
2227,89,intermediate
2227,95,beginner
2227,91,intermediate
2228,76,beginner
2228,80,beginner
2228,77,intermediate
2228,60,beginner
2228,57,intermediate
2228,59,beginner
2228,58,intermediate
2229,121,intermediate
2229,122,beginner
2229,109,intermediate
2229,107,intermediate
2230,116,beginner
2230,117,beginner
2230,118,beginner
2230,119,intermediate
2230,127,beginner
2230,126,beginner
2230,125,beginner
2230,124,intermediate
2231,48,intermediate
2231,53,beginner
2231,31,beginner
2231,35,beginner
2232,44,intermediate
2232,36,beginner
2232,42,none
2232,39,beginner
2232,8,beginner
2232,3,beginner
2232,9,none
2233,67,none
2233,68,beginner
2233,59,none
2233,61,intermediate
2234,103,intermediate
2234,96,beginner
2234,97,beginner
2234,98,intermediate
2234,101,beginner
2234,57,intermediate
2234,59,intermediate
2234,60,none
2234,61,advanced
2235,36,beginner
2235,38,beginner
2235,42,beginner
2235,40,intermediate
2235,48,intermediate
2235,49,intermediate
2235,51,intermediate
2235,24,none
2235,23,none
2235,27,beginner
2236,48,intermediate
2236,54,none
2236,49,none
2236,55,intermediate
2236,25,intermediate
2236,24,beginner
2236,23,intermediate
2236,22,intermediate
2237,38,beginner
2237,44,none
2237,43,beginner
2237,3,intermediate
2237,7,beginner
2238,32,beginner
2238,35,beginner
2238,54,none
2238,49,intermediate
2238,52,none
2239,146,intermediate
2239,149,none
2239,147,beginner
2239,154,beginner
2239,151,beginner
2239,153,beginner
2240,94,beginner
2240,95,advanced
2240,89,beginner
2240,91,intermediate
2240,86,intermediate
2240,85,intermediate
2240,84,beginner
2240,82,intermediate
2240,87,none
2241,54,none
2241,51,beginner
2241,42,intermediate
2241,37,intermediate
2241,45,beginner
2241,25,advanced
2241,23,intermediate
2241,28,beginner
2242,80,beginner
2242,76,beginner
2242,79,intermediate
2242,77,beginner
2242,84,beginner
2242,86,beginner
2242,82,intermediate
2243,80,beginner
2243,78,beginner
2243,65,beginner
2243,66,beginner
2243,67,none
2243,69,intermediate
2244,3,intermediate
2244,5,advanced
2244,4,beginner
2244,20,beginner
2244,10,intermediate
2244,15,beginner
2244,56,none
2244,54,none
2244,48,none
2244,53,intermediate
2245,3,intermediate
2245,1,beginner
2245,6,intermediate
2245,11,beginner
2245,20,intermediate
2245,14,beginner
2245,18,intermediate
2246,110,none
2246,113,beginner
2246,116,intermediate
2246,119,none
2247,56,none
2247,48,beginner
2247,54,beginner
2247,52,beginner
2247,10,beginner
2247,13,beginner
2247,14,beginner
2247,12,beginner
2247,16,beginner
2248,66,beginner
2248,65,intermediate
2248,68,none
2248,89,beginner
2248,94,none
2248,95,beginner
2248,90,intermediate
2249,103,beginner
2249,96,intermediate
2249,97,intermediate
2249,101,none
2249,99,beginner
2249,67,none
2249,65,beginner
2249,69,beginner
2250,123,intermediate
2250,121,none
2250,120,beginner
2250,122,intermediate
2250,104,advanced
2250,106,intermediate
2250,109,none
2250,108,advanced
2251,136,beginner
2251,138,intermediate
2251,139,beginner
2251,131,beginner
2251,128,none
2251,134,beginner
2251,133,beginner
2252,117,intermediate
2252,119,beginner
2252,123,advanced
2252,121,beginner
2252,122,none
2253,89,none
2253,93,beginner
2253,103,intermediate
2253,96,intermediate
2253,97,beginner
2253,100,intermediate
2253,102,none
2254,42,beginner
2254,38,intermediate
2254,44,intermediate
2254,39,advanced
2254,25,beginner
2254,23,beginner
2254,24,intermediate
2254,22,none
2255,86,intermediate
2255,85,none
2255,84,beginner
2255,87,beginner
2255,81,beginner
2255,66,beginner
2255,65,beginner
2255,67,beginner
2255,68,beginner
2256,106,intermediate
2256,104,advanced
2256,109,beginner
2256,108,intermediate
2256,107,beginner
2256,121,beginner
2256,123,intermediate
2256,122,beginner
2256,120,intermediate
2257,151,beginner
2257,150,beginner
2257,138,beginner
2257,136,intermediate
2257,135,beginner
2257,137,beginner
2257,142,intermediate
2257,141,beginner
2257,144,none
2257,145,intermediate
2258,106,none
2258,104,intermediate
2258,109,beginner
2258,107,beginner
2258,126,intermediate
2258,127,none
2258,125,intermediate
2258,124,intermediate
2259,24,beginner
2259,22,beginner
2259,8,intermediate
2259,5,advanced
2259,6,intermediate
2260,127,beginner
2260,126,advanced
2260,124,intermediate
2260,104,none
2260,106,beginner
2260,109,beginner
2260,107,beginner
2260,108,intermediate
2261,110,intermediate
2261,114,intermediate
2261,113,none
2261,126,beginner
2261,127,none
2261,124,none
2262,73,beginner
2262,72,beginner
2262,74,intermediate
2262,80,beginner
2262,76,beginner
2262,79,intermediate
2263,95,beginner
2263,94,beginner
2263,90,beginner
2263,76,none
2263,78,intermediate
2264,96,beginner
2264,97,intermediate
2264,101,beginner
2264,73,none
2264,75,beginner
2265,89,none
2265,93,beginner
2265,80,intermediate
2265,76,beginner
2265,79,none
2266,5,beginner
2266,1,beginner
2266,4,beginner
2266,11,beginner
2266,10,beginner
2266,13,beginner
2266,12,none
2267,3,advanced
2267,5,beginner
2267,8,advanced
2267,7,none
2267,6,advanced
2267,32,intermediate
2267,33,beginner
2267,34,advanced
2268,111,beginner
2268,115,none
2268,121,beginner
2268,123,beginner
2268,120,none
2269,141,beginner
2269,142,beginner
2269,144,beginner
2269,143,none
2269,154,intermediate
2269,151,beginner
2269,150,beginner
2269,152,beginner
2270,116,none
2270,117,intermediate
2270,119,intermediate
2270,104,beginner
2270,106,beginner
2270,108,beginner
2270,127,beginner
2270,126,beginner
2270,124,advanced
2271,32,intermediate
2271,33,intermediate
2271,31,intermediate
2271,35,intermediate
2271,34,intermediate
2271,20,beginner
2271,14,beginner
2271,13,beginner
2271,15,beginner
2272,25,advanced
2272,23,beginner
2272,24,beginner
2272,28,none
2272,22,beginner
2272,32,intermediate
2272,31,intermediate
2272,30,beginner
2273,20,beginner
2273,10,none
2273,14,beginner
2273,18,beginner
2273,56,beginner
2273,53,none
2274,117,beginner
2274,119,beginner
2274,126,beginner
2274,127,intermediate
2274,125,beginner
2274,124,beginner
2274,123,beginner
2274,122,intermediate
2275,96,beginner
2275,97,none
2275,103,beginner
2275,98,intermediate
2275,102,beginner
2275,95,beginner
2275,94,beginner
2275,89,beginner
2275,92,intermediate
2275,80,none
2275,76,beginner
2275,79,beginner
2276,141,beginner
2276,142,beginner
2276,143,intermediate
2276,145,beginner
2276,138,beginner
2276,136,beginner
2276,135,beginner
2276,140,intermediate
2277,25,intermediate
2277,23,beginner
2277,24,none
2277,28,none
2277,26,beginner
2277,33,intermediate
2277,29,beginner
2278,72,intermediate
2278,73,beginner
2278,75,beginner
2278,65,beginner
2278,66,beginner
2278,67,beginner
2278,68,intermediate
2279,121,beginner
2279,123,beginner
2279,120,beginner
2279,122,beginner
2279,111,beginner
2279,114,beginner
2279,110,intermediate
2279,113,intermediate
2280,24,beginner
2280,25,advanced
2280,23,beginner
2280,28,beginner
2280,26,none
2280,14,advanced
2280,10,beginner
2280,11,beginner
2280,12,beginner
2281,149,beginner
2281,146,none
2281,148,beginner
2281,154,intermediate
2281,151,none
2281,152,beginner
2282,67,intermediate
2282,66,beginner
2282,65,beginner
2282,69,advanced
2282,95,beginner
2282,90,beginner
2283,54,beginner
2283,49,intermediate
2283,56,beginner
2283,51,beginner
2283,32,beginner
2283,33,beginner
2283,29,intermediate
2284,37,intermediate
2284,42,intermediate
2284,45,intermediate
2284,49,none
2284,51,beginner
2285,117,intermediate
2285,116,beginner
2285,118,beginner
2285,119,none
2285,109,none
2285,105,advanced
2286,97,none
2286,103,beginner
2286,101,none
2286,86,beginner
2286,85,beginner
2286,84,beginner
2286,83,beginner
2286,73,intermediate
2286,72,intermediate
2286,71,intermediate
2287,127,beginner
2287,126,intermediate
2287,125,none
2287,104,none
2287,107,beginner
2288,117,beginner
2288,116,beginner
2288,118,beginner
2288,119,beginner
2288,123,beginner
2288,122,beginner
2289,32,beginner
2289,35,intermediate
2289,13,beginner
2289,20,beginner
2289,10,beginner
2289,19,none
2290,109,intermediate
2290,105,beginner
2290,123,beginner
2290,121,beginner
2290,120,intermediate
2291,142,intermediate
2291,141,advanced
2291,143,beginner
2291,135,beginner
2291,139,none
2292,20,intermediate
2292,10,beginner
2292,11,beginner
2292,12,none
2292,16,beginner
2292,44,none
2292,37,beginner
2292,40,intermediate
2293,110,intermediate
2293,111,beginner
2293,114,beginner
2293,113,none
2293,112,intermediate
2293,123,none
2293,121,beginner
2293,122,beginner
2294,24,none
2294,23,none
2294,28,none
2294,44,beginner
2294,38,beginner
2294,37,advanced
2294,46,beginner
2295,38,beginner
2295,44,advanced
2295,46,beginner
2295,33,beginner
2295,32,intermediate
2295,35,intermediate
2296,14,beginner
2296,19,intermediate
2296,23,beginner
2296,25,beginner
2296,26,beginner
2297,123,beginner
2297,121,beginner
2297,120,beginner
2297,117,beginner
2297,119,beginner
2298,25,none
2298,23,beginner
2298,28,beginner
2298,54,beginner
2298,56,beginner
2298,48,intermediate
2298,55,beginner
2299,48,beginner
2299,54,beginner
2299,53,beginner
2299,36,intermediate
2299,38,beginner
2299,37,beginner
2299,45,intermediate
2299,40,beginner
2300,80,beginner
2300,76,intermediate
2300,77,intermediate
2300,103,intermediate
2300,97,beginner
2300,96,intermediate
2300,101,beginner
2300,100,beginner
2301,48,beginner
2301,49,intermediate
2301,56,none
2301,50,beginner
2301,25,intermediate
2301,24,beginner
2301,23,beginner
2301,28,none
2302,117,beginner
2302,116,intermediate
2302,119,beginner
2302,127,none
2302,126,beginner
2302,124,intermediate
2302,125,intermediate
2302,109,beginner
2302,104,beginner
2302,106,beginner
2302,107,intermediate
2302,105,intermediate
2303,151,none
2303,154,beginner
2303,150,beginner
2303,134,none
2303,130,intermediate
2304,31,beginner
2304,32,none
2304,34,intermediate
2304,8,beginner
2304,5,beginner
2304,6,beginner
2304,23,intermediate
2304,22,intermediate
2305,32,beginner
2305,35,beginner
2305,37,beginner
2305,38,advanced
2305,43,beginner
2305,25,none
2305,24,beginner
2305,23,beginner
2305,28,intermediate
2305,26,beginner
2306,128,none
2306,134,beginner
2306,132,beginner
2306,142,beginner
2306,141,none
2306,145,none
2306,144,beginner
2307,1,beginner
2307,3,none
2307,2,intermediate
2307,44,intermediate
2307,36,beginner
2307,37,beginner
2307,41,none
2307,39,beginner
2308,31,intermediate
2308,33,advanced
2308,29,beginner
2308,14,intermediate
2308,21,advanced
2309,138,intermediate
2309,136,beginner
2309,135,intermediate
2309,140,intermediate
2309,151,beginner
2309,150,beginner
2310,121,beginner
2310,123,intermediate
2310,122,beginner
2310,120,intermediate
2310,127,beginner
2310,126,intermediate
2310,125,intermediate
2310,124,beginner
2311,72,intermediate
2311,73,none
2311,71,none
2311,80,intermediate
2311,77,beginner
2312,57,beginner
2312,60,none
2312,59,advanced
2312,62,beginner
2312,61,beginner
2312,94,intermediate
2312,89,none
2312,90,beginner
2313,138,none
2313,136,beginner
2313,140,none
2313,149,intermediate
2313,146,beginner
2313,147,beginner
2314,103,none
2314,97,beginner
2314,98,beginner
2314,85,beginner
2314,86,beginner
2314,84,intermediate
2314,82,none
2315,65,beginner
2315,66,beginner
2315,67,beginner
2315,68,intermediate
2315,84,beginner
2315,86,beginner
2315,81,beginner
2316,114,beginner
2316,112,beginner
2316,123,intermediate
2316,121,intermediate
2316,120,beginner
2316,122,beginner
2317,57,beginner
2317,60,intermediate
2317,61,beginner
2317,85,beginner
2317,86,beginner
2317,87,intermediate
2318,57,beginner
2318,59,beginner
2318,60,beginner
2318,63,beginner
2318,85,beginner
2318,82,intermediate
2319,23,beginner
2319,25,beginner
2319,24,beginner
2319,27,none
2319,1,intermediate
2319,5,beginner
2319,6,beginner
2320,103,beginner
2320,97,advanced
2320,96,beginner
2320,100,beginner
2320,86,intermediate
2320,87,beginner
2320,76,beginner
2320,80,beginner
2320,79,beginner
2320,77,beginner
2321,67,beginner
2321,66,beginner
2321,65,none
2321,69,beginner
2321,97,beginner
2321,96,intermediate
2321,103,beginner
2321,100,intermediate
2322,23,beginner
2322,25,intermediate
2322,24,beginner
2322,22,intermediate
2322,10,advanced
2322,11,intermediate
2322,12,beginner
2323,31,beginner
2323,32,beginner
2323,30,beginner
2323,49,beginner
2323,51,none
2324,110,intermediate
2324,114,beginner
2324,112,beginner
2324,123,none
2324,121,beginner
2324,120,intermediate
2325,54,beginner
2325,56,beginner
2325,48,none
2325,55,beginner
2325,31,beginner
2325,32,none
2325,29,beginner
2325,14,beginner
2325,11,beginner
2325,16,advanced
2326,56,intermediate
2326,52,beginner
2326,33,intermediate
2326,30,beginner
2327,1,beginner
2327,9,intermediate
2327,14,none
2327,13,none
2327,21,beginner
2328,20,none
2328,18,beginner
2328,5,beginner
2328,1,none
2328,3,beginner
2328,9,none
2328,2,beginner
2329,121,beginner
2329,123,intermediate
2329,122,beginner
2329,120,none
2329,111,beginner
2329,112,beginner
2330,8,beginner
2330,3,intermediate
2330,4,beginner
2330,42,intermediate
2330,37,beginner
2330,44,none
2330,47,beginner
2330,41,beginner
2330,24,beginner
2330,25,beginner
2330,23,beginner
2330,28,beginner
2331,14,none
2331,20,beginner
2331,15,intermediate
2331,37,beginner
2331,38,beginner
2331,47,intermediate
2332,116,beginner
2332,117,beginner
2332,119,intermediate
2332,118,beginner
2332,110,beginner
2332,111,beginner
2332,114,beginner
2332,112,beginner
2333,20,intermediate
2333,10,intermediate
2333,13,beginner
2333,19,none
2333,18,beginner
2333,38,beginner
2333,42,none
2333,44,beginner
2333,43,beginner
2333,40,beginner
2334,38,beginner
2334,42,none
2334,46,intermediate
2334,25,beginner
2334,23,beginner
2334,24,intermediate
2334,22,beginner
2334,31,beginner
2334,32,intermediate
2334,34,intermediate
2335,109,none
2335,104,none
2335,105,beginner
2335,116,beginner
2335,117,beginner
2335,118,intermediate
2336,73,intermediate
2336,71,beginner
2336,95,intermediate
2336,94,beginner
2336,89,beginner
2336,91,none
2337,123,beginner
2337,120,beginner
2337,126,beginner
2337,124,none
2338,126,advanced
2338,127,none
2338,124,beginner
2338,125,beginner
2338,110,intermediate
2338,111,beginner
2338,115,beginner
2339,141,intermediate
2339,142,none
2339,145,advanced
2339,138,intermediate
2339,136,none
2339,135,beginner
2339,139,beginner
2340,48,beginner
2340,50,none
2340,31,advanced
2340,32,intermediate
2340,33,beginner
2340,34,beginner
2341,123,beginner
2341,120,beginner
2341,109,beginner
2341,104,beginner
2341,106,beginner
2341,107,beginner
2342,127,none
2342,126,beginner
2342,125,beginner
2342,104,beginner
2342,109,beginner
2342,105,beginner
2343,36,beginner
2343,38,intermediate
2343,44,beginner
2343,45,beginner
2343,20,none
2343,13,beginner
2343,11,intermediate
2343,15,beginner
2344,142,beginner
2344,141,none
2344,143,beginner
2344,144,none
2344,145,beginner
2344,151,beginner
2344,154,beginner
2344,150,intermediate
2345,13,intermediate
2345,17,intermediate
2345,56,beginner
2345,54,intermediate
2345,50,intermediate
2345,23,intermediate
2345,28,beginner
2346,123,beginner
2346,120,none
2346,127,none
2346,124,beginner
2346,109,intermediate
2346,106,beginner
2346,104,beginner
2346,107,beginner
2347,57,none
2347,63,none
2347,84,intermediate
2347,88,beginner
2348,80,beginner
2348,76,beginner
2348,79,beginner
2348,65,intermediate
2348,66,beginner
2348,67,beginner
2348,70,beginner
2348,68,intermediate
2349,3,beginner
2349,8,beginner
2349,9,none
2349,23,none
2349,25,beginner
2349,24,beginner
2349,27,beginner
2349,54,beginner
2349,55,intermediate
2350,141,none
2350,142,beginner
2350,145,beginner
2350,136,beginner
2350,138,none
2350,140,beginner
2351,89,beginner
2351,94,beginner
2351,93,beginner
2351,73,intermediate
2351,74,beginner
2351,84,intermediate
2351,86,beginner
2351,81,intermediate
2352,8,beginner
2352,2,beginner
2352,13,intermediate
2352,10,intermediate
2352,11,beginner
2352,18,beginner
2352,16,beginner
2353,14,beginner
2353,10,intermediate
2353,19,beginner
2353,38,beginner
2353,37,beginner
2353,44,intermediate
2353,41,intermediate
2353,48,intermediate
2353,49,none
2353,55,beginner
2354,127,beginner
2354,126,beginner
2354,125,beginner
2354,123,beginner
2354,122,intermediate
2355,25,beginner
2355,24,beginner
2355,23,beginner
2355,28,beginner
2355,31,beginner
2355,33,beginner
2355,32,none
2355,35,beginner
2355,34,none
2356,86,beginner
2356,85,intermediate
2356,87,beginner
2356,80,beginner
2356,78,intermediate
2357,73,none
2357,75,beginner
2357,84,beginner
2357,85,intermediate
2357,86,beginner
2357,88,beginner
2357,82,none
2358,36,beginner
2358,42,beginner
2358,43,none
2358,5,beginner
2358,3,beginner
2358,8,intermediate
2358,6,beginner
2358,7,beginner
2359,84,advanced
2359,85,none
2359,86,beginner
2359,82,beginner
2359,73,intermediate
2359,71,beginner
2360,1,beginner
2360,9,beginner
2360,49,beginner
2360,54,intermediate
2360,56,beginner
2360,52,intermediate
2360,51,beginner
2361,146,beginner
2361,149,beginner
2361,148,beginner
2361,147,intermediate
2361,141,intermediate
2361,142,beginner
2361,144,none
2361,131,beginner
2361,128,beginner
2361,134,beginner
2361,133,beginner
2362,126,intermediate
2362,125,intermediate
2362,123,intermediate
2362,121,beginner
2362,120,beginner
2362,122,none
2363,3,beginner
2363,7,advanced
2363,49,beginner
2363,48,beginner
2363,54,beginner
2363,50,beginner
2364,66,intermediate
2364,65,beginner
2364,67,intermediate
2364,69,intermediate
2364,68,beginner
2364,96,beginner
2364,103,intermediate
2364,97,intermediate
2364,98,intermediate
2364,101,none
2364,85,beginner
2364,86,intermediate
2364,84,intermediate
2364,82,none
2365,73,beginner
2365,72,none
2365,75,intermediate
2365,86,advanced
2365,84,intermediate
2365,85,beginner
2365,88,beginner
2366,151,intermediate
2366,153,intermediate
2366,135,none
2366,138,beginner
2366,136,beginner
2366,140,beginner
2366,139,beginner
2367,36,none
2367,44,intermediate
2367,47,intermediate
2367,10,beginner
2367,14,none
2367,17,intermediate
2368,72,beginner
2368,73,beginner
2368,71,beginner
2368,86,intermediate
2368,85,beginner
2368,88,beginner
2369,146,beginner
2369,149,intermediate
2369,148,none
2369,147,beginner
2369,138,beginner
2369,135,beginner
2369,140,beginner
2370,54,beginner
2370,48,beginner
2370,56,none
2370,52,intermediate
2370,1,none
2370,3,intermediate
2370,5,beginner
2370,4,beginner
2370,36,beginner
2370,38,beginner
2370,44,intermediate
2370,46,beginner
2371,86,intermediate
2371,84,beginner
2371,85,beginner
2371,87,intermediate
2371,60,beginner
2371,57,none
2371,61,beginner
2372,5,advanced
2372,1,intermediate
2372,8,beginner
2372,2,intermediate
2372,56,beginner
2372,49,intermediate
2372,48,none
2372,50,none
2373,72,beginner
2373,73,none
2373,75,intermediate
2373,74,beginner
2373,65,beginner
2373,66,none
2373,67,none
2373,69,beginner
2374,33,beginner
2374,31,none
2374,34,intermediate
2374,8,beginner
2374,3,beginner
2374,1,none
2374,4,intermediate
2375,136,intermediate
2375,135,beginner
2375,138,beginner
2375,137,none
2375,128,none
2375,131,beginner
2375,133,intermediate
2376,33,beginner
2376,29,none
2376,36,none
2376,37,intermediate
2376,39,beginner
2376,3,beginner
2376,1,beginner
2376,7,none
2377,33,beginner
2377,32,beginner
2377,30,beginner
2377,38,beginner
2377,42,beginner
2377,36,beginner
2377,39,beginner
2378,117,beginner
2378,116,beginner
2378,118,beginner
2378,119,intermediate
2378,114,beginner
2378,111,intermediate
2378,110,beginner
2378,113,intermediate
2379,104,beginner
2379,109,intermediate
2379,106,beginner
2379,105,beginner
2379,117,intermediate
2379,116,beginner
2379,119,beginner
2379,118,beginner
2380,84,beginner
2380,81,beginner
2380,57,beginner
2380,60,intermediate
2380,59,intermediate
2380,58,none
2380,63,beginner
2381,126,none
2381,124,beginner
2381,106,beginner
2381,109,advanced
2381,104,intermediate
2381,107,intermediate
2382,20,intermediate
2382,10,intermediate
2382,13,none
2382,17,none
2382,32,beginner
2382,33,beginner
2382,29,beginner
2383,73,beginner
2383,72,advanced
2383,75,intermediate
2383,71,beginner
2383,60,beginner
2383,58,beginner
2384,49,beginner
2384,54,beginner
2384,56,intermediate
2384,50,beginner
2384,24,none
2384,25,intermediate
2384,23,beginner
2384,27,beginner
2384,28,none
2385,56,none
2385,48,beginner
2385,54,beginner
2385,51,intermediate
2385,52,beginner
2385,5,intermediate
2385,8,beginner
2385,9,beginner
2386,134,intermediate
2386,131,beginner
2386,128,intermediate
2386,132,beginner
2386,149,beginner
2386,146,beginner
2386,147,beginner
2386,148,beginner
2387,123,beginner
2387,121,intermediate
2387,122,beginner
2387,120,beginner
2387,127,beginner
2387,126,beginner
2387,125,intermediate
2387,124,beginner
2388,8,intermediate
2388,4,beginner
2388,11,beginner
2388,14,beginner
2388,10,none
2388,21,beginner
2388,17,beginner
2389,8,beginner
2389,5,intermediate
2389,3,beginner
2389,7,beginner
2389,9,beginner
2389,33,intermediate
2389,32,intermediate
2389,30,intermediate
2389,54,beginner
2389,52,none
2390,135,beginner
2390,140,beginner
2390,131,advanced
2390,134,beginner
2390,128,none
2390,130,beginner
2390,132,intermediate
2391,36,beginner
2391,38,intermediate
2391,37,intermediate
2391,43,intermediate
2391,33,beginner
2391,31,none
2391,32,beginner
2391,29,beginner
2392,49,beginner
2392,54,beginner
2392,48,beginner
2392,51,intermediate
2392,52,beginner
2392,10,intermediate
2392,17,intermediate
2393,20,none
2393,11,beginner
2393,13,intermediate
2393,19,beginner
2393,49,beginner
2393,48,intermediate
2393,55,beginner
2393,42,beginner
2393,44,beginner
2393,36,intermediate
2393,39,none
2394,5,beginner
2394,3,beginner
2394,1,beginner
2394,9,beginner
2394,33,intermediate
2394,31,beginner
2394,30,beginner
2394,20,beginner
2394,11,beginner
2394,19,intermediate
2395,54,intermediate
2395,51,beginner
2395,10,beginner
2395,19,intermediate
2396,154,beginner
2396,151,beginner
2396,150,beginner
2396,153,beginner
2396,152,intermediate
2396,138,intermediate
2396,136,none
2396,135,beginner
2396,137,intermediate
2397,11,beginner
2397,20,beginner
2397,10,intermediate
2397,17,beginner
2397,56,beginner
2397,53,intermediate
2398,80,intermediate
2398,76,none
2398,79,intermediate
2398,77,beginner
2398,89,intermediate
2398,95,none
2398,94,none
2398,92,beginner
2399,116,beginner
2399,117,none
2399,118,beginner
2399,119,beginner
2399,127,beginner
2399,124,beginner
2400,76,beginner
2400,80,intermediate
2400,79,intermediate
2400,78,beginner
2400,103,beginner
2400,97,none
2400,96,beginner
2400,98,beginner
2401,121,none
2401,123,beginner
2401,122,beginner
2401,104,beginner
2401,109,beginner
2401,106,none
2401,105,beginner
2401,126,beginner
2401,127,none
2401,125,beginner
2402,72,none
2402,75,beginner
2402,85,beginner
2402,84,intermediate
2402,81,intermediate
2403,97,intermediate
2403,100,beginner
2403,73,intermediate
2403,72,beginner
2403,71,beginner
2403,74,beginner
2403,89,beginner
2403,90,none
2404,66,intermediate
2404,65,beginner
2404,67,beginner
2404,69,intermediate
2404,70,beginner
2404,76,intermediate
2404,77,beginner
2405,127,beginner
2405,124,advanced
2405,110,advanced
2405,111,beginner
2405,112,beginner
2406,116,intermediate
2406,117,beginner
2406,119,beginner
2406,118,beginner
2406,104,beginner
2406,109,beginner
2406,108,beginner
2407,110,beginner
2407,113,none
2407,123,beginner
2407,121,beginner
2407,120,beginner
2408,36,intermediate
2408,40,beginner
2408,54,intermediate
2408,49,none
2408,56,none
2408,53,beginner
2408,23,none
2408,25,beginner
2408,22,beginner
2409,57,beginner
2409,59,beginner
2409,58,beginner
2409,96,beginner
2409,103,intermediate
2409,99,beginner
2410,121,intermediate
2410,123,none
2410,120,advanced
2410,122,beginner
2410,126,none
2410,124,none
2411,48,intermediate
2411,53,beginner
2411,25,intermediate
2411,24,intermediate
2411,23,intermediate
2411,26,none
2411,28,beginner
2411,1,beginner
2411,7,beginner
2412,117,beginner
2412,116,beginner
2412,118,beginner
2412,119,intermediate
2412,111,beginner
2412,114,beginner
2412,110,intermediate
2412,115,beginner
2412,112,beginner
2413,23,intermediate
2413,24,beginner
2413,27,beginner
2413,42,beginner
2413,38,beginner
2413,37,beginner
2413,43,beginner
2414,25,intermediate
2414,24,intermediate
2414,23,beginner
2414,26,intermediate
2414,56,beginner
2414,49,beginner
2414,54,beginner
2414,52,intermediate
2414,53,beginner
2414,13,none
2414,20,intermediate
2414,14,beginner
2414,21,beginner
2414,16,beginner
2415,114,intermediate
2415,115,none
2415,126,none
2415,127,beginner
2415,125,beginner
2415,121,beginner
2415,123,none
2415,122,intermediate
2416,13,none
2416,10,beginner
2416,21,none
2416,32,beginner
2416,34,none
2417,5,none
2417,1,none
2417,6,intermediate
2417,48,beginner
2417,49,beginner
2417,51,beginner
2418,23,beginner
2418,24,beginner
2418,25,beginner
2418,28,beginner
2418,13,beginner
2418,20,beginner
2418,17,beginner
2419,127,beginner
2419,124,beginner
2419,104,beginner
2419,107,beginner
2420,86,beginner
2420,84,intermediate
2420,81,intermediate
2420,60,intermediate
2420,57,beginner
2420,62,beginner
2420,97,advanced
2420,103,beginner
2420,102,beginner
2421,57,beginner
2421,59,beginner
2421,60,intermediate
2421,61,beginner
2421,80,intermediate
2421,76,intermediate
2421,79,beginner
2421,65,intermediate
2421,66,beginner
2421,67,beginner
2421,69,beginner
2422,117,intermediate
2422,118,none
2422,126,beginner
2422,127,intermediate
2422,124,intermediate
2422,125,none
2423,80,intermediate
2423,77,intermediate
2423,60,none
2423,58,none
2424,134,beginner
2424,131,beginner
2424,128,intermediate
2424,133,beginner
2424,129,beginner
2424,151,intermediate
2424,154,none
2424,153,beginner
2424,150,none
2425,126,beginner
2425,127,intermediate
2425,124,beginner
2425,125,beginner
2425,114,beginner
2425,110,intermediate
2425,115,beginner
2425,106,beginner
2425,104,intermediate
2425,108,beginner
2426,1,intermediate
2426,3,beginner
2426,4,none
2426,49,none
2426,50,none
2426,31,intermediate
2426,29,beginner
2427,151,advanced
2427,154,intermediate
2427,152,advanced
2427,138,advanced
2427,135,beginner
2427,140,beginner
2428,76,beginner
2428,79,none
2428,60,advanced
2428,57,advanced
2428,59,intermediate
2428,61,advanced
2429,24,intermediate
2429,25,intermediate
2429,23,intermediate
2429,27,beginner
2429,22,intermediate
2429,8,beginner
2429,9,intermediate
2429,44,beginner
2429,39,beginner
2430,8,intermediate
2430,1,none
2430,6,intermediate
2430,32,intermediate
2430,34,intermediate
2431,89,beginner
2431,94,beginner
2431,90,beginner
2431,86,intermediate
2431,85,beginner
2431,84,beginner
2431,83,beginner
2431,87,beginner
2432,1,beginner
2432,9,beginner
2432,49,beginner
2432,48,beginner
2432,56,intermediate
2432,53,beginner
2433,85,intermediate
2433,84,none
2433,86,beginner
2433,87,beginner
2433,82,beginner
2433,76,intermediate
2433,80,beginner
2433,79,beginner
2433,78,beginner
2434,11,beginner
2434,18,intermediate
2434,31,beginner
2434,33,intermediate
2434,29,intermediate
2435,84,beginner
2435,86,intermediate
2435,85,none
2435,81,intermediate
2435,73,beginner
2435,72,none
2435,75,intermediate
2436,33,intermediate
2436,35,beginner
2436,49,beginner
2436,56,intermediate
2436,54,none
2436,53,beginner
2436,50,beginner
2437,127,beginner
2437,126,intermediate
2437,124,intermediate
2437,125,intermediate
2437,123,beginner
2437,120,beginner
2438,11,beginner
2438,14,intermediate
2438,15,beginner
2438,8,intermediate
2438,7,intermediate
2438,42,beginner
2438,36,none
2438,46,beginner
2439,36,beginner
2439,42,beginner
2439,38,intermediate
2439,47,beginner
2439,43,beginner
2439,20,beginner
2439,10,intermediate
2439,13,beginner
2439,15,beginner
2439,17,beginner
2440,13,beginner
2440,19,beginner
2440,37,beginner
2440,45,beginner
2441,67,intermediate
2441,65,beginner
2441,68,none
2441,76,beginner
2441,80,beginner
2441,78,none
2442,84,beginner
2442,86,none
2442,85,beginner
2442,83,none
2442,65,beginner
2442,68,beginner
2443,96,beginner
2443,97,beginner
2443,103,beginner
2443,100,beginner
2443,80,beginner
2443,76,intermediate
2443,77,none
2443,78,beginner
2443,72,none
2443,73,beginner
2443,75,beginner
2443,71,beginner
2443,74,intermediate
2444,1,beginner
2444,4,beginner
2444,49,intermediate
2444,48,beginner
2444,56,beginner
2444,55,beginner
2444,11,beginner
2444,14,intermediate
2444,16,intermediate
2445,104,beginner
2445,106,beginner
2445,108,beginner
2445,117,beginner
2445,119,beginner
2446,96,none
2446,101,beginner
2446,66,beginner
2446,65,intermediate
2446,70,advanced
2446,94,beginner
2446,89,beginner
2446,93,beginner
2447,33,intermediate
2447,31,intermediate
2447,29,advanced
2447,44,beginner
2447,38,intermediate
2447,43,beginner
2447,25,beginner
2447,22,intermediate
2448,123,beginner
2448,121,beginner
2448,122,beginner
2448,120,beginner
2448,126,advanced
2448,124,advanced
2449,72,beginner
2449,73,beginner
2449,74,beginner
2449,75,beginner
2449,80,beginner
2449,76,intermediate
2449,77,beginner
2450,95,beginner
2450,94,beginner
2450,92,beginner
2450,60,beginner
2450,57,beginner
2450,59,beginner
2450,61,beginner
2450,66,beginner
2450,67,none
2450,65,beginner
2450,70,beginner
2451,49,beginner
2451,54,none
2451,48,intermediate
2451,53,beginner
2451,20,beginner
2451,18,none
2452,10,beginner
2452,13,beginner
2452,20,beginner
2452,21,beginner
2452,18,intermediate
2452,5,intermediate
2452,3,beginner
2452,4,intermediate
2453,96,beginner
2453,97,beginner
2453,103,intermediate
2453,102,beginner
2453,98,beginner
2453,73,beginner
2453,72,none
2453,75,advanced
2453,74,beginner
2454,44,advanced
2454,37,beginner
2454,40,beginner
2454,23,none
2454,27,beginner
2454,20,beginner
2454,16,beginner
2455,11,beginner
2455,13,beginner
2455,10,beginner
2455,17,beginner
2455,37,beginner
2455,44,none
2455,36,advanced
2455,47,beginner
2455,31,beginner
2455,33,beginner
2455,32,beginner
2455,30,beginner
2456,141,intermediate
2456,145,beginner
2456,149,none
2456,146,beginner
2456,147,beginner
2456,148,beginner
2457,72,intermediate
2457,73,none
2457,71,advanced
2457,80,intermediate
2457,78,beginner
2458,5,intermediate
2458,1,beginner
2458,2,none
2458,14,none
2458,17,intermediate
2459,8,beginner
2459,5,intermediate
2459,7,none
2459,31,advanced
2459,32,beginner
2459,30,none
2460,126,beginner
2460,127,intermediate
2460,125,intermediate
2460,121,beginner
2460,123,none
2460,120,beginner
2461,25,beginner
2461,23,intermediate
2461,24,beginner
2461,26,intermediate
2461,22,beginner
2461,8,intermediate
2461,3,beginner
2461,7,beginner
2462,37,none
2462,38,intermediate
2462,44,beginner
2462,46,intermediate
2462,39,beginner
2462,11,beginner
2462,10,none
2462,12,intermediate
2463,23,beginner
2463,28,intermediate
2463,11,intermediate
2463,13,beginner
2463,18,beginner
2463,56,beginner
2463,49,beginner
2463,53,none
2464,117,beginner
2464,116,beginner
2464,118,intermediate
2464,119,beginner
2464,110,intermediate
2464,114,beginner
2464,111,intermediate
2464,113,beginner
2465,66,none
2465,65,intermediate
2465,67,beginner
2465,69,beginner
2465,86,beginner
2465,84,beginner
2465,88,beginner
2466,20,intermediate
2466,16,beginner
2466,32,beginner
2466,33,beginner
2466,31,intermediate
2466,29,advanced
2466,35,beginner
2467,24,intermediate
2467,23,none
2467,27,beginner
2467,42,beginner
2467,37,beginner
2467,38,intermediate
2467,47,beginner
2468,67,beginner
2468,65,none
2468,66,beginner
2468,69,intermediate
2468,70,none
2468,80,beginner
2468,76,beginner
2468,79,beginner
2469,89,beginner
2469,94,beginner
2469,90,intermediate
2469,73,intermediate
2469,72,beginner
2469,75,beginner
2469,71,beginner
2469,74,intermediate
2470,80,beginner
2470,76,beginner
2470,79,intermediate
2470,60,beginner
2470,57,intermediate
2470,62,intermediate
2471,3,beginner
2471,8,beginner
2471,2,intermediate
2471,32,intermediate
2471,30,beginner
2472,123,intermediate
2472,121,beginner
2472,120,beginner
2472,111,beginner
2472,110,beginner
2472,115,beginner
2472,127,intermediate
2472,126,intermediate
2472,125,intermediate
2472,124,beginner
2473,154,intermediate
2473,151,none
2473,152,intermediate
2473,153,beginner
2473,131,intermediate
2473,133,intermediate
2474,60,intermediate
2474,58,beginner
2474,89,beginner
2474,94,none
2474,95,intermediate
2474,93,none
2474,85,beginner
2474,86,intermediate
2474,84,none
2474,82,beginner
2474,87,beginner
2475,42,none
2475,44,beginner
2475,38,beginner
2475,43,beginner
2475,47,beginner
2475,33,intermediate
2475,32,none
2475,31,beginner
2475,34,advanced
2476,84,none
2476,81,beginner
2476,59,beginner
2476,60,beginner
2476,58,beginner
2477,32,beginner
2477,33,none
2477,31,beginner
2477,35,beginner
2477,29,none
2477,13,beginner
2477,16,none
2478,56,intermediate
2478,49,beginner
2478,54,beginner
2478,51,beginner
2478,44,beginner
2478,42,intermediate
2478,43,beginner
2479,11,beginner
2479,13,intermediate
2479,12,beginner
2479,1,none
2479,8,none
2479,7,beginner
2479,25,beginner
2479,23,beginner
2479,24,beginner
2479,27,beginner
2479,26,beginner
2480,134,beginner
2480,132,intermediate
2480,135,intermediate
2480,136,beginner
2480,140,beginner
2481,5,beginner
2481,8,none
2481,1,none
2481,9,none
2481,4,advanced
2481,33,beginner
2481,34,none
2482,121,beginner
2482,120,beginner
2482,111,intermediate
2482,110,intermediate
2482,113,beginner
2482,127,none
2482,126,beginner
2482,124,beginner
2482,125,intermediate
2483,94,beginner
2483,89,beginner
2483,95,beginner
2483,91,beginner
2483,73,beginner
2483,72,none
2483,71,beginner
2483,85,intermediate
2483,81,advanced
2484,94,intermediate
2484,95,beginner
2484,89,none
2484,91,beginner
2484,85,beginner
2484,84,intermediate
2484,86,intermediate
2484,82,beginner
2485,24,beginner
2485,26,intermediate
2485,3,beginner
2485,1,beginner
2485,8,intermediate
2485,6,beginner
2485,48,beginner
2485,56,beginner
2485,49,beginner
2485,51,beginner
2486,96,intermediate
2486,100,intermediate
2486,84,intermediate
2486,85,beginner
2486,86,beginner
2486,81,intermediate
2487,31,intermediate
2487,33,intermediate
2487,29,beginner
2487,3,beginner
2487,2,none
2487,10,beginner
2487,13,intermediate
2487,21,none
2488,103,none
2488,100,beginner
2488,95,beginner
2488,94,beginner
2488,89,beginner
2488,90,beginner
2488,93,beginner
2489,5,none
2489,4,none
2489,49,intermediate
2489,48,beginner
2489,54,beginner
2489,52,intermediate
2490,10,beginner
2490,14,beginner
2490,20,beginner
2490,17,none
2490,25,beginner
2490,24,beginner
2490,23,beginner
2490,27,beginner
2490,28,beginner
2491,72,intermediate
2491,73,intermediate
2491,74,intermediate
2491,75,beginner
2491,103,none
2491,96,none
2491,101,intermediate
2492,56,none
2492,48,beginner
2492,54,intermediate
2492,51,intermediate
2492,52,beginner
2492,23,intermediate
2492,24,none
2492,25,intermediate
2492,26,intermediate
2492,3,beginner
2492,8,beginner
2492,6,none
2493,14,none
2493,21,beginner
2493,25,intermediate
2493,24,none
2493,23,intermediate
2493,27,beginner
2493,33,beginner
2493,30,beginner
2494,135,beginner
2494,137,beginner
2494,128,none
2494,130,beginner
2495,33,beginner
2495,32,beginner
2495,29,beginner
2495,3,intermediate
2495,1,none
2495,8,intermediate
2495,7,none
2495,9,beginner
2496,8,beginner
2496,4,beginner
2496,48,intermediate
2496,55,beginner
2497,24,beginner
2497,28,intermediate
2497,3,none
2497,1,beginner
2497,5,beginner
2497,6,beginner
2498,3,beginner
2498,8,beginner
2498,6,beginner
2498,33,beginner
2498,32,none
2498,30,beginner
2499,66,intermediate
2499,67,beginner
2499,65,beginner
2499,70,intermediate
2499,69,beginner
2499,60,intermediate
2499,57,beginner
2499,59,intermediate
2499,61,beginner
2499,58,none
2500,25,beginner
2500,23,beginner
2500,26,beginner
2500,44,beginner
2500,38,beginner
2500,43,beginner
2500,32,beginner
2500,33,beginner
2500,34,intermediate
2501,95,none
2501,89,beginner
2501,91,beginner
2501,103,none
2501,96,none
2501,97,beginner
2501,100,beginner
2502,72,none
2502,73,beginner
2502,75,intermediate
2502,74,intermediate
2502,95,intermediate
2502,94,beginner
2502,92,intermediate
2503,37,intermediate
2503,42,intermediate
2503,38,intermediate
2503,47,beginner
2503,24,none
2503,25,beginner
2503,26,intermediate
2504,128,beginner
2504,131,beginner
2504,134,beginner
2504,132,beginner
2504,149,intermediate
2504,146,intermediate
2504,148,beginner
2504,154,intermediate
2504,151,intermediate
2504,153,beginner
2504,152,beginner
2505,141,beginner
2505,144,intermediate
2505,135,beginner
2505,136,none
2505,138,beginner
2505,140,intermediate
2506,56,beginner
2506,48,beginner
2506,53,beginner
2506,25,beginner
2506,28,intermediate
2507,32,intermediate
2507,31,intermediate
2507,29,beginner
2507,36,beginner
2507,37,beginner
2507,41,beginner
2508,36,beginner
2508,44,beginner
2508,45,beginner
2508,48,beginner
2508,49,intermediate
2508,54,beginner
2508,51,beginner
2509,49,beginner
2509,52,beginner
2509,38,intermediate
2509,42,beginner
2509,46,beginner
2510,66,beginner
2510,70,none
2510,72,beginner
2510,73,beginner
2510,74,none
2510,75,intermediate
2510,71,none
2510,95,beginner
2510,90,none
2511,89,beginner
2511,95,beginner
2511,94,beginner
2511,93,beginner
2511,60,intermediate
2511,57,beginner
2511,59,beginner
2511,64,intermediate
2512,33,beginner
2512,30,beginner
2512,42,none
2512,37,beginner
2512,36,intermediate
2512,46,beginner
2513,23,beginner
2513,25,beginner
2513,24,intermediate
2513,26,none
2513,48,beginner
2513,49,intermediate
2513,56,beginner
2513,50,intermediate
2513,52,advanced
2514,23,beginner
2514,25,beginner
2514,24,beginner
2514,22,intermediate
2514,11,beginner
2514,20,beginner
2514,15,beginner
2515,141,none
2515,142,beginner
2515,143,beginner
2515,144,beginner
2515,128,beginner
2515,134,beginner
2515,131,beginner
2515,133,beginner
2515,129,beginner
2515,154,intermediate
2515,151,none
2515,153,none
2515,152,intermediate
2516,149,beginner
2516,146,beginner
2516,148,advanced
2516,147,advanced
2516,135,beginner
2516,138,advanced
2516,136,beginner
2516,140,beginner
2517,3,beginner
2517,5,beginner
2517,6,beginner
2517,23,beginner
2517,25,beginner
2517,28,beginner
2518,67,beginner
2518,65,beginner
2518,69,beginner
2518,60,beginner
2518,57,beginner
2518,59,beginner
2518,63,beginner
2519,76,intermediate
2519,80,beginner
2519,79,beginner
2519,78,none
2519,77,beginner
2519,73,beginner
2519,72,beginner
2519,74,beginner
2519,75,beginner
2519,71,none
2520,94,beginner
2520,95,beginner
2520,89,beginner
2520,92,intermediate
2520,90,beginner
2520,97,beginner
2520,103,intermediate
2520,96,intermediate
2520,102,intermediate
2520,101,none
2521,86,intermediate
2521,88,beginner
2521,59,beginner
2521,57,intermediate
2521,61,beginner
2521,72,beginner
2521,71,beginner
2522,106,beginner
2522,108,beginner
2522,116,beginner
2522,117,intermediate
2522,119,beginner
2522,118,none
2523,23,none
2523,25,beginner
2523,28,intermediate
2523,1,none
2523,8,beginner
2523,2,beginner
2524,24,intermediate
2524,25,none
2524,23,beginner
2524,28,beginner
2524,14,advanced
2524,13,beginner
2524,16,beginner
2525,131,beginner
2525,128,beginner
2525,132,intermediate
2525,142,beginner
2525,141,beginner
2525,144,none
2526,5,beginner
2526,8,beginner
2526,3,beginner
2526,2,beginner
2526,25,beginner
2526,24,intermediate
2526,23,beginner
2526,26,beginner
2526,31,none
2526,32,beginner
2526,33,advanced
2526,34,intermediate
2527,13,beginner
2527,10,beginner
2527,11,none
2527,19,beginner
2527,32,beginner
2527,31,advanced
2527,33,beginner
2527,29,intermediate
2528,127,beginner
2528,125,beginner
2528,104,none
2528,106,none
2528,109,intermediate
2528,108,intermediate
2528,107,intermediate
2529,121,beginner
2529,122,beginner
2529,114,beginner
2529,110,none
2529,113,beginner
2530,73,beginner
2530,72,beginner
2530,71,beginner
2530,75,intermediate
2530,74,beginner
2530,89,intermediate
2530,94,beginner
2530,95,none
2530,90,beginner
2531,110,intermediate
2531,111,beginner
2531,114,beginner
2531,113,beginner
2531,126,beginner
2531,127,beginner
2531,125,beginner
2531,124,beginner
2532,57,beginner
2532,59,beginner
2532,60,intermediate
2532,61,beginner
2532,84,beginner
2532,85,intermediate
2532,86,none
2532,88,intermediate
2533,44,intermediate
2533,36,beginner
2533,38,beginner
2533,39,beginner
2533,49,beginner
2533,48,beginner
2533,54,none
2533,50,beginner
2534,96,beginner
2534,97,none
2534,99,intermediate
2534,73,beginner
2534,74,beginner
2535,114,intermediate
2535,115,beginner
2535,127,beginner
2535,126,beginner
2535,124,intermediate
2536,110,intermediate
2536,114,intermediate
2536,111,beginner
2536,115,beginner
2536,123,beginner
2536,120,beginner
2537,13,advanced
2537,11,intermediate
2537,10,intermediate
2537,19,advanced
2537,23,intermediate
2537,25,beginner
2537,27,beginner
2538,44,beginner
2538,40,beginner
2538,33,intermediate
2538,31,beginner
2538,30,beginner
2539,117,beginner
2539,116,intermediate
2539,118,beginner
2539,119,beginner
2539,106,intermediate
2539,104,none
2539,109,beginner
2539,108,beginner
2540,42,none
2540,36,intermediate
2540,37,advanced
2540,40,intermediate
2540,54,beginner
2540,51,intermediate
2541,33,beginner
2541,31,intermediate
2541,34,none
2541,48,beginner
2541,54,beginner
2541,56,beginner
2541,53,beginner
2542,121,beginner
2542,123,intermediate
2542,120,beginner
2542,117,intermediate
2542,116,beginner
2542,118,beginner
2542,119,intermediate
2543,73,beginner
2543,72,beginner
2543,74,intermediate
2543,71,beginner
2543,75,intermediate
2543,67,advanced
2543,69,intermediate
2544,38,beginner
2544,44,beginner
2544,42,intermediate
2544,39,intermediate
2544,5,intermediate
2544,8,beginner
2544,6,intermediate
2545,32,beginner
2545,33,beginner
2545,31,intermediate
2545,29,beginner
2545,23,intermediate
2545,25,beginner
2545,24,none
2545,27,intermediate
2546,33,beginner
2546,31,beginner
2546,32,beginner
2546,29,beginner
2546,3,intermediate
2546,1,beginner
2546,6,none
2547,117,none
2547,116,beginner
2547,118,intermediate
2547,119,none
2547,121,beginner
2547,123,none
2547,122,beginner
2547,120,beginner
2548,89,beginner
2548,94,none
2548,92,beginner
2548,72,beginner
2548,73,beginner
2548,71,beginner
2548,75,none
2549,48,beginner
2549,56,beginner
2549,53,beginner
2549,32,intermediate
2549,31,beginner
2549,30,beginner
2550,23,beginner
2550,25,none
2550,24,advanced
2550,28,intermediate
2550,8,none
2550,5,beginner
2550,6,beginner
2551,37,beginner
2551,40,intermediate
2551,31,none
2551,33,none
2551,32,beginner
2551,35,intermediate
2552,33,intermediate
2552,30,beginner
2552,20,intermediate
2552,11,beginner
2552,17,beginner
2553,31,beginner
2553,34,intermediate
2553,24,intermediate
2553,23,beginner
2553,26,beginner
2554,89,none
2554,91,beginner
2554,96,beginner
2554,97,intermediate
2554,103,none
2554,100,intermediate
2554,99,intermediate
2554,66,beginner
2554,65,beginner
2554,67,none
2554,68,beginner
2554,69,none
2555,36,intermediate
2555,44,beginner
2555,45,beginner
2555,24,intermediate
2555,26,intermediate
2556,37,beginner
2556,36,beginner
2556,40,beginner
2556,48,intermediate
2556,54,beginner
2556,52,beginner
2557,97,intermediate
2557,103,beginner
2557,96,beginner
2557,98,none
2557,86,intermediate
2557,85,advanced
2557,84,beginner
2557,82,advanced
2557,81,beginner
2558,33,intermediate
2558,31,beginner
2558,34,intermediate
2558,11,none
2558,10,advanced
2558,13,beginner
2558,16,intermediate
2559,48,beginner
2559,49,intermediate
2559,50,beginner
2559,37,none
2559,36,none
2559,46,beginner
2560,31,none
2560,33,beginner
2560,32,advanced
2560,30,beginner
2560,14,intermediate
2560,11,beginner
2560,16,beginner
2561,31,beginner
2561,32,none
2561,33,beginner
2561,30,beginner
2561,13,beginner
2561,14,beginner
2561,11,beginner
2561,17,beginner
2561,21,beginner
2562,20,none
2562,11,intermediate
2562,12,beginner
2562,25,beginner
2562,23,beginner
2562,24,beginner
2562,27,beginner
2563,116,intermediate
2563,117,none
2563,118,beginner
2563,119,beginner
2563,126,beginner
2563,127,advanced
2563,124,intermediate
2563,110,beginner
2563,114,none
2563,113,none
2564,32,beginner
2564,30,beginner
2564,38,none
2564,36,beginner
2564,47,intermediate
2565,121,beginner
2565,123,beginner
2565,120,beginner
2565,122,beginner
2565,127,beginner
2565,126,beginner
2565,125,intermediate
2565,124,beginner
2566,111,beginner
2566,113,intermediate
2566,121,none
2566,123,beginner
2566,122,beginner
2567,37,none
2567,42,advanced
2567,38,beginner
2567,39,none
2567,43,beginner
2567,1,beginner
2567,3,none
2567,8,intermediate
2567,7,beginner
2568,56,beginner
2568,49,none
2568,55,beginner
2568,5,beginner
2568,8,none
2568,6,none
2569,20,intermediate
2569,14,none
2569,11,beginner
2569,17,beginner
2569,44,beginner
2569,42,beginner
2569,46,beginner
2570,1,beginner
2570,5,advanced
2570,3,intermediate
2570,6,intermediate
2570,49,none
2570,54,none
2570,48,intermediate
2570,52,intermediate
2571,95,none
2571,94,beginner
2571,89,intermediate
2571,93,beginner
2571,90,intermediate
2571,66,beginner
2571,65,beginner
2571,67,beginner
2571,70,beginner
2571,57,none
2571,62,beginner
2572,48,beginner
2572,49,beginner
2572,54,beginner
2572,50,beginner
2572,11,intermediate
2572,10,intermediate
2572,14,beginner
2572,15,none
2572,18,beginner
2573,109,intermediate
2573,104,beginner
2573,108,intermediate
2573,123,beginner
2573,121,beginner
2573,120,beginner
2573,122,beginner
2574,72,none
2574,73,beginner
2574,71,intermediate
2574,75,none
2574,76,none
2574,80,beginner
2574,79,none
2574,77,none
2575,121,beginner
2575,123,intermediate
2575,120,intermediate
2575,122,beginner
2575,111,beginner
2575,114,intermediate
2575,115,beginner
2576,121,beginner
2576,123,beginner
2576,122,beginner
2576,120,intermediate
2576,110,beginner
2576,111,intermediate
2576,113,none
2577,94,none
2577,93,intermediate
2577,84,advanced
2577,86,beginner
2577,85,beginner
2577,88,beginner
2577,67,intermediate
2577,66,beginner
2577,65,intermediate
2577,70,intermediate
2578,142,intermediate
2578,141,beginner
2578,144,beginner
2578,143,intermediate
2578,149,beginner
2578,148,none
2579,131,beginner
2579,130,beginner
2579,135,intermediate
2579,138,beginner
2579,139,beginner
2579,142,beginner
2579,143,beginner
2580,5,beginner
2580,1,beginner
2580,6,none
2580,10,advanced
2580,14,intermediate
2580,12,beginner
2581,38,intermediate
2581,37,beginner
2581,36,beginner
2581,43,beginner
2581,56,beginner
2581,54,none
2581,48,intermediate
2581,55,beginner
2582,25,beginner
2582,24,beginner
2582,23,beginner
2582,26,intermediate
2582,28,beginner
2582,32,advanced
2582,33,intermediate
2582,31,beginner
2582,34,intermediate
2582,30,none
2583,56,none
2583,48,beginner
2583,49,beginner
2583,50,beginner
2583,52,none
2583,33,none
2583,32,beginner
2583,34,intermediate
2584,72,intermediate
2584,73,beginner
2584,74,beginner
2584,60,none
2584,59,beginner
2584,57,beginner
2584,63,beginner
2584,58,beginner
2584,94,none
2584,95,beginner
2584,92,intermediate
2585,14,beginner
2585,11,beginner
2585,21,beginner
2585,5,intermediate
2585,2,beginner
2586,57,none
2586,60,beginner
2586,62,beginner
2586,89,beginner
2586,94,beginner
2586,95,beginner
2586,93,intermediate
2586,90,beginner
2587,117,beginner
2587,116,none
2587,119,beginner
2587,118,beginner
2587,127,beginner
2587,126,none
2587,124,beginner
2588,42,beginner
2588,39,beginner
2588,32,intermediate
2588,31,intermediate
2588,29,advanced
2589,94,intermediate
2589,95,beginner
2589,92,none
2589,80,intermediate
2589,76,intermediate
2589,77,none
2589,79,beginner
2590,23,beginner
2590,24,beginner
2590,22,beginner
2590,32,beginner
2590,33,beginner
2590,31,beginner
2590,29,none
2591,127,none
2591,126,intermediate
2591,124,none
2591,125,beginner
2591,114,beginner
2591,111,intermediate
2591,113,beginner
2591,109,beginner
2591,104,intermediate
2591,106,beginner
2591,105,beginner
2592,85,beginner
2592,86,none
2592,84,beginner
2592,82,intermediate
2592,94,intermediate
2592,89,intermediate
2592,90,beginner
2593,13,beginner
2593,11,beginner
2593,20,intermediate
2593,18,beginner
2593,15,none
2593,31,beginner
2593,33,beginner
2593,32,beginner
2593,35,intermediate
2593,29,none
2594,103,intermediate
2594,97,intermediate
2594,98,beginner
2594,66,beginner
2594,67,beginner
2594,65,beginner
2594,69,beginner
2594,70,intermediate
2595,1,beginner
2595,5,none
2595,2,beginner
2595,54,beginner
2595,56,beginner
2595,50,beginner
2596,123,intermediate
2596,121,beginner
2596,120,beginner
2596,109,intermediate
2596,106,beginner
2596,104,beginner
2596,105,beginner
2597,76,advanced
2597,80,beginner
2597,78,intermediate
2597,57,beginner
2597,59,intermediate
2597,58,beginner
2598,56,beginner
2598,52,none
2598,11,beginner
2598,14,intermediate
2598,10,beginner
2598,15,beginner
2598,12,none
2599,60,beginner
2599,57,beginner
2599,59,beginner
2599,58,beginner
2599,96,beginner
2599,103,beginner
2599,97,beginner
2599,99,none
2600,121,beginner
2600,122,beginner
2600,111,intermediate
2600,115,beginner
2600,109,intermediate
2600,107,none
2601,110,intermediate
2601,114,none
2601,113,intermediate
2601,127,beginner
2601,126,advanced
2601,124,advanced
2602,86,intermediate
2602,88,beginner
2602,76,advanced
2602,77,beginner
2602,59,intermediate
2602,60,beginner
2602,61,beginner
2603,104,intermediate
2603,107,beginner
2603,121,intermediate
2603,120,beginner
2603,110,beginner
2603,114,none
2603,112,beginner
2604,23,none
2604,25,beginner
2604,22,none
2604,20,beginner
2604,18,beginner
2604,38,beginner
2604,37,beginner
2604,36,beginner
2604,41,intermediate
2605,116,none
2605,119,beginner
2605,123,intermediate
2605,121,beginner
2605,120,beginner
2605,122,none
2605,109,beginner
2605,104,beginner
2605,106,intermediate
2605,107,beginner
2606,104,none
2606,109,none
2606,108,intermediate
2606,121,beginner
2606,123,beginner
2606,120,beginner
2606,122,none
2606,127,beginner
2606,126,beginner
2606,125,beginner
2607,10,intermediate
2607,14,beginner
2607,11,beginner
2607,16,beginner
2607,24,intermediate
2607,28,none
2607,5,beginner
2607,2,beginner
2608,8,beginner
2608,2,intermediate
2608,25,intermediate
2608,23,intermediate
2608,28,none
2609,5,intermediate
2609,1,none
2609,9,intermediate
2609,23,beginner
2609,24,intermediate
2609,25,beginner
2609,26,none
2610,31,advanced
2610,33,intermediate
2610,35,beginner
2610,37,none
2610,36,intermediate
2610,41,intermediate
2611,48,intermediate
2611,56,intermediate
2611,49,intermediate
2611,51,beginner
2611,10,intermediate
2611,20,advanced
2611,14,beginner
2611,18,beginner
2612,14,intermediate
2612,13,beginner
2612,20,intermediate
2612,21,beginner
2612,42,intermediate
2612,44,beginner
2612,47,beginner
2613,67,beginner
2613,68,beginner
2613,57,none
2613,59,beginner
2613,60,beginner
2613,63,intermediate
2613,58,beginner
2614,32,advanced
2614,33,beginner
2614,31,intermediate
2614,29,beginner
2614,1,none
2614,3,advanced
2614,5,intermediate
2614,7,beginner
2614,4,beginner
2615,38,beginner
2615,44,intermediate
2615,42,beginner
2615,47,intermediate
2615,32,intermediate
2615,33,advanced
2615,29,beginner
2616,103,beginner
2616,97,beginner
2616,96,beginner
2616,102,beginner
2616,67,intermediate
2616,68,beginner
2617,31,none
2617,32,intermediate
2617,29,beginner
2617,14,beginner
2617,20,beginner
2617,21,none
2618,24,beginner
2618,28,intermediate
2618,31,beginner
2618,32,beginner
2618,33,beginner
2618,29,beginner
2619,121,beginner
2619,123,none
2619,122,intermediate
2619,114,advanced
2619,115,intermediate
2620,141,beginner
2620,142,beginner
2620,145,beginner
2620,144,beginner
2620,154,intermediate
2620,151,beginner
2620,152,intermediate
2621,97,intermediate
2621,96,beginner
2621,101,beginner
2621,85,beginner
2621,88,intermediate
2622,14,beginner
2622,10,beginner
2622,13,beginner
2622,12,beginner
2622,21,beginner
2622,24,none
2622,23,beginner
2622,25,beginner
2622,26,intermediate
2622,48,beginner
2622,54,beginner
2622,53,beginner
2623,1,beginner
2623,8,beginner
2623,5,none
2623,9,beginner
2623,4,beginner
2623,24,beginner
2623,23,intermediate
2623,25,advanced
2623,26,beginner
2623,31,intermediate
2623,30,beginner
2624,138,beginner
2624,136,intermediate
2624,140,none
2624,141,intermediate
2624,142,intermediate
2624,143,intermediate
2624,144,intermediate
2625,59,beginner
2625,57,none
2625,58,beginner
2625,65,beginner
2625,69,intermediate
2626,123,beginner
2626,121,beginner
2626,120,beginner
2626,122,beginner
2626,104,beginner
2626,109,beginner
2626,106,none
2626,108,beginner
2626,117,beginner
2626,119,intermediate
2627,60,beginner
2627,57,advanced
2627,59,intermediate
2627,62,none
2627,72,none
2627,73,beginner
2627,75,beginner
2627,103,intermediate
2627,97,intermediate
2627,96,none
2627,98,beginner
2628,32,intermediate
2628,30,beginner
2628,3,beginner
2628,8,beginner
2628,1,beginner
2628,7,beginner
2629,36,beginner
2629,38,beginner
2629,40,beginner
2629,33,beginner
2629,31,beginner
2629,34,beginner
2629,11,beginner
2629,13,beginner
2629,10,beginner
2629,12,intermediate
2629,17,beginner
2630,121,intermediate
2630,123,intermediate
2630,122,beginner
2630,116,intermediate
2630,118,beginner
2631,127,beginner
2631,126,intermediate
2631,124,beginner
2631,125,beginner
2631,111,none
2631,112,none
2632,56,beginner
2632,48,intermediate
2632,49,beginner
2632,53,intermediate
2632,52,intermediate
2632,42,none
2632,38,intermediate
2632,39,intermediate
2632,23,beginner
2632,25,beginner
2632,28,beginner
2633,84,beginner
2633,86,beginner
2633,85,beginner
2633,81,intermediate
2633,83,intermediate
2633,67,intermediate
2633,66,beginner
2633,70,beginner
2634,31,beginner
2634,34,beginner
2634,1,intermediate
2634,5,intermediate
2634,4,none
2635,146,advanced
2635,148,beginner
2635,138,beginner
2635,136,none
2635,137,none
2636,33,beginner
2636,32,beginner
2636,29,none
2636,49,beginner
2636,51,beginner
2637,104,beginner
2637,107,beginner
2637,110,intermediate
2637,112,beginner
2638,33,intermediate
2638,31,beginner
2638,32,none
2638,30,beginner
2638,29,beginner
2638,20,intermediate
2638,10,beginner
2638,15,beginner
2639,76,beginner
2639,78,intermediate
2639,60,beginner
2639,61,none
2639,73,beginner
2639,71,beginner
2640,76,intermediate
2640,80,beginner
2640,77,none
2640,79,beginner
2640,60,advanced
2640,62,beginner
2641,1,beginner
2641,5,beginner
2641,4,none
2641,36,beginner
2641,37,beginner
2641,41,beginner
2641,11,beginner
2641,20,beginner
2641,21,beginner
2642,116,beginner
2642,117,beginner
2642,118,beginner
2642,110,beginner
2642,114,intermediate
2642,112,none
2643,109,beginner
2643,106,beginner
2643,104,beginner
2643,105,beginner
2643,108,none
2643,121,intermediate
2643,123,none
2643,120,beginner
2643,122,intermediate
2644,116,beginner
2644,119,beginner
2644,123,beginner
2644,120,intermediate
2644,109,beginner
2644,104,beginner
2644,106,beginner
2644,107,none
2645,49,intermediate
2645,54,none
2645,48,none
2645,53,none
2645,25,beginner
2645,28,beginner
2645,32,beginner
2645,31,intermediate
2645,33,beginner
2645,34,beginner
2646,127,none
2646,126,beginner
2646,125,beginner
2646,110,beginner
2646,111,none
2646,113,intermediate
2647,80,intermediate
2647,76,beginner
2647,78,intermediate
2647,57,intermediate
2647,59,intermediate
2647,61,advanced
2647,67,beginner
2647,65,intermediate
2647,66,beginner
2647,69,intermediate
2647,70,intermediate
2648,86,beginner
2648,85,beginner
2648,81,intermediate
2648,80,beginner
2648,76,none
2648,79,none
2649,96,none
2649,103,beginner
2649,97,beginner
2649,98,intermediate
2649,100,intermediate
2649,60,intermediate
2649,59,beginner
2649,63,beginner
2650,80,beginner
2650,79,beginner
2650,72,beginner
2650,73,intermediate
2650,75,intermediate
2650,71,intermediate
2650,74,beginner
2651,1,intermediate
2651,3,intermediate
2651,2,beginner
2651,23,beginner
2651,24,none
2651,25,intermediate
2651,28,beginner
2652,11,beginner
2652,20,beginner
2652,15,intermediate
2652,31,intermediate
2652,35,intermediate
2653,33,beginner
2653,29,beginner
2653,49,none
2653,56,beginner
2653,48,beginner
2653,51,intermediate
2654,37,none
2654,42,beginner
2654,38,intermediate
2654,47,beginner
2654,39,intermediate
2654,32,beginner
2654,33,beginner
2654,31,none
2654,29,beginner
2654,30,beginner
2655,54,intermediate
2655,49,beginner
2655,56,none
2655,51,beginner
2655,37,intermediate
2655,38,intermediate
2655,43,beginner
2656,54,beginner
2656,55,beginner
2656,14,beginner
2656,10,intermediate
2656,17,beginner
2657,111,intermediate
2657,114,intermediate
2657,113,none
2657,126,beginner
2657,127,intermediate
2657,125,intermediate
2658,103,none
2658,96,intermediate
2658,97,beginner
2658,100,beginner
2658,86,beginner
2658,84,intermediate
2658,87,beginner
2658,65,intermediate
2658,66,beginner
2658,67,beginner
2658,69,intermediate
2659,10,beginner
2659,14,intermediate
2659,20,beginner
2659,15,none
2659,31,beginner
2659,32,none
2659,35,beginner
2660,110,intermediate
2660,111,beginner
2660,114,intermediate
2660,112,intermediate
2660,115,none
2660,116,beginner
2660,117,intermediate
2660,118,none
2661,154,beginner
2661,150,beginner
2661,149,beginner
2661,146,none
2661,148,none
2661,147,beginner
2662,117,beginner
2662,116,intermediate
2662,119,beginner
2662,118,advanced
2662,109,intermediate
2662,104,beginner
2662,108,beginner
2663,126,intermediate
2663,125,beginner
2663,116,beginner
2663,117,beginner
2663,119,none
2663,118,intermediate
2664,154,none
2664,151,beginner
2664,152,beginner
2664,153,beginner
2664,150,beginner
2664,146,beginner
2664,149,beginner
2664,148,beginner
2664,147,beginner
2665,73,intermediate
2665,72,intermediate
2665,71,intermediate
2665,75,advanced
2665,74,beginner
2665,85,beginner
2665,86,advanced
2665,84,beginner
2665,83,beginner
2665,88,beginner
2666,146,intermediate
2666,149,none
2666,148,beginner
2666,147,beginner
2666,141,beginner
2666,142,beginner
2666,143,beginner
2666,144,beginner
2667,151,beginner
2667,152,beginner
2667,136,beginner
2667,140,intermediate
2668,3,beginner
2668,1,beginner
2668,2,intermediate
2668,37,beginner
2668,36,none
2668,43,beginner
2668,13,beginner
2668,20,beginner
2668,15,intermediate
2669,110,beginner
2669,111,advanced
2669,115,intermediate
2669,117,intermediate
2669,116,intermediate
2669,119,beginner
2669,118,beginner
2669,123,intermediate
2669,120,beginner
2670,117,beginner
2670,116,beginner
2670,119,beginner
2670,121,beginner
2670,122,beginner
2670,110,beginner
2670,111,advanced
2670,112,beginner
2671,121,none
2671,123,intermediate
2671,120,intermediate
2671,122,beginner
2671,116,beginner
2671,117,beginner
2671,118,beginner
2671,119,beginner
2672,126,beginner
2672,127,beginner
2672,124,beginner
2672,125,beginner
2672,111,intermediate
2672,110,intermediate
2672,114,intermediate
2672,113,intermediate
2673,56,intermediate
2673,52,none
2673,24,beginner
2673,23,intermediate
2673,25,beginner
2673,26,beginner
2673,22,beginner
2674,20,beginner
2674,13,beginner
2674,14,intermediate
2674,12,beginner
2674,21,none
2674,48,intermediate
2674,54,none
2674,56,beginner
2674,50,advanced
2674,55,intermediate
2674,24,intermediate
2674,23,beginner
2674,28,beginner
2675,65,beginner
2675,66,beginner
2675,69,beginner
2675,72,none
2675,73,none
2675,71,intermediate
2675,74,intermediate
2676,117,beginner
2676,116,intermediate
2676,119,intermediate
2676,111,none
2676,110,intermediate
2676,115,beginner
2677,109,intermediate
2677,106,intermediate
2677,104,beginner
2677,108,none
2677,107,none
2677,123,beginner
2677,122,beginner
2678,116,beginner
2678,117,advanced
2678,118,none
2678,119,beginner
2678,123,beginner
2678,120,none
2679,123,beginner
2679,121,beginner
2679,120,intermediate
2679,122,beginner
2679,116,advanced
2679,117,beginner
2679,118,none
2679,119,intermediate
2680,128,beginner
2680,131,beginner
2680,133,beginner
2680,142,beginner
2680,141,beginner
2680,145,advanced
2680,144,beginner
2680,143,intermediate
2681,36,intermediate
2681,37,intermediate
2681,42,beginner
2681,47,beginner
2681,48,none
2681,49,intermediate
2681,56,intermediate
2681,52,none
2682,134,none
2682,128,beginner
2682,133,beginner
2682,136,beginner
2682,140,beginner
2682,141,intermediate
2682,142,intermediate
2682,145,beginner
2682,143,beginner
2683,25,intermediate
2683,23,beginner
2683,24,intermediate
2683,22,beginner
2683,26,beginner
2683,31,beginner
2683,35,beginner
2684,94,intermediate
2684,89,intermediate
2684,95,beginner
2684,90,beginner
2684,91,beginner
2684,80,beginner
2684,76,intermediate
2684,78,intermediate
2685,14,beginner
2685,11,intermediate
2685,10,intermediate
2685,19,beginner
2685,3,none
2685,8,beginner
2685,1,beginner
2685,9,beginner
2686,72,beginner
2686,73,beginner
2686,75,beginner
2686,71,none
2686,85,beginner
2686,86,none
2686,81,beginner
2687,11,intermediate
2687,20,beginner
2687,14,intermediate
2687,19,beginner
2687,18,beginner
2687,56,none
2687,53,beginner
2688,44,beginner
2688,37,beginner
2688,41,beginner
2688,1,beginner
2688,6,none
2689,80,beginner
2689,76,intermediate
2689,79,beginner
2689,103,beginner
2689,97,none
2689,96,beginner
2689,98,beginner
2689,100,intermediate
2689,85,beginner
2689,84,none
2689,86,none
2689,88,beginner
2690,104,none
2690,108,beginner
2690,117,none
2690,116,intermediate
2690,119,none
2690,118,beginner
2691,25,intermediate
2691,23,beginner
2691,26,intermediate
2691,33,beginner
2691,29,intermediate
2691,44,beginner
2691,47,advanced
2692,85,beginner
2692,83,none
2692,80,none
2692,76,none
2692,79,beginner
2692,77,intermediate
2692,78,none
2693,49,beginner
2693,54,beginner
2693,48,beginner
2693,52,beginner
2693,32,intermediate
2693,31,intermediate
2693,33,beginner
2693,35,intermediate
2693,30,none
2694,31,beginner
2694,34,beginner
2694,3,beginner
2694,1,beginner
2694,7,beginner
2695,32,beginner
2695,31,beginner
2695,33,beginner
2695,35,beginner
2695,34,beginner
2695,44,beginner
2695,37,beginner
2695,38,beginner
2695,39,none
2695,40,beginner
2696,66,beginner
2696,67,beginner
2696,65,beginner
2696,70,beginner
2696,69,beginner
2696,60,none
2696,57,intermediate
2696,59,none
2696,58,beginner
2697,116,none
2697,117,beginner
2697,119,beginner
2697,118,beginner
2697,110,beginner
2697,113,beginner
2697,123,beginner
2697,121,beginner
2697,120,beginner
2698,76,intermediate
2698,80,intermediate
2698,77,beginner
2698,79,intermediate
2698,73,intermediate
2698,72,beginner
2698,71,none
2698,75,intermediate
2698,74,beginner
2699,123,beginner
2699,121,intermediate
2699,120,beginner
2699,122,beginner
2699,127,none
2699,126,beginner
2699,125,beginner
2699,124,intermediate
2699,109,intermediate
2699,108,none
2700,66,beginner
2700,67,beginner
2700,65,intermediate
2700,69,beginner
2700,60,none
2700,59,beginner
2700,61,intermediate
2700,86,beginner
2700,84,beginner
2700,82,beginner
2701,123,beginner
2701,121,intermediate
2701,120,intermediate
2701,122,beginner
2701,117,beginner
2701,116,beginner
2701,119,beginner
2701,118,advanced
2702,138,beginner
2702,136,intermediate
2702,135,beginner
2702,137,intermediate
2702,131,intermediate
2702,128,advanced
2702,133,beginner
2702,141,beginner
2702,142,intermediate
2702,145,intermediate
2702,144,intermediate
2703,1,intermediate
2703,4,beginner
2703,32,beginner
2703,35,beginner
2704,33,beginner
2704,32,intermediate
2704,29,none
2704,49,beginner
2704,48,intermediate
2704,54,intermediate
2704,51,beginner
2705,8,beginner
2705,3,beginner
2705,6,beginner
2705,36,beginner
2705,45,beginner
2706,60,beginner
2706,59,intermediate
2706,61,intermediate
2706,80,beginner
2706,79,beginner
2706,65,intermediate
2706,67,intermediate
2706,70,none
2707,73,intermediate
2707,72,beginner
2707,74,none
2707,75,none
2707,71,beginner
2707,67,intermediate
2707,66,beginner
2707,69,beginner
2708,5,intermediate
2708,8,intermediate
2708,1,beginner
2708,2,beginner
2708,4,beginner
2708,23,beginner
2708,24,beginner
2708,25,beginner
2708,28,intermediate
2708,27,intermediate
2709,127,beginner
2709,126,beginner
2709,125,beginner
2709,117,beginner
2709,116,beginner
2709,118,beginner
2709,119,beginner
2709,121,none
2709,123,beginner
2709,122,beginner
2710,136,none
2710,138,advanced
2710,135,beginner
2710,139,intermediate
2710,146,beginner
2710,149,beginner
2710,147,none
2711,32,beginner
2711,29,intermediate
2711,8,intermediate
2711,3,intermediate
2711,7,none
2711,37,intermediate
2711,44,intermediate
2711,36,advanced
2711,43,beginner
2712,8,beginner
2712,3,beginner
2712,1,none
2712,9,beginner
2712,25,beginner
2712,24,intermediate
2712,23,none
2712,27,beginner
2713,54,beginner
2713,51,beginner
2713,13,none
2713,14,beginner
2713,15,beginner
2713,36,intermediate
2713,45,intermediate
2714,32,beginner
2714,33,none
2714,31,beginner
2714,30,beginner
2714,1,beginner
2714,2,beginner
2715,117,beginner
2715,116,beginner
2715,118,beginner
2715,119,beginner
2715,121,beginner
2715,123,beginner
2715,122,intermediate
2715,120,beginner
2716,76,beginner
2716,80,intermediate
2716,77,intermediate
2716,79,beginner
2716,78,beginner
2716,60,intermediate
2716,61,beginner
2717,38,beginner
2717,37,beginner
2717,42,intermediate
2717,39,beginner
2717,10,beginner
2717,11,beginner
2717,17,none
2718,60,intermediate
2718,57,beginner
2718,59,advanced
2718,61,none
2718,73,advanced
2718,72,none
2718,75,beginner
2718,71,advanced
2719,24,beginner
2719,25,intermediate
2719,27,beginner
2719,42,beginner
2719,44,beginner
2719,46,beginner
2719,49,beginner
2719,51,beginner
2720,1,beginner
2720,3,beginner
2720,6,beginner
2720,31,beginner
2720,34,beginner
2721,11,beginner
2721,14,beginner
2721,13,intermediate
2721,16,beginner
2721,37,beginner
2721,36,beginner
2721,44,beginner
2721,41,intermediate
2721,43,intermediate
2722,94,beginner
2722,89,beginner
2722,95,intermediate
2722,91,beginner
2722,72,beginner
2722,73,beginner
2722,74,intermediate
2723,96,beginner
2723,97,beginner
2723,103,intermediate
2723,99,beginner
2723,66,beginner
2723,65,beginner
2723,67,beginner
2723,68,none
2723,69,beginner
2724,114,none
2724,112,beginner
2724,123,beginner
2724,122,beginner
2724,116,beginner
2724,117,none
2724,119,intermediate
2724,118,beginner
2725,23,beginner
2725,25,beginner
2725,22,beginner
2725,56,advanced
2725,54,beginner
2725,52,intermediate
2725,14,beginner
2725,11,beginner
2725,13,beginner
2725,12,beginner
2726,121,none
2726,123,beginner
2726,122,beginner
2726,120,intermediate
2726,104,beginner
2726,109,beginner
2726,106,beginner
2726,108,beginner
2726,107,beginner
2726,127,beginner
2726,124,beginner
2727,36,none
2727,38,beginner
2727,42,beginner
2727,40,none
2727,31,beginner
2727,32,intermediate
2727,33,beginner
2727,29,intermediate
2727,54,advanced
2727,53,intermediate
2728,49,none
2728,55,beginner
2728,25,none
2728,27,beginner
2728,13,beginner
2728,10,intermediate
2728,19,none
2729,117,beginner
2729,118,beginner
2729,110,none
2729,113,beginner
2729,126,none
2729,127,beginner
2729,124,beginner
2729,125,intermediate
2730,94,beginner
2730,93,intermediate
2730,86,intermediate
2730,85,beginner
2730,84,none
2730,81,beginner
2731,44,beginner
2731,36,intermediate
2731,37,beginner
2731,47,beginner
2731,46,intermediate
2731,10,beginner
2731,19,beginner
2732,89,beginner
2732,91,beginner
2732,80,intermediate
2732,76,beginner
2732,79,beginner
2732,57,intermediate
2732,59,none
2732,60,none
2732,63,beginner
2733,104,beginner
2733,106,intermediate
2733,109,none
2733,107,beginner
2733,108,beginner
2733,110,intermediate
2733,114,beginner
2733,115,beginner
2734,131,beginner
2734,128,beginner
2734,134,beginner
2734,129,intermediate
2734,154,beginner
2734,151,intermediate
2734,152,beginner
2735,97,intermediate
2735,96,beginner
2735,103,beginner
2735,100,beginner
2735,98,beginner
2735,66,beginner
2735,67,intermediate
2735,65,none
2735,69,beginner
2735,70,none
2736,11,intermediate
2736,14,none
2736,10,beginner
2736,19,beginner
2736,12,intermediate
2736,25,beginner
2736,23,beginner
2736,24,beginner
2736,26,beginner
2737,80,beginner
2737,76,beginner
2737,77,beginner
2737,78,intermediate
2737,72,beginner
2737,73,intermediate
2737,71,beginner
2737,75,intermediate
2737,74,intermediate
2737,95,none
2737,92,beginner
2738,14,beginner
2738,11,none
2738,20,beginner
2738,19,none
2738,24,beginner
2738,22,beginner
2738,32,beginner
2738,29,intermediate
2739,44,intermediate
2739,36,beginner
2739,38,beginner
2739,45,intermediate
2739,20,intermediate
2739,11,intermediate
2739,18,intermediate
2740,60,intermediate
2740,59,intermediate
2740,57,intermediate
2740,63,intermediate
2740,62,none
2740,95,advanced
2740,92,beginner
2741,117,intermediate
2741,116,intermediate
2741,118,none
2741,119,none
2741,123,beginner
2741,121,beginner
2741,120,beginner
2741,122,none
2742,44,none
2742,37,beginner
2742,41,intermediate
2742,25,beginner
2742,26,beginner
2743,110,beginner
2743,114,beginner
2743,111,beginner
2743,115,beginner
2743,126,beginner
2743,125,intermediate
2744,121,beginner
2744,123,beginner
2744,120,beginner
2744,127,intermediate
2744,126,intermediate
2744,124,none
2745,116,beginner
2745,117,beginner
2745,119,beginner
2745,109,intermediate
2745,104,beginner
2745,106,none
2745,105,beginner
2745,107,none
2745,121,beginner
2745,123,beginner
2745,120,beginner
2745,122,beginner
2746,1,intermediate
2746,8,none
2746,5,beginner
2746,9,beginner
2746,56,beginner
2746,49,beginner
2746,53,beginner
2747,56,intermediate
2747,50,beginner
2747,33,none
2747,34,none
2748,25,intermediate
2748,24,beginner
2748,28,none
2748,1,none
2748,8,beginner
2748,4,beginner
2748,56,intermediate
2748,55,beginner
2749,48,beginner
2749,55,beginner
2749,33,intermediate
2749,31,beginner
2749,35,beginner
2750,54,beginner
2750,48,beginner
2750,55,beginner
2750,37,beginner
2750,42,beginner
2750,46,beginner
2751,48,intermediate
2751,56,beginner
2751,54,beginner
2751,52,none
2751,44,beginner
2751,37,beginner
2751,36,beginner
2751,43,none
2751,41,beginner
2751,25,beginner
2751,23,intermediate
2751,24,none
2751,26,beginner
2751,27,beginner
2752,25,none
2752,27,beginner
2752,38,intermediate
2752,42,intermediate
2752,36,beginner
2752,46,beginner
2753,14,none
2753,13,beginner
2753,17,beginner
2753,32,beginner
2753,33,intermediate
2753,31,beginner
2753,29,intermediate
2754,154,beginner
2754,151,beginner
2754,150,beginner
2754,146,intermediate
2754,149,beginner
2754,148,beginner
2754,135,intermediate
2754,138,intermediate
2754,137,none
2755,109,intermediate
2755,106,beginner
2755,104,intermediate
2755,107,advanced
2755,117,intermediate
2755,119,intermediate
2756,56,beginner
2756,49,beginner
2756,52,intermediate
2756,1,beginner
2756,5,none
2756,8,beginner
2756,2,intermediate
2757,142,none
2757,141,beginner
2757,143,beginner
2757,146,intermediate
2757,149,beginner
2757,147,intermediate
2757,131,beginner
2757,133,beginner
2758,24,beginner
2758,23,intermediate
2758,25,beginner
2758,26,intermediate
2758,37,none
2758,39,intermediate
2758,5,none
2758,3,intermediate
2758,8,beginner
2758,9,beginner
2759,14,beginner
2759,10,beginner
2759,13,intermediate
2759,18,beginner
2759,49,advanced
2759,48,beginner
2759,56,beginner
2759,50,none
2759,52,beginner
2760,114,beginner
2760,111,intermediate
2760,112,intermediate
2760,121,intermediate
2760,122,intermediate
2760,126,beginner
2760,127,beginner
2760,125,intermediate
2761,56,beginner
2761,49,none
2761,55,beginner
2761,3,intermediate
2761,5,intermediate
2761,2,beginner
2761,10,intermediate
2761,11,beginner
2761,12,beginner
2762,25,beginner
2762,24,advanced
2762,23,advanced
2762,26,beginner
2762,13,beginner
2762,10,beginner
2762,11,intermediate
2762,19,none
2762,49,beginner
2762,48,beginner
2762,50,advanced
2763,38,beginner
2763,37,intermediate
2763,46,intermediate
2763,56,beginner
2763,54,beginner
2763,49,beginner
2763,51,none
2763,52,beginner
2764,89,beginner
2764,94,none
2764,93,beginner
2764,97,beginner
2764,100,beginner
2765,60,none
2765,59,beginner
2765,61,intermediate
2765,103,beginner
2765,96,beginner
2765,101,beginner
2766,3,beginner
2766,1,beginner
2766,8,beginner
2766,2,intermediate
2766,14,intermediate
2766,10,intermediate
2766,13,beginner
2766,16,beginner
2767,33,beginner
2767,30,intermediate
2767,24,advanced
2767,25,advanced
2767,23,intermediate
2767,26,beginner
2767,22,beginner
2768,23,beginner
2768,24,intermediate
2768,27,beginner
2768,33,none
2768,32,beginner
2768,31,intermediate
2768,29,beginner
2769,59,beginner
2769,61,beginner
2769,72,beginner
2769,71,beginner
2770,1,beginner
2770,7,intermediate
2770,54,none
2770,52,advanced
2771,117,beginner
2771,116,none
2771,118,beginner
2771,119,beginner
2771,106,beginner
2771,107,beginner
2772,117,intermediate
2772,116,beginner
2772,119,none
2772,118,beginner
2772,110,beginner
2772,112,beginner
2773,23,beginner
2773,24,beginner
2773,25,none
2773,22,beginner
2773,28,beginner
2773,14,beginner
2773,11,beginner
2773,20,beginner
2773,18,beginner
2773,19,intermediate
2774,127,none
2774,126,advanced
2774,125,beginner
2774,124,none
2774,117,intermediate
2774,118,beginner
2775,31,intermediate
2775,33,intermediate
2775,32,beginner
2775,35,beginner
2775,56,beginner
2775,49,beginner
2775,55,beginner
2776,38,none
2776,37,beginner
2776,42,beginner
2776,41,beginner
2776,25,intermediate
2776,23,beginner
2776,27,beginner
2776,56,intermediate
2776,48,beginner
2776,55,beginner
2777,20,beginner
2777,15,none
2777,3,beginner
2777,5,beginner
2777,1,intermediate
2777,4,beginner
2777,9,beginner
2778,103,beginner
2778,96,none
2778,97,beginner
2778,100,none
2778,101,intermediate
2778,66,beginner
2778,67,beginner
2778,65,none
2778,70,intermediate
2779,116,intermediate
2779,118,intermediate
2779,123,beginner
2779,121,intermediate
2779,122,beginner
2779,120,intermediate
2780,134,intermediate
2780,131,beginner
2780,133,none
2780,138,beginner
2780,137,beginner
2781,32,beginner
2781,35,beginner
2781,49,beginner
2781,48,beginner
2781,50,beginner
2782,13,beginner
2782,14,intermediate
2782,19,intermediate
2782,38,beginner
2782,37,beginner
2782,36,beginner
2782,41,beginner
2783,76,beginner
2783,80,intermediate
2783,77,beginner
2783,72,beginner
2783,73,intermediate
2783,71,none
2783,74,beginner
2784,49,beginner
2784,50,beginner
2784,1,advanced
2784,3,advanced
2784,7,beginner
2785,5,beginner
2785,8,intermediate
2785,7,none
2785,54,beginner
2785,49,intermediate
2785,51,beginner
2785,25,none
2785,24,beginner
2785,22,beginner
2786,141,beginner
2786,145,beginner
2786,146,beginner
2786,149,beginner
2786,147,beginner
2787,116,none
2787,117,beginner
2787,119,beginner
2787,118,none
2787,121,beginner
2787,123,advanced
2787,122,beginner
2787,120,intermediate
2788,149,beginner
2788,146,none
2788,147,beginner
2788,148,beginner
2788,141,beginner
2788,142,intermediate
2788,144,none
2789,14,beginner
2789,13,beginner
2789,21,beginner
2789,36,beginner
2789,39,none
2790,31,beginner
2790,32,none
2790,34,beginner
2790,13,none
2790,15,beginner
2790,54,intermediate
2790,51,none
2791,31,advanced
2791,33,beginner
2791,32,intermediate
2791,30,intermediate
2791,34,advanced
2791,5,intermediate
2791,8,beginner
2791,3,intermediate
2791,7,intermediate
2791,6,intermediate
2792,146,beginner
2792,149,none
2792,148,intermediate
2792,136,intermediate
2792,135,none
2792,138,beginner
2792,140,beginner
2792,137,none
2793,36,beginner
2793,40,intermediate
2793,13,beginner
2793,14,intermediate
2793,11,intermediate
2793,21,intermediate
2793,15,advanced
2794,42,beginner
2794,44,intermediate
2794,38,none
2794,43,intermediate
2794,45,beginner
2794,49,beginner
2794,56,intermediate
2794,50,intermediate
2795,23,beginner
2795,24,beginner
2795,28,beginner
2795,48,intermediate
2795,49,none
2795,56,intermediate
2795,50,beginner
2795,52,beginner
2796,126,beginner
2796,127,beginner
2796,124,beginner
2796,123,beginner
2796,121,beginner
2796,120,beginner
2796,122,beginner
2797,121,none
2797,120,none
2797,116,beginner
2797,117,beginner
2797,118,beginner
2797,119,none
2797,127,beginner
2797,126,intermediate
2797,125,intermediate
2797,124,none
2798,85,beginner
2798,88,beginner
2798,72,beginner
2798,73,beginner
2798,74,beginner
2799,8,beginner
2799,3,advanced
2799,2,beginner
2799,31,intermediate
2799,35,beginner
2799,38,beginner
2799,36,beginner
2799,37,intermediate
2799,41,beginner
2800,121,intermediate
2800,123,beginner
2800,120,intermediate
2800,104,intermediate
2800,109,intermediate
2800,105,beginner
2801,3,beginner
2801,5,intermediate
2801,4,beginner
2801,20,beginner
2801,14,beginner
2801,11,beginner
2801,17,intermediate
2801,44,intermediate
2801,39,beginner
2802,14,beginner
2802,10,beginner
2802,19,beginner
2802,1,beginner
2802,8,beginner
2802,3,intermediate
2802,9,intermediate
2802,6,beginner
2803,25,beginner
2803,23,beginner
2803,24,none
2803,27,beginner
2803,22,beginner
2803,3,none
2803,1,beginner
2803,5,intermediate
2803,2,beginner
2803,6,intermediate
2804,72,intermediate
2804,73,beginner
2804,75,beginner
2804,59,intermediate
2804,60,none
2804,57,beginner
2804,58,beginner
2805,49,beginner
2805,56,beginner
2805,50,beginner
2805,42,advanced
2805,44,intermediate
2805,41,beginner
2805,33,intermediate
2805,31,beginner
2805,32,beginner
2805,30,beginner
2806,141,beginner
2806,142,beginner
2806,145,none
2806,128,beginner
2806,131,beginner
2806,133,beginner
2807,97,beginner
2807,103,intermediate
2807,102,beginner
2807,60,beginner
2807,59,beginner
2807,57,intermediate
2807,61,beginner
2808,8,beginner
2808,9,intermediate
2808,56,beginner
2808,49,beginner
2808,52,intermediate
2808,38,beginner
2808,36,beginner
2808,37,intermediate
2808,40,beginner
2809,84,intermediate
2809,86,none
2809,85,intermediate
2809,82,advanced
2809,72,intermediate
2809,73,beginner
2809,74,intermediate
2810,97,intermediate
2810,103,beginner
2810,96,beginner
2810,99,beginner
2810,60,intermediate
2810,59,none
2810,63,beginner
2811,42,none
2811,44,beginner
2811,46,beginner
2811,24,beginner
2811,28,beginner
2811,33,none
2811,31,beginner
2811,32,beginner
2811,35,beginner
2812,57,beginner
2812,59,none
2812,60,beginner
2812,64,none
2812,76,beginner
2812,80,beginner
2812,79,none
2812,78,none
2812,77,beginner
2813,13,intermediate
2813,14,beginner
2813,17,beginner
2813,31,none
2813,33,beginner
2813,32,beginner
2813,34,beginner
2814,14,intermediate
2814,11,intermediate
2814,10,beginner
2814,19,intermediate
2814,15,intermediate
2814,37,beginner
2814,44,beginner
2814,39,intermediate
2814,32,beginner
2814,30,intermediate
2815,116,none
2815,117,beginner
2815,119,none
2815,118,intermediate
2815,114,beginner
2815,112,beginner
2816,89,none
2816,94,beginner
2816,95,beginner
2816,90,beginner
2816,86,beginner
2816,84,beginner
2816,85,beginner
2816,82,beginner
2816,88,beginner
2817,8,beginner
2817,5,advanced
2817,4,beginner
2817,24,intermediate
2817,23,beginner
2817,25,beginner
2817,28,beginner
2817,11,beginner
2817,20,beginner
2817,13,beginner
2817,21,beginner
2817,17,beginner
2818,54,none
2818,56,none
2818,48,beginner
2818,50,none
2818,1,beginner
2818,8,beginner
2818,5,beginner
2818,2,intermediate
2819,60,beginner
2819,57,beginner
2819,63,beginner
2819,85,intermediate
2819,84,beginner
2819,86,beginner
2819,82,beginner
2819,81,none
2820,14,beginner
2820,10,beginner
2820,21,intermediate
2820,37,none
2820,36,beginner
2820,39,beginner
2821,149,beginner
2821,146,beginner
2821,147,beginner
2821,148,beginner
2821,141,none
2821,142,beginner
2821,145,beginner
2822,103,beginner
2822,101,beginner
2822,80,advanced
2822,76,beginner
2822,79,intermediate
2822,77,beginner
2822,78,beginner
2823,110,beginner
2823,111,beginner
2823,114,none
2823,115,beginner
2823,116,beginner
2823,117,beginner
2823,119,beginner
2824,37,beginner
2824,44,intermediate
2824,36,none
2824,39,none
2824,45,advanced
2824,3,beginner
2824,1,none
2824,8,beginner
2824,6,beginner
2824,9,beginner
2825,127,intermediate
2825,126,beginner
2825,125,beginner
2825,124,beginner
2825,121,beginner
2825,120,intermediate
2826,32,beginner
2826,31,beginner
2826,33,beginner
2826,30,intermediate
2826,36,beginner
2826,39,beginner
2827,31,beginner
2827,32,beginner
2827,33,beginner
2827,34,beginner
2827,29,beginner
2827,11,beginner
2827,10,none
2827,16,intermediate
2828,37,beginner
2828,42,beginner
2828,38,none
2828,41,intermediate
2828,8,intermediate
2828,1,beginner
2828,3,intermediate
2828,7,intermediate
2828,6,none
2829,32,none
2829,33,intermediate
2829,31,none
2829,34,intermediate
2829,1,intermediate
2829,8,none
2829,3,beginner
2829,9,beginner
2829,11,beginner
2829,10,advanced
2829,17,beginner
2830,142,beginner
2830,141,intermediate
2830,145,beginner
2830,144,advanced
2830,135,beginner
2830,136,beginner
2830,140,beginner
2831,117,beginner
2831,116,none
2831,118,beginner
2831,121,beginner
2831,122,none
2832,65,beginner
2832,69,beginner
2832,80,none
2832,76,beginner
2832,79,beginner
2832,78,beginner
2833,85,beginner
2833,84,beginner
2833,81,intermediate
2833,72,intermediate
2833,75,beginner
2834,73,beginner
2834,72,intermediate
2834,75,intermediate
2834,74,beginner
2834,65,beginner
2834,66,intermediate
2834,67,intermediate
2834,68,beginner
2835,97,none
2835,103,intermediate
2835,100,none
2835,65,advanced
2835,66,beginner
2835,67,none
2835,70,intermediate
2835,68,beginner
2836,126,intermediate
2836,127,intermediate
2836,124,none
2836,109,beginner
2836,104,beginner
2836,105,beginner
2837,72,beginner
2837,71,none
2837,65,beginner
2837,67,intermediate
2837,66,intermediate
2837,68,intermediate
2837,70,intermediate
2838,126,none
2838,127,none
2838,125,beginner
2838,124,none
2838,116,intermediate
2838,117,none
2838,119,intermediate
2839,13,intermediate
2839,10,none
2839,18,beginner
2839,24,none
2839,25,beginner
2839,23,advanced
2839,28,beginner
2840,146,intermediate
2840,149,beginner
2840,148,intermediate
2840,151,intermediate
2840,154,beginner
2840,150,beginner
2841,54,beginner
2841,52,beginner
2841,23,intermediate
2841,24,beginner
2841,25,beginner
2841,26,beginner
2842,36,advanced
2842,38,beginner
2842,41,intermediate
2842,54,intermediate
2842,48,beginner
2842,49,beginner
2842,53,intermediate
2843,110,intermediate
2843,114,none
2843,112,intermediate
2843,104,beginner
2843,106,beginner
2843,109,beginner
2843,108,beginner
2843,107,beginner
2844,37,beginner
2844,44,intermediate
2844,45,none
2844,23,beginner
2844,28,beginner
2845,32,beginner
2845,33,none
2845,31,beginner
2845,35,none
2845,20,beginner
2845,15,intermediate
2845,36,beginner
2845,44,beginner
2845,37,beginner
2845,39,beginner
2846,37,beginner
2846,36,beginner
2846,45,beginner
2846,56,beginner
2846,48,intermediate
2846,53,beginner
2847,13,beginner
2847,18,beginner
2847,49,beginner
2847,48,beginner
2847,52,intermediate
2848,142,beginner
2848,141,none
2848,143,beginner
2848,144,intermediate
2848,146,beginner
2848,149,beginner
2848,147,beginner
2848,148,beginner
2849,104,intermediate
2849,109,intermediate
2849,105,advanced
2849,111,none
2849,110,none
2849,112,beginner
2850,103,beginner
2850,100,beginner
2850,73,none
2850,71,intermediate
2851,141,beginner
2851,142,intermediate
2851,143,beginner
2851,145,none
2851,144,intermediate
2851,131,beginner
2851,134,beginner
2851,130,advanced
2852,65,beginner
2852,68,intermediate
2852,80,none
2852,76,intermediate
2852,77,beginner
2853,106,advanced
2853,104,none
2853,109,intermediate
2853,105,beginner
2853,126,intermediate
2853,127,beginner
2853,124,beginner
2853,125,beginner
2854,10,beginner
2854,11,beginner
2854,18,intermediate
2854,1,beginner
2854,9,beginner
2855,72,intermediate
2855,73,intermediate
2855,71,none
2855,74,beginner
2855,75,beginner
2855,89,beginner
2855,94,beginner
2855,91,intermediate
2856,23,beginner
2856,25,beginner
2856,22,intermediate
2856,32,beginner
2856,35,none
2857,11,beginner
2857,18,intermediate
2857,32,beginner
2857,31,beginner
2857,33,beginner
2857,29,beginner
2857,34,beginner
2858,104,beginner
2858,107,intermediate
2858,110,intermediate
2858,115,beginner
2859,25,intermediate
2859,24,beginner
2859,23,beginner
2859,26,intermediate
2859,27,none
2859,3,advanced
2859,8,beginner
2859,1,intermediate
2859,2,beginner
2860,84,beginner
2860,85,intermediate
2860,86,beginner
2860,87,beginner
2860,94,intermediate
2860,95,beginner
2860,89,intermediate
2860,92,beginner
2861,60,intermediate
2861,59,intermediate
2861,63,beginner
2861,86,none
2861,84,none
2861,88,beginner
2862,5,intermediate
2862,3,intermediate
2862,1,intermediate
2862,6,beginner
2862,36,beginner
2862,44,none
2862,37,intermediate
2862,41,intermediate
2862,39,beginner
2863,42,beginner
2863,38,advanced
2863,39,intermediate
2863,20,beginner
2863,11,beginner
2863,13,intermediate
2863,21,beginner
2863,18,beginner
2864,85,none
2864,86,intermediate
2864,84,beginner
2864,88,beginner
2864,76,beginner
2864,80,beginner
2864,78,beginner
2864,77,beginner
2865,110,beginner
2865,111,beginner
2865,113,beginner
2865,123,beginner
2865,121,intermediate
2865,122,beginner
2866,48,beginner
2866,54,none
2866,52,beginner
2866,3,beginner
2866,1,intermediate
2866,6,beginner
2867,134,beginner
2867,129,intermediate
2867,142,none
2867,141,none
2867,144,intermediate
2868,116,beginner
2868,117,beginner
2868,118,beginner
2868,119,beginner
2868,110,beginner
2868,111,beginner
2868,114,intermediate
2868,112,intermediate
2869,95,beginner
2869,89,beginner
2869,92,beginner
2869,65,none
2869,69,beginner
2870,5,advanced
2870,3,none
2870,8,beginner
2870,9,intermediate
2870,24,intermediate
2870,28,advanced
2871,104,beginner
2871,105,beginner
2871,121,beginner
2871,122,none
2872,110,intermediate
2872,114,beginner
2872,115,beginner
2872,116,beginner
2872,117,beginner
2872,119,beginner
2873,24,intermediate
2873,22,beginner
2873,48,beginner
2873,52,none
2873,10,beginner
2873,20,beginner
2873,13,beginner
2873,19,intermediate
2873,18,beginner
2874,151,none
2874,154,beginner
2874,153,intermediate
2874,150,intermediate
2874,152,beginner
2874,138,none
2874,136,beginner
2874,137,beginner
2875,149,intermediate
2875,146,none
2875,148,beginner
2875,154,beginner
2875,152,beginner
2875,138,beginner
2875,136,intermediate
2875,137,beginner
2876,84,beginner
2876,85,beginner
2876,86,beginner
2876,87,beginner
2876,80,intermediate
2876,76,beginner
2876,77,beginner
2877,121,intermediate
2877,123,none
2877,122,beginner
2877,120,beginner
2877,127,intermediate
2877,126,beginner
2877,124,intermediate
2877,110,beginner
2877,114,beginner
2877,115,beginner
2878,59,beginner
2878,60,beginner
2878,64,beginner
2878,96,beginner
2878,97,intermediate
2878,98,beginner
2879,117,beginner
2879,116,intermediate
2879,118,none
2879,119,beginner
2879,114,none
2879,111,intermediate
2879,110,intermediate
2879,113,beginner
2880,123,intermediate
2880,121,intermediate
2880,120,beginner
2880,116,beginner
2880,119,intermediate
2881,37,beginner
2881,43,beginner
2881,24,intermediate
2881,26,beginner
2881,1,none
2881,8,beginner
2881,7,beginner
2882,1,advanced
2882,2,beginner
2882,32,beginner
2882,31,beginner
2882,34,intermediate
2882,24,intermediate
2882,23,beginner
2882,25,none
2882,26,intermediate
2883,23,beginner
2883,25,beginner
2883,24,beginner
2883,26,beginner
2883,37,beginner
2883,38,beginner
2883,44,beginner
2883,47,intermediate
2884,146,beginner
2884,149,beginner
2884,148,intermediate
2884,151,beginner
2884,153,beginner
2885,1,none
2885,7,beginner
2885,56,beginner
2885,49,intermediate
2885,54,beginner
2885,50,beginner
2885,51,beginner
2886,106,beginner
2886,107,beginner
2886,117,beginner
2886,116,beginner
2886,118,beginner
2887,89,intermediate
2887,94,beginner
2887,91,intermediate
2887,76,beginner
2887,80,intermediate
2887,79,beginner
2887,78,beginner
2887,77,beginner
2888,3,intermediate
2888,1,beginner
2888,5,beginner
2888,7,none
2888,44,beginner
2888,38,none
2888,37,intermediate
2888,46,intermediate
2889,151,beginner
2889,154,beginner
2889,150,beginner
2889,152,beginner
2889,142,none
2889,141,beginner
2889,145,beginner
2890,60,beginner
2890,57,advanced
2890,59,beginner
2890,62,beginner
2890,67,none
2890,65,intermediate
2890,66,intermediate
2890,68,beginner
2891,44,beginner
2891,38,none
2891,43,none
2891,14,beginner
2891,13,intermediate
2891,19,beginner
2892,32,none
2892,31,beginner
2892,33,beginner
2892,30,intermediate
2892,5,beginner
2892,8,beginner
2892,3,none
2892,7,none
2893,37,beginner
2893,38,intermediate
2893,40,advanced
2893,20,none
2893,16,beginner
2894,48,beginner
2894,49,none
2894,51,beginner
2894,10,beginner
2894,21,beginner
2895,54,beginner
2895,49,intermediate
2895,50,beginner
2895,24,beginner
2895,23,beginner
2895,22,beginner
2895,38,beginner
2895,42,beginner
2895,36,beginner
2895,47,beginner
2896,80,intermediate
2896,76,beginner
2896,78,beginner
2896,60,beginner
2896,59,beginner
2896,57,beginner
2896,63,intermediate
2896,64,beginner
2897,25,intermediate
2897,27,beginner
2897,32,beginner
2897,34,beginner
2898,20,beginner
2898,11,beginner
2898,14,none
2898,17,beginner
2898,36,beginner
2898,37,none
2898,38,intermediate
2898,43,beginner
2899,14,intermediate
2899,10,none
2899,20,none
2899,21,beginner
2899,36,intermediate
2899,42,beginner
2899,39,beginner
2899,3,beginner
2899,8,intermediate
2899,7,beginner
2900,48,beginner
2900,54,beginner
2900,53,intermediate
2900,36,beginner
2900,38,beginner
2900,37,beginner
2900,43,beginner
2901,154,advanced
2901,151,beginner
2901,152,intermediate
2901,153,intermediate
2901,150,intermediate
2901,142,intermediate
2901,141,none
2901,143,none
2902,56,beginner
2902,50,beginner
2902,3,beginner
2902,5,intermediate
2902,9,intermediate
2903,25,beginner
2903,24,beginner
2903,23,beginner
2903,28,intermediate
2903,3,beginner
2903,5,intermediate
2903,8,intermediate
2903,9,beginner
2904,57,beginner
2904,60,beginner
2904,59,beginner
2904,62,beginner
2904,61,beginner
2904,73,beginner
2904,75,intermediate
2904,86,intermediate
2904,84,none
2904,85,beginner
2904,81,advanced
2905,146,beginner
2905,149,none
2905,148,beginner
2905,147,beginner
2905,141,beginner
2905,142,beginner
2905,145,beginner
2905,144,beginner
2905,154,beginner
2905,151,intermediate
2905,152,beginner
2906,121,intermediate
2906,123,intermediate
2906,122,beginner
2906,117,beginner
2906,116,beginner
2906,118,beginner
2906,119,beginner
2906,104,beginner
2906,106,beginner
2906,109,intermediate
2906,108,beginner
2906,105,beginner
2907,127,intermediate
2907,126,beginner
2907,125,intermediate
2907,110,beginner
2907,113,beginner
2908,131,beginner
2908,132,beginner
2908,138,none
2908,135,beginner
2908,140,beginner
2909,65,intermediate
2909,66,beginner
2909,68,intermediate
2909,57,beginner
2909,60,intermediate
2909,62,intermediate
2910,154,beginner
2910,151,intermediate
2910,150,beginner
2910,153,beginner
2910,152,beginner
2910,149,beginner
2910,146,intermediate
2910,147,beginner
2910,148,none
2911,48,beginner
2911,56,beginner
2911,50,beginner
2911,11,none
2911,13,intermediate
2911,12,beginner
2912,127,none
2912,126,beginner
2912,125,intermediate
2912,124,none
2912,117,intermediate
2912,116,none
2912,119,beginner
2913,117,beginner
2913,116,intermediate
2913,119,beginner
2913,118,beginner
2913,106,beginner
2913,109,none
2913,107,intermediate
2913,121,none
2913,123,beginner
2913,122,intermediate
2914,138,beginner
2914,136,intermediate
2914,140,beginner
2914,131,intermediate
2914,128,intermediate
2914,134,none
2914,132,beginner
2914,133,intermediate
2915,72,beginner
2915,73,none
2915,71,intermediate
2915,85,intermediate
2915,88,beginner
2916,123,beginner
2916,122,beginner
2916,109,beginner
2916,104,intermediate
2916,106,intermediate
2916,105,intermediate
2917,32,beginner
2917,33,beginner
2917,30,beginner
2917,44,intermediate
2917,42,beginner
2917,36,beginner
2917,40,beginner
2918,59,beginner
2918,60,beginner
2918,57,beginner
2918,62,beginner
2918,80,intermediate
2918,76,beginner
2918,78,beginner
2918,77,beginner
2919,3,none
2919,8,intermediate
2919,9,intermediate
2919,48,intermediate
2919,56,none
2919,54,beginner
2919,50,intermediate
2919,51,beginner
2920,57,beginner
2920,59,beginner
2920,60,intermediate
2920,61,beginner
2920,62,none
2920,67,intermediate
2920,66,beginner
2920,68,beginner
2921,103,beginner
2921,96,intermediate
2921,99,beginner
2921,80,none
2921,76,advanced
2921,78,intermediate
2921,79,intermediate
2921,77,advanced
2922,24,none
2922,25,intermediate
2922,23,intermediate
2922,28,beginner
2922,5,none
2922,8,beginner
2922,4,beginner
2923,8,intermediate
2923,3,beginner
2923,4,beginner
2923,54,beginner
2923,49,beginner
2923,56,intermediate
2923,52,intermediate
2923,50,beginner
2924,31,beginner
2924,32,beginner
2924,33,none
2924,29,beginner
2924,54,beginner
2924,49,intermediate
2924,55,beginner
2925,86,intermediate
2925,85,beginner
2925,87,beginner
2925,73,intermediate
2925,72,intermediate
2925,75,intermediate
2926,89,beginner
2926,95,beginner
2926,90,beginner
2926,76,intermediate
2926,80,beginner
2926,77,none
2926,79,beginner
2927,114,none
2927,111,advanced
2927,110,intermediate
2927,113,beginner
2927,117,none
2927,116,intermediate
2927,118,beginner
2927,106,beginner
2927,104,intermediate
2927,105,none
2928,33,beginner
2928,31,beginner
2928,34,beginner
2928,8,beginner
2928,1,intermediate
2928,2,beginner
2929,117,intermediate
2929,116,intermediate
2929,119,advanced
2929,111,beginner
2929,110,intermediate
2929,113,intermediate
2930,72,beginner
2930,73,advanced
2930,71,intermediate
2930,75,beginner
2930,65,beginner
2930,70,beginner
2931,33,intermediate
2931,31,none
2931,32,intermediate
2931,29,beginner
2931,14,beginner
2931,10,none
2931,13,beginner
2931,17,beginner
2932,10,beginner
2932,13,beginner
2932,15,beginner
2932,24,beginner
2932,23,beginner
2932,27,beginner
2933,59,beginner
2933,57,intermediate
2933,58,intermediate
2933,65,beginner
2933,67,intermediate
2933,66,beginner
2933,69,beginner
2933,68,beginner
2934,33,intermediate
2934,32,beginner
2934,31,beginner
2934,35,beginner
2934,49,beginner
2934,56,intermediate
2934,54,beginner
2934,52,beginner
2934,55,beginner
2934,8,beginner
2934,5,beginner
2934,4,beginner
2935,5,none
2935,3,none
2935,2,intermediate
2935,32,beginner
2935,31,beginner
2935,33,beginner
2935,30,intermediate
2936,32,beginner
2936,35,beginner
2936,49,none
2936,56,beginner
2936,54,none
2936,53,intermediate
2936,52,beginner
2936,13,intermediate
2936,19,intermediate
2937,20,beginner
2937,13,intermediate
2937,21,none
2937,37,advanced
2937,47,beginner
2938,31,beginner
2938,33,beginner
2938,30,beginner
2938,8,beginner
2938,1,beginner
2938,9,none
2939,32,beginner
2939,33,beginner
2939,34,beginner
2939,5,beginner
2939,3,intermediate
2939,1,intermediate
2939,7,beginner
2940,121,none
2940,123,intermediate
2940,122,intermediate
2940,110,beginner
2940,111,beginner
2940,114,intermediate
2940,115,none
2941,65,intermediate
2941,67,beginner
2941,70,beginner
2941,73,advanced
2941,75,intermediate
2942,1,beginner
2942,7,none
2942,48,beginner
2942,54,beginner
2942,49,beginner
2942,55,intermediate
2942,53,beginner
2943,95,beginner
2943,89,beginner
2943,92,beginner
2943,72,beginner
2943,73,beginner
2943,71,intermediate
2943,80,intermediate
2943,76,intermediate
2943,79,beginner
2944,76,beginner
2944,80,beginner
2944,77,beginner
2944,79,beginner
2944,67,beginner
2944,65,intermediate
2944,66,none
2944,69,beginner
2944,68,beginner
2945,14,beginner
2945,19,beginner
2945,37,intermediate
2945,38,beginner
2945,44,beginner
2945,46,none
2945,47,advanced
2946,1,none
2946,9,beginner
2946,38,intermediate
2946,42,beginner
2946,45,beginner
2947,10,beginner
2947,11,beginner
2947,20,beginner
2947,21,none
2947,36,beginner
2947,47,intermediate
2948,84,beginner
2948,83,none
2948,97,beginner
2948,96,beginner
2948,100,none
2949,73,beginner
2949,72,intermediate
2949,75,beginner
2949,74,beginner
2949,97,beginner
2949,96,intermediate
2949,103,beginner
2949,99,beginner
2950,32,beginner
2950,33,beginner
2950,35,beginner
2950,54,beginner
2950,49,beginner
2950,56,none
2950,52,intermediate
2950,51,none
2951,95,beginner
2951,94,intermediate
2951,93,intermediate
2951,60,beginner
2951,57,intermediate
2951,59,intermediate
2951,61,beginner
2951,62,intermediate
2952,135,beginner
2952,138,beginner
2952,137,beginner
2952,149,beginner
2952,146,beginner
2952,148,intermediate
2952,147,beginner
2953,5,intermediate
2953,3,beginner
2953,7,none
2953,11,beginner
2953,20,beginner
2953,13,intermediate
2953,19,beginner
2953,17,none
2954,73,beginner
2954,72,none
2954,75,beginner
2954,94,beginner
2954,89,beginner
2954,95,beginner
2954,90,beginner
2955,80,beginner
2955,76,none
2955,78,beginner
2955,57,beginner
2955,60,beginner
2955,61,none
2956,114,beginner
2956,111,beginner
2956,110,beginner
2956,115,none
2956,112,beginner
2956,109,intermediate
2956,106,none
2956,108,beginner
2957,123,intermediate
2957,122,beginner
2957,117,beginner
2957,116,beginner
2957,118,beginner
2957,119,none
2958,114,none
2958,110,beginner
2958,111,beginner
2958,113,none
2958,104,beginner
2958,106,intermediate
2958,109,beginner
2958,108,intermediate
2959,8,intermediate
2959,1,beginner
2959,2,beginner
2959,11,beginner
2959,14,beginner
2959,10,beginner
2959,12,beginner
2959,18,none
2960,8,beginner
2960,3,intermediate
2960,1,beginner
2960,4,beginner
2960,25,beginner
2960,24,beginner
2960,26,intermediate
2961,109,none
2961,104,beginner
2961,107,beginner
2961,127,intermediate
2961,126,beginner
2961,124,beginner
2961,125,beginner
2962,56,beginner
2962,48,beginner
2962,51,beginner
2962,33,beginner
2962,31,intermediate
2962,29,beginner
2963,146,none
2963,149,beginner
2963,148,beginner
2963,141,beginner
2963,142,beginner
2963,145,beginner
2964,56,beginner
2964,54,beginner
2964,48,beginner
2964,55,beginner
2964,44,intermediate
2964,36,beginner
2964,41,intermediate
2964,33,intermediate
2964,31,beginner
2964,32,beginner
2964,35,beginner
2965,103,beginner
2965,96,intermediate
2965,97,beginner
2965,102,beginner
2965,85,intermediate
2965,81,beginner
2966,72,intermediate
2966,73,beginner
2966,75,beginner
2966,76,beginner
2966,80,intermediate
2966,77,intermediate
2966,79,beginner
2967,31,beginner
2967,32,beginner
2967,33,intermediate
2967,30,intermediate
2967,44,beginner
2967,41,advanced
2968,123,beginner
2968,121,intermediate
2968,122,beginner
2968,117,beginner
2968,116,beginner
2968,118,beginner
2969,33,beginner
2969,31,none
2969,32,intermediate
2969,30,intermediate
2969,34,none
2969,54,beginner
2969,56,intermediate
2969,48,intermediate
2969,55,none
2969,50,intermediate
2970,76,intermediate
2970,80,none
2970,77,intermediate
2970,78,none
2970,79,intermediate
2970,73,beginner
2970,72,none
2970,74,beginner
2970,71,beginner
2970,75,beginner
2971,67,beginner
2971,66,beginner
2971,69,none
2971,103,none
2971,96,beginner
2971,100,beginner
2972,123,beginner
2972,121,intermediate
2972,120,beginner
2972,116,beginner
2972,119,intermediate
2973,97,beginner
2973,103,beginner
2973,101,beginner
2973,59,beginner
2973,60,none
2973,57,beginner
2973,62,none
2974,146,beginner
2974,149,intermediate
2974,147,beginner
2974,154,intermediate
2974,150,beginner
2975,117,beginner
2975,116,none
2975,119,none
2975,104,beginner
2975,109,beginner
2975,105,beginner
2975,123,intermediate
2975,121,none
2975,120,intermediate
2975,122,beginner
2976,5,intermediate
2976,8,beginner
2976,3,none
2976,7,beginner
2976,38,intermediate
2976,42,intermediate
2976,46,intermediate
2977,121,advanced
2977,123,none
2977,122,intermediate
2977,120,beginner
2977,104,intermediate
2977,109,intermediate
2977,108,beginner
2978,138,beginner
2978,136,beginner
2978,139,beginner
2978,154,beginner
2978,151,beginner
2978,150,beginner
2979,13,intermediate
2979,15,beginner
2979,1,intermediate
2979,5,intermediate
2979,8,none
2979,6,intermediate
2979,9,none
2980,85,beginner
2980,86,beginner
2980,83,beginner
2980,72,beginner
2980,73,beginner
2980,75,beginner
2980,74,beginner
2981,36,intermediate
2981,38,none
2981,44,beginner
2981,41,intermediate
2981,47,beginner
2981,48,intermediate
2981,56,beginner
2981,50,beginner
2982,65,beginner
2982,66,intermediate
2982,70,intermediate
2982,60,none
2982,57,none
2982,59,intermediate
2982,64,beginner
2982,76,beginner
2982,80,beginner
2982,77,intermediate
2983,1,beginner
2983,3,beginner
2983,5,beginner
2983,2,beginner
2983,31,none
2983,33,intermediate
2983,32,beginner
2983,35,beginner
2984,104,beginner
2984,106,intermediate
2984,109,none
2984,105,beginner
2984,107,beginner
2984,127,beginner
2984,126,beginner
2984,124,intermediate
2984,125,beginner
2985,1,beginner
2985,3,intermediate
2985,5,beginner
2985,7,beginner
2985,32,beginner
2985,31,none
2985,30,none
2986,84,beginner
2986,86,advanced
2986,85,none
2986,88,beginner
2986,89,intermediate
2986,95,beginner
2986,94,intermediate
2986,91,beginner
2986,90,beginner
2986,66,beginner
2986,67,beginner
2986,65,intermediate
2986,69,intermediate
2987,54,beginner
2987,49,intermediate
2987,52,beginner
2987,32,none
2987,33,beginner
2987,30,beginner
2987,5,beginner
2987,3,beginner
2987,7,beginner
2988,57,none
2988,60,beginner
2988,63,beginner
2988,85,none
2988,84,beginner
2988,81,beginner
2988,76,beginner
2988,80,intermediate
2988,78,intermediate
2989,80,beginner
2989,76,intermediate
2989,78,intermediate
2989,79,intermediate
2989,77,beginner
2989,94,beginner
2989,89,beginner
2989,95,none
2989,93,none
2990,89,beginner
2990,94,beginner
2990,91,beginner
2990,76,beginner
2990,77,beginner
2990,85,beginner
2990,81,beginner
2991,31,beginner
2991,33,beginner
2991,32,none
2991,30,intermediate
2991,49,none
2991,56,none
2991,48,beginner
2991,51,advanced
2991,55,intermediate
2992,11,intermediate
2992,13,none
2992,21,intermediate
2992,1,beginner
2992,9,beginner
2993,1,intermediate
2993,7,beginner
2993,48,beginner
2993,54,beginner
2993,52,beginner
2994,135,beginner
2994,136,beginner
2994,139,beginner
2994,154,beginner
2994,150,beginner
2995,23,beginner
2995,24,beginner
2995,28,beginner
2995,54,beginner
2995,49,beginner
2995,51,beginner
2996,85,beginner
2996,86,none
2996,84,none
2996,87,beginner
2996,66,beginner
2996,69,advanced
2997,23,beginner
2997,24,beginner
2997,25,beginner
2997,22,intermediate
2997,37,beginner
2997,42,intermediate
2997,43,beginner
2998,116,beginner
2998,117,beginner
2998,118,beginner
2998,126,intermediate
2998,127,beginner
2998,125,beginner
2998,124,beginner
2999,23,intermediate
2999,25,beginner
2999,24,intermediate
2999,26,intermediate
2999,1,intermediate
2999,8,beginner
2999,2,beginner
3000,89,beginner
3000,95,none
3000,90,beginner
3000,72,intermediate
3000,71,none
3001,54,beginner
3001,56,intermediate
3001,49,beginner
3001,55,beginner
3001,25,intermediate
3001,23,beginner
3001,24,beginner
3001,27,beginner
3001,28,none
3001,33,beginner
3001,32,beginner
3001,29,none
3002,24,none
3002,25,intermediate
3002,23,none
3002,28,intermediate
3002,38,beginner
3002,37,beginner
3002,43,beginner
3003,48,beginner
3003,49,intermediate
3003,52,intermediate
3003,25,none
3003,24,beginner
3003,28,intermediate
3004,13,beginner
3004,10,beginner
3004,17,beginner
3004,24,beginner
3004,25,none
3004,23,beginner
3004,28,beginner
3004,26,beginner
3005,96,intermediate
3005,103,beginner
3005,97,none
3005,102,beginner
3005,67,beginner
3005,65,none
3005,66,beginner
3005,68,beginner
3006,149,intermediate
3006,146,beginner
3006,148,none
3006,151,beginner
3006,154,beginner
3006,152,none
3006,142,intermediate
3006,141,beginner
3006,144,beginner
3007,80,none
3007,76,none
3007,77,intermediate
3007,78,intermediate
3007,86,none
3007,84,beginner
3007,88,intermediate
3008,128,intermediate
3008,131,beginner
3008,134,beginner
3008,129,beginner
3008,154,advanced
3008,151,intermediate
3008,150,none
3009,59,beginner
3009,57,intermediate
3009,60,beginner
3009,63,beginner
3009,89,beginner
3009,94,intermediate
3009,95,intermediate
3009,90,intermediate
3009,67,beginner
3009,70,none
3010,1,intermediate
3010,5,beginner
3010,8,beginner
3010,2,beginner
3010,33,beginner
3010,32,beginner
3010,34,beginner
3010,24,intermediate
3010,25,intermediate
3010,23,beginner
3010,27,beginner
3011,13,beginner
3011,17,intermediate
3011,5,beginner
3011,1,beginner
3011,8,beginner
3011,7,intermediate
3012,32,beginner
3012,31,beginner
3012,30,beginner
3012,1,beginner
3012,3,beginner
3012,5,beginner
3012,6,none
3013,10,none
3013,20,intermediate
3013,15,beginner
3013,49,none
3013,54,beginner
3013,56,none
3013,52,beginner
3014,116,beginner
3014,119,beginner
3014,111,none
3014,110,none
3014,112,beginner
3014,106,none
3014,109,beginner
3014,104,intermediate
3014,108,none
3015,67,beginner
3015,66,intermediate
3015,65,none
3015,69,beginner
3015,73,intermediate
3015,72,intermediate
3015,75,beginner
3015,71,advanced
3016,73,intermediate
3016,72,beginner
3016,71,beginner
3016,96,intermediate
3016,103,none
3016,101,intermediate
3016,66,beginner
3016,70,beginner
3017,84,intermediate
3017,85,beginner
3017,86,beginner
3017,81,beginner
3017,57,intermediate
3017,60,beginner
3017,58,beginner
3018,54,beginner
3018,55,advanced
3018,24,intermediate
3018,28,beginner
3019,60,beginner
3019,57,advanced
3019,59,advanced
3019,58,beginner
3019,76,intermediate
3019,80,beginner
3019,79,beginner
3019,78,advanced
3020,49,beginner
3020,54,beginner
3020,53,beginner
3020,8,advanced
3020,2,none
3021,31,beginner
3021,33,none
3021,30,beginner
3021,8,beginner
3021,4,intermediate
3022,54,beginner
3022,49,beginner
3022,56,none
3022,53,beginner
3022,37,none
3022,36,beginner
3022,46,none
3022,8,intermediate
3022,3,beginner
3022,4,none
3023,23,intermediate
3023,25,intermediate
3023,27,beginner
3023,36,beginner
3023,42,beginner
3023,39,none
3024,66,intermediate
3024,67,beginner
3024,65,beginner
3024,68,beginner
3024,85,beginner
3024,86,beginner
3024,84,none
3024,87,beginner
3025,44,intermediate
3025,38,beginner
3025,36,none
3025,40,beginner
3025,3,intermediate
3025,8,beginner
3025,5,beginner
3025,6,intermediate
3025,9,beginner
3026,32,beginner
3026,31,beginner
3026,33,beginner
3026,30,intermediate
3026,13,beginner
3026,20,none
3026,12,beginner
3027,142,advanced
3027,141,beginner
3027,145,none
3027,154,intermediate
3027,151,intermediate
3027,150,beginner
3027,153,none
3028,151,beginner
3028,154,beginner
3028,153,intermediate
3028,152,beginner
3028,131,intermediate
3028,128,intermediate
3028,134,beginner
3028,130,intermediate
3028,132,beginner
3029,73,beginner
3029,72,beginner
3029,71,beginner
3029,84,none
3029,81,beginner
3030,80,none
3030,77,none
3030,89,none
3030,95,none
3030,93,none
3030,57,beginner
3030,59,intermediate
3030,60,beginner
3030,64,beginner
3030,62,beginner
3031,121,beginner
3031,123,beginner
3031,122,beginner
3031,120,intermediate
3031,117,advanced
3031,118,intermediate
3031,114,intermediate
3031,112,intermediate
3032,36,none
3032,37,intermediate
3032,41,beginner
3032,20,beginner
3032,13,none
3032,14,beginner
3032,21,intermediate
3032,54,beginner
3032,56,beginner
3032,48,beginner
3032,55,beginner
3033,5,beginner
3033,1,intermediate
3033,2,intermediate
3033,11,beginner
3033,12,beginner
3033,31,intermediate
3033,33,beginner
3033,32,intermediate
3033,34,beginner
3034,49,none
3034,54,intermediate
3034,51,beginner
3034,5,beginner
3034,3,beginner
3034,2,beginner
3035,1,beginner
3035,3,beginner
3035,9,none
3035,32,none
3035,34,intermediate
3036,146,beginner
3036,149,beginner
3036,148,beginner
3036,151,none
3036,150,beginner
3037,114,beginner
3037,112,intermediate
3037,123,beginner
3037,121,beginner
3037,120,beginner
3037,122,intermediate
3038,141,beginner
3038,144,beginner
3038,154,beginner
3038,151,beginner
3038,153,beginner
3038,152,beginner
3038,128,beginner
3038,131,none
3038,132,beginner
3039,123,beginner
3039,121,beginner
3039,120,beginner
3039,109,intermediate
3039,104,beginner
3039,106,intermediate
3039,108,beginner
3039,107,intermediate
3039,116,beginner
3039,119,beginner
3040,59,intermediate
3040,57,beginner
3040,64,beginner
3040,76,beginner
3040,80,beginner
3040,79,none
3040,78,intermediate
3040,77,intermediate
3041,127,none
3041,126,none
3041,125,beginner
3041,106,intermediate
3041,104,beginner
3041,109,none
3041,108,none
3042,80,beginner
3042,76,beginner
3042,79,beginner
3042,86,beginner
3042,85,beginner
3042,88,beginner
3043,73,beginner
3043,71,none
3043,89,intermediate
3043,95,beginner
3043,94,beginner
3043,92,beginner
3044,33,beginner
3044,32,beginner
3044,30,beginner
3044,38,beginner
3044,42,beginner
3044,36,none
3044,43,intermediate
3044,45,beginner
3045,89,beginner
3045,94,none
3045,90,intermediate
3045,76,beginner
3045,80,intermediate
3045,77,beginner
3045,78,beginner
3045,79,beginner
3046,23,beginner
3046,24,intermediate
3046,26,beginner
3046,33,none
3046,34,intermediate
3047,80,none
3047,76,beginner
3047,77,beginner
3047,59,beginner
3047,57,intermediate
3047,60,beginner
3047,63,beginner
3048,1,beginner
3048,8,beginner
3048,2,beginner
3048,48,intermediate
3048,51,beginner
3049,72,intermediate
3049,73,advanced
3049,71,beginner
3049,74,advanced
3049,94,beginner
3049,89,beginner
3049,95,none
3049,91,intermediate
3049,90,none
3050,23,beginner
3050,25,none
3050,22,none
3050,5,beginner
3050,8,beginner
3050,2,intermediate
3051,37,none
3051,42,beginner
3051,39,beginner
3051,8,beginner
3051,1,beginner
3051,3,intermediate
3051,2,beginner
3051,4,beginner
3051,14,beginner
3051,10,beginner
3051,12,beginner
3052,103,beginner
3052,100,none
3052,59,beginner
3052,63,beginner
3053,23,beginner
3053,22,beginner
3053,38,intermediate
3053,41,beginner
3054,146,beginner
3054,149,intermediate
3054,148,beginner
3054,154,advanced
3054,151,beginner
3054,153,beginner
3055,11,intermediate
3055,13,beginner
3055,15,intermediate
3055,31,beginner
3055,32,none
3055,33,none
3055,29,none
3055,54,beginner
3055,56,intermediate
3055,49,intermediate
3055,53,beginner
3056,33,beginner
3056,32,beginner
3056,31,beginner
3056,30,none
3056,34,intermediate
3056,20,beginner
3056,10,beginner
3056,14,beginner
3056,17,beginner
3056,16,beginner
3057,31,beginner
3057,32,beginner
3057,33,beginner
3057,29,advanced
3057,34,beginner
3057,48,none
3057,56,beginner
3057,54,beginner
3057,50,intermediate
3057,14,beginner
3057,13,beginner
3057,17,intermediate
3058,126,beginner
3058,127,intermediate
3058,125,beginner
3058,124,beginner
3058,104,beginner
3058,106,beginner
3058,105,beginner
3059,73,beginner
3059,72,none
3059,71,beginner
3059,75,none
3059,84,beginner
3059,86,beginner
3059,82,intermediate
3060,8,beginner
3060,5,none
3060,1,beginner
3060,6,intermediate
3060,42,intermediate
3060,37,beginner
3060,44,beginner
3060,39,intermediate
3060,41,intermediate
3061,32,beginner
3061,31,beginner
3061,35,intermediate
3061,10,intermediate
3061,13,intermediate
3061,15,beginner
3062,127,none
3062,126,beginner
3062,125,intermediate
3062,124,none
3062,104,beginner
3062,109,intermediate
3062,106,none
3062,107,beginner
3063,135,beginner
3063,136,beginner
3063,138,none
3063,139,beginner
3063,128,intermediate
3063,131,intermediate
3063,134,intermediate
3063,130,beginner
3063,133,none
3064,31,none
3064,34,none
3064,48,beginner
3064,50,beginner
3065,42,beginner
3065,37,beginner
3065,43,intermediate
3065,49,none
3065,51,none
3066,24,beginner
3066,25,beginner
3066,23,intermediate
3066,27,intermediate
3066,14,beginner
3066,13,beginner
3066,15,beginner
3067,24,beginner
3067,25,beginner
3067,23,intermediate
3067,27,beginner
3067,8,beginner
3067,1,none
3067,5,intermediate
3067,7,beginner
3067,9,intermediate
3068,110,beginner
3068,114,none
3068,115,beginner
3068,116,intermediate
3068,117,none
3068,118,beginner
3068,119,none
3069,135,beginner
3069,139,intermediate
3069,146,intermediate
3069,149,intermediate
3069,148,beginner
3069,154,beginner
3069,151,advanced
3069,153,advanced
3070,141,beginner
3070,142,none
3070,143,beginner
3070,154,beginner
3070,151,intermediate
3070,152,beginner
3070,153,none
3070,138,beginner
3070,136,beginner
3070,139,beginner
3071,121,none
3071,123,beginner
3071,122,none
3071,120,intermediate
3071,114,intermediate
3071,110,none
3071,111,beginner
3071,115,beginner
3072,44,beginner
3072,40,intermediate
3072,24,none
3072,22,beginner
3073,138,intermediate
3073,135,beginner
3073,136,beginner
3073,139,intermediate
3073,146,none
3073,149,beginner
3073,147,intermediate
3074,56,advanced
3074,48,beginner
3074,51,none
3074,3,beginner
3074,1,beginner
3074,8,beginner
3074,6,beginner
3075,49,beginner
3075,56,beginner
3075,53,beginner
3075,31,intermediate
3075,33,beginner
3075,35,beginner
3076,72,beginner
3076,73,beginner
3076,74,beginner
3076,85,none
3076,81,beginner
3077,32,none
3077,33,none
3077,29,beginner
3077,42,beginner
3077,38,beginner
3077,40,beginner
3078,109,beginner
3078,106,beginner
3078,108,none
3078,127,beginner
3078,126,beginner
3078,125,beginner
3078,124,beginner
3079,136,none
3079,138,intermediate
3079,139,none
3079,154,intermediate
3079,151,beginner
3079,152,beginner
3080,111,beginner
3080,110,intermediate
3080,112,beginner
3080,104,none
3080,109,beginner
3080,105,beginner
3081,117,beginner
3081,116,advanced
3081,118,none
3081,109,none
3081,104,advanced
3081,107,none
3081,111,beginner
3081,110,intermediate
3081,114,beginner
3081,115,intermediate
3082,32,intermediate
3082,31,beginner
3082,35,beginner
3082,8,intermediate
3082,1,beginner
3082,9,beginner
3082,20,beginner
3082,10,beginner
3082,13,intermediate
3082,19,beginner
3083,37,beginner
3083,38,intermediate
3083,44,beginner
3083,39,beginner
3083,5,advanced
3083,3,beginner
3083,1,none
3083,7,beginner
3083,4,beginner
3084,117,intermediate
3084,118,beginner
3084,110,beginner
3084,114,none
3084,111,none
3084,115,none
3085,103,intermediate
3085,97,beginner
3085,102,beginner
3085,76,none
3085,80,intermediate
3085,78,beginner
3086,151,none
3086,154,intermediate
3086,150,beginner
3086,153,intermediate
3086,138,beginner
3086,136,beginner
3086,139,beginner
3087,10,beginner
3087,14,beginner
3087,13,beginner
3087,12,intermediate
3087,24,intermediate
3087,26,beginner
3088,31,beginner
3088,33,beginner
3088,32,none
3088,29,beginner
3088,36,none
3088,45,beginner
3089,37,intermediate
3089,46,beginner
3089,25,beginner
3089,24,intermediate
3089,23,beginner
3089,26,intermediate
3090,94,none
3090,89,beginner
3090,95,beginner
3090,91,intermediate
3090,92,beginner
3090,72,beginner
3090,73,intermediate
3090,74,beginner
3091,127,none
3091,126,intermediate
3091,124,intermediate
3091,125,beginner
3091,121,beginner
3091,123,beginner
3091,122,intermediate
3092,128,none
3092,131,beginner
3092,133,intermediate
3092,146,none
3092,149,intermediate
3092,148,beginner
3092,147,beginner
3093,24,beginner
3093,23,intermediate
3093,25,beginner
3093,28,beginner
3093,27,beginner
3093,54,none
3093,52,intermediate
3094,59,beginner
3094,58,beginner
3094,97,none
3094,103,intermediate
3094,96,beginner
3094,98,intermediate
3095,56,intermediate
3095,49,intermediate
3095,51,intermediate
3095,25,intermediate
3095,23,none
3095,26,advanced
3096,44,beginner
3096,36,beginner
3096,38,intermediate
3096,43,advanced
3096,41,beginner
3096,56,intermediate
3096,49,beginner
3096,54,none
3096,50,beginner
3096,55,beginner
3097,5,beginner
3097,1,beginner
3097,8,beginner
3097,4,beginner
3097,14,intermediate
3097,19,intermediate
3098,76,beginner
3098,80,none
3098,79,intermediate
3098,77,none
3098,78,intermediate
3098,73,beginner
3098,72,beginner
3098,74,beginner
3098,71,beginner
3098,75,beginner
3099,84,none
3099,81,none
3099,66,intermediate
3099,67,intermediate
3099,65,none
3099,70,beginner
3100,1,intermediate
3100,8,beginner
3100,3,none
3100,9,beginner
3100,33,none
3100,35,intermediate
3101,84,none
3101,86,beginner
3101,85,advanced
3101,82,beginner
3101,57,intermediate
3101,60,none
3101,59,beginner
3101,64,none
3101,63,intermediate
3102,116,intermediate
3102,117,beginner
3102,118,intermediate
3102,119,beginner
3102,110,beginner
3102,113,beginner
3103,20,none
3103,13,beginner
3103,15,intermediate
3103,42,beginner
3103,38,beginner
3103,43,beginner
3104,44,beginner
3104,37,beginner
3104,38,intermediate
3104,39,beginner
3104,23,none
3104,24,intermediate
3104,25,none
3104,26,beginner
3105,123,none
3105,121,beginner
3105,120,none
3105,104,none
3105,109,intermediate
3105,106,intermediate
3105,107,intermediate
3105,105,intermediate
3106,116,beginner
3106,117,beginner
3106,119,intermediate
3106,111,none
3106,110,beginner
3106,112,beginner
3107,110,beginner
3107,114,intermediate
3107,111,beginner
3107,112,none
3107,117,beginner
3107,116,beginner
3107,118,advanced
3107,119,beginner
3107,121,beginner
3107,123,beginner
3107,120,intermediate
3107,122,beginner
3108,23,beginner
3108,25,beginner
3108,24,intermediate
3108,22,beginner
3108,1,beginner
3108,5,beginner
3108,8,intermediate
3108,7,intermediate
3109,60,beginner
3109,57,beginner
3109,58,beginner
3109,96,beginner
3109,100,beginner
3110,138,intermediate
3110,135,intermediate
3110,136,beginner
3110,139,beginner
3110,149,intermediate
3110,146,none
3110,148,beginner
3110,147,beginner
3110,141,beginner
3110,142,beginner
3110,145,beginner
3110,144,beginner
3111,25,beginner
3111,28,advanced
3111,56,beginner
3111,48,advanced
3111,50,intermediate
3112,25,beginner
3112,23,beginner
3112,27,none
3112,37,beginner
3112,44,beginner
3112,42,none
3112,43,none
3113,149,none
3113,146,advanced
3113,148,beginner
3113,147,none
3113,128,beginner
3113,134,beginner
3113,131,beginner
3113,130,advanced
3113,133,advanced
3114,33,intermediate
3114,30,beginner
3114,24,beginner
3114,22,beginner
3115,116,beginner
3115,117,intermediate
3115,118,beginner
3115,121,beginner
3115,123,beginner
3115,120,intermediate
3116,126,intermediate
3116,127,intermediate
3116,124,beginner
3116,125,beginner
3116,111,none
3116,110,beginner
3116,113,beginner
3117,8,intermediate
3117,5,none
3117,3,beginner
3117,4,beginner
3117,54,beginner
3117,55,intermediate
3117,24,beginner
3117,23,none
3117,25,beginner
3117,26,beginner
3117,27,intermediate
3118,117,beginner
3118,116,intermediate
3118,118,none
3118,119,beginner
3118,110,intermediate
3118,111,intermediate
3118,114,beginner
3118,112,beginner
3118,113,beginner
3118,126,beginner
3118,127,beginner
3118,125,beginner
3119,67,none
3119,65,none
3119,69,intermediate
3119,60,beginner
3119,57,beginner
3119,59,none
3119,64,intermediate
3119,58,beginner
3120,123,intermediate
3120,121,beginner
3120,120,beginner
3120,122,advanced
3120,114,beginner
3120,111,beginner
3120,110,beginner
3120,113,intermediate
3121,154,beginner
3121,151,beginner
3121,150,beginner
3121,135,beginner
3121,136,intermediate
3121,138,beginner
3121,140,beginner
3121,137,beginner
3122,127,beginner
3122,125,beginner
3122,123,beginner
3122,121,none
3122,122,beginner
3122,120,beginner
3123,31,none
3123,32,intermediate
3123,33,beginner
3123,35,beginner
3123,10,beginner
3123,15,none
3124,110,none
3124,111,beginner
3124,114,intermediate
3124,113,beginner
3124,121,intermediate
3124,123,beginner
3124,122,beginner
3124,120,beginner
3125,141,beginner
3125,142,intermediate
3125,144,none
3125,143,beginner
3125,128,advanced
3125,134,beginner
3125,131,none
3125,133,none
3126,72,beginner
3126,73,none
3126,71,beginner
3126,75,intermediate
3126,74,intermediate
3126,84,intermediate
3126,85,intermediate
3126,81,intermediate
3126,66,advanced
3126,67,advanced
3126,65,intermediate
3126,70,none
3127,94,beginner
3127,93,intermediate
3127,84,beginner
3127,88,none
3128,25,beginner
3128,24,beginner
3128,23,intermediate
3128,26,beginner
3128,36,beginner
3128,44,beginner
3128,37,intermediate
3128,47,intermediate
3129,110,intermediate
3129,111,beginner
3129,114,beginner
3129,115,beginner
3129,104,intermediate
3129,109,beginner
3129,107,beginner
3130,1,intermediate
3130,5,beginner
3130,2,beginner
3130,25,beginner
3130,27,intermediate
3131,11,beginner
3131,13,beginner
3131,21,intermediate
3131,38,beginner
3131,44,intermediate
3131,40,advanced
3132,135,beginner
3132,137,beginner
3132,134,none
3132,128,beginner
3132,131,beginner
3132,133,beginner
3132,142,none
3132,141,beginner
3132,144,none
3133,146,intermediate
3133,149,beginner
3133,147,beginner
3133,141,none
3133,144,beginner
3134,142,intermediate
3134,141,beginner
3134,145,beginner
3134,151,beginner
3134,154,none
3134,153,beginner
3134,150,beginner
3134,152,beginner
3135,94,beginner
3135,95,intermediate
3135,91,beginner
3135,80,beginner
3135,78,beginner
3136,38,advanced
3136,42,beginner
3136,44,beginner
3136,40,beginner
3136,45,intermediate
3136,31,beginner
3136,33,beginner
3136,29,beginner
3136,54,none
3136,49,beginner
3136,50,intermediate
3137,103,intermediate
3137,96,intermediate
3137,99,beginner
3137,80,none
3137,76,beginner
3137,78,beginner
3137,77,beginner
3138,54,none
3138,49,none
3138,53,none
3138,31,beginner
3138,30,intermediate
3139,126,beginner
3139,125,beginner
3139,114,beginner
3139,110,beginner
3139,111,beginner
3139,112,beginner
3139,115,advanced
3140,84,beginner
3140,86,intermediate
3140,85,beginner
3140,81,beginner
3140,82,intermediate
3140,57,beginner
3140,59,beginner
3140,63,beginner
3141,33,intermediate
3141,31,beginner
3141,35,intermediate
3141,20,beginner
3141,10,beginner
3141,14,beginner
3141,17,beginner
3141,19,beginner
3142,54,beginner
3142,56,beginner
3142,53,beginner
3142,23,intermediate
3142,24,beginner
3142,28,beginner
3143,37,beginner
3143,36,intermediate
3143,40,beginner
3143,56,beginner
3143,54,none
3143,48,beginner
3143,53,beginner
3143,24,beginner
3143,25,beginner
3143,23,beginner
3143,28,none
3144,109,beginner
3144,105,advanced
3144,117,intermediate
3144,116,beginner
3144,119,beginner
3145,106,beginner
3145,104,beginner
3145,109,advanced
3145,107,intermediate
3145,108,beginner
3145,117,none
3145,116,intermediate
3145,119,none
3145,118,beginner
3146,56,beginner
3146,52,beginner
3146,8,intermediate
3146,1,intermediate
3146,3,beginner
3146,6,intermediate
3146,9,beginner
3147,31,beginner
3147,33,none
3147,30,beginner
3147,24,beginner
3147,25,beginner
3147,23,intermediate
3147,26,beginner
3148,36,none
3148,37,intermediate
3148,44,beginner
3148,43,beginner
3148,33,advanced
3148,32,beginner
3148,31,none
3148,35,beginner
3148,30,none
3149,32,intermediate
3149,33,intermediate
3149,31,beginner
3149,35,intermediate
3149,34,beginner
3149,44,beginner
3149,37,intermediate
3149,36,beginner
3149,41,beginner
3150,141,beginner
3150,142,beginner
3150,145,intermediate
3150,144,beginner
3150,143,beginner
3150,149,beginner
3150,146,beginner
3150,147,beginner
3150,148,beginner
3151,59,beginner
3151,64,beginner
3151,85,none
3151,86,none
3151,88,beginner
3152,56,advanced
3152,49,beginner
3152,54,beginner
3152,55,intermediate
3152,51,intermediate
3152,25,beginner
3152,23,beginner
3152,24,intermediate
3152,22,beginner
3152,28,none
3153,110,beginner
3153,111,beginner
3153,113,beginner
3153,123,none
3153,121,none
3153,120,beginner
3154,48,beginner
3154,56,none
3154,49,beginner
3154,50,intermediate
3154,53,beginner
3154,33,beginner
3154,34,beginner
3155,54,none
3155,49,intermediate
3155,55,beginner
3155,13,beginner
3155,15,beginner
3156,57,intermediate
3156,60,beginner
3156,59,beginner
3156,61,beginner
3156,103,beginner
3156,97,beginner
3156,96,beginner
3156,98,beginner
3157,44,beginner
3157,36,beginner
3157,38,intermediate
3157,45,intermediate
3157,40,beginner
3157,13,intermediate
3157,15,intermediate
3158,94,beginner
3158,89,intermediate
3158,95,intermediate
3158,91,none
3158,90,advanced
3158,66,beginner
3158,67,intermediate
3158,65,intermediate
3158,68,beginner
3158,69,beginner
3159,116,beginner
3159,117,intermediate
3159,119,beginner
3159,110,intermediate
3159,114,intermediate
3159,112,intermediate
3159,123,beginner
3159,120,none
3160,131,beginner
3160,128,beginner
3160,129,intermediate
3160,141,none
3160,145,beginner
3161,1,intermediate
3161,5,intermediate
3161,2,advanced
3161,23,beginner
3161,25,beginner
3161,22,intermediate
3161,37,intermediate
3161,38,beginner
3161,41,advanced
3162,103,intermediate
3162,97,beginner
3162,101,beginner
3162,67,beginner
3162,65,beginner
3162,70,beginner
3162,76,intermediate
3162,80,beginner
3162,77,beginner
3162,79,beginner
3163,49,beginner
3163,54,beginner
3163,53,beginner
3163,14,beginner
3163,20,beginner
3163,11,beginner
3163,12,beginner
3163,18,beginner
3164,95,advanced
3164,89,beginner
3164,94,none
3164,92,intermediate
3164,72,beginner
3164,73,none
3164,74,beginner
3164,76,beginner
3164,80,beginner
3164,79,beginner
3165,3,intermediate
3165,1,beginner
3165,5,beginner
3165,6,intermediate
3165,37,beginner
3165,44,intermediate
3165,41,beginner
3166,60,beginner
3166,57,beginner
3166,61,advanced
3166,103,beginner
3166,97,intermediate
3166,100,beginner
3167,31,intermediate
3167,30,beginner
3167,37,intermediate
3167,44,intermediate
3167,41,beginner
3167,49,beginner
3167,56,intermediate
3167,50,none
3168,128,none
3168,131,beginner
3168,129,intermediate
3168,135,none
3168,136,beginner
3168,138,beginner
3168,137,beginner
3168,139,intermediate
3169,121,beginner
3169,120,beginner
3169,110,beginner
3169,114,beginner
3169,112,none
3170,44,intermediate
3170,42,none
3170,45,none
3170,3,intermediate
3170,1,beginner
3170,5,beginner
3170,7,beginner
3170,9,beginner
3171,106,beginner
3171,104,advanced
3171,109,beginner
3171,105,beginner
3171,107,intermediate
3171,110,intermediate
3171,113,beginner
3171,126,intermediate
3171,127,beginner
3171,124,intermediate
3171,125,beginner
3172,25,beginner
3172,22,intermediate
3172,11,advanced
3172,21,beginner
3173,117,intermediate
3173,116,beginner
3173,118,beginner
3173,119,beginner
3173,114,beginner
3173,113,beginner
3174,38,beginner
3174,37,intermediate
3174,47,intermediate
3174,3,beginner
3174,8,beginner
3174,2,beginner
3175,54,intermediate
3175,56,beginner
3175,52,beginner
3175,42,beginner
3175,44,beginner
3175,47,beginner
3176,66,beginner
3176,67,beginner
3176,69,intermediate
3176,95,intermediate
3176,89,beginner
3176,94,intermediate
3176,91,beginner
3176,90,beginner
3177,76,none
3177,80,beginner
3177,77,beginner
3177,73,beginner
3177,72,beginner
3177,74,none
3177,71,intermediate
3178,89,beginner
3178,94,beginner
3178,92,beginner
3178,73,beginner
3178,74,beginner
3179,86,none
3179,84,beginner
3179,85,beginner
3179,88,none
3179,96,none
3179,97,intermediate
3179,103,beginner
3179,102,beginner
3179,101,none
3180,37,intermediate
3180,44,intermediate
3180,36,beginner
3180,41,beginner
3180,46,beginner
3180,25,beginner
3180,27,beginner
3180,32,beginner
3180,31,none
3180,33,none
3180,29,beginner
3180,30,none
3181,25,beginner
3181,24,intermediate
3181,23,beginner
3181,26,beginner
3181,14,intermediate
3181,10,beginner
3181,19,beginner
3181,42,none
3181,36,intermediate
3181,47,beginner
3182,57,beginner
3182,59,none
3182,60,beginner
3182,61,beginner
3182,63,intermediate
3182,66,beginner
3182,69,beginner
3183,89,beginner
3183,94,none
3183,95,beginner
3183,92,beginner
3183,76,intermediate
3183,78,none
3184,24,beginner
3184,26,beginner
3184,20,intermediate
3184,14,beginner
3184,13,intermediate
3184,16,beginner
3185,42,none
3185,43,intermediate
3185,8,none
3185,5,beginner
3185,3,beginner
3185,2,none
3186,57,none
3186,59,beginner
3186,62,intermediate
3186,73,advanced
3186,72,beginner
3186,75,intermediate
3186,85,beginner
3186,84,beginner
3186,88,beginner
3187,65,beginner
3187,66,beginner
3187,67,none
3187,68,beginner
3187,70,beginner
3187,60,beginner
3187,57,none
3187,59,intermediate
3187,63,none
3188,123,beginner
3188,121,beginner
3188,122,beginner
3188,117,beginner
3188,116,intermediate
3188,119,beginner
3188,118,beginner
3189,20,intermediate
3189,19,beginner
3189,44,beginner
3189,42,intermediate
3189,36,beginner
3189,43,beginner
3189,56,intermediate
3189,49,beginner
3189,51,none
3190,86,beginner
3190,85,beginner
3190,88,intermediate
3190,95,intermediate
3190,94,intermediate
3190,89,beginner
3190,91,intermediate
3190,90,beginner
3191,73,beginner
3191,72,none
3191,75,intermediate
3191,89,intermediate
3191,95,intermediate
3191,94,none
3191,92,beginner
3192,33,none
3192,34,beginner
3192,24,beginner
3192,25,beginner
3192,28,beginner
3193,24,beginner
3193,23,beginner
3193,28,intermediate
3193,49,intermediate
3193,48,beginner
3193,56,intermediate
3193,52,beginner
3194,32,intermediate
3194,31,beginner
3194,30,beginner
3194,48,beginner
3194,52,intermediate
3195,123,beginner
3195,121,beginner
3195,120,intermediate
3195,122,beginner
3195,116,advanced
3195,117,intermediate
3195,118,none
3196,33,none
3196,31,beginner
3196,34,beginner
3196,48,intermediate
3196,52,beginner
3196,3,beginner
3196,1,beginner
3196,5,beginner
3196,9,beginner
3197,95,beginner
3197,90,none
3197,72,none
3197,73,beginner
3197,71,beginner
3197,75,none
3198,76,beginner
3198,79,intermediate
3198,85,beginner
3198,84,none
3198,87,beginner
3199,44,intermediate
3199,37,beginner
3199,42,beginner
3199,45,beginner
3199,25,beginner
3199,27,beginner
3200,127,beginner
3200,126,beginner
3200,125,none
3200,124,beginner
3200,117,none
3200,116,intermediate
3200,118,beginner
3200,119,none
3201,103,beginner
3201,96,intermediate
3201,97,intermediate
3201,100,beginner
3201,95,intermediate
3201,89,beginner
3201,90,intermediate
3202,56,beginner
3202,54,intermediate
3202,48,none
3202,51,beginner
3202,50,beginner
3202,5,beginner
3202,9,beginner
3203,116,intermediate
3203,117,beginner
3203,118,beginner
3203,119,beginner
3203,111,beginner
3203,110,beginner
3203,113,beginner
3204,80,intermediate
3204,76,beginner
3204,78,beginner
3204,66,beginner
3204,65,none
3204,67,intermediate
3204,68,none
3205,33,beginner
3205,32,beginner
3205,31,none
3205,30,beginner
3205,35,beginner
3205,54,beginner
3205,48,beginner
3205,55,beginner
3206,104,beginner
3206,109,beginner
3206,106,none
3206,108,intermediate
3206,105,advanced
3206,127,beginner
3206,126,none
3206,124,intermediate
3207,72,beginner
3207,73,beginner
3207,71,beginner
3207,80,intermediate
3207,78,advanced
3208,44,intermediate
3208,36,beginner
3208,37,intermediate
3208,47,intermediate
3208,3,intermediate
3208,5,intermediate
3208,6,none
3208,48,beginner
3208,56,none
3208,49,beginner
3208,51,intermediate
3209,131,beginner
3209,133,beginner
3209,149,none
3209,146,intermediate
3209,148,beginner
3209,147,beginner
3210,60,beginner
3210,59,intermediate
3210,57,beginner
3210,61,intermediate
3210,62,advanced
3210,73,beginner
3210,72,intermediate
3210,75,beginner
3211,76,beginner
3211,79,beginner
3211,65,beginner
3211,66,intermediate
3211,67,beginner
3211,69,beginner
3212,33,beginner
3212,31,beginner
3212,35,beginner
3212,1,beginner
3212,3,beginner
3212,5,beginner
3212,6,beginner
3213,8,beginner
3213,3,none
3213,7,intermediate
3213,31,intermediate
3213,35,beginner
3214,23,beginner
3214,25,none
3214,28,none
3214,48,beginner
3214,49,beginner
3214,56,none
3214,52,beginner
3215,59,beginner
3215,60,none
3215,61,intermediate
3215,66,none
3215,67,beginner
3215,69,intermediate
3216,72,none
3216,73,none
3216,75,advanced
3216,74,beginner
3216,89,intermediate
3216,94,intermediate
3216,95,beginner
3216,92,beginner
3217,109,beginner
3217,106,beginner
3217,105,beginner
3217,111,intermediate
3217,110,beginner
3217,114,beginner
3217,112,intermediate
3217,113,advanced
3218,24,none
3218,25,beginner
3218,27,intermediate
3218,32,beginner
3218,35,beginner
3218,3,beginner
3218,1,intermediate
3218,8,beginner
3218,4,beginner
3218,2,intermediate
3219,123,intermediate
3219,121,none
3219,120,none
3219,122,beginner
3219,110,advanced
3219,111,none
3219,114,beginner
3219,113,none
3219,115,beginner
3220,106,beginner
3220,104,beginner
3220,105,intermediate
3220,110,intermediate
3220,111,beginner
3220,114,none
3220,113,beginner
3220,112,none
3221,117,intermediate
3221,116,beginner
3221,119,beginner
3221,114,intermediate
3221,113,beginner
3221,126,beginner
3221,125,intermediate
3222,121,intermediate
3222,123,beginner
3222,122,beginner
3222,120,beginner
3222,116,intermediate
3222,117,beginner
3222,118,beginner
3222,119,none
3222,127,beginner
3222,126,beginner
3222,125,none
3222,124,beginner
3223,104,beginner
3223,106,beginner
3223,107,beginner
3223,117,beginner
3223,116,beginner
3223,119,intermediate
3223,118,intermediate
3224,56,beginner
3224,52,beginner
3224,31,beginner
3224,32,intermediate
3224,33,intermediate
3224,35,beginner
3224,34,intermediate
3225,76,intermediate
3225,80,beginner
3225,79,beginner
3225,59,beginner
3225,60,beginner
3225,57,beginner
3225,58,beginner
3225,85,beginner
3225,86,intermediate
3225,87,beginner
3226,136,advanced
3226,138,intermediate
3226,137,beginner
3226,146,beginner
3226,148,intermediate
3227,84,none
3227,88,beginner
3227,103,beginner
3227,96,beginner
3227,101,beginner
3228,37,beginner
3228,38,beginner
3228,44,beginner
3228,46,beginner
3228,39,beginner
3228,14,beginner
3228,13,beginner
3228,10,none
3228,21,intermediate
3229,135,intermediate
3229,136,beginner
3229,138,intermediate
3229,139,none
3229,137,beginner
3229,128,none
3229,131,beginner
3229,129,beginner
3230,36,beginner
3230,44,beginner
3230,42,beginner
3230,45,beginner
3230,40,beginner
3230,5,beginner
3230,1,beginner
3230,2,none
3231,56,advanced
3231,50,beginner
3231,13,beginner
3231,20,none
3231,10,intermediate
3231,15,beginner
3231,19,beginner
3232,38,beginner
3232,42,intermediate
3232,46,beginner
3232,54,beginner
3232,48,beginner
3232,49,beginner
3232,53,beginner
3233,72,intermediate
3233,73,beginner
3233,75,beginner
3233,65,beginner
3233,67,beginner
3233,69,beginner
3234,33,beginner
3234,34,beginner
3234,25,beginner
3234,28,intermediate
3235,94,beginner
3235,89,beginner
3235,95,beginner
3235,93,advanced
3235,57,intermediate
3235,59,beginner
3235,61,none
3235,76,beginner
3235,78,beginner
3236,135,intermediate
3236,138,beginner
3236,136,beginner
3236,137,beginner
3236,141,none
3236,142,advanced
3236,143,beginner
3236,144,advanced
3237,66,beginner
3237,65,intermediate
3237,67,intermediate
3237,68,beginner
3237,80,beginner
3237,76,intermediate
3237,79,none
3237,77,intermediate
3237,89,beginner
3237,95,beginner
3237,90,beginner
3238,86,beginner
3238,84,beginner
3238,85,advanced
3238,83,intermediate
3238,81,beginner
3238,80,beginner
3238,76,advanced
3238,78,none
3239,121,none
3239,123,beginner
3239,120,none
3239,106,beginner
3239,104,beginner
3239,109,beginner
3239,107,beginner
3239,108,beginner
3239,114,intermediate
3239,110,none
3239,115,none
3240,117,none
3240,116,intermediate
3240,118,none
3240,111,intermediate
3240,110,beginner
3240,113,beginner
3241,14,intermediate
3241,11,none
3241,13,beginner
3241,18,beginner
3241,17,intermediate
3241,49,beginner
3241,51,beginner
3242,5,beginner
3242,8,beginner
3242,3,beginner
3242,6,beginner
3242,11,beginner
3242,10,beginner
3242,12,beginner
3243,76,beginner
3243,80,beginner
3243,77,none
3243,79,beginner
3243,57,none
3243,60,none
3243,58,beginner
3243,94,beginner
3243,89,beginner
3243,93,beginner
3244,106,intermediate
3244,107,beginner
3244,127,beginner
3244,126,intermediate
3244,124,beginner
3244,125,none
3245,73,none
3245,72,none
3245,74,intermediate
3245,96,beginner
3245,103,beginner
3245,99,beginner
3246,44,intermediate
3246,38,beginner
3246,40,beginner
3246,14,intermediate
3246,20,beginner
3246,19,intermediate
3247,121,beginner
3247,123,none
3247,120,intermediate
3247,111,beginner
3247,110,none
3247,114,beginner
3247,112,beginner
3247,106,beginner
3247,104,intermediate
3247,109,beginner
3247,105,beginner
3248,59,beginner
3248,57,beginner
3248,60,intermediate
3248,58,intermediate
3248,63,intermediate
3248,72,beginner
3248,73,none
3248,75,beginner
3248,71,none
3249,76,beginner
3249,80,beginner
3249,78,none
3249,94,beginner
3249,89,beginner
3249,91,beginner
3249,66,none
3249,65,none
3249,67,beginner
3249,68,none
3250,104,advanced
3250,106,intermediate
3250,105,intermediate
3250,123,beginner
3250,122,beginner
3250,117,intermediate
3250,116,none
3250,118,beginner
3250,119,beginner
3251,121,beginner
3251,123,advanced
3251,120,beginner
3251,127,intermediate
3251,125,none
3252,86,intermediate
3252,81,beginner
3252,80,beginner
3252,76,beginner
3252,77,beginner
3253,73,intermediate
3253,72,intermediate
3253,75,beginner
3253,71,beginner
3253,74,beginner
3253,66,intermediate
3253,67,beginner
3253,69,beginner
3254,67,intermediate
3254,66,beginner
3254,65,none
3254,70,beginner
3254,59,beginner
3254,63,beginner
3255,60,intermediate
3255,59,intermediate
3255,57,beginner
3255,63,intermediate
3255,84,advanced
3255,83,beginner
3256,72,beginner
3256,73,beginner
3256,75,intermediate
3256,59,intermediate
3256,61,beginner
3257,123,intermediate
3257,121,beginner
3257,122,beginner
3257,117,intermediate
3257,118,beginner
3258,94,beginner
3258,95,beginner
3258,89,beginner
3258,93,beginner
3258,90,none
3258,96,beginner
3258,97,none
3258,102,beginner
3259,66,beginner
3259,67,intermediate
3259,69,beginner
3259,89,beginner
3259,91,none
3260,44,beginner
3260,45,intermediate
3260,1,beginner
3260,3,beginner
3260,5,beginner
3260,7,beginner
3261,123,none
3261,121,beginner
3261,120,beginner
3261,122,advanced
3261,127,beginner
3261,126,intermediate
3261,125,beginner
3261,124,beginner
3261,114,beginner
3261,113,intermediate
3262,97,beginner
3262,103,beginner
3262,96,beginner
3262,100,intermediate
3262,73,beginner
3262,72,beginner
3262,71,beginner
3262,74,none
3262,75,beginner
3263,5,none
3263,3,beginner
3263,2,intermediate
3263,23,advanced
3263,22,none
3264,10,beginner
3264,14,beginner
3264,13,beginner
3264,16,intermediate
3264,49,none
3264,48,intermediate
3264,54,beginner
3264,51,intermediate
3264,53,intermediate
3265,25,intermediate
3265,24,beginner
3265,23,intermediate
3265,27,none
3265,22,none
3265,44,beginner
3265,37,beginner
3265,43,beginner
3265,49,beginner
3265,48,beginner
3265,56,intermediate
3265,50,beginner
3265,51,beginner
3266,138,beginner
3266,135,none
3266,140,beginner
3266,146,none
3266,149,none
3266,147,beginner
3267,117,beginner
3267,116,intermediate
3267,119,beginner
3267,127,beginner
3267,126,intermediate
3267,125,beginner
3267,124,beginner
3267,121,intermediate
3267,123,beginner
3267,120,intermediate
3268,95,intermediate
3268,90,beginner
3268,57,beginner
3268,59,beginner
3268,61,intermediate
3269,20,beginner
3269,14,beginner
3269,15,beginner
3269,1,beginner
3269,3,beginner
3269,2,intermediate
3270,121,none
3270,120,beginner
3270,117,beginner
3270,116,intermediate
3270,119,intermediate
3271,65,beginner
3271,69,beginner
3271,60,intermediate
3271,57,none
3271,58,intermediate
3272,154,intermediate
3272,151,beginner
3272,153,beginner
3272,150,intermediate
3272,128,beginner
3272,134,none
3272,133,none
3273,31,none
3273,32,beginner
3273,33,beginner
3273,30,none
3273,29,none
3273,42,beginner
3273,44,intermediate
3273,37,beginner
3273,47,beginner
3274,54,none
3274,56,beginner
3274,48,intermediate
3274,53,none
3274,5,intermediate
3274,1,none
3274,7,intermediate
3275,103,intermediate
3275,96,beginner
3275,100,intermediate
3275,67,beginner
3275,65,beginner
3275,66,none
3275,70,beginner
3276,32,advanced
3276,35,none
3276,1,advanced
3276,8,advanced
3276,3,beginner
3276,6,beginner
3276,25,intermediate
3276,22,beginner
3277,96,intermediate
3277,103,beginner
3277,97,beginner
3277,102,intermediate
3277,76,beginner
3277,80,intermediate
3277,78,none
3277,79,beginner
3278,123,advanced
3278,120,intermediate
3278,116,intermediate
3278,117,none
3278,118,beginner
3278,119,beginner
3279,13,beginner
3279,12,beginner
3279,1,beginner
3279,8,intermediate
3279,9,none
3280,42,intermediate
3280,44,beginner
3280,36,intermediate
3280,40,none
3280,41,beginner
3280,25,beginner
3280,24,beginner
3280,23,none
3280,27,none
3280,26,beginner
3280,1,intermediate
3280,6,beginner
3281,97,none
3281,103,beginner
3281,96,intermediate
3281,102,beginner
3281,85,beginner
3281,84,beginner
3281,83,intermediate
3282,123,intermediate
3282,120,beginner
3282,126,intermediate
3282,124,beginner
3282,106,none
3282,109,beginner
3282,104,intermediate
3282,107,none
3283,66,advanced
3283,65,none
3283,68,beginner
3283,89,none
3283,92,intermediate
3284,31,beginner
3284,32,beginner
3284,33,none
3284,34,advanced
3284,25,beginner
3284,24,advanced
3284,23,intermediate
3284,28,beginner
3285,67,beginner
3285,66,beginner
3285,69,advanced
3285,76,beginner
3285,80,intermediate
3285,78,intermediate
3285,85,beginner
3285,86,beginner
3285,81,beginner
3286,65,beginner
3286,67,beginner
3286,69,beginner
3286,86,beginner
3286,82,beginner
3287,127,beginner
3287,126,beginner
3287,124,beginner
3287,125,beginner
3287,117,intermediate
3287,116,none
3287,118,intermediate
3287,119,intermediate
3288,94,none
3288,89,none
3288,91,beginner
3288,97,beginner
3288,99,beginner
3289,37,beginner
3289,42,beginner
3289,36,beginner
3289,45,none
3289,33,intermediate
3289,32,beginner
3289,31,beginner
3289,35,beginner
3290,116,intermediate
3290,117,beginner
3290,119,none
3290,121,beginner
3290,123,beginner
3290,122,beginner
3290,106,beginner
3290,107,none
3291,84,beginner
3291,85,beginner
3291,87,beginner
3291,72,beginner
3291,75,none
3292,13,none
3292,20,intermediate
3292,17,beginner
3292,38,beginner
3292,47,beginner
3293,80,beginner
3293,76,beginner
3293,77,none
3293,79,intermediate
3293,65,beginner
3293,66,intermediate
3293,67,none
3293,70,none
3293,97,beginner
3293,103,beginner
3293,101,beginner
3294,146,none
3294,149,beginner
3294,148,none
3294,147,none
3294,154,beginner
3294,151,beginner
3294,150,beginner
3294,152,intermediate
3294,153,beginner
3295,104,intermediate
3295,105,beginner
3295,127,none
3295,126,beginner
3295,124,intermediate
3295,123,advanced
3295,121,beginner
3295,122,intermediate
3295,120,beginner
3296,54,intermediate
3296,49,none
3296,55,none
3296,32,none
3296,35,intermediate
3297,106,beginner
3297,104,intermediate
3297,107,intermediate
3297,111,beginner
3297,110,beginner
3297,112,beginner
3298,11,beginner
3298,10,advanced
3298,13,beginner
3298,16,beginner
3298,17,beginner
3298,24,beginner
3298,22,beginner
3299,86,beginner
3299,85,beginner
3299,84,beginner
3299,87,intermediate
3299,65,beginner
3299,70,none
3300,60,intermediate
3300,59,beginner
3300,63,beginner
3300,85,beginner
3300,86,beginner
3300,87,beginner
3301,38,none
3301,42,intermediate
3301,46,none
3301,11,beginner
3301,14,intermediate
3301,13,beginner
3301,15,beginner
3302,23,beginner
3302,25,intermediate
3302,24,none
3302,28,none
3302,38,beginner
3302,36,beginner
3302,37,none
3302,40,beginner
3303,131,beginner
3303,134,beginner
3303,132,beginner
3303,149,beginner
3303,146,beginner
3303,148,beginner
3303,147,beginner
3303,135,beginner
3303,136,beginner
3303,138,intermediate
3303,137,beginner
3304,33,beginner
3304,32,none
3304,34,intermediate
3304,8,intermediate
3304,5,beginner
3304,7,beginner
3305,126,beginner
3305,127,beginner
3305,124,beginner
3305,125,beginner
3305,111,beginner
3305,115,beginner
3306,76,intermediate
3306,80,beginner
3306,79,none
3306,65,none
3306,68,beginner
3307,86,beginner
3307,85,intermediate
3307,87,intermediate
3307,59,beginner
3307,60,beginner
3307,57,intermediate
3307,64,intermediate
3307,65,none
3307,67,none
3307,66,beginner
3307,68,beginner
3308,49,beginner
3308,56,beginner
3308,52,beginner
3308,8,intermediate
3308,4,beginner
3309,11,none
3309,14,beginner
3309,13,none
3309,12,none
3309,37,beginner
3309,38,none
3309,45,beginner
3310,23,beginner
3310,25,none
3310,24,beginner
3310,22,beginner
3310,49,beginner
3310,56,beginner
3310,55,none
3311,76,beginner
3311,78,none
3311,103,beginner
3311,97,beginner
3311,96,beginner
3311,99,none
3312,141,beginner
3312,142,beginner
3312,145,advanced
3312,151,beginner
3312,154,beginner
3312,152,none
3312,153,beginner
3312,150,beginner
3313,104,beginner
3313,105,beginner
3313,117,beginner
3313,116,intermediate
3313,118,intermediate
3314,25,beginner
3314,23,beginner
3314,26,intermediate
3314,5,beginner
3314,8,none
3314,1,beginner
3314,4,beginner
3315,49,advanced
3315,48,intermediate
3315,54,beginner
3315,53,intermediate
3315,51,none
3315,38,beginner
3315,42,beginner
3315,36,beginner
3315,45,none
3316,20,intermediate
3316,13,beginner
3316,14,beginner
3316,19,beginner
3316,42,intermediate
3316,37,beginner
3316,44,beginner
3316,47,beginner
3317,128,intermediate
3317,134,beginner
3317,130,intermediate
3317,142,beginner
3317,141,beginner
3317,143,none
3317,144,beginner
3317,145,intermediate
3318,24,intermediate
3318,25,beginner
3318,28,beginner
3318,14,intermediate
3318,11,intermediate
3318,19,beginner
3319,14,beginner
3319,18,beginner
3319,1,beginner
3319,3,beginner
3319,8,beginner
3319,9,beginner
3319,54,intermediate
3319,56,none
3319,49,beginner
3319,50,beginner
3320,85,beginner
3320,86,beginner
3320,83,intermediate
3320,94,beginner
3320,95,intermediate
3320,92,beginner
3320,97,beginner
3320,96,intermediate
3320,103,beginner
3320,100,beginner
3320,98,beginner
3321,96,none
3321,97,none
3321,101,beginner
3321,89,beginner
3321,95,beginner
3321,94,intermediate
3321,93,intermediate
3322,3,beginner
3322,1,beginner
3322,2,intermediate
3322,24,beginner
3322,23,intermediate
3322,22,beginner
3323,73,beginner
3323,74,beginner
3323,84,beginner
3323,85,none
3323,81,beginner
3324,48,beginner
3324,56,intermediate
3324,54,beginner
3324,50,intermediate
3324,55,beginner
3324,10,beginner
3324,14,beginner
3324,20,beginner
3324,17,intermediate
3325,20,beginner
3325,18,beginner
3325,24,intermediate
3325,25,none
3325,23,intermediate
3325,26,beginner
3325,28,beginner
3326,8,beginner
3326,1,beginner
3326,5,none
3326,4,intermediate
3326,2,none
3326,25,beginner
3326,24,intermediate
3326,26,beginner
3327,56,none
3327,51,beginner
3327,25,beginner
3327,24,beginner
3327,23,beginner
3327,22,intermediate
3328,135,beginner
3328,136,beginner
3328,140,intermediate
3328,134,beginner
3328,128,intermediate
3328,129,beginner
3328,149,beginner
3328,146,none
3328,147,beginner
3329,97,none
3329,96,none
3329,103,beginner
3329,98,beginner
3329,89,beginner
3329,95,beginner
3329,92,none
3330,114,beginner
3330,111,intermediate
3330,115,beginner
3330,127,intermediate
3330,126,beginner
3330,125,beginner
3331,38,intermediate
3331,44,beginner
3331,42,intermediate
3331,40,none
3331,24,none
3331,23,beginner
3331,25,beginner
3331,22,beginner
3331,28,beginner
3332,110,none
3332,115,beginner
3332,116,beginner
3332,117,beginner
3332,118,beginner
3332,119,intermediate
3332,126,beginner
3332,127,beginner
3332,124,intermediate
3332,125,beginner
3333,154,beginner
3333,151,beginner
3333,152,beginner
3333,141,advanced
3333,142,beginner
3333,145,beginner
3334,32,none
3334,33,beginner
3334,31,beginner
3334,35,beginner
3334,38,intermediate
3334,37,intermediate
3334,42,intermediate
3334,45,beginner
3335,154,beginner
3335,151,intermediate
3335,150,beginner
3335,136,intermediate
3335,139,beginner
3336,85,intermediate
3336,84,beginner
3336,86,intermediate
3336,87,beginner
3336,72,intermediate
3336,73,none
3336,74,beginner
3337,126,intermediate
3337,125,beginner
3337,116,intermediate
3337,119,intermediate
3338,25,intermediate
3338,23,beginner
3338,27,beginner
3338,54,beginner
3338,52,beginner
3339,80,beginner
3339,76,none
3339,78,beginner
3339,89,beginner
3339,95,beginner
3339,94,beginner
3339,91,beginner
3339,93,beginner
3340,76,beginner
3340,80,beginner
3340,78,beginner
3340,79,beginner
3340,86,beginner
3340,84,beginner
3340,85,beginner
3340,88,intermediate
3340,87,beginner
3341,131,beginner
3341,128,beginner
3341,134,beginner
3341,133,beginner
3341,149,beginner
3341,146,intermediate
3341,147,beginner
3342,149,beginner
3342,148,beginner
3342,142,intermediate
3342,141,none
3342,144,beginner
3343,56,intermediate
3343,55,beginner
3343,25,intermediate
3343,24,beginner
3343,28,intermediate
3344,135,beginner
3344,136,intermediate
3344,138,beginner
3344,140,beginner
3344,154,beginner
3344,151,beginner
3344,152,beginner
3345,116,beginner
3345,117,beginner
3345,119,beginner
3345,118,beginner
3345,114,intermediate
3345,110,none
3345,111,advanced
3345,115,beginner
3345,126,beginner
3345,127,intermediate
3345,124,beginner
3346,96,beginner
3346,100,intermediate
3346,72,beginner
3346,73,beginner
3346,71,beginner
3346,75,none
3347,14,beginner
3347,20,beginner
3347,15,none
3347,5,none
3347,1,none
3347,8,beginner
3347,9,beginner
3347,2,beginner
3348,5,beginner
3348,8,intermediate
3348,1,intermediate
3348,9,beginner
3348,37,beginner
3348,36,beginner
3348,43,beginner
3349,24,beginner
3349,23,intermediate
3349,25,intermediate
3349,28,beginner
3349,48,beginner
3349,54,intermediate
3349,56,intermediate
3349,51,beginner
3349,20,advanced
3349,14,beginner
3349,16,intermediate
3350,48,beginner
3350,56,beginner
3350,49,beginner
3350,55,beginner
3350,50,intermediate
3350,5,beginner
3350,3,beginner
3350,1,beginner
3350,7,beginner
3350,6,beginner
3351,151,none
3351,154,intermediate
3351,152,intermediate
3351,128,beginner
3351,134,beginner
3351,131,beginner
3351,133,beginner
3351,132,advanced
3352,24,beginner
3352,25,beginner
3352,23,beginner
3352,28,none
3352,48,beginner
3352,49,intermediate
3352,54,none
3352,51,none
3353,72,intermediate
3353,73,beginner
3353,74,beginner
3353,71,intermediate
3353,65,intermediate
3353,66,none
3353,68,beginner
3354,59,beginner
3354,57,beginner
3354,63,beginner
3354,89,beginner
3354,95,intermediate
3354,94,beginner
3354,90,beginner
3354,91,none
3355,76,beginner
3355,80,beginner
3355,78,none
3355,77,beginner
3355,95,beginner
3355,91,beginner
3356,10,intermediate
3356,12,advanced
3356,24,beginner
3356,27,none
3357,84,beginner
3357,86,beginner
3357,81,beginner
3357,89,none
3357,94,none
3357,92,beginner
3358,103,beginner
3358,96,beginner
3358,97,none
3358,101,beginner
3358,60,none
3358,57,beginner
3358,59,none
3358,61,beginner
3358,64,intermediate
3359,84,none
3359,81,intermediate
3359,67,intermediate
3359,65,intermediate
3359,66,intermediate
3359,69,beginner
3359,68,beginner
3359,103,none
3359,98,intermediate
3360,8,beginner
3360,3,intermediate
3360,1,intermediate
3360,4,intermediate
3360,23,beginner
3360,24,beginner
3360,26,beginner
3361,114,beginner
3361,112,advanced
3361,106,intermediate
3361,108,beginner
3362,23,beginner
3362,25,beginner
3362,24,intermediate
3362,26,beginner
3362,22,intermediate
3362,31,beginner
3362,32,intermediate
3362,33,intermediate
3362,34,intermediate
3362,5,beginner
3362,8,beginner
3362,6,intermediate
3363,60,none
3363,59,beginner
3363,57,beginner
3363,61,none
3363,63,beginner
3363,89,intermediate
3363,91,beginner
3364,56,advanced
3364,48,beginner
3364,50,beginner
3364,24,beginner
3364,25,beginner
3364,23,intermediate
3364,27,beginner
3365,10,beginner
3365,19,intermediate
3365,31,beginner
3365,32,beginner
3365,33,none
3365,29,beginner
3365,30,intermediate
3366,121,beginner
3366,123,intermediate
3366,120,intermediate
3366,111,intermediate
3366,115,beginner
3367,49,beginner
3367,48,beginner
3367,50,beginner
3367,20,intermediate
3367,14,none
3367,16,none
3368,154,beginner
3368,151,none
3368,150,intermediate
3368,153,intermediate
3368,152,none
3368,142,intermediate
3368,141,intermediate
3368,144,intermediate
3368,143,beginner
3368,145,beginner
3369,123,beginner
3369,121,none
3369,120,beginner
3369,106,beginner
3369,104,beginner
3369,109,advanced
3369,107,beginner
3369,105,none
3370,48,intermediate
3370,49,intermediate
3370,54,beginner
3370,53,beginner
3370,31,beginner
3370,32,advanced
3370,30,none
3371,3,beginner
3371,9,intermediate
3371,33,beginner
3371,31,none
3371,32,beginner
3371,34,beginner
3371,29,beginner
3372,24,beginner
3372,25,advanced
3372,27,beginner
3372,13,beginner
3372,14,beginner
3372,20,intermediate
3372,17,intermediate
3372,36,intermediate
3372,38,beginner
3372,37,intermediate
3372,47,beginner
3373,134,beginner
3373,131,beginner
3373,133,beginner
3373,138,intermediate
3373,135,intermediate
3373,136,intermediate
3373,139,intermediate
3374,73,beginner
3374,72,beginner
3374,71,beginner
3374,75,beginner
3374,76,beginner
3374,80,beginner
3374,78,beginner
3374,79,none
3375,38,none
3375,44,intermediate
3375,39,none
3375,31,intermediate
3375,32,beginner
3375,33,beginner
3375,30,beginner
3376,66,beginner
3376,65,beginner
3376,69,beginner
3376,84,beginner
3376,86,beginner
3376,81,intermediate
3376,73,beginner
3376,72,beginner
3376,75,beginner
3376,74,beginner
3376,71,beginner
3377,25,intermediate
3377,24,intermediate
3377,23,beginner
3377,27,beginner
3377,26,none
3377,20,intermediate
3377,14,beginner
3377,13,none
3377,12,beginner
3377,17,none
3377,37,beginner
3377,38,beginner
3377,44,beginner
3377,47,none
3378,66,none
3378,65,beginner
3378,70,intermediate
3378,95,beginner
3378,89,advanced
3378,94,beginner
3378,92,none
3378,91,beginner
3379,60,beginner
3379,57,intermediate
3379,59,beginner
3379,62,beginner
3379,95,none
3379,89,beginner
3379,92,none
3380,5,beginner
3380,9,intermediate
3380,31,beginner
3380,33,intermediate
3380,32,none
3380,29,intermediate
3380,35,beginner
3381,111,beginner
3381,114,beginner
3381,110,beginner
3381,113,intermediate
3381,115,beginner
3381,127,beginner
3381,126,beginner
3381,124,intermediate
3382,32,beginner
3382,31,beginner
3382,30,none
3382,49,advanced
3382,54,intermediate
3382,53,none
3383,96,intermediate
3383,97,beginner
3383,101,intermediate
3383,72,beginner
3383,73,advanced
3383,71,beginner
3383,85,beginner
3383,84,beginner
3383,86,beginner
3383,88,beginner
3384,80,beginner
3384,76,beginner
3384,77,beginner
3384,65,beginner
3384,69,beginner
3384,60,beginner
3384,57,intermediate
3384,62,intermediate
3385,149,beginner
3385,146,beginner
3385,148,intermediate
3385,134,beginner
3385,128,intermediate
3385,131,beginner
3385,133,intermediate
3386,57,beginner
3386,59,beginner
3386,58,beginner
3386,76,intermediate
3386,80,beginner
3386,79,intermediate
3386,77,beginner
3387,135,beginner
3387,138,none
3387,136,beginner
3387,140,beginner
3387,134,beginner
3387,128,none
3387,131,beginner
3387,130,beginner
3387,133,intermediate
3388,31,beginner
3388,32,beginner
3388,33,beginner
3388,29,intermediate
3388,35,beginner
3388,11,beginner
3388,20,intermediate
3388,16,beginner
3389,121,intermediate
3389,123,intermediate
3389,122,beginner
3389,120,beginner
3389,104,none
3389,106,beginner
3389,109,none
3389,105,beginner
3390,1,none
3390,5,beginner
3390,8,beginner
3390,4,beginner
3390,56,beginner
3390,48,advanced
3390,49,beginner
3390,52,intermediate
3390,51,intermediate
3391,117,intermediate
3391,116,beginner
3391,119,beginner
3391,123,none
3391,121,advanced
3391,120,beginner
3392,23,intermediate
3392,24,advanced
3392,25,beginner
3392,27,intermediate
3392,1,beginner
3392,6,intermediate
3393,151,beginner
3393,154,none
3393,153,beginner
3393,135,beginner
3393,140,intermediate
3394,136,beginner
3394,138,none
3394,135,intermediate
3394,139,none
3394,141,beginner
3394,142,beginner
3394,145,intermediate
3394,144,none
3395,48,intermediate
3395,55,intermediate
3395,14,beginner
3395,20,beginner
3395,10,none
3395,12,advanced
3395,15,none
3396,60,none
3396,57,beginner
3396,59,beginner
3396,63,beginner
3396,67,beginner
3396,68,beginner
3397,72,advanced
3397,73,beginner
3397,74,beginner
3397,71,intermediate
3397,66,beginner
3397,67,intermediate
3397,70,intermediate
3398,25,intermediate
3398,23,intermediate
3398,24,beginner
3398,28,beginner
3398,11,beginner
3398,15,intermediate
3399,95,none
3399,94,beginner
3399,89,beginner
3399,90,beginner
3399,91,beginner
3399,72,advanced
3399,71,advanced
3400,95,beginner
3400,94,intermediate
3400,90,beginner
3400,84,beginner
3400,85,beginner
3400,86,intermediate
3400,81,beginner
3401,76,intermediate
3401,77,beginner
3401,73,intermediate
3401,72,beginner
3401,74,beginner
3401,75,beginner
3402,49,beginner
3402,56,beginner
3402,54,beginner
3402,50,intermediate
3402,20,beginner
3402,14,none
3402,13,beginner
3402,15,beginner
3402,38,beginner
3402,44,beginner
3402,37,beginner
3402,40,intermediate
3402,45,beginner
3403,149,beginner
3403,146,intermediate
3403,148,beginner
3403,138,none
3403,139,beginner
3404,37,intermediate
3404,44,beginner
3404,42,beginner
3404,46,beginner
3404,1,beginner
3404,9,intermediate
3405,84,none
3405,86,beginner
3405,85,beginner
3405,83,beginner
3405,67,beginner
3405,66,intermediate
3405,69,beginner
3406,54,beginner
3406,56,beginner
3406,48,intermediate
3406,53,none
3406,8,beginner
3406,5,intermediate
3406,1,none
3406,4,intermediate
3407,33,none
3407,35,intermediate
3407,25,beginner
3407,24,intermediate
3407,26,beginner
3408,38,beginner
3408,47,beginner
3408,33,beginner
3408,35,intermediate
3409,32,beginner
3409,29,intermediate
3409,1,intermediate
3409,8,advanced
3409,3,advanced
3409,4,advanced
3409,6,beginner
3410,59,beginner
3410,57,beginner
3410,60,beginner
3410,64,intermediate
3410,85,beginner
3410,84,beginner
3410,86,beginner
3410,83,intermediate
3410,88,intermediate
3411,85,none
3411,88,beginner
3411,96,beginner
3411,99,beginner
3412,76,beginner
3412,79,beginner
3412,60,advanced
3412,59,none
3412,57,intermediate
3412,63,none
3413,73,beginner
3413,72,none
3413,71,beginner
3413,80,beginner
3413,76,beginner
3413,78,beginner
3413,77,none
3414,11,beginner
3414,20,beginner
3414,13,beginner
3414,18,beginner
3414,49,beginner
3414,48,beginner
3414,56,beginner
3414,50,beginner
3415,1,beginner
3415,3,beginner
3415,6,beginner
3415,33,none
3415,31,beginner
3415,30,beginner
3415,24,intermediate
3415,25,intermediate
3415,23,none
3415,28,beginner
3415,26,beginner
3416,84,intermediate
3416,85,beginner
3416,86,beginner
3416,81,beginner
3416,83,beginner
3416,65,none
3416,66,beginner
3416,67,beginner
3416,68,beginner
3417,65,intermediate
3417,67,intermediate
3417,66,beginner
3417,68,beginner
3417,97,intermediate
3417,103,intermediate
3417,96,intermediate
3417,101,beginner
3417,95,beginner
3417,89,none
3417,90,beginner
3418,94,intermediate
3418,89,intermediate
3418,90,none
3418,67,beginner
3418,66,beginner
3418,68,beginner
3419,13,beginner
3419,17,intermediate
3419,32,none
3419,33,beginner
3419,31,beginner
3419,30,intermediate
3420,121,beginner
3420,123,intermediate
3420,122,none
3420,120,beginner
3420,126,intermediate
3420,127,beginner
3420,125,intermediate
3420,124,beginner
3421,14,beginner
3421,21,beginner
3421,32,beginner
3421,33,intermediate
3421,34,intermediate
3422,65,intermediate
3422,67,beginner
3422,66,beginner
3422,68,intermediate
3422,94,beginner
3422,95,beginner
3422,89,beginner
3422,91,beginner
3422,90,none
3423,8,intermediate
3423,3,beginner
3423,5,intermediate
3423,6,beginner
3423,2,intermediate
3423,25,beginner
3423,24,intermediate
3423,23,none
3423,22,beginner
3423,48,intermediate
3423,56,intermediate
3423,54,beginner
3423,52,beginner
3423,55,none
3424,85,beginner
3424,84,intermediate
3424,88,none
3424,95,beginner
3424,89,beginner
3424,92,beginner
3424,65,beginner
3424,66,beginner
3424,67,beginner
3424,70,beginner
3425,54,beginner
3425,52,intermediate
3425,33,none
3425,32,beginner
3425,31,beginner
3425,35,intermediate
3426,121,intermediate
3426,123,intermediate
3426,122,intermediate
3426,117,beginner
3426,118,intermediate
3427,10,beginner
3427,17,beginner
3427,48,none
3427,51,beginner
3428,86,beginner
3428,87,beginner
3428,97,beginner
3428,96,beginner
3428,98,intermediate
3429,5,none
3429,8,beginner
3429,3,intermediate
3429,4,intermediate
3429,11,beginner
3429,17,beginner
3430,72,intermediate
3430,73,none
3430,75,beginner
3430,71,beginner
3430,96,beginner
3430,103,beginner
3430,97,beginner
3430,99,beginner
3430,80,beginner
3430,76,intermediate
3430,79,beginner
3431,49,none
3431,51,beginner
3431,37,beginner
3431,38,beginner
3431,40,beginner
3432,24,beginner
3432,26,intermediate
3432,31,intermediate
3432,32,beginner
3432,33,intermediate
3432,34,beginner
3432,35,beginner
3432,5,beginner
3432,8,beginner
3432,3,beginner
3432,7,none
3432,2,beginner
3433,121,beginner
3433,120,intermediate
3433,104,beginner
3433,109,beginner
3433,106,advanced
3433,108,none
3434,10,beginner
3434,13,intermediate
3434,21,beginner
3434,49,beginner
3434,54,beginner
3434,48,intermediate
3434,55,beginner
3435,49,advanced
3435,48,intermediate
3435,53,beginner
3435,32,beginner
3435,31,intermediate
3435,34,beginner
3435,13,intermediate
3435,14,beginner
3435,10,intermediate
3435,18,beginner
3436,123,none
3436,122,beginner
3436,117,beginner
3436,116,intermediate
3436,118,none
3436,119,beginner
3437,116,none
3437,117,intermediate
3437,118,beginner
3437,119,beginner
3437,104,beginner
3437,106,intermediate
3437,109,beginner
3437,105,intermediate
3437,107,beginner
3438,126,beginner
3438,127,beginner
3438,124,beginner
3438,111,none
3438,114,beginner
3438,115,beginner
3439,20,beginner
3439,11,beginner
3439,14,beginner
3439,15,beginner
3439,32,beginner
3439,29,beginner
3440,60,intermediate
3440,59,beginner
3440,57,intermediate
3440,61,intermediate
3440,85,beginner
3440,83,beginner
3441,123,beginner
3441,122,beginner
3441,114,beginner
3441,110,beginner
3441,115,beginner
3441,126,beginner
3441,127,beginner
3441,124,none
3441,125,beginner
3442,38,none
3442,44,intermediate
3442,36,intermediate
3442,41,beginner
3442,46,beginner
3442,49,intermediate
3442,48,beginner
3442,52,beginner
3443,116,advanced
3443,119,intermediate
3443,111,beginner
3443,114,beginner
3443,113,beginner
3444,14,beginner
3444,20,beginner
3444,10,intermediate
3444,19,intermediate
3444,37,beginner
3444,44,beginner
3444,36,beginner
3444,41,beginner
3445,141,beginner
3445,142,intermediate
3445,144,beginner
3445,143,intermediate
3445,146,advanced
3445,149,beginner
3445,147,beginner
3445,148,beginner
3446,103,beginner
3446,102,none
3446,89,intermediate
3446,95,none
3446,94,beginner
3446,92,beginner
3446,93,beginner
3447,65,none
3447,68,beginner
3447,89,advanced
3447,94,intermediate
3447,95,intermediate
3447,91,beginner
3447,72,beginner
3447,73,beginner
3447,71,beginner
3448,72,beginner
3448,71,beginner
3448,96,beginner
3448,100,beginner
3449,37,none
3449,38,beginner
3449,36,beginner
3449,45,intermediate
3449,8,intermediate
3449,4,beginner
3450,1,beginner
3450,8,beginner
3450,6,intermediate
3450,33,beginner
3450,32,intermediate
3450,34,intermediate
3450,56,beginner
3450,49,beginner
3450,51,intermediate
3451,104,beginner
3451,109,advanced
3451,106,beginner
3451,107,none
3451,126,none
3451,127,beginner
3451,124,beginner
3451,125,beginner
3452,67,advanced
3452,65,intermediate
3452,66,beginner
3452,70,beginner
3452,86,beginner
3452,84,beginner
3452,85,beginner
3452,81,beginner
3453,85,none
3453,86,beginner
3453,82,beginner
3453,73,intermediate
3453,72,intermediate
3453,74,intermediate
3454,24,beginner
3454,25,intermediate
3454,27,none
3454,54,beginner
3454,49,beginner
3454,53,beginner
3455,76,beginner
3455,80,beginner
3455,78,beginner
3455,77,intermediate
3455,59,advanced
3455,63,intermediate
3455,66,beginner
3455,65,beginner
3455,67,beginner
3455,69,beginner
3455,70,beginner
3456,5,none
3456,2,beginner
3456,48,beginner
3456,54,intermediate
3456,49,beginner
3456,53,none
3457,5,beginner
3457,1,beginner
3457,6,beginner
3457,24,beginner
3457,25,intermediate
3457,23,intermediate
3457,28,intermediate
3458,135,none
3458,138,beginner
3458,140,intermediate
3458,151,beginner
3458,154,beginner
3458,150,beginner
3459,95,beginner
3459,92,beginner
3459,59,beginner
3459,57,beginner
3459,61,beginner
3460,73,beginner
3460,72,beginner
3460,74,beginner
3460,71,beginner
3460,75,beginner
3460,86,beginner
3460,84,beginner
3460,85,beginner
3460,83,beginner
3460,88,beginner
3461,131,beginner
3461,128,intermediate
3461,133,none
3461,141,beginner
3461,142,beginner
3461,145,none
3461,144,beginner
3461,143,beginner
3462,48,beginner
3462,50,beginner
3462,44,intermediate
3462,42,intermediate
3462,40,intermediate
3462,13,beginner
3462,11,intermediate
3462,14,intermediate
3462,21,beginner
3462,15,intermediate
3463,154,beginner
3463,151,beginner
3463,153,intermediate
3463,150,beginner
3463,134,beginner
3463,128,beginner
3463,131,beginner
3463,132,none
3464,59,beginner
3464,61,beginner
3464,80,beginner
3464,76,beginner
3464,78,beginner
3464,94,beginner
3464,89,intermediate
3464,95,intermediate
3464,90,none
3464,91,beginner
3465,85,intermediate
3465,84,intermediate
3465,86,intermediate
3465,81,intermediate
3465,82,beginner
3465,97,beginner
3465,96,none
3465,103,beginner
3465,98,beginner
3466,32,intermediate
3466,33,beginner
3466,31,beginner
3466,29,beginner
3466,8,beginner
3466,3,beginner
3466,2,beginner
3467,33,none
3467,34,beginner
3467,49,beginner
3467,53,beginner
3467,13,beginner
3467,14,beginner
3467,20,intermediate
3467,15,beginner
3468,31,beginner
3468,32,beginner
3468,33,intermediate
3468,34,intermediate
3468,29,beginner
3468,48,intermediate
3468,54,none
3468,49,beginner
3468,53,beginner
3469,1,beginner
3469,5,intermediate
3469,8,none
3469,2,beginner
3469,49,beginner
3469,54,beginner
3469,48,beginner
3469,53,beginner
3470,38,none
3470,37,intermediate
3470,39,intermediate
3470,32,beginner
3470,33,beginner
3470,35,advanced
3470,10,none
3470,11,intermediate
3470,13,intermediate
3470,21,intermediate
3471,59,beginner
3471,57,beginner
3471,60,intermediate
3471,63,none
3471,62,beginner
3471,85,beginner
3471,81,beginner
3472,104,beginner
3472,106,beginner
3472,109,none
3472,105,beginner
3472,108,beginner
3472,110,beginner
3472,114,beginner
3472,115,intermediate
3473,37,beginner
3473,42,none
3473,38,intermediate
3473,39,beginner
3473,43,none
3473,32,none
3473,33,beginner
3473,31,none
3473,30,beginner
3473,35,beginner
3474,117,advanced
3474,119,intermediate
3474,127,intermediate
3474,126,none
3474,125,beginner
3474,124,beginner
3475,138,intermediate
3475,136,beginner
3475,135,beginner
3475,139,beginner
3475,149,beginner
3475,147,beginner
3476,126,beginner
3476,127,beginner
3476,125,beginner
3476,124,beginner
3476,117,intermediate
3476,116,beginner
3476,118,advanced
3477,111,beginner
3477,110,none
3477,113,intermediate
3477,104,beginner
3477,109,beginner
3477,108,none
3478,117,beginner
3478,116,beginner
3478,119,beginner
3478,126,beginner
3478,127,intermediate
3478,124,beginner
3479,24,beginner
3479,23,none
3479,25,intermediate
3479,27,beginner
3479,5,intermediate
3479,9,beginner
3479,37,beginner
3479,42,beginner
3479,41,intermediate
3480,31,none
3480,33,none
3480,35,beginner
3480,56,none
3480,49,beginner
3480,50,beginner
3481,151,intermediate
3481,154,beginner
3481,153,intermediate
3481,150,beginner
3481,134,intermediate
3481,132,none
3481,141,intermediate
3481,145,beginner
3482,80,intermediate
3482,77,intermediate
3482,103,beginner
3482,96,intermediate
3482,97,beginner
3482,102,none
3482,99,intermediate
3483,121,beginner
3483,123,beginner
3483,122,beginner
3483,106,beginner
3483,104,intermediate
3483,108,beginner
3484,128,beginner
3484,133,beginner
3484,141,intermediate
3484,142,none
3484,144,none
3485,48,intermediate
3485,56,beginner
3485,52,beginner
3485,33,beginner
3485,32,beginner
3485,31,beginner
3485,30,beginner
3486,38,intermediate
3486,42,none
3486,44,intermediate
3486,45,beginner
3486,8,beginner
3486,5,beginner
3486,9,beginner
3487,94,none
3487,95,none
3487,91,intermediate
3487,65,beginner
3487,67,intermediate
3487,70,beginner
3488,14,beginner
3488,11,beginner
3488,10,beginner
3488,18,intermediate
3488,54,beginner
3488,49,beginner
3488,48,beginner
3488,53,beginner
3488,23,intermediate
3488,24,beginner
3488,25,none
3488,22,beginner
3489,66,beginner
3489,65,none
3489,68,none
3489,95,intermediate
3489,90,beginner
3490,106,intermediate
3490,107,none
3490,110,beginner
3490,114,beginner
3490,111,beginner
3490,113,beginner
3490,115,beginner
3491,84,beginner
3491,86,intermediate
3491,81,beginner
3491,66,none
3491,67,beginner
3491,65,beginner
3491,68,beginner
3491,70,beginner
3492,1,intermediate
3492,3,intermediate
3492,4,beginner
3492,14,beginner
3492,13,intermediate
3492,11,beginner
3492,15,beginner
3493,116,none
3493,119,beginner
3493,123,intermediate
3493,121,intermediate
3493,122,intermediate
3494,56,beginner
3494,48,beginner
3494,50,beginner
3494,23,beginner
3494,25,intermediate
3494,22,beginner
3495,111,beginner
3495,110,intermediate
3495,113,none
3495,106,beginner
3495,109,none
3495,107,beginner
3496,38,beginner
3496,36,intermediate
3496,42,beginner
3496,41,intermediate
3496,40,intermediate
3496,32,beginner
3496,33,none
3496,29,beginner
3497,123,beginner
3497,121,beginner
3497,122,none
3497,110,beginner
3497,115,beginner
3498,95,intermediate
3498,94,beginner
3498,89,intermediate
3498,91,beginner
3498,76,intermediate
3498,80,intermediate
3498,79,beginner
3498,66,beginner
3498,67,beginner
3498,65,beginner
3498,68,intermediate
3499,3,intermediate
3499,8,beginner
3499,4,none
3499,13,beginner
3499,14,beginner
3499,12,beginner
3500,59,beginner
3500,57,none
3500,62,beginner
3500,86,beginner
3500,84,beginner
3500,85,beginner
3500,87,intermediate
3500,76,intermediate
3500,79,beginner
3501,33,beginner
3501,31,none
3501,32,beginner
3501,35,beginner
3501,48,intermediate
3501,54,none
3501,56,beginner
3501,50,none
3501,51,beginner
3502,89,beginner
3502,94,beginner
3502,95,beginner
3502,93,intermediate
3502,86,intermediate
3502,82,beginner
3503,126,advanced
3503,127,beginner
3503,124,beginner
3503,125,beginner
3503,123,beginner
3503,121,beginner
3503,122,beginner
3503,109,beginner
3503,106,advanced
3503,107,beginner
3504,104,intermediate
3504,109,none
3504,108,intermediate
3504,123,intermediate
3504,121,advanced
3504,120,beginner
3504,122,beginner
3505,25,beginner
3505,27,intermediate
3505,36,beginner
3505,42,intermediate
3505,39,beginner
3506,95,beginner
3506,89,beginner
3506,91,beginner
3506,72,beginner
3506,73,beginner
3506,71,intermediate
3506,74,beginner
3506,75,beginner
3507,127,beginner
3507,126,advanced
3507,125,beginner
3507,124,beginner
3507,111,beginner
3507,114,beginner
3507,115,beginner
3507,117,advanced
3507,118,beginner
3508,109,beginner
3508,104,beginner
3508,106,beginner
3508,108,intermediate
3508,127,intermediate
3508,126,beginner
3508,124,intermediate
3508,111,none
3508,110,beginner
3508,114,beginner
3508,112,intermediate
3508,115,intermediate
3509,5,none
3509,2,beginner
3509,31,beginner
3509,32,intermediate
3509,33,intermediate
3509,29,beginner
3510,33,beginner
3510,32,advanced
3510,34,intermediate
3510,8,intermediate
3510,1,intermediate
3510,5,intermediate
3510,9,none
3511,151,none
3511,154,beginner
3511,152,beginner
3511,131,intermediate
3511,128,beginner
3511,129,beginner
3512,8,intermediate
3512,1,intermediate
3512,3,intermediate
3512,6,beginner
3512,24,advanced
3512,22,beginner
3512,37,intermediate
3512,38,none
3512,36,beginner
3512,45,beginner
3512,40,beginner
3513,42,intermediate
3513,38,intermediate
3513,44,none
3513,47,intermediate
3513,13,beginner
3513,12,intermediate
3514,104,none
3514,106,beginner
3514,105,none
3514,117,none
3514,116,intermediate
3514,119,beginner
3515,3,intermediate
3515,1,beginner
3515,7,beginner
3515,13,beginner
3515,10,none
3515,12,intermediate
3516,126,beginner
3516,125,beginner
3516,123,beginner
3516,121,intermediate
3516,122,beginner
3516,120,beginner
3517,20,beginner
3517,11,none
3517,13,beginner
3517,19,beginner
3517,8,none
3517,5,beginner
3517,9,none
3518,123,beginner
3518,121,beginner
3518,120,beginner
3518,122,beginner
3518,127,none
3518,126,beginner
3518,124,beginner
3518,125,none
3519,128,intermediate
3519,134,beginner
3519,129,intermediate
3519,142,beginner
3519,141,intermediate
3519,143,intermediate
3520,138,beginner
3520,137,beginner
3520,149,none
3520,146,beginner
3520,147,beginner
3520,148,beginner
3521,149,intermediate
3521,146,beginner
3521,148,advanced
3521,151,intermediate
3521,154,beginner
3521,152,intermediate
3522,126,beginner
3522,127,beginner
3522,124,beginner
3522,110,none
3522,111,beginner
3522,114,intermediate
3522,112,advanced
3522,115,beginner
3523,23,beginner
3523,24,none
3523,27,intermediate
3523,8,none
3523,5,beginner
3523,3,beginner
3523,4,beginner
3524,154,beginner
3524,151,none
3524,153,beginner
3524,152,beginner
3524,136,beginner
3524,135,beginner
3524,140,intermediate
3525,151,beginner
3525,150,beginner
3525,149,beginner
3525,146,beginner
3525,147,beginner
3526,65,beginner
3526,69,advanced
3526,89,intermediate
3526,91,beginner
3526,85,advanced
3526,83,beginner
3527,49,none
3527,56,none
3527,54,intermediate
3527,50,beginner
3527,3,beginner
3527,5,intermediate
3527,7,beginner
3527,13,beginner
3527,10,beginner
3527,14,intermediate
3527,19,beginner
3527,16,beginner
3528,23,beginner
3528,24,advanced
3528,28,beginner
3528,1,beginner
3528,3,intermediate
3528,7,intermediate
3529,95,none
3529,94,beginner
3529,91,beginner
3529,80,advanced
3529,76,none
3529,79,intermediate
3529,77,none
3530,104,intermediate
3530,106,intermediate
3530,109,beginner
3530,105,beginner
3530,110,beginner
3530,114,beginner
3530,111,none
3530,113,none
3531,33,intermediate
3531,29,intermediate
3531,8,beginner
3531,2,intermediate
3532,56,intermediate
3532,53,none
3532,23,beginner
3532,24,intermediate
3532,25,none
3532,26,beginner
3532,27,intermediate
3533,80,beginner
3533,76,beginner
3533,77,beginner
3533,86,beginner
3533,83,beginner
3534,36,intermediate
3534,44,beginner
3534,37,intermediate
3534,41,beginner
3534,40,beginner
3534,54,beginner
3534,48,none
3534,55,beginner
3535,146,beginner
3535,149,beginner
3535,148,beginner
3535,147,beginner
3535,142,beginner
3535,141,none
3535,144,beginner
3536,14,beginner
3536,15,beginner
3536,23,beginner
3536,25,beginner
3536,24,beginner
3536,27,beginner
3536,3,beginner
3536,8,none
3536,1,beginner
3536,4,intermediate
3537,36,intermediate
3537,43,beginner
3537,24,beginner
3537,23,beginner
3537,25,beginner
3537,28,beginner
3537,49,intermediate
3537,54,beginner
3537,48,intermediate
3537,55,none
3538,36,intermediate
3538,41,beginner
3538,5,intermediate
3538,1,beginner
3538,8,beginner
3538,9,none
3539,126,beginner
3539,127,beginner
3539,124,none
3539,110,intermediate
3539,114,beginner
3539,111,beginner
3539,115,beginner
3540,109,intermediate
3540,106,beginner
3540,104,beginner
3540,107,beginner
3540,114,none
3540,110,beginner
3540,115,beginner
3541,32,beginner
3541,31,beginner
3541,35,beginner
3541,25,beginner
3541,23,none
3541,24,beginner
3541,22,none
3541,27,beginner
3542,25,none
3542,24,intermediate
3542,23,none
3542,27,beginner
3542,32,beginner
3542,31,intermediate
3542,33,none
3542,35,beginner
3543,25,none
3543,24,intermediate
3543,23,advanced
3543,27,none
3543,56,advanced
3543,48,intermediate
3543,51,beginner
3544,1,intermediate
3544,3,beginner
3544,5,intermediate
3544,7,beginner
3544,4,none
3544,32,beginner
3544,33,intermediate
3544,31,beginner
3544,29,beginner
3544,30,none
3544,24,intermediate
3544,23,beginner
3544,25,beginner
3544,27,beginner
3544,28,none
3545,123,beginner
3545,121,beginner
3545,120,beginner
3545,126,beginner
3545,127,beginner
3545,124,intermediate
3545,125,beginner
3546,23,advanced
3546,25,intermediate
3546,22,intermediate
3546,54,intermediate
3546,49,beginner
3546,55,beginner
3546,10,beginner
3546,14,beginner
3546,12,intermediate
3547,85,beginner
3547,84,beginner
3547,86,none
3547,81,beginner
3547,89,intermediate
3547,93,intermediate
3548,33,beginner
3548,29,beginner
3548,3,beginner
3548,5,beginner
3548,7,intermediate
3548,14,intermediate
3548,20,intermediate
3548,11,beginner
3548,19,beginner
3548,16,beginner
3549,89,intermediate
3549,94,advanced
3549,90,intermediate
3549,80,beginner
3549,76,beginner
3549,78,beginner
3549,77,intermediate
3549,79,beginner
3550,1,beginner
3550,5,beginner
3550,7,beginner
3550,31,beginner
3550,30,beginner
3551,48,beginner
3551,56,beginner
3551,49,intermediate
3551,52,beginner
3551,53,beginner
3551,31,beginner
3551,32,none
3551,35,none
3552,25,beginner
3552,27,beginner
3552,14,beginner
3552,10,beginner
3552,16,none
3553,54,beginner
3553,48,beginner
3553,56,beginner
3553,53,beginner
3553,51,intermediate
3553,3,intermediate
3553,8,intermediate
3553,5,beginner
3553,4,advanced
3554,49,beginner
3554,56,beginner
3554,54,none
3554,53,beginner
3554,24,beginner
3554,25,beginner
3554,22,beginner
3555,151,beginner
3555,154,intermediate
3555,153,none
3555,152,beginner
3555,128,beginner
3555,131,beginner
3555,133,intermediate
3556,36,beginner
3556,45,intermediate
3556,54,beginner
3556,48,beginner
3556,50,intermediate
3557,33,beginner
3557,34,beginner
3557,23,beginner
3557,24,beginner
3557,28,beginner
3557,8,intermediate
3557,5,none
3557,4,beginner
3558,20,none
3558,14,beginner
3558,19,beginner
3558,25,beginner
3558,24,beginner
3558,23,intermediate
3558,28,beginner
3558,42,beginner
3558,38,intermediate
3558,36,beginner
3558,46,none
3559,104,beginner
3559,106,beginner
3559,107,beginner
3559,127,intermediate
3559,124,beginner
3559,123,beginner
3559,121,beginner
3559,120,beginner
3559,122,beginner
3560,149,intermediate
3560,146,intermediate
3560,147,beginner
3560,138,beginner
3560,136,intermediate
3560,139,none
3561,110,beginner
3561,113,beginner
3561,104,beginner
3561,108,beginner
3561,116,beginner
3561,117,intermediate
3561,119,none
3561,118,beginner
3562,66,intermediate
3562,68,intermediate
3562,85,beginner
3562,86,beginner
3562,84,beginner
3562,88,beginner
3562,87,intermediate
3562,97,beginner
3562,96,intermediate
3562,98,beginner
3563,123,beginner
3563,121,intermediate
3563,120,beginner
3563,110,intermediate
3563,111,intermediate
3563,112,none
3564,36,beginner
3564,38,beginner
3564,46,beginner
3564,11,beginner
3564,14,beginner
3564,10,beginner
3564,12,beginner
3565,106,intermediate
3565,104,none
3565,105,beginner
3565,116,advanced
3565,119,beginner
3565,123,intermediate
3565,120,beginner
3566,127,beginner
3566,126,beginner
3566,125,intermediate
3566,104,beginner
3566,109,beginner
3566,105,beginner
3567,23,beginner
3567,24,beginner
3567,28,beginner
3567,1,beginner
3567,8,beginner
3567,3,beginner
3567,4,beginner
3567,6,beginner
3567,36,beginner
3567,38,none
3567,44,none
3567,43,beginner
3568,76,intermediate
3568,80,intermediate
3568,79,intermediate
3568,84,beginner
3568,81,beginner
3569,3,intermediate
3569,1,beginner
3569,5,beginner
3569,2,beginner
3569,44,beginner
3569,36,beginner
3569,41,none
3570,5,beginner
3570,8,none
3570,6,none
3570,56,beginner
3570,51,beginner
3571,116,beginner
3571,119,beginner
3571,126,beginner
3571,124,beginner
3572,8,beginner
3572,5,beginner
3572,1,beginner
3572,6,beginner
3572,54,beginner
3572,48,beginner
3572,50,beginner
3572,13,beginner
3572,21,beginner
3573,114,beginner
3573,113,beginner
3573,106,intermediate
3573,104,advanced
3573,105,advanced
3574,142,intermediate
3574,141,intermediate
3574,145,advanced
3574,143,beginner
3574,144,none
3574,149,beginner
3574,146,beginner
3574,147,beginner
3575,84,none
3575,81,beginner
3575,67,intermediate
3575,65,intermediate
3575,68,advanced
3575,59,beginner
3575,64,beginner
3576,48,intermediate
3576,50,beginner
3576,38,beginner
3576,43,intermediate
3576,13,beginner
3576,11,beginner
3576,19,none
3577,94,none
3577,95,none
3577,89,none
3577,91,beginner
3577,90,intermediate
3577,72,beginner
3577,73,beginner
3577,71,intermediate
3578,109,beginner
3578,108,beginner
3578,117,none
3578,116,intermediate
3578,118,intermediate
3579,56,none
3579,55,beginner
3579,3,beginner
3579,8,intermediate
3579,5,beginner
3579,2,beginner
3580,1,intermediate
3580,5,beginner
3580,8,beginner
3580,2,intermediate
3580,4,beginner
3580,10,intermediate
3580,14,intermediate
3580,12,beginner
3581,66,beginner
3581,65,intermediate
3581,68,none
3581,97,beginner
3581,103,intermediate
3581,96,beginner
3581,100,intermediate
3582,154,intermediate
3582,151,intermediate
3582,152,none
3582,146,advanced
3582,149,intermediate
3582,148,beginner
3582,131,intermediate
3582,128,intermediate
3582,134,intermediate
3582,132,intermediate
3582,130,advanced
3583,1,beginner
3583,8,intermediate
3583,3,none
3583,6,advanced
3583,32,none
3583,35,beginner
3584,32,beginner
3584,31,none
3584,35,intermediate
3584,54,beginner
3584,48,none
3584,51,beginner
3585,149,beginner
3585,146,beginner
3585,148,none
3585,147,beginner
3585,154,beginner
3585,151,beginner
3585,152,intermediate
3585,153,beginner
3586,31,beginner
3586,33,beginner
3586,29,beginner
3586,14,beginner
3586,11,beginner
3586,10,beginner
3586,16,beginner
3586,17,beginner
3586,42,beginner
3586,37,intermediate
3586,36,beginner
3586,47,beginner
3587,8,beginner
3587,4,beginner
3587,31,intermediate
3587,33,beginner
3587,30,beginner
3588,66,beginner
3588,67,beginner
3588,65,intermediate
3588,68,intermediate
3588,69,intermediate
3588,96,beginner
3588,97,beginner
3588,103,beginner
3588,101,beginner
3589,1,intermediate
3589,3,none
3589,8,beginner
3589,2,intermediate
3589,37,beginner
3589,44,beginner
3589,42,beginner
3589,47,intermediate
3589,24,beginner
3589,23,beginner
3589,25,beginner
3589,22,beginner
3590,32,beginner
3590,35,none
3590,56,beginner
3590,48,beginner
3590,54,intermediate
3590,53,beginner
3591,85,beginner
3591,86,intermediate
3591,82,beginner
3591,80,intermediate
3591,76,advanced
3591,78,beginner
3592,66,beginner
3592,65,intermediate
3592,69,intermediate
3592,86,beginner
3592,83,beginner
3593,95,intermediate
3593,94,beginner
3593,92,none
3593,59,none
3593,60,intermediate
3593,57,beginner
3593,58,none
3594,31,beginner
3594,30,beginner
3594,20,beginner
3594,16,none
3595,85,intermediate
3595,84,intermediate
3595,86,beginner
3595,88,beginner
3595,82,none
3595,72,intermediate
3595,73,beginner
3595,75,beginner
3595,96,beginner
3595,97,beginner
3595,103,beginner
3595,102,advanced
3596,67,beginner
3596,65,none
3596,66,intermediate
3596,70,intermediate
3596,76,beginner
3596,80,beginner
3596,78,beginner
3596,79,beginner
3597,117,intermediate
3597,116,beginner
3597,118,beginner
3597,119,beginner
3597,126,intermediate
3597,127,intermediate
3597,124,beginner
3597,125,none
3598,121,beginner
3598,123,beginner
3598,122,intermediate
3598,120,beginner
3598,127,beginner
3598,126,beginner
3598,125,beginner
3598,124,beginner
3599,57,beginner
3599,59,beginner
3599,61,beginner
3599,76,none
3599,80,none
3599,78,beginner
3599,95,beginner
3599,94,intermediate
3599,89,none
3599,90,beginner
3599,92,beginner
3600,109,intermediate
3600,104,beginner
3600,107,advanced
3600,116,beginner
3600,117,none
3600,118,none
3600,121,beginner
3600,123,beginner
3600,122,intermediate
3601,126,beginner
3601,125,intermediate
3601,110,intermediate
3601,113,intermediate
3602,3,none
3602,1,intermediate
3602,8,beginner
3602,9,beginner
3602,49,none
3602,48,beginner
3602,55,beginner
3603,149,beginner
3603,147,beginner
3603,142,beginner
3603,141,beginner
3603,143,beginner
3603,145,intermediate
3604,104,intermediate
3604,109,beginner
3604,106,none
3604,107,beginner
3604,127,beginner
3604,126,intermediate
3604,124,none
3604,125,beginner
3605,25,beginner
3605,23,beginner
3605,28,beginner
3605,13,intermediate
3605,11,beginner
3605,16,beginner
3605,49,beginner
3605,52,beginner
3606,38,intermediate
3606,37,beginner
3606,42,beginner
3606,39,beginner
3606,45,beginner
3606,5,intermediate
3606,8,beginner
3606,3,beginner
3606,6,beginner
3607,96,intermediate
3607,97,beginner
3607,103,beginner
3607,102,beginner
3607,99,beginner
3607,59,none
3607,61,intermediate
3608,14,none
3608,20,intermediate
3608,21,intermediate
3608,44,intermediate
3608,38,beginner
3608,37,beginner
3608,39,beginner
3609,104,beginner
3609,106,beginner
3609,105,beginner
3609,126,beginner
3609,124,beginner
3610,60,beginner
3610,59,beginner
3610,57,beginner
3610,61,beginner
3610,76,none
3610,80,intermediate
3610,78,beginner
3611,31,beginner
3611,32,none
3611,34,beginner
3611,44,beginner
3611,37,none
3611,42,beginner
3611,41,none
3612,1,beginner
3612,3,beginner
3612,5,intermediate
3612,6,beginner
3612,9,beginner
3612,32,beginner
3612,31,beginner
3612,35,beginner
3613,111,beginner
3613,115,beginner
3613,127,beginner
3613,126,none
3613,124,beginner
3614,8,beginner
3614,1,beginner
3614,2,beginner
3614,37,beginner
3614,44,intermediate
3614,38,intermediate
3614,39,beginner
3615,123,beginner
3615,121,none
3615,122,beginner
3615,120,beginner
3615,104,intermediate
3615,109,beginner
3615,105,beginner
3615,110,beginner
3615,111,intermediate
3615,114,beginner
3615,113,beginner
3616,49,intermediate
3616,54,advanced
3616,48,beginner
3616,51,intermediate
3616,55,beginner
3616,5,beginner
3616,1,beginner
3616,7,beginner
3617,89,intermediate
3617,94,beginner
3617,95,intermediate
3617,92,beginner
3617,73,beginner
3617,72,beginner
3617,74,beginner
3618,89,beginner
3618,94,beginner
3618,95,beginner
3618,91,none
3618,92,beginner
3618,57,beginner
3618,61,intermediate
3619,24,intermediate
3619,23,beginner
3619,26,beginner
3619,31,intermediate
3619,33,none
3619,35,beginner
3620,85,beginner
3620,84,beginner
3620,81,none
3620,72,beginner
3620,73,intermediate
3620,75,beginner
3620,74,beginner
3620,71,intermediate
3621,96,beginner
3621,103,beginner
3621,98,none
3621,86,advanced
3621,84,intermediate
3621,82,beginner
3622,48,beginner
3622,56,beginner
3622,49,intermediate
3622,51,beginner
3622,50,none
3622,38,intermediate
3622,37,intermediate
3622,44,beginner
3622,46,beginner
3623,32,intermediate
3623,31,none
3623,33,beginner
3623,34,beginner
3623,24,none
3623,25,beginner
3623,27,none
3624,121,beginner
3624,123,intermediate
3624,120,intermediate
3624,122,intermediate
3624,116,none
3624,117,none
3624,118,beginner
3624,119,beginner
3625,123,intermediate
3625,121,none
3625,120,beginner
3625,127,none
3625,126,none
3625,125,intermediate
3625,124,intermediate
3625,114,advanced
3625,110,beginner
3625,112,intermediate
3626,89,beginner
3626,95,intermediate
3626,94,beginner
3626,93,beginner
3626,60,intermediate
3626,57,beginner
3626,63,beginner
3627,121,intermediate
3627,123,beginner
3627,120,beginner
3627,122,beginner
3627,109,intermediate
3627,106,beginner
3627,108,beginner
3628,31,beginner
3628,32,intermediate
3628,33,beginner
3628,30,beginner
3628,1,intermediate
3628,3,beginner
3628,8,beginner
3628,6,beginner
3628,7,none
3629,25,none
3629,27,beginner
3629,42,beginner
3629,37,none
3629,36,beginner
3629,47,beginner
3629,43,beginner
3629,14,beginner
3629,10,beginner
3629,13,intermediate
3629,12,beginner
3630,96,beginner
3630,97,beginner
3630,103,none
3630,101,beginner
3630,84,intermediate
3630,81,intermediate
3631,96,beginner
3631,103,beginner
3631,100,beginner
3631,80,beginner
3631,76,beginner
3631,79,beginner
3631,78,none
3632,121,none
3632,120,beginner
3632,126,none
3632,124,none
3633,37,none
3633,42,beginner
3633,44,intermediate
3633,43,beginner
3633,47,intermediate
3633,25,beginner
3633,23,none
3633,28,none
3633,1,none
3633,5,intermediate
3633,8,beginner
3633,2,beginner
3634,89,beginner
3634,93,none
3634,103,none
3634,96,beginner
3634,97,none
3634,99,intermediate
3635,76,beginner
3635,80,beginner
3635,77,beginner
3635,65,none
3635,68,intermediate
3636,36,none
3636,37,beginner
3636,45,beginner
3636,49,beginner
3636,54,beginner
3636,48,none
3636,51,beginner
3637,96,beginner
3637,102,none
3637,80,none
3637,76,beginner
3637,79,beginner
3637,60,intermediate
3637,59,none
3637,58,intermediate
3638,86,beginner
3638,88,beginner
3638,76,advanced
3638,80,beginner
3638,79,beginner
3638,77,beginner
3638,78,beginner
3638,66,beginner
3638,67,none
3638,65,beginner
3638,70,beginner
3639,3,beginner
3639,8,none
3639,7,beginner
3639,33,beginner
3639,34,beginner
3640,1,intermediate
3640,8,beginner
3640,7,beginner
3640,36,beginner
3640,38,beginner
3640,44,beginner
3640,41,beginner
3641,8,intermediate
3641,1,beginner
3641,9,intermediate
3641,56,none
3641,54,beginner
3641,51,beginner
3642,149,beginner
3642,148,none
3642,131,beginner
3642,128,none
3642,130,intermediate
3643,24,intermediate
3643,26,none
3643,49,beginner
3643,48,intermediate
3643,54,beginner
3643,53,none
3643,50,intermediate
3644,5,intermediate
3644,8,beginner
3644,6,beginner
3644,56,beginner
3644,54,beginner
3644,51,beginner
3645,10,beginner
3645,14,intermediate
3645,11,beginner
3645,19,beginner
3645,38,intermediate
3645,37,intermediate
3645,40,beginner
3646,38,beginner
3646,36,intermediate
3646,44,beginner
3646,40,beginner
3646,23,beginner
3646,24,beginner
3646,28,beginner
3647,8,intermediate
3647,5,beginner
3647,3,beginner
3647,6,none
3647,38,beginner
3647,36,beginner
3647,40,intermediate
3648,95,advanced
3648,89,none
3648,94,beginner
3648,93,none
3648,60,none
3648,57,intermediate
3648,62,beginner
3649,3,beginner
3649,6,beginner
3649,23,none
3649,24,advanced
3649,26,none
3649,33,beginner
3649,31,beginner
3649,29,none
3650,25,beginner
3650,24,beginner
3650,28,beginner
3650,32,beginner
3650,33,beginner
3650,29,beginner
3651,36,intermediate
3651,38,beginner
3651,46,beginner
3651,23,beginner
3651,24,beginner
3651,25,none
3651,28,beginner
3651,27,beginner
3652,5,intermediate
3652,8,beginner
3652,1,none
3652,6,beginner
3652,54,intermediate
3652,52,beginner
3652,42,intermediate
3652,44,advanced
3652,36,none
3652,39,beginner
3653,33,intermediate
3653,32,beginner
3653,34,beginner
3653,10,none
3653,13,beginner
3653,16,intermediate
3653,49,intermediate
3653,48,intermediate
3653,51,intermediate
3654,85,intermediate
3654,83,beginner
3654,103,beginner
3654,97,intermediate
3654,96,beginner
3654,101,beginner
3655,80,advanced
3655,79,intermediate
3655,72,beginner
3655,73,beginner
3655,74,none
3656,123,beginner
3656,121,intermediate
3656,120,beginner
3656,117,beginner
3656,116,advanced
3656,119,intermediate
3656,118,beginner
3657,44,advanced
3657,38,beginner
3657,42,intermediate
3657,39,beginner
3657,41,intermediate
3657,24,beginner
3657,28,beginner
3658,127,beginner
3658,126,none
3658,124,beginner
3658,117,beginner
3658,116,none
3658,118,beginner
3658,121,intermediate
3658,120,beginner
3659,86,beginner
3659,84,intermediate
3659,82,intermediate
3659,94,beginner
3659,89,beginner
3659,95,none
3659,90,beginner
3660,23,intermediate
3660,24,none
3660,25,intermediate
3660,22,intermediate
3660,3,intermediate
3660,1,none
3660,8,intermediate
3660,2,advanced
3660,7,none
3661,33,advanced
3661,32,advanced
3661,31,intermediate
3661,30,beginner
3661,20,beginner
3661,13,intermediate
3661,11,intermediate
3661,15,beginner
3661,19,beginner
3661,1,beginner
3661,8,beginner
3661,4,beginner
3662,126,intermediate
3662,127,beginner
3662,125,none
3662,124,beginner
3662,123,intermediate
3662,120,beginner
3663,48,beginner
3663,50,none
3663,32,beginner
3663,34,intermediate
3664,1,beginner
3664,8,beginner
3664,5,beginner
3664,9,intermediate
3664,7,intermediate
3664,48,intermediate
3664,49,beginner
3664,52,none
3665,76,beginner
3665,80,beginner
3665,77,beginner
3665,79,none
3665,78,beginner
3665,95,beginner
3665,94,none
3665,89,beginner
3665,90,beginner
3666,3,beginner
3666,5,none
3666,1,beginner
3666,2,beginner
3666,24,beginner
3666,27,beginner
3667,141,beginner
3667,142,none
3667,145,beginner
3667,143,none
3667,128,beginner
3667,131,beginner
3667,129,beginner
3668,56,beginner
3668,54,beginner
3668,51,beginner
3668,3,beginner
3668,4,beginner
3669,49,beginner
3669,53,beginner
3669,37,beginner
3669,36,beginner
3669,40,intermediate
3669,20,beginner
3669,13,beginner
3669,11,beginner
3669,17,beginner
3669,15,intermediate
3670,33,beginner
3670,29,intermediate
3670,38,beginner
3670,47,beginner
3670,54,beginner
3670,56,beginner
3670,49,beginner
3670,55,beginner
3670,50,intermediate
3671,25,beginner
3671,23,beginner
3671,26,intermediate
3671,54,beginner
3671,53,intermediate
3672,104,beginner
3672,109,beginner
3672,106,beginner
3672,108,beginner
3672,126,beginner
3672,125,intermediate
3673,117,none
3673,116,beginner
3673,118,none
3673,104,beginner
3673,106,beginner
3673,107,beginner
3673,123,beginner
3673,122,intermediate
3674,135,beginner
3674,138,beginner
3674,136,none
3674,139,none
3674,140,intermediate
3674,146,none
3674,149,beginner
3674,148,beginner
3675,85,beginner
3675,84,beginner
3675,86,intermediate
3675,83,none
3675,73,intermediate
3675,72,intermediate
3675,74,beginner
3676,25,intermediate
3676,23,intermediate
3676,24,beginner
3676,28,beginner
3676,22,intermediate
3676,49,beginner
3676,56,none
3676,53,beginner
3677,31,intermediate
3677,33,beginner
3677,34,beginner
3677,37,beginner
3677,44,intermediate
3677,42,beginner
3677,43,beginner
3678,56,beginner
3678,48,intermediate
3678,51,beginner
3678,1,intermediate
3678,6,none
3679,154,none
3679,152,beginner
3679,146,beginner
3679,147,none
3679,141,intermediate
3679,142,none
3679,143,beginner
3680,67,intermediate
3680,65,none
3680,66,intermediate
3680,70,intermediate
3680,68,advanced
3680,73,none
3680,72,intermediate
3680,71,beginner
3680,74,none
3680,75,beginner
3681,80,advanced
3681,76,intermediate
3681,77,beginner
3681,103,beginner
3681,97,beginner
3681,96,beginner
3681,99,beginner
3681,100,beginner
3682,57,none
3682,59,beginner
3682,60,intermediate
3682,63,intermediate
3682,89,intermediate
3682,94,beginner
3682,93,beginner
3683,106,beginner
3683,104,intermediate
3683,109,advanced
3683,105,intermediate
3683,123,intermediate
3683,121,intermediate
3683,120,none
3683,122,intermediate
3684,32,beginner
3684,33,beginner
3684,31,intermediate
3684,34,beginner
3684,44,beginner
3684,36,beginner
3684,37,intermediate
3684,45,intermediate
3685,111,beginner
3685,110,beginner
3685,114,beginner
3685,113,beginner
3685,117,beginner
3685,116,beginner
3685,118,beginner
3685,119,none
3686,127,none
3686,126,none
3686,125,beginner
3686,124,none
3686,121,intermediate
3686,123,beginner
3686,120,beginner
3686,117,intermediate
3686,116,beginner
3686,119,intermediate
3686,118,intermediate
3687,127,intermediate
3687,125,beginner
3687,117,beginner
3687,116,beginner
3687,118,none
3687,106,beginner
3687,107,intermediate
3688,24,none
3688,22,beginner
3688,14,beginner
3688,19,beginner
3689,5,intermediate
3689,3,beginner
3689,4,beginner
3689,44,beginner
3689,45,beginner
3690,94,beginner
3690,95,beginner
3690,89,none
3690,93,beginner
3690,73,beginner
3690,75,beginner
3691,111,beginner
3691,114,beginner
3691,110,beginner
3691,112,none
3691,123,none
3691,120,beginner
3692,149,beginner
3692,146,beginner
3692,147,beginner
3692,142,beginner
3692,141,beginner
3692,144,beginner
3692,143,beginner
3693,80,intermediate
3693,78,beginner
3693,84,intermediate
3693,82,intermediate
3694,8,beginner
3694,3,intermediate
3694,2,intermediate
3694,33,beginner
3694,32,beginner
3694,31,beginner
3694,30,beginner
3695,10,beginner
3695,11,beginner
3695,16,beginner
3695,1,intermediate
3695,5,beginner
3695,4,beginner
3696,86,intermediate
3696,85,intermediate
3696,83,intermediate
3696,76,beginner
3696,80,beginner
3696,77,beginner
3696,78,beginner
3697,23,beginner
3697,28,intermediate
3697,10,beginner
3697,11,beginner
3697,20,none
3697,12,intermediate
3698,73,beginner
3698,72,intermediate
3698,75,beginner
3698,85,beginner
3698,86,beginner
3698,81,beginner
3698,76,beginner
3698,77,beginner
3699,110,beginner
3699,113,beginner
3699,123,beginner
3699,121,none
3699,122,none
3699,117,beginner
3699,116,beginner
3699,118,beginner
3700,24,beginner
3700,25,none
3700,28,none
3700,56,beginner
3700,49,advanced
3700,50,beginner
3701,36,intermediate
3701,46,intermediate
3701,49,none
3701,54,intermediate
3701,53,none
3702,49,beginner
3702,53,beginner
3702,23,none
3702,22,beginner
3703,37,none
3703,42,beginner
3703,38,none
3703,45,beginner
3703,5,intermediate
3703,8,beginner
3703,3,beginner
3703,2,beginner
3704,89,beginner
3704,93,advanced
3704,73,beginner
3704,72,beginner
3704,71,beginner
3704,75,beginner
3704,74,intermediate
3705,5,beginner
3705,3,beginner
3705,8,beginner
3705,2,beginner
3705,7,beginner
3705,13,intermediate
3705,20,beginner
3705,12,beginner
3706,24,intermediate
3706,23,intermediate
3706,26,beginner
3706,11,beginner
3706,13,advanced
3706,10,beginner
3706,17,none
3707,33,beginner
3707,31,beginner
3707,35,beginner
3707,3,beginner
3707,8,beginner
3707,1,none
3707,4,beginner
3707,37,beginner
3707,36,none
3707,43,beginner
3708,11,none
3708,14,beginner
3708,10,intermediate
3708,19,intermediate
3708,1,beginner
3708,6,beginner
3709,84,none
3709,81,beginner
3709,80,beginner
3709,76,beginner
3709,77,intermediate
3709,78,beginner
3710,57,beginner
3710,58,beginner
3710,96,beginner
3710,102,beginner
3711,59,advanced
3711,57,beginner
3711,60,beginner
3711,61,beginner
3711,97,none
3711,103,intermediate
3711,101,none
3712,103,beginner
3712,102,intermediate
3712,72,beginner
3712,73,intermediate
3712,75,beginner
3712,74,advanced
3713,13,intermediate
3713,14,intermediate
3713,10,beginner
3713,19,beginner
3713,23,beginner
3713,25,beginner
3713,22,intermediate
3713,37,intermediate
3713,47,intermediate
3714,89,none
3714,91,intermediate
3714,66,intermediate
3714,65,beginner
3714,69,beginner
3715,49,beginner
3715,54,beginner
3715,50,none
3715,1,beginner
3715,9,beginner
3716,149,beginner
3716,146,intermediate
3716,148,beginner
3716,147,intermediate
3716,138,beginner
3716,140,none
3717,8,beginner
3717,4,intermediate
3717,20,beginner
3717,10,beginner
3717,11,none
3717,19,intermediate
3717,21,beginner
3718,36,beginner
3718,47,beginner
3718,24,beginner
3718,25,beginner
3718,28,beginner
3719,10,beginner
3719,13,beginner
3719,14,intermediate
3719,19,none
3719,31,beginner
3719,33,intermediate
3719,34,beginner
3720,114,beginner
3720,110,intermediate
3720,115,none
3720,123,beginner
3720,122,intermediate
3720,126,beginner
3720,127,intermediate
3720,124,beginner
3721,49,advanced
3721,48,beginner
3721,50,beginner
3721,37,advanced
3721,42,beginner
3721,44,beginner
3721,41,beginner
3722,138,none
3722,139,intermediate
3722,151,beginner
3722,154,beginner
3722,153,beginner
3723,13,beginner
3723,11,beginner
3723,10,intermediate
3723,21,intermediate
3723,33,none
3723,32,beginner
3723,34,intermediate
3724,110,beginner
3724,111,intermediate
3724,115,beginner
3724,104,none
3724,109,intermediate
3724,108,beginner
3725,86,intermediate
3725,84,none
3725,85,none
3725,88,beginner
3725,95,beginner
3725,89,beginner
3725,91,beginner
3725,103,none
3725,100,beginner
3726,14,beginner
3726,11,beginner
3726,13,beginner
3726,21,beginner
3726,12,beginner
3726,31,beginner
3726,32,intermediate
3726,29,beginner
3727,32,intermediate
3727,31,beginner
3727,34,beginner
3727,56,intermediate
3727,54,beginner
3727,48,none
3727,53,beginner
3728,1,beginner
3728,3,none
3728,8,beginner
3728,7,beginner
3728,23,intermediate
3728,25,intermediate
3728,24,intermediate
3728,22,beginner
3729,116,beginner
3729,117,beginner
3729,118,intermediate
3729,126,beginner
3729,127,beginner
3729,125,intermediate
3729,124,intermediate
3729,121,beginner
3729,120,intermediate
3730,111,beginner
3730,114,intermediate
3730,115,intermediate
3730,106,beginner
3730,109,beginner
3730,104,intermediate
3730,108,beginner
3730,107,intermediate
3731,36,beginner
3731,42,intermediate
3731,37,intermediate
3731,39,beginner
3731,46,none
3731,54,intermediate
3731,56,beginner
3731,50,intermediate
3732,1,intermediate
3732,3,none
3732,5,beginner
3732,2,none
3732,48,intermediate
3732,54,beginner
3732,50,none
3733,8,none
3733,5,intermediate
3733,9,beginner
3733,32,beginner
3733,31,intermediate
3733,35,none
3734,36,beginner
3734,44,beginner
3734,39,beginner
3734,1,intermediate
3734,3,intermediate
3734,5,beginner
3734,4,intermediate
3734,9,beginner
3734,24,beginner
3734,23,beginner
3734,28,none
3735,65,none
3735,67,beginner
3735,70,none
3735,96,beginner
3735,97,intermediate
3735,103,intermediate
3735,101,beginner
3735,98,beginner
3735,80,beginner
3735,76,beginner
3735,77,beginner
3735,78,none
3736,11,beginner
3736,13,beginner
3736,12,intermediate
3736,38,intermediate
3736,37,intermediate
3736,36,intermediate
3736,46,beginner
3736,41,none
3737,23,beginner
3737,25,beginner
3737,27,beginner
3737,48,beginner
3737,56,beginner
3737,53,intermediate
3738,123,intermediate
3738,121,none
3738,122,none
3738,120,beginner
3738,126,beginner
3738,127,intermediate
3738,125,beginner
3738,124,beginner
3739,126,beginner
3739,124,intermediate
3739,104,intermediate
3739,108,intermediate
3740,116,beginner
3740,117,intermediate
3740,118,beginner
3740,119,intermediate
3740,110,advanced
3740,111,beginner
3740,114,beginner
3740,112,none
3740,113,none
3741,24,intermediate
3741,25,none
3741,27,none
3741,48,none
3741,56,beginner
3741,51,beginner
3742,138,intermediate
3742,136,beginner
3742,137,beginner
3742,141,intermediate
3742,142,beginner
3742,144,none
3743,60,intermediate
3743,58,intermediate
3743,72,beginner
3743,74,beginner
3744,72,beginner
3744,73,beginner
3744,71,intermediate
3744,75,beginner
3744,96,intermediate
3744,97,intermediate
3744,103,beginner
3744,98,beginner
3744,99,beginner
3745,24,beginner
3745,23,none
3745,27,beginner
3745,10,none
3745,13,beginner
3745,18,beginner
3746,126,advanced
3746,127,intermediate
3746,124,beginner
3746,125,intermediate
3746,114,none
3746,111,beginner
3746,112,beginner
3747,85,beginner
3747,86,beginner
3747,84,beginner
3747,81,advanced
3747,82,beginner
3747,95,beginner
3747,94,intermediate
3747,92,beginner
3748,114,none
3748,111,beginner
3748,115,beginner
3748,116,beginner
3748,117,beginner
3748,118,none
3748,119,intermediate
3749,80,beginner
3749,76,beginner
3749,77,beginner
3749,78,beginner
3749,79,intermediate
3749,94,beginner
3749,95,beginner
3749,89,beginner
3749,90,beginner
3749,91,intermediate
3750,123,intermediate
3750,121,beginner
3750,120,none
3750,122,beginner
3750,104,none
3750,109,beginner
3750,107,intermediate
3750,127,intermediate
3750,124,beginner
3751,67,none
3751,66,beginner
3751,70,beginner
3751,86,intermediate
3751,84,beginner
3751,85,beginner
3751,81,beginner
3752,141,beginner
3752,145,none
3752,138,beginner
3752,136,none
3752,139,beginner
3753,49,intermediate
3753,56,intermediate
3753,52,beginner
3753,31,intermediate
3753,33,beginner
3753,32,beginner
3753,35,advanced
3754,56,intermediate
3754,54,beginner
3754,49,beginner
3754,52,beginner
3754,3,none
3754,9,advanced
3755,121,beginner
3755,122,intermediate
3755,126,advanced
3755,127,beginner
3755,125,advanced
3755,104,beginner
3755,106,intermediate
3755,109,advanced
3755,105,advanced
3756,85,intermediate
3756,84,beginner
3756,86,none
3756,87,intermediate
3756,97,beginner
3756,103,none
3756,96,beginner
3756,102,beginner
3757,72,beginner
3757,73,beginner
3757,75,beginner
3757,65,intermediate
3757,67,beginner
3757,69,beginner
3757,60,beginner
3757,59,intermediate
3757,61,intermediate
3758,116,none
3758,117,intermediate
3758,118,beginner
3758,123,beginner
3758,121,beginner
3758,122,beginner
3758,120,beginner
3759,67,none
3759,66,none
3759,65,intermediate
3759,70,beginner
3759,72,intermediate
3759,73,beginner
3759,75,intermediate
3760,109,intermediate
3760,104,intermediate
3760,107,beginner
3760,116,none
3760,117,intermediate
3760,119,beginner
3760,118,beginner
3761,33,intermediate
3761,31,intermediate
3761,32,intermediate
3761,34,intermediate
3761,48,beginner
3761,56,beginner
3761,49,beginner
3761,50,intermediate
3762,116,none
3762,117,intermediate
3762,118,beginner
3762,119,beginner
3762,126,intermediate
3762,127,beginner
3762,124,beginner
3762,125,intermediate
3762,106,beginner
3762,108,beginner
3763,54,beginner
3763,56,intermediate
3763,55,beginner
3763,38,beginner
3763,36,none
3763,47,beginner
3764,59,none
3764,60,intermediate
3764,57,none
3764,64,advanced
3764,63,intermediate
3764,94,intermediate
3764,91,none
3765,117,beginner
3765,116,beginner
3765,119,intermediate
3765,118,beginner
3765,121,none
3765,122,beginner
3765,106,beginner
3765,109,beginner
3765,108,intermediate
3766,32,beginner
3766,31,intermediate
3766,35,beginner
3766,24,intermediate
3766,23,none
3766,25,intermediate
3766,27,intermediate
3767,36,beginner
3767,41,beginner
3767,5,none
3767,8,beginner
3767,1,intermediate
3767,2,beginner
3767,7,beginner
3768,25,beginner
3768,23,beginner
3768,24,beginner
3768,22,beginner
3768,56,beginner
3768,48,beginner
3768,49,intermediate
3768,51,intermediate
3768,31,intermediate
3768,32,beginner
3768,34,beginner
3769,65,beginner
3769,66,beginner
3769,67,beginner
3769,68,beginner
3769,86,beginner
3769,85,beginner
3769,81,beginner
3770,13,intermediate
3770,20,beginner
3770,14,beginner
3770,17,none
3770,48,beginner
3770,54,intermediate
3770,53,none
3770,24,beginner
3770,23,none
3770,22,beginner
3771,20,beginner
3771,10,beginner
3771,14,none
3771,15,beginner
3771,54,beginner
3771,53,beginner
3772,116,none
3772,117,beginner
3772,119,intermediate
3772,118,intermediate
3772,121,beginner
3772,123,beginner
3772,120,beginner
3773,1,intermediate
3773,6,intermediate
3773,10,intermediate
3773,14,intermediate
3773,20,beginner
3773,18,beginner
3774,66,beginner
3774,69,beginner
3774,80,intermediate
3774,76,beginner
3774,79,beginner
3774,78,intermediate
3774,77,beginner
3775,94,beginner
3775,95,none
3775,91,beginner
3775,84,beginner
3775,83,beginner
3775,97,beginner
3775,103,beginner
3775,96,beginner
3775,101,none
3775,98,beginner
3776,31,beginner
3776,30,beginner
3776,38,none
3776,40,intermediate
3776,5,beginner
3776,1,beginner
3776,3,beginner
3776,4,beginner
3777,14,none
3777,20,advanced
3777,18,beginner
3777,31,beginner
3777,33,beginner
3777,32,intermediate
3777,35,beginner
3778,128,beginner
3778,133,none
3778,141,beginner
3778,142,beginner
3778,144,intermediate
3778,145,beginner
3778,143,beginner
3778,151,beginner
3778,154,beginner
3778,152,beginner
3778,153,beginner
3778,150,intermediate
3779,103,beginner
3779,97,beginner
3779,96,beginner
3779,99,beginner
3779,80,beginner
3779,76,none
3779,79,intermediate
3780,32,beginner
3780,33,beginner
3780,35,beginner
3780,23,beginner
3780,28,intermediate
3780,36,intermediate
3780,40,none
3781,104,advanced
3781,105,advanced
3781,116,intermediate
3781,117,intermediate
3781,119,intermediate
3781,118,beginner
3782,80,beginner
3782,76,none
3782,77,intermediate
3782,79,beginner
3782,86,intermediate
3782,84,advanced
3782,85,none
3782,83,advanced
3783,32,beginner
3783,31,none
3783,33,beginner
3783,29,beginner
3783,36,beginner
3783,38,intermediate
3783,37,none
3783,39,beginner
3783,47,beginner
3784,85,beginner
3784,86,beginner
3784,84,intermediate
3784,88,beginner
3784,89,none
3784,92,intermediate
3785,57,beginner
3785,60,beginner
3785,59,beginner
3785,61,beginner
3785,58,beginner
3785,72,beginner
3785,73,beginner
3785,74,intermediate
3786,32,beginner
3786,31,beginner
3786,33,beginner
3786,29,none
3786,35,intermediate
3786,3,beginner
3786,4,beginner
3787,121,none
3787,123,beginner
3787,122,beginner
3787,120,none
3787,116,beginner
3787,117,beginner
3787,118,intermediate
3787,119,beginner
3788,31,none
3788,32,beginner
3788,30,beginner
3788,56,intermediate
3788,49,beginner
3788,48,beginner
3788,52,intermediate
3788,24,beginner
3788,23,intermediate
3788,27,advanced
3789,10,intermediate
3789,20,beginner
3789,11,beginner
3789,16,beginner
3789,15,beginner
3789,33,beginner
3789,32,beginner
3789,31,beginner
3789,29,none
3790,33,intermediate
3790,31,beginner
3790,32,beginner
3790,34,beginner
3790,11,beginner
3790,10,beginner
3790,20,beginner
3790,18,beginner
3791,127,beginner
3791,124,beginner
3791,121,beginner
3791,123,intermediate
3791,120,beginner
3791,122,beginner
3792,116,intermediate
3792,118,beginner
3792,104,beginner
3792,106,beginner
3792,109,intermediate
3792,108,beginner
3793,136,beginner
3793,135,beginner
3793,139,beginner
3793,154,beginner
3793,151,none
3793,150,none
3793,141,intermediate
3793,142,none
3793,143,beginner
3794,44,beginner
3794,36,none
3794,37,beginner
3794,46,advanced
3794,41,none
3794,31,beginner
3794,32,intermediate
3794,33,beginner
3794,34,none
3795,117,none
3795,116,none
3795,119,beginner
3795,118,beginner
3795,109,intermediate
3795,106,beginner
3795,104,none
3795,108,beginner
3795,105,beginner
3796,60,beginner
3796,59,beginner
3796,62,intermediate
3796,72,none
3796,74,beginner
3797,3,beginner
3797,5,beginner
3797,1,intermediate
3797,4,beginner
3797,44,beginner
3797,39,intermediate
3798,56,beginner
3798,54,intermediate
3798,49,none
3798,53,beginner
3798,8,beginner
3798,5,beginner
3798,2,intermediate
3799,106,beginner
3799,104,beginner
3799,109,beginner
3799,107,beginner
3799,110,beginner
3799,111,beginner
3799,112,beginner
3800,10,beginner
3800,15,beginner
3800,38,beginner
3800,37,beginner
3800,41,beginner
3801,65,none
3801,70,beginner
3801,85,none
3801,86,beginner
3801,84,intermediate
3801,88,beginner
3802,76,beginner
3802,80,none
3802,77,beginner
3802,85,beginner
3802,84,beginner
3802,82,beginner
3803,49,intermediate
3803,56,beginner
3803,48,beginner
3803,52,beginner
3803,55,beginner
3803,33,beginner
3803,31,advanced
3803,34,intermediate
3803,10,beginner
3803,20,beginner
3803,15,beginner
3804,135,intermediate
3804,138,beginner
3804,136,advanced
3804,140,intermediate
3804,151,beginner
3804,154,intermediate
3804,150,beginner
3805,121,beginner
3805,123,intermediate
3805,122,beginner
3805,109,beginner
3805,104,intermediate
3805,107,beginner
3806,80,beginner
3806,76,intermediate
3806,77,none
3806,78,intermediate
3806,65,beginner
3806,66,advanced
3806,69,intermediate
3807,86,intermediate
3807,84,beginner
3807,85,intermediate
3807,81,intermediate
3807,83,intermediate
3807,65,none
3807,66,intermediate
3807,67,intermediate
3807,69,intermediate
3807,70,none
3808,94,intermediate
3808,90,beginner
3808,80,advanced
3808,76,beginner
3808,78,beginner
3809,126,beginner
3809,127,beginner
3809,124,intermediate
3809,125,intermediate
3809,109,none
3809,104,beginner
3809,105,beginner
3809,114,intermediate
3809,111,beginner
3809,115,beginner
3810,25,beginner
3810,23,beginner
3810,24,beginner
3810,27,beginner
3810,49,beginner
3810,48,beginner
3810,54,none
3810,51,intermediate
3810,52,intermediate
3811,1,none
3811,7,none
3811,31,none
3811,32,none
3811,33,beginner
3811,34,advanced
3812,24,intermediate
3812,25,none
3812,26,advanced
3812,33,beginner
3812,32,beginner
3812,34,beginner
3813,60,advanced
3813,57,none
3813,59,none
3813,62,intermediate
3813,73,beginner
3813,72,beginner
3813,75,beginner
3813,74,advanced
3813,71,beginner
3814,84,none
3814,85,none
3814,86,intermediate
3814,82,intermediate
3814,95,beginner
3814,90,intermediate
3814,66,beginner
3814,67,intermediate
3814,69,beginner
3815,42,none
3815,36,beginner
3815,44,intermediate
3815,43,beginner
3815,47,beginner
3815,33,intermediate
3815,34,none
3816,151,beginner
3816,154,none
3816,150,beginner
3816,152,intermediate
3816,138,beginner
3816,136,beginner
3816,135,beginner
3816,137,beginner
3816,140,intermediate
3817,31,intermediate
3817,33,beginner
3817,30,beginner
3817,49,beginner
3817,56,beginner
3817,54,beginner
3817,53,beginner
3818,32,beginner
3818,33,beginner
3818,31,beginner
3818,29,beginner
3818,3,intermediate
3818,8,beginner
3818,1,beginner
3818,2,beginner
3819,31,intermediate
3819,32,beginner
3819,30,none
3819,8,intermediate
3819,1,beginner
3819,5,intermediate
3819,7,none
3819,4,intermediate
3820,80,none
3820,76,beginner
3820,77,beginner
3820,57,beginner
3820,62,intermediate
3821,24,beginner
3821,25,beginner
3821,23,beginner
3821,28,beginner
3821,5,beginner
3821,8,intermediate
3821,3,beginner
3821,4,intermediate
3821,44,beginner
3821,36,beginner
3821,37,beginner
3821,43,none
3821,39,beginner
3822,73,beginner
3822,72,intermediate
3822,75,none
3822,96,intermediate
3822,97,intermediate
3822,103,beginner
3822,98,beginner
3823,114,beginner
3823,111,beginner
3823,110,none
3823,112,beginner
3823,113,beginner
3823,121,beginner
3823,123,beginner
3823,122,none
3823,120,beginner
3823,126,beginner
3823,127,none
3823,124,intermediate
3824,56,intermediate
3824,48,beginner
3824,54,intermediate
3824,53,beginner
3824,50,beginner
3824,23,beginner
3824,24,beginner
3824,27,beginner
3825,154,beginner
3825,151,beginner
3825,150,beginner
3825,146,beginner
3825,149,none
3825,148,beginner
3825,147,intermediate
3825,141,beginner
3825,142,beginner
3825,143,beginner
3825,145,beginner
3826,37,intermediate
3826,36,beginner
3826,42,beginner
3826,41,beginner
3826,23,intermediate
3826,25,beginner
3826,24,intermediate
3826,28,none
3827,96,intermediate
3827,97,beginner
3827,103,beginner
3827,98,intermediate
3827,76,beginner
3827,77,beginner
3828,25,beginner
3828,24,intermediate
3828,28,intermediate
3828,14,none
3828,16,beginner
3829,111,beginner
3829,110,beginner
3829,114,beginner
3829,113,beginner
3829,115,beginner
3829,104,beginner
3829,105,none
3830,121,beginner
3830,123,beginner
3830,120,none
3830,122,beginner
3830,126,beginner
3830,127,beginner
3830,124,beginner
3830,125,none
3830,117,intermediate
3830,116,beginner
3830,118,none
3831,56,beginner
3831,54,intermediate
3831,48,beginner
3831,55,intermediate
3831,23,beginner
3831,25,beginner
3831,28,none
3832,49,beginner
3832,52,beginner
3832,1,intermediate
3832,2,beginner
3833,25,intermediate
3833,26,beginner
3833,10,intermediate
3833,19,beginner
3833,3,intermediate
3833,5,intermediate
3833,4,beginner
3834,25,intermediate
3834,24,beginner
3834,23,none
3834,27,beginner
3834,22,intermediate
3834,8,beginner
3834,3,intermediate
3834,9,intermediate
3835,131,beginner
3835,134,beginner
3835,133,beginner
3835,146,none
3835,149,intermediate
3835,147,beginner
3835,148,beginner
3836,96,intermediate
3836,103,intermediate
3836,97,beginner
3836,101,intermediate
3836,98,none
3836,72,intermediate
3836,73,beginner
3836,71,beginner
3836,74,intermediate
3836,75,intermediate
3837,57,intermediate
3837,59,beginner
3837,61,none
3837,95,intermediate
3837,91,beginner
3837,72,none
3837,73,none
3837,75,beginner
3838,141,none
3838,142,beginner
3838,145,beginner
3838,138,beginner
3838,140,none
3838,149,beginner
3838,146,beginner
3838,147,beginner
3838,148,intermediate
3839,117,advanced
3839,116,beginner
3839,119,beginner
3839,118,none
3839,110,none
3839,111,beginner
3839,114,none
3839,112,none
3839,115,beginner
3840,117,beginner
3840,118,intermediate
3840,109,advanced
3840,104,intermediate
3840,108,beginner
3840,121,beginner
3840,123,none
3840,122,none
3840,120,intermediate
3841,48,beginner
3841,55,beginner
3841,24,none
3841,27,beginner
3842,49,beginner
3842,53,intermediate
3842,32,intermediate
3842,33,intermediate
3842,30,beginner
3843,3,beginner
3843,8,intermediate
3843,9,beginner
3843,38,beginner
3843,37,beginner
3843,36,intermediate
3843,45,intermediate
3843,47,beginner
3844,48,beginner
3844,50,none
3844,37,beginner
3844,43,none
3844,1,beginner
3844,5,none
3844,8,intermediate
3844,9,beginner
3845,1,none
3845,3,intermediate
3845,9,intermediate
3845,33,none
3845,30,intermediate
3846,37,beginner
3846,43,intermediate
3846,54,beginner
3846,55,beginner
3847,20,beginner
3847,10,beginner
3847,13,beginner
3847,21,beginner
3847,19,beginner
3847,25,none
3847,26,beginner
3848,31,none
3848,32,intermediate
3848,33,none
3848,35,intermediate
3848,25,intermediate
3848,24,beginner
3848,23,beginner
3848,26,none
3849,54,beginner
3849,49,beginner
3849,53,advanced
3849,20,beginner
3849,14,intermediate
3849,10,none
3849,21,intermediate
3850,20,intermediate
3850,11,beginner
3850,10,beginner
3850,15,beginner
3850,19,beginner
3850,3,intermediate
3850,1,none
3850,2,beginner
3850,32,beginner
3850,31,intermediate
3850,33,beginner
3850,29,intermediate
3850,30,none
3851,54,intermediate
3851,51,beginner
3851,14,none
3851,10,intermediate
3851,16,beginner
3852,94,intermediate
3852,95,beginner
3852,89,beginner
3852,93,beginner
3852,76,beginner
3852,80,intermediate
3852,77,intermediate
3853,117,intermediate
3853,116,intermediate
3853,119,none
3853,118,intermediate
3853,106,beginner
3853,104,beginner
3853,108,intermediate
3854,110,beginner
3854,114,beginner
3854,115,beginner
3854,123,beginner
3854,121,beginner
3854,120,beginner
3854,122,beginner
3855,1,beginner
3855,8,beginner
3855,3,beginner
3855,7,beginner
3855,6,beginner
3855,54,beginner
3855,56,intermediate
3855,51,none
3856,8,none
3856,4,beginner
3856,33,intermediate
3856,31,beginner
3856,32,none
3856,30,beginner
3856,29,beginner
3857,42,beginner
3857,47,none
3857,33,beginner
3857,32,none
3857,30,beginner
3858,23,none
3858,24,intermediate
3858,25,intermediate
3858,26,intermediate
3858,22,beginner
3858,36,intermediate
3858,37,beginner
3858,47,intermediate
3859,37,beginner
3859,43,none
3859,25,intermediate
3859,23,intermediate
3859,26,none
3859,32,none
3859,33,beginner
3859,31,none
3859,34,beginner
3860,154,intermediate
3860,151,advanced
3860,153,beginner
3860,150,beginner
3860,149,beginner
3860,146,beginner
3860,147,intermediate
3860,148,intermediate
3861,44,beginner
3861,38,beginner
3861,36,beginner
3861,40,beginner
3861,3,beginner
3861,1,beginner
3861,8,intermediate
3861,6,beginner
3861,2,beginner
3862,1,beginner
3862,3,beginner
3862,7,beginner
3862,32,none
3862,29,beginner
3863,127,beginner
3863,126,beginner
3863,125,beginner
3863,124,advanced
3863,123,none
3863,121,intermediate
3863,122,none
3864,65,beginner
3864,66,none
3864,67,beginner
3864,69,intermediate
3864,97,intermediate
3864,96,beginner
3864,103,beginner
3864,98,beginner
3865,3,beginner
3865,5,none
3865,8,beginner
3865,7,beginner
3865,31,beginner
3865,29,beginner
3866,8,beginner
3866,5,none
3866,1,beginner
3866,6,beginner
3866,7,intermediate
3866,24,intermediate
3866,23,intermediate
3866,25,beginner
3866,27,intermediate
3867,154,intermediate
3867,151,beginner
3867,150,beginner
3867,153,beginner
3867,152,intermediate
3867,138,advanced
3867,139,intermediate
3868,48,beginner
3868,49,intermediate
3868,51,none
3868,32,intermediate
3868,31,beginner
3868,33,beginner
3868,29,beginner
3868,34,none
3869,67,advanced
3869,66,beginner
3869,68,beginner
3869,80,intermediate
3869,76,beginner
3869,77,none
3869,97,beginner
3869,102,none
3870,123,beginner
3870,121,beginner
3870,120,advanced
3870,122,beginner
3870,104,beginner
3870,109,beginner
3870,107,intermediate
3870,116,beginner
3870,119,beginner
3871,36,beginner
3871,44,intermediate
3871,47,advanced
3871,25,none
3871,28,advanced
3872,127,intermediate
3872,125,beginner
3872,117,beginner
3872,116,beginner
3872,118,beginner
3872,119,advanced
3873,33,beginner
3873,32,intermediate
3873,34,none
3873,38,intermediate
3873,36,beginner
3873,44,beginner
3873,46,beginner
3874,37,beginner
3874,42,beginner
3874,39,beginner
3874,3,intermediate
3874,8,beginner
3874,2,beginner
3875,56,beginner
3875,55,beginner
3875,37,beginner
3875,44,beginner
3875,39,intermediate
3875,3,beginner
3875,8,beginner
3875,1,advanced
3875,4,intermediate
3876,136,intermediate
3876,135,beginner
3876,140,beginner
3876,151,beginner
3876,150,beginner
3877,36,beginner
3877,42,beginner
3877,37,intermediate
3877,46,beginner
3877,24,intermediate
3877,23,beginner
3877,25,intermediate
3877,22,advanced
3878,33,beginner
3878,32,beginner
3878,29,beginner
3878,24,none
3878,23,none
3878,25,none
3878,27,beginner
3878,26,none
3879,128,intermediate
3879,134,beginner
3879,131,beginner
3879,133,beginner
3879,138,beginner
3879,140,beginner
3880,23,beginner
3880,24,intermediate
3880,28,none
3880,36,beginner
3880,38,intermediate
3880,44,beginner
3880,43,beginner
3880,45,intermediate
3881,116,advanced
3881,117,beginner
3881,118,intermediate
3881,119,beginner
3881,127,beginner
3881,126,advanced
3881,124,beginner
3882,95,intermediate
3882,89,beginner
3882,94,none
3882,92,beginner
3882,96,beginner
3882,99,beginner
3883,103,beginner
3883,96,beginner
3883,97,beginner
3883,102,beginner
3883,60,beginner
3883,61,beginner
3884,121,beginner
3884,123,none
3884,122,none
3884,110,intermediate
3884,111,beginner
3884,114,beginner
3884,112,none
3885,123,beginner
3885,121,beginner
3885,120,beginner
3885,104,beginner
3885,106,beginner
3885,109,beginner
3885,108,beginner
3886,49,none
3886,56,none
3886,48,beginner
3886,53,beginner
3886,25,intermediate
3886,23,intermediate
3886,24,none
3886,26,beginner
3887,146,none
3887,148,intermediate
3887,128,beginner
3887,134,intermediate
3887,130,beginner
3888,128,beginner
3888,129,intermediate
3888,146,beginner
3888,149,beginner
3888,148,beginner
3888,147,beginner
3889,117,beginner
3889,116,none
3889,119,advanced
3889,106,intermediate
3889,104,beginner
3889,107,advanced
3890,80,beginner
3890,76,intermediate
3890,77,beginner
3890,79,intermediate
3890,78,none
3890,66,beginner
3890,68,beginner
3891,66,none
3891,68,none
3891,103,beginner
3891,96,beginner
3891,97,intermediate
3891,98,beginner
3892,96,beginner
3892,97,beginner
3892,103,beginner
3892,99,beginner
3892,100,beginner
3892,73,beginner
3892,75,intermediate
3893,3,beginner
3893,1,intermediate
3893,5,none
3893,2,beginner
3893,9,intermediate
3893,10,beginner
3893,15,none
3894,76,beginner
3894,80,none
3894,78,intermediate
3894,79,intermediate
3894,66,beginner
3894,65,intermediate
3894,67,advanced
3894,68,intermediate
3894,69,beginner
3895,60,beginner
3895,64,none
3895,89,beginner
3895,94,beginner
3895,95,none
3895,91,none
3895,72,intermediate
3895,74,beginner
3896,60,beginner
3896,57,beginner
3896,62,intermediate
3896,76,beginner
3896,80,intermediate
3896,79,beginner
3896,78,none
3896,77,beginner
3897,25,beginner
3897,27,none
3897,33,beginner
3897,35,intermediate
3897,13,intermediate
3897,14,beginner
3897,11,beginner
3897,15,beginner
3898,76,beginner
3898,80,beginner
3898,78,intermediate
3898,79,beginner
3898,95,none
3898,89,intermediate
3898,94,intermediate
3898,90,intermediate
3899,60,intermediate
3899,61,beginner
3899,97,beginner
3899,103,beginner
3899,101,intermediate
3900,3,beginner
3900,1,beginner
3900,9,beginner
3900,36,beginner
3900,37,none
3900,41,beginner
3900,23,intermediate
3900,25,beginner
3900,27,intermediate
3901,135,intermediate
3901,138,beginner
3901,139,beginner
3901,141,beginner
3901,143,advanced
3901,149,beginner
3901,146,none
3901,148,beginner
3902,123,advanced
3902,121,beginner
3902,120,beginner
3902,122,beginner
3902,109,beginner
3902,106,intermediate
3902,108,advanced
3903,3,intermediate
3903,5,beginner
3903,7,beginner
3903,48,beginner
3903,54,beginner
3903,55,beginner
3904,14,advanced
3904,16,beginner
3904,56,intermediate
3904,48,beginner
3904,54,beginner
3904,52,none
3904,25,advanced
3904,24,beginner
3904,27,beginner
3905,66,beginner
3905,65,intermediate
3905,67,beginner
3905,70,intermediate
3905,76,beginner
3905,77,intermediate
3906,23,beginner
3906,27,beginner
3906,54,beginner
3906,56,beginner
3906,48,beginner
3906,51,advanced
3906,52,beginner
3906,11,none
3906,14,beginner
3906,13,none
3906,21,advanced
3906,12,intermediate
3907,110,beginner
3907,112,intermediate
3907,127,beginner
3907,126,advanced
3907,125,intermediate
3907,124,beginner
3908,54,beginner
3908,49,beginner
3908,51,none
3908,25,none
3908,22,beginner
3909,14,beginner
3909,15,beginner
3909,33,beginner
3909,31,none
3909,32,none
3909,34,beginner
3909,30,beginner
3910,42,beginner
3910,37,beginner
3910,39,beginner
3910,11,none
3910,13,intermediate
3910,18,beginner
3911,104,none
3911,109,beginner
3911,106,beginner
3911,105,beginner
3911,126,none
3911,125,intermediate
3912,128,beginner
3912,134,intermediate
3912,129,none
3912,141,beginner
3912,142,beginner
3912,143,intermediate
3912,144,beginner
3912,154,none
3912,151,beginner
3912,150,none
3912,152,intermediate
3913,110,intermediate
3913,111,beginner
3913,112,beginner
3913,126,beginner
3913,127,advanced
3913,124,beginner
3914,67,none
3914,66,beginner
3914,65,none
3914,69,beginner
3914,84,beginner
3914,81,beginner
3914,57,intermediate
3914,59,beginner
3914,61,beginner
3915,109,beginner
3915,104,intermediate
3915,106,beginner
3915,107,none
3915,116,advanced
3915,118,intermediate
3916,24,beginner
3916,26,intermediate
3916,56,intermediate
3916,49,beginner
3916,54,beginner
3916,50,beginner
3917,59,beginner
3917,57,beginner
3917,60,none
3917,58,intermediate
3917,72,beginner
3917,73,intermediate
3917,71,intermediate
3917,76,none
3917,80,beginner
3917,77,beginner
3917,79,beginner
3917,78,beginner
3918,138,none
3918,137,beginner
3918,149,none
3918,146,intermediate
3918,147,beginner
3919,3,none
3919,1,intermediate
3919,2,beginner
3919,11,intermediate
3919,13,none
3919,20,intermediate
3919,18,beginner
3920,135,beginner
3920,138,intermediate
3920,136,beginner
3920,139,intermediate
3920,154,beginner
3920,151,beginner
3920,150,intermediate
3921,36,beginner
3921,39,beginner
3921,33,intermediate
3921,32,none
3921,34,intermediate
3922,3,intermediate
3922,5,beginner
3922,6,beginner
3922,20,intermediate
3922,14,beginner
3922,11,beginner
3922,12,beginner
3922,21,none
3923,73,beginner
3923,72,beginner
3923,75,intermediate
3923,74,intermediate
3923,96,intermediate
3923,103,beginner
3923,97,beginner
3923,100,intermediate
3924,141,beginner
3924,142,beginner
3924,144,none
3924,143,none
3924,149,beginner
3924,146,intermediate
3924,148,beginner
3925,33,beginner
3925,31,beginner
3925,30,beginner
3925,3,intermediate
3925,7,beginner
3926,126,intermediate
3926,127,beginner
3926,124,beginner
3926,125,beginner
3926,116,beginner
3926,117,beginner
3926,119,beginner
3926,118,beginner
3927,33,intermediate
3927,32,beginner
3927,30,intermediate
3927,10,beginner
3927,20,beginner
3927,11,none
3927,17,beginner
3927,18,beginner
3928,117,beginner
3928,116,beginner
3928,119,none
3928,118,beginner
3928,126,beginner
3928,127,beginner
3928,124,beginner
3928,125,none
3929,73,beginner
3929,72,none
3929,71,beginner
3929,75,advanced
3929,59,beginner
3929,57,advanced
3929,60,beginner
3929,63,none
3930,25,beginner
3930,23,beginner
3930,27,none
3930,8,none
3930,5,beginner
3930,3,none
3930,6,none
3931,123,beginner
3931,121,beginner
3931,120,none
3931,116,beginner
3931,117,none
3931,119,beginner
3931,118,beginner
3931,106,beginner
3931,109,intermediate
3931,107,beginner
3932,121,beginner
3932,123,beginner
3932,122,intermediate
3932,120,beginner
3932,116,intermediate
3932,117,none
3932,119,beginner
3933,73,beginner
3933,71,beginner
3933,57,beginner
3933,62,beginner
3934,5,beginner
3934,6,intermediate
3934,20,none
3934,13,beginner
3934,14,beginner
3934,19,intermediate
3934,21,none
3935,37,none
3935,40,beginner
3935,31,beginner
3935,30,beginner
3936,141,none
3936,142,beginner
3936,144,advanced
3936,145,none
3936,138,beginner
3936,136,beginner
3936,139,none
3937,65,beginner
3937,67,beginner
3937,66,intermediate
3937,70,beginner
3937,57,beginner
3937,64,none
3937,95,none
3937,91,beginner
3938,104,intermediate
3938,106,intermediate
3938,105,beginner
3938,127,beginner
3938,126,beginner
3938,124,advanced
3938,125,beginner
3939,73,none
3939,72,beginner
3939,71,intermediate
3939,74,beginner
3939,96,intermediate
3939,103,none
3939,101,beginner
3940,114,beginner
3940,111,intermediate
3940,110,beginner
3940,112,beginner
3940,126,none
3940,127,beginner
3940,124,intermediate
3941,33,intermediate
3941,32,beginner
3941,29,intermediate
3941,49,beginner
3941,56,beginner
3941,53,intermediate
3942,95,beginner
3942,89,beginner
3942,91,beginner
3942,73,none
3942,72,beginner
3942,74,beginner
3943,57,beginner
3943,60,beginner
3943,59,intermediate
3943,61,beginner
3943,63,beginner
3943,84,beginner
3943,86,intermediate
3943,83,none
3944,48,advanced
3944,56,beginner
3944,51,none
3944,37,beginner
3944,44,beginner
3944,38,none
3944,39,beginner
3945,49,intermediate
3945,48,none
3945,54,beginner
3945,55,intermediate
3945,25,none
3945,28,intermediate
3946,103,beginner
3946,96,beginner
3946,99,beginner
3946,57,beginner
3946,59,advanced
3946,60,advanced
3946,58,beginner
3946,62,beginner
3947,123,intermediate
3947,122,none
3947,127,beginner
3947,126,intermediate
3947,125,beginner
3947,124,none
3948,103,beginner
3948,96,beginner
3948,97,beginner
3948,99,intermediate
3948,98,none
3948,66,intermediate
3948,70,beginner
3948,89,intermediate
3948,95,none
3948,94,beginner
3948,92,beginner
3949,25,beginner
3949,24,beginner
3949,26,beginner
3949,37,none
3949,44,beginner
3949,36,beginner
3949,46,beginner
3949,43,none
3949,32,none
3949,35,intermediate
3950,146,none
3950,148,beginner
3950,135,beginner
3950,136,beginner
3950,137,intermediate
3950,128,intermediate
3950,131,beginner
3950,134,intermediate
3950,129,beginner
3951,10,beginner
3951,14,intermediate
3951,19,none
3951,37,beginner
3951,44,intermediate
3951,40,beginner
3952,25,beginner
3952,23,beginner
3952,27,beginner
3952,13,intermediate
3952,10,intermediate
3952,20,advanced
3952,15,intermediate
3953,141,beginner
3953,142,advanced
3953,144,intermediate
3953,149,beginner
3953,146,advanced
3953,147,beginner
3953,148,intermediate
3954,106,intermediate
3954,109,beginner
3954,104,beginner
3954,107,beginner
3954,117,none
3954,116,beginner
3954,118,intermediate
3954,119,beginner
3955,141,beginner
3955,142,beginner
3955,145,beginner
3955,144,beginner
3955,135,none
3955,138,beginner
3955,139,beginner
3956,110,beginner
3956,114,intermediate
3956,111,beginner
3956,113,beginner
3956,121,intermediate
3956,123,beginner
3956,120,beginner
3957,85,none
3957,86,beginner
3957,82,none
3957,73,intermediate
3957,72,beginner
3957,74,beginner
3957,71,advanced
3958,56,beginner
3958,54,beginner
3958,48,beginner
3958,55,beginner
3958,33,beginner
3958,32,beginner
3958,30,beginner
3959,11,none
3959,14,beginner
3959,20,advanced
3959,18,none
3959,17,beginner
3959,49,beginner
3959,56,beginner
3959,55,intermediate
3960,128,intermediate
3960,134,none
3960,129,intermediate
3960,136,beginner
3960,138,beginner
3960,139,beginner
3961,117,beginner
3961,119,beginner
3961,121,none
3961,122,beginner
3961,110,none
3961,114,beginner
3961,111,beginner
3961,112,beginner
3962,44,beginner
3962,37,beginner
3962,38,beginner
3962,39,intermediate
3962,41,beginner
3962,10,intermediate
3962,14,none
3962,20,beginner
3962,18,intermediate
3963,56,beginner
3963,48,beginner
3963,49,none
3963,53,none
3963,55,advanced
3963,37,beginner
3963,45,intermediate
3964,32,none
3964,33,beginner
3964,29,beginner
3964,48,beginner
3964,51,intermediate
3964,8,intermediate
3964,7,beginner
3965,10,beginner
3965,14,none
3965,17,beginner
3965,24,beginner
3965,25,beginner
3965,26,beginner
3966,110,beginner
3966,115,beginner
3966,106,beginner
3966,104,advanced
3966,109,none
3966,105,beginner
3966,107,intermediate
3967,49,intermediate
3967,56,intermediate
3967,52,beginner
3967,23,intermediate
3967,24,beginner
3967,28,beginner
3968,1,intermediate
3968,5,beginner
3968,7,beginner
3968,31,beginner
3968,33,beginner
3968,29,intermediate
3969,149,beginner
3969,146,none
3969,147,beginner
3969,154,beginner
3969,151,beginner
3969,152,beginner
3969,150,beginner
3970,57,beginner
3970,59,intermediate
3970,60,none
3970,62,beginner
3970,64,beginner
3970,84,beginner
3970,81,intermediate
3971,57,none
3971,59,advanced
3971,61,advanced
3971,96,none
3971,98,none
3972,54,beginner
3972,51,beginner
3972,8,beginner
3972,9,beginner
3972,32,none
3972,33,beginner
3972,29,intermediate
3973,24,beginner
3973,25,beginner
3973,22,intermediate
3973,56,beginner
3973,54,none
3973,48,beginner
3973,51,beginner
3974,42,none
3974,38,beginner
3974,46,beginner
3974,48,intermediate
3974,56,beginner
3974,49,beginner
3974,50,none
3975,48,beginner
3975,49,advanced
3975,54,intermediate
3975,51,beginner
3975,37,beginner
3975,46,beginner
3976,23,beginner
3976,25,intermediate
3976,24,beginner
3976,28,intermediate
3976,32,intermediate
3976,31,beginner
3976,33,beginner
3976,29,beginner
3976,34,advanced
3976,48,beginner
3976,55,beginner
3977,25,beginner
3977,24,intermediate
3977,27,beginner
3977,56,beginner
3977,49,beginner
3977,48,intermediate
3977,50,beginner
3977,51,none
3977,13,advanced
3977,14,intermediate
3977,17,none
3978,3,beginner
3978,8,beginner
3978,1,intermediate
3978,9,beginner
3978,54,none
3978,56,beginner
3978,49,none
3978,53,beginner
3978,52,beginner
3979,3,intermediate
3979,5,beginner
3979,7,beginner
3979,56,intermediate
3979,48,intermediate
3979,49,none
3979,53,beginner
3980,146,intermediate
3980,147,advanced
3980,128,none
3980,134,none
3980,131,none
3980,133,intermediate
3980,138,beginner
3980,140,beginner
3981,3,intermediate
3981,4,beginner
3981,49,beginner
3981,54,advanced
3981,56,none
3981,50,intermediate
3981,51,beginner
3982,36,beginner
3982,42,intermediate
3982,44,advanced
3982,43,intermediate
3982,13,intermediate
3982,14,intermediate
3982,16,intermediate
3983,114,beginner
3983,110,intermediate
3983,111,beginner
3983,115,beginner
3983,112,beginner
3983,126,advanced
3983,125,intermediate
3984,56,intermediate
3984,54,beginner
3984,49,beginner
3984,55,beginner
3984,50,intermediate
3984,14,intermediate
3984,12,beginner
3985,60,beginner
3985,57,none
3985,59,advanced
3985,63,beginner
3985,65,none
3985,66,beginner
3985,67,beginner
3985,68,intermediate
3985,70,advanced
3985,76,beginner
3985,80,intermediate
3985,77,none
3985,78,beginner
3986,126,beginner
3986,127,intermediate
3986,125,beginner
3986,124,intermediate
3986,121,intermediate
3986,120,beginner
3987,96,none
3987,97,beginner
3987,102,beginner
3987,66,intermediate
3987,68,beginner
3988,1,beginner
3988,3,beginner
3988,2,beginner
3988,54,intermediate
3988,52,intermediate
3989,117,intermediate
3989,116,beginner
3989,118,intermediate
3989,121,intermediate
3989,120,none
3990,80,beginner
3990,76,none
3990,79,beginner
3990,65,intermediate
3990,67,beginner
3990,68,beginner
3991,42,intermediate
3991,46,intermediate
3991,10,beginner
3991,20,beginner
3991,12,beginner
3992,11,none
3992,10,beginner
3992,17,beginner
3992,24,beginner
3992,23,none
3992,22,beginner
3992,54,beginner
3992,49,beginner
3992,55,beginner
3993,8,intermediate
3993,3,beginner
3993,1,intermediate
3993,4,beginner
3993,25,beginner
3993,24,beginner
3993,23,beginner
3993,22,intermediate
3994,117,intermediate
3994,116,beginner
3994,118,beginner
3994,119,intermediate
3994,104,beginner
3994,109,beginner
3994,106,beginner
3994,107,beginner
3995,20,beginner
3995,10,beginner
3995,17,intermediate
3995,38,intermediate
3995,43,intermediate
3996,36,intermediate
3996,38,beginner
3996,37,none
3996,45,beginner
3996,33,beginner
3996,31,beginner
3996,34,intermediate
3997,80,beginner
3997,76,beginner
3997,79,advanced
3997,77,beginner
3997,94,beginner
3997,91,intermediate
3998,138,beginner
3998,136,beginner
3998,137,intermediate
3998,142,beginner
3998,141,none
3998,145,beginner
3999,33,beginner
3999,32,beginner
3999,29,beginner
3999,48,beginner
3999,49,beginner
3999,53,beginner
4000,23,none
4000,25,beginner
4000,24,beginner
4000,27,none
4000,48,beginner
4000,56,none
4000,54,intermediate
4000,52,beginner
4000,51,intermediate
4001,36,beginner
4001,41,beginner
4001,32,beginner
4001,31,intermediate
4001,33,beginner
4001,35,none
4002,85,intermediate
4002,86,beginner
4002,84,intermediate
4002,88,beginner
4002,81,beginner
4002,94,beginner
4002,89,intermediate
4002,92,beginner
4002,73,advanced
4002,71,beginner
4003,73,intermediate
4003,72,beginner
4003,74,beginner
4003,60,beginner
4003,64,intermediate
4004,121,beginner
4004,123,beginner
4004,120,beginner
4004,122,intermediate
4004,127,none
4004,126,beginner
4004,124,beginner
4004,125,beginner
4004,117,beginner
4004,116,beginner
4004,119,beginner
4004,118,none
4005,32,beginner
4005,33,beginner
4005,31,intermediate
4005,29,beginner
4005,14,beginner
4005,11,beginner
4005,13,advanced
4005,17,beginner
4005,16,intermediate
4006,25,none
4006,23,beginner
4006,24,beginner
4006,26,advanced
4006,27,advanced
4006,11,beginner
4006,10,advanced
4006,19,beginner
4007,5,beginner
4007,7,beginner
4007,32,intermediate
4007,31,beginner
4007,29,advanced
4007,25,beginner
4007,23,beginner
4007,24,intermediate
4007,28,advanced
4007,27,none
4008,33,intermediate
4008,32,none
4008,31,beginner
4008,35,beginner
4008,30,none
4008,38,intermediate
4008,44,beginner
4008,46,beginner
4009,94,beginner
4009,93,intermediate
4009,65,beginner
4009,66,none
4009,67,beginner
4009,69,beginner
4010,126,none
4010,127,intermediate
4010,124,none
4010,125,beginner
4010,110,none
4010,114,beginner
4010,111,beginner
4010,113,beginner
4011,48,beginner
4011,49,none
4011,56,none
4011,55,none
4011,53,beginner
4011,5,beginner
4011,1,beginner
4011,2,beginner
4012,116,beginner
4012,117,beginner
4012,119,none
4012,118,beginner
4012,106,beginner
4012,104,beginner
4012,109,beginner
4012,107,beginner
4013,3,beginner
4013,5,intermediate
4013,1,beginner
4013,9,beginner
4013,2,beginner
4013,49,beginner
4013,48,none
4013,52,intermediate
4014,60,beginner
4014,57,beginner
4014,59,beginner
4014,58,none
4014,89,beginner
4014,94,beginner
4014,95,beginner
4014,90,beginner
4015,1,beginner
4015,8,beginner
4015,3,intermediate
4015,9,intermediate
4015,33,beginner
4015,32,none
4015,29,intermediate
4016,94,none
4016,95,intermediate
4016,91,beginner
4016,57,intermediate
4016,59,beginner
4016,62,beginner
4017,42,beginner
4017,38,intermediate
4017,36,none
4017,46,beginner
4017,24,none
4017,28,intermediate
4017,32,intermediate
4017,31,none
4017,33,intermediate
4017,29,beginner
4018,151,none
4018,154,beginner
4018,150,beginner
4018,153,advanced
4018,152,none
4018,146,beginner
4018,149,none
4018,147,advanced
4019,151,none
4019,150,none
4019,141,beginner
4019,142,intermediate
4019,145,beginner
4019,143,beginner
4020,123,beginner
4020,121,beginner
4020,122,beginner
4020,120,beginner
4020,109,beginner
4020,104,intermediate
4020,108,none
4020,110,beginner
4020,114,intermediate
4020,111,beginner
4020,112,beginner
4020,115,beginner
4021,110,none
4021,114,beginner
4021,113,beginner
4021,127,intermediate
4021,126,beginner
4021,125,beginner
4021,124,none
4022,54,beginner
4022,56,beginner
4022,48,beginner
4022,50,beginner
4022,38,intermediate
4022,36,none
4022,46,beginner
4023,72,beginner
4023,71,beginner
4023,96,beginner
4023,103,intermediate
4023,97,advanced
4023,99,beginner
4023,98,intermediate
4024,49,beginner
4024,52,intermediate
4024,13,beginner
4024,14,none
4024,10,beginner
4024,12,none
4024,19,none
4025,104,beginner
4025,109,beginner
4025,108,intermediate
4025,121,intermediate
4025,122,beginner
4026,36,none
4026,42,beginner
4026,37,none
4026,39,beginner
4026,56,beginner
4026,48,none
4026,51,beginner
4027,32,intermediate
4027,35,beginner
4027,11,intermediate
4027,10,intermediate
4027,13,beginner
4027,16,none
4027,18,intermediate
4028,66,beginner
4028,65,beginner
4028,70,intermediate
4028,59,intermediate
4028,63,beginner
4029,33,beginner
4029,31,none
4029,35,beginner
4029,1,beginner
4029,3,beginner
4029,8,none
4029,2,intermediate
4030,104,beginner
4030,108,advanced
4030,123,beginner
4030,120,beginner
4030,126,none
4030,127,intermediate
4030,125,beginner
4031,3,intermediate
4031,8,beginner
4031,1,beginner
4031,6,intermediate
4031,2,beginner
4031,36,beginner
4031,38,intermediate
4031,41,intermediate
4031,24,beginner
4031,23,intermediate
4031,25,intermediate
4031,26,beginner
4032,96,beginner
4032,101,beginner
4032,67,none
4032,65,beginner
4032,66,none
4032,70,beginner
4033,126,intermediate
4033,127,intermediate
4033,124,beginner
4033,125,beginner
4033,116,none
4033,119,beginner
4034,67,beginner
4034,68,beginner
4034,103,intermediate
4034,97,beginner
4034,96,none
4034,101,beginner
4035,48,intermediate
4035,54,beginner
4035,49,intermediate
4035,51,none
4035,25,beginner
4035,28,intermediate
4036,5,intermediate
4036,7,none
4036,38,beginner
4036,37,beginner
4036,36,beginner
4036,39,none
4036,47,beginner
4037,25,intermediate
4037,24,none
4037,23,beginner
4037,28,intermediate
4037,54,beginner
4037,53,beginner
4038,38,intermediate
4038,41,none
4038,1,beginner
4038,5,beginner
4038,6,beginner
4039,80,intermediate
4039,77,intermediate
4039,97,none
4039,103,beginner
4039,102,beginner
4040,24,none
4040,25,beginner
4040,23,beginner
4040,26,beginner
4040,22,beginner
4040,49,none
4040,54,beginner
4040,52,beginner
4041,56,beginner
4041,54,none
4041,49,beginner
4041,52,none
4041,3,beginner
4041,5,beginner
4041,8,beginner
4041,4,intermediate
4042,32,beginner
4042,31,intermediate
4042,33,beginner
4042,34,beginner
4042,38,beginner
4042,44,beginner
4042,40,intermediate
4042,25,beginner
4042,28,none
4043,149,none
4043,147,none
4043,151,beginner
4043,154,beginner
4043,152,intermediate
4044,54,intermediate
4044,56,intermediate
4044,50,beginner
4044,36,intermediate
4044,37,intermediate
4044,38,advanced
4044,45,beginner
4044,14,beginner
4044,11,beginner
4044,12,beginner
4045,32,beginner
4045,29,beginner
4045,8,beginner
4045,2,beginner
4045,13,none
4045,14,none
4045,18,intermediate
4046,76,intermediate
4046,79,beginner
4046,66,intermediate
4046,67,beginner
4046,65,beginner
4046,69,none
4046,68,beginner
4047,25,intermediate
4047,23,beginner
4047,26,beginner
4047,3,beginner
4047,5,intermediate
4047,7,beginner
4048,134,beginner
4048,128,advanced
4048,131,beginner
4048,133,beginner
4048,151,beginner
4048,154,none
4048,153,beginner
4049,32,beginner
4049,31,beginner
4049,33,beginner
4049,34,beginner
4049,29,advanced
4049,3,none
4049,1,intermediate
4049,2,beginner
4050,97,beginner
4050,96,beginner
4050,103,beginner
4050,101,intermediate
4050,59,beginner
4050,58,beginner
4051,76,beginner
4051,77,beginner
4051,59,beginner
4051,63,beginner
4051,89,beginner
4051,95,beginner
4051,94,beginner
4051,91,beginner
4052,117,intermediate
4052,116,intermediate
4052,118,intermediate
4052,126,intermediate
4052,127,intermediate
4052,124,beginner
4052,125,none
4053,59,none
4053,60,beginner
4053,58,intermediate
4053,97,intermediate
4053,103,beginner
4053,101,beginner
4053,67,advanced
4053,65,beginner
4053,66,beginner
4053,69,beginner
4053,68,none
4054,106,beginner
4054,109,beginner
4054,104,advanced
4054,105,beginner
4054,107,beginner
4054,116,intermediate
4054,117,intermediate
4054,119,beginner
4055,42,beginner
4055,39,intermediate
4055,32,intermediate
4055,33,none
4055,34,beginner
4056,80,intermediate
4056,76,none
4056,77,intermediate
4056,79,intermediate
4056,78,beginner
4056,65,none
4056,66,beginner
4056,69,beginner
4056,57,beginner
4056,59,none
4056,60,none
4056,61,beginner
4057,127,none
4057,126,beginner
4057,124,beginner
4057,123,beginner
4057,120,beginner
4058,80,intermediate
4058,76,beginner
4058,77,beginner
4058,66,beginner
4058,67,beginner
4058,69,intermediate
4059,57,advanced
4059,64,beginner
4059,84,beginner
4059,87,beginner
4059,76,beginner
4059,80,intermediate
4059,77,intermediate
4059,79,beginner
4060,33,beginner
4060,31,beginner
4060,32,intermediate
4060,29,beginner
4060,49,beginner
4060,51,intermediate
4061,23,beginner
4061,24,intermediate
4061,26,beginner
4061,1,none
4061,5,none
4061,6,beginner
4062,11,none
4062,10,beginner
4062,21,none
4062,32,beginner
4062,33,none
4062,34,beginner
4063,44,beginner
4063,40,beginner
4063,5,beginner
4063,3,beginner
4063,7,beginner
4064,10,beginner
4064,13,beginner
4064,12,intermediate
4064,37,beginner
4064,36,beginner
4064,42,beginner
4064,46,intermediate
4064,43,beginner
4065,25,none
4065,24,beginner
4065,23,beginner
4065,22,beginner
4065,49,none
4065,53,beginner
4066,80,beginner
4066,76,beginner
4066,78,intermediate
4066,60,intermediate
4066,57,beginner
4066,59,none
4066,62,beginner
4066,63,intermediate
4066,89,beginner
4066,94,beginner
4066,92,intermediate
4067,121,intermediate
4067,123,none
4067,122,beginner
4067,120,intermediate
4067,106,beginner
4067,104,none
4067,105,none
4068,65,beginner
4068,66,none
4068,68,beginner
4068,76,none
4068,80,beginner
4068,78,beginner
4069,76,beginner
4069,80,intermediate
4069,78,beginner
4069,79,beginner
4069,72,beginner
4069,73,beginner
4069,74,beginner
4069,71,beginner
4069,75,none
4070,36,intermediate
4070,44,beginner
4070,37,intermediate
4070,45,intermediate
4070,43,beginner
4070,23,intermediate
4070,24,beginner
4070,25,beginner
4070,26,beginner
4070,48,beginner
4070,56,beginner
4070,54,intermediate
4070,50,beginner
4071,32,beginner
4071,33,beginner
4071,31,none
4071,30,beginner
4071,20,beginner
4071,11,beginner
4071,13,beginner
4071,21,beginner
4071,38,beginner
4071,37,intermediate
4071,42,beginner
4071,46,beginner
4071,39,beginner
4072,86,beginner
4072,84,beginner
4072,85,intermediate
4072,82,intermediate
4072,87,beginner
4072,103,none
4072,99,beginner
4073,117,intermediate
4073,116,beginner
4073,119,beginner
4073,118,none
4073,121,intermediate
4073,123,beginner
4073,122,none
4074,106,none
4074,109,intermediate
4074,104,beginner
4074,105,beginner
4074,107,intermediate
4074,111,beginner
4074,110,none
4074,114,beginner
4074,115,beginner
4075,76,none
4075,80,intermediate
4075,77,advanced
4075,73,beginner
4075,72,advanced
4075,74,intermediate
4076,126,intermediate
4076,124,beginner
4076,114,intermediate
4076,111,none
4076,115,beginner
4077,110,none
4077,111,none
4077,114,beginner
4077,112,intermediate
4077,115,beginner
4077,116,intermediate
4077,117,none
4077,119,intermediate
4077,118,beginner
4078,109,beginner
4078,104,beginner
4078,106,beginner
4078,108,none
4078,105,beginner
4078,123,beginner
4078,121,beginner
4078,122,beginner
4078,120,intermediate
4079,110,beginner
4079,111,intermediate
4079,112,beginner
4079,127,intermediate
4079,125,intermediate
4079,121,beginner
4079,122,none
4080,33,intermediate
4080,29,beginner
4080,14,beginner
4080,21,none
4080,37,beginner
4080,38,none
4080,45,beginner
4081,1,beginner
4081,3,beginner
4081,7,none
4081,24,intermediate
4081,22,beginner
4082,20,intermediate
4082,14,none
4082,10,beginner
4082,15,intermediate
4082,17,intermediate
4082,31,beginner
4082,32,none
4082,30,intermediate
4083,72,beginner
4083,73,intermediate
4083,74,beginner
4083,57,beginner
4083,58,none
4084,117,beginner
4084,119,beginner
4084,110,intermediate
4084,111,beginner
4084,114,beginner
4084,113,beginner
4084,126,intermediate
4084,127,beginner
4084,124,beginner
4084,125,intermediate
4085,20,beginner
4085,21,beginner
4085,33,intermediate
4085,30,beginner
4086,33,beginner
4086,29,beginner
4086,25,beginner
4086,23,intermediate
4086,24,advanced
4086,28,beginner
4087,126,beginner
4087,127,intermediate
4087,125,beginner
4087,124,intermediate
4087,110,intermediate
4087,111,intermediate
4087,114,beginner
4087,115,beginner
4087,104,beginner
4087,106,beginner
4087,109,intermediate
4087,107,none
4087,105,beginner
4088,54,beginner
4088,56,beginner
4088,48,beginner
4088,51,beginner
4088,52,intermediate
4088,42,beginner
4088,37,none
4088,45,intermediate
4089,127,none
4089,126,none
4089,124,intermediate
4089,125,none
4089,123,none
4089,120,none
4090,48,intermediate
4090,54,beginner
4090,49,beginner
4090,53,beginner
4090,5,beginner
4090,3,intermediate
4090,1,beginner
4090,9,beginner
4091,10,beginner
4091,13,beginner
4091,14,beginner
4091,17,none
4091,32,intermediate
4091,35,beginner
4092,37,beginner
4092,38,advanced
4092,39,beginner
4092,3,none
4092,1,beginner
4092,8,beginner
4092,6,intermediate
4093,38,beginner
4093,44,beginner
4093,36,beginner
4093,41,beginner
4093,31,beginner
4093,29,beginner
4094,8,intermediate
4094,3,beginner
4094,5,beginner
4094,2,beginner
4094,38,beginner
4094,37,beginner
4094,39,beginner
4095,20,beginner
4095,14,beginner
4095,21,beginner
4095,32,beginner
4095,31,beginner
4095,34,beginner
4096,5,intermediate
4096,8,intermediate
4096,1,intermediate
4096,4,beginner
4096,25,beginner
4096,24,beginner
4096,26,intermediate
4097,1,intermediate
4097,8,beginner
4097,9,intermediate
4097,38,intermediate
4097,45,beginner
4098,121,intermediate
4098,123,intermediate
4098,122,beginner
4098,120,none
4098,106,none
4098,104,none
4098,107,none
4098,126,beginner
4098,127,beginner
4098,124,beginner
4098,125,intermediate
4099,13,none
4099,14,beginner
4099,10,beginner
4099,15,none
4099,17,beginner
4099,23,beginner
4099,25,intermediate
4099,27,beginner
4100,25,intermediate
4100,24,beginner
4100,22,none
4100,38,beginner
4100,43,none
4100,11,beginner
4100,20,beginner
4100,21,intermediate
4101,3,beginner
4101,1,beginner
4101,8,beginner
4101,4,beginner
4101,7,intermediate
4101,56,beginner
4101,48,beginner
4101,54,beginner
4101,53,intermediate
4102,149,intermediate
4102,146,beginner
4102,147,beginner
4102,148,beginner
4102,151,beginner
4102,154,intermediate
4102,153,beginner
4103,117,beginner
4103,116,none
4103,118,none
4103,119,beginner
4103,106,none
4103,104,beginner
4103,109,beginner
4103,107,beginner
4103,108,beginner
4104,149,beginner
4104,146,beginner
4104,148,beginner
4104,151,beginner
4104,154,intermediate
4104,150,intermediate
4104,136,beginner
4104,138,none
4104,139,none
4105,138,beginner
4105,136,intermediate
4105,139,beginner
4105,134,beginner
4105,131,beginner
4105,128,beginner
4105,133,beginner
4106,48,beginner
4106,49,beginner
4106,55,beginner
4106,11,beginner
4106,13,beginner
4106,20,beginner
4106,18,beginner
4107,60,intermediate
4107,59,beginner
4107,61,beginner
4107,95,intermediate
4107,93,intermediate
4108,48,beginner
4108,52,beginner
4108,23,intermediate
4108,25,beginner
4108,24,beginner
4108,27,beginner
4108,26,beginner
4109,106,beginner
4109,107,intermediate
4109,123,beginner
4109,121,intermediate
4109,120,beginner
4110,44,beginner
4110,42,intermediate
4110,38,beginner
4110,39,intermediate
4110,33,intermediate
4110,32,beginner
4110,34,none
4111,54,none
4111,52,beginner
4111,38,beginner
4111,43,intermediate
4112,141,none
4112,144,intermediate
4112,154,intermediate
4112,151,intermediate
4112,150,intermediate
4113,110,beginner
4113,111,none
4113,114,beginner
4113,115,beginner
4113,121,beginner
4113,122,beginner
4114,135,none
4114,136,intermediate
4114,140,beginner
4114,142,beginner
4114,141,intermediate
4114,144,beginner
4114,143,beginner
4114,145,beginner
4115,38,intermediate
4115,39,beginner
4115,24,beginner
4115,28,beginner
4115,13,intermediate
4115,11,intermediate
4115,20,advanced
4115,12,none
4116,14,beginner
4116,11,beginner
4116,21,beginner
4116,38,none
4116,47,intermediate
4117,10,none
4117,20,none
4117,16,none
4117,36,beginner
4117,44,intermediate
4117,46,beginner
4117,48,intermediate
4117,52,none
4118,25,none
4118,24,beginner
4118,22,intermediate
4118,1,beginner
4118,8,intermediate
4118,5,intermediate
4118,4,intermediate
4118,2,none
4119,72,advanced
4119,73,intermediate
4119,74,intermediate
4119,71,beginner
4119,75,beginner
4119,60,beginner
4119,59,intermediate
4119,57,beginner
4119,63,beginner
4119,84,beginner
4119,85,none
4119,82,intermediate
4120,48,none
4120,54,none
4120,49,intermediate
4120,52,beginner
4120,33,beginner
4120,32,beginner
4120,31,beginner
4120,29,none
4121,127,intermediate
4121,125,beginner
4121,116,beginner
4121,117,beginner
4121,119,beginner
4121,118,beginner
4122,48,beginner
4122,54,none
4122,49,intermediate
4122,52,advanced
4122,55,none
4122,23,beginner
4122,25,beginner
4122,24,beginner
4122,27,beginner
4122,22,none
4123,76,beginner
4123,80,beginner
4123,79,intermediate
4123,59,intermediate
4123,60,intermediate
4123,58,beginner
4124,121,beginner
4124,123,beginner
4124,120,advanced
4124,127,beginner
4124,126,beginner
4124,124,intermediate
4124,125,beginner
4125,67,beginner
4125,66,beginner
4125,69,none
4125,76,beginner
4125,80,intermediate
4125,78,beginner
4125,77,none
4126,38,beginner
4126,37,beginner
4126,42,intermediate
4126,46,beginner
4126,54,none
4126,49,intermediate
4126,56,intermediate
4126,55,none
4127,5,none
4127,1,none
4127,3,intermediate
4127,2,beginner
4127,6,beginner
4127,32,intermediate
4127,33,intermediate
4127,31,beginner
4127,29,beginner
4128,24,beginner
4128,26,none
4128,33,intermediate
4128,34,beginner
4128,44,beginner
4128,42,none
4128,40,intermediate
4129,110,beginner
4129,112,beginner
4129,104,intermediate
4129,105,beginner
4129,127,beginner
4129,126,intermediate
4129,124,intermediate
4130,65,beginner
4130,66,intermediate
4130,67,beginner
4130,68,beginner
4130,76,beginner
4130,80,intermediate
4130,78,none
4130,79,beginner
4131,33,intermediate
4131,32,advanced
4131,35,beginner
4131,25,none
4131,23,beginner
4131,24,none
4131,27,beginner
4131,26,none
4132,134,beginner
4132,131,beginner
4132,129,beginner
4132,142,beginner
4132,141,none
4132,145,beginner
4132,143,intermediate
4132,149,none
4132,147,intermediate
4133,76,intermediate
4133,80,beginner
4133,79,none
4133,78,beginner
4133,77,beginner
4133,72,intermediate
4133,75,beginner
4134,127,none
4134,126,beginner
4134,124,beginner
4134,125,intermediate
4134,109,none
4134,104,intermediate
4134,106,beginner
4134,105,beginner
4135,49,beginner
4135,48,beginner
4135,55,none
4135,25,beginner
4135,23,beginner
4135,22,beginner
4136,141,beginner
4136,142,beginner
4136,145,beginner
4136,151,beginner
4136,154,intermediate
4136,153,beginner
4137,32,none
4137,31,none
4137,34,beginner
4137,56,beginner
4137,48,beginner
4137,49,beginner
4137,55,beginner
4138,44,intermediate
4138,38,intermediate
4138,37,beginner
4138,45,beginner
4138,31,none
4138,33,beginner
4138,32,beginner
4138,34,beginner
4138,54,intermediate
4138,56,beginner
4138,49,intermediate
4138,55,beginner
4139,127,intermediate
4139,126,none
4139,124,beginner
4139,125,none
4139,121,beginner
4139,123,none
4139,122,none
4139,120,beginner
4140,117,intermediate
4140,116,intermediate
4140,119,none
4140,118,none
4140,121,none
4140,123,beginner
4140,122,beginner
4140,120,none
4141,97,intermediate
4141,103,beginner
4141,96,beginner
4141,99,beginner
4141,80,intermediate
4141,77,beginner
4142,24,beginner
4142,25,beginner
4142,23,beginner
4142,22,beginner
4142,54,beginner
4142,56,intermediate
4142,50,beginner
4143,49,intermediate
4143,48,intermediate
4143,54,intermediate
4143,50,intermediate
4143,5,beginner
4143,1,beginner
4143,8,beginner
4143,9,intermediate
4143,7,beginner
4144,111,beginner
4144,114,intermediate
4144,110,beginner
4144,115,none
4144,113,beginner
4144,123,beginner
4144,121,beginner
4144,120,intermediate
4144,122,beginner
4145,104,beginner
4145,109,advanced
4145,107,intermediate
4145,114,intermediate
4145,110,beginner
4145,113,beginner
4146,44,beginner
4146,38,intermediate
4146,37,beginner
4146,45,intermediate
4146,46,none
4146,10,beginner
4146,17,beginner
4147,37,beginner
4147,38,beginner
4147,43,none
4147,32,intermediate
4147,31,beginner
4147,35,beginner
4148,95,beginner
4148,89,advanced
4148,92,intermediate
4148,73,beginner
4148,72,advanced
4148,75,intermediate
4148,71,intermediate
4148,74,none
4149,121,beginner
4149,123,beginner
4149,120,intermediate
4149,109,beginner
4149,106,beginner
4149,104,beginner
4149,108,intermediate
4150,23,beginner
4150,26,intermediate
4150,20,intermediate
4150,10,intermediate
4150,12,beginner
4150,1,none
4150,3,none
4150,6,beginner
4151,97,beginner
4151,103,beginner
4151,96,beginner
4151,98,beginner
4151,60,none
4151,59,intermediate
4151,63,intermediate
4152,135,none
4152,140,intermediate
4152,131,beginner
4152,128,beginner
4152,134,intermediate
4152,133,beginner
4153,44,beginner
4153,36,beginner
4153,37,beginner
4153,39,beginner
4153,43,beginner
4153,5,beginner
4153,3,advanced
4153,7,intermediate
4154,96,beginner
4154,103,beginner
4154,97,beginner
4154,99,beginner
4154,65,beginner
4154,70,beginner
4155,80,beginner
4155,76,advanced
4155,77,beginner
4155,66,beginner
4155,65,beginner
4155,70,intermediate
4156,80,none
4156,78,intermediate
4156,85,beginner
4156,84,beginner
4156,86,none
4156,88,beginner
4156,83,beginner
4156,59,intermediate
4156,60,intermediate
4156,57,beginner
4156,63,intermediate
4157,109,beginner
4157,106,beginner
4157,107,intermediate
4157,116,beginner
4157,117,intermediate
4157,118,none
4157,119,beginner
4158,72,beginner
4158,73,beginner
4158,75,none
4158,74,beginner
4158,71,none
4158,66,none
4158,65,beginner
4158,67,beginner
4158,68,intermediate
4158,84,beginner
4158,86,beginner
4158,81,none
4159,103,beginner
4159,97,beginner
4159,96,beginner
4159,101,intermediate
4159,99,advanced
4159,57,intermediate
4159,60,none
4159,63,beginner
4160,24,beginner
4160,25,beginner
4160,28,beginner
4160,42,intermediate
4160,38,beginner
4160,36,beginner
4160,40,beginner
4161,121,beginner
4161,123,intermediate
4161,122,intermediate
4161,120,beginner
4161,104,intermediate
4161,109,intermediate
4161,106,beginner
4161,107,none
4162,24,beginner
4162,23,beginner
4162,25,intermediate
4162,26,beginner
4162,27,none
4162,3,beginner
4162,5,beginner
4162,8,beginner
4162,9,beginner
4162,6,beginner
4163,24,beginner
4163,27,beginner
4163,44,intermediate
4163,47,none
4163,32,intermediate
4163,31,intermediate
4163,34,beginner
4164,72,beginner
4164,71,none
4164,66,beginner
4164,69,none
4165,97,beginner
4165,103,intermediate
4165,98,beginner
4165,76,beginner
4165,80,none
4165,77,intermediate
4165,79,beginner
4165,60,intermediate
4165,64,intermediate
4166,149,beginner
4166,146,beginner
4166,148,none
4166,138,beginner
4166,135,beginner
4166,136,intermediate
4166,140,beginner
4167,123,intermediate
4167,121,none
4167,120,none
4167,122,beginner
4167,110,intermediate
4167,111,beginner
4167,115,beginner
4168,117,beginner
4168,119,intermediate
4168,114,beginner
4168,111,none
4168,110,intermediate
4168,113,none
4169,14,beginner
4169,19,intermediate
4169,32,beginner
4169,33,beginner
4169,31,intermediate
4169,30,intermediate
4170,72,beginner
4170,73,beginner
4170,75,beginner
4170,57,beginner
4170,59,beginner
4170,63,beginner
4171,149,intermediate
4171,146,beginner
4171,147,beginner
4171,128,intermediate
4171,129,beginner
4172,37,intermediate
4172,44,beginner
4172,43,beginner
4172,1,beginner
4172,5,none
4172,3,intermediate
4172,6,beginner
4172,33,beginner
4172,32,beginner
4172,35,beginner
4173,121,intermediate
4173,123,intermediate
4173,122,none
4173,120,intermediate
4173,116,beginner
4173,117,intermediate
4173,118,beginner
4174,84,intermediate
4174,85,beginner
4174,86,beginner
4174,81,beginner
4174,57,none
4174,63,beginner
4175,54,none
4175,48,beginner
4175,51,beginner
4175,13,beginner
4175,14,beginner
4175,20,none
4175,21,none
4175,32,beginner
4175,33,beginner
4175,31,beginner
4175,34,beginner
4176,80,beginner
4176,76,beginner
4176,78,beginner
4176,77,beginner
4176,94,intermediate
4176,92,none
4177,37,none
4177,44,beginner
4177,45,beginner
4177,3,beginner
4177,8,none
4177,9,intermediate
4177,54,beginner
4177,56,intermediate
4177,53,beginner
4178,25,none
4178,24,intermediate
4178,26,beginner
4178,31,beginner
4178,33,none
4178,32,beginner
4178,35,beginner
4179,1,beginner
4179,5,beginner
4179,8,beginner
4179,6,intermediate
4179,10,beginner
4179,14,beginner
4179,19,beginner
4180,54,beginner
4180,48,none
4180,49,beginner
4180,52,intermediate
4180,31,none
4180,32,beginner
4180,35,beginner
4180,38,beginner
4180,47,beginner
4181,37,beginner
4181,38,beginner
4181,36,beginner
4181,40,beginner
4181,24,beginner
4181,25,beginner
4181,23,beginner
4181,22,beginner
4182,114,beginner
4182,112,beginner
4182,121,beginner
4182,123,beginner
4182,122,beginner
4183,23,none
4183,25,beginner
4183,24,intermediate
4183,26,beginner
4183,22,beginner
4183,1,intermediate
4183,8,intermediate
4183,2,beginner
4184,117,none
4184,116,beginner
4184,118,beginner
4184,109,beginner
4184,106,beginner
4184,105,intermediate
4185,73,none
4185,72,none
4185,75,intermediate
4185,74,beginner
4185,76,beginner
4185,78,intermediate
4186,56,beginner
4186,48,beginner
4186,52,none
4186,37,none
4186,47,beginner
4187,32,none
4187,31,intermediate
4187,35,beginner
4187,14,beginner
4187,16,beginner
4188,149,beginner
4188,146,beginner
4188,147,beginner
4188,148,beginner
4188,138,beginner
4188,136,beginner
4188,135,beginner
4188,137,beginner
4188,139,beginner
4188,131,none
4188,128,beginner
4188,132,beginner
4189,76,none
4189,80,beginner
4189,79,beginner
4189,66,intermediate
4189,65,beginner
4189,67,beginner
4189,68,none
4189,69,beginner
4189,89,beginner
4189,94,intermediate
4189,93,beginner
4190,154,intermediate
4190,151,none
4190,150,intermediate
4190,152,none
4190,128,beginner
4190,131,beginner
4190,134,none
4190,133,intermediate
4190,132,beginner
4191,3,beginner
4191,1,none
4191,5,beginner
4191,4,beginner
4191,7,beginner
4191,37,beginner
4191,36,beginner
4191,42,none
4191,47,beginner
4192,110,beginner
4192,111,beginner
4192,114,beginner
4192,115,none
4192,112,beginner
4192,126,beginner
4192,127,beginner
4192,125,intermediate
4192,124,intermediate
4193,126,intermediate
4193,127,intermediate
4193,124,intermediate
4193,106,beginner
4193,109,intermediate
4193,108,beginner
4194,151,intermediate
4194,154,beginner
4194,152,intermediate
4194,153,beginner
4194,150,intermediate
4194,146,beginner
4194,148,intermediate
4195,24,beginner
4195,25,none
4195,23,intermediate
4195,26,beginner
4195,33,beginner
4195,32,beginner
4195,31,intermediate
4195,35,none
4195,34,intermediate
4196,149,beginner
4196,147,beginner
4196,142,beginner
4196,145,none
4197,38,beginner
4197,37,beginner
4197,44,beginner
4197,45,intermediate
4197,11,none
4197,20,none
4197,13,beginner
4197,16,intermediate
4197,18,beginner
4198,110,beginner
4198,111,beginner
4198,114,intermediate
4198,115,beginner
4198,126,beginner
4198,125,intermediate
4198,116,beginner
4198,117,beginner
4198,118,beginner
4199,86,intermediate
4199,81,beginner
4199,65,none
4199,66,beginner
4199,67,beginner
4199,68,intermediate
4199,69,intermediate
4200,85,beginner
4200,86,intermediate
4200,84,none
4200,88,beginner
4200,96,beginner
4200,102,intermediate
4200,66,beginner
4200,68,intermediate
4201,3,beginner
4201,5,none
4201,8,beginner
4201,7,none
4201,31,intermediate
4201,29,advanced
4202,116,none
4202,117,none
4202,118,beginner
4202,110,intermediate
4202,111,intermediate
4202,114,beginner
4202,115,beginner
4203,24,beginner
4203,22,beginner
4203,54,intermediate
4203,49,none
4203,48,beginner
4203,53,beginner
4204,67,advanced
4204,68,intermediate
4204,76,beginner
4204,80,intermediate
4204,79,beginner
4204,78,beginner
4205,84,beginner
4205,85,beginner
4205,86,beginner
4205,81,none
4205,87,intermediate
4205,95,none
4205,92,beginner
4206,116,none
4206,117,intermediate
4206,119,beginner
4206,118,beginner
4206,106,intermediate
4206,104,intermediate
4206,107,beginner
4207,60,beginner
4207,59,beginner
4207,57,none
4207,62,beginner
4207,103,intermediate
4207,98,beginner
4208,72,beginner
4208,75,intermediate
4208,94,beginner
4208,89,none
4208,95,beginner
4208,92,intermediate
4208,91,beginner
4209,72,beginner
4209,73,none
4209,71,none
4209,66,beginner
4209,70,beginner
4210,72,intermediate
4210,73,beginner
4210,74,beginner
4210,75,beginner
4210,59,beginner
4210,57,beginner
4210,61,beginner
4211,86,none
4211,85,beginner
4211,81,none
4211,73,beginner
4211,75,intermediate
4212,114,beginner
4212,110,beginner
4212,111,beginner
4212,113,beginner
4212,123,beginner
4212,122,beginner
4213,123,beginner
4213,121,beginner
4213,120,beginner
4213,122,intermediate
4213,104,beginner
4213,109,intermediate
4213,107,intermediate
4214,97,beginner
4214,98,beginner
4214,57,beginner
4214,59,intermediate
4214,60,beginner
4214,63,intermediate
4215,1,beginner
4215,9,beginner
4215,25,beginner
4215,24,beginner
4215,27,beginner
4216,84,beginner
4216,85,none
4216,82,beginner
4216,96,beginner
4216,97,none
4216,103,beginner
4216,102,none
4217,37,beginner
4217,38,intermediate
4217,42,beginner
4217,40,beginner
4217,39,beginner
4217,24,beginner
4217,25,intermediate
4217,23,beginner
4217,27,beginner
4218,48,intermediate
4218,56,beginner
4218,52,intermediate
4218,23,beginner
4218,24,beginner
4218,26,beginner
4219,114,intermediate
4219,111,intermediate
4219,110,beginner
4219,115,beginner
4219,106,beginner
4219,104,beginner
4219,105,none
4220,20,beginner
4220,13,beginner
4220,10,beginner
4220,19,beginner
4220,12,beginner
4220,56,none
4220,49,advanced
4220,54,intermediate
4220,55,beginner
4220,52,intermediate
4221,86,intermediate
4221,81,none
4221,96,beginner
4221,101,beginner
4222,149,beginner
4222,146,beginner
4222,148,intermediate
4222,151,beginner
4222,154,beginner
4222,153,beginner
4223,5,beginner
4223,4,beginner
4223,23,intermediate
4223,25,beginner
4223,26,intermediate
4224,56,beginner
4224,53,intermediate
4224,31,beginner
4224,30,none
4225,20,intermediate
4225,13,intermediate
4225,10,beginner
4225,12,beginner
4225,18,intermediate
4225,8,beginner
4225,1,beginner
4225,9,beginner
4226,24,beginner
4226,26,beginner
4226,10,intermediate
4226,14,beginner
4226,12,beginner
4227,106,intermediate
4227,109,beginner
4227,104,beginner
4227,105,beginner
4227,108,beginner
4227,111,intermediate
4227,110,beginner
4227,112,none
4228,121,intermediate
4228,123,beginner
4228,122,beginner
4228,120,intermediate
4228,117,beginner
4228,116,beginner
4228,118,none
4228,119,intermediate
4228,127,intermediate
4228,126,none
4228,125,beginner
4228,124,beginner
4229,73,beginner
4229,72,beginner
4229,75,beginner
4229,86,none
4229,85,intermediate
4229,83,beginner
4230,31,beginner
4230,33,beginner
4230,29,beginner
4230,23,beginner
4230,25,advanced
4230,24,beginner
4230,28,beginner
4231,97,beginner
4231,96,beginner
4231,103,beginner
4231,98,beginner
4231,101,beginner
4231,57,intermediate
4231,60,beginner
4231,59,beginner
4231,62,intermediate
4232,44,none
4232,47,beginner
4232,25,beginner
4232,23,beginner
4232,24,beginner
4232,28,intermediate
4233,97,beginner
4233,100,beginner
4233,66,beginner
4233,65,beginner
4233,67,beginner
4233,70,intermediate
4234,95,beginner
4234,89,beginner
4234,90,beginner
4234,96,intermediate
4234,101,none
4234,72,beginner
4234,73,intermediate
4234,75,none
4234,74,beginner
4235,24,beginner
4235,25,beginner
4235,27,none
4235,5,beginner
4235,8,none
4235,4,beginner
4236,114,intermediate
4236,110,beginner
4236,111,intermediate
4236,113,beginner
4236,123,intermediate
4236,121,beginner
4236,120,none
4236,122,beginner
4237,123,beginner
4237,120,beginner
4237,110,intermediate
4237,111,beginner
4237,114,intermediate
4237,113,beginner
4238,11,beginner
4238,16,intermediate
4238,33,intermediate
4238,31,beginner
4238,32,intermediate
4238,29,beginner
4238,30,intermediate
4238,5,none
4238,8,beginner
4238,3,intermediate
4238,6,intermediate
4238,2,intermediate
4239,97,intermediate
4239,96,beginner
4239,103,intermediate
4239,101,beginner
4239,98,beginner
4239,95,beginner
4239,89,beginner
4239,94,intermediate
4239,90,beginner
4239,91,beginner
4240,59,beginner
4240,57,beginner
4240,60,intermediate
4240,63,intermediate
4240,95,beginner
4240,94,intermediate
4240,91,beginner
4240,96,beginner
4240,103,beginner
4240,99,beginner
4241,32,beginner
4241,31,none
4241,33,beginner
4241,29,intermediate
4241,30,beginner
4241,25,none
4241,24,beginner
4241,27,beginner
4242,25,beginner
4242,23,intermediate
4242,24,none
4242,28,beginner
4242,27,beginner
4242,20,none
4242,14,none
4242,11,intermediate
4242,15,beginner
4243,80,beginner
4243,79,beginner
4243,57,beginner
4243,60,beginner
4243,63,beginner
4244,136,intermediate
4244,135,beginner
4244,137,none
4244,142,beginner
4244,141,none
4244,145,beginner
4244,131,intermediate
4244,134,intermediate
4244,129,advanced
4245,72,beginner
4245,73,beginner
4245,75,beginner
4245,74,beginner
4245,71,beginner
4245,60,beginner
4245,59,intermediate
4245,61,intermediate
4246,84,beginner
4246,86,beginner
4246,85,intermediate
4246,82,advanced
4246,97,intermediate
4246,103,intermediate
4246,102,beginner
4247,73,beginner
4247,72,beginner
4247,71,beginner
4247,89,none
4247,94,beginner
4247,91,beginner
4248,37,intermediate
4248,36,beginner
4248,46,intermediate
4248,31,advanced
4248,32,beginner
4248,30,beginner
4248,23,beginner
4248,25,beginner
4248,24,beginner
4248,28,beginner
4248,26,beginner
4249,10,beginner
4249,13,beginner
4249,12,intermediate
4249,36,none
4249,37,beginner
4249,45,advanced
4250,49,beginner
4250,55,none
4250,10,advanced
4250,11,beginner
4250,13,beginner
4250,21,intermediate
4250,17,intermediate
4251,131,beginner
4251,132,intermediate
4251,154,advanced
4251,150,intermediate
4252,126,beginner
4252,127,beginner
4252,124,none
4252,125,beginner
4252,123,beginner
4252,121,beginner
4252,122,none
4252,120,intermediate
4252,106,beginner
4252,108,intermediate
4253,149,beginner
4253,146,none
4253,148,beginner
4253,138,beginner
4253,135,beginner
4253,139,beginner
4253,154,beginner
4253,151,beginner
4253,150,advanced
4253,152,intermediate
4254,25,beginner
4254,24,beginner
4254,26,beginner
4254,49,none
4254,48,none
4254,54,intermediate
4254,51,intermediate
4254,55,beginner
4255,76,beginner
4255,78,none
4255,60,intermediate
4255,59,beginner
4255,63,intermediate
4255,73,beginner
4255,72,beginner
4255,75,beginner
4256,94,beginner
4256,89,intermediate
4256,95,none
4256,92,intermediate
4256,57,intermediate
4256,59,beginner
4256,58,beginner
4256,86,beginner
4256,85,beginner
4256,84,beginner
4256,83,beginner
4257,14,beginner
4257,13,advanced
4257,15,none
4257,23,intermediate
4257,22,intermediate
4257,31,none
4257,32,beginner
4257,34,beginner
4258,24,intermediate
4258,26,beginner
4258,31,none
4258,35,beginner
4259,104,beginner
4259,109,beginner
4259,106,beginner
4259,105,beginner
4259,107,beginner
4259,126,none
4259,127,intermediate
4259,124,beginner
4259,125,beginner
4260,72,beginner
4260,73,beginner
4260,74,beginner
4260,65,beginner
4260,67,beginner
4260,66,beginner
4260,70,beginner
4260,68,none
4261,76,beginner
4261,78,beginner
4261,97,beginner
4261,103,none
4261,96,beginner
4261,101,beginner
4262,44,beginner
4262,45,advanced
4262,5,beginner
4262,7,beginner
4263,76,none
4263,77,beginner
4263,94,beginner
4263,92,beginner
4263,59,none
4263,60,beginner
4263,61,beginner
4264,5,beginner
4264,3,advanced
4264,1,none
4264,7,intermediate
4264,24,intermediate
4264,25,intermediate
4264,23,beginner
4264,22,beginner
4264,26,beginner
4265,25,beginner
4265,26,beginner
4265,33,beginner
4265,31,beginner
4265,30,beginner
4266,94,beginner
4266,89,beginner
4266,90,beginner
4266,72,none
4266,73,beginner
4266,75,beginner
4266,76,intermediate
4266,80,beginner
4266,77,intermediate
4267,42,beginner
4267,46,beginner
4267,20,intermediate
4267,11,beginner
4267,15,intermediate
4268,151,beginner
4268,154,beginner
4268,152,intermediate
4268,138,beginner
4268,136,intermediate
4268,135,none
4268,140,none
4268,134,none
4268,128,beginner
4268,131,beginner
4268,129,beginner
4269,94,intermediate
4269,89,none
4269,90,intermediate
4269,80,beginner
4269,76,beginner
4269,77,beginner
4270,13,beginner
4270,11,none
4270,19,none
4270,5,beginner
4270,8,intermediate
4270,3,beginner
4270,2,beginner
4270,6,beginner
4270,31,beginner
4270,32,intermediate
4270,35,none
4271,14,beginner
4271,11,intermediate
4271,10,beginner
4271,16,intermediate
4271,12,intermediate
4271,37,beginner
4271,38,none
4271,43,beginner
4272,106,none
4272,104,none
4272,107,intermediate
4272,111,beginner
4272,114,beginner
4272,110,beginner
4272,113,beginner
4273,44,intermediate
4273,36,beginner
4273,38,beginner
4273,46,intermediate
4273,25,intermediate
4273,24,beginner
4273,26,beginner
4273,31,none
4273,32,none
4273,29,beginner
4274,48,beginner
4274,49,beginner
4274,54,intermediate
4274,55,beginner
4274,51,beginner
4274,37,beginner
4274,44,beginner
4274,43,advanced
4275,36,none
4275,47,beginner
4275,11,beginner
4275,13,beginner
4275,10,beginner
4275,12,beginner
4276,48,beginner
4276,49,intermediate
4276,56,none
4276,51,beginner
4276,53,beginner
4276,3,advanced
4276,1,beginner
4276,5,beginner
4276,6,intermediate
4276,4,none
4277,97,none
4277,103,intermediate
4277,96,intermediate
4277,98,beginner
4277,102,intermediate
4277,57,beginner
4277,59,none
4277,61,beginner
4278,67,beginner
4278,66,beginner
4278,65,beginner
4278,70,intermediate
4278,86,beginner
4278,84,beginner
4278,85,beginner
4278,83,beginner
4279,54,beginner
4279,56,none
4279,49,beginner
4279,55,beginner
4279,51,intermediate
4279,1,beginner
4279,5,advanced
4279,2,none
4280,123,beginner
4280,121,intermediate
4280,122,intermediate
4280,120,none
4280,110,none
4280,113,beginner
4281,49,beginner
4281,54,intermediate
4281,56,beginner
4281,52,beginner
4281,3,beginner
4281,5,beginner
4281,8,beginner
4281,2,beginner
4282,73,beginner
4282,71,beginner
4282,57,intermediate
4282,60,beginner
4282,59,beginner
4282,62,beginner
4282,64,beginner
4283,36,none
4283,44,advanced
4283,47,beginner
4283,54,beginner
4283,49,beginner
4283,51,intermediate
4283,8,beginner
4283,9,intermediate
4284,73,intermediate
4284,72,beginner
4284,74,beginner
4284,75,none
4284,71,beginner
4284,57,beginner
4284,59,none
4284,61,beginner
4284,80,beginner
4284,76,beginner
4284,79,beginner
4285,56,beginner
4285,52,none
4285,3,beginner
4285,8,beginner
4285,5,beginner
4285,4,intermediate
4285,2,beginner
4286,65,beginner
4286,68,none
4286,59,intermediate
4286,57,beginner
4286,60,advanced
4286,63,intermediate
4286,64,intermediate
4287,33,beginner
4287,32,beginner
4287,30,none
4287,42,none
4287,36,intermediate
4287,44,none
4287,41,beginner
4287,47,beginner
4288,135,beginner
4288,138,beginner
4288,136,intermediate
4288,137,none
4288,139,beginner
4288,141,beginner
4288,145,beginner
4289,56,none
4289,50,intermediate
4289,3,intermediate
4289,5,beginner
4289,1,intermediate
4289,4,beginner
4289,6,none
4290,138,beginner
4290,135,intermediate
4290,136,none
4290,137,beginner
4290,139,beginner
4290,149,intermediate
4290,146,intermediate
4290,148,advanced
4291,138,beginner
4291,136,beginner
4291,140,beginner
4291,154,intermediate
4291,153,intermediate
4292,31,beginner
4292,30,beginner
4292,54,beginner
4292,48,beginner
4292,52,beginner
4292,3,beginner
4292,6,beginner
4293,1,beginner
4293,3,beginner
4293,8,beginner
4293,2,beginner
4293,37,beginner
4293,38,beginner
4293,39,beginner
4294,36,intermediate
4294,38,intermediate
4294,44,none
4294,45,beginner
4294,47,intermediate
4294,23,intermediate
4294,24,intermediate
4294,25,intermediate
4294,27,beginner
4294,22,beginner
4295,146,beginner
4295,149,intermediate
4295,147,beginner
4295,138,beginner
4295,135,beginner
4295,136,beginner
4295,137,beginner
4295,139,beginner
4296,94,none
4296,95,beginner
4296,89,none
4296,90,none
4296,92,none
4296,60,intermediate
4296,59,beginner
4296,57,beginner
4296,61,beginner
4297,67,intermediate
4297,69,beginner
4297,86,intermediate
4297,83,beginner
4298,3,beginner
4298,4,intermediate
4298,31,beginner
4298,33,beginner
4298,32,intermediate
4298,30,beginner
4299,116,beginner
4299,117,none
4299,119,none
4299,110,none
4299,111,beginner
4299,114,beginner
4299,115,intermediate
4299,113,intermediate
4300,24,intermediate
4300,25,beginner
4300,23,beginner
4300,26,beginner
4300,32,none
4300,33,none
4300,31,beginner
4300,29,intermediate
4301,48,intermediate
4301,51,beginner
4301,13,advanced
4301,10,none
4301,12,intermediate
4302,23,beginner
4302,24,intermediate
4302,28,beginner
4302,5,beginner
4302,1,beginner
4302,2,beginner
4303,65,beginner
4303,68,none
4303,86,intermediate
4303,84,beginner
4303,85,none
4303,81,beginner
4303,88,advanced
4303,94,beginner
4303,89,beginner
4303,95,beginner
4303,90,beginner
4304,123,beginner
4304,122,beginner
4304,114,intermediate
4304,110,beginner
4304,111,beginner
4304,115,none
4305,104,beginner
4305,109,intermediate
4305,105,beginner
4305,123,beginner
4305,120,beginner
4306,32,none
4306,31,none
4306,35,none
4306,3,beginner
4306,5,beginner
4306,4,intermediate
4307,1,beginner
4307,8,beginner
4307,3,beginner
4307,9,beginner
4307,33,beginner
4307,31,beginner
4307,30,beginner
4308,109,beginner
4308,104,none
4308,106,advanced
4308,105,intermediate
4308,108,beginner
4308,117,beginner
4308,116,intermediate
4308,118,advanced
4308,119,none
4309,72,beginner
4309,73,none
4309,74,intermediate
4309,75,beginner
4309,59,beginner
4309,57,beginner
4309,64,beginner
4310,14,intermediate
4310,13,beginner
4310,10,beginner
4310,19,none
4310,36,beginner
4310,46,beginner
4310,25,intermediate
4310,23,beginner
4310,24,none
4310,22,beginner
4310,26,beginner
4311,8,beginner
4311,3,beginner
4311,9,beginner
4311,32,beginner
4311,31,beginner
4311,30,intermediate
4311,56,beginner
4311,48,beginner
4311,54,beginner
4311,52,beginner
4312,85,none
4312,86,beginner
4312,84,intermediate
4312,81,beginner
4312,88,beginner
4312,76,beginner
4312,77,beginner
4312,66,beginner
4312,69,intermediate
4313,154,intermediate
4313,151,intermediate
4313,153,intermediate
4313,150,beginner
4313,128,none
4313,134,intermediate
4313,129,beginner
4314,73,beginner
4314,72,beginner
4314,71,intermediate
4314,103,beginner
4314,96,beginner
4314,101,beginner
4314,95,none
4314,94,beginner
4314,91,beginner
4315,1,beginner
4315,2,beginner
4315,48,advanced
4315,54,beginner
4315,56,beginner
4315,52,beginner
4316,123,beginner
4316,121,none
4316,122,beginner
4316,116,beginner
4316,117,intermediate
4316,118,beginner
4317,8,beginner
4317,1,beginner
4317,3,intermediate
4317,4,beginner
4317,38,beginner
4317,36,beginner
4317,37,beginner
4317,40,beginner
4318,110,none
4318,111,beginner
4318,115,intermediate
4318,104,beginner
4318,109,beginner
4318,106,intermediate
4318,108,none
4318,105,beginner
4319,38,intermediate
4319,36,beginner
4319,42,beginner
4319,45,intermediate
4319,49,intermediate
4319,50,beginner
4320,49,beginner
4320,48,none
4320,52,none
4320,5,none
4320,3,beginner
4320,1,none
4320,9,intermediate
4320,20,none
4320,19,beginner
4321,94,beginner
4321,95,beginner
4321,90,intermediate
4321,103,beginner
4321,101,beginner
4322,37,beginner
4322,42,beginner
4322,36,intermediate
4322,47,beginner
4322,25,beginner
4322,23,beginner
4322,24,beginner
4322,26,beginner
4323,10,beginner
4323,18,none
4323,37,intermediate
4323,40,none
4324,59,beginner
4324,60,intermediate
4324,57,none
4324,61,beginner
4324,86,beginner
4324,84,beginner
4324,81,beginner
4325,123,intermediate
4325,120,beginner
4325,126,none
4325,127,none
4325,124,intermediate
4326,114,intermediate
4326,110,intermediate
4326,111,beginner
4326,113,advanced
4326,115,beginner
4326,106,beginner
4326,109,intermediate
4326,105,beginner
4327,32,beginner
4327,35,beginner
4327,36,beginner
4327,39,intermediate
4328,23,beginner
4328,25,intermediate
4328,27,beginner
4328,36,none
4328,42,intermediate
4328,37,intermediate
4328,40,intermediate
4329,59,beginner
4329,57,intermediate
4329,60,none
4329,62,beginner
4329,64,intermediate
4329,80,beginner
4329,76,intermediate
4329,78,beginner
4329,85,beginner
4329,84,beginner
4329,87,none
4330,49,none
4330,56,beginner
4330,48,beginner
4330,52,beginner
4330,24,none
4330,25,beginner
4330,26,beginner
4331,1,intermediate
4331,3,intermediate
4331,6,beginner
4331,56,beginner
4331,49,beginner
4331,48,intermediate
4331,53,intermediate
4331,55,intermediate
4332,121,beginner
4332,123,beginner
4332,120,beginner
4332,122,intermediate
4332,114,beginner
4332,110,none
4332,111,beginner
4332,113,beginner
4332,112,beginner
4333,141,beginner
4333,142,beginner
4333,144,beginner
4333,145,beginner
4333,143,beginner
4333,136,none
4333,135,beginner
4333,139,beginner
4333,149,none
4333,148,beginner
4334,23,beginner
4334,24,beginner
4334,26,beginner
4334,37,beginner
4334,39,none
4335,121,beginner
4335,123,beginner
4335,120,beginner
4335,122,beginner
4335,114,beginner
4335,112,beginner
4336,65,intermediate
4336,66,none
4336,67,none
4336,70,intermediate
4336,84,intermediate
4336,88,beginner
4336,76,beginner
4336,80,beginner
4336,78,beginner
4337,32,beginner
4337,31,beginner
4337,33,beginner
4337,29,intermediate
4337,14,beginner
4337,13,beginner
4337,10,beginner
4337,21,beginner
4338,103,intermediate
4338,99,beginner
4338,60,beginner
4338,57,none
4338,59,intermediate
4338,62,beginner
4338,86,beginner
4338,85,intermediate
4338,82,none
4339,5,beginner
4339,3,intermediate
4339,1,beginner
4339,2,beginner
4339,38,beginner
4339,42,none
4339,45,intermediate
4340,20,intermediate
4340,14,beginner
4340,18,intermediate
4340,42,intermediate
4340,37,beginner
4340,40,beginner
4341,142,intermediate
4341,141,beginner
4341,143,advanced
4341,138,intermediate
4341,136,advanced
4341,135,intermediate
4341,140,beginner
4342,86,beginner
4342,84,beginner
4342,85,none
4342,87,intermediate
4342,72,beginner
4342,73,beginner
4342,75,none
4343,8,beginner
4343,3,beginner
4343,1,intermediate
4343,6,intermediate
4343,9,beginner
4343,31,beginner
4343,32,none
4343,33,beginner
4343,34,none
4344,94,beginner
4344,95,none
4344,89,none
4344,93,beginner
4344,91,intermediate
4344,103,intermediate
4344,101,beginner
4345,128,beginner
4345,134,beginner
4345,130,intermediate
4345,154,beginner
4345,152,beginner
4346,25,beginner
4346,24,none
4346,23,beginner
4346,22,advanced
4346,54,none
4346,49,beginner
4346,48,intermediate
4346,53,intermediate
4346,37,beginner
4346,38,intermediate
4346,44,intermediate
4346,47,beginner
4347,142,beginner
4347,141,beginner
4347,144,beginner
4347,154,beginner
4347,151,beginner
4347,153,none
4347,152,beginner
4347,150,beginner
4348,116,beginner
4348,117,beginner
4348,119,beginner
4348,118,beginner
4348,111,intermediate
4348,110,none
4348,113,intermediate
4348,127,intermediate
4348,126,intermediate
4348,124,intermediate
4349,25,beginner
4349,23,beginner
4349,24,intermediate
4349,22,intermediate
4349,36,none
4349,37,beginner
4349,47,beginner
4350,85,none
4350,84,beginner
4350,83,intermediate
4350,95,beginner
4350,89,intermediate
4350,93,intermediate
4351,65,intermediate
4351,67,beginner
4351,66,intermediate
4351,70,beginner
4351,69,beginner
4351,95,intermediate
4351,89,beginner
4351,92,beginner
4351,97,intermediate
4351,99,beginner
4352,111,beginner
4352,112,beginner
4352,117,beginner
4352,116,none
4352,118,beginner
4353,56,beginner
4353,55,intermediate
4353,31,none
4353,30,beginner
4354,48,beginner
4354,56,beginner
4354,55,beginner
4354,37,beginner
4354,40,intermediate
4355,25,beginner
4355,24,beginner
4355,23,beginner
4355,22,none
4355,10,beginner
4355,14,intermediate
4355,20,beginner
4355,21,beginner
4356,96,intermediate
4356,97,beginner
4356,103,beginner
4356,102,intermediate
4356,98,beginner
4356,66,beginner
4356,65,beginner
4356,67,beginner
4356,70,beginner
4356,68,beginner
4357,111,intermediate
4357,112,beginner
4357,127,intermediate
4357,126,beginner
4357,124,beginner
4357,121,none
4357,123,beginner
4357,120,beginner
4357,122,none
4358,123,beginner
4358,121,beginner
4358,122,beginner
4358,120,beginner
4358,111,none
4358,110,intermediate
4358,112,beginner
4359,96,beginner
4359,103,beginner
4359,97,intermediate
4359,100,beginner
4359,80,beginner
4359,76,beginner
4359,78,advanced
4359,79,intermediate
4359,77,beginner
4360,8,beginner
4360,3,beginner
4360,5,beginner
4360,4,beginner
4360,37,beginner
4360,36,beginner
4360,44,beginner
4360,41,beginner
4360,40,beginner
4361,25,none
4361,27,beginner
4361,36,none
4361,46,beginner
4362,110,intermediate
4362,112,intermediate
4362,104,beginner
4362,106,intermediate
4362,107,beginner
4362,117,beginner
4362,116,none
4362,118,none
4363,86,beginner
4363,85,intermediate
4363,84,beginner
4363,81,beginner
4363,66,beginner
4363,67,beginner
4363,65,beginner
4363,70,intermediate
4364,104,intermediate
4364,109,beginner
4364,105,intermediate
4364,116,beginner
4364,117,intermediate
4364,119,intermediate
4364,127,beginner
4364,126,beginner
4364,125,beginner
4365,32,beginner
4365,31,beginner
4365,34,intermediate
4365,54,beginner
4365,48,beginner
4365,56,intermediate
4365,55,beginner
4366,5,none
4366,8,beginner
4366,3,beginner
4366,7,intermediate
4366,6,beginner
4366,33,beginner
4366,32,beginner
4366,29,none
4367,151,beginner
4367,150,beginner
4367,149,beginner
4367,147,beginner
4368,11,beginner
4368,20,intermediate
4368,17,beginner
4368,33,beginner
4368,32,intermediate
4368,29,advanced
4369,38,intermediate
4369,40,beginner
4369,8,beginner
4369,5,intermediate
4369,3,beginner
4369,4,beginner
4370,86,none
4370,85,advanced
4370,84,none
4370,87,intermediate
4370,81,beginner
4370,80,beginner
4370,76,none
4370,79,intermediate
4370,77,beginner
4370,78,beginner
4370,67,intermediate
4370,66,beginner
4370,69,advanced
4371,59,beginner
4371,60,intermediate
4371,62,none
4371,66,beginner
4371,67,beginner
4371,65,beginner
4371,68,beginner
4371,86,none
4371,87,beginner
4372,154,intermediate
4372,151,beginner
4372,150,intermediate
4372,134,beginner
4372,129,beginner
4373,142,beginner
4373,141,intermediate
4373,145,intermediate
4373,128,beginner
4373,131,advanced
4373,129,beginner
4374,116,beginner
4374,117,beginner
4374,119,intermediate
4374,118,intermediate
4374,123,beginner
4374,121,beginner
4374,120,beginner
4374,122,none
4374,126,beginner
4374,127,beginner
4374,124,beginner
4374,125,intermediate
4375,49,beginner
4375,54,intermediate
4375,51,beginner
4375,13,intermediate
4375,20,intermediate
4375,17,beginner
4376,72,beginner
4376,73,advanced
4376,71,beginner
4376,97,beginner
4376,100,beginner
4376,66,beginner
4376,65,beginner
4376,67,beginner
4376,70,beginner
4376,69,none
4377,110,beginner
4377,114,advanced
4377,112,intermediate
4377,126,intermediate
4377,125,beginner
4378,56,advanced
4378,54,beginner
4378,48,beginner
4378,55,beginner
4378,13,intermediate
4378,20,beginner
4378,11,beginner
4378,21,beginner
4379,134,beginner
4379,131,beginner
4379,128,beginner
4379,132,beginner
4379,154,beginner
4379,153,beginner
4380,89,intermediate
4380,95,beginner
4380,91,none
4380,65,beginner
4380,66,beginner
4380,67,intermediate
4380,69,beginner
4380,70,beginner
4381,42,none
4381,36,beginner
4381,38,beginner
4381,40,beginner
4381,39,beginner
4381,20,none
4381,11,intermediate
4381,18,beginner
4382,66,beginner
4382,67,intermediate
4382,65,beginner
4382,69,intermediate
4382,76,intermediate
4382,80,none
4382,77,beginner
4382,79,none
4382,78,beginner
4382,59,intermediate
4382,60,beginner
4382,63,beginner
4383,72,beginner
4383,73,intermediate
4383,74,intermediate
4383,66,none
4383,65,beginner
4383,67,intermediate
4383,68,intermediate
4384,49,beginner
4384,53,none
4384,8,beginner
4384,5,beginner
4384,3,intermediate
4384,9,intermediate
4385,42,beginner
4385,41,beginner
4385,49,beginner
4385,48,beginner
4385,55,none
4385,3,beginner
4385,6,none
4386,109,beginner
4386,104,intermediate
4386,106,intermediate
4386,108,intermediate
4386,107,advanced
4386,121,beginner
4386,123,beginner
4386,120,beginner
4386,122,beginner
4386,126,intermediate
4386,127,beginner
4386,125,none
4386,124,beginner
4387,11,intermediate
4387,20,beginner
4387,17,intermediate
4387,49,beginner
4387,48,beginner
4387,54,intermediate
4387,55,intermediate
4388,3,beginner
4388,1,beginner
4388,5,none
4388,6,intermediate
4388,7,advanced
4388,48,beginner
4388,54,beginner
4388,49,intermediate
4388,52,beginner
4388,50,beginner
4389,59,intermediate
4389,57,beginner
4389,60,intermediate
4389,62,intermediate
4389,84,beginner
4389,86,beginner
4389,88,beginner
4390,104,none
4390,106,intermediate
4390,107,beginner
4390,116,beginner
4390,117,beginner
4390,119,beginner
4390,118,intermediate
4391,67,beginner
4391,69,intermediate
4391,97,none
4391,96,beginner
4391,98,beginner
4392,141,beginner
4392,142,beginner
4392,144,intermediate
4392,145,none
4392,154,beginner
4392,151,intermediate
4392,150,advanced
4393,141,beginner
4393,142,intermediate
4393,145,none
4393,151,beginner
4393,154,intermediate
4393,153,intermediate
4393,150,beginner
4393,152,beginner
4394,72,beginner
4394,73,beginner
4394,75,beginner
4394,95,beginner
4394,91,none
4394,97,beginner
4394,96,none
4394,103,intermediate
4394,99,beginner
4395,38,none
4395,44,beginner
4395,46,none
4395,33,none
4395,35,none
4395,23,beginner
4395,24,beginner
4395,22,beginner
4396,109,none
4396,106,beginner
4396,104,beginner
4396,105,beginner
4396,117,none
4396,116,beginner
4396,119,none
4396,118,beginner
4397,1,intermediate
4397,8,intermediate
4397,5,advanced
4397,6,intermediate
4397,38,beginner
4397,36,none
4397,46,none
4398,104,beginner
4398,105,intermediate
4398,117,beginner
4398,116,beginner
4398,119,intermediate
4399,86,beginner
4399,84,none
4399,85,intermediate
4399,81,intermediate
4399,82,none
4399,57,beginner
4399,60,beginner
4399,61,beginner
4399,94,beginner
4399,89,beginner
4399,95,none
4399,90,beginner
4399,91,beginner
4400,44,beginner
4400,36,none
4400,38,beginner
4400,41,intermediate
4400,31,beginner
4400,33,intermediate
4400,34,advanced
4401,66,beginner
4401,65,beginner
4401,67,intermediate
4401,68,beginner
4401,85,beginner
4401,86,beginner
4401,84,beginner
4401,81,intermediate
4402,65,advanced
4402,70,intermediate
4402,57,beginner
4402,60,none
4402,61,beginner
4403,142,beginner
4403,141,beginner
4403,144,intermediate
4403,143,beginner
4403,145,beginner
4403,136,intermediate
4403,138,beginner
4403,137,beginner
4404,37,beginner
4404,38,beginner
4404,36,beginner
4404,46,beginner
4404,54,advanced
4404,55,none
4405,154,intermediate
4405,151,beginner
4405,150,none
4405,152,intermediate
4405,134,intermediate
4405,128,none
4405,131,intermediate
4405,133,beginner
4406,44,beginner
4406,38,intermediate
4406,36,beginner
4406,46,beginner
4406,45,beginner
4406,25,beginner
4406,23,none
4406,26,beginner
4407,121,beginner
4407,120,intermediate
4407,104,none
4407,106,beginner
4407,109,none
4407,105,beginner
4407,107,beginner
4408,151,intermediate
4408,153,beginner
4408,136,intermediate
4408,138,none
4408,139,beginner
4409,54,beginner
4409,56,none
4409,55,intermediate
4409,36,beginner
4409,45,beginner
4410,31,beginner
4410,32,beginner
4410,33,advanced
4410,34,beginner
4410,29,none
4410,37,beginner
4410,41,beginner
4411,116,intermediate
4411,117,beginner
4411,118,beginner
4411,119,none
4411,121,intermediate
4411,123,intermediate
4411,120,beginner
4411,122,none
4412,121,none
4412,123,beginner
4412,122,intermediate
4412,120,beginner
4412,117,intermediate
4412,116,beginner
4412,119,beginner
4412,118,beginner
4413,42,none
4413,39,beginner
4413,5,intermediate
4413,8,beginner
4413,2,intermediate
4414,85,beginner
4414,87,none
4414,65,beginner
4414,66,beginner
4414,69,beginner
4415,121,beginner
4415,123,beginner
4415,122,beginner
4415,120,beginner
4415,104,intermediate
4415,109,intermediate
4415,107,beginner
4416,20,beginner
4416,14,none
4416,19,intermediate
4416,25,none
4416,24,beginner
4416,23,beginner
4416,27,beginner
4416,26,beginner
4417,89,beginner
4417,93,none
4417,66,beginner
4417,65,intermediate
4417,67,beginner
4417,69,beginner
4417,70,none
4418,48,beginner
4418,49,beginner
4418,50,beginner
4418,33,advanced
4418,32,intermediate
4418,31,beginner
4418,35,intermediate
4418,34,beginner
4419,14,none
4419,20,beginner
4419,19,beginner
4419,37,beginner
4419,42,intermediate
4419,36,intermediate
4419,45,beginner
4419,47,beginner
4420,127,beginner
4420,126,beginner
4420,125,beginner
4420,116,beginner
4420,118,beginner
4420,109,beginner
4420,104,beginner
4420,105,beginner
4421,3,intermediate
4421,5,beginner
4421,1,intermediate
4421,6,intermediate
4421,32,none
4421,33,none
4421,29,intermediate
4422,151,beginner
4422,154,beginner
4422,150,beginner
4422,152,beginner
4422,146,beginner
4422,149,none
4422,147,beginner
4422,148,intermediate
4423,72,beginner
4423,73,intermediate
4423,75,beginner
4423,71,none
4423,74,beginner
4423,96,beginner
4423,103,intermediate
4423,101,intermediate
4424,94,beginner
4424,90,beginner
4424,66,beginner
4424,65,beginner
4424,67,beginner
4424,70,beginner
4424,85,none
4424,84,beginner
4424,86,beginner
4424,88,intermediate
4425,24,beginner
4425,23,beginner
4425,28,beginner
4425,8,none
4425,4,none
4426,14,beginner
4426,19,beginner
4426,33,beginner
4426,32,beginner
4426,31,beginner
4426,34,beginner
4427,126,advanced
4427,125,beginner
4427,123,none
4427,120,beginner
4428,103,beginner
4428,97,beginner
4428,96,beginner
4428,101,beginner
4428,73,none
4428,72,beginner
4428,74,beginner
4428,75,beginner
4429,116,beginner
4429,117,beginner
4429,119,advanced
4429,118,beginner
4429,110,beginner
4429,114,intermediate
4429,111,none
4429,113,beginner
4429,112,advanced
4430,25,beginner
4430,24,beginner
4430,23,beginner
4430,27,intermediate
4430,33,beginner
4430,32,intermediate
4430,31,beginner
4430,35,beginner
4431,5,none
4431,1,none
4431,4,intermediate
4431,10,beginner
4431,13,beginner
4431,17,beginner
4431,56,intermediate
4431,51,beginner
4432,8,beginner
4432,5,beginner
4432,2,intermediate
4432,37,advanced
4432,41,beginner
4432,56,beginner
4432,48,intermediate
4432,49,beginner
4432,52,beginner
4433,116,intermediate
4433,118,none
4433,114,none
4433,110,beginner
4433,112,intermediate
4434,8,beginner
4434,9,none
4434,44,beginner
4434,38,beginner
4434,40,beginner
4435,57,none
4435,59,beginner
4435,64,beginner
4435,65,beginner
4435,67,intermediate
4435,66,beginner
4435,68,beginner
4435,70,intermediate
4436,73,intermediate
4436,72,beginner
4436,74,beginner
4436,71,intermediate
4436,75,none
4436,65,intermediate
4436,67,beginner
4436,69,intermediate
4437,33,beginner
4437,31,beginner
4437,35,none
4437,20,beginner
4437,11,beginner
4437,12,none
4438,57,beginner
4438,60,beginner
4438,59,intermediate
4438,63,none
4438,61,advanced
4438,76,beginner
4438,80,beginner
4438,77,beginner
4438,78,beginner
4438,72,advanced
4438,73,beginner
4438,75,beginner
4438,71,beginner
4438,74,beginner
4439,66,beginner
4439,65,intermediate
4439,68,intermediate
4439,85,beginner
4439,84,beginner
4439,83,beginner
4440,142,none
4440,141,beginner
4440,143,none
4440,145,beginner
4440,135,beginner
4440,138,none
4440,140,beginner
4441,24,beginner
4441,26,beginner
4441,14,intermediate
4441,10,intermediate
4441,12,beginner
4442,86,beginner
4442,83,beginner
4442,95,beginner
4442,91,beginner
4443,1,beginner
4443,2,beginner
4443,49,beginner
4443,48,beginner
4443,52,beginner
4444,110,intermediate
4444,113,beginner
4444,121,beginner
4444,123,none
4444,122,none
4444,120,none
4444,104,beginner
4444,109,intermediate
4444,106,intermediate
4444,108,beginner
4444,107,intermediate
4445,76,none
4445,80,beginner
4445,79,none
4445,96,none
4445,103,beginner
4445,97,intermediate
4445,102,beginner
4446,8,beginner
4446,1,advanced
4446,2,beginner
4446,25,beginner
4446,24,beginner
4446,26,intermediate
4447,116,intermediate
4447,117,beginner
4447,119,beginner
4447,106,beginner
4447,109,beginner
4447,104,intermediate
4447,107,beginner
4447,108,beginner
4448,103,beginner
4448,96,beginner
4448,98,none
4448,59,intermediate
4448,60,intermediate
4448,57,beginner
4448,58,beginner
4449,25,beginner
4449,23,intermediate
4449,24,intermediate
4449,22,beginner
4449,8,intermediate
4449,5,beginner
4449,1,advanced
4449,9,beginner
4450,73,beginner
4450,72,intermediate
4450,74,beginner
4450,75,beginner
4450,71,none
4450,89,beginner
4450,94,beginner
4450,93,intermediate
4451,42,beginner
4451,44,beginner
4451,45,beginner
4451,56,beginner
4451,54,beginner
4451,48,intermediate
4451,50,intermediate
4451,14,beginner
4451,10,beginner
4451,15,intermediate
4452,123,beginner
4452,121,intermediate
4452,122,intermediate
4452,120,beginner
4452,116,none
4452,117,beginner
4452,119,beginner
4452,118,none
4453,110,beginner
4453,111,none
4453,115,intermediate
4453,104,beginner
4453,106,advanced
4453,105,beginner
4454,104,beginner
4454,107,beginner
4454,126,beginner
4454,127,beginner
4454,125,beginner
4454,124,beginner
4454,117,none
4454,116,intermediate
4454,118,intermediate
4455,117,none
4455,116,beginner
4455,118,intermediate
4455,123,intermediate
4455,121,advanced
4455,120,intermediate
4455,127,beginner
4455,126,none
4455,125,none
4456,111,beginner
4456,112,intermediate
4456,123,beginner
4456,122,beginner
4457,38,beginner
4457,40,beginner
4457,56,beginner
4457,49,none
4457,50,beginner
4458,20,beginner
4458,13,beginner
4458,11,none
4458,12,beginner
4458,18,beginner
4458,38,intermediate
4458,43,intermediate
4459,37,intermediate
4459,43,beginner
4459,20,intermediate
4459,11,beginner
4459,12,intermediate
4459,32,beginner
4459,33,intermediate
4459,29,beginner
4460,136,none
4460,135,beginner
4460,138,intermediate
4460,137,intermediate
4460,139,beginner
4460,154,beginner
4460,150,beginner
4461,141,none
4461,142,intermediate
4461,143,intermediate
4461,136,beginner
4461,140,none
4462,126,beginner
4462,127,beginner
4462,125,none
4462,121,beginner
4462,123,beginner
4462,120,advanced
4463,25,beginner
4463,23,intermediate
4463,24,beginner
4463,22,none
4463,37,intermediate
4463,45,beginner
4463,14,intermediate
4463,13,beginner
4463,19,intermediate
4464,25,none
4464,24,beginner
4464,23,none
4464,26,beginner
4464,11,intermediate
4464,20,beginner
4464,17,advanced
4465,106,intermediate
4465,109,intermediate
4465,105,beginner
4465,116,beginner
4465,117,beginner
4465,119,beginner
4465,118,none
4466,54,beginner
4466,48,beginner
4466,50,beginner
4466,33,beginner
4466,32,beginner
4466,31,none
4466,34,intermediate
4466,30,beginner
4467,76,beginner
4467,77,beginner
4467,85,intermediate
4467,86,none
4467,87,intermediate
4468,23,beginner
4468,25,beginner
4468,24,beginner
4468,28,none
4468,44,beginner
4468,37,intermediate
4468,38,beginner
4468,47,intermediate
4468,39,none
4469,23,beginner
4469,25,none
4469,28,intermediate
4469,48,intermediate
4469,54,advanced
4469,53,none
4470,60,beginner
4470,57,intermediate
4470,58,beginner
4470,80,beginner
4470,76,beginner
4470,79,intermediate
4471,151,beginner
4471,150,none
4471,141,beginner
4471,142,beginner
4471,143,beginner
4472,104,beginner
4472,106,intermediate
4472,108,beginner
4472,126,beginner
4472,127,beginner
4472,125,beginner
4472,124,none
4473,84,beginner
4473,85,beginner
4473,81,beginner
4473,67,beginner
4473,65,intermediate
4473,70,beginner
4474,31,beginner
4474,32,intermediate
4474,33,beginner
4474,30,intermediate
4474,1,none
4474,8,none
4474,2,beginner
4475,128,none
4475,129,intermediate
4475,146,advanced
4475,149,intermediate
4475,148,beginner
4476,73,none
4476,71,beginner
4476,97,beginner
4476,103,beginner
4476,101,beginner
4476,60,beginner
4476,59,beginner
4476,57,beginner
4476,64,beginner
4476,62,intermediate
4477,59,intermediate
4477,60,beginner
4477,64,intermediate
4477,84,none
4477,85,intermediate
4477,88,beginner
4478,89,intermediate
4478,95,none
4478,94,none
4478,91,beginner
4478,76,intermediate
4478,80,beginner
4478,79,beginner
4478,78,intermediate
4478,77,intermediate
4478,97,intermediate
4478,100,none
4479,11,intermediate
4479,13,beginner
4479,20,beginner
4479,12,none
4479,25,beginner
4479,28,beginner
4480,5,beginner
4480,1,beginner
4480,6,beginner
4480,24,beginner
4480,25,beginner
4480,23,advanced
4480,22,intermediate
4480,20,none
4480,10,beginner
4480,13,beginner
4480,16,intermediate
4481,117,beginner
4481,116,intermediate
4481,119,beginner
4481,118,intermediate
4481,126,advanced
4481,127,beginner
4481,125,none
4482,86,intermediate
4482,84,none
4482,83,none
4482,80,beginner
4482,77,beginner
4483,20,beginner
4483,11,beginner
4483,10,none
4483,15,intermediate
4483,16,none
4483,23,beginner
4483,27,none
4484,5,advanced
4484,8,none
4484,1,beginner
4484,9,advanced
4484,6,intermediate
4484,31,beginner
4484,33,beginner
4484,32,beginner
4484,30,beginner
4484,29,beginner
4485,142,beginner
4485,141,beginner
4485,144,none
4485,154,beginner
4485,151,beginner
4485,152,none
4485,150,beginner
4485,138,intermediate
4485,135,beginner
4485,137,intermediate
4486,89,beginner
4486,95,intermediate
4486,94,none
4486,90,beginner
4486,60,beginner
4486,59,none
4486,57,intermediate
4486,63,beginner
4487,89,intermediate
4487,95,intermediate
4487,92,intermediate
4487,73,intermediate
4487,72,none
4487,75,none
4487,71,beginner
4487,74,none
4488,1,intermediate
4488,3,beginner
4488,5,beginner
4488,9,none
4488,23,beginner
4488,24,intermediate
4488,25,none
4488,22,intermediate
4489,135,none
4489,136,intermediate
4489,140,beginner
4489,128,intermediate
4489,131,beginner
4489,134,advanced
4489,129,beginner
4490,116,intermediate
4490,117,beginner
4490,118,intermediate
4490,119,none
4490,104,beginner
4490,106,beginner
4490,105,beginner
4491,76,none
4491,80,intermediate
4491,78,none
4491,79,beginner
4491,94,beginner
4491,89,none
4491,95,beginner
4491,92,intermediate
4492,44,beginner
4492,38,intermediate
4492,37,beginner
4492,41,beginner
4492,43,beginner
4492,49,beginner
4492,54,none
4492,50,intermediate
4493,72,beginner
4493,73,beginner
4493,74,beginner
4493,76,intermediate
4493,80,none
4493,79,intermediate
4493,77,intermediate
4494,127,none
4494,126,beginner
4494,124,beginner
4494,116,none
4494,117,intermediate
4494,119,beginner
4495,123,advanced
4495,121,none
4495,120,beginner
4495,117,intermediate
4495,116,beginner
4495,118,intermediate
4495,119,intermediate
4495,104,beginner
4495,109,beginner
4495,106,beginner
4495,105,beginner
4495,108,beginner
4496,136,beginner
4496,138,beginner
4496,139,beginner
4496,154,beginner
4496,151,beginner
4496,152,beginner
4497,85,beginner
4497,81,beginner
4497,97,none
4497,103,beginner
4497,96,intermediate
4497,99,beginner
4497,98,beginner
4498,23,intermediate
4498,22,beginner
4498,10,beginner
4498,20,beginner
4498,14,none
4498,18,beginner
4499,60,beginner
4499,57,beginner
4499,61,intermediate
4499,72,beginner
4499,73,beginner
4499,75,intermediate
4499,74,advanced
4499,85,beginner
4499,86,intermediate
4499,87,none
4500,110,beginner
4500,114,intermediate
4500,115,beginner
4500,126,intermediate
4500,127,beginner
4500,124,beginner
4500,125,beginner
4501,11,none
4501,14,beginner
4501,21,beginner
4501,23,none
4501,25,beginner
4501,28,beginner
4501,1,beginner
4501,5,beginner
4501,9,beginner
4502,56,none
4502,55,beginner
4502,10,none
4502,13,none
4502,19,beginner
4503,123,intermediate
4503,121,beginner
4503,120,beginner
4503,122,beginner
4503,116,none
4503,119,beginner
4504,13,beginner
4504,20,beginner
4504,17,beginner
4504,3,intermediate
4504,1,beginner
4504,8,beginner
4504,7,beginner
4504,6,intermediate
4505,121,beginner
4505,123,beginner
4505,120,none
4505,122,beginner
4505,117,beginner
4505,116,beginner
4505,119,beginner
4505,118,beginner
4506,8,beginner
4506,3,beginner
4506,6,beginner
4506,20,beginner
4506,14,beginner
4506,13,none
4506,15,none
4507,44,beginner
4507,42,intermediate
4507,38,beginner
4507,39,intermediate
4507,46,advanced
4507,24,beginner
4507,25,intermediate
4507,23,beginner
4507,26,beginner
4508,54,beginner
4508,49,beginner
4508,50,intermediate
4508,32,intermediate
4508,31,intermediate
4508,33,none
4508,34,beginner
4509,86,intermediate
4509,84,beginner
4509,82,beginner
4509,96,beginner
4509,99,none
4510,123,beginner
4510,121,beginner
4510,122,beginner
4510,104,none
4510,106,beginner
4510,108,beginner
4510,110,beginner
4510,114,intermediate
4510,113,intermediate
4511,60,beginner
4511,59,beginner
4511,57,intermediate
4511,64,none
4511,61,none
4511,96,beginner
4511,103,intermediate
4511,97,beginner
4511,99,none
4512,60,beginner
4512,59,intermediate
4512,57,beginner
4512,61,none
4512,58,beginner
4512,89,beginner
4512,94,beginner
4512,95,intermediate
4512,93,beginner
4512,92,intermediate
4513,5,beginner
4513,9,intermediate
4513,10,none
4513,13,none
4513,20,advanced
4513,18,beginner
4514,117,beginner
4514,116,none
4514,119,none
4514,127,intermediate
4514,124,none
4515,138,beginner
4515,136,beginner
4515,135,beginner
4515,139,none
4515,149,beginner
4515,146,beginner
4515,147,beginner
4515,148,beginner
4516,114,beginner
4516,110,beginner
4516,111,none
4516,112,beginner
4516,113,none
4516,116,beginner
4516,117,beginner
4516,118,beginner
4516,119,none
4516,106,intermediate
4516,109,beginner
4516,108,beginner
4517,24,intermediate
4517,23,beginner
4517,26,advanced
4517,36,beginner
4517,42,beginner
4517,44,advanced
4517,43,beginner
4517,46,intermediate
4517,31,intermediate
4517,33,beginner
4517,32,beginner
4517,29,beginner
4517,30,beginner
4518,65,beginner
4518,69,beginner
4518,103,beginner
4518,97,beginner
4518,99,beginner
4518,80,beginner
4518,76,none
4518,77,beginner
4518,79,intermediate
4518,78,intermediate
4519,37,beginner
4519,44,none
4519,45,beginner
4519,32,intermediate
4519,33,beginner
4519,31,none
4519,35,beginner
4520,25,none
4520,24,beginner
4520,22,beginner
4520,13,none
4520,16,beginner
4521,11,intermediate
4521,20,beginner
4521,19,intermediate
4521,48,beginner
4521,49,beginner
4521,56,intermediate
4521,55,none
4522,11,beginner
4522,14,beginner
4522,21,beginner
4522,32,none
4522,31,beginner
4522,29,beginner
4523,31,beginner
4523,33,none
4523,32,beginner
4523,29,none
4523,30,beginner
4523,25,beginner
4523,24,advanced
4523,23,beginner
4523,22,beginner
4523,27,beginner
4524,109,intermediate
4524,106,beginner
4524,108,none
4524,126,beginner
4524,127,beginner
4524,124,intermediate
4524,125,none
4525,24,none
4525,23,intermediate
4525,28,beginner
4525,38,beginner
4525,37,beginner
4525,36,beginner
4525,40,beginner
4526,121,beginner
4526,123,intermediate
4526,122,intermediate
4526,120,beginner
4526,127,beginner
4526,126,none
4526,125,beginner
4526,124,beginner
4527,154,none
4527,151,intermediate
4527,150,beginner
4527,131,beginner
4527,128,intermediate
4527,134,intermediate
4527,133,intermediate
4528,76,beginner
4528,80,intermediate
4528,78,beginner
4528,79,intermediate
4528,86,beginner
4528,84,beginner
4528,85,beginner
4528,82,beginner
4529,85,none
4529,86,none
4529,84,intermediate
4529,81,beginner
4529,80,intermediate
4529,76,none
4529,77,beginner
4530,116,none
4530,117,beginner
4530,118,beginner
4530,119,intermediate
4530,126,beginner
4530,127,beginner
4530,125,intermediate
4530,124,beginner
4531,23,intermediate
4531,26,intermediate
4531,56,beginner
4531,54,intermediate
4531,48,beginner
4531,50,beginner
4531,51,beginner
4532,31,beginner
4532,33,beginner
4532,32,beginner
4532,35,intermediate
4532,23,beginner
4532,24,none
4532,25,beginner
4532,26,beginner
4532,28,intermediate
4533,94,beginner
4533,89,beginner
4533,95,beginner
4533,93,beginner
4533,73,beginner
4533,72,none
4533,75,intermediate
4534,127,none
4534,126,beginner
4534,125,beginner
4534,124,intermediate
4534,110,beginner
4534,114,beginner
4534,111,beginner
4534,115,beginner
4535,126,beginner
4535,127,beginner
4535,125,intermediate
4535,124,intermediate
4535,104,intermediate
4535,109,beginner
4535,105,beginner
4535,121,intermediate
4535,123,none
4535,122,none
4535,120,none
4536,121,beginner
4536,123,beginner
4536,122,intermediate
4536,127,intermediate
4536,126,beginner
4536,125,none
4536,124,intermediate
4536,117,intermediate
4536,116,intermediate
4536,119,none
4537,103,beginner
4537,97,beginner
4537,96,beginner
4537,98,beginner
4537,80,advanced
4537,79,beginner
4538,84,beginner
4538,86,none
4538,85,beginner
4538,88,advanced
4538,97,intermediate
4538,96,beginner
4538,103,beginner
4538,100,beginner
4539,104,beginner
4539,109,beginner
4539,107,beginner
4539,126,beginner
4539,127,intermediate
4539,125,beginner
4540,116,intermediate
4540,119,beginner
4540,127,intermediate
4540,126,beginner
4540,125,beginner
4540,124,beginner
4540,110,beginner
4540,111,beginner
4540,112,intermediate
4541,59,beginner
4541,57,beginner
4541,60,intermediate
4541,58,beginner
4541,84,beginner
4541,86,beginner
4541,85,none
4541,81,beginner
4541,73,beginner
4541,72,intermediate
4541,75,beginner
4541,74,beginner
4542,134,intermediate
4542,128,beginner
4542,131,beginner
4542,130,beginner
4542,146,beginner
4542,149,beginner
4542,148,none
4543,114,beginner
4543,113,beginner
4543,104,beginner
4543,109,intermediate
4543,108,intermediate
4543,117,beginner
4543,116,beginner
4543,118,intermediate
4544,94,intermediate
4544,89,none
4544,90,beginner
4544,59,beginner
4544,57,intermediate
4544,62,beginner
4545,37,beginner
4545,44,intermediate
4545,38,intermediate
4545,43,intermediate
4545,40,intermediate
4545,31,none
4545,32,beginner
4545,30,none
4546,31,beginner
4546,33,intermediate
4546,32,beginner
4546,30,beginner
4546,34,intermediate
4546,13,beginner
4546,20,beginner
4546,17,none
4547,116,intermediate
4547,117,intermediate
4547,118,beginner
4547,121,intermediate
4547,123,beginner
4547,122,beginner
4547,120,intermediate
4548,13,none
4548,11,beginner
4548,14,beginner
4548,21,none
4548,25,beginner
4548,24,beginner
4548,23,none
4548,27,beginner
4548,26,beginner
4549,59,beginner
4549,60,intermediate
4549,57,beginner
4549,63,beginner
4549,67,beginner
4549,65,intermediate
4549,66,intermediate
4549,68,intermediate
4549,69,beginner
4550,76,beginner
4550,80,beginner
4550,77,beginner
4550,72,beginner
4550,71,none
4551,127,beginner
4551,126,intermediate
4551,124,beginner
4551,110,beginner
4551,111,beginner
4551,115,intermediate
4552,110,beginner
4552,114,beginner
4552,111,beginner
4552,113,none
4552,126,beginner
4552,127,beginner
4552,125,beginner
4552,124,beginner
4553,116,beginner
4553,117,beginner
4553,118,intermediate
4553,119,none
4553,111,beginner
4553,110,beginner
4553,114,intermediate
4553,112,beginner
4553,115,beginner
4554,49,beginner
4554,55,none
4554,14,none
4554,13,intermediate
4554,11,intermediate
4554,21,beginner
4555,49,beginner
4555,48,intermediate
4555,56,beginner
4555,52,beginner
4555,11,beginner
4555,13,intermediate
4555,18,beginner
4556,86,intermediate
4556,84,intermediate
4556,83,intermediate
4556,95,intermediate
4556,94,beginner
4556,90,beginner
4557,37,beginner
4557,42,none
4557,44,beginner
4557,45,beginner
4557,5,intermediate
4557,8,beginner
4557,2,beginner
4558,96,intermediate
4558,102,beginner
4558,67,beginner
4558,65,beginner
4558,68,beginner
4558,60,none
4558,57,intermediate
4558,58,beginner
4559,154,beginner
4559,151,intermediate
4559,153,beginner
4559,150,beginner
4559,141,beginner
4559,143,intermediate
4560,73,beginner
4560,74,none
4560,103,intermediate
4560,97,advanced
4560,96,none
4560,100,beginner
4560,102,intermediate
4561,95,intermediate
4561,94,beginner
4561,89,advanced
4561,91,intermediate
4561,80,intermediate
4561,76,none
4561,77,intermediate
4561,79,beginner
4561,78,intermediate
4562,57,none
4562,61,beginner
4562,94,beginner
4562,89,beginner
4562,95,none
4562,93,beginner
4562,90,beginner
4563,117,beginner
4563,116,beginner
4563,118,beginner
4563,126,intermediate
4563,127,beginner
4563,125,beginner
4564,25,beginner
4564,23,none
4564,28,beginner
4564,11,beginner
4564,20,intermediate
4564,18,beginner
4565,66,beginner
4565,69,intermediate
4565,57,beginner
4565,60,beginner
4565,59,intermediate
4565,64,none
4565,63,beginner
4566,36,none
4566,37,intermediate
4566,43,advanced
4566,5,intermediate
4566,1,advanced
4566,3,beginner
4566,2,intermediate
4566,4,intermediate
4567,72,advanced
4567,73,none
4567,71,beginner
4567,74,beginner
4567,84,intermediate
4567,85,beginner
4567,86,beginner
4567,83,beginner
4568,23,intermediate
4568,26,intermediate
4568,10,beginner
4568,15,beginner
4569,57,none
4569,59,beginner
4569,63,beginner
4569,89,beginner
4569,94,beginner
4569,93,beginner
4570,117,beginner
4570,116,beginner
4570,119,intermediate
4570,118,beginner
4570,111,intermediate
4570,112,intermediate
4570,127,none
4570,126,none
4570,125,beginner
4570,124,intermediate
4571,32,beginner
4571,33,beginner
4571,31,intermediate
4571,34,intermediate
4571,56,none
4571,48,none
4571,55,intermediate
4572,96,none
4572,103,intermediate
4572,99,beginner
4572,84,intermediate
4572,87,beginner
4573,24,beginner
4573,28,beginner
4573,20,none
4573,18,beginner
4573,3,beginner
4573,8,beginner
4573,6,beginner
4574,36,intermediate
4574,47,beginner
4574,25,intermediate
4574,23,none
4574,24,beginner
4574,22,intermediate
4575,33,intermediate
4575,32,intermediate
4575,29,none
4575,25,intermediate
4575,22,intermediate
4576,44,beginner
4576,39,beginner
4576,23,intermediate
4576,25,intermediate
4576,24,beginner
4576,26,none
4576,28,intermediate
4577,136,beginner
4577,137,beginner
4577,141,beginner
4577,142,none
4577,145,intermediate
4577,144,intermediate
4578,142,beginner
4578,141,beginner
4578,144,beginner
4578,143,beginner
4578,145,beginner
4578,135,beginner
4578,138,beginner
4578,136,intermediate
4578,140,beginner
4579,117,none
4579,119,beginner
4579,114,intermediate
4579,111,intermediate
4579,110,intermediate
4579,113,intermediate
4579,112,beginner
4580,96,intermediate
4580,101,beginner
4580,72,beginner
4580,71,intermediate
4581,114,none
4581,111,beginner
4581,112,intermediate
4581,116,beginner
4581,117,beginner
4581,119,intermediate
4581,118,intermediate
4581,126,intermediate
4581,127,beginner
4581,125,beginner
4581,124,intermediate
4582,104,intermediate
4582,106,beginner
4582,109,beginner
4582,107,intermediate
4582,108,beginner
4582,127,advanced
4582,126,advanced
4582,124,beginner
4582,125,beginner
4582,114,beginner
4582,111,beginner
4582,113,beginner
4583,72,none
4583,75,beginner
4583,85,none
4583,84,beginner
4583,86,beginner
4583,87,beginner
4584,37,beginner
4584,38,beginner
4584,36,beginner
4584,45,intermediate
4584,43,intermediate
4584,11,beginner
4584,20,beginner
4584,14,intermediate
4584,19,beginner
4585,117,beginner
4585,116,beginner
4585,119,beginner
4585,118,none
4585,109,advanced
4585,105,beginner
4586,154,intermediate
4586,151,beginner
4586,152,beginner
4586,153,beginner
4586,150,beginner
4586,149,intermediate
4586,146,intermediate
4586,147,intermediate
4587,23,advanced
4587,25,beginner
4587,24,beginner
4587,27,beginner
4587,44,intermediate
4587,40,intermediate
4587,1,beginner
4587,3,beginner
4587,2,intermediate
4588,72,advanced
4588,73,beginner
4588,75,intermediate
4588,94,beginner
4588,95,beginner
4588,89,beginner
4588,92,beginner
4589,1,intermediate
4589,3,advanced
4589,9,beginner
4589,25,beginner
4589,24,beginner
4589,28,beginner
4590,31,beginner
4590,32,beginner
4590,30,beginner
4590,23,intermediate
4590,25,beginner
4590,28,intermediate
4590,14,beginner
4590,20,beginner
4590,13,beginner
4590,18,intermediate
4591,126,intermediate
4591,125,beginner
4591,104,beginner
4591,109,beginner
4591,106,beginner
4591,105,intermediate
4591,116,beginner
4591,117,beginner
4591,118,none
4592,54,beginner
4592,53,beginner
4592,42,beginner
4592,46,beginner
4593,135,none
4593,138,beginner
4593,137,beginner
4593,128,beginner
4593,134,intermediate
4593,131,intermediate
4593,129,beginner
4594,104,beginner
4594,106,beginner
4594,105,none
4594,116,beginner
4594,119,intermediate
4595,25,intermediate
4595,24,beginner
4595,26,beginner
4595,8,intermediate
4595,3,beginner
4595,1,intermediate
4595,7,beginner
4596,123,beginner
4596,120,beginner
4596,117,none
4596,116,beginner
4596,119,beginner
4597,121,intermediate
4597,123,none
4597,122,beginner
4597,120,intermediate
4597,111,none
4597,113,intermediate
4598,72,intermediate
4598,73,intermediate
4598,74,beginner
4598,71,beginner
4598,84,beginner
4598,86,beginner
4598,85,intermediate
4598,83,none
4598,81,none
4599,103,beginner
4599,98,beginner
4599,85,beginner
4599,88,none
4599,60,beginner
4599,59,beginner
4599,63,beginner
4600,127,beginner
4600,126,none
4600,125,none
4600,109,intermediate
4600,104,beginner
4600,108,beginner
4601,32,beginner
4601,31,none
4601,33,beginner
4601,30,beginner
4601,48,none
4601,56,beginner
4601,53,beginner
4601,5,beginner
4601,8,intermediate
4601,3,intermediate
4601,6,beginner
4601,2,intermediate
4602,49,beginner
4602,54,beginner
4602,56,none
4602,52,beginner
4602,24,intermediate
4602,25,beginner
4602,23,intermediate
4602,28,beginner
4602,22,beginner
4603,31,beginner
4603,29,beginner
4603,44,beginner
4603,42,intermediate
4603,38,beginner
4603,39,beginner
4603,41,beginner
4604,56,beginner
4604,52,beginner
4604,23,intermediate
4604,24,beginner
4604,25,beginner
4604,22,intermediate
4604,10,intermediate
4604,11,none
4604,19,beginner
4605,73,none
4605,72,none
4605,75,beginner
4605,74,intermediate
4605,103,beginner
4605,97,intermediate
4605,98,intermediate
4605,95,beginner
4605,89,intermediate
4605,94,beginner
4605,90,beginner
4606,36,intermediate
4606,38,beginner
4606,46,intermediate
4606,48,beginner
4606,56,intermediate
4606,55,beginner
4607,66,beginner
4607,65,beginner
4607,67,beginner
4607,69,beginner
4607,86,intermediate
4607,85,intermediate
4607,82,intermediate
4608,76,beginner
4608,80,beginner
4608,77,beginner
4608,78,none
4608,72,beginner
4608,73,beginner
4608,74,beginner
4608,75,beginner
4608,71,beginner
4609,127,none
4609,125,beginner
4609,109,beginner
4609,106,intermediate
4609,104,beginner
4609,107,beginner
4609,110,intermediate
4609,114,none
4609,112,beginner
4610,66,intermediate
4610,65,none
4610,69,intermediate
4610,89,intermediate
4610,94,beginner
4610,90,advanced
4611,141,beginner
4611,142,beginner
4611,144,beginner
4611,134,intermediate
4611,128,beginner
4611,130,beginner
4612,138,beginner
4612,136,intermediate
4612,135,beginner
4612,140,none
4612,137,advanced
4612,151,beginner
4612,152,intermediate
4613,56,none
4613,54,intermediate
4613,49,beginner
4613,50,beginner
4613,11,beginner
4613,10,beginner
4613,17,beginner
4614,94,advanced
4614,89,beginner
4614,92,beginner
4614,72,beginner
4614,73,none
4614,74,intermediate
4615,38,intermediate
4615,37,none
4615,44,intermediate
4615,40,beginner
4615,46,beginner
4615,8,beginner
4615,1,intermediate
4615,3,beginner
4615,7,beginner
4615,25,beginner
4615,23,none
4615,24,intermediate
4615,28,beginner
4615,27,beginner
4616,114,beginner
4616,110,beginner
4616,112,intermediate
4616,127,beginner
4616,126,intermediate
4616,125,intermediate
4616,124,intermediate
4617,73,beginner
4617,74,beginner
4617,85,beginner
4617,84,intermediate
4617,86,beginner
4617,81,none
4618,56,none
4618,51,intermediate
4618,1,intermediate
4618,5,advanced
4618,7,intermediate
4619,32,none
4619,34,none
4619,25,none
4619,23,none
4619,24,beginner
4619,22,beginner
4619,26,advanced
4619,56,intermediate
4619,49,none
4619,48,beginner
4619,52,intermediate
4620,31,beginner
4620,30,beginner
4620,14,intermediate
4620,10,beginner
4620,20,beginner
4620,18,intermediate
4620,21,beginner
4621,114,intermediate
4621,113,intermediate
4621,117,intermediate
4621,116,beginner
4621,119,intermediate
4621,118,intermediate
4622,127,intermediate
4622,126,intermediate
4622,125,none
4622,124,beginner
4622,109,none
4622,104,intermediate
4622,105,beginner
4622,121,beginner
4622,123,beginner
4622,122,intermediate
4623,37,beginner
4623,36,beginner
4623,38,beginner
4623,41,beginner
4623,43,intermediate
4623,24,beginner
4623,25,beginner
4623,23,beginner
4623,28,beginner
4623,27,intermediate
4624,5,beginner
4624,1,beginner
4624,6,beginner
4624,25,beginner
4624,23,beginner
4624,27,beginner
4625,14,intermediate
4625,15,beginner
4625,8,beginner
4625,1,beginner
4625,9,beginner
4626,73,beginner
4626,72,beginner
4626,75,none
4626,71,beginner
4626,80,beginner
4626,76,none
4626,77,intermediate
4626,78,none
4626,79,beginner
4627,37,beginner
4627,42,beginner
4627,36,beginner
4627,43,intermediate
4627,5,intermediate
4627,3,beginner
4627,7,beginner
4628,20,beginner
4628,14,intermediate
4628,15,beginner
4628,1,beginner
4628,3,advanced
4628,8,beginner
4628,7,intermediate
4629,104,beginner
4629,109,beginner
4629,108,none
4629,114,beginner
4629,110,none
4629,111,intermediate
4629,115,beginner
4629,112,beginner
4630,95,beginner
4630,89,none
4630,91,beginner
4630,60,none
4630,59,beginner
4630,63,intermediate
4630,84,beginner
4630,85,none
4630,86,beginner
4630,81,intermediate
4630,87,beginner
4631,127,beginner
4631,126,beginner
4631,125,none
4631,124,intermediate
4631,106,intermediate
4631,109,beginner
4631,107,none
4632,72,intermediate
4632,73,none
4632,74,beginner
4632,67,beginner
4632,66,beginner
4632,68,beginner
4633,76,beginner
4633,80,intermediate
4633,77,none
4633,78,beginner
4633,66,beginner
4633,67,intermediate
4633,65,beginner
4633,68,beginner
4634,94,beginner
4634,89,beginner
4634,91,beginner
4634,67,beginner
4634,65,intermediate
4634,66,intermediate
4634,69,beginner
4635,25,intermediate
4635,23,beginner
4635,24,beginner
4635,27,beginner
4635,38,none
4635,37,beginner
4635,46,beginner
4636,33,beginner
4636,31,beginner
4636,32,none
4636,29,beginner
4636,24,beginner
4636,22,beginner
4637,151,advanced
4637,154,beginner
4637,152,intermediate
4637,150,intermediate
4637,153,none
4637,136,beginner
4637,140,none
4638,110,none
4638,114,beginner
4638,111,intermediate
4638,112,intermediate
4638,117,beginner
4638,116,intermediate
4638,119,beginner
4638,118,none
4639,111,none
4639,114,beginner
4639,110,beginner
4639,113,none
4639,121,beginner
4639,123,beginner
4639,122,intermediate
4639,120,none
4640,42,beginner
4640,37,none
4640,41,none
4640,24,intermediate
4640,23,beginner
4640,25,advanced
4640,28,beginner
4641,23,beginner
4641,26,beginner
4641,8,intermediate
4641,5,beginner
4641,3,beginner
4641,4,beginner
4641,6,beginner
4641,36,beginner
4641,43,beginner
4642,37,beginner
4642,36,none
4642,47,none
4642,31,intermediate
4642,33,none
4642,32,beginner
4642,29,beginner
4642,34,intermediate
4643,142,intermediate
4643,141,none
4643,144,none
4643,143,advanced
4643,151,intermediate
4643,154,intermediate
4643,153,beginner
4644,123,beginner
4644,121,beginner
4644,122,beginner
4644,120,none
4644,116,none
4644,117,beginner
4644,118,beginner
4644,114,intermediate
4644,111,none
4644,112,none
4645,76,beginner
4645,80,beginner
4645,77,intermediate
4645,79,intermediate
4645,96,beginner
4645,97,beginner
4645,99,beginner
4646,141,beginner
4646,142,beginner
4646,144,beginner
4646,135,beginner
4646,136,beginner
4646,138,beginner
4646,137,intermediate
4646,140,intermediate
4647,25,intermediate
4647,24,beginner
4647,23,intermediate
4647,27,beginner
4647,32,beginner
4647,33,beginner
4647,31,beginner
4647,34,intermediate
4648,86,beginner
4648,85,beginner
4648,83,intermediate
4648,80,beginner
4648,76,none
4648,77,beginner
4649,20,none
4649,14,intermediate
4649,15,beginner
4649,36,none
4649,46,none
4650,14,beginner
4650,13,beginner
4650,19,none
4650,1,none
4650,8,beginner
4650,5,beginner
4650,9,none
4651,138,beginner
4651,140,beginner
4651,149,beginner
4651,146,beginner
4651,148,intermediate
4652,117,beginner
4652,116,beginner
4652,118,beginner
4652,109,none
4652,106,intermediate
4652,104,beginner
4652,107,beginner
4653,25,intermediate
4653,26,beginner
4653,14,advanced
4653,13,beginner
4653,12,intermediate
4654,1,beginner
4654,5,intermediate
4654,8,intermediate
4654,2,beginner
4654,9,intermediate
4654,48,beginner
4654,50,intermediate
4654,32,beginner
4654,30,beginner
4655,73,none
4655,74,intermediate
4655,103,beginner
4655,97,none
4655,96,intermediate
4655,100,beginner
4656,11,intermediate
4656,14,beginner
4656,15,beginner
4656,33,advanced
4656,32,intermediate
4656,31,beginner
4656,30,none
4656,29,intermediate
4657,86,none
4657,81,beginner
4657,76,beginner
4657,77,none
4658,96,beginner
4658,99,beginner
4658,94,none
4658,89,beginner
4658,93,beginner
4659,44,none
4659,37,intermediate
4659,38,beginner
4659,45,beginner
4659,24,intermediate
4659,23,none
4659,25,none
4659,27,beginner
4660,38,beginner
4660,37,none
4660,36,none
4660,47,none
4660,14,intermediate
4660,20,beginner
4660,21,beginner
4661,31,none
4661,33,none
4661,32,none
4661,34,beginner
4661,30,beginner
4661,36,none
4661,46,beginner
4662,128,beginner
4662,134,beginner
4662,130,beginner
4662,149,beginner
4662,146,none
4662,147,beginner
4662,148,beginner
4663,25,beginner
4663,26,beginner
4663,31,beginner
4663,33,none
4663,32,none
4663,35,beginner
4664,72,beginner
4664,73,none
4664,71,none
4664,74,intermediate
4664,89,intermediate
4664,94,beginner
4664,95,beginner
4664,90,beginner
4665,44,none
4665,37,beginner
4665,38,beginner
4665,39,beginner
4665,8,beginner
4665,3,beginner
4665,7,none
4665,49,beginner
4665,56,intermediate
4665,51,none
4666,114,intermediate
4666,111,beginner
4666,110,beginner
4666,112,none
4666,126,intermediate
4666,127,beginner
4666,124,beginner
4666,125,beginner
4667,23,intermediate
4667,25,beginner
4667,24,beginner
4667,28,none
4667,22,beginner
4667,3,intermediate
4667,8,beginner
4667,1,beginner
4667,6,beginner
4667,4,none
4668,44,beginner
4668,36,beginner
4668,38,beginner
4668,40,beginner
4668,46,beginner
4668,14,beginner
4668,12,beginner
4669,117,beginner
4669,116,none
4669,118,beginner
4669,121,beginner
4669,123,intermediate
4669,120,advanced
4669,122,beginner
4669,111,beginner
4669,110,beginner
4669,115,beginner
4670,123,beginner
4670,121,beginner
4670,120,beginner
4670,122,beginner
4670,116,beginner
4670,117,beginner
4670,118,none
4670,119,none
4671,1,intermediate
4671,5,none
4671,9,beginner
4671,20,beginner
4671,10,beginner
4671,13,intermediate
4671,12,none
4672,14,intermediate
4672,13,beginner
4672,20,beginner
4672,19,none
4672,21,beginner
4672,56,beginner
4672,54,beginner
4672,50,beginner
4673,131,advanced
4673,128,beginner
4673,133,beginner
4673,151,beginner
4673,154,advanced
4673,150,intermediate
4674,25,beginner
4674,23,intermediate
4674,24,beginner
4674,28,intermediate
4674,10,intermediate
4674,12,beginner
4674,48,beginner
4674,56,beginner
4674,49,beginner
4674,50,beginner
4675,42,beginner
4675,38,beginner
4675,36,beginner
4675,41,intermediate
4675,1,none
4675,7,beginner
4676,32,beginner
4676,33,beginner
4676,31,intermediate
4676,30,beginner
4676,36,beginner
4676,44,intermediate
4676,42,intermediate
4676,46,beginner
4676,47,beginner
4676,24,intermediate
4676,25,beginner
4676,23,beginner
4676,27,beginner
4677,38,beginner
4677,37,intermediate
4677,40,beginner
4677,13,beginner
4677,17,none
4678,84,beginner
4678,86,beginner
4678,81,beginner
4678,95,beginner
4678,89,beginner
4678,92,none
4679,103,intermediate
4679,96,beginner
4679,98,beginner
4679,57,beginner
4679,60,intermediate
4679,59,beginner
4679,61,beginner
4679,62,beginner
4680,67,beginner
4680,70,intermediate
4680,73,intermediate
4680,72,beginner
4680,74,beginner
4680,75,beginner
4680,71,beginner
4680,96,beginner
4680,102,beginner
4681,89,beginner
4681,94,advanced
4681,95,beginner
4681,90,beginner
4681,86,none
4681,83,none
4682,10,beginner
4682,20,beginner
4682,13,intermediate
4682,19,none
4682,5,intermediate
4682,4,beginner
4683,127,beginner
4683,126,beginner
4683,124,beginner
4683,125,beginner
4683,110,beginner
4683,114,intermediate
4683,113,beginner
4683,123,intermediate
4683,121,beginner
4683,122,beginner
4684,3,beginner
4684,5,beginner
4684,2,advanced
4684,37,beginner
4684,38,beginner
4684,44,beginner
4684,40,beginner
4685,36,beginner
4685,37,beginner
4685,41,beginner
4685,20,beginner
4685,10,beginner
4685,11,none
4685,18,intermediate
4686,57,beginner
4686,62,beginner
4686,65,intermediate
4686,68,intermediate
4687,23,beginner
4687,25,intermediate
4687,24,beginner
4687,26,beginner
4687,27,beginner
4687,54,intermediate
4687,55,intermediate
4688,54,intermediate
4688,48,none
4688,56,beginner
4688,55,beginner
4688,36,advanced
4688,42,beginner
4688,44,beginner
4688,40,beginner
4688,8,none
4688,4,intermediate
4689,20,beginner
4689,21,beginner
4689,3,beginner
4689,5,intermediate
4689,7,beginner
4690,123,intermediate
4690,121,beginner
4690,120,intermediate
4690,104,none
4690,109,beginner
4690,105,beginner
4691,8,beginner
4691,5,beginner
4691,3,beginner
4691,7,intermediate
4691,33,intermediate
4691,31,beginner
4691,32,beginner
4691,34,beginner
4692,110,intermediate
4692,113,beginner
4692,117,beginner
4692,116,intermediate
4692,119,none
4693,127,beginner
4693,126,beginner
4693,125,beginner
4693,106,beginner
4693,108,beginner
4694,84,beginner
4694,85,beginner
4694,86,beginner
4694,81,none
4694,83,intermediate
4694,59,intermediate
4694,57,beginner
4694,60,intermediate
4694,62,advanced
4695,24,beginner
4695,23,intermediate
4695,25,beginner
4695,28,intermediate
4695,44,none
4695,42,beginner
4695,41,beginner
4696,127,beginner
4696,126,none
4696,124,beginner
4696,116,none
4696,117,beginner
4696,119,none
4697,38,none
4697,36,beginner
4697,39,beginner
4697,11,none
4697,13,none
4697,19,beginner
4698,128,beginner
4698,129,intermediate
4698,138,intermediate
4698,140,intermediate
4699,121,beginner
4699,123,beginner
4699,122,none
4699,120,beginner
4699,111,beginner
4699,110,beginner
4699,114,none
4699,112,beginner
4699,116,beginner
4699,118,beginner
4700,32,intermediate
4700,31,intermediate
4700,33,beginner
4700,35,beginner
4700,34,beginner
4700,10,beginner
4700,21,beginner
4701,116,intermediate
4701,119,beginner
4701,106,none
4701,104,beginner
4701,108,beginner
4702,65,intermediate
4702,69,beginner
4702,73,beginner
4702,72,beginner
4702,75,none
4702,71,none
4702,76,beginner
4702,80,beginner
4702,79,beginner
4703,59,none
4703,60,intermediate
4703,58,beginner
4703,65,intermediate
4703,66,intermediate
4703,67,none
4703,70,beginner
4703,68,intermediate
4704,44,beginner
4704,36,beginner
4704,45,intermediate
4704,25,beginner
4704,28,advanced
4704,54,beginner
4704,56,beginner
4704,49,beginner
4704,50,intermediate
4705,57,intermediate
4705,60,intermediate
4705,59,beginner
4705,58,none
4705,65,beginner
4705,66,beginner
4705,70,beginner
4706,127,beginner
4706,126,beginner
4706,124,beginner
4706,111,beginner
4706,114,beginner
4706,113,intermediate
4707,117,beginner
4707,116,beginner
4707,119,intermediate
4707,106,intermediate
4707,109,intermediate
4707,107,beginner
4708,25,beginner
4708,23,beginner
4708,24,beginner
4708,22,none
4708,27,advanced
4708,31,beginner
4708,32,beginner
4708,33,beginner
4708,35,intermediate
4708,29,beginner
4709,66,beginner
4709,67,beginner
4709,65,beginner
4709,70,beginner
4709,96,intermediate
4709,99,intermediate
4710,94,intermediate
4710,89,beginner
4710,95,beginner
4710,93,beginner
4710,103,beginner
4710,102,none
4711,96,intermediate
4711,100,beginner
4711,80,beginner
4711,76,beginner
4711,79,beginner
4712,65,beginner
4712,69,beginner
4712,94,intermediate
4712,90,beginner
4713,24,intermediate
4713,25,intermediate
4713,23,beginner
4713,27,beginner
4713,44,intermediate
4713,42,beginner
4713,36,intermediate
4713,46,none
4714,117,beginner
4714,119,beginner
4714,121,beginner
4714,123,beginner
4714,120,beginner
4715,37,intermediate
4715,40,beginner
4715,14,intermediate
4715,11,beginner
4715,10,intermediate
4715,12,beginner
4716,8,beginner
4716,3,none
4716,5,beginner
4716,6,beginner
4716,48,none
4716,49,beginner
4716,54,none
4716,51,beginner
4716,25,beginner
4716,24,beginner
4716,23,intermediate
4716,28,beginner
4717,65,beginner
4717,66,intermediate
4717,68,none
4717,84,beginner
4717,85,beginner
4717,83,beginner
4718,1,beginner
4718,8,beginner
4718,6,beginner
4718,33,intermediate
4718,30,beginner
4719,38,none
4719,42,beginner
4719,46,beginner
4719,20,intermediate
4719,12,beginner
4720,8,beginner
4720,1,advanced
4720,9,intermediate
4720,54,advanced
4720,56,beginner
4720,53,beginner
4721,73,beginner
4721,72,advanced
4721,75,intermediate
4721,74,none
4721,59,beginner
4721,60,beginner
4721,57,beginner
4721,58,beginner
4722,149,none
4722,146,beginner
4722,148,beginner
4722,138,none
4722,135,beginner
4722,136,beginner
4722,139,intermediate
4722,128,intermediate
4722,131,beginner
4722,134,intermediate
4722,132,intermediate
4723,76,beginner
4723,78,intermediate
4723,89,beginner
4723,90,beginner
4724,44,none
4724,36,none
4724,40,intermediate
4724,14,beginner
4724,15,advanced
4725,127,beginner
4725,124,beginner
4725,109,beginner
4725,104,advanced
4725,108,beginner
4726,48,intermediate
4726,49,beginner
4726,54,intermediate
4726,53,intermediate
4726,50,beginner
4726,23,beginner
4726,25,intermediate
4726,28,none
4727,141,beginner
4727,144,intermediate
4727,135,beginner
4727,136,intermediate
4727,138,intermediate
4727,140,beginner
4727,137,beginner
4728,73,beginner
4728,72,beginner
4728,74,none
4728,75,none
4728,89,beginner
4728,94,beginner
4728,95,beginner
4728,93,intermediate
4729,32,beginner
4729,33,beginner
4729,29,beginner
4729,23,beginner
4729,22,intermediate
4730,103,beginner
4730,97,advanced
4730,96,none
4730,102,beginner
4730,85,beginner
4730,86,beginner
4730,88,intermediate
4731,33,none
4731,32,beginner
4731,30,beginner
4731,3,intermediate
4731,5,none
4731,8,beginner
4731,7,beginner
4731,6,beginner
4731,48,beginner
4731,50,beginner
4732,111,beginner
4732,110,beginner
4732,115,advanced
4732,127,beginner
4732,126,intermediate
4732,124,beginner
4732,125,beginner
4733,31,beginner
4733,33,intermediate
4733,32,none
4733,30,beginner
4733,8,beginner
4733,3,beginner
4733,6,none
4734,117,beginner
4734,116,beginner
4734,118,beginner
4734,119,none
4734,121,intermediate
4734,123,beginner
4734,122,none
4734,120,beginner
4735,126,none
4735,127,beginner
4735,124,intermediate
4735,117,beginner
4735,116,intermediate
4735,118,beginner
4735,119,beginner
4736,123,beginner
4736,120,beginner
4736,116,intermediate
4736,118,none
4737,127,beginner
4737,126,intermediate
4737,125,beginner
4737,123,beginner
4737,121,intermediate
4737,120,beginner
4737,122,beginner
4738,24,advanced
4738,25,none
4738,22,beginner
4738,5,beginner
4738,8,beginner
4738,2,none
4738,33,none
4738,30,beginner
4739,73,beginner
4739,75,beginner
4739,76,none
4739,80,none
4739,78,beginner
4740,110,beginner
4740,111,intermediate
4740,114,intermediate
4740,113,beginner
4740,104,beginner
4740,109,none
4740,106,beginner
4740,105,beginner
4740,108,beginner
4740,127,beginner
4740,126,beginner
4740,125,intermediate
4741,1,beginner
4741,5,beginner
4741,6,beginner
4741,23,beginner
4741,24,none
4741,25,beginner
4741,28,beginner
4741,26,intermediate
4742,56,beginner
4742,54,beginner
4742,50,beginner
4742,33,beginner
4742,34,advanced
4743,20,beginner
4743,11,beginner
4743,18,none
4743,38,beginner
4743,44,beginner
4743,37,beginner
4743,47,beginner
4743,41,intermediate
4744,56,none
4744,54,beginner
4744,51,intermediate
4744,32,beginner
4744,35,beginner
4745,117,none
4745,116,none
4745,118,none
4745,126,none
4745,127,none
4745,125,intermediate
4745,124,intermediate
4746,86,none
4746,84,beginner
4746,85,beginner
4746,87,beginner
4746,83,intermediate
4746,94,intermediate
4746,95,beginner
4746,90,beginner
4747,60,intermediate
4747,57,beginner
4747,59,none
4747,58,intermediate
4747,64,beginner
4747,76,beginner
4747,79,beginner
4748,146,intermediate
4748,149,beginner
4748,148,none
4748,147,beginner
4748,128,beginner
4748,130,beginner
4749,1,none
4749,8,beginner
4749,7,beginner
4749,24,beginner
4749,23,beginner
4749,28,none
4749,31,none
4749,32,beginner
4749,30,beginner
4750,110,none
4750,111,intermediate
4750,113,intermediate
4750,109,none
4750,104,beginner
4750,107,intermediate
4751,33,beginner
4751,31,none
4751,32,beginner
4751,30,beginner
4751,48,intermediate
4751,54,intermediate
4751,50,none
4752,14,intermediate
4752,20,intermediate
4752,10,beginner
4752,15,beginner
4752,48,none
4752,49,beginner
4752,52,beginner
4753,14,beginner
4753,20,beginner
4753,10,beginner
4753,19,beginner
4753,1,beginner
4753,5,beginner
4753,8,intermediate
4753,6,beginner
4754,56,none
4754,48,intermediate
4754,54,beginner
4754,53,beginner
4754,51,beginner
4754,13,beginner
4754,14,intermediate
4754,21,beginner
4755,36,beginner
4755,42,none
4755,37,none
4755,47,beginner
4755,33,beginner
4755,32,beginner
4755,31,beginner
4755,29,intermediate
4756,94,intermediate
4756,89,beginner
4756,93,intermediate
4756,84,beginner
4756,87,beginner
4757,49,none
4757,55,none
4757,10,beginner
4757,14,intermediate
4757,11,beginner
4757,17,beginner
4758,10,beginner
4758,13,beginner
4758,16,intermediate
4758,48,beginner
4758,56,beginner
4758,53,intermediate
4759,97,beginner
4759,102,beginner
4759,95,beginner
4759,89,beginner
4759,94,beginner
4759,91,none
4760,14,intermediate
4760,10,beginner
4760,13,beginner
4760,19,advanced
4760,12,intermediate
4760,36,beginner
4760,37,intermediate
4760,42,beginner
4760,46,intermediate
4760,49,beginner
4760,56,intermediate
4760,48,beginner
4760,53,none
4761,121,beginner
4761,123,beginner
4761,122,beginner
4761,127,beginner
4761,126,intermediate
4761,124,beginner
4761,125,intermediate
4762,136,beginner
4762,135,intermediate
4762,140,beginner
4762,154,intermediate
4762,153,none
4762,146,beginner
4762,149,intermediate
4762,148,advanced
4762,147,beginner
4763,117,beginner
4763,116,beginner
4763,118,beginner
4763,119,intermediate
4763,110,none
4763,111,intermediate
4763,115,beginner
4764,66,beginner
4764,67,beginner
4764,65,beginner
4764,70,intermediate
4764,85,beginner
4764,88,beginner
4764,60,beginner
4764,58,beginner
4765,57,none
4765,60,intermediate
4765,59,intermediate
4765,64,advanced
4765,65,none
4765,66,beginner
4765,67,beginner
4765,70,beginner
4766,60,advanced
4766,57,beginner
4766,59,intermediate
4766,64,intermediate
4766,94,beginner
4766,95,intermediate
4766,93,intermediate
4766,67,beginner
4766,70,none
4767,142,intermediate
4767,141,beginner
4767,143,intermediate
4767,144,intermediate
4767,149,beginner
4767,146,beginner
4767,147,beginner
4767,138,intermediate
4767,140,beginner
4768,141,advanced
4768,142,beginner
4768,143,advanced
4768,144,none
4768,145,beginner
4768,128,beginner
4768,131,beginner
4768,130,beginner
4769,8,beginner
4769,9,advanced
4769,56,none
4769,49,none
4769,50,beginner
4770,86,beginner
4770,88,intermediate
4770,89,beginner
4770,95,beginner
4770,94,beginner
4770,92,beginner
4771,109,beginner
4771,106,beginner
4771,104,intermediate
4771,105,intermediate
4771,127,beginner
4771,126,intermediate
4771,125,intermediate
4771,124,intermediate
4771,114,none
4771,110,beginner
4771,113,beginner
4772,3,advanced
4772,8,intermediate
4772,1,beginner
4772,9,none
4772,7,advanced
4772,14,beginner
4772,20,advanced
4772,19,intermediate
4773,89,beginner
4773,95,intermediate
4773,93,beginner
4773,73,beginner
4773,72,beginner
4773,74,beginner
4773,71,beginner
4774,94,none
4774,90,none
4774,80,beginner
4774,76,beginner
4774,78,intermediate
4774,79,beginner
4774,77,beginner
4775,123,beginner
4775,121,beginner
4775,122,none
4775,120,beginner
4775,109,beginner
4775,107,advanced
4775,110,beginner
4775,111,beginner
4775,115,beginner
4776,14,beginner
4776,11,intermediate
4776,10,beginner
4776,17,none
4776,12,beginner
4776,3,none
4776,5,beginner
4776,2,intermediate
4777,1,intermediate
4777,8,beginner
4777,5,none
4777,6,beginner
4777,42,beginner
4777,39,none
4777,33,beginner
4777,32,beginner
4777,31,beginner
4777,35,beginner
4777,29,intermediate
4778,31,beginner
4778,32,beginner
4778,33,beginner
4778,29,intermediate
4778,8,beginner
4778,3,beginner
4778,4,beginner
4779,60,beginner
4779,59,beginner
4779,64,beginner
4779,72,beginner
4779,73,none
4779,71,beginner
4779,74,beginner
4779,75,none
4780,136,none
4780,138,intermediate
4780,139,intermediate
4780,154,beginner
4780,151,intermediate
4780,152,beginner
4780,150,beginner
4780,153,beginner
4781,114,beginner
4781,110,beginner
4781,111,beginner
4781,112,intermediate
4781,116,beginner
4781,117,beginner
4781,119,beginner
4781,118,beginner
4782,23,beginner
4782,24,intermediate
4782,25,beginner
4782,22,beginner
4782,54,beginner
4782,49,beginner
4782,50,intermediate
4782,36,intermediate
4782,39,none
4783,20,beginner
4783,10,beginner
4783,11,beginner
4783,15,intermediate
4783,31,intermediate
4783,32,intermediate
4783,29,beginner
4784,110,beginner
4784,114,beginner
4784,111,beginner
4784,115,none
4784,126,intermediate
4784,127,intermediate
4784,125,advanced
4784,124,beginner
4785,104,intermediate
4785,109,beginner
4785,106,intermediate
4785,108,beginner
4785,123,beginner
4785,121,intermediate
4785,122,beginner
4786,57,beginner
4786,60,beginner
4786,59,intermediate
4786,64,beginner
4786,94,none
4786,95,intermediate
4786,89,beginner
4786,93,beginner
4787,44,none
4787,42,beginner
4787,36,beginner
4787,41,none
4787,54,none
4787,49,intermediate
4787,48,advanced
4787,52,beginner
4787,53,beginner
4788,25,beginner
4788,23,beginner
4788,24,beginner
4788,26,beginner
4788,27,none
4788,5,beginner
4788,1,intermediate
4788,8,none
4788,6,beginner
4788,2,beginner
4788,11,beginner
4788,18,none
4789,121,beginner
4789,122,beginner
4789,111,intermediate
4789,113,beginner
4789,126,beginner
4789,127,beginner
4789,125,intermediate
4789,124,beginner
4790,59,none
4790,60,beginner
4790,61,beginner
4790,73,beginner
4790,71,beginner
4791,23,beginner
4791,28,intermediate
4791,13,intermediate
4791,21,intermediate
4792,154,intermediate
4792,151,beginner
4792,152,beginner
4792,146,beginner
4792,149,beginner
4792,147,beginner
4792,148,beginner
4793,65,intermediate
4793,67,beginner
4793,66,intermediate
4793,68,beginner
4793,69,beginner
4793,96,beginner
4793,97,beginner
4793,103,intermediate
4793,99,beginner
4793,101,beginner
4794,131,beginner
4794,132,beginner
4794,141,intermediate
4794,142,beginner
4794,144,beginner
4794,143,beginner
4794,145,beginner
4795,73,beginner
4795,72,beginner
4795,75,beginner
4795,74,intermediate
4795,94,intermediate
4795,95,beginner
4795,89,intermediate
4795,91,beginner
4796,57,beginner
4796,59,none
4796,61,intermediate
4796,84,beginner
4796,85,beginner
4796,83,intermediate
4797,134,intermediate
4797,128,beginner
4797,131,intermediate
4797,129,beginner
4797,132,beginner
4797,151,beginner
4797,154,beginner
4797,150,beginner
4797,138,intermediate
4797,135,intermediate
4797,136,beginner
4797,139,none
4798,142,beginner
4798,141,intermediate
4798,143,beginner
4798,135,beginner
4798,138,intermediate
4798,140,beginner
4799,142,beginner
4799,144,beginner
4799,146,beginner
4799,149,beginner
4799,148,beginner
4799,147,none
4799,128,intermediate
4799,130,none
4800,116,beginner
4800,117,beginner
4800,119,beginner
4800,118,advanced
4800,121,intermediate
4800,123,beginner
4800,122,intermediate
4800,120,intermediate
4801,57,none
4801,60,beginner
4801,58,beginner
4801,72,intermediate
4801,73,intermediate
4801,71,beginner
4802,5,beginner
4802,8,beginner
4802,3,beginner
4802,7,beginner
4802,13,beginner
4802,20,beginner
4802,10,none
4802,18,beginner
4803,25,intermediate
4803,23,none
4803,24,beginner
4803,27,beginner
4803,10,beginner
4803,13,beginner
4803,14,beginner
4803,16,none
4804,136,beginner
4804,138,beginner
4804,135,intermediate
4804,139,beginner
4804,142,none
4804,141,none
4804,145,beginner
4805,1,beginner
4805,4,beginner
4805,32,intermediate
4805,30,beginner
4806,106,beginner
4806,104,beginner
4806,107,beginner
4806,116,none
4806,117,none
4806,118,none
4806,119,none
4807,135,none
4807,136,none
4807,140,beginner
4807,131,beginner
4807,128,intermediate
4807,132,none
4808,138,intermediate
4808,136,beginner
4808,139,beginner
4808,146,beginner
4808,149,beginner
4808,147,beginner
4808,148,beginner
4808,154,none
4808,151,beginner
4808,150,intermediate
4809,151,none
4809,154,intermediate
4809,153,beginner
4809,128,beginner
4809,130,beginner
4810,72,beginner
4810,73,beginner
4810,75,beginner
4810,71,beginner
4810,84,intermediate
4810,88,beginner
4810,67,beginner
4810,65,beginner
4810,66,intermediate
4810,70,beginner
4810,68,intermediate
4811,84,beginner
4811,86,beginner
4811,85,beginner
4811,83,beginner
4811,73,beginner
4811,72,intermediate
4811,74,beginner
4811,75,beginner
4812,138,beginner
4812,135,intermediate
4812,140,intermediate
4812,134,none
4812,128,beginner
4812,131,beginner
4812,129,beginner
4813,49,beginner
4813,50,beginner
4813,36,beginner
4813,38,beginner
4813,42,beginner
4813,43,beginner
4814,37,intermediate
4814,36,beginner
4814,46,beginner
4814,11,none
4814,10,none
4814,12,beginner
4815,136,beginner
4815,135,beginner
4815,140,none
4815,149,none
4815,146,beginner
4815,148,beginner
4815,147,intermediate
4815,151,beginner
4815,154,none
4815,150,none
4815,153,beginner
4815,152,intermediate
4816,85,none
4816,84,beginner
4816,82,intermediate
4816,94,beginner
4816,92,beginner
4816,65,none
4816,66,beginner
4816,67,intermediate
4816,68,beginner
4816,70,beginner
4817,65,beginner
4817,66,beginner
4817,69,beginner
4817,60,beginner
4817,57,beginner
4817,59,beginner
4817,61,none
4818,32,beginner
4818,33,intermediate
4818,31,intermediate
4818,30,beginner
4818,14,intermediate
4818,10,beginner
4818,18,beginner
4819,89,beginner
4819,95,beginner
4819,94,beginner
4819,93,intermediate
4819,92,beginner
4819,60,intermediate
4819,59,beginner
4819,57,intermediate
4819,61,beginner
4819,67,none
4819,65,beginner
4819,66,beginner
4819,69,intermediate
4819,68,intermediate
4820,128,beginner
4820,131,intermediate
4820,134,intermediate
4820,129,beginner
4820,132,beginner
4820,136,beginner
4820,138,none
4820,135,beginner
4820,139,beginner
4820,140,beginner
4821,76,beginner
4821,80,none
4821,79,beginner
4821,103,none
4821,96,intermediate
4821,97,beginner
4821,100,none
4822,20,beginner
4822,10,beginner
4822,17,beginner
4822,54,intermediate
4822,56,beginner
4822,48,beginner
4822,53,beginner
4823,72,beginner
4823,73,beginner
4823,75,intermediate
4823,71,beginner
4823,85,beginner
4823,86,beginner
4823,84,beginner
4823,88,beginner
4824,114,beginner
4824,110,beginner
4824,111,beginner
4824,113,advanced
4824,104,beginner
4824,109,beginner
4824,106,none
4824,107,beginner
4824,108,beginner
4824,121,beginner
4824,123,beginner
4824,122,beginner
4824,120,none
4825,141,beginner
4825,142,none
4825,145,none
4825,143,none
4825,154,beginner
4825,153,intermediate
4825,128,beginner
4825,134,intermediate
4825,133,none
4826,25,beginner
4826,23,beginner
4826,22,intermediate
4826,32,intermediate
4826,33,beginner
4826,34,intermediate
4827,57,none
4827,59,intermediate
4827,58,beginner
4827,67,beginner
4827,66,beginner
4827,65,intermediate
4827,70,beginner
4828,1,beginner
4828,5,beginner
4828,3,beginner
4828,6,advanced
4828,33,intermediate
4828,31,none
4828,30,none
4829,85,beginner
4829,86,intermediate
4829,87,beginner
4829,73,none
4829,72,beginner
4829,75,beginner
4829,71,beginner
4830,31,beginner
4830,32,beginner
4830,29,intermediate
4830,8,beginner
4830,5,beginner
4830,7,none
4831,86,beginner
4831,84,beginner
4831,85,beginner
4831,81,intermediate
4831,67,advanced
4831,69,beginner
4832,89,beginner
4832,93,intermediate
4832,86,beginner
4832,85,intermediate
4832,84,beginner
4832,88,beginner
4833,38,beginner
4833,42,beginner
4833,36,beginner
4833,46,intermediate
4833,45,beginner
4833,8,beginner
4833,1,advanced
4833,9,intermediate
4834,23,intermediate
4834,25,beginner
4834,22,none
4834,5,beginner
4834,3,beginner
4834,4,intermediate
4835,33,beginner
4835,32,intermediate
4835,34,none
4835,10,none
4835,20,beginner
4835,11,none
4835,17,beginner
4835,15,beginner
4836,11,beginner
4836,20,beginner
4836,10,beginner
4836,21,beginner
4836,5,beginner
4836,8,intermediate
4836,4,none
4837,104,beginner
4837,109,none
4837,107,beginner
4837,116,intermediate
4837,117,beginner
4837,118,beginner
4837,126,beginner
4837,127,intermediate
4837,124,intermediate
4837,125,advanced
4838,14,beginner
4838,10,beginner
4838,16,beginner
4838,31,beginner
4838,33,beginner
4838,32,beginner
4838,34,beginner
4839,31,intermediate
4839,33,beginner
4839,32,beginner
4839,29,intermediate
4839,35,beginner
4839,48,beginner
4839,52,beginner
4840,146,intermediate
4840,149,beginner
4840,147,beginner
4840,128,intermediate
4840,134,beginner
4840,129,none
4841,33,beginner
4841,32,beginner
4841,34,beginner
4841,11,beginner
4841,10,beginner
4841,20,beginner
4841,15,beginner
4842,121,intermediate
4842,123,beginner
4842,120,beginner
4842,117,beginner
4842,116,beginner
4842,118,intermediate
4842,119,beginner
4843,72,intermediate
4843,73,beginner
4843,74,beginner
4843,75,beginner
4843,80,beginner
4843,76,beginner
4843,77,beginner
4843,79,beginner
4843,78,beginner
4844,127,beginner
4844,125,beginner
4844,117,beginner
4844,116,intermediate
4844,118,beginner
4844,119,beginner
4845,80,beginner
4845,76,beginner
4845,78,beginner
4845,79,none
4845,86,beginner
4845,85,none
4845,82,beginner
4846,23,none
4846,24,none
4846,26,beginner
4846,11,beginner
4846,13,beginner
4846,15,beginner
4847,123,beginner
4847,121,advanced
4847,122,intermediate
4847,120,beginner
4847,114,beginner
4847,110,beginner
4847,115,beginner
4848,127,none
4848,126,beginner
4848,124,beginner
4848,125,none
4848,110,beginner
4848,114,beginner
4848,113,none
4849,23,intermediate
4849,26,none
4849,42,none
4849,37,beginner
4849,46,intermediate
4850,109,beginner
4850,104,beginner
4850,106,intermediate
4850,107,beginner
4850,116,none
4850,117,intermediate
4850,118,beginner
4850,119,beginner
4851,89,beginner
4851,94,beginner
4851,95,intermediate
4851,92,intermediate
4851,66,intermediate
4851,69,beginner
4852,135,intermediate
4852,137,intermediate
4852,154,intermediate
4852,150,beginner
4853,126,intermediate
4853,127,beginner
4853,124,none
4853,125,beginner
4853,104,beginner
4853,108,beginner
4854,38,beginner
4854,47,beginner
4854,5,beginner
4854,1,advanced
4854,3,beginner
4854,9,advanced
4854,20,none
4854,11,beginner
4854,14,beginner
4854,17,beginner
4855,126,beginner
4855,127,beginner
4855,124,beginner
4855,125,beginner
4855,109,intermediate
4855,106,beginner
4855,104,beginner
4855,105,beginner
4856,135,beginner
4856,138,beginner
4856,139,beginner
4856,149,beginner
4856,148,beginner
4857,106,intermediate
4857,109,none
4857,107,intermediate
4857,117,intermediate
4857,116,none
4857,118,beginner
4858,54,intermediate
4858,52,none
4858,8,beginner
4858,1,beginner
4858,3,intermediate
4858,7,beginner
4859,126,none
4859,124,beginner
4859,111,beginner
4859,113,beginner
4860,96,beginner
4860,97,beginner
4860,103,intermediate
4860,98,beginner
4860,102,intermediate
4860,86,intermediate
4860,84,beginner
4860,82,beginner
4861,54,beginner
4861,56,beginner
4861,52,beginner
4861,33,intermediate
4861,32,advanced
4861,35,beginner
4862,104,none
4862,106,beginner
4862,109,none
4862,105,beginner
4862,110,beginner
4862,114,intermediate
4862,111,beginner
4862,113,beginner
4862,112,intermediate
4863,72,intermediate
4863,75,beginner
4863,103,beginner
4863,96,beginner
4863,98,intermediate
4863,95,beginner
4863,94,none
4863,89,beginner
4863,90,beginner
4864,104,beginner
4864,109,beginner
4864,106,beginner
4864,107,beginner
4864,111,beginner
4864,110,beginner
4864,113,intermediate
4865,103,intermediate
4865,96,beginner
4865,98,beginner
4865,57,intermediate
4865,59,beginner
4865,60,beginner
4865,58,beginner
4866,13,intermediate
4866,10,intermediate
4866,21,intermediate
4866,48,beginner
4866,51,intermediate
4867,135,intermediate
4867,139,none
4867,154,intermediate
4867,151,none
4867,153,intermediate
4867,150,beginner
4868,72,beginner
4868,73,beginner
4868,75,beginner
4868,103,beginner
4868,96,beginner
4868,97,beginner
4868,99,advanced
4869,72,intermediate
4869,73,beginner
4869,75,beginner
4869,71,beginner
4869,57,intermediate
4869,59,beginner
4869,62,intermediate
4870,24,beginner
4870,23,none
4870,22,beginner
4870,11,beginner
4870,14,beginner
4870,10,intermediate
4870,21,none
4870,18,beginner
4870,32,beginner
4870,33,beginner
4870,31,intermediate
4870,35,none
4870,34,intermediate
4871,25,beginner
4871,28,beginner
4871,11,beginner
4871,13,beginner
4871,20,beginner
4871,19,intermediate
4871,18,none
4872,60,none
4872,59,beginner
4872,57,beginner
4872,62,beginner
4872,67,none
4872,65,intermediate
4872,68,none
4872,73,beginner
4872,72,beginner
4872,75,none
4873,25,beginner
4873,23,intermediate
4873,28,beginner
4873,48,beginner
4873,49,intermediate
4873,52,none
4874,154,intermediate
4874,153,none
4874,134,none
4874,128,beginner
4874,131,intermediate
4874,133,beginner
4874,129,none
4875,142,none
4875,141,intermediate
4875,145,beginner
4875,144,beginner
4875,143,beginner
4875,128,beginner
4875,134,beginner
4875,131,intermediate
4875,130,beginner
4875,133,beginner
4876,106,beginner
4876,109,beginner
4876,104,intermediate
4876,105,beginner
4876,107,beginner
4876,121,advanced
4876,123,none
4876,120,intermediate
4877,20,intermediate
4877,13,beginner
4877,21,beginner
4877,23,intermediate
4877,24,advanced
4877,25,beginner
4877,28,beginner
4878,114,none
4878,111,beginner
4878,113,intermediate
4878,116,beginner
4878,118,beginner
4879,5,beginner
4879,8,beginner
4879,3,intermediate
4879,9,beginner
4879,4,none
4879,48,intermediate
4879,49,intermediate
4879,54,beginner
4879,50,intermediate
4879,23,beginner
4879,25,beginner
4879,22,beginner
4880,123,beginner
4880,121,beginner
4880,122,none
4880,106,beginner
4880,107,intermediate
4880,114,beginner
4880,110,intermediate
4880,113,beginner
4881,57,intermediate
4881,59,intermediate
4881,62,beginner
4881,80,beginner
4881,76,intermediate
4881,78,beginner
4881,77,intermediate
4881,79,intermediate
4881,94,none
4881,91,intermediate
4882,128,beginner
4882,134,beginner
4882,131,intermediate
4882,132,beginner
4882,146,beginner
4882,149,beginner
4882,147,beginner
4883,31,beginner
4883,33,beginner
4883,32,intermediate
4883,35,beginner
4883,24,none
4883,23,none
4883,25,beginner
4883,27,beginner
4884,3,beginner
4884,8,intermediate
4884,1,beginner
4884,9,none
4884,13,none
4884,17,beginner
4885,135,beginner
4885,140,beginner
4885,141,intermediate
4885,142,beginner
4885,145,beginner
4885,144,beginner
4885,143,intermediate
4886,72,beginner
4886,73,beginner
4886,74,beginner
4886,80,beginner
4886,79,beginner
4887,110,beginner
4887,114,beginner
4887,112,beginner
4887,117,none
4887,116,beginner
4887,119,beginner
4887,118,intermediate
4888,151,beginner
4888,154,intermediate
4888,152,intermediate
4888,149,beginner
4888,146,beginner
4888,147,beginner
4888,128,beginner
4888,131,beginner
4888,134,intermediate
4888,133,beginner
4889,96,intermediate
4889,99,beginner
4889,73,intermediate
4889,72,advanced
4889,71,intermediate
4889,74,beginner
4890,80,beginner
4890,78,intermediate
4890,59,none
4890,64,beginner
4891,94,beginner
4891,89,none
4891,90,none
4891,80,beginner
4891,77,intermediate
4892,116,none
4892,117,intermediate
4892,119,beginner
4892,123,beginner
4892,122,beginner
4893,154,beginner
4893,151,beginner
4893,153,beginner
4893,152,intermediate
4893,150,intermediate
4893,131,beginner
4893,128,none
4893,134,beginner
4893,130,beginner
4894,42,beginner
4894,44,beginner
4894,37,intermediate
4894,43,none
4894,8,beginner
4894,4,intermediate
4895,121,beginner
4895,123,intermediate
4895,120,beginner
4895,122,none
4895,114,beginner
4895,111,beginner
4895,113,intermediate
4896,11,intermediate
4896,15,beginner
4896,3,beginner
4896,1,beginner
4896,5,beginner
4896,4,beginner
4896,2,beginner
4897,73,intermediate
4897,71,beginner
4897,60,none
4897,57,beginner
4897,59,intermediate
4897,61,intermediate
4898,111,none
4898,110,none
4898,114,intermediate
4898,113,beginner
4898,116,beginner
4898,117,intermediate
4898,119,none
4898,118,beginner
4899,104,beginner
4899,109,intermediate
4899,106,none
4899,108,none
4899,116,beginner
4899,117,beginner
4899,118,intermediate
4900,14,beginner
4900,12,beginner
4900,1,beginner
4900,8,beginner
4900,9,beginner
4901,48,beginner
4901,56,beginner
4901,49,intermediate
4901,52,beginner
4901,50,beginner
4901,32,intermediate
4901,34,beginner
4902,36,beginner
4902,38,intermediate
4902,37,beginner
4902,43,beginner
4902,8,intermediate
4902,7,intermediate
4903,25,beginner
4903,27,none
4903,54,intermediate
4903,56,intermediate
4903,49,beginner
4903,53,intermediate
4904,37,beginner
4904,45,none
4904,10,beginner
4904,14,none
4904,11,beginner
4904,16,beginner
4904,12,beginner
4905,116,none
4905,117,intermediate
4905,119,beginner
4905,114,intermediate
4905,111,beginner
4905,110,intermediate
4905,115,beginner
4906,42,intermediate
4906,44,beginner
4906,43,beginner
4906,1,intermediate
4906,3,beginner
4906,4,beginner
4907,24,beginner
4907,23,beginner
4907,27,none
4907,44,beginner
4907,38,beginner
4907,37,beginner
4907,40,beginner
4908,116,intermediate
4908,117,intermediate
4908,118,none
4908,123,beginner
4908,122,beginner
4909,24,beginner
4909,26,beginner
4909,31,beginner
4909,32,beginner
4909,33,intermediate
4909,30,beginner
4909,54,none
4909,50,advanced
4910,44,beginner
4910,38,intermediate
4910,36,beginner
4910,45,intermediate
4910,32,none
4910,33,beginner
4910,31,intermediate
4910,29,none
4910,35,advanced
4911,149,none
4911,146,beginner
4911,148,beginner
4911,147,none
4911,142,intermediate
4911,141,none
4911,145,none
4911,143,intermediate
4912,23,intermediate
4912,25,beginner
4912,24,none
4912,26,beginner
4912,22,beginner
4912,11,beginner
4912,14,none
4912,20,intermediate
4912,16,beginner
4913,25,beginner
4913,26,beginner
4913,31,beginner
4913,33,none
4913,35,intermediate
4914,85,beginner
4914,81,beginner
4914,76,none
4914,80,none
4914,79,beginner
4914,77,beginner
4914,89,intermediate
4914,94,beginner
4914,93,beginner
4915,13,beginner
4915,10,intermediate
4915,16,beginner
4915,54,intermediate
4915,49,advanced
4915,48,beginner
4915,55,none
4915,25,beginner
4915,27,none
4916,8,beginner
4916,3,intermediate
4916,1,beginner
4916,7,beginner
4916,4,beginner
4916,33,beginner
4916,31,beginner
4916,32,intermediate
4916,29,intermediate
4916,34,beginner
4917,5,beginner
4917,4,advanced
4917,33,intermediate
4917,34,intermediate
4918,32,beginner
4918,33,intermediate
4918,31,beginner
4918,30,beginner
4918,20,intermediate
4918,16,beginner
4919,127,intermediate
4919,126,intermediate
4919,125,beginner
4919,124,beginner
4919,104,intermediate
4919,106,beginner
4919,108,beginner
4920,25,none
4920,23,beginner
4920,24,intermediate
4920,26,beginner
4920,48,beginner
4920,56,intermediate
4920,50,beginner
4921,48,beginner
4921,55,beginner
4921,5,beginner
4921,3,beginner
4921,1,beginner
4921,9,beginner
4922,24,advanced
4922,25,beginner
4922,27,intermediate
4922,37,beginner
4922,38,none
4922,42,beginner
4922,47,none
4923,128,none
4923,133,none
4923,141,intermediate
4923,142,none
4923,144,intermediate
4924,38,none
4924,47,beginner
4924,1,beginner
4924,6,beginner
4924,54,beginner
4924,56,intermediate
4924,55,beginner
4925,104,none
4925,106,beginner
4925,108,beginner
4925,126,intermediate
4925,124,beginner
4926,48,beginner
4926,50,beginner
4926,38,beginner
4926,47,advanced
4926,13,beginner
4926,18,beginner
4927,138,beginner
4927,135,intermediate
4927,137,beginner
4927,142,beginner
4927,141,beginner
4927,143,beginner
4928,25,beginner
4928,26,beginner
4928,5,beginner
4928,3,intermediate
4928,1,advanced
4928,9,intermediate
4928,6,none
4928,20,beginner
4928,13,beginner
4928,11,intermediate
4928,18,beginner
4928,16,intermediate
4929,24,beginner
4929,25,intermediate
4929,23,beginner
4929,26,beginner
4929,49,none
4929,54,beginner
4929,51,none
4930,73,none
4930,74,beginner
4930,76,intermediate
4930,80,beginner
4930,79,beginner
4930,78,beginner
4930,77,beginner
4930,59,beginner
4930,57,beginner
4930,64,beginner
4931,31,beginner
4931,33,beginner
4931,32,none
4931,34,intermediate
4931,11,intermediate
4931,10,beginner
4931,12,beginner
4932,127,intermediate
4932,126,beginner
4932,125,intermediate
4932,117,beginner
4932,116,none
4932,119,beginner
4932,123,beginner
4932,121,beginner
4932,122,intermediate
4933,60,intermediate
4933,59,intermediate
4933,63,none
4933,65,beginner
4933,66,none
4933,68,none
4933,76,beginner
4933,80,beginner
4933,79,beginner
4933,78,beginner
4934,60,beginner
4934,59,beginner
4934,61,beginner
4934,86,beginner
4934,85,beginner
4934,82,beginner
4935,24,advanced
4935,25,beginner
4935,23,beginner
4935,28,none
4935,20,beginner
4935,10,beginner
4935,11,beginner
4935,16,none
4936,116,beginner
4936,117,beginner
4936,118,none
4936,119,beginner
4936,110,beginner
4936,114,beginner
4936,115,beginner
4937,8,intermediate
4937,4,beginner
4937,54,beginner
4937,56,intermediate
4937,48,beginner
4937,55,intermediate
4937,32,beginner
4937,31,beginner
4937,33,beginner
4937,34,beginner
4937,29,advanced
4938,136,none
4938,139,beginner
4938,141,intermediate
4938,142,beginner
4938,145,beginner
4938,144,beginner
4939,104,beginner
4939,105,beginner
4939,116,beginner
4939,117,beginner
4939,118,beginner
4939,119,beginner
4940,72,beginner
4940,71,beginner
4940,76,beginner
4940,80,beginner
4940,79,beginner
4940,77,intermediate
4940,78,beginner
4941,104,intermediate
4941,106,beginner
4941,109,beginner
4941,105,intermediate
4941,126,none
4941,127,beginner
4941,125,beginner
4941,124,beginner
4942,103,none
4942,101,beginner
4942,80,beginner
4942,76,beginner
4942,78,beginner
4943,76,intermediate
4943,80,beginner
4943,78,beginner
4943,77,intermediate
4943,86,intermediate
4943,82,intermediate
4944,49,beginner
4944,53,beginner
4944,11,none
4944,10,beginner
4944,16,none
4945,57,intermediate
4945,59,beginner
4945,60,beginner
4945,63,intermediate
4945,94,intermediate
4945,95,beginner
4945,89,beginner
4945,93,none
4946,48,intermediate
4946,51,none
4946,24,intermediate
4946,23,beginner
4946,27,beginner
4947,32,intermediate
4947,33,intermediate
4947,29,beginner
4947,11,beginner
4947,10,beginner
4947,14,intermediate
4947,19,beginner
4948,109,beginner
4948,107,none
4948,114,beginner
4948,110,beginner
4948,113,intermediate
4948,116,intermediate
4948,117,none
4948,119,beginner
4948,118,intermediate
4949,1,beginner
4949,8,beginner
4949,5,beginner
4949,4,none
4949,54,beginner
4949,49,beginner
4949,52,none
4950,94,none
4950,95,intermediate
4950,90,intermediate
4950,96,intermediate
4950,97,beginner
4950,98,beginner
4950,60,none
4950,57,beginner
4950,61,beginner
4951,25,intermediate
4951,22,beginner
4951,54,none
4951,49,beginner
4951,50,beginner
4951,13,none
4951,10,none
4951,18,beginner
4952,25,beginner
4952,24,beginner
4952,22,none
4952,14,beginner
4952,10,beginner
4952,12,beginner
4952,37,beginner
4952,36,beginner
4952,40,beginner
4953,106,beginner
4953,104,beginner
4953,108,beginner
4953,126,beginner
4953,127,intermediate
4953,124,beginner
4953,125,none
4953,121,beginner
4953,123,none
4953,122,beginner
4953,120,none
4954,32,intermediate
4954,29,none
4954,8,intermediate
4954,5,beginner
4954,2,beginner
4955,80,advanced
4955,76,beginner
4955,79,beginner
4955,78,beginner
4955,86,intermediate
4955,85,intermediate
4955,84,beginner
4955,83,none
4955,103,beginner
4955,97,beginner
4955,102,intermediate
4956,60,beginner
4956,57,beginner
4956,64,beginner
4956,84,beginner
4956,85,none
4956,86,beginner
4956,88,beginner
4957,127,intermediate
4957,126,beginner
4957,125,none
4957,116,beginner
4957,118,beginner
4958,48,beginner
4958,54,beginner
4958,51,beginner
4958,32,beginner
4958,33,beginner
4958,31,beginner
4958,34,intermediate
4958,29,beginner
4959,114,beginner
4959,110,none
4959,113,intermediate
4959,126,beginner
4959,127,beginner
4959,125,beginner
4959,124,beginner
4960,66,intermediate
4960,65,intermediate
4960,69,beginner
4960,80,intermediate
4960,78,beginner
4961,48,beginner
4961,54,none
4961,53,intermediate
4961,42,advanced
4961,44,beginner
4961,47,intermediate
4962,42,beginner
4962,44,intermediate
4962,36,beginner
4962,40,intermediate
4962,49,none
4962,56,none
4962,48,beginner
4962,51,beginner
4963,33,beginner
4963,32,beginner
4963,29,beginner
4963,13,beginner
4963,17,none
4964,95,none
4964,89,beginner
4964,92,intermediate
4964,85,beginner
4964,84,beginner
4964,86,beginner
4964,81,beginner
4964,65,none
4964,69,beginner
4965,33,beginner
4965,32,beginner
4965,29,beginner
4965,54,intermediate
4965,48,advanced
4965,51,intermediate
4966,33,beginner
4966,32,beginner
4966,29,intermediate
4966,11,none
4966,10,beginner
4966,12,beginner
4967,72,none
4967,73,beginner
4967,74,beginner
4967,95,intermediate
4967,91,beginner
4968,86,intermediate
4968,85,beginner
4968,83,intermediate
4968,72,beginner
4968,73,beginner
4968,75,intermediate
4968,71,beginner
4969,31,none
4969,33,beginner
4969,32,beginner
4969,29,beginner
4969,3,beginner
4969,5,intermediate
4969,9,beginner
4970,20,beginner
4970,11,intermediate
4970,13,beginner
4970,15,beginner
4970,54,beginner
4970,49,beginner
4970,56,beginner
4970,52,beginner
4971,20,beginner
4971,11,intermediate
4971,15,none
4971,24,beginner
4971,25,intermediate
4971,26,beginner
4972,95,beginner
4972,94,beginner
4972,89,beginner
4972,91,beginner
4972,92,none
4972,60,beginner
4972,57,intermediate
4972,62,beginner
4972,97,none
4972,96,none
4972,103,beginner
4972,101,beginner
4972,99,beginner
4973,154,beginner
4973,151,beginner
4973,152,beginner
4973,153,intermediate
4973,150,beginner
4973,136,none
4973,137,intermediate
4974,86,beginner
4974,84,beginner
4974,85,beginner
4974,83,intermediate
4974,72,intermediate
4974,73,beginner
4974,71,none
4974,75,beginner
4974,74,beginner
4975,97,intermediate
4975,103,intermediate
4975,98,beginner
4975,80,beginner
4975,76,advanced
4975,77,beginner
4975,79,beginner
4976,48,intermediate
4976,54,none
4976,53,none
4976,8,intermediate
4976,1,beginner
4976,4,beginner
4977,151,beginner
4977,154,beginner
4977,152,beginner
4977,150,beginner
4977,135,beginner
4977,136,beginner
4977,137,beginner
4978,25,beginner
4978,28,beginner
4978,5,intermediate
4978,1,advanced
4978,9,intermediate
4979,5,intermediate
4979,1,advanced
4979,2,beginner
4979,10,beginner
4979,20,beginner
4979,15,intermediate
4980,3,none
4980,4,intermediate
4980,14,beginner
4980,12,beginner
4981,5,beginner
4981,3,beginner
4981,1,intermediate
4981,4,beginner
4981,6,beginner
4981,38,beginner
4981,44,beginner
4981,43,intermediate
4982,114,beginner
4982,110,beginner
4982,111,intermediate
4982,112,beginner
4982,117,intermediate
4982,116,none
4982,118,beginner
4982,119,beginner
4983,5,intermediate
4983,8,beginner
4983,1,beginner
4983,2,beginner
4983,31,intermediate
4983,30,advanced
4984,20,none
4984,19,intermediate
4984,54,advanced
4984,49,intermediate
4984,51,none
4985,31,beginner
4985,29,beginner
4985,23,intermediate
4985,24,intermediate
4985,25,beginner
4985,22,intermediate
4986,154,intermediate
4986,151,intermediate
4986,153,beginner
4986,128,beginner
4986,131,beginner
4986,134,none
4986,132,beginner
4986,133,beginner
4987,116,none
4987,117,beginner
4987,119,beginner
4987,121,beginner
4987,123,none
4987,120,intermediate
4987,122,intermediate
4988,131,intermediate
4988,134,none
4988,129,intermediate
4988,154,beginner
4988,151,intermediate
4988,152,beginner
4988,153,beginner
4988,150,beginner
4989,121,beginner
4989,120,none
4989,127,intermediate
4989,124,beginner
4990,149,beginner
4990,146,beginner
4990,147,beginner
4990,141,intermediate
4990,143,beginner
4991,72,beginner
4991,74,intermediate
4991,66,beginner
4991,65,none
4991,67,intermediate
4991,70,beginner
4992,49,beginner
4992,56,intermediate
4992,50,beginner
4992,32,beginner
4992,31,beginner
4992,29,beginner
4993,14,beginner
4993,10,beginner
4993,11,intermediate
4993,21,intermediate
4993,49,beginner
4993,48,beginner
4993,56,none
4993,51,beginner
4994,20,beginner
4994,16,beginner
4994,31,beginner
4994,30,beginner
4995,116,beginner
4995,117,intermediate
4995,119,beginner
4995,118,intermediate
4995,126,none
4995,124,intermediate
4995,121,none
4995,120,beginner
4996,14,intermediate
4996,20,beginner
4996,21,beginner
4996,32,beginner
4996,33,beginner
4996,31,none
4996,34,intermediate
4996,23,beginner
4996,25,beginner
4996,27,beginner
4997,25,beginner
4997,26,intermediate
4997,44,intermediate
4997,42,beginner
4997,38,advanced
4997,41,advanced
4997,46,intermediate
4998,67,none
4998,65,beginner
4998,68,beginner
4998,86,beginner
4998,83,intermediate
4999,42,beginner
4999,38,beginner
4999,41,none
4999,49,intermediate
4999,48,none
4999,54,beginner
4999,52,beginner
5000,48,beginner
5000,49,beginner
5000,56,beginner
5000,53,beginner
5000,1,none
5000,9,none
5001,54,beginner
5001,52,beginner
5001,5,intermediate
5001,8,beginner
5001,4,beginner
5001,14,advanced
5001,10,beginner
5001,17,beginner
5002,84,beginner
5002,86,intermediate
5002,85,beginner
5002,83,advanced
5002,96,beginner
5002,103,advanced
5002,97,none
5002,101,none
5003,37,intermediate
5003,39,beginner
5003,1,none
5003,2,beginner
5004,32,beginner
5004,30,beginner
5004,1,intermediate
5004,7,beginner
5005,48,beginner
5005,56,beginner
5005,53,beginner
5005,44,intermediate
5005,42,beginner
5005,40,intermediate
5005,1,beginner
5005,8,none
5005,5,beginner
5005,2,beginner
5006,123,beginner
5006,120,intermediate
5006,104,beginner
5006,108,beginner
5007,36,beginner
5007,44,none
5007,40,beginner
5007,48,beginner
5007,49,intermediate
5007,54,none
5007,50,beginner
5008,48,intermediate
5008,49,intermediate
5008,54,none
5008,50,beginner
5008,24,none
5008,23,none
5008,28,intermediate
5008,5,intermediate
5008,9,beginner
5009,154,beginner
5009,151,intermediate
5009,150,beginner
5009,152,intermediate
5009,128,intermediate
5009,134,beginner
5009,129,beginner
5010,123,none
5010,121,beginner
5010,120,advanced
5010,127,beginner
5010,126,intermediate
5010,124,beginner
5010,125,none
5011,23,intermediate
5011,25,none
5011,26,none
5011,48,intermediate
5011,56,intermediate
5011,49,beginner
5011,55,beginner
5011,51,beginner
5012,31,beginner
5012,33,beginner
5012,32,intermediate
5012,29,intermediate
5012,37,beginner
5012,38,advanced
5012,43,beginner
5013,13,intermediate
5013,10,beginner
5013,20,advanced
5013,16,intermediate
5013,32,intermediate
5013,33,none
5013,31,none
5013,30,beginner
5013,34,beginner
5014,116,advanced
5014,117,beginner
5014,118,beginner
5014,119,beginner
5014,110,intermediate
5014,114,beginner
5014,111,beginner
5014,115,beginner
5015,3,beginner
5015,8,beginner
5015,5,beginner
5015,7,beginner
5015,49,beginner
5015,56,beginner
5015,54,beginner
5015,52,none
5016,135,beginner
5016,136,intermediate
5016,139,beginner
5016,142,none
5016,143,intermediate
5016,149,beginner
5016,146,beginner
5016,148,beginner
5017,121,beginner
5017,123,beginner
5017,122,intermediate
5017,120,beginner
5017,110,intermediate
5017,114,beginner
5017,111,beginner
5017,113,beginner
5017,115,beginner
5018,97,beginner
5018,96,advanced
5018,103,intermediate
5018,98,intermediate
5018,99,intermediate
5018,80,beginner
5018,76,beginner
5018,79,intermediate
5018,77,intermediate
5019,3,none
5019,1,advanced
5019,5,beginner
5019,6,intermediate
5019,33,none
5019,29,beginner
5020,127,intermediate
5020,125,beginner
5020,110,beginner
5020,114,beginner
5020,112,intermediate
5021,126,none
5021,127,beginner
5021,124,intermediate
5021,121,beginner
5021,123,beginner
5021,122,intermediate
5021,116,intermediate
5021,117,beginner
5021,118,beginner
5021,119,beginner
5022,110,intermediate
5022,111,intermediate
5022,112,beginner
5022,117,beginner
5022,118,beginner
5023,3,intermediate
5023,1,beginner
5023,5,beginner
5023,6,beginner
5023,7,intermediate
5023,10,beginner
5023,11,advanced
5023,19,beginner
5024,126,beginner
5024,127,beginner
5024,125,beginner
5024,124,beginner
5024,109,beginner
5024,104,none
5024,106,intermediate
5024,105,intermediate
5024,107,beginner
5025,127,intermediate
5025,126,beginner
5025,125,beginner
5025,124,beginner
5025,110,intermediate
5025,112,intermediate
5026,146,intermediate
5026,149,beginner
5026,147,beginner
5026,138,beginner
5026,140,none
5026,141,beginner
5026,142,advanced
5026,144,beginner
5027,59,beginner
5027,58,intermediate
5027,85,intermediate
5027,84,advanced
5027,86,beginner
5027,81,beginner
5027,66,beginner
5027,65,none
5027,70,beginner
5028,94,beginner
5028,95,beginner
5028,89,beginner
5028,91,none
5028,92,intermediate
5028,97,beginner
5028,103,beginner
5028,98,beginner
5029,44,none
5029,42,advanced
5029,40,beginner
5029,14,beginner
5029,13,none
5029,20,none
5029,12,beginner
5029,16,beginner
5030,104,intermediate
5030,106,none
5030,109,intermediate
5030,108,beginner
5030,127,none
5030,124,intermediate
5031,149,beginner
5031,146,beginner
5031,148,intermediate
5031,147,intermediate
5031,142,advanced
5031,141,beginner
5031,145,none
5032,89,intermediate
5032,94,beginner
5032,91,advanced
5032,84,beginner
5032,86,beginner
5032,85,beginner
5032,81,beginner
5032,87,beginner
5032,59,beginner
5032,57,beginner
5032,64,intermediate
5033,36,beginner
5033,44,beginner
5033,42,beginner
5033,46,none
5033,40,none
5033,1,intermediate
5033,8,beginner
5033,5,beginner
5033,2,advanced
5033,24,beginner
5033,25,beginner
5033,23,beginner
5033,22,beginner
5034,5,beginner
5034,1,beginner
5034,4,none
5034,49,intermediate
5034,56,beginner
5034,54,beginner
5034,55,none
5035,59,beginner
5035,57,none
5035,60,beginner
5035,62,beginner
5035,89,none
5035,91,beginner
5036,109,intermediate
5036,104,beginner
5036,106,none
5036,105,beginner
5036,108,beginner
5036,117,intermediate
5036,119,beginner
5037,13,beginner
5037,17,beginner
5037,3,beginner
5037,5,intermediate
5037,1,advanced
5037,9,beginner
5037,2,beginner
5037,24,beginner
5037,25,beginner
5037,23,beginner
5037,27,intermediate
5038,38,none
5038,36,none
5038,37,beginner
5038,39,beginner
5038,25,intermediate
5038,24,none
5038,22,beginner
5039,146,beginner
5039,149,none
5039,147,advanced
5039,148,none
5039,134,beginner
5039,128,beginner
5039,131,beginner
5039,133,intermediate
5040,80,beginner
5040,76,beginner
5040,79,beginner
5040,84,beginner
5040,86,beginner
5040,82,intermediate
5041,42,beginner
5041,43,intermediate
5041,33,beginner
5041,32,beginner
5041,30,beginner
5041,10,beginner
5041,21,beginner
5042,38,intermediate
5042,37,beginner
5042,39,beginner
5042,24,beginner
5042,25,beginner
5042,27,beginner
5043,56,beginner
5043,50,beginner
5043,44,intermediate
5043,37,advanced
5043,36,beginner
5043,40,beginner
5043,46,intermediate
5044,5,beginner
5044,3,beginner
5044,1,none
5044,4,intermediate
5044,9,beginner
5044,32,intermediate
5044,31,beginner
5044,33,beginner
5044,30,beginner
5045,72,beginner
5045,73,beginner
5045,75,intermediate
5045,74,beginner
5045,71,intermediate
5045,76,beginner
5045,79,beginner
5046,73,beginner
5046,75,beginner
5046,60,none
5046,57,beginner
5046,59,beginner
5046,58,beginner
5047,57,intermediate
5047,59,beginner
5047,60,beginner
5047,64,beginner
5047,66,intermediate
5047,69,intermediate
5048,96,intermediate
5048,103,beginner
5048,97,beginner
5048,101,beginner
5048,98,beginner
5048,94,intermediate
5048,89,intermediate
5048,95,beginner
5048,90,beginner
5049,24,beginner
5049,25,none
5049,23,beginner
5049,28,beginner
5049,31,none
5049,33,beginner
5049,32,intermediate
5049,35,beginner
5050,32,beginner
5050,31,beginner
5050,33,beginner
5050,34,beginner
5050,30,beginner
5050,54,beginner
5050,53,beginner
5051,1,beginner
5051,2,intermediate
5051,14,intermediate
5051,12,beginner
5052,23,intermediate
5052,25,intermediate
5052,26,beginner
5052,54,beginner
5052,48,intermediate
5052,56,beginner
5052,52,intermediate
5052,50,intermediate
5053,110,advanced
5053,114,intermediate
5053,112,beginner
5053,116,beginner
5053,117,intermediate
5053,119,intermediate
5054,23,beginner
5054,26,beginner
5054,14,beginner
5054,20,intermediate
5054,11,beginner
5054,19,beginner
5055,57,none
5055,60,beginner
5055,59,beginner
5055,64,intermediate
5055,62,beginner
5055,89,intermediate
5055,95,none
5055,92,beginner
5056,33,intermediate
5056,31,none
5056,32,beginner
5056,30,intermediate
5056,24,intermediate
5056,25,intermediate
5056,23,none
5056,26,beginner
5056,22,intermediate
5056,10,beginner
5056,18,beginner
5057,31,intermediate
5057,33,beginner
5057,32,beginner
5057,34,beginner
5057,29,beginner
5057,23,intermediate
5057,25,beginner
5057,24,beginner
5057,27,beginner
5057,26,none
5057,10,none
5057,11,intermediate
5057,14,beginner
5057,19,intermediate
5058,24,beginner
5058,23,beginner
5058,25,beginner
5058,28,beginner
5058,49,beginner
5058,52,beginner
5059,85,beginner
5059,84,beginner
5059,86,intermediate
5059,88,beginner
5059,67,beginner
5059,68,beginner
5059,60,beginner
5059,59,beginner
5059,57,intermediate
5059,63,beginner
5060,72,beginner
5060,73,beginner
5060,74,none
5060,71,beginner
5060,75,beginner
5060,80,beginner
5060,76,beginner
5060,79,beginner
5061,110,beginner
5061,114,beginner
5061,111,none
5061,112,beginner
5061,113,beginner
5061,116,beginner
5061,117,none
5061,119,beginner
5061,121,intermediate
5061,122,none
5062,54,beginner
5062,49,intermediate
5062,48,intermediate
5062,53,intermediate
5062,55,beginner
5062,13,intermediate
5062,10,beginner
5062,12,beginner
5063,97,none
5063,100,beginner
5063,65,intermediate
5063,66,intermediate
5063,67,none
5063,68,intermediate
5064,111,beginner
5064,110,beginner
5064,114,beginner
5064,112,intermediate
5064,115,beginner
5064,104,beginner
5064,108,beginner
5065,56,beginner
5065,48,beginner
5065,52,beginner
5065,5,beginner
5065,9,beginner
5066,32,none
5066,29,beginner
5066,1,beginner
5066,3,beginner
5066,7,beginner
5067,42,none
5067,36,intermediate
5067,37,beginner
5067,39,beginner
5067,10,beginner
5067,11,intermediate
5067,20,intermediate
5067,18,none
5067,17,beginner
5068,24,beginner
5068,28,beginner
5068,3,beginner
5068,5,beginner
5068,1,beginner
5068,9,beginner
5068,4,beginner
5069,104,beginner
5069,106,advanced
5069,109,beginner
5069,108,none
5069,110,beginner
5069,111,none
5069,115,beginner
5069,126,none
5069,127,none
5069,124,beginner
5069,125,intermediate
5070,42,beginner
5070,45,none
5070,31,beginner
5070,32,beginner
5070,29,beginner
5071,60,beginner
5071,59,beginner
5071,57,intermediate
5071,58,none
5071,62,intermediate
5071,65,intermediate
5071,67,beginner
5071,66,beginner
5071,70,intermediate
5072,111,beginner
5072,110,beginner
5072,114,advanced
5072,113,beginner
5072,115,none
5072,116,beginner
5072,117,beginner
5072,118,beginner
5072,119,beginner
5073,13,beginner
5073,11,intermediate
5073,15,beginner
5073,24,beginner
5073,25,intermediate
5073,22,beginner
5073,42,beginner
5073,44,none
5073,43,beginner
5074,94,intermediate
5074,95,beginner
5074,89,beginner
5074,91,intermediate
5074,76,none
5074,80,intermediate
5074,79,none
5074,78,advanced
5075,24,beginner
5075,25,beginner
5075,23,intermediate
5075,27,none
5075,48,beginner
5075,49,advanced
5075,54,intermediate
5075,53,beginner
5076,85,intermediate
5076,86,intermediate
5076,82,beginner
5076,96,intermediate
5076,103,none
5076,98,beginner
5077,13,beginner
5077,12,beginner
5077,48,intermediate
5077,50,none
5078,10,beginner
5078,13,beginner
5078,14,beginner
5078,19,beginner
5078,24,none
5078,23,beginner
5078,22,beginner
5079,11,beginner
5079,20,intermediate
5079,10,none
5079,18,intermediate
5079,42,beginner
5079,37,beginner
5079,39,intermediate
5080,104,beginner
5080,109,beginner
5080,106,beginner
5080,108,beginner
5080,127,beginner
5080,125,intermediate
5080,116,intermediate
5080,117,none
5080,119,intermediate
5080,118,beginner
5081,103,beginner
5081,100,intermediate
5081,65,intermediate
5081,67,beginner
5081,66,advanced
5081,68,beginner
5082,121,beginner
5082,123,intermediate
5082,120,beginner
5082,117,beginner
5082,116,beginner
5082,119,beginner
5083,1,beginner
5083,5,beginner
5083,8,beginner
5083,9,beginner
5083,4,beginner
5083,49,beginner
5083,56,beginner
5083,55,intermediate
5084,138,none
5084,140,intermediate
5084,142,beginner
5084,145,intermediate
5084,146,beginner
5084,149,beginner
5084,147,intermediate
5085,54,beginner
5085,48,beginner
5085,56,beginner
5085,50,beginner
5085,53,beginner
5085,25,beginner
5085,24,intermediate
5085,26,beginner
5086,127,beginner
5086,125,none
5086,121,beginner
5086,123,beginner
5086,120,intermediate
5086,122,advanced
5087,126,advanced
5087,127,beginner
5087,125,beginner
5087,117,intermediate
5087,116,beginner
5087,118,none
5087,119,beginner
5088,59,beginner
5088,58,beginner
5088,89,beginner
5088,90,beginner
5089,8,beginner
5089,5,beginner
5089,3,beginner
5089,4,intermediate
5089,33,intermediate
5089,32,beginner
5089,31,beginner
5089,29,beginner
5089,34,intermediate
5090,110,beginner
5090,111,none
5090,115,beginner
5090,126,beginner
5090,127,beginner
5090,125,intermediate
5090,104,beginner
5090,109,beginner
5090,106,intermediate
5090,105,beginner
5091,123,beginner
5091,121,beginner
5091,120,beginner
5091,122,intermediate
5091,126,intermediate
5091,127,beginner
5091,124,beginner
5092,5,beginner
5092,8,beginner
5092,2,beginner
5092,48,beginner
5092,51,intermediate
5093,109,intermediate
5093,104,beginner
5093,107,beginner
5093,111,none
5093,110,beginner
5093,114,advanced
5093,115,beginner
5094,48,intermediate
5094,55,intermediate
5094,23,beginner
5094,25,beginner
5094,22,intermediate
5095,96,intermediate
5095,97,beginner
5095,100,beginner
5095,73,none
5095,72,none
5095,75,beginner
5096,73,beginner
5096,72,beginner
5096,74,beginner
5096,75,beginner
5096,76,beginner
5096,80,none
5096,77,beginner
5096,79,beginner
5097,116,intermediate
5097,117,none
5097,118,beginner
5097,119,beginner
5097,104,beginner
5097,106,beginner
5097,109,beginner
5097,108,beginner
5098,96,beginner
5098,97,intermediate
5098,103,beginner
5098,98,none
5098,100,beginner
5098,89,intermediate
5098,95,beginner
5098,94,intermediate
5098,91,beginner
5098,90,beginner
5099,1,beginner
5099,4,beginner
5099,33,beginner
5099,32,beginner
5099,31,beginner
5099,30,beginner
5099,34,beginner
5100,84,advanced
5100,81,none
5100,73,beginner
5100,72,beginner
5100,74,intermediate
5100,71,intermediate
5101,24,beginner
5101,25,beginner
5101,27,beginner
5101,32,beginner
5101,29,beginner
5102,80,intermediate
5102,78,beginner
5102,85,beginner
5102,86,beginner
5102,83,beginner
5103,60,beginner
5103,59,beginner
5103,57,intermediate
5103,61,beginner
5103,72,beginner
5103,73,advanced
5103,74,intermediate
5104,121,none
5104,123,beginner
5104,122,intermediate
5104,120,intermediate
5104,106,none
5104,109,beginner
5104,108,beginner
5105,48,intermediate
5105,56,beginner
5105,50,beginner
5105,42,beginner
5105,37,intermediate
5105,36,beginner
5105,47,beginner
5105,43,none
5106,31,beginner
5106,33,intermediate
5106,32,intermediate
5106,29,intermediate
5106,25,intermediate
5106,24,beginner
5106,23,beginner
5106,27,beginner
5107,89,beginner
5107,94,beginner
5107,95,beginner
5107,90,intermediate
5107,92,intermediate
5107,76,intermediate
5107,80,none
5107,79,beginner
5108,42,beginner
5108,36,advanced
5108,47,intermediate
5108,1,beginner
5108,4,beginner
5108,23,beginner
5108,25,beginner
5108,27,beginner
5109,20,intermediate
5109,10,beginner
5109,12,beginner
5109,32,intermediate
5109,30,beginner
5110,14,intermediate
5110,10,beginner
5110,20,beginner
5110,15,intermediate
5110,5,intermediate
5110,6,beginner
5111,60,beginner
5111,57,intermediate
5111,59,beginner
5111,61,beginner
5111,65,beginner
5111,67,beginner
5111,66,beginner
5111,70,none
5111,68,beginner
5111,94,none
5111,89,none
5111,95,beginner
5111,92,intermediate
5112,20,beginner
5112,10,beginner
5112,18,intermediate
5112,32,none
5112,29,beginner
5113,103,intermediate
5113,100,beginner
5113,76,beginner
5113,80,intermediate
5113,79,beginner
5113,78,beginner
5114,121,beginner
5114,123,intermediate
5114,122,beginner
5114,120,beginner
5114,104,beginner
5114,109,none
5114,106,beginner
5114,105,beginner
5115,94,beginner
5115,95,beginner
5115,89,beginner
5115,90,beginner
5115,84,beginner
5115,85,beginner
5115,86,beginner
5115,87,beginner
5115,103,beginner
5115,97,intermediate
5115,96,none
5115,98,intermediate
5116,48,beginner
5116,56,beginner
5116,49,beginner
5116,52,beginner
5116,51,beginner
5116,11,none
5116,19,none
5117,33,intermediate
5117,32,none
5117,35,intermediate
5117,10,beginner
5117,13,beginner
5117,21,none
5118,56,intermediate
5118,48,none
5118,49,beginner
5118,50,beginner
5118,14,intermediate
5118,10,intermediate
5118,17,intermediate
5118,44,none
5118,38,beginner
5118,41,none
5119,85,beginner
5119,84,advanced
5119,82,advanced
5119,72,beginner
5119,73,beginner
5119,75,beginner
5120,59,beginner
5120,57,beginner
5120,63,beginner
5120,72,beginner
5120,73,intermediate
5120,74,beginner
5120,71,beginner
5121,1,beginner
5121,7,intermediate
5121,11,none
5121,18,beginner
5122,23,beginner
5122,22,beginner
5122,33,beginner
5122,32,none
5122,31,advanced
5122,35,beginner
5123,8,beginner
5123,7,intermediate
5123,10,beginner
5123,13,beginner
5123,11,beginner
5123,12,beginner
5123,16,beginner
5124,37,beginner
5124,42,beginner
5124,40,beginner
5124,24,advanced
5124,25,intermediate
5124,27,intermediate
5125,141,beginner
5125,145,intermediate
5125,149,intermediate
5125,146,beginner
5125,148,beginner
5125,151,beginner
5125,150,beginner
5126,44,beginner
5126,46,intermediate
5126,33,none
5126,29,beginner
5126,1,beginner
5126,5,beginner
5126,8,beginner
5126,7,beginner
5127,54,advanced
5127,49,none
5127,48,beginner
5127,52,beginner
5127,50,beginner
5127,37,beginner
5127,36,beginner
5127,46,beginner
5128,31,intermediate
5128,33,none
5128,32,beginner
5128,35,none
5128,56,beginner
5128,48,beginner
5128,49,beginner
5128,53,beginner
5128,44,beginner
5128,37,beginner
5128,42,beginner
5128,41,beginner
5128,45,intermediate
5129,31,beginner
5129,34,beginner
5129,5,none
5129,1,beginner
5129,4,beginner
5130,48,beginner
5130,54,intermediate
5130,53,intermediate
5130,8,beginner
5130,4,none
5131,3,beginner
5131,7,beginner
5131,32,intermediate
5131,31,beginner
5131,29,beginner
5132,3,intermediate
5132,5,beginner
5132,1,advanced
5132,9,beginner
5132,38,intermediate
5132,45,beginner
5132,25,intermediate
5132,24,beginner
5132,22,intermediate
5133,23,intermediate
5133,22,none
5133,48,beginner
5133,54,beginner
5133,49,beginner
5133,52,beginner
5134,72,intermediate
5134,73,none
5134,74,beginner
5134,71,intermediate
5134,75,beginner
5134,80,none
5134,79,beginner
5135,76,none
5135,79,beginner
5135,97,beginner
5135,96,intermediate
5135,103,none
5135,102,beginner
5135,99,beginner
5136,24,beginner
5136,23,intermediate
5136,28,intermediate
5136,14,none
5136,11,beginner
5136,19,intermediate
5136,37,beginner
5136,45,none
5137,127,intermediate
5137,126,intermediate
5137,124,beginner
5137,111,beginner
5137,114,none
5137,112,beginner
5138,3,none
5138,1,beginner
5138,5,beginner
5138,6,beginner
5138,13,beginner
5138,14,beginner
5138,10,none
5138,18,beginner
5138,12,beginner
5139,142,intermediate
5139,141,beginner
5139,145,intermediate
5139,149,intermediate
5139,148,beginner
5139,154,beginner
5139,150,none
5140,149,beginner
5140,146,intermediate
5140,148,beginner
5140,147,none
5140,128,beginner
5140,129,beginner
5141,24,beginner
5141,25,intermediate
5141,23,beginner
5141,26,beginner
5141,38,beginner
5141,36,intermediate
5141,37,beginner
5141,40,beginner
5141,39,beginner
5142,5,intermediate
5142,3,advanced
5142,1,beginner
5142,6,intermediate
5142,9,beginner
5142,31,beginner
5142,34,intermediate
5143,106,beginner
5143,104,beginner
5143,109,intermediate
5143,105,intermediate
5143,107,none
5143,117,beginner
5143,118,beginner
5144,11,beginner
5144,10,advanced
5144,14,beginner
5144,15,none
5144,54,beginner
5144,53,beginner
5145,3,beginner
5145,8,beginner
5145,1,none
5145,4,beginner
5145,9,beginner
5145,24,beginner
5145,25,intermediate
5145,23,beginner
5145,22,none
5145,28,beginner
5145,36,intermediate
5145,40,none
5146,80,beginner
5146,79,intermediate
5146,95,intermediate
5146,89,beginner
5146,94,beginner
5146,90,beginner
5146,91,none
5147,72,beginner
5147,73,beginner
5147,75,intermediate
5147,60,beginner
5147,57,intermediate
5147,62,beginner
5147,97,intermediate
5147,96,advanced
5147,103,beginner
5147,101,beginner
5147,100,beginner
5148,116,intermediate
5148,117,beginner
5148,119,beginner
5148,104,beginner
5148,106,beginner
5148,105,beginner
5148,123,beginner
5148,120,intermediate
5149,127,beginner
5149,126,beginner
5149,125,beginner
5149,124,beginner
5149,117,none
5149,116,beginner
5149,118,beginner
5149,119,intermediate
5150,116,beginner
5150,117,beginner
5150,119,intermediate
5150,127,beginner
5150,124,intermediate
5151,114,intermediate
5151,110,beginner
5151,113,beginner
5151,121,beginner
5151,123,advanced
5151,122,none
5152,89,beginner
5152,94,beginner
5152,95,beginner
5152,91,intermediate
5152,92,intermediate
5152,85,intermediate
5152,84,none
5152,81,beginner
5152,72,advanced
5152,73,intermediate
5152,75,advanced
5152,71,intermediate
5153,80,beginner
5153,76,none
5153,77,beginner
5153,79,intermediate
5153,78,intermediate
5153,86,beginner
5153,85,none
5153,84,intermediate
5153,87,beginner
5153,83,beginner
5154,146,beginner
5154,149,none
5154,147,intermediate
5154,142,beginner
5154,141,none
5154,144,beginner
5154,138,none
5154,136,none
5154,135,beginner
5154,137,beginner
5155,154,beginner
5155,151,beginner
5155,150,beginner
5155,152,beginner
5155,153,beginner
5155,146,beginner
5155,147,intermediate
5156,116,intermediate
5156,117,intermediate
5156,118,beginner
5156,119,beginner
5156,126,beginner
5156,124,beginner
5157,110,beginner
5157,111,intermediate
5157,114,intermediate
5157,113,beginner
5157,115,intermediate
5157,106,beginner
5157,107,beginner
5158,57,beginner
5158,60,beginner
5158,59,beginner
5158,58,beginner
5158,63,beginner
5158,85,intermediate
5158,84,beginner
5158,82,beginner
5159,25,none
5159,27,none
5159,49,advanced
5159,48,beginner
5159,50,beginner
5160,121,beginner
5160,123,intermediate
5160,120,beginner
5160,117,beginner
5160,116,beginner
5160,118,beginner
5160,119,beginner
5161,11,beginner
5161,12,beginner
5161,44,none
5161,40,intermediate
5162,56,beginner
5162,49,intermediate
5162,48,beginner
5162,53,beginner
5162,52,intermediate
5162,44,beginner
5162,37,none
5162,45,intermediate
5163,32,beginner
5163,33,intermediate
5163,30,intermediate
5163,8,beginner
5163,5,intermediate
5163,1,intermediate
5163,4,none
5163,2,intermediate
5163,49,beginner
5163,54,beginner
5163,52,beginner
5164,97,intermediate
5164,103,beginner
5164,99,intermediate
5164,85,none
5164,86,intermediate
5164,87,beginner
5165,80,none
5165,77,beginner
5165,84,beginner
5165,85,none
5165,83,beginner
5165,66,intermediate
5165,65,beginner
5165,68,beginner
5166,11,beginner
5166,10,none
5166,20,beginner
5166,15,none
5166,18,intermediate
5166,38,beginner
5166,37,intermediate
5166,36,none
5166,45,intermediate
5167,32,beginner
5167,33,beginner
5167,29,beginner
5167,8,none
5167,3,beginner
5167,1,beginner
5167,6,intermediate
5167,2,beginner
5168,48,beginner
5168,52,beginner
5168,23,beginner
5168,25,intermediate
5168,28,beginner
5169,49,beginner
5169,52,beginner
5169,31,beginner
5169,29,beginner
5170,20,none
5170,13,beginner
5170,12,beginner
5170,1,beginner
5170,5,beginner
5170,6,beginner
5170,25,intermediate
5170,24,beginner
5170,23,none
5170,22,intermediate
5170,26,beginner
5171,66,beginner
5171,67,advanced
5171,65,beginner
5171,69,beginner
5171,68,beginner
5171,73,intermediate
5171,72,beginner
5171,71,beginner
5171,74,beginner
5171,75,beginner
5172,11,beginner
5172,17,beginner
5172,5,beginner
5172,8,beginner
5172,3,none
5172,9,beginner
5173,24,beginner
5173,22,intermediate
5173,8,beginner
5173,5,intermediate
5173,1,beginner
5173,2,beginner
5173,7,none
5174,33,beginner
5174,32,advanced
5174,31,beginner
5174,29,intermediate
5174,30,beginner
5174,10,beginner
5174,20,beginner
5174,11,intermediate
5174,17,beginner
5174,21,none
5175,86,intermediate
5175,85,beginner
5175,88,beginner
5175,67,none
5175,65,intermediate
5175,69,beginner
5175,60,none
5175,59,intermediate
5175,64,intermediate
5176,126,beginner
5176,127,none
5176,125,beginner
5176,106,none
5176,104,intermediate
5176,109,beginner
5176,105,intermediate
5177,23,intermediate
5177,25,intermediate
5177,24,beginner
5177,27,intermediate
5177,31,none
5177,32,beginner
5177,33,intermediate
5177,29,beginner
5178,44,beginner
5178,37,beginner
5178,39,intermediate
5178,33,none
5178,31,beginner
5178,29,beginner
5179,76,beginner
5179,80,beginner
5179,79,beginner
5179,89,intermediate
5179,95,none
5179,94,intermediate
5179,90,intermediate
5180,3,intermediate
5180,9,intermediate
5180,25,beginner
5180,24,beginner
5180,27,beginner
5181,117,intermediate
5181,116,beginner
5181,119,none
5181,121,beginner
5181,123,intermediate
5181,120,beginner
5182,141,intermediate
5182,145,beginner
5182,138,beginner
5182,136,none
5182,135,beginner
5182,140,beginner
5182,139,intermediate
5183,89,beginner
5183,93,beginner
5183,66,beginner
5183,69,advanced
5184,154,intermediate
5184,151,beginner
5184,152,beginner
5184,150,beginner
5184,153,beginner
5184,138,intermediate
5184,135,beginner
5184,140,beginner
5185,24,intermediate
5185,25,intermediate
5185,26,none
5185,1,intermediate
5185,8,beginner
5185,3,beginner
5185,2,intermediate
5186,14,beginner
5186,20,beginner
5186,13,beginner
5186,16,beginner
5186,49,beginner
5186,48,intermediate
5186,54,beginner
5186,53,beginner
5186,52,intermediate
5186,23,none
5186,24,beginner
5186,25,intermediate
5186,27,beginner
5187,8,intermediate
5187,1,intermediate
5187,3,intermediate
5187,2,beginner
5187,13,intermediate
5187,16,beginner
5188,32,beginner
5188,31,beginner
5188,35,none
5188,13,intermediate
5188,10,beginner
5188,20,intermediate
5188,21,beginner
5189,33,advanced
5189,31,intermediate
5189,34,beginner
5189,54,intermediate
5189,56,beginner
5189,49,beginner
5189,52,intermediate
5189,50,beginner
5190,57,beginner
5190,60,beginner
5190,59,beginner
5190,64,beginner
5190,80,beginner
5190,76,beginner
5190,78,beginner
5191,60,none
5191,57,intermediate
5191,62,beginner
5191,84,beginner
5191,85,beginner
5191,82,intermediate
5192,1,advanced
5192,8,beginner
5192,7,none
5192,49,beginner
5192,56,intermediate
5192,54,none
5192,50,beginner
5193,84,beginner
5193,85,beginner
5193,83,advanced
5193,89,beginner
5193,94,beginner
5193,95,beginner
5193,92,intermediate
5194,54,beginner
5194,49,none
5194,48,beginner
5194,55,beginner
5194,20,beginner
5194,12,none
5195,56,beginner
5195,49,intermediate
5195,54,beginner
5195,51,intermediate
5195,50,beginner
5195,23,beginner
5195,24,none
5195,26,beginner
5196,11,intermediate
5196,13,beginner
5196,14,beginner
5196,12,beginner
5196,24,none
5196,25,beginner
5196,23,beginner
5196,28,none
5196,22,beginner
5197,94,beginner
5197,89,intermediate
5197,93,intermediate
5197,86,beginner
5197,84,beginner
5197,85,none
5197,88,beginner
5197,81,beginner
5198,67,beginner
5198,66,beginner
5198,68,beginner
5198,97,none
5198,103,beginner
5198,96,none
5198,101,none
5198,102,beginner
5198,60,beginner
5198,64,intermediate
5199,109,none
5199,104,intermediate
5199,105,beginner
5199,126,beginner
5199,127,beginner
5199,125,beginner
5200,23,beginner
5200,24,beginner
5200,25,beginner
5200,28,beginner
5200,26,beginner
5200,42,intermediate
5200,37,beginner
5200,41,beginner
5201,56,beginner
5201,48,beginner
5201,52,beginner
5201,24,beginner
5201,25,none
5201,23,none
5201,27,intermediate
5202,146,beginner
5202,149,beginner
5202,147,beginner
5202,151,beginner
5202,154,beginner
5202,150,beginner
5202,153,beginner
5202,152,beginner
5202,135,beginner
5202,138,beginner
5202,136,beginner
5202,137,beginner
5203,20,intermediate
5203,11,none
5203,13,beginner
5203,17,none
5203,24,advanced
5203,25,intermediate
5203,23,beginner
5203,22,intermediate
5204,49,beginner
5204,56,beginner
5204,53,beginner
5204,31,beginner
5204,35,advanced
5205,33,beginner
5205,31,beginner
5205,29,beginner
5205,3,intermediate
5205,1,beginner
5205,8,beginner
5205,6,none
5205,2,beginner
5206,25,intermediate
5206,23,intermediate
5206,24,beginner
5206,22,none
5206,28,none
5206,54,beginner
5206,49,beginner
5206,55,beginner
5207,96,beginner
5207,97,advanced
5207,99,intermediate
5207,94,none
5207,95,beginner
5207,91,beginner
5208,44,beginner
5208,43,advanced
5208,54,beginner
5208,55,intermediate
5209,84,intermediate
5209,85,intermediate
5209,86,beginner
5209,81,intermediate
5209,65,intermediate
5209,68,none
5210,138,intermediate
5210,136,intermediate
5210,135,beginner
5210,139,beginner
5210,134,beginner
5210,133,beginner
5211,5,intermediate
5211,1,beginner
5211,9,beginner
5211,25,beginner
5211,23,advanced
5211,27,beginner
5211,11,intermediate
5211,14,beginner
5211,10,intermediate
5211,17,beginner
5212,1,beginner
5212,7,beginner
5212,24,beginner
5212,23,beginner
5212,25,beginner
5212,22,intermediate
5213,123,beginner
5213,121,beginner
5213,122,beginner
5213,120,beginner
5213,106,beginner
5213,109,beginner
5213,107,beginner
5214,94,beginner
5214,89,intermediate
5214,95,beginner
5214,90,beginner
5214,76,intermediate
5214,80,beginner
5214,78,intermediate
5214,67,beginner
5214,65,beginner
5214,66,beginner
5214,70,beginner
5214,69,none
5215,109,beginner
5215,106,beginner
5215,104,beginner
5215,107,intermediate
5215,105,none
5215,123,beginner
5215,120,intermediate
5216,49,intermediate
5216,50,beginner
5216,1,none
5216,5,intermediate
5216,6,none
5217,94,none
5217,90,none
5217,103,none
5217,98,beginner
5217,57,beginner
5217,60,intermediate
5217,61,beginner
5218,151,intermediate
5218,154,beginner
5218,153,none
5218,152,beginner
5218,142,intermediate
5218,141,intermediate
5218,144,intermediate
5218,143,beginner
5218,145,none
5219,1,intermediate
5219,5,beginner
5219,3,beginner
5219,6,beginner
5219,9,intermediate
5219,36,advanced
5219,38,intermediate
5219,44,beginner
5219,43,beginner
5220,127,beginner
5220,126,none
5220,125,beginner
5220,124,intermediate
5220,121,none
5220,123,beginner
5220,122,intermediate
5220,120,beginner
5221,76,beginner
5221,80,none
5221,77,intermediate
5221,94,beginner
5221,89,beginner
5221,92,intermediate
5222,116,beginner
5222,117,none
5222,118,none
5222,127,beginner
5222,126,beginner
5222,124,none
5222,125,none
5222,104,intermediate
5222,106,beginner
5222,109,beginner
5222,105,beginner
5222,108,intermediate
5223,14,beginner
5223,21,beginner
5223,56,beginner
5223,49,intermediate
5223,48,beginner
5223,53,beginner
5223,31,beginner
5223,33,intermediate
5223,29,intermediate
5224,37,beginner
5224,47,beginner
5224,54,beginner
5224,56,beginner
5224,53,beginner
5225,31,beginner
5225,32,beginner
5225,33,none
5225,35,beginner
5225,36,beginner
5225,44,intermediate
5225,43,beginner
5226,151,beginner
5226,154,none
5226,152,intermediate
5226,131,none
5226,129,beginner
5227,38,none
5227,37,none
5227,39,intermediate
5227,14,beginner
5227,10,intermediate
5227,20,beginner
5227,17,beginner
5228,36,none
5228,44,beginner
5228,37,beginner
5228,45,beginner
5228,32,beginner
5228,33,none
5228,34,beginner
5228,3,none
5228,8,beginner
5228,1,beginner
5228,9,intermediate
5228,6,beginner
5229,127,intermediate
5229,126,beginner
5229,124,beginner
5229,125,none
5229,121,beginner
5229,123,beginner
5229,120,beginner
5229,110,beginner
5229,111,none
5229,114,intermediate
5229,112,intermediate
5230,24,beginner
5230,25,beginner
5230,28,intermediate
5230,56,beginner
5230,48,intermediate
5230,54,beginner
5230,55,beginner
5230,52,none
5231,57,beginner
5231,60,beginner
5231,61,beginner
5231,85,beginner
5231,84,beginner
5231,88,intermediate
5232,24,none
5232,25,beginner
5232,26,beginner
5232,49,beginner
5232,53,beginner
5233,89,beginner
5233,90,intermediate
5233,80,beginner
5233,78,intermediate
5234,24,intermediate
5234,22,intermediate
5234,8,intermediate
5234,3,intermediate
5234,2,beginner
5235,85,advanced
5235,86,none
5235,84,intermediate
5235,82,beginner
5235,97,intermediate
5235,96,beginner
5235,103,intermediate
5235,102,beginner
5236,65,intermediate
5236,67,beginner
5236,66,beginner
5236,70,beginner
5236,80,beginner
5236,78,beginner
5237,36,intermediate
5237,42,none
5237,39,beginner
5237,8,intermediate
5237,5,intermediate
5237,2,beginner
5238,56,beginner
5238,48,none
5238,54,beginner
5238,50,beginner
5238,32,beginner
5238,31,advanced
5238,34,none
5239,10,beginner
5239,14,beginner
5239,18,beginner
5239,56,beginner
5239,54,beginner
5239,55,beginner
5239,5,none
5239,3,beginner
5239,1,intermediate
5239,7,beginner
5239,2,intermediate
5240,117,beginner
5240,116,intermediate
5240,118,beginner
5240,126,beginner
5240,127,intermediate
5240,124,intermediate
5240,125,none
5241,25,beginner
5241,24,intermediate
5241,23,advanced
5241,26,none
5241,54,beginner
5241,49,beginner
5241,56,beginner
5241,53,beginner
5242,5,beginner
5242,8,beginner
5242,3,beginner
5242,6,intermediate
5242,9,intermediate
5242,10,intermediate
5242,14,beginner
5242,17,beginner
5243,24,beginner
5243,25,none
5243,23,intermediate
5243,27,none
5243,31,intermediate
5243,33,intermediate
5243,32,intermediate
5243,30,beginner
5243,3,beginner
5243,8,none
5243,6,beginner
5244,65,none
5244,67,intermediate
5244,66,beginner
5244,69,intermediate
5244,68,none
5244,95,beginner
5244,89,beginner
5244,94,advanced
5244,93,beginner
5245,114,advanced
5245,111,intermediate
5245,110,intermediate
5245,113,beginner
5245,112,intermediate
5245,126,advanced
5245,127,none
5245,125,beginner
5245,124,beginner
5246,1,beginner
5246,3,intermediate
5246,4,intermediate
5246,13,none
5246,10,none
5246,19,beginner
5247,110,none
5247,111,beginner
5247,113,beginner
5247,104,advanced
5247,107,advanced
5248,86,beginner
5248,85,beginner
5248,88,beginner
5248,76,beginner
5248,80,none
5248,78,beginner
5249,121,none
5249,123,intermediate
5249,122,advanced
5249,114,beginner
5249,110,none
5249,115,intermediate
5250,109,intermediate
5250,107,beginner
5250,123,beginner
5250,121,beginner
5250,120,beginner
5250,122,beginner
5251,13,intermediate
5251,14,intermediate
5251,20,intermediate
5251,16,intermediate
5251,19,none
5251,37,beginner
5251,44,beginner
5251,40,none
5252,149,beginner
5252,146,intermediate
5252,148,none
5252,142,beginner
5252,144,beginner
5253,114,beginner
5253,113,beginner
5253,109,none
5253,106,intermediate
5253,107,intermediate
5253,123,beginner
5253,121,beginner
5253,120,beginner
5254,57,beginner
5254,59,beginner
5254,60,intermediate
5254,64,beginner
5254,67,beginner
5254,66,intermediate
5254,70,none
5255,11,beginner
5255,12,beginner
5255,32,beginner
5255,31,beginner
5255,33,none
5255,29,beginner
5256,36,beginner
5256,44,intermediate
5256,37,beginner
5256,43,beginner
5256,10,none
5256,13,intermediate
5256,14,beginner
5256,16,beginner
5256,17,none
5257,96,intermediate
5257,103,beginner
5257,97,beginner
5257,98,intermediate
5257,86,beginner
5257,85,beginner
5257,82,none
5258,38,intermediate
5258,44,beginner
5258,45,beginner
5258,23,beginner
5258,25,beginner
5258,24,intermediate
5258,22,beginner
5259,89,beginner
5259,95,intermediate
5259,94,none
5259,91,beginner
5259,96,beginner
5259,97,none
5259,103,beginner
5259,101,beginner
5260,11,beginner
5260,20,none
5260,13,beginner
5260,16,beginner
5260,17,beginner
5260,32,beginner
5260,31,beginner
5260,35,beginner
5260,8,intermediate
5260,3,beginner
5260,5,beginner
5260,9,beginner
5261,76,intermediate
5261,79,intermediate
5261,72,beginner
5261,73,beginner
5261,71,none
5261,74,intermediate
5262,14,beginner
5262,20,none
5262,11,none
5262,21,beginner
5262,15,intermediate
5262,54,beginner
5262,49,beginner
5262,55,beginner
5263,11,beginner
5263,13,intermediate
5263,10,beginner
5263,16,beginner
5263,24,none
5263,23,intermediate
5263,25,beginner
5263,28,beginner
5263,22,beginner
5264,32,beginner
5264,33,beginner
5264,34,beginner
5264,56,beginner
5264,48,intermediate
5264,54,beginner
5264,51,beginner
5264,55,beginner
5265,106,intermediate
5265,109,beginner
5265,105,beginner
5265,111,beginner
5265,114,intermediate
5265,115,beginner
5266,65,beginner
5266,69,none
5266,57,intermediate
5266,64,intermediate
5267,141,advanced
5267,142,none
5267,143,beginner
5267,145,none
5267,134,beginner
5267,128,intermediate
5267,131,none
5267,129,beginner
5268,110,none
5268,113,beginner
5268,121,beginner
5268,123,beginner
5268,122,none
5268,120,intermediate
5269,109,beginner
5269,106,beginner
5269,104,intermediate
5269,105,none
5269,117,intermediate
5269,116,beginner
5269,118,beginner
5269,119,beginner
5270,94,beginner
5270,89,beginner
5270,91,intermediate
5270,86,beginner
5270,85,beginner
5270,81,intermediate
5271,114,beginner
5271,110,intermediate
5271,113,beginner
5271,117,none
5271,116,none
5271,118,advanced
5272,141,beginner
5272,142,intermediate
5272,143,beginner
5272,145,intermediate
5272,144,intermediate
5272,154,intermediate
5272,151,beginner
5272,152,intermediate
5272,153,none
5273,121,beginner
5273,123,intermediate
5273,120,none
5273,122,intermediate
5273,104,beginner
5273,107,none
5274,48,none
5274,49,beginner
5274,56,none
5274,50,advanced
5274,11,beginner
5274,16,beginner
5274,3,intermediate
5274,5,intermediate
5274,1,intermediate
5274,4,advanced
5275,94,intermediate
5275,95,intermediate
5275,91,beginner
5275,60,intermediate
5275,63,intermediate
5276,56,beginner
5276,48,beginner
5276,51,intermediate
5276,37,advanced
5276,44,beginner
5276,36,advanced
5276,41,intermediate
5276,39,none
5276,11,beginner
5276,13,intermediate
5276,14,none
5276,12,beginner
5276,21,beginner
5277,3,intermediate
5277,5,intermediate
5277,7,beginner
5277,33,intermediate
5277,32,beginner
5277,29,intermediate
5278,84,intermediate
5278,81,advanced
5278,66,intermediate
5278,70,intermediate
5279,126,none
5279,127,intermediate
5279,124,none
5279,110,intermediate
5279,111,beginner
5279,114,advanced
5279,113,intermediate
5279,116,intermediate
5279,117,beginner
5279,119,beginner
5279,118,intermediate
5280,5,beginner
5280,3,intermediate
5280,9,beginner
5280,31,beginner
5280,29,intermediate
5281,11,beginner
5281,10,none
5281,12,intermediate
5281,44,intermediate
5281,39,beginner
5282,106,intermediate
5282,104,intermediate
5282,108,beginner
5282,121,beginner
5282,123,beginner
5282,122,advanced
5283,11,intermediate
5283,10,beginner
5283,17,beginner
5283,54,none
5283,51,beginner
5284,10,none
5284,18,beginner
5284,37,intermediate
5284,36,beginner
5284,46,beginner
5285,117,beginner
5285,116,beginner
5285,118,beginner
5285,119,none
5285,114,beginner
5285,113,intermediate
5285,106,intermediate
5285,104,beginner
5285,109,beginner
5285,107,beginner
5286,123,beginner
5286,121,none
5286,120,beginner
5286,110,intermediate
5286,111,intermediate
5286,114,beginner
5286,115,beginner
5287,66,beginner
5287,67,beginner
5287,68,intermediate
5287,86,beginner
5287,85,beginner
5287,84,beginner
5287,83,beginner
5287,72,beginner
5287,73,intermediate
5287,75,beginner
5287,74,none
5288,89,intermediate
5288,94,beginner
5288,95,beginner
5288,93,intermediate
5288,90,beginner
5288,84,beginner
5288,86,intermediate
5288,83,beginner
5289,44,beginner
5289,42,beginner
5289,39,intermediate
5289,1,none
5289,3,beginner
5289,5,beginner
5289,2,beginner
5290,25,beginner
5290,23,none
5290,24,intermediate
5290,28,none
5290,13,beginner
5290,11,advanced
5290,14,advanced
5290,12,intermediate
5290,18,intermediate
5290,36,intermediate
5290,38,beginner
5290,43,beginner
5291,126,beginner
5291,127,beginner
5291,125,beginner
5291,121,intermediate
5291,123,beginner
5291,120,beginner
5291,122,none
5292,126,intermediate
5292,127,beginner
5292,125,beginner
5292,124,intermediate
5292,117,beginner
5292,116,beginner
5292,119,beginner
5292,118,beginner
5293,31,beginner
5293,33,intermediate
5293,35,beginner
5293,8,none
5293,9,beginner
5294,38,beginner
5294,37,intermediate
5294,40,beginner
5294,48,beginner
5294,55,beginner
5295,33,intermediate
5295,32,beginner
5295,34,beginner
5295,49,intermediate
5295,53,beginner
5296,10,beginner
5296,13,beginner
5296,11,none
5296,17,none
5296,15,beginner
5296,54,beginner
5296,49,beginner
5296,53,beginner
5297,24,advanced
5297,23,beginner
5297,28,beginner
5297,14,intermediate
5297,20,none
5297,21,intermediate
5298,31,intermediate
5298,33,beginner
5298,32,intermediate
5298,35,beginner
5298,29,beginner
5298,48,beginner
5298,49,none
5298,56,beginner
5298,52,beginner
5298,51,advanced
5299,121,beginner
5299,123,beginner
5299,120,beginner
5299,122,beginner
5299,106,beginner
5299,104,beginner
5299,109,beginner
5299,108,intermediate
5300,48,intermediate
5300,54,intermediate
5300,56,beginner
5300,55,beginner
5300,52,beginner
5300,20,none
5300,14,beginner
5300,13,beginner
5300,15,intermediate
5300,17,beginner
5301,86,beginner
5301,84,none
5301,85,beginner
5301,87,intermediate
5301,96,none
5301,103,intermediate
5301,97,beginner
5301,98,intermediate
5302,72,none
5302,73,none
5302,74,none
5302,94,beginner
5302,89,beginner
5302,95,intermediate
5302,91,intermediate
5302,92,none
5302,60,beginner
5302,59,intermediate
5302,57,none
5302,58,beginner
5302,61,beginner
5303,126,beginner
5303,127,intermediate
5303,125,beginner
5303,124,beginner
5303,104,beginner
5303,106,beginner
5303,108,intermediate
5304,142,intermediate
5304,141,beginner
5304,144,intermediate
5304,128,beginner
5304,131,intermediate
5304,133,none
5304,149,beginner
5304,146,none
5304,148,beginner
5304,147,beginner
5305,24,beginner
5305,22,beginner
5305,31,intermediate
5305,32,beginner
5305,33,beginner
5305,35,none
5305,44,beginner
5305,37,beginner
5305,39,beginner
5306,32,none
5306,33,intermediate
5306,34,beginner
5306,8,beginner
5306,5,beginner
5306,4,beginner
5307,126,beginner
5307,124,intermediate
5307,117,beginner
5307,116,beginner
5307,118,none
5307,119,beginner
5308,14,none
5308,10,beginner
5308,13,intermediate
5308,18,beginner
5308,24,intermediate
5308,23,none
5308,25,beginner
5308,22,none
5308,28,none
5309,36,beginner
5309,41,beginner
5309,3,beginner
5309,1,intermediate
5309,2,beginner
5310,1,intermediate
5310,3,intermediate
5310,7,beginner
5310,23,beginner
5310,25,intermediate
5310,28,none
5311,110,beginner
5311,111,beginner
5311,114,beginner
5311,115,beginner
5311,127,beginner
5311,126,intermediate
5311,124,intermediate
5311,125,intermediate
5312,37,beginner
5312,46,intermediate
5312,48,intermediate
5312,49,beginner
5312,54,intermediate
5312,50,beginner
5313,96,beginner
5313,97,beginner
5313,103,beginner
5313,100,beginner
5313,86,none
5313,84,intermediate
5313,85,beginner
5313,81,intermediate
5314,8,beginner
5314,1,beginner
5314,3,none
5314,7,intermediate
5314,2,beginner
5314,54,beginner
5314,53,beginner
5315,84,beginner
5315,86,beginner
5315,85,none
5315,81,beginner
5315,65,beginner
5315,66,intermediate
5315,67,intermediate
5315,69,none
5316,14,intermediate
5316,10,beginner
5316,18,beginner
5316,25,intermediate
5316,23,beginner
5316,27,beginner
5317,117,beginner
5317,116,beginner
5317,119,none
5317,118,beginner
5317,123,beginner
5317,122,none
5318,126,beginner
5318,127,advanced
5318,124,beginner
5318,104,beginner
5318,106,beginner
5318,109,beginner
5318,108,beginner
5318,105,beginner
5318,110,beginner
5318,114,beginner
5318,112,none
5319,8,beginner
5319,3,beginner
5319,1,beginner
5319,6,intermediate
5319,10,intermediate
5319,18,beginner
5320,56,beginner
5320,48,beginner
5320,54,intermediate
5320,50,intermediate
5320,36,beginner
5320,42,beginner
5320,38,beginner
5320,43,beginner
5321,116,none
5321,118,beginner
5321,126,beginner
5321,127,beginner
5321,124,none
5321,125,beginner
5321,111,beginner
5321,114,intermediate
5321,115,beginner
5322,111,beginner
5322,114,intermediate
5322,113,beginner
5322,116,intermediate
5322,117,beginner
5322,119,none
5323,32,intermediate
5323,33,beginner
5323,31,beginner
5323,35,beginner
5323,34,none
5323,49,none
5323,48,beginner
5323,53,beginner
5324,24,beginner
5324,25,intermediate
5324,23,intermediate
5324,27,beginner
5324,26,beginner
5324,3,beginner
5324,4,beginner
5324,33,intermediate
5324,31,beginner
5324,32,intermediate
5324,34,beginner
5325,1,beginner
5325,5,beginner
5325,8,beginner
5325,2,beginner
5325,25,beginner
5325,23,beginner
5325,22,intermediate
5326,13,none
5326,21,none
5326,3,none
5326,2,intermediate
5326,38,intermediate
5326,37,beginner
5326,44,beginner
5326,41,beginner
5326,45,beginner
5327,32,intermediate
5327,31,beginner
5327,35,beginner
5327,1,beginner
5327,9,beginner
5328,1,intermediate
5328,3,beginner
5328,8,beginner
5328,6,intermediate
5328,20,beginner
5328,11,beginner
5328,18,beginner
5329,32,intermediate
5329,33,advanced
5329,30,none
5329,11,none
5329,13,none
5329,10,beginner
5329,18,intermediate
5329,19,none
5330,111,beginner
5330,115,beginner
5330,127,intermediate
5330,126,beginner
5330,124,none
5330,116,beginner
5330,117,beginner
5330,118,beginner
5330,119,none
5331,106,beginner
5331,109,none
5331,104,beginner
5331,107,none
5331,116,beginner
5331,117,none
5331,118,beginner
5332,104,beginner
5332,109,beginner
5332,106,beginner
5332,107,beginner
5332,108,beginner
5332,126,beginner
5332,127,beginner
5332,124,beginner
5332,125,intermediate
5332,121,beginner
5332,123,none
5332,120,none
5333,103,beginner
5333,97,none
5333,102,intermediate
5333,67,none
5333,65,beginner
5333,66,beginner
5333,70,beginner
5334,80,none
5334,76,beginner
5334,77,beginner
5334,95,none
5334,94,none
5334,89,intermediate
5334,93,beginner
5334,92,beginner
5335,42,intermediate
5335,44,beginner
5335,41,none
5335,11,intermediate
5335,14,beginner
5335,20,none
5335,15,intermediate
5336,59,beginner
5336,60,beginner
5336,64,beginner
5336,96,advanced
5336,103,intermediate
5336,99,beginner
5337,24,beginner
5337,22,beginner
5337,38,intermediate
5337,36,beginner
5337,42,none
5337,43,none
5337,56,beginner
5337,53,beginner
5338,66,intermediate
5338,67,beginner
5338,65,beginner
5338,69,beginner
5338,103,beginner
5338,97,beginner
5338,96,beginner
5338,100,intermediate
5339,149,intermediate
5339,146,none
5339,147,intermediate
5339,154,beginner
5339,151,beginner
5339,150,intermediate
5339,138,beginner
5339,136,beginner
5339,140,intermediate
5340,126,none
5340,127,none
5340,124,beginner
5340,125,beginner
5340,121,none
5340,123,beginner
5340,122,beginner
5340,109,beginner
5340,104,beginner
5340,106,intermediate
5340,107,intermediate
5341,1,intermediate
5341,6,beginner
5341,56,intermediate
5341,54,beginner
5341,51,beginner
5342,117,intermediate
5342,116,none
5342,119,beginner
5342,118,none
5342,121,intermediate
5342,123,beginner
5342,120,none
5343,3,beginner
5343,5,beginner
5343,1,intermediate
5343,6,beginner
5343,37,none
5343,39,advanced
5344,1,beginner
5344,8,beginner
5344,3,beginner
5344,7,beginner
5344,23,beginner
5344,25,beginner
5344,24,beginner
5344,22,beginner
5344,26,beginner
5345,23,beginner
5345,24,none
5345,25,intermediate
5345,22,beginner
5345,27,beginner
5345,1,intermediate
5345,3,none
5345,9,beginner
5346,23,none
5346,22,beginner
5346,37,beginner
5346,42,intermediate
5346,36,intermediate
5346,39,beginner
5347,80,advanced
5347,76,intermediate
5347,77,intermediate
5347,84,none
5347,85,advanced
5347,81,intermediate
5347,72,beginner
5347,73,beginner
5347,75,intermediate
5347,71,advanced
5347,74,none
5348,33,beginner
5348,32,advanced
5348,31,beginner
5348,34,beginner
5348,36,beginner
5348,38,beginner
5348,42,intermediate
5348,41,beginner
5349,48,beginner
5349,50,none
5349,36,intermediate
5349,37,beginner
5349,46,beginner
5350,151,none
5350,154,beginner
5350,152,beginner
5350,131,beginner
5350,128,intermediate
5350,134,none
5350,130,beginner
5350,135,none
5350,136,beginner
5350,138,none
5350,137,none
5350,139,beginner
5351,94,beginner
5351,90,beginner
5351,84,beginner
5351,85,beginner
5351,83,beginner
5351,57,beginner
5351,60,beginner
5351,59,beginner
5351,61,none
5351,58,beginner
5352,1,beginner
5352,8,beginner
5352,6,advanced
5352,24,beginner
5352,25,beginner
5352,23,none
5352,26,beginner
5352,28,beginner
5353,80,beginner
5353,76,intermediate
5353,77,intermediate
5353,79,beginner
5353,78,beginner
5353,67,intermediate
5353,68,beginner
5354,72,beginner
5354,74,beginner
5354,95,beginner
5354,94,intermediate
5354,89,beginner
5354,92,beginner
5355,73,beginner
5355,72,none
5355,71,none
5355,59,intermediate
5355,60,none
5355,62,beginner
5356,76,intermediate
5356,78,none
5356,95,beginner
5356,91,intermediate
5357,104,none
5357,107,intermediate
5357,117,beginner
5357,116,advanced
5357,118,intermediate
5357,119,beginner
5358,49,intermediate
5358,54,beginner
5358,48,intermediate
5358,52,intermediate
5358,50,beginner
5358,38,intermediate
5358,42,advanced
5358,46,none
5359,84,beginner
5359,86,none
5359,85,beginner
5359,83,beginner
5359,73,none
5359,72,beginner
5359,75,intermediate
5359,71,beginner
5360,31,beginner
5360,32,none
5360,33,beginner
5360,29,beginner
5360,49,beginner
5360,48,none
5360,50,beginner
5361,117,beginner
5361,116,intermediate
5361,118,beginner
5361,127,intermediate
5361,126,beginner
5361,125,beginner
5362,14,beginner
5362,21,intermediate
5362,37,intermediate
5362,43,beginner
5363,23,beginner
5363,25,beginner
5363,28,beginner
5363,33,beginner
5363,32,intermediate
5363,31,beginner
5363,29,intermediate
5364,128,beginner
5364,130,advanced
5364,141,beginner
5364,142,intermediate
5364,144,beginner
5365,65,beginner
5365,70,intermediate
5365,72,beginner
5365,73,intermediate
5365,71,beginner
5366,23,intermediate
5366,28,beginner
5366,33,intermediate
5366,31,beginner
5366,35,beginner
5366,10,beginner
5366,20,beginner
5366,14,beginner
5366,17,beginner
5367,13,beginner
5367,20,beginner
5367,10,none
5367,19,beginner
5367,25,beginner
5367,24,beginner
5367,23,intermediate
5367,28,intermediate
5367,26,beginner
5368,11,beginner
5368,14,beginner
5368,19,none
5368,25,advanced
5368,26,intermediate
5369,142,beginner
5369,141,beginner
5369,143,beginner
5369,149,beginner
5369,146,beginner
5369,147,beginner
5369,135,beginner
5369,137,none
5370,31,intermediate
5370,33,beginner
5370,32,beginner
5370,34,none
5370,29,intermediate
5370,56,intermediate
5370,48,beginner
5370,49,beginner
5370,50,beginner
5371,8,beginner
5371,3,advanced
5371,5,beginner
5371,6,beginner
5371,2,intermediate
5371,11,beginner
5371,20,beginner
5371,10,beginner
5371,21,beginner
5372,67,intermediate
5372,66,beginner
5372,68,intermediate
5372,89,beginner
5372,94,beginner
5372,91,beginner
5373,13,beginner
5373,11,intermediate
5373,17,beginner
5373,37,beginner
5373,36,intermediate
5373,42,none
5373,40,none
5374,5,beginner
5374,8,beginner
5374,4,beginner
5374,38,beginner
5374,36,beginner
5374,44,beginner
5374,47,beginner
5374,54,beginner
5374,49,beginner
5374,52,beginner
5375,104,intermediate
5375,109,beginner
5375,106,intermediate
5375,108,beginner
5375,127,intermediate
5375,125,beginner
5375,114,intermediate
5375,110,advanced
5375,115,beginner
5376,24,beginner
5376,26,beginner
5376,54,beginner
5376,56,beginner
5376,48,none
5376,51,beginner
5377,114,intermediate
5377,111,intermediate
5377,110,intermediate
5377,112,beginner
5377,126,intermediate
5377,125,intermediate
5378,110,beginner
5378,111,none
5378,114,beginner
5378,115,intermediate
5378,123,none
5378,121,none
5378,120,beginner
5379,11,beginner
5379,13,beginner
5379,14,beginner
5379,12,beginner
5379,21,advanced
5379,36,beginner
5379,43,intermediate
5380,116,beginner
5380,117,beginner
5380,118,beginner
5380,119,beginner
5380,127,intermediate
5380,126,beginner
5380,125,none
5380,124,none
5381,111,beginner
5381,114,intermediate
5381,110,beginner
5381,112,beginner
5381,127,beginner
5381,126,beginner
5381,125,none
5382,85,none
5382,84,beginner
5382,87,intermediate
5382,73,none
5382,72,intermediate
5382,74,beginner
5383,66,beginner
5383,65,beginner
5383,67,beginner
5383,70,beginner
5383,69,beginner
5383,72,beginner
5383,73,beginner
5383,71,beginner
5383,74,beginner
5383,75,beginner
5384,44,intermediate
5384,36,intermediate
5384,39,beginner
5384,20,intermediate
5384,12,beginner
5384,49,beginner
5384,54,beginner
5384,56,beginner
5384,51,intermediate
5385,24,intermediate
5385,27,beginner
5385,33,intermediate
5385,31,none
5385,29,beginner
5386,104,beginner
5386,105,beginner
5386,110,beginner
5386,111,beginner
5386,114,intermediate
5386,112,intermediate
5387,3,none
5387,8,beginner
5387,9,beginner
5387,32,beginner
5387,31,beginner
5387,33,intermediate
5387,34,intermediate
5388,3,beginner
5388,5,none
5388,1,none
5388,2,intermediate
5388,25,none
5388,24,intermediate
5388,23,beginner
5388,27,none
5388,54,intermediate
5388,49,beginner
5388,48,beginner
5388,53,intermediate
5389,59,beginner
5389,57,none
5389,60,beginner
5389,62,beginner
5389,76,none
5389,80,beginner
5389,78,beginner
5389,103,beginner
5389,96,beginner
5389,97,beginner
5389,99,intermediate
5390,25,none
5390,22,beginner
5390,1,advanced
5390,5,intermediate
5390,8,beginner
5390,9,beginner
5391,116,beginner
5391,117,beginner
5391,118,beginner
5391,114,advanced
5391,111,intermediate
5391,110,intermediate
5391,115,beginner
5391,113,beginner
5392,121,intermediate
5392,123,intermediate
5392,122,intermediate
5392,120,beginner
5392,106,beginner
5392,105,beginner
5393,106,beginner
5393,109,beginner
5393,104,beginner
5393,105,beginner
5393,117,beginner
5393,116,beginner
5393,118,intermediate
5393,121,none
5393,123,beginner
5393,122,intermediate
5394,44,beginner
5394,37,beginner
5394,38,beginner
5394,41,intermediate
5394,40,beginner
5394,23,none
5394,25,intermediate
5394,24,beginner
5394,27,beginner
5395,23,beginner
5395,25,intermediate
5395,27,intermediate
5395,5,beginner
5395,1,beginner
5395,9,intermediate
5396,127,none
5396,126,intermediate
5396,125,none
5396,104,intermediate
5396,109,none
5396,106,beginner
5396,108,none
5397,56,beginner
5397,54,intermediate
5397,49,intermediate
5397,55,intermediate
5397,50,beginner
5397,42,none
5397,37,beginner
5397,36,beginner
5397,41,intermediate
5397,10,beginner
5397,14,beginner
5397,19,beginner
5398,57,none
5398,60,beginner
5398,59,intermediate
5398,61,none
5398,63,none
5398,76,beginner
5398,80,intermediate
5398,78,beginner
5398,65,beginner
5398,67,intermediate
5398,66,intermediate
5398,69,none
5399,103,beginner
5399,96,intermediate
5399,97,beginner
5399,101,intermediate
5399,98,intermediate
5399,66,intermediate
5399,65,beginner
5399,67,beginner
5399,69,intermediate
5399,68,beginner
5400,48,beginner
5400,49,none
5400,55,intermediate
5400,31,beginner
5400,34,beginner
5400,42,none
5400,47,beginner
5401,1,beginner
5401,8,beginner
5401,5,beginner
5401,7,beginner
5401,9,beginner
5401,38,none
5401,37,none
5401,44,beginner
5401,40,beginner
5401,33,beginner
5401,32,beginner
5401,29,advanced
5402,57,beginner
5402,61,beginner
5402,89,none
5402,95,none
5402,90,beginner
5402,86,none
5402,84,beginner
5402,83,none
5403,32,beginner
5403,31,beginner
5403,35,intermediate
5403,8,beginner
5403,3,beginner
5403,6,none
5404,114,beginner
5404,113,beginner
5404,127,beginner
5404,126,beginner
5404,124,none
5404,125,intermediate
5404,121,none
5404,123,beginner
5404,120,beginner
5404,122,beginner
5405,96,intermediate
5405,103,intermediate
5405,99,beginner
5405,67,beginner
5405,65,intermediate
5405,66,intermediate
5405,70,none
5405,69,intermediate
5406,44,intermediate
5406,38,beginner
5406,39,beginner
5406,20,beginner
5406,13,none
5406,12,beginner
5407,121,beginner
5407,123,beginner
5407,120,intermediate
5407,109,beginner
5407,104,beginner
5407,105,beginner
5408,3,advanced
5408,6,intermediate
5408,31,intermediate
5408,32,beginner
5408,34,beginner
5409,36,intermediate
5409,38,intermediate
5409,37,advanced
5409,40,intermediate
5409,39,advanced
5409,25,intermediate
5409,23,beginner
5409,24,intermediate
5409,28,beginner
5409,22,advanced
5410,138,beginner
5410,139,intermediate
5410,141,none
5410,144,intermediate
5411,114,intermediate
5411,110,none
5411,111,beginner
5411,115,beginner
5411,112,beginner
5411,123,beginner
5411,122,beginner
5411,127,advanced
5411,126,beginner
5411,124,beginner
5412,94,beginner
5412,89,intermediate
5412,95,beginner
5412,90,beginner
5412,73,intermediate
5412,72,beginner
5412,75,none
5413,116,beginner
5413,117,beginner
5413,119,beginner
5413,127,none
5413,126,beginner
5413,125,beginner
5413,124,intermediate
5414,76,intermediate
5414,80,none
5414,78,beginner
5414,77,none
5414,79,intermediate
5414,84,none
5414,83,beginner
5415,20,beginner
5415,13,beginner
5415,11,beginner
5415,16,beginner
5415,12,beginner
5415,1,beginner
5415,4,intermediate
5416,25,beginner
5416,24,advanced
5416,26,beginner
5416,54,beginner
5416,48,intermediate
5416,56,beginner
5416,50,beginner
5416,51,beginner
5416,1,intermediate
5416,3,none
5416,7,beginner
5417,25,beginner
5417,23,beginner
5417,24,beginner
5417,22,beginner
5417,27,beginner
5417,38,beginner
5417,44,beginner
5417,42,beginner
5417,43,beginner
5418,5,beginner
5418,3,beginner
5418,1,beginner
5418,7,intermediate
5418,36,beginner
5418,38,beginner
5418,45,beginner
5418,33,advanced
5418,32,intermediate
5418,35,beginner
5419,86,beginner
5419,84,beginner
5419,83,beginner
5419,97,none
5419,103,intermediate
5419,99,beginner
5420,121,beginner
5420,123,none
5420,120,intermediate
5420,122,beginner
5420,116,intermediate
5420,117,beginner
5420,119,beginner
5420,118,beginner
5421,48,beginner
5421,49,none
5421,56,beginner
5421,51,intermediate
5421,13,intermediate
5421,19,beginner
5422,76,beginner
5422,80,beginner
5422,78,beginner
5422,57,intermediate
5422,59,intermediate
5422,60,beginner
5422,62,none
5422,58,beginner
5423,114,beginner
5423,110,beginner
5423,111,intermediate
5423,112,intermediate
5423,106,beginner
5423,104,intermediate
5423,109,beginner
5423,105,intermediate
5423,107,intermediate
5424,128,beginner
5424,131,intermediate
5424,129,beginner
5424,154,beginner
5424,151,intermediate
5424,150,none
5424,152,intermediate
5424,153,intermediate
5425,24,none
5425,23,none
5425,25,beginner
5425,28,beginner
5425,14,intermediate
5425,20,beginner
5425,19,advanced
5425,49,beginner
5425,56,beginner
5425,53,none
5426,146,beginner
5426,149,beginner
5426,148,none
5426,154,none
5426,150,beginner
5427,117,beginner
5427,116,beginner
5427,119,beginner
5427,118,beginner
5427,126,intermediate
5427,127,beginner
5427,125,beginner
5427,124,none
5428,25,beginner
5428,24,beginner
5428,22,intermediate
5428,13,beginner
5428,11,none
5428,12,intermediate
5429,1,beginner
5429,7,beginner
5429,36,intermediate
5429,44,beginner
5429,38,none
5429,45,none
5430,32,none
5430,30,beginner
5430,54,advanced
5430,56,none
5430,51,intermediate
5430,38,advanced
5430,44,intermediate
5430,40,intermediate
5431,103,beginner
5431,97,beginner
5431,96,beginner
5431,101,beginner
5431,100,intermediate
5431,66,beginner
5431,69,beginner
5432,60,intermediate
5432,57,intermediate
5432,59,beginner
5432,58,beginner
5432,66,beginner
5432,68,intermediate
5433,86,beginner
5433,85,beginner
5433,84,beginner
5433,87,beginner
5433,82,beginner
5433,59,beginner
5433,60,none
5433,62,beginner
5434,121,beginner
5434,123,advanced
5434,122,intermediate
5434,120,intermediate
5434,116,beginner
5434,119,beginner
5435,49,intermediate
5435,48,intermediate
5435,54,beginner
5435,51,none
5435,53,beginner
5435,3,beginner
5435,5,beginner
5435,6,beginner
5436,14,beginner
5436,19,intermediate
5436,38,beginner
5436,40,intermediate
5437,104,beginner
5437,109,beginner
5437,106,intermediate
5437,108,beginner
5437,121,intermediate
5437,123,intermediate
5437,120,beginner
5438,151,intermediate
5438,154,beginner
5438,150,intermediate
5438,134,intermediate
5438,128,beginner
5438,131,beginner
5438,129,intermediate
5438,133,intermediate
5439,117,beginner
5439,116,beginner
5439,118,beginner
5439,119,beginner
5439,110,beginner
5439,115,beginner
5440,8,beginner
5440,5,intermediate
5440,3,intermediate
5440,4,intermediate
5440,2,beginner
5440,32,beginner
5440,31,beginner
5440,33,beginner
5440,29,beginner
5440,35,intermediate
5441,38,beginner
5441,41,advanced
5441,49,intermediate
5441,56,beginner
5441,50,beginner
5442,33,intermediate
5442,31,intermediate
5442,32,advanced
5442,30,beginner
5442,34,beginner
5442,14,none
5442,11,beginner
5442,10,intermediate
5442,15,beginner
5443,1,intermediate
5443,8,beginner
5443,7,intermediate
5443,31,intermediate
5443,35,intermediate
5443,20,intermediate
5443,10,beginner
5443,19,beginner
5444,36,beginner
5444,38,beginner
5444,43,beginner
5444,5,beginner
5444,1,beginner
5444,8,beginner
5444,2,intermediate
5445,146,beginner
5445,149,beginner
5445,147,beginner
5445,148,intermediate
5445,135,beginner
5445,137,none
5446,94,beginner
5446,89,none
5446,92,beginner
5446,103,beginner
5446,97,intermediate
5446,100,intermediate
5447,23,beginner
5447,24,beginner
5447,25,beginner
5447,27,beginner
5447,28,advanced
5447,36,none
5447,41,none
5447,32,intermediate
5447,33,none
5447,31,beginner
5447,30,intermediate
5447,35,beginner
5448,54,beginner
5448,52,beginner
5448,37,beginner
5448,36,intermediate
5448,38,beginner
5448,45,intermediate
5449,8,beginner
5449,3,beginner
5449,1,intermediate
5449,2,none
5449,4,beginner
5449,44,beginner
5449,38,none
5449,42,none
5449,39,intermediate
5449,41,none
5450,103,none
5450,96,none
5450,97,beginner
5450,100,intermediate
5450,101,beginner
5450,72,beginner
5450,73,beginner
5450,71,intermediate
5450,74,advanced
5450,75,beginner
5450,76,beginner
5450,80,beginner
5450,79,advanced
5451,117,beginner
5451,116,beginner
5451,118,intermediate
5451,126,beginner
5451,127,advanced
5451,125,none
5451,124,beginner
5452,33,intermediate
5452,32,advanced
5452,31,intermediate
5452,29,advanced
5452,34,intermediate
5452,36,advanced
5452,38,intermediate
5452,42,beginner
5452,47,none
5453,106,beginner
5453,104,beginner
5453,109,intermediate
5453,107,beginner
5453,108,beginner
5453,114,intermediate
5453,111,intermediate
5453,112,beginner
5453,127,beginner
5453,126,intermediate
5453,124,beginner
5453,125,intermediate
5454,38,beginner
5454,41,beginner
5454,11,intermediate
5454,13,beginner
5454,19,beginner
5455,11,beginner
5455,13,none
5455,10,beginner
5455,21,intermediate
5455,1,beginner
5455,8,advanced
5455,3,beginner
5455,7,none
5455,6,beginner
5456,131,beginner
5456,134,intermediate
5456,128,none
5456,133,beginner
5456,146,beginner
5456,147,beginner
5456,142,beginner
5456,141,beginner
5456,145,beginner
5457,42,intermediate
5457,44,beginner
5457,40,intermediate
5457,8,beginner
5457,1,none
5457,2,intermediate
5458,25,beginner
5458,24,beginner
5458,23,intermediate
5458,22,intermediate
5458,33,beginner
5458,30,beginner
5459,76,intermediate
5459,80,intermediate
5459,78,intermediate
5459,59,beginner
5459,60,none
5459,57,beginner
5459,61,beginner
5459,63,beginner
5459,67,beginner
5459,66,none
5459,69,none
5460,32,beginner
5460,33,beginner
5460,30,beginner
5460,13,intermediate
5460,18,beginner
5461,14,intermediate
5461,21,beginner
5461,49,beginner
5461,52,intermediate
5462,25,beginner
5462,28,intermediate
5462,31,intermediate
5462,30,beginner
5463,48,beginner
5463,54,none
5463,49,intermediate
5463,50,beginner
5463,10,beginner
5463,20,beginner
5463,14,intermediate
5463,21,beginner
5463,32,intermediate
5463,29,beginner
5464,97,intermediate
5464,102,intermediate
5464,89,none
5464,95,beginner
5464,94,none
5464,90,beginner
5465,20,beginner
5465,19,intermediate
5465,5,none
5465,1,beginner
5465,8,beginner
5465,7,beginner
5465,4,beginner
5466,110,beginner
5466,114,beginner
5466,111,beginner
5466,112,advanced
5466,113,beginner
5466,104,beginner
5466,107,beginner
5467,110,beginner
5467,115,intermediate
5467,127,beginner
5467,126,beginner
5467,124,beginner
5467,106,beginner
5467,109,beginner
5467,105,beginner
5468,31,beginner
5468,33,none
5468,35,intermediate
5468,38,intermediate
5468,36,beginner
5468,42,beginner
5468,47,beginner
5468,41,beginner
5469,8,beginner
5469,3,beginner
5469,6,intermediate
5469,38,beginner
5469,42,beginner
5469,44,beginner
5469,41,none
5470,25,intermediate
5470,24,advanced
5470,23,none
5470,27,intermediate
5470,48,beginner
5470,56,intermediate
5470,54,beginner
5470,50,beginner
5471,54,beginner
5471,48,beginner
5471,49,beginner
5471,55,beginner
5471,53,beginner
5471,11,none
5471,10,beginner
5471,20,beginner
5471,12,intermediate
5472,48,none
5472,50,beginner
5472,31,intermediate
5472,35,beginner
5473,117,beginner
5473,116,beginner
5473,118,beginner
5473,104,beginner
5473,109,beginner
5473,106,intermediate
5473,108,intermediate
5474,23,intermediate
5474,25,none
5474,22,intermediate
5474,54,intermediate
5474,51,intermediate
5475,57,beginner
5475,60,beginner
5475,62,beginner
5475,76,intermediate
5475,80,beginner
5475,78,intermediate
5476,103,beginner
5476,102,beginner
5476,73,intermediate
5476,72,beginner
5476,71,beginner
5476,75,beginner
5476,74,beginner
5476,67,none
5476,65,beginner
5476,68,intermediate
5477,127,beginner
5477,126,intermediate
5477,125,beginner
5477,110,advanced
5477,111,intermediate
5477,114,beginner
5477,113,beginner
5478,32,beginner
5478,33,beginner
5478,31,beginner
5478,30,beginner
5478,35,intermediate
5478,54,beginner
5478,50,beginner
5478,38,beginner
5478,44,beginner
5478,36,advanced
5478,47,advanced
5479,54,beginner
5479,56,none
5479,50,none
5479,13,beginner
5479,11,intermediate
5479,21,none
5480,149,intermediate
5480,146,beginner
5480,147,none
5480,148,intermediate
5480,138,beginner
5480,135,beginner
5480,139,beginner
5481,38,none
5481,44,intermediate
5481,43,beginner
5481,31,beginner
5481,32,none
5481,33,beginner
5481,34,beginner
5482,80,beginner
5482,76,intermediate
5482,77,beginner
5482,57,beginner
5482,59,beginner
5482,62,beginner
5483,103,intermediate
5483,96,intermediate
5483,97,beginner
5483,101,beginner
5483,95,none
5483,89,intermediate
5483,94,beginner
5483,92,beginner
5483,93,advanced
5484,89,beginner
5484,94,beginner
5484,93,intermediate
5484,76,beginner
5484,80,none
5484,78,beginner
5484,79,beginner
5485,31,beginner
5485,33,beginner
5485,32,beginner
5485,35,beginner
5485,54,none
5485,56,beginner
5485,48,intermediate
5485,53,beginner
5485,52,beginner
5486,54,beginner
5486,49,beginner
5486,56,beginner
5486,51,beginner
5486,11,intermediate
5486,20,intermediate
5486,10,beginner
5486,19,intermediate
5486,16,beginner
5487,65,none
5487,70,intermediate
5487,96,beginner
5487,99,beginner
5488,67,beginner
5488,68,intermediate
5488,80,beginner
5488,79,intermediate
5489,121,beginner
5489,123,beginner
5489,120,beginner
5489,126,beginner
5489,124,beginner
5489,109,beginner
5489,106,none
5489,105,beginner
5490,121,beginner
5490,122,beginner
5490,109,beginner
5490,104,none
5490,105,none
5491,142,intermediate
5491,144,intermediate
5491,136,beginner
5491,138,beginner
5491,137,intermediate
5492,138,intermediate
5492,135,beginner
5492,140,beginner
5492,141,intermediate
5492,142,beginner
5492,143,beginner
5493,110,beginner
5493,111,beginner
5493,115,beginner
5493,126,none
5493,124,intermediate
5493,116,beginner
5493,117,beginner
5493,118,beginner
5493,119,none
5494,54,beginner
5494,55,beginner
5494,25,intermediate
5494,24,beginner
5494,23,beginner
5494,26,beginner
5495,20,beginner
5495,13,intermediate
5495,16,none
5495,48,beginner
5495,49,none
5495,53,intermediate
5496,60,beginner
5496,57,intermediate
5496,62,beginner
5496,95,none
5496,89,beginner
5496,94,beginner
5496,90,intermediate
5497,80,beginner
5497,76,intermediate
5497,77,intermediate
5497,79,none
5497,78,intermediate
5497,94,intermediate
5497,95,none
5497,91,intermediate
5498,36,beginner
5498,47,beginner
5498,49,beginner
5498,54,intermediate
5498,53,intermediate
5499,96,beginner
5499,97,beginner
5499,103,none
5499,98,none
5499,84,intermediate
5499,82,none
5500,5,beginner
5500,9,intermediate
5500,23,none
5500,27,beginner
