id,follower_id,following_id,followed_at
1,1501,56,2025-05-26
2,1501,149,2025-01-28
3,1501,199,2025-05-02
4,1501,227,2025-08-20
5,1501,1004,2025-04-15
6,1501,1169,2025-12-16
7,1502,11,2025-05-09
8,1502,154,2026-03-02
9,1502,638,2025-02-22
10,1502,687,2025-07-23
11,1502,734,2025-08-29
12,1503,38,2025-10-01
13,1503,136,2025-02-25
14,1503,159,2026-04-20
15,1503,322,2025-03-14
16,1503,516,2026-04-09
17,1503,607,2025-08-26
18,1503,638,2026-01-15
19,1503,923,2026-02-09
20,1503,1143,2025-09-13
21,1504,37,2025-12-08
22,1504,116,2025-09-20
23,1504,163,2025-03-29
24,1504,381,2026-04-14
25,1504,1283,2025-04-06
26,1504,1349,2025-02-08
27,1505,14,2025-01-08
28,1505,59,2026-03-03
29,1505,63,2025-03-24
30,1505,81,2025-11-24
31,1506,31,2025-02-17
32,1506,165,2026-03-26
33,1506,227,2025-09-09
34,1506,235,2026-04-03
35,1506,479,2026-02-25
36,1506,775,2025-10-29
37,1506,843,2025-10-02
38,1507,37,2026-02-28
39,1507,123,2025-04-04
40,1507,671,2025-02-22
41,1507,843,2025-11-18
42,1507,1094,2025-04-10
43,1508,82,2025-05-14
44,1508,548,2025-09-23
45,1509,13,2026-04-22
46,1509,633,2025-08-03
47,1509,1265,2025-03-29
48,1510,20,2025-10-21
49,1510,147,2025-10-07
50,1510,246,2025-06-24
51,1510,336,2026-01-12
52,1510,473,2026-03-01
53,1510,881,2025-09-09
54,1510,1175,2026-02-06
55,1511,13,2026-01-10
56,1511,475,2025-12-18
57,1511,609,2025-11-07
58,1511,732,2025-08-13
59,1511,750,2025-04-30
60,1511,922,2026-01-24
61,1511,1258,2025-08-07
62,1512,191,2026-03-20
63,1512,215,2026-02-28
64,1512,392,2025-04-29
65,1512,460,2026-03-24
66,1512,506,2026-02-26
67,1512,826,2025-10-04
68,1512,1478,2025-05-05
69,1513,165,2026-03-25
70,1513,200,2025-02-28
71,1513,222,2026-03-11
72,1513,301,2025-09-21
73,1513,490,2025-04-01
74,1513,627,2025-10-06
75,1513,671,2025-12-15
76,1514,56,2025-06-13
77,1514,195,2025-07-29
78,1514,848,2025-01-15
79,1514,890,2025-06-23
80,1514,1089,2025-04-28
81,1514,1091,2025-10-21
82,1514,1396,2026-01-20
83,1515,169,2025-08-19
84,1515,565,2026-01-14
85,1515,1153,2025-01-12
86,1515,1306,2025-09-10
87,1516,192,2026-02-07
88,1516,887,2025-12-26
89,1516,1095,2025-10-29
90,1517,97,2025-10-06
91,1517,219,2026-01-04
92,1517,522,2025-11-22
93,1517,843,2025-08-08
94,1518,125,2025-07-26
95,1518,678,2025-12-15
96,1518,835,2026-04-20
97,1518,1186,2025-03-02
98,1519,163,2025-08-21
99,1519,539,2025-09-02
100,1519,1074,2025-12-25
101,1520,105,2025-02-01
102,1520,137,2025-07-26
103,1520,146,2026-03-17
104,1520,493,2026-04-26
105,1520,671,2025-09-12
106,1520,1169,2025-05-01
107,1521,13,2026-04-06
108,1521,203,2025-07-27
109,1521,614,2025-09-23
110,1521,978,2026-02-04
111,1521,1081,2026-02-18
112,1521,1248,2025-03-17
113,1521,1359,2026-03-17
114,1522,13,2026-02-10
115,1522,146,2025-01-08
116,1522,506,2025-07-06
117,1522,796,2026-01-27
118,1522,1061,2025-01-02
119,1523,15,2025-07-12
120,1523,880,2025-10-04
121,1523,919,2025-03-15
122,1523,1095,2025-02-13
123,1524,38,2025-12-04
124,1524,688,2026-03-07
125,1524,794,2025-03-29
126,1524,828,2025-04-03
127,1524,912,2025-04-25
128,1524,915,2025-11-19
129,1524,1000,2025-06-28
130,1524,1383,2025-06-17
131,1525,88,2025-12-12
132,1525,123,2025-03-23
133,1525,377,2025-02-14
134,1525,759,2025-07-21
135,1525,781,2025-12-14
136,1525,878,2026-03-24
137,1525,1035,2025-12-04
138,1526,175,2025-07-07
139,1526,461,2025-01-08
140,1526,1461,2026-02-02
141,1527,12,2025-06-21
142,1527,138,2025-10-04
143,1527,1186,2025-08-18
144,1527,1422,2026-04-25
145,1527,1473,2025-02-23
146,1527,1478,2025-12-18
147,1528,97,2025-05-16
148,1528,1001,2025-07-27
149,1528,1309,2025-10-19
150,1529,67,2025-03-18
151,1529,146,2026-01-11
152,1529,196,2025-02-07
153,1529,379,2025-09-25
154,1529,627,2025-11-30
155,1529,691,2026-01-30
156,1529,1159,2026-04-25
157,1530,175,2025-03-31
158,1530,375,2025-02-07
159,1530,716,2025-10-20
160,1530,877,2025-03-13
161,1530,1310,2025-06-17
162,1530,1385,2025-10-18
163,1531,79,2025-07-23
164,1531,97,2025-08-22
165,1531,629,2026-01-22
166,1531,697,2025-11-01
167,1531,791,2025-01-21
168,1531,920,2025-10-13
169,1531,1210,2025-10-30
170,1531,1286,2025-10-01
171,1532,97,2026-01-31
172,1532,351,2025-12-16
173,1532,765,2025-05-18
174,1533,149,2025-05-01
175,1533,543,2025-08-09
176,1534,81,2025-11-16
177,1534,675,2025-11-08
178,1535,56,2025-10-05
179,1535,118,2025-05-28
180,1535,569,2026-02-06
181,1535,583,2025-10-07
182,1535,769,2026-03-21
183,1536,38,2025-01-09
184,1536,109,2025-03-23
185,1536,434,2025-03-06
186,1536,521,2026-04-02
187,1536,923,2026-04-16
188,1536,978,2025-01-20
189,1537,11,2026-03-12
190,1537,379,2025-06-19
191,1537,622,2026-02-13
192,1537,627,2025-01-18
193,1537,956,2025-11-06
194,1537,1432,2025-12-21
195,1538,38,2026-01-09
196,1538,263,2025-04-28
197,1538,325,2025-12-06
198,1538,598,2026-03-07
199,1538,608,2025-10-05
200,1538,736,2025-08-10
201,1538,829,2026-01-04
202,1538,1152,2025-11-03
203,1538,1303,2026-01-02
204,1538,1395,2025-12-21
205,1539,147,2025-05-09
206,1539,565,2025-09-17
207,1540,56,2025-05-30
208,1540,534,2025-11-28
209,1540,966,2025-03-08
210,1540,999,2025-06-02
211,1540,1192,2026-03-28
212,1540,1248,2025-11-07
213,1540,1379,2025-06-22
214,1540,1481,2026-03-10
215,1541,122,2026-01-12
216,1541,147,2025-11-09
217,1541,227,2025-09-20
218,1541,229,2025-10-11
219,1541,441,2025-11-19
220,1541,651,2025-02-03
221,1541,948,2025-11-28
222,1541,1272,2025-02-13
223,1541,1351,2025-05-26
224,1542,165,2025-06-27
225,1542,466,2025-08-20
226,1542,477,2025-11-17
227,1542,793,2025-10-07
228,1542,852,2025-09-17
229,1543,11,2025-08-23
230,1543,732,2026-02-19
231,1543,941,2026-01-20
232,1543,1057,2026-04-13
233,1543,1103,2025-01-19
234,1543,1284,2025-12-22
235,1543,1401,2025-12-02
236,1544,116,2025-08-14
237,1544,192,2025-02-16
238,1544,199,2025-07-02
239,1544,379,2026-04-18
240,1544,1175,2025-04-02
241,1544,1430,2025-05-01
242,1545,138,2026-04-04
243,1545,339,2025-10-06
244,1545,1305,2025-07-25
245,1546,123,2025-08-18
246,1546,227,2025-07-19
247,1546,1492,2025-09-02
248,1547,138,2025-04-11
249,1547,149,2025-10-04
250,1547,617,2026-01-29
251,1547,824,2025-12-03
252,1547,1271,2025-04-06
253,1547,1291,2025-01-14
254,1547,1365,2026-04-24
255,1548,165,2025-11-12
256,1548,792,2025-08-20
257,1548,996,2025-05-21
258,1548,1280,2025-07-14
259,1549,169,2026-02-04
260,1549,200,2025-02-09
261,1549,331,2025-11-11
262,1549,552,2025-02-02
263,1549,1145,2026-01-04
264,1550,138,2025-11-18
265,1550,336,2025-12-06
266,1550,532,2025-08-25
267,1550,706,2025-09-11
268,1550,829,2025-11-09
269,1550,1118,2025-09-30
270,1551,81,2025-09-10
271,1551,255,2025-07-16
272,1551,444,2025-10-05
273,1551,451,2025-03-18
274,1551,750,2026-03-15
275,1551,1022,2025-11-16
276,1551,1145,2025-10-22
277,1551,1166,2026-04-14
278,1551,1399,2025-08-12
279,1552,10,2025-09-16
280,1552,82,2025-09-12
281,1552,414,2026-01-03
282,1552,623,2026-03-09
283,1552,703,2025-03-20
284,1552,1153,2026-03-05
285,1553,199,2026-03-04
286,1553,208,2025-03-08
287,1553,349,2025-06-13
288,1553,996,2025-09-22
289,1553,1460,2025-10-23
290,1554,58,2025-04-11
291,1554,506,2025-09-10
292,1554,525,2026-01-19
293,1554,568,2025-01-20
294,1554,631,2026-02-09
295,1554,1093,2025-11-26
296,1555,82,2025-09-30
297,1555,1059,2025-06-12
298,1556,165,2025-12-15
299,1556,506,2025-09-26
300,1556,699,2025-01-01
301,1556,753,2025-07-24
302,1556,1320,2025-11-26
303,1556,1359,2025-04-06
304,1556,1478,2025-12-16
305,1557,81,2025-11-17
306,1557,847,2026-02-10
307,1557,992,2025-05-02
308,1557,1094,2025-07-08
309,1557,1294,2025-01-27
310,1557,1389,2025-12-23
311,1558,146,2025-05-18
312,1558,303,2026-03-29
313,1558,395,2025-01-16
314,1559,34,2025-12-06
315,1559,38,2026-04-04
316,1559,182,2026-03-21
317,1559,313,2025-07-04
318,1559,360,2026-01-22
319,1559,1130,2025-07-19
320,1559,1169,2025-07-15
321,1559,1282,2026-01-08
322,1559,1370,2025-11-14
323,1560,38,2025-06-19
324,1560,569,2025-12-18
325,1560,1295,2025-08-22
326,1560,1379,2025-10-19
327,1561,48,2025-01-20
328,1561,58,2025-01-16
329,1561,81,2025-12-11
330,1561,1060,2025-03-05
331,1562,13,2025-03-27
332,1562,755,2025-05-24
333,1562,1151,2026-04-06
334,1563,141,2025-10-05
335,1563,146,2025-04-01
336,1563,515,2026-02-03
337,1564,58,2026-01-18
338,1564,93,2025-06-25
339,1564,248,2026-03-13
340,1564,342,2025-07-11
341,1565,82,2025-05-18
342,1565,239,2025-05-09
343,1565,556,2025-04-04
344,1565,563,2026-04-24
345,1565,1055,2025-09-26
346,1565,1351,2025-07-21
347,1566,13,2025-08-24
348,1566,1151,2025-10-31
349,1566,1274,2025-07-21
350,1567,15,2025-04-11
351,1567,156,2025-03-13
352,1567,277,2025-06-30
353,1567,1028,2026-02-28
354,1567,1390,2026-02-22
355,1568,37,2025-11-10
356,1568,365,2025-05-31
357,1568,802,2025-04-06
358,1568,1187,2025-11-23
359,1568,1413,2025-05-07
360,1569,203,2025-11-21
361,1569,525,2025-03-10
362,1569,1121,2025-12-16
363,1569,1309,2025-09-30
364,1570,81,2026-01-14
365,1570,113,2025-10-22
366,1570,336,2026-03-10
367,1570,517,2025-05-18
368,1570,548,2026-02-09
369,1570,607,2025-07-20
370,1570,633,2026-03-02
371,1571,102,2026-03-20
372,1571,204,2025-04-24
373,1571,361,2026-03-20
374,1571,481,2026-04-27
375,1571,901,2025-04-10
376,1571,1018,2025-10-07
377,1571,1108,2026-04-07
378,1571,1162,2026-04-18
379,1571,1362,2025-10-21
380,1572,37,2026-04-24
381,1572,915,2025-02-22
382,1572,993,2025-06-24
383,1572,1110,2025-07-27
384,1573,81,2025-03-26
385,1573,538,2025-05-14
386,1573,840,2025-02-10
387,1573,912,2025-12-17
388,1573,938,2025-12-15
389,1573,1294,2026-04-14
390,1574,159,2025-06-17
391,1574,199,2025-04-06
392,1574,216,2025-09-30
393,1574,923,2026-01-25
394,1575,52,2025-06-22
395,1575,191,2026-01-05
396,1575,1273,2026-04-23
397,1575,1453,2025-09-05
398,1576,13,2025-04-02
399,1576,1273,2026-04-13
400,1577,20,2026-04-29
401,1577,156,2025-06-25
402,1577,849,2025-07-19
403,1578,18,2025-03-27
404,1578,58,2025-10-22
405,1578,784,2025-03-29
406,1578,1370,2025-07-26
407,1579,192,2026-04-30
408,1579,496,2025-10-29
409,1579,620,2025-04-24
410,1579,1045,2026-03-21
411,1580,56,2025-12-22
412,1580,75,2025-04-24
413,1580,956,2025-06-25
414,1580,1443,2025-09-29
415,1581,126,2025-11-08
416,1581,146,2026-02-05
417,1581,952,2025-12-18
418,1581,1081,2025-07-09
419,1581,1234,2025-02-22
420,1581,1260,2025-04-25
421,1581,1320,2026-03-17
422,1582,34,2026-04-27
423,1582,610,2025-09-16
424,1582,612,2025-02-24
425,1582,973,2025-10-14
426,1582,1329,2025-12-30
427,1583,11,2025-07-20
428,1583,31,2025-07-09
429,1583,109,2025-07-07
430,1583,458,2025-01-14
431,1583,525,2025-11-27
432,1583,976,2025-09-08
433,1583,1160,2025-09-23
434,1584,129,2025-05-15
435,1584,156,2025-07-17
436,1584,1236,2026-03-12
437,1584,1242,2025-10-14
438,1585,96,2025-06-16
439,1585,204,2025-01-09
440,1585,523,2025-11-09
441,1585,1023,2025-06-14
442,1585,1029,2026-01-23
443,1586,156,2025-09-07
444,1586,204,2026-01-31
445,1586,421,2025-12-15
446,1587,149,2025-05-28
447,1587,777,2026-02-27
448,1587,1232,2025-05-14
449,1588,96,2025-04-25
450,1588,114,2025-01-04
451,1588,702,2025-04-10
452,1588,904,2025-06-06
453,1588,922,2025-11-18
454,1588,933,2025-11-16
455,1588,1022,2025-03-03
456,1588,1025,2026-03-26
457,1588,1297,2025-12-12
458,1588,1367,2026-04-03
459,1589,93,2025-09-20
460,1589,169,2026-02-27
461,1589,310,2025-10-23
462,1589,541,2025-02-08
463,1589,799,2026-04-20
464,1589,1207,2026-03-03
465,1590,15,2025-02-27
466,1590,702,2026-04-13
467,1590,879,2025-09-04
468,1590,892,2025-11-03
469,1591,165,2025-09-05
470,1591,234,2025-03-26
471,1591,540,2025-01-25
472,1591,1147,2025-04-12
473,1592,149,2025-09-25
474,1592,204,2026-03-03
475,1592,377,2025-12-27
476,1592,422,2025-06-20
477,1592,610,2025-10-25
478,1592,1022,2025-05-01
479,1593,146,2025-05-18
480,1593,291,2026-02-11
481,1593,680,2025-01-20
482,1593,796,2025-02-14
483,1593,874,2026-03-06
484,1593,1440,2025-07-06
485,1594,81,2025-04-18
486,1594,586,2025-07-21
487,1594,814,2025-06-07
488,1594,1232,2025-02-15
489,1595,151,2025-06-16
490,1595,169,2025-05-31
491,1595,246,2025-08-21
492,1595,264,2025-02-25
493,1595,706,2025-06-17
494,1595,889,2026-02-28
495,1595,1109,2025-06-17
496,1595,1237,2025-04-14
497,1596,32,2025-02-24
498,1596,37,2025-04-21
499,1596,207,2026-01-09
500,1596,327,2025-03-30
501,1596,986,2025-07-07
502,1596,1349,2025-11-14
503,1596,1370,2026-03-30
504,1597,34,2025-04-20
505,1597,50,2026-02-23
506,1597,116,2025-08-03
507,1597,151,2025-09-01
508,1597,255,2026-01-08
509,1597,407,2026-03-10
510,1597,660,2025-09-26
511,1597,1450,2025-02-19
512,1598,203,2025-05-02
513,1598,519,2026-02-13
514,1598,635,2025-08-07
515,1598,645,2025-08-18
516,1598,1007,2026-03-12
517,1598,1422,2025-06-12
518,1599,119,2025-01-24
519,1599,149,2025-01-09
520,1599,588,2025-11-14
521,1599,835,2025-05-17
522,1599,1414,2026-03-10
523,1600,82,2025-03-18
524,1600,108,2025-12-23
525,1600,109,2026-03-19
526,1600,357,2025-11-26
527,1600,460,2026-02-15
528,1600,472,2025-02-25
529,1600,583,2025-05-26
530,1600,1001,2026-01-30
531,1600,1093,2026-02-10
532,1600,1289,2025-02-14
533,1600,1375,2025-01-19
534,1601,93,2026-02-02
535,1601,142,2025-07-01
536,1601,362,2025-04-01
537,1601,720,2025-08-22
538,1601,996,2025-07-16
539,1601,1036,2025-11-12
540,1601,1357,2025-09-28
541,1602,6,2026-05-01
542,1602,13,2025-03-04
543,1602,76,2025-12-23
544,1602,535,2025-10-30
545,1602,736,2025-09-26
546,1602,1143,2025-08-31
547,1603,23,2025-10-15
548,1603,156,2025-01-31
549,1603,820,2025-11-06
550,1603,960,2026-01-11
551,1603,1206,2026-03-04
552,1603,1215,2025-03-09
553,1603,1300,2026-01-23
554,1604,192,2025-09-02
555,1604,903,2025-01-04
556,1604,1202,2025-05-20
557,1604,1440,2025-07-04
558,1605,11,2025-03-08
559,1605,218,2025-05-01
560,1605,340,2026-03-09
561,1605,416,2025-09-21
562,1605,589,2025-09-27
563,1605,910,2025-10-13
564,1605,1113,2026-03-15
565,1605,1288,2026-01-28
566,1605,1402,2025-06-28
567,1605,1488,2025-07-25
568,1606,185,2025-03-25
569,1606,192,2026-04-01
570,1606,313,2025-03-12
571,1606,529,2026-04-24
572,1606,616,2025-06-19
573,1606,638,2025-10-13
574,1606,978,2026-02-19
575,1606,1473,2026-04-13
576,1607,96,2026-02-19
577,1607,677,2026-02-02
578,1608,58,2025-08-08
579,1608,88,2025-08-02
580,1608,402,2025-01-30
581,1608,584,2025-06-16
582,1608,791,2026-03-19
583,1608,1035,2026-01-31
584,1608,1080,2025-10-26
585,1608,1093,2025-09-17
586,1608,1304,2025-08-01
587,1609,169,2026-02-10
588,1609,250,2026-01-22
589,1609,432,2025-08-19
590,1609,863,2025-10-03
591,1609,1088,2025-08-15
592,1609,1151,2025-05-24
593,1610,81,2025-06-02
594,1610,139,2026-03-18
595,1611,38,2025-03-27
596,1611,412,2025-03-12
597,1611,455,2025-09-10
598,1612,81,2025-12-28
599,1612,282,2025-06-22
600,1612,647,2025-09-19
601,1612,678,2025-06-22
602,1612,1281,2026-01-15
603,1612,1478,2026-04-03
604,1613,11,2025-12-09
605,1613,1226,2025-05-24
606,1613,1462,2025-10-05
607,1613,1475,2025-11-20
608,1614,146,2025-06-23
609,1614,395,2026-01-11
610,1614,939,2025-10-29
611,1615,163,2025-08-05
612,1615,652,2025-07-06
613,1615,709,2026-02-12
614,1615,855,2026-03-20
615,1615,1244,2025-06-12
616,1616,199,2026-02-08
617,1616,1065,2025-12-31
618,1616,1159,2026-03-07
619,1616,1259,2025-11-11
620,1616,1353,2025-05-28
621,1616,1360,2025-04-02
622,1617,53,2025-09-15
623,1617,109,2025-03-07
624,1617,175,2025-06-05
625,1617,336,2025-11-11
626,1617,351,2026-04-12
627,1617,583,2025-03-02
628,1617,1093,2025-02-12
629,1617,1350,2026-02-20
630,1618,175,2025-12-21
631,1618,922,2025-08-08
632,1619,147,2025-06-20
633,1619,596,2025-01-14
634,1619,598,2025-03-11
635,1619,734,2026-04-23
636,1619,1256,2026-03-12
637,1619,1335,2025-01-04
638,1620,34,2026-03-28
639,1620,513,2025-01-21
640,1620,577,2025-01-22
641,1620,1122,2025-03-21
642,1620,1247,2026-02-15
643,1621,169,2025-06-07
644,1621,282,2025-07-10
645,1621,326,2025-11-24
646,1621,708,2025-04-28
647,1621,919,2025-10-28
648,1621,1095,2025-11-28
649,1621,1330,2026-03-26
650,1622,13,2025-04-29
651,1622,132,2025-02-07
652,1622,175,2025-05-02
653,1622,678,2025-03-09
654,1622,1359,2025-11-26
655,1623,68,2026-03-26
656,1623,165,2026-02-27
657,1623,1004,2026-03-29
658,1623,1019,2026-02-28
659,1623,1125,2025-03-01
660,1624,97,2026-02-14
661,1624,164,2025-06-16
662,1625,156,2026-03-21
663,1625,172,2025-06-12
664,1625,1091,2025-02-05
665,1625,1275,2025-04-17
666,1626,81,2025-01-03
667,1626,282,2025-06-15
668,1626,837,2025-06-24
669,1627,199,2025-09-04
670,1627,532,2025-01-18
671,1627,680,2025-09-25
672,1627,855,2025-04-15
673,1627,1331,2025-11-21
674,1628,156,2025-11-21
675,1628,349,2025-08-06
676,1628,524,2025-10-12
677,1628,606,2026-01-13
678,1628,622,2025-04-04
679,1629,128,2025-12-16
680,1629,156,2025-02-21
681,1629,237,2025-05-26
682,1629,242,2025-06-05
683,1629,326,2025-05-26
684,1629,658,2026-03-12
685,1629,661,2025-09-24
686,1629,1179,2025-09-26
687,1630,149,2025-11-12
688,1630,864,2025-07-16
689,1630,1024,2025-07-17
690,1631,146,2025-10-28
691,1631,227,2025-11-14
692,1631,290,2026-01-02
693,1631,319,2025-09-09
694,1631,654,2025-03-15
695,1631,830,2025-09-13
696,1632,56,2026-03-12
697,1632,113,2025-12-20
698,1632,328,2026-04-25
699,1632,344,2025-04-24
700,1632,686,2025-08-05
701,1632,807,2025-08-18
702,1632,1033,2026-04-06
703,1633,192,2025-11-23
704,1633,273,2026-02-08
705,1633,693,2025-08-14
706,1633,799,2026-01-04
707,1633,958,2025-05-30
708,1633,1354,2025-11-26
709,1634,123,2025-07-31
710,1634,274,2025-03-18
711,1634,462,2026-01-18
712,1634,1302,2025-01-04
713,1634,1346,2025-03-08
714,1635,40,2025-07-07
715,1635,58,2026-03-10
716,1635,440,2025-09-21
717,1635,817,2026-01-14
718,1635,999,2025-12-27
719,1635,1479,2025-03-27
720,1636,93,2026-04-16
721,1636,186,2025-07-08
722,1636,326,2025-05-28
723,1636,882,2025-04-18
724,1636,1064,2025-02-05
725,1636,1094,2025-09-27
726,1637,22,2025-04-22
727,1637,81,2026-02-17
728,1637,129,2026-02-21
729,1637,203,2025-03-30
730,1637,288,2025-12-29
731,1637,1360,2025-10-06
732,1637,1374,2026-02-18
733,1637,1428,2026-02-22
734,1638,56,2025-02-24
735,1638,87,2026-01-13
736,1638,178,2025-03-10
737,1638,572,2025-04-08
738,1638,664,2026-03-05
739,1638,711,2025-02-02
740,1638,1326,2025-03-06
741,1638,1402,2025-04-13
742,1638,1407,2025-11-07
743,1639,109,2025-03-15
744,1639,147,2026-03-26
745,1639,357,2026-03-07
746,1639,712,2025-11-27
747,1639,1194,2025-01-04
748,1640,156,2025-11-17
749,1640,169,2025-06-06
750,1640,307,2025-11-16
751,1640,488,2025-02-17
752,1640,746,2025-01-31
753,1640,1115,2025-07-13
754,1640,1322,2026-01-14
755,1640,1476,2025-01-05
756,1641,109,2026-03-30
757,1641,191,2025-02-16
758,1641,296,2025-09-24
759,1641,918,2025-05-06
760,1641,1456,2025-08-01
761,1642,19,2025-05-15
762,1642,199,2025-09-08
763,1642,353,2025-03-23
764,1642,897,2025-04-15
765,1642,1219,2026-01-03
766,1643,175,2025-10-11
767,1643,243,2025-08-26
768,1643,535,2025-06-26
769,1644,97,2025-01-13
770,1644,714,2025-09-30
771,1644,749,2025-03-26
772,1644,1171,2026-01-28
773,1645,37,2025-08-30
774,1645,128,2025-07-26
775,1645,149,2025-09-23
776,1645,771,2025-12-28
777,1645,832,2025-02-14
778,1645,1155,2025-12-07
779,1646,123,2025-08-22
780,1646,943,2025-04-01
781,1646,1018,2026-02-07
782,1646,1300,2025-04-03
783,1647,58,2026-04-06
784,1647,70,2025-06-29
785,1647,482,2025-09-03
786,1648,42,2025-08-26
787,1648,143,2025-06-14
788,1648,169,2025-05-14
789,1648,307,2026-01-18
790,1648,310,2025-07-05
791,1648,686,2025-10-15
792,1648,1086,2025-11-18
793,1648,1424,2025-05-17
794,1648,1494,2025-09-05
795,1649,169,2025-03-11
796,1649,462,2025-07-14
797,1649,1365,2025-03-21
798,1649,1495,2026-03-18
799,1650,116,2025-10-20
800,1650,317,2026-04-28
801,1650,361,2025-01-17
802,1650,659,2025-06-16
803,1650,807,2025-03-14
804,1650,928,2025-11-13
805,1650,1089,2025-02-16
806,1651,96,2025-09-19
807,1651,163,2026-02-23
808,1651,894,2026-02-02
809,1651,1199,2026-03-14
810,1651,1213,2025-12-09
811,1652,37,2026-01-15
812,1652,330,2025-08-21
813,1652,512,2025-07-15
814,1652,735,2026-04-06
815,1652,742,2025-12-03
816,1652,912,2025-10-11
817,1652,1381,2025-05-04
818,1653,203,2026-01-09
819,1653,365,2025-02-22
820,1653,397,2025-07-20
821,1653,817,2025-01-28
822,1653,1019,2025-10-09
823,1653,1159,2026-03-21
824,1653,1351,2025-04-04
825,1654,98,2026-01-03
826,1654,125,2025-08-14
827,1654,150,2025-03-03
828,1654,520,2025-11-27
829,1654,594,2025-08-29
830,1654,734,2025-03-31
831,1654,963,2025-02-02
832,1654,1178,2025-08-23
833,1655,15,2025-12-18
834,1655,204,2025-04-21
835,1655,907,2025-04-12
836,1655,1159,2025-08-15
837,1655,1336,2026-02-08
838,1655,1465,2026-01-03
839,1655,1468,2026-01-08
840,1656,125,2025-04-22
841,1656,163,2026-04-20
842,1656,569,2025-10-17
843,1656,946,2025-12-02
844,1656,1150,2025-10-26
845,1656,1307,2025-04-06
846,1657,38,2026-03-05
847,1657,229,2026-04-20
848,1657,301,2025-01-15
849,1657,757,2025-06-16
850,1658,68,2025-04-04
851,1658,114,2025-03-30
852,1658,123,2025-03-21
853,1658,959,2025-10-23
854,1658,1295,2025-10-18
855,1659,38,2026-04-11
856,1659,169,2025-11-11
857,1659,336,2025-04-20
858,1659,598,2026-01-15
859,1659,1101,2025-07-30
860,1659,1261,2026-03-28
861,1660,192,2025-03-29
862,1660,659,2025-02-21
863,1660,774,2026-01-11
864,1660,869,2025-08-07
865,1660,1194,2026-02-14
866,1661,199,2025-06-17
867,1661,505,2025-12-03
868,1661,579,2026-03-14
869,1661,696,2025-10-27
870,1661,1402,2025-02-08
871,1662,38,2025-11-24
872,1662,1048,2025-06-05
873,1662,1437,2025-05-01
874,1663,56,2025-10-11
875,1663,882,2025-10-09
876,1664,13,2025-03-15
877,1664,126,2025-05-02
878,1664,149,2026-04-05
879,1664,249,2025-03-27
880,1664,588,2025-06-16
881,1664,595,2025-12-01
882,1664,757,2025-07-06
883,1664,952,2025-12-26
884,1664,1234,2025-05-06
885,1664,1353,2026-02-09
886,1664,1478,2025-10-23
887,1665,125,2026-03-15
888,1665,410,2026-04-03
889,1665,1042,2025-10-04
890,1665,1411,2025-04-15
891,1666,169,2025-06-13
892,1666,200,2025-10-12
893,1666,339,2026-04-27
894,1666,379,2025-06-07
895,1666,742,2025-05-17
896,1666,982,2025-08-02
897,1666,1107,2025-03-04
898,1666,1166,2025-09-08
899,1666,1499,2026-01-07
900,1667,12,2025-11-27
901,1667,38,2025-08-26
902,1667,59,2026-01-13
903,1667,157,2026-01-16
904,1667,260,2026-03-28
905,1667,455,2025-09-10
906,1667,534,2025-04-23
907,1668,156,2025-03-24
908,1668,353,2026-02-18
909,1668,398,2025-07-21
910,1668,897,2025-05-29
911,1668,1063,2025-05-07
912,1668,1264,2026-04-28
913,1668,1460,2025-01-11
914,1669,12,2025-10-20
915,1669,69,2025-06-20
916,1669,82,2025-05-14
917,1669,144,2026-03-20
918,1669,235,2025-05-10
919,1669,311,2025-10-23
920,1669,1326,2026-02-20
921,1670,11,2026-02-01
922,1670,40,2025-09-13
923,1670,260,2025-11-09
924,1670,351,2026-01-02
925,1670,680,2026-01-07
926,1670,733,2025-03-01
927,1670,815,2025-04-03
928,1671,82,2026-04-03
929,1671,214,2025-08-17
930,1671,734,2025-11-06
931,1671,1212,2026-02-27
932,1671,1412,2026-03-11
933,1672,13,2026-03-17
934,1672,56,2025-10-26
935,1672,91,2025-08-13
936,1672,796,2025-01-02
937,1672,803,2025-04-06
938,1672,1065,2025-10-20
939,1672,1132,2025-03-31
940,1672,1134,2025-08-14
941,1672,1426,2025-02-05
942,1672,1498,2025-03-24
943,1673,203,2025-01-29
944,1673,554,2025-06-19
945,1673,557,2025-05-07
946,1673,656,2025-12-08
947,1673,1326,2026-04-07
948,1674,38,2025-11-02
949,1674,87,2025-08-28
950,1674,322,2026-01-24
951,1674,905,2025-09-27
952,1675,38,2026-04-12
953,1675,175,2025-09-12
954,1675,182,2026-01-04
955,1675,203,2025-02-27
956,1675,727,2025-04-20
957,1675,961,2025-09-09
958,1675,1125,2025-12-29
959,1676,93,2026-04-04
960,1676,116,2026-02-23
961,1676,657,2025-06-17
962,1676,811,2025-03-12
963,1676,922,2025-10-24
964,1676,1447,2025-10-13
965,1677,130,2026-04-30
966,1677,163,2026-04-14
967,1677,194,2025-09-23
968,1677,780,2025-05-05
969,1678,149,2025-03-08
970,1678,267,2025-03-18
971,1678,1443,2025-01-15
972,1679,56,2026-02-20
973,1679,84,2025-12-12
974,1679,899,2026-01-21
975,1679,1251,2025-02-20
976,1679,1420,2025-03-10
977,1680,15,2026-02-11
978,1680,258,2025-07-06
979,1680,620,2025-07-23
980,1680,644,2026-01-09
981,1680,719,2026-02-09
982,1680,891,2026-01-07
983,1680,1165,2026-03-18
984,1680,1425,2025-01-28
985,1681,37,2025-10-08
986,1681,336,2025-04-07
987,1681,367,2025-03-30
988,1681,436,2025-01-20
989,1681,547,2026-03-29
990,1681,876,2025-01-23
991,1681,960,2025-05-16
992,1681,975,2026-01-25
993,1681,1228,2025-10-11
994,1682,15,2025-09-08
995,1682,16,2025-11-07
996,1682,460,2026-02-20
997,1682,661,2026-04-27
998,1682,754,2025-12-18
999,1682,771,2026-03-30
1000,1682,853,2025-08-27
1001,1682,1459,2025-09-23
1002,1683,116,2025-09-15
1003,1683,565,2025-09-17
1004,1683,583,2026-03-19
1005,1683,596,2025-10-19
1006,1683,1436,2025-08-13
1007,1684,58,2025-06-28
1008,1684,320,2025-12-17
1009,1684,390,2025-04-18
1010,1684,440,2025-12-21
1011,1684,504,2026-01-14
1012,1684,572,2026-01-05
1013,1684,835,2025-12-27
1014,1684,1174,2026-03-26
1015,1684,1230,2025-07-10
1016,1685,123,2025-12-08
1017,1685,658,2025-09-21
1018,1686,204,2025-07-02
1019,1686,289,2025-04-05
1020,1686,449,2025-05-02
1021,1686,557,2025-11-23
1022,1686,898,2025-10-01
1023,1686,946,2025-07-21
1024,1686,1423,2026-04-19
1025,1687,114,2025-02-01
1026,1687,156,2026-02-13
1027,1687,918,2026-03-05
1028,1687,954,2026-04-18
1029,1687,1423,2026-01-20
1030,1688,97,2026-02-09
1031,1688,468,2026-02-21
1032,1688,827,2026-01-29
1033,1688,895,2025-01-21
1034,1688,1482,2025-04-14
1035,1689,34,2025-01-09
1036,1689,376,2025-05-23
1037,1689,435,2025-06-04
1038,1689,1433,2025-05-01
1039,1690,169,2026-04-18
1040,1690,246,2025-07-18
1041,1690,517,2025-11-27
1042,1690,734,2025-02-11
1043,1690,821,2026-02-22
1044,1690,1250,2025-10-21
1045,1691,138,2026-03-14
1046,1691,297,2026-02-11
1047,1691,674,2025-10-21
1048,1691,1105,2025-06-14
1049,1692,37,2025-02-26
1050,1692,441,2025-08-24
1051,1692,490,2025-02-04
1052,1693,98,2025-06-27
1053,1693,169,2026-03-04
1054,1693,276,2026-03-23
1055,1693,407,2025-03-25
1056,1693,807,2025-04-18
1057,1693,1078,2026-03-23
1058,1694,175,2026-01-08
1059,1694,527,2025-10-20
1060,1694,621,2026-04-06
1061,1695,161,2026-04-21
1062,1695,191,2026-03-21
1063,1695,824,2025-02-17
1064,1695,850,2025-01-12
1065,1695,1327,2026-02-03
1066,1696,11,2025-03-18
1067,1696,156,2025-11-26
1068,1696,845,2025-10-23
1069,1696,1356,2025-03-27
1070,1697,136,2026-02-03
1071,1697,149,2026-04-20
1072,1697,469,2026-01-09
1073,1697,855,2026-04-28
1074,1698,34,2025-10-28
1075,1698,524,2026-01-19
1076,1698,883,2025-06-28
1077,1698,1156,2025-12-06
1078,1699,97,2025-01-13
1079,1699,357,2025-02-17
1080,1699,525,2025-06-05
1081,1699,1434,2025-04-12
1082,1700,97,2025-09-02
1083,1700,227,2025-05-22
1084,1700,519,2025-12-01
1085,1701,6,2026-03-21
1086,1701,11,2026-01-12
1087,1701,65,2025-09-19
1088,1701,394,2025-04-09
1089,1701,477,2025-01-30
1090,1702,34,2025-11-10
1091,1702,167,2026-02-26
1092,1702,273,2025-04-11
1093,1702,706,2026-04-12
1094,1702,731,2025-01-03
1095,1702,958,2025-10-23
1096,1702,1063,2025-08-01
1097,1703,114,2025-08-29
1098,1703,192,2025-02-12
1099,1703,680,2025-04-18
1100,1703,714,2025-12-18
1101,1703,949,2025-10-31
1102,1703,999,2025-09-13
1103,1704,11,2025-02-17
1104,1704,273,2025-11-08
1105,1704,802,2025-02-28
1106,1704,1124,2025-03-16
1107,1704,1316,2025-07-23
1108,1705,109,2025-01-25
1109,1705,175,2025-11-21
1110,1705,525,2025-03-19
1111,1705,925,2026-01-10
1112,1705,1328,2025-03-19
1113,1705,1469,2025-03-01
1114,1706,192,2025-04-17
1115,1706,513,2025-03-22
1116,1706,925,2025-03-02
1117,1706,1168,2026-03-20
1118,1706,1228,2025-12-18
1119,1707,156,2026-04-19
1120,1707,352,2025-12-25
1121,1707,467,2025-08-24
1122,1707,671,2025-07-29
1123,1707,1004,2025-08-27
1124,1707,1043,2026-01-21
1125,1707,1495,2025-12-05
1126,1708,204,2025-03-13
1127,1708,689,2025-01-28
1128,1708,731,2025-02-28
1129,1709,13,2025-11-07
1130,1709,1049,2026-01-30
1131,1709,1059,2026-01-17
1132,1709,1122,2025-12-11
1133,1710,37,2025-02-15
1134,1710,137,2025-03-01
1135,1710,606,2025-02-27
1136,1710,671,2025-07-15
1137,1711,5,2025-07-26
1138,1711,58,2025-02-23
1139,1711,246,2025-03-08
1140,1711,407,2026-04-13
1141,1711,807,2025-04-03
1142,1711,821,2025-01-22
1143,1711,913,2025-03-03
1144,1711,1206,2025-11-13
1145,1712,175,2026-01-05
1146,1712,232,2025-01-17
1147,1712,517,2025-08-17
1148,1712,734,2025-03-11
1149,1712,804,2026-01-06
1150,1712,1330,2025-06-25
1151,1713,15,2025-12-05
1152,1713,680,2026-01-16
1153,1713,805,2026-04-19
1154,1713,816,2025-09-28
1155,1713,1093,2026-01-25
1156,1713,1160,2025-08-13
1157,1713,1345,2026-04-23
1158,1714,81,2025-05-08
1159,1714,301,2025-04-12
1160,1714,777,2026-04-19
1161,1714,793,2025-11-15
1162,1714,956,2026-01-18
1163,1714,1169,2026-01-09
1164,1714,1294,2025-04-20
1165,1714,1330,2025-01-19
1166,1715,37,2025-05-31
1167,1715,81,2025-10-20
1168,1715,200,2025-04-09
1169,1715,502,2025-08-09
1170,1715,1312,2025-07-14
1171,1715,1353,2025-06-22
1172,1715,1402,2025-04-17
1173,1716,156,2025-10-02
1174,1716,302,2025-01-07
1175,1716,311,2025-12-05
1176,1716,1393,2025-04-02
1177,1716,1493,2025-08-22
1178,1717,76,2025-11-30
1179,1717,149,2026-03-25
1180,1717,216,2025-12-07
1181,1717,407,2026-02-20
1182,1717,607,2025-06-04
1183,1717,1061,2026-02-02
1184,1717,1164,2025-09-24
1185,1717,1459,2025-02-23
1186,1718,11,2025-03-18
1187,1718,701,2026-01-27
1188,1718,718,2026-02-06
1189,1718,826,2025-05-25
1190,1718,833,2025-04-01
1191,1718,1437,2025-02-21
1192,1719,146,2025-02-16
1193,1719,192,2025-05-26
1194,1719,210,2025-01-12
1195,1719,467,2026-02-09
1196,1719,671,2025-10-13
1197,1719,881,2025-12-16
1198,1719,917,2025-07-22
1199,1720,11,2025-11-17
1200,1720,702,2025-09-26
1201,1720,805,2025-03-13
1202,1720,922,2026-04-18
1203,1720,928,2025-06-22
1204,1721,191,2026-03-17
1205,1721,1248,2025-01-05
1206,1721,1491,2025-10-23
1207,1722,34,2025-12-07
1208,1722,1229,2025-06-17
1209,1722,1478,2025-03-10
1210,1723,14,2025-03-18
1211,1723,146,2025-11-02
1212,1723,929,2025-05-27
1213,1723,938,2025-07-12
1214,1723,1041,2025-03-07
1215,1723,1258,2025-01-09
1216,1723,1327,2026-03-07
1217,1724,169,2026-02-26
1218,1724,394,2025-10-30
1219,1724,651,2025-04-10
1220,1724,671,2025-12-25
1221,1724,869,2026-03-10
1222,1725,192,2025-07-07
1223,1725,319,2025-06-29
1224,1725,615,2026-01-05
1225,1725,1165,2025-07-14
1226,1725,1181,2026-03-06
1227,1725,1283,2026-02-09
1228,1726,93,2025-02-03
1229,1726,1055,2026-02-19
1230,1727,96,2026-01-15
1231,1727,203,2026-01-12
1232,1727,582,2025-12-02
1233,1727,838,2025-01-01
1234,1727,845,2026-02-17
1235,1728,62,2026-04-22
1236,1728,165,2025-04-20
1237,1728,227,2026-01-02
1238,1728,250,2025-12-08
1239,1728,323,2025-10-19
1240,1728,1055,2025-11-02
1241,1728,1288,2025-06-26
1242,1728,1360,2025-03-07
1243,1729,15,2026-02-03
1244,1729,293,2025-12-22
1245,1729,583,2025-10-26
1246,1729,715,2025-09-12
1247,1729,1455,2026-02-26
1248,1729,1481,2025-01-09
1249,1730,56,2026-02-02
1250,1730,483,2025-02-19
1251,1730,909,2025-04-28
1252,1730,1254,2025-08-21
1253,1730,1310,2025-03-02
1254,1730,1311,2025-03-14
1255,1731,37,2025-05-22
1256,1731,178,2025-04-08
1257,1731,1095,2025-08-06
1258,1731,1402,2026-04-24
1259,1731,1485,2025-07-03
1260,1732,125,2025-10-09
1261,1732,802,2025-06-17
1262,1732,920,2025-10-04
1263,1732,1321,2025-07-07
1264,1733,175,2025-07-18
1265,1733,183,2025-06-07
1266,1733,196,2026-01-26
1267,1733,229,2026-04-19
1268,1733,432,2025-03-08
1269,1733,627,2025-04-19
1270,1733,996,2026-03-10
1271,1733,1119,2025-01-14
1272,1734,147,2025-05-13
1273,1734,290,2026-04-28
1274,1734,319,2025-02-08
1275,1734,349,2026-03-31
1276,1734,892,2026-01-16
1277,1734,1015,2026-02-03
1278,1734,1492,2025-03-21
1279,1735,125,2025-01-14
1280,1735,204,2025-03-14
1281,1735,319,2025-09-04
1282,1735,922,2026-04-22
1283,1735,956,2025-01-28
1284,1735,1172,2025-08-05
1285,1735,1292,2025-03-05
1286,1736,123,2025-07-05
1287,1736,255,2025-11-11
1288,1736,597,2025-03-24
1289,1736,734,2025-09-03
1290,1736,962,2025-04-29
1291,1736,1118,2025-10-13
1292,1736,1175,2025-09-11
1293,1737,192,2025-05-23
1294,1737,658,2025-01-31
1295,1737,998,2025-03-27
1296,1738,31,2025-11-03
1297,1738,38,2025-11-14
1298,1738,744,2025-02-01
1299,1738,846,2025-08-15
1300,1738,928,2026-01-04
1301,1739,82,2026-01-05
1302,1739,551,2025-02-13
1303,1739,927,2025-08-09
1304,1739,1463,2025-08-07
1305,1740,93,2026-03-18
1306,1740,200,2025-10-30
1307,1740,794,2025-01-12
1308,1740,832,2025-07-31
1309,1740,1004,2025-04-27
1310,1740,1029,2025-03-08
1311,1740,1187,2025-03-06
1312,1740,1312,2026-03-17
1313,1741,47,2025-05-25
1314,1741,125,2025-09-29
1315,1741,169,2025-11-29
1316,1741,984,2026-04-29
1317,1741,1053,2026-04-07
1318,1741,1118,2025-02-24
1319,1741,1204,2025-06-25
1320,1742,37,2025-06-13
1321,1742,114,2025-05-14
1322,1742,481,2026-03-19
1323,1742,614,2025-03-23
1324,1742,1011,2026-02-28
1325,1742,1423,2026-03-26
1326,1743,58,2025-12-17
1327,1743,208,2025-11-20
1328,1743,841,2025-11-25
1329,1743,1399,2025-01-04
1330,1743,1422,2025-04-24
1331,1744,13,2025-12-26
1332,1744,72,2025-12-30
1333,1744,327,2026-03-20
1334,1744,1080,2025-05-27
1335,1744,1210,2025-01-17
1336,1745,146,2025-05-08
1337,1745,442,2025-01-31
1338,1745,572,2025-03-05
1339,1745,600,2025-01-09
1340,1745,724,2025-11-12
1341,1746,51,2025-07-05
1342,1746,165,2026-04-10
1343,1746,1347,2026-04-09
1344,1747,81,2025-07-27
1345,1747,513,2025-09-12
1346,1747,1050,2025-10-16
1347,1748,156,2026-04-14
1348,1748,966,2026-01-29
1349,1748,1186,2025-11-24
1350,1748,1393,2025-08-20
1351,1749,146,2025-07-08
1352,1749,351,2025-08-05
1353,1749,1028,2026-04-03
1354,1749,1217,2026-02-07
1355,1750,34,2025-06-07
1356,1750,239,2025-11-15
1357,1750,342,2025-02-03
1358,1750,426,2025-07-09
1359,1750,536,2025-08-15
1360,1750,814,2025-10-30
1361,1750,1022,2025-12-13
1362,1750,1141,2026-02-03
1363,1750,1152,2025-06-28
1364,1750,1464,2025-07-10
1365,1751,11,2025-05-26
1366,1751,27,2025-08-06
1367,1751,383,2026-03-08
1368,1751,877,2025-03-30
1369,1751,1222,2026-04-30
1370,1751,1280,2025-05-07
1371,1751,1356,2025-05-09
1372,1751,1402,2025-09-03
1373,1752,182,2026-03-07
1374,1752,186,2025-02-24
1375,1752,192,2025-03-12
1376,1752,365,2026-03-05
1377,1753,13,2026-02-19
1378,1753,128,2025-05-09
1379,1753,234,2025-08-25
1380,1753,1029,2025-08-11
1381,1753,1259,2025-01-02
1382,1753,1294,2025-02-26
1383,1753,1380,2025-01-23
1384,1754,34,2025-10-12
1385,1754,449,2025-01-31
1386,1754,557,2026-01-29
1387,1754,675,2025-03-02
1388,1754,680,2026-02-13
1389,1754,999,2026-02-06
1390,1754,1254,2025-09-21
1391,1755,146,2025-03-04
1392,1755,240,2025-01-20
1393,1755,327,2025-04-17
1394,1755,464,2025-01-14
1395,1755,939,2026-02-17
1396,1755,1310,2026-04-12
1397,1755,1339,2026-01-13
1398,1756,82,2026-02-10
1399,1756,644,2025-07-31
1400,1756,1270,2025-10-11
1401,1757,34,2025-04-28
1402,1757,113,2025-02-21
1403,1757,207,2025-08-19
1404,1758,138,2025-07-24
1405,1758,254,2025-05-22
1406,1758,362,2026-01-26
1407,1758,516,2026-04-28
1408,1758,613,2025-02-16
1409,1758,827,2025-09-08
1410,1758,1012,2025-03-24
1411,1758,1094,2025-08-05
1412,1758,1301,2025-09-22
1413,1759,37,2025-01-22
1414,1759,203,2025-10-06
1415,1759,727,2025-01-07
1416,1760,192,2025-09-22
1417,1760,230,2025-02-19
1418,1760,297,2026-02-20
1419,1760,333,2026-01-08
1420,1760,430,2025-12-10
1421,1760,473,2025-07-07
1422,1760,1105,2025-08-18
1423,1760,1342,2025-02-24
1424,1760,1498,2025-03-17
1425,1761,21,2025-10-31
1426,1761,116,2025-01-16
1427,1761,385,2026-03-21
1428,1761,443,2026-01-04
1429,1761,859,2025-02-25
1430,1761,1234,2025-06-25
1431,1762,37,2025-12-27
1432,1762,140,2025-02-01
1433,1762,226,2025-08-26
1434,1762,955,2025-02-13
1435,1762,956,2025-04-11
1436,1762,1253,2025-09-18
1437,1763,11,2025-01-22
1438,1763,340,2025-07-29
1439,1763,711,2025-08-20
1440,1763,819,2025-02-22
1441,1763,919,2025-05-07
1442,1763,1129,2025-01-28
1443,1763,1402,2025-08-25
1444,1764,204,2025-12-31
1445,1764,394,2025-04-28
1446,1764,1123,2025-06-20
1447,1765,58,2025-02-10
1448,1765,125,2025-01-25
1449,1765,127,2026-02-21
1450,1765,351,2026-03-22
1451,1765,783,2025-05-28
1452,1765,787,2025-07-04
1453,1765,1166,2025-09-29
1454,1765,1291,2025-05-22
1455,1765,1341,2025-09-09
1456,1766,11,2025-06-03
1457,1766,517,2025-04-13
1458,1766,734,2026-02-15
1459,1766,923,2025-07-25
1460,1766,1250,2025-03-31
1461,1766,1319,2025-02-28
1462,1767,58,2025-12-27
1463,1767,316,2025-04-11
1464,1767,396,2025-01-13
1465,1767,497,2025-01-09
1466,1767,579,2025-10-17
1467,1767,696,2025-08-11
1468,1767,780,2025-04-04
1469,1767,947,2025-06-28
1470,1767,1148,2025-09-30
1471,1768,116,2026-03-17
1472,1768,340,2025-09-28
1473,1768,621,2025-12-13
1474,1768,696,2025-07-01
1475,1768,1080,2025-08-17
1476,1768,1202,2025-08-07
1477,1768,1473,2025-12-27
1478,1769,97,2025-08-08
1479,1769,290,2025-11-02
1480,1769,686,2025-05-10
1481,1769,693,2025-09-12
1482,1769,736,2025-01-16
1483,1769,885,2025-04-15
1484,1769,968,2025-03-03
1485,1769,970,2025-10-15
1486,1769,1316,2025-01-03
1487,1770,37,2025-06-20
1488,1770,62,2025-04-12
1489,1770,319,2025-12-10
1490,1770,742,2026-02-16
1491,1770,992,2026-03-23
1492,1771,96,2026-02-02
1493,1771,405,2025-04-13
1494,1771,554,2025-11-07
1495,1771,765,2025-07-26
1496,1772,156,2025-03-22
1497,1772,231,2026-02-26
1498,1772,467,2026-02-19
1499,1772,643,2026-04-16
1500,1772,671,2026-04-26
1501,1772,782,2025-08-14
1502,1772,922,2026-04-18
1503,1772,1151,2025-05-11
1504,1773,82,2026-03-06
1505,1773,376,2025-08-12
1506,1773,387,2026-04-01
1507,1773,588,2025-07-21
1508,1773,715,2025-08-12
1509,1774,22,2026-02-26
1510,1774,58,2025-03-18
1511,1774,540,2025-02-10
1512,1774,975,2025-06-30
1513,1774,1159,2025-10-27
1514,1774,1204,2025-02-02
1515,1774,1258,2025-09-26
1516,1774,1294,2025-05-04
1517,1775,12,2026-03-02
1518,1775,134,2025-03-12
1519,1775,204,2025-12-25
1520,1775,269,2026-03-14
1521,1775,465,2025-09-01
1522,1775,663,2025-01-10
1523,1775,773,2025-01-17
1524,1776,1,2025-01-30
1525,1776,203,2025-05-17
1526,1776,826,2025-07-26
1527,1776,1005,2025-08-01
1528,1777,93,2025-08-06
1529,1777,163,2025-02-21
1530,1777,255,2025-06-09
1531,1777,517,2025-06-19
1532,1777,687,2025-11-17
1533,1777,1330,2025-10-29
1534,1778,42,2025-01-13
1535,1778,97,2026-01-22
1536,1778,346,2025-02-04
1537,1778,722,2026-02-12
1538,1778,989,2025-03-01
1539,1779,163,2025-01-26
1540,1779,645,2025-08-17
1541,1780,203,2025-10-29
1542,1780,892,2025-09-06
1543,1780,1322,2025-12-08
1544,1781,165,2025-08-28
1545,1781,661,2025-03-05
1546,1782,192,2026-04-13
1547,1782,946,2025-05-10
1548,1782,976,2025-01-20
1549,1782,979,2025-01-11
1550,1782,1189,2026-01-19
1551,1782,1423,2025-12-02
1552,1783,203,2025-05-15
1553,1783,363,2025-10-27
1554,1783,785,2025-05-01
1555,1783,937,2025-10-06
1556,1783,1191,2026-01-29
1557,1783,1428,2026-04-28
1558,1783,1465,2025-10-10
1559,1784,34,2025-02-04
1560,1784,39,2026-02-25
1561,1784,302,2026-01-02
1562,1784,311,2025-10-16
1563,1784,751,2026-01-23
1564,1784,947,2025-12-25
1565,1785,125,2026-03-16
1566,1785,309,2025-12-29
1567,1785,504,2025-11-20
1568,1785,551,2025-12-23
1569,1785,662,2025-05-19
1570,1785,1278,2025-10-21
1571,1786,38,2025-01-02
1572,1786,254,2025-06-11
1573,1786,349,2025-05-08
1574,1786,673,2025-12-08
1575,1786,850,2025-12-29
1576,1786,982,2025-02-03
1577,1787,34,2025-06-12
1578,1787,519,2026-02-06
1579,1787,678,2025-03-30
1580,1787,999,2025-01-22
1581,1788,58,2025-05-11
1582,1788,1158,2025-11-09
1583,1789,34,2025-11-08
1584,1789,250,2025-09-14
1585,1789,320,2025-01-20
1586,1789,424,2026-02-18
1587,1789,432,2025-10-29
1588,1789,464,2025-06-02
1589,1789,698,2025-11-28
1590,1789,855,2026-03-02
1591,1789,1306,2025-11-03
1592,1789,1475,2026-02-25
1593,1790,82,2025-09-12
1594,1790,785,2026-04-21
1595,1790,1049,2026-04-13
1596,1790,1428,2025-07-22
1597,1791,96,2026-02-06
1598,1791,1127,2025-11-07
1599,1791,1277,2025-09-28
1600,1792,15,2025-09-10
1601,1792,206,2025-11-24
1602,1792,408,2025-04-25
1603,1793,138,2025-11-28
1604,1793,149,2025-02-03
1605,1793,494,2025-04-12
1606,1793,790,2025-08-26
1607,1794,93,2025-10-30
1608,1794,655,2025-08-13
1609,1794,1255,2025-12-17
1610,1795,34,2025-03-03
1611,1795,1139,2026-02-21
1612,1796,96,2025-08-01
1613,1796,518,2025-07-15
1614,1796,582,2025-11-05
1615,1797,15,2025-10-12
1616,1797,96,2026-01-19
1617,1798,38,2025-05-30
1618,1798,186,2025-02-22
1619,1798,204,2025-07-30
1620,1798,277,2026-04-10
1621,1798,657,2025-07-15
1622,1798,865,2025-02-20
1623,1798,1160,2025-03-18
1624,1798,1391,2025-04-21
1625,1799,13,2025-09-06
1626,1799,32,2025-05-27
1627,1799,207,2025-01-26
1628,1799,444,2025-09-06
1629,1799,1095,2025-09-03
1630,1799,1149,2025-10-20
1631,1799,1155,2025-05-17
1632,1799,1463,2025-05-08
1633,1800,149,2025-04-30
1634,1800,373,2026-03-02
1635,1800,403,2025-03-31
1636,1800,659,2026-01-26
1637,1800,1022,2025-06-15
1638,1800,1043,2025-08-12
1639,1801,37,2025-04-04
1640,1801,410,2025-04-18
1641,1801,579,2026-01-13
1642,1801,747,2025-12-19
1643,1802,38,2025-09-21
1644,1802,492,2025-12-09
1645,1802,580,2025-10-30
1646,1802,1238,2025-11-01
1647,1803,116,2025-05-29
1648,1803,118,2025-10-26
1649,1803,253,2025-10-19
1650,1803,727,2026-04-12
1651,1804,127,2025-02-28
1652,1804,138,2025-11-09
1653,1804,643,2025-08-17
1654,1804,753,2026-02-18
1655,1804,769,2025-01-08
1656,1804,939,2025-02-04
1657,1804,1028,2025-12-31
1658,1804,1429,2026-02-26
1659,1805,93,2026-04-12
1660,1805,336,2025-05-16
1661,1805,436,2025-03-26
1662,1805,867,2026-03-29
1663,1805,1088,2025-08-09
1664,1805,1240,2026-03-11
1665,1805,1498,2025-12-05
1666,1806,149,2025-03-13
1667,1806,1022,2025-01-14
1668,1806,1220,2025-04-20
1669,1806,1361,2025-08-28
1670,1807,38,2025-01-27
1671,1807,269,2025-09-21
1672,1807,336,2025-08-24
1673,1807,517,2026-02-24
1674,1807,616,2026-04-08
1675,1807,722,2025-10-04
1676,1807,978,2026-03-09
1677,1807,1095,2025-03-29
1678,1808,13,2025-02-24
1679,1808,165,2025-02-15
1680,1808,167,2025-07-30
1681,1808,1194,2025-01-29
1682,1808,1234,2026-03-07
1683,1808,1359,2025-03-23
1684,1809,85,2025-12-05
1685,1809,116,2025-12-07
1686,1809,146,2025-12-04
1687,1809,1290,2025-01-15
1688,1809,1314,2025-11-19
1689,1810,37,2026-02-16
1690,1810,827,2025-12-05
1691,1810,850,2025-11-18
1692,1810,890,2025-05-13
1693,1810,1130,2025-02-18
1694,1810,1500,2026-03-12
1695,1811,141,2026-04-22
1696,1811,203,2026-04-07
1697,1811,981,2026-04-25
1698,1811,993,2025-10-07
1699,1811,1312,2026-04-29
1700,1811,1397,2026-02-14
1701,1811,1428,2025-02-12
1702,1812,163,2025-05-01
1703,1812,574,2025-07-09
1704,1812,878,2025-12-17
1705,1812,1024,2025-12-26
1706,1812,1149,2026-01-20
1707,1812,1210,2025-11-11
1708,1812,1385,2025-10-20
1709,1812,1407,2025-09-20
1710,1813,163,2025-11-01
1711,1813,212,2025-09-16
1712,1813,319,2026-03-30
1713,1813,638,2026-02-04
1714,1813,1230,2025-10-27
1715,1813,1344,2025-08-18
1716,1814,82,2026-04-07
1717,1814,117,2025-03-17
1718,1814,152,2026-04-05
1719,1814,1317,2025-02-27
1720,1815,34,2025-02-12
1721,1815,156,2025-08-16
1722,1815,157,2025-01-12
1723,1815,443,2026-01-10
1724,1815,454,2026-03-05
1725,1815,680,2025-10-03
1726,1816,138,2025-09-15
1727,1816,192,2025-11-17
1728,1816,598,2025-10-28
1729,1816,706,2025-05-29
1730,1816,768,2026-04-21
1731,1816,1237,2025-12-05
1732,1816,1250,2025-09-18
1733,1817,82,2025-01-16
1734,1817,347,2026-02-22
1735,1817,432,2026-02-25
1736,1817,863,2026-03-12
1737,1817,1018,2025-02-06
1738,1817,1492,2025-10-07
1739,1818,96,2026-04-21
1740,1818,486,2025-07-24
1741,1818,509,2026-04-03
1742,1818,770,2025-05-14
1743,1819,203,2025-06-05
1744,1819,316,2025-10-01
1745,1819,1263,2025-03-12
1746,1820,34,2025-03-24
1747,1820,336,2026-01-24
1748,1820,1178,2025-03-03
1749,1820,1183,2025-08-20
1750,1820,1226,2026-04-30
1751,1821,81,2026-03-27
1752,1821,174,2026-03-29
1753,1821,342,2025-07-02
1754,1821,471,2025-09-25
1755,1821,790,2025-09-20
1756,1821,1030,2026-01-13
1757,1821,1240,2026-04-20
1758,1821,1290,2025-04-30
1759,1822,77,2025-10-20
1760,1822,159,2025-08-14
1761,1822,204,2025-09-17
1762,1822,417,2025-07-11
1763,1822,499,2025-08-13
1764,1822,502,2026-04-23
1765,1822,1022,2025-01-06
1766,1822,1235,2025-10-04
1767,1823,13,2025-03-30
1768,1823,120,2025-02-01
1769,1823,138,2026-02-20
1770,1823,600,2025-01-14
1771,1823,755,2025-05-13
1772,1823,946,2025-10-04
1773,1824,35,2025-01-24
1774,1824,163,2025-08-03
1775,1824,508,2025-08-31
1776,1824,518,2025-06-13
1777,1824,777,2025-08-31
1778,1824,1029,2025-12-08
1779,1825,70,2025-02-17
1780,1825,96,2026-03-01
1781,1825,148,2026-03-08
1782,1825,443,2025-04-03
1783,1825,1076,2026-03-08
1784,1825,1275,2025-04-07
1785,1825,1359,2025-07-14
1786,1825,1369,2025-10-16
1787,1826,204,2025-02-13
1788,1826,361,2025-06-03
1789,1826,793,2025-11-01
1790,1826,933,2025-07-26
1791,1827,81,2025-02-16
1792,1827,642,2026-01-27
1793,1827,674,2025-11-28
1794,1827,1118,2025-12-09
1795,1827,1124,2025-02-13
1796,1828,191,2026-04-24
1797,1828,308,2025-03-22
1798,1828,746,2025-09-19
1799,1828,1371,2026-04-02
1800,1828,1381,2025-09-13
1801,1829,204,2025-12-12
1802,1829,232,2026-02-23
1803,1829,255,2025-10-30
1804,1829,601,2025-05-19
1805,1829,660,2026-02-10
1806,1829,682,2025-03-26
1807,1829,833,2025-11-04
1808,1829,1498,2025-12-10
1809,1830,165,2025-08-05
1810,1830,377,2025-10-14
1811,1830,379,2026-04-08
1812,1830,1040,2025-09-16
1813,1830,1228,2025-03-19
1814,1830,1313,2025-08-26
1815,1831,191,2026-01-07
1816,1831,1358,2026-01-21
1817,1831,1402,2025-07-20
1818,1832,15,2025-10-24
1819,1832,267,2026-04-28
1820,1832,973,2025-12-10
1821,1833,191,2026-04-22
1822,1833,497,2026-03-11
1823,1833,658,2025-09-02
1824,1833,890,2025-12-07
1825,1833,1484,2025-11-22
1826,1834,11,2025-01-26
1827,1834,1084,2025-05-17
1828,1834,1372,2025-01-23
1829,1834,1400,2025-10-29
1830,1835,79,2025-07-01
1831,1835,172,2025-04-28
1832,1835,199,2026-01-01
1833,1835,696,2025-03-02
1834,1835,1148,2025-05-13
1835,1835,1412,2026-04-09
1836,1836,204,2026-02-09
1837,1836,685,2025-02-15
1838,1836,711,2026-02-09
1839,1836,1035,2025-10-25
1840,1836,1402,2025-08-05
1841,1836,1407,2025-02-27
1842,1837,37,2025-07-01
1843,1837,102,2025-08-07
1844,1837,195,2025-01-23
1845,1837,706,2025-09-11
1846,1837,947,2026-04-06
1847,1838,18,2025-10-10
1848,1838,81,2025-11-25
1849,1838,175,2025-05-08
1850,1838,496,2025-04-01
1851,1838,617,2025-09-07
1852,1838,843,2025-05-26
1853,1838,973,2025-12-12
1854,1838,1005,2026-04-03
1855,1838,1426,2026-02-18
1856,1839,156,2025-12-20
1857,1839,327,2025-10-11
1858,1839,621,2025-10-13
1859,1839,1339,2025-04-25
1860,1839,1396,2025-06-20
1861,1839,1409,2026-01-06
1862,1839,1425,2025-07-13
1863,1840,37,2025-07-01
1864,1840,384,2025-02-24
1865,1840,503,2026-02-03
1866,1840,839,2026-04-22
1867,1840,860,2025-08-24
1868,1840,1095,2025-10-25
1869,1841,93,2026-02-13
1870,1841,390,2026-03-16
1871,1841,426,2026-02-17
1872,1841,504,2025-12-04
1873,1841,583,2025-12-10
1874,1841,1114,2025-11-25
1875,1841,1429,2025-07-23
1876,1842,37,2025-04-04
1877,1842,521,2025-05-30
1878,1842,598,2025-11-24
1879,1842,807,2025-01-24
1880,1842,1207,2026-03-30
1881,1842,1250,2025-11-06
1882,1843,97,2026-04-20
1883,1843,385,2025-08-04
1884,1843,796,2025-12-26
1885,1843,1019,2025-11-24
1886,1843,1392,2025-05-25
1887,1844,123,2026-03-04
1888,1844,290,2025-11-09
1889,1844,312,2025-07-12
1890,1844,1133,2025-07-16
1891,1845,169,2025-10-07
1892,1845,737,2025-05-08
1893,1845,739,2026-01-04
1894,1845,900,2025-05-16
1895,1845,956,2026-04-25
1896,1845,1096,2025-11-10
1897,1846,191,2025-08-08
1898,1846,322,2025-01-14
1899,1846,336,2025-05-17
1900,1846,473,2025-08-20
1901,1847,113,2025-09-19
1902,1847,191,2025-06-09
1903,1847,702,2025-03-19
1904,1847,814,2025-02-03
1905,1847,909,2025-08-16
1906,1847,963,2025-01-06
1907,1847,1071,2025-03-20
1908,1847,1107,2025-10-15
1909,1847,1419,2025-06-23
1910,1848,56,2025-02-22
1911,1848,138,2025-07-17
1912,1848,499,2025-03-14
1913,1848,890,2025-03-23
1914,1848,984,2026-04-23
1915,1848,1365,2025-07-02
1916,1848,1443,2025-10-24
1917,1848,1448,2026-01-25
1918,1848,1484,2025-05-05
1919,1849,192,2026-02-27
1920,1849,758,2025-11-19
1921,1849,997,2025-07-28
1922,1849,1118,2025-05-21
1923,1850,15,2025-10-05
1924,1850,71,2025-10-07
1925,1850,275,2025-03-06
1926,1850,351,2025-01-01
1927,1850,506,2025-09-15
1928,1850,682,2025-10-21
1929,1850,976,2026-02-09
1930,1851,34,2026-02-03
1931,1851,247,2025-04-24
1932,1851,512,2025-05-17
1933,1851,709,2025-10-01
1934,1851,955,2025-07-24
1935,1851,1282,2025-09-30
1936,1852,26,2025-12-23
1937,1852,44,2025-09-14
1938,1852,147,2025-04-27
1939,1852,1227,2025-11-11
1940,1853,96,2025-01-22
1941,1853,109,2026-03-27
1942,1853,123,2025-08-12
1943,1853,728,2025-03-12
1944,1853,847,2025-05-13
1945,1853,1160,2025-07-22
1946,1853,1193,2025-09-03
1947,1854,169,2025-03-19
1948,1854,255,2026-01-21
1949,1854,381,2025-09-27
1950,1854,833,2025-08-16
1951,1854,1053,2025-11-05
1952,1854,1474,2025-10-22
1953,1855,81,2025-02-04
1954,1855,922,2025-08-06
1955,1855,1077,2025-01-12
1956,1855,1169,2025-11-16
1957,1855,1234,2026-03-03
1958,1855,1327,2025-02-02
1959,1855,1354,2025-02-15
1960,1856,37,2025-06-03
1961,1856,128,2025-02-07
1962,1856,281,2025-04-20
1963,1856,451,2026-03-01
1964,1856,777,2025-02-27
1965,1856,1397,2025-10-28
1966,1857,15,2026-04-04
1967,1857,307,2026-01-23
1968,1857,380,2026-01-07
1969,1857,821,2025-05-08
1970,1857,970,2025-07-03
1971,1857,1250,2025-12-05
1972,1858,93,2026-01-22
1973,1858,307,2025-11-04
1974,1858,329,2025-11-24
1975,1858,363,2026-02-22
1976,1858,517,2025-03-25
1977,1858,539,2026-02-25
1978,1858,923,2026-03-24
1979,1858,1372,2025-04-15
1980,1859,37,2026-01-01
1981,1859,357,2025-07-28
1982,1859,1331,2025-02-25
1983,1859,1369,2025-04-30
1984,1860,38,2025-04-20
1985,1860,448,2025-09-01
1986,1861,50,2026-01-04
1987,1861,76,2025-07-28
1988,1861,175,2026-04-03
1989,1861,1054,2025-01-01
1990,1861,1180,2025-06-24
1991,1862,97,2025-04-06
1992,1862,239,2025-05-08
1993,1862,481,2025-01-23
1994,1862,653,2026-04-16
1995,1863,56,2025-05-11
1996,1863,96,2025-06-14
1997,1863,288,2025-10-12
1998,1863,429,2025-09-19
1999,1863,621,2025-02-18
2000,1863,1133,2025-07-25
2001,1863,1148,2025-06-20
2002,1863,1210,2026-02-04
2003,1863,1225,2026-03-01
2004,1864,93,2025-12-25
2005,1864,436,2025-01-12
2006,1864,741,2026-04-11
2007,1865,125,2025-03-26
2008,1865,385,2025-07-04
2009,1865,619,2026-04-10
2010,1865,796,2025-05-23
2011,1865,918,2026-01-20
2012,1865,1075,2025-06-04
2013,1866,116,2025-09-11
2014,1866,272,2025-03-16
2015,1866,912,2025-05-15
2016,1866,1047,2025-03-05
2017,1867,125,2025-11-12
2018,1867,149,2025-02-19
2019,1867,527,2025-08-08
2020,1867,655,2025-06-12
2021,1867,896,2025-11-29
2022,1867,1004,2025-01-17
2023,1867,1061,2026-03-23
2024,1868,85,2025-04-09
2025,1868,165,2025-12-23
2026,1868,175,2025-05-29
2027,1868,211,2025-05-21
2028,1868,861,2025-01-15
2029,1868,1070,2026-02-08
2030,1869,116,2025-10-18
2031,1869,194,2025-08-02
2032,1869,255,2025-07-25
2033,1869,541,2026-03-09
2034,1869,1421,2025-02-02
2035,1869,1449,2025-08-29
2036,1870,149,2026-01-22
2037,1870,230,2026-01-15
2038,1870,1444,2025-09-05
2039,1871,191,2026-04-05
2040,1871,319,2026-04-12
2041,1871,750,2026-04-22
2042,1871,787,2026-01-18
2043,1871,915,2025-02-03
2044,1871,1310,2026-01-31
2045,1871,1458,2025-09-22
2046,1872,4,2025-03-06
2047,1872,156,2025-12-25
2048,1872,590,2025-05-13
2049,1872,1052,2025-11-01
2050,1873,93,2025-10-03
2051,1873,437,2025-10-21
2052,1873,617,2026-01-21
2053,1873,759,2025-10-07
2054,1873,1261,2025-11-19
2055,1873,1277,2025-01-22
2056,1873,1359,2025-10-07
2057,1874,37,2025-10-05
2058,1874,326,2026-04-10
2059,1874,985,2026-01-09
2060,1874,1170,2025-01-02
2061,1875,191,2026-03-20
2062,1875,390,2025-07-25
2063,1875,784,2025-08-25
2064,1875,810,2026-03-03
2065,1875,1293,2025-10-10
2066,1876,156,2025-03-16
2067,1876,704,2025-02-19
2068,1876,827,2025-05-20
2069,1876,1000,2025-02-10
2070,1876,1378,2025-08-15
2071,1877,204,2025-05-19
2072,1877,513,2025-07-31
2073,1877,1206,2025-09-22
2074,1878,58,2026-03-11
2075,1878,114,2025-02-23
2076,1878,506,2026-02-08
2077,1878,523,2025-04-26
2078,1878,532,2026-03-06
2079,1878,815,2025-06-17
2080,1878,847,2025-11-15
2081,1878,860,2025-04-05
2082,1878,979,2026-04-16
2083,1879,97,2025-07-21
2084,1879,204,2025-11-17
2085,1879,223,2025-07-12
2086,1879,627,2026-04-30
2087,1879,703,2025-05-16
2088,1879,1004,2025-10-07
2089,1879,1261,2025-08-05
2090,1880,116,2025-11-12
2091,1880,521,2025-12-06
2092,1880,867,2025-10-03
2093,1880,1124,2025-11-13
2094,1880,1134,2026-02-17
2095,1880,1494,2026-04-14
2096,1881,146,2025-05-08
2097,1881,359,2025-12-24
2098,1881,919,2025-10-25
2099,1881,1095,2025-07-22
2100,1881,1210,2025-12-23
2101,1881,1348,2025-11-13
2102,1882,125,2025-10-09
2103,1882,264,2025-08-14
2104,1882,408,2025-06-09
2105,1882,1264,2026-04-22
2106,1882,1332,2025-09-17
2107,1883,146,2025-07-15
2108,1883,206,2025-10-18
2109,1883,698,2025-06-09
2110,1883,910,2025-12-19
2111,1883,945,2026-04-02
2112,1883,1128,2026-03-20
2113,1883,1234,2025-02-16
2114,1883,1359,2025-06-17
2115,1884,146,2025-06-24
2116,1884,353,2025-10-29
2117,1884,513,2025-05-14
2118,1884,1131,2025-06-10
2119,1884,1426,2026-02-16
2120,1885,13,2025-12-04
2121,1885,28,2025-01-26
2122,1885,138,2025-02-26
2123,1885,294,2025-03-05
2124,1885,1248,2025-11-11
2125,1886,146,2025-03-11
2126,1886,319,2026-01-05
2127,1886,346,2025-11-03
2128,1886,827,2025-12-14
2129,1886,1166,2025-04-03
2130,1886,1430,2025-01-30
2131,1886,1484,2026-03-09
2132,1886,1487,2025-12-18
2133,1887,146,2026-02-04
2134,1887,1022,2025-09-02
2135,1887,1076,2025-07-04
2136,1887,1131,2025-05-07
2137,1887,1205,2025-12-23
2138,1888,76,2026-04-21
2139,1888,192,2025-07-15
2140,1888,232,2026-04-01
2141,1888,259,2025-12-22
2142,1888,535,2025-01-23
2143,1888,908,2025-06-29
2144,1888,963,2025-02-28
2145,1888,1016,2025-02-06
2146,1888,1164,2025-08-31
2147,1889,58,2025-02-10
2148,1889,720,2025-08-05
2149,1890,97,2025-12-16
2150,1890,542,2026-01-08
2151,1890,678,2025-02-01
2152,1890,680,2025-04-27
2153,1890,753,2026-03-03
2154,1890,1356,2025-11-02
2155,1891,15,2025-10-03
2156,1891,85,2026-01-21
2157,1891,827,2026-01-30
2158,1891,850,2025-10-12
2159,1891,1149,2026-02-18
2160,1891,1170,2025-07-22
2161,1892,147,2025-04-17
2162,1892,243,2025-08-04
2163,1892,679,2025-06-10
2164,1892,1134,2025-05-08
2165,1892,1201,2025-07-30
2166,1892,1205,2025-12-30
2167,1892,1364,2025-11-28
2168,1893,165,2025-03-06
2169,1893,196,2025-02-21
2170,1893,227,2025-09-21
2171,1893,495,2025-10-24
2172,1893,1004,2025-05-14
2173,1894,116,2025-06-17
2174,1894,214,2025-07-10
2175,1894,239,2025-11-03
2176,1894,284,2025-01-29
2177,1894,832,2025-07-14
2178,1894,881,2025-09-06
2179,1894,955,2025-01-04
2180,1894,1381,2025-01-26
2181,1894,1397,2025-01-13
2182,1895,138,2025-11-01
2183,1895,417,2025-12-02
2184,1895,979,2025-11-30
2185,1895,1251,2025-10-21
2186,1896,147,2025-06-04
2187,1896,357,2026-02-18
2188,1896,392,2025-03-11
2189,1896,449,2025-06-02
2190,1896,1040,2025-09-29
2191,1896,1369,2025-10-25
2192,1896,1491,2025-05-09
2193,1897,72,2025-04-02
2194,1897,75,2025-01-25
2195,1897,87,2025-05-31
2196,1897,175,2026-04-17
2197,1897,384,2025-07-12
2198,1897,405,2025-07-12
2199,1897,1014,2025-12-16
2200,1897,1210,2026-03-19
2201,1898,73,2025-05-21
2202,1898,81,2026-02-07
2203,1898,139,2026-04-08
2204,1898,165,2026-01-15
2205,1898,645,2026-03-18
2206,1898,676,2025-10-13
2207,1898,720,2025-11-11
2208,1898,811,2025-08-11
2209,1898,1004,2025-08-09
2210,1898,1400,2025-09-12
2211,1899,110,2025-07-30
2212,1899,191,2025-01-26
2213,1899,361,2025-06-17
2214,1899,734,2026-02-09
2215,1899,746,2025-08-12
2216,1899,923,2025-05-15
2217,1899,1117,2025-03-24
2218,1899,1240,2025-01-08
2219,1900,88,2026-02-24
2220,1900,169,2026-02-09
2221,1900,579,2026-04-22
2222,1900,592,2025-06-09
2223,1900,1095,2025-06-11
2224,1900,1115,2025-08-05
2225,1901,12,2026-03-19
2226,1901,58,2025-07-06
2227,1901,1217,2025-09-08
2228,1901,1234,2026-01-23
2229,1901,1359,2025-08-15
2230,1901,1478,2025-06-24
2231,1902,165,2025-10-03
2232,1902,357,2026-04-02
2233,1902,1393,2025-01-15
2234,1903,15,2025-10-20
2235,1903,175,2025-08-19
2236,1903,1100,2026-02-05
2237,1903,1377,2025-06-07
2238,1904,58,2026-01-29
2239,1904,307,2025-06-13
2240,1904,541,2025-04-24
2241,1904,585,2025-04-09
2242,1904,689,2026-02-05
2243,1904,807,2025-09-17
2244,1904,1406,2026-02-17
2245,1905,96,2025-11-08
2246,1905,550,2025-01-15
2247,1905,599,2025-08-06
2248,1905,937,2025-03-08
2249,1905,1065,2025-05-05
2250,1906,11,2026-03-15
2251,1906,102,2026-02-05
2252,1906,151,2025-07-09
2253,1906,159,2025-05-13
2254,1906,354,2026-02-14
2255,1906,734,2025-07-27
2256,1906,1308,2026-03-25
2257,1907,30,2025-07-15
2258,1907,56,2026-02-06
2259,1907,1129,2025-03-08
2260,1908,199,2026-03-14
2261,1908,1160,2025-11-21
2262,1908,1457,2025-04-05
2263,1909,11,2026-01-30
2264,1909,127,2025-08-03
2265,1909,542,2025-06-22
2266,1910,96,2025-12-25
2267,1910,182,2025-05-29
2268,1910,360,2025-01-28
2269,1910,758,2025-02-25
2270,1910,965,2025-07-23
2271,1910,1111,2025-11-20
2272,1910,1272,2025-06-21
2273,1911,31,2025-11-06
2274,1911,146,2025-11-08
2275,1911,255,2025-06-27
2276,1911,521,2025-04-28
2277,1911,722,2026-04-19
2278,1911,736,2025-01-28
2279,1911,1232,2025-01-05
2280,1912,125,2025-12-22
2281,1912,548,2026-04-23
2282,1912,827,2025-12-12
2283,1912,867,2025-08-06
2284,1913,37,2025-03-24
2285,1913,169,2026-03-15
2286,1913,231,2025-04-06
2287,1913,995,2025-03-02
2288,1913,999,2025-03-31
2289,1913,1393,2025-03-19
2290,1914,204,2025-05-31
2291,1914,850,2025-04-03
2292,1915,34,2026-01-26
2293,1915,299,2026-02-13
2294,1915,525,2025-08-20
2295,1915,628,2025-08-08
2296,1915,805,2026-03-28
2297,1915,1234,2025-09-02
2298,1915,1479,2025-12-22
2299,1916,13,2025-12-03
2300,1916,84,2025-08-31
2301,1916,337,2025-06-09
2302,1916,1143,2025-07-25
2303,1916,1151,2025-03-10
2304,1917,30,2026-01-27
2305,1917,204,2025-06-11
2306,1917,1352,2025-11-10
2307,1918,96,2025-02-04
2308,1918,575,2025-07-19
2309,1918,777,2025-01-15
2310,1918,1314,2025-02-23
2311,1918,1397,2025-02-10
2312,1919,96,2025-04-01
2313,1919,499,2025-05-24
2314,1919,627,2025-12-30
2315,1919,1071,2025-02-21
2316,1920,199,2025-02-17
2317,1920,277,2025-07-10
2318,1920,288,2026-04-12
2319,1920,480,2026-03-13
2320,1920,1028,2025-09-15
2321,1920,1166,2026-02-22
2322,1920,1384,2025-05-09
2323,1921,199,2025-10-01
2324,1921,370,2026-02-13
2325,1921,1288,2025-09-22
2326,1921,1305,2025-11-24
2327,1921,1348,2025-07-18
2328,1921,1395,2025-01-31
2329,1922,199,2025-01-04
2330,1922,325,2026-01-25
2331,1922,603,2026-04-09
2332,1922,1210,2025-10-02
2333,1922,1396,2025-01-08
2334,1922,1485,2025-02-25
2335,1922,1497,2025-08-31
2336,1923,1,2025-10-29
2337,1923,122,2025-09-22
2338,1923,175,2025-07-22
2339,1923,182,2025-09-04
2340,1923,441,2025-12-31
2341,1923,1083,2025-09-11
2342,1923,1370,2025-10-14
2343,1924,192,2025-03-07
2344,1924,656,2025-04-11
2345,1925,37,2026-03-24
2346,1925,78,2025-02-10
2347,1925,299,2025-03-30
2348,1925,602,2025-10-23
2349,1925,971,2025-11-01
2350,1925,1050,2026-03-28
2351,1925,1258,2026-04-28
2352,1926,82,2025-07-03
2353,1926,196,2025-08-16
2354,1926,283,2026-04-22
2355,1926,331,2026-02-07
2356,1926,702,2026-04-05
2357,1926,1179,2025-01-07
2358,1926,1452,2026-04-22
2359,1927,123,2026-02-15
2360,1927,384,2025-05-20
2361,1927,635,2025-08-17
2362,1927,759,2025-03-11
2363,1927,784,2026-01-03
2364,1927,880,2025-07-29
2365,1927,1023,2026-02-10
2366,1927,1407,2025-05-15
2367,1928,37,2026-03-13
2368,1928,111,2025-03-26
2369,1928,399,2025-11-23
2370,1928,431,2026-02-20
2371,1928,659,2025-08-06
2372,1928,999,2025-02-08
2373,1928,1186,2025-03-17
2374,1928,1434,2026-01-09
2375,1929,192,2025-02-26
2376,1929,832,2026-04-16
2377,1929,955,2025-03-26
2378,1929,1166,2025-01-28
2379,1929,1169,2025-04-15
2380,1929,1290,2025-09-28
2381,1930,199,2025-05-09
2382,1930,916,2025-04-28
2383,1930,1085,2026-01-12
2384,1930,1147,2026-01-24
2385,1930,1165,2026-03-29
2386,1930,1238,2025-09-03
2387,1931,146,2025-06-25
2388,1931,377,2025-04-27
2389,1931,584,2025-08-09
2390,1931,711,2025-06-27
2391,1931,1095,2025-12-23
2392,1931,1402,2025-10-29
2393,1932,204,2026-01-09
2394,1932,357,2025-07-17
2395,1932,512,2026-03-20
2396,1932,700,2026-01-21
2397,1932,791,2025-09-30
2398,1933,204,2025-01-25
2399,1933,1021,2025-08-25
2400,1934,116,2025-10-11
2401,1934,292,2025-06-29
2402,1934,1255,2026-02-24
2403,1935,58,2025-11-22
2404,1935,331,2025-03-28
2405,1935,702,2025-07-08
2406,1935,836,2025-05-16
2407,1935,1484,2026-05-01
2408,1936,56,2025-09-21
2409,1936,114,2025-03-31
2410,1936,504,2025-06-08
2411,1936,769,2025-03-07
2412,1936,979,2025-03-05
2413,1936,1197,2025-12-10
2414,1937,175,2025-10-13
2415,1937,199,2025-12-22
2416,1937,304,2026-01-20
2417,1937,575,2025-04-30
2418,1937,879,2025-09-15
2419,1938,58,2025-06-16
2420,1938,153,2026-03-26
2421,1938,542,2025-05-10
2422,1938,736,2025-07-05
2423,1939,13,2026-02-13
2424,1939,683,2026-01-21
2425,1939,700,2025-05-18
2426,1939,1089,2025-01-25
2427,1940,1,2025-01-17
2428,1940,169,2025-12-13
2429,1940,567,2026-04-29
2430,1940,1465,2025-08-08
2431,1941,13,2025-05-11
2432,1941,38,2025-06-06
2433,1941,548,2025-12-01
2434,1941,773,2025-07-08
2435,1941,1234,2025-05-27
2436,1941,1393,2025-11-30
2437,1942,34,2025-08-28
2438,1942,561,2025-06-23
2439,1942,715,2026-01-14
2440,1942,863,2025-03-16
2441,1942,1475,2026-03-22
2442,1943,165,2025-04-11
2443,1943,556,2026-03-09
2444,1943,976,2026-03-27
2445,1943,1027,2025-02-09
2446,1943,1045,2025-02-27
2447,1944,165,2025-03-13
2448,1944,379,2026-04-29
2449,1944,827,2025-04-10
2450,1944,895,2025-03-20
2451,1944,961,2026-04-24
2452,1944,1131,2026-01-01
2453,1944,1351,2025-08-18
2454,1945,37,2025-05-27
2455,1945,174,2026-01-30
2456,1945,281,2025-10-03
2457,1945,362,2025-11-11
2458,1945,487,2026-01-27
2459,1945,891,2026-01-13
2460,1945,1321,2026-01-10
2461,1946,97,2025-09-09
2462,1946,207,2025-12-16
2463,1946,957,2026-04-27
2464,1946,1129,2025-11-14
2465,1946,1497,2026-01-11
2466,1947,169,2026-02-22
2467,1947,655,2025-02-13
2468,1947,1317,2025-08-19
2469,1947,1415,2025-08-13
2470,1948,11,2026-04-07
2471,1948,159,2026-02-01
2472,1948,229,2025-07-23
2473,1948,337,2026-01-27
2474,1948,401,2025-04-16
2475,1948,407,2025-05-05
2476,1948,674,2025-12-07
2477,1948,833,2025-05-31
2478,1948,867,2025-11-27
2479,1949,90,2025-11-25
2480,1949,165,2025-12-14
2481,1949,213,2026-01-16
2482,1949,468,2025-03-27
2483,1949,739,2025-09-08
2484,1949,1004,2025-03-28
2485,1950,116,2025-01-16
2486,1950,257,2025-04-09
2487,1950,549,2026-03-21
2488,1950,643,2026-03-03
2489,1950,753,2025-10-12
2490,1950,769,2025-10-03
2491,1950,1033,2025-07-14
2492,1951,96,2025-12-17
2493,1951,114,2025-03-28
2494,1951,519,2026-02-24
2495,1951,549,2025-02-07
2496,1951,714,2026-04-05
2497,1951,999,2025-09-01
2498,1952,13,2025-07-01
2499,1952,79,2026-01-01
2500,1952,920,2025-01-07
2501,1952,1129,2025-12-02
2502,1952,1257,2025-10-05
2503,1953,165,2025-02-01
2504,1953,589,2026-02-15
2505,1953,830,2026-03-10
2506,1953,1461,2025-02-04
2507,1954,34,2025-11-07
2508,1954,342,2026-02-06
2509,1954,381,2025-07-18
2510,1954,432,2025-05-07
2511,1954,1169,2026-02-28
2512,1954,1277,2025-01-22
2513,1954,1351,2025-05-11
2514,1955,163,2025-06-18
2515,1955,307,2026-01-01
2516,1955,313,2025-11-22
2517,1955,967,2025-04-10
2518,1955,1118,2025-01-17
2519,1955,1250,2025-07-17
2520,1955,1370,2025-11-08
2521,1955,1388,2026-02-10
2522,1956,108,2025-04-28
2523,1956,147,2025-06-16
2524,1956,436,2026-01-04
2525,1956,808,2025-10-07
2526,1956,889,2025-09-15
2527,1956,970,2026-03-01
2528,1956,1162,2025-03-16
2529,1956,1238,2025-05-17
2530,1957,15,2025-11-16
2531,1957,39,2026-04-03
2532,1957,163,2025-04-28
2533,1957,357,2025-06-19
2534,1957,389,2026-03-11
2535,1957,478,2025-04-28
2536,1957,932,2026-03-28
2537,1957,1093,2025-06-06
2538,1958,38,2025-01-07
2539,1958,138,2025-01-19
2540,1958,175,2026-03-16
2541,1958,186,2026-04-17
2542,1958,367,2026-03-18
2543,1958,513,2025-12-25
2544,1958,620,2026-02-08
2545,1958,817,2025-11-21
2546,1959,192,2026-01-15
2547,1959,824,2025-02-23
2548,1959,936,2025-09-21
2549,1959,1126,2025-02-05
2550,1959,1263,2026-01-02
2551,1960,107,2026-03-23
2552,1960,149,2025-07-22
2553,1960,212,2025-08-14
2554,1960,734,2025-08-31
2555,1960,1152,2025-09-16
2556,1960,1303,2025-05-27
2557,1960,1450,2025-09-21
2558,1961,199,2026-04-09
2559,1961,262,2025-02-04
2560,1961,395,2026-03-08
2561,1961,589,2025-08-06
2562,1962,38,2025-06-26
2563,1962,86,2025-03-30
2564,1962,117,2025-05-23
2565,1962,177,2025-05-11
2566,1962,191,2025-05-11
2567,1962,1075,2026-04-15
2568,1962,1423,2025-12-10
2569,1962,1452,2025-07-04
2570,1963,11,2025-05-14
2571,1963,62,2025-05-15
2572,1963,342,2025-08-07
2573,1963,698,2025-01-28
2574,1963,1284,2026-02-27
2575,1963,1399,2025-09-30
2576,1964,37,2025-04-18
2577,1964,125,2026-02-24
2578,1964,1047,2025-10-01
2579,1965,96,2026-03-27
2580,1965,278,2025-07-05
2581,1965,576,2025-12-19
2582,1965,925,2025-02-03
2583,1966,37,2025-09-01
2584,1966,230,2025-11-05
2585,1966,535,2025-11-14
2586,1966,637,2025-04-22
2587,1966,802,2025-08-19
2588,1966,1251,2025-12-27
2589,1967,15,2026-02-06
2590,1967,973,2025-10-10
2591,1967,984,2025-02-24
2592,1967,1273,2025-01-08
2593,1968,58,2025-11-25
2594,1968,550,2025-12-18
2595,1969,15,2025-11-30
2596,1969,237,2026-01-22
2597,1969,296,2026-04-12
2598,1969,602,2026-02-14
2599,1969,999,2026-01-07
2600,1969,1295,2025-12-09
2601,1969,1453,2025-06-14
2602,1970,11,2025-05-04
2603,1970,309,2025-11-26
2604,1970,609,2025-11-02
2605,1970,922,2025-03-05
2606,1970,1258,2025-03-17
2607,1971,147,2025-10-02
2608,1971,213,2025-08-22
2609,1971,283,2025-09-15
2610,1971,1266,2025-09-20
2611,1972,192,2025-12-05
2612,1972,329,2025-05-11
2613,1972,514,2026-03-24
2614,1972,734,2025-10-03
2615,1972,923,2026-01-12
2616,1973,192,2025-07-17
2617,1973,283,2026-02-16
2618,1973,535,2025-11-15
2619,1973,620,2025-10-18
2620,1973,1022,2025-10-24
2621,1973,1397,2025-08-06
2622,1973,1423,2025-10-28
2623,1974,116,2025-09-28
2624,1974,751,2025-09-21
2625,1974,1238,2026-02-02
2626,1975,37,2025-03-21
2627,1975,243,2026-03-30
2628,1975,361,2026-03-31
2629,1975,496,2026-01-27
2630,1975,734,2025-12-20
2631,1975,923,2025-11-03
2632,1975,960,2025-02-01
2633,1975,1178,2025-06-06
2634,1975,1237,2025-06-11
2635,1976,175,2025-09-04
2636,1976,389,2025-10-24
2637,1977,38,2025-12-26
2638,1977,88,2025-03-10
2639,1977,106,2026-03-05
2640,1977,207,2025-09-03
2641,1977,321,2025-02-23
2642,1977,595,2025-05-21
2643,1977,877,2026-03-06
2644,1978,81,2025-08-19
2645,1978,138,2025-12-15
2646,1978,245,2025-03-12
2647,1978,1083,2025-05-10
2648,1978,1132,2025-07-12
2649,1979,149,2025-04-30
2650,1979,175,2025-01-19
2651,1979,575,2026-02-19
2652,1979,793,2025-02-15
2653,1979,1041,2026-03-18
2654,1979,1397,2026-01-09
2655,1979,1428,2025-11-03
2656,1980,37,2025-10-04
2657,1980,755,2026-01-18
2658,1980,1072,2025-07-15
2659,1981,13,2025-12-30
2660,1981,175,2025-05-10
2661,1981,944,2025-03-31
2662,1981,1067,2025-05-18
2663,1981,1248,2025-03-09
2664,1982,138,2026-04-09
2665,1982,489,2025-04-15
2666,1982,892,2026-03-02
2667,1982,1334,2025-10-13
2668,1983,165,2025-11-29
2669,1983,292,2025-04-26
2670,1983,573,2025-10-31
2671,1983,700,2025-08-19
2672,1983,1434,2025-03-25
2673,1984,72,2025-09-24
2674,1984,79,2025-05-01
2675,1984,82,2025-05-02
2676,1984,167,2025-10-18
2677,1984,1022,2026-02-10
2678,1984,1099,2025-02-22
2679,1984,1402,2025-03-19
2680,1984,1488,2025-02-27
2681,1985,125,2025-11-27
2682,1985,631,2025-12-04
2683,1985,637,2025-10-09
2684,1985,889,2025-09-13
2685,1985,1188,2025-01-16
2686,1985,1363,2025-07-20
2687,1986,116,2026-04-17
2688,1986,328,2026-02-23
2689,1986,1082,2025-03-22
2690,1986,1091,2026-04-29
2691,1986,1215,2026-03-28
2692,1986,1494,2025-10-18
2693,1987,164,2025-04-18
2694,1987,169,2025-03-30
2695,1987,981,2025-09-22
2696,1988,93,2026-03-20
2697,1988,690,2025-09-21
2698,1988,704,2026-04-19
2699,1989,118,2025-01-26
2700,1989,123,2025-12-31
2701,1989,796,2025-10-23
2702,1989,816,2025-10-13
2703,1989,1463,2026-04-19
2704,1990,191,2025-04-19
2705,1990,605,2025-03-27
2706,1991,156,2025-03-16
2707,1991,163,2025-03-04
2708,1991,447,2025-01-23
2709,1991,460,2026-02-22
2710,1991,520,2025-03-01
2711,1991,547,2025-01-08
2712,1991,1134,2025-04-05
2713,1991,1280,2025-04-28
2714,1991,1485,2025-03-31
2715,1991,1498,2026-04-01
2716,1992,165,2025-01-02
2717,1992,996,2025-01-09
2718,1992,1090,2025-02-02
2719,1992,1263,2025-12-21
2720,1992,1312,2025-09-25
2721,1993,11,2025-07-17
2722,1993,215,2025-08-25
2723,1993,245,2025-08-11
2724,1993,1002,2025-07-14
2725,1993,1128,2025-02-28
2726,1993,1156,2025-01-24
2727,1993,1304,2026-04-11
2728,1994,82,2025-01-16
2729,1994,250,2025-09-18
2730,1994,432,2026-03-07
2731,1994,575,2025-11-20
2732,1994,955,2025-11-02
2733,1995,34,2025-12-10
2734,1995,468,2026-03-21
2735,1995,496,2025-10-13
2736,1995,827,2026-04-16
2737,1995,858,2026-02-15
2738,1995,912,2025-12-13
2739,1996,37,2025-09-04
2740,1996,50,2026-01-02
2741,1996,425,2025-07-17
2742,1996,882,2025-03-04
2743,1996,996,2025-01-06
2744,1997,13,2025-10-08
2745,1997,201,2025-02-12
2746,1997,668,2026-02-23
2747,1998,203,2025-06-01
2748,1998,583,2025-04-07
2749,1998,675,2025-07-10
2750,1998,952,2025-07-16
2751,1998,1198,2026-02-12
2752,1998,1453,2025-02-17
2753,1999,128,2025-05-28
2754,1999,156,2025-02-01
2755,1999,334,2026-04-15
2756,1999,341,2026-01-06
2757,1999,840,2025-05-01
2758,1999,1083,2026-04-05
2759,2000,13,2025-10-11
2760,2000,116,2025-05-29
2761,2000,153,2026-04-21
2762,2000,199,2025-06-13
2763,2001,149,2025-11-29
2764,2001,297,2025-05-05
2765,2001,809,2025-11-25
2766,2001,986,2026-04-29
2767,2002,175,2025-02-13
2768,2002,211,2025-10-29
2769,2002,785,2025-09-19
2770,2002,834,2026-01-22
2771,2002,1228,2025-01-25
2772,2002,1345,2026-02-07
2773,2002,1428,2025-09-05
2774,2003,13,2025-05-22
2775,2003,56,2025-08-04
2776,2003,905,2026-02-05
2777,2003,949,2026-01-20
2778,2003,1196,2026-01-28
2779,2003,1248,2026-03-15
2780,2003,1320,2025-10-09
2781,2004,138,2025-11-25
2782,2004,483,2025-03-12
2783,2004,741,2025-04-10
2784,2004,1255,2025-06-11
2785,2005,38,2025-06-08
2786,2005,262,2025-07-29
2787,2005,769,2026-03-20
2788,2005,1454,2025-10-29
2789,2006,11,2025-06-11
2790,2006,637,2026-03-03
2791,2006,807,2025-12-13
2792,2006,1062,2026-02-09
2793,2006,1214,2025-02-20
2794,2006,1487,2025-01-18
2795,2006,1498,2025-01-02
2796,2007,13,2025-04-12
2797,2007,116,2026-01-11
2798,2007,602,2026-01-31
2799,2007,1153,2025-01-09
2800,2007,1234,2025-08-23
2801,2008,27,2026-03-04
2802,2008,108,2026-01-20
2803,2008,192,2025-07-26
2804,2008,208,2026-04-14
2805,2008,402,2025-04-04
2806,2008,851,2025-01-02
2807,2009,76,2025-07-09
2808,2009,116,2026-02-23
2809,2009,447,2026-02-22
2810,2009,517,2025-05-23
2811,2009,548,2026-04-29
2812,2009,953,2025-06-18
2813,2009,1139,2026-01-16
2814,2010,163,2025-10-29
2815,2010,229,2025-07-14
2816,2010,489,2025-08-13
2817,2010,772,2026-03-04
2818,2011,196,2025-02-08
2819,2011,203,2025-06-19
2820,2011,824,2025-01-11
2821,2011,1202,2026-04-08
2822,2012,123,2025-12-19
2823,2012,610,2025-01-24
2824,2013,146,2025-08-12
2825,2013,942,2025-08-10
2826,2013,1069,2026-04-05
2827,2013,1190,2025-12-09
2828,2013,1351,2025-07-19
2829,2013,1461,2025-08-05
2830,2014,109,2025-05-18
2831,2014,165,2025-02-17
2832,2014,357,2025-02-07
2833,2014,1322,2025-01-07
2834,2015,62,2026-04-09
2835,2015,192,2025-11-28
2836,2015,400,2025-07-21
2837,2016,81,2026-04-15
2838,2016,666,2025-07-09
2839,2016,745,2025-06-03
2840,2016,826,2026-03-21
2841,2017,14,2025-02-14
2842,2017,204,2025-12-29
2843,2017,403,2025-02-16
2844,2017,420,2025-12-27
2845,2017,930,2026-03-07
2846,2017,1305,2026-04-02
2847,2018,70,2026-04-28
2848,2018,75,2025-04-26
2849,2018,96,2025-05-25
2850,2018,149,2025-01-01
2851,2018,194,2026-02-18
2852,2018,351,2025-08-17
2853,2018,712,2025-10-05
2854,2018,949,2025-06-15
2855,2018,1222,2025-02-21
2856,2019,120,2025-07-24
2857,2019,138,2025-11-11
2858,2019,292,2026-02-23
2859,2019,347,2026-04-18
2860,2019,999,2026-04-15
2861,2019,1070,2025-10-30
2862,2019,1140,2025-05-18
2863,2019,1248,2026-01-31
2864,2020,82,2025-11-13
2865,2020,111,2025-08-29
2866,2020,190,2025-01-22
2867,2020,570,2025-09-25
2868,2020,791,2025-11-11
2869,2020,899,2025-01-08
2870,2020,919,2025-07-08
2871,2020,1095,2026-01-31
2872,2021,165,2025-10-15
2873,2021,841,2026-01-25
2874,2021,1045,2025-04-10
2875,2021,1060,2025-08-09
2876,2022,28,2025-08-03
2877,2022,58,2025-10-08
2878,2022,466,2025-04-14
2879,2022,750,2025-05-31
2880,2022,996,2025-10-11
2881,2023,116,2025-03-14
2882,2023,791,2025-07-13
2883,2023,877,2025-10-01
2884,2023,1368,2026-01-07
2885,2023,1402,2025-10-18
2886,2024,204,2025-10-17
2887,2024,684,2025-11-15
2888,2024,1217,2025-07-27
2889,2024,1224,2025-03-23
2890,2025,38,2025-07-18
2891,2025,95,2025-11-07
2892,2025,991,2025-08-24
2893,2026,34,2026-02-06
2894,2026,82,2025-01-08
2895,2026,320,2025-09-28
2896,2026,662,2025-04-30
2897,2026,1150,2025-10-04
2898,2026,1216,2025-08-10
2899,2027,15,2025-10-13
2900,2027,258,2025-10-12
2901,2027,301,2025-09-24
2902,2027,777,2026-04-05
2903,2027,785,2025-11-22
2904,2027,1482,2025-10-17
2905,2028,138,2025-03-02
2906,2028,794,2025-08-30
2907,2028,1177,2025-09-28
2908,2028,1358,2025-12-16
2909,2029,97,2025-12-05
2910,2029,351,2025-11-25
2911,2029,583,2025-09-06
2912,2029,875,2026-02-05
2913,2029,1442,2025-11-11
2914,2030,37,2025-02-07
2915,2030,132,2025-07-06
2916,2030,260,2025-01-16
2917,2030,680,2025-07-09
2918,2030,926,2026-02-16
2919,2030,1239,2025-10-30
2920,2030,1322,2025-08-08
2921,2031,169,2025-04-03
2922,2031,458,2025-07-05
2923,2031,574,2025-08-21
2924,2031,588,2026-03-09
2925,2031,845,2025-02-09
2926,2031,1430,2025-10-19
2927,2032,56,2025-08-21
2928,2032,293,2026-04-05
2929,2032,758,2025-07-13
2930,2032,1498,2025-01-12
2931,2033,97,2025-12-21
2932,2033,239,2025-11-01
2933,2033,620,2025-05-02
2934,2033,1359,2025-03-06
2935,2034,149,2025-01-12
2936,2034,336,2026-04-28
2937,2034,607,2025-02-14
2938,2034,899,2025-03-09
2939,2034,1188,2025-08-09
2940,2034,1490,2026-03-28
2941,2035,13,2025-12-26
2942,2035,463,2026-01-27
2943,2035,755,2025-07-03
2944,2036,58,2025-08-21
2945,2036,137,2026-03-11
2946,2036,394,2025-11-20
2947,2036,467,2025-09-25
2948,2036,671,2025-10-23
2949,2036,1279,2025-10-14
2950,2036,1294,2026-03-02
2951,2037,97,2026-03-23
2952,2037,326,2025-04-06
2953,2037,453,2025-07-14
2954,2037,1374,2025-01-08
2955,2037,1428,2025-06-04
2956,2038,38,2025-02-10
2957,2038,325,2025-10-11
2958,2038,492,2026-03-14
2959,2038,553,2025-01-03
2960,2039,192,2026-01-25
2961,2039,281,2026-04-29
2962,2039,491,2026-04-05
2963,2039,639,2025-10-20
2964,2039,721,2025-07-08
2965,2040,15,2026-04-24
2966,2040,175,2025-03-13
2967,2040,776,2026-04-27
2968,2041,32,2025-02-07
2969,2041,109,2026-02-06
2970,2041,120,2025-08-25
2971,2041,146,2025-07-04
2972,2041,374,2025-06-21
2973,2041,796,2025-09-19
2974,2041,905,2025-06-10
2975,2041,999,2025-03-02
2976,2041,1018,2025-08-24
2977,2042,149,2025-09-07
2978,2042,970,2025-08-22
2979,2042,1117,2025-05-29
2980,2042,1362,2025-12-28
2981,2043,45,2025-02-16
2982,2043,192,2025-12-10
2983,2043,728,2026-01-18
2984,2043,958,2025-03-12
2985,2043,1055,2025-09-07
2986,2043,1056,2025-06-01
2987,2044,15,2025-07-17
2988,2044,232,2025-11-05
2989,2044,1144,2025-04-05
2990,2045,192,2026-02-06
2991,2045,447,2025-02-08
2992,2045,789,2025-02-19
2993,2045,967,2025-10-05
2994,2046,165,2025-12-11
2995,2046,1095,2026-02-13
2996,2046,1437,2026-03-04
2997,2046,1482,2025-11-27
2998,2047,79,2025-10-10
2999,2047,123,2025-03-16
3000,2047,761,2025-05-24
3001,2047,1402,2025-02-17
3002,2047,1488,2025-11-08
3003,2048,125,2025-12-31
3004,2048,302,2025-10-31
3005,2048,656,2025-07-26
3006,2048,828,2026-04-27
3007,2048,1233,2025-03-12
3008,2048,1453,2025-08-12
3009,2049,34,2025-05-17
3010,2049,96,2025-04-01
3011,2049,119,2025-03-25
3012,2049,257,2025-03-14
3013,2049,385,2025-11-05
3014,2049,619,2026-04-28
3015,2050,52,2025-09-02
3016,2050,156,2025-06-21
3017,2050,365,2025-09-20
3018,2050,716,2025-10-28
3019,2050,775,2025-02-08
3020,2050,1461,2025-08-19
3021,2051,152,2025-01-28
3022,2051,156,2026-02-20
3023,2051,659,2025-12-29
3024,2051,843,2026-03-28
3025,2051,1341,2026-04-13
3026,2051,1360,2026-03-29
3027,2052,97,2025-05-16
3028,2052,193,2026-01-05
3029,2052,658,2026-01-10
3030,2052,795,2025-07-07
3031,2052,830,2025-05-17
3032,2052,1378,2026-04-15
3033,2053,192,2025-03-09
3034,2053,226,2025-02-23
3035,2053,524,2026-02-26
3036,2053,1279,2025-10-11
3037,2054,97,2025-06-27
3038,2054,384,2025-12-15
3039,2054,696,2025-05-31
3040,2054,919,2025-07-10
3041,2054,986,2025-09-06
3042,2054,1403,2026-03-03
3043,2054,1407,2026-03-04
3044,2055,38,2025-01-24
3045,2055,281,2025-06-13
3046,2055,879,2025-08-11
3047,2055,918,2026-02-04
3048,2056,13,2025-09-16
3049,2056,109,2025-03-06
3050,2056,357,2025-01-02
3051,2056,453,2026-03-09
3052,2056,481,2025-10-23
3053,2056,506,2025-03-14
3054,2056,726,2025-03-06
3055,2056,781,2026-03-09
3056,2056,1093,2026-03-22
3057,2057,2,2025-07-07
3058,2057,173,2025-09-12
3059,2057,191,2026-03-02
3060,2057,309,2025-01-01
3061,2057,376,2025-12-30
3062,2057,1278,2025-10-22
3063,2058,96,2025-01-10
3064,2058,366,2026-04-26
3065,2058,829,2026-01-11
3066,2058,948,2025-01-26
3067,2058,1043,2025-02-02
3068,2058,1151,2025-11-20
3069,2058,1208,2025-07-24
3070,2058,1478,2025-04-23
3071,2059,156,2026-04-19
3072,2059,458,2025-12-27
3073,2059,771,2026-04-06
3074,2060,116,2025-06-25
3075,2060,323,2025-07-29
3076,2060,835,2025-05-21
3077,2060,1399,2025-01-28
3078,2061,40,2025-08-24
3079,2061,56,2025-03-29
3080,2061,132,2025-04-19
3081,2061,141,2026-02-28
3082,2061,231,2025-03-11
3083,2061,583,2025-05-23
3084,2062,27,2026-03-10
3085,2062,81,2026-03-19
3086,2062,383,2025-08-29
3087,2062,596,2025-04-01
3088,2062,1048,2025-09-15
3089,2063,34,2025-03-25
3090,2063,388,2026-04-16
3091,2063,962,2025-10-14
3092,2063,1378,2025-11-09
3093,2063,1426,2025-06-17
3094,2064,34,2026-03-31
3095,2064,134,2026-01-05
3096,2064,664,2026-03-30
3097,2064,1035,2026-02-08
3098,2064,1080,2025-05-24
3099,2065,15,2025-01-03
3100,2065,69,2025-01-30
3101,2065,237,2025-02-15
3102,2065,302,2025-09-06
3103,2065,757,2025-09-24
3104,2065,796,2025-11-30
3105,2065,1377,2026-04-30
3106,2066,96,2026-04-13
3107,2066,951,2026-02-23
3108,2066,1024,2025-09-22
3109,2066,1197,2025-04-04
3110,2067,149,2025-03-24
3111,2067,1223,2025-12-19
3112,2067,1492,2025-05-15
3113,2068,175,2026-01-03
3114,2068,362,2025-08-20
3115,2068,692,2025-05-04
3116,2068,1045,2025-02-16
3117,2068,1249,2025-03-11
3118,2068,1347,2025-08-03
3119,2068,1365,2025-02-07
3120,2069,199,2025-07-19
3121,2069,829,2026-04-28
3122,2069,1250,2026-04-24
3123,2070,93,2025-10-05
3124,2070,557,2026-04-19
3125,2070,680,2026-04-22
3126,2070,757,2026-02-11
3127,2070,976,2026-01-31
3128,2071,11,2025-07-11
3129,2071,271,2025-01-04
3130,2071,419,2025-09-04
3131,2071,657,2025-02-03
3132,2071,671,2025-01-31
3133,2071,732,2026-02-07
3134,2071,1374,2025-06-29
3135,2071,1400,2026-04-28
3136,2072,58,2025-10-15
3137,2072,181,2025-11-25
3138,2072,246,2025-12-24
3139,2072,422,2026-01-21
3140,2072,483,2026-05-01
3141,2072,1058,2025-01-31
3142,2072,1175,2025-02-16
3143,2072,1206,2025-03-01
3144,2073,82,2025-10-22
3145,2073,371,2025-07-10
3146,2073,452,2025-01-01
3147,2073,670,2025-11-09
3148,2074,38,2025-04-02
3149,2074,124,2026-03-09
3150,2074,311,2025-08-26
3151,2074,1276,2026-03-30
3152,2075,146,2026-02-18
3153,2075,245,2025-02-25
3154,2075,295,2026-02-22
3155,2075,515,2025-12-03
3156,2075,827,2025-02-14
3157,2075,865,2025-06-11
3158,2075,1424,2025-04-06
3159,2076,34,2025-08-07
3160,2076,134,2025-02-11
3161,2076,140,2026-01-18
3162,2076,190,2026-03-27
3163,2076,195,2025-01-23
3164,2076,823,2026-01-16
3165,2076,1210,2025-07-05
3166,2077,15,2025-04-27
3167,2077,239,2026-04-30
3168,2077,581,2026-02-23
3169,2077,811,2026-03-18
3170,2077,1013,2026-02-11
3171,2077,1169,2025-08-14
3172,2077,1258,2025-01-28
3173,2077,1264,2026-02-25
3174,2077,1294,2025-10-19
3175,2078,56,2025-03-11
3176,2078,197,2025-04-13
3177,2078,990,2025-01-23
3178,2078,1107,2025-01-17
3179,2078,1294,2025-08-25
3180,2079,149,2025-02-06
3181,2079,682,2026-02-19
3182,2080,11,2025-08-09
3183,2080,331,2025-10-31
3184,2080,482,2025-06-10
3185,2080,491,2025-12-15
3186,2080,1022,2025-01-08
3187,2080,1085,2025-01-03
3188,2080,1374,2025-09-05
3189,2081,175,2025-05-12
3190,2081,1080,2026-04-09
3191,2081,1149,2025-12-25
3192,2081,1227,2026-03-01
3193,2082,204,2025-12-01
3194,2082,351,2025-02-14
3195,2082,498,2026-03-26
3196,2082,726,2025-09-16
3197,2082,790,2025-10-21
3198,2082,847,2026-02-07
3199,2083,34,2025-06-09
3200,2083,82,2025-10-15
3201,2083,200,2025-12-31
3202,2083,651,2025-06-17
3203,2083,956,2025-12-24
3204,2083,1092,2025-05-31
3205,2084,56,2025-04-27
3206,2084,93,2026-02-20
3207,2084,1131,2025-11-27
3208,2084,1460,2025-03-14
3209,2085,146,2026-02-13
3210,2085,1038,2025-10-18
3211,2086,56,2025-09-25
3212,2086,1113,2025-08-28
3213,2086,1114,2025-07-31
3214,2086,1300,2025-10-31
3215,2087,51,2025-10-12
3216,2087,156,2025-10-21
3217,2087,1078,2025-04-20
3218,2088,85,2026-03-19
3219,2088,204,2026-03-16
3220,2088,213,2025-07-31
3221,2088,553,2025-06-26
3222,2088,622,2025-03-09
3223,2088,775,2025-11-01
3224,2088,866,2025-05-12
3225,2089,13,2025-05-23
3226,2089,791,2025-08-30
3227,2089,1291,2026-01-28
3228,2089,1403,2025-03-01
3229,2090,58,2025-07-31
3230,2090,88,2026-03-05
3231,2090,109,2026-01-11
3232,2090,233,2025-02-15
3233,2090,292,2025-11-16
3234,2090,504,2026-02-11
3235,2090,1139,2026-01-05
3236,2090,1392,2025-09-21
3237,2091,81,2026-04-19
3238,2091,118,2025-03-14
3239,2091,695,2025-08-31
3240,2091,1106,2025-04-14
3241,2091,1152,2026-02-17
3242,2092,15,2025-06-09
3243,2092,302,2026-02-20
3244,2092,540,2025-10-03
3245,2092,996,2025-02-12
3246,2092,1213,2025-04-20
3247,2093,147,2026-04-07
3248,2093,277,2026-01-30
3249,2093,552,2026-01-07
3250,2093,622,2026-02-01
3251,2093,1048,2025-02-06
3252,2093,1158,2025-01-19
3253,2094,147,2025-05-13
3254,2094,405,2025-06-20
3255,2094,664,2025-01-24
3256,2094,797,2025-03-20
3257,2094,1035,2025-06-30
3258,2095,13,2026-02-01
3259,2095,1187,2025-10-15
3260,2095,1227,2025-12-06
3261,2095,1339,2025-11-09
3262,2095,1387,2025-07-26
3263,2096,26,2025-04-24
3264,2096,140,2025-12-17
3265,2096,147,2025-04-04
3266,2096,326,2025-02-05
3267,2096,556,2025-08-28
3268,2096,620,2026-04-02
3269,2096,777,2025-06-01
3270,2096,892,2025-04-20
3271,2097,191,2026-03-28
3272,2097,282,2026-02-06
3273,2097,839,2026-02-09
3274,2097,873,2026-01-08
3275,2097,935,2025-07-04
3276,2097,1089,2025-08-13
3277,2097,1407,2025-05-12
3278,2098,125,2025-09-26
3279,2098,347,2026-01-27
3280,2098,424,2026-03-28
3281,2098,617,2026-02-26
3282,2098,673,2025-05-04
3283,2098,701,2025-06-22
3284,2098,834,2026-03-23
3285,2098,1467,2026-04-16
3286,2099,13,2025-03-19
3287,2099,123,2025-08-04
3288,2099,559,2025-09-29
3289,2099,698,2025-01-31
3290,2099,724,2025-07-27
3291,2099,1029,2026-03-18
3292,2099,1367,2025-05-20
3293,2099,1405,2025-10-07
3294,2100,13,2025-08-11
3295,2100,1045,2025-01-20
3296,2100,1247,2026-01-17
3297,2100,1465,2025-08-08
3298,2100,1482,2025-08-18
3299,2101,93,2025-04-10
3300,2101,294,2025-10-29
3301,2101,397,2025-10-08
3302,2101,890,2025-04-23
3303,2101,1230,2026-01-03
3304,2101,1413,2025-05-09
3305,2102,15,2026-04-02
3306,2102,305,2025-06-03
3307,2102,795,2026-04-22
3308,2102,1096,2025-10-05
3309,2102,1159,2025-09-15
3310,2102,1266,2025-04-10
3311,2103,82,2025-10-08
3312,2103,397,2025-06-05
3313,2103,798,2025-04-01
3314,2104,11,2025-06-12
3315,2104,258,2026-02-14
3316,2104,403,2025-04-27
3317,2104,451,2025-07-15
3318,2104,472,2026-04-17
3319,2104,616,2026-02-13
3320,2104,1017,2026-04-10
3321,2105,47,2025-11-19
3322,2105,96,2026-03-12
3323,2105,221,2025-06-02
3324,2105,230,2025-07-27
3325,2105,411,2026-04-14
3326,2105,547,2025-03-12
3327,2105,1366,2025-10-04
3328,2105,1378,2025-01-25
3329,2105,1493,2025-06-19
3330,2106,84,2025-06-21
3331,2106,131,2025-01-28
3332,2106,156,2025-08-17
3333,2106,191,2026-02-22
3334,2106,407,2025-08-16
3335,2106,413,2026-04-20
3336,2106,681,2025-05-22
3337,2106,1175,2025-12-27
3338,2106,1280,2025-01-26
3339,2107,58,2025-07-21
3340,2107,82,2025-07-04
3341,2107,87,2025-08-18
3342,2107,136,2025-11-14
3343,2107,1069,2025-06-21
3344,2108,38,2025-06-30
3345,2108,116,2025-02-10
3346,2108,175,2025-07-06
3347,2108,223,2025-07-23
3348,2108,704,2025-03-23
3349,2108,1100,2025-04-16
3350,2108,1197,2025-10-17
3351,2109,138,2025-04-04
3352,2109,672,2026-01-09
3353,2109,736,2026-02-27
3354,2109,889,2025-01-05
3355,2109,978,2025-11-01
3356,2109,1250,2025-01-18
3357,2110,56,2025-10-04
3358,2110,331,2026-04-25
3359,2110,1258,2025-06-20
3360,2110,1291,2026-04-07
3361,2111,41,2026-01-28
3362,2111,93,2025-06-16
3363,2111,407,2025-02-24
3364,2111,446,2025-01-22
3365,2111,483,2025-09-10
3366,2111,493,2025-11-19
3367,2111,530,2025-12-25
3368,2111,1162,2025-06-08
3369,2111,1237,2026-01-10
3370,2112,175,2025-01-15
3371,2112,819,2025-12-08
3372,2112,1480,2025-11-04
3373,2112,1481,2025-02-22
3374,2113,97,2026-04-01
3375,2113,850,2025-04-30
3376,2113,895,2025-02-21
3377,2113,974,2025-02-12
3378,2113,1439,2025-02-21
3379,2114,22,2025-08-25
3380,2114,169,2026-02-03
3381,2114,724,2025-09-17
3382,2114,904,2026-04-27
3383,2114,1484,2025-07-18
3384,2115,96,2025-02-18
3385,2115,517,2025-11-04
3386,2115,681,2025-12-18
3387,2115,734,2025-01-10
3388,2115,830,2025-03-14
3389,2115,923,2025-06-18
3390,2115,1107,2026-02-17
3391,2115,1267,2025-06-01
3392,2116,37,2025-12-27
3393,2116,550,2026-04-28
3394,2116,589,2025-08-16
3395,2116,788,2025-12-16
3396,2116,964,2025-07-19
3397,2116,1080,2025-01-28
3398,2116,1095,2025-12-18
3399,2116,1407,2025-12-26
3400,2117,165,2025-04-01
3401,2117,360,2025-03-28
3402,2117,656,2025-11-21
3403,2118,163,2025-01-13
3404,2118,340,2025-07-27
3405,2118,433,2026-01-03
3406,2118,843,2025-11-14
3407,2118,877,2025-07-09
3408,2118,1080,2026-04-16
3409,2119,34,2025-04-30
3410,2119,690,2025-06-11
3411,2119,1099,2026-02-23
3412,2119,1215,2026-04-16
3413,2120,85,2026-04-23
3414,2120,93,2025-05-18
3415,2120,175,2025-12-24
3416,2120,1088,2026-04-27
3417,2120,1142,2025-02-12
3418,2120,1159,2025-12-16
3419,2120,1278,2025-04-01
3420,2121,116,2025-01-01
3421,2121,246,2026-04-03
3422,2121,473,2025-02-12
3423,2121,592,2025-12-08
3424,2121,721,2025-03-11
3425,2121,923,2025-04-04
3426,2121,993,2025-08-13
3427,2121,1062,2026-04-07
3428,2121,1178,2025-06-10
3429,2122,48,2026-02-06
3430,2122,203,2026-02-11
3431,2122,422,2026-04-06
3432,2122,545,2025-10-17
3433,2122,947,2025-07-02
3434,2123,169,2026-03-23
3435,2123,647,2025-01-31
3436,2123,1108,2025-01-06
3437,2123,1394,2025-03-22
3438,2124,138,2026-03-17
3439,2124,499,2025-08-02
3440,2124,777,2026-01-24
3441,2124,834,2026-02-20
3442,2124,1099,2025-12-25
3443,2124,1202,2026-04-16
3444,2124,1397,2025-01-26
3445,2125,34,2025-02-10
3446,2125,1238,2025-06-13
3447,2126,138,2025-02-26
3448,2126,151,2025-06-22
3449,2126,255,2025-04-20
3450,2126,387,2026-03-18
3451,2126,820,2026-01-04
3452,2126,1093,2026-04-22
3453,2127,191,2025-04-04
3454,2127,353,2026-04-10
3455,2127,575,2026-03-26
3456,2127,702,2025-06-27
3457,2127,879,2026-02-13
3458,2127,1237,2025-12-02
3459,2128,175,2025-12-18
3460,2128,990,2025-12-18
3461,2128,1104,2025-10-29
3462,2128,1446,2025-05-13
3463,2129,37,2025-08-14
3464,2129,137,2025-11-21
3465,2129,702,2026-04-01
3466,2129,732,2025-11-13
3467,2129,974,2025-06-23
3468,2130,11,2025-01-17
3469,2130,169,2025-08-13
3470,2130,364,2025-05-25
3471,2130,448,2025-01-23
3472,2130,660,2026-03-04
3473,2130,807,2025-09-10
3474,2130,851,2025-02-21
3475,2131,46,2026-01-27
3476,2131,147,2025-08-15
3477,2131,837,2025-12-27
3478,2131,849,2025-04-08
3479,2132,133,2026-03-09
3480,2132,191,2025-03-08
3481,2132,876,2025-08-26
3482,2132,1403,2025-11-01
3483,2133,71,2025-10-09
3484,2133,97,2025-01-26
3485,2133,390,2026-04-22
3486,2133,522,2025-07-01
3487,2133,803,2025-12-29
3488,2134,125,2026-01-16
3489,2134,235,2025-10-30
3490,2134,778,2025-12-12
3491,2134,1478,2025-07-07
3492,2135,61,2025-11-26
3493,2135,147,2025-01-15
3494,2135,709,2026-04-13
3495,2135,816,2025-04-29
3496,2135,1305,2025-12-08
3497,2135,1368,2026-01-20
3498,2135,1379,2026-03-01
3499,2136,117,2025-02-03
3500,2136,199,2025-01-25
3501,2136,206,2025-01-05
3502,2136,504,2025-07-21
3503,2136,925,2025-05-28
3504,2136,979,2025-12-13
3505,2136,1429,2025-11-15
3506,2137,199,2025-04-21
3507,2137,300,2025-06-05
3508,2137,318,2026-01-31
3509,2137,575,2026-01-05
3510,2137,785,2025-01-07
3511,2137,922,2025-04-15
3512,2137,1258,2025-12-20
3513,2138,13,2026-04-05
3514,2138,627,2025-10-24
3515,2138,1368,2025-03-02
3516,2138,1422,2025-01-02
3517,2139,82,2025-05-23
3518,2139,304,2025-06-28
3519,2139,1022,2025-03-06
3520,2139,1280,2026-04-26
3521,2139,1397,2025-01-17
3522,2139,1428,2026-03-26
3523,2140,27,2025-04-20
3524,2140,38,2025-08-08
3525,2140,1040,2025-01-24
3526,2140,1238,2025-09-17
3527,2140,1325,2025-11-10
3528,2140,1469,2025-12-24
3529,2141,37,2026-01-25
3530,2141,48,2025-05-26
3531,2141,137,2025-02-02
3532,2142,163,2025-02-06
3533,2142,330,2025-10-05
3534,2142,471,2025-06-03
3535,2143,123,2025-11-17
3536,2143,329,2025-11-11
3537,2143,364,2026-04-11
3538,2143,820,2025-02-18
3539,2143,1217,2025-04-24
3540,2144,15,2025-12-01
3541,2144,464,2025-06-22
3542,2144,621,2026-03-27
3543,2144,629,2025-11-12
3544,2144,667,2025-11-12
3545,2144,696,2026-04-02
3546,2144,761,2025-03-31
3547,2144,1098,2025-10-07
3548,2145,83,2025-07-03
3549,2145,203,2025-06-27
3550,2145,495,2026-01-25
3551,2145,987,2026-01-20
3552,2145,1218,2025-05-05
3553,2145,1295,2026-04-11
3554,2145,1318,2025-07-11
3555,2146,149,2025-12-18
3556,2146,163,2025-10-18
3557,2146,326,2025-06-24
3558,2146,442,2025-03-17
3559,2146,927,2025-01-24
3560,2147,15,2025-07-05
3561,2147,117,2025-07-18
3562,2147,235,2025-02-06
3563,2148,165,2025-01-18
3564,2148,1158,2025-01-31
3565,2148,1288,2025-07-28
3566,2149,58,2025-09-07
3567,2149,351,2025-10-19
3568,2149,583,2026-04-27
3569,2149,622,2025-10-23
3570,2149,952,2025-01-07
3571,2149,1163,2025-11-26
3572,2149,1379,2025-01-10
3573,2150,43,2025-07-23
3574,2150,126,2025-10-20
3575,2150,203,2025-08-08
3576,2150,314,2026-04-28
3577,2151,3,2026-04-13
3578,2151,56,2026-04-11
3579,2151,206,2026-02-27
3580,2151,319,2025-10-08
3581,2151,864,2025-01-31
3582,2151,892,2025-02-07
3583,2151,948,2025-10-07
3584,2151,980,2025-07-18
3585,2151,1001,2026-01-03
3586,2151,1211,2025-08-13
3587,2152,191,2025-09-02
3588,2152,516,2025-05-15
3589,2152,1236,2025-01-23
3590,2153,163,2026-02-03
3591,2153,269,2025-12-23
3592,2153,529,2026-04-04
3593,2153,706,2025-05-04
3594,2154,154,2025-09-03
3595,2154,156,2025-09-14
3596,2154,175,2025-05-17
3597,2154,827,2025-12-22
3598,2154,1132,2025-12-15
3599,2154,1247,2025-03-06
3600,2155,37,2026-01-02
3601,2155,312,2026-04-01
3602,2155,413,2025-04-22
3603,2155,866,2025-12-06
3604,2156,71,2025-04-10
3605,2156,175,2025-10-19
3606,2156,1377,2026-03-11
3607,2157,23,2025-05-28
3608,2157,165,2025-06-07
3609,2157,255,2025-10-25
3610,2157,730,2025-12-24
3611,2157,755,2025-07-11
3612,2157,1070,2026-03-18
3613,2157,1108,2025-04-26
3614,2158,38,2025-01-11
3615,2158,783,2025-01-02
3616,2158,883,2025-07-21
3617,2158,1063,2025-09-09
3618,2159,138,2025-08-23
3619,2159,357,2025-07-13
3620,2159,583,2026-01-24
3621,2159,654,2026-03-11
3622,2159,728,2026-03-10
3623,2159,999,2025-03-22
3624,2159,1093,2025-06-21
3625,2160,70,2025-06-17
3626,2160,138,2025-01-05
3627,2160,294,2025-04-22
3628,2160,999,2025-03-24
3629,2160,1158,2025-11-21
3630,2160,1393,2025-06-28
3631,2160,1438,2026-03-01
3632,2161,169,2025-01-06
3633,2161,830,2025-02-07
3634,2161,834,2025-09-10
3635,2161,1264,2025-04-19
3636,2162,30,2025-07-14
3637,2162,88,2025-06-10
3638,2162,149,2025-05-11
3639,2162,325,2025-03-08
3640,2162,1407,2026-04-06
3641,2163,156,2025-07-20
3642,2163,514,2025-04-05
3643,2163,637,2025-05-27
3644,2163,736,2025-02-24
3645,2163,978,2025-08-24
3646,2163,1237,2025-10-03
3647,2164,38,2025-05-11
3648,2164,146,2025-04-05
3649,2164,175,2025-10-26
3650,2164,177,2025-02-01
3651,2164,813,2025-11-18
3652,2164,1045,2025-04-06
3653,2164,1065,2025-12-05
3654,2164,1311,2026-04-30
3655,2164,1374,2025-10-21
3656,2165,204,2025-12-26
3657,2165,290,2026-02-03
3658,2165,775,2025-03-18
3659,2165,834,2025-04-23
3660,2166,175,2026-02-09
3661,2166,809,2025-04-24
3662,2166,1003,2025-06-07
3663,2166,1277,2025-06-19
3664,2167,93,2026-03-15
3665,2167,641,2025-02-18
3666,2168,71,2025-02-05
3667,2168,123,2025-01-08
3668,2168,311,2026-01-13
3669,2168,796,2026-02-08
3670,2168,1150,2025-01-17
3671,2168,1320,2025-10-20
3672,2169,82,2025-01-21
3673,2169,192,2025-11-26
3674,2169,367,2026-04-04
3675,2169,851,2026-04-02
3676,2169,869,2025-08-04
3677,2170,1,2026-03-06
3678,2170,37,2025-12-13
3679,2170,77,2025-01-24
3680,2170,889,2025-07-02
3681,2170,1431,2025-05-06
3682,2170,1462,2025-01-03
3683,2171,93,2025-11-23
3684,2171,1029,2026-01-27
3685,2171,1170,2025-10-04
3686,2172,82,2025-10-12
3687,2172,86,2026-04-13
3688,2172,636,2025-07-31
3689,2172,741,2025-09-19
3690,2172,956,2025-05-10
3691,2172,1294,2025-05-05
3692,2172,1416,2025-01-08
3693,2172,1419,2025-03-19
3694,2173,56,2026-03-30
3695,2173,88,2026-04-08
3696,2173,96,2025-03-01
3697,2173,625,2025-02-15
3698,2173,1074,2025-07-16
3699,2174,13,2025-07-21
3700,2174,91,2025-08-16
3701,2174,156,2025-04-23
3702,2174,460,2026-02-11
3703,2174,656,2025-03-11
3704,2174,695,2025-11-12
3705,2174,1438,2026-04-20
3706,2175,199,2025-01-04
3707,2175,267,2025-05-25
3708,2175,506,2026-04-04
3709,2175,599,2025-12-14
3710,2175,865,2025-06-21
3711,2175,1022,2026-04-18
3712,2176,116,2026-04-12
3713,2176,345,2025-08-22
3714,2176,621,2025-06-21
3715,2176,965,2026-01-22
3716,2176,974,2026-03-25
3717,2176,1040,2025-10-16
3718,2176,1095,2025-10-12
3719,2176,1148,2026-02-09
3720,2177,13,2025-10-06
3721,2177,746,2025-08-19
3722,2177,799,2025-06-15
3723,2177,978,2026-03-15
3724,2177,1134,2025-10-17
3725,2178,53,2026-03-17
3726,2178,173,2025-04-06
3727,2178,203,2025-02-14
3728,2178,944,2025-03-29
3729,2178,1076,2025-10-31
3730,2178,1263,2026-01-13
3731,2179,109,2025-10-31
3732,2179,165,2026-01-30
3733,2179,243,2025-08-05
3734,2179,356,2025-06-09
3735,2179,769,2025-03-27
3736,2179,786,2025-07-22
3737,2179,1113,2025-01-24
3738,2180,13,2025-04-29
3739,2180,23,2026-03-08
3740,2180,163,2025-05-04
3741,2180,192,2025-08-03
3742,2180,290,2025-12-10
3743,2180,583,2026-02-16
3744,2180,875,2026-03-28
3745,2181,163,2025-04-02
3746,2181,405,2026-02-13
3747,2181,1232,2025-01-05
3748,2182,13,2026-03-29
3749,2182,116,2025-12-22
3750,2182,999,2025-03-14
3751,2182,1171,2025-08-23
3752,2182,1248,2025-07-09
3753,2182,1320,2025-07-01
3754,2183,58,2025-09-24
3755,2183,223,2025-04-06
3756,2183,703,2025-02-09
3757,2184,56,2025-05-11
3758,2184,150,2025-08-25
3759,2184,395,2025-08-26
3760,2184,695,2026-04-01
3761,2184,767,2025-01-13
3762,2184,1031,2025-12-22
3763,2184,1150,2025-11-02
3764,2184,1307,2025-03-06
3765,2184,1320,2025-01-01
3766,2185,100,2026-04-10
3767,2185,149,2025-08-16
3768,2185,661,2025-02-28
3769,2185,984,2025-02-16
3770,2185,1166,2026-02-15
3771,2185,1351,2025-06-26
3772,2186,149,2026-03-08
3773,2186,205,2025-03-24
3774,2186,351,2025-04-26
3775,2186,526,2026-01-01
3776,2186,1479,2026-01-20
3777,2187,15,2025-10-09
3778,2187,775,2025-01-04
3779,2187,985,2025-04-03
3780,2188,37,2025-04-07
3781,2188,408,2025-08-09
3782,2188,748,2025-12-25
3783,2188,946,2025-03-28
3784,2188,1270,2025-02-20
3785,2189,147,2025-11-28
3786,2189,185,2026-02-12
3787,2189,686,2025-11-08
3788,2189,802,2026-01-07
3789,2189,829,2025-12-05
3790,2189,1118,2025-03-29
3791,2189,1250,2025-02-04
3792,2190,156,2025-06-30
3793,2190,380,2026-04-10
3794,2190,476,2026-04-12
3795,2190,479,2025-09-26
3796,2190,828,2026-02-07
3797,2190,1297,2025-03-05
3798,2190,1470,2025-09-25
3799,2191,4,2025-10-21
3800,2191,125,2026-04-11
3801,2191,449,2025-09-08
3802,2191,798,2026-01-06
3803,2191,1104,2025-01-03
3804,2192,34,2025-12-18
3805,2192,107,2025-07-07
3806,2193,81,2025-10-17
3807,2193,192,2025-02-18
3808,2193,1315,2025-08-11
3809,2193,1500,2025-02-24
3810,2194,11,2026-01-31
3811,2194,64,2025-02-27
3812,2194,264,2025-09-15
3813,2194,426,2025-08-12
3814,2194,684,2025-04-19
3815,2194,796,2025-10-02
3816,2194,1202,2025-07-10
3817,2195,12,2025-06-20
3818,2195,37,2025-10-09
3819,2195,519,2025-10-09
3820,2195,1270,2025-02-11
3821,2195,1326,2026-01-09
3822,2196,175,2025-10-29
3823,2196,324,2026-03-27
3824,2196,793,2025-06-10
3825,2196,853,2025-10-19
3826,2196,897,2026-01-19
3827,2196,1063,2025-08-26
3828,2196,1483,2025-12-20
3829,2197,199,2025-08-29
3830,2197,436,2025-03-27
3831,2197,958,2025-12-27
3832,2197,1134,2025-12-20
3833,2198,82,2025-02-18
3834,2198,109,2025-07-15
3835,2198,357,2025-10-12
3836,2198,525,2025-09-22
3837,2198,778,2025-01-23
3838,2198,786,2025-12-29
3839,2199,88,2025-01-26
3840,2199,136,2026-01-20
3841,2199,146,2026-01-31
3842,2199,805,2025-06-23
3843,2199,1229,2026-04-15
3844,2199,1423,2025-05-02
3845,2200,199,2025-09-03
3846,2200,349,2025-10-01
3847,2200,1069,2026-01-27
3848,2200,1145,2026-02-18
3849,2200,1492,2025-12-25
3850,2201,191,2025-11-06
3851,2201,677,2026-03-16
3852,2201,881,2025-04-21
3853,2202,191,2025-02-04
3854,2202,244,2025-10-08
3855,2202,544,2025-07-12
3856,2203,203,2025-11-08
3857,2203,405,2026-04-28
3858,2203,416,2025-03-21
3859,2203,696,2025-09-18
3860,2203,697,2026-04-11
3861,2203,1396,2025-10-25
3862,2204,15,2025-09-03
3863,2204,448,2026-04-06
3864,2204,548,2025-03-30
3865,2204,624,2026-02-16
3866,2204,785,2025-09-18
3867,2204,970,2025-05-22
3868,2204,1143,2025-06-19
3869,2204,1476,2026-03-28
3870,2205,125,2025-06-09
3871,2205,322,2026-03-20
3872,2205,426,2025-01-28
3873,2205,686,2025-12-03
3874,2205,746,2025-02-19
3875,2205,809,2025-09-21
3876,2205,970,2025-03-12
3877,2206,34,2025-03-28
3878,2206,469,2026-01-05
3879,2206,560,2026-01-22
3880,2206,984,2025-09-02
3881,2207,123,2025-03-25
3882,2207,909,2025-01-01
3883,2207,1006,2025-01-28
3884,2207,1481,2025-04-01
3885,2208,93,2025-10-10
3886,2208,358,2025-04-20
3887,2209,38,2025-11-11
3888,2209,114,2025-05-31
3889,2209,132,2025-10-02
3890,2209,680,2025-03-07
3891,2209,1295,2025-11-17
3892,2210,204,2026-04-20
3893,2210,213,2026-03-06
3894,2210,388,2025-04-28
3895,2210,389,2025-03-11
3896,2210,441,2025-12-06
3897,2210,988,2026-04-30
3898,2210,1155,2025-03-21
3899,2211,82,2025-01-31
3900,2211,156,2025-05-10
3901,2211,165,2025-02-15
3902,2211,241,2025-05-23
3903,2211,313,2025-05-23
3904,2211,382,2025-09-07
3905,2211,958,2025-05-23
3906,2212,38,2025-12-02
3907,2212,150,2025-04-19
3908,2212,970,2026-01-10
3909,2212,1190,2025-03-09
3910,2213,15,2026-04-19
3911,2213,234,2026-01-19
3912,2213,350,2026-03-17
3913,2213,443,2025-09-26
3914,2213,654,2026-01-18
3915,2213,1096,2025-02-26
3916,2213,1189,2025-02-03
3917,2214,81,2025-08-04
3918,2214,851,2025-07-04
3919,2215,147,2025-10-23
3920,2215,262,2025-11-05
3921,2215,302,2025-12-30
3922,2215,680,2025-04-11
3923,2215,796,2025-12-25
3924,2215,800,2025-01-06
3925,2215,1344,2025-12-11
3926,2216,30,2025-03-06
3927,2216,96,2026-01-12
3928,2216,304,2025-11-18
3929,2216,1063,2026-01-12
3930,2217,96,2025-01-07
3931,2217,385,2025-03-07
3932,2217,918,2025-01-19
3933,2217,1019,2025-11-21
3934,2217,1033,2025-04-17
3935,2218,15,2025-01-26
3936,2218,851,2025-05-22
3937,2218,968,2026-04-25
3938,2218,1129,2026-01-01
3939,2219,15,2025-12-23
3940,2219,1020,2025-03-18
3941,2219,1191,2025-04-23
3942,2220,38,2026-03-13
3943,2220,273,2025-03-09
3944,2221,165,2025-03-08
3945,2221,468,2026-01-03
3946,2221,670,2025-08-13
3947,2221,830,2025-09-12
3948,2222,175,2025-07-03
3949,2222,1043,2026-03-12
3950,2222,1130,2026-04-22
3951,2223,123,2025-03-07
3952,2223,900,2025-12-23
3953,2223,1249,2026-03-25
3954,2224,81,2025-02-22
3955,2224,264,2025-05-05
3956,2224,674,2025-07-10
3957,2224,1114,2026-01-03
3958,2224,1320,2025-04-10
3959,2225,125,2025-01-22
3960,2225,164,2026-04-06
3961,2225,1391,2026-02-02
3962,2226,81,2026-01-24
3963,2226,605,2025-03-08
3964,2226,765,2025-09-15
3965,2226,799,2025-02-17
3966,2226,1018,2025-08-02
3967,2226,1487,2025-06-21
3968,2227,83,2026-03-30
3969,2227,175,2025-01-25
3970,2227,266,2025-07-28
3971,2227,1122,2025-05-10
3972,2227,1157,2025-07-22
3973,2227,1173,2025-04-11
3974,2227,1234,2025-01-02
3975,2227,1449,2025-12-16
3976,2228,13,2026-02-27
3977,2228,204,2025-01-30
3978,2228,280,2025-06-26
3979,2228,796,2026-01-02
3980,2228,1234,2026-02-11
3981,2229,123,2025-11-01
3982,2229,181,2025-04-29
3983,2229,1401,2026-04-24
3984,2230,52,2026-03-01
3985,2230,80,2025-08-14
3986,2230,156,2025-08-22
3987,2230,482,2025-08-24
3988,2230,669,2025-07-02
3989,2230,1446,2025-07-23
3990,2231,204,2026-04-08
3991,2231,539,2025-10-27
3992,2231,565,2025-02-19
3993,2231,658,2025-11-09
3994,2232,37,2025-10-03
3995,2232,354,2025-04-25
3996,2233,34,2025-03-09
3997,2233,481,2026-01-29
3998,2233,601,2025-02-06
3999,2233,727,2025-12-17
4000,2234,22,2025-01-12
4001,2234,34,2025-11-30
4002,2234,148,2025-03-24
4003,2234,149,2025-11-03
4004,2234,163,2025-02-15
4005,2234,443,2025-08-01
4006,2234,557,2025-12-16
4007,2234,597,2026-03-29
4008,2235,125,2026-02-21
4009,2235,1084,2025-12-18
4010,2235,1381,2026-01-16
4011,2235,1397,2025-02-07
4012,2236,13,2025-08-29
4013,2236,149,2025-06-02
4014,2236,274,2025-07-13
4015,2236,335,2026-03-19
4016,2236,627,2025-11-08
4017,2236,1360,2025-01-21
4018,2237,96,2026-03-17
4019,2237,1104,2026-04-29
4020,2237,1155,2025-03-23
4021,2237,1334,2025-10-26
4022,2238,199,2026-01-19
4023,2238,1085,2025-09-29
4024,2239,82,2025-04-22
4025,2239,1180,2025-03-03
4026,2239,1396,2026-04-29
4027,2240,97,2026-02-07
4028,2240,357,2025-01-15
4029,2240,579,2025-05-15
4030,2241,19,2025-05-07
4031,2241,50,2026-03-08
4032,2241,99,2026-01-15
4033,2241,116,2025-10-05
4034,2241,281,2026-02-25
4035,2241,967,2025-05-22
4036,2241,1145,2025-02-04
4037,2241,1228,2025-11-14
4038,2242,13,2025-07-18
4039,2242,140,2025-07-20
4040,2242,163,2025-03-25
4041,2242,204,2025-03-19
4042,2242,1359,2025-10-18
4043,2243,149,2025-02-11
4044,2243,1393,2026-02-15
4045,2244,204,2026-03-21
4046,2244,207,2025-04-14
4047,2244,462,2026-04-26
4048,2244,709,2025-03-02
4049,2244,748,2025-08-03
4050,2244,1247,2025-09-07
4051,2244,1419,2025-01-08
4052,2245,33,2025-09-14
4053,2245,163,2025-01-29
4054,2245,917,2025-07-07
4055,2245,1097,2025-07-27
4056,2245,1337,2025-10-13
4057,2245,1384,2026-03-30
4058,2246,37,2025-07-08
4059,2246,1390,2026-03-07
4060,2247,30,2025-08-02
4061,2247,123,2026-03-07
4062,2247,655,2026-04-10
4063,2247,1391,2025-07-21
4064,2248,96,2025-08-24
4065,2248,532,2026-01-21
4066,2248,714,2026-03-26
4067,2248,815,2026-04-02
4068,2248,1473,2025-01-21
4069,2248,1495,2025-07-16
4070,2249,132,2025-04-30
4071,2249,138,2025-12-25
4072,2249,260,2025-07-21
4073,2249,458,2026-04-22
4074,2249,643,2025-03-20
4075,2249,680,2025-02-13
4076,2249,947,2025-10-20
4077,2249,1181,2025-09-20
4078,2250,197,2026-02-16
4079,2250,199,2025-07-21
4080,2250,1327,2025-07-05
4081,2251,149,2025-07-05
4082,2251,1038,2025-01-31
4083,2251,1368,2025-06-05
4084,2251,1396,2025-10-25
4085,2252,93,2025-05-27
4086,2252,770,2026-02-03
4087,2252,894,2026-01-26
4088,2252,1303,2026-02-06
4089,2252,1362,2025-05-11
4090,2253,96,2025-06-03
4091,2253,132,2025-12-02
4092,2253,136,2025-01-19
4093,2253,680,2025-08-14
4094,2253,727,2025-08-09
4095,2253,874,2025-07-20
4096,2254,15,2025-04-11
4097,2254,16,2025-12-17
4098,2254,676,2025-06-06
4099,2255,12,2025-11-06
4100,2255,109,2026-01-30
4101,2255,163,2025-04-07
4102,2255,658,2026-01-03
4103,2255,728,2025-04-26
4104,2255,819,2025-10-18
4105,2255,1194,2025-08-02
4106,2255,1402,2025-06-26
4107,2256,58,2025-01-05
4108,2256,123,2025-06-04
4109,2256,172,2025-11-28
4110,2256,426,2025-11-06
4111,2256,534,2025-07-12
4112,2256,672,2025-03-27
4113,2256,960,2025-08-21
4114,2256,1108,2025-04-08
4115,2256,1352,2025-03-08
4116,2257,138,2026-03-10
4117,2257,258,2025-03-28
4118,2257,291,2025-07-17
4119,2257,327,2025-03-10
4120,2257,763,2025-08-11
4121,2257,1310,2026-03-28
4122,2257,1339,2026-03-04
4123,2257,1496,2025-03-02
4124,2258,123,2025-02-15
4125,2258,1308,2025-06-01
4126,2259,81,2025-03-17
4127,2259,391,2025-05-11
4128,2259,587,2025-04-21
4129,2259,591,2026-02-07
4130,2260,203,2025-07-30
4131,2260,407,2025-12-07
4132,2260,642,2025-03-12
4133,2260,699,2026-04-16
4134,2260,923,2026-03-01
4135,2260,1193,2026-01-14
4136,2260,1215,2025-06-25
4137,2261,167,2026-04-27
4138,2261,188,2025-12-02
4139,2261,203,2025-10-12
4140,2261,336,2025-12-23
4141,2261,517,2025-06-14
4142,2261,624,2025-05-17
4143,2261,923,2025-12-11
4144,2261,1394,2025-03-19
4145,2262,163,2025-02-21
4146,2262,357,2025-12-14
4147,2262,525,2025-09-21
4148,2262,601,2026-03-12
4149,2262,803,2025-09-20
4150,2262,1093,2025-11-22
4151,2262,1345,2026-03-30
4152,2263,13,2025-01-21
4153,2263,45,2025-10-01
4154,2263,320,2026-01-12
4155,2263,537,2025-09-10
4156,2263,961,2026-05-01
4157,2263,1063,2025-11-01
4158,2264,149,2025-12-18
4159,2264,668,2025-11-13
4160,2264,1233,2025-02-20
4161,2265,156,2026-01-14
4162,2265,320,2025-11-15
4163,2265,826,2026-04-22
4164,2266,13,2025-07-28
4165,2266,379,2025-03-17
4166,2266,476,2025-11-24
4167,2266,602,2025-05-03
4168,2266,1022,2026-01-06
4169,2266,1109,2025-06-09
4170,2266,1111,2026-04-10
4171,2267,149,2026-02-25
4172,2267,175,2025-12-31
4173,2267,391,2025-02-13
4174,2267,670,2025-12-03
4175,2267,702,2025-11-04
4176,2267,734,2025-10-20
4177,2267,843,2025-12-16
4178,2267,1084,2025-07-14
4179,2268,191,2025-05-15
4180,2268,223,2025-04-23
4181,2268,295,2025-04-13
4182,2268,807,2025-10-14
4183,2268,1250,2025-06-23
4184,2269,58,2026-02-17
4185,2269,409,2025-05-03
4186,2269,570,2026-03-31
4187,2269,935,2025-03-10
4188,2269,1129,2026-01-04
4189,2269,1227,2025-05-25
4190,2270,91,2026-04-30
4191,2270,165,2025-08-24
4192,2270,336,2025-04-06
4193,2270,419,2026-04-01
4194,2270,633,2025-07-07
4195,2270,706,2025-12-08
4196,2270,1288,2025-01-30
4197,2271,8,2025-07-06
4198,2271,55,2025-09-30
4199,2271,81,2025-05-01
4200,2271,125,2025-04-26
4201,2271,129,2025-05-06
4202,2271,183,2025-05-14
4203,2271,203,2025-04-14
4204,2271,384,2026-02-22
4205,2271,814,2025-01-18
4206,2271,992,2026-02-19
4207,2271,1224,2025-12-20
4208,2271,1364,2025-05-04
4209,2272,11,2025-02-09
4210,2272,147,2025-02-10
4211,2272,186,2025-12-28
4212,2272,227,2026-03-04
4213,2272,828,2025-07-07
4214,2272,928,2026-03-11
4215,2272,1076,2025-12-09
4216,2272,1293,2025-09-28
4217,2273,11,2025-09-13
4218,2273,625,2025-07-27
4219,2273,1159,2025-01-15
4220,2273,1304,2025-07-11
4221,2273,1327,2026-01-04
4222,2273,1360,2025-05-17
4223,2273,1430,2025-07-09
4224,2274,37,2026-03-19
4225,2274,328,2025-08-28
4226,2275,34,2026-02-03
4227,2275,40,2026-01-08
4228,2275,203,2025-07-19
4229,2275,289,2026-04-15
4230,2275,569,2025-12-20
4231,2276,34,2025-10-16
4232,2276,271,2025-12-12
4233,2276,543,2025-05-18
4234,2276,877,2025-09-13
4235,2276,986,2025-06-19
4236,2276,1212,2026-02-12
4237,2277,82,2025-08-21
4238,2277,771,2025-07-25
4239,2277,865,2025-10-28
4240,2277,890,2025-12-31
4241,2277,1361,2026-04-04
4242,2278,97,2026-01-04
4243,2278,120,2026-02-13
4244,2278,647,2025-05-18
4245,2278,1224,2026-01-05
4246,2279,38,2026-01-31
4247,2279,807,2026-04-28
4248,2279,997,2026-04-07
4249,2279,1078,2026-04-15
4250,2279,1272,2025-11-22
4251,2280,147,2025-06-21
4252,2280,164,2026-04-30
4253,2280,447,2025-04-13
4254,2280,499,2025-07-04
4255,2280,546,2025-05-03
4256,2280,863,2025-08-12
4257,2280,985,2025-07-09
4258,2280,1360,2025-10-16
4259,2281,97,2025-08-30
4260,2281,664,2026-03-15
4261,2281,1339,2025-05-19
4262,2282,40,2025-07-21
4263,2282,150,2025-07-17
4264,2282,199,2026-04-22
4265,2282,231,2026-01-08
4266,2282,280,2025-11-01
4267,2282,1270,2026-02-02
4268,2282,1320,2025-09-15
4269,2283,15,2025-07-15
4270,2283,871,2026-02-18
4271,2284,58,2025-02-02
4272,2284,519,2025-08-09
4273,2284,745,2025-04-17
4274,2284,1204,2026-04-09
4275,2285,97,2025-05-24
4276,2285,243,2025-03-06
4277,2285,407,2025-02-10
4278,2285,426,2025-04-01
4279,2285,592,2025-06-25
4280,2286,69,2025-05-27
4281,2286,199,2025-07-09
4282,2286,270,2025-01-12
4283,2286,687,2025-10-02
4284,2286,701,2025-12-24
4285,2286,1056,2026-04-11
4286,2286,1494,2025-01-05
4287,2287,98,2025-10-21
4288,2287,123,2025-06-20
4289,2287,143,2026-04-19
4290,2287,812,2026-03-06
4291,2287,923,2026-04-25
4292,2287,1052,2025-11-13
4293,2288,163,2026-04-15
4294,2288,169,2026-04-27
4295,2288,845,2025-06-06
4296,2288,964,2025-09-18
4297,2288,1175,2025-02-14
4298,2288,1421,2026-02-22
4299,2288,1476,2025-06-24
4300,2289,15,2025-04-05
4301,2289,1000,2026-01-25
4302,2289,1112,2025-07-24
4303,2290,96,2025-11-02
4304,2290,598,2025-03-15
4305,2290,807,2025-06-15
4306,2290,1250,2026-02-07
4307,2290,1450,2026-04-27
4308,2291,27,2025-07-10
4309,2291,123,2025-10-22
4310,2291,190,2025-07-15
4311,2291,784,2025-07-23
4312,2291,1376,2025-06-04
4313,2292,9,2026-03-09
4314,2292,123,2025-08-17
4315,2292,360,2025-04-04
4316,2292,871,2025-02-27
4317,2292,1063,2026-03-13
4318,2293,156,2026-04-18
4319,2293,223,2025-05-03
4320,2293,510,2025-01-07
4321,2293,968,2025-08-21
4322,2293,1408,2026-03-22
4323,2294,146,2025-05-22
4324,2294,651,2025-03-11
4325,2294,793,2025-05-03
4326,2294,825,2025-07-08
4327,2294,1223,2026-02-02
4328,2294,1500,2026-01-03
4329,2295,42,2025-10-29
4330,2295,203,2025-03-02
4331,2295,825,2025-05-17
4332,2296,192,2025-04-03
4333,2296,236,2025-07-17
4334,2296,1078,2025-03-04
4335,2296,1241,2026-04-23
4336,2296,1468,2026-02-21
4337,2297,102,2025-05-27
4338,2297,123,2025-01-27
4339,2297,857,2025-12-08
4340,2297,888,2025-05-16
4341,2298,19,2025-11-30
4342,2298,34,2025-10-06
4343,2298,175,2025-10-26
4344,2298,350,2025-04-11
4345,2298,581,2025-05-07
4346,2298,1112,2026-02-10
4347,2298,1207,2026-04-05
4348,2298,1360,2025-03-22
4349,2298,1437,2026-04-27
4350,2299,12,2025-08-01
4351,2299,15,2026-02-23
4352,2299,128,2025-03-01
4353,2299,291,2025-06-04
4354,2299,1179,2026-02-02
4355,2300,38,2025-06-12
4356,2300,357,2026-03-30
4357,2300,680,2025-06-08
4358,2300,1116,2025-04-20
4359,2300,1359,2026-01-03
4360,2301,169,2026-02-19
4361,2301,323,2025-01-29
4362,2301,655,2025-08-20
4363,2301,657,2025-10-18
4364,2301,865,2025-07-31
4365,2301,1500,2025-04-23
4366,2302,34,2025-12-03
4367,2302,108,2026-01-30
4368,2302,517,2025-08-23
4369,2302,518,2025-04-26
4370,2302,670,2025-02-23
4371,2302,1450,2026-04-10
4372,2303,204,2025-12-15
4373,2303,416,2026-04-08
4374,2303,429,2025-01-10
4375,2303,906,2025-01-16
4376,2304,204,2025-10-01
4377,2304,258,2025-11-27
4378,2304,391,2025-12-18
4379,2304,832,2026-01-10
4380,2304,977,2025-03-04
4381,2304,1271,2025-09-11
4382,2305,97,2026-04-27
4383,2305,338,2025-09-29
4384,2305,610,2026-02-25
4385,2305,771,2025-07-02
4386,2305,924,2026-04-16
4387,2305,1022,2025-03-27
4388,2305,1361,2025-03-14
4389,2306,175,2026-04-23
4390,2306,464,2025-03-03
4391,2306,891,2025-02-10
4392,2306,986,2025-07-08
4393,2307,116,2026-01-09
4394,2307,146,2025-10-09
4395,2307,175,2025-08-17
4396,2307,304,2025-02-17
4397,2307,783,2026-04-15
4398,2307,1018,2026-04-23
4399,2308,56,2025-10-13
4400,2308,1216,2025-05-24
4401,2308,1299,2025-06-12
4402,2309,97,2025-03-22
4403,2309,839,2025-04-18
4404,2309,873,2025-07-05
4405,2309,1148,2026-02-22
4406,2309,1182,2025-12-03
4407,2309,1310,2025-05-24
4408,2310,93,2026-01-14
4409,2310,272,2026-04-04
4410,2310,509,2025-04-01
4411,2310,686,2025-08-10
4412,2310,913,2026-04-01
4413,2310,1055,2026-04-09
4414,2310,1250,2025-09-16
4415,2311,15,2026-02-13
4416,2311,45,2025-08-24
4417,2311,351,2025-05-13
4418,2311,583,2025-05-17
4419,2311,727,2026-03-09
4420,2311,1140,2025-12-15
4421,2311,1447,2025-11-30
4422,2312,69,2026-04-01
4423,2312,93,2025-12-14
4424,2312,966,2025-09-13
4425,2312,1114,2025-01-25
4426,2312,1331,2025-02-27
4427,2312,1467,2025-09-12
4428,2312,1478,2025-04-10
4429,2313,93,2025-11-26
4430,2313,416,2025-03-25
4431,2313,1149,2026-03-22
4432,2313,1164,2025-11-28
4433,2313,1425,2026-04-24
4434,2314,149,2026-02-22
4435,2314,192,2025-12-13
4436,2314,534,2025-01-13
4437,2314,725,2025-12-21
4438,2314,1301,2025-09-28
4439,2315,12,2025-07-30
4440,2315,96,2026-02-12
4441,2315,120,2025-06-24
4442,2315,138,2026-03-25
4443,2315,644,2026-01-15
4444,2315,1197,2026-02-25
4445,2316,56,2025-03-17
4446,2316,86,2025-04-24
4447,2316,307,2026-04-09
4448,2316,672,2025-08-16
4449,2316,736,2025-08-25
4450,2316,884,2025-08-20
4451,2316,988,2025-03-09
4452,2317,165,2025-10-23
4453,2317,443,2025-08-09
4454,2317,445,2025-07-24
4455,2317,1479,2025-12-16
4456,2318,39,2025-06-15
4457,2318,167,2025-07-28
4458,2318,169,2025-04-07
4459,2318,617,2025-04-10
4460,2318,680,2025-08-28
4461,2318,987,2025-01-02
4462,2319,125,2025-02-27
4463,2319,149,2025-05-23
4464,2319,605,2026-04-12
4465,2319,777,2025-02-01
4466,2319,1218,2025-11-27
4467,2320,13,2026-02-28
4468,2320,37,2025-01-24
4469,2320,263,2026-04-19
4470,2320,1168,2026-01-26
4471,2320,1229,2025-11-19
4472,2320,1323,2025-12-25
4473,2321,30,2025-07-02
4474,2321,81,2026-02-22
4475,2321,351,2025-03-20
4476,2321,727,2026-02-21
4477,2321,815,2025-08-13
4478,2321,1072,2026-04-23
4479,2321,1150,2025-10-02
4480,2321,1177,2025-02-02
4481,2321,1429,2025-01-13
4482,2322,123,2026-04-20
4483,2322,636,2026-04-25
4484,2322,686,2025-07-08
4485,2322,1320,2025-06-16
4486,2323,13,2025-11-29
4487,2323,235,2025-09-23
4488,2323,261,2025-12-04
4489,2323,630,2025-01-24
4490,2323,1410,2025-01-19
4491,2324,146,2025-01-13
4492,2324,1016,2026-04-17
4493,2325,37,2025-03-19
4494,2325,556,2025-09-05
4495,2325,671,2026-03-15
4496,2325,1004,2025-12-16
4497,2325,1432,2025-04-02
4498,2326,125,2026-01-09
4499,2326,445,2025-03-07
4500,2326,469,2025-02-03
4501,2327,37,2025-06-08
4502,2327,433,2025-04-06
4503,2327,595,2025-06-13
4504,2327,621,2025-08-26
4505,2327,1218,2025-12-06
4506,2328,156,2026-03-10
4507,2328,175,2026-04-30
4508,2328,236,2025-04-10
4509,2328,388,2025-03-03
4510,2329,56,2025-08-06
4511,2329,428,2025-01-14
4512,2329,543,2025-11-06
4513,2329,686,2025-06-04
4514,2329,799,2025-04-27
4515,2329,964,2025-10-21
4516,2329,1330,2025-12-21
4517,2330,93,2026-02-10
4518,2330,159,2025-03-05
4519,2330,186,2026-01-29
4520,2330,707,2026-04-16
4521,2330,1461,2025-04-22
4522,2331,147,2026-01-26
4523,2331,548,2025-07-23
4524,2331,1383,2025-09-28
4525,2332,13,2026-02-17
4526,2332,168,2025-11-18
4527,2332,309,2025-12-22
4528,2333,149,2025-02-14
4529,2333,737,2025-09-11
4530,2333,911,2025-03-26
4531,2333,916,2026-04-11
4532,2333,1110,2025-01-18
4533,2333,1327,2025-04-12
4534,2334,149,2025-03-04
4535,2334,191,2025-04-12
4536,2334,218,2025-07-13
4537,2334,756,2025-11-15
4538,2334,1015,2025-06-27
4539,2334,1030,2025-06-29
4540,2335,17,2025-12-30
4541,2335,97,2025-03-20
4542,2335,847,2025-09-23
4543,2336,13,2026-02-02
4544,2336,627,2025-07-20
4545,2336,668,2025-04-01
4546,2336,826,2026-04-10
4547,2336,1494,2026-01-05
4548,2337,204,2025-01-14
4549,2337,296,2025-11-04
4550,2337,517,2025-11-27
4551,2337,592,2025-04-06
4552,2337,751,2025-10-22
4553,2337,807,2026-01-07
4554,2337,1355,2025-11-20
4555,2338,191,2026-03-15
4556,2338,336,2025-09-06
4557,2338,820,2026-02-06
4558,2338,940,2025-05-07
4559,2338,1214,2025-06-26
4560,2338,1299,2025-03-07
4561,2339,96,2026-01-04
4562,2339,178,2025-07-11
4563,2339,345,2025-11-12
4564,2339,379,2025-06-30
4565,2339,1149,2026-02-28
4566,2340,93,2026-04-03
4567,2340,192,2026-03-17
4568,2340,239,2025-12-04
4569,2340,337,2025-12-16
4570,2340,957,2025-04-20
4571,2340,1058,2026-04-11
4572,2340,1159,2025-05-01
4573,2340,1294,2025-03-17
4574,2341,116,2025-03-28
4575,2341,514,2025-03-19
4576,2341,1379,2025-11-24
4577,2342,113,2025-12-21
4578,2342,125,2026-01-30
4579,2342,232,2026-02-22
4580,2342,520,2025-08-15
4581,2342,923,2025-04-27
4582,2342,963,2025-12-25
4583,2342,1366,2025-11-12
4584,2343,56,2025-04-08
4585,2343,412,2026-04-03
4586,2343,702,2025-09-25
4587,2343,777,2025-11-05
4588,2343,780,2025-11-08
4589,2343,879,2025-03-31
4590,2343,1071,2025-01-01
4591,2343,1225,2025-05-28
4592,2344,13,2025-07-06
4593,2344,30,2026-03-13
4594,2344,80,2025-08-31
4595,2344,1014,2025-12-20
4596,2344,1412,2025-12-22
4597,2345,56,2026-03-01
4598,2345,365,2026-04-03
4599,2345,632,2026-02-05
4600,2345,1230,2026-03-02
4601,2345,1301,2025-04-24
4602,2345,1351,2026-02-05
4603,2346,23,2025-07-01
4604,2346,151,2025-04-26
4605,2346,199,2025-03-08
4606,2346,473,2025-04-27
4607,2346,514,2025-08-05
4608,2346,791,2025-08-07
4609,2346,916,2025-02-14
4610,2346,978,2025-09-17
4611,2346,1024,2025-06-29
4612,2347,11,2025-01-18
4613,2347,944,2025-08-29
4614,2347,1170,2025-07-23
4615,2347,1393,2025-02-16
4616,2348,96,2026-04-10
4617,2348,109,2025-01-26
4618,2348,151,2025-10-10
4619,2348,191,2025-08-24
4620,2348,289,2025-01-24
4621,2348,395,2025-09-19
4622,2348,749,2025-04-06
4623,2348,1072,2025-07-19
4624,2348,1131,2025-11-07
4625,2348,1183,2025-09-12
4626,2349,163,2026-02-08
4627,2349,424,2025-03-03
4628,2349,447,2026-01-27
4629,2349,599,2025-09-16
4630,2349,785,2026-02-18
4631,2349,1428,2025-03-23
4632,2350,116,2026-03-01
4633,2350,701,2026-03-14
4634,2350,780,2025-04-13
4635,2351,81,2025-07-15
4636,2351,600,2025-01-20
4637,2351,947,2025-02-20
4638,2351,1379,2025-01-08
4639,2352,35,2025-09-09
4640,2352,81,2025-03-05
4641,2352,412,2025-03-21
4642,2352,493,2025-07-22
4643,2353,81,2025-02-21
4644,2353,163,2025-07-01
4645,2353,555,2025-11-27
4646,2353,649,2026-03-09
4647,2353,1231,2026-02-26
4648,2354,38,2025-10-11
4649,2354,98,2025-04-24
4650,2354,361,2026-04-03
4651,2354,520,2025-10-13
4652,2354,884,2025-12-14
4653,2355,15,2025-10-14
4654,2355,55,2025-11-20
4655,2355,186,2025-04-04
4656,2355,200,2025-12-28
4657,2355,865,2025-02-15
4658,2355,943,2026-03-16
4659,2355,1111,2025-09-10
4660,2355,1455,2025-12-08
4661,2356,37,2026-02-11
4662,2356,180,2026-03-08
4663,2356,471,2025-11-19
4664,2356,728,2025-08-11
4665,2356,818,2026-04-18
4666,2357,15,2025-12-29
4667,2357,390,2026-01-26
4668,2357,643,2025-05-15
4669,2357,753,2025-10-01
4670,2357,769,2026-03-17
4671,2357,1152,2025-05-13
4672,2358,81,2026-02-04
4673,2358,345,2025-07-26
4674,2358,587,2025-09-02
4675,2358,669,2025-04-13
4676,2358,817,2025-06-16
4677,2358,1043,2025-08-15
4678,2358,1144,2026-01-21
4679,2359,12,2025-05-15
4680,2359,97,2025-03-09
4681,2359,537,2025-03-16
4682,2360,15,2025-04-18
4683,2360,16,2025-04-21
4684,2360,85,2025-12-20
4685,2360,319,2025-03-20
4686,2360,513,2025-03-14
4687,2360,861,2025-03-24
4688,2360,970,2026-04-16
4689,2361,82,2025-12-31
4690,2361,542,2025-09-18
4691,2361,615,2025-01-09
4692,2361,759,2025-11-21
4693,2361,784,2025-02-24
4694,2361,880,2026-01-22
4695,2361,1368,2025-11-08
4696,2361,1402,2025-05-30
4697,2362,41,2025-05-10
4698,2362,186,2025-03-20
4699,2362,199,2025-06-27
4700,2362,686,2025-10-14
4701,2362,735,2025-12-10
4702,2362,736,2026-03-16
4703,2362,970,2026-01-15
4704,2362,1170,2025-10-17
4705,2362,1250,2025-03-20
4706,2363,93,2026-01-03
4707,2363,146,2026-02-22
4708,2363,149,2025-12-07
4709,2363,191,2025-12-17
4710,2363,493,2025-11-20
4711,2363,512,2026-03-17
4712,2363,677,2025-04-05
4713,2363,742,2025-04-02
4714,2363,882,2026-01-11
4715,2363,984,2025-07-01
4716,2363,1091,2025-07-27
4717,2363,1277,2025-01-30
4718,2363,1439,2025-07-13
4719,2364,34,2025-04-04
4720,2364,125,2026-02-25
4721,2364,252,2026-03-31
4722,2364,371,2025-11-13
4723,2364,680,2025-06-22
4724,2364,715,2025-04-19
4725,2364,959,2025-07-10
4726,2365,199,2025-12-02
4727,2365,320,2025-01-26
4728,2365,504,2026-04-06
4729,2365,769,2025-07-19
4730,2365,816,2025-05-05
4731,2365,835,2026-03-03
4732,2365,1478,2026-04-05
4733,2366,116,2025-11-22
4734,2366,271,2026-02-09
4735,2366,619,2026-01-05
4736,2366,700,2025-09-03
4737,2366,791,2026-03-19
4738,2366,1396,2026-02-13
4739,2367,138,2025-05-06
4740,2367,480,2025-02-04
4741,2367,1334,2026-03-14
4742,2368,56,2025-11-28
4743,2368,150,2025-02-28
4744,2368,286,2025-09-30
4745,2369,134,2025-01-29
4746,2369,163,2025-05-20
4747,2369,345,2025-07-23
4748,2369,1040,2025-12-17
4749,2369,1099,2026-02-11
4750,2370,203,2025-09-09
4751,2370,344,2025-05-22
4752,2370,885,2025-02-23
4753,2370,915,2026-02-28
4754,2370,1190,2025-05-01
4755,2370,1193,2025-01-04
4756,2370,1492,2025-09-06
4757,2371,81,2025-12-09
4758,2371,454,2025-06-11
4759,2371,778,2025-04-28
4760,2371,838,2026-03-15
4761,2371,968,2025-10-14
4762,2371,1157,2025-06-06
4763,2371,1454,2026-01-31
4764,2372,38,2025-03-04
4765,2372,175,2025-12-01
4766,2372,182,2025-10-15
4767,2372,186,2025-06-15
4768,2372,545,2025-03-18
4769,2372,1092,2025-01-07
4770,2373,71,2026-03-31
4771,2373,192,2025-12-04
4772,2373,262,2025-02-06
4773,2373,1121,2025-04-23
4774,2374,13,2026-02-01
4775,2374,630,2025-07-17
4776,2374,793,2025-03-31
4777,2374,892,2025-07-25
4778,2374,1141,2025-12-05
4779,2374,1492,2025-01-30
4780,2375,15,2025-09-18
4781,2375,1094,2026-02-06
4782,2375,1310,2025-05-27
4783,2375,1358,2025-12-06
4784,2375,1425,2025-07-24
4785,2376,146,2025-04-28
4786,2376,204,2025-10-20
4787,2377,203,2026-03-01
4788,2377,1244,2026-01-04
4789,2378,42,2025-08-31
4790,2378,116,2025-12-03
4791,2378,169,2025-07-07
4792,2378,484,2025-07-17
4793,2378,978,2025-02-02
4794,2378,1082,2025-06-10
4795,2379,93,2026-01-10
4796,2379,1250,2025-05-22
4797,2379,1450,2026-02-09
4798,2379,1498,2025-09-01
4799,2380,175,2025-01-24
4800,2380,918,2025-07-05
4801,2380,929,2025-06-13
4802,2380,1377,2025-05-09
4803,2380,1467,2025-10-19
4804,2381,82,2025-02-07
4805,2381,232,2026-02-14
4806,2381,530,2025-03-31
4807,2381,1137,2026-04-25
4808,2381,1388,2025-11-17
4809,2382,38,2025-12-04
4810,2382,671,2025-02-04
4811,2382,732,2025-07-08
4812,2382,838,2025-02-14
4813,2382,1004,2025-08-08
4814,2382,1104,2026-01-04
4815,2383,56,2025-05-18
4816,2383,104,2025-02-06
4817,2383,134,2025-02-09
4818,2383,293,2025-10-17
4819,2383,892,2026-01-28
4820,2383,945,2026-04-16
4821,2383,1326,2025-12-11
4822,2384,96,2025-06-25
4823,2384,512,2025-06-18
4824,2384,1065,2025-08-08
4825,2384,1107,2025-05-20
4826,2384,1133,2025-01-09
4827,2385,85,2025-10-19
4828,2385,116,2026-04-23
4829,2385,468,2025-12-10
4830,2385,830,2025-02-16
4831,2385,1007,2025-10-23
4832,2385,1041,2026-01-05
4833,2385,1162,2025-07-12
4834,2385,1228,2025-10-31
4835,2386,125,2025-04-19
4836,2386,1349,2025-10-30
4837,2387,57,2025-06-14
4838,2387,84,2025-08-19
4839,2387,112,2025-10-08
4840,2387,125,2025-09-12
4841,2387,188,2025-07-03
4842,2387,574,2026-02-17
4843,2387,807,2025-04-05
4844,2387,899,2025-01-31
4845,2387,923,2025-09-02
4846,2387,1395,2026-02-16
4847,2388,9,2025-01-01
4848,2388,146,2026-02-20
4849,2388,553,2025-03-12
4850,2388,1257,2025-01-10
4851,2389,165,2025-05-10
4852,2389,195,2025-03-28
4853,2389,411,2025-08-11
4854,2389,855,2025-03-23
4855,2389,1047,2025-12-08
4856,2389,1259,2025-01-08
4857,2389,1266,2025-02-06
4858,2390,87,2025-11-15
4859,2390,191,2026-03-20
4860,2390,579,2025-11-30
4861,2390,1148,2025-09-12
4862,2390,1325,2025-02-19
4863,2391,38,2025-03-11
4864,2391,149,2026-01-09
4865,2391,352,2025-12-05
4866,2391,758,2025-02-15
4867,2391,1004,2025-03-18
4868,2391,1307,2025-06-07
4869,2392,85,2025-02-07
4870,2392,157,2026-04-27
4871,2392,165,2025-04-14
4872,2392,468,2025-10-20
4873,2392,1278,2025-05-05
4874,2393,75,2026-01-20
4875,2393,116,2026-01-02
4876,2393,627,2025-08-09
4877,2393,837,2026-04-09
4878,2394,96,2026-04-30
4879,2394,125,2025-11-14
4880,2394,298,2025-07-26
4881,2394,309,2025-08-25
4882,2394,404,2025-09-30
4883,2394,874,2025-10-18
4884,2394,1060,2025-11-28
4885,2395,204,2025-08-21
4886,2395,433,2025-07-27
4887,2395,708,2025-01-19
4888,2395,760,2025-10-17
4889,2395,836,2025-09-25
4890,2395,852,2025-08-31
4891,2396,79,2025-04-21
4892,2396,165,2025-02-07
4893,2396,172,2025-03-26
4894,2396,880,2025-08-07
4895,2396,1402,2025-09-09
4896,2397,147,2026-04-03
4897,2397,503,2025-09-05
4898,2397,865,2025-04-29
4899,2397,1424,2025-02-10
4900,2398,97,2026-02-13
4901,2398,260,2025-11-05
4902,2398,374,2026-01-30
4903,2398,477,2025-04-05
4904,2398,960,2025-03-09
4905,2398,1182,2025-08-13
4906,2399,192,2025-11-30
4907,2399,364,2025-07-19
4908,2399,1055,2025-12-12
4909,2399,1486,2026-01-27
4910,2400,4,2025-01-15
4911,2400,11,2025-08-24
4912,2400,443,2025-06-23
4913,2400,1248,2025-12-23
4914,2400,1307,2025-10-23
4915,2400,1394,2025-09-29
4916,2401,146,2025-10-01
4917,2401,151,2025-11-15
4918,2401,864,2025-09-01
4919,2401,1450,2025-11-29
4920,2402,191,2025-10-06
4921,2402,1157,2025-08-04
4922,2402,1455,2025-06-30
4923,2403,203,2025-05-02
4924,2403,525,2026-03-07
4925,2403,792,2025-11-23
4926,2403,1139,2026-04-25
4927,2403,1267,2025-04-17
4928,2404,149,2026-04-27
4929,2404,534,2025-11-20
4930,2404,549,2025-12-17
4931,2404,1150,2025-10-20
4932,2404,1307,2026-04-06
4933,2405,56,2026-04-14
4934,2405,313,2025-12-24
4935,2405,447,2025-12-21
4936,2405,689,2025-06-08
4937,2405,960,2025-04-14
4938,2405,1053,2025-03-01
4939,2406,15,2025-11-05
4940,2406,332,2025-02-16
4941,2406,496,2025-11-19
4942,2406,530,2026-01-30
4943,2406,660,2025-07-15
4944,2406,760,2025-06-18
4945,2406,1124,2025-06-08
4946,2407,169,2025-04-07
4947,2407,461,2025-01-16
4948,2407,1198,2025-09-20
4949,2408,163,2025-12-11
4950,2408,503,2026-01-07
4951,2408,518,2026-02-07
4952,2408,1247,2025-10-24
4953,2409,35,2025-11-23
4954,2409,119,2025-06-21
4955,2409,147,2025-04-04
4956,2410,112,2025-04-30
4957,2410,149,2025-03-05
4958,2410,660,2025-03-16
4959,2410,1118,2025-01-24
4960,2410,1188,2025-03-23
4961,2411,37,2025-03-03
4962,2411,186,2025-10-28
4963,2411,655,2025-02-05
4964,2411,756,2025-06-30
4965,2411,833,2026-03-08
4966,2411,1022,2025-01-13
4967,2411,1294,2026-02-01
4968,2411,1477,2025-06-28
4969,2412,47,2025-09-06
4970,2412,93,2026-02-18
4971,2412,255,2025-07-13
4972,2412,699,2025-05-20
4973,2412,1498,2025-05-25
4974,2413,163,2025-10-16
4975,2413,610,2025-11-24
4976,2413,777,2025-08-22
4977,2413,891,2026-02-14
4978,2413,921,2026-04-17
4979,2413,1043,2025-05-26
4980,2413,1397,2025-09-03
4981,2414,192,2025-01-04
4982,2414,503,2025-12-31
4983,2414,698,2025-01-26
4984,2414,1063,2025-01-01
4985,2414,1167,2025-03-13
4986,2415,169,2025-08-04
4987,2415,181,2025-10-15
4988,2415,1297,2025-08-26
4989,2416,169,2025-07-22
4990,2416,1087,2025-06-06
4991,2417,192,2025-06-08
4992,2417,296,2025-10-06
4993,2417,347,2025-12-07
4994,2417,503,2026-01-26
4995,2417,1252,2025-08-11
4996,2417,1412,2025-09-12
4997,2418,169,2025-07-25
4998,2418,186,2025-06-02
4999,2418,594,2025-10-21
5000,2418,865,2025-08-18
5001,2418,1022,2025-10-31
5002,2418,1259,2025-08-19
5003,2418,1293,2026-04-18
5004,2418,1374,2025-06-08
5005,2419,169,2026-03-30
5006,2419,308,2026-04-27
5007,2419,679,2025-02-15
5008,2419,867,2025-08-03
5009,2419,921,2026-02-22
5010,2420,12,2025-04-14
5011,2420,93,2025-07-17
5012,2420,136,2026-04-01
5013,2420,710,2025-06-27
5014,2420,1452,2025-08-07
5015,2421,11,2025-12-20
5016,2421,408,2025-01-18
5017,2421,796,2025-05-12
5018,2421,847,2026-03-16
5019,2421,1071,2025-06-19
5020,2421,1320,2025-01-17
5021,2421,1331,2025-01-12
5022,2422,37,2025-07-28
5023,2422,209,2025-05-06
5024,2422,799,2025-06-30
5025,2423,203,2025-06-11
5026,2423,377,2025-12-24
5027,2423,661,2025-04-23
5028,2423,1346,2025-08-29
5029,2424,123,2025-04-12
5030,2424,413,2025-01-20
5031,2424,493,2025-10-29
5032,2424,550,2026-01-14
5033,2424,981,2025-07-17
5034,2424,1080,2025-05-20
5035,2424,1211,2025-10-17
5036,2424,1351,2025-08-07
5037,2424,1358,2025-11-12
5038,2424,1368,2025-04-06
5039,2425,81,2025-08-26
5040,2425,204,2025-08-14
5041,2425,232,2025-02-10
5042,2425,1016,2025-02-26
5043,2425,1054,2026-03-28
5044,2425,1312,2025-11-22
5045,2426,37,2025-10-17
5046,2426,474,2025-11-29
5047,2426,698,2025-07-03
5048,2426,1127,2025-03-12
5049,2426,1461,2025-10-19
5050,2426,1492,2025-12-23
5051,2427,46,2025-07-14
5052,2427,125,2025-04-25
5053,2427,335,2025-06-14
5054,2427,514,2025-04-16
5055,2427,791,2025-01-26
5056,2427,986,2025-12-22
5057,2427,1385,2025-07-09
5058,2427,1467,2025-10-31
5059,2428,163,2025-08-27
5060,2428,203,2026-01-04
5061,2428,392,2025-01-05
5062,2428,786,2025-04-02
5063,2428,796,2025-07-08
5064,2428,1205,2025-06-29
5065,2429,93,2025-02-26
5066,2429,227,2025-03-24
5067,2429,234,2025-09-28
5068,2429,494,2025-03-24
5069,2429,523,2025-08-25
5070,2429,720,2025-07-31
5071,2429,1360,2025-12-12
5072,2430,34,2025-04-16
5073,2430,314,2025-08-07
5074,2430,1013,2025-06-03
5075,2431,191,2025-05-01
5076,2431,937,2025-02-10
5077,2431,1196,2026-03-13
5078,2432,163,2025-06-10
5079,2432,491,2025-11-11
5080,2432,850,2025-05-29
5081,2432,895,2026-04-15
5082,2432,917,2025-09-26
5083,2432,1208,2025-11-14
5084,2433,116,2026-03-12
5085,2433,500,2025-10-14
5086,2433,801,2026-03-07
5087,2434,58,2025-10-19
5088,2434,81,2026-01-26
5089,2434,555,2025-06-21
5090,2434,642,2025-11-10
5091,2434,1475,2025-07-21
5092,2435,138,2025-06-28
5093,2435,390,2026-04-18
5094,2435,504,2025-05-25
5095,2435,710,2025-07-31
5096,2435,1065,2025-12-03
5097,2435,1203,2025-08-11
5098,2436,169,2025-05-07
5099,2436,990,2025-06-02
5100,2436,1413,2025-06-19
5101,2437,11,2026-01-21
5102,2437,78,2025-05-15
5103,2437,297,2026-03-24
5104,2437,517,2026-04-07
5105,2437,539,2026-04-28
5106,2437,552,2026-04-18
5107,2437,686,2025-05-30
5108,2437,923,2026-01-17
5109,2437,1108,2025-04-24
5110,2437,1462,2025-06-07
5111,2438,123,2025-12-30
5112,2438,587,2025-05-12
5113,2439,192,2026-02-07
5114,2439,839,2025-02-07
5115,2439,948,2026-02-10
5116,2439,996,2026-04-05
5117,2439,1263,2025-06-06
5118,2439,1314,2025-11-10
5119,2439,1477,2025-03-04
5120,2440,161,2025-07-22
5121,2440,199,2025-10-19
5122,2440,595,2026-04-21
5123,2440,1179,2025-11-05
5124,2440,1433,2025-10-29
5125,2441,37,2025-05-06
5126,2441,1255,2026-01-21
5127,2442,156,2025-11-08
5128,2442,983,2025-05-05
5129,2442,1167,2026-03-03
5130,2442,1435,2025-12-28
5131,2443,96,2026-04-29
5132,2443,125,2026-03-16
5133,2443,710,2025-05-13
5134,2443,936,2025-05-22
5135,2443,952,2025-10-24
5136,2443,1072,2025-08-19
5137,2444,37,2025-05-26
5138,2444,163,2025-04-26
5139,2444,353,2025-10-22
5140,2444,381,2026-03-28
5141,2444,468,2025-05-19
5142,2444,613,2026-03-26
5143,2444,1421,2025-07-29
5144,2445,106,2025-05-16
5145,2445,147,2025-01-09
5146,2445,344,2025-09-27
5147,2445,625,2026-01-24
5148,2446,34,2025-12-13
5149,2446,512,2026-03-05
5150,2446,531,2025-12-03
5151,2446,934,2025-12-25
5152,2446,1491,2025-10-15
5153,2447,13,2025-03-29
5154,2447,137,2025-03-16
5155,2447,881,2025-04-25
5156,2447,916,2025-01-25
5157,2448,56,2025-10-31
5158,2448,307,2025-06-18
5159,2448,446,2025-09-14
5160,2448,706,2025-08-04
5161,2448,842,2025-03-07
5162,2448,958,2025-11-06
5163,2448,964,2026-01-06
5164,2449,101,2025-09-02
5165,2449,169,2026-01-06
5166,2449,789,2026-04-24
5167,2449,952,2025-04-22
5168,2450,56,2025-10-22
5169,2450,189,2025-12-09
5170,2450,198,2026-02-23
5171,2450,561,2025-09-30
5172,2450,653,2025-11-25
5173,2451,116,2026-01-30
5174,2451,1071,2026-03-28
5175,2451,1104,2025-09-25
5176,2452,165,2025-10-26
5177,2452,206,2026-03-16
5178,2452,214,2026-04-24
5179,2452,415,2025-05-19
5180,2452,609,2025-02-21
5181,2452,732,2025-05-08
5182,2452,1025,2025-03-22
5183,2452,1353,2025-02-23
5184,2453,40,2025-01-05
5185,2453,109,2026-04-03
5186,2453,146,2026-01-25
5187,2453,357,2025-10-20
5188,2453,449,2025-08-17
5189,2453,778,2025-03-08
5190,2453,815,2025-02-01
5191,2453,1168,2025-12-20
5192,2454,105,2025-03-30
5193,2454,175,2025-02-28
5194,2454,235,2026-03-17
5195,2454,909,2025-09-03
5196,2455,38,2026-01-25
5197,2455,318,2025-01-23
5198,2455,431,2025-09-03
5199,2455,432,2025-06-17
5200,2455,617,2025-06-04
5201,2455,956,2026-04-06
5202,2455,1294,2026-03-13
5203,2456,149,2025-09-23
5204,2456,589,2025-06-28
5205,2457,97,2025-04-09
5206,2457,303,2025-05-27
5207,2457,351,2025-11-19
5208,2457,628,2025-12-30
5209,2457,1153,2026-02-06
5210,2458,56,2025-07-31
5211,2458,721,2025-07-09
5212,2458,1322,2025-06-22
5213,2459,96,2025-08-30
5214,2459,844,2026-02-14
5215,2460,56,2025-10-27
5216,2460,93,2025-03-09
5217,2460,295,2026-03-16
5218,2460,1062,2026-02-03
5219,2460,1137,2025-03-06
5220,2460,1406,2025-01-20
5221,2461,56,2025-05-06
5222,2461,559,2025-01-06
5223,2461,1057,2025-01-22
5224,2462,81,2025-06-04
5225,2462,165,2025-05-23
5226,2462,376,2025-10-18
5227,2462,717,2025-08-10
5228,2462,769,2026-03-11
5229,2462,793,2025-06-05
5230,2462,1012,2025-07-15
5231,2462,1236,2026-04-21
5232,2462,1413,2025-02-02
5233,2462,1500,2025-03-17
5234,2463,147,2026-01-06
5235,2463,189,2025-11-09
5236,2463,305,2025-04-25
5237,2463,376,2025-10-18
5238,2464,11,2025-01-28
5239,2464,197,2026-02-26
5240,2464,528,2025-01-15
5241,2465,96,2025-03-14
5242,2465,132,2026-04-05
5243,2465,299,2026-01-13
5244,2465,755,2026-03-24
5245,2466,14,2025-07-02
5246,2466,192,2025-02-24
5247,2466,660,2025-03-11
5248,2466,872,2026-02-03
5249,2466,997,2025-02-28
5250,2466,1011,2025-04-15
5251,2466,1063,2026-01-11
5252,2467,96,2026-03-19
5253,2467,300,2025-08-25
5254,2467,1263,2025-06-20
5255,2467,1370,2026-03-16
5256,2467,1397,2025-07-21
5257,2468,11,2026-03-19
5258,2468,36,2025-07-02
5259,2468,119,2025-09-28
5260,2468,417,2025-12-28
5261,2469,13,2025-11-01
5262,2469,93,2025-07-20
5263,2469,96,2025-04-08
5264,2469,109,2025-06-19
5265,2469,504,2025-10-26
5266,2469,1093,2025-06-22
5267,2470,203,2025-11-18
5268,2470,440,2025-12-13
5269,2470,675,2026-03-06
5270,2470,762,2025-08-30
5271,2470,1066,2025-01-02
5272,2470,1394,2025-10-12
5273,2471,82,2026-04-27
5274,2471,144,2025-08-09
5275,2471,834,2026-02-17
5276,2472,58,2025-02-10
5277,2472,146,2026-04-18
5278,2472,243,2025-10-21
5279,2472,535,2025-11-09
5280,2472,736,2025-04-22
5281,2472,1372,2026-04-29
5282,2473,192,2025-02-05
5283,2473,977,2025-05-14
5284,2473,1304,2025-12-28
5285,2474,21,2025-07-04
5286,2474,28,2025-10-10
5287,2474,199,2025-06-02
5288,2474,614,2025-04-07
5289,2474,845,2025-05-13
5290,2474,1009,2025-12-23
5291,2475,34,2025-06-17
5292,2475,122,2025-07-23
5293,2475,472,2025-07-18
5294,2475,630,2025-04-24
5295,2475,1052,2025-02-13
5296,2475,1159,2025-02-07
5297,2475,1263,2025-04-25
5298,2476,39,2026-04-24
5299,2476,165,2025-10-05
5300,2476,385,2025-10-09
5301,2476,476,2025-07-09
5302,2476,1059,2025-01-25
5303,2476,1234,2026-03-30
5304,2477,125,2025-04-15
5305,2477,227,2025-06-01
5306,2477,398,2026-04-01
5307,2477,732,2025-04-04
5308,2477,1312,2025-04-08
5309,2478,16,2026-03-01
5310,2478,156,2025-07-28
5311,2478,771,2025-03-22
5312,2478,834,2026-04-23
5313,2478,1131,2025-12-10
5314,2478,1132,2026-01-15
5315,2479,123,2025-03-11
5316,2479,149,2025-01-18
5317,2479,326,2026-03-16
5318,2479,420,2025-05-08
5319,2479,523,2025-04-10
5320,2479,785,2025-06-08
5321,2479,814,2025-08-23
5322,2479,1428,2025-05-30
5323,2479,1435,2025-04-04
5324,2480,116,2025-05-16
5325,2480,1445,2025-07-28
5326,2481,116,2025-04-17
5327,2481,193,2025-12-02
5328,2481,411,2025-02-25
5329,2481,591,2025-01-10
5330,2481,782,2025-06-04
5331,2481,900,2025-04-29
5332,2482,96,2025-12-06
5333,2482,248,2025-08-19
5334,2482,548,2026-01-01
5335,2482,1105,2025-10-24
5336,2483,96,2025-08-01
5337,2483,947,2025-09-16
5338,2483,1205,2026-01-15
5339,2483,1295,2025-12-21
5340,2483,1423,2025-12-12
5341,2483,1453,2026-02-15
5342,2484,192,2025-12-03
5343,2484,481,2025-07-22
5344,2484,845,2026-02-05
5345,2484,1051,2026-02-25
5346,2484,1097,2025-10-04
5347,2484,1153,2026-03-02
5348,2484,1295,2025-01-15
5349,2485,146,2025-01-17
5350,2485,177,2025-10-10
5351,2485,1500,2026-02-10
5352,2486,104,2026-04-07
5353,2486,116,2025-11-30
5354,2486,191,2025-06-10
5355,2486,350,2025-12-30
5356,2486,473,2025-12-29
5357,2486,710,2026-04-05
5358,2486,1478,2025-03-14
5359,2487,138,2025-10-19
5360,2487,842,2026-03-17
5361,2487,844,2025-05-24
5362,2487,1148,2025-07-15
5363,2488,70,2026-01-21
5364,2488,109,2025-10-26
5365,2488,148,2025-01-26
5366,2488,175,2025-03-20
5367,2488,1216,2026-03-30
5368,2488,1393,2026-02-17
5369,2488,1394,2025-12-01
5370,2489,85,2025-02-15
5371,2489,93,2025-11-28
5372,2489,146,2025-12-06
5373,2489,376,2025-09-07
5374,2489,389,2025-08-13
5375,2489,580,2026-04-01
5376,2489,1237,2025-05-27
5377,2489,1362,2025-02-02
5378,2490,34,2025-08-27
5379,2490,149,2025-05-15
5380,2490,865,2025-04-07
5381,2490,1022,2025-01-20
5382,2490,1085,2025-06-04
5383,2490,1104,2025-04-17
5384,2491,71,2026-03-07
5385,2491,204,2025-06-13
5386,2491,363,2025-01-30
5387,2491,504,2025-03-21
5388,2491,525,2025-04-27
5389,2491,712,2025-10-02
5390,2491,832,2026-02-11
5391,2491,893,2026-02-10
5392,2491,1248,2026-03-04
5393,2491,1422,2025-07-07
5394,2492,38,2026-04-30
5395,2492,128,2025-01-25
5396,2492,468,2025-03-25
5397,2492,661,2025-03-24
5398,2492,1145,2026-02-22
5399,2493,123,2025-10-14
5400,2493,499,2025-11-09
5401,2493,575,2026-04-29
5402,2493,785,2025-05-24
5403,2493,1397,2025-08-05
5404,2493,1428,2025-07-20
5405,2494,116,2025-06-23
5406,2494,1358,2025-04-03
5407,2495,96,2025-08-18
5408,2495,111,2026-01-20
5409,2495,594,2025-06-22
5410,2495,732,2026-01-09
5411,2495,860,2026-03-23
5412,2495,1004,2026-01-21
5413,2495,1100,2026-04-18
5414,2495,1200,2026-01-24
5415,2496,38,2025-03-23
5416,2496,153,2025-04-12
5417,2496,329,2025-04-13
5418,2496,1500,2025-03-10
5419,2497,146,2025-09-24
5420,2497,1170,2025-03-20
5421,2497,1220,2025-11-16
5422,2498,149,2026-02-11
5423,2498,398,2025-04-30
5424,2498,783,2025-01-05
5425,2498,1045,2025-03-11
5426,2498,1443,2025-01-09
5427,2499,28,2025-03-10
5428,2499,38,2025-06-19
5429,2499,385,2025-07-25
5430,2499,408,2025-10-21
5431,2499,454,2025-02-25
5432,2500,146,2025-04-21
5433,2500,331,2025-04-15
5434,2500,630,2026-03-26
5435,2500,883,2025-01-06
5436,2500,1073,2025-04-28
5437,2500,1322,2025-01-12
5438,2501,116,2025-04-23
5439,2501,635,2025-04-12
5440,2501,1079,2025-05-10
5441,2502,97,2025-07-29
5442,2502,109,2025-08-28
5443,2502,357,2025-08-14
5444,2502,784,2025-02-04
5445,2502,1093,2026-01-11
5446,2502,1221,2025-12-21
5447,2502,1410,2025-03-04
5448,2503,82,2025-12-10
5449,2503,342,2026-04-07
5450,2503,525,2025-08-08
5451,2503,693,2026-02-06
5452,2503,698,2025-08-22
5453,2503,929,2025-07-06
5454,2503,947,2026-04-23
5455,2503,1236,2026-02-22
5456,2504,79,2025-01-06
5457,2504,199,2025-08-13
5458,2504,784,2026-03-15
5459,2504,835,2025-08-07
5460,2504,1325,2025-03-14
5461,2504,1401,2026-02-02
5462,2505,163,2025-09-02
5463,2505,170,2025-11-09
5464,2505,325,2025-11-09
5465,2505,839,2025-06-27
5466,2505,1089,2026-01-20
5467,2506,133,2026-02-21
5468,2506,165,2025-06-11
5469,2506,214,2025-05-08
5470,2506,299,2026-04-06
5471,2506,827,2026-01-19
5472,2506,895,2025-01-30
5473,2506,982,2025-03-30
5474,2507,18,2025-05-23
5475,2507,53,2025-11-25
5476,2507,163,2025-07-09
5477,2507,173,2025-04-18
5478,2507,268,2025-01-29
5479,2507,467,2025-02-10
5480,2507,503,2026-04-28
5481,2507,671,2026-04-08
5482,2508,48,2025-03-30
5483,2508,116,2026-04-12
5484,2508,281,2025-04-29
5485,2508,445,2026-01-12
5486,2508,455,2025-10-25
5487,2508,468,2025-10-12
5488,2508,1123,2026-01-30
5489,2508,1165,2025-05-13
5490,2508,1315,2026-02-22
5491,2508,1337,2025-09-07
5492,2509,66,2025-03-29
5493,2509,156,2025-05-01
5494,2509,718,2025-01-15
5495,2509,749,2025-04-21
5496,2509,833,2025-05-19
5497,2509,1274,2026-01-02
5498,2510,71,2026-04-15
5499,2510,82,2026-02-10
5500,2510,390,2025-03-09
5501,2510,525,2025-01-24
5502,2510,945,2025-03-07
5503,2510,1028,2025-10-04
5504,2511,165,2025-06-01
5505,2511,749,2025-08-23
5506,2511,796,2025-02-04
5507,2511,1270,2026-04-30
5508,2512,149,2026-02-14
5509,2512,412,2025-10-25
5510,2512,950,2026-02-19
5511,2512,1103,2026-01-15
5512,2513,70,2026-02-13
5513,2513,174,2026-04-15
5514,2513,188,2026-01-30
5515,2513,204,2025-01-09
5516,2513,419,2025-02-16
5517,2513,556,2025-08-21
5518,2513,1159,2026-01-03
5519,2513,1347,2025-03-25
5520,2513,1461,2025-03-25
5521,2514,164,2025-12-05
5522,2514,203,2026-02-13
5523,2514,536,2025-03-09
5524,2515,199,2025-05-30
5525,2515,615,2025-01-27
5526,2516,34,2026-03-28
5527,2516,492,2025-07-11
5528,2516,576,2025-01-30
5529,2516,697,2025-08-13
5530,2516,920,2026-02-21
5531,2517,15,2026-03-26
5532,2517,281,2026-01-05
5533,2517,301,2025-07-31
5534,2517,866,2026-04-15
5535,2517,967,2026-03-02
5536,2517,1459,2025-05-13
5537,2518,191,2025-12-05
5538,2518,231,2026-03-29
5539,2518,753,2025-10-07
5540,2519,8,2025-08-25
5541,2519,192,2026-01-09
5542,2519,359,2026-02-02
5543,2519,952,2025-02-22
5544,2519,1234,2026-03-02
5545,2519,1423,2026-04-15
5546,2519,1465,2025-09-01
5547,2520,34,2025-11-25
5548,2520,272,2025-11-22
5549,2520,699,2025-12-20
5550,2520,753,2025-09-11
5551,2520,918,2025-06-14
5552,2520,1186,2026-02-27
5553,2520,1232,2025-05-14
5554,2520,1423,2025-07-31
5555,2521,15,2025-02-24
5556,2521,219,2025-11-15
5557,2521,280,2026-02-07
5558,2521,597,2026-03-03
5559,2521,1263,2025-11-04
5560,2522,107,2026-04-25
5561,2522,156,2026-03-18
5562,2522,530,2025-04-04
5563,2522,734,2026-04-19
5564,2523,11,2025-05-16
5565,2523,38,2025-01-26
5566,2523,175,2025-07-17
5567,2523,992,2025-07-04
5568,2523,1208,2025-11-24
5569,2524,57,2025-10-05
5570,2524,117,2025-04-27
5571,2524,149,2025-10-02
5572,2524,223,2026-03-23
5573,2524,341,2026-04-17
5574,2524,353,2025-08-14
5575,2524,1022,2025-03-20
5576,2525,204,2026-02-08
5577,2525,278,2025-12-13
5578,2525,839,2025-08-29
5579,2525,1114,2025-11-19
5580,2526,116,2025-03-17
5581,2526,235,2025-06-23
5582,2526,702,2025-09-16
5583,2526,922,2026-03-23
5584,2526,1291,2026-04-22
5585,2527,29,2025-02-02
5586,2527,34,2025-04-03
5587,2527,860,2025-03-21
5588,2527,1338,2025-06-12
5589,2528,125,2025-11-03
5590,2528,707,2025-01-21
5591,2528,1128,2026-02-15
5592,2528,1183,2025-10-27
5593,2529,169,2026-02-05
5594,2529,307,2025-12-19
5595,2529,687,2025-06-25
5596,2529,867,2025-07-17
5597,2529,1426,2025-07-21
5598,2530,71,2026-01-24
5599,2530,175,2025-10-01
5600,2530,525,2025-05-25
5601,2530,976,2025-12-31
5602,2530,1093,2025-05-11
5603,2530,1451,2026-04-14
5604,2530,1480,2025-09-17
5605,2531,149,2026-01-07
5606,2531,401,2026-01-14
5607,2531,485,2025-03-17
5608,2531,535,2026-04-30
5609,2531,577,2025-05-07
5610,2531,734,2025-09-06
5611,2531,978,2025-05-08
5612,2532,204,2025-11-18
5613,2532,289,2025-04-07
5614,2532,394,2025-08-20
5615,2532,572,2025-10-21
5616,2532,644,2026-01-29
5617,2532,769,2026-04-27
5618,2532,1019,2025-02-09
5619,2532,1478,2026-02-11
5620,2533,7,2025-04-06
5621,2533,146,2025-02-21
5622,2533,147,2025-03-08
5623,2533,318,2025-02-13
5624,2533,501,2025-02-14
5625,2533,556,2025-01-25
5626,2533,844,2025-03-03
5627,2533,1461,2025-09-29
5628,2533,1491,2025-08-23
5629,2534,34,2025-09-20
5630,2534,872,2025-01-22
5631,2534,901,2025-05-01
5632,2535,156,2025-12-23
5633,2535,517,2025-06-27
5634,2535,548,2025-12-19
5635,2535,624,2025-10-11
5636,2535,808,2025-08-01
5637,2535,888,2026-02-18
5638,2535,1215,2026-04-16
5639,2535,1482,2026-01-16
5640,2536,123,2025-11-11
5641,2536,246,2025-01-26
5642,2536,255,2025-12-09
5643,2536,521,2026-04-15
5644,2536,686,2026-04-02
5645,2536,978,2026-04-06
5646,2536,997,2025-02-07
5647,2536,1082,2025-08-21
5648,2536,1083,2026-03-14
5649,2537,138,2025-01-26
5650,2537,410,2026-03-18
5651,2537,538,2026-02-27
5652,2537,575,2025-09-06
5653,2537,832,2025-05-30
5654,2537,956,2025-12-22
5655,2537,1365,2025-01-19
5656,2538,147,2026-02-13
5657,2538,282,2025-11-19
5658,2538,1284,2026-04-23
5659,2538,1336,2025-04-26
5660,2539,151,2025-11-03
5661,2539,191,2025-03-19
5662,2539,927,2025-06-30
5663,2539,1118,2025-02-23
5664,2539,1230,2025-10-28
5665,2539,1300,2025-11-14
5666,2540,13,2025-11-13
5667,2540,290,2025-05-09
5668,2540,612,2025-12-22
5669,2540,830,2025-07-01
5670,2540,1084,2025-04-02
5671,2541,14,2025-11-03
5672,2541,163,2025-06-12
5673,2541,698,2026-01-12
5674,2541,809,2026-03-30
5675,2541,827,2026-04-05
5676,2541,879,2026-01-27
5677,2541,1360,2025-02-26
5678,2542,82,2025-09-10
5679,2542,107,2025-02-22
5680,2542,637,2025-03-30
5681,2542,963,2025-03-31
5682,2542,968,2025-03-14
5683,2542,1124,2026-04-09
5684,2542,1303,2025-09-10
5685,2543,96,2026-04-30
5686,2543,109,2025-07-18
5687,2543,203,2026-01-19
5688,2543,714,2025-05-11
5689,2543,901,2025-05-08
5690,2544,116,2025-04-23
5691,2544,652,2025-10-13
5692,2544,1242,2025-08-21
5693,2545,56,2025-04-04
5694,2545,81,2025-03-25
5695,2545,445,2025-01-11
5696,2545,714,2025-07-04
5697,2545,1004,2026-03-15
5698,2545,1302,2025-05-29
5699,2545,1328,2025-03-18
5700,2546,58,2025-03-15
5701,2546,137,2025-02-27
5702,2546,397,2025-07-12
5703,2546,688,2025-04-01
5704,2546,699,2025-07-12
5705,2546,732,2025-12-14
5706,2546,1004,2025-06-14
5707,2546,1042,2025-12-17
5708,2546,1194,2026-02-20
5709,2547,175,2025-05-14
5710,2547,822,2025-10-30
5711,2547,923,2026-03-27
5712,2547,958,2025-11-27
5713,2547,1175,2025-07-15
5714,2547,1330,2026-03-12
5715,2547,1476,2025-04-09
5716,2548,123,2026-04-11
5717,2548,351,2025-04-10
5718,2548,504,2026-01-14
5719,2548,534,2026-01-12
5720,2548,805,2025-01-01
5721,2548,826,2025-12-21
5722,2548,976,2025-10-04
5723,2548,1246,2026-02-23
5724,2549,146,2025-04-11
5725,2549,604,2025-04-14
5726,2549,612,2025-05-29
5727,2549,827,2025-05-31
5728,2549,842,2025-06-04
5729,2549,895,2025-08-15
5730,2550,97,2026-03-26
5731,2550,186,2026-04-09
5732,2550,245,2026-03-03
5733,2550,686,2025-01-10
5734,2550,814,2025-06-06
5735,2550,1022,2025-09-15
5736,2551,24,2026-03-07
5737,2551,34,2025-09-23
5738,2551,1282,2025-09-13
5739,2552,56,2025-09-18
5740,2552,1495,2025-11-03
5741,2553,128,2025-10-25
5742,2553,199,2026-04-18
5743,2553,1012,2025-06-19
5744,2553,1361,2025-01-07
5745,2554,125,2025-05-19
5746,2554,329,2025-08-26
5747,2554,435,2025-01-11
5748,2554,910,2026-02-16
5749,2554,1028,2025-03-27
5750,2554,1305,2025-01-06
5751,2555,34,2026-03-17
5752,2555,155,2025-07-11
5753,2555,897,2025-11-11
5754,2556,96,2025-12-16
5755,2556,304,2025-07-13
5756,2556,1203,2026-01-28
5757,2556,1374,2025-09-17
5758,2557,140,2025-12-17
5759,2557,191,2025-06-28
5760,2557,443,2025-02-06
5761,2557,532,2025-11-10
5762,2557,557,2026-01-28
5763,2557,566,2026-03-24
5764,2557,805,2025-06-10
5765,2557,1097,2025-04-08
5766,2558,55,2026-02-08
5767,2558,204,2025-12-16
5768,2558,239,2025-08-18
5769,2558,347,2025-09-12
5770,2558,447,2025-05-12
5771,2558,933,2025-11-16
5772,2559,123,2025-12-26
5773,2559,164,2026-04-08
5774,2559,193,2025-04-04
5775,2559,556,2025-07-23
5776,2559,992,2025-08-07
5777,2559,1069,2025-11-21
5778,2560,11,2025-12-03
5779,2560,123,2025-04-18
5780,2560,247,2025-03-23
5781,2560,397,2026-05-01
5782,2560,891,2026-03-26
5783,2560,1269,2025-11-03
5784,2560,1299,2026-01-15
5785,2560,1327,2025-06-12
5786,2561,86,2025-08-01
5787,2561,204,2025-04-30
5788,2561,457,2025-05-18
5789,2561,523,2025-04-05
5790,2561,1170,2025-08-20
5791,2562,149,2026-04-17
5792,2562,199,2025-09-12
5793,2562,528,2025-08-31
5794,2562,1161,2025-06-13
5795,2562,1285,2026-02-11
5796,2562,1397,2025-03-29
5797,2563,156,2025-03-23
5798,2563,328,2026-04-12
5799,2563,735,2025-07-03
5800,2563,867,2025-10-18
5801,2563,923,2025-03-20
5802,2563,1250,2025-01-09
5803,2563,1429,2025-08-03
5804,2564,165,2025-02-11
5805,2564,535,2026-03-30
5806,2564,1014,2025-07-24
5807,2564,1432,2025-06-28
5808,2565,156,2025-10-05
5809,2565,192,2025-02-12
5810,2565,484,2025-03-14
5811,2565,807,2026-02-19
5812,2566,169,2025-11-06
5813,2566,333,2025-03-10
5814,2566,962,2025-01-15
5815,2566,964,2025-12-01
5816,2566,1235,2025-07-08
5817,2566,1242,2025-10-21
5818,2566,1330,2026-01-07
5819,2567,22,2026-04-20
5820,2567,97,2025-03-22
5821,2567,122,2025-03-19
5822,2567,441,2025-10-31
5823,2567,1131,2025-05-27
5824,2567,1255,2025-03-01
5825,2568,11,2025-02-06
5826,2568,112,2025-06-15
5827,2568,234,2026-04-19
5828,2568,562,2026-03-19
5829,2568,1141,2026-04-21
5830,2568,1378,2026-01-29
5831,2569,96,2025-07-30
5832,2569,105,2025-04-22
5833,2569,327,2025-01-22
5834,2569,1101,2025-03-19
5835,2569,1131,2025-10-30
5836,2570,73,2025-06-12
5837,2570,191,2025-06-11
5838,2570,834,2026-01-23
5839,2570,988,2025-12-07
5840,2571,58,2025-12-25
5841,2571,163,2025-10-25
5842,2571,602,2025-07-25
5843,2571,749,2025-04-30
5844,2571,800,2025-08-12
5845,2571,816,2025-05-06
5846,2571,959,2025-08-26
5847,2572,138,2025-12-09
5848,2572,223,2026-01-04
5849,2572,758,2026-02-20
5850,2572,1282,2025-03-20
5851,2572,1383,2025-11-27
5852,2573,82,2025-07-29
5853,2573,307,2025-03-30
5854,2573,807,2026-02-28
5855,2573,1215,2025-11-15
5856,2573,1330,2026-01-06
5857,2573,1371,2025-06-01
5858,2574,13,2025-12-07
5859,2574,82,2026-01-27
5860,2574,414,2025-04-03
5861,2574,583,2025-01-22
5862,2574,643,2025-08-09
5863,2575,203,2025-07-13
5864,2575,269,2025-02-08
5865,2575,307,2025-06-21
5866,2575,344,2025-12-06
5867,2575,672,2025-05-13
5868,2575,686,2025-11-16
5869,2576,163,2025-09-21
5870,2576,1036,2025-01-14
5871,2577,81,2025-11-27
5872,2577,130,2025-12-09
5873,2577,138,2025-10-10
5874,2577,723,2025-06-23
5875,2577,936,2025-02-19
5876,2577,945,2025-04-10
5877,2578,82,2025-04-15
5878,2578,329,2026-01-06
5879,2578,1245,2025-02-24
5880,2578,1257,2025-04-25
5881,2578,1385,2025-12-02
5882,2579,192,2025-10-03
5883,2579,295,2026-01-25
5884,2579,345,2026-03-12
5885,2579,839,2025-01-21
5886,2579,1136,2025-01-23
5887,2579,1148,2025-05-20
5888,2579,1149,2025-10-21
5889,2580,101,2025-10-01
5890,2580,203,2026-03-13
5891,2580,305,2026-03-12
5892,2580,420,2025-04-25
5893,2580,975,2025-12-27
5894,2581,3,2026-03-15
5895,2581,154,2025-03-22
5896,2581,191,2025-02-02
5897,2581,229,2026-02-24
5898,2581,610,2025-11-25
5899,2581,704,2025-02-12
5900,2581,1112,2025-04-01
5901,2581,1225,2026-03-12
5902,2581,1494,2025-03-19
5903,2582,101,2025-02-18
5904,2582,204,2026-03-01
5905,2582,245,2025-03-30
5906,2582,1169,2026-02-05
5907,2582,1271,2025-02-09
5908,2582,1291,2025-07-10
5909,2582,1447,2026-01-19
5910,2583,116,2025-06-01
5911,2583,331,2025-09-19
5912,2583,630,2025-12-06
5913,2583,758,2026-04-12
5914,2583,1159,2026-03-29
5915,2584,109,2025-02-27
5916,2584,163,2025-12-31
5917,2584,1462,2025-07-10
5918,2585,58,2025-10-03
5919,2585,524,2025-03-20
5920,2585,615,2026-03-22
5921,2586,11,2025-08-11
5922,2586,163,2025-10-06
5923,2586,443,2025-08-02
5924,2586,714,2025-10-02
5925,2586,1189,2025-09-13
5926,2586,1260,2025-07-25
5927,2587,9,2025-06-02
5928,2587,203,2026-04-03
5929,2587,962,2025-01-05
5930,2587,963,2025-02-23
5931,2588,116,2026-01-26
5932,2588,123,2025-10-26
5933,2588,502,2025-02-26
5934,2588,640,2025-09-29
5935,2588,671,2025-06-17
5936,2588,1017,2025-05-15
5937,2588,1490,2025-10-12
5938,2589,13,2025-10-03
5939,2589,105,2025-01-30
5940,2589,390,2025-07-19
5941,2589,1356,2025-06-08
5942,2590,11,2025-06-06
5943,2590,138,2026-01-20
5944,2590,1386,2025-03-10
5945,2591,11,2026-03-05
5946,2591,103,2026-03-05
5947,2591,517,2025-12-11
5948,2591,1144,2025-01-01
5949,2591,1237,2025-01-22
5950,2591,1450,2026-02-11
5951,2591,1462,2025-07-18
5952,2592,37,2025-04-01
5953,2592,148,2025-10-19
5954,2592,588,2026-04-21
5955,2592,944,2025-09-15
5956,2592,1393,2026-04-14
5957,2593,10,2026-04-23
5958,2593,171,2025-09-12
5959,2593,172,2025-08-15
5960,2593,191,2025-11-23
5961,2593,200,2025-09-26
5962,2593,866,2025-09-03
5963,2593,1004,2025-05-06
5964,2593,1294,2026-03-02
5965,2593,1312,2025-06-10
5966,2594,96,2025-09-24
5967,2594,395,2025-06-17
5968,2594,443,2026-02-02
5969,2594,749,2026-01-13
5970,2595,147,2025-07-18
5971,2595,175,2025-11-23
5972,2595,203,2025-07-25
5973,2595,1065,2025-05-25
5974,2595,1258,2026-04-30
5975,2595,1351,2026-03-22
5976,2596,192,2025-07-24
5977,2596,529,2026-01-19
5978,2596,530,2025-06-09
5979,2596,799,2026-02-01
5980,2597,97,2026-01-17
5981,2597,138,2025-03-02
5982,2597,414,2025-11-02
5983,2597,497,2025-08-11
5984,2597,684,2026-01-06
5985,2597,999,2025-03-08
5986,2597,1234,2025-04-22
5987,2598,192,2025-06-01
5988,2598,244,2025-12-04
5989,2598,567,2025-04-03
5990,2598,1040,2025-02-27
5991,2599,169,2025-11-09
5992,2599,385,2025-03-14
5993,2599,796,2026-01-02
5994,2599,918,2026-04-22
5995,2599,1139,2025-08-12
5996,2599,1404,2026-02-19
5997,2599,1414,2025-03-16
5998,2600,149,2025-04-02
5999,2600,261,2025-02-08
6000,2600,307,2025-04-09
6001,2600,964,2025-04-04
6002,2600,995,2025-01-09
6003,2600,1136,2025-06-06
6004,2600,1143,2025-12-20
6005,2601,93,2025-02-02
6006,2601,1036,2025-01-24
6007,2601,1351,2025-05-26
6008,2602,93,2025-03-25
6009,2602,946,2025-11-10
6010,2602,1331,2025-05-10
6011,2603,38,2025-09-30
6012,2603,367,2025-04-22
6013,2603,854,2026-02-12
6014,2604,147,2025-02-27
6015,2604,469,2025-05-25
6016,2604,1465,2026-01-11
6017,2605,116,2025-09-06
6018,2605,151,2026-04-26
6019,2605,329,2025-09-19
6020,2605,913,2026-04-15
6021,2606,58,2026-03-27
6022,2606,336,2025-10-18
6023,2606,361,2026-01-31
6024,2606,686,2026-03-18
6025,2607,35,2025-12-25
6026,2607,146,2026-03-20
6027,2607,249,2025-02-27
6028,2607,409,2025-02-16
6029,2607,1331,2025-08-30
6030,2608,97,2026-03-18
6031,2608,274,2025-11-11
6032,2608,309,2025-08-17
6033,2608,570,2025-03-20
6034,2608,655,2026-02-27
6035,2608,657,2026-01-25
6036,2608,967,2025-07-28
6037,2608,1107,2025-10-29
6038,2609,56,2025-11-09
6039,2609,149,2025-11-01
6040,2609,756,2025-11-10
6041,2609,771,2025-05-23
6042,2609,927,2025-10-22
6043,2609,1291,2025-12-20
6044,2609,1482,2025-09-27
6045,2610,149,2025-02-19
6046,2610,691,2025-11-30
6047,2610,1249,2025-03-24
6048,2611,156,2025-09-21
6049,2611,412,2025-12-24
6050,2611,424,2025-04-12
6051,2611,478,2025-02-26
6052,2611,627,2026-01-12
6053,2611,933,2025-10-09
6054,2611,1071,2025-01-11
6055,2611,1430,2025-01-30
6056,2612,97,2025-04-23
6057,2612,1134,2026-03-25
6058,2612,1161,2025-08-10
6059,2612,1380,2025-08-05
6060,2613,39,2025-07-29
6061,2613,192,2025-01-11
6062,2613,918,2026-01-13
6063,2613,1194,2025-12-19
6064,2614,13,2026-01-17
6065,2614,386,2025-03-28
6066,2614,709,2025-12-28
6067,2614,739,2025-01-02
6068,2614,1064,2025-02-01
6069,2614,1283,2025-01-03
6070,2614,1349,2025-06-28
6071,2614,1424,2026-04-25
6072,2615,191,2025-04-11
6073,2615,305,2026-01-18
6074,2615,381,2025-03-24
6075,2615,418,2025-10-04
6076,2615,671,2025-06-22
6077,2615,673,2025-04-10
6078,2615,872,2025-10-06
6079,2615,955,2025-07-22
6080,2616,204,2025-04-07
6081,2616,254,2026-03-23
6082,2616,932,2025-02-19
6083,2616,1332,2025-01-02
6084,2617,11,2025-06-14
6085,2617,147,2025-11-20
6086,2617,352,2025-01-24
6087,2617,467,2025-06-17
6088,2617,671,2026-02-19
6089,2617,793,2025-04-02
6090,2617,1004,2025-05-19
6091,2618,93,2025-05-06
6092,2618,123,2026-03-30
6093,2618,409,2025-09-29
6094,2618,467,2026-04-06
6095,2618,956,2025-05-01
6096,2618,1055,2025-10-09
6097,2618,1294,2025-12-30
6098,2618,1345,2025-01-01
6099,2619,37,2026-04-24
6100,2619,307,2025-07-01
6101,2619,547,2025-10-11
6102,2619,554,2025-12-19
6103,2619,964,2025-03-24
6104,2619,1330,2026-04-19
6105,2620,156,2025-08-02
6106,2620,1211,2026-03-08
6107,2620,1349,2026-02-19
6108,2621,97,2025-11-12
6109,2621,828,2025-03-29
6110,2621,1088,2025-12-04
6111,2621,1467,2026-02-03
6112,2622,43,2025-10-17
6113,2622,54,2026-01-28
6114,2622,169,2025-11-10
6115,2622,661,2025-02-01
6116,2622,771,2025-01-31
6117,2622,917,2025-08-19
6118,2622,985,2025-07-23
6119,2623,38,2025-10-01
6120,2623,149,2025-12-24
6121,2623,183,2025-08-10
6122,2623,373,2025-03-25
6123,2623,620,2026-02-26
6124,2623,1029,2025-08-23
6125,2623,1283,2026-01-23
6126,2624,97,2025-08-12
6127,2624,492,2026-04-23
6128,2624,505,2025-05-05
6129,2624,741,2026-03-16
6130,2624,1281,2025-04-27
6131,2624,1385,2025-04-01
6132,2625,63,2026-03-09
6133,2625,203,2025-10-12
6134,2625,582,2026-04-01
6135,2625,583,2025-04-16
6136,2626,93,2026-03-28
6137,2626,547,2026-03-23
6138,2626,820,2025-09-14
6139,2626,1215,2025-11-09
6140,2626,1250,2026-04-03
6141,2626,1411,2025-07-17
6142,2627,138,2025-12-11
6143,2627,796,2026-02-09
6144,2627,909,2026-03-28
6145,2627,947,2025-04-15
6146,2627,1086,2025-04-20
6147,2627,1315,2026-02-22
6148,2628,38,2025-09-05
6149,2628,122,2025-07-28
6150,2628,395,2026-04-06
6151,2628,441,2026-01-18
6152,2628,1104,2025-02-12
6153,2628,1131,2025-09-16
6154,2628,1192,2025-06-22
6155,2628,1389,2025-11-22
6156,2629,116,2025-02-28
6157,2629,1244,2026-03-29
6158,2630,58,2025-11-20
6159,2630,448,2025-10-05
6160,2630,772,2026-04-13
6161,2630,794,2026-02-20
6162,2630,964,2026-01-20
6163,2630,1330,2026-02-28
6164,2631,34,2026-01-29
6165,2631,151,2025-07-26
6166,2631,929,2025-04-01
6167,2631,1167,2025-07-23
6168,2631,1242,2025-08-21
6169,2632,165,2025-02-23
6170,2632,933,2025-05-07
6171,2633,191,2025-08-11
6172,2633,231,2025-10-10
6173,2633,270,2025-06-06
6174,2633,638,2026-02-02
6175,2633,701,2025-02-25
6176,2633,826,2025-01-01
6177,2633,1250,2025-02-08
6178,2633,1434,2025-04-08
6179,2633,1478,2025-03-21
6180,2634,37,2025-12-06
6181,2634,649,2025-09-16
6182,2634,914,2026-02-10
6183,2634,1028,2025-03-22
6184,2635,138,2025-04-13
6185,2635,1080,2026-04-06
6186,2636,34,2025-04-26
6187,2636,192,2026-01-03
6188,2636,767,2025-11-08
6189,2637,156,2025-03-20
6190,2637,221,2025-02-20
6191,2637,344,2025-12-11
6192,2637,398,2025-10-04
6193,2637,679,2026-03-11
6194,2637,806,2025-09-18
6195,2638,1,2026-01-10
6196,2638,147,2025-04-25
6197,2638,467,2025-06-28
6198,2638,1273,2026-04-05
6199,2639,191,2025-04-06
6200,2639,1320,2025-08-25
6201,2639,1359,2026-01-13
6202,2640,97,2025-11-04
6203,2640,171,2026-01-08
6204,2640,348,2026-03-15
6205,2640,414,2025-02-02
6206,2640,460,2025-09-28
6207,2640,1247,2025-09-02
6208,2640,1332,2025-06-16
6209,2640,1423,2025-12-29
6210,2641,101,2026-04-26
6211,2641,192,2026-01-27
6212,2641,381,2026-01-12
6213,2641,455,2026-04-27
6214,2641,1349,2025-12-25
6215,2641,1499,2025-01-11
6216,2642,175,2025-07-27
6217,2642,197,2026-04-04
6218,2642,407,2025-09-04
6219,2642,802,2025-09-10
6220,2643,151,2025-07-17
6221,2643,156,2025-02-18
6222,2643,159,2025-11-30
6223,2643,288,2025-01-23
6224,2643,509,2025-08-05
6225,2643,655,2026-01-22
6226,2643,809,2025-11-19
6227,2643,960,2026-01-06
6228,2643,1207,2025-07-09
6229,2644,23,2026-02-27
6230,2644,204,2025-10-25
6231,2644,647,2025-03-27
6232,2644,686,2025-01-04
6233,2644,807,2025-11-22
6234,2644,833,2026-04-06
6235,2644,854,2026-04-24
6236,2644,1237,2025-10-03
6237,2645,81,2025-09-25
6238,2645,220,2025-02-21
6239,2645,363,2026-03-15
6240,2645,922,2025-12-01
6241,2645,1107,2026-02-21
6242,2645,1294,2025-05-17
6243,2645,1492,2025-05-07
6244,2646,192,2026-01-30
6245,2646,382,2025-02-08
6246,2647,110,2025-11-15
6247,2647,146,2025-03-07
6248,2647,583,2025-08-28
6249,2647,647,2025-11-07
6250,2648,38,2025-08-16
6251,2648,280,2025-07-29
6252,2648,1066,2025-03-01
6253,2648,1243,2025-08-24
6254,2649,93,2026-04-16
6255,2649,294,2025-09-15
6256,2649,443,2025-12-22
6257,2649,680,2025-02-26
6258,2649,1317,2025-06-30
6259,2649,1429,2025-10-31
6260,2650,56,2025-08-03
6261,2650,109,2025-10-24
6262,2650,357,2026-03-13
6263,2650,504,2025-10-01
6264,2650,549,2025-11-26
6265,2650,1398,2025-05-07
6266,2650,1466,2025-10-05
6267,2650,1480,2025-12-21
6268,2651,15,2025-06-03
6269,2651,175,2025-06-29
6270,2651,312,2025-12-05
6271,2651,952,2025-09-12
6272,2651,1022,2025-04-02
6273,2651,1064,2026-01-12
6274,2652,15,2025-12-12
6275,2652,911,2025-01-09
6276,2652,1360,2026-01-02
6277,2653,11,2026-02-25
6278,2653,16,2026-01-10
6279,2653,173,2025-03-19
6280,2653,545,2025-12-26
6281,2653,613,2025-07-20
6282,2653,649,2025-07-12
6283,2653,955,2025-07-08
6284,2653,998,2025-12-23
6285,2654,116,2026-02-25
6286,2654,890,2025-07-24
6287,2655,11,2025-10-01
6288,2655,825,2025-07-16
6289,2655,997,2026-01-27
6290,2655,1170,2025-03-29
6291,2656,156,2025-11-10
6292,2656,719,2026-03-22
6293,2656,1261,2025-07-01
6294,2657,175,2025-10-22
6295,2657,297,2026-03-01
6296,2657,509,2025-02-18
6297,2657,1260,2025-03-12
6298,2657,1405,2025-06-15
6299,2658,147,2025-08-18
6300,2658,270,2025-04-15
6301,2658,614,2025-06-07
6302,2658,657,2025-11-12
6303,2658,680,2025-09-17
6304,2658,786,2025-10-31
6305,2658,1320,2025-10-17
6306,2658,1394,2026-04-02
6307,2658,1455,2025-03-25
6308,2659,37,2025-06-25
6309,2659,147,2025-06-16
6310,2659,330,2025-04-25
6311,2659,362,2025-11-05
6312,2659,1041,2025-05-20
6313,2659,1161,2025-12-10
6314,2659,1312,2025-08-11
6315,2660,11,2025-11-18
6316,2660,521,2025-11-22
6317,2660,618,2025-01-05
6318,2660,633,2026-01-27
6319,2660,1232,2025-08-16
6320,2660,1421,2026-01-13
6321,2660,1498,2025-06-02
6322,2661,149,2026-03-30
6323,2661,711,2025-03-11
6324,2661,937,2025-10-24
6325,2661,1129,2026-03-18
6326,2661,1210,2025-11-08
6327,2661,1310,2025-01-12
6328,2662,165,2025-08-16
6329,2662,809,2025-05-18
6330,2662,940,2025-11-18
6331,2662,958,2025-09-01
6332,2662,1221,2025-03-15
6333,2662,1316,2026-01-27
6334,2662,1421,2025-11-13
6335,2663,66,2025-07-30
6336,2663,146,2025-08-05
6337,2663,367,2025-10-30
6338,2663,833,2025-06-05
6339,2663,889,2025-02-02
6340,2663,1366,2026-01-27
6341,2663,1498,2025-08-13
6342,2664,87,2025-10-21
6343,2664,88,2025-11-13
6344,2664,204,2025-07-22
6345,2664,1325,2025-09-06
6346,2664,1402,2025-01-12
6347,2665,15,2025-10-15
6348,2665,881,2025-01-02
6349,2665,1346,2025-10-11
6350,2666,33,2026-02-05
6351,2666,147,2025-11-01
6352,2666,190,2025-08-23
6353,2666,278,2025-06-07
6354,2666,284,2025-12-18
6355,2666,1403,2025-12-15
6356,2667,97,2025-09-12
6357,2667,334,2025-05-11
6358,2667,1038,2025-10-14
6359,2667,1168,2025-06-30
6360,2668,1,2025-12-18
6361,2668,11,2025-11-13
6362,2668,175,2026-03-12
6363,2668,229,2025-10-20
6364,2668,457,2025-05-26
6365,2668,638,2025-07-27
6366,2668,754,2025-05-22
6367,2668,783,2025-02-08
6368,2668,950,2025-09-18
6369,2669,169,2025-04-10
6370,2669,273,2026-02-15
6371,2669,295,2025-11-08
6372,2669,382,2026-02-15
6373,2669,662,2025-09-16
6374,2669,1118,2026-03-10
6375,2670,169,2025-06-04
6376,2670,307,2025-02-27
6377,2670,470,2025-07-30
6378,2670,802,2025-08-25
6379,2670,807,2025-05-05
6380,2670,1118,2025-05-28
6381,2671,37,2026-03-06
6382,2671,107,2025-08-23
6383,2671,336,2025-09-23
6384,2671,970,2026-04-29
6385,2671,1079,2025-11-19
6386,2671,1175,2025-06-25
6387,2671,1176,2025-04-16
6388,2672,123,2025-07-24
6389,2672,256,2026-01-11
6390,2672,336,2025-10-25
6391,2672,867,2025-10-02
6392,2672,1105,2026-02-18
6393,2673,129,2025-10-01
6394,2673,156,2025-02-24
6395,2673,921,2025-07-14
6396,2674,156,2025-05-30
6397,2674,499,2026-02-02
6398,2674,634,2025-10-27
6399,2674,661,2025-10-01
6400,2674,746,2025-01-15
6401,2674,836,2025-05-16
6402,2674,1159,2025-05-29
6403,2674,1361,2025-06-11
6404,2674,1426,2025-01-06
6405,2675,175,2026-02-10
6406,2675,223,2025-11-06
6407,2675,525,2025-03-27
6408,2675,583,2025-12-06
6409,2675,898,2025-11-24
6410,2675,1093,2025-09-21
6411,2675,1305,2026-02-17
6412,2675,1307,2025-07-21
6413,2676,47,2026-03-25
6414,2676,96,2025-01-06
6415,2676,255,2025-06-17
6416,2676,310,2025-03-29
6417,2676,365,2025-03-02
6418,2676,660,2026-03-04
6419,2676,1053,2026-03-31
6420,2677,23,2025-01-17
6421,2677,38,2025-03-25
6422,2677,626,2025-07-24
6423,2677,660,2025-03-13
6424,2677,944,2025-08-23
6425,2677,960,2025-01-21
6426,2678,58,2025-07-23
6427,2678,238,2025-07-24
6428,2678,246,2025-05-29
6429,2678,368,2025-10-11
6430,2678,1096,2025-11-05
6431,2678,1118,2026-04-07
6432,2678,1201,2025-02-01
6433,2678,1498,2025-01-10
6434,2679,156,2026-03-07
6435,2679,552,2025-10-06
6436,2679,1019,2025-04-02
6437,2679,1141,2025-05-19
6438,2679,1446,2025-10-01
6439,2679,1492,2026-03-03
6440,2680,30,2025-05-10
6441,2680,203,2025-07-03
6442,2680,561,2025-09-24
6443,2680,797,2025-02-23
6444,2680,877,2026-01-30
6445,2680,1149,2025-04-24
6446,2680,1385,2025-01-01
6447,2680,1499,2025-10-12
6448,2681,58,2026-03-26
6449,2681,379,2025-10-04
6450,2681,432,2025-10-21
6451,2681,930,2025-10-12
6452,2681,1123,2025-04-08
6453,2682,27,2026-03-24
6454,2682,54,2025-12-07
6455,2682,82,2026-02-16
6456,2682,532,2025-01-22
6457,2682,1035,2025-06-18
6458,2682,1149,2025-09-05
6459,2682,1182,2025-06-06
6460,2682,1368,2025-12-08
6461,2683,56,2026-02-22
6462,2683,496,2025-10-04
6463,2683,756,2025-10-10
6464,2683,771,2025-05-02
6465,2683,1361,2025-11-13
6466,2684,114,2025-11-01
6467,2684,146,2026-01-13
6468,2684,189,2025-08-31
6469,2684,220,2025-05-15
6470,2684,532,2026-03-03
6471,2684,999,2026-03-14
6472,2684,1260,2026-01-16
6473,2685,138,2025-02-24
6474,2685,199,2025-10-11
6475,2685,319,2025-06-27
6476,2685,688,2025-08-01
6477,2685,978,2026-03-20
6478,2685,1057,2025-05-02
6479,2685,1283,2025-01-08
6480,2686,58,2025-03-18
6481,2686,289,2026-04-19
6482,2686,366,2025-08-17
6483,2686,504,2026-02-08
6484,2686,643,2025-07-09
6485,2686,656,2026-04-14
6486,2687,169,2025-01-07
6487,2687,285,2025-01-25
6488,2687,622,2025-01-01
6489,2687,1389,2025-04-19
6490,2688,155,2025-01-24
6491,2688,175,2025-12-14
6492,2688,593,2025-06-26
6493,2689,191,2026-01-04
6494,2689,1072,2025-07-19
6495,2689,1104,2026-01-25
6496,2689,1320,2025-12-14
6497,2690,83,2025-07-26
6498,2690,169,2025-02-22
6499,2690,192,2025-10-31
6500,2690,1250,2026-03-31
6501,2690,1498,2026-03-22
6502,2691,97,2026-02-03
6503,2691,468,2025-11-02
6504,2691,473,2025-07-02
6505,2691,479,2025-11-27
6506,2691,693,2025-04-15
6507,2691,881,2025-01-09
6508,2691,955,2026-04-12
6509,2691,1373,2025-07-03
6510,2692,13,2025-07-18
6511,2692,191,2025-05-30
6512,2692,460,2025-02-19
6513,2692,845,2025-10-13
6514,2693,81,2025-05-14
6515,2693,146,2026-01-28
6516,2693,192,2025-10-17
6517,2693,199,2025-04-09
6518,2693,331,2026-02-27
6519,2693,362,2025-08-13
6520,2693,480,2025-10-05
6521,2694,122,2025-12-07
6522,2694,163,2026-03-09
6523,2694,308,2026-04-05
6524,2694,441,2025-05-31
6525,2694,752,2025-08-10
6526,2695,13,2025-08-18
6527,2695,1277,2025-10-19
6528,2695,1294,2025-01-27
6529,2696,81,2025-09-15
6530,2696,385,2026-01-25
6531,2696,646,2025-09-03
6532,2696,741,2026-04-13
6533,2696,796,2026-01-05
6534,2696,898,2026-04-13
6535,2696,1234,2025-01-10
6536,2697,15,2025-12-01
6537,2697,401,2025-03-02
6538,2697,689,2025-09-29
6539,2697,1062,2025-08-30
6540,2697,1498,2025-03-24
6541,2698,109,2025-08-01
6542,2698,180,2026-03-26
6543,2698,204,2025-11-26
6544,2698,266,2026-02-16
6545,2698,583,2025-01-18
6546,2698,1093,2025-01-16
6547,2698,1422,2025-02-27
6548,2699,37,2025-11-20
6549,2699,232,2026-01-20
6550,2699,426,2025-04-15
6551,2699,706,2025-08-07
6552,2699,820,2025-07-10
6553,2699,1242,2026-03-31
6554,2699,1339,2025-12-19
6555,2699,1486,2025-03-04
6556,2700,156,2025-01-25
6557,2700,588,2025-04-29
6558,2700,1153,2025-05-19
6559,2700,1283,2026-04-16
6560,2700,1438,2025-06-01
6561,2701,11,2025-06-05
6562,2701,133,2025-05-10
6563,2701,291,2025-03-09
6564,2701,500,2025-11-04
6565,2701,604,2025-11-01
6566,2701,762,2026-04-26
6567,2701,1250,2025-01-23
6568,2701,1316,2025-07-21
6569,2701,1471,2025-09-05
6570,2702,32,2025-05-21
6571,2702,80,2025-12-07
6572,2702,156,2025-06-25
6573,2702,334,2025-08-05
6574,2702,383,2025-10-14
6575,2702,935,2026-04-08
6576,2703,135,2026-04-21
6577,2703,147,2025-07-25
6578,2703,1405,2026-02-24
6579,2704,14,2026-04-15
6580,2704,199,2025-07-11
6581,2704,732,2025-03-26
6582,2704,890,2025-06-04
6583,2704,1070,2026-04-27
6584,2705,34,2025-01-20
6585,2705,242,2025-07-13
6586,2705,267,2025-03-14
6587,2705,516,2026-02-08
6588,2705,727,2026-02-03
6589,2705,1045,2025-03-06
6590,2705,1046,2025-03-01
6591,2705,1333,2025-06-15
6592,2705,1443,2026-04-12
6593,2706,34,2025-06-26
6594,2706,290,2025-11-09
6595,2706,1275,2025-11-02
6596,2706,1379,2025-08-12
6597,2706,1475,2026-03-23
6598,2707,123,2025-09-02
6599,2707,351,2025-03-12
6600,2707,525,2025-06-11
6601,2707,601,2026-04-23
6602,2707,647,2025-08-06
6603,2707,1140,2026-01-29
6604,2708,204,2025-04-02
6605,2708,317,2025-04-05
6606,2708,790,2026-04-26
6607,2708,1397,2026-03-14
6608,2709,149,2025-04-03
6609,2709,225,2025-03-05
6610,2709,307,2025-11-08
6611,2709,380,2025-01-05
6612,2709,390,2025-06-19
6613,2709,833,2025-05-01
6614,2709,944,2025-04-21
6615,2709,1136,2026-04-23
6616,2709,1487,2025-11-22
6617,2710,34,2025-11-28
6618,2710,856,2025-12-04
6619,2710,1325,2025-05-31
6620,2711,34,2025-08-14
6621,2711,125,2026-02-11
6622,2711,298,2025-01-16
6623,2711,671,2025-05-13
6624,2711,767,2025-09-13
6625,2711,770,2025-06-07
6626,2711,1004,2025-09-03
6627,2711,1029,2026-04-07
6628,2711,1500,2025-07-19
6629,2712,37,2025-06-05
6630,2712,42,2025-10-05
6631,2712,692,2025-05-28
6632,2712,785,2025-12-17
6633,2712,1100,2026-02-07
6634,2712,1397,2025-06-16
6635,2712,1428,2025-07-10
6636,2713,35,2025-11-02
6637,2713,52,2025-04-25
6638,2713,82,2025-11-04
6639,2714,49,2025-08-12
6640,2714,81,2025-06-17
6641,2714,93,2025-03-29
6642,2714,471,2025-02-19
6643,2714,922,2026-03-11
6644,2714,1294,2026-02-26
6645,2715,203,2026-02-23
6646,2715,799,2025-04-29
6647,2715,1082,2025-10-01
6648,2715,1132,2025-04-26
6649,2715,1134,2025-06-10
6650,2715,1152,2025-01-04
6651,2716,38,2025-09-08
6652,2716,500,2026-03-02
6653,2716,905,2025-02-11
6654,2716,945,2025-03-12
6655,2716,1056,2025-05-28
6656,2716,1232,2025-06-20
6657,2716,1248,2026-01-09
6658,2716,1369,2025-06-28
6659,2717,15,2025-04-22
6660,2717,887,2025-02-22
6661,2717,929,2025-03-27
6662,2718,15,2025-12-26
6663,2718,504,2026-03-01
6664,2718,597,2026-03-18
6665,2718,1161,2026-04-06
6666,2718,1260,2025-11-02
6667,2718,1404,2025-01-29
6668,2719,125,2025-01-02
6669,2719,609,2026-01-15
6670,2720,199,2025-05-08
6671,2720,670,2025-07-21
6672,2721,96,2025-03-07
6673,2721,229,2025-12-04
6674,2721,1103,2025-04-05
6675,2722,204,2026-04-30
6676,2722,207,2025-02-16
6677,2722,311,2026-04-22
6678,2722,357,2026-03-21
6679,2722,532,2025-02-04
6680,2722,535,2026-04-21
6681,2723,192,2026-01-03
6682,2723,805,2026-02-03
6683,2723,1255,2025-08-30
6684,2724,56,2025-05-02
6685,2724,107,2026-04-18
6686,2724,169,2026-02-03
6687,2724,902,2025-11-24
6688,2724,1054,2025-03-15
6689,2725,85,2025-11-21
6690,2725,97,2025-08-26
6691,2725,142,2025-09-11
6692,2725,379,2025-03-22
6693,2725,516,2025-08-06
6694,2725,912,2026-01-31
6695,2725,1360,2025-05-19
6696,2726,34,2025-10-02
6697,2726,273,2025-11-25
6698,2726,686,2025-10-07
6699,2726,1237,2026-01-10
6700,2727,125,2025-05-07
6701,2727,247,2025-11-13
6702,2727,636,2025-06-27
6703,2727,671,2025-10-12
6704,2727,766,2025-06-14
6705,2727,922,2025-12-31
6706,2727,956,2025-12-12
6707,2727,1003,2025-06-14
6708,2728,191,2025-10-11
6709,2728,542,2025-06-16
6710,2728,666,2025-03-29
6711,2729,11,2025-04-03
6712,2729,356,2025-10-27
6713,2729,361,2025-12-09
6714,2729,517,2025-06-06
6715,2729,734,2025-03-29
6716,2729,829,2025-12-15
6717,2729,923,2026-03-07
6718,2729,1166,2025-06-27
6719,2730,12,2025-03-13
6720,2730,83,2025-12-31
6721,2730,116,2026-03-16
6722,2730,291,2025-06-10
6723,2730,1002,2025-02-21
6724,2730,1326,2025-07-27
6725,2730,1388,2025-03-01
6726,2731,9,2025-09-15
6727,2731,15,2025-06-17
6728,2731,174,2025-09-08
6729,2731,362,2025-07-08
6730,2731,528,2025-11-11
6731,2731,617,2025-02-13
6732,2731,827,2025-08-18
6733,2732,125,2025-02-04
6734,2732,470,2025-01-29
6735,2732,727,2025-06-22
6736,2732,1022,2026-04-15
6737,2732,1113,2025-01-27
6738,2733,156,2025-09-28
6739,2733,255,2026-03-13
6740,2733,485,2025-11-23
6741,2733,960,2025-01-25
6742,2733,1105,2025-07-05
6743,2733,1287,2025-06-07
6744,2734,15,2025-11-03
6745,2734,340,2025-02-17
6746,2734,429,2025-05-13
6747,2734,570,2025-08-18
6748,2734,664,2025-08-21
6749,2734,791,2025-06-07
6750,2735,56,2025-05-18
6751,2735,59,2025-08-30
6752,2735,630,2025-04-28
6753,2735,1072,2026-01-27
6754,2735,1493,2025-07-07
6755,2736,163,2025-11-23
6756,2736,595,2025-04-20
6757,2736,942,2025-07-02
6758,2737,116,2026-01-31
6759,2737,563,2025-03-14
6760,2737,805,2025-06-02
6761,2738,97,2025-08-13
6762,2738,204,2026-03-24
6763,2738,291,2025-09-28
6764,2738,562,2026-01-10
6765,2738,671,2026-01-16
6766,2738,1004,2026-03-13
6767,2738,1077,2026-01-10
6768,2739,203,2025-06-01
6769,2739,788,2025-02-27
6770,2739,1101,2026-03-03
6771,2740,69,2026-02-09
6772,2740,93,2026-03-09
6773,2740,752,2025-08-25
6774,2740,796,2025-03-02
6775,2740,1025,2025-07-02
6776,2740,1039,2025-10-25
6777,2740,1114,2025-06-03
6778,2740,1121,2025-12-26
6779,2741,25,2026-02-17
6780,2741,156,2025-10-20
6781,2741,429,2025-08-24
6782,2741,807,2025-04-13
6783,2741,871,2025-05-14
6784,2741,1082,2025-05-29
6785,2742,204,2026-03-10
6786,2742,555,2026-04-07
6787,2742,1261,2025-11-05
6788,2742,1320,2025-04-15
6789,2743,123,2025-01-19
6790,2743,337,2025-06-20
6791,2743,467,2025-04-29
6792,2743,912,2025-09-08
6793,2744,191,2025-09-19
6794,2744,517,2025-10-01
6795,2744,548,2025-01-16
6796,2744,1097,2025-04-24
6797,2744,1250,2025-04-10
6798,2744,1431,2025-03-05
6799,2745,38,2025-09-29
6800,2745,156,2025-04-22
6801,2745,307,2025-08-04
6802,2745,426,2025-02-12
6803,2745,878,2026-03-24
6804,2745,970,2026-02-08
6805,2745,1118,2025-02-05
6806,2746,38,2025-12-19
6807,2746,349,2025-04-13
6808,2746,533,2025-05-03
6809,2746,1060,2026-02-27
6810,2746,1100,2025-11-26
6811,2746,1136,2025-09-24
6812,2747,82,2026-04-16
6813,2747,1027,2025-11-04
6814,2748,11,2025-04-04
6815,2748,330,2025-08-07
6816,2748,657,2026-04-25
6817,2748,677,2025-01-20
6818,2748,855,2025-09-20
6819,2748,972,2025-08-31
6820,2749,85,2025-09-17
6821,2749,203,2025-10-01
6822,2749,992,2026-04-01
6823,2749,1381,2025-03-31
6824,2750,38,2026-02-20
6825,2750,65,2026-04-13
6826,2750,176,2025-10-13
6827,2750,489,2025-02-04
6828,2750,704,2025-06-30
6829,2751,163,2026-02-11
6830,2751,915,2025-03-31
6831,2752,147,2025-09-03
6832,2752,174,2025-10-06
6833,2752,594,2025-09-01
6834,2753,123,2025-04-11
6835,2753,163,2025-01-05
6836,2753,254,2025-05-27
6837,2753,671,2026-02-28
6838,2753,732,2025-10-12
6839,2753,753,2025-08-11
6840,2753,1020,2025-04-05
6841,2753,1090,2025-06-11
6842,2754,149,2025-12-17
6843,2754,402,2025-02-02
6844,2754,1095,2025-06-10
6845,2754,1402,2025-04-03
6846,2755,57,2025-03-04
6847,2755,199,2025-08-16
6848,2755,232,2025-12-21
6849,2755,334,2025-06-06
6850,2755,684,2025-07-29
6851,2755,1446,2025-06-17
6852,2756,13,2026-03-02
6853,2756,38,2025-12-05
6854,2756,362,2025-04-19
6855,2756,539,2026-04-20
6856,2756,602,2025-06-17
6857,2756,673,2026-01-09
6858,2756,891,2025-04-26
6859,2756,1130,2025-09-05
6860,2757,34,2026-02-20
6861,2757,88,2026-02-17
6862,2757,1133,2026-02-06
6863,2757,1407,2025-09-20
6864,2757,1467,2025-01-26
6865,2758,93,2025-02-21
6866,2758,438,2025-09-20
6867,2758,542,2025-10-17
6868,2758,661,2026-03-19
6869,2758,673,2025-02-24
6870,2758,720,2025-07-02
6871,2758,927,2025-08-06
6872,2758,961,2025-12-18
6873,2758,1155,2025-09-02
6874,2758,1165,2025-04-07
6875,2758,1204,2025-05-30
6876,2758,1361,2025-05-23
6877,2759,96,2026-03-22
6878,2759,1193,2025-07-15
6879,2760,23,2025-09-12
6880,2760,125,2025-02-14
6881,2760,136,2026-01-12
6882,2760,1082,2025-09-03
6883,2761,149,2025-08-15
6884,2761,639,2026-01-16
6885,2761,1395,2025-07-13
6886,2762,149,2026-04-23
6887,2762,323,2025-03-25
6888,2762,524,2025-10-31
6889,2762,771,2026-02-19
6890,2762,1353,2025-07-23
6891,2762,1374,2025-10-29
6892,2762,1428,2026-04-23
6893,2763,146,2025-02-03
6894,2763,825,2025-06-08
6895,2763,1279,2025-04-25
6896,2764,11,2025-04-18
6897,2764,414,2026-02-21
6898,2764,917,2025-07-22
6899,2764,1160,2025-03-11
6900,2765,38,2025-10-28
6901,2765,302,2025-11-06
6902,2765,1282,2025-10-22
6903,2766,138,2025-05-12
6904,2766,175,2026-03-31
6905,2766,353,2025-07-12
6906,2766,904,2025-11-19
6907,2767,169,2026-02-11
6908,2767,227,2025-08-09
6909,2767,290,2025-05-15
6910,2767,323,2026-04-09
6911,2767,423,2025-06-24
6912,2767,508,2025-01-27
6913,2767,1374,2025-11-09
6914,2768,19,2025-10-28
6915,2768,81,2025-10-22
6916,2768,394,2025-10-27
6917,2768,732,2026-02-09
6918,2768,777,2025-01-15
6919,2768,1111,2025-12-20
6920,2768,1151,2025-01-19
6921,2768,1384,2025-02-27
6922,2768,1397,2025-01-25
6923,2769,2,2025-09-30
6924,2769,204,2025-11-01
6925,2769,420,2025-10-11
6926,2769,1429,2025-06-24
6927,2770,34,2025-09-03
6928,2770,224,2025-04-27
6929,2770,662,2025-10-23
6930,2770,1103,2025-01-09
6931,2771,56,2025-09-30
6932,2771,273,2026-04-09
6933,2771,1490,2025-04-30
6934,2772,110,2026-03-03
6935,2772,149,2026-04-22
6936,2772,169,2025-12-17
6937,2772,1038,2025-12-29
6938,2772,1201,2025-06-24
6939,2772,1476,2025-03-25
6940,2772,1498,2025-02-18
6941,2773,11,2025-12-27
6942,2773,144,2025-02-13
6943,2773,309,2025-10-04
6944,2773,437,2025-11-01
6945,2773,681,2025-07-29
6946,2773,1022,2025-12-06
6947,2773,1401,2025-09-25
6948,2774,146,2025-05-29
6949,2774,156,2026-04-09
6950,2774,297,2025-05-28
6951,2774,1473,2025-03-29
6952,2775,11,2025-11-30
6953,2775,200,2025-05-31
6954,2775,561,2025-07-19
6955,2775,728,2025-05-22
6956,2775,992,2026-01-12
6957,2775,1074,2026-04-26
6958,2775,1123,2025-09-21
6959,2775,1312,2026-02-02
6960,2775,1378,2025-09-22
6961,2776,138,2025-06-02
6962,2776,173,2025-11-14
6963,2776,196,2026-01-20
6964,2776,410,2026-04-26
6965,2776,575,2026-04-07
6966,2776,692,2026-03-06
6967,2776,841,2025-12-10
6968,2776,1012,2025-11-11
6969,2777,138,2026-01-06
6970,2777,342,2025-08-23
6971,2777,428,2025-10-26
6972,2777,709,2025-07-09
6973,2777,1261,2025-08-13
6974,2777,1492,2025-03-29
6975,2778,175,2025-10-15
6976,2778,554,2026-04-12
6977,2778,680,2026-03-25
6978,2778,861,2025-07-09
6979,2778,1061,2026-02-26
6980,2778,1437,2026-02-01
6981,2779,37,2026-04-01
6982,2779,107,2025-09-09
6983,2779,446,2025-06-18
6984,2779,772,2025-11-22
6985,2779,1100,2025-12-30
6986,2779,1146,2025-10-20
6987,2779,1188,2025-06-28
6988,2780,56,2026-01-22
6989,2780,1396,2025-09-24
6990,2781,199,2025-03-06
6991,2781,961,2026-04-30
6992,2782,96,2025-09-23
6993,2782,511,2026-01-15
6994,2782,777,2025-02-26
6995,2783,34,2026-03-08
6996,2783,109,2025-10-31
6997,2783,245,2025-01-27
6998,2783,351,2025-04-02
6999,2783,565,2025-03-15
7000,2783,583,2025-02-06
7001,2783,682,2025-08-14
7002,2783,1336,2026-01-17
7003,2784,203,2025-10-26
7004,2784,693,2025-08-25
7005,2784,718,2026-01-10
7006,2784,731,2025-10-03
7007,2784,1047,2025-11-08
7008,2784,1119,2025-12-05
7009,2785,56,2026-04-05
7010,2785,503,2025-12-06
7011,2785,595,2026-03-10
7012,2785,1171,2025-11-20
7013,2786,11,2026-03-06
7014,2786,439,2025-02-07
7015,2786,986,2026-02-24
7016,2786,1407,2025-03-12
7017,2787,93,2025-06-03
7018,2787,328,2025-09-28
7019,2787,364,2025-10-04
7020,2787,686,2025-04-07
7021,2787,778,2025-11-24
7022,2787,807,2025-11-08
7023,2787,1128,2026-04-10
7024,2788,37,2026-03-17
7025,2788,178,2025-08-20
7026,2788,204,2026-04-06
7027,2788,221,2025-02-11
7028,2788,724,2025-08-25
7029,2788,1072,2025-01-08
7030,2788,1385,2026-04-20
7031,2789,14,2025-06-18
7032,2789,58,2026-01-20
7033,2789,990,2025-10-25
7034,2790,15,2025-09-28
7035,2790,79,2025-06-03
7036,2790,237,2026-04-14
7037,2790,677,2025-05-15
7038,2790,894,2026-04-19
7039,2790,1045,2025-06-18
7040,2790,1161,2026-02-20
7041,2791,169,2025-02-20
7042,2791,222,2026-02-09
7043,2791,239,2025-05-17
7044,2791,834,2026-02-11
7045,2791,922,2026-04-20
7046,2791,1165,2025-04-16
7047,2791,1452,2025-08-06
7048,2792,165,2025-09-12
7049,2792,465,2026-01-25
7050,2792,1080,2026-03-24
7051,2792,1476,2025-03-23
7052,2793,37,2025-09-25
7053,2793,577,2025-07-20
7054,2793,1013,2025-09-25
7055,2794,81,2025-02-23
7056,2794,196,2025-02-12
7057,2794,391,2025-04-04
7058,2794,814,2026-01-07
7059,2794,916,2025-04-22
7060,2795,81,2025-11-23
7061,2795,193,2025-01-16
7062,2795,659,2025-04-18
7063,2795,1012,2025-09-28
7064,2795,1045,2025-09-15
7065,2796,125,2025-06-24
7066,2796,307,2026-01-21
7067,2796,631,2025-08-11
7068,2796,734,2026-03-11
7069,2796,970,2025-10-02
7070,2796,1250,2025-02-28
7071,2796,1251,2026-02-01
7072,2797,56,2025-02-11
7073,2797,295,2025-10-23
7074,2797,426,2025-05-06
7075,2797,535,2025-11-09
7076,2797,627,2025-09-09
7077,2797,833,2026-03-04
7078,2797,960,2025-10-03
7079,2797,1498,2025-02-10
7080,2798,15,2025-05-21
7081,2798,109,2026-04-29
7082,2798,357,2026-04-15
7083,2798,451,2025-06-22
7084,2798,753,2025-10-23
7085,2798,1093,2025-01-06
7086,2799,96,2026-03-31
7087,2799,123,2026-02-25
7088,2799,504,2025-01-12
7089,2799,552,2026-01-13
7090,2799,1087,2026-02-12
7091,2799,1104,2025-11-13
7092,2800,165,2025-12-03
7093,2800,514,2026-04-15
7094,2800,734,2026-03-20
7095,2800,1250,2026-03-08
7096,2800,1450,2026-01-04
7097,2801,146,2025-10-21
7098,2801,390,2025-11-19
7099,2801,709,2026-03-10
7100,2801,843,2025-03-27
7101,2801,893,2026-03-03
7102,2801,1047,2025-02-23
7103,2801,1211,2025-08-16
7104,2802,156,2025-08-28
7105,2802,319,2025-10-23
7106,2802,349,2025-01-25
7107,2802,1029,2025-07-09
7108,2802,1192,2025-06-11
7109,2802,1204,2025-03-17
7110,2803,82,2025-10-14
7111,2803,175,2026-03-18
7112,2803,210,2025-08-06
7113,2803,319,2026-04-19
7114,2803,994,2025-08-05
7115,2804,123,2025-10-27
7116,2804,199,2025-04-17
7117,2804,219,2025-04-24
7118,2804,254,2026-02-26
7119,2804,274,2026-02-09
7120,2804,291,2025-07-11
7121,2805,11,2025-02-15
7122,2805,31,2025-11-18
7123,2805,93,2026-03-01
7124,2805,191,2025-12-03
7125,2805,1131,2025-06-10
7126,2805,1291,2026-01-17
7127,2806,191,2025-09-16
7128,2806,497,2025-10-03
7129,2806,664,2026-01-20
7130,2806,1035,2025-01-11
7131,2806,1149,2026-01-22
7132,2806,1368,2026-01-05
7133,2807,39,2025-08-26
7134,2807,125,2026-01-19
7135,2807,428,2025-01-07
7136,2807,597,2026-01-29
7137,2807,796,2026-03-05
7138,2807,1299,2025-12-09
7139,2807,1430,2025-06-13
7140,2808,116,2025-04-10
7141,2808,832,2025-03-06
7142,2808,1044,2025-12-11
7143,2808,1367,2025-07-22
7144,2809,138,2025-01-11
7145,2809,500,2026-01-18
7146,2809,957,2026-01-17
7147,2809,1093,2025-03-04
7148,2809,1153,2025-03-04
7149,2809,1260,2025-10-22
7150,2810,40,2025-05-04
7151,2810,97,2026-02-08
7152,2810,132,2025-10-27
7153,2810,720,2025-02-10
7154,2811,204,2025-01-06
7155,2811,438,2025-05-08
7156,2811,1087,2026-03-16
7157,2812,13,2025-09-30
7158,2812,58,2025-03-06
7159,2812,201,2026-03-13
7160,2812,270,2025-10-21
7161,2812,727,2025-08-31
7162,2812,835,2025-06-07
7163,2812,1107,2025-03-10
7164,2812,1359,2025-11-27
7165,2813,81,2026-03-20
7166,2813,99,2025-06-11
7167,2813,259,2025-06-28
7168,2813,331,2025-03-04
7169,2813,702,2025-05-05
7170,2813,1107,2026-01-06
7171,2813,1281,2025-08-07
7172,2814,38,2025-01-22
7173,2814,125,2025-10-21
7174,2814,373,2025-01-31
7175,2814,599,2025-12-20
7176,2814,1018,2025-09-29
7177,2814,1032,2025-06-17
7178,2814,1057,2026-02-28
7179,2814,1310,2025-10-01
7180,2814,1336,2026-02-13
7181,2815,56,2025-02-21
7182,2815,731,2026-03-15
7183,2815,833,2025-09-15
7184,2815,889,2026-01-03
7185,2815,1152,2025-03-04
7186,2815,1401,2025-01-22
7187,2815,1421,2025-05-26
7188,2816,163,2025-06-17
7189,2816,221,2025-02-01
7190,2816,419,2026-03-27
7191,2816,588,2025-03-11
7192,2816,796,2025-06-03
7193,2816,1114,2025-04-19
7194,2817,149,2026-01-01
7195,2817,203,2025-08-25
7196,2817,281,2025-04-16
7197,2817,389,2025-07-25
7198,2817,782,2025-02-05
7199,2817,865,2026-04-09
7200,2818,38,2025-06-25
7201,2818,182,2026-04-23
7202,2818,204,2025-12-23
7203,2818,420,2026-02-12
7204,2818,757,2026-02-07
7205,2818,1277,2025-09-29
7206,2818,1351,2025-09-12
7207,2819,165,2025-04-16
7208,2819,588,2025-07-14
7209,2819,925,2026-01-23
7210,2820,81,2025-07-25
7211,2820,82,2025-03-13
7212,2821,97,2026-04-14
7213,2821,207,2025-08-14
7214,2821,338,2025-02-10
7215,2821,696,2025-04-22
7216,2821,711,2025-12-20
7217,2821,729,2025-06-28
7218,2821,1260,2025-09-18
7219,2821,1437,2026-01-04
7220,2822,13,2025-11-03
7221,2822,24,2025-07-25
7222,2822,37,2025-10-18
7223,2822,272,2025-05-06
7224,2822,414,2025-04-18
7225,2822,845,2025-06-30
7226,2822,1174,2025-05-04
7227,2822,1480,2026-02-13
7228,2823,33,2025-11-13
7229,2823,35,2025-01-31
7230,2823,147,2025-12-27
7231,2823,209,2025-01-04
7232,2823,273,2025-11-17
7233,2823,295,2025-06-20
7234,2823,616,2025-10-06
7235,2823,635,2025-06-14
7236,2823,763,2026-03-24
7237,2823,794,2026-01-20
7238,2823,1175,2026-03-07
7239,2824,98,2025-08-09
7240,2824,191,2025-02-16
7241,2824,300,2025-07-07
7242,2824,853,2025-11-21
7243,2825,160,2025-05-30
7244,2825,175,2025-08-19
7245,2825,585,2025-12-07
7246,2825,1476,2025-05-07
7247,2826,147,2025-02-14
7248,2826,1367,2025-11-30
7249,2827,82,2025-06-21
7250,2827,321,2026-03-17
7251,2827,461,2025-07-17
7252,2827,671,2026-02-25
7253,2827,811,2025-07-12
7254,2827,853,2025-05-03
7255,2827,1258,2025-10-27
7256,2828,38,2025-09-07
7257,2828,556,2025-10-18
7258,2828,996,2025-04-06
7259,2828,1046,2025-07-02
7260,2828,1159,2025-06-27
7261,2828,1179,2026-02-09
7262,2828,1206,2026-03-26
7263,2829,191,2025-03-01
7264,2829,756,2025-02-21
7265,2829,826,2025-07-14
7266,2829,938,2025-05-29
7267,2829,1226,2025-05-07
7268,2829,1258,2025-07-21
7269,2829,1283,2025-12-14
7270,2830,56,2025-11-11
7271,2830,383,2025-01-22
7272,2830,453,2025-12-04
7273,2830,610,2025-03-10
7274,2830,629,2026-03-06
7275,2830,848,2025-09-18
7276,2830,877,2026-04-12
7277,2830,934,2025-05-03
7278,2830,939,2025-08-30
7279,2830,1210,2025-09-06
7280,2830,1385,2025-04-04
7281,2831,94,2025-08-22
7282,2831,102,2025-01-15
7283,2831,169,2026-03-14
7284,2831,1421,2025-03-23
7285,2831,1498,2025-10-06
7286,2832,125,2025-11-01
7287,2832,463,2025-08-04
7288,2832,842,2026-01-28
7289,2832,1140,2025-11-29
7290,2832,1249,2025-07-13
7291,2832,1281,2025-07-29
7292,2832,1467,2025-01-03
7293,2833,116,2025-06-25
7294,2833,507,2026-04-14
7295,2833,588,2025-05-08
7296,2834,203,2025-06-01
7297,2834,352,2025-04-01
7298,2834,390,2025-09-24
7299,2834,506,2025-02-12
7300,2834,525,2025-07-13
7301,2834,957,2026-02-18
7302,2834,983,2025-05-11
7303,2834,1481,2025-05-12
7304,2834,1499,2025-02-05
7305,2835,96,2026-02-23
7306,2835,125,2025-12-27
7307,2835,231,2025-12-16
7308,2835,519,2025-07-31
7309,2835,1059,2025-02-09
7310,2835,1143,2025-01-18
7311,2835,1262,2026-04-03
7312,2835,1373,2025-02-23
7313,2836,116,2025-11-16
7314,2836,313,2025-12-23
7315,2837,96,2025-08-25
7316,2837,109,2026-05-01
7317,2837,156,2025-06-15
7318,2837,395,2025-11-21
7319,2837,1438,2026-04-02
7320,2838,169,2025-04-15
7321,2838,535,2025-06-21
7322,2838,764,2025-10-02
7323,2838,768,2026-03-23
7324,2838,923,2026-02-23
7325,2838,1079,2025-11-22
7326,2838,1244,2026-04-16
7327,2839,81,2025-06-03
7328,2839,477,2025-07-29
7329,2839,491,2026-03-01
7330,2839,788,2025-05-16
7331,2839,865,2025-01-22
7332,2839,1127,2025-07-11
7333,2839,1145,2025-03-05
7334,2840,192,2025-01-20
7335,2840,321,2025-04-07
7336,2840,384,2025-12-09
7337,2840,596,2025-10-14
7338,2840,848,2025-10-07
7339,2840,1095,2025-01-01
7340,2841,93,2025-03-11
7341,2841,511,2025-09-09
7342,2841,771,2025-04-20
7343,2841,840,2025-01-05
7344,2841,938,2025-05-16
7345,2841,1361,2025-03-15
7346,2841,1384,2025-09-07
7347,2841,1413,2025-08-03
7348,2842,146,2025-04-17
7349,2842,156,2025-08-05
7350,2842,511,2025-03-10
7351,2842,646,2026-04-24
7352,2842,790,2026-03-15
7353,2842,850,2025-09-18
7354,2842,1284,2026-03-23
7355,2843,23,2025-02-22
7356,2843,34,2025-05-15
7357,2843,379,2025-11-21
7358,2843,960,2025-05-13
7359,2843,1058,2025-12-13
7360,2843,1173,2025-05-19
7361,2844,149,2025-08-21
7362,2844,865,2025-03-01
7363,2844,1219,2025-09-28
7364,2845,93,2026-01-22
7365,2845,116,2025-10-24
7366,2845,1018,2025-04-28
7367,2845,1068,2025-10-31
7368,2845,1381,2025-06-12
7369,2846,116,2026-02-11
7370,2846,193,2025-04-19
7371,2846,363,2026-04-20
7372,2846,391,2025-01-12
7373,2846,1063,2025-10-22
7374,2847,56,2025-07-30
7375,2847,196,2025-10-22
7376,2847,376,2026-02-13
7377,2847,498,2025-01-23
7378,2847,860,2025-08-03
7379,2847,1109,2025-09-11
7380,2847,1278,2025-07-25
7381,2847,1456,2025-05-14
7382,2848,147,2025-12-22
7383,2848,550,2026-01-23
7384,2849,76,2026-03-17
7385,2849,96,2026-04-15
7386,2849,313,2025-12-04
7387,2849,686,2026-03-17
7388,2849,1366,2025-11-07
7389,2849,1408,2025-11-17
7390,2850,2,2025-12-21
7391,2850,96,2026-04-16
7392,2850,701,2025-01-02
7393,2851,190,2025-10-19
7394,2851,203,2025-03-30
7395,2851,321,2025-03-30
7396,2851,878,2025-09-16
7397,2851,1149,2025-10-02
7398,2852,13,2026-01-26
7399,2852,120,2026-03-16
7400,2852,163,2025-05-23
7401,2852,385,2026-04-26
7402,2852,694,2025-11-11
7403,2852,928,2025-09-18
7404,2853,84,2025-08-21
7405,2853,192,2026-01-27
7406,2853,205,2025-05-19
7407,2853,517,2026-03-23
7408,2853,548,2025-06-13
7409,2853,631,2026-01-22
7410,2853,1179,2025-06-29
7411,2853,1353,2025-02-27
7412,2853,1366,2026-03-15
7413,2854,15,2025-12-28
7414,2854,1158,2025-05-02
7415,2854,1271,2026-03-02
7416,2855,109,2026-03-02
7417,2855,114,2026-01-28
7418,2855,123,2025-06-18
7419,2855,253,2025-10-03
7420,2855,583,2026-01-19
7421,2855,923,2026-04-03
7422,2855,1093,2025-08-21
7423,2856,38,2025-03-11
7424,2856,47,2026-03-10
7425,2856,161,2025-09-09
7426,2856,194,2025-03-05
7427,2856,227,2025-08-21
7428,2856,836,2025-05-17
7429,2856,1360,2026-03-31
7430,2857,203,2025-04-11
7431,2857,218,2025-01-11
7432,2857,613,2025-11-25
7433,2857,671,2025-08-06
7434,2857,702,2026-02-17
7435,2857,732,2025-10-11
7436,2857,1004,2025-10-14
7437,2857,1278,2025-03-03
7438,2858,13,2026-02-08
7439,2858,185,2025-02-24
7440,2858,397,2026-01-23
7441,2858,847,2025-07-16
7442,2858,867,2026-03-06
7443,2858,940,2026-03-03
7444,2859,59,2026-02-25
7445,2859,128,2025-05-19
7446,2859,138,2026-02-02
7447,2859,186,2026-01-05
7448,2859,352,2026-01-28
7449,2859,783,2026-03-01
7450,2859,1361,2025-01-18
7451,2859,1486,2025-04-14
7452,2860,81,2025-06-06
7453,2860,117,2026-04-30
7454,2860,183,2025-04-17
7455,2860,748,2025-10-30
7456,2860,979,2025-09-15
7457,2860,1010,2026-01-25
7458,2860,1404,2025-09-25
7459,2860,1478,2026-04-07
7460,2861,147,2025-02-03
7461,2861,369,2025-09-17
7462,2861,1125,2025-09-10
7463,2861,1196,2025-04-16
7464,2862,116,2025-10-08
7465,2862,388,2025-08-29
7466,2862,391,2025-08-15
7467,2862,490,2025-11-30
7468,2862,881,2026-01-18
7469,2862,1018,2025-07-03
7470,2862,1460,2025-09-20
7471,2863,37,2025-04-24
7472,2863,82,2026-01-10
7473,2863,843,2025-04-30
7474,2863,1377,2025-04-20
7475,2864,13,2025-07-27
7476,2864,156,2025-05-26
7477,2864,623,2026-01-25
7478,2864,735,2025-09-01
7479,2864,952,2025-08-19
7480,2864,1478,2025-01-08
7481,2864,1481,2026-03-01
7482,2865,111,2025-05-09
7483,2865,192,2025-02-18
7484,2865,307,2025-04-30
7485,2865,408,2026-01-03
7486,2865,448,2025-01-05
7487,2865,521,2025-11-06
7488,2865,1078,2025-01-07
7489,2865,1494,2025-11-15
7490,2866,101,2026-04-13
7491,2866,203,2025-02-27
7492,2866,474,2026-04-28
7493,2866,552,2025-06-28
7494,2866,723,2025-04-09
7495,2866,1249,2025-09-20
7496,2866,1278,2026-02-27
7497,2867,79,2025-11-23
7498,2867,156,2026-03-24
7499,2867,1358,2025-08-03
7500,2868,138,2025-01-12
7501,2868,246,2025-04-06
7502,2868,721,2025-10-07
7503,2868,759,2025-03-07
7504,2868,807,2025-07-22
7505,2868,931,2025-03-10
7506,2868,978,2025-06-28
7507,2869,96,2025-05-16
7508,2869,1256,2026-02-08
7509,2869,1392,2025-03-27
7510,2870,97,2025-01-21
7511,2870,281,2026-04-19
7512,2870,1071,2025-05-15
7513,2870,1225,2025-02-04
7514,2871,11,2025-12-02
7515,2871,850,2026-03-10
7516,2871,962,2025-03-29
7517,2872,34,2026-03-18
7518,2872,53,2026-03-22
7519,2872,255,2025-04-30
7520,2872,681,2026-04-03
7521,2872,1118,2025-02-13
7522,2873,38,2025-11-09
7523,2873,370,2025-01-18
7524,2873,373,2026-01-06
7525,2873,692,2025-12-01
7526,2873,703,2025-07-02
7527,2873,836,2025-08-19
7528,2873,956,2025-08-25
7529,2873,1327,2025-03-10
7530,2874,191,2025-01-04
7531,2874,1488,2025-05-18
7532,2875,30,2026-01-24
7533,2875,93,2025-05-24
7534,2875,178,2025-02-03
7535,2875,752,2025-01-11
7536,2875,1080,2025-01-29
7537,2875,1402,2025-12-29
7538,2876,13,2025-12-20
7539,2876,123,2025-09-11
7540,2876,454,2025-12-20
7541,2876,542,2025-10-30
7542,2876,945,2026-03-06
7543,2876,1194,2025-12-27
7544,2876,1348,2025-05-20
7545,2877,191,2025-02-21
7546,2877,327,2025-10-17
7547,2877,548,2025-04-21
7548,2877,734,2025-03-23
7549,2877,799,2025-05-19
7550,2877,1058,2025-07-10
7551,2877,1115,2026-02-04
7552,2878,2,2025-05-03
7553,2878,34,2026-03-07
7554,2878,56,2025-10-10
7555,2878,235,2025-11-26
7556,2878,1332,2025-02-08
7557,2879,96,2025-01-31
7558,2879,1124,2025-11-15
7559,2879,1494,2025-09-05
7560,2880,58,2026-01-01
7561,2880,247,2025-11-12
7562,2880,484,2025-06-08
7563,2880,637,2025-02-20
7564,2880,807,2025-11-21
7565,2880,888,2026-04-18
7566,2880,1207,2025-03-15
7567,2880,1327,2025-03-15
7568,2881,15,2026-01-20
7569,2881,187,2025-05-22
7570,2881,567,2025-10-06
7571,2881,844,2025-08-27
7572,2881,897,2025-01-15
7573,2881,1067,2025-10-28
7574,2882,56,2026-01-09
7575,2882,382,2026-01-12
7576,2882,840,2025-10-13
7577,2882,1179,2025-09-01
7578,2883,83,2025-03-19
7579,2883,141,2026-01-17
7580,2883,163,2025-07-19
7581,2883,249,2025-05-11
7582,2883,326,2026-03-20
7583,2883,331,2026-04-23
7584,2883,698,2025-10-22
7585,2883,1047,2025-07-28
7586,2883,1279,2025-04-15
7587,2883,1383,2025-04-04
7588,2884,96,2025-04-01
7589,2884,375,2025-07-11
7590,2884,596,2025-02-10
7591,2884,668,2025-09-11
7592,2884,989,2026-03-08
7593,2884,1095,2025-06-02
7594,2884,1130,2026-02-11
7595,2884,1305,2025-03-15
7596,2885,78,2025-04-05
7597,2885,96,2025-05-29
7598,2885,164,2025-01-08
7599,2885,512,2025-05-16
7600,2885,834,2026-03-03
7601,2885,1065,2026-04-01
7602,2885,1351,2025-12-22
7603,2886,37,2025-11-27
7604,2886,76,2025-12-11
7605,2886,167,2025-04-20
7606,2886,169,2025-03-30
7607,2886,407,2025-08-03
7608,2886,637,2025-02-21
7609,2886,953,2025-02-25
7610,2886,1498,2025-10-01
7611,2887,127,2026-03-01
7612,2887,175,2025-11-15
7613,2887,220,2025-01-27
7614,2887,414,2025-01-19
7615,2887,519,2025-04-09
7616,2887,1140,2025-06-06
7617,2887,1292,2025-07-15
7618,2888,81,2025-09-27
7619,2888,96,2025-08-09
7620,2888,379,2025-02-20
7621,2888,841,2025-12-19
7622,2888,885,2025-07-15
7623,2889,34,2025-04-21
7624,2889,134,2025-01-26
7625,2889,991,2025-09-01
7626,2890,11,2025-01-07
7627,2890,69,2025-03-18
7628,2890,715,2025-10-07
7629,2890,796,2025-07-24
7630,2890,1076,2025-08-18
7631,2891,73,2025-12-22
7632,2891,93,2025-12-01
7633,2891,787,2025-03-28
7634,2891,948,2025-01-29
7635,2892,165,2026-04-24
7636,2892,930,2026-04-22
7637,2892,1169,2025-03-19
7638,2892,1294,2026-02-03
7639,2892,1304,2025-01-18
7640,2892,1315,2025-01-17
7641,2893,11,2025-11-01
7642,2893,133,2025-06-21
7643,2893,347,2026-02-04
7644,2893,844,2026-02-10
7645,2893,1027,2025-05-02
7646,2893,1399,2025-07-20
7647,2894,165,2026-04-03
7648,2894,725,2026-02-15
7649,2894,798,2025-08-01
7650,2894,1092,2026-01-05
7651,2895,93,2025-03-11
7652,2895,319,2025-02-05
7653,2895,422,2025-10-20
7654,2895,865,2025-07-04
7655,2895,1351,2025-04-11
7656,2895,1461,2025-07-29
7657,2896,56,2025-10-06
7658,2896,380,2025-10-26
7659,2896,655,2025-01-16
7660,2896,796,2025-01-06
7661,2896,1186,2025-06-23
7662,2896,1493,2025-08-27
7663,2897,123,2025-09-01
7664,2897,613,2025-11-06
7665,2897,1439,2025-06-10
7666,2897,1487,2025-01-16
7667,2898,3,2025-01-31
7668,2898,147,2025-02-19
7669,2898,211,2025-09-11
7670,2898,512,2025-05-05
7671,2898,1485,2025-03-11
7672,2899,191,2025-06-20
7673,2899,300,2026-02-13
7674,2899,514,2025-10-16
7675,2899,558,2025-01-07
7676,2899,870,2025-01-14
7677,2900,93,2026-02-13
7678,2900,135,2025-08-25
7679,2900,341,2025-04-21
7680,2900,643,2025-11-12
7681,2900,1107,2025-08-25
7682,2901,26,2025-02-15
7683,2901,203,2025-04-08
7684,2901,1023,2026-01-21
7685,2901,1310,2026-02-03
7686,2902,58,2025-01-18
7687,2902,272,2025-12-02
7688,2902,645,2025-08-20
7689,2903,146,2025-03-29
7690,2903,213,2025-03-24
7691,2903,442,2025-02-17
7692,2903,461,2025-02-25
7693,2903,605,2025-04-15
7694,2903,660,2025-10-04
7695,2903,973,2026-02-21
7696,2903,1022,2025-07-14
7697,2903,1060,2025-10-17
7698,2903,1307,2025-01-22
7699,2903,1487,2026-01-16
7700,2904,15,2025-09-18
7701,2904,408,2025-08-30
7702,2904,443,2026-03-29
7703,2904,566,2025-02-08
7704,2904,612,2025-12-02
7705,2904,1326,2025-07-19
7706,2905,97,2025-09-11
7707,2905,697,2025-03-14
7708,2905,1095,2025-04-06
7709,2905,1149,2025-03-03
7710,2906,23,2025-01-13
7711,2906,82,2026-02-16
7712,2906,426,2026-02-26
7713,2906,795,2025-05-10
7714,2906,895,2025-06-11
7715,2906,1054,2026-03-22
7716,2906,1330,2026-04-18
7717,2907,149,2025-12-30
7718,2907,361,2026-02-01
7719,2907,889,2025-05-24
7720,2907,1038,2026-01-16
7721,2907,1137,2025-07-28
7722,2908,56,2026-02-10
7723,2908,1133,2025-02-27
7724,2908,1182,2025-09-11
7725,2909,120,2025-02-26
7726,2909,138,2025-10-19
7727,2909,191,2025-03-27
7728,2909,675,2025-10-08
7729,2909,966,2026-02-18
7730,2909,1410,2025-02-05
7731,2910,56,2025-08-31
7732,2910,124,2026-03-04
7733,2910,406,2025-01-04
7734,2910,722,2025-08-21
7735,2910,873,2025-05-12
7736,2910,1325,2025-06-06
7737,2911,34,2025-05-06
7738,2911,417,2025-07-28
7739,2911,827,2025-01-28
7740,2912,40,2025-03-16
7741,2912,146,2026-02-27
7742,2912,156,2025-04-26
7743,2912,535,2026-01-24
7744,2912,736,2025-06-04
7745,2912,923,2025-05-31
7746,2912,1118,2026-03-15
7747,2913,81,2026-02-07
7748,2913,307,2026-04-22
7749,2913,637,2026-04-08
7750,2913,746,2025-03-09
7751,2913,1054,2025-04-05
7752,2913,1288,2025-07-04
7753,2913,1319,2025-03-15
7754,2913,1498,2025-02-17
7755,2914,136,2025-11-28
7756,2914,165,2025-07-23
7757,2914,615,2025-01-08
7758,2914,737,2025-03-15
7759,2914,1304,2025-06-25
7760,2915,149,2025-04-03
7761,2915,302,2025-04-20
7762,2915,939,2026-04-12
7763,2916,23,2025-10-28
7764,2916,203,2025-05-19
7765,2916,273,2026-01-22
7766,2916,1237,2025-02-12
7767,2916,1450,2025-03-14
7768,2917,145,2026-01-11
7769,2917,191,2026-04-13
7770,2917,909,2026-04-25
7771,2917,1084,2025-12-07
7772,2917,1131,2026-01-09
7773,2917,1170,2025-01-09
7774,2918,199,2025-10-26
7775,2918,1174,2025-05-20
7776,2918,1492,2025-06-06
7777,2919,163,2026-01-15
7778,2919,862,2026-02-26
7779,2919,911,2025-08-17
7780,2919,1406,2026-02-13
7781,2920,15,2026-03-08
7782,2920,109,2025-08-31
7783,2920,408,2026-03-29
7784,2920,757,2025-04-03
7785,2920,842,2025-07-12
7786,2920,1154,2025-11-12
7787,2920,1157,2025-01-12
7788,2920,1481,2025-04-17
7789,2921,147,2025-12-12
7790,2921,506,2025-04-04
7791,2921,834,2025-08-04
7792,2921,1001,2025-11-25
7793,2921,1061,2025-11-17
7794,2921,1140,2025-06-30
7795,2921,1233,2025-06-11
7796,2921,1423,2025-02-18
7797,2922,175,2025-04-26
7798,2922,186,2026-04-18
7799,2922,204,2025-03-08
7800,2922,652,2025-08-29
7801,2922,865,2025-07-29
7802,2923,81,2025-02-10
7803,2923,97,2025-11-30
7804,2923,165,2025-08-27
7805,2923,365,2025-11-05
7806,2923,391,2026-02-23
7807,2923,584,2025-06-03
7808,2923,1090,2026-01-04
7809,2923,1326,2025-10-13
7810,2924,116,2025-01-13
7811,2924,154,2025-12-13
7812,2924,258,2025-03-10
7813,2924,352,2025-05-19
7814,2924,544,2026-05-01
7815,2924,671,2025-06-26
7816,2924,1428,2026-02-28
7817,2925,163,2025-12-21
7818,2925,351,2025-07-03
7819,2925,366,2025-10-27
7820,2925,390,2025-10-04
7821,2926,175,2025-06-29
7822,2926,399,2025-02-27
7823,2926,414,2025-07-15
7824,2926,714,2025-01-19
7825,2926,1198,2025-03-09
7826,2927,116,2025-02-24
7827,2927,151,2025-02-24
7828,2927,159,2025-10-22
7829,2927,1470,2025-12-08
7830,2927,1498,2025-02-26
7831,2928,38,2025-06-13
7832,2928,96,2026-04-22
7833,2928,175,2025-10-02
7834,2928,177,2025-10-25
7835,2928,186,2026-04-18
7836,2928,628,2026-03-07
7837,2928,972,2025-02-16
7838,2929,47,2025-03-29
7839,2929,192,2026-02-17
7840,2929,430,2025-08-09
7841,2929,457,2025-10-04
7842,2929,1053,2026-03-27
7843,2930,93,2025-07-27
7844,2930,119,2026-01-23
7845,2930,586,2025-12-26
7846,2930,682,2025-05-27
7847,2930,731,2026-01-11
7848,2930,976,2025-11-07
7849,2930,1491,2026-02-15
7850,2931,56,2025-10-02
7851,2931,732,2026-03-30
7852,2931,865,2025-07-31
7853,2931,1004,2025-05-11
7854,2931,1424,2025-09-03
7855,2931,1447,2025-10-12
7856,2932,56,2025-08-08
7857,2932,716,2026-02-10
7858,2932,777,2026-03-26
7859,2932,1193,2026-04-11
7860,2932,1397,2025-09-21
7861,2933,13,2025-12-12
7862,2933,96,2025-08-04
7863,2933,947,2025-03-06
7864,2933,983,2025-04-20
7865,2933,1114,2025-08-26
7866,2933,1234,2025-07-14
7867,2933,1320,2025-01-31
7868,2934,191,2026-04-10
7869,2934,1312,2025-01-05
7870,2934,1353,2025-09-14
7871,2934,1381,2025-09-27
7872,2935,125,2025-05-18
7873,2935,242,2025-06-09
7874,2935,911,2025-08-22
7875,2935,947,2025-05-13
7876,2936,125,2025-01-13
7877,2936,323,2025-09-19
7878,2936,1304,2026-01-19
7879,2937,13,2025-04-29
7880,2937,226,2025-08-13
7881,2938,81,2026-02-25
7882,2938,319,2025-12-03
7883,2938,627,2025-10-13
7884,2938,1100,2025-02-15
7885,2939,116,2025-10-17
7886,2939,122,2025-02-26
7887,2939,331,2025-10-20
7888,2939,578,2025-01-17
7889,2939,739,2025-09-09
7890,2939,836,2025-05-30
7891,2939,909,2025-11-14
7892,2940,34,2026-03-10
7893,2940,62,2025-10-18
7894,2940,307,2025-03-08
7895,2940,660,2025-02-13
7896,2940,978,2025-08-12
7897,2940,1078,2025-06-03
7898,2940,1355,2025-01-23
7899,2940,1372,2025-01-26
7900,2941,34,2025-07-26
7901,2941,366,2025-10-20
7902,2941,397,2026-01-13
7903,2941,1102,2026-01-07
7904,2942,123,2026-01-27
7905,2942,314,2025-09-28
7906,2942,446,2026-04-23
7907,2942,544,2026-02-26
7908,2942,850,2026-01-29
7909,2942,892,2026-04-03
7910,2942,1049,2026-04-28
7911,2942,1148,2025-04-14
7912,2943,38,2025-07-21
7913,2943,68,2025-11-08
7914,2943,351,2026-01-09
7915,2943,805,2025-11-17
7916,2943,816,2025-03-07
7917,2943,979,2026-03-03
7918,2943,1379,2025-04-12
7919,2944,149,2026-02-07
7920,2944,519,2025-06-16
7921,2944,1479,2025-04-28
7922,2945,19,2025-05-23
7923,2945,93,2025-10-04
7924,2945,698,2025-05-18
7925,2945,1034,2025-09-19
7926,2946,51,2025-08-12
7927,2946,147,2025-05-19
7928,2946,427,2025-08-18
7929,2946,832,2026-04-29
7930,2947,97,2025-01-21
7931,2947,362,2025-09-16
7932,2947,657,2025-03-22
7933,2947,671,2025-03-02
7934,2948,58,2025-04-25
7935,2948,1006,2025-10-21
7936,2948,1491,2025-09-28
7937,2949,147,2025-07-30
7938,2949,482,2025-06-13
7939,2949,485,2025-05-21
7940,2949,1323,2025-08-10
7941,2950,11,2025-04-06
7942,2950,200,2025-03-17
7943,2950,515,2026-01-01
7944,2950,655,2026-03-15
7945,2950,813,2025-01-05
7946,2950,1241,2025-03-28
7947,2951,39,2025-02-03
7948,2951,82,2025-03-27
7949,2951,408,2025-04-13
7950,2951,574,2026-01-16
7951,2951,675,2026-01-08
7952,2951,694,2025-09-09
7953,2951,757,2025-12-18
7954,2952,11,2026-04-26
7955,2952,178,2026-01-16
7956,2952,262,2025-03-17
7957,2952,1095,2026-03-20
7958,2952,1310,2025-01-08
7959,2952,1313,2025-07-03
7960,2952,1339,2026-04-08
7961,2952,1445,2025-06-18
7962,2953,156,2025-01-01
7963,2953,370,2026-03-26
7964,2953,641,2025-04-17
7965,2953,739,2026-01-25
7966,2953,766,2025-04-22
7967,2953,981,2025-01-02
7968,2953,1145,2025-02-01
7969,2953,1235,2025-01-11
7970,2954,70,2025-01-10
7971,2954,148,2025-10-08
7972,2954,191,2025-09-23
7973,2954,835,2025-07-12
7974,2954,1114,2025-05-08
7975,2954,1393,2026-02-11
7976,2955,163,2025-05-30
7977,2955,203,2026-01-16
7978,2955,639,2026-01-01
7979,2955,778,2025-07-26
7980,2955,952,2025-08-21
7981,2955,1097,2025-05-03
7982,2955,1186,2025-10-31
7983,2956,147,2025-02-26
7984,2956,978,2025-11-10
7985,2956,1078,2025-01-03
7986,2956,1446,2025-01-02
7987,2957,11,2025-09-22
7988,2957,216,2025-09-24
7989,2957,833,2025-10-20
7990,2957,1498,2026-01-29
7991,2958,107,2026-02-03
7992,2958,204,2025-10-18
7993,2958,660,2025-02-16
7994,2958,1164,2025-03-04
7995,2958,1178,2025-05-10
7996,2958,1420,2025-03-02
7997,2959,38,2025-07-27
7998,2959,125,2026-02-13
7999,2959,175,2025-01-02
8000,2959,1130,2025-01-12
8001,2959,1272,2025-10-24
8002,2960,82,2026-03-15
8003,2960,189,2026-03-12
8004,2960,275,2025-02-17
8005,2960,389,2025-07-16
8006,2960,698,2025-10-18
8007,2961,37,2026-01-21
8008,2961,98,2026-01-15
8009,2961,171,2025-11-18
8010,2961,256,2025-03-19
8011,2961,598,2026-02-25
8012,2961,923,2025-05-01
8013,2961,953,2025-03-13
8014,2961,1022,2025-12-17
8015,2961,1267,2025-09-11
8016,2962,192,2025-04-14
8017,2962,197,2026-04-24
8018,2962,544,2025-08-22
8019,2962,855,2026-01-15
8020,2962,966,2026-03-02
8021,2963,97,2025-10-25
8022,2963,158,2025-12-11
8023,2963,383,2025-09-30
8024,2963,1095,2026-04-29
8025,2963,1099,2026-01-31
8026,2963,1113,2025-10-23
8027,2963,1129,2026-01-08
8028,2964,13,2025-08-24
8029,2964,790,2026-01-14
8030,2964,1365,2026-01-02
8031,2964,1499,2025-11-13
8032,2965,203,2025-01-23
8033,2965,582,2025-07-18
8034,2965,973,2025-01-05
8035,2966,140,2025-10-05
8036,2966,146,2026-02-12
8037,2966,390,2026-01-11
8038,2966,905,2025-06-22
8039,2966,954,2025-06-03
8040,2966,1026,2025-10-06
8041,2966,1061,2026-03-08
8042,2966,1359,2025-02-12
8043,2966,1465,2026-04-28
8044,2967,204,2026-03-14
8045,2967,265,2026-03-20
8046,2967,956,2026-04-11
8047,2967,1169,2025-10-08
8048,2967,1291,2025-08-06
8049,2967,1383,2025-09-03
8050,2968,138,2025-05-13
8051,2968,169,2025-07-18
8052,2968,307,2025-05-06
8053,2968,637,2025-01-21
8054,2968,649,2025-01-26
8055,2968,689,2025-01-12
8056,2969,11,2026-04-17
8057,2969,15,2025-11-02
8058,2969,319,2026-02-22
8059,2969,783,2026-03-07
8060,2969,1064,2025-10-29
8061,2969,1065,2025-09-21
8062,2969,1290,2025-05-22
8063,2969,1399,2025-12-17
8064,2970,13,2025-04-23
8065,2970,17,2025-05-08
8066,2970,96,2025-08-11
8067,2970,374,2025-03-02
8068,2970,504,2026-04-01
8069,2970,525,2025-02-19
8070,2970,583,2026-01-06
8071,2970,987,2026-03-04
8072,2970,1043,2025-05-06
8073,2971,156,2025-08-17
8074,2971,343,2025-02-12
8075,2971,726,2026-04-21
8076,2972,11,2025-02-19
8077,2972,295,2025-09-25
8078,2972,598,2026-03-28
8079,2972,637,2025-02-13
8080,2972,686,2025-06-12
8081,2972,821,2025-02-17
8082,2972,1250,2025-12-06
8083,2973,15,2025-11-06
8084,2973,302,2025-10-12
8085,2973,557,2025-11-27
8086,2973,803,2025-07-09
8087,2973,836,2025-12-22
8088,2974,125,2025-05-13
8089,2974,375,2025-06-18
8090,2974,979,2025-09-14
8091,2975,34,2025-03-14
8092,2975,637,2026-01-24
8093,2975,889,2025-10-21
8094,2975,970,2026-02-17
8095,2975,1450,2025-06-08
8096,2976,192,2025-03-18
8097,2976,793,2025-01-10
8098,2976,998,2025-04-07
8099,2976,1004,2025-11-22
8100,2976,1266,2025-05-14
8101,2976,1492,2026-02-17
8102,2977,191,2026-03-11
8103,2977,336,2025-12-07
8104,2977,529,2025-01-07
8105,2977,794,2025-02-05
8106,2977,799,2025-07-05
8107,2977,1207,2025-04-15
8108,2978,36,2025-06-15
8109,2978,116,2026-01-26
8110,2978,1189,2025-05-03
8111,2978,1227,2025-05-23
8112,2979,169,2025-07-31
8113,2979,950,2025-07-30
8114,2979,1030,2025-01-16
8115,2979,1078,2025-08-17
8116,2979,1100,2025-06-14
8117,2979,1367,2025-07-12
8118,2980,71,2026-04-29
8119,2980,82,2025-10-22
8120,2980,357,2025-11-07
8121,2980,800,2025-11-02
8122,2980,957,2025-05-09
8123,2980,1093,2025-05-26
8124,2980,1427,2025-10-25
8125,2981,81,2026-04-01
8126,2981,1293,2025-12-27
8127,2981,1460,2025-05-20
8128,2982,13,2026-03-18
8129,2982,39,2025-07-27
8130,2982,96,2025-08-10
8131,2982,462,2025-08-15
8132,2982,482,2025-03-17
8133,2982,796,2026-01-02
8134,2982,1139,2025-01-28
8135,2983,164,2025-02-18
8136,2983,175,2025-01-30
8137,2983,284,2025-10-09
8138,2983,661,2025-03-12
8139,2983,981,2025-05-17
8140,2983,1312,2026-03-28
8141,2983,1318,2025-11-26
8142,2984,96,2026-01-05
8143,2984,734,2025-01-09
8144,2984,923,2026-02-19
8145,2984,1115,2025-03-13
8146,2984,1136,2025-12-28
8147,2984,1215,2026-01-30
8148,2984,1450,2025-10-04
8149,2985,97,2026-04-12
8150,2985,213,2025-02-16
8151,2985,233,2025-12-19
8152,2985,552,2025-09-17
8153,2985,739,2025-03-19
8154,2985,1009,2026-04-17
8155,2986,15,2025-03-12
8156,2986,952,2025-12-01
8157,2986,999,2025-04-24
8158,2986,1105,2025-09-20
8159,2986,1114,2025-08-17
8160,2987,146,2025-11-02
8161,2987,1122,2026-04-18
8162,2987,1277,2026-01-28
8163,2987,1482,2025-05-28
8164,2988,175,2025-01-01
8165,2988,219,2025-03-18
8166,2988,1248,2026-04-02
8167,2989,93,2025-07-20
8168,2989,819,2025-03-14
8169,2989,949,2025-01-18
8170,2989,1066,2025-09-29
8171,2989,1434,2025-06-27
8172,2990,125,2025-09-14
8173,2990,715,2026-03-31
8174,2990,1196,2025-02-05
8175,2990,1361,2025-09-12
8176,2990,1410,2025-05-15
8177,2991,121,2025-12-19
8178,2991,149,2025-06-16
8179,2991,154,2026-04-09
8180,2991,650,2025-03-11
8181,2991,1500,2025-08-28
8182,2992,13,2025-04-27
8183,2992,321,2026-02-09
8184,2992,1046,2026-04-13
8185,2992,1477,2025-07-03
8186,2993,97,2025-11-23
8187,2993,740,2025-04-09
8188,2994,30,2025-07-30
8189,2994,82,2025-06-09
8190,2994,481,2025-03-23
8191,2994,664,2026-04-22
8192,2994,780,2025-04-24
8193,2994,1310,2025-06-26
8194,2995,165,2025-08-21
8195,2995,1418,2025-01-09
8196,2995,1428,2025-01-05
8197,2996,123,2025-05-31
8198,2996,299,2025-02-14
8199,2996,393,2025-03-23
8200,2996,518,2025-11-14
8201,2996,614,2025-02-18
8202,2996,1194,2026-01-31
8203,2997,125,2025-10-14
8204,2997,139,2025-03-13
8205,2998,29,2025-10-10
8206,2998,199,2025-12-26
8207,2998,401,2025-06-19
8208,2998,923,2025-02-24
8209,2998,1257,2025-10-09
8210,2999,38,2025-03-01
8211,2999,149,2025-12-18
8212,2999,165,2025-08-03
8213,2999,698,2026-04-26
8214,2999,1029,2025-02-05
8215,2999,1437,2025-11-18
8216,3000,204,2025-04-01
8217,3000,558,2026-02-07
8218,3000,623,2025-11-20
8219,3000,636,2025-06-17
8220,3000,714,2025-06-27
8221,3000,999,2025-10-17
8222,3001,34,2025-01-10
8223,3001,186,2025-05-27
8224,3001,544,2025-12-07
8225,3001,866,2026-03-20
8226,3001,894,2026-04-02
8227,3001,1378,2025-07-23
8228,3002,186,2025-02-28
8229,3002,192,2026-03-29
8230,3002,533,2025-01-17
8231,3002,846,2025-02-01
8232,3002,865,2025-08-26
8233,3002,1022,2025-11-05
8234,3002,1271,2025-03-30
8235,3002,1432,2025-04-23
8236,3003,96,2025-01-29
8237,3003,515,2025-05-16
8238,3003,756,2025-08-07
8239,3003,1022,2025-07-29
8240,3004,149,2025-01-13
8241,3004,258,2025-01-28
8242,3004,1158,2025-02-13
8243,3004,1361,2025-03-07
8244,3005,34,2025-10-15
8245,3005,751,2025-05-05
8246,3005,935,2025-09-25
8247,3005,1454,2025-03-15
8248,3006,11,2025-08-23
8249,3006,383,2025-02-14
8250,3006,1342,2025-01-16
8251,3007,58,2025-02-15
8252,3007,619,2026-01-06
8253,3008,13,2026-03-27
8254,3008,43,2026-01-17
8255,3008,441,2026-04-10
8256,3008,696,2025-03-31
8257,3008,697,2025-04-13
8258,3008,1080,2026-04-08
8259,3008,1149,2025-03-07
8260,3009,192,2025-10-18
8261,3009,452,2026-01-12
8262,3009,495,2026-04-19
8263,3009,558,2025-11-18
8264,3009,602,2025-08-07
8265,3009,999,2025-02-05
8266,3009,1186,2025-06-29
8267,3009,1301,2025-02-15
8268,3009,1423,2025-03-06
8269,3010,11,2025-01-16
8270,3010,22,2025-12-02
8271,3010,702,2026-04-09
8272,3010,1397,2025-05-16
8273,3010,1499,2026-04-30
8274,3011,37,2025-09-30
8275,3011,194,2026-01-02
8276,3011,291,2025-07-11
8277,3011,739,2025-01-06
8278,3011,1004,2025-09-12
8279,3011,1297,2026-01-12
8280,3011,1432,2025-08-08
8281,3012,34,2025-08-11
8282,3012,697,2026-01-20
8283,3012,742,2025-06-16
8284,3012,781,2025-04-25
8285,3013,93,2026-02-22
8286,3013,623,2026-01-31
8287,3013,662,2026-04-02
8288,3014,199,2026-01-10
8289,3014,417,2026-04-13
8290,3014,962,2026-01-22
8291,3014,1098,2025-05-13
8292,3014,1158,2025-06-09
8293,3015,59,2025-07-15
8294,3015,165,2026-01-07
8295,3015,287,2025-01-24
8296,3015,351,2026-03-25
8297,3015,635,2025-06-06
8298,3015,1262,2025-12-02
8299,3016,169,2025-04-01
8300,3016,260,2026-04-03
8301,3016,583,2025-03-15
8302,3016,959,2025-08-14
8303,3016,1381,2025-08-03
8304,3017,12,2025-04-23
8305,3017,116,2026-03-13
8306,3017,656,2025-11-21
8307,3017,1326,2025-06-03
8308,3017,1392,2025-07-16
8309,3018,58,2026-02-27
8310,3018,79,2025-01-13
8311,3018,1024,2025-02-24
8312,3018,1027,2025-11-15
8313,3019,38,2025-02-15
8314,3019,297,2025-06-20
8315,3019,385,2025-05-02
8316,3019,796,2025-01-04
8317,3019,918,2025-07-07
8318,3019,1059,2025-09-13
8319,3019,1248,2026-01-04
8320,3020,15,2026-01-16
8321,3020,1492,2026-02-13
8322,3021,50,2025-11-17
8323,3021,56,2025-04-15
8324,3021,158,2026-01-10
8325,3021,651,2025-06-08
8326,3021,783,2025-09-09
8327,3021,900,2026-03-09
8328,3021,1064,2025-03-18
8329,3021,1151,2025-05-13
8330,3022,135,2025-05-01
8331,3022,169,2025-06-29
8332,3022,331,2025-10-13
8333,3022,420,2025-08-04
8334,3023,196,2025-02-12
8335,3023,203,2025-09-09
8336,3023,445,2025-07-29
8337,3023,575,2025-10-01
8338,3023,824,2025-03-28
8339,3023,994,2025-03-25
8340,3023,1017,2026-04-27
8341,3024,109,2025-06-12
8342,3024,123,2026-01-23
8343,3024,191,2025-02-21
8344,3024,835,2026-01-19
8345,3024,838,2025-12-14
8346,3024,1194,2025-03-06
8347,3024,1229,2026-02-27
8348,3025,96,2025-08-23
8349,3025,312,2025-12-09
8350,3025,587,2025-04-04
8351,3025,692,2025-07-21
8352,3025,834,2025-08-20
8353,3025,881,2025-01-02
8354,3025,961,2025-09-18
8355,3025,977,2025-07-20
8356,3026,177,2026-03-10
8357,3026,192,2025-08-03
8358,3026,1485,2025-12-27
8359,3027,203,2026-02-19
8360,3027,697,2025-07-18
8361,3027,791,2026-04-24
8362,3027,1485,2025-06-29
8363,3028,79,2026-04-23
8364,3028,146,2025-12-24
8365,3028,296,2026-02-05
8366,3028,621,2025-07-24
8367,3028,691,2025-03-20
8368,3028,763,2026-03-15
8369,3028,1488,2025-03-08
8370,3029,8,2025-05-22
8371,3029,11,2025-02-09
8372,3029,196,2026-04-20
8373,3029,261,2025-11-15
8374,3029,351,2026-03-27
8375,3029,544,2025-08-15
8376,3029,583,2026-03-29
8377,3029,805,2025-07-29
8378,3029,1231,2026-03-13
8379,3029,1349,2025-10-07
8380,3030,34,2025-08-15
8381,3030,39,2025-09-19
8382,3030,69,2026-03-15
8383,3030,204,2026-03-09
8384,3030,456,2025-05-19
8385,3030,586,2026-02-09
8386,3030,995,2025-11-16
8387,3030,1332,2025-05-31
8388,3030,1411,2025-08-31
8389,3031,165,2025-08-28
8390,3031,336,2026-03-01
8391,3031,470,2025-02-11
8392,3031,799,2025-12-06
8393,3031,889,2025-03-23
8394,3031,970,2025-10-24
8395,3032,193,2025-01-31
8396,3032,199,2025-11-24
8397,3032,279,2025-04-17
8398,3033,13,2025-07-05
8399,3033,942,2025-01-08
8400,3033,1175,2025-01-19
8401,3033,1374,2025-07-31
8402,3034,81,2026-04-23
8403,3034,775,2025-02-25
8404,3034,942,2026-02-17
8405,3034,1034,2025-09-19
8406,3034,1259,2025-06-05
8407,3035,10,2025-09-14
8408,3035,72,2025-10-17
8409,3035,90,2025-09-05
8410,3035,203,2025-06-04
8411,3035,943,2025-03-16
8412,3035,964,2025-03-06
8413,3036,191,2025-05-01
8414,3036,427,2025-06-10
8415,3036,504,2026-03-19
8416,3036,877,2025-05-20
8417,3036,1095,2026-02-20
8418,3036,1319,2025-04-18
8419,3036,1355,2025-06-07
8420,3036,1402,2025-01-28
8421,3037,13,2025-06-07
8422,3037,931,2026-01-07
8423,3037,970,2025-08-03
8424,3037,1081,2026-03-26
8425,3037,1127,2026-01-14
8426,3037,1250,2026-01-21
8427,3038,33,2025-07-13
8428,3038,34,2025-10-08
8429,3038,79,2025-03-20
8430,3038,791,2026-05-01
8431,3038,1325,2025-02-26
8432,3038,1488,2025-03-19
8433,3038,1495,2025-02-14
8434,3039,13,2025-06-22
8435,3039,329,2026-02-09
8436,3039,706,2025-11-23
8437,3039,807,2025-08-10
8438,3039,960,2026-03-08
8439,3039,1118,2025-05-10
8440,3040,82,2025-11-06
8441,3040,414,2026-01-13
8442,3040,727,2026-01-20
8443,3040,952,2025-07-02
8444,3040,1234,2025-03-25
8445,3040,1243,2025-07-02
8446,3040,1248,2025-05-12
8447,3041,15,2025-10-22
8448,3041,151,2026-02-07
8449,3041,249,2025-03-30
8450,3041,322,2025-01-09
8451,3041,368,2025-07-24
8452,3041,960,2025-12-04
8453,3042,81,2025-12-20
8454,3042,1039,2025-05-22
8455,3042,1260,2026-02-15
8456,3043,93,2025-05-25
8457,3043,118,2025-11-26
8458,3043,351,2026-02-24
8459,3043,597,2025-02-15
8460,3044,165,2026-01-28
8461,3044,640,2025-03-05
8462,3044,651,2025-02-21
8463,3044,879,2025-12-10
8464,3045,149,2025-12-30
8465,3045,163,2025-11-10
8466,3045,570,2025-09-10
8467,3045,945,2026-02-01
8468,3045,947,2025-04-11
8469,3045,1114,2025-10-07
8470,3045,1226,2025-10-09
8471,3046,62,2025-02-11
8472,3046,128,2025-09-29
8473,3046,191,2025-03-17
8474,3046,290,2025-08-26
8475,3046,326,2025-05-08
8476,3046,631,2025-01-02
8477,3046,684,2026-03-15
8478,3046,771,2025-12-09
8479,3046,969,2025-08-08
8480,3046,1361,2025-04-30
8481,3047,191,2025-06-07
8482,3047,273,2025-04-26
8483,3047,751,2025-06-22
8484,3047,1002,2025-12-13
8485,3048,38,2025-10-28
8486,3048,116,2026-02-08
8487,3048,175,2025-05-28
8488,3048,182,2025-09-14
8489,3048,372,2026-03-24
8490,3048,708,2026-03-19
8491,3048,1154,2025-09-15
8492,3049,34,2026-02-17
8493,3049,82,2025-04-02
8494,3049,357,2026-01-06
8495,3049,488,2025-02-03
8496,3049,583,2025-09-28
8497,3049,926,2025-09-22
8498,3049,1248,2025-05-22
8499,3049,1471,2025-10-28
8500,3050,165,2026-02-15
8501,3050,283,2025-08-03
8502,3050,706,2025-10-02
8503,3051,38,2025-01-12
8504,3051,53,2025-07-27
8505,3051,691,2025-07-27
8506,3051,1443,2025-05-13
8507,3051,1492,2026-03-20
8508,3052,204,2026-02-01
8509,3052,263,2025-01-10
8510,3052,1194,2025-06-27
8511,3052,1351,2026-03-10
8512,3053,37,2025-02-20
8513,3053,90,2026-02-23
8514,3053,1417,2025-02-21
8515,3054,147,2025-01-23
8516,3054,584,2025-04-04
8517,3054,657,2025-02-16
8518,3054,919,2025-03-24
8519,3054,1095,2026-02-22
8520,3054,1313,2026-03-26
8521,3054,1446,2025-07-09
8522,3055,81,2025-06-09
8523,3055,125,2025-04-11
8524,3055,1004,2025-12-03
8525,3055,1122,2026-01-19
8526,3055,1230,2025-05-23
8527,3055,1288,2025-02-12
8528,3056,34,2026-02-15
8529,3056,231,2026-01-07
8530,3056,1440,2025-04-06
8531,3057,37,2025-05-07
8532,3057,80,2026-03-18
8533,3057,314,2025-01-16
8534,3057,640,2025-03-02
8535,3057,796,2025-12-29
8536,3057,811,2025-07-25
8537,3057,861,2025-01-27
8538,3057,967,2025-06-09
8539,3057,1294,2025-11-09
8540,3057,1430,2026-01-16
8541,3058,76,2025-09-28
8542,3058,93,2025-08-06
8543,3058,159,2025-01-03
8544,3058,168,2026-02-26
8545,3058,361,2026-04-30
8546,3058,535,2025-05-03
8547,3058,1293,2025-09-12
8548,3059,101,2025-03-14
8549,3059,199,2025-02-21
8550,3059,847,2026-01-01
8551,3060,37,2026-01-09
8552,3060,265,2025-11-25
8553,3060,409,2026-03-23
8554,3060,846,2025-09-16
8555,3061,42,2025-07-17
8556,3061,175,2025-01-28
8557,3061,339,2025-01-30
8558,3061,362,2025-04-14
8559,3061,1031,2025-03-25
8560,3061,1041,2025-02-01
8561,3061,1312,2025-12-24
8562,3061,1330,2025-04-14
8563,3062,23,2025-02-23
8564,3062,147,2025-11-01
8565,3062,923,2025-08-17
8566,3062,1137,2025-10-09
8567,3062,1164,2026-02-28
8568,3062,1427,2025-10-31
8569,3063,198,2025-11-15
8570,3063,203,2025-11-06
8571,3063,524,2026-04-13
8572,3063,747,2025-01-26
8573,3063,1005,2025-02-11
8574,3063,1295,2025-02-15
8575,3063,1493,2026-02-18
8576,3064,199,2025-05-22
8577,3064,1305,2025-01-17
8578,3064,1348,2026-04-26
8579,3065,203,2025-01-07
8580,3065,917,2025-04-18
8581,3065,1050,2025-06-02
8582,3065,1138,2026-04-16
8583,3066,116,2026-04-25
8584,3066,123,2025-09-01
8585,3066,149,2026-02-21
8586,3066,451,2025-03-01
8587,3066,1106,2025-05-04
8588,3066,1428,2025-02-24
8589,3067,156,2026-01-20
8590,3067,617,2025-12-20
8591,3067,767,2025-09-12
8592,3067,1174,2026-01-18
8593,3068,87,2025-02-20
8594,3068,123,2025-10-29
8595,3068,324,2026-02-26
8596,3068,770,2025-08-27
8597,3069,163,2026-01-26
8598,3069,178,2025-11-30
8599,3069,278,2025-10-12
8600,3069,433,2025-08-01
8601,3069,465,2025-01-24
8602,3069,1402,2026-02-04
8603,3069,1451,2026-01-19
8604,3070,34,2025-02-23
8605,3070,79,2026-03-29
8606,3070,615,2025-11-19
8607,3070,1325,2026-01-23
8608,3070,1488,2025-07-18
8609,3071,138,2026-03-29
8610,3071,255,2026-04-20
8611,3071,970,2025-03-21
8612,3071,1074,2026-01-25
8613,3071,1189,2026-04-27
8614,3072,138,2025-07-01
8615,3072,353,2025-12-17
8616,3072,646,2026-01-02
8617,3073,58,2025-11-12
8618,3073,565,2026-01-20
8619,3073,1015,2025-01-27
8620,3073,1339,2026-01-05
8621,3074,147,2025-09-17
8622,3074,304,2025-05-13
8623,3074,457,2025-02-20
8624,3074,653,2025-10-25
8625,3074,1045,2025-11-28
8626,3075,7,2025-05-26
8627,3075,125,2026-03-09
8628,3075,508,2025-11-22
8629,3075,992,2025-08-27
8630,3075,1192,2026-02-25
8631,3075,1381,2025-09-26
8632,3076,109,2025-06-18
8633,3076,163,2026-03-21
8634,3076,357,2025-07-06
8635,3076,449,2026-04-17
8636,3076,910,2025-01-05
8637,3076,1093,2025-11-18
8638,3076,1457,2025-03-03
8639,3077,125,2025-02-09
8640,3077,239,2025-04-16
8641,3077,386,2025-08-13
8642,3078,81,2025-06-24
8643,3078,295,2025-04-25
8644,3078,430,2025-06-22
8645,3079,93,2025-09-29
8646,3079,198,2025-03-26
8647,3079,570,2025-12-28
8648,3079,791,2025-03-03
8649,3080,175,2025-01-12
8650,3080,216,2025-08-30
8651,3080,319,2026-04-18
8652,3080,672,2025-03-27
8653,3080,960,2025-10-13
8654,3080,1299,2025-09-28
8655,3080,1366,2025-12-13
8656,3081,169,2026-03-21
8657,3081,548,2026-03-05
8658,3081,660,2025-08-16
8659,3081,768,2025-09-25
8660,3081,913,2026-01-17
8661,3081,1316,2025-01-02
8662,3081,1498,2025-08-30
8663,3082,56,2025-03-12
8664,3082,138,2026-02-04
8665,3082,218,2025-08-28
8666,3082,319,2025-11-03
8667,3082,1100,2026-01-25
8668,3082,1312,2025-01-29
8669,3082,1410,2026-01-02
8670,3083,58,2025-04-27
8671,3083,81,2025-08-28
8672,3083,94,2025-02-27
8673,3083,316,2026-04-30
8674,3083,1018,2025-08-01
8675,3083,1492,2025-02-24
8676,3084,15,2025-08-07
8677,3084,660,2025-01-15
8678,3084,913,2025-10-10
8679,3084,1074,2025-12-20
8680,3084,1078,2025-09-20
8681,3085,81,2025-02-26
8682,3085,201,2026-02-03
8683,3085,257,2025-11-12
8684,3085,1383,2025-08-29
8685,3086,30,2026-03-04
8686,3086,175,2025-03-21
8687,3087,82,2025-03-08
8688,3087,420,2026-04-03
8689,3087,660,2025-04-14
8690,3087,835,2025-12-13
8691,3087,1305,2025-11-02
8692,3087,1448,2026-03-27
8693,3088,165,2026-01-24
8694,3088,219,2025-10-29
8695,3088,264,2025-11-21
8696,3088,720,2025-07-16
8697,3089,15,2025-05-09
8698,3089,388,2025-09-04
8699,3089,906,2025-09-09
8700,3089,972,2026-02-01
8701,3089,1133,2025-03-03
8702,3089,1347,2025-10-02
8703,3090,96,2025-04-12
8704,3090,191,2025-09-06
8705,3090,770,2025-06-23
8706,3090,1098,2026-03-05
8707,3091,146,2025-04-27
8708,3091,336,2025-01-21
8709,3091,526,2025-08-18
8710,3091,548,2026-03-26
8711,3091,964,2025-08-03
8712,3091,1486,2025-10-14
8713,3092,192,2026-03-19
8714,3092,395,2025-02-24
8715,3092,935,2026-04-06
8716,3092,1089,2026-04-08
8717,3092,1475,2025-01-04
8718,3093,199,2025-04-04
8719,3093,564,2026-02-13
8720,3093,861,2025-05-27
8721,3093,994,2025-10-08
8722,3093,1017,2025-01-08
8723,3093,1045,2025-12-11
8724,3093,1127,2026-01-06
8725,3093,1171,2026-01-02
8726,3094,34,2025-10-09
8727,3094,81,2025-07-07
8728,3094,355,2026-02-06
8729,3094,443,2025-06-30
8730,3094,728,2025-08-27
8731,3094,975,2026-03-20
8732,3094,1234,2025-09-14
8733,3094,1429,2025-01-17
8734,3095,163,2025-01-08
8735,3095,196,2025-03-28
8736,3095,284,2025-11-30
8737,3095,724,2025-05-12
8738,3095,1131,2025-12-09
8739,3096,23,2026-03-21
8740,3096,154,2025-05-31
8741,3096,156,2025-04-10
8742,3096,353,2026-02-13
8743,3096,383,2026-01-29
8744,3096,555,2025-03-11
8745,3096,1378,2025-04-20
8746,3096,1461,2026-03-25
8747,3097,169,2025-07-22
8748,3097,281,2025-04-06
8749,3097,321,2025-03-25
8750,3097,620,2026-02-27
8751,3097,917,2025-03-04
8752,3097,1297,2025-07-20
8753,3098,199,2025-10-27
8754,3098,1093,2025-01-20
8755,3098,1222,2026-02-09
8756,3098,1234,2025-07-16
8757,3098,1409,2025-11-05
8758,3098,1466,2025-12-09
8759,3099,56,2026-01-26
8760,3099,385,2025-07-15
8761,3099,1320,2025-10-10
8762,3100,165,2025-06-30
8763,3100,319,2026-03-10
8764,3100,349,2025-08-22
8765,3100,790,2025-05-13
8766,3100,1100,2025-07-23
8767,3100,1334,2025-12-08
8768,3100,1441,2025-08-30
8769,3101,15,2025-01-11
8770,3101,23,2025-07-19
8771,3101,333,2026-02-15
8772,3101,393,2025-08-15
8773,3101,798,2025-12-16
8774,3101,922,2025-12-16
8775,3101,1083,2025-07-02
8776,3101,1233,2025-02-03
8777,3101,1463,2025-08-12
8778,3101,1473,2025-11-14
8779,3101,1478,2025-12-20
8780,3102,15,2025-03-02
8781,3102,107,2025-05-06
8782,3102,419,2025-10-23
8783,3102,1062,2026-03-12
8784,3102,1175,2026-04-14
8785,3102,1212,2026-04-22
8786,3102,1371,2025-07-06
8787,3103,125,2025-12-23
8788,3103,242,2026-01-19
8789,3103,327,2026-04-27
8790,3103,791,2026-03-26
8791,3103,904,2026-04-28
8792,3104,13,2025-03-14
8793,3104,111,2025-02-15
8794,3104,147,2025-06-14
8795,3104,906,2025-01-29
8796,3105,47,2026-01-12
8797,3105,56,2025-03-01
8798,3105,754,2026-03-06
8799,3105,902,2025-07-28
8800,3105,992,2026-04-04
8801,3106,11,2025-06-02
8802,3106,246,2026-02-26
8803,3106,960,2025-03-16
8804,3106,978,2025-07-18
8805,3106,1175,2025-02-07
8806,3107,163,2025-01-03
8807,3107,462,2025-09-03
8808,3107,1062,2026-04-21
8809,3107,1225,2025-01-05
8810,3107,1237,2025-04-22
8811,3108,56,2025-04-12
8812,3108,149,2025-07-06
8813,3108,739,2025-01-24
8814,3108,1048,2026-04-27
8815,3109,123,2026-02-21
8816,3109,245,2025-11-29
8817,3109,1438,2025-09-25
8818,3109,1457,2026-01-28
8819,3110,192,2025-05-13
8820,3110,290,2026-04-03
8821,3110,335,2026-02-05
8822,3110,383,2025-03-22
8823,3110,1095,2025-05-25
8824,3110,1313,2026-03-11
8825,3110,1358,2025-04-19
8826,3111,7,2025-12-26
8827,3111,25,2026-01-19
8828,3111,97,2025-12-22
8829,3111,773,2025-02-27
8830,3112,56,2025-11-14
8831,3112,651,2025-10-03
8832,3112,694,2026-03-20
8833,3112,855,2025-04-24
8834,3112,1017,2025-10-23
8835,3112,1043,2025-03-12
8836,3112,1094,2025-05-28
8837,3113,125,2025-10-05
8838,3113,307,2026-03-14
8839,3113,377,2025-05-30
8840,3113,1200,2025-09-15
8841,3113,1368,2025-02-03
8842,3114,34,2025-04-23
8843,3114,277,2025-01-13
8844,3114,1064,2025-01-06
8845,3115,93,2025-06-04
8846,3115,685,2026-04-13
8847,3115,962,2025-02-24
8848,3115,1432,2026-01-14
8849,3116,56,2025-08-06
8850,3116,167,2025-11-04
8851,3116,243,2026-02-19
8852,3116,361,2026-02-19
8853,3116,452,2025-02-08
8854,3116,923,2026-02-21
8855,3116,1062,2025-01-08
8856,3116,1431,2025-06-11
8857,3117,128,2026-03-16
8858,3117,192,2025-04-28
8859,3117,785,2025-01-24
8860,3117,1192,2025-03-17
8861,3117,1331,2025-02-21
8862,3118,47,2025-07-08
8863,3118,147,2026-04-12
8864,3118,414,2025-02-06
8865,3118,679,2025-07-13
8866,3118,958,2025-09-01
8867,3118,1134,2026-01-04
8868,3118,1178,2025-07-06
8869,3118,1201,2026-01-26
8870,3119,39,2026-02-18
8871,3119,175,2026-01-01
8872,3119,918,2025-10-09
8873,3119,951,2025-07-18
8874,3119,1150,2025-12-24
8875,3120,138,2025-05-29
8876,3120,276,2025-07-26
8877,3120,807,2026-01-01
8878,3120,1267,2026-02-11
8879,3121,138,2025-05-06
8880,3121,327,2025-04-29
8881,3121,589,2025-12-08
8882,3121,763,2026-03-21
8883,3121,1089,2026-04-25
8884,3121,1310,2025-11-11
8885,3121,1471,2026-03-18
8886,3122,199,2025-06-18
8887,3122,1390,2025-04-30
8888,3123,81,2025-06-08
8889,3123,96,2025-10-09
8890,3123,200,2025-02-16
8891,3123,225,2025-02-17
8892,3123,1312,2025-01-02
8893,3123,1381,2025-06-16
8894,3124,113,2025-01-09
8895,3124,168,2026-02-24
8896,3124,175,2025-03-02
8897,3124,441,2026-03-27
8898,3124,501,2026-01-25
8899,3124,686,2025-05-22
8900,3124,807,2026-04-12
8901,3124,970,2025-09-13
8902,3124,1198,2025-08-04
8903,3125,82,2025-05-13
8904,3125,88,2026-01-29
8905,3125,195,2025-03-21
8906,3125,1210,2025-09-09
8907,3126,165,2025-09-16
8908,3126,233,2026-02-24
8909,3126,1066,2026-02-18
8910,3126,1197,2025-10-27
8911,3127,123,2026-02-08
8912,3127,436,2025-08-06
8913,3127,1086,2026-03-15
8914,3127,1427,2025-03-04
8915,3128,156,2025-06-13
8916,3128,331,2025-08-30
8917,3128,476,2025-05-07
8918,3128,617,2025-10-10
8919,3128,754,2025-06-22
8920,3128,814,2025-06-14
8921,3129,37,2026-01-17
8922,3129,156,2026-01-27
8923,3129,514,2026-04-14
8924,3129,520,2026-03-19
8925,3129,667,2025-02-26
8926,3129,1389,2025-03-12
8927,3130,199,2025-10-07
8928,3130,725,2026-01-30
8929,3130,994,2025-02-09
8930,3130,1213,2026-04-09
8931,3130,1245,2025-08-18
8932,3131,138,2026-04-10
8933,3131,798,2025-09-10
8934,3131,1267,2025-06-18
8935,3131,1430,2026-02-18
8936,3131,1444,2025-02-20
8937,3132,34,2025-03-10
8938,3132,195,2025-04-30
8939,3132,240,2025-10-31
8940,3132,584,2025-07-10
8941,3132,1398,2026-01-27
8942,3133,26,2025-10-16
8943,3133,204,2025-09-12
8944,3133,1109,2025-09-17
8945,3133,1407,2025-02-20
8946,3134,37,2025-06-24
8947,3134,839,2025-07-05
8948,3134,1485,2025-05-13
8949,3135,58,2025-03-21
8950,3135,1113,2025-07-12
8951,3135,1168,2026-03-14
8952,3136,105,2026-04-26
8953,3136,204,2025-11-24
8954,3136,226,2025-01-24
8955,3136,407,2026-01-26
8956,3136,540,2025-12-10
8957,3136,636,2026-02-20
8958,3136,956,2025-11-03
8959,3136,970,2025-08-25
8960,3136,1267,2025-03-24
8961,3137,96,2025-04-27
8962,3137,1010,2026-01-11
8963,3138,97,2025-07-16
8964,3138,670,2025-01-10
8965,3138,900,2025-03-20
8966,3139,123,2025-06-01
8967,3139,529,2026-02-07
8968,3139,591,2025-05-30
8969,3139,730,2025-08-11
8970,3139,802,2026-01-24
8971,3139,978,2026-01-13
8972,3139,1185,2026-03-08
8973,3140,140,2025-07-09
8974,3140,199,2026-01-31
8975,3140,205,2025-05-24
8976,3140,395,2025-08-05
8977,3140,845,2026-01-31
8978,3141,149,2025-08-25
8979,3141,870,2025-08-28
8980,3142,138,2025-03-14
8981,3142,1003,2025-01-19
8982,3142,1215,2025-07-03
8983,3143,56,2025-02-03
8984,3143,451,2025-08-15
8985,3143,745,2025-02-22
8986,3143,865,2025-01-14
8987,3144,175,2025-08-24
8988,3144,1039,2025-04-15
8989,3144,1185,2025-02-01
8990,3145,23,2026-02-28
8991,3145,58,2025-09-14
8992,3145,116,2025-08-26
8993,3145,337,2025-03-04
8994,3145,367,2025-07-05
8995,3145,411,2025-07-16
8996,3145,1178,2026-02-17
8997,3146,56,2025-05-15
8998,3146,319,2026-01-22
8999,3146,763,2025-11-30
9000,3146,836,2025-09-04
9001,3146,866,2025-09-30
9002,3146,1007,2025-11-25
9003,3146,1283,2026-01-21
9004,3146,1440,2025-04-28
9005,3147,15,2025-09-04
9006,3147,149,2025-12-07
9007,3147,326,2026-01-06
9008,3147,1083,2025-02-01
9009,3148,81,2025-04-21
9010,3148,257,2025-02-20
9011,3148,1145,2025-09-07
9012,3148,1428,2025-06-12
9013,3149,116,2025-06-07
9014,3149,200,2025-04-27
9015,3149,922,2025-09-29
9016,3149,992,2025-01-09
9017,3149,1202,2026-02-02
9018,3150,38,2025-04-06
9019,3150,696,2026-03-31
9020,3150,880,2025-08-15
9021,3150,1182,2025-06-01
9022,3150,1313,2026-02-25
9023,3150,1402,2025-02-07
9024,3151,163,2026-03-07
9025,3151,1225,2025-06-04
9026,3151,1480,2025-09-15
9027,3152,82,2026-03-10
9028,3152,277,2025-06-16
9029,3152,853,2025-12-28
9030,3152,1263,2025-08-24
9031,3153,199,2025-12-10
9032,3153,1128,2025-04-03
9033,3154,147,2025-07-16
9034,3154,556,2025-01-26
9035,3154,860,2025-03-24
9036,3154,1090,2025-10-16
9037,3154,1281,2025-03-30
9038,3155,156,2025-06-20
9039,3155,540,2025-05-13
9040,3155,1315,2026-01-30
9041,3156,34,2026-01-20
9042,3156,680,2025-07-21
9043,3156,726,2025-12-17
9044,3156,816,2025-09-28
9045,3156,1155,2025-07-26
9046,3157,37,2025-03-17
9047,3157,194,2026-04-03
9048,3157,288,2025-08-19
9049,3157,702,2025-04-06
9050,3157,879,2025-10-12
9051,3157,998,2025-09-22
9052,3158,106,2026-03-03
9053,3158,123,2025-06-03
9054,3158,534,2025-01-24
9055,3158,540,2025-08-18
9056,3158,678,2025-08-02
9057,3158,847,2025-08-08
9058,3158,979,2025-05-09
9059,3158,1393,2025-03-11
9060,3159,203,2025-01-06
9061,3159,631,2025-08-17
9062,3159,902,2025-12-01
9063,3160,34,2026-04-02
9064,3160,465,2025-07-13
9065,3160,562,2025-12-16
9066,3161,169,2025-04-16
9067,3161,503,2025-03-15
9068,3161,704,2025-09-02
9069,3161,766,2026-04-30
9070,3161,795,2025-02-04
9071,3161,881,2026-03-17
9072,3161,1399,2026-03-04
9073,3161,1477,2025-12-28
9074,3162,13,2025-04-16
9075,3162,37,2026-04-28
9076,3162,557,2025-06-23
9077,3162,569,2025-04-17
9078,3162,749,2026-01-08
9079,3162,926,2025-10-08
9080,3162,1210,2026-04-17
9081,3162,1429,2025-07-25
9082,3163,58,2025-09-01
9083,3163,977,2025-08-02
9084,3163,1087,2025-12-21
9085,3163,1110,2025-03-12
9086,3164,11,2025-07-03
9087,3164,257,2025-11-06
9088,3164,641,2025-03-06
9089,3164,741,2025-04-22
9090,3164,1210,2026-04-03
9091,3165,123,2025-09-28
9092,3165,203,2025-08-09
9093,3165,1065,2026-01-05
9094,3165,1236,2025-09-16
9095,3165,1263,2026-03-04
9096,3166,123,2025-09-01
9097,3166,1139,2025-11-07
9098,3166,1456,2025-01-27
9099,3167,31,2025-07-28
9100,3167,38,2026-04-04
9101,3167,47,2025-12-10
9102,3167,928,2025-12-22
9103,3167,1291,2025-01-16
9104,3167,1337,2026-02-13
9105,3168,46,2025-05-15
9106,3168,81,2025-09-22
9107,3168,240,2026-04-16
9108,3168,327,2026-04-25
9109,3168,425,2025-09-25
9110,3168,1396,2025-07-21
9111,3168,1449,2025-10-30
9112,3168,1488,2025-12-14
9113,3169,11,2025-04-30
9114,3169,88,2025-04-01
9115,3169,169,2025-01-30
9116,3169,419,2025-12-22
9117,3169,1207,2025-06-21
9118,3170,125,2026-02-04
9119,3170,309,2025-07-09
9120,3170,444,2026-02-03
9121,3170,610,2025-05-01
9122,3170,1060,2025-05-13
9123,3171,11,2025-01-04
9124,3171,163,2025-06-27
9125,3171,361,2026-02-08
9126,3171,363,2025-01-14
9127,3171,473,2025-12-18
9128,3171,738,2025-09-26
9129,3171,820,2026-04-29
9130,3171,923,2026-03-04
9131,3171,1275,2025-11-06
9132,3172,138,2026-01-31
9133,3172,146,2025-03-16
9134,3172,318,2025-08-31
9135,3173,108,2025-04-13
9136,3173,123,2025-10-23
9137,3173,598,2025-08-03
9138,3173,833,2026-01-16
9139,3173,958,2025-02-12
9140,3173,1118,2026-04-09
9141,3174,96,2025-06-17
9142,3174,222,2025-11-02
9143,3174,863,2026-03-14
9144,3174,994,2025-08-19
9145,3174,1460,2025-08-08
9146,3175,47,2025-05-12
9147,3175,81,2026-02-02
9148,3175,85,2025-01-05
9149,3175,381,2025-06-10
9150,3175,1131,2025-04-09
9151,3175,1416,2025-12-16
9152,3176,34,2025-12-02
9153,3176,247,2026-01-13
9154,3176,519,2025-06-14
9155,3176,1066,2025-07-30
9156,3177,204,2025-08-19
9157,3177,355,2025-01-30
9158,3177,1414,2026-01-13
9159,3177,1442,2025-08-31
9160,3177,1480,2025-09-14
9161,3178,146,2025-11-01
9162,3178,792,2026-03-28
9163,3179,15,2025-08-26
9164,3179,136,2025-09-13
9165,3179,325,2025-12-30
9166,3179,454,2025-06-23
9167,3179,554,2025-06-26
9168,3179,769,2025-05-11
9169,3179,858,2025-03-23
9170,3179,953,2025-08-12
9171,3179,1479,2026-03-12
9172,3180,11,2025-02-09
9173,3180,97,2025-10-28
9174,3180,137,2025-12-27
9175,3180,352,2026-03-18
9176,3180,671,2025-01-15
9177,3180,1061,2025-05-04
9178,3180,1199,2026-03-02
9179,3181,116,2026-02-05
9180,3181,128,2025-09-27
9181,3181,387,2025-05-13
9182,3181,410,2025-03-17
9183,3181,552,2026-03-09
9184,3181,661,2025-04-03
9185,3181,1234,2025-09-02
9186,3181,1374,2025-04-18
9187,3182,56,2026-03-17
9188,3182,195,2025-07-26
9189,3182,1332,2026-01-19
9190,3183,37,2026-03-05
9191,3183,481,2025-03-08
9192,3183,838,2025-08-22
9193,3183,979,2026-01-09
9194,3183,1379,2025-04-16
9195,3184,97,2025-04-03
9196,3184,353,2025-01-31
9197,3184,897,2025-12-28
9198,3184,1063,2025-04-01
9199,3184,1187,2025-03-31
9200,3184,1279,2026-04-29
9201,3185,138,2025-11-26
9202,3185,147,2025-03-17
9203,3185,427,2025-09-04
9204,3185,574,2025-02-22
9205,3185,996,2025-02-24
9206,3185,1225,2026-01-25
9207,3186,116,2025-02-08
9208,3186,371,2026-03-04
9209,3186,571,2025-08-26
9210,3186,926,2026-03-02
9211,3186,1185,2025-07-09
9212,3187,96,2025-11-30
9213,3187,119,2026-03-31
9214,3187,146,2025-09-08
9215,3187,395,2025-08-07
9216,3187,796,2025-11-07
9217,3188,93,2025-03-03
9218,3188,307,2025-09-09
9219,3188,1444,2025-02-24
9220,3189,13,2025-08-05
9221,3189,105,2025-03-26
9222,3189,842,2025-01-30
9223,3189,1038,2026-02-04
9224,3190,114,2025-05-31
9225,3190,123,2025-03-22
9226,3190,148,2025-11-12
9227,3190,359,2026-03-29
9228,3190,816,2025-10-06
9229,3190,901,2025-07-10
9230,3190,1096,2025-02-28
9231,3190,1434,2025-05-28
9232,3191,81,2025-05-18
9233,3191,565,2026-03-05
9234,3191,704,2025-10-10
9235,3191,815,2025-07-26
9236,3191,819,2025-10-23
9237,3191,838,2025-10-11
9238,3191,959,2025-04-30
9239,3191,1196,2025-01-17
9240,3191,1359,2025-07-11
9241,3192,96,2025-03-31
9242,3192,186,2026-04-27
9243,3192,306,2025-02-23
9244,3192,354,2026-03-04
9245,3192,657,2025-08-06
9246,3192,1099,2025-10-24
9247,3193,11,2025-01-05
9248,3193,37,2025-04-17
9249,3193,238,2025-10-27
9250,3193,376,2026-03-15
9251,3193,725,2026-02-17
9252,3193,989,2025-04-02
9253,3194,13,2025-04-06
9254,3194,93,2025-01-16
9255,3194,342,2026-04-06
9256,3195,58,2025-04-03
9257,3195,163,2026-01-18
9258,3195,426,2025-07-31
9259,3195,807,2025-10-19
9260,3195,960,2026-02-11
9261,3195,964,2025-10-09
9262,3196,97,2025-01-08
9263,3196,309,2025-02-18
9264,3196,319,2026-04-01
9265,3196,388,2025-05-17
9266,3196,463,2025-04-05
9267,3196,1361,2025-12-14
9268,3197,169,2025-07-23
9269,3197,583,2025-05-18
9270,3197,976,2025-09-11
9271,3197,1019,2026-03-01
9272,3197,1233,2025-02-09
9273,3197,1393,2025-02-01
9274,3198,127,2025-08-05
9275,3198,204,2025-10-07
9276,3198,454,2025-01-13
9277,3198,574,2026-03-21
9278,3198,682,2025-02-06
9279,3198,1140,2025-08-19
9280,3199,116,2025-08-26
9281,3199,410,2026-03-29
9282,3199,575,2026-03-31
9283,3199,1131,2026-01-24
9284,3200,56,2025-01-10
9285,3200,517,2026-04-17
9286,3200,734,2025-04-21
9287,3200,1011,2026-02-17
9288,3200,1420,2025-02-11
9289,3201,82,2025-07-24
9290,3201,132,2026-04-19
9291,3201,351,2025-04-10
9292,3201,392,2025-08-17
9293,3201,714,2026-03-31
9294,3201,857,2026-02-03
9295,3201,1072,2025-01-21
9296,3202,48,2026-03-31
9297,3202,56,2025-06-25
9298,3202,200,2025-12-17
9299,3202,365,2025-01-06
9300,3202,468,2026-04-27
9301,3202,775,2025-01-17
9302,3202,1360,2025-05-30
9303,3203,16,2025-10-26
9304,3203,47,2025-04-12
9305,3203,97,2025-04-17
9306,3203,273,2025-04-05
9307,3203,332,2025-07-31
9308,3203,631,2026-03-04
9309,3203,1062,2025-08-23
9310,3203,1082,2025-04-04
9311,3204,38,2025-05-10
9312,3204,106,2026-04-15
9313,3204,147,2025-05-24
9314,3204,191,2025-07-12
9315,3204,701,2025-10-23
9316,3204,753,2025-04-25
9317,3204,999,2026-03-13
9318,3204,1154,2025-02-27
9319,3205,149,2026-03-18
9320,3205,476,2026-02-18
9321,3205,1112,2025-08-14
9322,3205,1343,2025-03-23
9323,3205,1419,2025-10-16
9324,3206,23,2025-05-23
9325,3206,81,2026-02-05
9326,3206,336,2025-08-16
9327,3206,368,2025-08-10
9328,3206,517,2025-05-04
9329,3206,1005,2026-04-14
9330,3206,1136,2025-10-12
9331,3206,1215,2025-01-03
9332,3206,1421,2025-10-04
9333,3206,1450,2025-04-24
9334,3207,138,2025-10-16
9335,3207,351,2025-01-17
9336,3207,531,2026-01-15
9337,3207,583,2025-07-23
9338,3207,805,2026-01-23
9339,3207,936,2026-04-21
9340,3208,93,2025-06-16
9341,3208,156,2025-05-14
9342,3209,125,2025-02-01
9343,3209,240,2025-03-22
9344,3209,505,2026-03-28
9345,3209,880,2025-06-29
9346,3209,1402,2025-11-12
9347,3210,138,2026-01-09
9348,3210,390,2025-11-10
9349,3210,554,2026-02-23
9350,3210,561,2025-10-09
9351,3210,951,2025-06-16
9352,3210,1160,2025-02-25
9353,3210,1205,2025-12-24
9354,3211,44,2025-11-06
9355,3211,116,2025-04-23
9356,3211,231,2026-01-13
9357,3211,311,2025-11-06
9358,3211,549,2025-04-26
9359,3211,1097,2025-03-07
9360,3211,1150,2025-08-25
9361,3211,1320,2025-12-25
9362,3211,1339,2025-03-22
9363,3212,34,2026-01-24
9364,3212,79,2025-09-10
9365,3212,347,2025-04-03
9366,3212,1094,2025-10-04
9367,3212,1106,2026-03-17
9368,3213,100,2025-02-14
9369,3213,163,2025-03-23
9370,3213,482,2026-04-04
9371,3213,818,2025-10-21
9372,3213,1051,2025-03-02
9373,3213,1228,2026-02-25
9374,3213,1409,2025-07-18
9375,3214,13,2025-04-24
9376,3214,158,2025-06-28
9377,3214,424,2025-11-30
9378,3214,1418,2025-01-25
9379,3215,156,2025-06-02
9380,3215,162,2026-01-31
9381,3215,971,2025-10-16
9382,3215,1075,2026-02-23
9383,3216,58,2025-08-08
9384,3216,109,2025-01-31
9385,3216,355,2025-03-06
9386,3216,357,2026-03-02
9387,3216,525,2025-08-09
9388,3217,34,2026-01-03
9389,3217,216,2025-08-03
9390,3217,867,2025-08-20
9391,3217,1162,2025-07-22
9392,3218,38,2025-11-27
9393,3218,81,2025-06-19
9394,3218,182,2026-02-26
9395,3218,354,2025-03-29
9396,3218,783,2025-08-21
9397,3218,1161,2026-03-18
9398,3218,1468,2025-03-27
9399,3218,1492,2025-10-11
9400,3219,34,2025-11-26
9401,3219,51,2025-06-05
9402,3219,916,2025-07-02
9403,3219,1207,2025-04-16
9404,3220,13,2025-10-29
9405,3220,159,2025-09-08
9406,3220,313,2025-05-16
9407,3220,616,2025-11-16
9408,3220,618,2026-01-19
9409,3220,1164,2025-11-17
9410,3221,203,2025-10-28
9411,3221,232,2025-07-11
9412,3221,436,2025-01-12
9413,3221,1118,2025-08-20
9414,3221,1201,2026-01-06
9415,3222,13,2025-01-01
9416,3222,307,2025-09-16
9417,3222,672,2026-03-16
9418,3222,1207,2025-10-07
9419,3222,1308,2025-08-11
9420,3222,1330,2025-06-04
9421,3223,124,2026-02-22
9422,3223,147,2025-01-02
9423,3223,169,2025-08-03
9424,3223,276,2026-01-19
9425,3223,408,2025-09-11
9426,3223,841,2025-07-06
9427,3223,1118,2026-01-21
9428,3223,1303,2025-07-31
9429,3224,81,2026-03-10
9430,3224,135,2026-03-22
9431,3224,702,2025-01-12
9432,3224,922,2025-03-28
9433,3224,1279,2025-01-23
9434,3224,1312,2025-10-07
9435,3224,1327,2025-01-06
9436,3225,58,2025-12-07
9437,3225,385,2026-01-02
9438,3225,549,2026-04-18
9439,3225,856,2025-02-22
9440,3226,15,2025-10-17
9441,3226,1375,2026-03-08
9442,3227,146,2026-03-09
9443,3227,535,2025-03-29
9444,3227,558,2025-11-01
9445,3228,34,2025-01-24
9446,3228,117,2025-03-26
9447,3228,807,2025-04-06
9448,3228,825,2026-01-31
9449,3228,865,2025-02-09
9450,3228,993,2026-04-08
9451,3229,81,2025-07-10
9452,3229,327,2026-02-02
9453,3229,345,2026-02-27
9454,3229,589,2026-04-29
9455,3229,733,2025-06-03
9456,3229,765,2026-03-28
9457,3229,1040,2026-02-21
9458,3229,1339,2025-05-02
9459,3230,58,2025-11-14
9460,3230,403,2025-01-17
9461,3230,866,2025-05-24
9462,3230,1084,2025-05-13
9463,3230,1349,2025-10-05
9464,3230,1460,2025-10-21
9465,3230,1477,2026-04-13
9466,3231,203,2025-01-18
9467,3231,821,2025-10-27
9468,3231,1156,2025-04-26
9469,3232,146,2025-03-30
9470,3232,156,2026-04-06
9471,3232,850,2025-03-22
9472,3232,1397,2025-06-28
9473,3232,1411,2025-04-09
9474,3233,165,2025-05-07
9475,3233,1248,2025-04-16
9476,3233,1435,2025-03-30
9477,3234,161,2025-01-04
9478,3234,165,2025-03-27
9479,3234,420,2025-05-06
9480,3235,97,2025-07-03
9481,3235,163,2025-02-04
9482,3235,233,2025-01-21
9483,3235,946,2025-03-20
9484,3235,1059,2026-02-19
9485,3236,97,2025-07-11
9486,3236,327,2026-04-09
9487,3236,729,2025-11-30
9488,3236,1210,2026-02-17
9489,3236,1368,2025-06-19
9490,3236,1445,2025-06-26
9491,3237,13,2026-03-13
9492,3237,96,2025-01-31
9493,3237,123,2025-02-28
9494,3237,415,2025-11-13
9495,3237,600,2026-03-29
9496,3237,999,2026-01-09
9497,3237,1089,2025-04-26
9498,3237,1372,2025-06-22
9499,3238,34,2025-05-26
9500,3238,180,2025-06-18
9501,3238,438,2026-02-12
9502,3238,796,2026-01-03
9503,3238,815,2025-12-16
9504,3238,1224,2026-04-05
9505,3238,1350,2025-01-18
9506,3239,23,2025-04-26
9507,3239,58,2026-03-14
9508,3239,151,2025-07-27
9509,3239,473,2025-10-25
9510,3239,514,2025-09-16
9511,3239,1150,2026-02-21
9512,3239,1355,2025-10-11
9513,3240,169,2026-02-18
9514,3240,1011,2025-10-14
9515,3240,1496,2025-05-26
9516,3240,1498,2025-12-22
9517,3241,192,2026-02-06
9518,3241,298,2025-04-17
9519,3241,353,2025-11-16
9520,3242,203,2025-04-10
9521,3242,646,2026-01-22
9522,3242,817,2026-02-02
9523,3242,1050,2025-05-06
9524,3242,1176,2025-04-09
9525,3243,13,2026-03-25
9526,3243,169,2025-03-25
9527,3243,635,2025-05-31
9528,3243,1154,2026-03-12
9529,3243,1260,2025-05-07
9530,3243,1362,2025-07-21
9531,3243,1379,2026-04-16
9532,3244,41,2025-03-25
9533,3244,81,2025-10-31
9534,3244,276,2025-08-07
9535,3244,309,2025-03-09
9536,3244,413,2025-01-04
9537,3244,517,2026-02-20
9538,3244,1433,2025-10-03
9539,3245,70,2025-01-14
9540,3245,125,2025-06-27
9541,3245,357,2025-10-16
9542,3245,525,2026-01-18
9543,3245,552,2026-01-15
9544,3245,1093,2025-10-03
9545,3246,29,2025-11-27
9546,3246,56,2025-04-29
9547,3246,1244,2025-03-04
9548,3247,23,2025-03-06
9549,3247,38,2026-03-02
9550,3247,159,2026-02-08
9551,3247,276,2025-05-18
9552,3247,828,2026-01-21
9553,3247,889,2025-05-19
9554,3247,978,2025-02-16
9555,3247,1500,2025-03-24
9556,3248,37,2026-03-27
9557,3248,191,2025-10-24
9558,3248,225,2025-01-30
9559,3248,302,2025-08-16
9560,3248,395,2026-02-04
9561,3248,583,2025-06-20
9562,3248,733,2026-01-20
9563,3248,1316,2025-11-03
9564,3248,1452,2025-07-21
9565,3249,56,2025-06-10
9566,3249,443,2026-04-10
9567,3249,845,2026-03-24
9568,3249,1121,2025-11-10
9569,3249,1126,2025-11-04
9570,3250,96,2025-11-11
9571,3250,102,2025-03-10
9572,3250,309,2025-01-29
9573,3250,473,2025-03-02
9574,3250,1054,2025-03-15
9575,3250,1427,2025-05-05
9576,3251,156,2025-09-12
9577,3251,637,2025-07-25
9578,3251,736,2025-04-12
9579,3251,812,2025-02-08
9580,3251,1188,2025-09-04
9581,3252,13,2025-08-24
9582,3252,93,2025-06-08
9583,3252,257,2025-10-29
9584,3252,414,2025-07-10
9585,3252,784,2025-05-23
9586,3252,956,2025-03-23
9587,3252,1287,2025-02-03
9588,3253,4,2026-04-10
9589,3253,165,2025-01-08
9590,3253,583,2025-07-16
9591,3253,601,2025-04-04
9592,3253,976,2025-11-01
9593,3253,1462,2026-02-01
9594,3254,149,2026-03-20
9595,3254,1171,2025-05-18
9596,3255,39,2025-11-25
9597,3255,71,2025-02-17
9598,3255,82,2025-10-17
9599,3255,1140,2025-04-15
9600,3255,1186,2026-04-07
9601,3255,1205,2025-08-18
9602,3255,1423,2025-06-25
9603,3256,169,2025-11-15
9604,3256,390,2026-02-12
9605,3256,504,2025-02-20
9606,3256,619,2025-10-28
9607,3256,892,2025-03-09
9608,3256,1009,2025-04-03
9609,3257,11,2025-07-22
9610,3257,706,2025-08-17
9611,3258,34,2025-02-08
9612,3258,148,2025-12-26
9613,3258,428,2025-04-28
9614,3258,946,2025-02-21
9615,3259,38,2025-09-04
9616,3259,701,2025-07-10
9617,3259,728,2025-04-29
9618,3259,751,2026-01-05
9619,3259,983,2025-07-25
9620,3259,1270,2025-03-07
9621,3260,138,2026-04-29
9622,3260,191,2025-08-05
9623,3260,388,2026-03-14
9624,3260,441,2025-05-21
9625,3260,1286,2025-08-31
9626,3260,1470,2025-06-13
9627,3261,204,2025-03-19
9628,3261,229,2025-12-08
9629,3261,313,2026-03-13
9630,3261,433,2025-09-18
9631,3261,535,2025-11-19
9632,3261,1078,2026-04-15
9633,3261,1437,2025-07-24
9634,3262,43,2025-05-09
9635,3262,109,2025-07-16
9636,3262,126,2025-02-22
9637,3262,165,2026-04-05
9638,3262,525,2026-04-09
9639,3262,1345,2025-03-14
9640,3263,149,2025-12-26
9641,3263,517,2025-01-14
9642,3263,693,2026-04-01
9643,3264,125,2025-11-14
9644,3264,422,2025-08-06
9645,3264,721,2025-03-03
9646,3264,993,2025-08-18
9647,3265,149,2026-02-19
9648,3265,175,2026-01-28
9649,3265,341,2025-04-28
9650,3265,439,2025-01-14
9651,3265,1152,2025-01-03
9652,3265,1159,2025-10-20
9653,3265,1271,2025-10-31
9654,3265,1443,2025-03-23
9655,3266,82,2025-12-04
9656,3266,563,2026-01-15
9657,3266,568,2026-03-27
9658,3266,759,2025-09-30
9659,3266,1023,2026-04-08
9660,3266,1091,2025-05-18
9661,3267,17,2025-06-11
9662,3267,199,2026-03-24
9663,3267,361,2025-03-12
9664,3267,565,2025-05-19
9665,3267,759,2025-02-01
9666,3267,923,2025-04-08
9667,3268,204,2025-03-27
9668,3268,475,2025-12-28
9669,3268,534,2025-02-24
9670,3268,979,2025-02-02
9671,3269,165,2025-07-01
9672,3269,316,2025-12-20
9673,3269,370,2025-04-28
9674,3269,608,2026-03-17
9675,3269,615,2025-06-19
9676,3269,788,2025-07-01
9677,3270,47,2025-01-06
9678,3270,58,2025-06-12
9679,3270,963,2025-02-18
9680,3270,1053,2025-05-19
9681,3270,1118,2025-04-18
9682,3270,1201,2026-01-04
9683,3271,38,2026-01-31
9684,3271,300,2025-03-13
9685,3271,925,2025-02-21
9686,3271,949,2025-10-25
9687,3272,93,2025-11-24
9688,3272,729,2025-02-23
9689,3272,954,2025-06-03
9690,3272,1177,2025-05-02
9691,3273,9,2025-12-08
9692,3273,158,2026-03-07
9693,3273,163,2025-01-26
9694,3273,396,2025-09-22
9695,3273,1229,2026-03-12
9696,3274,15,2025-08-15
9697,3274,612,2025-09-06
9698,3275,38,2026-04-15
9699,3275,950,2025-10-30
9700,3275,1150,2025-08-25
9701,3276,38,2025-11-23
9702,3276,206,2025-03-13
9703,3276,573,2025-05-14
9704,3276,1053,2025-08-27
9705,3277,93,2025-11-06
9706,3277,132,2025-03-06
9707,3277,136,2025-07-11
9708,3277,260,2025-12-21
9709,3277,519,2026-01-15
9710,3277,680,2025-05-09
9711,3278,203,2026-03-17
9712,3278,711,2025-03-09
9713,3278,876,2025-03-20
9714,3278,990,2025-02-17
9715,3278,1083,2025-09-14
9716,3278,1408,2025-10-07
9717,3279,123,2025-05-01
9718,3279,349,2025-12-29
9719,3279,700,2026-02-24
9720,3279,1100,2025-05-11
9721,3279,1230,2025-11-18
9722,3279,1264,2026-02-13
9723,3279,1324,2025-12-12
9724,3279,1336,2025-06-14
9725,3280,37,2025-12-25
9726,3280,258,2026-04-23
9727,3280,468,2025-10-04
9728,3280,698,2026-02-10
9729,3280,1273,2025-02-26
9730,3280,1283,2025-10-30
9731,3280,1356,2025-04-03
9732,3281,11,2026-01-12
9733,3281,40,2026-04-20
9734,3281,260,2025-01-04
9735,3281,392,2025-06-04
9736,3281,826,2026-01-31
9737,3281,1194,2025-10-05
9738,3282,100,2025-09-05
9739,3282,163,2025-09-10
9740,3282,430,2025-01-22
9741,3282,598,2025-08-09
9742,3282,1323,2025-09-10
9743,3282,1497,2025-11-21
9744,3283,125,2025-07-15
9745,3283,328,2026-03-01
9746,3283,478,2025-10-22
9747,3283,773,2025-04-12
9748,3283,805,2025-04-17
9749,3283,1188,2026-03-27
9750,3284,116,2025-05-01
9751,3284,191,2026-01-23
9752,3284,288,2025-03-29
9753,3284,515,2025-10-29
9754,3284,840,2025-10-29
9755,3284,865,2025-10-13
9756,3284,1018,2025-08-09
9757,3284,1374,2025-07-01
9758,3285,12,2025-02-18
9759,3285,93,2025-07-03
9760,3285,816,2026-03-23
9761,3285,832,2025-11-13
9762,3285,952,2026-04-28
9763,3286,11,2025-01-30
9764,3286,18,2025-03-26
9765,3286,1039,2025-06-24
9766,3286,1391,2025-08-28
9767,3287,38,2026-01-02
9768,3287,108,2025-10-05
9769,3287,484,2025-12-07
9770,3287,923,2025-05-29
9771,3287,1062,2025-08-10
9772,3287,1134,2025-05-21
9773,3287,1303,2025-01-30
9774,3288,81,2026-03-29
9775,3288,925,2025-09-24
9776,3288,1142,2025-06-20
9777,3289,185,2025-11-22
9778,3289,203,2025-09-15
9779,3289,362,2026-02-07
9780,3289,400,2026-02-06
9781,3289,612,2025-07-03
9782,3289,1107,2026-01-12
9783,3289,1381,2025-09-27
9784,3290,15,2025-09-29
9785,3290,246,2025-04-09
9786,3290,307,2026-03-01
9787,3290,1364,2026-01-14
9788,3291,38,2025-10-05
9789,3291,69,2025-03-29
9790,3291,463,2026-02-01
9791,3291,793,2025-06-14
9792,3292,101,2025-12-25
9793,3292,147,2025-08-12
9794,3292,165,2025-12-30
9795,3292,501,2026-02-11
9796,3293,175,2025-09-02
9797,3293,233,2025-03-11
9798,3293,504,2025-07-27
9799,3293,769,2026-02-08
9800,3294,79,2025-03-30
9801,3294,199,2025-01-10
9802,3294,242,2026-01-14
9803,3294,465,2025-09-18
9804,3294,919,2025-05-17
9805,3294,1019,2025-07-23
9806,3295,11,2025-09-04
9807,3295,274,2025-03-06
9808,3295,293,2025-12-04
9809,3295,336,2025-10-27
9810,3295,517,2026-02-03
9811,3295,583,2025-03-28
9812,3295,772,2025-07-05
9813,3295,889,2025-06-06
9814,3295,1017,2026-04-19
9815,3295,1143,2025-04-21
9816,3295,1329,2026-03-18
9817,3296,93,2026-02-04
9818,3296,111,2025-11-23
9819,3296,156,2026-03-24
9820,3296,503,2025-06-13
9821,3296,612,2026-01-13
9822,3297,96,2025-07-11
9823,3297,317,2025-02-11
9824,3297,362,2026-02-07
9825,3297,985,2025-10-27
9826,3297,1450,2025-07-20
9827,3298,125,2025-03-28
9828,3298,573,2025-10-12
9829,3298,876,2025-03-23
9830,3298,1257,2025-03-30
9831,3299,147,2025-04-04
9832,3299,778,2026-03-22
9833,3299,1104,2025-06-29
9834,3299,1263,2025-01-05
9835,3299,1478,2026-01-22
9836,3300,11,2025-02-24
9837,3300,614,2025-10-01
9838,3300,762,2025-04-04
9839,3300,1194,2025-06-30
9840,3300,1262,2026-01-09
9841,3301,125,2026-02-12
9842,3301,542,2025-12-06
9843,3301,1110,2026-04-24
9844,3302,186,2025-11-22
9845,3302,199,2025-07-27
9846,3302,489,2025-03-28
9847,3302,842,2026-01-23
9848,3302,865,2026-03-29
9849,3302,1379,2025-06-03
9850,3303,58,2025-08-17
9851,3303,72,2025-03-30
9852,3303,229,2025-10-10
9853,3303,327,2025-07-30
9854,3303,562,2025-04-07
9855,3303,839,2025-10-29
9856,3303,851,2026-01-25
9857,3303,878,2025-05-09
9858,3303,1129,2026-03-27
9859,3304,125,2025-04-03
9860,3304,276,2025-11-27
9861,3304,331,2025-01-07
9862,3304,998,2025-02-16
9863,3304,1004,2026-03-12
9864,3304,1049,2026-04-30
9865,3304,1258,2025-03-28
9866,3304,1314,2026-02-10
9867,3304,1327,2025-03-25
9868,3305,34,2025-05-06
9869,3305,369,2026-04-18
9870,3305,907,2025-05-21
9871,3305,1400,2025-02-14
9872,3306,13,2025-05-28
9873,3306,910,2025-10-19
9874,3307,192,2025-10-21
9875,3307,488,2025-03-31
9876,3308,11,2025-11-01
9877,3308,1106,2025-01-06
9878,3308,1472,2026-02-08
9879,3309,147,2025-01-07
9880,3309,330,2025-11-07
9881,3309,466,2025-12-26
9882,3309,767,2025-12-02
9883,3310,163,2025-08-02
9884,3310,258,2025-07-21
9885,3310,350,2025-03-29
9886,3310,1068,2026-03-02
9887,3310,1360,2025-12-22
9888,3311,82,2025-08-16
9889,3311,171,2025-01-21
9890,3311,260,2025-03-10
9891,3311,1223,2025-07-29
9892,3311,1298,2025-07-24
9893,3312,147,2025-01-01
9894,3312,192,2025-05-15
9895,3312,991,2026-04-16
9896,3313,58,2026-03-02
9897,3313,84,2026-04-02
9898,3313,169,2025-06-25
9899,3313,337,2026-02-28
9900,3313,379,2026-03-06
9901,3313,637,2025-01-27
9902,3313,802,2025-10-25
9903,3313,913,2025-07-04
9904,3313,1366,2025-08-09
9905,3314,138,2025-04-10
9906,3314,462,2025-04-05
9907,3314,1043,2025-02-04
9908,3314,1484,2025-09-02
9909,3315,138,2026-03-05
9910,3315,146,2025-05-26
9911,3315,215,2025-11-28
9912,3315,455,2025-01-21
9913,3315,1190,2025-01-10
9914,3315,1417,2026-01-03
9915,3316,38,2025-04-29
9916,3316,53,2025-11-11
9917,3316,524,2025-02-08
9918,3316,941,2025-01-26
9919,3317,175,2026-01-13
9920,3317,278,2026-01-25
9921,3317,292,2025-02-13
9922,3317,334,2025-10-22
9923,3317,1149,2025-04-23
9924,3317,1210,2025-05-06
9925,3317,1461,2025-07-09
9926,3318,37,2026-01-26
9927,3318,186,2025-04-13
9928,3318,290,2025-10-03
9929,3318,657,2025-11-14
9930,3318,801,2025-04-01
9931,3318,948,2025-03-10
9932,3318,1022,2025-03-24
9933,3319,175,2025-06-02
9934,3319,404,2026-03-05
9935,3319,796,2025-08-26
9936,3319,973,2025-02-17
9937,3319,1249,2025-02-14
9938,3320,34,2025-10-31
9939,3320,104,2025-04-24
9940,3320,270,2025-07-15
9941,3320,644,2026-03-13
9942,3320,701,2025-01-03
9943,3320,907,2025-12-22
9944,3320,1072,2025-01-24
9945,3321,34,2025-08-03
9946,3321,142,2025-01-11
9947,3321,558,2026-04-23
9948,3321,886,2025-09-28
9949,3321,946,2025-03-15
9950,3321,1270,2025-08-25
9951,3321,1379,2025-09-06
9952,3322,82,2025-12-04
9953,3322,319,2025-01-20
9954,3322,756,2025-06-14
9955,3322,1112,2025-07-24
9956,3322,1436,2025-05-24
9957,3323,191,2025-07-24
9958,3323,840,2025-02-26
9959,3323,1067,2026-04-18
9960,3323,1197,2025-12-17
9961,3323,1281,2026-01-19
9962,3324,169,2025-08-03
9963,3324,288,2026-03-02
9964,3324,365,2026-03-07
9965,3324,1065,2025-01-29
9966,3324,1112,2025-08-31
9967,3324,1448,2025-08-12
9968,3325,93,2026-03-22
9969,3325,128,2025-03-08
9970,3325,186,2025-07-20
9971,3325,192,2025-05-25
9972,3325,476,2025-04-22
9973,3325,1022,2025-12-29
9974,3325,1236,2025-09-27
9975,3326,123,2026-01-01
9976,3326,620,2026-04-26
9977,3326,754,2025-07-01
9978,3326,894,2025-01-06
9979,3326,1030,2025-01-08
9980,3326,1317,2025-10-21
9981,3327,25,2025-06-16
9982,3327,125,2025-04-27
9983,3327,378,2025-08-26
9984,3327,477,2025-03-30
9985,3328,169,2025-04-13
9986,3328,327,2025-05-19
9987,3328,438,2025-08-05
9988,3328,1352,2025-02-16
9989,3328,1403,2025-08-16
9990,3329,96,2026-02-27
9991,3329,1345,2025-08-06
9992,3330,146,2025-12-04
9993,3330,361,2025-03-17
9994,3330,485,2026-03-15
9995,3330,923,2025-04-25
9996,3330,963,2025-12-11
9997,3330,1036,2025-02-26
9998,3330,1161,2025-04-16
9999,3330,1282,2026-03-21
10000,3331,81,2026-03-30
10001,3331,899,2025-04-12
10002,3331,1278,2026-02-07
10003,3331,1286,2025-07-30
10004,3332,163,2025-02-28
10005,3332,255,2025-01-07
10006,3332,273,2025-11-26
10007,3332,517,2026-04-25
10008,3332,674,2026-02-10
10009,3332,758,2025-11-13
10010,3332,1062,2025-05-13
10011,3333,125,2025-05-25
10012,3333,153,2025-12-31
10013,3333,282,2025-02-17
10014,3333,334,2025-08-11
10015,3333,398,2025-06-03
10016,3333,919,2025-03-12
10017,3333,1149,2026-04-26
10018,3334,38,2025-04-13
10019,3334,82,2026-01-02
10020,3334,330,2025-02-20
10021,3334,1294,2025-07-19
10022,3334,1312,2025-06-28
10023,3335,4,2025-05-22
10024,3335,96,2026-04-06
10025,3335,696,2026-02-23
10026,3335,1268,2025-05-28
10027,3335,1274,2025-03-01
10028,3336,123,2026-04-14
10029,3336,299,2026-01-19
10030,3336,838,2025-04-11
10031,3336,1194,2025-08-24
10032,3336,1221,2025-04-02
10033,3336,1322,2025-08-26
10034,3337,11,2025-08-29
10035,3337,517,2025-12-04
10036,3337,827,2026-04-04
10037,3337,1145,2025-07-18
10038,3338,85,2025-09-25
10039,3338,192,2025-07-05
10040,3338,326,2025-09-02
10041,3338,410,2025-08-04
10042,3338,575,2026-04-03
10043,3338,1017,2026-04-16
10044,3338,1301,2026-01-21
10045,3338,1341,2025-01-17
10046,3339,96,2025-08-05
10047,3339,114,2026-03-16
10048,3339,259,2025-12-21
10049,3339,858,2025-04-17
10050,3339,887,2026-02-09
10051,3339,1139,2025-05-09
10052,3339,1140,2025-11-06
10053,3339,1453,2025-05-30
10054,3340,82,2025-04-03
10055,3340,191,2025-11-16
10056,3340,952,2025-01-24
10057,3340,1478,2026-02-24
10058,3341,165,2025-05-23
10059,3341,282,2026-03-27
10060,3341,986,2025-08-08
10061,3341,1035,2026-02-19
10062,3341,1368,2025-02-05
10063,3341,1436,2025-08-31
10064,3342,93,2025-06-17
10065,3342,273,2026-03-16
10066,3342,463,2025-06-24
10067,3342,487,2025-02-21
10068,3342,798,2025-09-19
10069,3342,1024,2025-10-09
10070,3343,100,2025-08-14
10071,3343,186,2025-01-11
10072,3343,203,2025-02-14
10073,3343,631,2026-03-04
10074,3343,831,2026-03-10
10075,3343,865,2025-09-11
10076,3343,1022,2025-11-14
10077,3343,1210,2025-11-12
10078,3344,138,2025-10-17
10079,3344,543,2025-04-07
10080,3344,1149,2025-03-30
10081,3345,175,2025-06-03
10082,3345,310,2025-12-24
10083,3345,867,2025-04-04
10084,3345,1053,2025-01-22
10085,3345,1134,2026-03-28
10086,3345,1201,2025-03-28
10087,3346,163,2025-05-27
10088,3346,286,2025-10-14
10089,3346,390,2025-04-23
10090,3346,557,2025-08-16
10091,3346,805,2025-06-07
10092,3346,976,2025-05-17
10093,3346,1139,2026-01-31
10094,3347,38,2025-05-17
10095,3347,175,2025-02-09
10096,3347,186,2026-01-29
10097,3347,204,2025-09-12
10098,3347,508,2025-03-28
10099,3347,734,2025-04-23
10100,3347,1105,2025-05-18
10101,3348,199,2025-06-26
10102,3348,229,2025-08-08
10103,3348,319,2026-02-04
10104,3348,349,2025-06-21
10105,3348,1100,2026-02-12
10106,3348,1181,2025-04-11
10107,3348,1294,2025-09-14
10108,3349,203,2026-02-26
10109,3349,420,2025-07-19
10110,3349,468,2025-10-21
10111,3349,560,2025-05-11
10112,3349,564,2025-08-18
10113,3349,655,2025-10-19
10114,3349,781,2026-01-25
10115,3350,15,2025-01-06
10116,3350,60,2025-03-26
10117,3350,199,2025-07-03
10118,3350,1145,2026-03-24
10119,3350,1382,2025-05-31
10120,3350,1416,2026-01-31
10121,3351,149,2025-10-02
10122,3351,193,2025-07-09
10123,3351,1245,2026-01-17
10124,3352,38,2025-04-26
10125,3352,138,2025-07-13
10126,3352,281,2026-03-08
10127,3352,455,2026-01-25
10128,3352,843,2025-03-12
10129,3352,1374,2025-08-03
10130,3353,34,2025-10-14
10131,3353,313,2025-10-18
10132,3353,459,2025-01-22
10133,3353,616,2025-05-24
10134,3353,1461,2025-12-19
10135,3353,1478,2025-08-28
10136,3354,81,2025-03-30
10137,3354,532,2025-04-12
10138,3354,757,2025-09-22
10139,3354,835,2025-08-11
10140,3354,1186,2026-01-11
10141,3355,163,2025-12-28
10142,3355,311,2025-05-17
10143,3356,138,2025-02-02
10144,3356,306,2025-12-01
10145,3356,1269,2025-01-07
10146,3356,1418,2025-01-02
10147,3357,169,2025-11-01
10148,3357,561,2025-06-23
10149,3357,1140,2025-04-27
10150,3358,156,2025-09-14
10151,3358,311,2026-03-24
10152,3358,408,2025-06-22
10153,3358,769,2025-11-17
10154,3358,1221,2026-03-30
10155,3359,11,2025-06-10
10156,3359,231,2025-09-04
10157,3359,816,2026-01-15
10158,3359,983,2026-04-29
10159,3359,1154,2025-05-18
10160,3359,1320,2025-03-31
10161,3359,1478,2025-02-16
10162,3360,37,2025-07-20
10163,3360,476,2026-01-07
10164,3360,620,2025-05-23
10165,3360,771,2025-05-01
10166,3360,912,2025-06-14
10167,3360,1361,2026-02-04
10168,3361,116,2025-10-30
10169,3361,520,2025-11-05
10170,3361,1086,2025-01-09
10171,3361,1099,2026-03-04
10172,3362,199,2026-02-13
10173,3362,315,2025-01-17
10174,3362,552,2025-10-25
10175,3362,662,2026-02-04
10176,3362,713,2025-04-23
10177,3362,771,2025-09-02
10178,3362,1005,2025-10-01
10179,3363,58,2025-02-09
10180,3363,289,2025-05-15
10181,3363,302,2025-12-11
10182,3363,778,2025-08-07
10183,3363,796,2025-01-26
10184,3363,818,2025-06-06
10185,3363,1078,2025-09-08
10186,3363,1114,2026-03-10
10187,3363,1128,2025-11-28
10188,3364,163,2025-11-22
10189,3364,359,2025-07-30
10190,3364,499,2026-01-13
10191,3364,982,2025-02-18
10192,3364,1473,2025-05-31
10193,3365,37,2025-04-24
10194,3365,81,2025-08-22
10195,3365,218,2025-09-16
10196,3365,352,2026-04-10
10197,3365,360,2025-09-25
10198,3365,671,2025-05-15
10199,3365,955,2025-05-22
10200,3365,1188,2025-04-19
10201,3366,96,2025-08-23
10202,3366,686,2025-01-27
10203,3366,736,2025-07-22
10204,3366,970,2026-01-08
10205,3366,1188,2025-07-12
10206,3366,1444,2025-02-12
10207,3367,125,2025-10-05
10208,3367,744,2026-01-21
10209,3367,1190,2025-08-20
10210,3368,11,2026-03-08
10211,3368,375,2025-11-30
10212,3368,566,2026-03-15
10213,3369,17,2025-06-29
10214,3369,23,2026-03-26
10215,3369,58,2025-08-01
10216,3369,297,2025-05-12
10217,3369,686,2026-04-04
10218,3369,807,2025-08-01
10219,3370,146,2026-03-11
10220,3370,149,2025-08-28
10221,3370,1027,2025-03-09
10222,3370,1216,2025-12-14
10223,3370,1341,2026-03-25
10224,3370,1359,2025-07-18
10225,3370,1439,2026-01-22
10226,3371,149,2025-04-30
10227,3371,175,2025-07-26
10228,3371,193,2025-10-11
10229,3371,331,2026-04-19
10230,3371,938,2026-02-19
10231,3371,1004,2026-04-07
10232,3371,1021,2026-02-05
10233,3372,165,2025-02-04
10234,3372,432,2025-07-08
10235,3372,487,2025-12-04
10236,3372,575,2025-06-02
10237,3372,785,2026-03-28
10238,3372,834,2025-12-22
10239,3372,1428,2025-02-14
10240,3373,116,2025-09-23
10241,3373,856,2025-07-10
10242,3373,1412,2026-02-23
10243,3374,96,2025-09-22
10244,3374,390,2026-01-18
10245,3374,583,2025-11-08
10246,3374,801,2025-10-20
10247,3374,999,2025-01-18
10248,3375,56,2026-04-26
10249,3375,956,2025-01-31
10250,3375,1294,2025-03-18
10251,3375,1327,2025-08-20
10252,3375,1336,2025-09-01
10253,3375,1433,2026-04-19
10254,3376,109,2025-12-23
10255,3376,169,2025-03-27
10256,3376,351,2025-10-23
10257,3376,583,2026-03-08
10258,3376,756,2025-02-26
10259,3376,1093,2025-01-06
10260,3376,1298,2026-02-02
10261,3376,1320,2025-09-22
10262,3377,15,2025-06-07
10263,3377,1351,2025-06-21
10264,3377,1386,2025-01-21
10265,3378,18,2025-12-24
10266,3378,56,2025-08-21
10267,3378,114,2025-11-29
10268,3378,117,2026-03-07
10269,3378,568,2026-03-05
10270,3378,914,2025-10-15
10271,3378,1295,2025-07-17
10272,3378,1423,2025-01-11
10273,3379,204,2025-05-29
10274,3379,811,2025-05-01
10275,3379,1429,2025-07-06
10276,3380,78,2025-07-30
10277,3380,97,2026-01-21
10278,3380,416,2026-03-28
10279,3380,427,2025-08-08
10280,3381,156,2025-01-18
10281,3381,485,2025-06-22
10282,3381,1101,2026-04-06
10283,3382,34,2025-01-19
10284,3382,146,2025-04-27
10285,3382,347,2025-12-28
10286,3382,793,2025-05-07
10287,3382,1167,2025-08-16
10288,3383,81,2025-05-17
10289,3383,583,2026-04-14
10290,3383,702,2025-08-06
10291,3383,753,2025-10-31
10292,3383,805,2025-09-18
10293,3383,1249,2025-05-06
10294,3383,1320,2025-04-19
10295,3383,1438,2025-01-14
10296,3383,1465,2025-07-22
10297,3384,13,2025-09-05
10298,3384,204,2025-11-27
10299,3384,320,2025-08-14
10300,3384,841,2025-12-07
10301,3384,1359,2025-04-19
10302,3385,156,2025-01-12
10303,3385,629,2026-02-23
10304,3385,919,2025-07-27
10305,3385,1035,2025-08-30
10306,3386,112,2025-12-25
10307,3386,163,2026-02-10
10308,3386,414,2026-03-31
10309,3386,711,2026-04-09
10310,3386,748,2025-03-03
10311,3386,752,2025-10-08
10312,3386,1234,2026-04-23
10313,3386,1268,2025-03-11
10314,3386,1455,2025-04-04
10315,3387,146,2026-01-12
10316,3387,927,2025-04-04
10317,3387,939,2025-08-04
10318,3387,1387,2025-07-30
10319,3388,203,2026-03-31
10320,3388,338,2026-03-16
10321,3388,671,2025-09-01
10322,3388,742,2026-04-12
10323,3388,1063,2025-10-22
10324,3388,1119,2025-11-25
10325,3389,204,2025-05-24
10326,3389,230,2026-02-02
10327,3389,307,2025-02-11
10328,3389,941,2025-11-11
10329,3389,964,2025-01-09
10330,3389,1118,2026-01-30
10331,3389,1207,2025-09-20
10332,3390,57,2025-08-20
10333,3390,123,2025-09-18
10334,3390,196,2025-11-28
10335,3390,305,2025-09-17
10336,3390,376,2025-08-09
10337,3390,916,2025-06-18
10338,3390,1192,2025-04-22
10339,3390,1452,2025-09-15
10340,3391,203,2026-01-25
10341,3391,734,2025-06-18
10342,3391,799,2025-12-13
10343,3391,1042,2025-11-03
10344,3391,1053,2026-02-18
10345,3391,1188,2026-02-28
10346,3392,138,2025-01-24
10347,3392,149,2025-07-18
10348,3392,410,2025-08-30
10349,3392,495,2026-01-20
10350,3392,575,2025-04-16
10351,3392,1026,2025-10-21
10352,3392,1315,2025-08-01
10353,3392,1428,2025-04-15
10354,3393,38,2025-06-05
10355,3393,1089,2025-12-15
10356,3393,1325,2026-02-21
10357,3394,27,2025-03-28
10358,3394,81,2025-12-23
10359,3394,877,2025-09-21
10360,3394,1149,2025-12-22
10361,3394,1385,2025-11-13
10362,3394,1387,2026-03-21
10363,3395,204,2026-03-11
10364,3395,391,2025-09-15
10365,3395,420,2026-01-23
10366,3395,504,2025-09-04
10367,3395,591,2025-07-24
10368,3395,897,2025-01-13
10369,3395,1227,2026-01-15
10370,3396,163,2026-03-09
10371,3396,302,2025-06-11
10372,3396,796,2026-02-13
10373,3396,1061,2025-11-23
10374,3396,1197,2025-06-15
10375,3397,96,2026-03-11
10376,3397,1039,2025-01-12
10377,3398,203,2026-03-09
10378,3398,249,2025-12-10
10379,3398,268,2025-11-23
10380,3398,563,2025-06-04
10381,3398,747,2025-10-20
10382,3399,93,2025-03-12
10383,3399,745,2025-03-13
10384,3399,869,2026-03-01
10385,3399,1150,2025-03-02
10386,3399,1229,2025-12-22
10387,3399,1349,2025-08-22
10388,3400,97,2025-01-31
10389,3400,914,2025-05-15
10390,3400,952,2025-11-28
10391,3400,1481,2026-03-15
10392,3401,147,2025-10-15
10393,3401,287,2025-08-05
10394,3401,357,2026-01-27
10395,3401,601,2025-12-25
10396,3401,854,2026-01-27
10397,3401,1002,2025-02-09
10398,3401,1221,2025-10-07
10399,3402,22,2026-03-19
10400,3402,116,2025-07-25
10401,3402,314,2025-12-16
10402,3402,365,2026-01-06
10403,3402,747,2025-08-15
10404,3402,775,2025-01-16
10405,3403,81,2025-07-28
10406,3403,851,2025-07-20
10407,3403,1095,2025-04-16
10408,3403,1099,2025-04-06
10409,3403,1396,2026-03-06
10410,3403,1402,2025-02-01
10411,3404,82,2026-01-26
10412,3404,319,2025-02-05
10413,3404,577,2025-07-25
10414,3404,654,2026-01-26
10415,3404,824,2025-03-25
10416,3404,1048,2025-10-23
10417,3405,56,2026-04-22
10418,3405,59,2025-12-13
10419,3405,170,2026-04-04
10420,3405,187,2026-03-27
10421,3405,270,2025-01-08
10422,3405,303,2025-08-31
10423,3405,563,2025-04-09
10424,3405,701,2026-04-29
10425,3406,13,2026-02-19
10426,3406,552,2025-10-25
10427,3406,792,2025-10-25
10428,3406,852,2025-04-01
10429,3406,1047,2026-01-28
10430,3407,147,2026-03-05
10431,3407,1482,2025-09-18
10432,3408,138,2026-03-06
10433,3408,691,2025-11-12
10434,3408,925,2025-02-11
10435,3408,1250,2025-12-11
10436,3409,165,2025-10-18
10437,3409,275,2026-02-22
10438,3409,671,2025-10-02
10439,3409,781,2026-04-22
10440,3409,1111,2025-03-23
10441,3409,1492,2025-09-09
10442,3410,93,2025-03-03
10443,3410,235,2025-10-15
10444,3410,565,2025-03-20
10445,3410,701,2025-08-03
10446,3410,796,2025-12-26
10447,3410,1164,2025-06-15
10448,3410,1332,2026-03-29
10449,3411,192,2026-01-29
10450,3411,601,2025-04-15
10451,3411,873,2026-01-31
10452,3411,1478,2026-02-16
10453,3412,149,2025-04-30
10454,3412,816,2025-08-26
10455,3412,1326,2025-02-16
10456,3413,13,2025-08-23
10457,3413,37,2026-01-13
10458,3413,136,2026-04-14
10459,3413,835,2026-04-18
10460,3413,1120,2025-01-04
10461,3413,1189,2025-10-01
10462,3414,116,2025-08-05
10463,3414,1032,2026-02-26
10464,3414,1159,2026-03-02
10465,3414,1202,2025-06-07
10466,3414,1461,2025-11-09
10467,3415,38,2025-05-15
10468,3415,54,2025-03-29
10469,3415,61,2025-07-27
10470,3415,192,2025-10-28
10471,3415,477,2025-05-30
10472,3415,488,2025-03-22
10473,3415,657,2025-01-16
10474,3415,712,2025-04-16
10475,3415,782,2026-01-03
10476,3415,1029,2025-12-23
10477,3415,1487,2025-10-30
10478,3416,119,2025-10-02
10479,3416,123,2025-12-18
10480,3416,390,2025-12-07
10481,3416,535,2025-05-01
10482,3416,656,2026-03-29
10483,3416,1473,2025-02-14
10484,3417,147,2025-12-12
10485,3417,660,2026-01-30
10486,3417,1033,2025-05-02
10487,3417,1481,2025-06-17
10488,3418,191,2025-06-04
10489,3418,506,2025-12-18
10490,3419,191,2025-11-24
10491,3419,467,2025-11-04
10492,3419,577,2025-12-21
10493,3419,726,2025-01-10
10494,3420,96,2025-02-27
10495,3420,307,2025-05-25
10496,3420,336,2025-07-03
10497,3420,672,2026-02-01
10498,3420,1218,2025-10-17
10499,3421,82,2025-11-09
10500,3421,83,2025-08-03
10501,3421,544,2025-08-19
10502,3421,702,2025-01-14
10503,3421,922,2025-07-14
10504,3421,981,2025-11-03
10505,3422,34,2025-04-02
10506,3422,114,2025-02-02
10507,3422,148,2025-11-12
10508,3422,235,2025-06-24
10509,3422,320,2026-02-24
10510,3422,999,2025-10-03
10511,3422,1114,2025-08-13
10512,3423,11,2025-04-08
10513,3423,71,2025-01-02
10514,3423,175,2025-07-08
10515,3423,587,2025-05-13
10516,3423,720,2025-11-07
10517,3424,12,2025-09-29
10518,3424,125,2025-03-25
10519,3424,728,2025-05-20
10520,3424,749,2025-04-29
10521,3424,979,2025-10-15
10522,3424,1332,2026-04-13
10523,3425,40,2025-09-20
10524,3425,80,2026-01-16
10525,3425,204,2026-02-02
10526,3425,1046,2025-05-23
10527,3426,163,2025-12-04
10528,3426,772,2026-02-07
10529,3426,790,2025-05-06
10530,3426,829,2026-02-20
10531,3426,923,2025-01-28
10532,3426,1390,2025-12-24
10533,3427,37,2025-03-17
10534,3427,223,2026-02-05
10535,3427,409,2026-03-23
10536,3427,448,2025-12-22
10537,3427,867,2025-12-14
10538,3427,1063,2026-02-25
10539,3428,123,2026-01-15
10540,3428,475,2025-02-08
10541,3428,815,2025-08-27
10542,3428,1016,2026-01-07
10543,3429,135,2025-10-03
10544,3429,163,2025-02-27
10545,3429,1017,2025-08-01
10546,3430,37,2025-08-30
10547,3430,979,2025-09-15
10548,3430,1153,2026-03-17
10549,3431,138,2026-04-20
10550,3431,364,2025-01-03
10551,3431,1085,2025-07-17
10552,3432,82,2025-11-21
10553,3432,200,2025-07-12
10554,3432,391,2025-11-25
10555,3432,515,2025-05-19
10556,3432,876,2025-12-06
10557,3433,149,2025-04-24
10558,3433,151,2025-12-14
10559,3433,211,2025-02-28
10560,3433,310,2025-06-25
10561,3433,361,2026-03-29
10562,3433,530,2025-11-27
10563,3433,670,2025-09-28
10564,3433,1237,2025-10-24
10565,3433,1402,2026-03-19
10566,3433,1476,2026-01-22
10567,3434,16,2026-01-24
10568,3434,146,2026-04-08
10569,3434,622,2026-04-17
10570,3434,691,2025-01-27
10571,3434,948,2025-02-22
10572,3435,163,2025-07-14
10573,3435,307,2025-11-30
10574,3435,652,2026-03-12
10575,3435,850,2025-05-10
10576,3435,1305,2026-03-28
10577,3435,1482,2026-01-31
10578,3436,38,2025-10-25
10579,3436,1115,2026-04-17
10580,3437,23,2026-01-06
10581,3437,58,2025-12-03
10582,3437,93,2025-03-14
10583,3437,637,2026-04-07
10584,3437,777,2026-03-12
10585,3437,958,2025-12-01
10586,3437,963,2025-09-19
10587,3438,125,2025-02-17
10588,3438,441,2025-06-18
10589,3438,529,2025-01-01
10590,3438,731,2025-04-13
10591,3439,63,2026-04-27
10592,3439,82,2025-08-18
10593,3439,511,2026-02-01
10594,3439,591,2025-01-24
10595,3439,1085,2025-02-28
10596,3440,15,2025-09-01
10597,3440,114,2025-01-28
10598,3440,614,2026-04-25
10599,3440,727,2025-11-03
10600,3440,1013,2025-03-21
10601,3440,1328,2025-07-31
10602,3440,1331,2025-11-19
10603,3441,191,2025-06-02
10604,3441,255,2025-01-22
10605,3441,506,2025-08-17
10606,3441,529,2026-03-27
10607,3441,535,2025-01-25
10608,3441,775,2025-04-15
10609,3441,1339,2025-01-16
10610,3441,1401,2025-09-20
10611,3442,82,2025-11-19
10612,3442,376,2025-10-04
10613,3442,466,2025-01-17
10614,3442,841,2025-09-23
10615,3442,927,2025-11-24
10616,3443,11,2026-04-05
10617,3443,1078,2026-03-20
10618,3443,1152,2026-03-16
10619,3444,123,2025-02-03
10620,3444,284,2025-08-21
10621,3444,400,2025-03-23
10622,3444,855,2025-07-25
10623,3444,992,2025-03-18
10624,3445,13,2025-09-28
10625,3445,980,2025-03-26
10626,3445,1375,2025-11-04
10627,3445,1402,2026-04-30
10628,3446,56,2025-08-01
10629,3446,117,2025-10-09
10630,3446,163,2025-03-31
10631,3446,220,2025-11-30
10632,3446,517,2026-03-22
10633,3446,694,2026-01-30
10634,3446,800,2025-06-01
10635,3446,1260,2026-03-03
10636,3447,82,2025-06-03
10637,3447,287,2026-03-08
10638,3447,506,2025-09-27
10639,3447,979,2025-06-17
10640,3447,1189,2026-01-21
10641,3447,1461,2026-04-30
10642,3448,192,2025-01-16
10643,3448,414,2025-12-05
10644,3448,686,2026-03-12
10645,3448,792,2025-01-10
10646,3449,147,2025-08-23
10647,3449,330,2025-03-17
10648,3450,19,2025-09-22
10649,3450,34,2025-09-17
10650,3450,394,2025-12-04
10651,3450,405,2025-10-24
10652,3450,702,2025-06-23
10653,3450,894,2025-10-17
10654,3450,922,2025-04-05
10655,3450,1258,2025-11-25
10656,3451,13,2025-11-28
10657,3451,380,2025-08-28
10658,3451,962,2025-11-20
10659,3451,984,2025-05-22
10660,3451,1395,2025-02-15
10661,3452,125,2025-02-08
10662,3452,635,2025-08-03
10663,3452,663,2025-10-04
10664,3452,1001,2025-01-02
10665,3453,82,2025-08-05
10666,3453,357,2026-04-25
10667,3453,506,2025-10-31
10668,3453,589,2025-12-17
10669,3453,1154,2025-02-27
10670,3453,1205,2026-01-04
10671,3453,1222,2025-11-04
10672,3453,1447,2026-03-29
10673,3453,1456,2026-04-03
10674,3454,11,2025-07-17
10675,3454,350,2026-03-16
10676,3454,881,2025-02-26
10677,3455,116,2025-03-29
10678,3455,951,2026-02-14
10679,3455,1479,2025-08-30
10680,3456,96,2025-07-27
10681,3456,144,2025-07-20
10682,3456,703,2025-03-09
10683,3457,163,2025-01-08
10684,3457,553,2025-10-13
10685,3457,1052,2025-01-17
10686,3458,137,2025-09-29
10687,3458,192,2025-03-10
10688,3458,195,2026-03-07
10689,3458,1472,2025-01-09
10690,3459,11,2025-05-03
10691,3459,561,2025-11-16
10692,3459,710,2025-03-03
10693,3460,13,2025-08-22
10694,3460,96,2025-01-30
10695,3460,239,2025-11-22
10696,3460,299,2026-01-23
10697,3460,459,2026-02-16
10698,3460,757,2025-03-31
10699,3460,1197,2026-04-18
10700,3460,1320,2025-08-04
10701,3461,36,2025-04-10
10702,3461,81,2025-12-11
10703,3461,324,2026-04-07
10704,3461,402,2026-03-28
10705,3461,439,2025-05-16
10706,3461,816,2025-05-24
10707,3461,837,2025-05-18
10708,3461,1149,2025-04-22
10709,3461,1294,2025-06-16
10710,3461,1347,2026-02-16
10711,3461,1385,2025-11-01
10712,3462,37,2025-07-15
10713,3462,258,2025-11-19
10714,3462,266,2025-11-30
10715,3462,775,2025-04-05
10716,3463,96,2025-11-25
10717,3463,1200,2025-05-10
10718,3463,1376,2025-06-21
10719,3463,1402,2025-09-25
10720,3464,203,2025-12-15
10721,3464,532,2026-02-25
10722,3464,600,2026-03-25
10723,3464,1260,2025-09-06
10724,3464,1307,2026-04-06
10725,3465,34,2025-01-04
10726,3465,93,2025-02-11
10727,3465,588,2025-04-02
10728,3465,695,2025-01-06
10729,3465,1153,2026-01-12
10730,3465,1462,2026-01-18
10731,3465,1478,2025-06-01
10732,3466,81,2026-02-19
10733,3466,93,2025-12-05
10734,3466,177,2026-04-22
10735,3466,199,2025-12-03
10736,3466,955,2025-03-15
10737,3466,990,2025-06-02
10738,3466,1004,2025-03-25
10739,3467,199,2025-12-03
10740,3467,627,2026-03-25
10741,3467,1149,2025-07-11
10742,3467,1307,2025-04-21
10743,3467,1333,2025-07-28
10744,3468,138,2025-11-02
10745,3468,315,2025-01-10
10746,3468,452,2025-10-27
10747,3468,1370,2025-02-16
10748,3469,163,2026-04-26
10749,3469,1190,2026-04-20
10750,3469,1389,2025-03-21
10751,3470,175,2025-04-25
10752,3470,329,2025-08-23
10753,3470,468,2025-07-06
10754,3470,515,2025-05-08
10755,3470,651,2025-01-05
10756,3470,930,2025-04-04
10757,3470,1312,2025-10-10
10758,3470,1380,2026-04-11
10759,3471,126,2025-05-17
10760,3471,140,2025-10-19
10761,3471,146,2025-08-20
10762,3471,397,2025-07-27
10763,3471,606,2026-02-26
10764,3471,796,2026-02-22
10765,3471,1358,2026-04-20
10766,3472,37,2025-12-27
10767,3472,255,2025-01-31
10768,3472,1011,2025-05-08
10769,3473,15,2025-11-09
10770,3473,200,2025-07-12
10771,3473,688,2025-11-29
10772,3473,787,2026-01-25
10773,3474,165,2025-08-18
10774,3474,746,2025-01-01
10775,3474,822,2025-03-09
10776,3474,873,2026-04-16
10777,3475,81,2026-01-22
10778,3475,360,2025-05-31
10779,3475,621,2025-05-05
10780,3475,1040,2025-07-12
10781,3476,37,2025-06-12
10782,3476,419,2025-03-10
10783,3476,923,2026-03-09
10784,3476,1136,2026-01-27
10785,3476,1289,2026-04-02
10786,3476,1476,2025-12-20
10787,3477,136,2025-06-07
10788,3477,169,2025-01-22
10789,3477,484,2025-06-30
10790,3477,528,2025-07-01
10791,3477,1151,2025-04-24
10792,3478,56,2025-12-24
10793,3478,363,2026-01-27
10794,3478,1027,2025-08-06
10795,3478,1118,2025-05-11
10796,3478,1124,2025-09-14
10797,3478,1178,2026-01-21
10798,3478,1289,2025-02-10
10799,3479,116,2025-12-25
10800,3479,258,2025-09-30
10801,3479,575,2026-02-22
10802,3479,1054,2025-08-14
10803,3479,1096,2026-02-09
10804,3479,1397,2025-07-08
10805,3479,1448,2026-02-03
10806,3480,147,2026-04-28
10807,3480,176,2025-05-23
10808,3480,462,2025-12-14
10809,3480,583,2025-01-09
10810,3480,899,2025-05-05
10811,3481,204,2026-03-24
10812,3481,383,2025-07-24
10813,3481,935,2026-02-28
10814,3481,1402,2025-12-26
10815,3482,15,2025-05-20
10816,3482,40,2026-03-07
10817,3482,132,2026-03-26
10818,3482,205,2026-04-06
10819,3482,377,2025-09-19
10820,3482,705,2025-10-07
10821,3482,772,2025-03-17
10822,3483,82,2025-03-02
10823,3483,307,2025-06-30
10824,3483,337,2026-03-24
10825,3483,778,2026-01-03
10826,3483,964,2025-10-19
10827,3483,1330,2025-08-20
10828,3484,46,2025-09-13
10829,3484,58,2025-05-08
10830,3484,1035,2025-09-23
10831,3484,1087,2025-07-09
10832,3484,1385,2025-05-22
10833,3485,13,2026-04-26
10834,3485,183,2025-12-31
10835,3485,956,2025-07-24
10836,3485,1127,2025-07-30
10837,3485,1169,2025-03-19
10838,3485,1294,2025-04-12
10839,3486,125,2025-03-07
10840,3486,411,2025-04-29
10841,3486,573,2025-08-08
10842,3486,644,2025-01-20
10843,3486,1460,2025-07-15
10844,3487,96,2025-07-26
10845,3487,163,2026-02-18
10846,3488,58,2025-08-26
10847,3488,496,2025-11-06
10848,3488,666,2026-02-02
10849,3489,191,2025-11-16
10850,3489,597,2025-09-28
10851,3489,719,2025-07-28
10852,3489,1283,2025-05-26
10853,3490,163,2025-10-27
10854,3490,363,2025-02-07
10855,3490,368,2025-03-08
10856,3491,49,2025-07-10
10857,3491,156,2025-10-25
10858,3491,395,2025-06-08
10859,3491,534,2025-10-18
10860,3491,749,2026-02-23
10861,3492,97,2025-09-06
10862,3492,511,2026-04-12
10863,3492,573,2026-03-14
10864,3492,892,2026-03-31
10865,3492,1341,2025-12-08
10866,3492,1448,2026-04-09
10867,3492,1492,2025-03-31
10868,3493,116,2025-03-11
10869,3493,307,2026-01-19
10870,3493,448,2025-01-26
10871,3493,829,2025-05-12
10872,3493,962,2025-04-06
10873,3493,1355,2025-11-06
10874,3493,1486,2025-09-26
10875,3494,97,2025-07-18
10876,3494,595,2025-04-05
10877,3494,899,2025-03-26
10878,3494,1166,2025-07-30
10879,3495,203,2025-10-16
10880,3495,382,2025-11-14
10881,3495,473,2025-03-07
10882,3495,512,2025-01-06
10883,3495,520,2025-07-16
10884,3495,686,2025-08-02
10885,3495,888,2025-07-23
10886,3495,1237,2025-02-07
10887,3495,1364,2025-08-21
10888,3496,34,2026-05-01
10889,3496,287,2026-04-22
10890,3496,407,2025-10-19
10891,3496,540,2025-10-26
10892,3496,646,2025-07-28
10893,3496,1337,2025-04-01
10894,3496,1378,2025-04-07
10895,3496,1384,2026-04-02
10896,3497,203,2025-06-26
10897,3497,255,2025-07-13
10898,3497,307,2025-11-09
10899,3497,1364,2025-10-30
10900,3497,1486,2026-04-11
10901,3497,1498,2026-04-01
10902,3498,14,2026-05-01
10903,3498,81,2025-11-04
10904,3498,96,2025-12-03
10905,3498,460,2026-02-25
10906,3498,733,2025-03-21
10907,3498,999,2025-10-29
10908,3498,1423,2026-04-14
10909,3499,194,2026-01-13
10910,3499,204,2025-11-05
10911,3499,1149,2026-02-10
10912,3500,82,2026-01-11
10913,3500,614,2025-10-08
10914,3500,656,2025-05-07
10915,3500,762,2025-04-21
10916,3500,1194,2025-06-14
10917,3501,346,2026-01-20
10918,3501,564,2025-10-11
10919,3502,2,2026-01-12
10920,3502,18,2025-09-02
10921,3502,475,2026-03-19
10922,3502,1154,2025-07-24
10923,3503,307,2025-10-12
10924,3503,517,2025-09-21
10925,3503,561,2025-08-26
10926,3503,577,2025-12-30
10927,3503,964,2025-09-11
10928,3503,1042,2025-08-19
10929,3503,1330,2025-11-09
10930,3504,23,2025-04-06
10931,3504,240,2025-07-10
10932,3504,772,2026-04-15
10933,3504,799,2026-02-04
10934,3504,964,2025-08-11
10935,3504,1188,2025-01-07
10936,3504,1329,2025-06-04
10937,3505,651,2025-03-04
10938,3505,1034,2025-05-07
10939,3506,357,2025-05-11
10940,3506,583,2025-09-26
10941,3506,653,2025-03-30
10942,3506,901,2025-01-26
10943,3506,1093,2025-09-25
10944,3506,1220,2026-05-01
10945,3507,20,2026-03-20
10946,3507,246,2026-02-18
10947,3507,672,2025-05-09
10948,3507,799,2026-04-04
10949,3507,1078,2025-11-08
10950,3508,156,2026-02-21
10951,3508,535,2025-05-07
10952,3508,923,2025-02-18
10953,3508,978,2025-06-17
10954,3508,1188,2025-04-13
10955,3508,1215,2025-11-05
10956,3508,1291,2025-09-28
10957,3508,1424,2026-01-17
10958,3509,56,2025-04-08
10959,3509,544,2026-01-27
10960,3509,832,2025-11-03
10961,3509,876,2025-02-13
10962,3509,1004,2025-03-21
10963,3509,1447,2025-03-06
10964,3510,411,2025-07-26
10965,3510,421,2025-01-06
10966,3510,702,2025-01-16
10967,3510,922,2025-01-03
10968,3510,1297,2026-04-05
10969,3510,1416,2025-02-04
10970,3511,497,2025-05-29
10971,3511,878,2025-06-02
10972,3511,894,2025-01-26
10973,3511,948,2025-12-01
10974,3512,176,2025-12-04
10975,3512,357,2025-12-24
10976,3512,425,2025-08-27
10977,3512,461,2026-04-22
10978,3512,836,2025-07-24
10979,3512,897,2025-03-17
10980,3512,933,2026-03-07
10981,3512,1070,2025-11-12
10982,3513,381,2026-01-06
10983,3513,1085,2026-01-18
10984,3513,1112,2026-04-29
10985,3513,1263,2025-02-04
10986,3514,502,2026-02-10
10987,3514,809,2025-06-06
10988,3514,895,2026-01-15
10989,3514,1490,2025-11-30
10990,3515,122,2025-12-05
10991,3515,420,2025-04-27
10992,3515,441,2026-03-13
10993,3515,911,2025-01-18
10994,3516,526,2026-03-22
10995,3516,579,2025-05-26
10996,3517,49,2026-01-10
10997,3517,370,2026-04-25
10998,3517,636,2025-10-16
10999,3517,941,2025-02-06
11000,3518,307,2025-04-22
11001,3518,444,2025-06-03
11002,3518,821,2025-03-02
11003,3518,964,2025-01-09
11004,3518,1122,2025-04-15
11005,3518,1250,2025-09-22
11006,3518,1293,2026-02-20
11007,3518,1300,2025-10-22
11008,3519,190,2025-09-11
11009,3519,629,2025-06-14
11010,3519,1080,2025-03-19
11011,3519,1170,2026-04-07
11012,3519,1472,2025-11-22
11013,3520,207,2026-03-08
11014,3520,429,2025-10-06
11015,3520,467,2025-08-29
11016,3520,696,2025-03-09
11017,3520,753,2025-01-17
11018,3520,780,2025-10-30
11019,3520,797,2025-11-10
11020,3521,335,2025-10-04
11021,3521,539,2025-08-11
11022,3521,699,2025-11-26
11023,3521,919,2025-06-17
11024,3521,1238,2026-03-03
11025,3522,234,2025-12-10
11026,3522,1494,2025-07-16
11027,3523,410,2025-06-02
11028,3523,417,2025-03-23
11029,3523,709,2026-01-16
11030,3523,1397,2026-02-07
11031,3524,690,2025-12-08
11032,3525,278,2026-04-27
11033,3525,986,2025-12-24
11034,3525,1040,2025-03-11
11035,3525,1407,2025-06-01
11036,3526,235,2026-04-11
11037,3526,460,2025-01-06
11038,3526,506,2025-06-18
11039,3526,668,2025-11-14
11040,3526,701,2025-12-30
11041,3526,1437,2025-11-29
11042,3527,331,2025-03-19
11043,3527,370,2025-01-29
11044,3527,951,2025-09-23
11045,3527,1305,2025-04-04
11046,3528,441,2025-04-30
11047,3528,454,2025-06-22
11048,3528,489,2026-03-02
11049,3528,972,2025-04-29
11050,3528,1070,2025-01-16
11051,3529,296,2025-10-19
11052,3529,350,2026-04-23
11053,3529,414,2025-09-06
11054,3529,726,2025-08-07
11055,3529,762,2025-08-08
11056,3530,23,2025-11-08
11057,3530,151,2026-04-28
11058,3530,674,2026-02-14
11059,3530,921,2025-02-22
11060,3530,1406,2025-11-15
11061,3530,1450,2026-04-28
11062,3531,75,2025-05-14
11063,3531,1013,2025-10-14
11064,3531,1119,2026-04-09
11065,3532,177,2025-11-14
11066,3532,318,2025-07-25
11067,3532,518,2025-03-06
11068,3532,661,2026-04-14
11069,3533,13,2026-04-26
11070,3533,390,2025-10-19
11071,3533,569,2026-04-27
11072,3533,695,2026-02-28
11073,3533,1234,2026-02-02
11074,3533,1359,2025-10-07
11075,3534,53,2026-04-17
11076,3534,161,2026-02-23
11077,3534,503,2025-01-18
11078,3534,1176,2025-11-29
11079,3534,1243,2026-03-15
11080,3535,405,2025-07-09
11081,3535,429,2025-07-25
11082,3535,671,2025-10-01
11083,3535,1189,2025-03-09
11084,3536,29,2026-03-27
11085,3536,777,2025-01-03
11086,3536,785,2025-02-13
11087,3536,853,2025-08-31
11088,3536,1374,2025-12-04
11089,3536,1487,2025-07-06
11090,3537,281,2025-05-06
11091,3537,544,2025-11-18
11092,3537,692,2026-04-24
11093,3537,788,2025-01-02
11094,3537,1487,2025-08-18
11095,3538,319,2025-11-12
11096,3538,349,2025-07-29
11097,3538,544,2025-07-29
11098,3538,804,2025-02-21
11099,3538,938,2026-04-25
11100,3538,984,2025-09-27
11101,3538,1100,2025-08-09
11102,3539,396,2025-10-20
11103,3539,548,2025-06-20
11104,3540,23,2025-09-03
11105,3540,255,2025-03-20
11106,3540,310,2026-01-23
11107,3540,1474,2026-01-27
11108,3541,632,2025-11-30
11109,3541,1029,2026-04-14
11110,3542,510,2026-01-11
11111,3542,673,2025-11-25
11112,3542,756,2026-01-30
11113,3542,785,2025-05-29
11114,3542,1499,2026-03-11
11115,3543,350,2026-03-10
11116,3543,451,2025-01-04
11117,3543,777,2025-06-08
11118,3543,1370,2025-05-07
11119,3544,93,2026-02-12
11120,3544,709,2026-04-26
11121,3544,989,2025-06-07
11122,3544,1192,2025-09-09
11123,3544,1291,2025-05-12
11124,3545,246,2025-03-03
11125,3545,535,2025-12-30
11126,3545,730,2025-03-25
11127,3545,734,2025-06-12
11128,3545,807,2025-04-26
11129,3545,887,2025-02-07
11130,3546,154,2025-12-03
11131,3546,503,2025-04-10
11132,3546,652,2025-09-04
11133,3546,1386,2025-12-05
11134,3546,1392,2025-11-13
11135,3546,1426,2025-06-11
11136,3547,12,2026-03-12
11137,3547,186,2025-07-27
11138,3547,755,2025-02-19
11139,3547,1478,2025-01-07
11140,3548,353,2025-01-27
11141,3548,897,2025-09-12
11142,3548,1063,2025-09-08
11143,3548,1460,2025-09-11
11144,3549,13,2025-04-11
11145,3549,253,2025-11-25
11146,3549,640,2025-03-28
11147,3549,952,2025-02-07
11148,3549,1314,2025-09-12
11149,3549,1393,2025-06-29
11150,3550,1095,2025-02-01
11151,3550,1374,2025-04-26
11152,3551,37,2025-08-03
11153,3551,146,2025-02-14
11154,3551,613,2026-01-23
11155,3551,655,2025-10-22
11156,3551,718,2026-01-26
11157,3551,850,2025-12-06
11158,3551,895,2025-04-02
11159,3552,606,2025-01-24
11160,3552,722,2025-03-17
11161,3552,1034,2025-12-22
11162,3552,1063,2025-06-20
11163,3553,876,2026-03-03
11164,3554,19,2025-11-15
11165,3554,1115,2026-01-17
11166,3554,1274,2026-03-04
11167,3555,79,2025-10-26
11168,3555,405,2025-11-02
11169,3555,1387,2026-01-05
11170,3555,1488,2025-02-06
11171,3556,342,2025-10-30
11172,3556,626,2025-04-12
11173,3556,1286,2025-09-22
11174,3557,194,2025-09-05
11175,3557,372,2025-04-10
11176,3557,540,2025-04-18
11177,3557,764,2025-08-24
11178,3558,865,2025-01-21
11179,3558,1022,2025-04-08
11180,3558,1084,2025-06-02
11181,3559,307,2026-01-10
11182,3559,336,2025-04-05
11183,3559,978,2026-02-19
11184,3560,27,2025-05-31
11185,3560,115,2026-03-13
11186,3560,1407,2025-06-08
11187,3561,58,2025-05-21
11188,3561,246,2026-03-10
11189,3561,329,2025-08-18
11190,3561,447,2025-05-27
11191,3561,802,2025-10-09
11192,3561,1082,2025-11-08
11193,3562,816,2025-01-01
11194,3562,838,2026-02-04
11195,3562,1006,2025-05-19
11196,3562,1478,2025-09-10
11197,3563,313,2025-08-09
11198,3563,541,2025-01-14
11199,3563,931,2025-08-16
11200,3563,1188,2026-01-19
11201,3564,414,2025-10-01
11202,3564,424,2025-08-01
11203,3564,793,2026-03-20
11204,3564,974,2025-03-07
11205,3564,1194,2026-02-01
11206,3564,1315,2025-04-26
11207,3564,1404,2025-06-11
11208,3565,1108,2025-02-03
11209,3566,380,2026-04-18
11210,3566,706,2026-03-30
11211,3567,19,2025-01-03
11212,3567,1050,2025-12-21
11213,3567,1479,2026-03-05
11214,3567,1492,2025-08-29
11215,3568,619,2025-07-31
11216,3568,1194,2025-06-14
11217,3568,1379,2025-02-09
11218,3568,1423,2026-02-03
11219,3569,304,2026-01-23
11220,3569,410,2025-11-08
11221,3569,422,2025-02-06
11222,3569,645,2026-02-07
11223,3569,885,2025-08-30
11224,3569,1231,2025-11-19
11225,3570,47,2025-01-18
11226,3570,1170,2026-04-16
11227,3571,131,2025-12-19
11228,3571,940,2025-10-13
11229,3571,1311,2026-03-13
11230,3572,101,2026-02-04
11231,3572,157,2025-07-02
11232,3572,236,2025-02-15
11233,3572,303,2025-09-05
11234,3572,411,2025-12-22
11235,3572,744,2025-05-03
11236,3572,1203,2025-12-03
11237,3572,1294,2025-03-27
11238,3572,1351,2026-03-19
11239,3573,138,2025-10-03
11240,3573,159,2025-10-31
11241,3573,232,2025-06-27
11242,3573,248,2025-02-10
11243,3573,631,2025-05-18
11244,3573,1162,2025-06-30
11245,3574,880,2025-07-16
11246,3574,935,2025-04-09
11247,3574,1095,2025-05-11
11248,3574,1210,2025-01-19
11249,3574,1376,2025-11-06
11250,3575,109,2026-02-21
11251,3575,534,2025-02-07
11252,3575,568,2025-10-13
11253,3575,1160,2026-02-11
11254,3575,1429,2025-07-01
11255,3576,1,2025-09-18
11256,3576,902,2025-01-01
11257,3576,996,2025-06-26
11258,3576,1185,2025-06-27
11259,3577,34,2025-10-06
11260,3577,70,2026-01-15
11261,3577,392,2025-02-10
11262,3577,583,2026-01-09
11263,3577,687,2026-01-13
11264,3577,787,2026-02-18
11265,3577,909,2025-02-18
11266,3577,999,2025-06-14
11267,3577,1393,2026-04-04
11268,3578,681,2026-03-04
11269,3578,891,2025-08-20
11270,3578,931,2025-05-14
11271,3578,990,2025-05-19
11272,3578,1476,2026-01-03
11273,3578,1498,2026-02-14
11274,3579,138,2025-11-14
11275,3579,305,2025-07-20
11276,3579,755,2025-12-09
11277,3579,1261,2025-07-07
11278,3579,1433,2025-05-08
11279,3580,13,2025-11-05
11280,3580,175,2025-12-08
11281,3580,305,2025-03-01
11282,3580,423,2026-04-17
11283,3580,462,2025-07-23
11284,3580,620,2025-01-25
11285,3580,938,2025-11-28
11286,3580,1132,2025-09-09
11287,3581,303,2026-02-25
11288,3581,680,2025-08-31
11289,3581,1072,2025-01-02
11290,3581,1174,2025-01-26
11291,3581,1189,2025-05-26
11292,3581,1331,2025-01-06
11293,3582,763,2025-10-28
11294,3582,965,2025-05-06
11295,3583,211,2026-04-02
11296,3583,239,2026-03-01
11297,3583,1243,2026-02-15
11298,3584,100,2025-01-07
11299,3584,760,2026-01-03
11300,3584,1059,2025-06-09
11301,3584,1480,2025-06-13
11302,3585,79,2026-04-03
11303,3585,405,2025-06-09
11304,3585,986,2025-03-02
11305,3585,991,2025-10-04
11306,3585,1488,2025-05-22
11307,3586,337,2025-01-10
11308,3586,445,2026-01-25
11309,3586,832,2025-05-08
11310,3586,1127,2025-11-06
11311,3586,1257,2026-04-18
11312,3586,1315,2026-02-08
11313,3587,448,2025-12-31
11314,3587,1050,2025-10-07
11315,3588,205,2025-03-18
11316,3588,371,2025-04-02
11317,3588,489,2025-02-11
11318,3588,1307,2026-02-16
11319,3588,1315,2025-10-04
11320,3589,182,2025-01-13
11321,3589,1241,2025-12-15
11322,3590,25,2025-04-18
11323,3590,982,2025-10-29
11324,3590,1063,2025-07-15
11325,3590,1077,2025-07-21
11326,3590,1437,2026-01-29
11327,3591,91,2025-03-24
11328,3591,760,2026-01-28
11329,3592,1307,2026-04-27
11330,3593,21,2026-01-14
11331,3593,385,2026-01-10
11332,3593,796,2025-01-21
11333,3593,1466,2025-05-03
11334,3594,1163,2025-09-21
11335,3594,1428,2025-07-10
11336,3595,140,2026-04-14
11337,3595,299,2026-02-25
11338,3595,396,2025-10-06
11339,3595,957,2025-10-11
11340,3595,999,2025-07-24
11341,3596,467,2025-12-17
11342,3596,753,2026-05-01
11343,3596,952,2025-05-23
11344,3596,999,2025-11-18
11345,3596,1248,2025-12-22
11346,3596,1433,2026-01-16
11347,3597,185,2025-01-11
11348,3597,624,2025-12-04
11349,3597,833,2025-08-16
11350,3597,1098,2025-10-01
11351,3598,143,2025-10-04
11352,3598,341,2025-01-07
11353,3598,1486,2025-03-19
11354,3599,644,2025-07-20
11355,3600,307,2025-06-14
11356,3600,631,2025-03-22
11357,3601,313,2025-11-08
11358,3602,129,2025-12-24
11359,3602,349,2025-06-23
11360,3602,658,2025-02-16
11361,3602,1155,2026-04-07
11362,3602,1180,2025-07-15
11363,3603,43,2025-05-25
11364,3603,334,2025-12-21
11365,3603,383,2025-08-12
11366,3603,433,2025-12-30
11367,3603,439,2025-11-04
11368,3604,520,2025-04-16
11369,3605,226,2026-03-20
11370,3605,1383,2025-04-15
11371,3606,1004,2026-01-05
11372,3606,1105,2025-05-02
11373,3606,1470,2025-06-25
11374,3607,40,2026-01-05
11375,3607,136,2025-08-02
11376,3607,233,2025-03-09
11377,3607,260,2025-04-13
11378,3607,366,2025-01-29
11379,3607,582,2026-04-23
11380,3607,680,2025-04-08
11381,3608,81,2025-11-06
11382,3608,863,2025-08-28
11383,3608,1018,2025-06-03
11384,3608,1193,2025-05-15
11385,3608,1236,2026-03-12
11386,3609,197,2025-01-11
11387,3609,968,2025-09-15
11388,3609,1406,2026-04-10
11389,3610,39,2025-09-17
11390,3610,597,2026-04-06
11391,3610,952,2025-01-28
11392,3610,1153,2026-01-26
11393,3611,688,2026-01-29
11394,3611,776,2026-03-07
11395,3612,831,2025-08-10
11396,3612,907,2025-09-07
11397,3613,398,2025-01-22
11398,3613,517,2025-09-16
11399,3613,686,2026-01-04
11400,3613,734,2025-11-06
11401,3613,958,2025-10-13
11402,3614,81,2025-09-05
11403,3614,691,2025-01-22
11404,3614,842,2025-11-02
11405,3614,1112,2025-03-28
11406,3615,30,2025-01-22
11407,3615,867,2025-12-14
11408,3615,970,2026-01-02
11409,3615,978,2025-03-02
11410,3615,1079,2025-11-03
11411,3615,1296,2025-12-25
11412,3615,1401,2025-11-11
11413,3616,1,2025-02-17
11414,3616,544,2025-10-04
11415,3616,636,2026-03-06
11416,3616,881,2026-01-06
11417,3616,916,2026-02-26
11418,3616,1166,2025-12-21
11419,3616,1190,2025-11-19
11420,3617,109,2026-03-30
11421,3617,117,2025-05-25
11422,3617,601,2026-03-20
11423,3617,979,2025-04-24
11424,3618,114,2025-02-10
11425,3618,979,2025-02-17
11426,3618,1113,2025-04-13
11427,3618,1349,2025-12-15
11428,3618,1423,2026-03-15
11429,3618,1434,2026-04-12
11430,3619,655,2025-03-16
11431,3620,218,2026-02-20
11432,3620,357,2025-07-19
11433,3620,390,2025-07-13
11434,3620,504,2025-02-21
11435,3620,647,2025-02-19
11436,3620,976,2025-06-21
11437,3621,260,2025-10-03
11438,3621,357,2025-05-22
11439,3621,460,2025-10-11
11440,3621,588,2025-06-23
11441,3621,1076,2025-10-15
11442,3621,1385,2025-01-25
11443,3622,53,2025-06-25
11444,3622,606,2025-03-25
11445,3622,793,2026-02-14
11446,3622,1041,2025-07-24
11447,3622,1461,2025-05-04
11448,3623,74,2025-04-06
11449,3623,204,2025-12-03
11450,3624,169,2025-03-03
11451,3624,307,2025-02-27
11452,3624,436,2025-11-01
11453,3624,585,2025-12-02
11454,3624,1311,2025-07-26
11455,3625,319,2025-01-17
11456,3625,386,2025-06-01
11457,3625,446,2025-08-21
11458,3625,535,2026-02-13
11459,3625,736,2025-12-17
11460,3625,1013,2025-12-11
11461,3626,760,2025-03-23
11462,3626,800,2025-03-17
11463,3626,979,2025-01-10
11464,3626,1255,2025-06-10
11465,3626,1270,2025-04-26
11466,3626,1368,2025-11-04
11467,3626,1379,2026-04-09
11468,3626,1394,2025-08-29
11469,3627,570,2025-12-14
11470,3627,672,2025-01-04
11471,3628,93,2025-09-01
11472,3628,122,2025-09-02
11473,3628,204,2025-05-20
11474,3628,655,2025-07-06
11475,3628,1421,2025-12-31
11476,3628,1447,2025-05-23
11477,3629,420,2025-06-01
11478,3629,476,2025-09-03
11479,3629,912,2026-01-07
11480,3629,1098,2025-12-24
11481,3629,1236,2026-02-09
11482,3629,1305,2025-01-30
11483,3630,199,2026-03-19
11484,3630,684,2025-09-30
11485,3630,1059,2025-12-14
11486,3631,366,2026-04-02
11487,3631,417,2025-12-14
11488,3631,1001,2026-01-31
11489,3631,1462,2025-03-12
11490,3632,864,2026-04-16
11491,3632,904,2025-11-24
11492,3633,137,2026-04-04
11493,3633,175,2025-04-11
11494,3633,331,2025-02-10
11495,3633,651,2025-08-16
11496,3633,1258,2026-01-20
11497,3633,1263,2025-02-02
11498,3634,104,2025-05-29
11499,3634,140,2025-07-19
11500,3635,13,2026-01-17
11501,3635,120,2025-02-07
11502,3635,741,2026-02-26
11503,3635,908,2025-11-13
11504,3635,1359,2025-10-21
11505,3636,254,2025-06-23
11506,3636,494,2026-01-09
11507,3636,654,2025-05-05
11508,3636,830,2025-10-23
11509,3636,834,2025-05-20
11510,3636,973,2025-08-04
11511,3637,808,2026-03-25
11512,3637,1369,2026-02-10
11513,3638,96,2025-09-06
11514,3638,402,2026-02-16
11515,3638,647,2025-07-18
11516,3639,522,2025-07-28
11517,3639,698,2025-03-09
11518,3640,718,2026-03-23
11519,3641,339,2025-07-28
11520,3641,621,2025-04-03
11521,3642,508,2025-05-08
11522,3642,920,2025-06-17
11523,3643,921,2025-12-26
11524,3643,1252,2026-01-24
11525,3643,1285,2025-10-23
11526,3643,1346,2025-07-12
11527,3644,486,2026-04-18
11528,3644,1481,2025-01-02
11529,3645,634,2025-07-06
11530,3645,835,2025-04-29
11531,3645,871,2025-01-07
11532,3645,1033,2025-03-12
11533,3646,27,2026-01-19
11534,3646,284,2025-07-16
11535,3646,528,2025-02-07
11536,3647,182,2026-01-14
11537,3647,366,2025-10-01
11538,3647,1032,2025-06-04
11539,3648,593,2025-01-09
11540,3648,1168,2025-03-08
11541,3649,186,2025-07-11
11542,3649,541,2025-09-06
11543,3649,567,2026-02-21
11544,3650,186,2025-10-12
11545,3650,657,2026-04-10
11546,3650,692,2025-08-18
11547,3650,853,2025-01-04
11548,3650,865,2025-04-21
11549,3650,972,2026-04-10
11550,3650,1090,2025-07-18
11551,3651,97,2025-09-22
11552,3651,186,2025-07-25
11553,3651,298,2025-01-25
11554,3651,781,2025-06-19
11555,3651,800,2026-04-21
11556,3651,1022,2026-02-21
11557,3651,1428,2025-01-27
11558,3652,438,2025-07-21
11559,3652,1208,2025-05-02
11560,3653,149,2025-01-22
11561,3653,331,2025-07-22
11562,3653,531,2025-07-22
11563,3653,612,2025-05-03
11564,3653,881,2025-08-11
11565,3653,1165,2026-03-01
11566,3653,1231,2025-01-05
11567,3653,1428,2025-07-09
11568,3654,554,2025-01-23
11569,3654,1173,2025-03-08
11570,3654,1205,2026-01-10
11571,3655,531,2025-09-29
11572,3656,47,2026-03-31
11573,3656,768,2025-11-25
11574,3657,477,2025-02-14
11575,3657,555,2025-11-28
11576,3657,716,2025-11-21
11577,3657,906,2025-08-08
11578,3657,1256,2025-05-17
11579,3658,332,2026-03-05
11580,3658,637,2025-01-05
11581,3658,734,2025-11-16
11582,3658,1498,2025-10-07
11583,3659,70,2025-10-28
11584,3659,148,2025-03-03
11585,3659,769,2025-01-06
11586,3659,874,2026-03-17
11587,3659,999,2025-04-21
11588,3659,1393,2025-10-28
11589,3660,175,2025-01-23
11590,3660,423,2025-10-31
11591,3660,704,2025-03-02
11592,3660,938,2025-03-26
11593,3661,86,2025-01-31
11594,3661,93,2026-02-17
11595,3661,620,2026-01-15
11596,3661,998,2025-05-02
11597,3661,1288,2025-11-24
11598,3661,1291,2025-01-15
11599,3661,1437,2025-03-15
11600,3662,98,2025-07-06
11601,3662,276,2025-03-11
11602,3662,734,2025-01-12
11603,3662,807,2025-11-08
11604,3662,902,2025-05-15
11605,3662,1419,2025-06-23
11606,3663,774,2025-03-22
11607,3664,213,2025-12-19
11608,3664,319,2025-04-13
11609,3664,411,2026-01-28
11610,3664,1169,2026-04-28
11611,3664,1297,2025-08-24
11612,3664,1360,2026-01-23
11613,3665,7,2025-07-09
11614,3665,71,2025-10-19
11615,3665,504,2025-08-28
11616,3665,1327,2025-12-23
11617,3666,410,2025-11-02
11618,3666,836,2025-07-07
11619,3666,1008,2025-04-29
11620,3666,1130,2026-03-16
11621,3667,172,2025-02-27
11622,3667,383,2025-10-22
11623,3667,935,2025-11-29
11624,3667,1004,2026-02-27
11625,3667,1149,2025-04-06
11626,3668,16,2025-07-20
11627,3668,137,2025-01-22
11628,3668,654,2025-01-26
11629,3668,830,2025-11-16
11630,3669,395,2026-01-02
11631,3669,1344,2025-10-01
11632,3670,578,2025-08-09
11633,3670,630,2025-01-23
11634,3670,848,2025-03-10
11635,3670,1065,2026-03-18
11636,3670,1378,2025-08-26
11637,3671,422,2025-06-28
11638,3671,754,2026-04-15
11639,3671,894,2026-02-22
11640,3671,961,2026-05-01
11641,3672,151,2025-09-10
11642,3672,888,2026-04-24
11643,3672,1215,2025-06-01
11644,3673,84,2025-12-05
11645,3673,1319,2025-06-14
11646,3674,15,2025-05-12
11647,3674,465,2026-02-20
11648,3674,470,2025-05-20
11649,3674,1089,2025-11-19
11650,3674,1287,2025-10-30
11651,3674,1313,2025-03-12
11652,3674,1402,2025-01-23
11653,3675,435,2025-06-13
11654,3675,1212,2025-05-27
11655,3676,597,2026-01-18
11656,3676,781,2025-10-13
11657,3676,843,2025-11-06
11658,3676,1049,2025-05-25
11659,3676,1190,2025-12-22
11660,3676,1360,2025-05-27
11661,3676,1484,2026-04-19
11662,3677,1459,2025-06-18
11663,3678,841,2025-04-26
11664,3679,325,2025-09-21
11665,3679,584,2025-02-16
11666,3680,110,2025-03-05
11667,3680,120,2025-10-13
11668,3680,583,2025-01-09
11669,3680,976,2025-11-19
11670,3681,428,2025-10-15
11671,3681,680,2025-03-03
11672,3681,938,2026-01-03
11673,3681,945,2025-10-08
11674,3681,1338,2025-11-01
11675,3682,39,2025-07-19
11676,3682,104,2025-06-28
11677,3682,683,2025-11-19
11678,3682,796,2025-06-29
11679,3682,800,2025-09-29
11680,3682,959,2025-04-19
11681,3683,228,2025-05-26
11682,3683,336,2026-03-30
11683,3683,672,2026-03-06
11684,3683,964,2026-03-09
11685,3683,1059,2025-05-25
11686,3683,1353,2026-01-26
11687,3683,1366,2025-06-19
11688,3684,359,2025-07-23
11689,3684,594,2025-07-27
11690,3684,973,2025-03-22
11691,3684,1294,2026-03-20
11692,3684,1441,2025-03-27
11693,3685,65,2025-11-02
11694,3685,328,2026-02-11
11695,3685,616,2025-12-18
11696,3685,637,2025-07-09
11697,3685,672,2025-03-18
11698,3685,1038,2025-03-05
11699,3686,232,2025-09-10
11700,3686,273,2025-11-12
11701,3686,407,2025-09-11
11702,3686,674,2025-01-27
11703,3686,1134,2025-06-11
11704,3686,1175,2025-12-25
11705,3686,1188,2025-07-28
11706,3687,310,2025-07-14
11707,3687,407,2025-01-07
11708,3687,637,2025-05-01
11709,3687,1421,2026-02-20
11710,3687,1431,2025-07-29
11711,3688,147,2025-02-22
11712,3688,255,2026-02-20
11713,3688,1049,2025-08-04
11714,3688,1288,2026-03-07
11715,3689,36,2025-03-13
11716,3689,58,2025-06-08
11717,3689,412,2025-10-05
11718,3689,1246,2025-08-05
11719,3690,504,2025-01-16
11720,3690,1039,2025-08-18
11721,3690,1379,2025-01-06
11722,3691,84,2025-06-01
11723,3691,143,2025-08-18
11724,3691,313,2026-03-19
11725,3691,398,2025-11-24
11726,3691,616,2025-03-20
11727,3691,807,2026-01-23
11728,3692,1274,2025-08-04
11729,3693,643,2026-04-07
11730,3693,707,2026-04-17
11731,3693,750,2025-07-27
11732,3693,1002,2025-01-09
11733,3693,1120,2025-03-09
11734,3694,43,2025-04-11
11735,3694,81,2025-06-30
11736,3694,349,2026-02-14
11737,3694,407,2025-02-02
11738,3694,922,2025-07-07
11739,3694,1091,2025-09-16
11740,3694,1294,2025-07-06
11741,3694,1327,2025-01-14
11742,3695,776,2025-02-06
11743,3695,1500,2025-07-11
11744,3696,423,2025-04-12
11745,3696,643,2025-12-15
11746,3696,1346,2025-01-03
11747,3697,587,2025-02-04
11748,3697,1084,2025-08-14
11749,3698,12,2025-04-28
11750,3698,117,2025-12-14
11751,3698,293,2026-01-07
11752,3698,390,2025-11-22
11753,3698,1359,2025-02-16
11754,3699,107,2025-08-05
11755,3699,108,2025-09-12
11756,3699,672,2026-02-19
11757,3699,1136,2025-02-18
11758,3700,338,2025-06-11
11759,3700,490,2025-08-05
11760,3700,671,2025-01-28
11761,3700,1289,2025-06-27
11762,3701,146,2025-09-27
11763,3701,248,2025-08-14
11764,3701,359,2025-10-20
11765,3701,872,2025-02-01
11766,3701,1433,2025-07-11
11767,3702,192,2025-03-08
11768,3703,940,2025-04-02
11769,3703,1122,2025-05-11
11770,3703,1483,2025-06-04
11771,3704,357,2025-02-08
11772,3704,400,2025-04-18
11773,3704,583,2025-05-06
11774,3704,757,2025-10-30
11775,3704,857,2025-06-17
11776,3704,1093,2025-06-07
11777,3704,1165,2025-08-15
11778,3705,365,2025-10-18
11779,3705,1244,2025-05-16
11780,3706,937,2025-01-29
11781,3706,1361,2025-12-30
11782,3707,721,2025-07-12
11783,3707,1302,2025-05-16
11784,3708,138,2026-01-10
11785,3708,204,2026-01-17
11786,3708,249,2025-07-07
11787,3708,285,2025-04-20
11788,3708,1172,2025-02-19
11789,3708,1315,2025-12-15
11790,3708,1465,2026-02-20
11791,3709,13,2025-06-13
11792,3709,599,2025-12-22
11793,3709,952,2026-04-26
11794,3709,1234,2026-04-15
11795,3709,1434,2025-08-28
11796,3710,1243,2025-10-26
11797,3711,41,2025-01-28
11798,3711,289,2025-06-13
11799,3711,302,2026-01-06
11800,3711,408,2025-08-24
11801,3711,597,2025-03-05
11802,3711,757,2025-10-21
11803,3712,109,2026-04-23
11804,3712,504,2026-01-12
11805,3712,525,2025-02-10
11806,3712,1093,2026-01-24
11807,3712,1138,2025-11-26
11808,3712,1491,2026-04-23
11809,3713,56,2025-09-26
11810,3713,370,2025-11-23
11811,3713,714,2025-10-22
11812,3713,950,2025-09-30
11813,3713,1465,2025-07-23
11814,3714,1307,2025-08-11
11815,3714,1320,2026-01-16
11816,3714,1434,2026-04-25
11817,3714,1472,2025-06-03
11818,3715,299,2026-03-10
11819,3715,319,2026-01-03
11820,3715,698,2025-07-27
11821,3715,1351,2025-10-25
11822,3716,134,2025-04-20
11823,3716,207,2025-08-08
11824,3716,880,2025-06-19
11825,3716,1358,2025-07-18
11826,3717,343,2026-03-30
11827,3717,410,2025-03-05
11828,3717,1250,2025-10-11
11829,3718,66,2025-05-01
11830,3718,146,2025-04-10
11831,3718,318,2026-03-28
11832,3718,657,2025-06-15
11833,3718,1022,2026-01-01
11834,3718,1032,2025-11-07
11835,3719,111,2025-09-11
11836,3719,713,2025-05-16
11837,3719,907,2025-11-18
11838,3719,911,2025-12-10
11839,3719,1305,2025-10-14
11840,3720,517,2025-08-24
11841,3720,802,2025-07-22
11842,3720,923,2025-10-08
11843,3720,1178,2025-01-04
11844,3720,1265,2025-07-11
11845,3720,1308,2025-12-18
11846,3721,418,2025-08-28
11847,3722,282,2025-01-26
11848,3722,1200,2026-01-31
11849,3722,1325,2025-04-06
11850,3723,57,2025-05-05
11851,3723,922,2026-01-17
11852,3723,1258,2025-12-22
11853,3724,102,2025-09-02
11854,3724,295,2026-03-10
11855,3724,356,2025-08-31
11856,3724,548,2026-02-15
11857,3724,660,2026-01-10
11858,3724,674,2025-02-15
11859,3724,1133,2025-10-05
11860,3724,1175,2025-05-16
11861,3724,1336,2025-05-06
11862,3725,140,2026-03-15
11863,3725,753,2025-01-04
11864,3725,1295,2026-02-17
11865,3725,1480,2025-11-25
11866,3726,288,2025-02-21
11867,3726,352,2025-10-16
11868,3726,467,2025-04-06
11869,3726,671,2025-03-25
11870,3726,1004,2025-01-14
11871,3726,1091,2025-11-05
11872,3727,152,2025-07-04
11873,3727,218,2025-08-10
11874,3727,834,2025-09-08
11875,3727,1122,2025-05-04
11876,3727,1247,2025-04-22
11877,3727,1400,2025-04-08
11878,3727,1418,2026-03-12
11879,3728,122,2026-02-23
11880,3728,149,2025-03-15
11881,3728,189,2025-12-20
11882,3728,441,2025-12-28
11883,3728,866,2025-11-06
11884,3729,386,2025-12-24
11885,3729,517,2025-09-03
11886,3729,889,2025-04-19
11887,3729,1329,2026-02-07
11888,3729,1476,2025-12-16
11889,3730,23,2025-03-10
11890,3730,99,2025-04-18
11891,3730,541,2025-10-17
11892,3730,960,2026-03-17
11893,3730,1078,2025-07-27
11894,3730,1215,2025-05-29
11895,3731,77,2025-05-13
11896,3731,336,2025-01-21
11897,3731,1386,2025-04-06
11898,3732,37,2026-03-21
11899,3732,163,2025-10-15
11900,3732,593,2026-04-17
11901,3733,128,2025-03-10
11902,3733,362,2025-06-14
11903,3733,487,2025-05-03
11904,3733,1041,2026-01-26
11905,3733,1060,2025-03-25
11906,3733,1344,2026-02-22
11907,3733,1470,2025-07-22
11908,3734,452,2026-04-24
11909,3734,513,2026-02-16
11910,3734,608,2026-04-04
11911,3734,709,2025-08-24
11912,3734,840,2025-07-12
11913,3734,892,2025-11-13
11914,3735,13,2026-03-17
11915,3735,152,2025-10-31
11916,3735,374,2025-12-01
11917,3735,443,2025-04-06
11918,3735,1024,2025-05-13
11919,3735,1359,2025-03-26
11920,3736,901,2025-08-13
11921,3736,1060,2025-08-31
11922,3736,1336,2026-04-16
11923,3737,536,2025-05-02
11924,3737,609,2025-11-15
11925,3737,765,2026-04-23
11926,3737,1003,2025-12-30
11927,3738,151,2025-03-23
11928,3738,598,2025-04-25
11929,3738,672,2026-01-05
11930,3738,889,2025-10-01
11931,3738,1137,2026-03-21
11932,3738,1183,2025-06-23
11933,3739,517,2025-11-30
11934,3739,548,2025-03-14
11935,3739,921,2025-01-24
11936,3739,1144,2025-03-11
11937,3739,1354,2025-05-03
11938,3740,411,2025-12-18
11939,3740,833,2025-04-04
11940,3740,1118,2025-01-12
11941,3740,1474,2025-10-22
11942,3741,676,2025-02-18
11943,3741,993,2025-05-09
11944,3742,82,2025-12-19
11945,3742,576,2025-01-01
11946,3742,651,2025-02-03
11947,3743,69,2025-08-05
11948,3743,1189,2025-11-12
11949,3744,132,2025-04-07
11950,3744,390,2025-04-27
11951,3744,443,2026-01-25
11952,3744,583,2026-02-13
11953,3744,1114,2025-03-31
11954,3744,1379,2025-09-22
11955,3745,421,2025-05-23
11956,3745,678,2025-05-31
11957,3745,797,2025-03-12
11958,3746,184,2025-04-19
11959,3746,837,2025-06-02
11960,3746,857,2025-09-11
11961,3746,1144,2025-12-04
11962,3746,1242,2025-02-06
11963,3747,12,2025-11-06
11964,3747,140,2025-10-30
11965,3747,602,2025-09-26
11966,3747,809,2025-03-18
11967,3747,845,2026-04-01
11968,3747,954,2025-11-08
11969,3747,1097,2025-01-05
11970,3747,1326,2026-02-14
11971,3748,530,2025-12-11
11972,3748,1124,2025-09-05
11973,3748,1214,2025-06-19
11974,3749,96,2026-02-24
11975,3749,1183,2025-06-14
11976,3749,1322,2026-03-18
11977,3750,799,2025-02-13
11978,3750,807,2025-06-18
11979,3750,964,2026-03-08
11980,3750,970,2025-05-18
11981,3750,1319,2025-12-20
11982,3751,189,2025-06-25
11983,3751,191,2025-03-06
11984,3751,1039,2026-04-05
11985,3751,1478,2025-07-19
11986,3752,405,2025-01-30
11987,3753,140,2026-04-14
11988,3753,870,2026-04-20
11989,3753,1407,2025-08-15
11990,3754,85,2025-06-15
11991,3754,713,2025-08-12
11992,3754,775,2025-10-19
11993,3754,837,2025-12-20
11994,3754,994,2025-11-08
11995,3754,1012,2025-11-15
11996,3755,112,2025-02-05
11997,3755,307,2025-04-14
11998,3755,413,2025-10-10
11999,3755,528,2025-04-24
12000,3755,1109,2025-03-05
12001,3755,1214,2025-01-16
12002,3756,136,2025-01-02
12003,3756,435,2026-01-02
12004,3756,614,2026-03-03
12005,3756,680,2025-07-21
12006,3756,1194,2026-02-08
12007,3756,1281,2025-05-26
12008,3757,189,2025-05-06
12009,3757,542,2025-04-20
12010,3758,307,2025-12-11
12011,3758,363,2025-03-21
12012,3758,364,2025-04-05
12013,3758,407,2026-02-01
12014,3758,485,2026-01-24
12015,3758,964,2025-08-10
12016,3758,1164,2025-11-17
12017,3759,65,2026-01-07
12018,3759,253,2026-02-03
12019,3759,293,2025-03-19
12020,3759,390,2026-04-13
12021,3759,504,2025-03-07
12022,3759,644,2025-09-10
12023,3760,232,2025-08-19
12024,3760,273,2025-08-28
12025,3760,276,2025-08-28
12026,3760,514,2025-04-22
12027,3760,551,2025-04-15
12028,3760,978,2026-04-26
12029,3760,1082,2025-02-08
12030,3760,1201,2025-08-01
12031,3761,556,2026-03-30
12032,3761,569,2026-01-07
12033,3761,795,2025-09-17
12034,3761,1104,2025-12-25
12035,3761,1333,2025-01-18
12036,3761,1461,2025-07-23
12037,3762,419,2025-07-25
12038,3762,833,2026-04-21
12039,3762,1082,2025-06-02
12040,3762,1118,2026-01-09
12041,3762,1494,2025-09-02
12042,3763,100,2025-01-15
12043,3763,172,2026-04-19
12044,3763,378,2026-02-15
12045,3763,396,2025-08-15
12046,3764,71,2025-01-02
12047,3764,951,2025-04-17
12048,3764,978,2025-10-13
12049,3764,988,2025-07-05
12050,3764,995,2025-01-27
12051,3764,1222,2025-05-02
12052,3764,1332,2025-07-13
12053,3764,1442,2026-02-13
12054,3764,1452,2025-01-18
12055,3765,169,2025-06-21
12056,3765,255,2025-11-11
12057,3765,484,2025-06-10
12058,3765,637,2025-03-28
12059,3766,144,2025-11-16
12060,3766,400,2025-09-15
12061,3766,785,2026-02-12
12062,3766,1041,2025-06-05
12063,3767,175,2025-03-11
12064,3767,182,2025-11-19
12065,3767,756,2025-05-28
12066,3767,795,2025-02-13
12067,3767,927,2026-01-08
12068,3768,666,2026-02-26
12069,3768,984,2025-01-20
12070,3768,1130,2025-11-24
12071,3768,1197,2025-08-31
12072,3769,12,2026-02-10
12073,3769,387,2025-12-29
12074,3769,656,2025-06-02
12075,3769,1356,2026-01-08
12076,3770,283,2025-01-28
12077,3771,9,2025-03-09
12078,3772,47,2026-04-05
12079,3772,833,2025-09-11
12080,3772,889,2025-05-19
12081,3772,1300,2025-01-10
12082,3772,1498,2025-12-12
12083,3773,167,2025-11-28
12084,3773,1020,2026-03-21
12085,3773,1076,2025-08-11
12086,3773,1170,2025-08-31
12087,3774,414,2026-02-05
12088,3774,458,2026-01-24
12089,3774,698,2025-07-07
12090,3774,1140,2025-09-17
12091,3774,1322,2025-03-27
12092,3774,1387,2025-08-08
12093,3774,1434,2025-08-21
12094,3774,1467,2025-08-04
12095,3775,219,2025-03-12
12096,3775,443,2025-07-10
12097,3775,475,2025-10-19
12098,3775,525,2026-04-20
12099,3775,680,2025-01-02
12100,3775,767,2026-03-08
12101,3776,189,2026-04-20
12102,3776,388,2025-08-09
12103,3776,476,2026-03-02
12104,3776,904,2025-03-23
12105,3776,998,2025-01-08
12106,3776,1109,2026-03-08
12107,3777,176,2025-01-21
12108,3777,1293,2025-05-06
12109,3777,1369,2025-12-28
12110,3778,576,2025-07-27
12111,3778,877,2025-04-08
12112,3778,1385,2026-02-17
12113,3778,1402,2025-09-18
12114,3778,1429,2025-12-06
12115,3779,767,2025-07-02
12116,3779,1332,2025-11-21
12117,3779,1350,2026-03-10
12118,3779,1426,2026-02-11
12119,3780,123,2026-02-19
12120,3780,200,2026-04-29
12121,3780,330,2025-07-26
12122,3780,410,2026-03-29
12123,3780,515,2026-02-12
12124,3780,1006,2025-05-15
12125,3780,1312,2026-04-30
12126,3781,169,2025-07-30
12127,3781,407,2026-01-09
12128,3781,434,2025-02-06
12129,3781,1118,2025-05-25
12130,3781,1201,2025-10-21
12131,3782,13,2025-08-18
12132,3782,495,2025-05-17
12133,3782,1359,2025-06-11
12134,3782,1429,2025-11-01
12135,3783,86,2025-09-06
12136,3783,250,2025-11-27
12137,3783,318,2025-10-28
12138,3783,539,2025-04-17
12139,3783,671,2025-02-23
12140,3783,1166,2025-09-25
12141,3784,643,2026-04-19
12142,3784,753,2025-04-22
12143,3784,769,2025-10-28
12144,3784,938,2025-12-24
12145,3784,1455,2026-01-30
12146,3785,109,2025-10-20
12147,3785,187,2025-12-14
12148,3785,385,2025-09-06
12149,3785,525,2026-01-19
12150,3785,712,2025-10-22
12151,3785,796,2026-03-06
12152,3785,1252,2025-10-05
12153,3786,93,2025-12-29
12154,3786,236,2025-05-23
12155,3786,362,2026-03-08
12156,3786,892,2025-11-03
12157,3786,969,2026-02-09
12158,3787,107,2025-02-09
12159,3787,473,2025-05-12
12160,3787,521,2025-11-03
12161,3787,943,2026-04-13
12162,3787,1062,2025-12-28
12163,3787,1118,2025-09-17
12164,3788,410,2025-08-07
12165,3788,787,2025-01-18
12166,3788,1012,2025-10-29
12167,3788,1333,2026-01-14
12168,3788,1397,2025-11-14
12169,3788,1447,2026-04-01
12170,3789,93,2025-06-11
12171,3789,922,2026-02-21
12172,3789,1003,2025-06-10
12173,3789,1294,2025-01-08
12174,3790,85,2026-03-20
12175,3790,203,2025-05-25
12176,3790,702,2025-11-02
12177,3790,922,2025-12-26
12178,3790,1169,2026-02-14
12179,3790,1327,2025-12-05
12180,3790,1440,2025-04-17
12181,3791,463,2025-03-15
12182,3791,940,2026-02-26
12183,3791,1082,2025-08-02
12184,3792,23,2026-02-01
12185,3792,230,2026-03-23
12186,3792,660,2025-08-12
12187,3792,960,2025-06-01
12188,3792,1235,2025-04-21
12189,3793,82,2025-03-07
12190,3793,697,2025-03-09
12191,3794,113,2026-01-17
12192,3794,258,2025-04-24
12193,3794,288,2025-10-30
12194,3794,409,2025-05-12
12195,3794,922,2026-04-03
12196,3794,1107,2025-07-15
12197,3794,1294,2025-02-21
12198,3795,660,2025-03-08
12199,3795,960,2025-02-21
12200,3795,963,2025-03-22
12201,3795,982,2026-01-03
12202,3795,1398,2025-10-08
12203,3795,1489,2025-10-27
12204,3795,1498,2025-12-27
12205,3796,449,2026-04-24
12206,3796,607,2026-03-27
12207,3796,905,2025-10-01
12208,3796,1114,2026-02-17
12209,3797,719,2025-11-30
12210,3797,1109,2025-02-08
12211,3797,1327,2025-12-05
12212,3797,1341,2026-03-20
12213,3797,1487,2026-04-12
12214,3797,1492,2025-02-23
12215,3798,234,2025-06-18
12216,3798,571,2025-11-12
12217,3798,1122,2025-05-28
12218,3798,1247,2025-10-15
12219,3798,1333,2026-04-23
12220,3799,232,2025-06-23
12221,3799,313,2025-04-27
12222,3799,530,2025-05-09
12223,3799,992,2025-01-09
12224,3799,1031,2025-01-03
12225,3799,1109,2025-12-25
12226,3799,1366,2025-02-07
12227,3800,239,2025-04-04
12228,3800,708,2025-12-17
12229,3800,938,2025-08-19
12230,3800,1315,2025-08-12
12231,3801,553,2026-01-15
12232,3801,558,2025-12-24
12233,3801,769,2026-04-16
12234,3801,918,2026-03-25
12235,3801,1121,2025-03-25
12236,3801,1132,2025-03-12
12237,3802,181,2026-04-11
12238,3802,270,2025-04-09
12239,3802,1326,2026-02-23
12240,3803,376,2025-10-30
12241,3803,814,2025-09-29
12242,3803,1123,2025-12-27
12243,3803,1378,2026-04-14
12244,3804,405,2025-06-05
12245,3804,1200,2026-04-26
12246,3804,1385,2025-09-12
12247,3805,821,2025-06-03
12248,3806,2,2025-03-30
12249,3806,49,2026-02-28
12250,3806,1087,2026-04-01
12251,3807,44,2026-04-21
12252,3807,695,2025-11-23
12253,3807,826,2025-03-24
12254,3807,983,2025-06-24
12255,3807,1139,2025-07-23
12256,3807,1178,2026-01-02
12257,3808,260,2025-08-25
12258,3808,320,2026-01-18
12259,3808,519,2025-09-16
12260,3808,768,2025-12-23
12261,3808,936,2025-09-09
12262,3808,952,2025-02-02
12263,3808,1359,2026-03-10
12264,3808,1393,2025-09-20
12265,3809,210,2026-02-01
12266,3809,743,2025-09-14
12267,3809,923,2025-09-27
12268,3809,1078,2025-03-14
12269,3809,1108,2026-04-11
12270,3809,1201,2025-03-07
12271,3810,105,2025-04-15
12272,3810,149,2025-08-19
12273,3810,738,2025-09-27
12274,3810,774,2025-11-26
12275,3810,1332,2025-10-07
12276,3810,1374,2025-11-29
12277,3810,1397,2025-09-05
12278,3810,1487,2025-01-30
12279,3811,146,2025-06-18
12280,3811,149,2025-12-03
12281,3811,1107,2025-10-07
12282,3811,1219,2026-03-11
12283,3811,1386,2025-05-29
12284,3812,25,2025-02-04
12285,3812,693,2025-07-18
12286,3812,702,2025-09-25
12287,3812,922,2025-01-26
12288,3813,109,2025-07-16
12289,3813,357,2025-12-24
12290,3813,390,2025-02-09
12291,3813,675,2026-01-10
12292,3813,1190,2025-04-13
12293,3813,1493,2025-12-24
12294,3814,119,2026-01-06
12295,3814,549,2025-05-11
12296,3814,557,2025-10-22
12297,3814,588,2025-11-25
12298,3814,845,2025-07-09
12299,3814,884,2025-07-25
12300,3814,1153,2025-06-06
12301,3815,281,2025-08-28
12302,3815,647,2026-01-18
12303,3815,652,2025-10-22
12304,3815,1091,2025-11-03
12305,3816,27,2025-10-02
12306,3816,189,2026-03-22
12307,3816,240,2025-05-19
12308,3816,327,2025-07-20
12309,3816,1032,2025-01-13
12310,3816,1156,2026-01-21
12311,3816,1339,2025-12-14
12312,3817,750,2025-06-16
12313,3817,876,2025-09-21
12314,3817,987,2025-08-08
12315,3818,137,2025-12-18
12316,3818,175,2025-08-16
12317,3818,396,2025-11-16
12318,3818,896,2025-05-18
12319,3819,392,2025-10-18
12320,3819,490,2026-02-01
12321,3819,620,2026-02-12
12322,3819,732,2025-07-18
12323,3820,983,2025-04-09
12324,3820,1250,2026-03-29
12325,3820,1455,2025-12-14
12326,3821,19,2025-10-05
12327,3821,38,2025-05-04
12328,3821,90,2025-01-02
12329,3821,123,2026-03-15
12330,3821,281,2025-11-14
12331,3821,1018,2026-03-16
12332,3821,1416,2026-04-16
12333,3822,45,2025-08-16
12334,3822,132,2025-03-20
12335,3822,517,2025-04-14
12336,3822,680,2025-07-22
12337,3822,705,2026-02-16
12338,3822,1001,2025-03-03
12339,3823,867,2025-01-26
12340,3823,970,2026-03-06
12341,3823,1303,2025-10-06
12342,3824,153,2025-01-31
12343,3824,175,2025-10-21
12344,3824,220,2026-03-27
12345,3824,442,2025-03-14
12346,3824,895,2025-08-02
12347,3824,915,2025-02-12
12348,3824,1017,2025-07-16
12349,3824,1397,2025-07-25
12350,3825,696,2025-03-09
12351,3825,697,2025-01-04
12352,3825,1274,2025-02-20
12353,3825,1367,2025-08-03
12354,3825,1407,2025-06-15
12355,3826,149,2025-07-02
12356,3826,836,2026-04-07
12357,3826,1226,2025-06-13
12358,3826,1487,2026-01-11
12359,3827,34,2025-08-19
12360,3827,94,2025-12-17
12361,3827,132,2025-09-17
12362,3827,327,2025-07-28
12363,3827,582,2025-05-23
12364,3827,1154,2025-06-19
12365,3827,1196,2025-09-13
12366,3828,459,2025-12-07
12367,3828,523,2026-04-20
12368,3828,564,2025-09-25
12369,3828,1063,2026-04-30
12370,3828,1120,2025-07-24
12371,3829,113,2025-06-15
12372,3829,156,2025-06-17
12373,3829,230,2026-01-20
12374,3829,399,2026-01-24
12375,3829,660,2025-07-03
12376,3829,1073,2026-03-31
12377,3829,1364,2025-09-10
12378,3830,807,2025-06-30
12379,3831,175,2025-02-21
12380,3831,491,2025-03-30
12381,3831,634,2025-05-11
12382,3831,752,2025-08-29
12383,3831,939,2025-08-09
12384,3831,1112,2025-05-21
12385,3832,161,2025-01-03
12386,3832,397,2025-01-04
12387,3832,538,2025-01-27
12388,3832,1156,2025-07-17
12389,3832,1282,2025-09-26
12390,3832,1357,2025-08-17
12391,3833,709,2025-06-22
12392,3833,894,2025-09-24
12393,3833,1244,2026-02-07
12394,3833,1268,2026-02-19
12395,3833,1464,2025-08-01
12396,3834,417,2026-02-18
12397,3834,617,2025-09-29
12398,3834,928,2026-03-15
12399,3834,1288,2025-03-09
12400,3834,1312,2025-05-30
12401,3835,729,2025-12-16
12402,3835,919,2025-01-30
12403,3835,1040,2025-07-02
12404,3835,1095,2025-02-06
12405,3836,63,2025-08-01
12406,3836,96,2025-07-15
12407,3836,525,2025-06-30
12408,3836,583,2025-05-11
12409,3836,586,2025-06-16
12410,3836,976,2025-02-24
12411,3837,180,2025-03-20
12412,3837,383,2025-03-31
12413,3837,761,2026-04-02
12414,3837,971,2025-05-12
12415,3837,1028,2026-03-18
12416,3838,178,2025-06-04
12417,3838,696,2025-05-14
12418,3838,711,2025-02-05
12419,3838,906,2026-01-30
12420,3838,1402,2025-09-20
12421,3838,1500,2025-10-29
12422,3839,273,2025-11-10
12423,3839,535,2025-08-30
12424,3839,631,2026-04-23
12425,3839,728,2025-06-01
12426,3839,884,2025-01-03
12427,3839,1175,2025-03-15
12428,3840,332,2026-02-15
12429,3840,514,2026-03-11
12430,3840,809,2026-03-03
12431,3841,90,2025-04-14
12432,3841,445,2025-04-14
12433,3841,1322,2025-09-28
12434,3842,981,2025-07-28
12435,3843,180,2026-04-13
12436,3843,432,2025-10-01
12437,3843,473,2025-08-07
12438,3843,486,2025-01-09
12439,3843,973,2025-09-20
12440,3843,1049,2026-02-02
12441,3843,1159,2025-04-30
12442,3844,223,2026-03-05
12443,3844,421,2025-06-12
12444,3844,985,2026-02-25
12445,3845,342,2025-08-29
12446,3845,469,2026-03-21
12447,3845,1048,2025-01-22
12448,3845,1126,2026-01-09
12449,3846,312,2025-02-02
12450,3846,719,2025-08-20
12451,3846,770,2025-01-11
12452,3846,1341,2025-05-06
12453,3846,1473,2025-07-29
12454,3847,370,2025-04-10
12455,3847,832,2025-01-24
12456,3847,941,2026-03-28
12457,3847,1112,2025-11-15
12458,3847,1487,2025-06-02
12459,3848,453,2026-02-19
12460,3848,992,2026-04-25
12461,3848,1353,2025-05-18
12462,3849,196,2025-03-20
12463,3849,707,2026-04-15
12464,3849,1008,2025-04-19
12465,3849,1071,2025-09-20
12466,3849,1288,2025-11-26
12467,3849,1430,2025-07-30
12468,3850,81,2025-02-01
12469,3850,249,2025-03-30
12470,3850,955,2025-01-24
12471,3850,1126,2026-02-13
12472,3851,572,2025-12-22
12473,3851,671,2025-06-20
12474,3851,960,2026-01-10
12475,3852,13,2025-01-25
12476,3852,363,2025-10-04
12477,3852,410,2025-11-10
12478,3852,449,2026-01-12
12479,3852,945,2025-10-01
12480,3852,946,2025-04-25
12481,3852,1436,2025-01-16
12482,3852,1481,2025-11-08
12483,3853,109,2026-02-02
12484,3853,963,2026-03-23
12485,3853,1086,2025-05-23
12486,3853,1291,2026-01-18
12487,3854,6,2025-02-05
12488,3854,159,2025-04-19
12489,3854,255,2025-05-18
12490,3854,322,2025-12-09
12491,3854,426,2025-10-24
12492,3854,807,2025-01-07
12493,3854,1250,2025-10-26
12494,3855,54,2026-01-30
12495,3855,122,2025-08-10
12496,3855,441,2025-11-23
12497,3855,684,2025-02-03
12498,3855,1258,2026-02-26
12499,3856,137,2025-11-07
12500,3856,406,2025-09-01
12501,3856,462,2025-11-02
12502,3856,832,2025-09-06
12503,3856,955,2026-03-21
12504,3856,1261,2026-03-09
12505,3856,1391,2026-04-16
12506,3857,388,2026-02-25
12507,3857,397,2026-04-04
12508,3857,425,2025-10-22
12509,3857,445,2026-03-26
12510,3857,495,2025-09-07
12511,3857,783,2025-03-11
12512,3858,195,2026-03-07
12513,3858,227,2025-05-20
12514,3858,432,2025-06-22
12515,3858,610,2025-03-20
12516,3858,1156,2025-10-12
12517,3858,1361,2025-05-18
12518,3859,81,2025-02-26
12519,3859,149,2025-04-18
12520,3859,239,2025-07-05
12521,3859,981,2025-07-19
12522,3859,1271,2025-11-09
12523,3859,1475,2025-05-19
12524,3860,178,2025-09-27
12525,3860,383,2025-01-07
12526,3860,664,2025-06-02
12527,3860,1013,2025-06-12
12528,3860,1313,2026-04-14
12529,3860,1325,2025-01-22
12530,3860,1423,2025-08-26
12531,3861,349,2025-04-15
12532,3861,966,2025-07-01
12533,3861,1106,2026-01-21
12534,3862,37,2026-01-30
12535,3862,122,2025-07-13
12536,3862,247,2026-01-20
12537,3862,378,2025-12-20
12538,3862,671,2025-09-09
12539,3862,883,2025-06-03
12540,3862,1004,2025-09-18
12541,3863,91,2025-01-08
12542,3863,604,2025-10-21
12543,3863,1495,2025-06-14
12544,3864,680,2025-09-13
12545,3864,1144,2025-11-24
12546,3864,1171,2025-11-24
12547,3865,308,2025-04-25
12548,3865,547,2025-10-21
12549,3865,620,2025-05-09
12550,3865,679,2025-12-13
12551,3866,144,2025-01-10
12552,3866,381,2026-03-31
12553,3866,1428,2025-06-22
12554,3866,1472,2025-10-27
12555,3867,51,2026-03-01
12556,3867,743,2025-11-18
12557,3868,394,2026-01-25
12558,3868,982,2025-10-08
12559,3868,1167,2025-01-24
12560,3868,1424,2025-03-13
12561,3868,1447,2025-12-03
12562,3869,13,2025-08-10
12563,3869,280,2025-01-01
12564,3869,371,2025-03-28
12565,3869,1234,2026-01-03
12566,3870,1319,2025-11-12
12567,3871,9,2025-05-09
12568,3871,227,2025-05-19
12569,3871,331,2025-03-17
12570,3872,169,2025-11-30
12571,3872,264,2026-03-23
12572,3872,273,2026-02-19
12573,3872,1053,2026-03-15
12574,3872,1118,2025-01-23
12575,3872,1498,2026-02-15
12576,3873,398,2025-04-30
12577,3873,490,2025-02-16
12578,3873,787,2025-07-01
12579,3873,842,2026-04-12
12580,3873,870,2025-09-29
12581,3873,922,2025-11-04
12582,3873,1228,2026-01-26
12583,3874,782,2025-03-13
12584,3874,1336,2025-06-20
12585,3875,438,2025-09-24
12586,3875,732,2025-05-24
12587,3875,1018,2025-11-09
12588,3875,1041,2026-03-07
12589,3875,1492,2026-03-22
12590,3876,650,2025-01-09
12591,3876,1129,2025-08-28
12592,3876,1210,2025-04-08
12593,3876,1385,2026-03-09
12594,3877,97,2025-06-09
12595,3877,204,2025-03-20
12596,3877,246,2025-01-21
12597,3877,617,2025-04-27
12598,3877,627,2025-02-19
12599,3877,1374,2025-10-16
12600,3878,213,2026-01-16
12601,3878,621,2025-08-14
12602,3878,671,2025-12-07
12603,3878,1000,2025-08-24
12604,3878,1049,2025-08-30
12605,3878,1397,2025-05-27
12606,3879,72,2025-09-30
12607,3879,664,2025-08-12
12608,3879,1135,2025-08-24
12609,3879,1148,2025-07-05
12610,3879,1460,2025-11-09
12611,3880,3,2025-07-07
12612,3880,490,2026-05-01
12613,3880,702,2025-02-28
12614,3880,819,2025-12-03
12615,3880,879,2025-06-08
12616,3880,916,2025-02-04
12617,3881,246,2025-09-20
12618,3881,734,2026-04-06
12619,3881,735,2025-08-06
12620,3881,1267,2026-01-13
12621,3881,1498,2025-05-17
12622,3882,387,2026-04-11
12623,3882,805,2025-12-18
12624,3882,979,2025-09-25
12625,3883,40,2026-01-05
12626,3883,136,2025-03-23
12627,3883,680,2025-04-14
12628,3883,695,2025-01-02
12629,3883,707,2025-09-14
12630,3883,754,2025-09-25
12631,3883,949,2026-01-22
12632,3883,1066,2026-01-06
12633,3884,107,2025-03-08
12634,3884,212,2026-03-06
12635,3884,228,2025-11-07
12636,3884,307,2025-06-13
12637,3884,426,2026-02-07
12638,3884,636,2025-11-25
12639,3884,807,2025-09-24
12640,3885,23,2026-03-24
12641,3885,336,2025-07-22
12642,3885,807,2025-12-23
12643,3885,960,2025-09-21
12644,3885,1058,2026-02-17
12645,3885,1162,2026-04-26
12646,3886,128,2025-05-22
12647,3886,379,2025-02-24
12648,3886,1012,2025-10-20
12649,3886,1361,2025-08-04
12650,3887,837,2025-03-23
12651,3887,1007,2025-05-06
12652,3887,1283,2025-11-28
12653,3887,1407,2026-01-28
12654,3888,919,2025-04-23
12655,3888,965,2025-03-28
12656,3888,1227,2026-04-02
12657,3889,621,2025-08-08
12658,3889,1137,2025-01-16
12659,3889,1175,2026-01-13
12660,3889,1232,2025-11-26
12661,3889,1471,2025-07-04
12662,3890,684,2026-01-05
12663,3890,915,2025-10-08
12664,3891,568,2025-07-12
12665,3891,643,2026-01-02
12666,3891,1011,2025-11-15
12667,3892,481,2026-01-23
12668,3892,818,2025-05-24
12669,3892,1262,2025-03-26
12670,3893,513,2025-08-24
12671,3893,783,2025-08-04
12672,3893,1130,2026-03-06
12673,3893,1348,2025-09-04
12674,3894,109,2025-05-30
12675,3894,287,2026-04-21
12676,3894,1173,2025-09-22
12677,3894,1382,2025-04-18
12678,3894,1429,2025-02-20
12679,3894,1494,2026-03-11
12680,3895,987,2025-08-16
12681,3896,118,2025-04-09
12682,3896,342,2025-12-25
12683,3896,414,2025-01-02
12684,3896,675,2025-07-16
12685,3896,726,2025-07-26
12686,3896,1172,2025-04-04
12687,3896,1234,2026-03-08
12688,3896,1260,2025-10-30
12689,3897,52,2025-04-20
12690,3897,345,2025-12-03
12691,3897,575,2025-11-25
12692,3897,1283,2026-04-14
12693,3898,901,2025-12-15
12694,3898,1217,2025-02-14
12695,3898,1248,2025-07-10
12696,3898,1295,2025-02-17
12697,3898,1307,2026-02-20
12698,3899,241,2025-09-29
12699,3899,253,2026-04-18
12700,3899,1087,2026-04-03
12701,3899,1157,2026-02-13
12702,3899,1191,2026-01-27
12703,3899,1481,2025-02-16
12704,3900,167,2025-08-28
12705,3900,388,2025-10-04
12706,3901,219,2025-09-14
12707,3901,769,2025-03-18
12708,3901,1368,2025-05-31
12709,3901,1410,2026-02-03
12710,3902,307,2025-03-17
12711,3902,337,2026-03-30
12712,3902,409,2025-07-15
12713,3902,636,2026-02-26
12714,3902,771,2025-07-05
12715,3902,1115,2026-02-25
12716,3902,1128,2025-06-24
12717,3902,1316,2025-10-16
12718,3903,213,2025-06-09
12719,3903,264,2025-08-01
12720,3903,286,2025-11-15
12721,3903,1199,2025-10-08
12722,3904,353,2025-10-31
12723,3904,396,2026-03-05
12724,3904,666,2025-01-12
12725,3904,1012,2026-04-23
12726,3905,120,2025-08-04
12727,3905,1027,2026-04-21
12728,3905,1271,2025-03-20
12729,3905,1281,2025-05-01
12730,3906,85,2025-03-10
12731,3906,175,2025-08-24
12732,3906,883,2026-01-07
12733,3906,1041,2025-03-15
12734,3906,1292,2025-04-23
12735,3906,1321,2025-12-01
12736,3907,246,2025-08-31
12737,3907,297,2025-03-02
12738,3907,324,2025-08-19
12739,3907,535,2025-11-16
12740,3907,548,2025-09-15
12741,3907,637,2026-04-30
12742,3907,964,2025-10-24
12743,3907,1401,2025-01-14
12744,3908,196,2025-03-19
12745,3908,620,2026-03-29
12746,3909,111,2025-03-29
12747,3909,247,2025-04-27
12748,3909,308,2025-08-30
12749,3909,573,2025-12-14
12750,3909,783,2026-02-28
12751,3909,862,2025-10-21
12752,3909,1107,2025-01-29
12753,3910,319,2025-01-19
12754,3910,741,2025-12-29
12755,3910,787,2026-02-21
12756,3910,1158,2026-02-12
12757,3910,1443,2026-01-26
12758,3911,439,2025-08-08
12759,3911,1276,2025-06-11
12760,3912,405,2026-02-26
12761,3912,791,2025-05-20
12762,3912,877,2026-03-23
12763,3912,922,2026-02-14
12764,3912,935,2026-01-01
12765,3912,1080,2025-10-05
12766,3912,1472,2025-11-18
12767,3913,336,2025-11-23
12768,3913,548,2025-08-18
12769,3913,607,2025-01-29
12770,3913,1178,2025-12-10
12771,3914,635,2026-03-31
12772,3914,1150,2025-10-10
12773,3914,1222,2025-05-24
12774,3914,1307,2026-02-19
12775,3914,1331,2025-08-27
12776,3915,441,2025-08-17
12777,3915,1011,2025-10-25
12778,3915,1237,2025-06-15
12779,3915,1424,2025-12-27
12780,3916,74,2025-05-13
12781,3916,174,2025-02-06
12782,3916,365,2025-11-18
12783,3916,613,2026-02-10
12784,3916,1066,2025-08-16
12785,3916,1266,2025-08-04
12786,3916,1461,2025-09-12
12787,3917,13,2025-06-10
12788,3917,583,2025-06-10
12789,3917,796,2025-04-14
12790,3917,1234,2025-10-31
12791,3917,1332,2025-09-26
12792,3918,256,2025-02-09
12793,3918,278,2026-02-24
12794,3918,529,2026-03-26
12795,3918,700,2026-03-19
12796,3918,880,2025-10-06
12797,3918,1062,2025-10-04
12798,3918,1407,2025-11-16
12799,3919,175,2025-12-17
12800,3919,186,2025-01-21
12801,3919,783,2026-03-08
12802,3919,832,2025-08-20
12803,3919,1255,2026-01-19
12804,3919,1317,2025-04-18
12805,3920,26,2025-08-25
12806,3921,236,2025-09-21
12807,3921,613,2025-02-03
12808,3921,894,2025-06-30
12809,3921,1121,2025-10-26
12810,3922,508,2025-02-03
12811,3922,591,2025-06-14
12812,3922,881,2025-09-10
12813,3922,889,2025-11-05
12814,3922,1286,2025-01-30
12815,3923,109,2025-10-13
12816,3923,132,2025-10-25
12817,3923,815,2025-06-04
12818,3923,1093,2025-07-09
12819,3923,1247,2025-09-19
12820,3923,1280,2025-11-08
12821,3924,880,2026-01-26
12822,3924,939,2025-12-31
12823,3925,961,2025-11-18
12824,3925,1176,2025-07-19
12825,3926,509,2025-03-27
12826,3926,1250,2025-07-27
12827,3926,1251,2026-02-28
12828,3926,1498,2025-10-09
12829,3927,138,2025-04-18
12830,3927,305,2025-09-16
12831,3927,420,2025-05-15
12832,3927,1103,2025-10-09
12833,3927,1252,2025-09-20
12834,3927,1327,2025-08-15
12835,3928,101,2025-07-30
12836,3928,313,2025-04-16
12837,3928,833,2025-09-26
12838,3928,1074,2025-01-12
12839,3928,1198,2026-03-17
12840,3928,1498,2025-03-21
12841,3929,279,2025-01-09
12842,3929,302,2025-12-17
12843,3929,602,2025-09-03
12844,3929,963,2025-07-24
12845,3930,288,2025-02-10
12846,3931,86,2025-03-19
12847,3931,232,2025-05-02
12848,3931,473,2025-10-31
12849,3931,512,2025-07-24
12850,3931,597,2025-12-15
12851,3931,772,2025-02-25
12852,3931,1134,2025-04-03
12853,3931,1498,2025-02-28
12854,3932,413,2026-04-25
12855,3932,706,2025-11-20
12856,3932,970,2026-02-07
12857,3932,1215,2025-12-08
12858,3933,137,2025-11-05
12859,3933,905,2025-01-15
12860,3933,1429,2025-11-20
12861,3934,184,2026-03-12
12862,3935,74,2025-06-20
12863,3935,200,2026-01-13
12864,3935,1052,2025-02-15
12865,3935,1391,2025-10-08
12866,3936,1067,2026-03-26
12867,3936,1089,2026-02-18
12868,3936,1407,2025-10-07
12869,3937,2,2025-02-21
12870,3937,119,2025-03-21
12871,3937,390,2026-04-21
12872,3937,549,2025-10-18
12873,3937,1356,2025-11-28
12874,3938,923,2026-02-09
12875,3938,1214,2025-10-04
12876,3938,1420,2025-09-25
12877,3939,748,2025-11-26
12878,3939,796,2025-07-18
12879,3939,854,2026-03-10
12880,3940,84,2025-12-02
12881,3940,521,2026-02-06
12882,3940,535,2026-01-26
12883,3940,809,2025-02-20
12884,3941,15,2025-09-19
12885,3941,229,2026-01-28
12886,3941,671,2025-03-10
12887,3941,955,2026-02-22
12888,3941,1312,2026-02-18
12889,3941,1337,2025-01-14
12890,3942,109,2025-11-29
12891,3942,522,2026-02-28
12892,3942,1039,2025-09-08
12893,3942,1295,2025-01-04
12894,3943,281,2026-04-14
12895,3943,408,2025-07-25
12896,3943,614,2025-07-18
12897,3943,845,2026-01-02
12898,3943,1171,2026-01-25
12899,3943,1331,2026-03-12
12900,3944,16,2025-11-02
12901,3944,81,2025-01-19
12902,3944,92,2026-03-24
12903,3944,1018,2025-03-02
12904,3944,1041,2025-01-25
12905,3945,242,2025-08-21
12906,3945,585,2025-10-28
12907,3945,825,2025-03-09
12908,3946,140,2025-04-23
12909,3946,385,2025-09-04
12910,3946,637,2026-02-04
12911,3946,796,2025-03-17
12912,3946,807,2025-10-29
12913,3946,859,2025-10-12
12914,3946,918,2025-03-15
12915,3946,1493,2025-07-18
12916,3947,1476,2025-10-11
12917,3948,615,2025-11-07
12918,3948,952,2026-04-03
12919,3948,1081,2025-04-29
12920,3949,62,2025-04-25
12921,3949,141,2025-05-21
12922,3949,754,2026-04-09
12923,3949,1006,2025-12-28
12924,3949,1130,2025-09-19
12925,3950,429,2025-12-06
12926,3950,579,2026-04-22
12927,3950,670,2026-03-11
12928,3950,1024,2025-08-12
12929,3950,1080,2025-12-05
12930,3950,1310,2025-06-05
12931,3950,1359,2025-11-08
12932,3951,998,2026-04-07
12933,3951,1255,2025-08-21
12934,3951,1367,2026-04-17
12935,3951,1443,2025-01-24
12936,3952,410,2025-05-05
12937,3952,575,2026-01-01
12938,3952,599,2025-06-11
12939,3952,965,2025-01-23
12940,3952,1017,2025-08-04
12941,3952,1382,2025-09-09
12942,3953,89,2025-06-17
12943,3953,207,2025-08-24
12944,3953,577,2025-09-19
12945,3953,833,2025-11-11
12946,3953,919,2025-07-31
12947,3953,1402,2026-03-18
12948,3953,1451,2025-09-23
12949,3954,23,2026-02-05
12950,3954,47,2026-01-09
12951,3954,107,2026-03-19
12952,3954,266,2025-04-26
12953,3954,1068,2025-04-08
12954,3954,1088,2025-06-23
12955,3954,1323,2025-07-01
12956,3954,1498,2025-12-20
12957,3955,198,2025-08-17
12958,3955,877,2025-01-07
12959,3955,1148,2026-02-14
12960,3955,1245,2025-09-07
12961,3955,1313,2025-08-15
12962,3956,156,2025-05-01
12963,3956,529,2026-01-14
12964,3956,807,2025-02-21
12965,3956,1062,2026-01-28
12966,3956,1188,2025-03-29
12967,3956,1215,2026-03-07
12968,3957,351,2026-02-17
12969,3957,525,2025-12-03
12970,3957,614,2026-04-06
12971,3957,753,2026-03-27
12972,3957,767,2025-04-22
12973,3958,1288,2025-02-21
12974,3959,105,2025-06-15
12975,3959,346,2025-06-18
12976,3959,567,2025-06-24
12977,3959,1225,2025-11-20
12978,3959,1378,2025-01-22
12979,3960,340,2025-12-15
12980,3960,1080,2026-03-09
12981,3960,1369,2026-01-29
12982,3960,1396,2025-06-12
12983,3960,1497,2025-08-14
12984,3961,168,2025-12-13
12985,3961,485,2026-04-09
12986,3962,60,2025-01-17
12987,3962,555,2025-07-03
12988,3962,844,2025-03-07
12989,3962,1018,2025-11-26
12990,3962,1327,2025-02-17
12991,3962,1360,2025-09-26
12992,3962,1430,2025-09-02
12993,3962,1432,2025-11-13
12994,3963,182,2025-11-05
12995,3963,234,2025-12-12
12996,3963,679,2026-03-26
12997,3963,850,2026-01-14
12998,3963,982,2025-04-24
12999,3963,1055,2025-09-22
13000,3963,1378,2025-05-21
13001,3964,555,2025-12-30
13002,3964,1090,2026-02-25
13003,3964,1108,2025-05-24
13004,3965,221,2025-05-15
13005,3965,609,2025-01-23
13006,3965,1083,2025-06-09
13007,3966,23,2025-07-08
13008,3966,81,2025-09-18
13009,3966,255,2025-10-03
13010,3966,382,2025-04-18
13011,3966,809,2025-02-23
13012,3966,1450,2025-02-09
13013,3967,19,2025-06-09
13014,3967,37,2025-02-02
13015,3967,560,2025-06-07
13016,3967,1012,2026-03-31
13017,3968,213,2025-09-05
13018,3968,832,2025-01-27
13019,3968,955,2025-11-30
13020,3968,1312,2026-04-16
13021,3969,1396,2025-12-26
13022,3969,1460,2025-02-22
13023,3969,1491,2026-01-21
13024,3970,1228,2025-03-20
13025,3970,1434,2026-04-25
13026,3971,369,2025-04-27
13027,3971,769,2025-11-28
13028,3971,909,2026-02-11
13029,3972,318,2025-06-15
13030,3972,510,2026-03-12
13031,3972,1049,2025-01-26
13032,3973,48,2025-04-12
13033,3973,146,2025-07-25
13034,3973,468,2025-10-02
13035,3973,843,2025-08-16
13036,3973,1041,2025-02-28
13037,3973,1145,2025-06-16
13038,3973,1169,2025-11-18
13039,3974,754,2026-01-20
13040,3974,1015,2025-07-21
13041,3975,146,2026-02-24
13042,3975,318,2026-04-24
13043,3975,468,2026-02-02
13044,3975,830,2025-10-01
13045,3976,274,2025-11-05
13046,3976,657,2025-02-08
13047,3976,788,2026-01-16
13048,3976,922,2025-01-20
13049,3976,1077,2025-10-26
13050,3977,512,2025-11-24
13051,3977,515,2025-08-13
13052,3977,785,2026-03-26
13053,3977,817,2026-03-23
13054,3977,855,2025-08-19
13055,3977,1069,2025-11-13
13056,3977,1165,2025-08-17
13057,3977,1461,2025-10-03
13058,3978,311,2025-01-28
13059,3978,372,2026-03-24
13060,3978,568,2026-03-28
13061,3978,1099,2025-03-14
13062,3978,1382,2025-04-29
13063,3979,247,2025-11-24
13064,3979,472,2025-06-04
13065,3979,1228,2026-02-16
13066,3979,1256,2026-02-03
13067,3980,89,2025-11-18
13068,3980,670,2025-05-17
13069,3980,1020,2025-07-02
13070,3980,1447,2025-08-07
13071,3980,1497,2025-09-20
13072,3981,98,2025-05-30
13073,3981,129,2025-05-15
13074,3981,247,2025-07-30
13075,3981,455,2025-08-31
13076,3981,534,2025-10-22
13077,3981,830,2026-02-19
13078,3981,1065,2025-05-31
13079,3981,1389,2025-01-13
13080,3982,353,2026-04-14
13081,3982,1017,2026-01-25
13082,3982,1127,2025-04-29
13083,3982,1131,2026-02-24
13084,3982,1350,2026-01-31
13085,3983,87,2025-08-05
13086,3983,218,2026-01-07
13087,3983,313,2026-03-15
13088,3983,533,2025-08-07
13089,3983,807,2025-06-02
13090,3983,815,2026-02-21
13091,3983,886,2025-01-12
13092,3983,978,2025-02-03
13093,3983,1355,2025-08-10
13094,3984,93,2025-04-22
13095,3984,461,2026-04-26
13096,3984,508,2025-03-10
13097,3984,1155,2025-11-10
13098,3984,1351,2025-06-13
13099,3984,1378,2025-09-03
13100,3985,39,2025-04-22
13101,3985,407,2026-01-24
13102,3985,421,2025-09-13
13103,3985,805,2025-09-17
13104,3985,929,2025-12-05
13105,3985,1140,2025-04-17
13106,3985,1159,2026-03-21
13107,3985,1233,2025-03-02
13108,3985,1293,2025-07-01
13109,3985,1473,2025-10-26
13110,3986,419,2026-04-29
13111,3986,452,2025-09-13
13112,3986,560,2025-07-07
13113,3986,735,2025-08-20
13114,3986,1483,2025-12-28
13115,3987,21,2026-04-15
13116,3987,253,2025-03-24
13117,3987,601,2025-11-04
13118,3987,968,2026-04-11
13119,3988,85,2025-12-27
13120,3988,175,2025-12-09
13121,3988,783,2025-03-17
13122,3988,860,2025-12-06
13123,3988,1130,2025-08-13
13124,3988,1495,2025-04-30
13125,3989,151,2025-02-23
13126,3989,419,2025-09-18
13127,3989,599,2025-07-21
13128,3989,637,2025-10-14
13129,3989,731,2026-02-01
13130,3989,889,2026-01-16
13131,3989,1295,2025-04-17
13132,3989,1498,2025-12-30
13133,3990,593,2025-01-20
13134,3990,1138,2025-03-11
13135,3991,950,2025-10-17
13136,3991,1318,2026-03-01
13137,3992,154,2025-02-15
13138,3992,544,2025-06-19
13139,3992,595,2025-10-14
13140,3992,742,2025-07-08
13141,3993,149,2026-04-17
13142,3993,215,2025-12-28
13143,3993,407,2025-12-05
13144,3993,556,2025-06-05
13145,3993,627,2025-11-25
13146,3994,107,2025-03-25
13147,3994,686,2026-02-25
13148,3994,1118,2025-04-27
13149,3994,1308,2025-04-27
13150,3995,434,2025-03-31
13151,3995,948,2025-06-03
13152,3995,1122,2025-02-16
13153,3996,111,2025-07-12
13154,3996,403,2026-03-14
13155,3996,545,2026-01-13
13156,3996,879,2025-07-10
13157,3996,1483,2025-02-05
13158,3996,1484,2025-10-09
13159,3997,13,2025-06-27
13160,3997,21,2025-11-17
13161,3997,460,2026-01-14
13162,3997,486,2025-05-11
13163,3997,847,2025-10-03
13164,3997,1174,2025-05-07
13165,3997,1359,2025-10-26
13166,3998,130,2025-08-10
13167,3998,709,2026-02-13
13168,3998,797,2025-07-19
13169,3999,671,2025-01-13
13170,3999,907,2026-04-30
13171,3999,955,2025-08-27
13172,3999,1332,2026-04-12
13173,4000,85,2025-04-17
13174,4000,175,2025-06-03
13175,4000,883,2025-05-30
13176,4000,1132,2026-02-11
13177,4000,1357,2025-07-16
13178,4001,93,2026-03-10
13179,4001,200,2025-08-30
13180,4001,338,2025-12-30
13181,4001,988,2025-05-11
13182,4001,1228,2025-07-19
13183,4001,1381,2025-04-01
13184,4002,463,2026-01-08
13185,4002,597,2025-03-04
13186,4002,676,2025-06-26
13187,4003,64,2026-01-16
13188,4003,399,2025-11-20
13189,4003,525,2025-10-21
13190,4003,601,2025-07-02
13191,4003,912,2025-10-06
13192,4004,232,2025-05-26
13193,4004,306,2025-11-29
13194,4004,833,2025-02-12
13195,4004,970,2026-04-17
13196,4004,1118,2025-11-18
13197,4005,105,2025-09-07
13198,4005,881,2025-05-18
13199,4005,1286,2026-01-15
13200,4006,128,2026-04-23
13201,4006,244,2026-04-18
13202,4006,250,2026-04-21
13203,4006,326,2025-11-09
13204,4006,771,2025-02-28
13205,4006,790,2025-08-06
13206,4006,1297,2025-02-02
13207,4007,252,2025-08-15
13208,4007,467,2025-01-02
13209,4007,972,2025-06-22
13210,4007,1004,2025-01-07
13211,4007,1022,2026-05-01
13212,4008,200,2025-03-24
13213,4008,992,2026-04-05
13214,4008,1291,2025-03-26
13215,4008,1314,2025-02-09
13216,4009,778,2025-09-20
13217,4010,295,2025-12-07
13218,4010,332,2025-02-18
13219,4010,513,2025-07-27
13220,4010,535,2025-10-17
13221,4010,867,2025-10-10
13222,4011,552,2025-02-06
13223,4011,827,2025-11-27
13224,4011,961,2026-03-04
13225,4011,982,2026-04-28
13226,4012,71,2025-05-27
13227,4012,243,2026-04-02
13228,4012,407,2025-02-20
13229,4012,691,2025-04-27
13230,4012,1207,2026-02-08
13231,4012,1319,2026-01-26
13232,4012,1366,2025-06-03
13233,4013,608,2026-03-05
13234,4013,938,2025-05-21
13235,4013,1168,2025-12-08
13236,4014,70,2025-09-03
13237,4014,343,2025-07-17
13238,4014,385,2025-12-24
13239,4014,561,2026-04-01
13240,4014,796,2025-01-30
13241,4014,1393,2025-12-28
13242,4015,131,2025-10-30
13243,4015,608,2025-05-11
13244,4015,671,2026-02-23
13245,4015,955,2025-10-15
13246,4015,1169,2025-04-15
13247,4016,792,2025-12-22
13248,4017,1,2025-09-07
13249,4017,123,2026-02-20
13250,4017,145,2025-08-19
13251,4017,247,2025-05-28
13252,4017,467,2025-01-14
13253,4017,739,2026-01-12
13254,4017,935,2025-03-07
13255,4017,955,2025-10-30
13256,4018,402,2026-02-19
13257,4018,596,2026-01-04
13258,4018,696,2026-03-17
13259,4018,1080,2025-03-06
13260,4018,1325,2025-10-02
13261,4018,1402,2025-07-27
13262,4019,130,2025-05-28
13263,4019,190,2025-12-07
13264,4019,1200,2025-11-23
13265,4020,156,2025-05-04
13266,4020,620,2025-04-14
13267,4020,807,2026-01-30
13268,4020,964,2026-04-24
13269,4020,978,2025-01-15
13270,4020,1152,2026-02-20
13271,4021,76,2025-03-19
13272,4021,232,2025-08-06
13273,4021,548,2026-03-13
13274,4021,760,2025-11-21
13275,4021,1078,2025-06-28
13276,4021,1390,2026-04-23
13277,4022,314,2026-01-19
13278,4022,365,2025-01-16
13279,4022,793,2025-10-22
13280,4022,1159,2026-01-07
13281,4023,460,2025-11-27
13282,4023,656,2025-10-27
13283,4023,728,2025-07-16
13284,4023,1081,2025-12-29
13285,4023,1332,2026-02-24
13286,4023,1345,2025-04-06
13287,4024,793,2025-03-01
13288,4024,977,2025-10-13
13289,4025,36,2026-04-02
13290,4025,112,2025-04-07
13291,4025,317,2025-08-01
13292,4025,1103,2025-07-13
13293,4025,1294,2025-08-20
13294,4026,158,2025-08-24
13295,4026,221,2025-03-05
13296,4027,48,2025-11-04
13297,4027,284,2026-01-18
13298,4027,468,2025-07-13
13299,4027,732,2025-08-01
13300,4027,989,2025-07-31
13301,4027,1158,2025-08-11
13302,4027,1491,2025-02-09
13303,4028,253,2025-01-01
13304,4028,299,2025-03-13
13305,4028,1147,2025-06-10
13306,4028,1423,2026-01-18
13307,4029,38,2025-07-21
13308,4029,92,2026-04-14
13309,4029,175,2025-05-04
13310,4030,434,2025-05-23
13311,4030,637,2025-03-31
13312,4030,686,2026-02-20
13313,4030,772,2026-04-17
13314,4030,827,2025-01-17
13315,4030,850,2025-03-10
13316,4030,1031,2026-02-11
13317,4031,326,2026-03-11
13318,4031,698,2026-03-06
13319,4031,840,2025-03-07
13320,4031,871,2025-03-10
13321,4031,1130,2025-12-15
13322,4031,1257,2025-12-24
13323,4032,728,2025-04-23
13324,4032,1075,2025-05-18
13325,4033,361,2025-11-11
13326,4033,1062,2025-10-29
13327,4033,1242,2025-10-06
13328,4033,1355,2025-01-21
13329,4034,120,2025-02-07
13330,4034,276,2026-04-06
13331,4034,349,2025-04-17
13332,4034,554,2026-01-07
13333,4034,557,2025-08-13
13334,4034,680,2025-08-05
13335,4034,879,2025-10-11
13336,4034,1160,2025-04-24
13337,4034,1476,2026-04-02
13338,4035,9,2025-08-04
13339,4035,460,2025-09-07
13340,4036,258,2025-07-03
13341,4036,698,2025-11-13
13342,4036,1047,2026-01-15
13343,4036,1166,2025-01-09
13344,4036,1389,2025-02-18
13345,4037,103,2025-08-31
13346,4037,186,2026-03-19
13347,4037,738,2025-08-20
13348,4037,1022,2025-11-11
13349,4037,1208,2025-02-06
13350,4037,1500,2025-06-17
13351,4038,101,2025-03-18
13352,4038,138,2025-11-22
13353,4038,236,2025-06-05
13354,4038,890,2025-05-22
13355,4039,760,2026-02-21
13356,4039,881,2025-07-26
13357,4040,85,2025-03-03
13358,4040,123,2025-05-21
13359,4040,182,2025-05-31
13360,4040,323,2025-01-14
13361,4040,698,2025-11-12
13362,4040,911,2025-03-26
13363,4040,1013,2025-04-19
13364,4040,1031,2025-05-06
13365,4041,450,2026-02-02
13366,4041,1413,2026-03-16
13367,4042,702,2025-06-29
13368,4042,922,2025-02-02
13369,4042,1202,2025-08-23
13370,4043,570,2025-06-05
13371,4043,791,2026-03-12
13372,4043,920,2025-07-22
13373,4044,107,2026-04-10
13374,4044,239,2025-07-04
13375,4044,265,2025-08-11
13376,4044,404,2026-03-28
13377,4044,655,2025-06-07
13378,4044,1021,2025-03-13
13379,4044,1113,2026-03-21
13380,4044,1286,2026-02-19
13381,4045,227,2025-07-12
13382,4045,432,2026-02-21
13383,4045,539,2025-01-27
13384,4045,671,2025-02-26
13385,4045,1004,2025-10-09
13386,4045,1373,2025-07-16
13387,4046,163,2025-05-07
13388,4046,1001,2025-09-08
13389,4047,305,2026-01-20
13390,4047,421,2025-03-07
13391,4047,669,2025-07-14
13392,4047,1019,2025-04-22
13393,4048,64,2025-02-04
13394,4048,334,2025-10-18
13395,4048,433,2025-10-27
13396,4048,658,2026-02-05
13397,4048,1200,2026-01-20
13398,4049,394,2025-07-02
13399,4049,636,2026-01-12
13400,4049,1285,2026-04-09
13401,4049,1487,2025-11-26
13402,4050,554,2025-07-15
13403,4050,557,2026-04-03
13404,4050,680,2025-11-10
13405,4050,1019,2025-11-21
13406,4050,1234,2025-06-21
13407,4051,117,2025-07-02
13408,4051,1153,2025-10-26
13409,4052,243,2026-01-24
13410,4052,517,2025-03-22
13411,4052,734,2025-11-24
13412,4052,913,2025-04-04
13413,4052,1296,2025-09-06
13414,4052,1408,2025-12-17
13415,4053,67,2025-08-13
13416,4053,289,2025-07-12
13417,4053,385,2026-03-12
13418,4053,1234,2026-03-27
13419,4054,181,2025-05-15
13420,4054,968,2026-02-20
13421,4055,659,2025-02-17
13422,4055,799,2025-06-02
13423,4055,893,2025-11-08
13424,4055,1282,2025-01-24
13425,4055,1409,2025-01-14
13426,4056,13,2025-04-21
13427,4056,456,2026-04-20
13428,4056,796,2026-03-16
13429,4056,1331,2026-02-10
13430,4057,336,2026-04-16
13431,4057,434,2026-02-21
13432,4057,541,2025-10-08
13433,4057,679,2025-06-15
13434,4057,721,2025-01-02
13435,4058,67,2025-04-02
13436,4058,231,2026-01-16
13437,4058,647,2026-02-15
13438,4058,826,2025-06-21
13439,4059,402,2025-06-25
13440,4059,449,2025-02-02
13441,4059,847,2026-01-09
13442,4059,945,2026-01-05
13443,4059,1019,2025-04-17
13444,4059,1359,2026-03-02
13445,4060,394,2026-04-25
13446,4060,832,2026-02-05
13447,4060,1029,2025-05-19
13448,4060,1424,2026-02-04
13449,4060,1447,2025-05-28
13450,4061,128,2026-04-19
13451,4061,524,2025-12-16
13452,4061,771,2025-05-11
13453,4061,963,2026-03-25
13454,4061,1361,2025-10-09
13455,4062,35,2025-07-24
13456,4062,149,2025-09-04
13457,4062,331,2025-03-14
13458,4062,771,2025-04-03
13459,4062,922,2025-10-01
13460,4063,1373,2026-04-12
13461,4064,359,2025-10-02
13462,4064,665,2025-04-28
13463,4064,1043,2025-10-21
13464,4064,1060,2025-01-01
13465,4065,31,2025-06-03
13466,4065,258,2025-08-29
13467,4065,319,2026-01-22
13468,4065,471,2025-05-04
13469,4065,1007,2025-04-30
13470,4065,1075,2025-02-03
13471,4065,1360,2025-05-10
13472,4066,117,2026-04-19
13473,4066,203,2025-07-04
13474,4066,796,2025-05-22
13475,4066,838,2025-07-13
13476,4066,999,2026-01-10
13477,4066,1281,2026-01-14
13478,4067,42,2025-12-23
13479,4067,324,2025-02-12
13480,4067,364,2025-07-11
13481,4067,1250,2025-12-18
13482,4068,847,2025-09-04
13483,4068,1028,2025-05-30
13484,4069,117,2025-10-25
13485,4069,129,2026-03-01
13486,4069,295,2025-04-12
13487,4069,614,2025-03-18
13488,4069,952,2025-07-03
13489,4070,17,2025-02-17
13490,4070,399,2025-02-28
13491,4070,617,2025-05-14
13492,4070,894,2025-12-23
13493,4070,941,2026-02-05
13494,4070,1171,2025-10-29
13495,4070,1179,2025-08-23
13496,4070,1360,2025-09-27
13497,4071,11,2025-09-22
13498,4071,825,2025-08-27
13499,4071,891,2025-10-29
13500,4071,1018,2026-02-26
13501,4071,1487,2025-06-12
13502,4072,261,2025-04-20
13503,4072,845,2025-02-02
13504,4072,1473,2025-03-10
13505,4073,407,2026-03-24
13506,4073,940,2025-12-19
13507,4073,1134,2025-01-05
13508,4074,151,2025-05-29
13509,4074,165,2025-01-08
13510,4074,888,2025-10-26
13511,4074,978,2025-06-14
13512,4074,1237,2025-05-27
13513,4075,710,2025-05-05
13514,4076,356,2025-08-14
13515,4076,824,2025-09-11
13516,4076,962,2025-11-30
13517,4077,255,2025-08-11
13518,4077,413,2025-08-06
13519,4077,550,2025-02-18
13520,4077,660,2025-09-21
13521,4077,687,2025-04-10
13522,4077,1078,2025-01-27
13523,4077,1206,2025-12-24
13524,4078,364,2025-09-28
13525,4078,807,2026-02-16
13526,4078,1102,2025-07-11
13527,4078,1331,2025-09-15
13528,4078,1450,2025-01-27
13529,4079,313,2025-01-31
13530,4079,361,2025-02-21
13531,4079,637,2026-01-06
13532,4079,1251,2025-12-23
13533,4079,1446,2025-10-02
13534,4080,1243,2025-09-03
13535,4080,1261,2025-05-05
13536,4081,285,2025-02-13
13537,4082,217,2025-06-09
13538,4082,288,2025-04-16
13539,4082,358,2025-10-26
13540,4082,1374,2025-02-13
13541,4082,1430,2025-06-16
13542,4083,28,2025-02-17
13543,4083,44,2026-04-26
13544,4083,109,2025-02-03
13545,4083,320,2025-05-09
13546,4083,357,2025-04-28
13547,4083,674,2025-08-10
13548,4084,20,2025-09-04
13549,4084,35,2025-10-01
13550,4084,255,2025-07-31
13551,4084,922,2025-03-29
13552,4084,923,2025-11-20
13553,4084,963,2025-02-23
13554,4084,1051,2026-04-29
13555,4084,1068,2026-02-14
13556,4085,398,2025-01-08
13557,4085,678,2025-09-06
13558,4086,186,2026-02-13
13559,4086,193,2025-10-08
13560,4086,382,2025-02-09
13561,4086,489,2025-10-08
13562,4086,657,2025-08-22
13563,4086,1022,2025-02-19
13564,4086,1428,2025-01-24
13565,4087,23,2025-11-11
13566,4087,325,2025-12-10
13567,4087,734,2025-07-27
13568,4087,739,2025-11-20
13569,4087,997,2025-09-26
13570,4087,1201,2025-06-13
13571,4087,1330,2025-08-05
13572,4087,1362,2025-06-04
13573,4087,1410,2025-03-07
13574,4088,455,2025-06-19
13575,4088,468,2026-01-25
13576,4088,474,2025-08-21
13577,4089,99,2026-03-06
13578,4089,624,2025-01-28
13579,4089,794,2025-07-28
13580,4089,808,2025-11-25
13581,4089,1250,2025-10-08
13582,4090,513,2025-11-30
13583,4090,850,2026-03-05
13584,4090,885,2025-01-02
13585,4090,909,2025-03-15
13586,4091,744,2026-03-19
13587,4091,1321,2025-08-08
13588,4092,327,2026-02-25
13589,4092,406,2025-10-24
13590,4092,1286,2025-12-03
13591,4093,1011,2025-04-12
13592,4093,1077,2025-05-06
13593,4094,1360,2026-04-19
13594,4095,767,2026-02-19
13595,4095,917,2026-01-05
13596,4095,1285,2025-02-06
13597,4096,239,2025-07-10
13598,4096,411,2026-04-28
13599,4096,693,2025-05-15
13600,4096,911,2025-04-02
13601,4096,1218,2025-12-28
13602,4097,423,2026-01-16
13603,4097,625,2025-04-11
13604,4097,976,2025-01-07
13605,4097,1120,2025-07-26
13606,4098,517,2025-01-18
13607,4098,1490,2025-01-28
13608,4099,138,2025-04-05
13609,4099,575,2025-04-10
13610,4099,1305,2025-01-28
13611,4099,1344,2025-04-05
13612,4100,1092,2025-09-15
13613,4100,1165,2025-08-10
13614,4101,122,2026-03-24
13615,4101,441,2025-06-21
13616,4101,620,2025-11-28
13617,4101,1020,2025-12-20
13618,4101,1220,2026-04-28
13619,4101,1300,2025-06-21
13620,4101,1492,2026-04-11
13621,4102,178,2025-12-23
13622,4102,548,2025-01-10
13623,4102,664,2025-12-12
13624,4102,711,2025-06-17
13625,4102,1260,2026-04-14
13626,4103,7,2026-03-02
13627,4103,541,2025-03-12
13628,4103,1214,2025-03-28
13629,4104,178,2025-05-28
13630,4104,340,2026-01-15
13631,4104,696,2025-02-18
13632,4104,1402,2025-02-19
13633,4105,73,2025-05-29
13634,4105,82,2026-02-08
13635,4105,405,2025-03-20
13636,4105,550,2025-01-14
13637,4105,1211,2025-07-26
13638,4105,1368,2025-07-29
13639,4105,1396,2025-09-03
13640,4106,45,2025-01-19
13641,4106,346,2025-02-22
13642,4106,658,2025-06-11
13643,4106,1465,2025-02-08
13644,4107,60,2025-05-12
13645,4107,96,2025-06-13
13646,4108,461,2026-01-14
13647,4108,622,2025-10-29
13648,4108,700,2025-10-17
13649,4108,1029,2025-03-14
13650,4108,1361,2025-01-10
13651,4109,706,2025-02-18
13652,4109,964,2026-03-17
13653,4109,1165,2025-07-25
13654,4110,100,2025-08-06
13655,4110,224,2026-04-03
13656,4110,553,2025-05-08
13657,4110,922,2025-04-16
13658,4110,1131,2026-03-11
13659,4111,1161,2026-01-14
13660,4111,1176,2025-09-23
13661,4112,345,2025-03-14
13662,4112,574,2025-03-07
13663,4112,629,2025-03-11
13664,4112,991,2026-03-13
13665,4112,1310,2025-03-11
13666,4112,1456,2025-05-23
13667,4113,208,2025-01-20
13668,4113,715,2025-01-17
13669,4113,1363,2025-06-13
13670,4114,131,2025-04-29
13671,4114,216,2026-03-21
13672,4114,402,2025-10-28
13673,4114,1149,2025-03-08
13674,4114,1385,2025-04-05
13675,4115,982,2025-12-07
13676,4116,441,2025-04-01
13677,4116,506,2025-01-25
13678,4116,922,2025-07-10
13679,4117,236,2025-07-13
13680,4117,499,2025-03-13
13681,4118,141,2025-12-02
13682,4118,214,2025-01-15
13683,4118,281,2025-02-18
13684,4118,476,2025-12-06
13685,4118,499,2026-01-14
13686,4118,652,2025-11-11
13687,4118,911,2026-01-23
13688,4119,109,2025-01-24
13689,4119,796,2026-03-12
13690,4119,847,2025-02-08
13691,4119,1178,2025-02-28
13692,4120,382,2026-01-24
13693,4120,840,2025-04-17
13694,4121,237,2025-05-12
13695,4121,317,2025-10-01
13696,4121,867,2025-06-07
13697,4121,1124,2025-04-18
13698,4121,1303,2025-04-25
13699,4121,1498,2025-10-22
13700,4122,379,2025-02-21
13701,4122,843,2025-04-09
13702,4122,1051,2025-04-27
13703,4122,1272,2025-11-25
13704,4122,1397,2025-03-31
13705,4122,1484,2025-07-06
13706,4123,39,2025-04-03
13707,4123,242,2025-09-22
13708,4123,908,2025-07-13
13709,4123,1041,2025-03-01
13710,4123,1234,2026-02-12
13711,4123,1394,2025-04-20
13712,4124,585,2025-03-23
13713,4124,626,2025-05-05
13714,4124,734,2026-01-11
13715,4124,807,2025-11-03
13716,4124,923,2025-05-11
13717,4124,1256,2025-06-21
13718,4125,374,2026-03-03
13719,4125,519,2026-03-17
13720,4125,803,2025-07-30
13721,4125,945,2025-12-14
13722,4125,952,2025-05-26
13723,4126,94,2025-06-20
13724,4126,300,2025-03-06
13725,4126,643,2025-04-21
13726,4126,793,2025-06-05
13727,4126,1007,2025-04-06
13728,4127,824,2025-09-14
13729,4127,1373,2025-07-24
13730,4128,450,2025-06-02
13731,4128,593,2026-01-31
13732,4128,1351,2026-02-16
13733,4129,84,2025-06-02
13734,4129,112,2025-11-09
13735,4129,367,2025-08-15
13736,4129,706,2025-08-08
13737,4129,811,2026-02-11
13738,4129,1239,2025-01-03
13739,4129,1498,2025-03-30
13740,4130,109,2025-05-16
13741,4130,519,2025-10-26
13742,4130,549,2025-09-20
13743,4130,600,2025-08-09
13744,4130,843,2025-08-08
13745,4130,874,2025-04-09
13746,4130,906,2025-05-18
13747,4130,936,2025-03-31
13748,4130,1421,2026-01-17
13749,4131,239,2025-01-28
13750,4131,392,2026-01-09
13751,4131,410,2026-02-19
13752,4131,515,2025-10-26
13753,4131,842,2025-07-02
13754,4131,1082,2025-05-07
13755,4131,1397,2025-08-12
13756,4131,1428,2026-01-20
13757,4132,27,2025-08-21
13758,4132,88,2025-11-22
13759,4132,756,2025-12-10
13760,4132,935,2025-08-31
13761,4132,1024,2025-11-17
13762,4132,1133,2026-04-09
13763,4133,723,2026-03-20
13764,4133,1248,2026-02-25
13765,4133,1359,2025-05-05
13766,4134,833,2025-05-22
13767,4134,1429,2025-12-05
13768,4135,412,2025-10-21
13769,4135,1383,2025-10-09
13770,4136,1375,2025-11-23
13771,4137,188,2025-11-17
13772,4137,580,2025-07-04
13773,4137,658,2025-04-01
13774,4137,1378,2025-11-15
13775,4138,320,2025-08-30
13776,4138,662,2026-03-02
13777,4138,864,2025-04-29
13778,4138,930,2025-07-02
13779,4138,1057,2025-07-27
13780,4138,1123,2026-03-04
13781,4139,293,2026-02-01
13782,4139,746,2025-02-17
13783,4139,923,2025-06-21
13784,4139,1329,2025-12-19
13785,4140,50,2025-04-01
13786,4140,734,2025-07-16
13787,4140,807,2025-07-26
13788,4140,833,2025-07-09
13789,4140,913,2026-02-21
13790,4140,1036,2025-06-20
13791,4141,534,2025-10-16
13792,4141,694,2026-03-10
13793,4142,227,2025-02-03
13794,4142,258,2025-05-17
13795,4142,437,2025-09-07
13796,4142,490,2026-01-27
13797,4142,791,2026-04-05
13798,4142,1060,2025-07-19
13799,4142,1263,2025-03-22
13800,4143,281,2025-07-09
13801,4143,411,2026-02-08
13802,4143,556,2025-05-07
13803,4143,996,2026-03-23
13804,4143,1069,2025-11-24
13805,4143,1256,2025-09-19
13806,4144,156,2025-02-01
13807,4144,616,2025-11-14
13808,4144,706,2026-04-15
13809,4144,956,2025-08-02
13810,4144,1206,2025-08-02
13811,4145,143,2025-06-03
13812,4145,472,2025-02-23
13813,4145,514,2025-05-17
13814,4145,594,2025-08-31
13815,4145,867,2026-02-05
13816,4145,1240,2025-07-09
13817,4146,78,2025-04-23
13818,4146,81,2025-05-08
13819,4146,391,2025-07-27
13820,4146,879,2026-03-11
13821,4146,1091,2025-10-25
13822,4147,859,2025-12-24
13823,4147,871,2025-07-09
13824,4147,1145,2025-03-23
13825,4147,1302,2025-05-28
13826,4147,1397,2026-03-26
13827,4148,109,2025-08-15
13828,4148,206,2026-02-03
13829,4148,233,2026-05-01
13830,4148,390,2025-05-19
13831,4148,946,2026-04-18
13832,4148,1359,2026-01-27
13833,4149,256,2025-07-21
13834,4149,598,2025-08-11
13835,4149,686,2026-01-04
13836,4149,687,2025-06-12
13837,4149,807,2025-12-08
13838,4150,503,2025-04-30
13839,4150,894,2025-06-23
13840,4151,280,2025-04-17
13841,4151,443,2025-10-15
13842,4151,680,2025-10-25
13843,4151,1094,2025-12-24
13844,4152,72,2025-12-19
13845,4152,82,2025-12-25
13846,4152,579,2026-04-20
13847,4152,711,2025-07-28
13848,4152,1035,2025-03-07
13849,4152,1297,2026-01-26
13850,4153,38,2025-11-21
13851,4153,651,2026-03-27
13852,4153,761,2026-01-28
13853,4154,2,2025-10-23
13854,4154,653,2025-10-10
13855,4154,1179,2026-03-31
13856,4154,1248,2025-06-23
13857,4154,1455,2026-01-18
13858,4155,312,2025-05-08
13859,4155,947,2025-03-20
13860,4156,347,2025-05-29
13861,4156,572,2025-04-14
13862,4156,660,2026-03-26
13863,4156,796,2026-04-12
13864,4156,826,2025-12-29
13865,4156,946,2026-01-22
13866,4157,386,2025-07-18
13867,4157,833,2025-09-10
13868,4157,1166,2026-04-18
13869,4157,1175,2025-10-31
13870,4157,1498,2025-03-19
13871,4158,390,2025-06-02
13872,4158,506,2025-02-22
13873,4158,525,2025-06-23
13874,4158,583,2025-09-01
13875,4158,694,2025-02-11
13876,4158,786,2025-03-22
13877,4159,2,2025-11-25
13878,4159,619,2025-08-23
13879,4159,1369,2026-03-19
13880,4160,38,2025-11-27
13881,4160,186,2025-12-24
13882,4160,657,2026-04-24
13883,4160,863,2025-08-03
13884,4160,929,2025-04-11
13885,4160,1022,2026-01-17
13886,4161,108,2025-11-17
13887,4161,807,2025-10-08
13888,4161,970,2026-04-22
13889,4161,1250,2025-04-25
13890,4161,1496,2025-06-15
13891,4162,593,2025-05-19
13892,4162,698,2025-04-19
13893,4162,777,2026-04-27
13894,4162,881,2025-12-04
13895,4162,942,2025-05-27
13896,4163,177,2025-07-30
13897,4163,404,2025-10-08
13898,4163,930,2025-06-18
13899,4164,91,2025-09-14
13900,4164,104,2026-01-19
13901,4164,118,2025-08-08
13902,4164,500,2025-05-07
13903,4164,700,2025-12-09
13904,4164,718,2025-10-23
13905,4164,1075,2025-01-14
13906,4165,13,2025-07-31
13907,4165,96,2026-02-06
13908,4165,238,2025-02-21
13909,4165,585,2025-07-21
13910,4165,677,2026-01-10
13911,4165,905,2025-10-03
13912,4165,1234,2025-03-17
13913,4165,1319,2025-06-01
13914,4165,1332,2025-10-17
13915,4165,1346,2025-08-29
13916,4166,839,2025-10-30
13917,4166,873,2025-11-24
13918,4166,919,2025-05-02
13919,4166,1089,2025-11-12
13920,4166,1148,2025-11-08
13921,4166,1402,2026-01-21
13922,4167,295,2026-04-01
13923,4167,336,2026-01-24
13924,4167,672,2025-10-07
13925,4167,1098,2026-02-08
13926,4168,156,2025-12-03
13927,4168,212,2025-02-09
13928,4168,232,2025-08-01
13929,4168,520,2025-02-19
13930,4169,301,2025-07-01
13931,4170,431,2026-03-17
13932,4170,522,2025-04-25
13933,4170,1153,2025-12-11
13934,4171,714,2026-04-30
13935,4171,1148,2025-09-14
13936,4172,200,2025-02-12
13937,4172,491,2025-02-21
13938,4172,1312,2025-07-21
13939,4172,1500,2026-04-05
13940,4173,169,2026-02-05
13941,4173,672,2025-09-21
13942,4173,772,2025-12-02
13943,4173,799,2025-04-11
13944,4173,1062,2025-12-22
13945,4173,1265,2025-08-25
13946,4174,12,2025-02-15
13947,4174,104,2025-01-15
13948,4174,586,2025-05-06
13949,4174,656,2025-01-12
13950,4174,1326,2025-09-12
13951,4175,468,2026-02-17
13952,4175,834,2025-04-17
13953,4175,1258,2025-08-31
13954,4176,13,2025-03-08
13955,4176,62,2025-07-14
13956,4176,835,2025-01-31
13957,4176,857,2025-08-30
13958,4176,945,2025-12-20
13959,4176,1002,2025-03-27
13960,4177,843,2026-02-01
13961,4177,992,2026-03-02
13962,4177,1026,2026-01-31
13963,4177,1077,2025-01-03
13964,4177,1122,2026-04-28
13965,4177,1247,2025-02-18
13966,4177,1446,2025-05-21
13967,4178,993,2025-10-02
13968,4178,1344,2025-11-11
13969,4178,1363,2025-08-05
13970,4178,1484,2026-02-22
13971,4179,152,2025-09-04
13972,4179,369,2025-10-11
13973,4179,587,2026-04-08
13974,4179,1297,2025-12-31
13975,4179,1373,2025-01-10
13976,4179,1465,2025-10-12
13977,4179,1477,2026-04-04
13978,4180,85,2025-03-13
13979,4180,1004,2025-07-17
13980,4180,1278,2026-01-10
13981,4181,177,2025-05-21
13982,4182,79,2025-10-21
13983,4182,307,2025-04-17
13984,4182,426,2025-03-02
13985,4182,526,2025-03-09
13986,4182,822,2025-03-04
13987,4182,964,2025-05-27
13988,4182,1330,2025-07-23
13989,4183,141,2026-02-06
13990,4183,236,2025-04-11
13991,4183,617,2025-10-31
13992,4183,657,2026-01-29
13993,4183,843,2025-06-02
13994,4183,1361,2026-02-05
13995,4183,1400,2026-01-31
13996,4184,169,2025-08-15
13997,4184,501,2025-07-23
13998,4184,804,2025-04-05
13999,4184,1258,2025-06-15
14000,4184,1498,2025-11-25
14001,4185,296,2025-05-23
14002,4185,357,2026-03-06
14003,4185,821,2025-03-15
14004,4185,1054,2026-01-19
14005,4185,1093,2025-10-24
14006,4186,331,2026-03-02
14007,4186,452,2025-11-21
14008,4187,102,2025-03-26
14009,4187,353,2025-07-18
14010,4187,362,2026-03-08
14011,4187,646,2025-12-26
14012,4187,829,2025-06-01
14013,4187,1312,2025-06-26
14014,4187,1473,2026-01-20
14015,4188,70,2025-07-27
14016,4188,240,2025-04-16
14017,4188,321,2026-04-15
14018,4188,353,2026-02-22
14019,4188,1095,2025-04-08
14020,4188,1339,2025-11-03
14021,4189,727,2025-02-25
14022,4189,857,2025-08-24
14023,4189,1106,2025-03-13
14024,4189,1150,2026-01-19
14025,4189,1320,2026-04-22
14026,4190,36,2025-10-27
14027,4190,130,2026-03-17
14028,4190,696,2026-02-17
14029,4190,697,2025-10-29
14030,4191,122,2025-11-19
14031,4191,149,2026-04-06
14032,4191,369,2025-06-03
14033,4191,984,2025-01-06
14034,4192,113,2025-04-21
14035,4192,266,2025-07-22
14036,4192,616,2026-02-25
14037,4192,674,2025-10-21
14038,4192,923,2025-05-15
14039,4193,243,2025-09-16
14040,4193,336,2026-03-10
14041,4193,599,2025-12-07
14042,4193,1016,2025-02-10
14043,4193,1185,2025-12-08
14044,4193,1426,2025-02-26
14045,4194,79,2025-04-03
14046,4194,384,2025-11-25
14047,4194,493,2025-07-31
14048,4194,1209,2025-12-26
14049,4194,1407,2026-04-12
14050,4195,610,2025-07-16
14051,4195,658,2026-01-03
14052,4195,1003,2025-05-30
14053,4195,1258,2025-10-18
14054,4196,428,2025-08-24
14055,4196,729,2025-02-15
14056,4197,564,2025-11-14
14057,4197,566,2025-07-29
14058,4197,879,2025-08-20
14059,4197,1206,2025-12-11
14060,4197,1460,2025-01-14
14061,4197,1500,2025-07-30
14062,4198,295,2025-12-16
14063,4198,407,2026-04-01
14064,4198,637,2025-10-09
14065,4198,672,2025-04-25
14066,4198,1371,2025-04-22
14067,4199,12,2025-06-18
14068,4199,91,2025-04-23
14069,4199,109,2025-11-04
14070,4199,231,2025-02-26
14071,4199,619,2025-01-17
14072,4200,386,2025-02-23
14073,4200,741,2025-07-19
14074,4200,753,2025-02-25
14075,4200,1478,2025-03-28
14076,4201,370,2025-06-29
14077,4201,617,2026-02-07
14078,4201,998,2026-01-31
14079,4201,1075,2025-10-20
14080,4201,1268,2025-01-15
14081,4202,113,2025-02-28
14082,4202,529,2025-07-25
14083,4202,660,2026-02-02
14084,4202,678,2026-01-03
14085,4202,788,2025-05-07
14086,4202,822,2025-10-18
14087,4203,146,2025-11-05
14088,4203,394,2025-05-20
14089,4203,850,2026-01-10
14090,4203,1076,2025-10-27
14091,4204,333,2025-01-18
14092,4205,257,2026-01-25
14093,4206,233,2026-01-22
14094,4206,273,2025-02-11
14095,4206,407,2025-04-10
14096,4206,833,2025-04-26
14097,4206,940,2025-04-29
14098,4206,1124,2025-05-20
14099,4207,69,2025-05-20
14100,4207,658,2025-04-21
14101,4207,796,2025-09-01
14102,4207,918,2026-04-15
14103,4208,117,2025-12-07
14104,4208,392,2025-08-03
14105,4208,545,2026-03-03
14106,4208,770,2025-09-04
14107,4208,1176,2025-12-03
14108,4208,1283,2026-02-14
14109,4208,1295,2025-04-16
14110,4209,101,2025-12-18
14111,4209,1132,2025-05-21
14112,4209,1196,2025-10-01
14113,4210,71,2026-02-11
14114,4210,525,2025-02-21
14115,4210,826,2025-05-25
14116,4210,1453,2025-01-24
14117,4211,12,2026-02-27
14118,4211,299,2025-10-16
14119,4211,504,2025-10-07
14120,4211,728,2026-02-13
14121,4211,926,2025-12-20
14122,4212,473,2025-05-16
14123,4212,536,2025-02-15
14124,4212,1265,2026-01-08
14125,4212,1468,2025-02-01
14126,4213,98,2025-02-06
14127,4213,307,2026-03-19
14128,4213,361,2025-08-11
14129,4213,888,2025-09-10
14130,4213,1118,2025-11-04
14131,4213,1486,2025-04-21
14132,4214,294,2025-01-20
14133,4214,871,2025-02-07
14134,4214,1033,2025-05-09
14135,4214,1234,2026-04-11
14136,4215,346,2025-10-06
14137,4215,702,2025-02-16
14138,4216,1032,2025-02-23
14139,4216,1160,2025-07-25
14140,4217,105,2025-01-06
14141,4217,149,2025-05-25
14142,4217,413,2025-10-24
14143,4217,648,2025-12-02
14144,4217,777,2025-12-30
14145,4217,1397,2025-10-30
14146,4217,1416,2025-12-06
14147,4218,128,2025-12-03
14148,4218,636,2025-02-12
14149,4218,771,2026-01-31
14150,4218,1252,2025-01-13
14151,4218,1361,2025-01-25
14152,4219,255,2026-03-11
14153,4219,616,2025-06-09
14154,4219,978,2025-12-02
14155,4219,1078,2026-04-06
14156,4219,1267,2026-04-18
14157,4220,56,2025-03-24
14158,4220,154,2026-04-03
14159,4220,234,2026-04-12
14160,4220,247,2025-01-20
14161,4220,301,2025-03-19
14162,4220,544,2025-09-29
14163,4220,1047,2025-10-15
14164,4221,291,2026-03-02
14165,4221,1407,2026-03-28
14166,4222,729,2025-08-02
14167,4222,919,2026-03-13
14168,4222,1402,2025-08-02
14169,4223,338,2026-04-20
14170,4223,403,2025-03-02
14171,4223,887,2025-07-26
14172,4224,281,2026-04-14
14173,4224,334,2025-10-06
14174,4224,984,2025-01-17
14175,4225,200,2026-01-18
14176,4225,218,2025-02-07
14177,4225,346,2026-03-25
14178,4225,349,2025-11-14
14179,4225,720,2025-11-05
14180,4225,1100,2025-01-21
14181,4225,1327,2025-05-07
14182,4226,420,2025-05-30
14183,4226,499,2025-03-15
14184,4226,817,2025-03-04
14185,4226,1317,2026-03-09
14186,4227,313,2026-01-30
14187,4227,545,2025-04-13
14188,4227,960,2025-05-13
14189,4227,1489,2025-09-14
14190,4228,283,2026-04-04
14191,4228,545,2026-01-16
14192,4228,804,2026-04-24
14193,4228,913,2025-06-18
14194,4228,1124,2025-06-04
14195,4228,1137,2025-10-11
14196,4229,40,2025-05-14
14197,4229,235,2026-03-31
14198,4229,504,2025-03-21
14199,4229,669,2025-01-31
14200,4230,186,2025-04-18
14201,4230,571,2025-06-13
14202,4230,655,2025-04-12
14203,4230,865,2025-02-08
14204,4230,1022,2025-08-06
14205,4230,1169,2025-02-01
14206,4231,554,2025-12-23
14207,4231,728,2025-09-02
14208,4231,757,2025-10-17
14209,4231,796,2025-12-10
14210,4231,1462,2025-02-19
14211,4231,1467,2025-09-06
14212,4232,515,2026-03-05
14213,4232,788,2026-04-26
14214,4232,865,2026-04-21
14215,4232,1106,2025-10-30
14216,4233,408,2025-02-21
14217,4233,759,2025-04-16
14218,4233,1006,2026-04-17
14219,4234,287,2025-10-06
14220,4234,601,2025-07-15
14221,4234,714,2025-01-31
14222,4234,999,2025-02-10
14223,4234,1320,2025-06-15
14224,4234,1322,2026-02-08
14225,4235,205,2025-09-04
14226,4235,564,2025-02-20
14227,4235,1053,2026-03-14
14228,4235,1449,2025-12-26
14229,4236,426,2026-03-29
14230,4236,1144,2025-02-14
14231,4236,1486,2026-02-09
14232,4237,448,2025-09-11
14233,4237,994,2025-03-01
14234,4237,1098,2025-04-15
14235,4237,1128,2026-03-25
14236,4237,1259,2025-03-11
14237,4237,1303,2026-02-05
14238,4237,1364,2025-12-28
14239,4237,1400,2025-02-20
14240,4238,29,2025-10-26
14241,4238,137,2025-12-16
14242,4238,396,2025-06-08
14243,4238,625,2026-04-20
14244,4238,771,2026-03-10
14245,4238,1107,2026-02-23
14246,4238,1187,2025-01-09
14247,4238,1210,2025-03-11
14248,4238,1225,2025-06-05
14249,4238,1376,2026-04-09
14250,4238,1424,2025-08-26
14251,4238,1468,2025-12-09
14252,4239,34,2026-03-21
14253,4239,443,2025-01-03
14254,4239,529,2025-03-24
14255,4239,663,2026-04-23
14256,4239,748,2025-09-24
14257,4239,970,2025-10-12
14258,4239,1423,2026-02-16
14259,4240,39,2025-12-02
14260,4240,187,2025-02-15
14261,4240,239,2025-05-29
14262,4240,302,2025-02-17
14263,4240,757,2025-03-03
14264,4240,1136,2025-03-09
14265,4240,1205,2026-03-07
14266,4240,1221,2025-10-01
14267,4241,53,2025-08-24
14268,4241,671,2026-03-12
14269,4241,732,2025-11-20
14270,4241,984,2025-06-03
14271,4241,1004,2025-06-12
14272,4242,19,2025-03-11
14273,4242,634,2026-04-11
14274,4242,981,2025-09-06
14275,4242,1439,2026-04-24
14276,4243,126,2025-12-23
14277,4243,651,2025-02-08
14278,4243,859,2026-01-31
14279,4243,1366,2026-04-21
14280,4243,1464,2025-11-08
14281,4244,325,2025-04-20
14282,4244,1202,2025-08-12
14283,4244,1233,2025-09-01
14284,4244,1387,2026-03-11
14285,4245,13,2025-09-19
14286,4245,293,2025-07-08
14287,4245,351,2025-09-09
14288,4245,1093,2025-07-14
14289,4246,140,2025-05-31
14290,4246,647,2026-03-17
14291,4246,811,2025-08-08
14292,4246,845,2025-04-07
14293,4247,114,2025-11-06
14294,4247,351,2025-02-06
14295,4247,714,2025-05-03
14296,4247,805,2025-10-11
14297,4247,1121,2026-02-08
14298,4248,326,2025-02-10
14299,4248,771,2025-01-20
14300,4248,894,2026-04-16
14301,4248,1283,2025-11-23
14302,4249,14,2025-09-13
14303,4249,193,2025-06-04
14304,4249,973,2025-11-11
14305,4250,196,2025-02-26
14306,4250,277,2025-12-03
14307,4250,605,2025-07-14
14308,4250,632,2025-03-04
14309,4250,1389,2026-02-05
14310,4251,94,2025-10-23
14311,4251,267,2025-05-27
14312,4251,384,2025-03-28
14313,4251,1342,2025-05-08
14314,4252,361,2025-11-25
14315,4252,401,2025-03-19
14316,4252,527,2025-03-02
14317,4252,592,2025-06-28
14318,4252,963,2025-05-26
14319,4252,1049,2026-03-26
14320,4252,1198,2025-01-25
14321,4252,1488,2025-02-08
14322,4253,152,2025-12-30
14323,4253,178,2025-05-02
14324,4253,317,2025-02-12
14325,4253,345,2026-04-17
14326,4253,554,2025-06-21
14327,4253,629,2025-04-22
14328,4253,920,2025-06-19
14329,4253,1402,2025-01-27
14330,4254,236,2025-07-30
14331,4254,565,2025-11-02
14332,4254,1063,2025-12-06
14333,4254,1195,2025-08-10
14334,4255,71,2025-12-05
14335,4255,390,2025-04-05
14336,4255,647,2025-07-18
14337,4256,1010,2025-02-04
14338,4256,1194,2025-07-28
14339,4256,1453,2025-10-08
14340,4257,60,2025-05-10
14341,4257,489,2026-02-21
14342,4257,624,2025-06-26
14343,4257,799,2025-06-22
14344,4258,341,2025-03-27
14345,4259,295,2025-06-15
14346,4259,401,2025-03-31
14347,4259,535,2026-01-23
14348,4259,884,2025-12-02
14349,4259,1324,2025-09-12
14350,4259,1450,2026-01-14
14351,4260,357,2025-06-09
14352,4260,749,2026-04-03
14353,4260,1093,2025-02-08
14354,4260,1434,2025-01-02
14355,4261,374,2025-03-13
14356,4261,847,2025-11-21
14357,4262,439,2025-07-06
14358,4262,527,2025-05-25
14359,4262,1198,2025-09-07
14360,4262,1399,2026-01-04
14361,4263,261,2026-02-19
14362,4263,1047,2025-02-03
14363,4264,123,2026-04-24
14364,4264,154,2025-12-29
14365,4264,1067,2025-08-27
14366,4264,1093,2025-10-26
14367,4264,1484,2025-10-05
14368,4265,479,2025-11-02
14369,4265,894,2025-12-27
14370,4265,1015,2025-11-11
14371,4265,1048,2025-05-22
14372,4265,1266,2025-09-24
14373,4266,443,2025-09-27
14374,4266,504,2026-04-14
14375,4266,563,2026-04-11
14376,4266,695,2025-07-03
14377,4266,1359,2025-08-07
14378,4266,1377,2025-07-19
14379,4267,252,2025-11-06
14380,4267,834,2025-05-25
14381,4268,589,2025-09-17
14382,4268,1111,2025-10-19
14383,4269,1234,2025-11-03
14384,4269,1246,2025-04-24
14385,4269,1390,2025-01-30
14386,4269,1393,2025-01-16
14387,4270,199,2025-07-09
14388,4270,318,2025-02-24
14389,4270,1213,2025-10-30
14390,4271,290,2025-11-18
14391,4271,1009,2025-12-25
14392,4271,1155,2026-01-10
14393,4271,1163,2025-06-24
14394,4271,1315,2025-08-10
14395,4272,169,2025-08-20
14396,4272,336,2025-06-28
14397,4272,483,2026-04-26
14398,4272,854,2025-12-06
14399,4272,978,2026-04-15
14400,4272,1240,2025-07-25
14401,4273,671,2025-04-17
14402,4273,754,2025-07-07
14403,4273,795,2025-07-06
14404,4273,927,2026-02-03
14405,4273,1004,2025-09-16
14406,4273,1029,2025-06-01
14407,4274,122,2026-03-30
14408,4274,634,2025-03-16
14409,4275,1142,2026-03-13
14410,4275,1384,2025-04-05
14411,4276,709,2025-08-18
14412,4276,809,2025-11-23
14413,4276,827,2026-01-06
14414,4276,1109,2025-02-14
14415,4276,1442,2025-08-22
14416,4277,40,2025-03-21
14417,4277,260,2025-07-19
14418,4277,680,2025-07-26
14419,4277,1331,2025-03-10
14420,4277,1377,2026-01-25
14421,4278,201,2025-12-01
14422,4278,209,2025-07-05
14423,4278,506,2025-07-27
14424,4278,584,2025-07-07
14425,4278,707,2025-01-14
14426,4278,1478,2025-05-13
14427,4279,1170,2025-07-15
14428,4280,307,2026-03-24
14429,4280,822,2025-01-05
14430,4280,884,2025-09-01
14431,4280,921,2025-01-12
14432,4280,970,2025-12-06
14433,4280,1250,2025-01-22
14434,4281,85,2025-02-12
14435,4281,213,2025-05-31
14436,4281,406,2026-03-16
14437,4281,512,2025-12-01
14438,4281,586,2026-04-17
14439,4281,775,2025-05-21
14440,4281,814,2025-02-26
14441,4281,1225,2026-03-06
14442,4281,1405,2025-04-24
14443,4282,21,2025-01-03
14444,4282,293,2026-02-24
14445,4282,311,2025-07-13
14446,4282,847,2025-09-18
14447,4282,1007,2025-11-28
14448,4283,9,2025-08-04
14449,4283,455,2026-03-17
14450,4283,830,2025-04-03
14451,4283,834,2025-05-14
14452,4283,1123,2025-01-21
14453,4284,357,2026-02-08
14454,4284,504,2025-12-25
14455,4284,525,2025-09-20
14456,4284,786,2025-08-16
14457,4284,1006,2026-02-03
14458,4285,359,2026-02-18
14459,4285,709,2025-02-22
14460,4285,750,2026-03-25
14461,4285,825,2025-01-03
14462,4286,39,2025-01-02
14463,4286,438,2025-11-23
14464,4286,463,2026-02-21
14465,4286,684,2025-07-30
14466,4286,1140,2025-07-29
14467,4287,340,2025-10-05
14468,4287,365,2025-11-03
14469,4287,720,2025-01-31
14470,4287,785,2025-12-11
14471,4287,1091,2025-05-20
14472,4287,1169,2026-02-16
14473,4287,1349,2026-01-24
14474,4288,416,2025-02-21
14475,4288,589,2025-09-06
14476,4288,1274,2025-03-11
14477,4288,1310,2025-10-02
14478,4288,1339,2025-03-14
14479,4289,916,2025-01-04
14480,4290,32,2025-08-30
14481,4290,170,2025-07-28
14482,4290,271,2025-03-28
14483,4290,848,2025-04-09
14484,4290,919,2025-09-14
14485,4290,1245,2026-01-04
14486,4290,1432,2025-02-26
14487,4291,33,2025-03-04
14488,4291,566,2025-06-29
14489,4291,900,2026-03-22
14490,4291,1202,2026-02-10
14491,4292,673,2025-12-04
14492,4292,767,2025-03-24
14493,4292,1072,2025-03-13
14494,4293,38,2025-04-28
14495,4293,175,2025-03-15
14496,4293,182,2025-10-10
14497,4293,309,2025-03-17
14498,4293,783,2025-04-03
14499,4293,984,2025-03-31
14500,4294,381,2025-10-12
14501,4294,437,2025-03-21
14502,4294,575,2025-05-26
14503,4294,661,2025-01-07
14504,4294,726,2025-10-02
14505,4294,879,2025-05-23
14506,4294,1360,2025-08-30
14507,4294,1387,2025-06-17
14508,4294,1401,2026-03-20
14509,4294,1468,2025-03-21
14510,4295,271,2025-09-27
14511,4295,327,2025-04-09
14512,4295,1339,2025-07-03
14513,4295,1407,2025-11-07
14514,4295,1495,2025-10-30
14515,4296,266,2025-11-01
14516,4296,537,2025-06-02
14517,4296,572,2025-01-17
14518,4296,796,2025-01-01
14519,4296,979,2025-05-20
14520,4296,999,2025-02-17
14521,4297,1478,2025-01-20
14522,4298,370,2026-01-07
14523,4298,662,2026-01-20
14524,4298,1005,2025-10-11
14525,4299,169,2025-05-18
14526,4299,212,2025-08-20
14527,4299,529,2025-11-06
14528,4299,626,2026-02-15
14529,4299,774,2025-03-01
14530,4299,978,2025-04-27
14531,4300,175,2025-07-10
14532,4300,202,2026-04-01
14533,4300,1143,2026-02-05
14534,4301,174,2025-02-22
14535,4301,241,2025-12-27
14536,4302,809,2025-03-01
14537,4302,1048,2026-04-25
14538,4302,1454,2025-05-07
14539,4303,70,2025-06-27
14540,4303,414,2025-12-08
14541,4303,479,2025-01-16
14542,4303,1320,2026-02-27
14543,4304,108,2026-03-13
14544,4304,861,2026-04-30
14545,4305,134,2026-02-01
14546,4305,598,2025-06-10
14547,4305,615,2025-04-10
14548,4305,686,2025-06-13
14549,4305,807,2026-02-04
14550,4305,1324,2026-04-29
14551,4305,1366,2025-08-15
14552,4306,419,2026-04-20
14553,4306,552,2025-03-16
14554,4306,709,2025-03-26
14555,4306,934,2026-01-28
14556,4307,152,2025-11-26
14557,4307,880,2025-09-29
14558,4308,41,2025-10-31
14559,4308,247,2025-03-09
14560,4308,273,2026-04-18
14561,4308,310,2026-02-27
14562,4308,889,2025-01-04
14563,4308,1421,2026-02-10
14564,4309,109,2026-04-21
14565,4309,1093,2025-08-12
14566,4309,1307,2025-05-29
14567,4310,128,2025-03-02
14568,4310,227,2025-11-24
14569,4310,1277,2025-12-25
14570,4310,1312,2026-04-25
14571,4311,411,2025-12-07
14572,4312,49,2025-07-04
14573,4312,189,2025-09-08
14574,4312,757,2025-10-12
14575,4312,932,2025-01-21
14576,4312,1154,2025-11-03
14577,4313,664,2026-01-24
14578,4313,1080,2025-08-26
14579,4313,1402,2025-09-26
14580,4314,318,2025-05-04
14581,4314,333,2025-01-15
14582,4314,583,2025-03-07
14583,4314,748,2026-04-20
14584,4314,805,2025-10-04
14585,4314,1104,2025-01-09
14586,4314,1309,2026-03-12
14587,4315,175,2025-02-07
14588,4315,350,2025-01-13
14589,4315,474,2026-04-04
14590,4315,481,2025-06-03
14591,4315,1092,2025-02-22
14592,4315,1278,2025-11-15
14593,4315,1405,2025-05-28
14594,4316,310,2026-04-11
14595,4317,275,2026-03-20
14596,4317,620,2025-12-31
14597,4317,656,2026-04-28
14598,4317,1145,2025-06-18
14599,4317,1492,2025-05-05
14600,4318,130,2025-06-04
14601,4318,151,2025-02-09
14602,4318,218,2025-11-10
14603,4318,541,2025-06-20
14604,4319,379,2026-03-23
14605,4319,879,2026-01-24
14606,4319,1163,2025-03-06
14607,4319,1283,2026-02-07
14608,4319,1461,2026-01-26
14609,4320,215,2025-09-19
14610,4320,309,2026-01-25
14611,4320,479,2026-04-10
14612,4320,697,2025-02-18
14613,4320,1060,2026-04-22
14614,4321,602,2025-12-02
14615,4321,1036,2025-05-15
14616,4321,1059,2025-05-28
14617,4321,1307,2025-08-29
14618,4322,128,2025-10-12
14619,4322,258,2025-07-29
14620,4322,825,2026-02-14
14621,4322,1279,2025-08-21
14622,4322,1361,2025-05-28
14623,4322,1487,2026-01-11
14624,4323,568,2026-03-29
14625,4323,911,2025-11-18
14626,4323,974,2025-03-07
14627,4323,1158,2025-10-09
14628,4323,1265,2025-01-19
14629,4324,12,2025-03-31
14630,4324,387,2025-02-13
14631,4324,796,2025-11-25
14632,4325,45,2025-09-19
14633,4325,457,2025-12-12
14634,4325,807,2025-10-12
14635,4325,1117,2026-04-20
14636,4325,1214,2025-11-09
14637,4326,113,2025-04-25
14638,4326,203,2025-01-12
14639,4326,854,2025-07-17
14640,4326,1078,2025-04-24
14641,4326,1303,2026-01-23
14642,4326,1333,2025-06-26
14643,4326,1471,2025-09-12
14644,4327,511,2026-04-13
14645,4327,895,2025-10-14
14646,4328,105,2025-11-25
14647,4328,688,2025-12-30
14648,4328,1084,2025-01-13
14649,4329,69,2025-12-11
14650,4329,679,2025-04-27
14651,4329,796,2025-08-26
14652,4329,957,2025-10-13
14653,4330,50,2025-10-27
14654,4330,723,2026-01-31
14655,4330,1119,2025-03-01
14656,4331,341,2025-12-08
14657,4331,860,2025-03-16
14658,4331,982,2025-02-19
14659,4331,1076,2025-04-24
14660,4331,1357,2026-02-26
14661,4332,143,2025-12-05
14662,4332,263,2025-11-14
14663,4332,307,2026-01-07
14664,4332,821,2026-04-09
14665,4332,970,2026-01-03
14666,4332,978,2025-08-16
14667,4333,198,2025-05-09
14668,4333,402,2026-04-22
14669,4333,784,2026-04-15
14670,4333,998,2026-04-08
14671,4333,1003,2025-05-03
14672,4333,1124,2026-02-25
14673,4333,1149,2026-01-04
14674,4334,247,2025-07-26
14675,4334,314,2025-11-02
14676,4334,860,2025-10-22
14677,4335,899,2025-01-08
14678,4335,1289,2025-06-13
14679,4336,481,2026-02-21
14680,4336,1174,2025-06-19
14681,4337,636,2025-10-10
14682,4337,810,2025-06-15
14683,4337,941,2025-06-26
14684,4338,69,2026-04-14
14685,4338,126,2025-09-10
14686,4338,796,2026-02-06
14687,4339,388,2025-07-10
14688,4339,410,2025-10-31
14689,4339,494,2025-10-20
14690,4339,827,2025-06-06
14691,4339,879,2025-12-24
14692,4339,882,2026-01-29
14693,4339,1499,2025-01-11
14694,4340,31,2025-10-06
14695,4341,207,2026-01-24
14696,4341,839,2025-05-23
14697,4341,935,2025-04-06
14698,4341,1210,2025-10-22
14699,4342,1113,2026-04-04
14700,4342,1434,2026-01-13
14701,4343,37,2025-01-01
14702,4343,193,2026-03-04
14703,4343,252,2025-08-03
14704,4344,101,2025-11-05
14705,4344,642,2025-08-09
14706,4344,812,2025-10-18
14707,4345,207,2025-11-23
14708,4345,1396,2025-01-26
14709,4346,42,2025-12-20
14710,4346,152,2025-06-02
14711,4346,318,2025-07-03
14712,4346,437,2026-04-03
14713,4346,503,2025-03-20
14714,4346,850,2025-09-24
14715,4347,79,2025-11-08
14716,4347,439,2026-02-15
14717,4347,628,2025-10-06
14718,4347,797,2025-08-08
14719,4347,877,2025-01-08
14720,4347,969,2025-07-13
14721,4347,1142,2025-02-04
14722,4347,1200,2026-01-08
14723,4347,1385,2025-01-25
14724,4348,273,2025-07-18
14725,4348,964,2025-06-19
14726,4348,1118,2025-08-04
14727,4348,1178,2025-08-24
14728,4348,1267,2025-05-04
14729,4349,257,2025-04-30
14730,4349,502,2025-08-20
14731,4349,627,2026-01-23
14732,4349,928,2025-05-20
14733,4349,1133,2025-07-10
14734,4349,1497,2025-08-16
14735,4350,156,2026-04-03
14736,4350,586,2025-01-23
14737,4350,1033,2025-02-12
14738,4351,529,2025-07-24
14739,4351,749,2025-06-12
14740,4351,818,2025-03-15
14741,4351,1320,2025-08-16
14742,4351,1410,2025-08-01
14743,4352,407,2025-02-17
14744,4352,1175,2026-04-20
14745,4352,1329,2025-04-25
14746,4352,1498,2025-08-03
14747,4353,610,2025-12-06
14748,4353,1101,2025-10-14
14749,4354,820,2025-02-05
14750,4354,997,2025-06-03
14751,4355,31,2025-10-28
14752,4355,227,2026-04-06
14753,4355,258,2025-10-10
14754,4355,268,2025-01-30
14755,4355,769,2025-03-13
14756,4355,928,2025-07-03
14757,4356,34,2025-04-23
14758,4356,40,2025-11-22
14759,4356,749,2025-01-11
14760,4356,850,2025-09-20
14761,4356,1019,2025-05-24
14762,4356,1039,2025-04-10
14763,4356,1158,2025-09-03
14764,4356,1382,2026-01-06
14765,4357,336,2025-07-24
14766,4357,382,2025-11-12
14767,4357,923,2025-11-11
14768,4357,1111,2025-03-24
14769,4357,1178,2025-11-24
14770,4358,133,2025-11-10
14771,4358,220,2026-03-11
14772,4358,228,2025-07-23
14773,4358,307,2025-06-01
14774,4358,313,2025-05-18
14775,4358,349,2025-06-04
14776,4358,706,2025-08-24
14777,4358,807,2026-02-01
14778,4358,964,2026-03-05
14779,4359,119,2025-09-13
14780,4360,60,2026-03-17
14781,4360,709,2026-04-11
14782,4360,1059,2025-04-03
14783,4360,1083,2025-06-15
14784,4360,1395,2026-02-15
14785,4360,1487,2026-03-25
14786,4361,399,2026-02-20
14787,4361,852,2025-01-05
14788,4361,902,2025-09-30
14789,4362,436,2025-05-25
14790,4362,884,2025-12-12
14791,4362,921,2025-04-05
14792,4362,960,2025-05-04
14793,4362,1498,2026-01-16
14794,4363,12,2025-03-14
14795,4363,113,2026-04-07
14796,4363,140,2025-05-09
14797,4363,749,2025-03-31
14798,4363,1304,2025-04-19
14799,4363,1326,2025-06-04
14800,4364,592,2025-09-20
14801,4364,1053,2025-01-03
14802,4364,1301,2026-01-28
14803,4364,1311,2025-01-17
14804,4364,1450,2025-05-21
14805,4365,1071,2025-02-10
14806,4365,1233,2025-08-21
14807,4365,1440,2025-12-30
14808,4366,48,2025-03-06
14809,4366,529,2025-06-07
14810,4366,566,2025-02-26
14811,4366,732,2026-01-04
14812,4366,998,2025-06-19
14813,4366,1004,2025-06-25
14814,4366,1032,2025-05-07
14815,4366,1092,2026-04-28
14816,4367,576,2026-03-24
14817,4367,1313,2025-07-23
14818,4367,1325,2025-11-04
14819,4368,75,2025-02-25
14820,4368,254,2025-06-17
14821,4368,276,2025-10-01
14822,4368,640,2025-06-23
14823,4368,671,2025-06-11
14824,4368,1021,2025-08-23
14825,4369,251,2025-05-25
14826,4369,281,2026-03-10
14827,4369,709,2025-10-27
14828,4369,860,2026-04-21
14829,4369,1316,2025-01-15
14830,4370,12,2025-07-16
14831,4370,678,2025-03-31
14832,4370,786,2026-03-04
14833,4370,838,2025-09-13
14834,4370,970,2025-10-16
14835,4370,983,2026-02-19
14836,4370,1248,2025-07-13
14837,4371,67,2025-01-08
14838,4371,69,2025-03-25
14839,4371,96,2025-05-23
14840,4371,213,2025-03-26
14841,4371,614,2025-07-08
14842,4371,952,2025-08-20
14843,4372,402,2025-02-01
14844,4373,173,2025-05-03
14845,4373,334,2026-01-26
14846,4373,383,2025-04-20
14847,4373,1149,2025-04-24
14848,4373,1209,2025-12-03
14849,4374,107,2025-03-15
14850,4374,361,2025-11-14
14851,4374,386,2026-02-11
14852,4374,807,2025-06-23
14853,4374,921,2025-12-12
14854,4374,970,2025-11-04
14855,4375,166,2025-05-30
14856,4375,236,2025-07-03
14857,4375,1055,2025-04-03
14858,4376,643,2026-04-22
14859,4376,865,2025-04-24
14860,4376,1186,2026-03-11
14861,4376,1320,2025-02-12
14862,4376,1321,2025-06-14
14863,4376,1438,2025-11-24
14864,4377,156,2025-10-03
14865,4377,448,2026-04-17
14866,4377,809,2026-02-19
14867,4377,1090,2025-03-13
14868,4377,1330,2025-09-26
14869,4378,868,2025-07-18
14870,4379,156,2025-04-26
14871,4379,1019,2025-01-24
14872,4379,1035,2025-05-24
14873,4379,1209,2025-01-11
14874,4379,1325,2026-04-12
14875,4379,1403,2026-03-01
14876,4380,73,2025-03-13
14877,4380,119,2025-11-06
14878,4380,1270,2025-08-11
14879,4380,1332,2025-07-20
14880,4380,1463,2025-04-05
14881,4381,318,2026-04-09
14882,4381,622,2026-03-28
14883,4381,703,2025-12-20
14884,4382,49,2025-11-13
14885,4382,159,2025-11-04
14886,4382,359,2025-02-16
14887,4382,851,2025-08-15
14888,4382,983,2025-03-22
14889,4382,1248,2025-02-20
14890,4382,1320,2025-09-06
14891,4383,120,2025-06-01
14892,4383,270,2025-03-22
14893,4383,506,2025-11-04
14894,4383,525,2025-03-13
14895,4384,281,2026-03-01
14896,4384,309,2025-03-09
14897,4384,775,2025-01-14
14898,4384,1060,2025-06-04
14899,4384,1271,2025-02-14
14900,4385,285,2025-07-28
14901,4385,519,2025-08-26
14902,4385,1354,2025-10-05
14903,4386,23,2026-04-20
14904,4386,310,2026-01-29
14905,4386,313,2025-04-01
14906,4386,514,2026-04-09
14907,4386,889,2025-03-03
14908,4386,1128,2025-07-03
14909,4387,544,2025-12-17
14910,4387,764,2025-05-04
14911,4387,785,2025-10-30
14912,4387,890,2025-04-01
14913,4387,912,2026-04-06
14914,4387,1112,2025-07-27
14915,4388,122,2025-07-15
14916,4388,139,2025-11-06
14917,4388,441,2025-04-18
14918,4388,556,2025-09-01
14919,4388,779,2026-03-16
14920,4389,289,2026-03-04
14921,4389,537,2025-01-03
14922,4389,732,2025-07-22
14923,4389,1320,2025-04-24
14924,4390,899,2025-03-06
14925,4390,1054,2026-02-24
14926,4390,1082,2025-07-01
14927,4390,1274,2026-01-20
14928,4390,1498,2025-01-17
14929,4391,1478,2025-04-21
14930,4392,696,2025-03-04
14931,4392,743,2026-03-06
14932,4392,977,2025-04-29
14933,4393,79,2025-10-28
14934,4393,498,2025-03-22
14935,4393,797,2025-09-14
14936,4393,972,2025-01-24
14937,4393,1174,2025-06-04
14938,4393,1325,2025-09-30
14939,4393,1402,2026-02-04
14940,4393,1488,2026-04-26
14941,4394,39,2026-02-25
14942,4394,364,2025-07-03
14943,4395,90,2025-01-04
14944,4395,746,2025-04-05
14945,4395,1008,2025-03-19
14946,4396,23,2025-01-24
14947,4396,861,2025-08-03
14948,4396,1206,2025-02-18
14949,4396,1409,2025-12-10
14950,4396,1444,2025-10-27
14951,4396,1450,2025-01-25
14952,4397,51,2025-02-24
14953,4397,1022,2025-10-23
14954,4398,921,2025-05-03
14955,4398,1118,2025-11-26
14956,4398,1124,2025-05-05
14957,4399,70,2025-04-19
14958,4399,133,2025-07-11
14959,4399,602,2025-11-13
14960,4399,806,2025-04-26
14961,4399,999,2025-09-08
14962,4399,1211,2025-11-06
14963,4399,1233,2025-09-07
14964,4399,1434,2025-02-13
14965,4400,214,2025-11-06
14966,4400,1244,2025-02-01
14967,4401,12,2025-01-02
14968,4401,96,2025-01-30
14969,4401,220,2025-11-27
14970,4401,534,2025-01-12
14971,4401,1015,2025-04-05
14972,4401,1215,2025-12-29
14973,4401,1478,2025-10-25
14974,4401,1493,2025-11-28
14975,4402,2,2025-06-24
14976,4402,408,2025-08-09
14977,4402,715,2025-02-20
14978,4402,975,2025-07-12
14979,4402,1076,2025-03-16
14980,4403,383,2025-04-05
14981,4403,797,2026-03-07
14982,4403,877,2025-06-24
14983,4403,1039,2025-07-12
14984,4403,1149,2026-01-02
14985,4403,1227,2026-01-03
14986,4403,1385,2025-12-13
14987,4404,1334,2025-05-24
14988,4405,856,2025-12-25
14989,4405,1035,2025-09-10
14990,4406,48,2025-02-02
14991,4406,1071,2025-09-21
14992,4406,1228,2026-01-14
14993,4407,151,2025-07-08
14994,4407,616,2025-07-01
14995,4407,631,2025-11-04
14996,4408,88,2025-06-08
14997,4408,577,2025-01-02
14998,4408,596,2026-01-08
14999,4409,887,2025-08-19
15000,4409,1247,2025-10-24
15001,4409,1283,2025-11-15
15002,4410,226,2026-02-20
15003,4410,732,2026-04-06
15004,4410,922,2025-03-15
15005,4410,1004,2025-04-27
15006,4410,1360,2025-01-01
15007,4411,306,2025-05-27
15008,4411,426,2026-02-11
15009,4411,686,2026-02-04
15010,4411,807,2025-06-26
15011,4411,1109,2026-01-08
15012,4412,107,2026-02-16
15013,4412,230,2025-04-22
15014,4412,799,2025-03-11
15015,4412,964,2026-01-16
15016,4413,83,2025-04-30
15017,4413,461,2025-02-12
15018,4413,938,2025-07-17
15019,4414,136,2025-11-30
15020,4414,171,2025-11-18
15021,4414,293,2025-08-28
15022,4414,643,2025-08-27
15023,4414,703,2026-04-15
15024,4414,963,2026-02-05
15025,4414,1229,2025-10-01
15026,4414,1307,2026-01-29
15027,4414,1320,2025-02-08
15028,4414,1427,2025-05-26
15029,4415,864,2025-06-19
15030,4415,964,2025-07-12
15031,4415,970,2025-05-29
15032,4415,1330,2025-08-14
15033,4415,1420,2026-01-11
15034,4416,141,2025-05-28
15035,4416,191,2026-03-05
15036,4416,294,2025-05-06
15037,4416,961,2025-08-16
15038,4416,1096,2025-01-07
15039,4416,1169,2026-02-05
15040,4416,1449,2026-01-14
15041,4417,119,2025-03-02
15042,4417,431,2025-11-11
15043,4417,601,2025-06-01
15044,4417,687,2026-04-29
15045,4417,847,2026-01-23
15046,4417,1248,2025-06-30
15047,4417,1320,2025-04-11
15048,4418,93,2025-12-13
15049,4418,331,2025-11-11
15050,4418,552,2025-12-25
15051,4418,992,2026-04-13
15052,4418,1360,2025-02-23
15053,4418,1381,2026-04-17
15054,4419,210,2025-02-11
15055,4419,392,2025-12-10
15056,4419,432,2025-08-20
15057,4419,656,2025-09-13
15058,4419,733,2025-08-08
15059,4419,929,2025-08-04
15060,4419,1190,2025-12-31
15061,4419,1461,2025-08-08
15062,4419,1475,2025-06-24
15063,4420,65,2025-01-30
15064,4420,606,2025-06-26
15065,4420,705,2025-04-01
15066,4420,953,2025-12-04
15067,4421,552,2025-08-30
15068,4421,843,2025-11-28
15069,4421,995,2026-04-04
15070,4421,1257,2026-01-24
15071,4422,492,2025-08-03
15072,4422,1129,2025-02-04
15073,4423,109,2025-03-06
15074,4423,509,2025-01-14
15075,4423,583,2026-02-06
15076,4423,1093,2025-10-22
15077,4423,1150,2025-03-23
15078,4423,1394,2025-10-11
15079,4424,299,2025-02-14
15080,4424,597,2026-02-25
15081,4424,1217,2025-12-25
15082,4424,1350,2025-11-28
15083,4424,1478,2025-06-14
15084,4425,1123,2025-09-02
15085,4426,81,2025-10-08
15086,4426,811,2025-01-29
15087,4426,901,2025-07-28
15088,4426,922,2025-12-06
15089,4426,1258,2025-02-07
15090,4427,222,2026-02-13
15091,4427,426,2026-01-05
15092,4427,685,2025-11-16
15093,4428,49,2025-01-31
15094,4428,928,2025-03-21
15095,4428,1467,2025-03-09
15096,4429,169,2025-05-06
15097,4429,382,2025-02-05
15098,4429,809,2025-12-12
15099,4429,971,2025-02-28
15100,4429,1188,2025-07-20
15101,4429,1242,2025-09-02
15102,4429,1424,2025-11-17
15103,4430,93,2025-10-08
15104,4430,150,2025-12-15
15105,4430,200,2026-04-20
15106,4430,1381,2025-08-15
15107,4430,1382,2025-01-13
15108,4431,97,2025-07-17
15109,4431,907,2025-11-19
15110,4432,627,2026-02-27
15111,4432,1244,2025-09-02
15112,4432,1405,2025-11-20
15113,4433,730,2025-08-07
15114,4434,2,2025-04-15
15115,4434,893,2025-06-21
15116,4434,1447,2025-05-06
15117,4435,96,2025-03-11
15118,4435,257,2025-03-19
15119,4435,1295,2025-04-12
15120,4436,109,2025-12-17
15121,4436,408,2025-09-06
15122,4436,583,2025-03-05
15123,4436,1048,2025-10-04
15124,4436,1093,2025-07-02
15125,4437,533,2025-10-27
15126,4438,227,2025-03-21
15127,4438,390,2025-02-06
15128,4438,408,2026-03-21
15129,4438,525,2025-03-12
15130,4438,555,2025-07-13
15131,4438,828,2026-02-24
15132,4438,957,2025-11-22
15133,4438,1006,2025-09-22
15134,4438,1462,2026-01-04
15135,4439,467,2025-05-26
15136,4439,858,2025-11-28
15137,4439,935,2025-09-20
15138,4439,1410,2025-07-08
15139,4440,439,2025-08-01
15140,4441,305,2025-04-23
15141,4441,420,2026-04-12
15142,4441,499,2025-09-12
15143,4441,606,2025-02-12
15144,4442,49,2025-02-12
15145,4442,188,2025-05-27
15146,4443,82,2026-03-10
15147,4443,175,2025-03-19
15148,4443,376,2025-11-07
15149,4443,611,2025-06-09
15150,4443,1439,2025-04-09
15151,4444,151,2025-01-12
15152,4444,156,2025-01-21
15153,4444,310,2025-01-15
15154,4444,514,2026-04-26
15155,4444,987,2026-01-18
15156,4444,1237,2025-05-06
15157,4445,39,2025-08-21
15158,4445,104,2026-03-02
15159,4445,982,2025-06-22
15160,4446,536,2026-01-31
15161,4446,677,2026-04-11
15162,4447,212,2025-05-06
15163,4447,624,2025-10-19
15164,4447,638,2026-01-21
15165,4447,960,2025-10-03
15166,4447,1118,2025-10-17
15167,4447,1185,2026-04-10
15168,4448,443,2025-12-23
15169,4448,568,2025-03-18
15170,4448,796,2026-03-24
15171,4448,1019,2025-05-05
15172,4448,1234,2025-12-26
15173,4448,1442,2025-12-24
15174,4448,1462,2025-02-07
15175,4449,756,2025-04-17
15176,4449,881,2025-03-15
15177,4449,1100,2025-05-13
15178,4449,1312,2025-08-12
15179,4449,1426,2025-06-26
15180,4450,357,2025-11-03
15181,4450,390,2025-12-04
15182,4450,504,2025-11-17
15183,4450,525,2025-09-15
15184,4450,907,2026-03-12
15185,4450,1093,2025-07-14
15186,4451,1075,2025-07-14
15187,4451,1236,2025-11-10
15188,4452,407,2025-04-17
15189,4452,426,2025-03-06
15190,4452,585,2025-09-03
15191,4452,958,2026-01-22
15192,4452,1489,2025-10-02
15193,4453,295,2026-01-01
15194,4453,370,2025-05-13
15195,4453,871,2025-02-22
15196,4453,1390,2025-09-09
15197,4454,169,2025-12-04
15198,4454,232,2025-10-11
15199,4454,363,2025-04-14
15200,4454,517,2026-02-15
15201,4454,899,2025-12-16
15202,4454,923,2025-09-12
15203,4454,1384,2025-07-31
15204,4455,407,2025-06-25
15205,4455,541,2025-10-19
15206,4455,760,2025-02-06
15207,4455,963,2026-03-28
15208,4455,1137,2025-06-24
15209,4456,1206,2026-04-04
15210,4456,1338,2025-04-18
15211,4457,314,2026-04-16
15212,4458,144,2025-09-26
15213,4458,247,2025-03-13
15214,4458,346,2025-01-22
15215,4458,347,2025-02-18
15216,4458,379,2025-02-20
15217,4458,397,2026-02-03
15218,4458,751,2025-05-21
15219,4458,1158,2025-12-08
15220,4459,93,2026-03-22
15221,4459,605,2025-01-16
15222,4459,671,2026-02-22
15223,4459,732,2025-07-18
15224,4459,1486,2026-02-16
15225,4460,240,2025-06-30
15226,4460,327,2025-03-25
15227,4460,596,2025-12-25
15228,4460,991,2025-08-08
15229,4460,1076,2025-07-21
15230,4461,1182,2025-05-30
15231,4462,332,2025-04-05
15232,4462,491,2025-08-09
15233,4462,921,2025-08-16
15234,4462,1164,2026-03-20
15235,4462,1188,2026-02-11
15236,4462,1250,2026-03-25
15237,4463,149,2025-04-23
15238,4463,158,2026-03-23
15239,4463,367,2026-03-31
15240,4463,370,2025-07-08
15241,4463,540,2025-02-02
15242,4463,843,2026-02-17
15243,4463,1041,2025-03-15
15244,4463,1426,2025-09-07
15245,4464,123,2025-04-04
15246,4464,249,2025-05-24
15247,4464,319,2025-06-11
15248,4464,811,2026-04-28
15249,4465,246,2025-06-26
15250,4465,255,2025-04-23
15251,4465,407,2026-02-18
15252,4465,899,2026-04-11
15253,4465,1098,2025-05-08
15254,4465,1201,2025-09-08
15255,4465,1208,2026-03-04
15256,4465,1421,2025-07-07
15257,4466,81,2025-12-11
15258,4466,247,2025-07-20
15259,4466,397,2025-06-10
15260,4466,783,2026-04-22
15261,4466,1057,2026-01-20
15262,4466,1415,2025-07-17
15263,4467,502,2025-11-11
15264,4467,614,2025-08-29
15265,4467,838,2025-07-30
15266,4467,913,2025-05-14
15267,4467,1328,2025-09-28
15268,4467,1452,2025-08-14
15269,4467,1466,2025-09-19
15270,4468,1058,2025-05-31
15271,4468,1464,2025-10-29
15272,4468,1481,2025-08-07
15273,4469,481,2025-03-23
15274,4469,552,2025-03-26
15275,4470,652,2025-05-23
15276,4470,656,2026-02-21
15277,4470,918,2026-02-15
15278,4470,1281,2025-10-23
15279,4470,1379,2025-05-28
15280,4470,1394,2025-12-29
15281,4471,38,2025-07-08
15282,4471,272,2026-03-02
15283,4471,1304,2025-03-03
15284,4472,162,2025-01-12
15285,4472,1250,2025-06-07
15286,4473,13,2025-07-28
15287,4473,806,2025-11-17
15288,4473,1483,2025-03-12
15289,4474,196,2025-06-11
15290,4474,319,2025-01-03
15291,4474,346,2025-07-31
15292,4474,655,2025-10-24
15293,4474,698,2025-03-08
15294,4474,826,2025-10-18
15295,4474,1015,2025-08-03
15296,4474,1252,2025-06-17
15297,4474,1294,2025-07-16
15298,4475,308,2025-10-01
15299,4475,708,2026-04-21
15300,4475,828,2025-06-20
15301,4475,1129,2026-03-16
15302,4475,1402,2025-02-26
15303,4476,69,2025-03-15
15304,4476,343,2026-02-24
15305,4476,557,2025-12-11
15306,4476,796,2025-01-28
15307,4477,289,2026-03-20
15308,4477,297,2025-08-04
15309,4477,680,2026-01-28
15310,4477,725,2025-03-06
15311,4477,847,2026-01-20
15312,4477,1377,2025-08-18
15313,4478,13,2026-03-25
15314,4478,67,2025-08-02
15315,4478,583,2025-12-31
15316,4478,949,2025-09-10
15317,4478,999,2025-04-02
15318,4479,281,2025-11-02
15319,4479,379,2026-04-29
15320,4479,388,2025-04-29
15321,4479,654,2026-01-14
15322,4479,1068,2025-06-13
15323,4480,153,2025-12-26
15324,4480,612,2025-01-12
15325,4480,737,2025-11-11
15326,4480,909,2025-08-14
15327,4480,1426,2025-10-27
15328,4481,313,2026-02-03
15329,4481,470,2025-04-21
15330,4481,807,2025-05-12
15331,4481,913,2025-12-17
15332,4481,932,2026-03-26
15333,4481,1054,2025-05-18
15334,4482,118,2026-03-20
15335,4482,1059,2025-03-12
15336,4482,1326,2025-02-07
15337,4483,449,2025-03-09
15338,4483,787,2025-10-22
15339,4483,924,2025-02-26
15340,4483,1294,2025-06-04
15341,4484,61,2025-08-12
15342,4484,123,2026-03-21
15343,4484,455,2026-02-05
15344,4484,956,2025-12-03
15345,4484,998,2025-07-10
15346,4484,1327,2026-04-07
15347,4485,14,2025-01-03
15348,4485,245,2025-04-06
15349,4485,406,2025-03-17
15350,4485,711,2026-02-08
15351,4485,1160,2025-04-11
15352,4485,1339,2025-05-30
15353,4485,1385,2026-04-03
15354,4485,1451,2025-09-10
15355,4486,287,2025-08-25
15356,4486,1393,2025-10-09
15357,4487,525,2026-03-15
15358,4487,818,2025-12-20
15359,4487,823,2026-04-24
15360,4487,936,2026-03-14
15361,4487,1393,2025-12-25
15362,4488,97,2025-12-09
15363,4488,319,2026-01-09
15364,4488,1367,2025-12-24
15365,4488,1484,2025-01-04
15366,4489,759,2025-05-27
15367,4489,1080,2026-04-12
15368,4489,1326,2025-06-26
15369,4489,1376,2025-09-10
15370,4490,169,2026-01-06
15371,4490,332,2025-10-18
15372,4490,637,2025-08-26
15373,4490,802,2026-03-16
15374,4490,1476,2026-03-26
15375,4491,537,2025-03-12
15376,4491,762,2025-07-11
15377,4491,952,2025-03-01
15378,4491,979,2026-03-19
15379,4492,81,2025-09-24
15380,4492,331,2025-05-30
15381,4492,555,2025-12-24
15382,4492,870,2025-12-02
15383,4492,916,2025-01-27
15384,4492,1288,2025-08-23
15385,4492,1351,2025-01-13
15386,4493,630,2025-04-15
15387,4493,680,2025-04-28
15388,4493,936,2025-11-29
15389,4493,945,2025-11-09
15390,4493,1093,2025-09-29
15391,4493,1234,2025-03-10
15392,4493,1423,2025-02-17
15393,4494,224,2025-05-30
15394,4494,380,2025-08-20
15395,4494,517,2025-10-12
15396,4494,735,2025-12-15
15397,4494,1118,2026-03-07
15398,4494,1124,2026-04-30
15399,4495,358,2026-04-29
15400,4495,637,2026-05-01
15401,4495,960,2025-03-15
15402,4495,1124,2026-02-01
15403,4495,1239,2025-05-05
15404,4495,1366,2025-04-09
15405,4496,148,2025-08-16
15406,4496,172,2025-11-27
15407,4496,433,2026-01-10
15408,4497,34,2026-03-27
15409,4497,390,2025-03-21
15410,4497,769,2025-12-22
15411,4497,1454,2025-01-29
15412,4497,1480,2026-04-20
15413,4498,138,2025-10-18
15414,4498,843,2025-12-24
15415,4498,1236,2025-12-27
15416,4498,1241,2025-05-19
15417,4498,1327,2025-06-12
15418,4498,1430,2025-02-02
15419,4499,39,2026-01-03
15420,4499,525,2026-04-18
15421,4499,614,2025-07-22
15422,4500,255,2025-09-07
15423,4500,361,2025-07-24
15424,4500,535,2026-01-28
15425,4500,674,2026-01-09
15426,4500,734,2025-08-16
15427,4501,368,2025-01-07
15428,4501,399,2025-07-22
15429,4501,565,2025-04-11
15430,4501,628,2025-07-28
15431,4501,1012,2025-11-19
15432,4502,208,2025-04-23
15433,4502,567,2025-12-10
15434,4503,167,2025-03-13
15435,4503,970,2026-03-11
15436,4504,122,2026-03-18
15437,4504,131,2026-02-06
15438,4504,158,2026-02-18
15439,4504,441,2025-09-24
15440,4504,510,2025-08-07
15441,4504,530,2025-04-13
15442,4504,950,2025-01-03
15443,4504,1344,2025-02-27
15444,4505,276,2025-02-04
15445,4505,336,2025-03-12
15446,4505,376,2026-03-29
15447,4505,434,2026-02-11
15448,4505,833,2026-02-27
15449,4505,970,2025-03-19
15450,4505,1018,2025-01-14
15451,4506,378,2026-02-25
15452,4506,1226,2026-05-01
15453,4507,35,2026-03-07
15454,4507,149,2025-01-26
15455,4507,451,2026-04-02
15456,4508,795,2026-03-31
15457,4508,922,2026-01-04
15458,4508,998,2025-12-13
15459,4508,1351,2025-09-23
15460,4508,1477,2025-05-30
15461,4509,155,2025-09-15
15462,4509,260,2026-04-16
15463,4509,478,2025-05-18
15464,4510,535,2025-03-06
15465,4511,601,2025-07-18
15466,4511,1019,2026-02-23
15467,4512,270,2025-05-10
15468,4512,896,2026-01-31
15469,4512,925,2026-03-22
15470,4512,1270,2025-10-06
15471,4513,400,2025-04-15
15472,4513,494,2025-04-15
15473,4513,1292,2026-01-21
15474,4514,483,2025-04-19
15475,4514,612,2025-08-05
15476,4514,809,2026-03-11
15477,4514,1175,2025-08-20
15478,4515,178,2025-12-12
15479,4515,1014,2025-10-23
15480,4515,1402,2025-07-15
15481,4515,1407,2025-01-12
15482,4516,273,2026-04-30
15483,4516,363,2026-02-09
15484,4516,958,2025-09-18
15485,4516,1082,2025-03-27
15486,4516,1185,2026-04-26
15487,4517,62,2025-12-20
15488,4517,71,2025-10-04
15489,4517,394,2025-11-06
15490,4517,671,2025-07-27
15491,4517,1004,2025-09-13
15492,4517,1361,2026-01-06
15493,4518,506,2026-01-14
15494,4518,559,2025-11-23
15495,4518,563,2025-02-13
15496,4518,1083,2025-12-24
15497,4519,200,2025-04-16
15498,4519,544,2025-07-15
15499,4519,830,2025-01-05
15500,4519,1312,2026-03-13
15501,4519,1381,2025-06-21
15502,4520,22,2025-11-24
15503,4520,186,2025-12-13
15504,4521,35,2025-05-10
15505,4521,285,2025-11-07
15506,4521,613,2026-04-15
15507,4521,713,2025-05-27
15508,4522,277,2026-04-02
15509,4522,467,2025-08-11
15510,4522,671,2026-03-25
15511,4522,855,2026-04-14
15512,4522,1004,2025-11-03
15513,4523,38,2025-03-10
15514,4523,437,2025-01-13
15515,4523,440,2025-10-15
15516,4523,559,2025-07-09
15517,4523,756,2026-04-15
15518,4523,1291,2025-08-03
15519,4523,1398,2025-05-24
15520,4523,1484,2025-10-18
15521,4523,1487,2026-01-02
15522,4524,306,2026-03-03
15523,4525,11,2025-01-27
15524,4525,129,2025-02-28
15525,4526,149,2026-03-20
15526,4526,585,2025-04-07
15527,4526,615,2025-03-16
15528,4526,679,2025-05-14
15529,4526,812,2025-11-15
15530,4526,970,2025-07-09
15531,4526,1042,2026-01-26
15532,4526,1128,2026-03-20
15533,4526,1329,2025-02-17
15534,4527,82,2026-04-10
15535,4527,200,2025-10-16
15536,4527,664,2026-04-22
15537,4527,1035,2025-04-21
15538,4527,1148,2025-07-11
15539,4527,1436,2025-01-26
15540,4527,1451,2026-02-27
15541,4528,8,2025-12-01
15542,4528,99,2026-04-01
15543,4528,952,2026-03-24
15544,4529,886,2025-01-01
15545,4529,1056,2025-02-09
15546,4529,1332,2025-02-25
15547,4529,1469,2026-04-06
15548,4530,465,2025-06-19
15549,4530,517,2025-05-30
15550,4530,672,2025-07-20
15551,4530,886,2025-02-26
15552,4530,1062,2025-09-01
15553,4530,1152,2025-06-26
15554,4530,1200,2026-02-07
15555,4531,16,2026-04-06
15556,4531,175,2025-09-29
15557,4531,288,2026-01-02
15558,4531,404,2025-12-20
15559,4531,467,2026-04-04
15560,4531,1218,2025-12-29
15561,4532,961,2025-11-25
15562,4532,992,2025-01-31
15563,4532,1107,2025-10-04
15564,4532,1264,2026-03-26
15565,4533,561,2025-01-25
15566,4533,1015,2025-04-21
15567,4533,1240,2025-09-26
15568,4533,1258,2026-01-11
15569,4534,76,2025-09-18
15570,4534,336,2025-10-23
15571,4534,535,2025-11-24
15572,4534,822,2026-01-23
15573,4534,893,2026-01-08
15574,4534,1239,2026-01-12
15575,4534,1411,2025-01-19
15576,4535,76,2025-05-27
15577,4535,517,2025-05-11
15578,4535,978,2025-11-23
15579,4535,1267,2025-02-04
15580,4535,1323,2025-02-01
15581,4536,107,2025-05-25
15582,4536,276,2025-02-01
15583,4536,448,2025-05-20
15584,4536,923,2025-05-04
15585,4536,964,2025-02-02
15586,4536,1143,2025-06-28
15587,4537,34,2025-07-27
15588,4537,415,2025-07-17
15589,4537,443,2026-04-03
15590,4537,680,2025-09-18
15591,4537,728,2025-06-24
15592,4537,910,2025-02-08
15593,4537,1150,2025-12-18
15594,4538,561,2025-04-20
15595,4538,918,2026-03-03
15596,4538,947,2025-06-19
15597,4539,764,2025-04-08
15598,4539,902,2025-09-25
15599,4539,1133,2025-11-21
15600,4540,98,2025-12-02
15601,4540,332,2025-02-22
15602,4540,367,2025-05-21
15603,4540,1137,2025-09-21
15604,4540,1370,2025-11-27
15605,4541,390,2025-04-22
15606,4541,525,2025-09-02
15607,4541,597,2025-06-08
15608,4541,757,2025-08-23
15609,4541,984,2025-06-13
15610,4541,1326,2025-06-30
15611,4542,596,2025-09-16
15612,4542,621,2025-01-26
15613,4542,696,2025-04-11
15614,4542,919,2025-01-22
15615,4542,1110,2025-11-16
15616,4542,1129,2025-11-24
15617,4543,163,2025-01-07
15618,4543,207,2025-02-22
15619,4543,422,2026-04-18
15620,4543,672,2025-07-26
15621,4543,913,2025-09-22
15622,4543,1206,2026-04-22
15623,4543,1450,2025-06-12
15624,4544,348,2025-07-15
15625,4544,675,2025-05-25
15626,4545,331,2025-08-18
15627,4545,1202,2025-02-26
15628,4546,48,2025-09-07
15629,4546,133,2026-03-07
15630,4546,420,2026-02-22
15631,4547,169,2025-08-19
15632,4547,307,2025-10-09
15633,4547,1188,2025-05-15
15634,4547,1424,2025-01-19
15635,4548,409,2025-02-16
15636,4549,109,2026-04-20
15637,4549,120,2025-11-08
15638,4549,231,2025-01-20
15639,4549,456,2025-03-21
15640,4549,976,2026-03-31
15641,4549,1276,2025-08-25
15642,4549,1320,2026-02-09
15643,4549,1382,2026-04-12
15644,4549,1397,2025-12-03
15645,4549,1457,2025-02-22
15646,4550,13,2025-07-27
15647,4550,348,2026-04-05
15648,4550,885,2025-11-07
15649,4550,957,2025-09-27
15650,4550,1234,2025-12-22
15651,4551,336,2025-10-14
15652,4551,344,2025-11-27
15653,4551,734,2025-12-27
15654,4551,923,2025-04-15
15655,4551,964,2025-09-05
15656,4551,1401,2025-12-26
15657,4552,96,2025-02-22
15658,4552,232,2025-08-12
15659,4552,361,2025-02-17
15660,4552,390,2025-02-24
15661,4552,517,2025-07-07
15662,4552,734,2025-09-22
15663,4552,1267,2026-04-21
15664,4553,1296,2025-07-19
15665,4553,1363,2025-08-06
15666,4553,1449,2026-02-14
15667,4554,242,2025-09-22
15668,4554,323,2025-08-05
15669,4555,771,2025-02-27
15670,4556,70,2025-02-13
15671,4556,270,2025-10-19
15672,4556,443,2025-10-20
15673,4556,1008,2025-08-29
15674,4556,1307,2026-02-28
15675,4556,1394,2026-03-02
15676,4556,1478,2025-07-17
15677,4556,1495,2025-08-13
15678,4557,373,2025-07-02
15679,4557,400,2025-10-24
15680,4558,264,2026-01-12
15681,4558,534,2025-12-31
15682,4558,827,2025-09-24
15683,4558,918,2025-04-14
15684,4558,1217,2025-12-06
15685,4558,1452,2025-04-12
15686,4559,536,2025-03-23
15687,4559,1385,2025-07-31
15688,4560,680,2025-02-03
15689,4560,1120,2025-09-01
15690,4560,1121,2026-03-22
15691,4561,13,2025-01-22
15692,4561,114,2026-01-04
15693,4561,440,2025-06-14
15694,4561,857,2026-03-19
15695,4561,1248,2025-01-15
15696,4561,1295,2025-06-20
15697,4562,70,2025-10-02
15698,4562,148,2025-04-17
15699,4562,272,2025-07-11
15700,4562,542,2025-04-08
15701,4562,999,2025-05-11
15702,4562,1393,2025-07-02
15703,4563,306,2025-11-26
15704,4563,361,2025-10-04
15705,4563,407,2025-02-04
15706,4563,963,2025-10-29
15707,4563,964,2025-06-28
15708,4563,1429,2025-08-05
15709,4563,1498,2025-06-17
15710,4564,346,2025-08-14
15711,4564,625,2025-12-28
15712,4564,789,2025-03-18
15713,4564,1085,2025-10-07
15714,4564,1170,2025-07-09
15715,4564,1459,2025-05-07
15716,4565,249,2025-07-06
15717,4565,727,2025-05-03
15718,4565,812,2025-05-07
15719,4565,1114,2025-10-24
15720,4565,1332,2025-12-02
15721,4565,1442,2025-10-31
15722,4566,175,2026-01-30
15723,4566,227,2026-01-25
15724,4566,490,2025-09-18
15725,4566,720,2025-03-25
15726,4566,940,2025-05-25
15727,4566,1239,2025-03-23
15728,4566,1283,2025-07-18
15729,4566,1492,2025-07-24
15730,4567,49,2025-12-04
15731,4567,261,2025-03-14
15732,4567,303,2025-02-18
15733,4567,583,2025-08-28
15734,4567,826,2026-04-09
15735,4568,1008,2026-02-02
15736,4568,1121,2025-12-25
15737,4569,619,2025-09-04
15738,4569,691,2025-06-21
15739,4569,944,2025-10-14
15740,4569,1260,2025-01-23
15741,4569,1356,2025-02-04
15742,4569,1379,2025-12-15
15743,4570,17,2025-06-19
15744,4570,439,2025-10-04
15745,4570,960,2026-02-21
15746,4571,702,2025-05-18
15747,4571,894,2026-04-21
15748,4571,1169,2025-08-06
15749,4571,1294,2025-08-08
15750,4571,1437,2025-10-08
15751,4572,684,2025-09-06
15752,4572,1221,2025-11-06
15753,4572,1327,2026-03-21
15754,4573,466,2025-04-17
15755,4573,1045,2025-01-03
15756,4573,1333,2026-02-22
15757,4574,33,2026-03-24
15758,4574,227,2026-02-02
15759,4574,302,2025-04-14
15760,4574,627,2025-01-04
15761,4574,928,2025-03-19
15762,4574,1409,2026-02-08
15763,4574,1487,2025-09-21
15764,4575,137,2025-06-24
15765,4575,227,2025-04-15
15766,4575,709,2025-03-22
15767,4575,779,2026-04-07
15768,4575,1004,2026-02-27
15769,4575,1118,2025-08-25
15770,4576,38,2025-04-02
15771,4576,143,2025-09-03
15772,4576,479,2026-01-22
15773,4576,657,2025-07-16
15774,4576,1127,2025-08-09
15775,4576,1191,2025-10-31
15776,4577,190,2025-10-14
15777,4577,935,2026-02-20
15778,4577,1149,2025-11-28
15779,4577,1385,2025-04-24
15780,4578,402,2025-05-11
15781,4578,405,2025-06-12
15782,4578,576,2025-02-05
15783,4578,582,2025-11-23
15784,4578,839,2025-07-09
15785,4578,1149,2026-02-20
15786,4579,76,2026-01-14
15787,4579,276,2025-12-30
15788,4579,363,2025-02-01
15789,4579,515,2025-03-26
15790,4579,521,2025-06-13
15791,4579,816,2025-03-06
15792,4579,867,2026-03-24
15793,4579,1013,2025-09-23
15794,4579,1400,2025-07-09
15795,4580,286,2026-04-29
15796,4580,343,2025-06-03
15797,4580,547,2025-08-07
15798,4581,809,2025-02-24
15799,4581,1162,2025-05-03
15800,4581,1164,2025-01-03
15801,4582,84,2026-02-16
15802,4582,232,2025-10-06
15803,4582,358,2025-08-28
15804,4582,367,2026-02-23
15805,4582,885,2025-04-08
15806,4582,1054,2026-04-27
15807,4582,1215,2026-04-14
15808,4583,599,2025-01-04
15809,4583,898,2025-10-02
15810,4583,1006,2026-04-15
15811,4584,283,2025-10-16
15812,4584,1104,2026-04-19
15813,4584,1297,2025-08-30
15814,4585,307,2025-03-06
15815,4585,833,2026-03-30
15816,4585,1086,2026-01-05
15817,4585,1118,2026-03-08
15818,4585,1498,2025-01-05
15819,4586,79,2025-11-24
15820,4586,88,2025-08-22
15821,4586,714,2026-01-27
15822,4586,927,2026-03-01
15823,4586,1209,2025-04-25
15824,4586,1402,2025-10-12
15825,4587,149,2026-03-19
15826,4587,229,2026-01-02
15827,4587,575,2026-03-09
15828,4587,783,2025-03-27
15829,4587,868,2025-09-05
15830,4587,1043,2026-02-11
15831,4588,339,2025-09-01
15832,4588,390,2025-08-29
15833,4588,979,2025-08-22
15834,4588,1217,2026-04-16
15835,4588,1306,2026-01-18
15836,4589,196,2026-01-22
15837,4589,928,2025-03-01
15838,4590,331,2025-03-03
15839,4590,412,2026-03-26
15840,4590,1245,2026-01-25
15841,4590,1333,2025-09-14
15842,4591,23,2025-05-30
15843,4591,306,2025-03-13
15844,4591,689,2025-06-13
15845,4591,734,2025-03-07
15846,4591,834,2025-12-21
15847,4591,1215,2026-01-11
15848,4591,1237,2025-09-04
15849,4591,1450,2025-12-01
15850,4591,1498,2025-09-16
15851,4592,327,2026-04-17
15852,4592,346,2025-07-19
15853,4592,738,2025-04-12
15854,4592,1104,2025-01-01
15855,4592,1109,2026-02-04
15856,4593,505,2025-11-05
15857,4593,1035,2025-02-01
15858,4593,1079,2025-01-05
15859,4593,1129,2025-08-15
15860,4593,1339,2026-04-10
15861,4594,1388,2025-02-12
15862,4595,636,2025-03-16
15863,4596,248,2025-02-07
15864,4596,861,2025-01-25
15865,4596,935,2026-02-28
15866,4596,1239,2025-03-14
15867,4597,107,2026-01-02
15868,4597,336,2026-03-16
15869,4597,436,2025-05-23
15870,4597,884,2025-03-14
15871,4597,1207,2025-04-10
15872,4597,1300,2025-06-01
15873,4598,467,2025-12-12
15874,4598,583,2025-05-29
15875,4598,1473,2025-09-08
15876,4599,537,2025-04-21
15877,4599,784,2026-03-31
15878,4599,835,2025-12-14
15879,4599,1113,2025-01-27
15880,4599,1165,2025-06-28
15881,4599,1469,2026-01-14
15882,4600,165,2025-12-04
15883,4600,374,2025-09-05
15884,4600,430,2026-03-11
15885,4600,833,2026-02-25
15886,4600,1147,2025-12-21
15887,4600,1206,2025-12-06
15888,4600,1215,2025-08-17
15889,4601,36,2025-08-29
15890,4601,105,2025-02-18
15891,4601,533,2026-01-23
15892,4601,587,2025-11-13
15893,4601,720,2026-03-04
15894,4601,1119,2026-04-21
15895,4602,31,2026-02-06
15896,4602,227,2025-12-31
15897,4602,366,2026-04-08
15898,4602,1103,2025-08-07
15899,4602,1374,2026-04-24
15900,4602,1487,2025-03-03
15901,4603,204,2025-12-14
15902,4603,477,2025-10-24
15903,4603,553,2025-10-26
15904,4603,911,2025-11-20
15905,4603,1305,2025-09-01
15906,4604,480,2025-02-25
15907,4604,596,2025-07-12
15908,4604,617,2025-07-06
15909,4604,627,2025-12-30
15910,4604,1096,2025-11-09
15911,4604,1244,2025-08-11
15912,4604,1369,2025-06-29
15913,4604,1447,2026-01-31
15914,4605,554,2025-07-24
15915,4605,748,2025-07-26
15916,4605,1188,2026-01-30
15917,4606,1087,2025-08-22
15918,4607,253,2025-07-28
15919,4607,597,2025-06-01
15920,4607,999,2025-01-21
15921,4607,1320,2025-11-07
15922,4607,1454,2025-11-09
15923,4608,13,2026-01-06
15924,4608,385,2025-12-15
15925,4608,390,2025-07-13
15926,4608,835,2025-09-26
15927,4608,1139,2026-03-14
15928,4609,159,2025-05-01
15929,4609,256,2025-04-10
15930,4609,494,2025-05-28
15931,4610,148,2026-02-03
15932,4610,178,2025-05-17
15933,4610,392,2025-01-09
15934,4610,643,2025-01-09
15935,4610,678,2025-11-11
15936,4610,728,2026-01-01
15937,4610,1393,2025-07-07
15938,4611,1080,2025-03-19
15939,4611,1230,2025-03-24
15940,4611,1451,2026-04-25
15941,4612,32,2026-02-26
15942,4612,416,2026-03-06
15943,4612,664,2025-05-25
15944,4612,711,2026-04-29
15945,4612,786,2025-03-12
15946,4612,839,2025-12-12
15947,4612,1488,2025-07-14
15948,4613,93,2025-12-16
15949,4613,241,2025-12-31
15950,4613,270,2025-07-06
15951,4613,412,2025-04-11
15952,4613,475,2026-02-04
15953,4613,865,2025-08-23
15954,4613,1351,2025-11-16
15955,4614,109,2025-04-13
15956,4614,112,2025-12-22
15957,4614,357,2025-04-04
15958,4614,1093,2025-03-07
15959,4614,1320,2026-03-05
15960,4615,122,2025-02-15
15961,4615,227,2025-10-24
15962,4615,865,2025-02-08
15963,4615,1428,2026-01-25
15964,4615,1477,2025-05-13
15965,4616,65,2025-05-05
15966,4616,232,2025-11-16
15967,4616,336,2025-12-27
15968,4616,477,2025-01-07
15969,4616,671,2025-08-23
15970,4616,895,2025-01-11
15971,4616,1498,2025-07-05
15972,4617,12,2025-12-21
15973,4617,710,2025-05-26
15974,4617,816,2025-09-02
15975,4618,16,2025-12-10
15976,4618,35,2025-05-05
15977,4618,213,2025-08-04
15978,4618,245,2025-01-26
15979,4618,935,2026-01-26
15980,4618,1286,2025-02-28
15981,4619,287,2025-06-21
15982,4619,617,2025-09-10
15983,4619,1012,2026-02-08
15984,4619,1035,2025-11-24
15985,4619,1432,2025-10-28
15986,4620,720,2025-02-28
15987,4620,893,2025-02-12
15988,4620,933,2026-04-10
15989,4620,1012,2026-04-29
15990,4620,1430,2025-06-18
15991,4621,47,2025-01-20
15992,4621,833,2026-01-17
15993,4621,888,2025-12-26
15994,4621,889,2025-02-19
15995,4621,958,2025-01-23
15996,4621,1082,2025-02-05
15997,4621,1303,2025-07-23
15998,4622,243,2025-12-29
15999,4622,276,2026-03-01
16000,4622,403,2026-04-11
16001,4622,426,2025-03-19
16002,4622,886,2025-08-03
16003,4622,964,2025-01-05
16004,4622,1178,2025-01-16
16005,4622,1287,2025-09-16
16006,4623,149,2025-01-17
16007,4623,298,2025-03-10
16008,4623,657,2025-07-25
16009,4624,422,2025-06-28
16010,4624,997,2025-10-14
16011,4624,1421,2025-10-20
16012,4625,38,2026-01-03
16013,4625,349,2025-04-17
16014,4625,475,2025-12-09
16015,4625,951,2025-05-14
16016,4625,1120,2026-03-09
16017,4626,45,2025-08-28
16018,4626,197,2026-04-11
16019,4626,735,2025-06-22
16020,4626,844,2025-11-03
16021,4626,1039,2025-08-22
16022,4627,1045,2026-03-19
16023,4627,1064,2025-10-12
16024,4628,122,2026-04-16
16025,4628,406,2026-03-14
16026,4628,441,2025-04-15
16027,4628,1131,2025-04-23
16028,4628,1419,2025-06-13
16029,4629,255,2025-05-28
16030,4629,385,2025-09-17
16031,4629,978,2025-09-14
16032,4629,1242,2026-01-01
16033,4630,180,2025-04-16
16034,4630,1332,2025-07-03
16035,4630,1478,2025-09-09
16036,4631,58,2026-04-03
16037,4631,274,2025-02-15
16038,4631,430,2025-11-04
16039,4631,517,2025-04-06
16040,4631,1108,2025-02-25
16041,4631,1251,2025-05-26
16042,4631,1319,2025-10-20
16043,4632,40,2025-07-26
16044,4632,109,2025-08-30
16045,4632,323,2025-10-19
16046,4632,357,2025-02-16
16047,4632,497,2026-02-23
16048,4632,874,2025-05-10
16049,4632,1467,2025-07-16
16050,4633,13,2025-05-05
16051,4633,355,2026-04-04
16052,4633,952,2025-12-30
16053,4633,1234,2025-09-16
16054,4634,114,2026-04-19
16055,4634,231,2025-07-31
16056,4634,557,2025-11-21
16057,4634,926,2025-07-18
16058,4635,51,2026-03-13
16059,4635,149,2025-05-26
16060,4635,777,2025-12-14
16061,4635,1029,2026-03-02
16062,4635,1397,2025-05-03
16063,4636,24,2026-02-20
16064,4636,137,2025-03-21
16065,4636,524,2025-01-12
16066,4636,594,2026-03-25
16067,4636,671,2025-04-17
16068,4636,1272,2025-02-16
16069,4636,1294,2026-04-28
16070,4637,384,2025-09-11
16071,4637,697,2025-12-21
16072,4637,711,2025-03-13
16073,4637,773,2026-02-23
16074,4637,1080,2025-12-03
16075,4637,1304,2025-07-28
16076,4638,168,2025-08-05
16077,4638,230,2025-07-06
16078,4638,785,2025-03-16
16079,4638,833,2026-02-03
16080,4638,968,2025-09-23
16081,4638,1134,2025-03-14
16082,4638,1498,2025-06-08
16083,4639,317,2025-07-21
16084,4639,364,2025-10-03
16085,4639,558,2025-06-20
16086,4639,585,2025-05-16
16087,4639,964,2026-03-16
16088,4640,390,2026-04-01
16089,4640,912,2025-10-31
16090,4640,989,2026-04-07
16091,4640,1070,2025-03-27
16092,4640,1374,2026-01-04
16093,4641,86,2025-09-13
16094,4641,347,2025-12-09
16095,4641,388,2025-03-07
16096,4641,391,2025-05-29
16097,4641,834,2025-01-02
16098,4641,876,2025-01-21
16099,4641,1063,2026-02-20
16100,4641,1133,2025-01-18
16101,4642,562,2025-12-19
16102,4642,671,2026-03-27
16103,4642,822,2026-01-12
16104,4642,1004,2025-12-12
16105,4642,1055,2025-12-03
16106,4642,1107,2025-03-14
16107,4642,1294,2025-01-11
16108,4643,41,2025-10-07
16109,4643,115,2025-07-20
16110,4643,190,2025-12-07
16111,4643,570,2025-01-26
16112,4643,599,2025-02-14
16113,4643,920,2025-06-05
16114,4643,935,2025-12-08
16115,4643,1200,2026-01-18
16116,4643,1210,2025-07-13
16117,4643,1401,2026-02-09
16118,4644,1206,2025-01-09
16119,4645,117,2025-06-13
16120,4645,409,2025-02-14
16121,4645,414,2025-10-29
16122,4645,448,2025-01-13
16123,4645,669,2025-10-14
16124,4645,762,2026-01-28
16125,4645,951,2025-06-23
16126,4645,1194,2025-05-24
16127,4645,1234,2025-04-17
16128,4646,684,2026-02-26
16129,4646,839,2025-03-15
16130,4646,1005,2025-09-11
16131,4646,1089,2026-03-26
16132,4646,1149,2025-02-28
16133,4646,1210,2025-07-25
16134,4646,1425,2025-11-30
16135,4647,331,2025-04-14
16136,4647,785,2026-01-09
16137,4647,922,2025-01-30
16138,4647,1071,2026-03-27
16139,4648,431,2025-11-27
16140,4648,926,2025-12-23
16141,4648,1256,2026-01-07
16142,4648,1493,2025-04-12
16143,4649,52,2025-05-01
16144,4649,82,2025-06-13
16145,4649,354,2026-04-06
16146,4649,1162,2025-08-04
16147,4650,423,2026-03-09
16148,4650,1022,2025-12-02
16149,4650,1230,2026-04-11
16150,4651,85,2025-04-22
16151,4651,550,2025-07-15
16152,4651,596,2025-11-03
16153,4651,1040,2025-12-31
16154,4651,1095,2026-01-26
16155,4652,970,2026-03-03
16156,4652,1498,2026-04-05
16157,4653,283,2025-04-13
16158,4653,641,2026-02-20
16159,4653,1135,2025-01-07
16160,4653,1498,2025-02-15
16161,4654,201,2026-04-10
16162,4654,831,2025-01-30
16163,4654,915,2025-01-30
16164,4654,1468,2026-01-05
16165,4655,333,2025-01-20
16166,4655,959,2025-10-29
16167,4656,72,2025-01-27
16168,4656,137,2025-09-27
16169,4656,352,2026-02-25
16170,4656,394,2025-11-01
16171,4656,625,2025-10-29
16172,4656,682,2025-05-01
16173,4656,744,2025-02-03
16174,4656,1004,2025-10-11
16175,4657,1373,2025-08-16
16176,4657,1452,2025-09-24
16177,4658,19,2025-02-28
16178,4658,270,2026-01-08
16179,4658,366,2025-01-02
16180,4658,1121,2026-02-19
16181,4658,1401,2026-04-27
16182,4659,81,2025-06-08
16183,4659,258,2026-03-14
16184,4659,350,2026-02-26
16185,4659,756,2025-09-30
16186,4659,785,2025-01-23
16187,4660,112,2025-03-30
16188,4660,218,2025-09-27
16189,4660,432,2025-11-26
16190,4660,698,2026-05-01
16191,4660,916,2025-04-29
16192,4660,1112,2025-06-21
16193,4661,81,2025-12-24
16194,4661,331,2025-05-23
16195,4661,511,2025-02-03
16196,4661,659,2025-06-21
16197,4661,783,2025-10-06
16198,4661,787,2026-03-27
16199,4662,485,2026-04-28
16200,4662,662,2025-11-04
16201,4662,919,2026-01-23
16202,4662,986,2025-04-03
16203,4662,1095,2025-11-16
16204,4662,1358,2025-12-16
16205,4662,1402,2025-01-26
16206,4663,43,2025-11-15
16207,4663,362,2026-01-14
16208,4663,463,2025-04-28
16209,4663,1125,2025-01-26
16210,4663,1213,2026-04-18
16211,4663,1312,2025-05-15
16212,4663,1381,2025-12-28
16213,4664,70,2025-04-23
16214,4664,563,2025-11-21
16215,4664,728,2025-08-16
16216,4664,751,2025-08-02
16217,4664,1114,2025-08-06
16218,4664,1186,2025-02-15
16219,4664,1279,2025-05-05
16220,4664,1315,2026-01-30
16221,4664,1423,2025-08-02
16222,4665,389,2025-07-21
16223,4665,772,2025-03-29
16224,4665,1097,2025-10-01
16225,4666,208,2026-04-15
16226,4666,212,2025-11-26
16227,4666,607,2025-01-13
16228,4666,978,2025-09-20
16229,4666,1314,2026-02-08
16230,4667,154,2026-02-20
16231,4667,244,2025-02-12
16232,4667,304,2025-03-13
16233,4667,943,2025-03-12
16234,4668,254,2025-12-12
16235,4668,432,2025-11-22
16236,4669,407,2025-08-08
16237,4669,686,2025-09-24
16238,4669,736,2025-02-04
16239,4669,807,2025-06-28
16240,4669,1201,2026-03-13
16241,4669,1388,2026-03-19
16242,4670,307,2026-01-25
16243,4670,336,2025-10-20
16244,4670,368,2025-06-05
16245,4670,790,2026-02-04
16246,4670,1011,2025-08-23
16247,4670,1062,2026-04-03
16248,4670,1250,2025-12-24
16249,4670,1421,2025-05-12
16250,4671,1203,2026-01-29
16251,4672,331,2025-08-23
16252,4672,370,2026-03-10
16253,4672,941,2025-01-02
16254,4672,1110,2026-03-23
16255,4673,88,2025-06-27
16256,4673,146,2026-04-12
16257,4673,464,2026-01-03
16258,4673,621,2025-04-23
16259,4673,1310,2025-02-07
16260,4673,1368,2026-03-01
16261,4674,239,2026-03-18
16262,4674,515,2025-02-15
16263,4674,1004,2025-01-19
16264,4674,1159,2025-06-28
16265,4675,1308,2025-12-15
16266,4675,1318,2025-10-08
16267,4676,928,2026-04-30
16268,4676,956,2025-04-19
16269,4676,1220,2025-12-12
16270,4676,1362,2026-02-04
16271,4676,1397,2026-01-15
16272,4677,1092,2025-05-06
16273,4677,1350,2025-01-05
16274,4678,351,2026-03-18
16275,4678,825,2025-11-10
16276,4678,1340,2025-08-10
16277,4679,440,2025-09-12
16278,4679,1434,2026-04-22
16279,4680,316,2025-04-14
16280,4680,385,2025-11-06
16281,4680,504,2025-08-18
16282,4680,525,2025-11-13
16283,4680,583,2025-09-15
16284,4680,628,2025-05-29
16285,4680,881,2025-03-13
16286,4681,70,2025-02-18
16287,4681,148,2025-10-13
16288,4681,999,2025-10-27
16289,4681,1056,2025-03-05
16290,4681,1072,2026-01-18
16291,4682,341,2025-06-07
16292,4683,336,2025-03-13
16293,4683,401,2025-12-08
16294,4683,799,2025-08-05
16295,4683,923,2025-11-07
16296,4683,971,2025-04-30
16297,4684,81,2025-08-31
16298,4684,450,2025-07-28
16299,4684,547,2026-01-11
16300,4684,720,2026-03-19
16301,4684,1399,2025-07-02
16302,4685,14,2025-11-28
16303,4685,396,2025-01-15
16304,4685,912,2026-01-23
16305,4685,1317,2026-01-08
16306,4686,966,2025-02-23
16307,4687,575,2025-07-27
16308,4687,630,2026-02-20
16309,4687,692,2025-09-06
16310,4687,771,2025-08-07
16311,4687,777,2025-09-03
16312,4687,1094,2025-12-20
16313,4687,1428,2026-03-20
16314,4687,1493,2025-02-20
16315,4688,186,2025-09-18
16316,4688,381,2025-09-11
16317,4688,503,2025-09-03
16318,4688,1084,2025-07-23
16319,4688,1360,2026-03-22
16320,4689,832,2026-04-05
16321,4689,911,2025-03-06
16322,4690,434,2025-12-03
16323,4690,598,2025-09-29
16324,4690,686,2025-10-05
16325,4690,699,2026-02-19
16326,4690,807,2025-04-21
16327,4690,1250,2025-07-29
16328,4690,1304,2026-04-20
16329,4691,81,2025-05-01
16330,4691,111,2025-08-10
16331,4691,179,2025-10-06
16332,4691,305,2025-09-27
16333,4691,499,2026-04-09
16334,4691,702,2025-12-07
16335,4691,1132,2025-12-08
16336,4692,230,2025-07-03
16337,4692,246,2025-01-13
16338,4692,948,2025-02-14
16339,4692,1183,2026-01-09
16340,4692,1188,2025-12-02
16341,4693,232,2025-07-23
16342,4693,261,2026-03-27
16343,4693,361,2026-02-02
16344,4693,1079,2026-02-05
16345,4693,1123,2025-11-24
16346,4693,1450,2025-03-24
16347,4694,69,2025-08-24
16348,4694,796,2026-04-19
16349,4694,826,2025-07-25
16350,4694,926,2025-03-30
16351,4694,1281,2025-10-31
16352,4694,1488,2025-03-23
16353,4695,22,2025-04-05
16354,4695,149,2025-08-06
16355,4695,311,2025-08-10
16356,4695,1374,2025-08-11
16357,4696,56,2025-08-16
16358,4696,269,2025-09-21
16359,4696,734,2026-03-02
16360,4696,923,2025-12-20
16361,4696,1130,2025-09-21
16362,4697,688,2025-01-06
16363,4697,887,2025-10-19
16364,4698,231,2025-12-25
16365,4698,809,2025-12-19
16366,4698,1035,2025-04-10
16367,4699,58,2025-08-18
16368,4699,353,2025-11-26
16369,4699,970,2025-07-23
16370,4699,1041,2025-02-13
16371,4699,1137,2025-07-22
16372,4700,922,2026-02-23
16373,4700,1258,2025-06-16
16374,4700,1312,2025-03-28
16375,4700,1351,2025-04-06
16376,4700,1443,2025-10-09
16377,4701,123,2026-04-15
16378,4701,185,2025-11-25
16379,4702,818,2025-11-05
16380,4702,849,2025-12-13
16381,4702,1296,2026-04-02
16382,4703,668,2026-01-01
16383,4703,726,2025-10-03
16384,4703,749,2025-11-08
16385,4704,48,2025-01-01
16386,4704,612,2025-08-26
16387,4704,865,2025-05-30
16388,4704,1065,2025-10-25
16389,4704,1461,2025-10-26
16390,4705,385,2025-05-04
16391,4705,796,2026-02-18
16392,4705,826,2025-06-12
16393,4705,895,2025-10-17
16394,4705,918,2025-10-02
16395,4706,604,2025-02-24
16396,4706,624,2025-03-11
16397,4706,799,2025-06-15
16398,4706,1253,2025-06-24
16399,4706,1494,2025-11-15
16400,4707,47,2025-09-02
16401,4707,58,2025-09-03
16402,4707,592,2025-08-27
16403,4707,638,2025-03-19
16404,4707,1053,2025-08-11
16405,4707,1183,2025-06-15
16406,4708,86,2025-11-05
16407,4708,149,2026-03-05
16408,4708,186,2025-09-11
16409,4708,200,2025-07-14
16410,4708,361,2025-06-01
16411,4708,732,2025-01-13
16412,4709,264,2025-10-09
16413,4709,803,2026-03-06
16414,4710,191,2025-04-07
16415,4710,456,2026-04-13
16416,4710,1191,2025-10-13
16417,4711,98,2025-07-09
16418,4711,197,2026-01-15
16419,4711,715,2025-09-30
16420,4711,1097,2025-01-13
16421,4711,1453,2025-06-12
16422,4712,40,2025-01-16
16423,4712,918,2026-04-19
16424,4713,22,2025-02-07
16425,4713,123,2026-04-16
16426,4713,451,2025-12-30
16427,4713,777,2026-04-27
16428,4713,1170,2026-04-24
16429,4714,685,2025-05-29
16430,4714,884,2025-03-05
16431,4715,138,2026-01-31
16432,4715,241,2025-08-14
16433,4715,305,2025-02-25
16434,4715,420,2026-04-02
16435,4715,663,2026-04-30
16436,4715,1094,2026-02-04
16437,4715,1336,2025-07-18
16438,4716,186,2025-06-18
16439,4716,834,2025-09-05
16440,4716,1182,2025-10-10
16441,4717,235,2025-10-26
16442,4717,392,2025-04-07
16443,4717,701,2025-10-20
16444,4717,1072,2025-02-05
16445,4717,1369,2026-02-26
16446,4718,116,2025-03-13
16447,4718,253,2025-10-30
16448,4718,265,2026-05-01
16449,4719,352,2026-03-18
16450,4719,989,2025-06-30
16451,4720,11,2026-03-21
16452,4720,1122,2025-07-22
16453,4720,1247,2025-06-29
16454,4720,1283,2026-02-15
16455,4720,1362,2025-02-17
16456,4721,71,2025-10-01
16457,4721,293,2025-09-30
16458,4721,385,2025-08-14
16459,4721,525,2025-02-11
16460,4721,589,2025-11-28
16461,4721,726,2025-02-28
16462,4721,918,2026-03-07
16463,4721,1307,2025-06-07
16464,4722,35,2025-09-27
16465,4722,333,2025-08-08
16466,4722,345,2025-01-21
16467,4722,839,2025-01-29
16468,4722,1024,2026-03-23
16469,4722,1402,2025-11-30
16470,4723,497,2025-07-04
16471,4723,575,2026-02-01
16472,4723,597,2025-01-23
16473,4723,1452,2025-01-03
16474,4724,134,2026-01-03
16475,4724,842,2025-11-05
16476,4725,322,2025-04-05
16477,4725,660,2025-05-15
16478,4725,1206,2025-05-19
16479,4725,1215,2025-11-01
16480,4726,255,2025-12-27
16481,4726,1109,2025-11-23
16482,4726,1263,2025-04-03
16483,4727,686,2025-09-25
16484,4727,851,2026-05-01
16485,4727,873,2025-08-17
16486,4727,1089,2025-10-15
16487,4727,1210,2026-03-04
16488,4727,1310,2026-04-01
16489,4728,205,2025-09-09
16490,4728,296,2025-06-28
16491,4728,628,2025-11-24
16492,4729,87,2025-08-26
16493,4729,179,2025-01-26
16494,4729,319,2025-11-17
16495,4729,437,2025-04-30
16496,4729,649,2025-11-25
16497,4729,738,2025-01-09
16498,4729,902,2026-02-01
16499,4729,909,2025-03-14
16500,4730,114,2025-10-29
16501,4730,680,2025-04-11
16502,4730,816,2025-01-10
16503,4731,22,2025-03-05
16504,4731,281,2025-02-22
16505,4731,470,2026-01-10
16506,4731,1032,2026-03-26
16507,4732,255,2025-03-18
16508,4732,336,2025-06-24
16509,4732,514,2025-11-21
16510,4732,535,2025-01-07
16511,4732,1276,2025-02-02
16512,4733,245,2025-11-26
16513,4733,827,2025-09-17
16514,4733,1107,2025-07-20
16515,4733,1169,2026-03-04
16516,4733,1291,2025-11-17
16517,4733,1294,2025-01-19
16518,4734,273,2025-09-10
16519,4734,349,2025-05-21
16520,4734,598,2025-03-29
16521,4734,1146,2025-10-20
16522,4734,1471,2026-01-22
16523,4735,230,2025-01-12
16524,4735,517,2025-07-25
16525,4735,1074,2025-12-05
16526,4735,1201,2025-11-26
16527,4735,1215,2025-11-04
16528,4735,1406,2025-06-26
16529,4736,598,2025-03-18
16530,4736,686,2025-04-03
16531,4736,807,2025-03-24
16532,4736,1011,2025-04-27
16533,4736,1207,2026-03-12
16534,4736,1298,2025-04-07
16535,4736,1390,2025-07-28
16536,4737,413,2025-11-06
16537,4737,426,2025-04-18
16538,4737,637,2026-02-25
16539,4737,807,2025-03-02
16540,4737,964,2025-11-21
16541,4737,1104,2025-10-15
16542,4737,1301,2025-01-09
16543,4738,31,2025-07-16
16544,4738,287,2025-03-28
16545,4738,499,2026-03-30
16546,4738,1051,2025-01-22
16547,4738,1468,2025-01-07
16548,4739,270,2026-02-05
16549,4739,771,2025-09-13
16550,4739,1072,2025-11-24
16551,4740,618,2025-04-11
16552,4741,38,2025-01-11
16553,4741,78,2026-04-27
16554,4741,128,2025-03-11
16555,4741,1031,2026-02-20
16556,4741,1226,2025-05-14
16557,4742,97,2026-02-07
16558,4742,174,2025-03-30
16559,4742,365,2026-04-09
16560,4742,566,2025-07-17
16561,4742,1218,2025-11-30
16562,4742,1351,2025-12-30
16563,4743,9,2025-08-05
16564,4743,252,2025-03-13
16565,4743,555,2025-05-13
16566,4743,1301,2025-12-26
16567,4743,1405,2026-02-17
16568,4744,236,2025-10-21
16569,4744,254,2025-08-20
16570,4745,143,2025-07-06
16571,4745,799,2025-05-03
16572,4745,822,2025-08-29
16573,4745,923,2026-04-29
16574,4746,70,2026-02-10
16575,4746,261,2026-01-12
16576,4746,399,2025-11-22
16577,4746,826,2025-05-28
16578,4746,1393,2025-01-13
16579,4747,311,2025-12-24
16580,4747,653,2026-02-19
16581,4747,778,2025-06-17
16582,4747,802,2025-09-11
16583,4747,886,2026-03-29
16584,4747,1234,2026-02-05
16585,4748,63,2025-12-20
16586,4748,700,2025-02-17
16587,4748,1177,2026-02-18
16588,4749,312,2025-11-25
16589,4750,1201,2026-01-26
16590,4751,365,2025-05-22
16591,4751,393,2025-06-06
16592,4751,661,2025-07-20
16593,4751,783,2026-04-30
16594,4752,379,2025-12-06
16595,4752,410,2025-11-02
16596,4752,472,2025-07-08
16597,4752,1430,2026-04-07
16598,4753,7,2025-07-28
16599,4753,236,2025-12-14
16600,4753,265,2026-02-02
16601,4753,587,2026-04-11
16602,4753,938,2025-09-11
16603,4753,1465,2025-05-11
16604,4754,101,2025-01-26
16605,4754,154,2026-01-04
16606,4754,406,2025-07-14
16607,4754,422,2025-10-05
16608,4754,634,2026-04-08
16609,4754,1068,2025-09-10
16610,4754,1076,2026-02-08
16611,4755,467,2025-04-17
16612,4755,671,2025-07-05
16613,4755,832,2025-11-27
16614,4755,1048,2025-06-05
16615,4755,1107,2025-05-10
16616,4755,1254,2026-04-27
16617,4756,936,2025-07-10
16618,4756,1001,2025-04-23
16619,4756,1033,2025-05-11
16620,4756,1205,2025-06-19
16621,4756,1260,2026-01-06
16622,4756,1379,2025-02-03
16623,4757,105,2025-05-24
16624,4757,843,2025-07-14
16625,4757,1032,2025-12-02
16626,4757,1336,2025-08-08
16627,4757,1367,2026-04-04
16628,4758,301,2025-10-09
16629,4758,827,2025-10-02
16630,4758,895,2025-12-06
16631,4759,932,2026-02-26
16632,4759,989,2025-08-03
16633,4759,1452,2025-07-01
16634,4760,326,2026-04-20
16635,4760,370,2026-03-24
16636,4760,588,2025-09-21
16637,4760,718,2025-04-12
16638,4760,844,2025-12-08
16639,4760,850,2026-01-18
16640,4760,1305,2026-03-23
16641,4761,624,2025-05-18
16642,4761,963,2025-09-17
16643,4761,1054,2025-04-12
16644,4761,1185,2026-02-07
16645,4762,278,2025-06-01
16646,4762,345,2025-10-15
16647,4762,571,2026-01-15
16648,4762,592,2026-03-15
16649,4762,664,2025-04-28
16650,4762,690,2025-12-05
16651,4762,986,2026-04-27
16652,4763,159,2026-04-20
16653,4763,1250,2025-06-30
16654,4764,187,2025-12-02
16655,4764,395,2025-10-08
16656,4764,749,2026-04-29
16657,4764,1414,2025-08-08
16658,4765,44,2025-11-19
16659,4765,311,2025-03-23
16660,4765,796,2026-03-14
16661,4765,1332,2025-08-02
16662,4766,375,2026-03-03
16663,4766,1196,2025-09-11
16664,4766,1404,2025-04-21
16665,4767,441,2025-08-11
16666,4767,1497,2025-07-20
16667,4768,402,2026-03-01
16668,4768,433,2025-06-03
16669,4768,552,2025-09-23
16670,4768,1149,2025-06-10
16671,4768,1385,2025-05-04
16672,4769,441,2025-03-20
16673,4769,948,2025-01-16
16674,4769,1236,2026-03-17
16675,4769,1461,2025-12-06
16676,4770,99,2026-02-20
16677,4770,106,2025-08-24
16678,4770,117,2025-08-31
16679,4770,979,2025-07-06
16680,4770,983,2025-09-26
16681,4770,1423,2025-08-30
16682,4771,356,2025-01-03
16683,4771,674,2026-04-19
16684,4771,963,2025-09-18
16685,4771,1041,2026-04-07
16686,4771,1251,2025-11-08
16687,4772,48,2025-05-29
16688,4772,941,2025-05-05
16689,4772,1052,2025-03-23
16690,4772,1100,2026-01-31
16691,4772,1131,2026-03-29
16692,4773,109,2025-11-30
16693,4773,259,2025-07-29
16694,4773,443,2026-01-30
16695,4773,525,2026-02-16
16696,4773,537,2025-11-09
16697,4773,742,2025-10-15
16698,4773,1093,2025-04-22
16699,4774,13,2025-12-03
16700,4774,180,2026-03-01
16701,4774,1140,2025-11-29
16702,4774,1248,2025-05-09
16703,4775,159,2025-06-03
16704,4775,255,2025-05-05
16705,4775,307,2026-03-23
16706,4775,970,2026-01-09
16707,4775,1014,2025-08-09
16708,4775,1175,2025-11-02
16709,4775,1250,2025-12-20
16710,4776,54,2025-06-22
16711,4776,720,2026-03-20
16712,4776,750,2025-10-02
16713,4776,1039,2025-01-17
16714,4776,1336,2025-07-02
16715,4777,171,2025-01-13
16716,4777,221,2026-01-26
16717,4777,403,2026-01-06
16718,4777,636,2026-02-09
16719,4777,915,2025-06-06
16720,4777,1164,2025-06-13
16721,4778,45,2026-02-14
16722,4778,81,2025-01-31
16723,4778,93,2025-07-04
16724,4778,394,2026-01-05
16725,4778,1092,2025-01-17
16726,4778,1142,2025-11-02
16727,4778,1260,2025-03-31
16728,4779,162,2025-09-30
16729,4779,357,2025-05-18
16730,4779,558,2025-07-25
16731,4779,583,2025-08-26
16732,4779,800,2025-03-26
16733,4779,1093,2026-01-11
16734,4779,1332,2026-02-26
16735,4780,240,2025-01-05
16736,4781,107,2025-01-27
16737,4781,507,2025-08-23
16738,4781,960,2025-04-11
16739,4781,1201,2025-05-24
16740,4782,149,2025-03-30
16741,4782,315,2026-04-15
16742,4782,410,2026-01-24
16743,4782,438,2025-11-05
16744,4782,756,2026-01-24
16745,4782,1068,2025-04-11
16746,4782,1461,2025-10-18
16747,4783,194,2025-01-24
16748,4783,331,2025-12-23
16749,4783,341,2025-08-28
16750,4783,709,2025-08-17
16751,4784,138,2025-04-27
16752,4784,336,2026-04-14
16753,4784,430,2026-01-14
16754,4784,509,2025-09-08
16755,4784,529,2026-04-10
16756,4784,963,2025-03-14
16757,4784,1185,2026-03-09
16758,4785,31,2025-10-30
16759,4785,59,2025-06-11
16760,4785,329,2025-05-19
16761,4785,958,2025-11-22
16762,4785,1206,2026-02-08
16763,4786,45,2026-04-18
16764,4786,684,2025-06-26
16765,4786,796,2025-12-08
16766,4786,1270,2025-11-18
16767,4786,1410,2025-12-18
16768,4787,376,2025-01-03
16769,4787,430,2025-05-04
16770,4787,561,2025-10-15
16771,4787,651,2026-04-19
16772,4787,850,2025-01-15
16773,4788,215,2025-02-02
16774,4788,702,2025-08-04
16775,4789,1183,2025-03-12
16776,4789,1258,2025-06-21
16777,4790,558,2025-10-14
16778,4790,778,2025-06-29
16779,4790,1050,2025-02-26
16780,4791,129,2025-07-01
16781,4791,540,2025-01-20
16782,4791,593,2025-12-13
16783,4792,26,2025-03-09
16784,4792,162,2025-12-19
16785,4792,444,2025-12-23
16786,4792,571,2025-11-22
16787,4792,696,2025-01-03
16788,4792,1402,2025-06-03
16789,4793,534,2025-06-25
16790,4793,1019,2025-01-12
16791,4793,1150,2025-12-03
16792,4794,240,2025-04-05
16793,4794,402,2025-10-15
16794,4794,621,2025-02-18
16795,4794,877,2025-06-09
16796,4794,1149,2025-04-18
16797,4794,1385,2025-06-25
16798,4795,96,2025-04-27
16799,4795,177,2026-03-29
16800,4795,357,2025-02-03
16801,4795,506,2025-03-13
16802,4795,683,2026-04-11
16803,4795,979,2025-08-26
16804,4795,1185,2025-11-02
16805,4796,302,2025-05-16
16806,4796,392,2026-01-31
16807,4796,557,2025-12-17
16808,4796,828,2025-12-18
16809,4796,1186,2025-12-11
16810,4796,1331,2025-12-17
16811,4797,190,2025-04-30
16812,4797,340,2026-02-27
16813,4797,696,2025-04-25
16814,4797,1080,2026-01-20
16815,4797,1209,2025-09-09
16816,4798,27,2025-11-14
16817,4798,839,2026-03-16
16818,4798,873,2026-03-03
16819,4798,935,2026-01-24
16820,4798,1014,2025-06-19
16821,4799,33,2025-04-07
16822,4799,287,2025-02-10
16823,4800,313,2026-02-13
16824,4800,407,2026-01-05
16825,4800,699,2026-01-07
16826,4800,829,2026-04-09
16827,4800,970,2025-02-21
16828,4800,994,2025-02-27
16829,4800,1476,2025-03-14
16830,4801,351,2025-05-03
16831,4801,643,2025-12-03
16832,4801,653,2025-06-30
16833,4801,1301,2025-10-22
16834,4802,183,2025-01-15
16835,4802,210,2025-05-21
16836,4802,984,2026-03-21
16837,4802,997,2025-03-27
16838,4802,1004,2025-07-25
16839,4802,1327,2025-07-03
16840,4803,220,2025-04-05
16841,4803,309,2026-03-30
16842,4803,1217,2025-08-24
16843,4804,30,2026-02-23
16844,4804,139,2025-05-16
16845,4804,384,2025-03-18
16846,4804,1325,2025-10-10
16847,4804,1396,2025-08-11
16848,4805,290,2026-03-07
16849,4805,331,2025-12-12
16850,4805,1163,2025-07-14
16851,4806,151,2026-04-09
16852,4806,923,2025-04-04
16853,4806,999,2026-02-17
16854,4806,1276,2025-12-08
16855,4807,340,2025-06-26
16856,4807,639,2025-02-26
16857,4807,901,2025-12-21
16858,4807,1083,2025-01-27
16859,4807,1099,2025-09-26
16860,4808,26,2025-07-06
16861,4808,213,2025-09-11
16862,4808,224,2025-04-25
16863,4808,377,2025-09-28
16864,4808,384,2025-04-09
16865,4808,919,2025-10-11
16866,4808,1095,2026-01-02
16867,4809,401,2025-12-13
16868,4809,1149,2025-06-29
16869,4810,390,2025-06-28
16870,4810,504,2025-05-30
16871,4810,554,2025-06-25
16872,4810,642,2025-02-11
16873,4810,1298,2025-05-13
16874,4811,109,2025-11-20
16875,4811,357,2026-01-23
16876,4811,748,2025-08-09
16877,4811,826,2025-01-21
16878,4811,1379,2026-02-13
16879,4812,253,2025-11-06
16880,4812,839,2026-02-26
16881,4812,873,2026-04-11
16882,4812,1035,2025-11-17
16883,4812,1080,2025-02-11
16884,4812,1403,2025-10-27
16885,4813,105,2025-04-29
16886,4813,354,2025-06-15
16887,4813,394,2025-02-18
16888,4814,652,2025-02-10
16889,4815,207,2025-09-02
16890,4815,759,2025-12-07
16891,4815,939,2026-04-07
16892,4815,1210,2026-04-18
16893,4815,1402,2025-06-05
16894,4816,291,2025-06-26
16895,4816,740,2026-03-01
16896,4816,996,2025-07-03
16897,4816,1305,2025-06-10
16898,4817,449,2026-01-22
16899,4817,796,2025-12-17
16900,4817,901,2025-04-23
16901,4817,1018,2025-12-19
16902,4817,1320,2025-08-21
16903,4818,752,2025-12-24
16904,4818,1169,2025-01-17
16905,4818,1294,2026-04-18
16906,4818,1500,2026-01-27
16907,4819,401,2025-08-02
16908,4819,574,2025-03-11
16909,4819,799,2025-08-31
16910,4819,800,2025-04-06
16911,4819,927,2025-10-06
16912,4819,944,2026-03-09
16913,4819,1150,2025-02-25
16914,4819,1211,2025-08-01
16915,4819,1246,2025-08-22
16916,4819,1307,2025-04-13
16917,4820,429,2025-05-07
16918,4820,765,2025-08-15
16919,4820,839,2025-05-09
16920,4820,1210,2025-07-17
16921,4820,1396,2025-02-18
16922,4821,61,2026-03-08
16923,4821,435,2025-03-13
16924,4821,454,2026-03-10
16925,4821,949,2025-02-14
16926,4821,1028,2025-12-08
16927,4821,1072,2025-06-12
16928,4822,38,2026-03-02
16929,4822,67,2025-09-01
16930,4822,285,2025-07-11
16931,4822,1351,2025-08-05
16932,4823,71,2026-01-04
16933,4823,390,2026-01-05
16934,4823,583,2026-01-26
16935,4823,769,2026-03-22
16936,4823,1328,2026-01-18
16937,4824,17,2025-03-27
16938,4824,23,2026-01-25
16939,4824,156,2025-08-06
16940,4824,616,2025-05-12
16941,4824,807,2026-03-29
16942,4824,1250,2025-02-21
16943,4825,443,2025-03-30
16944,4825,816,2026-01-21
16945,4825,986,2025-08-06
16946,4825,1460,2025-01-15
16947,4826,522,2025-09-21
16948,4826,870,2025-05-12
16949,4826,922,2025-09-27
16950,4826,1165,2025-03-02
16951,4826,1258,2025-09-19
16952,4827,1414,2026-02-06
16953,4828,1163,2025-12-02
16954,4829,341,2025-08-15
16955,4829,1020,2025-07-20
16956,4829,1454,2025-03-23
16957,4830,265,2025-01-08
16958,4830,303,2025-10-29
16959,4830,1259,2025-11-15
16960,4830,1465,2026-04-23
16961,4831,59,2025-01-31
16962,4831,774,2025-08-06
16963,4831,786,2025-10-20
16964,4831,1128,2025-04-30
16965,4831,1287,2025-02-12
16966,4831,1298,2025-11-05
16967,4831,1478,2026-03-03
16968,4832,371,2025-08-09
16969,4832,511,2025-05-04
16970,4832,801,2025-01-11
16971,4833,267,2026-02-09
16972,4833,319,2026-03-09
16973,4833,793,2025-05-01
16974,4833,871,2026-04-18
16975,4833,879,2025-11-13
16976,4834,384,2025-11-03
16977,4834,424,2025-06-22
16978,4834,830,2025-02-07
16979,4835,19,2025-08-12
16980,4835,480,2026-01-17
16981,4836,425,2025-09-10
16982,4836,612,2026-04-27
16983,4836,912,2025-01-31
16984,4836,1254,2025-06-09
16985,4836,1313,2025-06-21
16986,4837,295,2025-01-17
16987,4837,332,2025-12-31
16988,4837,514,2025-06-18
16989,4837,547,2026-01-05
16990,4837,822,2025-11-12
16991,4837,1498,2026-02-25
16992,4838,353,2025-10-30
16993,4838,486,2025-10-04
16994,4838,508,2025-03-15
16995,4838,1258,2026-04-15
16996,4839,86,2026-02-25
16997,4839,200,2025-03-06
16998,4839,467,2026-04-14
16999,4839,671,2025-12-13
17000,4839,814,2025-12-27
17001,4839,886,2026-01-06
17002,4839,1312,2025-08-03
17003,4839,1481,2025-08-14
17004,4840,1080,2025-04-27
17005,4840,1209,2025-12-13
17006,4840,1407,2026-02-16
17007,4840,1413,2025-02-21
17008,4840,1436,2026-05-01
17009,4841,15,2025-03-30
17010,4841,922,2026-01-25
17011,4841,1258,2025-04-21
17012,4842,407,2025-05-24
17013,4842,637,2026-02-05
17014,4842,670,2025-04-28
17015,4842,778,2026-02-28
17016,4842,889,2026-02-02
17017,4842,1152,2025-09-29
17018,4843,586,2026-04-16
17019,4844,291,2025-10-12
17020,4844,361,2025-09-29
17021,4844,509,2025-01-20
17022,4844,547,2025-06-07
17023,4844,913,2025-09-15
17024,4844,958,2025-06-26
17025,4844,1498,2026-03-12
17026,4845,118,2026-04-25
17027,4845,999,2025-02-16
17028,4845,1248,2025-12-03
17029,4846,150,2025-05-30
17030,4846,470,2025-11-29
17031,4846,1000,2025-03-19
17032,4847,444,2025-01-30
17033,4847,731,2025-03-16
17034,4847,772,2025-07-09
17035,4847,807,2025-11-08
17036,4847,1188,2026-02-22
17037,4847,1207,2025-05-05
17038,4848,1471,2025-07-25
17039,4849,423,2025-06-02
17040,4849,881,2025-07-07
17041,4849,1483,2025-01-24
17042,4850,169,2026-03-16
17043,4850,473,2025-12-14
17044,4850,530,2025-03-16
17045,4850,622,2025-10-11
17046,4850,637,2025-03-31
17047,4850,734,2026-02-07
17048,4851,4,2026-01-05
17049,4851,117,2025-05-02
17050,4851,743,2025-02-24
17051,4851,875,2025-05-07
17052,4851,979,2025-05-11
17053,4851,1423,2025-03-09
17054,4852,763,2025-08-30
17055,4853,23,2025-07-05
17056,4853,94,2026-01-28
17057,4853,799,2025-07-09
17058,4853,923,2025-08-15
17059,4853,1178,2025-07-13
17060,4853,1347,2025-08-27
17061,4854,105,2025-04-05
17062,4854,125,2025-11-07
17063,4854,319,2025-11-09
17064,4854,1060,2025-02-02
17065,4854,1500,2025-02-26
17066,4855,151,2026-01-03
17067,4855,159,2025-06-19
17068,4855,517,2025-05-30
17069,4855,530,2025-10-30
17070,4855,1086,2025-01-13
17071,4855,1401,2026-01-19
17072,4856,505,2025-05-27
17073,4857,804,2025-11-18
17074,4857,805,2025-05-13
17075,4858,122,2025-04-10
17076,4858,990,2026-04-04
17077,4858,1155,2025-02-13
17078,4858,1382,2025-09-24
17079,4859,17,2026-03-12
17080,4859,1047,2025-12-29
17081,4859,1136,2025-04-14
17082,4860,40,2025-11-28
17083,4860,482,2025-06-03
17084,4860,712,2025-05-08
17085,4860,728,2025-08-12
17086,4860,874,2026-03-29
17087,4861,85,2025-11-11
17088,4861,200,2025-07-10
17089,4861,1247,2025-04-26
17090,4862,156,2026-04-14
17091,4862,212,2026-02-12
17092,4862,667,2025-02-13
17093,4862,807,2026-03-30
17094,4862,873,2025-01-20
17095,4862,960,2025-12-18
17096,4862,968,2025-12-01
17097,4863,70,2026-03-15
17098,4863,136,2025-03-22
17099,4863,542,2025-12-07
17100,4863,999,2025-10-27
17101,4864,23,2025-09-05
17102,4864,151,2025-09-05
17103,4864,459,2025-03-02
17104,4864,485,2025-12-14
17105,4864,514,2025-11-25
17106,4864,985,2025-02-24
17107,4864,1050,2025-06-14
17108,4864,1494,2025-01-09
17109,4865,117,2025-07-28
17110,4865,385,2025-03-17
17111,4865,394,2025-12-16
17112,4865,443,2025-10-27
17113,4865,675,2025-02-28
17114,4865,796,2026-05-01
17115,4865,1234,2025-12-11
17116,4866,61,2026-04-25
17117,4866,349,2025-08-28
17118,4867,46,2025-11-06
17119,4867,579,2025-03-06
17120,4867,596,2025-07-19
17121,4867,1035,2026-04-08
17122,4867,1402,2026-02-05
17123,4868,71,2025-06-23
17124,4868,256,2026-02-19
17125,4868,390,2025-02-02
17126,4868,542,2026-04-11
17127,4868,554,2025-08-20
17128,4868,572,2025-04-20
17129,4868,680,2026-03-15
17130,4868,800,2025-03-24
17131,4868,872,2025-09-18
17132,4869,71,2025-02-27
17133,4869,504,2026-03-08
17134,4869,583,2025-08-07
17135,4869,983,2025-03-14
17136,4870,138,2025-12-17
17137,4870,247,2025-11-11
17138,4870,375,2025-02-12
17139,4870,752,2026-01-16
17140,4870,1107,2025-01-28
17141,4871,737,2026-01-10
17142,4871,927,2025-09-15
17143,4871,1158,2025-09-08
17144,4872,4,2025-04-28
17145,4872,127,2026-02-24
17146,4873,63,2025-11-13
17147,4873,210,2025-03-21
17148,4873,323,2025-03-22
17149,4873,859,2025-02-20
17150,4873,1354,2025-10-31
17151,4874,272,2025-10-09
17152,4874,848,2025-05-07
17153,4874,1376,2025-07-23
17154,4875,27,2025-10-18
17155,4875,121,2026-04-06
17156,4875,497,2025-02-08
17157,4875,935,2026-02-07
17158,4876,151,2025-06-14
17159,4876,159,2025-08-15
17160,4876,799,2025-04-22
17161,4876,976,2025-12-14
17162,4876,1005,2025-08-24
17163,4876,1118,2025-08-11
17164,4877,149,2026-02-03
17165,4877,152,2025-09-05
17166,4877,277,2025-02-28
17167,4877,311,2026-01-31
17168,4877,592,2025-01-14
17169,4877,781,2025-07-03
17170,4877,788,2025-03-12
17171,4877,1022,2025-10-17
17172,4878,1250,2025-09-21
17173,4878,1420,2025-12-16
17174,4879,146,2025-08-20
17175,4879,227,2025-09-07
17176,4879,657,2025-01-01
17177,4880,216,2025-08-15
17178,4880,317,2025-11-26
17179,4880,336,2025-05-30
17180,4880,829,2025-06-27
17181,4880,867,2026-03-12
17182,4880,1028,2025-11-01
17183,4880,1081,2026-01-15
17184,4881,13,2025-11-13
17185,4881,569,2026-03-07
17186,4881,1197,2026-01-09
17187,4881,1480,2025-02-11
17188,4882,700,2025-07-11
17189,4882,986,2026-03-19
17190,4882,1035,2025-04-11
17191,4882,1407,2025-01-29
17192,4883,200,2025-05-11
17193,4883,213,2025-05-21
17194,4883,890,2025-06-12
17195,4883,1312,2025-01-27
17196,4883,1397,2025-01-06
17197,4884,319,2026-02-19
17198,4884,503,2025-04-01
17199,4884,972,2025-01-04
17200,4884,1100,2025-03-09
17201,4884,1293,2026-02-02
17202,4885,27,2025-11-27
17203,4885,190,2025-07-13
17204,4885,402,2026-01-16
17205,4885,1129,2026-02-18
17206,4886,109,2025-09-24
17207,4886,357,2025-05-05
17208,4886,468,2025-10-14
17209,4886,525,2025-09-11
17210,4886,901,2025-10-12
17211,4886,957,2025-11-10
17212,4886,1093,2025-01-18
17213,4887,107,2026-03-31
17214,4887,971,2025-04-20
17215,4887,1476,2026-01-17
17216,4887,1498,2026-04-27
17217,4888,550,2025-06-08
17218,4888,791,2025-11-23
17219,4888,880,2025-06-27
17220,4888,944,2026-03-27
17221,4888,1035,2025-01-29
17222,4888,1133,2025-03-29
17223,4889,399,2025-11-01
17224,4889,647,2025-06-11
17225,4889,1260,2025-09-15
17226,4890,219,2025-07-24
17227,4891,257,2025-08-20
17228,4891,1275,2026-01-25
17229,4891,1487,2025-07-23
17230,4892,7,2025-01-25
17231,4892,538,2025-05-02
17232,4892,541,2025-11-29
17233,4893,1212,2026-02-03
17234,4893,1325,2025-01-25
17235,4893,1486,2025-05-20
17236,4893,1488,2025-01-05
17237,4894,781,2025-11-06
17238,4894,927,2026-02-04
17239,4895,307,2026-01-04
17240,4895,530,2026-02-08
17241,4895,686,2025-04-16
17242,4895,968,2025-05-20
17243,4895,970,2025-07-28
17244,4895,1276,2025-12-17
17245,4896,300,2025-12-20
17246,4897,110,2025-08-24
17247,4897,614,2025-12-14
17248,4897,646,2025-06-28
17249,4897,796,2025-06-02
17250,4897,1273,2025-11-17
17251,4897,1395,2025-02-05
17252,4898,371,2025-10-02
17253,4898,407,2025-12-31
17254,4898,752,2026-01-06
17255,4898,902,2025-03-16
17256,4898,1293,2025-05-03
17257,4898,1364,2026-02-08
17258,4899,1062,2025-08-06
17259,4899,1126,2025-10-05
17260,4899,1421,2025-09-16
17261,4900,228,2025-02-19
17262,4900,319,2025-01-23
17263,4900,349,2025-02-08
17264,4900,685,2026-03-31
17265,4900,1100,2025-05-05
17266,4900,1172,2026-03-02
17267,4900,1271,2025-10-09
17268,4900,1426,2025-12-07
17269,4901,319,2025-03-09
17270,4901,376,2025-08-17
17271,4901,1159,2025-03-30
17272,4902,666,2025-02-06
17273,4902,691,2025-01-25
17274,4902,1297,2026-03-23
17275,4903,359,2026-01-20
17276,4903,512,2025-06-10
17277,4903,641,2025-02-21
17278,4903,783,2025-05-05
17279,4903,831,2025-05-06
17280,4903,1077,2025-05-24
17281,4903,1405,2025-07-12
17282,4904,1111,2025-01-31
17283,4905,113,2025-02-21
17284,4905,197,2025-10-07
17285,4905,978,2025-06-08
17286,4905,1078,2025-03-23
17287,4905,1118,2025-03-18
17288,4906,892,2025-01-02
17289,4906,950,2025-02-20
17290,4906,1094,2025-05-01
17291,4906,1492,2025-10-02
17292,4907,81,2025-12-03
17293,4907,777,2025-10-08
17294,4907,930,2025-03-28
17295,4907,1083,2025-07-05
17296,4907,1428,2026-02-12
17297,4908,407,2025-05-01
17298,4908,548,2025-03-30
17299,4908,592,2025-01-17
17300,4908,913,2026-01-30
17301,4909,155,2025-10-09
17302,4909,397,2026-01-14
17303,4909,1015,2025-04-11
17304,4909,1351,2025-12-17
17305,4910,53,2026-01-10
17306,4910,301,2025-02-09
17307,4910,421,2026-03-28
17308,4910,425,2026-01-21
17309,4910,716,2025-12-11
17310,4910,1460,2025-07-18
17311,4911,27,2025-09-25
17312,4911,337,2025-03-04
17313,4911,696,2026-01-06
17314,4911,765,2026-02-04
17315,4911,1095,2025-11-23
17316,4911,1148,2025-07-30
17317,4911,1407,2025-04-24
17318,4911,1436,2025-08-01
17319,4912,1225,2026-03-07
17320,4912,1257,2025-01-05
17321,4912,1413,2025-05-02
17322,4913,111,2025-10-03
17323,4913,301,2025-10-17
17324,4913,479,2025-12-13
17325,4913,655,2025-12-08
17326,4913,795,2025-12-15
17327,4913,1341,2025-02-14
17328,4913,1424,2025-11-29
17329,4914,13,2026-04-26
17330,4914,348,2025-12-26
17331,4914,701,2025-09-03
17332,4914,1379,2025-05-06
17333,4915,326,2026-01-13
17334,4915,569,2025-07-14
17335,4915,997,2025-11-04
17336,4916,702,2025-01-07
17337,4916,883,2025-08-27
17338,4916,884,2026-01-19
17339,4916,956,2025-09-19
17340,4916,984,2025-10-31
17341,4916,1077,2025-12-28
17342,4917,9,2025-06-06
17343,4917,245,2025-11-28
17344,4917,411,2025-09-06
17345,4917,499,2025-08-08
17346,4918,309,2025-09-04
17347,4918,499,2025-04-05
17348,4918,718,2025-01-24
17349,4918,753,2025-01-22
17350,4918,922,2025-01-12
17351,4918,1063,2025-07-01
17352,4918,1169,2025-03-08
17353,4919,243,2025-02-11
17354,4919,295,2025-05-12
17355,4919,631,2025-12-24
17356,4919,686,2026-01-03
17357,4919,734,2025-02-21
17358,4919,1346,2026-02-04
17359,4920,725,2025-01-26
17360,4920,840,2025-08-31
17361,4920,1211,2026-04-13
17362,4920,1407,2025-01-05
17363,4921,125,2025-08-22
17364,4921,319,2025-02-28
17365,4921,887,2025-08-11
17366,4922,14,2025-05-04
17367,4922,16,2025-05-18
17368,4922,386,2025-10-15
17369,4922,698,2025-07-06
17370,4922,892,2026-03-23
17371,4922,1208,2026-02-11
17372,4922,1428,2025-01-15
17373,4923,30,2026-02-11
17374,4923,131,2025-12-01
17375,4924,66,2025-12-10
17376,4924,372,2025-09-30
17377,4924,1199,2026-03-06
17378,4925,407,2025-11-07
17379,4925,542,2025-06-14
17380,4925,584,2025-02-23
17381,4925,1427,2025-04-03
17382,4926,70,2025-04-21
17383,4926,427,2025-08-23
17384,4926,974,2025-01-04
17385,4927,72,2025-09-28
17386,4927,87,2025-07-10
17387,4927,134,2025-02-11
17388,4927,327,2026-01-27
17389,4927,765,2025-02-26
17390,4927,1210,2026-03-28
17391,4927,1339,2026-02-04
17392,4928,411,2025-10-27
17393,4928,441,2026-01-21
17394,4928,479,2025-02-11
17395,4928,888,2025-11-15
17396,4928,1063,2025-05-16
17397,4928,1155,2026-02-13
17398,4929,128,2025-11-26
17399,4929,149,2025-06-05
17400,4929,326,2025-07-05
17401,4929,396,2025-05-13
17402,4929,486,2026-04-24
17403,4929,1361,2025-07-06
17404,4930,13,2025-08-04
17405,4930,371,2025-11-07
17406,4930,715,2025-08-30
17407,4930,847,2025-03-14
17408,4930,1140,2025-11-12
17409,4931,397,2025-07-22
17410,4931,630,2025-06-26
17411,4931,702,2025-06-23
17412,4931,795,2025-07-19
17413,4931,830,2026-02-26
17414,4932,84,2025-02-28
17415,4932,295,2025-11-04
17416,4932,307,2025-04-06
17417,4932,679,2025-08-21
17418,4932,1062,2025-08-08
17419,4932,1368,2025-09-13
17420,4933,55,2025-02-10
17421,4933,563,2025-05-01
17422,4933,970,2025-08-13
17423,4934,39,2025-08-17
17424,4935,123,2026-01-11
17425,4935,836,2025-12-17
17426,4935,850,2026-02-20
17427,4936,970,2025-03-01
17428,4936,1042,2025-12-19
17429,4936,1070,2026-01-22
17430,4937,659,2025-12-12
17431,4937,702,2025-09-14
17432,4937,1426,2025-09-14
17433,4938,457,2025-08-01
17434,4938,571,2026-01-20
17435,4938,873,2025-03-14
17436,4939,107,2026-03-10
17437,4939,169,2025-08-06
17438,4939,246,2025-05-04
17439,4939,273,2025-10-27
17440,4939,520,2025-07-01
17441,4939,977,2025-07-25
17442,4939,1494,2025-02-24
17443,4940,13,2025-03-10
17444,4940,119,2026-01-15
17445,4940,261,2025-07-25
17446,4940,999,2026-01-27
17447,4940,1140,2026-03-01
17448,4940,1161,2025-07-15
17449,4940,1282,2026-04-18
17450,4940,1359,2026-02-02
17451,4941,159,2025-08-14
17452,4941,368,2025-10-06
17453,4941,896,2025-04-23
17454,4941,1074,2026-04-27
17455,4941,1394,2025-01-13
17456,4941,1450,2025-07-10
17457,4942,399,2025-07-06
17458,4942,1002,2025-09-11
17459,4942,1284,2025-04-17
17460,4943,773,2025-08-23
17461,4943,1481,2025-02-20
17462,4944,61,2025-04-11
17463,4944,475,2025-10-06
17464,4944,942,2026-03-10
17465,4944,1291,2026-03-13
17466,4945,74,2025-09-26
17467,4945,302,2025-09-02
17468,4945,946,2026-01-18
17469,4945,1205,2025-05-27
17470,4946,517,2026-02-26
17471,4946,777,2025-01-24
17472,4946,1159,2025-03-26
17473,4946,1397,2026-01-09
17474,4947,326,2025-03-13
17475,4947,719,2025-04-22
17476,4947,1067,2025-12-18
17477,4947,1127,2025-12-02
17478,4947,1144,2026-04-20
17479,4948,169,2026-01-03
17480,4948,181,2026-01-25
17481,4948,867,2025-05-28
17482,4948,1054,2025-12-08
17483,4948,1120,2025-07-14
17484,4948,1476,2025-02-05
17485,4949,85,2025-06-04
17486,4949,275,2025-06-02
17487,4949,612,2026-02-08
17488,4949,620,2025-07-20
17489,4949,1100,2026-03-30
17490,4950,34,2025-07-15
17491,4950,162,2025-04-01
17492,4950,408,2025-09-11
17493,4950,439,2025-08-06
17494,4950,456,2025-04-15
17495,4950,1393,2026-01-08
17496,4951,1334,2025-04-22
17497,4951,1443,2025-01-01
17498,4951,1483,2025-06-01
17499,4952,227,2025-12-15
17500,4952,373,2025-02-26
17501,4952,389,2025-02-06
17502,4952,499,2026-02-17
17503,4952,843,2025-08-23
17504,4953,1102,2025-08-02
17505,4953,1411,2026-02-03
17506,4954,197,2025-02-19
17507,4954,1015,2025-12-17
17508,4954,1112,2025-06-02
17509,4955,682,2025-03-31
17510,4955,936,2025-11-17
17511,4955,999,2025-12-10
17512,4955,1394,2025-02-22
17513,4956,643,2025-07-11
17514,4956,684,2025-04-06
17515,4956,753,2025-06-01
17516,4956,1002,2025-09-19
17517,4956,1138,2025-04-27
17518,4957,98,2025-02-27
17519,4957,772,2025-11-04
17520,4957,923,2025-07-23
17521,4957,1329,2025-09-30
17522,4957,1476,2026-01-13
17523,4958,93,2025-08-04
17524,4958,832,2025-04-17
17525,4958,874,2026-03-31
17526,4958,1096,2026-04-18
17527,4958,1269,2025-08-01
17528,4958,1386,2025-05-15
17529,4959,336,2025-09-03
17530,4959,517,2025-01-14
17531,4959,618,2026-03-07
17532,4959,799,2025-05-09
17533,4959,923,2025-07-18
17534,4959,1140,2025-06-10
17535,4960,431,2025-07-13
17536,4960,449,2025-10-03
17537,4960,1024,2025-10-17
17538,4961,9,2025-07-18
17539,4961,331,2025-10-31
17540,4961,511,2025-09-19
17541,4961,724,2026-04-08
17542,4961,881,2025-09-05
17543,4962,661,2026-04-20
17544,4962,1083,2025-01-12
17545,4963,671,2025-04-21
17546,4963,732,2025-07-13
17547,4963,844,2025-10-10
17548,4963,1004,2025-10-14
17549,4963,1249,2026-02-04
17550,4964,773,2025-04-29
17551,4965,75,2025-01-02
17552,4965,184,2025-01-15
17553,4965,1190,2025-05-23
17554,4966,184,2025-10-05
17555,4966,352,2025-04-23
17556,4966,671,2025-09-07
17557,4966,1004,2025-12-16
17558,4967,109,2025-11-05
17559,4967,180,2026-04-17
17560,4967,506,2025-11-25
17561,4967,926,2025-04-27
17562,4967,1113,2025-07-25
17563,4968,271,2026-01-09
17564,4968,488,2025-04-27
17565,4968,1102,2025-12-20
17566,4968,1246,2026-03-08
17567,4969,956,2025-02-10
17568,4969,1018,2026-01-27
17569,4969,1021,2025-06-26
17570,4969,1327,2025-10-23
17571,4969,1487,2025-04-03
17572,4970,85,2026-01-18
17573,4970,457,2025-03-16
17574,4970,538,2026-02-04
17575,4970,941,2025-12-28
17576,4970,994,2026-05-01
17577,4971,141,2025-11-01
17578,4971,168,2025-02-28
17579,4971,692,2025-12-05
17580,4971,698,2025-11-26
17581,4971,704,2025-03-27
17582,4971,894,2025-09-05
17583,4971,904,2026-04-24
17584,4971,961,2025-01-30
17585,4972,117,2025-07-16
17586,4972,367,2025-06-18
17587,4972,510,2025-11-03
17588,4972,554,2025-04-25
17589,4972,682,2025-05-24
17590,4972,994,2025-02-02
17591,4972,1037,2025-01-23
17592,4972,1081,2026-04-10
17593,4973,46,2025-05-16
17594,4973,405,2025-01-26
17595,4973,697,2025-07-13
17596,4973,919,2026-01-16
17597,4973,991,2026-04-25
17598,4973,1024,2025-12-18
17599,4974,109,2025-03-16
17600,4974,583,2025-10-24
17601,4974,826,2025-02-18
17602,4974,926,2025-02-11
17603,4974,1093,2025-10-06
17604,4975,13,2025-08-20
17605,4975,568,2025-03-29
17606,4975,649,2025-03-07
17607,4975,847,2025-09-20
17608,4975,1359,2025-03-22
17609,4976,659,2025-05-24
17610,4976,787,2025-09-03
17611,4977,327,2025-03-05
17612,4977,708,2025-09-23
17613,4977,1310,2025-04-09
17614,4978,281,2025-01-11
17615,4978,609,2025-02-14
17616,4978,927,2025-10-02
17617,4978,1060,2025-02-28
17618,4979,214,2025-08-17
17619,4980,160,2025-12-23
17620,4980,305,2025-10-26
17621,4980,482,2026-01-31
17622,4980,520,2026-04-30
17623,4980,792,2025-07-25
17624,4980,825,2025-11-30
17625,4981,92,2025-01-28
17626,4981,125,2026-03-11
17627,4981,1043,2026-02-28
17628,4981,1181,2025-09-03
17629,4981,1492,2025-06-21
17630,4982,107,2025-12-13
17631,4982,616,2025-08-18
17632,4982,807,2025-09-27
17633,4982,970,2025-11-10
17634,4982,1118,2026-01-09
17635,4983,38,2026-02-09
17636,4983,175,2026-03-05
17637,4983,182,2026-01-08
17638,4983,331,2025-09-24
17639,4983,1297,2025-12-02
17640,4983,1484,2025-05-10
17641,4984,545,2026-03-03
17642,4984,655,2025-10-23
17643,4985,422,2025-09-02
17644,4985,756,2026-04-03
17645,4985,1260,2025-05-26
17646,4985,1302,2025-10-25
17647,4985,1360,2025-11-11
17648,4985,1374,2025-08-18
17649,4986,434,2025-11-16
17650,4986,1325,2025-11-04
17651,4987,23,2025-01-30
17652,4987,864,2025-06-11
17653,4987,964,2025-03-24
17654,4987,1175,2026-04-22
17655,4988,79,2026-03-21
17656,4988,383,2025-03-11
17657,4988,384,2025-02-24
17658,4988,848,2025-09-09
17659,4988,991,2025-03-05
17660,4989,47,2025-02-26
17661,4989,206,2025-05-23
17662,4989,465,2025-10-07
17663,4989,1319,2026-03-14
17664,4990,934,2025-07-29
17665,4991,80,2026-02-09
17666,4991,482,2025-06-21
17667,4991,944,2025-08-02
17668,4991,1171,2025-07-02
17669,4992,278,2025-09-22
17670,4992,324,2026-01-13
17671,4992,352,2025-02-18
17672,4992,394,2025-10-11
17673,4992,467,2025-11-14
17674,4992,1034,2025-10-01
17675,4992,1461,2025-12-06
17676,4993,64,2025-02-22
17677,4993,1109,2026-04-27
17678,4994,747,2026-04-02
17679,4994,1009,2025-01-05
17680,4995,7,2025-08-10
17681,4995,170,2025-02-09
17682,4995,833,2025-09-10
17683,4995,913,2025-04-19
17684,4995,1061,2025-11-20
17685,4995,1476,2026-02-15
17686,4996,283,2025-12-17
17687,4996,630,2026-03-14
17688,4996,702,2026-03-20
17689,4996,948,2025-12-28
17690,4996,1258,2025-06-10
17691,4997,461,2025-07-28
17692,4997,555,2026-03-18
17693,4997,693,2025-05-05
17694,4997,785,2025-02-18
17695,4997,870,2025-07-28
17696,4997,977,2025-04-13
17697,4997,1200,2026-03-01
17698,4997,1225,2025-02-18
17699,4998,59,2025-03-28
17700,4998,1189,2025-11-02
17701,4999,304,2025-08-25
17702,4999,500,2025-07-07
17703,4999,1256,2026-03-03
17704,5000,659,2025-06-30
17705,5000,850,2025-08-18
17706,5000,1022,2026-02-23
17707,5001,61,2025-04-02
17708,5001,925,2026-01-17
17709,5001,1077,2026-03-20
17710,5001,1249,2026-01-21
17711,5002,72,2025-08-01
17712,5002,270,2025-02-22
17713,5002,392,2025-08-03
17714,5002,488,2025-11-02
17715,5002,680,2025-06-06
17716,5002,726,2025-11-08
17717,5002,1478,2025-07-30
17718,5003,891,2025-04-22
17719,5003,933,2025-09-07
17720,5004,481,2026-04-13
17721,5004,716,2025-10-15
17722,5004,955,2025-09-17
17723,5004,963,2025-02-06
17724,5004,1272,2025-02-15
17725,5005,38,2025-10-21
17726,5005,175,2026-03-06
17727,5005,827,2026-04-02
17728,5005,1236,2025-04-19
17729,5006,401,2025-09-27
17730,5006,686,2026-03-13
17731,5006,807,2025-12-20
17732,5006,1031,2025-12-30
17733,5006,1257,2025-10-30
17734,5007,256,2025-11-28
17735,5007,556,2025-10-25
17736,5007,725,2026-03-31
17737,5007,1069,2025-10-27
17738,5007,1100,2025-01-28
17739,5007,1258,2025-07-20
17740,5007,1449,2025-09-29
17741,5007,1461,2026-05-01
17742,5008,19,2025-03-27
17743,5008,453,2025-12-24
17744,5008,702,2025-01-25
17745,5008,852,2025-02-28
17746,5008,1461,2026-01-26
17747,5009,121,2025-04-17
17748,5009,183,2025-11-26
17749,5009,405,2026-02-26
17750,5009,696,2025-01-07
17751,5009,991,2025-09-13
17752,5009,1325,2025-02-09
17753,5010,530,2025-08-07
17754,5010,1236,2025-09-10
17755,5010,1324,2025-06-28
17756,5011,16,2025-04-07
17757,5011,23,2026-02-12
17758,5011,234,2025-12-16
17759,5011,424,2025-12-23
17760,5011,725,2025-03-29
17761,5011,1378,2025-02-28
17762,5011,1482,2025-07-19
17763,5012,93,2025-04-24
17764,5012,137,2026-02-15
17765,5012,509,2025-12-20
17766,5012,661,2025-04-10
17767,5012,922,2025-08-04
17768,5012,1107,2026-04-17
17769,5012,1397,2025-03-03
17770,5013,331,2026-02-15
17771,5013,381,2026-03-05
17772,5013,502,2025-05-04
17773,5013,599,2025-02-09
17774,5013,657,2025-08-29
17775,5013,1254,2025-11-11
17776,5013,1365,2026-03-17
17777,5014,47,2025-09-27
17778,5014,107,2025-06-18
17779,5014,521,2025-05-18
17780,5014,637,2025-10-24
17781,5014,689,2025-01-19
17782,5014,1035,2026-01-22
17783,5014,1054,2026-03-11
17784,5014,1301,2025-01-24
17785,5015,85,2025-06-08
17786,5015,1004,2025-12-19
17787,5015,1024,2025-11-05
17788,5015,1302,2026-03-04
17789,5015,1357,2025-01-29
17790,5016,46,2025-05-05
17791,5016,406,2025-09-01
17792,5016,834,2025-12-11
17793,5016,919,2025-03-25
17794,5016,1095,2025-11-04
17795,5016,1402,2025-07-02
17796,5017,230,2026-01-19
17797,5017,893,2025-06-01
17798,5017,970,2025-07-10
17799,5017,1494,2025-09-22
17800,5018,219,2026-02-02
17801,5018,287,2025-06-20
17802,5018,440,2025-09-15
17803,5018,597,2025-04-26
17804,5018,1248,2025-06-24
17805,5018,1295,2025-12-22
17806,5018,1394,2025-08-04
17807,5018,1478,2026-04-08
17808,5019,639,2026-02-25
17809,5019,828,2026-03-21
17810,5019,1267,2025-05-01
17811,5020,143,2025-12-15
17812,5020,361,2025-11-03
17813,5020,637,2026-04-15
17814,5020,640,2025-10-28
17815,5020,787,2025-10-08
17816,5020,1296,2026-01-24
17817,5020,1348,2026-03-02
17818,5021,517,2025-03-05
17819,5021,1011,2025-03-20
17820,5021,1098,2025-09-04
17821,5021,1330,2026-03-12
17822,5022,507,2025-05-23
17823,5023,213,2026-01-11
17824,5023,236,2025-04-22
17825,5023,870,2025-11-06
17826,5023,885,2025-11-20
17827,5023,909,2025-03-20
17828,5023,1439,2025-03-16
17829,5024,102,2026-04-12
17830,5024,332,2025-06-14
17831,5024,517,2026-02-02
17832,5024,734,2026-04-02
17833,5024,777,2025-06-25
17834,5024,923,2025-02-24
17835,5025,684,2025-08-13
17836,5025,984,2026-02-19
17837,5025,1496,2025-05-20
17838,5026,130,2025-02-05
17839,5026,877,2026-03-03
17840,5026,1149,2025-11-04
17841,5026,1385,2025-12-25
17842,5026,1407,2026-01-14
17843,5027,270,2025-04-05
17844,5027,440,2025-06-15
17845,5027,1186,2025-10-13
17846,5027,1229,2026-03-27
17847,5027,1234,2026-03-26
17848,5028,656,2025-02-04
17849,5028,786,2025-11-19
17850,5029,1031,2026-01-14
17851,5029,1043,2026-03-08
17852,5029,1447,2026-04-08
17853,5030,151,2026-05-01
17854,5030,407,2026-03-02
17855,5030,660,2025-05-11
17856,5030,913,2026-03-03
17857,5030,1394,2025-09-10
17858,5031,88,2026-03-21
17859,5031,174,2025-08-04
17860,5031,950,2026-04-05
17861,5031,1095,2025-04-02
17862,5031,1149,2026-04-09
17863,5031,1227,2026-04-24
17864,5032,431,2025-02-24
17865,5032,583,2026-02-24
17866,5033,182,2025-12-27
17867,5033,258,2025-04-04
17868,5033,315,2025-12-28
17869,5033,1360,2025-04-07
17870,5033,1484,2025-07-27
17871,5034,149,2026-02-20
17872,5034,512,2025-01-20
17873,5034,544,2025-03-04
17874,5034,663,2025-12-23
17875,5034,775,2025-10-05
17876,5034,887,2025-07-22
17877,5034,1383,2025-04-30
17878,5035,69,2025-10-20
17879,5035,302,2025-11-03
17880,5035,796,2025-05-14
17881,5035,1138,2025-07-03
17882,5035,1290,2025-05-13
17883,5035,1367,2025-02-20
17884,5035,1481,2026-02-27
17885,5036,307,2025-04-17
17886,5036,596,2026-01-06
17887,5036,960,2026-01-31
17888,5036,1237,2025-10-12
17889,5036,1308,2025-05-09
17890,5036,1390,2025-06-12
17891,5036,1450,2025-04-30
17892,5036,1471,2025-02-18
17893,5037,93,2025-06-10
17894,5037,1030,2025-07-19
17895,5037,1254,2025-04-22
17896,5037,1428,2026-02-02
17897,5038,155,2025-01-27
17898,5038,630,2025-11-05
17899,5039,207,2025-05-05
17900,5039,405,2025-01-05
17901,5039,565,2026-04-04
17902,5039,729,2026-01-31
17903,5039,839,2026-02-15
17904,5039,880,2025-08-29
17905,5039,1368,2025-11-03
17906,5040,140,2025-07-24
17907,5040,263,2025-09-24
17908,5040,371,2025-12-05
17909,5040,588,2026-01-13
17910,5040,1153,2025-06-22
17911,5040,1331,2026-02-01
17912,5041,125,2025-11-15
17913,5041,148,2025-01-24
17914,5041,398,2025-11-30
17915,5041,544,2025-10-28
17916,5042,855,2025-08-08
17917,5042,1003,2025-12-23
17918,5042,1186,2025-12-05
17919,5042,1236,2025-06-06
17920,5043,326,2025-07-05
17921,5043,404,2026-03-28
17922,5043,824,2026-02-08
17923,5043,1004,2025-10-24
17924,5043,1083,2025-10-03
17925,5043,1241,2025-08-26
17926,5044,11,2025-03-11
17927,5044,125,2025-11-19
17928,5044,126,2025-05-23
17929,5044,574,2026-04-14
17930,5044,743,2026-01-09
17931,5044,872,2025-01-17
17932,5045,109,2025-10-15
17933,5045,357,2026-01-19
17934,5045,531,2025-11-09
17935,5045,583,2025-11-06
17936,5045,803,2026-03-20
17937,5045,994,2025-04-01
17938,5045,1093,2025-12-26
17939,5046,385,2025-02-25
17940,5046,583,2025-08-24
17941,5046,796,2025-09-05
17942,5047,119,2025-11-22
17943,5047,311,2026-02-02
17944,5047,684,2026-04-02
17945,5047,796,2025-04-07
17946,5047,1455,2025-06-18
17947,5048,148,2025-11-30
17948,5048,749,2026-04-30
17949,5048,1019,2026-01-25
17950,5048,1423,2026-04-19
17951,5049,87,2025-02-17
17952,5049,258,2025-08-03
17953,5049,1193,2025-07-25
17954,5049,1354,2025-09-18
17955,5050,90,2025-02-02
17956,5050,173,2025-02-04
17957,5050,225,2026-03-26
17958,5051,175,2025-04-16
17959,5051,305,2025-04-21
17960,5051,904,2025-11-15
17961,5051,994,2025-08-29
17962,5051,1085,2025-04-09
17963,5052,175,2026-04-24
17964,5052,365,2025-08-08
17965,5052,553,2025-08-20
17966,5052,1278,2025-01-15
17967,5052,1351,2025-09-02
17968,5053,156,2025-12-21
17969,5053,1053,2025-03-11
17970,5053,1090,2025-03-03
17971,5053,1118,2025-09-03
17972,5053,1182,2025-12-03
17973,5053,1421,2025-04-26
17974,5054,204,2025-12-28
17975,5054,428,2025-05-31
17976,5054,941,2025-01-06
17977,5054,1015,2025-12-28
17978,5054,1057,2026-04-16
17979,5055,127,2025-04-03
17980,5055,302,2025-06-06
17981,5055,311,2025-03-09
17982,5055,669,2025-11-30
17983,5055,684,2025-03-29
17984,5055,1003,2025-11-27
17985,5055,1332,2025-03-29
17986,5056,754,2026-01-12
17987,5056,850,2026-03-12
17988,5056,1434,2026-04-29
17989,5057,427,2025-05-19
17990,5057,467,2025-02-18
17991,5057,671,2025-12-19
17992,5057,832,2025-11-12
17993,5057,883,2025-09-26
17994,5058,22,2026-03-27
17995,5058,788,2026-02-10
17996,5058,865,2026-03-06
17997,5058,1022,2026-01-05
17998,5058,1311,2025-04-28
17999,5059,253,2026-02-20
18000,5059,287,2026-02-19
18001,5059,753,2025-02-01
18002,5059,756,2025-07-30
18003,5059,769,2025-12-11
18004,5059,796,2026-04-13
18005,5060,351,2025-05-06
18006,5060,583,2025-04-05
18007,5060,601,2026-01-11
18008,5060,957,2025-05-01
18009,5060,1457,2025-08-11
18010,5061,212,2025-06-10
18011,5061,230,2025-06-07
18012,5061,337,2026-04-07
18013,5061,867,2025-01-08
18014,5061,978,2025-02-18
18015,5061,1124,2026-04-02
18016,5061,1316,2025-10-06
18017,5062,282,2025-02-21
18018,5062,1183,2025-11-29
18019,5062,1184,2026-02-09
18020,5062,1346,2025-06-08
18021,5063,120,2025-05-29
18022,5063,534,2025-05-18
18023,5063,914,2025-03-28
18024,5064,660,2025-06-01
18025,5064,978,2026-01-25
18026,5064,1078,2025-10-11
18027,5064,1329,2026-03-23
18028,5065,354,2026-03-13
18029,5065,378,2025-05-19
18030,5065,1265,2025-03-21
18031,5065,1382,2025-12-09
18032,5065,1415,2025-12-09
18033,5066,671,2025-01-16
18034,5066,883,2025-03-22
18035,5066,1004,2025-12-21
18036,5066,1317,2025-05-24
18037,5067,396,2025-05-06
18038,5067,1076,2026-02-18
18039,5067,1078,2026-03-05
18040,5067,1433,2026-01-22
18041,5068,267,2025-07-08
18042,5068,270,2025-01-04
18043,5068,309,2025-12-24
18044,5068,709,2025-11-04
18045,5068,892,2025-06-07
18046,5068,1161,2025-08-13
18047,5069,23,2025-07-30
18048,5069,248,2025-06-29
18049,5069,507,2025-12-26
18050,5069,923,2026-04-03
18051,5070,12,2026-04-26
18052,5070,352,2025-02-16
18053,5070,467,2025-03-02
18054,5070,1004,2025-12-09
18055,5070,1487,2026-01-12
18056,5071,303,2025-09-21
18057,5071,385,2025-08-07
18058,5071,749,2025-12-03
18059,5071,796,2025-02-03
18060,5071,925,2025-06-22
18061,5072,169,2025-08-02
18062,5072,521,2025-05-21
18063,5072,631,2025-01-05
18064,5072,867,2025-11-10
18065,5072,1193,2026-02-15
18066,5073,327,2025-10-22
18067,5073,451,2025-05-26
18068,5073,888,2025-02-22
18069,5073,1475,2025-06-08
18070,5074,324,2025-09-11
18071,5074,914,2025-06-29
18072,5075,149,2025-04-09
18073,5075,163,2025-11-14
18074,5075,451,2025-10-04
18075,5075,777,2025-11-14
18076,5075,1383,2025-12-28
18077,5075,1428,2025-02-03
18078,5076,348,2026-04-05
18079,5076,805,2025-04-09
18080,5077,129,2025-08-28
18081,5077,249,2025-01-20
18082,5077,670,2025-06-13
18083,5077,981,2025-06-09
18084,5077,1475,2026-03-02
18085,5078,84,2025-11-22
18086,5078,122,2025-03-10
18087,5078,286,2025-06-03
18088,5078,1154,2026-03-06
18089,5079,445,2025-06-16
18090,5079,544,2025-02-17
18091,5079,889,2025-12-17
18092,5079,984,2025-11-21
18093,5079,1327,2025-11-16
18094,5080,107,2025-01-29
18095,5080,146,2025-09-18
18096,5080,151,2026-04-11
18097,5080,309,2026-02-27
18098,5080,598,2025-04-02
18099,5080,686,2025-07-17
18100,5080,1062,2026-03-17
18101,5081,28,2025-02-08
18102,5081,96,2025-12-08
18103,5081,549,2026-04-07
18104,5081,1456,2026-02-25
18105,5082,50,2026-02-04
18106,5082,103,2025-02-06
18107,5083,1,2025-01-14
18108,5083,234,2025-11-26
18109,5083,424,2025-04-13
18110,5083,592,2025-06-12
18111,5083,1191,2025-07-16
18112,5083,1492,2025-06-13
18113,5084,88,2025-11-12
18114,5084,114,2025-05-17
18115,5084,505,2025-04-03
18116,5084,759,2026-01-19
18117,5084,986,2025-10-23
18118,5085,242,2025-10-31
18119,5085,463,2025-03-31
18120,5085,560,2025-01-19
18121,5085,599,2025-11-21
18122,5085,754,2025-03-31
18123,5085,982,2025-05-04
18124,5085,1384,2025-09-03
18125,5085,1458,2025-07-15
18126,5086,307,2025-12-31
18127,5086,485,2025-07-15
18128,5086,585,2025-08-10
18129,5086,970,2025-10-26
18130,5086,1330,2025-12-06
18131,5087,107,2026-04-25
18132,5087,232,2025-08-05
18133,5087,1118,2025-11-04
18134,5087,1201,2025-03-30
18135,5087,1498,2026-02-01
18136,5088,73,2025-03-27
18137,5088,182,2025-10-19
18138,5088,475,2025-06-27
18139,5088,580,2025-04-30
18140,5088,661,2025-04-29
18141,5088,694,2025-10-03
18142,5088,966,2025-07-16
18143,5089,93,2025-02-17
18144,5089,597,2025-10-19
18145,5089,671,2025-05-09
18146,5089,709,2025-02-17
18147,5089,795,2026-03-04
18148,5089,1225,2025-02-03
18149,5089,1367,2025-11-17
18150,5090,361,2026-02-26
18151,5090,392,2025-10-05
18152,5090,616,2026-02-05
18153,5090,930,2026-01-22
18154,5090,963,2025-04-09
18155,5090,1366,2025-11-08
18156,5090,1450,2025-12-13
18157,5090,1454,2025-01-09
18158,5091,356,2026-03-04
18159,5091,734,2025-11-15
18160,5091,807,2026-02-11
18161,5091,1235,2025-04-29
18162,5092,468,2026-02-06
18163,5093,978,2026-02-11
18164,5093,1062,2025-06-06
18165,5093,1078,2025-03-06
18166,5094,37,2025-05-24
18167,5094,388,2025-12-01
18168,5095,675,2025-11-20
18169,5095,901,2026-03-16
18170,5095,1423,2025-03-18
18171,5096,13,2025-05-31
18172,5096,357,2025-01-02
18173,5096,525,2025-07-13
18174,5096,601,2025-08-06
18175,5096,615,2025-12-11
18176,5096,812,2025-04-01
18177,5096,962,2025-09-20
18178,5096,1093,2026-01-17
18179,5096,1362,2025-04-07
18180,5097,1296,2025-05-19
18181,5098,114,2025-07-29
18182,5098,119,2025-04-08
18183,5098,435,2025-04-14
18184,5098,815,2026-02-17
18185,5098,1111,2025-06-03
18186,5098,1493,2025-12-12
18187,5099,93,2025-09-22
18188,5099,254,2025-10-03
18189,5099,331,2025-11-06
18190,5099,1107,2025-04-28
18191,5099,1258,2025-05-02
18192,5099,1360,2025-05-12
18193,5099,1424,2025-04-17
18194,5100,71,2025-08-30
18195,5100,109,2025-07-09
18196,5100,120,2025-02-22
18197,5100,357,2026-04-26
18198,5100,583,2026-01-13
18199,5100,1113,2025-09-27
18200,5101,225,2025-07-15
18201,5101,903,2025-08-12
18202,5101,1008,2026-04-08
18203,5102,270,2025-11-10
18204,5102,701,2025-05-11
18205,5102,1039,2026-01-10
18206,5102,1298,2025-01-20
18207,5103,109,2025-09-17
18208,5103,357,2025-08-11
18209,5103,738,2026-02-02
18210,5103,796,2026-02-18
18211,5103,1093,2025-07-05
18212,5103,1157,2026-02-20
18213,5104,307,2025-05-28
18214,5104,706,2025-03-31
18215,5104,722,2025-05-26
18216,5104,1198,2025-05-08
18217,5105,248,2026-01-08
18218,5105,432,2025-10-15
18219,5105,929,2025-04-01
18220,5105,946,2025-07-16
18221,5105,1043,2026-04-29
18222,5105,1159,2025-11-14
18223,5105,1301,2026-04-29
18224,5106,863,2025-03-10
18225,5106,976,2025-10-11
18226,5106,1370,2025-06-18
18227,5107,281,2025-06-25
18228,5107,707,2025-01-11
18229,5107,714,2025-08-19
18230,5107,979,2025-05-18
18231,5107,1393,2025-04-15
18232,5108,56,2025-06-24
18233,5108,196,2026-02-25
18234,5108,230,2026-03-03
18235,5108,410,2025-01-12
18236,5108,510,2025-10-23
18237,5108,719,2026-03-18
18238,5108,994,2025-06-27
18239,5108,1017,2025-03-25
18240,5108,1384,2026-01-24
18241,5109,1046,2026-03-13
18242,5109,1449,2025-10-14
18243,5110,739,2025-11-21
18244,5111,1309,2026-04-08
18245,5112,105,2026-04-25
18246,5112,671,2025-09-25
18247,5112,853,2026-02-18
18248,5112,1004,2025-11-15
18249,5112,1104,2025-07-11
18250,5112,1327,2025-11-08
18251,5113,866,2025-05-20
18252,5113,1039,2026-03-27
18253,5114,299,2026-04-17
18254,5114,426,2025-09-03
18255,5114,674,2026-03-08
18256,5114,1272,2025-11-20
18257,5114,1330,2026-03-20
18258,5115,34,2025-01-05
18259,5115,70,2025-05-08
18260,5115,148,2025-10-19
18261,5115,833,2025-08-07
18262,5115,1338,2026-02-18
18263,5115,1423,2026-04-09
18264,5116,16,2025-11-06
18265,5116,613,2026-03-24
18266,5116,671,2025-08-05
18267,5116,1045,2025-05-26
18268,5117,353,2025-06-17
18269,5117,941,2025-04-18
18270,5118,277,2025-06-15
18271,5118,288,2025-11-04
18272,5118,1347,2025-02-19
18273,5119,110,2026-03-06
18274,5119,390,2026-03-18
18275,5119,845,2025-08-29
18276,5119,898,2025-07-27
18277,5119,1153,2025-06-18
18278,5119,1340,2025-01-23
18279,5119,1467,2025-05-13
18280,5120,773,2025-08-23
18281,5121,445,2025-03-05
18282,5121,648,2026-02-15
18283,5122,62,2025-10-09
18284,5122,200,2025-09-25
18285,5122,288,2025-04-14
18286,5122,842,2025-01-03
18287,5122,1312,2025-01-20
18288,5123,1391,2026-01-26
18289,5124,512,2025-10-31
18290,5124,575,2026-02-13
18291,5124,785,2025-10-29
18292,5125,321,2025-06-24
18293,5125,780,2025-05-21
18294,5125,1402,2025-03-11
18295,5126,693,2025-10-09
18296,5126,1398,2025-09-18
18297,5127,287,2025-08-22
18298,5127,1122,2025-04-19
18299,5128,632,2026-04-24
18300,5128,696,2025-05-21
18301,5128,827,2025-05-26
18302,5128,1247,2026-01-14
18303,5128,1341,2026-01-09
18304,5128,1416,2025-11-09
18305,5129,496,2025-11-27
18306,5129,504,2025-07-25
18307,5130,523,2025-12-08
18308,5130,752,2025-07-13
18309,5131,1165,2025-09-22
18310,5132,309,2025-08-11
18311,5132,319,2025-08-09
18312,5132,885,2025-08-19
18313,5132,1215,2025-10-29
18314,5132,1223,2025-10-03
18315,5132,1458,2025-11-09
18316,5133,486,2025-10-24
18317,5134,682,2025-05-13
18318,5134,1097,2025-08-22
18319,5134,1339,2025-01-09
18320,5135,635,2025-07-29
18321,5135,914,2025-12-25
18322,5135,1360,2025-02-24
18323,5136,150,2025-08-23
18324,5136,678,2025-12-25
18325,5136,1130,2026-03-13
18326,5137,230,2026-03-14
18327,5137,367,2025-11-25
18328,5137,541,2025-01-12
18329,5137,624,2026-03-23
18330,5137,734,2026-03-19
18331,5137,964,2026-03-20
18332,5138,122,2026-03-14
18333,5138,1378,2025-08-10
18334,5139,247,2025-10-27
18335,5139,383,2025-01-27
18336,5139,465,2025-02-13
18337,5139,1149,2026-03-10
18338,5140,178,2025-05-14
18339,5140,195,2025-11-15
18340,5140,793,2025-08-14
18341,5140,1095,2026-04-10
18342,5140,1402,2025-02-12
18343,5140,1407,2025-02-11
18344,5141,141,2025-01-14
18345,5141,258,2026-01-24
18346,5141,833,2025-04-21
18347,5141,964,2026-02-13
18348,5141,1076,2025-09-26
18349,5141,1284,2025-05-14
18350,5142,319,2026-02-12
18351,5142,511,2026-01-02
18352,5142,885,2026-04-23
18353,5142,977,2026-04-30
18354,5142,1147,2025-08-18
18355,5143,44,2025-02-22
18356,5143,58,2025-06-22
18357,5143,312,2025-07-20
18358,5143,624,2025-09-03
18359,5143,1232,2026-03-01
18360,5144,138,2025-07-03
18361,5144,365,2025-08-03
18362,5144,673,2025-08-10
18363,5144,762,2026-01-08
18364,5144,787,2025-06-16
18365,5144,1315,2025-01-01
18366,5144,1336,2025-12-01
18367,5145,527,2025-06-23
18368,5145,546,2025-02-09
18369,5145,655,2025-10-05
18370,5145,892,2026-01-08
18371,5145,1492,2025-09-16
18372,5146,70,2025-08-05
18373,5146,148,2026-04-29
18374,5146,321,2025-01-11
18375,5146,385,2025-12-18
18376,5146,979,2025-02-19
18377,5146,999,2025-07-16
18378,5146,1326,2025-09-09
18379,5147,502,2025-12-06
18380,5147,644,2025-05-30
18381,5148,286,2025-05-14
18382,5148,390,2025-10-16
18383,5148,541,2026-03-31
18384,5148,598,2026-01-06
18385,5148,1036,2025-12-16
18386,5148,1276,2025-04-03
18387,5149,248,2025-04-15
18388,5149,535,2025-05-26
18389,5149,734,2025-12-22
18390,5149,833,2025-04-17
18391,5149,923,2025-07-08
18392,5149,1366,2025-11-09
18393,5150,47,2026-03-31
18394,5150,1053,2025-11-24
18395,5150,1117,2025-08-11
18396,5150,1124,2025-10-22
18397,5150,1162,2025-09-22
18398,5150,1209,2025-06-17
18399,5151,307,2025-01-10
18400,5151,867,2026-03-29
18401,5151,1324,2026-04-20
18402,5152,351,2025-05-23
18403,5152,583,2025-06-15
18404,5152,874,2026-01-24
18405,5152,903,2026-04-11
18406,5152,977,2025-01-09
18407,5152,1061,2025-11-27
18408,5152,1336,2025-06-21
18409,5152,1345,2026-02-05
18410,5152,1359,2025-07-29
18411,5152,1368,2025-07-29
18412,5153,18,2026-03-15
18413,5153,299,2025-12-29
18414,5153,311,2025-10-23
18415,5153,414,2026-02-09
18416,5153,838,2026-05-01
18417,5153,966,2025-04-28
18418,5153,1001,2025-09-06
18419,5153,1434,2025-06-25
18420,5154,88,2025-06-09
18421,5154,589,2025-01-24
18422,5154,919,2025-03-11
18423,5154,1310,2026-02-27
18424,5154,1385,2025-12-31
18425,5155,172,2026-01-19
18426,5155,708,2026-04-07
18427,5156,107,2025-05-16
18428,5156,169,2026-04-07
18429,5156,407,2025-04-02
18430,5156,454,2026-02-12
18431,5156,521,2025-10-15
18432,5156,958,2025-08-11
18433,5157,660,2025-02-06
18434,5157,867,2025-08-30
18435,5157,1078,2026-03-02
18436,5157,1124,2025-12-26
18437,5157,1175,2025-10-02
18438,5157,1319,2025-10-28
18439,5158,385,2025-03-27
18440,5158,548,2026-04-06
18441,5158,600,2025-06-19
18442,5158,635,2026-02-15
18443,5158,845,2025-08-17
18444,5158,946,2025-03-05
18445,5158,1234,2025-06-03
18446,5159,11,2025-01-18
18447,5159,429,2026-03-09
18448,5159,556,2025-03-08
18449,5159,1034,2025-06-19
18450,5159,1069,2025-01-29
18451,5159,1220,2026-03-18
18452,5159,1314,2025-12-16
18453,5159,1461,2026-03-16
18454,5159,1465,2025-05-04
18455,5160,232,2025-10-03
18456,5160,273,2025-06-15
18457,5160,958,2026-03-23
18458,5160,968,2025-12-28
18459,5161,976,2025-09-09
18460,5161,1022,2025-08-08
18461,5162,41,2026-01-17
18462,5162,342,2025-03-30
18463,5163,10,2026-01-22
18464,5163,175,2025-07-12
18465,5163,186,2026-03-24
18466,5163,490,2026-03-02
18467,5163,652,2025-06-04
18468,5163,1461,2025-09-21
18469,5164,64,2026-02-09
18470,5164,614,2025-02-06
18471,5164,838,2025-11-19
18472,5164,1056,2025-07-30
18473,5164,1194,2026-01-25
18474,5165,96,2026-01-23
18475,5165,392,2025-05-08
18476,5165,701,2025-09-22
18477,5165,707,2025-11-28
18478,5165,838,2025-05-28
18479,5165,1033,2025-10-21
18480,5166,117,2025-05-06
18481,5166,344,2026-01-24
18482,5166,834,2026-01-19
18483,5166,872,2025-07-28
18484,5167,352,2026-03-17
18485,5167,386,2025-10-14
18486,5167,508,2026-03-21
18487,5167,666,2025-01-27
18488,5167,671,2025-12-10
18489,5167,1064,2025-07-17
18490,5167,1130,2025-04-11
18491,5167,1384,2025-06-15
18492,5168,897,2025-09-20
18493,5169,16,2025-06-29
18494,5169,267,2025-04-24
18495,5169,1015,2025-01-10
18496,5170,107,2026-01-04
18497,5170,233,2026-03-07
18498,5170,359,2025-02-13
18499,5170,499,2025-01-12
18500,5170,712,2026-01-30
18501,5170,741,2025-02-10
18502,5170,928,2026-03-12
18503,5170,1029,2026-01-27
18504,5170,1230,2025-03-14
18505,5170,1384,2025-08-13
18506,5171,905,2025-10-09
18507,5171,976,2025-10-23
18508,5171,1154,2025-07-13
18509,5171,1270,2025-11-04
18510,5171,1320,2025-06-20
18511,5172,767,2025-02-13
18512,5172,1096,2026-02-17
18513,5173,190,2025-11-09
18514,5173,825,2025-11-29
18515,5173,1380,2025-04-17
18516,5174,11,2025-01-01
18517,5174,397,2026-01-24
18518,5174,1419,2025-05-31
18519,5175,235,2025-11-26
18520,5175,537,2026-04-17
18521,5175,678,2025-09-15
18522,5175,801,2026-03-17
18523,5175,816,2025-07-08
18524,5175,896,2025-03-17
18525,5175,1150,2026-04-10
18526,5175,1261,2026-03-21
18527,5175,1311,2026-04-08
18528,5176,663,2025-12-29
18529,5176,690,2025-09-08
18530,5176,706,2025-08-24
18531,5176,963,2025-06-29
18532,5176,1162,2025-09-26
18533,5176,1336,2025-07-12
18534,5176,1355,2026-01-24
18535,5177,123,2025-09-01
18536,5177,452,2025-01-25
18537,5177,785,2026-04-02
18538,5177,798,2025-04-21
18539,5177,922,2025-07-18
18540,5177,1337,2025-06-17
18541,5177,1421,2025-08-01
18542,5178,534,2025-03-17
18543,5178,955,2025-01-27
18544,5178,1018,2026-04-30
18545,5178,1453,2025-04-10
18546,5178,1458,2026-01-18
18547,5179,443,2025-08-05
18548,5179,468,2025-04-21
18549,5179,563,2025-05-10
18550,5179,580,2025-06-05
18551,5179,602,2025-12-15
18552,5179,1114,2025-05-25
18553,5180,319,2025-04-19
18554,5180,1492,2025-11-18
18555,5181,246,2025-11-01
18556,5181,470,2025-05-13
18557,5181,689,2025-07-26
18558,5181,736,2025-09-18
18559,5181,799,2026-02-04
18560,5181,807,2025-11-03
18561,5181,1066,2025-07-13
18562,5181,1188,2026-01-18
18563,5182,240,2026-01-14
18564,5182,873,2026-01-03
18565,5182,1385,2025-05-06
18566,5182,1396,2025-04-30
18567,5183,84,2025-02-23
18568,5183,1200,2025-10-03
18569,5183,1394,2025-02-06
18570,5184,934,2025-12-12
18571,5184,1200,2025-03-19
18572,5184,1325,2025-04-11
18573,5184,1402,2025-04-24
18574,5184,1453,2025-07-09
18575,5185,38,2025-08-14
18576,5185,175,2025-12-14
18577,5185,527,2025-08-04
18578,5185,1119,2025-02-15
18579,5186,369,2025-09-02
18580,5186,376,2026-01-01
18581,5186,897,2026-03-08
18582,5186,933,2026-01-16
18583,5186,1063,2026-04-07
18584,5186,1145,2025-01-25
18585,5186,1397,2025-08-18
18586,5187,38,2026-03-28
18587,5187,175,2025-04-23
18588,5187,182,2026-03-06
18589,5187,943,2025-03-05
18590,5187,1130,2026-03-30
18591,5187,1159,2025-08-17
18592,5188,362,2025-06-04
18593,5188,657,2025-05-24
18594,5188,1041,2026-03-20
18595,5188,1085,2025-07-02
18596,5189,85,2025-08-25
18597,5189,466,2025-08-25
18598,5189,666,2026-03-30
18599,5189,1272,2025-08-08
18600,5189,1351,2025-03-30
18601,5190,187,2025-12-12
18602,5190,233,2025-07-31
18603,5191,293,2026-04-01
18604,5191,569,2025-03-11
18605,5191,845,2025-07-18
18606,5191,1069,2025-05-06
18607,5191,1153,2026-04-28
18608,5192,70,2025-07-20
18609,5192,556,2025-08-16
18610,5192,732,2025-10-03
18611,5192,865,2025-06-10
18612,5192,885,2025-12-23
18613,5192,1131,2025-01-22
18614,5193,12,2025-09-18
18615,5193,117,2025-11-11
18616,5193,357,2026-04-07
18617,5193,826,2026-04-11
18618,5194,3,2025-10-11
18619,5194,213,2026-04-14
18620,5194,761,2026-03-30
18621,5195,16,2025-11-06
18622,5195,93,2025-09-08
18623,5195,261,2026-02-21
18624,5195,771,2025-09-11
18625,5195,924,2025-05-16
18626,5195,1361,2026-02-06
18627,5196,227,2025-09-11
18628,5196,634,2026-01-31
18629,5196,865,2026-03-16
18630,5196,926,2025-07-11
18631,5196,928,2025-11-10
18632,5196,1424,2025-05-20
18633,5196,1432,2025-12-17
18634,5197,12,2025-05-27
18635,5197,82,2025-11-29
18636,5197,366,2025-05-03
18637,5197,374,2026-04-27
18638,5197,656,2025-05-27
18639,5197,753,2026-03-06
18640,5197,1379,2025-09-15
18641,5197,1447,2025-12-31
18642,5198,286,2025-06-21
18643,5198,392,2025-03-12
18644,5199,206,2025-10-28
18645,5199,232,2025-07-01
18646,5199,923,2026-03-11
18647,5199,1371,2025-04-08
18648,5199,1450,2025-08-17
18649,5200,19,2026-01-19
18650,5200,38,2025-08-24
18651,5200,149,2026-02-08
18652,5200,865,2025-05-10
18653,5200,1091,2026-03-26
18654,5201,754,2026-02-27
18655,5201,785,2026-03-22
18656,5201,993,2025-01-15
18657,5201,1278,2026-01-21
18658,5201,1397,2026-02-06
18659,5201,1428,2025-05-03
18660,5202,406,2025-09-01
18661,5202,589,2025-07-19
18662,5202,900,2025-08-27
18663,5202,1237,2025-08-03
18664,5202,1325,2025-10-13
18665,5203,142,2025-09-01
18666,5203,499,2025-05-25
18667,5203,617,2025-01-13
18668,5203,1271,2025-05-16
18669,5203,1374,2026-03-23
18670,5204,49,2025-03-18
18671,5204,349,2025-01-12
18672,5204,424,2026-03-20
18673,5204,845,2025-09-03
18674,5204,865,2025-08-04
18675,5204,1192,2025-08-28
18676,5205,175,2025-07-01
18677,5205,182,2025-02-11
18678,5205,783,2025-06-07
18679,5205,904,2025-11-02
18680,5205,963,2025-08-16
18681,5205,981,2025-06-29
18682,5205,1250,2025-04-13
18683,5206,149,2025-06-02
18684,5206,516,2025-02-15
18685,5206,865,2025-02-08
18686,5206,1278,2025-06-12
18687,5206,1383,2026-01-22
18688,5206,1426,2025-08-30
18689,5207,140,2026-01-28
18690,5208,186,2025-04-17
18691,5208,842,2025-11-30
18692,5208,914,2026-02-02
18693,5209,354,2025-04-17
18694,5209,362,2025-01-31
18695,5209,583,2025-11-15
18696,5210,345,2025-10-29
18697,5210,810,2025-01-30
18698,5210,1274,2026-02-08
18699,5211,105,2025-01-17
18700,5211,138,2025-11-26
18701,5211,234,2026-01-03
18702,5211,342,2025-01-24
18703,5211,874,2025-10-20
18704,5211,973,2026-03-12
18705,5211,1277,2025-05-23
18706,5212,97,2026-01-14
18707,5212,272,2025-01-18
18708,5212,928,2026-02-12
18709,5212,1044,2025-07-29
18710,5213,23,2025-07-10
18711,5213,25,2025-07-23
18712,5213,313,2025-07-02
18713,5213,426,2026-01-07
18714,5213,964,2025-09-17
18715,5213,1132,2025-03-18
18716,5214,148,2025-05-04
18717,5214,282,2026-01-17
18718,5214,395,2025-05-29
18719,5214,572,2026-01-05
18720,5214,749,2025-05-15
18721,5214,1150,2025-06-25
18722,5215,151,2025-05-06
18723,5215,807,2025-09-26
18724,5216,466,2026-02-14
18725,5216,491,2025-06-20
18726,5217,415,2025-12-02
18727,5217,778,2025-12-03
18728,5218,492,2025-08-05
18729,5218,1148,2025-07-07
18730,5218,1149,2025-05-06
18731,5218,1200,2025-06-25
18732,5218,1440,2025-04-03
18733,5219,391,2026-04-13
18734,5219,411,2025-04-13
18735,5219,741,2026-03-19
18736,5219,851,2025-12-13
18737,5219,885,2025-03-08
18738,5219,950,2026-04-28
18739,5219,1312,2025-07-30
18740,5219,1333,2025-08-09
18741,5220,978,2025-01-17
18742,5220,1086,2025-11-20
18743,5221,13,2025-12-16
18744,5221,117,2026-04-14
18745,5221,531,2026-04-14
18746,5221,757,2025-12-10
18747,5222,23,2026-01-26
18748,5222,197,2025-01-07
18749,5222,1115,2026-03-18
18750,5222,1450,2025-01-19
18751,5222,1498,2025-05-14
18752,5223,217,2025-08-27
18753,5223,724,2025-01-15
18754,5223,1037,2026-03-14
18755,5224,1000,2025-10-20
18756,5224,1122,2026-01-13
18757,5224,1247,2025-02-10
18758,5225,57,2025-02-05
18759,5225,81,2025-01-31
18760,5225,93,2026-01-12
18761,5225,308,2025-05-06
18762,5225,647,2026-02-22
18763,5225,869,2025-06-07
18764,5225,912,2025-10-27
18765,5226,791,2026-01-21
18766,5226,991,2025-12-07
18767,5226,1310,2025-07-05
18768,5227,372,2026-02-27
18769,5227,540,2025-08-04
18770,5227,825,2025-02-09
18771,5227,1257,2025-02-10
18772,5227,1430,2025-11-04
18773,5227,1465,2025-12-19
18774,5228,640,2026-01-27
18775,5228,641,2025-11-03
18776,5228,1247,2025-09-14
18777,5228,1283,2025-10-18
18778,5228,1344,2025-10-30
18779,5228,1439,2026-01-12
18780,5229,157,2025-07-24
18781,5229,923,2026-03-03
18782,5229,1062,2025-06-10
18783,5229,1188,2025-02-11
18784,5229,1267,2025-02-14
18785,5229,1446,2025-10-08
18786,5230,9,2025-02-22
18787,5230,175,2025-12-16
18788,5230,865,2026-03-31
18789,5230,1112,2025-06-12
18790,5231,28,2025-09-15
18791,5231,766,2025-04-21
18792,5231,838,2026-01-19
18793,5231,1369,2025-08-18
18794,5232,105,2026-02-08
18795,5232,479,2026-04-21
18796,5232,536,2025-05-22
18797,5232,719,2025-07-25
18798,5232,756,2025-08-07
18799,5232,1271,2025-02-09
18800,5233,504,2025-06-09
18801,5233,1307,2026-01-09
18802,5234,883,2025-06-06
18803,5234,1327,2025-08-29
18804,5235,40,2025-08-18
18805,5235,680,2025-08-06
18806,5235,741,2026-04-18
18807,5235,845,2025-02-17
18808,5236,281,2025-09-19
18809,5236,976,2025-11-26
18810,5236,1080,2026-01-27
18811,5236,1211,2025-11-28
18812,5236,1434,2025-07-29
18813,5237,128,2025-09-19
18814,5237,860,2025-09-07
18815,5238,175,2025-12-09
18816,5238,365,2025-01-01
18817,5238,437,2025-05-24
18818,5238,1065,2026-01-04
18819,5238,1145,2025-08-25
18820,5238,1317,2026-01-11
18821,5238,1360,2025-10-26
18822,5239,317,2025-07-30
18823,5239,1119,2025-07-24
18824,5239,1127,2025-12-10
18825,5239,1308,2025-11-30
18826,5240,164,2026-03-16
18827,5240,364,2026-02-05
18828,5240,1178,2026-03-03
18829,5240,1498,2025-07-16
18830,5241,149,2025-10-08
18831,5241,193,2026-03-30
18832,5241,655,2025-03-17
18833,5241,1247,2025-12-29
18834,5241,1333,2025-11-11
18835,5242,373,2025-01-09
18836,5242,653,2026-01-15
18837,5242,922,2025-07-10
18838,5242,984,2025-12-31
18839,5243,835,2025-03-10
18840,5243,1046,2025-07-08
18841,5243,1291,2025-07-26
18842,5243,1487,2025-06-25
18843,5244,531,2025-11-04
18844,5245,276,2025-10-28
18845,5245,509,2025-07-11
18846,5245,548,2025-01-09
18847,5245,829,2025-09-27
18848,5245,1247,2025-11-25
18849,5245,1400,2025-11-13
18850,5246,226,2025-02-04
18851,5246,275,2025-05-22
18852,5246,620,2026-01-03
18853,5246,892,2025-03-26
18854,5246,1492,2025-12-26
18855,5247,103,2025-04-30
18856,5247,159,2025-12-21
18857,5247,470,2025-04-29
18858,5247,742,2025-01-02
18859,5248,588,2026-01-09
18860,5248,643,2025-04-03
18861,5248,769,2025-10-22
18862,5248,801,2025-12-27
18863,5248,999,2025-04-06
18864,5249,340,2025-09-12
18865,5249,730,2025-08-05
18866,5249,1084,2026-04-11
18867,5250,361,2025-05-27
18868,5250,382,2026-03-14
18869,5250,686,2025-01-09
18870,5250,889,2025-06-11
18871,5250,964,2025-05-23
18872,5250,1250,2026-03-06
18873,5251,196,2025-09-04
18874,5251,370,2025-12-15
18875,5251,737,2025-05-04
18876,5251,1063,2025-11-16
18877,5252,148,2025-10-01
18878,5252,326,2025-08-05
18879,5252,520,2025-03-31
18880,5252,822,2026-04-14
18881,5252,1375,2025-03-21
18882,5253,432,2025-02-04
18883,5253,686,2025-05-10
18884,5253,807,2025-01-29
18885,5253,1016,2025-07-01
18886,5253,1250,2025-02-04
18887,5254,311,2025-04-21
18888,5254,443,2026-03-25
18889,5254,727,2025-02-15
18890,5254,796,2025-09-30
18891,5254,801,2025-07-18
18892,5254,847,2025-07-12
18893,5254,1044,2025-01-17
18894,5254,1435,2025-06-07
18895,5255,7,2025-09-06
18896,5255,487,2025-06-07
18897,5255,502,2025-08-19
18898,5256,97,2026-03-21
18899,5256,229,2025-05-05
18900,5256,250,2025-04-20
18901,5256,640,2025-10-10
18902,5256,651,2025-10-30
18903,5256,980,2026-03-06
18904,5257,238,2025-02-16
18905,5258,22,2025-05-10
18906,5258,31,2025-08-21
18907,5258,410,2026-01-11
18908,5258,480,2026-01-15
18909,5258,756,2025-09-14
18910,5259,114,2025-06-23
18911,5259,260,2025-03-27
18912,5259,452,2025-05-14
18913,5259,680,2025-08-22
18914,5259,1295,2025-06-03
18915,5260,275,2026-03-19
18916,5260,676,2025-06-04
18917,5261,2,2026-02-28
18918,5261,119,2025-03-07
18919,5261,186,2025-01-02
18920,5261,357,2025-04-07
18921,5261,506,2025-06-17
18922,5261,525,2025-11-07
18923,5261,1204,2025-05-15
18924,5261,1246,2025-05-25
18925,5261,1254,2025-02-22
18926,5261,1434,2025-01-09
18927,5262,146,2026-04-22
18928,5262,544,2026-04-05
18929,5262,1279,2026-01-18
18930,5262,1281,2026-03-24
18931,5262,1391,2025-12-11
18932,5263,795,2025-03-27
18933,5263,863,2026-04-15
18934,5263,865,2026-01-05
18935,5263,1022,2025-04-26
18936,5264,702,2026-02-05
18937,5264,703,2025-09-16
18938,5264,814,2025-09-04
18939,5264,830,2025-11-27
18940,5264,1112,2025-04-26
18941,5264,1360,2026-03-06
18942,5264,1376,2025-07-02
18943,5265,113,2025-02-12
18944,5265,246,2025-10-03
18945,5265,1078,2026-04-14
18946,5265,1474,2026-01-18
18947,5266,231,2025-12-16
18948,5266,314,2025-12-25
18949,5266,499,2026-01-22
18950,5266,632,2026-03-17
18951,5267,30,2025-07-28
18952,5267,334,2025-07-31
18953,5267,980,2025-06-08
18954,5267,1035,2026-04-19
18955,5267,1149,2026-03-20
18956,5267,1325,2026-03-19
18957,5267,1340,2025-09-12
18958,5268,336,2025-09-03
18959,5268,426,2025-06-04
18960,5268,448,2025-02-18
18961,5268,686,2025-04-15
18962,5268,931,2025-02-16
18963,5268,970,2025-04-15
18964,5269,151,2026-04-16
18965,5269,637,2025-07-07
18966,5269,1400,2025-02-09
18967,5269,1421,2025-09-16
18968,5270,12,2025-12-12
18969,5270,114,2025-04-07
18970,5270,302,2025-01-05
18971,5270,656,2025-03-14
18972,5270,1307,2025-07-01
18973,5271,112,2025-09-21
18974,5271,419,2025-07-11
18975,5271,867,2025-04-11
18976,5271,1476,2025-05-17
18977,5272,79,2026-04-07
18978,5272,402,2026-04-29
18979,5272,761,2025-08-03
18980,5272,845,2026-01-31
18981,5272,1007,2025-06-12
18982,5272,1149,2025-10-01
18983,5272,1227,2026-02-22
18984,5273,364,2025-02-10
18985,5273,672,2025-06-28
18986,5273,804,2025-04-18
18987,5273,1188,2025-11-15
18988,5274,14,2026-04-25
18989,5274,216,2025-09-27
18990,5274,275,2026-02-02
18991,5274,388,2025-10-03
18992,5274,410,2025-07-06
18993,5274,432,2025-11-23
18994,5274,477,2025-03-27
18995,5274,1101,2025-12-22
18996,5274,1380,2025-03-02
18997,5275,614,2025-09-08
18998,5275,778,2025-10-09
18999,5276,360,2025-11-05
19000,5276,375,2025-06-17
19001,5276,379,2025-06-25
19002,5276,617,2026-03-25
19003,5276,652,2025-11-15
19004,5276,740,2026-02-18
19005,5277,123,2025-11-14
19006,5277,466,2025-01-30
19007,5277,671,2026-02-19
19008,5277,732,2025-10-23
19009,5277,782,2025-09-25
19010,5277,1386,2025-06-05
19011,5278,95,2025-12-28
19012,5278,515,2026-03-30
19013,5278,616,2025-12-13
19014,5279,132,2026-02-11
19015,5279,734,2025-02-08
19016,5279,913,2026-04-15
19017,5279,923,2025-03-29
19018,5279,958,2025-10-11
19019,5279,1388,2025-07-12
19020,5280,208,2025-06-19
19021,5280,538,2025-07-04
19022,5280,651,2026-02-18
19023,5280,788,2025-09-23
19024,5280,1437,2026-03-06
19025,5281,53,2026-03-31
19026,5281,98,2026-03-20
19027,5281,646,2025-02-26
19028,5281,1256,2025-07-12
19029,5282,310,2025-08-24
19030,5282,809,2025-06-26
19031,5282,829,2026-01-24
19032,5282,978,2025-11-14
19033,5282,1215,2025-04-02
19034,5282,1330,2025-04-21
19035,5283,357,2025-10-03
19036,5283,485,2025-04-16
19037,5283,767,2026-04-28
19038,5283,868,2026-03-14
19039,5284,160,2025-02-19
19040,5284,1132,2025-10-28
19041,5285,169,2025-04-23
19042,5285,547,2025-06-09
19043,5285,637,2025-09-30
19044,5285,691,2026-01-26
19045,5285,813,2025-10-20
19046,5285,833,2025-02-16
19047,5286,307,2025-10-08
19048,5286,368,2026-04-02
19049,5286,521,2026-01-02
19050,5286,1078,2026-01-27
19051,5286,1359,2025-01-22
19052,5287,96,2026-01-10
19053,5287,270,2025-01-29
19054,5287,475,2025-04-11
19055,5287,701,2025-09-30
19056,5287,826,2025-02-03
19057,5287,1255,2026-02-24
19058,5287,1478,2025-05-13
19059,5288,70,2026-03-20
19060,5288,148,2025-07-17
19061,5288,392,2025-04-07
19062,5288,951,2025-05-13
19063,5288,999,2025-03-07
19064,5288,1438,2025-12-27
19065,5289,175,2025-11-07
19066,5289,388,2026-02-23
19067,5289,553,2025-03-30
19068,5289,1131,2025-06-09
19069,5289,1261,2026-04-14
19070,5289,1378,2025-03-22
19071,5290,305,2025-02-22
19072,5290,391,2025-12-19
19073,5290,981,2025-11-08
19074,5291,107,2026-03-25
19075,5291,426,2025-07-09
19076,5291,727,2025-10-22
19077,5291,829,2025-08-26
19078,5291,923,2026-01-17
19079,5291,963,2026-03-07
19080,5291,1207,2025-05-04
19081,5292,535,2026-01-26
19082,5292,633,2026-03-10
19083,5292,797,2025-01-27
19084,5292,1102,2026-03-07
19085,5292,1407,2025-10-28
19086,5292,1498,2026-01-12
19087,5293,992,2026-04-18
19088,5293,1192,2025-02-22
19089,5293,1381,2025-03-30
19090,5293,1424,2025-02-02
19091,5294,117,2025-09-21
19092,5294,202,2025-06-10
19093,5294,793,2025-03-21
19094,5294,1003,2025-08-30
19095,5295,702,2026-04-09
19096,5295,922,2025-04-09
19097,5295,1258,2025-06-01
19098,5295,1492,2025-02-16
19099,5296,841,2025-02-14
19100,5296,1254,2025-06-01
19101,5297,373,2026-01-06
19102,5297,664,2025-07-25
19103,5297,1484,2025-02-15
19104,5298,211,2025-04-11
19105,5298,515,2025-05-08
19106,5298,872,2025-02-12
19107,5298,1287,2025-06-20
19108,5298,1294,2026-03-28
19109,5298,1327,2025-11-25
19110,5298,1475,2025-07-02
19111,5299,336,2025-07-05
19112,5299,521,2025-04-11
19113,5299,1324,2026-03-11
19114,5299,1486,2025-01-28
19115,5300,250,2025-02-02
19116,5300,965,2025-06-14
19117,5300,1249,2025-04-25
19118,5301,812,2025-01-20
19119,5301,901,2025-04-08
19120,5301,1014,2025-01-31
19121,5301,1132,2026-02-18
19122,5301,1270,2025-06-07
19123,5302,109,2025-06-01
19124,5302,251,2025-01-06
19125,5302,385,2025-08-19
19126,5302,1019,2025-08-14
19127,5302,1295,2025-09-30
19128,5302,1377,2025-02-15
19129,5303,76,2025-12-10
19130,5303,113,2025-12-31
19131,5303,295,2025-02-21
19132,5303,472,2026-04-03
19133,5303,535,2025-01-25
19134,5303,706,2025-11-12
19135,5304,117,2026-03-31
19136,5304,571,2026-01-15
19137,5304,690,2025-07-28
19138,5304,697,2025-07-04
19139,5304,877,2025-11-11
19140,5304,919,2025-10-09
19141,5304,1349,2025-06-05
19142,5305,655,2025-12-06
19143,5305,1014,2026-01-29
19144,5305,1057,2025-06-10
19145,5306,331,2025-06-13
19146,5306,702,2025-08-22
19147,5306,950,2025-07-28
19148,5306,1258,2026-01-15
19149,5306,1428,2026-03-06
19150,5307,166,2025-12-29
19151,5307,276,2025-08-10
19152,5307,548,2025-05-02
19153,5307,1308,2026-01-19
19154,5308,499,2026-02-14
19155,5308,606,2025-06-06
19156,5308,756,2025-06-16
19157,5308,865,2026-03-30
19158,5308,1260,2025-06-05
19159,5308,1380,2025-03-03
19160,5309,25,2026-02-05
19161,5309,175,2025-10-13
19162,5309,186,2026-01-15
19163,5309,783,2025-04-05
19164,5309,830,2025-11-02
19165,5309,1143,2025-10-30
19166,5310,1,2025-02-20
19167,5310,122,2025-03-14
19168,5310,250,2025-07-28
19169,5310,274,2026-04-26
19170,5310,420,2025-11-11
19171,5310,441,2026-03-16
19172,5311,232,2026-04-09
19173,5311,308,2025-11-03
19174,5311,361,2025-05-17
19175,5311,746,2025-06-24
19176,5311,923,2025-03-20
19177,5311,949,2025-01-29
19178,5312,351,2025-08-02
19179,5312,1389,2025-06-07
19180,5312,1459,2025-12-17
19181,5313,40,2025-02-12
19182,5313,351,2026-04-24
19183,5313,766,2025-11-13
19184,5313,1429,2026-04-15
19185,5314,204,2026-01-11
19186,5314,603,2026-02-16
19187,5314,904,2025-02-22
19188,5315,796,2025-01-12
19189,5315,1139,2025-08-03
19190,5316,234,2025-02-23
19191,5316,511,2026-04-15
19192,5316,719,2025-12-22
19193,5316,969,2026-01-19
19194,5316,1076,2025-07-15
19195,5316,1413,2025-11-25
19196,5317,310,2025-07-14
19197,5317,363,2025-12-20
19198,5317,407,2025-11-12
19199,5317,833,2025-02-17
19200,5317,1252,2025-01-09
19201,5317,1498,2025-01-31
19202,5318,212,2026-04-04
19203,5318,523,2026-01-21
19204,5318,528,2026-03-31
19205,5318,960,2026-03-07
19206,5318,1178,2026-03-12
19207,5319,51,2025-12-26
19208,5319,383,2026-01-08
19209,5319,871,2025-09-27
19210,5319,1445,2025-11-22
19211,5320,149,2025-03-09
19212,5320,1112,2025-03-23
19213,5320,1164,2025-12-07
19214,5320,1389,2025-05-09
19215,5321,246,2025-03-10
19216,5321,517,2026-02-14
19217,5321,539,2026-01-14
19218,5321,618,2025-03-05
19219,5321,659,2025-07-27
19220,5321,734,2025-10-02
19221,5322,230,2025-03-14
19222,5322,526,2025-08-02
19223,5322,774,2026-02-27
19224,5322,1036,2025-09-15
19225,5322,1255,2026-04-19
19226,5323,11,2025-03-06
19227,5323,200,2025-03-19
19228,5323,961,2025-12-18
19229,5323,1312,2025-02-12
19230,5323,1381,2025-11-21
19231,5324,259,2026-02-20
19232,5324,677,2025-09-13
19233,5324,698,2025-07-02
19234,5324,1017,2026-04-21
19235,5325,38,2025-11-23
19236,5325,75,2025-07-25
19237,5325,175,2025-03-29
19238,5325,281,2025-11-29
19239,5325,1013,2026-02-05
19240,5326,297,2025-07-15
19241,5326,763,2026-03-04
19242,5326,1419,2025-11-13
19243,5327,94,2025-10-19
19244,5327,193,2026-02-03
19245,5327,522,2025-07-15
19246,5327,556,2025-03-16
19247,5327,1312,2025-01-16
19248,5328,81,2025-09-28
19249,5328,184,2025-04-10
19250,5328,1128,2025-11-20
19251,5328,1429,2025-05-19
19252,5329,1091,2025-09-12
19253,5330,169,2025-10-21
19254,5330,407,2026-02-14
19255,5330,514,2026-04-23
19256,5330,597,2025-12-29
19257,5330,734,2025-02-14
19258,5330,1086,2026-01-17
19259,5330,1498,2025-01-02
19260,5331,5,2025-01-06
19261,5331,23,2025-06-26
19262,5331,151,2025-10-19
19263,5331,717,2025-04-28
19264,5331,1498,2025-03-13
19265,5332,159,2025-12-05
19266,5332,746,2026-02-14
19267,5332,923,2025-11-21
19268,5332,963,2025-11-21
19269,5332,1037,2026-04-18
19270,5332,1237,2026-04-25
19271,5332,1476,2026-04-30
19272,5333,810,2025-11-21
19273,5333,1139,2025-06-30
19274,5333,1434,2025-09-10
19275,5334,291,2025-03-08
19276,5334,1233,2026-01-25
19277,5335,676,2025-03-09
19278,5335,1125,2025-10-10
19279,5336,311,2025-11-18
19280,5336,445,2025-08-22
19281,5336,847,2025-01-26
19282,5336,1154,2025-12-27
19283,5336,1248,2025-04-14
19284,5336,1322,2025-03-22
19285,5337,14,2025-03-16
19286,5337,215,2025-01-16
19287,5337,353,2025-01-24
19288,5337,948,2025-11-27
19289,5337,1074,2025-12-05
19290,5338,59,2025-08-26
19291,5338,522,2026-04-13
19292,5338,539,2026-03-09
19293,5338,1072,2025-05-17
19294,5338,1429,2025-10-14
19295,5339,54,2025-06-23
19296,5339,416,2025-11-12
19297,5339,1060,2025-09-10
19298,5339,1171,2026-01-12
19299,5339,1460,2025-03-07
19300,5340,473,2025-05-11
19301,5340,517,2026-02-17
19302,5340,746,2025-04-08
19303,5340,886,2025-10-12
19304,5340,1162,2025-08-26
19305,5340,1453,2026-04-26
19306,5341,288,2025-03-04
19307,5342,833,2025-03-16
19308,5342,932,2025-11-09
19309,5342,958,2025-06-29
19310,5342,1074,2025-02-15
19311,5343,277,2025-06-01
19312,5343,615,2025-06-21
19313,5343,881,2025-04-06
19314,5343,1351,2026-04-07
19315,5343,1357,2026-01-03
19316,5344,141,2026-02-20
19317,5344,171,2025-01-23
19318,5344,227,2025-06-19
19319,5344,494,2025-12-13
19320,5344,1192,2025-09-20
19321,5345,437,2026-03-29
19322,5345,566,2026-04-19
19323,5345,843,2026-02-16
19324,5345,853,2025-11-25
19325,5345,1068,2025-01-12
19326,5346,87,2025-12-28
19327,5346,163,2026-04-22
19328,5346,883,2025-03-17
19329,5347,70,2026-04-13
19330,5347,163,2025-11-20
19331,5347,557,2026-05-01
19332,5347,805,2025-09-22
19333,5347,945,2025-07-24
19334,5347,966,2025-01-09
19335,5348,312,2026-02-17
19336,5348,477,2025-07-14
19337,5348,922,2025-01-23
19338,5348,1161,2025-05-28
19339,5349,158,2025-10-10
19340,5349,170,2025-01-15
19341,5349,1150,2025-03-30
19342,5350,327,2026-02-10
19343,5350,433,2026-04-24
19344,5350,441,2026-03-02
19345,5350,621,2025-04-04
19346,5350,854,2025-05-15
19347,5350,1043,2025-01-07
19348,5350,1497,2025-08-03
19349,5351,28,2026-02-05
19350,5351,796,2025-07-03
19351,5351,826,2026-03-10
19352,5351,1217,2025-06-03
19353,5351,1234,2026-03-30
19354,5351,1393,2025-09-02
19355,5351,1442,2025-05-15
19356,5352,174,2025-08-19
19357,5352,436,2026-02-16
19358,5352,924,2025-07-24
19359,5352,1022,2025-12-21
19360,5352,1339,2025-11-07
19361,5352,1439,2025-06-24
19362,5353,675,2025-01-22
19363,5353,1361,2026-01-03
19364,5354,45,2025-10-24
19365,5354,117,2025-01-12
19366,5354,792,2025-05-12
19367,5354,1423,2026-03-22
19368,5355,69,2025-02-12
19369,5355,140,2025-11-21
19370,5355,549,2025-09-15
19371,5355,583,2026-01-09
19372,5356,263,2025-10-27
19373,5356,1138,2025-09-16
19374,5357,1175,2025-06-19
19375,5358,376,2025-08-12
19376,5358,474,2025-07-20
19377,5358,725,2025-12-19
19378,5358,832,2025-05-13
19379,5358,1278,2025-04-15
19380,5358,1351,2025-01-19
19381,5359,351,2025-02-18
19382,5359,701,2026-04-07
19383,5359,760,2025-07-19
19384,5359,826,2025-06-18
19385,5359,1478,2025-11-18
19386,5360,318,2026-03-07
19387,5360,599,2025-07-01
19388,5360,1249,2025-08-09
19389,5361,108,2026-02-17
19390,5361,603,2025-03-10
19391,5361,672,2025-04-23
19392,5361,804,2025-09-21
19393,5361,913,2025-10-14
19394,5361,923,2025-09-09
19395,5362,214,2025-09-29
19396,5362,1074,2025-09-18
19397,5363,486,2026-04-20
19398,5363,710,2025-09-19
19399,5363,788,2025-08-15
19400,5363,832,2026-01-08
19401,5363,846,2026-03-27
19402,5363,920,2025-07-15
19403,5363,1112,2025-06-27
19404,5363,1447,2025-08-06
19405,5363,1484,2025-12-23
19406,5364,272,2026-04-12
19407,5364,506,2025-11-11
19408,5364,877,2025-11-16
19409,5364,908,2026-03-01
19410,5364,1065,2025-05-02
19411,5364,1385,2025-02-07
19412,5365,1116,2025-04-16
19413,5366,1060,2025-07-19
19414,5366,1273,2025-12-04
19415,5367,239,2025-01-27
19416,5367,326,2025-08-02
19417,5367,396,2025-11-28
19418,5367,1142,2025-03-07
19419,5367,1374,2026-03-30
19420,5368,204,2026-04-20
19421,5368,479,2025-03-12
19422,5368,620,2026-03-08
19423,5368,693,2025-10-30
19424,5368,894,2025-01-12
19425,5368,1252,2026-03-29
19426,5369,198,2025-02-15
19427,5369,1310,2025-02-20
19428,5369,1377,2026-02-14
19429,5369,1407,2026-01-08
19430,5369,1436,2026-03-21
19431,5370,199,2025-04-10
19432,5370,378,2025-10-12
19433,5370,556,2025-07-15
19434,5371,147,2025-01-05
19435,5371,404,2026-04-18
19436,5371,720,2025-05-24
19437,5371,868,2025-09-04
19438,5371,1045,2026-03-02
19439,5372,1138,2025-10-29
19440,5372,1462,2025-05-22
19441,5373,1034,2025-12-07
19442,5373,1282,2026-01-21
19443,5373,1298,2025-08-17
19444,5374,9,2026-04-08
19445,5374,85,2026-03-28
19446,5374,250,2025-02-10
19447,5374,281,2026-01-21
19448,5374,573,2025-10-23
19449,5374,635,2025-11-12
19450,5375,23,2025-01-08
19451,5375,377,2025-04-20
19452,5375,530,2025-09-18
19453,5375,960,2025-01-09
19454,5375,1421,2025-04-17
19455,5375,1450,2025-06-18
19456,5376,834,2025-03-04
19457,5376,1432,2026-01-25
19458,5377,156,2026-01-05
19459,5377,419,2026-01-09
19460,5377,616,2025-05-12
19461,5377,807,2026-03-15
19462,5377,978,2025-09-24
19463,5378,156,2025-10-28
19464,5378,181,2026-02-13
19465,5378,255,2026-01-27
19466,5378,772,2025-06-15
19467,5378,983,2026-01-09
19468,5378,1078,2025-05-06
19469,5378,1376,2025-10-14
19470,5379,133,2025-03-28
19471,5379,544,2026-01-03
19472,5379,562,2025-10-19
19473,5379,598,2025-05-29
19474,5379,1475,2025-06-07
19475,5379,1483,2025-02-07
19476,5380,107,2025-10-29
19477,5380,528,2025-12-31
19478,5380,1082,2026-01-21
19479,5380,1088,2025-03-04
19480,5380,1300,2025-05-13
19481,5381,313,2025-08-24
19482,5381,807,2026-02-19
19483,5381,923,2025-10-16
19484,5381,1073,2026-01-10
19485,5381,1323,2025-01-25
19486,5382,109,2025-07-05
19487,5382,357,2025-04-30
19488,5382,588,2025-06-07
19489,5382,898,2025-08-14
19490,5382,1093,2025-03-07
19491,5383,119,2025-10-15
19492,5383,504,2025-05-03
19493,5383,656,2025-10-29
19494,5383,976,2025-07-03
19495,5384,16,2026-03-28
19496,5384,238,2025-02-17
19497,5384,512,2026-01-12
19498,5384,662,2025-07-29
19499,5384,1450,2025-08-31
19500,5384,1494,2025-04-21
19501,5385,196,2025-11-24
19502,5385,676,2025-01-29
19503,5385,971,2026-02-24
19504,5386,156,2025-10-16
19505,5386,248,2025-06-19
19506,5386,807,2026-01-09
19507,5386,1130,2025-04-24
19508,5387,203,2025-03-06
19509,5388,146,2025-12-03
19510,5388,720,2026-01-09
19511,5388,1256,2025-07-21
19512,5388,1403,2025-09-10
19513,5388,1404,2025-01-05
19514,5389,163,2026-02-18
19515,5389,908,2025-10-12
19516,5389,1044,2025-05-11
19517,5390,84,2026-03-19
19518,5390,319,2025-09-19
19519,5390,1060,2026-01-24
19520,5390,1068,2025-09-22
19521,5390,1100,2025-07-26
19522,5390,1203,2026-02-22
19523,5391,169,2025-11-17
19524,5391,255,2025-09-28
19525,5391,853,2026-01-19
19526,5391,920,2026-01-30
19527,5391,1215,2025-07-31
19528,5391,1251,2026-03-04
19529,5392,313,2026-02-14
19530,5392,381,2025-06-19
19531,5392,970,2025-07-14
19532,5392,1207,2025-12-19
19533,5392,1362,2025-12-05
19534,5393,178,2025-03-18
19535,5393,527,2025-10-31
19536,5393,1431,2026-04-02
19537,5393,1480,2025-03-27
19538,5393,1490,2025-07-08
19539,5394,893,2026-02-01
19540,5395,1058,2025-12-06
19541,5395,1336,2026-04-26
19542,5396,20,2025-12-06
19543,5396,23,2025-10-01
19544,5396,151,2025-12-06
19545,5396,244,2025-04-06
19546,5396,562,2026-03-23
19547,5396,889,2026-03-30
19548,5396,960,2025-03-23
19549,5397,365,2025-09-27
19550,5397,764,2026-04-09
19551,5397,775,2025-03-26
19552,5397,1159,2026-01-03
19553,5397,1351,2025-10-02
19554,5398,764,2026-04-07
19555,5398,1322,2025-01-01
19556,5398,1435,2026-01-25
19557,5399,34,2026-01-27
19558,5399,557,2025-02-26
19559,5399,1150,2025-09-27
19560,5399,1320,2025-04-22
19561,5399,1326,2025-03-20
19562,5400,95,2025-05-06
19563,5400,373,2025-07-11
19564,5400,675,2025-04-18
19565,5400,921,2025-01-22
19566,5400,1212,2025-08-12
19567,5400,1464,2026-04-05
19568,5400,1470,2025-09-19
19569,5401,81,2025-09-21
19570,5401,213,2025-06-25
19571,5401,396,2025-08-07
19572,5401,1004,2025-10-02
19573,5402,760,2026-01-08
19574,5402,1478,2025-06-02
19575,5403,362,2025-12-15
19576,5403,1107,2026-04-28
19577,5403,1312,2026-03-02
19578,5404,168,2025-08-05
19579,5404,202,2025-09-06
19580,5404,234,2026-04-10
19581,5404,807,2025-07-29
19582,5404,1077,2025-11-24
19583,5404,1207,2025-09-11
19584,5405,132,2025-09-15
19585,5405,357,2025-01-10
19586,5405,359,2025-11-09
19587,5405,647,2026-05-01
19588,5405,792,2025-07-24
19589,5405,1320,2025-05-23
19590,5406,242,2025-06-15
19591,5406,273,2026-02-15
19592,5406,294,2025-10-10
19593,5406,491,2025-04-23
19594,5406,744,2025-09-03
19595,5407,344,2025-05-18
19596,5407,807,2026-01-11
19597,5407,920,2025-05-24
19598,5407,1250,2025-10-22
19599,5407,1450,2025-06-16
19600,5408,202,2026-03-02
19601,5408,651,2025-10-22
19602,5408,814,2025-09-01
19603,5408,1048,2025-06-21
19604,5408,1183,2025-03-17
19605,5408,1271,2025-02-10
19606,5408,1365,2025-04-29
19607,5409,468,2025-07-02
19608,5409,514,2025-11-22
19609,5409,577,2025-04-13
19610,5409,644,2025-02-11
19611,5409,657,2026-04-26
19612,5409,676,2025-09-02
19613,5409,1012,2025-06-15
19614,5409,1439,2026-04-05
19615,5410,282,2025-06-26
19616,5410,329,2025-12-17
19617,5410,1472,2026-02-08
19618,5411,142,2025-12-30
19619,5411,631,2025-06-18
19620,5411,734,2025-11-04
19621,5411,807,2025-11-18
19622,5411,889,2025-03-23
19623,5411,1178,2026-04-18
19624,5411,1311,2025-09-15
19625,5412,951,2025-12-25
19626,5413,169,2025-11-15
19627,5413,197,2025-09-08
19628,5413,734,2025-05-21
19629,5413,1073,2025-10-03
19630,5413,1118,2025-12-29
19631,5413,1190,2025-08-23
19632,5413,1395,2025-05-22
19633,5414,13,2025-02-14
19634,5414,341,2025-12-18
19635,5414,999,2025-02-02
19636,5414,1140,2025-12-28
19637,5414,1248,2025-11-22
19638,5414,1345,2025-05-30
19639,5415,354,2025-09-27
19640,5415,529,2025-07-17
19641,5415,650,2025-12-17
19642,5415,720,2026-03-31
19643,5416,11,2026-04-21
19644,5416,174,2025-03-22
19645,5416,229,2025-08-08
19646,5416,441,2025-08-16
19647,5416,468,2025-06-15
19648,5416,479,2026-01-25
19649,5417,172,2025-03-03
19650,5417,412,2026-03-06
19651,5417,575,2026-01-19
19652,5417,785,2025-11-30
19653,5417,891,2025-03-02
19654,5417,1397,2026-02-09
19655,5417,1428,2025-11-12
19656,5418,19,2025-11-13
19657,5418,218,2025-09-10
19658,5419,415,2025-08-06
19659,5419,656,2025-05-12
19660,5419,1006,2025-06-21
19661,5419,1058,2025-04-25
19662,5420,1486,2025-05-18
19663,5421,570,2025-11-10
19664,5421,740,2025-07-28
19665,5421,903,2025-07-02
19666,5422,385,2026-02-08
19667,5422,796,2025-06-12
19668,5422,1006,2025-02-06
19669,5422,1234,2026-01-28
19670,5423,446,2025-07-03
19671,5423,533,2026-02-03
19672,5423,616,2025-11-25
19673,5423,1492,2025-08-12
19674,5424,79,2025-06-09
19675,5424,178,2026-03-31
19676,5424,437,2025-02-27
19677,5424,550,2025-11-10
19678,5424,1148,2025-07-26
19679,5424,1325,2025-08-14
19680,5425,651,2025-09-29
19681,5425,836,2025-11-03
19682,5425,1420,2025-08-07
19683,5426,405,2025-05-02
19684,5426,919,2026-04-24
19685,5426,1024,2026-01-05
19686,5426,1402,2025-01-05
19687,5427,328,2026-04-13
19688,5427,460,2026-02-19
19689,5427,864,2025-01-26
19690,5427,1175,2025-10-17
19691,5427,1242,2025-04-16
19692,5428,227,2025-06-29
19693,5428,308,2026-01-13
19694,5428,359,2025-09-16
19695,5428,379,2026-02-23
19696,5428,499,2025-04-05
19697,5428,843,2025-02-01
19698,5429,11,2026-03-04
19699,5429,418,2025-02-26
19700,5429,702,2025-07-22
19701,5429,821,2026-02-06
19702,5429,967,2025-04-09
19703,5429,1206,2026-03-05
19704,5430,135,2025-01-20
19705,5430,239,2025-02-13
19706,5430,346,2026-01-24
19707,5430,441,2026-01-13
19708,5430,576,2025-06-17
19709,5431,597,2025-10-22
19710,5432,286,2025-09-01
19711,5432,918,2025-11-30
19712,5432,1106,2025-11-24
19713,5432,1227,2025-03-21
19714,5432,1234,2025-03-30
19715,5432,1370,2026-04-18
19716,5432,1447,2025-05-24
19717,5433,701,2025-03-16
19718,5433,835,2025-03-06
19719,5433,857,2025-09-26
19720,5433,1087,2025-05-24
19721,5434,470,2026-01-24
19722,5434,483,2025-10-05
19723,5434,781,2026-02-10
19724,5434,829,2026-01-17
19725,5434,1006,2025-04-21
19726,5434,1115,2025-06-06
19727,5434,1242,2026-01-31
19728,5434,1297,2025-12-06
19729,5435,50,2025-11-04
19730,5435,1043,2025-03-27
19731,5436,251,2025-09-03
19732,5436,516,2025-07-15
19733,5436,927,2025-07-30
19734,5437,364,2025-10-11
19735,5437,598,2025-01-25
19736,5437,686,2025-10-18
19737,5437,1237,2025-11-18
19738,5437,1250,2025-09-24
19739,5437,1401,2026-01-28
19740,5438,885,2025-05-11
19741,5438,935,2025-08-12
19742,5438,1210,2025-12-02
19743,5439,218,2025-12-22
19744,5439,329,2025-01-26
19745,5439,368,2025-02-12
19746,5439,1096,2026-02-16
19747,5439,1118,2025-11-21
19748,5439,1498,2026-03-24
19749,5440,52,2025-09-17
19750,5440,688,2025-01-18
19751,5440,709,2025-05-21
19752,5440,1225,2025-01-05
19753,5440,1381,2026-02-11
19754,5441,346,2025-04-15
19755,5441,1319,2025-04-11
19756,5442,31,2026-04-11
19757,5442,702,2025-06-03
19758,5442,956,2025-10-11
19759,5442,975,2025-01-03
19760,5442,1087,2025-02-06
19761,5442,1291,2026-03-06
19762,5443,129,2026-03-14
19763,5443,967,2025-06-20
19764,5444,175,2026-03-22
19765,5444,286,2025-04-23
19766,5444,652,2025-08-13
19767,5444,927,2026-01-18
19768,5444,950,2025-05-04
19769,5444,999,2025-07-11
19770,5444,1292,2026-02-11
19771,5445,596,2026-03-28
19772,5445,796,2025-09-27
19773,5445,1038,2025-07-24
19774,5445,1407,2025-07-24
19775,5446,566,2026-01-18
19776,5446,590,2025-09-06
19777,5446,602,2025-02-23
19778,5446,886,2026-04-21
19779,5447,182,2025-06-27
19780,5447,800,2025-06-17
19781,5447,942,2025-05-14
19782,5447,1084,2025-05-20
19783,5448,85,2025-08-02
19784,5448,879,2026-03-27
19785,5448,1159,2025-01-09
19786,5448,1344,2025-06-26
19787,5449,1101,2025-05-06
19788,5450,109,2025-10-27
19789,5450,357,2025-03-20
19790,5450,549,2026-04-02
19791,5450,557,2025-07-21
19792,5450,583,2025-01-21
19793,5451,43,2025-11-11
19794,5451,336,2026-04-01
19795,5451,407,2025-08-12
19796,5451,736,2025-09-06
19797,5451,889,2026-03-15
19798,5451,1062,2025-05-17
19799,5452,646,2026-04-22
19800,5452,1112,2026-01-18
19801,5452,1337,2026-02-27
19802,5452,1428,2025-07-26
19803,5452,1461,2025-11-21
19804,5453,535,2025-12-25
19805,5453,585,2025-03-12
19806,5453,660,2025-09-11
19807,5453,923,2025-03-11
19808,5453,1330,2025-01-25
19809,5454,239,2025-11-19
19810,5454,311,2025-06-20
19811,5454,367,2026-01-19
19812,5454,1085,2025-04-16
19813,5454,1429,2025-07-22
19814,5455,420,2026-04-19
19815,5455,660,2025-12-23
19816,5456,543,2026-03-13
19817,5456,944,2026-02-11
19818,5457,38,2025-06-03
19819,5457,175,2025-11-16
19820,5457,288,2025-10-21
19821,5458,92,2025-02-02
19822,5458,95,2025-02-24
19823,5458,437,2025-11-03
19824,5458,605,2025-12-20
19825,5458,627,2025-03-20
19826,5458,756,2025-12-30
19827,5458,1034,2025-09-29
19828,5459,294,2026-02-25
19829,5459,408,2025-06-28
19830,5459,519,2025-07-29
19831,5459,796,2025-08-16
19832,5459,815,2026-01-14
19833,5460,43,2025-11-17
19834,5460,1262,2026-04-19
19835,5460,1336,2025-12-16
19836,5461,199,2025-03-20
19837,5462,846,2026-02-16
19838,5462,1375,2025-09-14
19839,5463,116,2025-07-06
19840,5463,662,2026-01-13
19841,5463,1004,2025-01-22
19842,5463,1131,2025-03-29
19843,5463,1351,2025-02-13
19844,5463,1437,2026-03-27
19845,5464,161,2026-03-28
19846,5464,475,2025-07-02
19847,5464,999,2025-06-14
19848,5464,1335,2026-01-05
19849,5464,1393,2026-03-30
19850,5465,620,2026-03-12
19851,5465,938,2026-02-06
19852,5465,941,2025-11-29
19853,5465,998,2026-03-06
19854,5465,1046,2025-12-03
19855,5466,315,2025-04-22
19856,5466,590,2025-10-13
19857,5466,1364,2025-05-06
19858,5466,1421,2026-03-17
19859,5467,168,2025-01-11
19860,5467,255,2025-12-11
19861,5467,725,2025-09-12
19862,5467,886,2025-08-21
19863,5468,158,2025-06-24
19864,5468,591,2026-03-24
19865,5468,975,2025-06-13
19866,5469,612,2025-10-09
19867,5469,775,2025-03-13
19868,5470,410,2025-02-15
19869,5470,538,2026-04-14
19870,5470,703,2025-03-23
19871,5470,785,2025-07-17
19872,5470,1159,2025-04-04
19873,5470,1487,2025-08-02
19874,5471,404,2025-05-14
19875,5471,1344,2025-04-22
19876,5472,1,2026-04-28
19877,5472,646,2025-11-07
19878,5473,530,2025-07-09
19879,5473,940,2025-07-23
19880,5473,960,2025-09-02
19881,5473,1215,2025-11-25
19882,5473,1421,2025-09-20
19883,5474,97,2025-05-17
19884,5474,437,2025-05-28
19885,5474,630,2026-01-19
19886,5475,115,2025-07-22
19887,5475,186,2025-01-02
19888,5475,400,2025-08-17
19889,5475,588,2025-10-15
19890,5475,936,2025-11-09
19891,5475,952,2026-02-02
19892,5475,959,2026-03-03
19893,5475,970,2025-01-12
19894,5475,999,2026-03-02
19895,5475,1008,2025-09-04
19896,5475,1326,2026-03-02
19897,5476,120,2025-06-25
19898,5476,525,2025-02-12
19899,5476,901,2025-12-08
19900,5476,976,2026-02-05
19901,5476,1093,2026-04-03
19902,5477,169,2025-10-16
19903,5477,336,2025-12-23
19904,5477,361,2025-10-19
19905,5477,480,2026-04-26
19906,5477,730,2025-02-21
19907,5477,867,2025-11-07
19908,5477,1249,2025-09-16
19909,5477,1345,2025-02-03
19910,5477,1401,2025-08-22
19911,5477,1494,2025-09-05
19912,5478,9,2025-07-11
19913,5478,739,2025-07-09
19914,5478,811,2025-02-05
19915,5478,1294,2025-03-20
19916,5479,213,2025-10-21
19917,5479,241,2025-12-13
19918,5480,596,2025-12-19
19919,5480,1095,2025-05-22
19920,5480,1349,2025-06-03
19921,5481,725,2025-02-19
19922,5481,748,2026-02-11
19923,5481,795,2025-06-07
19924,5481,916,2025-11-06
19925,5481,1258,2026-02-04
19926,5482,13,2025-03-26
19927,5482,757,2025-06-23
19928,5482,863,2025-04-16
19929,5482,1262,2025-12-11
19930,5483,63,2025-02-21
19931,5483,117,2025-08-08
19932,5483,132,2026-04-15
19933,5483,525,2025-05-22
19934,5483,680,2025-11-14
19935,5483,705,2025-10-05
19936,5483,732,2025-04-02
19937,5483,1427,2025-09-24
19938,5484,275,2026-01-24
19939,5484,449,2025-12-11
19940,5484,800,2026-01-25
19941,5484,1255,2025-05-06
19942,5484,1260,2025-09-22
19943,5484,1467,2026-02-04
19944,5485,192,2025-11-26
19945,5485,226,2025-06-22
19946,5485,945,2025-12-06
19947,5485,1484,2025-10-20
19948,5486,28,2025-09-01
19949,5486,1365,2025-05-20
19950,5487,70,2025-08-14
19951,5488,399,2025-08-16
19952,5488,510,2025-08-11
19953,5488,762,2025-06-29
19954,5489,243,2025-07-14
19955,5489,310,2026-02-04
19956,5489,548,2025-06-13
19957,5489,807,2025-10-26
19958,5489,1118,2026-04-05
19959,5489,1210,2025-01-19
19960,5490,307,2025-09-04
19961,5490,553,2025-01-10
19962,5490,884,2025-07-05
19963,5490,947,2025-06-16
19964,5490,964,2025-06-05
19965,5490,1329,2026-01-07
19966,5491,405,2025-11-10
19967,5491,857,2025-05-15
19968,5491,1144,2025-11-29
19969,5491,1304,2026-02-11
19970,5492,87,2025-12-29
19971,5492,839,2025-04-18
19972,5492,935,2025-11-23
19973,5492,1089,2026-03-04
19974,5493,255,2025-06-06
19975,5493,407,2025-04-24
19976,5493,547,2026-01-28
19977,5493,1498,2025-08-10
19978,5494,551,2025-10-02
19979,5494,936,2025-08-30
19980,5494,1190,2025-12-03
19981,5494,1361,2025-09-10
19982,5495,702,2025-02-22
19983,5495,814,2025-06-22
19984,5495,850,2026-03-17
19985,5495,990,2025-07-30
19986,5495,1063,2026-02-14
19987,5495,1305,2025-10-16
19988,5496,148,2025-03-31
19989,5496,908,2025-03-14
19990,5496,1393,2026-01-07
19991,5497,172,2025-01-02
19992,5497,414,2026-03-01
19993,5497,952,2025-10-26
19994,5497,1001,2025-05-17
19995,5497,1234,2026-01-29
19996,5498,1087,2025-11-10
19997,5498,1124,2026-03-16
19998,5498,1126,2026-04-05
19999,5499,233,2025-01-28
20000,5500,1135,2025-09-07
