user_id,domain_id,education_status,current_level,country_code,career_goal_id,learning_style_id,profile_picture_url,bio,is_email_verified
1501,1,Senior,Junior,EG,2,1,https://api.dicebear.com/7.x/avataaars/svg?seed=mentee_2501,,1
1502,3,Junior,Beginner,AE,5,7,https://api.dicebear.com/7.x/avataaars/svg?seed=mentee_2509,,1
1503,3,Graduate,Mid,SA,2,4,https://api.dicebear.com/7.x/avataaars/svg?seed=mentee_2513,,1
1504,1,Graduate,Mid,MA,4,7,https://api.dicebear.com/7.x/avataaars/svg?seed=mentee_2515,,1
1505,2,Sophomore,Junior,EG,6,1,https://api.dicebear.com/7.x/avataaars/svg?seed=mentee_2516,,1
1506,1,Graduate,Junior,SA,2,5,https://api.dicebear.com/7.x/avataaars/svg?seed=mentee_2518,,1
1507,1,Freshman,Junior,AE,6,7,https://api.dicebear.com/7.x/avataaars/svg?seed=mentee_2520,,1
1508,3,Sophomore,Mid,EG,6,5,https://api.dicebear.com/7.x/avataaars/svg?seed=mentee_2524,,1
1509,3,Sophomore,Mid,EG,2,3,https://api.dicebear.com/7.x/avataaars/svg?seed=mentee_2527,,1
1510,3,Junior,Junior,JO,6,1,https://api.dicebear.com/7.x/avataaars/svg?seed=mentee_2530,,1
1511,1,Senior,Junior,SA,1,6,https://api.dicebear.com/7.x/avataaars/svg?seed=mentee_2531,,1
1512,2,Junior,Junior,SA,6,5,https://api.dicebear.com/7.x/avataaars/svg?seed=mentee_2532,,1
1513,1,Freshman,Mid,JO,2,5,https://api.dicebear.com/7.x/avataaars/svg?seed=mentee_2534,,1
1514,4,Sophomore,Junior,EG,6,4,https://api.dicebear.com/7.x/avataaars/svg?seed=mentee_2538,,1
1515,2,Sophomore,Beginner,MA,5,5,https://api.dicebear.com/7.x/avataaars/svg?seed=mentee_2540,,1
1516,4,Graduate,Beginner,AE,6,4,https://api.dicebear.com/7.x/avataaars/svg?seed=mentee_2542,,1
1517,1,Senior,Beginner,SA,4,3,https://api.dicebear.com/7.x/avataaars/svg?seed=mentee_2544,,1
1518,2,Senior,Mid,SA,6,6,https://api.dicebear.com/7.x/avataaars/svg?seed=mentee_2545,,1
1519,3,Graduate,Junior,MA,6,3,https://api.dicebear.com/7.x/avataaars/svg?seed=mentee_2546,,1
1520,1,Freshman,Junior,EG,6,5,https://api.dicebear.com/7.x/avataaars/svg?seed=mentee_2548,,1
1521,2,Senior,Beginner,EG,3,5,https://api.dicebear.com/7.x/avataaars/svg?seed=mentee_2549,,1
1522,2,Sophomore,Beginner,EG,1,7,https://api.dicebear.com/7.x/avataaars/svg?seed=mentee_2550,,1
1523,4,Freshman,Junior,EG,1,1,https://api.dicebear.com/7.x/avataaars/svg?seed=mentee_2551,,1
1524,1,Junior,Mid,SA,6,1,https://api.dicebear.com/7.x/avataaars/svg?seed=mentee_2552,,1
1525,4,Junior,Mid,MA,6,5,https://api.dicebear.com/7.x/avataaars/svg?seed=mentee_2557,,1
1526,1,Freshman,Beginner,JO,4,6,https://api.dicebear.com/7.x/avataaars/svg?seed=mentee_2558,,1
1527,2,Sophomore,Mid,EG,6,6,https://api.dicebear.com/7.x/avataaars/svg?seed=mentee_2559,,1
1528,2,Junior,Beginner,SA,5,5,https://api.dicebear.com/7.x/avataaars/svg?seed=mentee_2560,,1
1529,1,Sophomore,Mid,AE,1,5,https://api.dicebear.com/7.x/avataaars/svg?seed=mentee_2562,,1
1530,4,Graduate,Beginner,EG,1,6,https://api.dicebear.com/7.x/avataaars/svg?seed=mentee_2563,,1
1531,4,Senior,Mid,JO,2,1,https://api.dicebear.com/7.x/avataaars/svg?seed=mentee_2564,,1
1532,4,Freshman,Beginner,JO,4,5,https://api.dicebear.com/7.x/avataaars/svg?seed=mentee_2566,,1
1533,4,Senior,Beginner,JO,1,5,https://api.dicebear.com/7.x/avataaars/svg?seed=mentee_2569,,1
1534,2,Graduate,Junior,EG,3,1,https://api.dicebear.com/7.x/avataaars/svg?seed=mentee_2570,,1
1535,2,Junior,Beginner,SA,5,7,https://api.dicebear.com/7.x/avataaars/svg?seed=mentee_2571,,1
1536,3,Sophomore,Senior,EG,5,3,https://api.dicebear.com/7.x/avataaars/svg?seed=mentee_2572,,1
1537,1,Sophomore,Mid,EG,6,5,https://api.dicebear.com/7.x/avataaars/svg?seed=mentee_2574,,1
1538,3,Graduate,Junior,SA,5,3,https://api.dicebear.com/7.x/avataaars/svg?seed=mentee_2576,,1
1539,2,Freshman,Junior,MA,2,7,https://api.dicebear.com/7.x/avataaars/svg?seed=mentee_2577,,1
1540,2,Senior,Mid,JO,3,7,https://api.dicebear.com/7.x/avataaars/svg?seed=mentee_2580,,1
1541,1,Junior,Beginner,MA,2,7,https://api.dicebear.com/7.x/avataaars/svg?seed=mentee_2581,,1
1542,1,Freshman,Beginner,JO,4,5,https://api.dicebear.com/7.x/avataaars/svg?seed=mentee_2582,,1
1543,1,Graduate,Junior,EG,1,5,https://api.dicebear.com/7.x/avataaars/svg?seed=mentee_2583,,1
1544,1,Graduate,Beginner,SA,5,4,https://api.dicebear.com/7.x/avataaars/svg?seed=mentee_2584,,1
1545,1,Sophomore,Beginner,EG,4,1,https://api.dicebear.com/7.x/avataaars/svg?seed=mentee_2585,,1
1546,1,Junior,Mid,EG,1,7,https://api.dicebear.com/7.x/avataaars/svg?seed=mentee_2586,,1
1547,1,Freshman,Mid,SA,1,5,https://api.dicebear.com/7.x/avataaars/svg?seed=mentee_2587,,1
1548,2,Sophomore,Mid,AE,2,5,https://api.dicebear.com/7.x/avataaars/svg?seed=mentee_2588,,1
1549,1,Junior,Beginner,AE,6,5,https://api.dicebear.com/7.x/avataaars/svg?seed=mentee_2589,,1
1550,3,Senior,Junior,EG,4,5,https://api.dicebear.com/7.x/avataaars/svg?seed=mentee_2591,,1
1551,1,Senior,Mid,EG,4,2,https://api.dicebear.com/7.x/avataaars/svg?seed=mentee_2592,,1
1552,2,Sophomore,Junior,EG,5,3,https://api.dicebear.com/7.x/avataaars/svg?seed=mentee_2593,,1
1553,1,Freshman,Junior,EG,2,5,https://api.dicebear.com/7.x/avataaars/svg?seed=mentee_2594,,1
1554,2,Junior,Mid,EG,5,1,https://api.dicebear.com/7.x/avataaars/svg?seed=mentee_2596,,1
1555,2,Senior,Beginner,AE,3,6,https://api.dicebear.com/7.x/avataaars/svg?seed=mentee_2597,,1
1556,2,Senior,Junior,JO,2,7,https://api.dicebear.com/7.x/avataaars/svg?seed=mentee_2600,,1
1557,1,Freshman,Junior,SA,2,2,https://api.dicebear.com/7.x/avataaars/svg?seed=mentee_2601,,1
1558,2,Sophomore,Beginner,AE,1,5,https://api.dicebear.com/7.x/avataaars/svg?seed=mentee_2602,,1
1559,1,Graduate,Beginner,EG,3,1,https://api.dicebear.com/7.x/avataaars/svg?seed=mentee_2603,,1
1560,2,Junior,Junior,MA,1,1,https://api.dicebear.com/7.x/avataaars/svg?seed=mentee_2604,,1
1561,1,Senior,Mid,EG,6,7,https://api.dicebear.com/7.x/avataaars/svg?seed=mentee_2605,,1
1562,2,Graduate,Beginner,JO,4,6,https://api.dicebear.com/7.x/avataaars/svg?seed=mentee_2607,,1
1563,1,Freshman,Beginner,MA,5,7,https://api.dicebear.com/7.x/avataaars/svg?seed=mentee_2608,,1
1564,3,Sophomore,Mid,JO,3,6,https://api.dicebear.com/7.x/avataaars/svg?seed=mentee_2609,,1
1565,1,Junior,Mid,EG,2,7,https://api.dicebear.com/7.x/avataaars/svg?seed=mentee_2610,,1
1566,1,Freshman,Mid,AE,5,1,https://api.dicebear.com/7.x/avataaars/svg?seed=mentee_2611,,1
1567,1,Sophomore,Beginner,EG,1,3,https://api.dicebear.com/7.x/avataaars/svg?seed=mentee_2612,,1
1568,1,Freshman,Junior,EG,2,5,https://api.dicebear.com/7.x/avataaars/svg?seed=mentee_2613,,1
1569,2,Senior,Beginner,EG,6,5,https://api.dicebear.com/7.x/avataaars/svg?seed=mentee_2614,,1
1570,3,Senior,Mid,MA,2,7,https://api.dicebear.com/7.x/avataaars/svg?seed=mentee_2619,,1
1571,3,Graduate,Junior,MA,6,5,https://api.dicebear.com/7.x/avataaars/svg?seed=mentee_2621,,1
1572,1,Freshman,Junior,EG,5,2,https://api.dicebear.com/7.x/avataaars/svg?seed=mentee_2622,,1
1573,1,Senior,Senior,SA,1,3,https://api.dicebear.com/7.x/avataaars/svg?seed=mentee_2623,,1
1574,3,Sophomore,Junior,MA,3,2,https://api.dicebear.com/7.x/avataaars/svg?seed=mentee_2625,,1
1575,1,Graduate,Beginner,SA,3,5,https://api.dicebear.com/7.x/avataaars/svg?seed=mentee_2632,,1
1576,1,Junior,Junior,EG,1,5,https://api.dicebear.com/7.x/avataaars/svg?seed=mentee_2633,,1
1577,3,Freshman,Junior,SA,4,1,https://api.dicebear.com/7.x/avataaars/svg?seed=mentee_2635,,1
1578,1,Senior,Beginner,AE,3,6,https://api.dicebear.com/7.x/avataaars/svg?seed=mentee_2636,,1
1579,1,Sophomore,Junior,SA,6,1,https://api.dicebear.com/7.x/avataaars/svg?seed=mentee_2637,,1
1580,1,Freshman,Mid,AE,6,7,https://api.dicebear.com/7.x/avataaars/svg?seed=mentee_2640,,1
1581,2,Sophomore,Mid,SA,4,5,https://api.dicebear.com/7.x/avataaars/svg?seed=mentee_2643,,1
1582,1,Graduate,Mid,EG,3,5,https://api.dicebear.com/7.x/avataaars/svg?seed=mentee_2645,,1
1583,2,Senior,Junior,EG,5,4,https://api.dicebear.com/7.x/avataaars/svg?seed=mentee_2650,,1
1584,1,Senior,Beginner,EG,3,5,https://api.dicebear.com/7.x/avataaars/svg?seed=mentee_2651,,1
1585,1,Graduate,Junior,SA,6,6,https://api.dicebear.com/7.x/avataaars/svg?seed=mentee_2652,,1
1586,1,Sophomore,Junior,EG,4,1,https://api.dicebear.com/7.x/avataaars/svg?seed=mentee_2653,,1
1587,3,Freshman,Beginner,JO,5,7,https://api.dicebear.com/7.x/avataaars/svg?seed=mentee_2657,,1
1588,1,Sophomore,Junior,SA,3,7,https://api.dicebear.com/7.x/avataaars/svg?seed=mentee_2658,,1
1589,3,Freshman,Mid,AE,1,7,https://api.dicebear.com/7.x/avataaars/svg?seed=mentee_2667,,1
1590,1,Graduate,Beginner,MA,3,7,https://api.dicebear.com/7.x/avataaars/svg?seed=mentee_2668,,1
1591,1,Junior,Mid,JO,4,6,https://api.dicebear.com/7.x/avataaars/svg?seed=mentee_2669,,1
1592,1,Freshman,Beginner,MA,2,8,https://api.dicebear.com/7.x/avataaars/svg?seed=mentee_2670,,1
1593,2,Senior,Beginner,SA,4,6,https://api.dicebear.com/7.x/avataaars/svg?seed=mentee_2671,,1
1594,2,Senior,Junior,EG,6,5,https://api.dicebear.com/7.x/avataaars/svg?seed=mentee_2673,,1
1595,3,Senior,Mid,MA,4,6,https://api.dicebear.com/7.x/avataaars/svg?seed=mentee_2675,,1
1596,4,Sophomore,Mid,JO,1,2,https://api.dicebear.com/7.x/avataaars/svg?seed=mentee_2676,,1
1597,3,Sophomore,Junior,JO,3,1,https://api.dicebear.com/7.x/avataaars/svg?seed=mentee_2677,,1
1598,2,Sophomore,Beginner,AE,1,5,https://api.dicebear.com/7.x/avataaars/svg?seed=mentee_2678,,1
1599,2,Senior,Junior,SA,1,7,https://api.dicebear.com/7.x/avataaars/svg?seed=mentee_2679,,1
1600,2,Freshman,Beginner,EG,1,5,https://api.dicebear.com/7.x/avataaars/svg?seed=mentee_2680,,1
1601,1,Senior,Mid,AE,1,4,https://api.dicebear.com/7.x/avataaars/svg?seed=mentee_2681,,1
1602,3,Freshman,Junior,EG,3,7,https://api.dicebear.com/7.x/avataaars/svg?seed=mentee_2682,,1
1603,3,Sophomore,Junior,EG,5,7,https://api.dicebear.com/7.x/avataaars/svg?seed=mentee_2684,,1
1604,1,Junior,Beginner,SA,6,6,https://api.dicebear.com/7.x/avataaars/svg?seed=mentee_2685,,1
1605,4,Sophomore,Beginner,SA,1,5,https://api.dicebear.com/7.x/avataaars/svg?seed=mentee_2686,,1
1606,3,Graduate,Junior,EG,5,4,https://api.dicebear.com/7.x/avataaars/svg?seed=mentee_2689,,1
1607,1,Freshman,Beginner,JO,2,8,https://api.dicebear.com/7.x/avataaars/svg?seed=mentee_2692,,1
1608,4,Junior,Junior,JO,2,6,https://api.dicebear.com/7.x/avataaars/svg?seed=mentee_2693,,1
1609,1,Sophomore,Beginner,AE,3,6,https://api.dicebear.com/7.x/avataaars/svg?seed=mentee_2696,,1
1610,1,Junior,Beginner,SA,1,5,https://api.dicebear.com/7.x/avataaars/svg?seed=mentee_2697,,1
1611,1,Senior,Beginner,MA,2,6,https://api.dicebear.com/7.x/avataaars/svg?seed=mentee_2699,,1
1612,2,Freshman,Mid,EG,3,5,https://api.dicebear.com/7.x/avataaars/svg?seed=mentee_2700,,1
1613,1,Graduate,Junior,AE,3,1,https://api.dicebear.com/7.x/avataaars/svg?seed=mentee_2704,,1
1614,4,Senior,Beginner,EG,6,6,https://api.dicebear.com/7.x/avataaars/svg?seed=mentee_2706,,1
1615,1,Junior,Junior,EG,4,1,https://api.dicebear.com/7.x/avataaars/svg?seed=mentee_2709,,1
1616,1,Sophomore,Beginner,SA,4,7,https://api.dicebear.com/7.x/avataaars/svg?seed=mentee_2710,,1
1617,2,Freshman,Mid,AE,1,6,https://api.dicebear.com/7.x/avataaars/svg?seed=mentee_2711,,1
1618,1,Graduate,Beginner,EG,3,4,https://api.dicebear.com/7.x/avataaars/svg?seed=mentee_2712,,1
1619,3,Sophomore,Junior,EG,3,7,https://api.dicebear.com/7.x/avataaars/svg?seed=mentee_2713,,1
1620,1,Graduate,Junior,SA,1,7,https://api.dicebear.com/7.x/avataaars/svg?seed=mentee_2715,,1
1621,4,Freshman,Mid,SA,5,3,https://api.dicebear.com/7.x/avataaars/svg?seed=mentee_2717,,1
1622,2,Junior,Beginner,SA,2,4,https://api.dicebear.com/7.x/avataaars/svg?seed=mentee_2718,,1
1623,1,Graduate,Beginner,EG,1,6,https://api.dicebear.com/7.x/avataaars/svg?seed=mentee_2719,,1
1624,1,Freshman,Mid,SA,3,6,https://api.dicebear.com/7.x/avataaars/svg?seed=mentee_2720,,1
1625,1,Graduate,Junior,EG,1,1,https://api.dicebear.com/7.x/avataaars/svg?seed=mentee_2721,,1
1626,4,Sophomore,Beginner,EG,4,5,https://api.dicebear.com/7.x/avataaars/svg?seed=mentee_2722,,1
1627,2,Graduate,Beginner,SA,1,6,https://api.dicebear.com/7.x/avataaars/svg?seed=mentee_2723,,1
1628,1,Sophomore,Junior,AE,3,7,https://api.dicebear.com/7.x/avataaars/svg?seed=mentee_2728,,1
1629,1,Sophomore,Mid,EG,2,5,https://api.dicebear.com/7.x/avataaars/svg?seed=mentee_2729,,1
1630,3,Freshman,Junior,EG,6,5,https://api.dicebear.com/7.x/avataaars/svg?seed=mentee_2730,,1
1631,1,Senior,Mid,SA,2,1,https://api.dicebear.com/7.x/avataaars/svg?seed=mentee_2731,,1
1632,3,Graduate,Junior,EG,1,7,https://api.dicebear.com/7.x/avataaars/svg?seed=mentee_2732,,1
1633,3,Junior,Mid,EG,4,6,https://api.dicebear.com/7.x/avataaars/svg?seed=mentee_2734,,1
1634,1,Sophomore,Junior,SA,6,7,https://api.dicebear.com/7.x/avataaars/svg?seed=mentee_2739,,1
1635,2,Senior,Beginner,EG,1,6,https://api.dicebear.com/7.x/avataaars/svg?seed=mentee_2740,,1
1636,1,Sophomore,Junior,EG,3,3,https://api.dicebear.com/7.x/avataaars/svg?seed=mentee_2741,,1
1637,1,Senior,Mid,JO,5,8,https://api.dicebear.com/7.x/avataaars/svg?seed=mentee_2746,,1
1638,4,Senior,Beginner,AE,3,3,https://api.dicebear.com/7.x/avataaars/svg?seed=mentee_2748,,1
1639,2,Junior,Beginner,AE,1,7,https://api.dicebear.com/7.x/avataaars/svg?seed=mentee_2749,,1
1640,3,Senior,Mid,SA,4,6,https://api.dicebear.com/7.x/avataaars/svg?seed=mentee_2752,,1
1641,2,Junior,Junior,AE,2,4,https://api.dicebear.com/7.x/avataaars/svg?seed=mentee_2753,,1
1642,1,Freshman,Beginner,MA,2,7,https://api.dicebear.com/7.x/avataaars/svg?seed=mentee_2755,,1
1643,3,Sophomore,Mid,AE,5,5,https://api.dicebear.com/7.x/avataaars/svg?seed=mentee_2758,,1
1644,2,Junior,Mid,EG,2,6,https://api.dicebear.com/7.x/avataaars/svg?seed=mentee_2760,,1
1645,1,Sophomore,Junior,SA,5,7,https://api.dicebear.com/7.x/avataaars/svg?seed=mentee_2764,,1
1646,1,Graduate,Beginner,SA,1,6,https://api.dicebear.com/7.x/avataaars/svg?seed=mentee_2766,,1
1647,2,Freshman,Beginner,SA,2,3,https://api.dicebear.com/7.x/avataaars/svg?seed=mentee_2768,,1
1648,3,Graduate,Junior,SA,6,5,https://api.dicebear.com/7.x/avataaars/svg?seed=mentee_2769,,1
1649,1,Graduate,Beginner,JO,4,7,https://api.dicebear.com/7.x/avataaars/svg?seed=mentee_2771,,1
1650,3,Senior,Beginner,AE,4,7,https://api.dicebear.com/7.x/avataaars/svg?seed=mentee_2773,,1
1651,1,Senior,Junior,EG,5,1,https://api.dicebear.com/7.x/avataaars/svg?seed=mentee_2775,,1
1652,1,Graduate,Mid,EG,5,6,https://api.dicebear.com/7.x/avataaars/svg?seed=mentee_2779,,1
1653,1,Senior,Junior,SA,4,1,https://api.dicebear.com/7.x/avataaars/svg?seed=mentee_2780,,1
1654,3,Sophomore,Junior,EG,2,5,https://api.dicebear.com/7.x/avataaars/svg?seed=mentee_2784,,1
1655,1,Senior,Beginner,EG,4,6,https://api.dicebear.com/7.x/avataaars/svg?seed=mentee_2787,,1
1656,2,Graduate,Junior,EG,1,7,https://api.dicebear.com/7.x/avataaars/svg?seed=mentee_2788,,1
1657,1,Senior,Junior,EG,5,4,https://api.dicebear.com/7.x/avataaars/svg?seed=mentee_2789,,1
1658,2,Senior,Beginner,MA,5,4,https://api.dicebear.com/7.x/avataaars/svg?seed=mentee_2790,,1
1659,3,Junior,Junior,EG,6,6,https://api.dicebear.com/7.x/avataaars/svg?seed=mentee_2791,,1
1660,1,Junior,Junior,EG,2,6,https://api.dicebear.com/7.x/avataaars/svg?seed=mentee_2792,,1
1661,4,Graduate,Junior,EG,1,1,https://api.dicebear.com/7.x/avataaars/svg?seed=mentee_2793,,1
1662,1,Sophomore,Junior,SA,2,6,https://api.dicebear.com/7.x/avataaars/svg?seed=mentee_2794,,1
1663,1,Freshman,Beginner,EG,6,5,https://api.dicebear.com/7.x/avataaars/svg?seed=mentee_2796,,1
1664,2,Freshman,Junior,SA,4,6,https://api.dicebear.com/7.x/avataaars/svg?seed=mentee_2797,,1
1665,3,Graduate,Junior,EG,4,4,https://api.dicebear.com/7.x/avataaars/svg?seed=mentee_2798,,1
1666,1,Sophomore,Mid,SA,6,6,https://api.dicebear.com/7.x/avataaars/svg?seed=mentee_2799,,1
1667,2,Sophomore,Mid,JO,3,3,https://api.dicebear.com/7.x/avataaars/svg?seed=mentee_2801,,1
1668,1,Sophomore,Junior,EG,3,3,https://api.dicebear.com/7.x/avataaars/svg?seed=mentee_2804,,1
1669,2,Junior,Beginner,SA,4,5,https://api.dicebear.com/7.x/avataaars/svg?seed=mentee_2805,,1
1670,2,Graduate,Mid,SA,3,7,https://api.dicebear.com/7.x/avataaars/svg?seed=mentee_2806,,1
1671,4,Freshman,Junior,AE,1,2,https://api.dicebear.com/7.x/avataaars/svg?seed=mentee_2808,,1
1672,2,Sophomore,Beginner,SA,3,3,https://api.dicebear.com/7.x/avataaars/svg?seed=mentee_2809,,1
1673,2,Graduate,Mid,SA,2,6,https://api.dicebear.com/7.x/avataaars/svg?seed=mentee_2810,,1
1674,2,Freshman,Junior,AE,1,6,https://api.dicebear.com/7.x/avataaars/svg?seed=mentee_2813,,1
1675,1,Junior,Beginner,SA,4,5,https://api.dicebear.com/7.x/avataaars/svg?seed=mentee_2815,,1
1676,1,Senior,Junior,EG,4,4,https://api.dicebear.com/7.x/avataaars/svg?seed=mentee_2816,,1
1677,4,Freshman,Junior,EG,6,6,https://api.dicebear.com/7.x/avataaars/svg?seed=mentee_2819,,1
1678,1,Freshman,Beginner,AE,1,7,https://api.dicebear.com/7.x/avataaars/svg?seed=mentee_2820,,1
1679,3,Freshman,Mid,JO,6,5,https://api.dicebear.com/7.x/avataaars/svg?seed=mentee_2822,,1
1680,1,Senior,Mid,MA,5,7,https://api.dicebear.com/7.x/avataaars/svg?seed=mentee_2823,,1
1681,3,Sophomore,Junior,MA,3,1,https://api.dicebear.com/7.x/avataaars/svg?seed=mentee_2824,,1
1682,1,Senior,Mid,AE,5,5,https://api.dicebear.com/7.x/avataaars/svg?seed=mentee_2825,,1
1683,4,Freshman,Junior,SA,1,5,https://api.dicebear.com/7.x/avataaars/svg?seed=mentee_2826,,1
1684,2,Junior,Junior,AE,5,5,https://api.dicebear.com/7.x/avataaars/svg?seed=mentee_2827,,1
1685,1,Freshman,Junior,SA,1,3,https://api.dicebear.com/7.x/avataaars/svg?seed=mentee_2829,,1
1686,2,Junior,Beginner,SA,4,1,https://api.dicebear.com/7.x/avataaars/svg?seed=mentee_2831,,1
1687,2,Graduate,Beginner,EG,2,5,https://api.dicebear.com/7.x/avataaars/svg?seed=mentee_2833,,1
1688,1,Junior,Beginner,EG,2,6,https://api.dicebear.com/7.x/avataaars/svg?seed=mentee_2834,,1
1689,1,Freshman,Beginner,AE,1,1,https://api.dicebear.com/7.x/avataaars/svg?seed=mentee_2835,,1
1690,3,Senior,Junior,SA,4,5,https://api.dicebear.com/7.x/avataaars/svg?seed=mentee_2837,,1
1691,3,Freshman,Junior,EG,5,1,https://api.dicebear.com/7.x/avataaars/svg?seed=mentee_2840,,1
1692,1,Freshman,Junior,EG,4,7,https://api.dicebear.com/7.x/avataaars/svg?seed=mentee_2845,,1
1693,3,Graduate,Beginner,JO,2,1,https://api.dicebear.com/7.x/avataaars/svg?seed=mentee_2847,,1
1694,1,Sophomore,Junior,AE,2,1,https://api.dicebear.com/7.x/avataaars/svg?seed=mentee_2848,,1
1695,1,Freshman,Mid,SA,1,6,https://api.dicebear.com/7.x/avataaars/svg?seed=mentee_2849,,1
1696,2,Graduate,Junior,SA,5,3,https://api.dicebear.com/7.x/avataaars/svg?seed=mentee_2850,,1
1697,1,Senior,Beginner,SA,3,7,https://api.dicebear.com/7.x/avataaars/svg?seed=mentee_2851,,1
1698,1,Graduate,Beginner,EG,5,8,https://api.dicebear.com/7.x/avataaars/svg?seed=mentee_2852,,1
1699,2,Graduate,Beginner,SA,4,1,https://api.dicebear.com/7.x/avataaars/svg?seed=mentee_2854,,1
1700,1,Junior,Beginner,AE,6,5,https://api.dicebear.com/7.x/avataaars/svg?seed=mentee_2855,,1
1701,1,Sophomore,Junior,EG,5,2,https://api.dicebear.com/7.x/avataaars/svg?seed=mentee_2861,,1
1702,3,Sophomore,Junior,EG,4,6,https://api.dicebear.com/7.x/avataaars/svg?seed=mentee_2867,,1
1703,2,Senior,Junior,EG,3,1,https://api.dicebear.com/7.x/avataaars/svg?seed=mentee_2868,,1
1704,3,Graduate,Junior,SA,5,6,https://api.dicebear.com/7.x/avataaars/svg?seed=mentee_2869,,1
1705,2,Senior,Beginner,EG,4,2,https://api.dicebear.com/7.x/avataaars/svg?seed=mentee_2872,,1
1706,2,Senior,Beginner,SA,2,4,https://api.dicebear.com/7.x/avataaars/svg?seed=mentee_2874,,1
1707,1,Sophomore,Junior,SA,3,3,https://api.dicebear.com/7.x/avataaars/svg?seed=mentee_2877,,1
1708,3,Sophomore,Beginner,JO,3,3,https://api.dicebear.com/7.x/avataaars/svg?seed=mentee_2879,,1
1709,1,Sophomore,Mid,SA,3,1,https://api.dicebear.com/7.x/avataaars/svg?seed=mentee_2881,,1
1710,1,Freshman,Junior,EG,6,5,https://api.dicebear.com/7.x/avataaars/svg?seed=mentee_2882,,1
1711,3,Graduate,Mid,SA,3,5,https://api.dicebear.com/7.x/avataaars/svg?seed=mentee_2884,,1
1712,3,Senior,Beginner,AE,4,6,https://api.dicebear.com/7.x/avataaars/svg?seed=mentee_2888,,1
1713,2,Graduate,Senior,EG,1,1,https://api.dicebear.com/7.x/avataaars/svg?seed=mentee_2890,,1
1714,1,Senior,Junior,SA,5,4,https://api.dicebear.com/7.x/avataaars/svg?seed=mentee_2894,,1
1715,1,Senior,Beginner,MA,5,4,https://api.dicebear.com/7.x/avataaars/svg?seed=mentee_2898,,1
1716,2,Senior,Senior,EG,4,6,https://api.dicebear.com/7.x/avataaars/svg?seed=mentee_2902,,1
1717,3,Senior,Mid,SA,1,4,https://api.dicebear.com/7.x/avataaars/svg?seed=mentee_2903,,1
1718,2,Junior,Junior,JO,6,6,https://api.dicebear.com/7.x/avataaars/svg?seed=mentee_2909,,1
1719,1,Junior,Mid,SA,4,8,https://api.dicebear.com/7.x/avataaars/svg?seed=mentee_2911,,1
1720,1,Freshman,Beginner,AE,6,7,https://api.dicebear.com/7.x/avataaars/svg?seed=mentee_2912,,1
1721,2,Sophomore,Beginner,EG,3,3,https://api.dicebear.com/7.x/avataaars/svg?seed=mentee_2915,,1
1722,2,Senior,Junior,EG,4,1,https://api.dicebear.com/7.x/avataaars/svg?seed=mentee_2916,,1
1723,1,Graduate,Beginner,AE,3,4,https://api.dicebear.com/7.x/avataaars/svg?seed=mentee_2917,,1
1724,1,Junior,Beginner,AE,5,6,https://api.dicebear.com/7.x/avataaars/svg?seed=mentee_2919,,1
1725,1,Sophomore,Junior,MA,1,4,https://api.dicebear.com/7.x/avataaars/svg?seed=mentee_2921,,1
1726,1,Freshman,Junior,EG,3,6,https://api.dicebear.com/7.x/avataaars/svg?seed=mentee_2922,,1
1727,2,Sophomore,Beginner,SA,2,5,https://api.dicebear.com/7.x/avataaars/svg?seed=mentee_2923,,1
1728,1,Senior,Mid,EG,6,4,https://api.dicebear.com/7.x/avataaars/svg?seed=mentee_2926,,1
1729,2,Sophomore,Junior,EG,2,5,https://api.dicebear.com/7.x/avataaars/svg?seed=mentee_2927,,1
1730,3,Senior,Beginner,SA,5,6,https://api.dicebear.com/7.x/avataaars/svg?seed=mentee_2929,,1
1731,4,Junior,Beginner,EG,3,1,https://api.dicebear.com/7.x/avataaars/svg?seed=mentee_2930,,1
1732,4,Junior,Junior,EG,4,5,https://api.dicebear.com/7.x/avataaars/svg?seed=mentee_2931,,1
1733,1,Senior,Senior,EG,5,6,https://api.dicebear.com/7.x/avataaars/svg?seed=mentee_2933,,1
1734,1,Graduate,Beginner,EG,3,5,https://api.dicebear.com/7.x/avataaars/svg?seed=mentee_2934,,1
1735,1,Junior,Junior,MA,5,3,https://api.dicebear.com/7.x/avataaars/svg?seed=mentee_2935,,1
1736,3,Graduate,Beginner,AE,5,5,https://api.dicebear.com/7.x/avataaars/svg?seed=mentee_2936,,1
1737,1,Senior,Mid,EG,5,5,https://api.dicebear.com/7.x/avataaars/svg?seed=mentee_2938,,1
1738,1,Senior,Junior,JO,6,3,https://api.dicebear.com/7.x/avataaars/svg?seed=mentee_2939,,1
1739,1,Junior,Beginner,SA,4,1,https://api.dicebear.com/7.x/avataaars/svg?seed=mentee_2940,,1
1740,1,Graduate,Beginner,JO,6,6,https://api.dicebear.com/7.x/avataaars/svg?seed=mentee_2944,,1
1741,3,Senior,Beginner,EG,5,6,https://api.dicebear.com/7.x/avataaars/svg?seed=mentee_2946,,1
1742,2,Junior,Junior,SA,5,5,https://api.dicebear.com/7.x/avataaars/svg?seed=mentee_2947,,1
1743,2,Senior,Beginner,JO,5,8,https://api.dicebear.com/7.x/avataaars/svg?seed=mentee_2948,,1
1744,4,Sophomore,Mid,EG,5,6,https://api.dicebear.com/7.x/avataaars/svg?seed=mentee_2950,,1
1745,1,Sophomore,Beginner,MA,6,1,https://api.dicebear.com/7.x/avataaars/svg?seed=mentee_2951,,1
1746,1,Junior,Mid,JO,1,5,https://api.dicebear.com/7.x/avataaars/svg?seed=mentee_2952,,1
1747,1,Senior,Beginner,MA,2,6,https://api.dicebear.com/7.x/avataaars/svg?seed=mentee_2953,,1
1748,2,Junior,Beginner,EG,2,3,https://api.dicebear.com/7.x/avataaars/svg?seed=mentee_2954,,1
1749,2,Freshman,Mid,EG,5,3,https://api.dicebear.com/7.x/avataaars/svg?seed=mentee_2958,,1
1750,1,Junior,Senior,EG,1,5,https://api.dicebear.com/7.x/avataaars/svg?seed=mentee_2962,,1
1751,4,Junior,Beginner,MA,5,5,https://api.dicebear.com/7.x/avataaars/svg?seed=mentee_2963,,1
1752,1,Sophomore,Beginner,EG,1,6,https://api.dicebear.com/7.x/avataaars/svg?seed=mentee_2964,,1
1753,1,Sophomore,Junior,SA,6,1,https://api.dicebear.com/7.x/avataaars/svg?seed=mentee_2966,,1
1754,2,Senior,Beginner,SA,1,1,https://api.dicebear.com/7.x/avataaars/svg?seed=mentee_2969,,1
1755,4,Junior,Beginner,EG,6,3,https://api.dicebear.com/7.x/avataaars/svg?seed=mentee_2970,,1
1756,2,Junior,Junior,EG,6,2,https://api.dicebear.com/7.x/avataaars/svg?seed=mentee_2972,,1
1757,4,Senior,Beginner,SA,6,3,https://api.dicebear.com/7.x/avataaars/svg?seed=mentee_2973,,1
1758,1,Graduate,Junior,JO,3,6,https://api.dicebear.com/7.x/avataaars/svg?seed=mentee_2974,,1
1759,2,Senior,Junior,EG,6,3,https://api.dicebear.com/7.x/avataaars/svg?seed=mentee_2977,,1
1760,3,Sophomore,Senior,JO,1,7,https://api.dicebear.com/7.x/avataaars/svg?seed=mentee_2979,,1
1761,2,Sophomore,Beginner,AE,3,7,https://api.dicebear.com/7.x/avataaars/svg?seed=mentee_2980,,1
1762,1,Junior,Beginner,SA,2,7,https://api.dicebear.com/7.x/avataaars/svg?seed=mentee_2981,,1
1763,4,Sophomore,Junior,SA,3,6,https://api.dicebear.com/7.x/avataaars/svg?seed=mentee_2984,,1
1764,1,Senior,Mid,EG,3,1,https://api.dicebear.com/7.x/avataaars/svg?seed=mentee_2986,,1
1765,1,Junior,Junior,SA,3,1,https://api.dicebear.com/7.x/avataaars/svg?seed=mentee_2987,,1
1766,3,Senior,Beginner,AE,2,3,https://api.dicebear.com/7.x/avataaars/svg?seed=mentee_2988,,1
1767,4,Senior,Junior,EG,1,5,https://api.dicebear.com/7.x/avataaars/svg?seed=mentee_2990,,1
1768,4,Junior,Mid,SA,2,6,https://api.dicebear.com/7.x/avataaars/svg?seed=mentee_2992,,1
1769,3,Graduate,Beginner,EG,2,5,https://api.dicebear.com/7.x/avataaars/svg?seed=mentee_2994,,1
1770,1,Sophomore,Beginner,AE,1,7,https://api.dicebear.com/7.x/avataaars/svg?seed=mentee_2995,,1
1771,4,Freshman,Beginner,SA,5,1,https://api.dicebear.com/7.x/avataaars/svg?seed=mentee_2996,,1
1772,1,Freshman,Junior,SA,3,6,https://api.dicebear.com/7.x/avataaars/svg?seed=mentee_2997,,1
1773,2,Freshman,Beginner,EG,5,6,https://api.dicebear.com/7.x/avataaars/svg?seed=mentee_2998,,1
1774,1,Sophomore,Junior,MA,2,8,https://api.dicebear.com/7.x/avataaars/svg?seed=mentee_2999,,1
1775,3,Graduate,Junior,EG,4,3,https://api.dicebear.com/7.x/avataaars/svg?seed=mentee_3001,,1
1776,2,Senior,Mid,SA,2,6,https://api.dicebear.com/7.x/avataaars/svg?seed=mentee_3002,,1
1777,3,Junior,Junior,SA,2,5,https://api.dicebear.com/7.x/avataaars/svg?seed=mentee_3004,,1
1778,1,Graduate,Junior,AE,3,4,https://api.dicebear.com/7.x/avataaars/svg?seed=mentee_3006,,1
1779,1,Freshman,Beginner,EG,1,7,https://api.dicebear.com/7.x/avataaars/svg?seed=mentee_3007,,1
1780,1,Sophomore,Beginner,AE,6,1,https://api.dicebear.com/7.x/avataaars/svg?seed=mentee_3008,,1
1781,1,Sophomore,Junior,EG,5,7,https://api.dicebear.com/7.x/avataaars/svg?seed=mentee_3009,,1
1782,2,Junior,Junior,SA,3,3,https://api.dicebear.com/7.x/avataaars/svg?seed=mentee_3010,,1
1783,1,Senior,Beginner,AE,3,5,https://api.dicebear.com/7.x/avataaars/svg?seed=mentee_3012,,1
1784,2,Graduate,Mid,AE,4,8,https://api.dicebear.com/7.x/avataaars/svg?seed=mentee_3017,,1
1785,1,Graduate,Beginner,AE,6,5,https://api.dicebear.com/7.x/avataaars/svg?seed=mentee_3018,,1
1786,1,Graduate,Junior,JO,4,7,https://api.dicebear.com/7.x/avataaars/svg?seed=mentee_3019,,1
1787,2,Senior,Beginner,EG,5,5,https://api.dicebear.com/7.x/avataaars/svg?seed=mentee_3028,,1
1788,1,Senior,Beginner,MA,3,6,https://api.dicebear.com/7.x/avataaars/svg?seed=mentee_3029,,1
1789,1,Senior,Junior,EG,1,5,https://api.dicebear.com/7.x/avataaars/svg?seed=mentee_3031,,1
1790,1,Junior,Mid,AE,4,3,https://api.dicebear.com/7.x/avataaars/svg?seed=mentee_3032,,1
1791,1,Sophomore,Beginner,SA,4,6,https://api.dicebear.com/7.x/avataaars/svg?seed=mentee_3033,,1
1792,2,Freshman,Beginner,SA,2,7,https://api.dicebear.com/7.x/avataaars/svg?seed=mentee_3034,,1
1793,1,Senior,Junior,EG,6,1,https://api.dicebear.com/7.x/avataaars/svg?seed=mentee_3035,,1
1794,1,Sophomore,Beginner,SA,6,4,https://api.dicebear.com/7.x/avataaars/svg?seed=mentee_3036,,1
1795,2,Senior,Beginner,EG,4,4,https://api.dicebear.com/7.x/avataaars/svg?seed=mentee_3039,,1
1796,2,Freshman,Junior,EG,3,5,https://api.dicebear.com/7.x/avataaars/svg?seed=mentee_3041,,1
1797,2,Senior,Junior,EG,6,1,https://api.dicebear.com/7.x/avataaars/svg?seed=mentee_3044,,1
1798,1,Sophomore,Junior,SA,6,5,https://api.dicebear.com/7.x/avataaars/svg?seed=mentee_3045,,1
1799,4,Junior,Beginner,EG,1,5,https://api.dicebear.com/7.x/avataaars/svg?seed=mentee_3048,,1
1800,1,Freshman,Junior,EG,1,5,https://api.dicebear.com/7.x/avataaars/svg?seed=mentee_3049,,1
1801,1,Sophomore,Junior,EG,6,7,https://api.dicebear.com/7.x/avataaars/svg?seed=mentee_3050,,1
1802,4,Graduate,Beginner,EG,6,5,https://api.dicebear.com/7.x/avataaars/svg?seed=mentee_3051,,1
1803,2,Graduate,Beginner,JO,3,7,https://api.dicebear.com/7.x/avataaars/svg?seed=mentee_3052,,1
1804,2,Graduate,Beginner,MA,5,5,https://api.dicebear.com/7.x/avataaars/svg?seed=mentee_3054,,1
1805,3,Junior,Junior,EG,3,6,https://api.dicebear.com/7.x/avataaars/svg?seed=mentee_3055,,1
1806,1,Senior,Beginner,SA,5,7,https://api.dicebear.com/7.x/avataaars/svg?seed=mentee_3056,,1
1807,3,Senior,Junior,AE,1,3,https://api.dicebear.com/7.x/avataaars/svg?seed=mentee_3059,,1
1808,2,Senior,Junior,SA,4,6,https://api.dicebear.com/7.x/avataaars/svg?seed=mentee_3062,,1
1809,1,Junior,Beginner,AE,2,5,https://api.dicebear.com/7.x/avataaars/svg?seed=mentee_3065,,1
1810,1,Graduate,Junior,EG,4,3,https://api.dicebear.com/7.x/avataaars/svg?seed=mentee_3066,,1
1811,1,Senior,Junior,SA,2,7,https://api.dicebear.com/7.x/avataaars/svg?seed=mentee_3067,,1
1812,4,Junior,Mid,EG,6,7,https://api.dicebear.com/7.x/avataaars/svg?seed=mentee_3068,,1
1813,1,Junior,Junior,EG,2,6,https://api.dicebear.com/7.x/avataaars/svg?seed=mentee_3069,,1
1814,1,Sophomore,Junior,SA,1,4,https://api.dicebear.com/7.x/avataaars/svg?seed=mentee_3071,,1
1815,2,Senior,Junior,SA,2,1,https://api.dicebear.com/7.x/avataaars/svg?seed=mentee_3074,,1
1816,3,Graduate,Beginner,EG,6,4,https://api.dicebear.com/7.x/avataaars/svg?seed=mentee_3077,,1
1817,1,Freshman,Mid,SA,4,7,https://api.dicebear.com/7.x/avataaars/svg?seed=mentee_3078,,1
1818,3,Junior,Mid,AE,6,5,https://api.dicebear.com/7.x/avataaars/svg?seed=mentee_3083,,1
1819,2,Sophomore,Beginner,JO,6,4,https://api.dicebear.com/7.x/avataaars/svg?seed=mentee_3085,,1
1820,3,Freshman,Junior,SA,6,3,https://api.dicebear.com/7.x/avataaars/svg?seed=mentee_3086,,1
1821,1,Junior,Senior,SA,4,3,https://api.dicebear.com/7.x/avataaars/svg?seed=mentee_3087,,1
1822,1,Sophomore,Junior,SA,1,4,https://api.dicebear.com/7.x/avataaars/svg?seed=mentee_3090,,1
1823,2,Senior,Beginner,EG,5,7,https://api.dicebear.com/7.x/avataaars/svg?seed=mentee_3093,,1
1824,1,Sophomore,Junior,EG,4,3,https://api.dicebear.com/7.x/avataaars/svg?seed=mentee_3095,,1
1825,2,Junior,Mid,EG,3,5,https://api.dicebear.com/7.x/avataaars/svg?seed=mentee_3097,,1
1826,1,Senior,Junior,SA,3,1,https://api.dicebear.com/7.x/avataaars/svg?seed=mentee_3099,,1
1827,3,Graduate,Beginner,SA,5,3,https://api.dicebear.com/7.x/avataaars/svg?seed=mentee_3100,,1
1828,3,Sophomore,Beginner,MA,6,2,https://api.dicebear.com/7.x/avataaars/svg?seed=mentee_3102,,1
1829,3,Freshman,Beginner,AE,1,1,https://api.dicebear.com/7.x/avataaars/svg?seed=mentee_3103,,1
1830,4,Senior,Junior,EG,6,5,https://api.dicebear.com/7.x/avataaars/svg?seed=mentee_3105,,1
1831,4,Senior,Beginner,EG,5,5,https://api.dicebear.com/7.x/avataaars/svg?seed=mentee_3106,,1
1832,1,Graduate,Junior,EG,2,7,https://api.dicebear.com/7.x/avataaars/svg?seed=mentee_3108,,1
1833,1,Sophomore,Beginner,AE,2,3,https://api.dicebear.com/7.x/avataaars/svg?seed=mentee_3112,,1
1834,3,Freshman,Junior,AE,6,1,https://api.dicebear.com/7.x/avataaars/svg?seed=mentee_3114,,1
1835,4,Graduate,Beginner,MA,3,7,https://api.dicebear.com/7.x/avataaars/svg?seed=mentee_3116,,1
1836,4,Sophomore,Beginner,SA,3,3,https://api.dicebear.com/7.x/avataaars/svg?seed=mentee_3118,,1
1837,3,Freshman,Beginner,JO,5,5,https://api.dicebear.com/7.x/avataaars/svg?seed=mentee_3119,,1
1838,1,Freshman,Junior,SA,2,8,https://api.dicebear.com/7.x/avataaars/svg?seed=mentee_3121,,1
1839,4,Junior,Junior,JO,6,6,https://api.dicebear.com/7.x/avataaars/svg?seed=mentee_3122,,1
1840,4,Freshman,Beginner,AE,1,5,https://api.dicebear.com/7.x/avataaars/svg?seed=mentee_3123,,1
1841,2,Sophomore,Beginner,SA,4,5,https://api.dicebear.com/7.x/avataaars/svg?seed=mentee_3125,,1
1842,3,Graduate,Beginner,SA,5,5,https://api.dicebear.com/7.x/avataaars/svg?seed=mentee_3126,,1
1843,2,Graduate,Beginner,AE,6,4,https://api.dicebear.com/7.x/avataaars/svg?seed=mentee_3127,,1
1844,4,Junior,Beginner,SA,5,5,https://api.dicebear.com/7.x/avataaars/svg?seed=mentee_3128,,1
1845,1,Sophomore,Junior,EG,3,7,https://api.dicebear.com/7.x/avataaars/svg?seed=mentee_3134,,1
1846,3,Freshman,Mid,EG,6,5,https://api.dicebear.com/7.x/avataaars/svg?seed=mentee_3137,,1
1847,1,Junior,Mid,SA,1,6,https://api.dicebear.com/7.x/avataaars/svg?seed=mentee_3138,,1
1848,1,Senior,Senior,SA,4,6,https://api.dicebear.com/7.x/avataaars/svg?seed=mentee_3141,,1
1849,1,Sophomore,Beginner,EG,5,3,https://api.dicebear.com/7.x/avataaars/svg?seed=mentee_3142,,1
1850,2,Junior,Junior,EG,4,6,https://api.dicebear.com/7.x/avataaars/svg?seed=mentee_3143,,1
1851,1,Graduate,Junior,EG,2,5,https://api.dicebear.com/7.x/avataaars/svg?seed=mentee_3145,,1
1852,4,Junior,Mid,SA,6,5,https://api.dicebear.com/7.x/avataaars/svg?seed=mentee_3148,,1
1853,2,Senior,Mid,EG,5,6,https://api.dicebear.com/7.x/avataaars/svg?seed=mentee_3149,,1
1854,3,Sophomore,Beginner,EG,4,5,https://api.dicebear.com/7.x/avataaars/svg?seed=mentee_3151,,1
1855,1,Junior,Mid,EG,6,6,https://api.dicebear.com/7.x/avataaars/svg?seed=mentee_3153,,1
1856,1,Freshman,Beginner,EG,1,3,https://api.dicebear.com/7.x/avataaars/svg?seed=mentee_3154,,1
1857,3,Sophomore,Junior,JO,4,8,https://api.dicebear.com/7.x/avataaars/svg?seed=mentee_3155,,1
1858,3,Junior,Beginner,EG,4,7,https://api.dicebear.com/7.x/avataaars/svg?seed=mentee_3156,,1
1859,2,Junior,Senior,AE,5,7,https://api.dicebear.com/7.x/avataaars/svg?seed=mentee_3158,,1
1860,3,Sophomore,Mid,SA,2,4,https://api.dicebear.com/7.x/avataaars/svg?seed=mentee_3159,,1
1861,3,Graduate,Junior,MA,2,3,https://api.dicebear.com/7.x/avataaars/svg?seed=mentee_3163,,1
1862,2,Freshman,Beginner,EG,2,6,https://api.dicebear.com/7.x/avataaars/svg?seed=mentee_3165,,1
1863,4,Sophomore,Mid,EG,6,3,https://api.dicebear.com/7.x/avataaars/svg?seed=mentee_3166,,1
1864,3,Freshman,Junior,EG,5,7,https://api.dicebear.com/7.x/avataaars/svg?seed=mentee_3169,,1
1865,2,Freshman,Junior,EG,6,7,https://api.dicebear.com/7.x/avataaars/svg?seed=mentee_3171,,1
1866,1,Sophomore,Beginner,AE,5,7,https://api.dicebear.com/7.x/avataaars/svg?seed=mentee_3173,,1
1867,1,Junior,Beginner,EG,3,7,https://api.dicebear.com/7.x/avataaars/svg?seed=mentee_3177,,1
1868,1,Graduate,Junior,EG,5,5,https://api.dicebear.com/7.x/avataaars/svg?seed=mentee_3178,,1
1869,3,Freshman,Mid,JO,4,5,https://api.dicebear.com/7.x/avataaars/svg?seed=mentee_3179,,1
1870,3,Freshman,Junior,SA,3,5,https://api.dicebear.com/7.x/avataaars/svg?seed=mentee_3180,,1
1871,1,Junior,Junior,EG,2,2,https://api.dicebear.com/7.x/avataaars/svg?seed=mentee_3181,,1
1872,2,Sophomore,Beginner,EG,4,3,https://api.dicebear.com/7.x/avataaars/svg?seed=mentee_3182,,1
1873,1,Graduate,Beginner,EG,5,7,https://api.dicebear.com/7.x/avataaars/svg?seed=mentee_3183,,1
1874,1,Freshman,Beginner,MA,5,5,https://api.dicebear.com/7.x/avataaars/svg?seed=mentee_3184,,1
1875,4,Freshman,Junior,JO,2,7,https://api.dicebear.com/7.x/avataaars/svg?seed=mentee_3185,,1
1876,1,Sophomore,Beginner,JO,4,4,https://api.dicebear.com/7.x/avataaars/svg?seed=mentee_3191,,1
1877,1,Junior,Junior,MA,4,2,https://api.dicebear.com/7.x/avataaars/svg?seed=mentee_3192,,1
1878,2,Senior,Junior,SA,1,2,https://api.dicebear.com/7.x/avataaars/svg?seed=mentee_3194,,1
1879,1,Junior,Mid,EG,3,2,https://api.dicebear.com/7.x/avataaars/svg?seed=mentee_3195,,1
1880,3,Freshman,Mid,SA,5,1,https://api.dicebear.com/7.x/avataaars/svg?seed=mentee_3197,,1
1881,4,Freshman,Junior,AE,1,4,https://api.dicebear.com/7.x/avataaars/svg?seed=mentee_3201,,1
1882,2,Graduate,Junior,JO,3,1,https://api.dicebear.com/7.x/avataaars/svg?seed=mentee_3202,,1
1883,2,Junior,Junior,SA,3,6,https://api.dicebear.com/7.x/avataaars/svg?seed=mentee_3206,,1
1884,1,Senior,Junior,SA,1,6,https://api.dicebear.com/7.x/avataaars/svg?seed=mentee_3207,,1
1885,2,Graduate,Beginner,MA,4,1,https://api.dicebear.com/7.x/avataaars/svg?seed=mentee_3209,,1
1886,1,Senior,Mid,EG,2,7,https://api.dicebear.com/7.x/avataaars/svg?seed=mentee_3211,,1
1887,1,Graduate,Beginner,JO,4,6,https://api.dicebear.com/7.x/avataaars/svg?seed=mentee_3212,,1
1888,3,Junior,Mid,EG,5,7,https://api.dicebear.com/7.x/avataaars/svg?seed=mentee_3213,,1
1889,1,Freshman,Junior,SA,3,6,https://api.dicebear.com/7.x/avataaars/svg?seed=mentee_3219,,1
1890,2,Senior,Beginner,EG,1,6,https://api.dicebear.com/7.x/avataaars/svg?seed=mentee_3221,,1
1891,1,Junior,Beginner,SA,6,1,https://api.dicebear.com/7.x/avataaars/svg?seed=mentee_3222,,1
1892,3,Senior,Mid,SA,4,5,https://api.dicebear.com/7.x/avataaars/svg?seed=mentee_3225,,1
1893,1,Junior,Beginner,EG,5,6,https://api.dicebear.com/7.x/avataaars/svg?seed=mentee_3226,,1
1894,1,Graduate,Mid,JO,4,5,https://api.dicebear.com/7.x/avataaars/svg?seed=mentee_3231,,1
1895,3,Junior,Mid,AE,6,5,https://api.dicebear.com/7.x/avataaars/svg?seed=mentee_3232,,1
1896,2,Graduate,Junior,AE,4,6,https://api.dicebear.com/7.x/avataaars/svg?seed=mentee_3234,,1
1897,4,Freshman,Senior,EG,3,2,https://api.dicebear.com/7.x/avataaars/svg?seed=mentee_3235,,1
1898,1,Graduate,Mid,JO,2,7,https://api.dicebear.com/7.x/avataaars/svg?seed=mentee_3237,,1
1899,3,Sophomore,Junior,EG,1,1,https://api.dicebear.com/7.x/avataaars/svg?seed=mentee_3238,,1
1900,4,Freshman,Beginner,EG,3,2,https://api.dicebear.com/7.x/avataaars/svg?seed=mentee_3242,,1
1901,2,Junior,Junior,EG,6,1,https://api.dicebear.com/7.x/avataaars/svg?seed=mentee_3243,,1
1902,2,Junior,Beginner,SA,3,3,https://api.dicebear.com/7.x/avataaars/svg?seed=mentee_3244,,1
1903,1,Sophomore,Beginner,JO,1,3,https://api.dicebear.com/7.x/avataaars/svg?seed=mentee_3245,,1
1904,3,Junior,Mid,EG,5,3,https://api.dicebear.com/7.x/avataaars/svg?seed=mentee_3246,,1
1905,4,Freshman,Mid,EG,2,5,https://api.dicebear.com/7.x/avataaars/svg?seed=mentee_3247,,1
1906,3,Freshman,Junior,JO,1,1,https://api.dicebear.com/7.x/avataaars/svg?seed=mentee_3248,,1
1907,4,Graduate,Beginner,SA,3,5,https://api.dicebear.com/7.x/avataaars/svg?seed=mentee_3249,,1
1908,2,Senior,Mid,AE,4,5,https://api.dicebear.com/7.x/avataaars/svg?seed=mentee_3252,,1
1909,2,Junior,Junior,EG,3,1,https://api.dicebear.com/7.x/avataaars/svg?seed=mentee_3253,,1
1910,1,Sophomore,Beginner,AE,6,7,https://api.dicebear.com/7.x/avataaars/svg?seed=mentee_3256,,1
1911,3,Freshman,Beginner,EG,4,7,https://api.dicebear.com/7.x/avataaars/svg?seed=mentee_3257,,1
1912,3,Freshman,Beginner,MA,4,6,https://api.dicebear.com/7.x/avataaars/svg?seed=mentee_3258,,1
1913,2,Freshman,Mid,SA,6,5,https://api.dicebear.com/7.x/avataaars/svg?seed=mentee_3259,,1
1914,1,Senior,Beginner,AE,4,6,https://api.dicebear.com/7.x/avataaars/svg?seed=mentee_3260,,1
1915,2,Senior,Junior,EG,6,6,https://api.dicebear.com/7.x/avataaars/svg?seed=mentee_3262,,1
1916,3,Junior,Beginner,EG,6,6,https://api.dicebear.com/7.x/avataaars/svg?seed=mentee_3264,,1
1917,4,Sophomore,Beginner,EG,6,7,https://api.dicebear.com/7.x/avataaars/svg?seed=mentee_3265,,1
1918,1,Senior,Beginner,EG,6,6,https://api.dicebear.com/7.x/avataaars/svg?seed=mentee_3266,,1
1919,1,Graduate,Beginner,EG,6,6,https://api.dicebear.com/7.x/avataaars/svg?seed=mentee_3274,,1
1920,1,Senior,Beginner,AE,2,4,https://api.dicebear.com/7.x/avataaars/svg?seed=mentee_3277,,1
1921,1,Freshman,Beginner,EG,2,7,https://api.dicebear.com/7.x/avataaars/svg?seed=mentee_3278,,1
1922,4,Sophomore,Junior,AE,1,1,https://api.dicebear.com/7.x/avataaars/svg?seed=mentee_3280,,1
1923,1,Junior,Beginner,EG,3,4,https://api.dicebear.com/7.x/avataaars/svg?seed=mentee_3283,,1
1924,2,Senior,Junior,EG,2,7,https://api.dicebear.com/7.x/avataaars/svg?seed=mentee_3284,,1
1925,1,Freshman,Beginner,AE,4,5,https://api.dicebear.com/7.x/avataaars/svg?seed=mentee_3287,,1
1926,1,Graduate,Beginner,AE,1,6,https://api.dicebear.com/7.x/avataaars/svg?seed=mentee_3288,,1
1927,4,Graduate,Junior,SA,5,5,https://api.dicebear.com/7.x/avataaars/svg?seed=mentee_3290,,1
1928,2,Junior,Senior,EG,4,5,https://api.dicebear.com/7.x/avataaars/svg?seed=mentee_3291,,1
1929,1,Junior,Beginner,SA,3,3,https://api.dicebear.com/7.x/avataaars/svg?seed=mentee_3295,,1
1930,1,Senior,Mid,SA,6,6,https://api.dicebear.com/7.x/avataaars/svg?seed=mentee_3299,,1
1931,4,Junior,Beginner,EG,6,6,https://api.dicebear.com/7.x/avataaars/svg?seed=mentee_3300,,1
1932,4,Freshman,Junior,SA,4,1,https://api.dicebear.com/7.x/avataaars/svg?seed=mentee_3301,,1
1933,1,Freshman,Junior,SA,6,1,https://api.dicebear.com/7.x/avataaars/svg?seed=mentee_3302,,1
1934,2,Freshman,Junior,EG,4,5,https://api.dicebear.com/7.x/avataaars/svg?seed=mentee_3303,,1
1935,1,Senior,Beginner,MA,2,6,https://api.dicebear.com/7.x/avataaars/svg?seed=mentee_3304,,1
1936,2,Senior,Junior,AE,1,1,https://api.dicebear.com/7.x/avataaars/svg?seed=mentee_3306,,1
1937,1,Junior,Beginner,EG,1,3,https://api.dicebear.com/7.x/avataaars/svg?seed=mentee_3308,,1
1938,3,Senior,Junior,SA,4,4,https://api.dicebear.com/7.x/avataaars/svg?seed=mentee_3309,,1
1939,4,Freshman,Mid,EG,2,6,https://api.dicebear.com/7.x/avataaars/svg?seed=mentee_3310,,1
1940,1,Sophomore,Junior,JO,5,6,https://api.dicebear.com/7.x/avataaars/svg?seed=mentee_3311,,1
1941,2,Freshman,Junior,SA,2,6,https://api.dicebear.com/7.x/avataaars/svg?seed=mentee_3312,,1
1942,1,Sophomore,Beginner,EG,5,5,https://api.dicebear.com/7.x/avataaars/svg?seed=mentee_3313,,1
1943,1,Junior,Junior,EG,5,5,https://api.dicebear.com/7.x/avataaars/svg?seed=mentee_3317,,1
1944,1,Graduate,Beginner,EG,6,7,https://api.dicebear.com/7.x/avataaars/svg?seed=mentee_3321,,1
1945,1,Senior,Junior,SA,3,5,https://api.dicebear.com/7.x/avataaars/svg?seed=mentee_3329,,1
1946,4,Senior,Mid,AE,6,7,https://api.dicebear.com/7.x/avataaars/svg?seed=mentee_3330,,1
1947,1,Freshman,Mid,EG,1,4,https://api.dicebear.com/7.x/avataaars/svg?seed=mentee_3332,,1
1948,3,Freshman,Mid,EG,1,5,https://api.dicebear.com/7.x/avataaars/svg?seed=mentee_3334,,1
1949,1,Sophomore,Junior,EG,5,8,https://api.dicebear.com/7.x/avataaars/svg?seed=mentee_3335,,1
1950,2,Senior,Beginner,EG,1,6,https://api.dicebear.com/7.x/avataaars/svg?seed=mentee_3336,,1
1951,2,Junior,Junior,EG,1,3,https://api.dicebear.com/7.x/avataaars/svg?seed=mentee_3338,,1
1952,4,Freshman,Beginner,SA,2,7,https://api.dicebear.com/7.x/avataaars/svg?seed=mentee_3339,,1
1953,1,Senior,Junior,AE,3,5,https://api.dicebear.com/7.x/avataaars/svg?seed=mentee_3342,,1
1954,1,Graduate,Beginner,MA,3,4,https://api.dicebear.com/7.x/avataaars/svg?seed=mentee_3343,,1
1955,3,Sophomore,Beginner,MA,2,4,https://api.dicebear.com/7.x/avataaars/svg?seed=mentee_3344,,1
1956,3,Freshman,Mid,SA,1,6,https://api.dicebear.com/7.x/avataaars/svg?seed=mentee_3345,,1
1957,2,Freshman,Mid,AE,6,6,https://api.dicebear.com/7.x/avataaars/svg?seed=mentee_3348,,1
1958,1,Junior,Beginner,MA,1,5,https://api.dicebear.com/7.x/avataaars/svg?seed=mentee_3349,,1
1959,1,Freshman,Beginner,EG,2,5,https://api.dicebear.com/7.x/avataaars/svg?seed=mentee_3353,,1
1960,3,Senior,Beginner,EG,1,2,https://api.dicebear.com/7.x/avataaars/svg?seed=mentee_3357,,1
1961,2,Senior,Junior,EG,5,6,https://api.dicebear.com/7.x/avataaars/svg?seed=mentee_3358,,1
1962,2,Senior,Junior,SA,4,3,https://api.dicebear.com/7.x/avataaars/svg?seed=mentee_3359,,1
1963,1,Graduate,Senior,AE,5,7,https://api.dicebear.com/7.x/avataaars/svg?seed=mentee_3360,,1
1964,1,Graduate,Junior,EG,6,7,https://api.dicebear.com/7.x/avataaars/svg?seed=mentee_3362,,1
1965,4,Freshman,Mid,SA,4,4,https://api.dicebear.com/7.x/avataaars/svg?seed=mentee_3365,,1
1966,3,Graduate,Beginner,SA,3,4,https://api.dicebear.com/7.x/avataaars/svg?seed=mentee_3366,,1
1967,1,Graduate,Junior,EG,5,5,https://api.dicebear.com/7.x/avataaars/svg?seed=mentee_3367,,1
1968,4,Junior,Beginner,EG,1,4,https://api.dicebear.com/7.x/avataaars/svg?seed=mentee_3369,,1
1969,2,Graduate,Junior,EG,6,5,https://api.dicebear.com/7.x/avataaars/svg?seed=mentee_3370,,1
1970,1,Sophomore,Beginner,EG,3,3,https://api.dicebear.com/7.x/avataaars/svg?seed=mentee_3372,,1
1971,1,Sophomore,Mid,JO,1,5,https://api.dicebear.com/7.x/avataaars/svg?seed=mentee_3374,,1
1972,3,Sophomore,Beginner,JO,4,6,https://api.dicebear.com/7.x/avataaars/svg?seed=mentee_3378,,1
1973,1,Freshman,Beginner,JO,1,4,https://api.dicebear.com/7.x/avataaars/svg?seed=mentee_3380,,1
1974,2,Senior,Mid,AE,2,5,https://api.dicebear.com/7.x/avataaars/svg?seed=mentee_3381,,1
1975,3,Junior,Beginner,AE,1,5,https://api.dicebear.com/7.x/avataaars/svg?seed=mentee_3382,,1
1976,1,Freshman,Beginner,AE,2,1,https://api.dicebear.com/7.x/avataaars/svg?seed=mentee_3384,,1
1977,4,Senior,Beginner,AE,3,4,https://api.dicebear.com/7.x/avataaars/svg?seed=mentee_3388,,1
1978,1,Junior,Junior,AE,1,1,https://api.dicebear.com/7.x/avataaars/svg?seed=mentee_3390,,1
1979,1,Junior,Junior,SA,3,7,https://api.dicebear.com/7.x/avataaars/svg?seed=mentee_3391,,1
1980,2,Junior,Beginner,EG,1,6,https://api.dicebear.com/7.x/avataaars/svg?seed=mentee_3394,,1
1981,2,Sophomore,Beginner,AE,1,5,https://api.dicebear.com/7.x/avataaars/svg?seed=mentee_3397,,1
1982,1,Sophomore,Junior,EG,2,5,https://api.dicebear.com/7.x/avataaars/svg?seed=mentee_3398,,1
1983,2,Sophomore,Junior,SA,6,5,https://api.dicebear.com/7.x/avataaars/svg?seed=mentee_3399,,1
1984,4,Junior,Beginner,SA,1,1,https://api.dicebear.com/7.x/avataaars/svg?seed=mentee_3404,,1
1985,3,Junior,Junior,EG,1,4,https://api.dicebear.com/7.x/avataaars/svg?seed=mentee_3405,,1
1986,3,Sophomore,Mid,MA,3,6,https://api.dicebear.com/7.x/avataaars/svg?seed=mentee_3408,,1
1987,1,Junior,Junior,EG,6,6,https://api.dicebear.com/7.x/avataaars/svg?seed=mentee_3409,,1
1988,1,Sophomore,Beginner,EG,5,5,https://api.dicebear.com/7.x/avataaars/svg?seed=mentee_3412,,1
1989,2,Sophomore,Mid,EG,5,6,https://api.dicebear.com/7.x/avataaars/svg?seed=mentee_3413,,1
1990,1,Sophomore,Mid,JO,3,4,https://api.dicebear.com/7.x/avataaars/svg?seed=mentee_3416,,1
1991,3,Senior,Senior,SA,1,5,https://api.dicebear.com/7.x/avataaars/svg?seed=mentee_3422,,1
1992,1,Junior,Beginner,SA,6,3,https://api.dicebear.com/7.x/avataaars/svg?seed=mentee_3426,,1
1993,1,Freshman,Mid,JO,4,6,https://api.dicebear.com/7.x/avataaars/svg?seed=mentee_3427,,1
1994,1,Sophomore,Beginner,EG,5,2,https://api.dicebear.com/7.x/avataaars/svg?seed=mentee_3428,,1
1995,1,Freshman,Beginner,EG,4,5,https://api.dicebear.com/7.x/avataaars/svg?seed=mentee_3432,,1
1996,1,Senior,Beginner,EG,3,7,https://api.dicebear.com/7.x/avataaars/svg?seed=mentee_3433,,1
1997,2,Junior,Junior,AE,4,3,https://api.dicebear.com/7.x/avataaars/svg?seed=mentee_3438,,1
1998,2,Sophomore,Junior,SA,6,3,https://api.dicebear.com/7.x/avataaars/svg?seed=mentee_3441,,1
1999,1,Sophomore,Junior,EG,5,1,https://api.dicebear.com/7.x/avataaars/svg?seed=mentee_3442,,1
2000,1,Sophomore,Junior,EG,2,4,https://api.dicebear.com/7.x/avataaars/svg?seed=mentee_3445,,1
2001,3,Freshman,Beginner,EG,2,3,https://api.dicebear.com/7.x/avataaars/svg?seed=mentee_3446,,1
2002,1,Senior,Beginner,SA,2,6,https://api.dicebear.com/7.x/avataaars/svg?seed=mentee_3448,,1
2003,2,Junior,Mid,EG,3,5,https://api.dicebear.com/7.x/avataaars/svg?seed=mentee_3450,,1
2004,2,Senior,Beginner,EG,2,4,https://api.dicebear.com/7.x/avataaars/svg?seed=mentee_3453,,1
2005,2,Sophomore,Beginner,EG,6,3,https://api.dicebear.com/7.x/avataaars/svg?seed=mentee_3458,,1
2006,3,Senior,Beginner,AE,2,1,https://api.dicebear.com/7.x/avataaars/svg?seed=mentee_3459,,1
2007,2,Freshman,Junior,AE,6,5,https://api.dicebear.com/7.x/avataaars/svg?seed=mentee_3461,,1
2008,4,Graduate,Junior,SA,4,4,https://api.dicebear.com/7.x/avataaars/svg?seed=mentee_3465,,1
2009,3,Graduate,Mid,AE,3,2,https://api.dicebear.com/7.x/avataaars/svg?seed=mentee_3466,,1
2010,1,Junior,Junior,SA,5,1,https://api.dicebear.com/7.x/avataaars/svg?seed=mentee_3468,,1
2011,1,Junior,Mid,MA,1,7,https://api.dicebear.com/7.x/avataaars/svg?seed=mentee_3470,,1
2012,1,Senior,Beginner,EG,5,3,https://api.dicebear.com/7.x/avataaars/svg?seed=mentee_3471,,1
2013,1,Junior,Mid,SA,2,6,https://api.dicebear.com/7.x/avataaars/svg?seed=mentee_3478,,1
2014,2,Freshman,Beginner,SA,2,5,https://api.dicebear.com/7.x/avataaars/svg?seed=mentee_3479,,1
2015,1,Sophomore,Beginner,EG,1,4,https://api.dicebear.com/7.x/avataaars/svg?seed=mentee_3482,,1
2016,1,Sophomore,Beginner,AE,1,1,https://api.dicebear.com/7.x/avataaars/svg?seed=mentee_3483,,1
2017,1,Senior,Junior,EG,4,1,https://api.dicebear.com/7.x/avataaars/svg?seed=mentee_3491,,1
2018,2,Sophomore,Mid,EG,6,6,https://api.dicebear.com/7.x/avataaars/svg?seed=mentee_3494,,1
2019,2,Senior,Beginner,EG,4,3,https://api.dicebear.com/7.x/avataaars/svg?seed=mentee_3495,,1
2020,4,Junior,Mid,EG,6,5,https://api.dicebear.com/7.x/avataaars/svg?seed=mentee_3497,,1
2021,1,Junior,Junior,SA,5,4,https://api.dicebear.com/7.x/avataaars/svg?seed=mentee_3498,,1
2022,1,Freshman,Beginner,SA,3,6,https://api.dicebear.com/7.x/avataaars/svg?seed=mentee_3500,,1
2023,4,Sophomore,Junior,AE,3,4,https://api.dicebear.com/7.x/avataaars/svg?seed=mentee_3502,,1
2024,2,Freshman,Beginner,AE,2,5,https://api.dicebear.com/7.x/avataaars/svg?seed=mentee_3503,,1
2025,2,Graduate,Beginner,EG,6,5,https://api.dicebear.com/7.x/avataaars/svg?seed=mentee_3504,,1
2026,2,Freshman,Junior,SA,2,5,https://api.dicebear.com/7.x/avataaars/svg?seed=mentee_3506,,1
2027,1,Senior,Junior,JO,5,4,https://api.dicebear.com/7.x/avataaars/svg?seed=mentee_3510,,1
2028,3,Senior,Beginner,EG,1,4,https://api.dicebear.com/7.x/avataaars/svg?seed=mentee_3511,,1
2029,2,Freshman,Mid,SA,4,3,https://api.dicebear.com/7.x/avataaars/svg?seed=mentee_3518,,1
2030,2,Junior,Beginner,AE,6,5,https://api.dicebear.com/7.x/avataaars/svg?seed=mentee_3519,,1
2031,2,Graduate,Mid,SA,3,6,https://api.dicebear.com/7.x/avataaars/svg?seed=mentee_3521,,1
2032,1,Freshman,Junior,EG,5,8,https://api.dicebear.com/7.x/avataaars/svg?seed=mentee_3523,,1
2033,1,Junior,Beginner,EG,3,3,https://api.dicebear.com/7.x/avataaars/svg?seed=mentee_3525,,1
2034,3,Freshman,Mid,SA,2,5,https://api.dicebear.com/7.x/avataaars/svg?seed=mentee_3526,,1
2035,2,Sophomore,Beginner,MA,6,4,https://api.dicebear.com/7.x/avataaars/svg?seed=mentee_3528,,1
2036,1,Senior,Junior,EG,2,7,https://api.dicebear.com/7.x/avataaars/svg?seed=mentee_3530,,1
2037,1,Sophomore,Mid,MA,4,3,https://api.dicebear.com/7.x/avataaars/svg?seed=mentee_3531,,1
2038,4,Sophomore,Beginner,EG,3,1,https://api.dicebear.com/7.x/avataaars/svg?seed=mentee_3533,,1
2039,1,Graduate,Junior,EG,6,6,https://api.dicebear.com/7.x/avataaars/svg?seed=mentee_3534,,1
2040,1,Junior,Beginner,SA,1,5,https://api.dicebear.com/7.x/avataaars/svg?seed=mentee_3535,,1
2041,2,Senior,Beginner,SA,3,5,https://api.dicebear.com/7.x/avataaars/svg?seed=mentee_3537,,1
2042,3,Sophomore,Beginner,EG,5,7,https://api.dicebear.com/7.x/avataaars/svg?seed=mentee_3539,,1
2043,2,Senior,Beginner,EG,2,7,https://api.dicebear.com/7.x/avataaars/svg?seed=mentee_3540,,1
2044,3,Junior,Beginner,JO,2,3,https://api.dicebear.com/7.x/avataaars/svg?seed=mentee_3542,,1
2045,1,Freshman,Junior,MA,5,2,https://api.dicebear.com/7.x/avataaars/svg?seed=mentee_3543,,1
2046,4,Sophomore,Beginner,EG,3,3,https://api.dicebear.com/7.x/avataaars/svg?seed=mentee_3545,,1
2047,4,Junior,Beginner,EG,6,5,https://api.dicebear.com/7.x/avataaars/svg?seed=mentee_3547,,1
2048,2,Senior,Senior,AE,6,6,https://api.dicebear.com/7.x/avataaars/svg?seed=mentee_3548,,1
2049,2,Junior,Beginner,SA,1,4,https://api.dicebear.com/7.x/avataaars/svg?seed=mentee_3550,,1
2050,1,Freshman,Junior,EG,3,5,https://api.dicebear.com/7.x/avataaars/svg?seed=mentee_3552,,1
2051,1,Junior,Junior,MA,1,4,https://api.dicebear.com/7.x/avataaars/svg?seed=mentee_3553,,1
2052,1,Senior,Beginner,EG,4,6,https://api.dicebear.com/7.x/avataaars/svg?seed=mentee_3554,,1
2053,1,Sophomore,Beginner,SA,4,1,https://api.dicebear.com/7.x/avataaars/svg?seed=mentee_3556,,1
2054,4,Sophomore,Junior,SA,4,3,https://api.dicebear.com/7.x/avataaars/svg?seed=mentee_3557,,1
2055,1,Graduate,Mid,SA,4,7,https://api.dicebear.com/7.x/avataaars/svg?seed=mentee_3558,,1
2056,2,Senior,Beginner,EG,6,7,https://api.dicebear.com/7.x/avataaars/svg?seed=mentee_3562,,1
2057,1,Graduate,Junior,AE,5,4,https://api.dicebear.com/7.x/avataaars/svg?seed=mentee_3565,,1
2058,1,Graduate,Junior,MA,1,5,https://api.dicebear.com/7.x/avataaars/svg?seed=mentee_3569,,1
2059,1,Freshman,Junior,SA,5,6,https://api.dicebear.com/7.x/avataaars/svg?seed=mentee_3572,,1
2060,1,Senior,Beginner,SA,5,6,https://api.dicebear.com/7.x/avataaars/svg?seed=mentee_3574,,1
2061,2,Sophomore,Beginner,EG,2,4,https://api.dicebear.com/7.x/avataaars/svg?seed=mentee_3575,,1
2062,4,Senior,Junior,JO,5,6,https://api.dicebear.com/7.x/avataaars/svg?seed=mentee_3576,,1
2063,1,Freshman,Beginner,MA,3,4,https://api.dicebear.com/7.x/avataaars/svg?seed=mentee_3579,,1
2064,4,Senior,Beginner,AE,4,4,https://api.dicebear.com/7.x/avataaars/svg?seed=mentee_3580,,1
2065,2,Senior,Junior,SA,2,7,https://api.dicebear.com/7.x/avataaars/svg?seed=mentee_3584,,1
2066,2,Graduate,Beginner,MA,4,1,https://api.dicebear.com/7.x/avataaars/svg?seed=mentee_3585,,1
2067,1,Senior,Beginner,EG,6,6,https://api.dicebear.com/7.x/avataaars/svg?seed=mentee_3587,,1
2068,1,Graduate,Beginner,SA,1,1,https://api.dicebear.com/7.x/avataaars/svg?seed=mentee_3588,,1
2069,3,Graduate,Beginner,SA,4,3,https://api.dicebear.com/7.x/avataaars/svg?seed=mentee_3591,,1
2070,2,Junior,Mid,SA,3,5,https://api.dicebear.com/7.x/avataaars/svg?seed=mentee_3593,,1
2071,1,Freshman,Beginner,JO,1,7,https://api.dicebear.com/7.x/avataaars/svg?seed=mentee_3594,,1
2072,3,Graduate,Mid,AE,5,6,https://api.dicebear.com/7.x/avataaars/svg?seed=mentee_3595,,1
2073,1,Senior,Beginner,EG,1,5,https://api.dicebear.com/7.x/avataaars/svg?seed=mentee_3596,,1
2074,3,Graduate,Mid,EG,2,7,https://api.dicebear.com/7.x/avataaars/svg?seed=mentee_3597,,1
2075,1,Graduate,Beginner,EG,4,5,https://api.dicebear.com/7.x/avataaars/svg?seed=mentee_3598,,1
2076,4,Graduate,Mid,SA,5,1,https://api.dicebear.com/7.x/avataaars/svg?seed=mentee_3600,,1
2077,1,Sophomore,Mid,EG,5,3,https://api.dicebear.com/7.x/avataaars/svg?seed=mentee_3602,,1
2078,1,Sophomore,Junior,EG,1,5,https://api.dicebear.com/7.x/avataaars/svg?seed=mentee_3604,,1
2079,2,Sophomore,Mid,AE,2,1,https://api.dicebear.com/7.x/avataaars/svg?seed=mentee_3605,,1
2080,1,Sophomore,Mid,JO,2,3,https://api.dicebear.com/7.x/avataaars/svg?seed=mentee_3606,,1
2081,4,Junior,Beginner,MA,4,7,https://api.dicebear.com/7.x/avataaars/svg?seed=mentee_3609,,1
2082,2,Graduate,Junior,MA,2,1,https://api.dicebear.com/7.x/avataaars/svg?seed=mentee_3610,,1
2083,1,Junior,Junior,AE,6,7,https://api.dicebear.com/7.x/avataaars/svg?seed=mentee_3612,,1
2084,1,Senior,Junior,EG,6,1,https://api.dicebear.com/7.x/avataaars/svg?seed=mentee_3613,,1
2085,4,Freshman,Mid,JO,6,4,https://api.dicebear.com/7.x/avataaars/svg?seed=mentee_3614,,1
2086,2,Junior,Mid,EG,2,1,https://api.dicebear.com/7.x/avataaars/svg?seed=mentee_3615,,1
2087,3,Sophomore,Mid,AE,1,5,https://api.dicebear.com/7.x/avataaars/svg?seed=mentee_3616,,1
2088,1,Sophomore,Junior,SA,3,7,https://api.dicebear.com/7.x/avataaars/svg?seed=mentee_3618,,1
2089,4,Senior,Mid,JO,2,7,https://api.dicebear.com/7.x/avataaars/svg?seed=mentee_3620,,1
2090,2,Graduate,Mid,SA,4,6,https://api.dicebear.com/7.x/avataaars/svg?seed=mentee_3622,,1
2091,2,Freshman,Beginner,EG,2,1,https://api.dicebear.com/7.x/avataaars/svg?seed=mentee_3624,,1
2092,1,Junior,Mid,SA,3,4,https://api.dicebear.com/7.x/avataaars/svg?seed=mentee_3627,,1
2093,1,Graduate,Mid,EG,3,5,https://api.dicebear.com/7.x/avataaars/svg?seed=mentee_3628,,1
2094,4,Graduate,Beginner,MA,3,5,https://api.dicebear.com/7.x/avataaars/svg?seed=mentee_3629,,1
2095,4,Junior,Beginner,SA,4,1,https://api.dicebear.com/7.x/avataaars/svg?seed=mentee_3630,,1
2096,1,Junior,Junior,SA,4,5,https://api.dicebear.com/7.x/avataaars/svg?seed=mentee_3636,,1
2097,4,Junior,Junior,MA,1,3,https://api.dicebear.com/7.x/avataaars/svg?seed=mentee_3643,,1
2098,1,Junior,Junior,SA,2,6,https://api.dicebear.com/7.x/avataaars/svg?seed=mentee_3645,,1
2099,1,Sophomore,Mid,EG,1,1,https://api.dicebear.com/7.x/avataaars/svg?seed=mentee_3647,,1
2100,1,Graduate,Beginner,EG,5,5,https://api.dicebear.com/7.x/avataaars/svg?seed=mentee_3650,,1
2101,1,Graduate,Junior,SA,5,5,https://api.dicebear.com/7.x/avataaars/svg?seed=mentee_3652,,1
2102,1,Sophomore,Beginner,JO,3,7,https://api.dicebear.com/7.x/avataaars/svg?seed=mentee_3653,,1
2103,1,Graduate,Beginner,AE,1,5,https://api.dicebear.com/7.x/avataaars/svg?seed=mentee_3654,,1
2104,1,Junior,Mid,MA,2,5,https://api.dicebear.com/7.x/avataaars/svg?seed=mentee_3658,,1
2105,3,Freshman,Junior,EG,4,3,https://api.dicebear.com/7.x/avataaars/svg?seed=mentee_3659,,1
2106,3,Graduate,Junior,EG,1,5,https://api.dicebear.com/7.x/avataaars/svg?seed=mentee_3662,,1
2107,2,Freshman,Mid,EG,3,4,https://api.dicebear.com/7.x/avataaars/svg?seed=mentee_3664,,1
2108,1,Freshman,Mid,AE,1,1,https://api.dicebear.com/7.x/avataaars/svg?seed=mentee_3665,,1
2109,3,Sophomore,Junior,EG,1,3,https://api.dicebear.com/7.x/avataaars/svg?seed=mentee_3669,,1
2110,1,Senior,Beginner,EG,3,1,https://api.dicebear.com/7.x/avataaars/svg?seed=mentee_3671,,1
2111,3,Graduate,Junior,SA,5,7,https://api.dicebear.com/7.x/avataaars/svg?seed=mentee_3673,,1
2112,2,Sophomore,Senior,SA,2,3,https://api.dicebear.com/7.x/avataaars/svg?seed=mentee_3674,,1
2113,1,Sophomore,Junior,AE,3,7,https://api.dicebear.com/7.x/avataaars/svg?seed=mentee_3675,,1
2114,1,Freshman,Mid,SA,5,5,https://api.dicebear.com/7.x/avataaars/svg?seed=mentee_3676,,1
2115,3,Graduate,Beginner,SA,5,1,https://api.dicebear.com/7.x/avataaars/svg?seed=mentee_3677,,1
2116,4,Sophomore,Mid,SA,1,5,https://api.dicebear.com/7.x/avataaars/svg?seed=mentee_3681,,1
2117,2,Junior,Mid,JO,1,7,https://api.dicebear.com/7.x/avataaars/svg?seed=mentee_3682,,1
2118,4,Sophomore,Mid,EG,3,4,https://api.dicebear.com/7.x/avataaars/svg?seed=mentee_3684,,1
2119,4,Junior,Beginner,EG,5,5,https://api.dicebear.com/7.x/avataaars/svg?seed=mentee_3687,,1
2120,1,Senior,Beginner,EG,3,6,https://api.dicebear.com/7.x/avataaars/svg?seed=mentee_3688,,1
2121,3,Junior,Junior,EG,1,5,https://api.dicebear.com/7.x/avataaars/svg?seed=mentee_3689,,1
2122,1,Junior,Beginner,JO,5,5,https://api.dicebear.com/7.x/avataaars/svg?seed=mentee_3690,,1
2123,2,Freshman,Mid,EG,4,3,https://api.dicebear.com/7.x/avataaars/svg?seed=mentee_3693,,1
2124,1,Sophomore,Junior,MA,1,6,https://api.dicebear.com/7.x/avataaars/svg?seed=mentee_3694,,1
2125,4,Senior,Beginner,EG,1,4,https://api.dicebear.com/7.x/avataaars/svg?seed=mentee_3695,,1
2126,3,Sophomore,Junior,JO,1,7,https://api.dicebear.com/7.x/avataaars/svg?seed=mentee_3696,,1
2127,1,Junior,Junior,AE,2,5,https://api.dicebear.com/7.x/avataaars/svg?seed=mentee_3698,,1
2128,1,Junior,Beginner,SA,6,8,https://api.dicebear.com/7.x/avataaars/svg?seed=mentee_3700,,1
2129,1,Sophomore,Junior,AE,6,6,https://api.dicebear.com/7.x/avataaars/svg?seed=mentee_3701,,1
2130,3,Senior,Junior,EG,6,1,https://api.dicebear.com/7.x/avataaars/svg?seed=mentee_3702,,1
2131,4,Senior,Mid,SA,4,6,https://api.dicebear.com/7.x/avataaars/svg?seed=mentee_3704,,1
2132,1,Freshman,Beginner,EG,2,5,https://api.dicebear.com/7.x/avataaars/svg?seed=mentee_3705,,1
2133,2,Junior,Beginner,SA,4,4,https://api.dicebear.com/7.x/avataaars/svg?seed=mentee_3710,,1
2134,2,Junior,Junior,AE,5,1,https://api.dicebear.com/7.x/avataaars/svg?seed=mentee_3711,,1
2135,1,Freshman,Beginner,EG,2,7,https://api.dicebear.com/7.x/avataaars/svg?seed=mentee_3712,,1
2136,2,Sophomore,Junior,JO,2,6,https://api.dicebear.com/7.x/avataaars/svg?seed=mentee_3713,,1
2137,1,Junior,Junior,EG,6,6,https://api.dicebear.com/7.x/avataaars/svg?seed=mentee_3716,,1
2138,1,Sophomore,Beginner,SA,1,1,https://api.dicebear.com/7.x/avataaars/svg?seed=mentee_3717,,1
2139,1,Senior,Beginner,MA,2,2,https://api.dicebear.com/7.x/avataaars/svg?seed=mentee_3720,,1
2140,4,Graduate,Junior,AE,5,7,https://api.dicebear.com/7.x/avataaars/svg?seed=mentee_3721,,1
2141,1,Freshman,Beginner,SA,2,5,https://api.dicebear.com/7.x/avataaars/svg?seed=mentee_3722,,1
2142,1,Junior,Beginner,AE,2,5,https://api.dicebear.com/7.x/avataaars/svg?seed=mentee_3723,,1
2143,3,Freshman,Beginner,MA,1,4,https://api.dicebear.com/7.x/avataaars/svg?seed=mentee_3724,,1
2144,4,Senior,Junior,EG,6,5,https://api.dicebear.com/7.x/avataaars/svg?seed=mentee_3725,,1
2145,2,Senior,Mid,SA,1,7,https://api.dicebear.com/7.x/avataaars/svg?seed=mentee_3726,,1
2146,1,Senior,Senior,SA,1,6,https://api.dicebear.com/7.x/avataaars/svg?seed=mentee_3727,,1
2147,2,Senior,Beginner,EG,3,3,https://api.dicebear.com/7.x/avataaars/svg?seed=mentee_3731,,1
2148,1,Graduate,Senior,EG,5,7,https://api.dicebear.com/7.x/avataaars/svg?seed=mentee_3732,,1
2149,2,Sophomore,Junior,EG,3,6,https://api.dicebear.com/7.x/avataaars/svg?seed=mentee_3734,,1
2150,1,Sophomore,Beginner,SA,3,7,https://api.dicebear.com/7.x/avataaars/svg?seed=mentee_3735,,1
2151,1,Graduate,Junior,JO,5,3,https://api.dicebear.com/7.x/avataaars/svg?seed=mentee_3736,,1
2152,1,Sophomore,Senior,AE,2,7,https://api.dicebear.com/7.x/avataaars/svg?seed=mentee_3743,,1
2153,3,Senior,Beginner,SA,2,4,https://api.dicebear.com/7.x/avataaars/svg?seed=mentee_3745,,1
2154,1,Sophomore,Junior,EG,3,5,https://api.dicebear.com/7.x/avataaars/svg?seed=mentee_3752,,1
2155,1,Freshman,Beginner,EG,1,6,https://api.dicebear.com/7.x/avataaars/svg?seed=mentee_3754,,1
2156,2,Sophomore,Beginner,EG,5,1,https://api.dicebear.com/7.x/avataaars/svg?seed=mentee_3756,,1
2157,3,Freshman,Junior,SA,4,5,https://api.dicebear.com/7.x/avataaars/svg?seed=mentee_3759,,1
2158,1,Junior,Mid,EG,6,6,https://api.dicebear.com/7.x/avataaars/svg?seed=mentee_3760,,1
2159,2,Freshman,Junior,SA,6,6,https://api.dicebear.com/7.x/avataaars/svg?seed=mentee_3761,,1
2160,2,Freshman,Mid,MA,2,5,https://api.dicebear.com/7.x/avataaars/svg?seed=mentee_3762,,1
2161,1,Senior,Junior,AE,3,7,https://api.dicebear.com/7.x/avataaars/svg?seed=mentee_3764,,1
2162,4,Senior,Mid,AE,5,6,https://api.dicebear.com/7.x/avataaars/svg?seed=mentee_3769,,1
2163,3,Senior,Beginner,AE,6,5,https://api.dicebear.com/7.x/avataaars/svg?seed=mentee_3771,,1
2164,1,Freshman,Beginner,EG,2,7,https://api.dicebear.com/7.x/avataaars/svg?seed=mentee_3772,,1
2165,1,Graduate,Mid,EG,3,6,https://api.dicebear.com/7.x/avataaars/svg?seed=mentee_3773,,1
2166,1,Senior,Junior,JO,6,5,https://api.dicebear.com/7.x/avataaars/svg?seed=mentee_3778,,1
2167,1,Senior,Junior,AE,1,4,https://api.dicebear.com/7.x/avataaars/svg?seed=mentee_3779,,1
2168,2,Freshman,Junior,SA,1,5,https://api.dicebear.com/7.x/avataaars/svg?seed=mentee_3782,,1
2169,4,Junior,Beginner,EG,5,6,https://api.dicebear.com/7.x/avataaars/svg?seed=mentee_3788,,1
2170,3,Junior,Junior,SA,5,5,https://api.dicebear.com/7.x/avataaars/svg?seed=mentee_3789,,1
2171,1,Sophomore,Beginner,EG,3,7,https://api.dicebear.com/7.x/avataaars/svg?seed=mentee_3790,,1
2172,1,Junior,Mid,EG,5,5,https://api.dicebear.com/7.x/avataaars/svg?seed=mentee_3793,,1
2173,1,Senior,Junior,EG,6,5,https://api.dicebear.com/7.x/avataaars/svg?seed=mentee_3794,,1
2174,2,Graduate,Beginner,SA,3,5,https://api.dicebear.com/7.x/avataaars/svg?seed=mentee_3795,,1
2175,1,Sophomore,Junior,EG,2,3,https://api.dicebear.com/7.x/avataaars/svg?seed=mentee_3796,,1
2176,4,Graduate,Beginner,EG,3,6,https://api.dicebear.com/7.x/avataaars/svg?seed=mentee_3798,,1
2177,3,Graduate,Mid,AE,4,5,https://api.dicebear.com/7.x/avataaars/svg?seed=mentee_3799,,1
2178,1,Senior,Mid,SA,6,7,https://api.dicebear.com/7.x/avataaars/svg?seed=mentee_3803,,1
2179,2,Freshman,Junior,SA,2,2,https://api.dicebear.com/7.x/avataaars/svg?seed=mentee_3806,,1
2180,2,Freshman,Beginner,SA,3,6,https://api.dicebear.com/7.x/avataaars/svg?seed=mentee_3811,,1
2181,3,Freshman,Mid,MA,1,4,https://api.dicebear.com/7.x/avataaars/svg?seed=mentee_3814,,1
2182,2,Junior,Beginner,EG,2,6,https://api.dicebear.com/7.x/avataaars/svg?seed=mentee_3816,,1
2183,1,Freshman,Beginner,EG,5,6,https://api.dicebear.com/7.x/avataaars/svg?seed=mentee_3818,,1
2184,2,Senior,Junior,SA,1,5,https://api.dicebear.com/7.x/avataaars/svg?seed=mentee_3820,,1
2185,1,Junior,Beginner,EG,5,6,https://api.dicebear.com/7.x/avataaars/svg?seed=mentee_3821,,1
2186,2,Freshman,Junior,SA,6,6,https://api.dicebear.com/7.x/avataaars/svg?seed=mentee_3822,,1
2187,1,Graduate,Beginner,SA,4,5,https://api.dicebear.com/7.x/avataaars/svg?seed=mentee_3823,,1
2188,2,Senior,Beginner,MA,2,5,https://api.dicebear.com/7.x/avataaars/svg?seed=mentee_3824,,1
2189,3,Senior,Junior,JO,4,2,https://api.dicebear.com/7.x/avataaars/svg?seed=mentee_3829,,1
2190,1,Sophomore,Mid,MA,1,1,https://api.dicebear.com/7.x/avataaars/svg?seed=mentee_3831,,1
2191,1,Senior,Beginner,EG,4,7,https://api.dicebear.com/7.x/avataaars/svg?seed=mentee_3835,,1
2192,3,Graduate,Junior,JO,1,6,https://api.dicebear.com/7.x/avataaars/svg?seed=mentee_3836,,1
2193,1,Senior,Mid,EG,2,7,https://api.dicebear.com/7.x/avataaars/svg?seed=mentee_3838,,1
2194,2,Sophomore,Beginner,SA,6,5,https://api.dicebear.com/7.x/avataaars/svg?seed=mentee_3839,,1
2195,2,Senior,Mid,AE,4,4,https://api.dicebear.com/7.x/avataaars/svg?seed=mentee_3840,,1
2196,1,Senior,Beginner,EG,4,6,https://api.dicebear.com/7.x/avataaars/svg?seed=mentee_3841,,1
2197,3,Sophomore,Mid,SA,6,2,https://api.dicebear.com/7.x/avataaars/svg?seed=mentee_3845,,1
2198,2,Senior,Beginner,EG,4,5,https://api.dicebear.com/7.x/avataaars/svg?seed=mentee_3846,,1
2199,2,Junior,Junior,EG,1,1,https://api.dicebear.com/7.x/avataaars/svg?seed=mentee_3847,,1
2200,1,Senior,Beginner,MA,2,7,https://api.dicebear.com/7.x/avataaars/svg?seed=mentee_3850,,1
2201,1,Freshman,Beginner,EG,6,5,https://api.dicebear.com/7.x/avataaars/svg?seed=mentee_3851,,1
2202,1,Freshman,Beginner,EG,5,6,https://api.dicebear.com/7.x/avataaars/svg?seed=mentee_3852,,1
2203,4,Junior,Junior,SA,5,5,https://api.dicebear.com/7.x/avataaars/svg?seed=mentee_3853,,1
2204,3,Senior,Mid,JO,5,5,https://api.dicebear.com/7.x/avataaars/svg?seed=mentee_3855,,1
2205,3,Graduate,Beginner,EG,1,1,https://api.dicebear.com/7.x/avataaars/svg?seed=mentee_3858,,1
2206,1,Senior,Beginner,EG,6,5,https://api.dicebear.com/7.x/avataaars/svg?seed=mentee_3860,,1
2207,2,Freshman,Junior,JO,5,6,https://api.dicebear.com/7.x/avataaars/svg?seed=mentee_3861,,1
2208,3,Sophomore,Junior,EG,6,1,https://api.dicebear.com/7.x/avataaars/svg?seed=mentee_3862,,1
2209,2,Junior,Junior,EG,1,6,https://api.dicebear.com/7.x/avataaars/svg?seed=mentee_3863,,1
2210,1,Sophomore,Junior,AE,3,4,https://api.dicebear.com/7.x/avataaars/svg?seed=mentee_3867,,1
2211,3,Graduate,Mid,SA,5,5,https://api.dicebear.com/7.x/avataaars/svg?seed=mentee_3871,,1
2212,1,Senior,Beginner,JO,6,6,https://api.dicebear.com/7.x/avataaars/svg?seed=mentee_3872,,1
2213,1,Graduate,Junior,EG,3,6,https://api.dicebear.com/7.x/avataaars/svg?seed=mentee_3873,,1
2214,4,Sophomore,Beginner,MA,4,3,https://api.dicebear.com/7.x/avataaars/svg?seed=mentee_3874,,1
2215,2,Senior,Mid,MA,4,8,https://api.dicebear.com/7.x/avataaars/svg?seed=mentee_3875,,1
2216,1,Graduate,Junior,EG,3,6,https://api.dicebear.com/7.x/avataaars/svg?seed=mentee_3876,,1
2217,2,Freshman,Junior,EG,6,4,https://api.dicebear.com/7.x/avataaars/svg?seed=mentee_3880,,1
2218,4,Freshman,Beginner,MA,6,3,https://api.dicebear.com/7.x/avataaars/svg?seed=mentee_3884,,1
2219,1,Junior,Beginner,SA,5,6,https://api.dicebear.com/7.x/avataaars/svg?seed=mentee_3886,,1
2220,3,Freshman,Junior,SA,6,3,https://api.dicebear.com/7.x/avataaars/svg?seed=mentee_3892,,1
2221,1,Freshman,Senior,SA,2,1,https://api.dicebear.com/7.x/avataaars/svg?seed=mentee_3893,,1
2222,1,Sophomore,Beginner,AE,3,6,https://api.dicebear.com/7.x/avataaars/svg?seed=mentee_3894,,1
2223,1,Freshman,Beginner,JO,2,3,https://api.dicebear.com/7.x/avataaars/svg?seed=mentee_3898,,1
2224,2,Freshman,Junior,EG,6,1,https://api.dicebear.com/7.x/avataaars/svg?seed=mentee_3899,,1
2225,1,Sophomore,Beginner,EG,1,5,https://api.dicebear.com/7.x/avataaars/svg?seed=mentee_3901,,1
2226,1,Freshman,Junior,JO,3,6,https://api.dicebear.com/7.x/avataaars/svg?seed=mentee_3903,,1
2227,2,Freshman,Mid,JO,6,5,https://api.dicebear.com/7.x/avataaars/svg?seed=mentee_3906,,1
2228,2,Junior,Beginner,SA,6,6,https://api.dicebear.com/7.x/avataaars/svg?seed=mentee_3907,,1
2229,3,Freshman,Mid,MA,3,5,https://api.dicebear.com/7.x/avataaars/svg?seed=mentee_3908,,1
2230,3,Freshman,Beginner,AE,5,5,https://api.dicebear.com/7.x/avataaars/svg?seed=mentee_3911,,1
2231,1,Junior,Junior,EG,1,5,https://api.dicebear.com/7.x/avataaars/svg?seed=mentee_3912,,1
2232,1,Sophomore,Mid,JO,2,2,https://api.dicebear.com/7.x/avataaars/svg?seed=mentee_3913,,1
2233,2,Freshman,Beginner,SA,4,6,https://api.dicebear.com/7.x/avataaars/svg?seed=mentee_3914,,1
2234,2,Graduate,Mid,EG,4,6,https://api.dicebear.com/7.x/avataaars/svg?seed=mentee_3915,,1
2235,1,Sophomore,Junior,EG,3,3,https://api.dicebear.com/7.x/avataaars/svg?seed=mentee_3916,,1
2236,1,Sophomore,Beginner,AE,2,5,https://api.dicebear.com/7.x/avataaars/svg?seed=mentee_3917,,1
2237,1,Freshman,Junior,MA,4,1,https://api.dicebear.com/7.x/avataaars/svg?seed=mentee_3918,,1
2238,1,Junior,Beginner,EG,3,3,https://api.dicebear.com/7.x/avataaars/svg?seed=mentee_3920,,1
2239,4,Sophomore,Mid,EG,3,3,https://api.dicebear.com/7.x/avataaars/svg?seed=mentee_3921,,1
2240,2,Junior,Junior,SA,6,7,https://api.dicebear.com/7.x/avataaars/svg?seed=mentee_3922,,1
2241,1,Graduate,Mid,JO,5,7,https://api.dicebear.com/7.x/avataaars/svg?seed=mentee_3924,,1
2242,2,Junior,Beginner,AE,3,4,https://api.dicebear.com/7.x/avataaars/svg?seed=mentee_3925,,1
2243,2,Senior,Junior,SA,1,6,https://api.dicebear.com/7.x/avataaars/svg?seed=mentee_3926,,1
2244,1,Junior,Junior,SA,4,6,https://api.dicebear.com/7.x/avataaars/svg?seed=mentee_3927,,1
2245,1,Sophomore,Mid,EG,5,7,https://api.dicebear.com/7.x/avataaars/svg?seed=mentee_3928,,1
2246,3,Junior,Junior,SA,6,5,https://api.dicebear.com/7.x/avataaars/svg?seed=mentee_3930,,1
2247,1,Junior,Junior,EG,4,1,https://api.dicebear.com/7.x/avataaars/svg?seed=mentee_3931,,1
2248,2,Senior,Junior,JO,4,7,https://api.dicebear.com/7.x/avataaars/svg?seed=mentee_3933,,1
2249,2,Senior,Beginner,EG,4,4,https://api.dicebear.com/7.x/avataaars/svg?seed=mentee_3934,,1
2250,3,Freshman,Senior,AE,5,5,https://api.dicebear.com/7.x/avataaars/svg?seed=mentee_3935,,1
2251,4,Sophomore,Junior,EG,2,7,https://api.dicebear.com/7.x/avataaars/svg?seed=mentee_3937,,1
2252,3,Freshman,Beginner,SA,3,4,https://api.dicebear.com/7.x/avataaars/svg?seed=mentee_3938,,1
2253,2,Senior,Beginner,EG,1,6,https://api.dicebear.com/7.x/avataaars/svg?seed=mentee_3939,,1
2254,1,Junior,Beginner,EG,5,7,https://api.dicebear.com/7.x/avataaars/svg?seed=mentee_3944,,1
2255,2,Senior,Junior,EG,3,6,https://api.dicebear.com/7.x/avataaars/svg?seed=mentee_3945,,1
2256,3,Graduate,Beginner,AE,4,5,https://api.dicebear.com/7.x/avataaars/svg?seed=mentee_3947,,1
2257,4,Junior,Beginner,EG,2,6,https://api.dicebear.com/7.x/avataaars/svg?seed=mentee_3949,,1
2258,3,Freshman,Beginner,AE,6,7,https://api.dicebear.com/7.x/avataaars/svg?seed=mentee_3951,,1
2259,1,Junior,Mid,SA,2,6,https://api.dicebear.com/7.x/avataaars/svg?seed=mentee_3952,,1
2260,3,Graduate,Beginner,SA,6,7,https://api.dicebear.com/7.x/avataaars/svg?seed=mentee_3953,,1
2261,3,Senior,Junior,SA,2,1,https://api.dicebear.com/7.x/avataaars/svg?seed=mentee_3955,,1
2262,2,Sophomore,Junior,MA,1,6,https://api.dicebear.com/7.x/avataaars/svg?seed=mentee_3957,,1
2263,2,Sophomore,Beginner,EG,6,4,https://api.dicebear.com/7.x/avataaars/svg?seed=mentee_3965,,1
2264,2,Sophomore,Junior,EG,5,5,https://api.dicebear.com/7.x/avataaars/svg?seed=mentee_3966,,1
2265,2,Senior,Junior,MA,6,7,https://api.dicebear.com/7.x/avataaars/svg?seed=mentee_3968,,1
2266,1,Sophomore,Junior,EG,1,7,https://api.dicebear.com/7.x/avataaars/svg?seed=mentee_3969,,1
2267,1,Graduate,Senior,JO,1,7,https://api.dicebear.com/7.x/avataaars/svg?seed=mentee_3970,,1
2268,3,Senior,Junior,EG,1,6,https://api.dicebear.com/7.x/avataaars/svg?seed=mentee_3972,,1
2269,4,Sophomore,Junior,AE,3,6,https://api.dicebear.com/7.x/avataaars/svg?seed=mentee_3973,,1
2270,3,Freshman,Junior,EG,3,3,https://api.dicebear.com/7.x/avataaars/svg?seed=mentee_3974,,1
2271,1,Senior,Junior,MA,4,5,https://api.dicebear.com/7.x/avataaars/svg?seed=mentee_3977,,1
2272,1,Senior,Junior,SA,2,4,https://api.dicebear.com/7.x/avataaars/svg?seed=mentee_3978,,1
2273,1,Junior,Junior,EG,2,7,https://api.dicebear.com/7.x/avataaars/svg?seed=mentee_3980,,1
2274,3,Sophomore,Junior,EG,6,5,https://api.dicebear.com/7.x/avataaars/svg?seed=mentee_3981,,1
2275,2,Freshman,Junior,EG,2,2,https://api.dicebear.com/7.x/avataaars/svg?seed=mentee_3983,,1
2276,4,Graduate,Mid,AE,2,3,https://api.dicebear.com/7.x/avataaars/svg?seed=mentee_3984,,1
2277,1,Senior,Beginner,EG,2,5,https://api.dicebear.com/7.x/avataaars/svg?seed=mentee_3986,,1
2278,2,Graduate,Beginner,EG,5,1,https://api.dicebear.com/7.x/avataaars/svg?seed=mentee_3988,,1
2279,3,Graduate,Beginner,SA,3,7,https://api.dicebear.com/7.x/avataaars/svg?seed=mentee_3989,,1
2280,1,Graduate,Senior,SA,4,7,https://api.dicebear.com/7.x/avataaars/svg?seed=mentee_3990,,1
2281,4,Junior,Beginner,EG,3,6,https://api.dicebear.com/7.x/avataaars/svg?seed=mentee_3991,,1
2282,2,Graduate,Beginner,EG,1,6,https://api.dicebear.com/7.x/avataaars/svg?seed=mentee_3992,,1
2283,1,Sophomore,Junior,AE,4,3,https://api.dicebear.com/7.x/avataaars/svg?seed=mentee_3997,,1
2284,1,Sophomore,Beginner,MA,1,7,https://api.dicebear.com/7.x/avataaars/svg?seed=mentee_3999,,1
2285,3,Freshman,Senior,EG,1,1,https://api.dicebear.com/7.x/avataaars/svg?seed=mentee_4000,,1
2286,2,Freshman,Junior,AE,4,7,https://api.dicebear.com/7.x/avataaars/svg?seed=mentee_4002,,1
2287,3,Graduate,Junior,EG,6,1,https://api.dicebear.com/7.x/avataaars/svg?seed=mentee_4003,,1
2288,3,Graduate,Junior,EG,6,6,https://api.dicebear.com/7.x/avataaars/svg?seed=mentee_4004,,1
2289,1,Junior,Junior,SA,2,3,https://api.dicebear.com/7.x/avataaars/svg?seed=mentee_4005,,1
2290,3,Graduate,Beginner,EG,4,8,https://api.dicebear.com/7.x/avataaars/svg?seed=mentee_4006,,1
2291,4,Graduate,Junior,SA,5,6,https://api.dicebear.com/7.x/avataaars/svg?seed=mentee_4007,,1
2292,1,Graduate,Mid,JO,3,7,https://api.dicebear.com/7.x/avataaars/svg?seed=mentee_4008,,1
2293,3,Senior,Beginner,MA,1,6,https://api.dicebear.com/7.x/avataaars/svg?seed=mentee_4010,,1
2294,1,Senior,Senior,EG,4,1,https://api.dicebear.com/7.x/avataaars/svg?seed=mentee_4012,,1
2295,1,Junior,Beginner,EG,2,6,https://api.dicebear.com/7.x/avataaars/svg?seed=mentee_4013,,1
2296,1,Junior,Beginner,MA,6,6,https://api.dicebear.com/7.x/avataaars/svg?seed=mentee_4014,,1
2297,3,Sophomore,Beginner,EG,4,5,https://api.dicebear.com/7.x/avataaars/svg?seed=mentee_4015,,1
2298,1,Junior,Junior,AE,5,4,https://api.dicebear.com/7.x/avataaars/svg?seed=mentee_4016,,1
2299,1,Sophomore,Beginner,EG,2,6,https://api.dicebear.com/7.x/avataaars/svg?seed=mentee_4021,,1
2300,2,Graduate,Junior,EG,5,6,https://api.dicebear.com/7.x/avataaars/svg?seed=mentee_4027,,1
2301,1,Junior,Beginner,EG,6,1,https://api.dicebear.com/7.x/avataaars/svg?seed=mentee_4031,,1
2302,3,Junior,Beginner,JO,5,4,https://api.dicebear.com/7.x/avataaars/svg?seed=mentee_4033,,1
2303,4,Junior,Beginner,JO,3,5,https://api.dicebear.com/7.x/avataaars/svg?seed=mentee_4034,,1
2304,1,Sophomore,Mid,EG,1,6,https://api.dicebear.com/7.x/avataaars/svg?seed=mentee_4035,,1
2305,1,Sophomore,Junior,JO,4,7,https://api.dicebear.com/7.x/avataaars/svg?seed=mentee_4036,,1
2306,4,Freshman,Beginner,EG,4,5,https://api.dicebear.com/7.x/avataaars/svg?seed=mentee_4037,,1
2307,1,Sophomore,Beginner,EG,6,6,https://api.dicebear.com/7.x/avataaars/svg?seed=mentee_4039,,1
2308,1,Sophomore,Beginner,AE,1,5,https://api.dicebear.com/7.x/avataaars/svg?seed=mentee_4040,,1
2309,4,Senior,Junior,SA,4,5,https://api.dicebear.com/7.x/avataaars/svg?seed=mentee_4044,,1
2310,3,Junior,Beginner,EG,6,1,https://api.dicebear.com/7.x/avataaars/svg?seed=mentee_4045,,1
2311,2,Sophomore,Mid,EG,4,5,https://api.dicebear.com/7.x/avataaars/svg?seed=mentee_4046,,1
2312,2,Junior,Mid,MA,3,6,https://api.dicebear.com/7.x/avataaars/svg?seed=mentee_4051,,1
2313,4,Junior,Beginner,JO,4,6,https://api.dicebear.com/7.x/avataaars/svg?seed=mentee_4052,,1
2314,2,Senior,Beginner,JO,6,3,https://api.dicebear.com/7.x/avataaars/svg?seed=mentee_4054,,1
2315,2,Junior,Beginner,EG,6,6,https://api.dicebear.com/7.x/avataaars/svg?seed=mentee_4055,,1
2316,3,Sophomore,Junior,AE,1,6,https://api.dicebear.com/7.x/avataaars/svg?seed=mentee_4058,,1
2317,2,Junior,Beginner,EG,6,3,https://api.dicebear.com/7.x/avataaars/svg?seed=mentee_4059,,1
2318,2,Freshman,Mid,MA,3,1,https://api.dicebear.com/7.x/avataaars/svg?seed=mentee_4060,,1
2319,1,Freshman,Beginner,EG,1,5,https://api.dicebear.com/7.x/avataaars/svg?seed=mentee_4062,,1
2320,2,Senior,Junior,EG,2,5,https://api.dicebear.com/7.x/avataaars/svg?seed=mentee_4063,,1
2321,2,Sophomore,Junior,SA,5,1,https://api.dicebear.com/7.x/avataaars/svg?seed=mentee_4064,,1
2322,1,Senior,Junior,JO,1,6,https://api.dicebear.com/7.x/avataaars/svg?seed=mentee_4065,,1
2323,1,Freshman,Beginner,AE,3,1,https://api.dicebear.com/7.x/avataaars/svg?seed=mentee_4066,,1
2324,3,Sophomore,Mid,EG,5,5,https://api.dicebear.com/7.x/avataaars/svg?seed=mentee_4067,,1
2325,1,Junior,Beginner,SA,5,4,https://api.dicebear.com/7.x/avataaars/svg?seed=mentee_4070,,1
2326,1,Sophomore,Junior,JO,1,5,https://api.dicebear.com/7.x/avataaars/svg?seed=mentee_4076,,1
2327,1,Graduate,Beginner,EG,4,4,https://api.dicebear.com/7.x/avataaars/svg?seed=mentee_4079,,1
2328,1,Sophomore,Junior,JO,4,1,https://api.dicebear.com/7.x/avataaars/svg?seed=mentee_4081,,1
2329,3,Junior,Beginner,MA,4,6,https://api.dicebear.com/7.x/avataaars/svg?seed=mentee_4083,,1
2330,1,Graduate,Beginner,EG,3,6,https://api.dicebear.com/7.x/avataaars/svg?seed=mentee_4084,,1
2331,1,Senior,Beginner,EG,3,5,https://api.dicebear.com/7.x/avataaars/svg?seed=mentee_4087,,1
2332,3,Sophomore,Junior,EG,3,6,https://api.dicebear.com/7.x/avataaars/svg?seed=mentee_4091,,1
2333,1,Senior,Beginner,EG,5,8,https://api.dicebear.com/7.x/avataaars/svg?seed=mentee_4094,,1
2334,1,Sophomore,Beginner,SA,6,6,https://api.dicebear.com/7.x/avataaars/svg?seed=mentee_4096,,1
2335,3,Freshman,Junior,AE,4,5,https://api.dicebear.com/7.x/avataaars/svg?seed=mentee_4099,,1
2336,2,Freshman,Mid,SA,1,7,https://api.dicebear.com/7.x/avataaars/svg?seed=mentee_4100,,1
2337,3,Junior,Junior,EG,5,1,https://api.dicebear.com/7.x/avataaars/svg?seed=mentee_4101,,1
2338,3,Freshman,Mid,AE,6,3,https://api.dicebear.com/7.x/avataaars/svg?seed=mentee_4107,,1
2339,4,Graduate,Beginner,AE,3,4,https://api.dicebear.com/7.x/avataaars/svg?seed=mentee_4109,,1
2340,1,Graduate,Senior,MA,2,6,https://api.dicebear.com/7.x/avataaars/svg?seed=mentee_4110,,1
2341,3,Sophomore,Beginner,EG,4,4,https://api.dicebear.com/7.x/avataaars/svg?seed=mentee_4112,,1
2342,3,Senior,Junior,AE,6,8,https://api.dicebear.com/7.x/avataaars/svg?seed=mentee_4113,,1
2343,1,Graduate,Beginner,MA,5,7,https://api.dicebear.com/7.x/avataaars/svg?seed=mentee_4115,,1
2344,4,Sophomore,Mid,SA,6,1,https://api.dicebear.com/7.x/avataaars/svg?seed=mentee_4116,,1
2345,1,Senior,Junior,EG,1,6,https://api.dicebear.com/7.x/avataaars/svg?seed=mentee_4117,,1
2346,3,Freshman,Mid,EG,2,6,https://api.dicebear.com/7.x/avataaars/svg?seed=mentee_4118,,1
2347,2,Sophomore,Beginner,JO,3,6,https://api.dicebear.com/7.x/avataaars/svg?seed=mentee_4119,,1
2348,2,Senior,Junior,EG,2,5,https://api.dicebear.com/7.x/avataaars/svg?seed=mentee_4121,,1
2349,1,Junior,Beginner,MA,1,6,https://api.dicebear.com/7.x/avataaars/svg?seed=mentee_4122,,1
2350,4,Junior,Beginner,JO,2,4,https://api.dicebear.com/7.x/avataaars/svg?seed=mentee_4124,,1
2351,2,Graduate,Junior,EG,5,3,https://api.dicebear.com/7.x/avataaars/svg?seed=mentee_4127,,1
2352,1,Senior,Mid,SA,4,1,https://api.dicebear.com/7.x/avataaars/svg?seed=mentee_4131,,1
2353,1,Junior,Junior,EG,1,1,https://api.dicebear.com/7.x/avataaars/svg?seed=mentee_4133,,1
2354,3,Graduate,Beginner,EG,2,5,https://api.dicebear.com/7.x/avataaars/svg?seed=mentee_4135,,1
2355,1,Sophomore,Beginner,AE,5,5,https://api.dicebear.com/7.x/avataaars/svg?seed=mentee_4143,,1
2356,2,Sophomore,Beginner,AE,5,5,https://api.dicebear.com/7.x/avataaars/svg?seed=mentee_4144,,1
2357,2,Senior,Beginner,EG,3,4,https://api.dicebear.com/7.x/avataaars/svg?seed=mentee_4148,,1
2358,1,Senior,Junior,JO,1,7,https://api.dicebear.com/7.x/avataaars/svg?seed=mentee_4150,,1
2359,2,Senior,Beginner,EG,4,6,https://api.dicebear.com/7.x/avataaars/svg?seed=mentee_4151,,1
2360,1,Senior,Beginner,SA,5,1,https://api.dicebear.com/7.x/avataaars/svg?seed=mentee_4153,,1
2361,4,Junior,Junior,SA,3,5,https://api.dicebear.com/7.x/avataaars/svg?seed=mentee_4155,,1
2362,3,Junior,Beginner,EG,5,8,https://api.dicebear.com/7.x/avataaars/svg?seed=mentee_4157,,1
2363,1,Graduate,Beginner,MA,2,4,https://api.dicebear.com/7.x/avataaars/svg?seed=mentee_4158,,1
2364,2,Junior,Mid,AE,2,6,https://api.dicebear.com/7.x/avataaars/svg?seed=mentee_4159,,1
2365,2,Sophomore,Mid,SA,5,5,https://api.dicebear.com/7.x/avataaars/svg?seed=mentee_4160,,1
2366,4,Graduate,Beginner,SA,6,5,https://api.dicebear.com/7.x/avataaars/svg?seed=mentee_4162,,1
2367,1,Junior,Mid,EG,5,3,https://api.dicebear.com/7.x/avataaars/svg?seed=mentee_4163,,1
2368,2,Senior,Beginner,EG,6,7,https://api.dicebear.com/7.x/avataaars/svg?seed=mentee_4166,,1
2369,4,Junior,Junior,AE,1,7,https://api.dicebear.com/7.x/avataaars/svg?seed=mentee_4167,,1
2370,1,Freshman,Mid,MA,3,4,https://api.dicebear.com/7.x/avataaars/svg?seed=mentee_4170,,1
2371,2,Graduate,Mid,JO,1,5,https://api.dicebear.com/7.x/avataaars/svg?seed=mentee_4171,,1
2372,1,Junior,Beginner,EG,6,6,https://api.dicebear.com/7.x/avataaars/svg?seed=mentee_4172,,1
2373,2,Junior,Mid,SA,2,4,https://api.dicebear.com/7.x/avataaars/svg?seed=mentee_4173,,1
2374,1,Sophomore,Beginner,EG,2,3,https://api.dicebear.com/7.x/avataaars/svg?seed=mentee_4176,,1
2375,4,Senior,Junior,EG,6,6,https://api.dicebear.com/7.x/avataaars/svg?seed=mentee_4177,,1
2376,1,Senior,Junior,SA,3,1,https://api.dicebear.com/7.x/avataaars/svg?seed=mentee_4178,,1
2377,1,Sophomore,Junior,SA,2,1,https://api.dicebear.com/7.x/avataaars/svg?seed=mentee_4184,,1
2378,3,Sophomore,Junior,EG,4,1,https://api.dicebear.com/7.x/avataaars/svg?seed=mentee_4185,,1
2379,3,Freshman,Junior,SA,3,5,https://api.dicebear.com/7.x/avataaars/svg?seed=mentee_4189,,1
2380,2,Graduate,Mid,AE,6,1,https://api.dicebear.com/7.x/avataaars/svg?seed=mentee_4195,,1
2381,3,Senior,Senior,EG,2,5,https://api.dicebear.com/7.x/avataaars/svg?seed=mentee_4196,,1
2382,1,Sophomore,Beginner,AE,1,1,https://api.dicebear.com/7.x/avataaars/svg?seed=mentee_4200,,1
2383,2,Sophomore,Senior,EG,5,5,https://api.dicebear.com/7.x/avataaars/svg?seed=mentee_4201,,1
2384,1,Graduate,Beginner,SA,1,7,https://api.dicebear.com/7.x/avataaars/svg?seed=mentee_4202,,1
2385,1,Sophomore,Junior,JO,2,5,https://api.dicebear.com/7.x/avataaars/svg?seed=mentee_4203,,1
2386,4,Freshman,Beginner,SA,6,1,https://api.dicebear.com/7.x/avataaars/svg?seed=mentee_4204,,1
2387,3,Graduate,Mid,MA,6,5,https://api.dicebear.com/7.x/avataaars/svg?seed=mentee_4206,,1
2388,1,Freshman,Mid,EG,2,5,https://api.dicebear.com/7.x/avataaars/svg?seed=mentee_4207,,1
2389,1,Junior,Mid,SA,2,6,https://api.dicebear.com/7.x/avataaars/svg?seed=mentee_4211,,1
2390,4,Senior,Mid,SA,2,6,https://api.dicebear.com/7.x/avataaars/svg?seed=mentee_4215,,1
2391,1,Sophomore,Mid,AE,2,1,https://api.dicebear.com/7.x/avataaars/svg?seed=mentee_4218,,1
2392,1,Graduate,Beginner,JO,6,3,https://api.dicebear.com/7.x/avataaars/svg?seed=mentee_4219,,1
2393,1,Freshman,Beginner,AE,3,3,https://api.dicebear.com/7.x/avataaars/svg?seed=mentee_4221,,1
2394,1,Senior,Beginner,AE,6,6,https://api.dicebear.com/7.x/avataaars/svg?seed=mentee_4222,,1
2395,1,Senior,Beginner,EG,6,6,https://api.dicebear.com/7.x/avataaars/svg?seed=mentee_4227,,1
2396,4,Sophomore,Beginner,EG,6,2,https://api.dicebear.com/7.x/avataaars/svg?seed=mentee_4229,,1
2397,1,Senior,Beginner,SA,3,6,https://api.dicebear.com/7.x/avataaars/svg?seed=mentee_4230,,1
2398,2,Sophomore,Beginner,SA,6,5,https://api.dicebear.com/7.x/avataaars/svg?seed=mentee_4231,,1
2399,3,Junior,Junior,MA,1,5,https://api.dicebear.com/7.x/avataaars/svg?seed=mentee_4232,,1
2400,2,Sophomore,Mid,EG,1,2,https://api.dicebear.com/7.x/avataaars/svg?seed=mentee_4233,,1
2401,3,Freshman,Junior,EG,6,4,https://api.dicebear.com/7.x/avataaars/svg?seed=mentee_4237,,1
2402,2,Senior,Beginner,SA,2,6,https://api.dicebear.com/7.x/avataaars/svg?seed=mentee_4238,,1
2403,2,Senior,Beginner,JO,1,5,https://api.dicebear.com/7.x/avataaars/svg?seed=mentee_4239,,1
2404,2,Senior,Junior,MA,3,7,https://api.dicebear.com/7.x/avataaars/svg?seed=mentee_4240,,1
2405,3,Sophomore,Junior,EG,4,4,https://api.dicebear.com/7.x/avataaars/svg?seed=mentee_4241,,1
2406,3,Graduate,Junior,EG,1,3,https://api.dicebear.com/7.x/avataaars/svg?seed=mentee_4242,,1
2407,3,Sophomore,Junior,SA,6,7,https://api.dicebear.com/7.x/avataaars/svg?seed=mentee_4244,,1
2408,1,Freshman,Mid,EG,5,6,https://api.dicebear.com/7.x/avataaars/svg?seed=mentee_4245,,1
2409,2,Sophomore,Junior,MA,3,5,https://api.dicebear.com/7.x/avataaars/svg?seed=mentee_4246,,1
2410,3,Senior,Senior,SA,5,3,https://api.dicebear.com/7.x/avataaars/svg?seed=mentee_4247,,1
2411,1,Junior,Beginner,EG,6,7,https://api.dicebear.com/7.x/avataaars/svg?seed=mentee_4248,,1
2412,3,Freshman,Beginner,EG,3,4,https://api.dicebear.com/7.x/avataaars/svg?seed=mentee_4249,,1
2413,1,Junior,Junior,EG,1,3,https://api.dicebear.com/7.x/avataaars/svg?seed=mentee_4253,,1
2414,1,Freshman,Beginner,JO,2,7,https://api.dicebear.com/7.x/avataaars/svg?seed=mentee_4255,,1
2415,3,Freshman,Beginner,EG,2,5,https://api.dicebear.com/7.x/avataaars/svg?seed=mentee_4256,,1
2416,1,Senior,Beginner,EG,3,7,https://api.dicebear.com/7.x/avataaars/svg?seed=mentee_4257,,1
2417,1,Sophomore,Junior,MA,5,1,https://api.dicebear.com/7.x/avataaars/svg?seed=mentee_4259,,1
2418,1,Senior,Beginner,EG,6,6,https://api.dicebear.com/7.x/avataaars/svg?seed=mentee_4261,,1
2419,3,Senior,Beginner,AE,5,7,https://api.dicebear.com/7.x/avataaars/svg?seed=mentee_4266,,1
2420,2,Senior,Junior,EG,3,4,https://api.dicebear.com/7.x/avataaars/svg?seed=mentee_4269,,1
2421,2,Junior,Beginner,SA,6,1,https://api.dicebear.com/7.x/avataaars/svg?seed=mentee_4270,,1
2422,3,Freshman,Beginner,EG,1,7,https://api.dicebear.com/7.x/avataaars/svg?seed=mentee_4271,,1
2423,2,Graduate,Beginner,EG,5,6,https://api.dicebear.com/7.x/avataaars/svg?seed=mentee_4274,,1
2424,4,Sophomore,Mid,SA,5,6,https://api.dicebear.com/7.x/avataaars/svg?seed=mentee_4276,,1
2425,3,Senior,Junior,EG,5,6,https://api.dicebear.com/7.x/avataaars/svg?seed=mentee_4278,,1
2426,1,Freshman,Mid,SA,5,8,https://api.dicebear.com/7.x/avataaars/svg?seed=mentee_4280,,1
2427,4,Sophomore,Senior,EG,1,6,https://api.dicebear.com/7.x/avataaars/svg?seed=mentee_4281,,1
2428,2,Graduate,Mid,AE,4,5,https://api.dicebear.com/7.x/avataaars/svg?seed=mentee_4283,,1
2429,1,Graduate,Junior,MA,5,5,https://api.dicebear.com/7.x/avataaars/svg?seed=mentee_4284,,1
2430,1,Senior,Mid,EG,4,6,https://api.dicebear.com/7.x/avataaars/svg?seed=mentee_4285,,1
2431,2,Graduate,Junior,EG,3,5,https://api.dicebear.com/7.x/avataaars/svg?seed=mentee_4287,,1
2432,1,Graduate,Junior,JO,4,2,https://api.dicebear.com/7.x/avataaars/svg?seed=mentee_4289,,1
2433,2,Sophomore,Beginner,SA,5,6,https://api.dicebear.com/7.x/avataaars/svg?seed=mentee_4290,,1
2434,1,Sophomore,Beginner,EG,4,4,https://api.dicebear.com/7.x/avataaars/svg?seed=mentee_4291,,1
2435,2,Senior,Beginner,SA,3,6,https://api.dicebear.com/7.x/avataaars/svg?seed=mentee_4292,,1
2436,1,Freshman,Beginner,EG,4,1,https://api.dicebear.com/7.x/avataaars/svg?seed=mentee_4294,,1
2437,3,Senior,Beginner,EG,3,8,https://api.dicebear.com/7.x/avataaars/svg?seed=mentee_4296,,1
2438,1,Junior,Junior,MA,2,2,https://api.dicebear.com/7.x/avataaars/svg?seed=mentee_4302,,1
2439,1,Graduate,Beginner,AE,5,4,https://api.dicebear.com/7.x/avataaars/svg?seed=mentee_4304,,1
2440,1,Freshman,Junior,AE,5,5,https://api.dicebear.com/7.x/avataaars/svg?seed=mentee_4306,,1
2441,2,Sophomore,Beginner,EG,4,4,https://api.dicebear.com/7.x/avataaars/svg?seed=mentee_4308,,1
2442,2,Junior,Beginner,EG,2,7,https://api.dicebear.com/7.x/avataaars/svg?seed=mentee_4309,,1
2443,2,Junior,Junior,JO,4,6,https://api.dicebear.com/7.x/avataaars/svg?seed=mentee_4312,,1
2444,1,Graduate,Junior,EG,4,6,https://api.dicebear.com/7.x/avataaars/svg?seed=mentee_4314,,1
2445,3,Sophomore,Junior,EG,3,3,https://api.dicebear.com/7.x/avataaars/svg?seed=mentee_4318,,1
2446,2,Freshman,Beginner,EG,3,6,https://api.dicebear.com/7.x/avataaars/svg?seed=mentee_4319,,1
2447,1,Sophomore,Junior,SA,4,4,https://api.dicebear.com/7.x/avataaars/svg?seed=mentee_4321,,1
2448,3,Graduate,Mid,EG,4,3,https://api.dicebear.com/7.x/avataaars/svg?seed=mentee_4323,,1
2449,2,Junior,Beginner,EG,2,6,https://api.dicebear.com/7.x/avataaars/svg?seed=mentee_4326,,1
2450,2,Graduate,Beginner,JO,1,1,https://api.dicebear.com/7.x/avataaars/svg?seed=mentee_4331,,1
2451,1,Senior,Beginner,SA,3,7,https://api.dicebear.com/7.x/avataaars/svg?seed=mentee_4332,,1
2452,1,Junior,Junior,EG,3,7,https://api.dicebear.com/7.x/avataaars/svg?seed=mentee_4333,,1
2453,2,Graduate,Beginner,AE,4,7,https://api.dicebear.com/7.x/avataaars/svg?seed=mentee_4334,,1
2454,1,Freshman,Beginner,EG,3,6,https://api.dicebear.com/7.x/avataaars/svg?seed=mentee_4336,,1
2455,1,Freshman,Junior,SA,1,3,https://api.dicebear.com/7.x/avataaars/svg?seed=mentee_4338,,1
2456,4,Freshman,Beginner,SA,2,1,https://api.dicebear.com/7.x/avataaars/svg?seed=mentee_4340,,1
2457,2,Senior,Mid,EG,5,8,https://api.dicebear.com/7.x/avataaars/svg?seed=mentee_4341,,1
2458,1,Sophomore,Junior,EG,4,4,https://api.dicebear.com/7.x/avataaars/svg?seed=mentee_4345,,1
2459,1,Freshman,Beginner,AE,5,6,https://api.dicebear.com/7.x/avataaars/svg?seed=mentee_4350,,1
2460,3,Senior,Beginner,MA,1,7,https://api.dicebear.com/7.x/avataaars/svg?seed=mentee_4351,,1
2461,1,Freshman,Beginner,SA,4,4,https://api.dicebear.com/7.x/avataaars/svg?seed=mentee_4352,,1
2462,1,Senior,Mid,EG,4,8,https://api.dicebear.com/7.x/avataaars/svg?seed=mentee_4359,,1
2463,1,Freshman,Beginner,EG,2,7,https://api.dicebear.com/7.x/avataaars/svg?seed=mentee_4360,,1
2464,3,Sophomore,Beginner,EG,6,6,https://api.dicebear.com/7.x/avataaars/svg?seed=mentee_4361,,1
2465,2,Graduate,Mid,EG,2,5,https://api.dicebear.com/7.x/avataaars/svg?seed=mentee_4363,,1
2466,1,Freshman,Mid,SA,1,6,https://api.dicebear.com/7.x/avataaars/svg?seed=mentee_4365,,1
2467,1,Graduate,Beginner,SA,3,3,https://api.dicebear.com/7.x/avataaars/svg?seed=mentee_4368,,1
2468,2,Freshman,Beginner,EG,2,5,https://api.dicebear.com/7.x/avataaars/svg?seed=mentee_4370,,1
2469,2,Sophomore,Mid,EG,3,1,https://api.dicebear.com/7.x/avataaars/svg?seed=mentee_4371,,1
2470,2,Graduate,Mid,SA,5,6,https://api.dicebear.com/7.x/avataaars/svg?seed=mentee_4372,,1
2471,1,Senior,Beginner,EG,4,5,https://api.dicebear.com/7.x/avataaars/svg?seed=mentee_4373,,1
2472,3,Freshman,Junior,MA,3,4,https://api.dicebear.com/7.x/avataaars/svg?seed=mentee_4374,,1
2473,4,Freshman,Mid,SA,5,5,https://api.dicebear.com/7.x/avataaars/svg?seed=mentee_4375,,1
2474,2,Senior,Beginner,JO,3,5,https://api.dicebear.com/7.x/avataaars/svg?seed=mentee_4377,,1
2475,1,Sophomore,Mid,JO,3,5,https://api.dicebear.com/7.x/avataaars/svg?seed=mentee_4378,,1
2476,2,Junior,Mid,JO,3,3,https://api.dicebear.com/7.x/avataaars/svg?seed=mentee_4380,,1
2477,1,Freshman,Beginner,EG,6,4,https://api.dicebear.com/7.x/avataaars/svg?seed=mentee_4381,,1
2478,1,Senior,Junior,MA,3,3,https://api.dicebear.com/7.x/avataaars/svg?seed=mentee_4382,,1
2479,1,Junior,Beginner,EG,5,6,https://api.dicebear.com/7.x/avataaars/svg?seed=mentee_4383,,1
2480,4,Freshman,Beginner,EG,6,1,https://api.dicebear.com/7.x/avataaars/svg?seed=mentee_4384,,1
2481,1,Graduate,Junior,SA,5,2,https://api.dicebear.com/7.x/avataaars/svg?seed=mentee_4387,,1
2482,3,Senior,Junior,EG,5,6,https://api.dicebear.com/7.x/avataaars/svg?seed=mentee_4389,,1
2483,2,Graduate,Beginner,EG,5,3,https://api.dicebear.com/7.x/avataaars/svg?seed=mentee_4392,,1
2484,2,Sophomore,Mid,EG,4,7,https://api.dicebear.com/7.x/avataaars/svg?seed=mentee_4393,,1
2485,1,Junior,Beginner,EG,2,5,https://api.dicebear.com/7.x/avataaars/svg?seed=mentee_4394,,1
2486,2,Senior,Junior,AE,3,4,https://api.dicebear.com/7.x/avataaars/svg?seed=mentee_4395,,1
2487,1,Freshman,Beginner,EG,6,1,https://api.dicebear.com/7.x/avataaars/svg?seed=mentee_4398,,1
2488,2,Freshman,Beginner,SA,3,7,https://api.dicebear.com/7.x/avataaars/svg?seed=mentee_4403,,1
2489,1,Junior,Junior,MA,4,6,https://api.dicebear.com/7.x/avataaars/svg?seed=mentee_4404,,1
2490,1,Graduate,Beginner,SA,5,1,https://api.dicebear.com/7.x/avataaars/svg?seed=mentee_4406,,1
2491,2,Graduate,Beginner,SA,5,4,https://api.dicebear.com/7.x/avataaars/svg?seed=mentee_4408,,1
2492,1,Senior,Beginner,MA,6,6,https://api.dicebear.com/7.x/avataaars/svg?seed=mentee_4412,,1
2493,1,Senior,Beginner,EG,6,5,https://api.dicebear.com/7.x/avataaars/svg?seed=mentee_4413,,1
2494,4,Graduate,Mid,SA,1,4,https://api.dicebear.com/7.x/avataaars/svg?seed=mentee_4416,,1
2495,1,Senior,Beginner,JO,1,4,https://api.dicebear.com/7.x/avataaars/svg?seed=mentee_4417,,1
2496,1,Graduate,Mid,MA,1,1,https://api.dicebear.com/7.x/avataaars/svg?seed=mentee_4419,,1
2497,1,Junior,Beginner,SA,4,5,https://api.dicebear.com/7.x/avataaars/svg?seed=mentee_4420,,1
2498,1,Senior,Junior,EG,5,7,https://api.dicebear.com/7.x/avataaars/svg?seed=mentee_4422,,1
2499,2,Graduate,Beginner,MA,3,5,https://api.dicebear.com/7.x/avataaars/svg?seed=mentee_4423,,1
2500,1,Senior,Beginner,EG,2,3,https://api.dicebear.com/7.x/avataaars/svg?seed=mentee_4424,,1
2501,2,Freshman,Beginner,EG,3,6,https://api.dicebear.com/7.x/avataaars/svg?seed=mentee_4425,,1
2502,2,Freshman,Mid,EG,2,6,https://api.dicebear.com/7.x/avataaars/svg?seed=mentee_4427,,1
2503,1,Sophomore,Mid,SA,4,6,https://api.dicebear.com/7.x/avataaars/svg?seed=mentee_4429,,1
2504,4,Graduate,Beginner,AE,5,8,https://api.dicebear.com/7.x/avataaars/svg?seed=mentee_4435,,1
2505,4,Sophomore,Junior,JO,4,5,https://api.dicebear.com/7.x/avataaars/svg?seed=mentee_4436,,1
2506,1,Graduate,Beginner,AE,3,1,https://api.dicebear.com/7.x/avataaars/svg?seed=mentee_4438,,1
2507,1,Senior,Junior,EG,4,6,https://api.dicebear.com/7.x/avataaars/svg?seed=mentee_4441,,1
2508,1,Graduate,Junior,SA,6,1,https://api.dicebear.com/7.x/avataaars/svg?seed=mentee_4442,,1
2509,1,Freshman,Beginner,AE,3,5,https://api.dicebear.com/7.x/avataaars/svg?seed=mentee_4443,,1
2510,2,Senior,Mid,SA,1,4,https://api.dicebear.com/7.x/avataaars/svg?seed=mentee_4446,,1
2511,2,Freshman,Junior,MA,5,6,https://api.dicebear.com/7.x/avataaars/svg?seed=mentee_4452,,1
2512,1,Senior,Beginner,JO,4,5,https://api.dicebear.com/7.x/avataaars/svg?seed=mentee_4453,,1
2513,1,Graduate,Mid,SA,6,1,https://api.dicebear.com/7.x/avataaars/svg?seed=mentee_4455,,1
2514,1,Graduate,Junior,EG,1,5,https://api.dicebear.com/7.x/avataaars/svg?seed=mentee_4457,,1
2515,4,Freshman,Junior,AE,6,3,https://api.dicebear.com/7.x/avataaars/svg?seed=mentee_4458,,1
2516,4,Junior,Senior,MA,3,3,https://api.dicebear.com/7.x/avataaars/svg?seed=mentee_4462,,1
2517,1,Graduate,Mid,EG,5,5,https://api.dicebear.com/7.x/avataaars/svg?seed=mentee_4463,,1
2518,2,Junior,Beginner,JO,4,5,https://api.dicebear.com/7.x/avataaars/svg?seed=mentee_4464,,1
2519,2,Senior,Junior,EG,2,6,https://api.dicebear.com/7.x/avataaars/svg?seed=mentee_4465,,1
2520,2,Junior,Beginner,SA,6,1,https://api.dicebear.com/7.x/avataaars/svg?seed=mentee_4466,,1
2521,2,Freshman,Mid,SA,6,6,https://api.dicebear.com/7.x/avataaars/svg?seed=mentee_4467,,1
2522,3,Sophomore,Mid,AE,6,1,https://api.dicebear.com/7.x/avataaars/svg?seed=mentee_4472,,1
2523,1,Sophomore,Beginner,JO,2,5,https://api.dicebear.com/7.x/avataaars/svg?seed=mentee_4473,,1
2524,1,Freshman,Beginner,EG,6,5,https://api.dicebear.com/7.x/avataaars/svg?seed=mentee_4474,,1
2525,4,Sophomore,Beginner,EG,3,6,https://api.dicebear.com/7.x/avataaars/svg?seed=mentee_4479,,1
2526,1,Freshman,Junior,AE,6,7,https://api.dicebear.com/7.x/avataaars/svg?seed=mentee_4480,,1
2527,1,Graduate,Beginner,EG,5,4,https://api.dicebear.com/7.x/avataaars/svg?seed=mentee_4484,,1
2528,3,Junior,Beginner,SA,2,3,https://api.dicebear.com/7.x/avataaars/svg?seed=mentee_4488,,1
2529,3,Sophomore,Junior,EG,4,5,https://api.dicebear.com/7.x/avataaars/svg?seed=mentee_4489,,1
2530,2,Graduate,Beginner,EG,6,1,https://api.dicebear.com/7.x/avataaars/svg?seed=mentee_4493,,1
2531,3,Sophomore,Beginner,AE,5,6,https://api.dicebear.com/7.x/avataaars/svg?seed=mentee_4496,,1
2532,2,Senior,Mid,AE,2,7,https://api.dicebear.com/7.x/avataaars/svg?seed=mentee_4502,,1
2533,1,Freshman,Junior,EG,3,6,https://api.dicebear.com/7.x/avataaars/svg?seed=mentee_4503,,1
2534,2,Freshman,Mid,EG,3,3,https://api.dicebear.com/7.x/avataaars/svg?seed=mentee_4505,,1
2535,3,Graduate,Junior,EG,1,3,https://api.dicebear.com/7.x/avataaars/svg?seed=mentee_4509,,1
2536,3,Senior,Junior,SA,5,3,https://api.dicebear.com/7.x/avataaars/svg?seed=mentee_4519,,1
2537,1,Junior,Mid,EG,1,6,https://api.dicebear.com/7.x/avataaars/svg?seed=mentee_4520,,1
2538,1,Senior,Beginner,SA,5,6,https://api.dicebear.com/7.x/avataaars/svg?seed=mentee_4521,,1
2539,3,Senior,Junior,AE,4,5,https://api.dicebear.com/7.x/avataaars/svg?seed=mentee_4523,,1
2540,1,Junior,Mid,AE,5,5,https://api.dicebear.com/7.x/avataaars/svg?seed=mentee_4525,,1
2541,1,Junior,Beginner,EG,2,4,https://api.dicebear.com/7.x/avataaars/svg?seed=mentee_4526,,1
2542,3,Senior,Beginner,AE,1,3,https://api.dicebear.com/7.x/avataaars/svg?seed=mentee_4529,,1
2543,2,Sophomore,Mid,MA,5,7,https://api.dicebear.com/7.x/avataaars/svg?seed=mentee_4530,,1
2544,1,Sophomore,Junior,EG,1,7,https://api.dicebear.com/7.x/avataaars/svg?seed=mentee_4532,,1
2545,1,Senior,Beginner,EG,4,3,https://api.dicebear.com/7.x/avataaars/svg?seed=mentee_4535,,1
2546,1,Sophomore,Junior,SA,6,7,https://api.dicebear.com/7.x/avataaars/svg?seed=mentee_4537,,1
2547,3,Junior,Mid,EG,3,7,https://api.dicebear.com/7.x/avataaars/svg?seed=mentee_4543,,1
2548,2,Junior,Junior,AE,6,7,https://api.dicebear.com/7.x/avataaars/svg?seed=mentee_4546,,1
2549,1,Sophomore,Beginner,JO,5,5,https://api.dicebear.com/7.x/avataaars/svg?seed=mentee_4554,,1
2550,1,Junior,Beginner,SA,5,7,https://api.dicebear.com/7.x/avataaars/svg?seed=mentee_4558,,1
2551,1,Freshman,Beginner,AE,3,6,https://api.dicebear.com/7.x/avataaars/svg?seed=mentee_4560,,1
2552,1,Junior,Junior,AE,5,5,https://api.dicebear.com/7.x/avataaars/svg?seed=mentee_4564,,1
2553,1,Senior,Beginner,EG,6,7,https://api.dicebear.com/7.x/avataaars/svg?seed=mentee_4568,,1
2554,2,Graduate,Mid,EG,6,5,https://api.dicebear.com/7.x/avataaars/svg?seed=mentee_4569,,1
2555,1,Sophomore,Junior,JO,4,1,https://api.dicebear.com/7.x/avataaars/svg?seed=mentee_4570,,1
2556,1,Sophomore,Beginner,MA,5,6,https://api.dicebear.com/7.x/avataaars/svg?seed=mentee_4573,,1
2557,2,Junior,Mid,AE,4,5,https://api.dicebear.com/7.x/avataaars/svg?seed=mentee_4578,,1
2558,1,Junior,Mid,MA,6,1,https://api.dicebear.com/7.x/avataaars/svg?seed=mentee_4581,,1
2559,1,Graduate,Junior,EG,2,6,https://api.dicebear.com/7.x/avataaars/svg?seed=mentee_4584,,1
2560,1,Graduate,Junior,EG,4,4,https://api.dicebear.com/7.x/avataaars/svg?seed=mentee_4587,,1
2561,1,Senior,Junior,EG,3,1,https://api.dicebear.com/7.x/avataaars/svg?seed=mentee_4588,,1
2562,1,Freshman,Junior,EG,3,6,https://api.dicebear.com/7.x/avataaars/svg?seed=mentee_4589,,1
2563,3,Senior,Senior,JO,5,6,https://api.dicebear.com/7.x/avataaars/svg?seed=mentee_4592,,1
2564,1,Sophomore,Junior,MA,6,6,https://api.dicebear.com/7.x/avataaars/svg?seed=mentee_4594,,1
2565,3,Junior,Junior,JO,4,5,https://api.dicebear.com/7.x/avataaars/svg?seed=mentee_4595,,1
2566,3,Senior,Beginner,SA,5,4,https://api.dicebear.com/7.x/avataaars/svg?seed=mentee_4596,,1
2567,1,Junior,Junior,EG,1,1,https://api.dicebear.com/7.x/avataaars/svg?seed=mentee_4599,,1
2568,1,Junior,Junior,EG,3,8,https://api.dicebear.com/7.x/avataaars/svg?seed=mentee_4600,,1
2569,1,Senior,Junior,EG,4,3,https://api.dicebear.com/7.x/avataaars/svg?seed=mentee_4604,,1
2570,1,Senior,Junior,AE,3,6,https://api.dicebear.com/7.x/avataaars/svg?seed=mentee_4605,,1
2571,2,Graduate,Junior,SA,4,3,https://api.dicebear.com/7.x/avataaars/svg?seed=mentee_4608,,1
2572,1,Freshman,Beginner,MA,1,6,https://api.dicebear.com/7.x/avataaars/svg?seed=mentee_4611,,1
2573,3,Graduate,Beginner,JO,5,1,https://api.dicebear.com/7.x/avataaars/svg?seed=mentee_4612,,1
2574,2,Freshman,Mid,EG,5,1,https://api.dicebear.com/7.x/avataaars/svg?seed=mentee_4613,,1
2575,3,Senior,Beginner,EG,1,5,https://api.dicebear.com/7.x/avataaars/svg?seed=mentee_4615,,1
2576,3,Freshman,Beginner,AE,1,5,https://api.dicebear.com/7.x/avataaars/svg?seed=mentee_4616,,1
2577,2,Sophomore,Mid,EG,5,3,https://api.dicebear.com/7.x/avataaars/svg?seed=mentee_4618,,1
2578,4,Graduate,Junior,AE,2,6,https://api.dicebear.com/7.x/avataaars/svg?seed=mentee_4619,,1
2579,4,Graduate,Beginner,SA,3,3,https://api.dicebear.com/7.x/avataaars/svg?seed=mentee_4620,,1
2580,1,Graduate,Mid,EG,6,3,https://api.dicebear.com/7.x/avataaars/svg?seed=mentee_4622,,1
2581,1,Junior,Junior,SA,6,5,https://api.dicebear.com/7.x/avataaars/svg?seed=mentee_4624,,1
2582,1,Junior,Mid,SA,5,6,https://api.dicebear.com/7.x/avataaars/svg?seed=mentee_4625,,1
2583,1,Senior,Junior,JO,2,7,https://api.dicebear.com/7.x/avataaars/svg?seed=mentee_4627,,1
2584,2,Senior,Beginner,EG,6,4,https://api.dicebear.com/7.x/avataaars/svg?seed=mentee_4628,,1
2585,1,Junior,Mid,JO,3,6,https://api.dicebear.com/7.x/avataaars/svg?seed=mentee_4632,,1
2586,2,Graduate,Junior,AE,1,7,https://api.dicebear.com/7.x/avataaars/svg?seed=mentee_4633,,1
2587,3,Junior,Beginner,AE,6,6,https://api.dicebear.com/7.x/avataaars/svg?seed=mentee_4634,,1
2588,1,Freshman,Mid,EG,1,6,https://api.dicebear.com/7.x/avataaars/svg?seed=mentee_4636,,1
2589,2,Graduate,Junior,SA,6,3,https://api.dicebear.com/7.x/avataaars/svg?seed=mentee_4639,,1
2590,1,Junior,Junior,SA,5,5,https://api.dicebear.com/7.x/avataaars/svg?seed=mentee_4643,,1
2591,3,Senior,Beginner,SA,2,1,https://api.dicebear.com/7.x/avataaars/svg?seed=mentee_4645,,1
2592,2,Junior,Junior,AE,2,7,https://api.dicebear.com/7.x/avataaars/svg?seed=mentee_4646,,1
2593,1,Sophomore,Junior,SA,3,4,https://api.dicebear.com/7.x/avataaars/svg?seed=mentee_4647,,1
2594,2,Junior,Junior,JO,5,7,https://api.dicebear.com/7.x/avataaars/svg?seed=mentee_4650,,1
2595,1,Graduate,Beginner,EG,3,6,https://api.dicebear.com/7.x/avataaars/svg?seed=mentee_4654,,1
2596,3,Junior,Junior,JO,6,7,https://api.dicebear.com/7.x/avataaars/svg?seed=mentee_4655,,1
2597,2,Senior,Beginner,EG,3,6,https://api.dicebear.com/7.x/avataaars/svg?seed=mentee_4656,,1
2598,1,Freshman,Mid,JO,1,3,https://api.dicebear.com/7.x/avataaars/svg?seed=mentee_4658,,1
2599,2,Sophomore,Junior,MA,6,5,https://api.dicebear.com/7.x/avataaars/svg?seed=mentee_4664,,1
2600,3,Graduate,Junior,EG,4,5,https://api.dicebear.com/7.x/avataaars/svg?seed=mentee_4665,,1
2601,3,Senior,Junior,SA,5,1,https://api.dicebear.com/7.x/avataaars/svg?seed=mentee_4667,,1
2602,2,Sophomore,Beginner,AE,3,3,https://api.dicebear.com/7.x/avataaars/svg?seed=mentee_4668,,1
2603,3,Junior,Beginner,EG,4,4,https://api.dicebear.com/7.x/avataaars/svg?seed=mentee_4669,,1
2604,1,Sophomore,Junior,SA,5,7,https://api.dicebear.com/7.x/avataaars/svg?seed=mentee_4671,,1
2605,3,Freshman,Mid,EG,5,2,https://api.dicebear.com/7.x/avataaars/svg?seed=mentee_4674,,1
2606,3,Sophomore,Mid,JO,6,1,https://api.dicebear.com/7.x/avataaars/svg?seed=mentee_4677,,1
2607,1,Sophomore,Beginner,JO,6,6,https://api.dicebear.com/7.x/avataaars/svg?seed=mentee_4678,,1
2608,1,Junior,Mid,AE,4,5,https://api.dicebear.com/7.x/avataaars/svg?seed=mentee_4679,,1
2609,1,Junior,Beginner,AE,6,1,https://api.dicebear.com/7.x/avataaars/svg?seed=mentee_4682,,1
2610,1,Graduate,Junior,AE,5,7,https://api.dicebear.com/7.x/avataaars/svg?seed=mentee_4683,,1
2611,1,Junior,Mid,EG,6,5,https://api.dicebear.com/7.x/avataaars/svg?seed=mentee_4684,,1
2612,1,Sophomore,Mid,SA,5,4,https://api.dicebear.com/7.x/avataaars/svg?seed=mentee_4685,,1
2613,2,Freshman,Mid,SA,1,6,https://api.dicebear.com/7.x/avataaars/svg?seed=mentee_4686,,1
2614,1,Junior,Beginner,MA,2,5,https://api.dicebear.com/7.x/avataaars/svg?seed=mentee_4688,,1
2615,1,Graduate,Mid,AE,4,3,https://api.dicebear.com/7.x/avataaars/svg?seed=mentee_4690,,1
2616,2,Graduate,Beginner,SA,1,7,https://api.dicebear.com/7.x/avataaars/svg?seed=mentee_4692,,1
2617,1,Sophomore,Junior,AE,5,4,https://api.dicebear.com/7.x/avataaars/svg?seed=mentee_4696,,1
2618,1,Junior,Junior,EG,4,5,https://api.dicebear.com/7.x/avataaars/svg?seed=mentee_4698,,1
2619,3,Junior,Beginner,AE,4,3,https://api.dicebear.com/7.x/avataaars/svg?seed=mentee_4700,,1
2620,4,Graduate,Beginner,SA,3,1,https://api.dicebear.com/7.x/avataaars/svg?seed=mentee_4702,,1
2621,2,Junior,Beginner,EG,2,7,https://api.dicebear.com/7.x/avataaars/svg?seed=mentee_4703,,1
2622,1,Sophomore,Beginner,SA,4,4,https://api.dicebear.com/7.x/avataaars/svg?seed=mentee_4707,,1
2623,1,Freshman,Junior,AE,3,7,https://api.dicebear.com/7.x/avataaars/svg?seed=mentee_4709,,1
2624,4,Sophomore,Mid,SA,3,6,https://api.dicebear.com/7.x/avataaars/svg?seed=mentee_4710,,1
2625,2,Junior,Junior,SA,1,1,https://api.dicebear.com/7.x/avataaars/svg?seed=mentee_4711,,1
2626,3,Sophomore,Beginner,AE,1,6,https://api.dicebear.com/7.x/avataaars/svg?seed=mentee_4714,,1
2627,2,Senior,Junior,AE,5,3,https://api.dicebear.com/7.x/avataaars/svg?seed=mentee_4716,,1
2628,1,Senior,Junior,JO,6,1,https://api.dicebear.com/7.x/avataaars/svg?seed=mentee_4718,,1
2629,1,Junior,Beginner,EG,2,5,https://api.dicebear.com/7.x/avataaars/svg?seed=mentee_4719,,1
2630,3,Junior,Mid,MA,4,1,https://api.dicebear.com/7.x/avataaars/svg?seed=mentee_4722,,1
2631,3,Freshman,Beginner,SA,4,4,https://api.dicebear.com/7.x/avataaars/svg?seed=mentee_4724,,1
2632,1,Sophomore,Mid,AE,4,5,https://api.dicebear.com/7.x/avataaars/svg?seed=mentee_4726,,1
2633,2,Freshman,Mid,AE,6,1,https://api.dicebear.com/7.x/avataaars/svg?seed=mentee_4727,,1
2634,1,Junior,Beginner,EG,6,4,https://api.dicebear.com/7.x/avataaars/svg?seed=mentee_4728,,1
2635,4,Junior,Mid,EG,5,7,https://api.dicebear.com/7.x/avataaars/svg?seed=mentee_4729,,1
2636,1,Graduate,Mid,AE,4,6,https://api.dicebear.com/7.x/avataaars/svg?seed=mentee_4730,,1
2637,3,Freshman,Junior,SA,5,5,https://api.dicebear.com/7.x/avataaars/svg?seed=mentee_4732,,1
2638,1,Junior,Beginner,AE,3,5,https://api.dicebear.com/7.x/avataaars/svg?seed=mentee_4733,,1
2639,2,Senior,Mid,SA,1,7,https://api.dicebear.com/7.x/avataaars/svg?seed=mentee_4734,,1
2640,2,Graduate,Junior,EG,1,7,https://api.dicebear.com/7.x/avataaars/svg?seed=mentee_4737,,1
2641,1,Sophomore,Beginner,EG,6,4,https://api.dicebear.com/7.x/avataaars/svg?seed=mentee_4740,,1
2642,3,Graduate,Beginner,AE,3,5,https://api.dicebear.com/7.x/avataaars/svg?seed=mentee_4741,,1
2643,3,Sophomore,Junior,EG,2,6,https://api.dicebear.com/7.x/avataaars/svg?seed=mentee_4745,,1
2644,3,Senior,Beginner,AE,1,6,https://api.dicebear.com/7.x/avataaars/svg?seed=mentee_4746,,1
2645,1,Sophomore,Junior,EG,6,8,https://api.dicebear.com/7.x/avataaars/svg?seed=mentee_4747,,1
2646,3,Freshman,Mid,AE,3,4,https://api.dicebear.com/7.x/avataaars/svg?seed=mentee_4749,,1
2647,2,Sophomore,Mid,EG,1,6,https://api.dicebear.com/7.x/avataaars/svg?seed=mentee_4750,,1
2648,2,Sophomore,Beginner,EG,2,5,https://api.dicebear.com/7.x/avataaars/svg?seed=mentee_4751,,1
2649,2,Graduate,Beginner,AE,1,4,https://api.dicebear.com/7.x/avataaars/svg?seed=mentee_4752,,1
2650,2,Senior,Mid,SA,2,6,https://api.dicebear.com/7.x/avataaars/svg?seed=mentee_4753,,1
2651,1,Sophomore,Beginner,EG,2,5,https://api.dicebear.com/7.x/avataaars/svg?seed=mentee_4755,,1
2652,1,Freshman,Mid,MA,1,4,https://api.dicebear.com/7.x/avataaars/svg?seed=mentee_4759,,1
2653,1,Graduate,Beginner,EG,6,1,https://api.dicebear.com/7.x/avataaars/svg?seed=mentee_4760,,1
2654,1,Senior,Beginner,SA,6,1,https://api.dicebear.com/7.x/avataaars/svg?seed=mentee_4761,,1
2655,1,Senior,Mid,EG,6,1,https://api.dicebear.com/7.x/avataaars/svg?seed=mentee_4764,,1
2656,1,Junior,Junior,EG,6,6,https://api.dicebear.com/7.x/avataaars/svg?seed=mentee_4765,,1
2657,3,Freshman,Beginner,SA,5,6,https://api.dicebear.com/7.x/avataaars/svg?seed=mentee_4767,,1
2658,2,Graduate,Beginner,EG,5,2,https://api.dicebear.com/7.x/avataaars/svg?seed=mentee_4769,,1
2659,1,Graduate,Junior,AE,5,5,https://api.dicebear.com/7.x/avataaars/svg?seed=mentee_4772,,1
2660,3,Freshman,Junior,EG,2,6,https://api.dicebear.com/7.x/avataaars/svg?seed=mentee_4773,,1
2661,4,Senior,Mid,AE,4,4,https://api.dicebear.com/7.x/avataaars/svg?seed=mentee_4774,,1
2662,3,Sophomore,Mid,EG,3,3,https://api.dicebear.com/7.x/avataaars/svg?seed=mentee_4776,,1
2663,3,Freshman,Beginner,EG,5,1,https://api.dicebear.com/7.x/avataaars/svg?seed=mentee_4777,,1
2664,4,Graduate,Beginner,EG,6,1,https://api.dicebear.com/7.x/avataaars/svg?seed=mentee_4781,,1
2665,2,Freshman,Mid,AE,5,5,https://api.dicebear.com/7.x/avataaars/svg?seed=mentee_4784,,1
2666,4,Senior,Junior,SA,6,1,https://api.dicebear.com/7.x/avataaars/svg?seed=mentee_4785,,1
2667,4,Junior,Junior,JO,3,6,https://api.dicebear.com/7.x/avataaars/svg?seed=mentee_4788,,1
2668,1,Junior,Beginner,SA,2,5,https://api.dicebear.com/7.x/avataaars/svg?seed=mentee_4789,,1
2669,3,Sophomore,Mid,AE,5,7,https://api.dicebear.com/7.x/avataaars/svg?seed=mentee_4792,,1
2670,3,Sophomore,Beginner,SA,2,1,https://api.dicebear.com/7.x/avataaars/svg?seed=mentee_4793,,1
2671,3,Senior,Junior,EG,4,1,https://api.dicebear.com/7.x/avataaars/svg?seed=mentee_4799,,1
2672,3,Sophomore,Mid,EG,1,6,https://api.dicebear.com/7.x/avataaars/svg?seed=mentee_4800,,1
2673,1,Junior,Beginner,SA,2,6,https://api.dicebear.com/7.x/avataaars/svg?seed=mentee_4802,,1
2674,1,Senior,Beginner,SA,3,3,https://api.dicebear.com/7.x/avataaars/svg?seed=mentee_4803,,1
2675,2,Senior,Junior,EG,1,6,https://api.dicebear.com/7.x/avataaars/svg?seed=mentee_4804,,1
2676,3,Senior,Beginner,AE,4,6,https://api.dicebear.com/7.x/avataaars/svg?seed=mentee_4805,,1
2677,3,Freshman,Beginner,SA,6,7,https://api.dicebear.com/7.x/avataaars/svg?seed=mentee_4806,,1
2678,3,Sophomore,Junior,SA,3,6,https://api.dicebear.com/7.x/avataaars/svg?seed=mentee_4807,,1
2679,3,Graduate,Beginner,EG,1,3,https://api.dicebear.com/7.x/avataaars/svg?seed=mentee_4809,,1
2680,4,Junior,Beginner,SA,3,5,https://api.dicebear.com/7.x/avataaars/svg?seed=mentee_4811,,1
2681,1,Sophomore,Mid,EG,4,6,https://api.dicebear.com/7.x/avataaars/svg?seed=mentee_4813,,1
2682,4,Junior,Junior,EG,4,7,https://api.dicebear.com/7.x/avataaars/svg?seed=mentee_4814,,1
2683,1,Sophomore,Beginner,AE,2,1,https://api.dicebear.com/7.x/avataaars/svg?seed=mentee_4815,,1
2684,2,Graduate,Mid,EG,2,3,https://api.dicebear.com/7.x/avataaars/svg?seed=mentee_4817,,1
2685,1,Junior,Junior,EG,4,4,https://api.dicebear.com/7.x/avataaars/svg?seed=mentee_4818,,1
2686,2,Graduate,Beginner,EG,5,2,https://api.dicebear.com/7.x/avataaars/svg?seed=mentee_4819,,1
2687,1,Junior,Beginner,SA,5,5,https://api.dicebear.com/7.x/avataaars/svg?seed=mentee_4824,,1
2688,1,Freshman,Beginner,EG,4,5,https://api.dicebear.com/7.x/avataaars/svg?seed=mentee_4829,,1
2689,2,Freshman,Beginner,EG,2,3,https://api.dicebear.com/7.x/avataaars/svg?seed=mentee_4830,,1
2690,3,Junior,Beginner,SA,6,6,https://api.dicebear.com/7.x/avataaars/svg?seed=mentee_4831,,1
2691,1,Junior,Senior,SA,6,1,https://api.dicebear.com/7.x/avataaars/svg?seed=mentee_4834,,1
2692,2,Graduate,Beginner,MA,3,8,https://api.dicebear.com/7.x/avataaars/svg?seed=mentee_4838,,1
2693,1,Senior,Mid,EG,3,5,https://api.dicebear.com/7.x/avataaars/svg?seed=mentee_4839,,1
2694,1,Junior,Beginner,EG,3,5,https://api.dicebear.com/7.x/avataaars/svg?seed=mentee_4840,,1
2695,1,Sophomore,Junior,SA,6,7,https://api.dicebear.com/7.x/avataaars/svg?seed=mentee_4845,,1
2696,2,Sophomore,Beginner,EG,4,5,https://api.dicebear.com/7.x/avataaars/svg?seed=mentee_4846,,1
2697,3,Sophomore,Junior,JO,1,7,https://api.dicebear.com/7.x/avataaars/svg?seed=mentee_4847,,1
2698,2,Freshman,Mid,SA,1,6,https://api.dicebear.com/7.x/avataaars/svg?seed=mentee_4848,,1
2699,3,Graduate,Mid,EG,6,6,https://api.dicebear.com/7.x/avataaars/svg?seed=mentee_4849,,1
2700,2,Freshman,Junior,AE,1,7,https://api.dicebear.com/7.x/avataaars/svg?seed=mentee_4851,,1
2701,3,Sophomore,Beginner,EG,6,5,https://api.dicebear.com/7.x/avataaars/svg?seed=mentee_4852,,1
2702,4,Junior,Mid,MA,2,5,https://api.dicebear.com/7.x/avataaars/svg?seed=mentee_4855,,1
2703,1,Sophomore,Beginner,JO,3,6,https://api.dicebear.com/7.x/avataaars/svg?seed=mentee_4858,,1
2704,1,Junior,Beginner,SA,6,3,https://api.dicebear.com/7.x/avataaars/svg?seed=mentee_4859,,1
2705,1,Graduate,Junior,EG,6,3,https://api.dicebear.com/7.x/avataaars/svg?seed=mentee_4865,,1
2706,2,Senior,Mid,EG,4,3,https://api.dicebear.com/7.x/avataaars/svg?seed=mentee_4867,,1
2707,2,Junior,Mid,EG,1,7,https://api.dicebear.com/7.x/avataaars/svg?seed=mentee_4870,,1
2708,1,Freshman,Beginner,EG,6,3,https://api.dicebear.com/7.x/avataaars/svg?seed=mentee_4871,,1
2709,3,Sophomore,Beginner,SA,2,4,https://api.dicebear.com/7.x/avataaars/svg?seed=mentee_4873,,1
2710,4,Sophomore,Beginner,MA,3,3,https://api.dicebear.com/7.x/avataaars/svg?seed=mentee_4874,,1
2711,1,Sophomore,Beginner,SA,2,5,https://api.dicebear.com/7.x/avataaars/svg?seed=mentee_4875,,1
2712,1,Junior,Beginner,AE,2,7,https://api.dicebear.com/7.x/avataaars/svg?seed=mentee_4876,,1
2713,1,Graduate,Beginner,AE,2,5,https://api.dicebear.com/7.x/avataaars/svg?seed=mentee_4878,,1
2714,1,Junior,Junior,JO,5,1,https://api.dicebear.com/7.x/avataaars/svg?seed=mentee_4888,,1
2715,3,Freshman,Junior,EG,2,3,https://api.dicebear.com/7.x/avataaars/svg?seed=mentee_4889,,1
2716,2,Sophomore,Junior,SA,1,5,https://api.dicebear.com/7.x/avataaars/svg?seed=mentee_4890,,1
2717,1,Junior,Junior,AE,1,3,https://api.dicebear.com/7.x/avataaars/svg?seed=mentee_4893,,1
2718,2,Sophomore,Senior,JO,6,5,https://api.dicebear.com/7.x/avataaars/svg?seed=mentee_4899,,1
2719,1,Freshman,Beginner,MA,3,6,https://api.dicebear.com/7.x/avataaars/svg?seed=mentee_4900,,1
2720,1,Senior,Beginner,AE,5,1,https://api.dicebear.com/7.x/avataaars/svg?seed=mentee_4903,,1
2721,1,Senior,Mid,EG,4,1,https://api.dicebear.com/7.x/avataaars/svg?seed=mentee_4905,,1
2722,2,Senior,Junior,SA,6,1,https://api.dicebear.com/7.x/avataaars/svg?seed=mentee_4906,,1
2723,2,Sophomore,Beginner,EG,6,7,https://api.dicebear.com/7.x/avataaars/svg?seed=mentee_4907,,1
2724,3,Junior,Junior,SA,1,1,https://api.dicebear.com/7.x/avataaars/svg?seed=mentee_4908,,1
2725,1,Sophomore,Junior,SA,6,1,https://api.dicebear.com/7.x/avataaars/svg?seed=mentee_4911,,1
2726,3,Graduate,Junior,AE,4,6,https://api.dicebear.com/7.x/avataaars/svg?seed=mentee_4913,,1
2727,1,Junior,Junior,MA,4,4,https://api.dicebear.com/7.x/avataaars/svg?seed=mentee_4914,,1
2728,1,Freshman,Junior,AE,1,6,https://api.dicebear.com/7.x/avataaars/svg?seed=mentee_4915,,1
2729,3,Senior,Beginner,EG,3,5,https://api.dicebear.com/7.x/avataaars/svg?seed=mentee_4916,,1
2730,2,Junior,Beginner,EG,5,1,https://api.dicebear.com/7.x/avataaars/svg?seed=mentee_4918,,1
2731,1,Junior,Mid,JO,6,1,https://api.dicebear.com/7.x/avataaars/svg?seed=mentee_4919,,1
2732,2,Senior,Beginner,EG,5,5,https://api.dicebear.com/7.x/avataaars/svg?seed=mentee_4921,,1
2733,3,Freshman,Beginner,EG,6,1,https://api.dicebear.com/7.x/avataaars/svg?seed=mentee_4924,,1
2734,4,Sophomore,Mid,EG,5,7,https://api.dicebear.com/7.x/avataaars/svg?seed=mentee_4932,,1
2735,2,Sophomore,Mid,SA,1,4,https://api.dicebear.com/7.x/avataaars/svg?seed=mentee_4933,,1
2736,1,Junior,Beginner,EG,6,1,https://api.dicebear.com/7.x/avataaars/svg?seed=mentee_4935,,1
2737,2,Senior,Mid,MA,5,5,https://api.dicebear.com/7.x/avataaars/svg?seed=mentee_4937,,1
2738,1,Graduate,Beginner,MA,1,4,https://api.dicebear.com/7.x/avataaars/svg?seed=mentee_4939,,1
2739,1,Freshman,Beginner,MA,3,7,https://api.dicebear.com/7.x/avataaars/svg?seed=mentee_4940,,1
2740,2,Sophomore,Junior,EG,1,6,https://api.dicebear.com/7.x/avataaars/svg?seed=mentee_4941,,1
2741,3,Freshman,Mid,MA,3,7,https://api.dicebear.com/7.x/avataaars/svg?seed=mentee_4942,,1
2742,1,Freshman,Beginner,MA,3,7,https://api.dicebear.com/7.x/avataaars/svg?seed=mentee_4946,,1
2743,3,Freshman,Beginner,MA,1,5,https://api.dicebear.com/7.x/avataaars/svg?seed=mentee_4947,,1
2744,3,Senior,Junior,AE,3,4,https://api.dicebear.com/7.x/avataaars/svg?seed=mentee_4948,,1
2745,3,Senior,Beginner,AE,2,1,https://api.dicebear.com/7.x/avataaars/svg?seed=mentee_4951,,1
2746,1,Senior,Beginner,EG,2,5,https://api.dicebear.com/7.x/avataaars/svg?seed=mentee_4952,,1
2747,1,Junior,Junior,JO,3,6,https://api.dicebear.com/7.x/avataaars/svg?seed=mentee_4954,,1
2748,1,Senior,Mid,EG,4,5,https://api.dicebear.com/7.x/avataaars/svg?seed=mentee_4957,,1
2749,1,Junior,Beginner,EG,6,6,https://api.dicebear.com/7.x/avataaars/svg?seed=mentee_4958,,1
2750,1,Sophomore,Beginner,MA,3,7,https://api.dicebear.com/7.x/avataaars/svg?seed=mentee_4959,,1
2751,1,Sophomore,Junior,SA,1,3,https://api.dicebear.com/7.x/avataaars/svg?seed=mentee_4963,,1
2752,1,Sophomore,Beginner,EG,4,7,https://api.dicebear.com/7.x/avataaars/svg?seed=mentee_4964,,1
2753,1,Sophomore,Beginner,MA,2,3,https://api.dicebear.com/7.x/avataaars/svg?seed=mentee_4965,,1
2754,4,Sophomore,Junior,MA,4,5,https://api.dicebear.com/7.x/avataaars/svg?seed=mentee_4966,,1
2755,3,Senior,Junior,EG,1,5,https://api.dicebear.com/7.x/avataaars/svg?seed=mentee_4968,,1
2756,1,Graduate,Mid,JO,6,3,https://api.dicebear.com/7.x/avataaars/svg?seed=mentee_4971,,1
2757,4,Senior,Mid,EG,1,6,https://api.dicebear.com/7.x/avataaars/svg?seed=mentee_4972,,1
2758,1,Graduate,Junior,EG,6,6,https://api.dicebear.com/7.x/avataaars/svg?seed=mentee_4974,,1
2759,1,Senior,Beginner,EG,2,6,https://api.dicebear.com/7.x/avataaars/svg?seed=mentee_4977,,1
2760,3,Sophomore,Junior,EG,6,7,https://api.dicebear.com/7.x/avataaars/svg?seed=mentee_4978,,1
2761,1,Freshman,Beginner,EG,3,3,https://api.dicebear.com/7.x/avataaars/svg?seed=mentee_4979,,1
2762,1,Graduate,Senior,EG,3,7,https://api.dicebear.com/7.x/avataaars/svg?seed=mentee_4981,,1
2763,1,Freshman,Beginner,MA,3,5,https://api.dicebear.com/7.x/avataaars/svg?seed=mentee_4982,,1
2764,2,Sophomore,Junior,AE,1,5,https://api.dicebear.com/7.x/avataaars/svg?seed=mentee_4984,,1
2765,2,Graduate,Junior,JO,5,5,https://api.dicebear.com/7.x/avataaars/svg?seed=mentee_4985,,1
2766,1,Freshman,Beginner,AE,3,6,https://api.dicebear.com/7.x/avataaars/svg?seed=mentee_4987,,1
2767,1,Senior,Senior,EG,6,7,https://api.dicebear.com/7.x/avataaars/svg?seed=mentee_4988,,1
2768,1,Sophomore,Beginner,MA,3,6,https://api.dicebear.com/7.x/avataaars/svg?seed=mentee_4989,,1
2769,2,Senior,Beginner,JO,6,5,https://api.dicebear.com/7.x/avataaars/svg?seed=mentee_4993,,1
2770,1,Senior,Mid,EG,2,6,https://api.dicebear.com/7.x/avataaars/svg?seed=mentee_4996,,1
2771,3,Sophomore,Junior,EG,1,6,https://api.dicebear.com/7.x/avataaars/svg?seed=mentee_4999,,1
2772,3,Graduate,Beginner,AE,3,6,https://api.dicebear.com/7.x/avataaars/svg?seed=mentee_5000,,1
2773,1,Junior,Junior,AE,4,7,https://api.dicebear.com/7.x/avataaars/svg?seed=mentee_5006,,1
2774,3,Junior,Senior,JO,2,7,https://api.dicebear.com/7.x/avataaars/svg?seed=mentee_5010,,1
2775,1,Sophomore,Beginner,EG,3,7,https://api.dicebear.com/7.x/avataaars/svg?seed=mentee_5011,,1
2776,1,Junior,Mid,EG,6,5,https://api.dicebear.com/7.x/avataaars/svg?seed=mentee_5014,,1
2777,1,Freshman,Beginner,SA,4,4,https://api.dicebear.com/7.x/avataaars/svg?seed=mentee_5016,,1
2778,2,Graduate,Mid,SA,6,7,https://api.dicebear.com/7.x/avataaars/svg?seed=mentee_5017,,1
2779,3,Senior,Mid,EG,3,1,https://api.dicebear.com/7.x/avataaars/svg?seed=mentee_5018,,1
2780,4,Senior,Beginner,EG,6,5,https://api.dicebear.com/7.x/avataaars/svg?seed=mentee_5019,,1
2781,1,Sophomore,Mid,SA,6,7,https://api.dicebear.com/7.x/avataaars/svg?seed=mentee_5020,,1
2782,1,Senior,Beginner,AE,5,6,https://api.dicebear.com/7.x/avataaars/svg?seed=mentee_5022,,1
2783,2,Freshman,Mid,EG,4,6,https://api.dicebear.com/7.x/avataaars/svg?seed=mentee_5023,,1
2784,1,Freshman,Beginner,SA,1,1,https://api.dicebear.com/7.x/avataaars/svg?seed=mentee_5024,,1
2785,1,Sophomore,Beginner,JO,6,4,https://api.dicebear.com/7.x/avataaars/svg?seed=mentee_5026,,1
2786,4,Senior,Junior,MA,3,5,https://api.dicebear.com/7.x/avataaars/svg?seed=mentee_5027,,1
2787,3,Junior,Senior,EG,2,4,https://api.dicebear.com/7.x/avataaars/svg?seed=mentee_5032,,1
2788,4,Junior,Junior,EG,4,7,https://api.dicebear.com/7.x/avataaars/svg?seed=mentee_5034,,1
2789,1,Graduate,Mid,MA,5,6,https://api.dicebear.com/7.x/avataaars/svg?seed=mentee_5035,,1
2790,1,Sophomore,Beginner,EG,1,7,https://api.dicebear.com/7.x/avataaars/svg?seed=mentee_5036,,1
2791,1,Graduate,Senior,AE,4,2,https://api.dicebear.com/7.x/avataaars/svg?seed=mentee_5041,,1
2792,4,Junior,Beginner,SA,1,2,https://api.dicebear.com/7.x/avataaars/svg?seed=mentee_5043,,1
2793,1,Junior,Junior,EG,4,4,https://api.dicebear.com/7.x/avataaars/svg?seed=mentee_5044,,1
2794,1,Junior,Mid,AE,4,5,https://api.dicebear.com/7.x/avataaars/svg?seed=mentee_5049,,1
2795,1,Graduate,Junior,AE,6,5,https://api.dicebear.com/7.x/avataaars/svg?seed=mentee_5050,,1
2796,3,Sophomore,Beginner,SA,5,3,https://api.dicebear.com/7.x/avataaars/svg?seed=mentee_5051,,1
2797,3,Freshman,Beginner,EG,6,7,https://api.dicebear.com/7.x/avataaars/svg?seed=mentee_5053,,1
2798,2,Freshman,Junior,MA,2,6,https://api.dicebear.com/7.x/avataaars/svg?seed=mentee_5055,,1
2799,1,Junior,Beginner,SA,2,8,https://api.dicebear.com/7.x/avataaars/svg?seed=mentee_5060,,1
2800,3,Sophomore,Beginner,SA,2,8,https://api.dicebear.com/7.x/avataaars/svg?seed=mentee_5062,,1
2801,1,Sophomore,Junior,JO,4,7,https://api.dicebear.com/7.x/avataaars/svg?seed=mentee_5070,,1
2802,1,Senior,Beginner,SA,4,5,https://api.dicebear.com/7.x/avataaars/svg?seed=mentee_5071,,1
2803,1,Senior,Junior,AE,4,7,https://api.dicebear.com/7.x/avataaars/svg?seed=mentee_5072,,1
2804,2,Graduate,Beginner,MA,6,6,https://api.dicebear.com/7.x/avataaars/svg?seed=mentee_5073,,1
2805,1,Senior,Beginner,EG,1,1,https://api.dicebear.com/7.x/avataaars/svg?seed=mentee_5075,,1
2806,4,Graduate,Junior,SA,4,5,https://api.dicebear.com/7.x/avataaars/svg?seed=mentee_5076,,1
2807,2,Freshman,Mid,MA,3,6,https://api.dicebear.com/7.x/avataaars/svg?seed=mentee_5077,,1
2808,1,Junior,Beginner,EG,4,6,https://api.dicebear.com/7.x/avataaars/svg?seed=mentee_5078,,1
2809,2,Sophomore,Senior,EG,3,5,https://api.dicebear.com/7.x/avataaars/svg?seed=mentee_5079,,1
2810,2,Freshman,Beginner,MA,4,6,https://api.dicebear.com/7.x/avataaars/svg?seed=mentee_5080,,1
2811,1,Freshman,Junior,JO,4,5,https://api.dicebear.com/7.x/avataaars/svg?seed=mentee_5081,,1
2812,2,Graduate,Beginner,MA,3,5,https://api.dicebear.com/7.x/avataaars/svg?seed=mentee_5083,,1
2813,1,Junior,Junior,EG,1,1,https://api.dicebear.com/7.x/avataaars/svg?seed=mentee_5085,,1
2814,1,Graduate,Junior,EG,2,7,https://api.dicebear.com/7.x/avataaars/svg?seed=mentee_5086,,1
2815,3,Freshman,Junior,EG,5,1,https://api.dicebear.com/7.x/avataaars/svg?seed=mentee_5087,,1
2816,2,Sophomore,Junior,AE,3,4,https://api.dicebear.com/7.x/avataaars/svg?seed=mentee_5089,,1
2817,1,Senior,Junior,SA,3,2,https://api.dicebear.com/7.x/avataaars/svg?seed=mentee_5090,,1
2818,1,Graduate,Beginner,EG,2,7,https://api.dicebear.com/7.x/avataaars/svg?seed=mentee_5093,,1
2819,2,Freshman,Beginner,EG,3,3,https://api.dicebear.com/7.x/avataaars/svg?seed=mentee_5095,,1
2820,1,Senior,Junior,SA,6,4,https://api.dicebear.com/7.x/avataaars/svg?seed=mentee_5097,,1
2821,4,Senior,Junior,SA,3,5,https://api.dicebear.com/7.x/avataaars/svg?seed=mentee_5099,,1
2822,2,Freshman,Junior,EG,2,4,https://api.dicebear.com/7.x/avataaars/svg?seed=mentee_5101,,1
2823,3,Junior,Junior,MA,4,1,https://api.dicebear.com/7.x/avataaars/svg?seed=mentee_5103,,1
2824,1,Freshman,Beginner,EG,1,5,https://api.dicebear.com/7.x/avataaars/svg?seed=mentee_5104,,1
2825,3,Sophomore,Junior,AE,1,3,https://api.dicebear.com/7.x/avataaars/svg?seed=mentee_5106,,1
2826,1,Senior,Junior,JO,5,7,https://api.dicebear.com/7.x/avataaars/svg?seed=mentee_5110,,1
2827,1,Sophomore,Beginner,SA,6,6,https://api.dicebear.com/7.x/avataaars/svg?seed=mentee_5115,,1
2828,1,Graduate,Mid,EG,2,1,https://api.dicebear.com/7.x/avataaars/svg?seed=mentee_5116,,1
2829,1,Senior,Junior,EG,1,3,https://api.dicebear.com/7.x/avataaars/svg?seed=mentee_5118,,1
2830,4,Junior,Junior,JO,3,7,https://api.dicebear.com/7.x/avataaars/svg?seed=mentee_5119,,1
2831,3,Freshman,Junior,EG,2,6,https://api.dicebear.com/7.x/avataaars/svg?seed=mentee_5120,,1
2832,2,Graduate,Junior,AE,1,1,https://api.dicebear.com/7.x/avataaars/svg?seed=mentee_5121,,1
2833,2,Sophomore,Beginner,MA,6,5,https://api.dicebear.com/7.x/avataaars/svg?seed=mentee_5123,,1
2834,2,Graduate,Beginner,MA,2,1,https://api.dicebear.com/7.x/avataaars/svg?seed=mentee_5124,,1
2835,2,Junior,Beginner,SA,3,1,https://api.dicebear.com/7.x/avataaars/svg?seed=mentee_5128,,1
2836,3,Freshman,Mid,JO,2,6,https://api.dicebear.com/7.x/avataaars/svg?seed=mentee_5129,,1
2837,2,Graduate,Junior,MA,5,3,https://api.dicebear.com/7.x/avataaars/svg?seed=mentee_5130,,1
2838,3,Sophomore,Beginner,EG,1,5,https://api.dicebear.com/7.x/avataaars/svg?seed=mentee_5134,,1
2839,1,Graduate,Junior,EG,4,6,https://api.dicebear.com/7.x/avataaars/svg?seed=mentee_5139,,1
2840,4,Freshman,Beginner,EG,6,6,https://api.dicebear.com/7.x/avataaars/svg?seed=mentee_5141,,1
2841,1,Graduate,Junior,EG,5,1,https://api.dicebear.com/7.x/avataaars/svg?seed=mentee_5142,,1
2842,1,Sophomore,Junior,JO,6,5,https://api.dicebear.com/7.x/avataaars/svg?seed=mentee_5143,,1
2843,3,Freshman,Beginner,SA,5,3,https://api.dicebear.com/7.x/avataaars/svg?seed=mentee_5145,,1
2844,1,Junior,Junior,JO,6,1,https://api.dicebear.com/7.x/avataaars/svg?seed=mentee_5147,,1
2845,1,Junior,Beginner,AE,1,3,https://api.dicebear.com/7.x/avataaars/svg?seed=mentee_5148,,1
2846,1,Senior,Beginner,AE,4,1,https://api.dicebear.com/7.x/avataaars/svg?seed=mentee_5149,,1
2847,1,Graduate,Junior,SA,6,7,https://api.dicebear.com/7.x/avataaars/svg?seed=mentee_5151,,1
2848,4,Sophomore,Junior,EG,5,3,https://api.dicebear.com/7.x/avataaars/svg?seed=mentee_5152,,1
2849,3,Graduate,Mid,JO,2,6,https://api.dicebear.com/7.x/avataaars/svg?seed=mentee_5153,,1
2850,2,Freshman,Junior,SA,1,6,https://api.dicebear.com/7.x/avataaars/svg?seed=mentee_5154,,1
2851,4,Senior,Mid,SA,5,3,https://api.dicebear.com/7.x/avataaars/svg?seed=mentee_5155,,1
2852,2,Sophomore,Beginner,EG,5,7,https://api.dicebear.com/7.x/avataaars/svg?seed=mentee_5157,,1
2853,3,Graduate,Senior,MA,5,5,https://api.dicebear.com/7.x/avataaars/svg?seed=mentee_5163,,1
2854,1,Sophomore,Junior,MA,2,6,https://api.dicebear.com/7.x/avataaars/svg?seed=mentee_5164,,1
2855,2,Freshman,Beginner,SA,4,5,https://api.dicebear.com/7.x/avataaars/svg?seed=mentee_5165,,1
2856,1,Senior,Junior,SA,5,6,https://api.dicebear.com/7.x/avataaars/svg?seed=mentee_5167,,1
2857,1,Sophomore,Beginner,AE,5,1,https://api.dicebear.com/7.x/avataaars/svg?seed=mentee_5170,,1
2858,3,Freshman,Mid,EG,6,3,https://api.dicebear.com/7.x/avataaars/svg?seed=mentee_5171,,1
2859,1,Junior,Beginner,EG,5,5,https://api.dicebear.com/7.x/avataaars/svg?seed=mentee_5174,,1
2860,2,Sophomore,Junior,AE,3,6,https://api.dicebear.com/7.x/avataaars/svg?seed=mentee_5177,,1
2861,2,Senior,Beginner,EG,1,6,https://api.dicebear.com/7.x/avataaars/svg?seed=mentee_5178,,1
2862,1,Sophomore,Junior,SA,2,4,https://api.dicebear.com/7.x/avataaars/svg?seed=mentee_5179,,1
2863,1,Sophomore,Beginner,SA,4,4,https://api.dicebear.com/7.x/avataaars/svg?seed=mentee_5181,,1
2864,2,Freshman,Junior,EG,3,5,https://api.dicebear.com/7.x/avataaars/svg?seed=mentee_5184,,1
2865,3,Graduate,Junior,EG,5,3,https://api.dicebear.com/7.x/avataaars/svg?seed=mentee_5185,,1
2866,1,Graduate,Beginner,EG,5,3,https://api.dicebear.com/7.x/avataaars/svg?seed=mentee_5186,,1
2867,4,Sophomore,Beginner,EG,4,5,https://api.dicebear.com/7.x/avataaars/svg?seed=mentee_5188,,1
2868,3,Senior,Mid,SA,4,1,https://api.dicebear.com/7.x/avataaars/svg?seed=mentee_5189,,1
2869,2,Senior,Junior,AE,5,6,https://api.dicebear.com/7.x/avataaars/svg?seed=mentee_5190,,1
2870,1,Freshman,Senior,MA,3,5,https://api.dicebear.com/7.x/avataaars/svg?seed=mentee_5192,,1
2871,3,Sophomore,Mid,EG,5,4,https://api.dicebear.com/7.x/avataaars/svg?seed=mentee_5193,,1
2872,3,Sophomore,Beginner,JO,3,5,https://api.dicebear.com/7.x/avataaars/svg?seed=mentee_5198,,1
2873,1,Graduate,Mid,EG,5,4,https://api.dicebear.com/7.x/avataaars/svg?seed=mentee_5199,,1
2874,4,Freshman,Junior,SA,4,3,https://api.dicebear.com/7.x/avataaars/svg?seed=mentee_5200,,1
2875,4,Junior,Beginner,SA,4,5,https://api.dicebear.com/7.x/avataaars/svg?seed=mentee_5201,,1
2876,2,Senior,Beginner,SA,3,7,https://api.dicebear.com/7.x/avataaars/svg?seed=mentee_5205,,1
2877,3,Senior,Mid,AE,1,1,https://api.dicebear.com/7.x/avataaars/svg?seed=mentee_5206,,1
2878,2,Sophomore,Junior,EG,2,7,https://api.dicebear.com/7.x/avataaars/svg?seed=mentee_5207,,1
2879,3,Freshman,Mid,EG,2,7,https://api.dicebear.com/7.x/avataaars/svg?seed=mentee_5208,,1
2880,3,Junior,Junior,JO,3,7,https://api.dicebear.com/7.x/avataaars/svg?seed=mentee_5216,,1
2881,1,Senior,Mid,EG,3,5,https://api.dicebear.com/7.x/avataaars/svg?seed=mentee_5217,,1
2882,1,Freshman,Junior,EG,6,3,https://api.dicebear.com/7.x/avataaars/svg?seed=mentee_5219,,1
2883,1,Junior,Junior,EG,2,1,https://api.dicebear.com/7.x/avataaars/svg?seed=mentee_5223,,1
2884,4,Sophomore,Junior,EG,4,8,https://api.dicebear.com/7.x/avataaars/svg?seed=mentee_5227,,1
2885,1,Graduate,Junior,SA,2,4,https://api.dicebear.com/7.x/avataaars/svg?seed=mentee_5228,,1
2886,3,Senior,Beginner,SA,2,5,https://api.dicebear.com/7.x/avataaars/svg?seed=mentee_5229,,1
2887,2,Senior,Junior,EG,2,7,https://api.dicebear.com/7.x/avataaars/svg?seed=mentee_5233,,1
2888,1,Junior,Beginner,EG,2,6,https://api.dicebear.com/7.x/avataaars/svg?seed=mentee_5242,,1
2889,4,Graduate,Junior,AE,1,5,https://api.dicebear.com/7.x/avataaars/svg?seed=mentee_5243,,1
2890,2,Freshman,Beginner,AE,6,8,https://api.dicebear.com/7.x/avataaars/svg?seed=mentee_5247,,1
2891,1,Sophomore,Junior,MA,4,6,https://api.dicebear.com/7.x/avataaars/svg?seed=mentee_5249,,1
2892,1,Freshman,Junior,MA,1,6,https://api.dicebear.com/7.x/avataaars/svg?seed=mentee_5250,,1
2893,1,Junior,Beginner,MA,2,5,https://api.dicebear.com/7.x/avataaars/svg?seed=mentee_5251,,1
2894,1,Senior,Beginner,AE,1,4,https://api.dicebear.com/7.x/avataaars/svg?seed=mentee_5252,,1
2895,1,Senior,Junior,SA,3,5,https://api.dicebear.com/7.x/avataaars/svg?seed=mentee_5254,,1
2896,2,Freshman,Beginner,EG,2,5,https://api.dicebear.com/7.x/avataaars/svg?seed=mentee_5255,,1
2897,1,Sophomore,Junior,SA,4,6,https://api.dicebear.com/7.x/avataaars/svg?seed=mentee_5256,,1
2898,1,Junior,Beginner,EG,3,5,https://api.dicebear.com/7.x/avataaars/svg?seed=mentee_5259,,1
2899,1,Sophomore,Junior,JO,6,6,https://api.dicebear.com/7.x/avataaars/svg?seed=mentee_5260,,1
2900,1,Junior,Junior,SA,2,7,https://api.dicebear.com/7.x/avataaars/svg?seed=mentee_5261,,1
2901,4,Sophomore,Mid,AE,2,6,https://api.dicebear.com/7.x/avataaars/svg?seed=mentee_5264,,1
2902,1,Freshman,Beginner,EG,6,4,https://api.dicebear.com/7.x/avataaars/svg?seed=mentee_5265,,1
2903,1,Graduate,Beginner,SA,2,8,https://api.dicebear.com/7.x/avataaars/svg?seed=mentee_5266,,1
2904,2,Junior,Beginner,EG,4,5,https://api.dicebear.com/7.x/avataaars/svg?seed=mentee_5271,,1
2905,4,Freshman,Beginner,EG,1,1,https://api.dicebear.com/7.x/avataaars/svg?seed=mentee_5272,,1
2906,3,Senior,Beginner,EG,6,6,https://api.dicebear.com/7.x/avataaars/svg?seed=mentee_5276,,1
2907,3,Senior,Beginner,EG,2,3,https://api.dicebear.com/7.x/avataaars/svg?seed=mentee_5277,,1
2908,4,Sophomore,Junior,SA,2,5,https://api.dicebear.com/7.x/avataaars/svg?seed=mentee_5279,,1
2909,2,Senior,Mid,SA,2,6,https://api.dicebear.com/7.x/avataaars/svg?seed=mentee_5282,,1
2910,4,Graduate,Junior,JO,2,6,https://api.dicebear.com/7.x/avataaars/svg?seed=mentee_5285,,1
2911,1,Junior,Junior,SA,1,1,https://api.dicebear.com/7.x/avataaars/svg?seed=mentee_5288,,1
2912,3,Sophomore,Beginner,EG,5,7,https://api.dicebear.com/7.x/avataaars/svg?seed=mentee_5290,,1
2913,3,Junior,Beginner,MA,3,5,https://api.dicebear.com/7.x/avataaars/svg?seed=mentee_5295,,1
2914,4,Junior,Beginner,SA,6,4,https://api.dicebear.com/7.x/avataaars/svg?seed=mentee_5296,,1
2915,2,Freshman,Junior,SA,3,5,https://api.dicebear.com/7.x/avataaars/svg?seed=mentee_5297,,1
2916,3,Senior,Beginner,SA,5,1,https://api.dicebear.com/7.x/avataaars/svg?seed=mentee_5299,,1
2917,1,Junior,Junior,JO,4,5,https://api.dicebear.com/7.x/avataaars/svg?seed=mentee_5300,,1
2918,2,Graduate,Junior,EG,3,1,https://api.dicebear.com/7.x/avataaars/svg?seed=mentee_5302,,1
2919,1,Graduate,Mid,EG,2,7,https://api.dicebear.com/7.x/avataaars/svg?seed=mentee_5303,,1
2920,2,Senior,Mid,AE,2,1,https://api.dicebear.com/7.x/avataaars/svg?seed=mentee_5305,,1
2921,2,Senior,Mid,EG,1,1,https://api.dicebear.com/7.x/avataaars/svg?seed=mentee_5306,,1
2922,1,Sophomore,Beginner,JO,4,3,https://api.dicebear.com/7.x/avataaars/svg?seed=mentee_5308,,1
2923,1,Sophomore,Mid,SA,6,6,https://api.dicebear.com/7.x/avataaars/svg?seed=mentee_5310,,1
2924,1,Sophomore,Junior,SA,3,4,https://api.dicebear.com/7.x/avataaars/svg?seed=mentee_5313,,1
2925,2,Senior,Junior,AE,4,4,https://api.dicebear.com/7.x/avataaars/svg?seed=mentee_5316,,1
2926,2,Junior,Junior,EG,3,1,https://api.dicebear.com/7.x/avataaars/svg?seed=mentee_5319,,1
2927,3,Freshman,Junior,JO,6,7,https://api.dicebear.com/7.x/avataaars/svg?seed=mentee_5321,,1
2928,1,Sophomore,Beginner,MA,2,6,https://api.dicebear.com/7.x/avataaars/svg?seed=mentee_5322,,1
2929,3,Freshman,Beginner,SA,4,6,https://api.dicebear.com/7.x/avataaars/svg?seed=mentee_5326,,1
2930,2,Graduate,Junior,MA,2,6,https://api.dicebear.com/7.x/avataaars/svg?seed=mentee_5327,,1
2931,1,Senior,Beginner,EG,1,1,https://api.dicebear.com/7.x/avataaars/svg?seed=mentee_5328,,1
2932,1,Graduate,Beginner,JO,6,5,https://api.dicebear.com/7.x/avataaars/svg?seed=mentee_5330,,1
2933,2,Sophomore,Beginner,EG,4,6,https://api.dicebear.com/7.x/avataaars/svg?seed=mentee_5334,,1
2934,1,Junior,Beginner,EG,5,4,https://api.dicebear.com/7.x/avataaars/svg?seed=mentee_5336,,1
2935,1,Sophomore,Beginner,EG,3,5,https://api.dicebear.com/7.x/avataaars/svg?seed=mentee_5337,,1
2936,1,Freshman,Beginner,EG,4,6,https://api.dicebear.com/7.x/avataaars/svg?seed=mentee_5341,,1
2937,1,Sophomore,Junior,EG,4,5,https://api.dicebear.com/7.x/avataaars/svg?seed=mentee_5343,,1
2938,1,Junior,Junior,MA,3,8,https://api.dicebear.com/7.x/avataaars/svg?seed=mentee_5344,,1
2939,1,Junior,Beginner,JO,3,5,https://api.dicebear.com/7.x/avataaars/svg?seed=mentee_5346,,1
2940,3,Senior,Beginner,EG,5,1,https://api.dicebear.com/7.x/avataaars/svg?seed=mentee_5347,,1
2941,2,Senior,Junior,EG,3,5,https://api.dicebear.com/7.x/avataaars/svg?seed=mentee_5348,,1
2942,1,Junior,Junior,JO,6,3,https://api.dicebear.com/7.x/avataaars/svg?seed=mentee_5351,,1
2943,2,Junior,Junior,EG,2,4,https://api.dicebear.com/7.x/avataaars/svg?seed=mentee_5352,,1
2944,2,Freshman,Beginner,EG,4,2,https://api.dicebear.com/7.x/avataaars/svg?seed=mentee_5356,,1
2945,1,Sophomore,Junior,SA,6,4,https://api.dicebear.com/7.x/avataaars/svg?seed=mentee_5359,,1
2946,1,Senior,Junior,SA,3,8,https://api.dicebear.com/7.x/avataaars/svg?seed=mentee_5360,,1
2947,1,Freshman,Junior,EG,5,7,https://api.dicebear.com/7.x/avataaars/svg?seed=mentee_5361,,1
2948,2,Sophomore,Beginner,AE,6,6,https://api.dicebear.com/7.x/avataaars/svg?seed=mentee_5363,,1
2949,2,Senior,Beginner,SA,3,7,https://api.dicebear.com/7.x/avataaars/svg?seed=mentee_5365,,1
2950,1,Freshman,Junior,EG,1,5,https://api.dicebear.com/7.x/avataaars/svg?seed=mentee_5366,,1
2951,2,Graduate,Mid,MA,2,1,https://api.dicebear.com/7.x/avataaars/svg?seed=mentee_5368,,1
2952,4,Graduate,Beginner,SA,1,5,https://api.dicebear.com/7.x/avataaars/svg?seed=mentee_5369,,1
2953,1,Senior,Mid,EG,5,7,https://api.dicebear.com/7.x/avataaars/svg?seed=mentee_5374,,1
2954,2,Freshman,Junior,EG,2,5,https://api.dicebear.com/7.x/avataaars/svg?seed=mentee_5375,,1
2955,2,Sophomore,Mid,EG,4,3,https://api.dicebear.com/7.x/avataaars/svg?seed=mentee_5377,,1
2956,3,Sophomore,Junior,SA,1,5,https://api.dicebear.com/7.x/avataaars/svg?seed=mentee_5378,,1
2957,3,Freshman,Beginner,EG,2,1,https://api.dicebear.com/7.x/avataaars/svg?seed=mentee_5380,,1
2958,3,Graduate,Junior,SA,6,7,https://api.dicebear.com/7.x/avataaars/svg?seed=mentee_5381,,1
2959,1,Freshman,Beginner,EG,5,6,https://api.dicebear.com/7.x/avataaars/svg?seed=mentee_5382,,1
2960,1,Graduate,Junior,AE,5,6,https://api.dicebear.com/7.x/avataaars/svg?seed=mentee_5383,,1
2961,3,Graduate,Mid,AE,2,5,https://api.dicebear.com/7.x/avataaars/svg?seed=mentee_5384,,1
2962,1,Sophomore,Beginner,SA,4,1,https://api.dicebear.com/7.x/avataaars/svg?seed=mentee_5385,,1
2963,4,Senior,Junior,AE,5,6,https://api.dicebear.com/7.x/avataaars/svg?seed=mentee_5386,,1
2964,1,Junior,Beginner,MA,3,5,https://api.dicebear.com/7.x/avataaars/svg?seed=mentee_5387,,1
2965,2,Freshman,Mid,SA,2,7,https://api.dicebear.com/7.x/avataaars/svg?seed=mentee_5388,,1
2966,2,Graduate,Junior,EG,4,6,https://api.dicebear.com/7.x/avataaars/svg?seed=mentee_5391,,1
2967,1,Freshman,Junior,SA,4,6,https://api.dicebear.com/7.x/avataaars/svg?seed=mentee_5393,,1
2968,3,Senior,Junior,JO,4,7,https://api.dicebear.com/7.x/avataaars/svg?seed=mentee_5394,,1
2969,1,Senior,Junior,EG,6,3,https://api.dicebear.com/7.x/avataaars/svg?seed=mentee_5395,,1
2970,2,Junior,Junior,EG,5,5,https://api.dicebear.com/7.x/avataaars/svg?seed=mentee_5396,,1
2971,2,Junior,Beginner,SA,3,4,https://api.dicebear.com/7.x/avataaars/svg?seed=mentee_5398,,1
2972,3,Graduate,Beginner,AE,1,1,https://api.dicebear.com/7.x/avataaars/svg?seed=mentee_5400,,1
2973,2,Junior,Junior,AE,5,5,https://api.dicebear.com/7.x/avataaars/svg?seed=mentee_5401,,1
2974,4,Graduate,Beginner,EG,1,1,https://api.dicebear.com/7.x/avataaars/svg?seed=mentee_5403,,1
2975,3,Sophomore,Beginner,EG,2,7,https://api.dicebear.com/7.x/avataaars/svg?seed=mentee_5404,,1
2976,1,Graduate,Mid,MA,1,5,https://api.dicebear.com/7.x/avataaars/svg?seed=mentee_5406,,1
2977,3,Junior,Senior,EG,2,2,https://api.dicebear.com/7.x/avataaars/svg?seed=mentee_5407,,1
2978,4,Freshman,Beginner,EG,5,3,https://api.dicebear.com/7.x/avataaars/svg?seed=mentee_5408,,1
2979,1,Junior,Mid,SA,6,7,https://api.dicebear.com/7.x/avataaars/svg?seed=mentee_5409,,1
2980,2,Senior,Beginner,JO,3,5,https://api.dicebear.com/7.x/avataaars/svg?seed=mentee_5414,,1
2981,1,Junior,Junior,AE,6,5,https://api.dicebear.com/7.x/avataaars/svg?seed=mentee_5416,,1
2982,2,Sophomore,Mid,MA,4,1,https://api.dicebear.com/7.x/avataaars/svg?seed=mentee_5417,,1
2983,1,Graduate,Beginner,EG,4,4,https://api.dicebear.com/7.x/avataaars/svg?seed=mentee_5418,,1
2984,3,Senior,Mid,EG,3,1,https://api.dicebear.com/7.x/avataaars/svg?seed=mentee_5419,,1
2985,1,Graduate,Beginner,EG,3,5,https://api.dicebear.com/7.x/avataaars/svg?seed=mentee_5422,,1
2986,2,Graduate,Mid,JO,2,2,https://api.dicebear.com/7.x/avataaars/svg?seed=mentee_5423,,1
2987,1,Junior,Junior,SA,3,1,https://api.dicebear.com/7.x/avataaars/svg?seed=mentee_5426,,1
2988,2,Freshman,Junior,EG,1,7,https://api.dicebear.com/7.x/avataaars/svg?seed=mentee_5427,,1
2989,2,Senior,Junior,AE,2,3,https://api.dicebear.com/7.x/avataaars/svg?seed=mentee_5428,,1
2990,2,Sophomore,Mid,EG,1,1,https://api.dicebear.com/7.x/avataaars/svg?seed=mentee_5430,,1
2991,1,Sophomore,Mid,SA,6,1,https://api.dicebear.com/7.x/avataaars/svg?seed=mentee_5433,,1
2992,1,Freshman,Beginner,JO,2,1,https://api.dicebear.com/7.x/avataaars/svg?seed=mentee_5435,,1
2993,1,Freshman,Beginner,EG,4,5,https://api.dicebear.com/7.x/avataaars/svg?seed=mentee_5438,,1
2994,4,Junior,Mid,EG,6,3,https://api.dicebear.com/7.x/avataaars/svg?seed=mentee_5440,,1
2995,1,Sophomore,Junior,EG,3,1,https://api.dicebear.com/7.x/avataaars/svg?seed=mentee_5442,,1
2996,2,Senior,Beginner,EG,4,5,https://api.dicebear.com/7.x/avataaars/svg?seed=mentee_5443,,1
2997,1,Freshman,Beginner,EG,2,1,https://api.dicebear.com/7.x/avataaars/svg?seed=mentee_5444,,1
2998,3,Freshman,Beginner,AE,1,5,https://api.dicebear.com/7.x/avataaars/svg?seed=mentee_5445,,1
2999,1,Freshman,Junior,EG,1,5,https://api.dicebear.com/7.x/avataaars/svg?seed=mentee_5446,,1
3000,2,Senior,Mid,MA,4,5,https://api.dicebear.com/7.x/avataaars/svg?seed=mentee_5449,,1
3001,1,Sophomore,Junior,EG,2,6,https://api.dicebear.com/7.x/avataaars/svg?seed=mentee_5450,,1
3002,1,Senior,Beginner,EG,5,6,https://api.dicebear.com/7.x/avataaars/svg?seed=mentee_5453,,1
3003,1,Senior,Junior,EG,1,7,https://api.dicebear.com/7.x/avataaars/svg?seed=mentee_5455,,1
3004,1,Junior,Junior,AE,3,3,https://api.dicebear.com/7.x/avataaars/svg?seed=mentee_5456,,1
3005,2,Freshman,Beginner,SA,2,1,https://api.dicebear.com/7.x/avataaars/svg?seed=mentee_5458,,1
3006,4,Sophomore,Junior,JO,4,6,https://api.dicebear.com/7.x/avataaars/svg?seed=mentee_5461,,1
3007,2,Junior,Beginner,AE,3,8,https://api.dicebear.com/7.x/avataaars/svg?seed=mentee_5464,,1
3008,4,Junior,Junior,MA,2,1,https://api.dicebear.com/7.x/avataaars/svg?seed=mentee_5467,,1
3009,2,Graduate,Beginner,AE,5,5,https://api.dicebear.com/7.x/avataaars/svg?seed=mentee_5469,,1
3010,1,Freshman,Mid,EG,2,6,https://api.dicebear.com/7.x/avataaars/svg?seed=mentee_5471,,1
3011,1,Sophomore,Junior,JO,1,5,https://api.dicebear.com/7.x/avataaars/svg?seed=mentee_5473,,1
3012,1,Sophomore,Junior,MA,3,5,https://api.dicebear.com/7.x/avataaars/svg?seed=mentee_5474,,1
3013,1,Sophomore,Beginner,MA,2,5,https://api.dicebear.com/7.x/avataaars/svg?seed=mentee_5478,,1
3014,3,Freshman,Beginner,EG,1,4,https://api.dicebear.com/7.x/avataaars/svg?seed=mentee_5482,,1
3015,2,Sophomore,Mid,SA,1,6,https://api.dicebear.com/7.x/avataaars/svg?seed=mentee_5485,,1
3016,2,Senior,Beginner,EG,4,4,https://api.dicebear.com/7.x/avataaars/svg?seed=mentee_5486,,1
3017,2,Senior,Beginner,EG,6,8,https://api.dicebear.com/7.x/avataaars/svg?seed=mentee_5487,,1
3018,1,Freshman,Mid,AE,4,5,https://api.dicebear.com/7.x/avataaars/svg?seed=mentee_5488,,1
3019,2,Sophomore,Senior,MA,6,2,https://api.dicebear.com/7.x/avataaars/svg?seed=mentee_5489,,1
3020,1,Graduate,Mid,SA,5,1,https://api.dicebear.com/7.x/avataaars/svg?seed=mentee_5492,,1
3021,1,Graduate,Junior,JO,4,5,https://api.dicebear.com/7.x/avataaars/svg?seed=mentee_5493,,1
3022,1,Graduate,Beginner,EG,2,4,https://api.dicebear.com/7.x/avataaars/svg?seed=mentee_5496,,1
3023,1,Senior,Junior,EG,1,2,https://api.dicebear.com/7.x/avataaars/svg?seed=mentee_5497,,1
3024,2,Graduate,Junior,SA,5,6,https://api.dicebear.com/7.x/avataaars/svg?seed=mentee_5498,,1
3025,1,Sophomore,Mid,EG,2,5,https://api.dicebear.com/7.x/avataaars/svg?seed=mentee_5501,,1
3026,1,Sophomore,Beginner,JO,1,3,https://api.dicebear.com/7.x/avataaars/svg?seed=mentee_5502,,1
3027,4,Graduate,Mid,EG,3,1,https://api.dicebear.com/7.x/avataaars/svg?seed=mentee_5503,,1
3028,4,Junior,Beginner,SA,5,3,https://api.dicebear.com/7.x/avataaars/svg?seed=mentee_5504,,1
3029,2,Graduate,Junior,SA,5,7,https://api.dicebear.com/7.x/avataaars/svg?seed=mentee_5507,,1
3030,2,Junior,Mid,EG,2,3,https://api.dicebear.com/7.x/avataaars/svg?seed=mentee_5508,,1
3031,3,Freshman,Mid,MA,6,5,https://api.dicebear.com/7.x/avataaars/svg?seed=mentee_5509,,1
3032,1,Freshman,Beginner,SA,3,3,https://api.dicebear.com/7.x/avataaars/svg?seed=mentee_5511,,1
3033,1,Sophomore,Beginner,SA,2,7,https://api.dicebear.com/7.x/avataaars/svg?seed=mentee_5512,,1
3034,1,Senior,Beginner,JO,2,1,https://api.dicebear.com/7.x/avataaars/svg?seed=mentee_5513,,1
3035,1,Sophomore,Beginner,EG,3,4,https://api.dicebear.com/7.x/avataaars/svg?seed=mentee_5515,,1
3036,4,Sophomore,Beginner,JO,6,4,https://api.dicebear.com/7.x/avataaars/svg?seed=mentee_5517,,1
3037,3,Senior,Beginner,EG,6,4,https://api.dicebear.com/7.x/avataaars/svg?seed=mentee_5518,,1
3038,4,Sophomore,Junior,EG,5,3,https://api.dicebear.com/7.x/avataaars/svg?seed=mentee_5519,,1
3039,3,Senior,Junior,MA,6,5,https://api.dicebear.com/7.x/avataaars/svg?seed=mentee_5522,,1
3040,2,Sophomore,Junior,JO,4,5,https://api.dicebear.com/7.x/avataaars/svg?seed=mentee_5524,,1
3041,3,Freshman,Mid,EG,4,4,https://api.dicebear.com/7.x/avataaars/svg?seed=mentee_5525,,1
3042,2,Junior,Beginner,SA,5,1,https://api.dicebear.com/7.x/avataaars/svg?seed=mentee_5526,,1
3043,2,Sophomore,Beginner,MA,5,6,https://api.dicebear.com/7.x/avataaars/svg?seed=mentee_5527,,1
3044,1,Junior,Junior,EG,3,3,https://api.dicebear.com/7.x/avataaars/svg?seed=mentee_5528,,1
3045,2,Graduate,Mid,EG,5,5,https://api.dicebear.com/7.x/avataaars/svg?seed=mentee_5533,,1
3046,1,Sophomore,Mid,SA,6,7,https://api.dicebear.com/7.x/avataaars/svg?seed=mentee_5534,,1
3047,2,Freshman,Junior,EG,3,5,https://api.dicebear.com/7.x/avataaars/svg?seed=mentee_5535,,1
3048,1,Senior,Beginner,EG,2,5,https://api.dicebear.com/7.x/avataaars/svg?seed=mentee_5536,,1
3049,2,Freshman,Senior,JO,6,7,https://api.dicebear.com/7.x/avataaars/svg?seed=mentee_5539,,1
3050,1,Junior,Beginner,EG,2,6,https://api.dicebear.com/7.x/avataaars/svg?seed=mentee_5540,,1
3051,1,Senior,Junior,JO,1,3,https://api.dicebear.com/7.x/avataaars/svg?seed=mentee_5544,,1
3052,2,Freshman,Mid,SA,5,2,https://api.dicebear.com/7.x/avataaars/svg?seed=mentee_5545,,1
3053,1,Freshman,Beginner,SA,6,6,https://api.dicebear.com/7.x/avataaars/svg?seed=mentee_5546,,1
3054,4,Freshman,Junior,AE,2,4,https://api.dicebear.com/7.x/avataaars/svg?seed=mentee_5548,,1
3055,1,Senior,Beginner,SA,5,2,https://api.dicebear.com/7.x/avataaars/svg?seed=mentee_5550,,1
3056,1,Freshman,Beginner,EG,1,6,https://api.dicebear.com/7.x/avataaars/svg?seed=mentee_5551,,1
3057,1,Freshman,Mid,EG,3,6,https://api.dicebear.com/7.x/avataaars/svg?seed=mentee_5554,,1
3058,3,Junior,Junior,AE,3,6,https://api.dicebear.com/7.x/avataaars/svg?seed=mentee_5556,,1
3059,2,Freshman,Beginner,EG,1,5,https://api.dicebear.com/7.x/avataaars/svg?seed=mentee_5559,,1
3060,1,Freshman,Beginner,EG,1,6,https://api.dicebear.com/7.x/avataaars/svg?seed=mentee_5564,,1
3061,1,Graduate,Beginner,MA,2,1,https://api.dicebear.com/7.x/avataaars/svg?seed=mentee_5566,,1
3062,3,Senior,Mid,MA,5,1,https://api.dicebear.com/7.x/avataaars/svg?seed=mentee_5567,,1
3063,4,Graduate,Mid,EG,1,6,https://api.dicebear.com/7.x/avataaars/svg?seed=mentee_5571,,1
3064,1,Junior,Junior,EG,3,5,https://api.dicebear.com/7.x/avataaars/svg?seed=mentee_5572,,1
3065,1,Graduate,Beginner,AE,4,6,https://api.dicebear.com/7.x/avataaars/svg?seed=mentee_5575,,1
3066,1,Sophomore,Mid,JO,5,3,https://api.dicebear.com/7.x/avataaars/svg?seed=mentee_5576,,1
3067,1,Senior,Beginner,EG,6,1,https://api.dicebear.com/7.x/avataaars/svg?seed=mentee_5577,,1
3068,3,Freshman,Mid,EG,6,6,https://api.dicebear.com/7.x/avataaars/svg?seed=mentee_5578,,1
3069,4,Graduate,Senior,JO,6,3,https://api.dicebear.com/7.x/avataaars/svg?seed=mentee_5579,,1
3070,4,Graduate,Junior,MA,3,6,https://api.dicebear.com/7.x/avataaars/svg?seed=mentee_5581,,1
3071,3,Freshman,Beginner,AE,5,6,https://api.dicebear.com/7.x/avataaars/svg?seed=mentee_5583,,1
3072,1,Freshman,Beginner,EG,5,6,https://api.dicebear.com/7.x/avataaars/svg?seed=mentee_5586,,1
3073,4,Junior,Beginner,SA,4,3,https://api.dicebear.com/7.x/avataaars/svg?seed=mentee_5590,,1
3074,1,Graduate,Beginner,SA,6,6,https://api.dicebear.com/7.x/avataaars/svg?seed=mentee_5592,,1
3075,1,Graduate,Junior,EG,5,6,https://api.dicebear.com/7.x/avataaars/svg?seed=mentee_5595,,1
3076,2,Sophomore,Junior,EG,6,6,https://api.dicebear.com/7.x/avataaars/svg?seed=mentee_5596,,1
3077,1,Sophomore,Beginner,EG,2,5,https://api.dicebear.com/7.x/avataaars/svg?seed=mentee_5597,,1
3078,3,Graduate,Beginner,SA,4,5,https://api.dicebear.com/7.x/avataaars/svg?seed=mentee_5599,,1
3079,4,Sophomore,Mid,SA,3,7,https://api.dicebear.com/7.x/avataaars/svg?seed=mentee_5601,,1
3080,3,Graduate,Junior,JO,3,1,https://api.dicebear.com/7.x/avataaars/svg?seed=mentee_5602,,1
3081,3,Senior,Mid,AE,2,5,https://api.dicebear.com/7.x/avataaars/svg?seed=mentee_5603,,1
3082,1,Junior,Beginner,MA,1,5,https://api.dicebear.com/7.x/avataaars/svg?seed=mentee_5604,,1
3083,1,Sophomore,Beginner,JO,6,5,https://api.dicebear.com/7.x/avataaars/svg?seed=mentee_5606,,1
3084,3,Graduate,Beginner,EG,5,6,https://api.dicebear.com/7.x/avataaars/svg?seed=mentee_5607,,1
3085,2,Sophomore,Beginner,EG,4,3,https://api.dicebear.com/7.x/avataaars/svg?seed=mentee_5608,,1
3086,4,Junior,Junior,SA,6,5,https://api.dicebear.com/7.x/avataaars/svg?seed=mentee_5610,,1
3087,1,Senior,Beginner,EG,6,8,https://api.dicebear.com/7.x/avataaars/svg?seed=mentee_5614,,1
3088,1,Freshman,Beginner,MA,1,1,https://api.dicebear.com/7.x/avataaars/svg?seed=mentee_5615,,1
3089,1,Freshman,Beginner,EG,1,4,https://api.dicebear.com/7.x/avataaars/svg?seed=mentee_5622,,1
3090,2,Sophomore,Mid,EG,6,6,https://api.dicebear.com/7.x/avataaars/svg?seed=mentee_5624,,1
3091,3,Graduate,Mid,SA,3,5,https://api.dicebear.com/7.x/avataaars/svg?seed=mentee_5626,,1
3092,4,Junior,Beginner,SA,6,3,https://api.dicebear.com/7.x/avataaars/svg?seed=mentee_5627,,1
3093,1,Senior,Junior,AE,5,5,https://api.dicebear.com/7.x/avataaars/svg?seed=mentee_5628,,1
3094,2,Senior,Beginner,SA,2,7,https://api.dicebear.com/7.x/avataaars/svg?seed=mentee_5629,,1
3095,1,Senior,Mid,EG,3,6,https://api.dicebear.com/7.x/avataaars/svg?seed=mentee_5630,,1
3096,1,Freshman,Junior,EG,1,3,https://api.dicebear.com/7.x/avataaars/svg?seed=mentee_5631,,1
3097,1,Junior,Junior,MA,5,6,https://api.dicebear.com/7.x/avataaars/svg?seed=mentee_5632,,1
3098,2,Freshman,Junior,EG,5,1,https://api.dicebear.com/7.x/avataaars/svg?seed=mentee_5633,,1
3099,2,Sophomore,Beginner,EG,3,3,https://api.dicebear.com/7.x/avataaars/svg?seed=mentee_5634,,1
3100,1,Senior,Beginner,SA,2,5,https://api.dicebear.com/7.x/avataaars/svg?seed=mentee_5636,,1
3101,2,Junior,Senior,EG,6,5,https://api.dicebear.com/7.x/avataaars/svg?seed=mentee_5640,,1
3102,3,Senior,Junior,SA,6,5,https://api.dicebear.com/7.x/avataaars/svg?seed=mentee_5643,,1
3103,1,Freshman,Beginner,AE,4,4,https://api.dicebear.com/7.x/avataaars/svg?seed=mentee_5644,,1
3104,1,Freshman,Junior,AE,5,7,https://api.dicebear.com/7.x/avataaars/svg?seed=mentee_5646,,1
3105,3,Freshman,Beginner,AE,1,3,https://api.dicebear.com/7.x/avataaars/svg?seed=mentee_5649,,1
3106,3,Senior,Junior,EG,2,5,https://api.dicebear.com/7.x/avataaars/svg?seed=mentee_5650,,1
3107,3,Junior,Junior,SA,5,5,https://api.dicebear.com/7.x/avataaars/svg?seed=mentee_5651,,1
3108,1,Junior,Junior,EG,5,5,https://api.dicebear.com/7.x/avataaars/svg?seed=mentee_5652,,1
3109,2,Sophomore,Beginner,EG,1,6,https://api.dicebear.com/7.x/avataaars/svg?seed=mentee_5654,,1
3110,4,Senior,Junior,SA,6,4,https://api.dicebear.com/7.x/avataaars/svg?seed=mentee_5655,,1
3111,1,Sophomore,Junior,EG,1,5,https://api.dicebear.com/7.x/avataaars/svg?seed=mentee_5660,,1
3112,1,Sophomore,Junior,AE,6,4,https://api.dicebear.com/7.x/avataaars/svg?seed=mentee_5664,,1
3113,4,Sophomore,Senior,AE,2,5,https://api.dicebear.com/7.x/avataaars/svg?seed=mentee_5665,,1
3114,1,Sophomore,Beginner,JO,1,5,https://api.dicebear.com/7.x/avataaars/svg?seed=mentee_5666,,1
3115,3,Freshman,Beginner,AE,1,1,https://api.dicebear.com/7.x/avataaars/svg?seed=mentee_5667,,1
3116,3,Sophomore,Beginner,EG,6,6,https://api.dicebear.com/7.x/avataaars/svg?seed=mentee_5669,,1
3117,1,Junior,Beginner,EG,1,2,https://api.dicebear.com/7.x/avataaars/svg?seed=mentee_5670,,1
3118,3,Sophomore,Junior,EG,2,7,https://api.dicebear.com/7.x/avataaars/svg?seed=mentee_5673,,1
3119,2,Freshman,Mid,EG,2,6,https://api.dicebear.com/7.x/avataaars/svg?seed=mentee_5677,,1
3120,3,Graduate,Beginner,EG,6,7,https://api.dicebear.com/7.x/avataaars/svg?seed=mentee_5682,,1
3121,4,Graduate,Beginner,EG,5,7,https://api.dicebear.com/7.x/avataaars/svg?seed=mentee_5683,,1
3122,3,Graduate,Mid,SA,4,5,https://api.dicebear.com/7.x/avataaars/svg?seed=mentee_5685,,1
3123,1,Senior,Beginner,AE,2,1,https://api.dicebear.com/7.x/avataaars/svg?seed=mentee_5686,,1
3124,3,Junior,Beginner,AE,2,6,https://api.dicebear.com/7.x/avataaars/svg?seed=mentee_5688,,1
3125,4,Freshman,Mid,SA,4,2,https://api.dicebear.com/7.x/avataaars/svg?seed=mentee_5694,,1
3126,2,Graduate,Mid,SA,1,1,https://api.dicebear.com/7.x/avataaars/svg?seed=mentee_5695,,1
3127,2,Freshman,Beginner,SA,3,6,https://api.dicebear.com/7.x/avataaars/svg?seed=mentee_5696,,1
3128,1,Freshman,Junior,AE,5,3,https://api.dicebear.com/7.x/avataaars/svg?seed=mentee_5697,,1
3129,3,Senior,Mid,EG,6,5,https://api.dicebear.com/7.x/avataaars/svg?seed=mentee_5698,,1
3130,1,Graduate,Junior,AE,5,5,https://api.dicebear.com/7.x/avataaars/svg?seed=mentee_5700,,1
3131,1,Sophomore,Junior,SA,4,4,https://api.dicebear.com/7.x/avataaars/svg?seed=mentee_5704,,1
3132,4,Freshman,Beginner,EG,5,6,https://api.dicebear.com/7.x/avataaars/svg?seed=mentee_5705,,1
3133,4,Graduate,Beginner,EG,1,5,https://api.dicebear.com/7.x/avataaars/svg?seed=mentee_5707,,1
3134,4,Freshman,Beginner,EG,5,7,https://api.dicebear.com/7.x/avataaars/svg?seed=mentee_5708,,1
3135,2,Senior,Beginner,SA,2,3,https://api.dicebear.com/7.x/avataaars/svg?seed=mentee_5709,,1
3136,1,Senior,Mid,AE,5,6,https://api.dicebear.com/7.x/avataaars/svg?seed=mentee_5710,,1
3137,2,Sophomore,Beginner,EG,5,5,https://api.dicebear.com/7.x/avataaars/svg?seed=mentee_5711,,1
3138,1,Senior,Beginner,EG,2,6,https://api.dicebear.com/7.x/avataaars/svg?seed=mentee_5714,,1
3139,3,Graduate,Beginner,MA,5,7,https://api.dicebear.com/7.x/avataaars/svg?seed=mentee_5715,,1
3140,2,Senior,Beginner,EG,6,7,https://api.dicebear.com/7.x/avataaars/svg?seed=mentee_5718,,1
3141,1,Sophomore,Beginner,EG,3,5,https://api.dicebear.com/7.x/avataaars/svg?seed=mentee_5719,,1
3142,1,Junior,Beginner,EG,4,4,https://api.dicebear.com/7.x/avataaars/svg?seed=mentee_5722,,1
3143,1,Freshman,Mid,AE,2,6,https://api.dicebear.com/7.x/avataaars/svg?seed=mentee_5727,,1
3144,3,Freshman,Mid,SA,5,3,https://api.dicebear.com/7.x/avataaars/svg?seed=mentee_5732,,1
3145,3,Graduate,Beginner,SA,4,6,https://api.dicebear.com/7.x/avataaars/svg?seed=mentee_5736,,1
3146,1,Sophomore,Junior,MA,2,6,https://api.dicebear.com/7.x/avataaars/svg?seed=mentee_5739,,1
3147,1,Sophomore,Beginner,AE,3,5,https://api.dicebear.com/7.x/avataaars/svg?seed=mentee_5741,,1
3148,1,Sophomore,Beginner,EG,2,7,https://api.dicebear.com/7.x/avataaars/svg?seed=mentee_5745,,1
3149,1,Freshman,Beginner,AE,4,1,https://api.dicebear.com/7.x/avataaars/svg?seed=mentee_5746,,1
3150,4,Senior,Junior,EG,3,6,https://api.dicebear.com/7.x/avataaars/svg?seed=mentee_5747,,1
3151,2,Freshman,Beginner,AE,5,4,https://api.dicebear.com/7.x/avataaars/svg?seed=mentee_5749,,1
3152,1,Freshman,Beginner,EG,6,7,https://api.dicebear.com/7.x/avataaars/svg?seed=mentee_5751,,1
3153,3,Freshman,Beginner,AE,5,3,https://api.dicebear.com/7.x/avataaars/svg?seed=mentee_5753,,1
3154,1,Senior,Junior,EG,1,5,https://api.dicebear.com/7.x/avataaars/svg?seed=mentee_5755,,1
3155,1,Junior,Beginner,JO,3,7,https://api.dicebear.com/7.x/avataaars/svg?seed=mentee_5757,,1
3156,2,Graduate,Beginner,EG,1,7,https://api.dicebear.com/7.x/avataaars/svg?seed=mentee_5758,,1
3157,1,Junior,Beginner,SA,2,4,https://api.dicebear.com/7.x/avataaars/svg?seed=mentee_5759,,1
3158,2,Junior,Mid,EG,4,4,https://api.dicebear.com/7.x/avataaars/svg?seed=mentee_5761,,1
3159,3,Freshman,Beginner,MA,3,7,https://api.dicebear.com/7.x/avataaars/svg?seed=mentee_5763,,1
3160,4,Junior,Beginner,AE,6,1,https://api.dicebear.com/7.x/avataaars/svg?seed=mentee_5764,,1
3161,1,Freshman,Senior,EG,6,7,https://api.dicebear.com/7.x/avataaars/svg?seed=mentee_5766,,1
3162,2,Freshman,Junior,MA,6,5,https://api.dicebear.com/7.x/avataaars/svg?seed=mentee_5769,,1
3163,1,Graduate,Junior,EG,4,6,https://api.dicebear.com/7.x/avataaars/svg?seed=mentee_5770,,1
3164,2,Sophomore,Beginner,AE,4,7,https://api.dicebear.com/7.x/avataaars/svg?seed=mentee_5775,,1
3165,1,Freshman,Beginner,AE,3,1,https://api.dicebear.com/7.x/avataaars/svg?seed=mentee_5778,,1
3166,2,Junior,Beginner,EG,4,1,https://api.dicebear.com/7.x/avataaars/svg?seed=mentee_5780,,1
3167,1,Graduate,Beginner,MA,1,5,https://api.dicebear.com/7.x/avataaars/svg?seed=mentee_5783,,1
3168,4,Junior,Junior,EG,4,5,https://api.dicebear.com/7.x/avataaars/svg?seed=mentee_5787,,1
3169,3,Sophomore,Junior,EG,2,5,https://api.dicebear.com/7.x/avataaars/svg?seed=mentee_5789,,1
3170,1,Senior,Beginner,JO,5,3,https://api.dicebear.com/7.x/avataaars/svg?seed=mentee_5790,,1
3171,3,Sophomore,Beginner,AE,1,7,https://api.dicebear.com/7.x/avataaars/svg?seed=mentee_5791,,1
3172,1,Graduate,Beginner,EG,2,4,https://api.dicebear.com/7.x/avataaars/svg?seed=mentee_5796,,1
3173,3,Sophomore,Beginner,EG,3,5,https://api.dicebear.com/7.x/avataaars/svg?seed=mentee_5797,,1
3174,1,Sophomore,Beginner,AE,4,5,https://api.dicebear.com/7.x/avataaars/svg?seed=mentee_5798,,1
3175,1,Graduate,Beginner,EG,2,7,https://api.dicebear.com/7.x/avataaars/svg?seed=mentee_5799,,1
3176,2,Graduate,Beginner,MA,4,4,https://api.dicebear.com/7.x/avataaars/svg?seed=mentee_5800,,1
3177,2,Junior,Beginner,AE,1,1,https://api.dicebear.com/7.x/avataaars/svg?seed=mentee_5804,,1
3178,2,Freshman,Beginner,EG,4,1,https://api.dicebear.com/7.x/avataaars/svg?seed=mentee_5806,,1
3179,2,Senior,Mid,EG,3,5,https://api.dicebear.com/7.x/avataaars/svg?seed=mentee_5808,,1
3180,1,Senior,Junior,SA,5,6,https://api.dicebear.com/7.x/avataaars/svg?seed=mentee_5809,,1
3181,1,Senior,Mid,EG,5,5,https://api.dicebear.com/7.x/avataaars/svg?seed=mentee_5810,,1
3182,2,Sophomore,Junior,AE,3,5,https://api.dicebear.com/7.x/avataaars/svg?seed=mentee_5813,,1
3183,2,Graduate,Junior,MA,1,7,https://api.dicebear.com/7.x/avataaars/svg?seed=mentee_5816,,1
3184,1,Graduate,Beginner,SA,6,5,https://api.dicebear.com/7.x/avataaars/svg?seed=mentee_5817,,1
3185,1,Graduate,Mid,SA,2,2,https://api.dicebear.com/7.x/avataaars/svg?seed=mentee_5818,,1
3186,2,Freshman,Mid,EG,2,3,https://api.dicebear.com/7.x/avataaars/svg?seed=mentee_5819,,1
3187,2,Graduate,Beginner,AE,2,5,https://api.dicebear.com/7.x/avataaars/svg?seed=mentee_5820,,1
3188,3,Graduate,Beginner,AE,2,6,https://api.dicebear.com/7.x/avataaars/svg?seed=mentee_5821,,1
3189,1,Sophomore,Junior,AE,4,7,https://api.dicebear.com/7.x/avataaars/svg?seed=mentee_5823,,1
3190,2,Junior,Mid,EG,2,1,https://api.dicebear.com/7.x/avataaars/svg?seed=mentee_5827,,1
3191,2,Senior,Mid,JO,5,6,https://api.dicebear.com/7.x/avataaars/svg?seed=mentee_5829,,1
3192,1,Sophomore,Beginner,EG,6,6,https://api.dicebear.com/7.x/avataaars/svg?seed=mentee_5833,,1
3193,1,Sophomore,Beginner,AE,4,2,https://api.dicebear.com/7.x/avataaars/svg?seed=mentee_5834,,1
3194,1,Sophomore,Junior,AE,6,6,https://api.dicebear.com/7.x/avataaars/svg?seed=mentee_5835,,1
3195,3,Senior,Junior,AE,2,4,https://api.dicebear.com/7.x/avataaars/svg?seed=mentee_5838,,1
3196,1,Sophomore,Junior,EG,4,7,https://api.dicebear.com/7.x/avataaars/svg?seed=mentee_5841,,1
3197,2,Junior,Mid,SA,4,5,https://api.dicebear.com/7.x/avataaars/svg?seed=mentee_5842,,1
3198,2,Graduate,Junior,EG,3,5,https://api.dicebear.com/7.x/avataaars/svg?seed=mentee_5847,,1
3199,1,Junior,Beginner,AE,1,5,https://api.dicebear.com/7.x/avataaars/svg?seed=mentee_5848,,1
3200,3,Graduate,Beginner,EG,2,1,https://api.dicebear.com/7.x/avataaars/svg?seed=mentee_5850,,1
3201,2,Graduate,Junior,EG,1,8,https://api.dicebear.com/7.x/avataaars/svg?seed=mentee_5851,,1
3202,1,Sophomore,Junior,EG,2,4,https://api.dicebear.com/7.x/avataaars/svg?seed=mentee_5853,,1
3203,3,Sophomore,Junior,JO,4,3,https://api.dicebear.com/7.x/avataaars/svg?seed=mentee_5854,,1
3204,2,Senior,Beginner,SA,1,3,https://api.dicebear.com/7.x/avataaars/svg?seed=mentee_5856,,1
3205,1,Freshman,Mid,AE,2,2,https://api.dicebear.com/7.x/avataaars/svg?seed=mentee_5858,,1
3206,3,Junior,Beginner,AE,3,7,https://api.dicebear.com/7.x/avataaars/svg?seed=mentee_5859,,1
3207,2,Senior,Mid,JO,5,5,https://api.dicebear.com/7.x/avataaars/svg?seed=mentee_5861,,1
3208,1,Senior,Junior,EG,5,8,https://api.dicebear.com/7.x/avataaars/svg?seed=mentee_5863,,1
3209,4,Junior,Beginner,AE,6,2,https://api.dicebear.com/7.x/avataaars/svg?seed=mentee_5867,,1
3210,2,Junior,Senior,SA,6,6,https://api.dicebear.com/7.x/avataaars/svg?seed=mentee_5871,,1
3211,2,Graduate,Junior,EG,4,6,https://api.dicebear.com/7.x/avataaars/svg?seed=mentee_5876,,1
3212,1,Freshman,Junior,EG,5,6,https://api.dicebear.com/7.x/avataaars/svg?seed=mentee_5878,,1
3213,1,Sophomore,Junior,EG,6,7,https://api.dicebear.com/7.x/avataaars/svg?seed=mentee_5879,,1
3214,1,Freshman,Beginner,EG,3,7,https://api.dicebear.com/7.x/avataaars/svg?seed=mentee_5880,,1
3215,2,Freshman,Mid,EG,3,1,https://api.dicebear.com/7.x/avataaars/svg?seed=mentee_5882,,1
3216,2,Sophomore,Beginner,EG,6,7,https://api.dicebear.com/7.x/avataaars/svg?seed=mentee_5883,,1
3217,3,Freshman,Beginner,SA,4,4,https://api.dicebear.com/7.x/avataaars/svg?seed=mentee_5884,,1
3218,1,Senior,Junior,EG,4,3,https://api.dicebear.com/7.x/avataaars/svg?seed=mentee_5887,,1
3219,3,Senior,Junior,EG,5,6,https://api.dicebear.com/7.x/avataaars/svg?seed=mentee_5889,,1
3220,3,Sophomore,Junior,MA,2,5,https://api.dicebear.com/7.x/avataaars/svg?seed=mentee_5893,,1
3221,3,Sophomore,Junior,SA,1,3,https://api.dicebear.com/7.x/avataaars/svg?seed=mentee_5894,,1
3222,3,Junior,Junior,EG,1,5,https://api.dicebear.com/7.x/avataaars/svg?seed=mentee_5896,,1
3223,3,Junior,Beginner,SA,5,5,https://api.dicebear.com/7.x/avataaars/svg?seed=mentee_5897,,1
3224,1,Freshman,Mid,EG,5,5,https://api.dicebear.com/7.x/avataaars/svg?seed=mentee_5900,,1
3225,2,Freshman,Beginner,EG,2,1,https://api.dicebear.com/7.x/avataaars/svg?seed=mentee_5901,,1
3226,4,Sophomore,Mid,EG,5,7,https://api.dicebear.com/7.x/avataaars/svg?seed=mentee_5905,,1
3227,2,Freshman,Beginner,MA,5,5,https://api.dicebear.com/7.x/avataaars/svg?seed=mentee_5906,,1
3228,1,Graduate,Junior,AE,2,6,https://api.dicebear.com/7.x/avataaars/svg?seed=mentee_5907,,1
3229,4,Senior,Beginner,AE,1,1,https://api.dicebear.com/7.x/avataaars/svg?seed=mentee_5908,,1
3230,1,Freshman,Junior,MA,4,6,https://api.dicebear.com/7.x/avataaars/svg?seed=mentee_5909,,1
3231,1,Freshman,Junior,MA,5,1,https://api.dicebear.com/7.x/avataaars/svg?seed=mentee_5910,,1
3232,1,Junior,Beginner,AE,5,6,https://api.dicebear.com/7.x/avataaars/svg?seed=mentee_5911,,1
3233,2,Graduate,Beginner,AE,3,1,https://api.dicebear.com/7.x/avataaars/svg?seed=mentee_5912,,1
3234,1,Freshman,Junior,EG,1,1,https://api.dicebear.com/7.x/avataaars/svg?seed=mentee_5913,,1
3235,2,Senior,Junior,EG,6,5,https://api.dicebear.com/7.x/avataaars/svg?seed=mentee_5914,,1
3236,4,Freshman,Senior,SA,2,7,https://api.dicebear.com/7.x/avataaars/svg?seed=mentee_5919,,1
3237,2,Sophomore,Beginner,SA,5,4,https://api.dicebear.com/7.x/avataaars/svg?seed=mentee_5923,,1
3238,2,Graduate,Mid,MA,2,7,https://api.dicebear.com/7.x/avataaars/svg?seed=mentee_5925,,1
3239,3,Freshman,Junior,SA,5,6,https://api.dicebear.com/7.x/avataaars/svg?seed=mentee_5926,,1
3240,3,Graduate,Beginner,AE,3,5,https://api.dicebear.com/7.x/avataaars/svg?seed=mentee_5929,,1
3241,1,Freshman,Junior,SA,3,5,https://api.dicebear.com/7.x/avataaars/svg?seed=mentee_5930,,1
3242,1,Senior,Beginner,EG,1,1,https://api.dicebear.com/7.x/avataaars/svg?seed=mentee_5934,,1
3243,2,Senior,Beginner,SA,1,5,https://api.dicebear.com/7.x/avataaars/svg?seed=mentee_5935,,1
3244,3,Graduate,Beginner,SA,5,6,https://api.dicebear.com/7.x/avataaars/svg?seed=mentee_5938,,1
3245,2,Junior,Junior,SA,6,5,https://api.dicebear.com/7.x/avataaars/svg?seed=mentee_5939,,1
3246,1,Junior,Beginner,SA,6,8,https://api.dicebear.com/7.x/avataaars/svg?seed=mentee_5940,,1
3247,3,Sophomore,Junior,EG,4,7,https://api.dicebear.com/7.x/avataaars/svg?seed=mentee_5942,,1
3248,2,Junior,Junior,SA,1,3,https://api.dicebear.com/7.x/avataaars/svg?seed=mentee_5943,,1
3249,2,Graduate,Beginner,SA,2,6,https://api.dicebear.com/7.x/avataaars/svg?seed=mentee_5944,,1
3250,3,Junior,Beginner,SA,3,7,https://api.dicebear.com/7.x/avataaars/svg?seed=mentee_5951,,1
3251,3,Sophomore,Senior,SA,4,5,https://api.dicebear.com/7.x/avataaars/svg?seed=mentee_5955,,1
3252,2,Freshman,Junior,EG,6,2,https://api.dicebear.com/7.x/avataaars/svg?seed=mentee_5956,,1
3253,2,Junior,Junior,EG,6,6,https://api.dicebear.com/7.x/avataaars/svg?seed=mentee_5959,,1
3254,2,Graduate,Beginner,EG,3,5,https://api.dicebear.com/7.x/avataaars/svg?seed=mentee_5960,,1
3255,2,Graduate,Mid,SA,2,5,https://api.dicebear.com/7.x/avataaars/svg?seed=mentee_5961,,1
3256,2,Sophomore,Beginner,SA,2,7,https://api.dicebear.com/7.x/avataaars/svg?seed=mentee_5964,,1
3257,3,Sophomore,Beginner,JO,2,5,https://api.dicebear.com/7.x/avataaars/svg?seed=mentee_5965,,1
3258,2,Senior,Beginner,EG,3,1,https://api.dicebear.com/7.x/avataaars/svg?seed=mentee_5968,,1
3259,2,Senior,Junior,EG,5,5,https://api.dicebear.com/7.x/avataaars/svg?seed=mentee_5970,,1
3260,1,Senior,Junior,SA,1,5,https://api.dicebear.com/7.x/avataaars/svg?seed=mentee_5971,,1
3261,3,Freshman,Beginner,SA,6,6,https://api.dicebear.com/7.x/avataaars/svg?seed=mentee_5974,,1
3262,2,Graduate,Beginner,SA,2,1,https://api.dicebear.com/7.x/avataaars/svg?seed=mentee_5976,,1
3263,1,Senior,Mid,JO,6,5,https://api.dicebear.com/7.x/avataaars/svg?seed=mentee_5978,,1
3264,1,Graduate,Mid,JO,1,5,https://api.dicebear.com/7.x/avataaars/svg?seed=mentee_5979,,1
3265,1,Sophomore,Beginner,EG,5,5,https://api.dicebear.com/7.x/avataaars/svg?seed=mentee_5980,,1
3266,4,Freshman,Beginner,MA,4,6,https://api.dicebear.com/7.x/avataaars/svg?seed=mentee_5981,,1
3267,3,Sophomore,Beginner,EG,3,1,https://api.dicebear.com/7.x/avataaars/svg?seed=mentee_5982,,1
3268,2,Graduate,Beginner,SA,5,3,https://api.dicebear.com/7.x/avataaars/svg?seed=mentee_5983,,1
3269,1,Senior,Junior,AE,6,6,https://api.dicebear.com/7.x/avataaars/svg?seed=mentee_5985,,1
3270,3,Sophomore,Junior,AE,5,5,https://api.dicebear.com/7.x/avataaars/svg?seed=mentee_5988,,1
3271,2,Junior,Beginner,EG,1,6,https://api.dicebear.com/7.x/avataaars/svg?seed=mentee_5992,,1
3272,4,Freshman,Beginner,EG,5,5,https://api.dicebear.com/7.x/avataaars/svg?seed=mentee_5995,,1
3273,1,Graduate,Mid,SA,1,3,https://api.dicebear.com/7.x/avataaars/svg?seed=mentee_5998,,1
3274,1,Senior,Mid,EG,5,7,https://api.dicebear.com/7.x/avataaars/svg?seed=mentee_6002,,1
3275,2,Sophomore,Beginner,EG,2,2,https://api.dicebear.com/7.x/avataaars/svg?seed=mentee_6005,,1
3276,1,Freshman,Mid,SA,3,1,https://api.dicebear.com/7.x/avataaars/svg?seed=mentee_6006,,1
3277,2,Senior,Beginner,SA,3,3,https://api.dicebear.com/7.x/avataaars/svg?seed=mentee_6014,,1
3278,3,Sophomore,Mid,AE,2,7,https://api.dicebear.com/7.x/avataaars/svg?seed=mentee_6016,,1
3279,1,Graduate,Junior,EG,5,2,https://api.dicebear.com/7.x/avataaars/svg?seed=mentee_6019,,1
3280,1,Junior,Junior,JO,3,3,https://api.dicebear.com/7.x/avataaars/svg?seed=mentee_6020,,1
3281,2,Junior,Beginner,EG,1,1,https://api.dicebear.com/7.x/avataaars/svg?seed=mentee_6021,,1
3282,3,Graduate,Mid,JO,5,4,https://api.dicebear.com/7.x/avataaars/svg?seed=mentee_6025,,1
3283,2,Freshman,Senior,SA,2,6,https://api.dicebear.com/7.x/avataaars/svg?seed=mentee_6028,,1
3284,1,Graduate,Beginner,SA,6,3,https://api.dicebear.com/7.x/avataaars/svg?seed=mentee_6029,,1
3285,2,Sophomore,Junior,JO,2,6,https://api.dicebear.com/7.x/avataaars/svg?seed=mentee_6030,,1
3286,2,Freshman,Junior,EG,5,3,https://api.dicebear.com/7.x/avataaars/svg?seed=mentee_6033,,1
3287,3,Junior,Junior,EG,1,1,https://api.dicebear.com/7.x/avataaars/svg?seed=mentee_6035,,1
3288,2,Sophomore,Mid,SA,1,7,https://api.dicebear.com/7.x/avataaars/svg?seed=mentee_6036,,1
3289,1,Senior,Mid,EG,3,2,https://api.dicebear.com/7.x/avataaars/svg?seed=mentee_6039,,1
3290,3,Senior,Junior,SA,4,5,https://api.dicebear.com/7.x/avataaars/svg?seed=mentee_6040,,1
3291,2,Senior,Junior,EG,3,5,https://api.dicebear.com/7.x/avataaars/svg?seed=mentee_6041,,1
3292,1,Junior,Beginner,JO,1,6,https://api.dicebear.com/7.x/avataaars/svg?seed=mentee_6042,,1
3293,2,Graduate,Junior,SA,4,1,https://api.dicebear.com/7.x/avataaars/svg?seed=mentee_6043,,1
3294,4,Freshman,Junior,EG,1,6,https://api.dicebear.com/7.x/avataaars/svg?seed=mentee_6044,,1
3295,3,Junior,Mid,JO,4,1,https://api.dicebear.com/7.x/avataaars/svg?seed=mentee_6045,,1
3296,1,Sophomore,Beginner,EG,3,4,https://api.dicebear.com/7.x/avataaars/svg?seed=mentee_6046,,1
3297,3,Sophomore,Beginner,EG,5,4,https://api.dicebear.com/7.x/avataaars/svg?seed=mentee_6049,,1
3298,1,Senior,Junior,EG,3,3,https://api.dicebear.com/7.x/avataaars/svg?seed=mentee_6051,,1
3299,2,Freshman,Junior,SA,4,5,https://api.dicebear.com/7.x/avataaars/svg?seed=mentee_6052,,1
3300,2,Senior,Mid,SA,3,5,https://api.dicebear.com/7.x/avataaars/svg?seed=mentee_6053,,1
3301,1,Sophomore,Beginner,SA,2,5,https://api.dicebear.com/7.x/avataaars/svg?seed=mentee_6055,,1
3302,1,Sophomore,Beginner,EG,4,5,https://api.dicebear.com/7.x/avataaars/svg?seed=mentee_6056,,1
3303,4,Graduate,Junior,MA,6,3,https://api.dicebear.com/7.x/avataaars/svg?seed=mentee_6059,,1
3304,1,Graduate,Beginner,AE,4,5,https://api.dicebear.com/7.x/avataaars/svg?seed=mentee_6061,,1
3305,3,Graduate,Beginner,EG,6,1,https://api.dicebear.com/7.x/avataaars/svg?seed=mentee_6068,,1
3306,2,Senior,Beginner,AE,5,1,https://api.dicebear.com/7.x/avataaars/svg?seed=mentee_6071,,1
3307,2,Freshman,Beginner,SA,5,4,https://api.dicebear.com/7.x/avataaars/svg?seed=mentee_6072,,1
3308,1,Graduate,Beginner,EG,5,7,https://api.dicebear.com/7.x/avataaars/svg?seed=mentee_6074,,1
3309,1,Junior,Beginner,EG,2,8,https://api.dicebear.com/7.x/avataaars/svg?seed=mentee_6075,,1
3310,1,Graduate,Junior,EG,1,6,https://api.dicebear.com/7.x/avataaars/svg?seed=mentee_6079,,1
3311,2,Senior,Beginner,JO,1,3,https://api.dicebear.com/7.x/avataaars/svg?seed=mentee_6081,,1
3312,4,Freshman,Junior,SA,2,5,https://api.dicebear.com/7.x/avataaars/svg?seed=mentee_6084,,1
3313,3,Graduate,Beginner,EG,2,4,https://api.dicebear.com/7.x/avataaars/svg?seed=mentee_6090,,1
3314,1,Freshman,Mid,EG,3,7,https://api.dicebear.com/7.x/avataaars/svg?seed=mentee_6091,,1
3315,1,Junior,Mid,SA,1,7,https://api.dicebear.com/7.x/avataaars/svg?seed=mentee_6093,,1
3316,1,Sophomore,Junior,SA,2,4,https://api.dicebear.com/7.x/avataaars/svg?seed=mentee_6094,,1
3317,4,Freshman,Mid,AE,5,1,https://api.dicebear.com/7.x/avataaars/svg?seed=mentee_6100,,1
3318,1,Graduate,Beginner,MA,6,1,https://api.dicebear.com/7.x/avataaars/svg?seed=mentee_6102,,1
3319,1,Senior,Beginner,SA,4,7,https://api.dicebear.com/7.x/avataaars/svg?seed=mentee_6106,,1
3320,2,Senior,Junior,SA,6,5,https://api.dicebear.com/7.x/avataaars/svg?seed=mentee_6109,,1
3321,2,Senior,Junior,EG,5,5,https://api.dicebear.com/7.x/avataaars/svg?seed=mentee_6112,,1
3322,1,Senior,Junior,JO,3,5,https://api.dicebear.com/7.x/avataaars/svg?seed=mentee_6113,,1
3323,2,Freshman,Beginner,EG,3,3,https://api.dicebear.com/7.x/avataaars/svg?seed=mentee_6114,,1
3324,1,Senior,Junior,EG,5,5,https://api.dicebear.com/7.x/avataaars/svg?seed=mentee_6115,,1
3325,1,Sophomore,Beginner,AE,6,1,https://api.dicebear.com/7.x/avataaars/svg?seed=mentee_6116,,1
3326,1,Junior,Beginner,EG,5,7,https://api.dicebear.com/7.x/avataaars/svg?seed=mentee_6117,,1
3327,1,Freshman,Beginner,EG,5,5,https://api.dicebear.com/7.x/avataaars/svg?seed=mentee_6118,,1
3328,4,Freshman,Beginner,SA,6,7,https://api.dicebear.com/7.x/avataaars/svg?seed=mentee_6121,,1
3329,2,Senior,Junior,EG,5,4,https://api.dicebear.com/7.x/avataaars/svg?seed=mentee_6122,,1
3330,3,Senior,Mid,EG,3,4,https://api.dicebear.com/7.x/avataaars/svg?seed=mentee_6123,,1
3331,1,Freshman,Mid,SA,1,3,https://api.dicebear.com/7.x/avataaars/svg?seed=mentee_6125,,1
3332,3,Senior,Junior,SA,1,8,https://api.dicebear.com/7.x/avataaars/svg?seed=mentee_6126,,1
3333,4,Senior,Beginner,EG,1,6,https://api.dicebear.com/7.x/avataaars/svg?seed=mentee_6127,,1
3334,1,Senior,Junior,MA,4,2,https://api.dicebear.com/7.x/avataaars/svg?seed=mentee_6140,,1
3335,4,Senior,Junior,EG,6,1,https://api.dicebear.com/7.x/avataaars/svg?seed=mentee_6142,,1
3336,2,Senior,Junior,AE,1,1,https://api.dicebear.com/7.x/avataaars/svg?seed=mentee_6147,,1
3337,3,Graduate,Beginner,EG,6,5,https://api.dicebear.com/7.x/avataaars/svg?seed=mentee_6148,,1
3338,1,Graduate,Mid,SA,5,5,https://api.dicebear.com/7.x/avataaars/svg?seed=mentee_6150,,1
3339,2,Graduate,Beginner,EG,3,2,https://api.dicebear.com/7.x/avataaars/svg?seed=mentee_6152,,1
3340,2,Freshman,Junior,EG,6,6,https://api.dicebear.com/7.x/avataaars/svg?seed=mentee_6154,,1
3341,4,Junior,Junior,EG,2,4,https://api.dicebear.com/7.x/avataaars/svg?seed=mentee_6157,,1
3342,4,Freshman,Beginner,SA,1,2,https://api.dicebear.com/7.x/avataaars/svg?seed=mentee_6159,,1
3343,1,Graduate,Beginner,SA,1,1,https://api.dicebear.com/7.x/avataaars/svg?seed=mentee_6161,,1
3344,4,Freshman,Beginner,EG,3,7,https://api.dicebear.com/7.x/avataaars/svg?seed=mentee_6163,,1
3345,3,Junior,Junior,MA,1,6,https://api.dicebear.com/7.x/avataaars/svg?seed=mentee_6165,,1
3346,2,Senior,Junior,EG,6,1,https://api.dicebear.com/7.x/avataaars/svg?seed=mentee_6167,,1
3347,1,Sophomore,Mid,SA,5,6,https://api.dicebear.com/7.x/avataaars/svg?seed=mentee_6169,,1
3348,1,Graduate,Beginner,EG,1,3,https://api.dicebear.com/7.x/avataaars/svg?seed=mentee_6172,,1
3349,1,Graduate,Beginner,SA,3,1,https://api.dicebear.com/7.x/avataaars/svg?seed=mentee_6181,,1
3350,1,Junior,Mid,AE,6,3,https://api.dicebear.com/7.x/avataaars/svg?seed=mentee_6183,,1
3351,4,Senior,Beginner,SA,4,2,https://api.dicebear.com/7.x/avataaars/svg?seed=mentee_6185,,1
3352,1,Senior,Junior,EG,4,7,https://api.dicebear.com/7.x/avataaars/svg?seed=mentee_6186,,1
3353,2,Sophomore,Junior,EG,2,4,https://api.dicebear.com/7.x/avataaars/svg?seed=mentee_6187,,1
3354,2,Senior,Beginner,AE,1,3,https://api.dicebear.com/7.x/avataaars/svg?seed=mentee_6189,,1
3355,2,Junior,Beginner,EG,6,5,https://api.dicebear.com/7.x/avataaars/svg?seed=mentee_6190,,1
3356,1,Senior,Junior,EG,5,6,https://api.dicebear.com/7.x/avataaars/svg?seed=mentee_6193,,1
3357,2,Junior,Junior,EG,4,8,https://api.dicebear.com/7.x/avataaars/svg?seed=mentee_6194,,1
3358,2,Graduate,Beginner,EG,1,6,https://api.dicebear.com/7.x/avataaars/svg?seed=mentee_6199,,1
3359,2,Graduate,Beginner,EG,3,5,https://api.dicebear.com/7.x/avataaars/svg?seed=mentee_6204,,1
3360,1,Graduate,Junior,JO,3,3,https://api.dicebear.com/7.x/avataaars/svg?seed=mentee_6205,,1
3361,3,Freshman,Junior,AE,6,5,https://api.dicebear.com/7.x/avataaars/svg?seed=mentee_6207,,1
3362,1,Graduate,Beginner,SA,3,5,https://api.dicebear.com/7.x/avataaars/svg?seed=mentee_6208,,1
3363,2,Junior,Junior,EG,5,4,https://api.dicebear.com/7.x/avataaars/svg?seed=mentee_6209,,1
3364,1,Sophomore,Beginner,SA,4,6,https://api.dicebear.com/7.x/avataaars/svg?seed=mentee_6211,,1
3365,1,Senior,Junior,SA,6,7,https://api.dicebear.com/7.x/avataaars/svg?seed=mentee_6216,,1
3366,3,Graduate,Mid,SA,5,2,https://api.dicebear.com/7.x/avataaars/svg?seed=mentee_6218,,1
3367,1,Freshman,Beginner,EG,3,5,https://api.dicebear.com/7.x/avataaars/svg?seed=mentee_6221,,1
3368,4,Freshman,Mid,MA,3,1,https://api.dicebear.com/7.x/avataaars/svg?seed=mentee_6222,,1
3369,3,Junior,Beginner,SA,2,6,https://api.dicebear.com/7.x/avataaars/svg?seed=mentee_6223,,1
3370,1,Sophomore,Mid,MA,4,4,https://api.dicebear.com/7.x/avataaars/svg?seed=mentee_6229,,1
3371,1,Graduate,Beginner,EG,4,3,https://api.dicebear.com/7.x/avataaars/svg?seed=mentee_6232,,1
3372,1,Graduate,Junior,EG,4,5,https://api.dicebear.com/7.x/avataaars/svg?seed=mentee_6234,,1
3373,4,Freshman,Mid,EG,2,1,https://api.dicebear.com/7.x/avataaars/svg?seed=mentee_6235,,1
3374,2,Junior,Beginner,AE,5,7,https://api.dicebear.com/7.x/avataaars/svg?seed=mentee_6240,,1
3375,1,Freshman,Mid,EG,5,5,https://api.dicebear.com/7.x/avataaars/svg?seed=mentee_6243,,1
3376,2,Freshman,Junior,JO,1,5,https://api.dicebear.com/7.x/avataaars/svg?seed=mentee_6246,,1
3377,1,Sophomore,Beginner,JO,1,6,https://api.dicebear.com/7.x/avataaars/svg?seed=mentee_6250,,1
3378,2,Junior,Beginner,AE,4,6,https://api.dicebear.com/7.x/avataaars/svg?seed=mentee_6252,,1
3379,2,Sophomore,Beginner,AE,5,5,https://api.dicebear.com/7.x/avataaars/svg?seed=mentee_6254,,1
3380,1,Junior,Junior,AE,1,5,https://api.dicebear.com/7.x/avataaars/svg?seed=mentee_6256,,1
3381,3,Graduate,Beginner,AE,6,5,https://api.dicebear.com/7.x/avataaars/svg?seed=mentee_6258,,1
3382,1,Senior,Beginner,EG,6,5,https://api.dicebear.com/7.x/avataaars/svg?seed=mentee_6262,,1
3383,2,Senior,Mid,AE,4,7,https://api.dicebear.com/7.x/avataaars/svg?seed=mentee_6266,,1
3384,2,Junior,Beginner,JO,4,1,https://api.dicebear.com/7.x/avataaars/svg?seed=mentee_6268,,1
3385,4,Senior,Junior,EG,2,1,https://api.dicebear.com/7.x/avataaars/svg?seed=mentee_6269,,1
3386,2,Freshman,Junior,MA,5,6,https://api.dicebear.com/7.x/avataaars/svg?seed=mentee_6272,,1
3387,4,Graduate,Beginner,EG,4,5,https://api.dicebear.com/7.x/avataaars/svg?seed=mentee_6274,,1
3388,1,Graduate,Junior,EG,6,6,https://api.dicebear.com/7.x/avataaars/svg?seed=mentee_6275,,1
3389,3,Senior,Junior,EG,6,3,https://api.dicebear.com/7.x/avataaars/svg?seed=mentee_6280,,1
3390,1,Junior,Mid,EG,3,7,https://api.dicebear.com/7.x/avataaars/svg?seed=mentee_6281,,1
3391,3,Freshman,Mid,JO,1,3,https://api.dicebear.com/7.x/avataaars/svg?seed=mentee_6282,,1
3392,1,Junior,Mid,MA,5,8,https://api.dicebear.com/7.x/avataaars/svg?seed=mentee_6283,,1
3393,4,Senior,Mid,AE,6,1,https://api.dicebear.com/7.x/avataaars/svg?seed=mentee_6284,,1
3394,4,Graduate,Beginner,MA,5,7,https://api.dicebear.com/7.x/avataaars/svg?seed=mentee_6285,,1
3395,1,Graduate,Junior,EG,1,6,https://api.dicebear.com/7.x/avataaars/svg?seed=mentee_6286,,1
3396,2,Junior,Junior,EG,2,3,https://api.dicebear.com/7.x/avataaars/svg?seed=mentee_6287,,1
3397,2,Sophomore,Mid,SA,4,3,https://api.dicebear.com/7.x/avataaars/svg?seed=mentee_6288,,1
3398,1,Junior,Junior,JO,3,6,https://api.dicebear.com/7.x/avataaars/svg?seed=mentee_6291,,1
3399,2,Sophomore,Mid,EG,1,1,https://api.dicebear.com/7.x/avataaars/svg?seed=mentee_6295,,1
3400,2,Junior,Mid,MA,6,6,https://api.dicebear.com/7.x/avataaars/svg?seed=mentee_6296,,1
3401,2,Sophomore,Mid,SA,4,5,https://api.dicebear.com/7.x/avataaars/svg?seed=mentee_6300,,1
3402,1,Sophomore,Junior,MA,4,7,https://api.dicebear.com/7.x/avataaars/svg?seed=mentee_6302,,1
3403,4,Sophomore,Junior,EG,6,7,https://api.dicebear.com/7.x/avataaars/svg?seed=mentee_6304,,1
3404,1,Sophomore,Beginner,SA,1,1,https://api.dicebear.com/7.x/avataaars/svg?seed=mentee_6306,,1
3405,2,Freshman,Mid,AE,6,5,https://api.dicebear.com/7.x/avataaars/svg?seed=mentee_6307,,1
3406,1,Sophomore,Mid,AE,5,4,https://api.dicebear.com/7.x/avataaars/svg?seed=mentee_6314,,1
3407,1,Sophomore,Mid,EG,1,1,https://api.dicebear.com/7.x/avataaars/svg?seed=mentee_6316,,1
3408,1,Graduate,Junior,MA,4,5,https://api.dicebear.com/7.x/avataaars/svg?seed=mentee_6317,,1
3409,1,Freshman,Senior,JO,1,5,https://api.dicebear.com/7.x/avataaars/svg?seed=mentee_6318,,1
3410,2,Sophomore,Junior,EG,6,5,https://api.dicebear.com/7.x/avataaars/svg?seed=mentee_6320,,1
3411,2,Senior,Beginner,EG,5,7,https://api.dicebear.com/7.x/avataaars/svg?seed=mentee_6321,,1
3412,2,Freshman,Beginner,SA,3,6,https://api.dicebear.com/7.x/avataaars/svg?seed=mentee_6322,,1
3413,2,Graduate,Beginner,SA,1,7,https://api.dicebear.com/7.x/avataaars/svg?seed=mentee_6325,,1
3414,1,Junior,Junior,AE,3,1,https://api.dicebear.com/7.x/avataaars/svg?seed=mentee_6327,,1
3415,1,Graduate,Junior,EG,5,6,https://api.dicebear.com/7.x/avataaars/svg?seed=mentee_6328,,1
3416,2,Graduate,Beginner,SA,6,4,https://api.dicebear.com/7.x/avataaars/svg?seed=mentee_6333,,1
3417,2,Freshman,Beginner,SA,1,3,https://api.dicebear.com/7.x/avataaars/svg?seed=mentee_6334,,1
3418,2,Freshman,Mid,EG,3,6,https://api.dicebear.com/7.x/avataaars/svg?seed=mentee_6335,,1
3419,1,Senior,Beginner,SA,6,5,https://api.dicebear.com/7.x/avataaars/svg?seed=mentee_6337,,1
3420,3,Senior,Junior,EG,2,5,https://api.dicebear.com/7.x/avataaars/svg?seed=mentee_6338,,1
3421,1,Freshman,Beginner,EG,5,5,https://api.dicebear.com/7.x/avataaars/svg?seed=mentee_6339,,1
3422,2,Freshman,Junior,SA,3,1,https://api.dicebear.com/7.x/avataaars/svg?seed=mentee_6343,,1
3423,1,Freshman,Beginner,MA,2,6,https://api.dicebear.com/7.x/avataaars/svg?seed=mentee_6345,,1
3424,2,Junior,Junior,EG,4,7,https://api.dicebear.com/7.x/avataaars/svg?seed=mentee_6347,,1
3425,1,Graduate,Beginner,EG,3,5,https://api.dicebear.com/7.x/avataaars/svg?seed=mentee_6350,,1
3426,3,Senior,Mid,EG,4,3,https://api.dicebear.com/7.x/avataaars/svg?seed=mentee_6353,,1
3427,1,Senior,Junior,EG,6,1,https://api.dicebear.com/7.x/avataaars/svg?seed=mentee_6356,,1
3428,2,Sophomore,Beginner,SA,4,5,https://api.dicebear.com/7.x/avataaars/svg?seed=mentee_6357,,1
3429,1,Junior,Junior,AE,2,6,https://api.dicebear.com/7.x/avataaars/svg?seed=mentee_6358,,1
3430,2,Freshman,Beginner,EG,5,1,https://api.dicebear.com/7.x/avataaars/svg?seed=mentee_6360,,1
3431,1,Freshman,Beginner,MA,1,6,https://api.dicebear.com/7.x/avataaars/svg?seed=mentee_6362,,1
3432,1,Junior,Junior,EG,2,5,https://api.dicebear.com/7.x/avataaars/svg?seed=mentee_6363,,1
3433,3,Senior,Junior,JO,5,4,https://api.dicebear.com/7.x/avataaars/svg?seed=mentee_6370,,1
3434,1,Freshman,Beginner,JO,6,3,https://api.dicebear.com/7.x/avataaars/svg?seed=mentee_6371,,1
3435,1,Sophomore,Beginner,SA,6,4,https://api.dicebear.com/7.x/avataaars/svg?seed=mentee_6373,,1
3436,3,Senior,Beginner,EG,5,5,https://api.dicebear.com/7.x/avataaars/svg?seed=mentee_6376,,1
3437,3,Graduate,Beginner,SA,5,3,https://api.dicebear.com/7.x/avataaars/svg?seed=mentee_6378,,1
3438,3,Junior,Junior,SA,2,6,https://api.dicebear.com/7.x/avataaars/svg?seed=mentee_6380,,1
3439,1,Senior,Beginner,JO,3,1,https://api.dicebear.com/7.x/avataaars/svg?seed=mentee_6381,,1
3440,2,Graduate,Beginner,SA,6,4,https://api.dicebear.com/7.x/avataaars/svg?seed=mentee_6382,,1
3441,3,Sophomore,Beginner,SA,4,7,https://api.dicebear.com/7.x/avataaars/svg?seed=mentee_6383,,1
3442,1,Junior,Mid,JO,6,6,https://api.dicebear.com/7.x/avataaars/svg?seed=mentee_6386,,1
3443,3,Freshman,Mid,MA,4,4,https://api.dicebear.com/7.x/avataaars/svg?seed=mentee_6387,,1
3444,1,Freshman,Beginner,SA,3,5,https://api.dicebear.com/7.x/avataaars/svg?seed=mentee_6388,,1
3445,4,Graduate,Beginner,JO,2,7,https://api.dicebear.com/7.x/avataaars/svg?seed=mentee_6390,,1
3446,2,Senior,Junior,SA,4,6,https://api.dicebear.com/7.x/avataaars/svg?seed=mentee_6392,,1
3447,2,Sophomore,Junior,AE,5,4,https://api.dicebear.com/7.x/avataaars/svg?seed=mentee_6393,,1
3448,2,Graduate,Beginner,AE,4,1,https://api.dicebear.com/7.x/avataaars/svg?seed=mentee_6399,,1
3449,1,Sophomore,Mid,AE,4,7,https://api.dicebear.com/7.x/avataaars/svg?seed=mentee_6402,,1
3450,1,Sophomore,Mid,EG,1,4,https://api.dicebear.com/7.x/avataaars/svg?seed=mentee_6404,,1
3451,3,Sophomore,Beginner,SA,1,5,https://api.dicebear.com/7.x/avataaars/svg?seed=mentee_6406,,1
3452,2,Junior,Junior,SA,5,1,https://api.dicebear.com/7.x/avataaars/svg?seed=mentee_6408,,1
3453,2,Graduate,Beginner,EG,6,3,https://api.dicebear.com/7.x/avataaars/svg?seed=mentee_6409,,1
3454,1,Junior,Beginner,EG,1,7,https://api.dicebear.com/7.x/avataaars/svg?seed=mentee_6410,,1
3455,2,Senior,Beginner,AE,3,5,https://api.dicebear.com/7.x/avataaars/svg?seed=mentee_6411,,1
3456,1,Senior,Mid,SA,3,3,https://api.dicebear.com/7.x/avataaars/svg?seed=mentee_6413,,1
3457,1,Freshman,Mid,EG,5,7,https://api.dicebear.com/7.x/avataaars/svg?seed=mentee_6415,,1
3458,4,Freshman,Junior,JO,5,5,https://api.dicebear.com/7.x/avataaars/svg?seed=mentee_6416,,1
3459,2,Freshman,Beginner,JO,4,3,https://api.dicebear.com/7.x/avataaars/svg?seed=mentee_6417,,1
3460,2,Senior,Junior,SA,4,7,https://api.dicebear.com/7.x/avataaars/svg?seed=mentee_6419,,1
3461,4,Sophomore,Beginner,EG,4,6,https://api.dicebear.com/7.x/avataaars/svg?seed=mentee_6422,,1
3462,1,Sophomore,Junior,MA,1,1,https://api.dicebear.com/7.x/avataaars/svg?seed=mentee_6423,,1
3463,4,Graduate,Beginner,JO,1,1,https://api.dicebear.com/7.x/avataaars/svg?seed=mentee_6428,,1
3464,2,Senior,Beginner,EG,1,4,https://api.dicebear.com/7.x/avataaars/svg?seed=mentee_6430,,1
3465,2,Freshman,Junior,EG,4,7,https://api.dicebear.com/7.x/avataaars/svg?seed=mentee_6432,,1
3466,1,Senior,Beginner,SA,5,3,https://api.dicebear.com/7.x/avataaars/svg?seed=mentee_6433,,1
3467,1,Sophomore,Mid,AE,3,5,https://api.dicebear.com/7.x/avataaars/svg?seed=mentee_6434,,1
3468,1,Sophomore,Beginner,EG,1,5,https://api.dicebear.com/7.x/avataaars/svg?seed=mentee_6435,,1
3469,1,Junior,Mid,SA,2,3,https://api.dicebear.com/7.x/avataaars/svg?seed=mentee_6437,,1
3470,1,Junior,Mid,SA,1,7,https://api.dicebear.com/7.x/avataaars/svg?seed=mentee_6438,,1
3471,2,Graduate,Beginner,JO,1,5,https://api.dicebear.com/7.x/avataaars/svg?seed=mentee_6440,,1
3472,3,Senior,Beginner,SA,1,5,https://api.dicebear.com/7.x/avataaars/svg?seed=mentee_6442,,1
3473,1,Junior,Mid,SA,1,5,https://api.dicebear.com/7.x/avataaars/svg?seed=mentee_6443,,1
3474,3,Junior,Senior,MA,2,5,https://api.dicebear.com/7.x/avataaars/svg?seed=mentee_6445,,1
3475,4,Senior,Beginner,EG,4,5,https://api.dicebear.com/7.x/avataaars/svg?seed=mentee_6446,,1
3476,3,Sophomore,Mid,EG,2,6,https://api.dicebear.com/7.x/avataaars/svg?seed=mentee_6447,,1
3477,3,Graduate,Beginner,AE,2,8,https://api.dicebear.com/7.x/avataaars/svg?seed=mentee_6448,,1
3478,3,Graduate,Beginner,EG,6,6,https://api.dicebear.com/7.x/avataaars/svg?seed=mentee_6449,,1
3479,1,Graduate,Junior,JO,1,4,https://api.dicebear.com/7.x/avataaars/svg?seed=mentee_6450,,1
3480,1,Junior,Beginner,EG,5,5,https://api.dicebear.com/7.x/avataaars/svg?seed=mentee_6451,,1
3481,4,Sophomore,Beginner,EG,3,1,https://api.dicebear.com/7.x/avataaars/svg?seed=mentee_6452,,1
3482,2,Graduate,Junior,MA,5,7,https://api.dicebear.com/7.x/avataaars/svg?seed=mentee_6455,,1
3483,3,Senior,Beginner,SA,4,1,https://api.dicebear.com/7.x/avataaars/svg?seed=mentee_6456,,1
3484,4,Graduate,Beginner,AE,4,1,https://api.dicebear.com/7.x/avataaars/svg?seed=mentee_6457,,1
3485,1,Freshman,Junior,EG,4,6,https://api.dicebear.com/7.x/avataaars/svg?seed=mentee_6461,,1
3486,1,Sophomore,Junior,EG,2,1,https://api.dicebear.com/7.x/avataaars/svg?seed=mentee_6462,,1
3487,2,Freshman,Beginner,JO,4,1,https://api.dicebear.com/7.x/avataaars/svg?seed=mentee_6465,,1
3488,1,Sophomore,Junior,EG,3,1,https://api.dicebear.com/7.x/avataaars/svg?seed=mentee_6467,,1
3489,2,Senior,Junior,SA,2,4,https://api.dicebear.com/7.x/avataaars/svg?seed=mentee_6469,,1
3490,3,Junior,Beginner,EG,6,3,https://api.dicebear.com/7.x/avataaars/svg?seed=mentee_6472,,1
3491,2,Junior,Junior,EG,4,7,https://api.dicebear.com/7.x/avataaars/svg?seed=mentee_6474,,1
3492,1,Sophomore,Mid,AE,2,5,https://api.dicebear.com/7.x/avataaars/svg?seed=mentee_6476,,1
3493,3,Graduate,Junior,JO,6,5,https://api.dicebear.com/7.x/avataaars/svg?seed=mentee_6478,,1
3494,1,Freshman,Junior,AE,6,6,https://api.dicebear.com/7.x/avataaars/svg?seed=mentee_6479,,1
3495,3,Senior,Junior,AE,2,3,https://api.dicebear.com/7.x/avataaars/svg?seed=mentee_6480,,1
3496,1,Graduate,Mid,SA,5,5,https://api.dicebear.com/7.x/avataaars/svg?seed=mentee_6481,,1
3497,3,Junior,Beginner,SA,6,1,https://api.dicebear.com/7.x/avataaars/svg?seed=mentee_6483,,1
3498,2,Graduate,Beginner,AE,3,5,https://api.dicebear.com/7.x/avataaars/svg?seed=mentee_6485,,1
3499,1,Freshman,Beginner,EG,1,5,https://api.dicebear.com/7.x/avataaars/svg?seed=mentee_6486,,1
3500,2,Junior,Beginner,EG,4,6,https://api.dicebear.com/7.x/avataaars/svg?seed=mentee_6490,,1
3501,1,Sophomore,Beginner,MA,3,7,https://api.dicebear.com/7.x/avataaars/svg?seed=mentee_6493,,1
3502,2,Senior,Beginner,EG,2,6,https://api.dicebear.com/7.x/avataaars/svg?seed=mentee_6495,,1
3503,3,Senior,Beginner,EG,5,7,https://api.dicebear.com/7.x/avataaars/svg?seed=mentee_6496,,1
3504,3,Junior,Mid,SA,1,3,https://api.dicebear.com/7.x/avataaars/svg?seed=mentee_6498,,1
3505,1,Sophomore,Beginner,AE,6,6,https://api.dicebear.com/7.x/avataaars/svg?seed=mentee_6502,,1
3506,2,Freshman,Beginner,SA,4,5,https://api.dicebear.com/7.x/avataaars/svg?seed=mentee_6503,,1
3507,3,Senior,Junior,EG,3,1,https://api.dicebear.com/7.x/avataaars/svg?seed=mentee_6504,,1
3508,3,Junior,Beginner,MA,1,8,https://api.dicebear.com/7.x/avataaars/svg?seed=mentee_6505,,1
3509,1,Senior,Beginner,AE,1,1,https://api.dicebear.com/7.x/avataaars/svg?seed=mentee_6511,,1
3510,1,Sophomore,Mid,JO,4,7,https://api.dicebear.com/7.x/avataaars/svg?seed=mentee_6512,,1
3511,4,Freshman,Beginner,EG,4,4,https://api.dicebear.com/7.x/avataaars/svg?seed=mentee_6513,,1
3512,1,Sophomore,Junior,EG,1,5,https://api.dicebear.com/7.x/avataaars/svg?seed=mentee_6514,,1
3513,1,Graduate,Beginner,EG,2,5,https://api.dicebear.com/7.x/avataaars/svg?seed=mentee_6516,,1
3514,3,Sophomore,Junior,EG,2,7,https://api.dicebear.com/7.x/avataaars/svg?seed=mentee_6518,,1
3515,1,Sophomore,Junior,EG,4,3,https://api.dicebear.com/7.x/avataaars/svg?seed=mentee_6520,,1
3516,3,Senior,Junior,EG,5,5,https://api.dicebear.com/7.x/avataaars/svg?seed=mentee_6523,,1
3517,1,Sophomore,Junior,SA,6,3,https://api.dicebear.com/7.x/avataaars/svg?seed=mentee_6525,,1
3518,3,Junior,Beginner,AE,1,6,https://api.dicebear.com/7.x/avataaars/svg?seed=mentee_6529,,1
3519,4,Senior,Beginner,AE,6,6,https://api.dicebear.com/7.x/avataaars/svg?seed=mentee_6531,,1
3520,4,Senior,Junior,EG,6,7,https://api.dicebear.com/7.x/avataaars/svg?seed=mentee_6532,,1
3521,4,Graduate,Senior,SA,6,3,https://api.dicebear.com/7.x/avataaars/svg?seed=mentee_6533,,1
3522,3,Junior,Junior,EG,2,6,https://api.dicebear.com/7.x/avataaars/svg?seed=mentee_6535,,1
3523,1,Sophomore,Junior,SA,1,6,https://api.dicebear.com/7.x/avataaars/svg?seed=mentee_6536,,1
3524,4,Graduate,Beginner,SA,2,4,https://api.dicebear.com/7.x/avataaars/svg?seed=mentee_6539,,1
3525,4,Junior,Mid,SA,5,5,https://api.dicebear.com/7.x/avataaars/svg?seed=mentee_6540,,1
3526,2,Graduate,Mid,JO,1,7,https://api.dicebear.com/7.x/avataaars/svg?seed=mentee_6542,,1
3527,1,Freshman,Beginner,JO,3,1,https://api.dicebear.com/7.x/avataaars/svg?seed=mentee_6544,,1
3528,1,Sophomore,Mid,SA,2,6,https://api.dicebear.com/7.x/avataaars/svg?seed=mentee_6548,,1
3529,2,Graduate,Mid,JO,5,7,https://api.dicebear.com/7.x/avataaars/svg?seed=mentee_6549,,1
3530,3,Freshman,Junior,AE,5,4,https://api.dicebear.com/7.x/avataaars/svg?seed=mentee_6551,,1
3531,1,Sophomore,Mid,JO,6,4,https://api.dicebear.com/7.x/avataaars/svg?seed=mentee_6552,,1
3532,1,Graduate,Mid,SA,6,3,https://api.dicebear.com/7.x/avataaars/svg?seed=mentee_6554,,1
3533,2,Graduate,Junior,SA,4,5,https://api.dicebear.com/7.x/avataaars/svg?seed=mentee_6555,,1
3534,1,Graduate,Junior,AE,5,6,https://api.dicebear.com/7.x/avataaars/svg?seed=mentee_6556,,1
3535,4,Graduate,Beginner,EG,6,4,https://api.dicebear.com/7.x/avataaars/svg?seed=mentee_6557,,1
3536,1,Senior,Beginner,AE,3,5,https://api.dicebear.com/7.x/avataaars/svg?seed=mentee_6559,,1
3537,1,Graduate,Junior,MA,2,6,https://api.dicebear.com/7.x/avataaars/svg?seed=mentee_6560,,1
3538,1,Senior,Beginner,AE,6,1,https://api.dicebear.com/7.x/avataaars/svg?seed=mentee_6561,,1
3539,3,Senior,Mid,EG,6,5,https://api.dicebear.com/7.x/avataaars/svg?seed=mentee_6572,,1
3540,3,Freshman,Beginner,EG,5,7,https://api.dicebear.com/7.x/avataaars/svg?seed=mentee_6575,,1
3541,1,Sophomore,Junior,JO,4,8,https://api.dicebear.com/7.x/avataaars/svg?seed=mentee_6576,,1
3542,1,Senior,Beginner,MA,5,6,https://api.dicebear.com/7.x/avataaars/svg?seed=mentee_6577,,1
3543,1,Junior,Senior,EG,1,6,https://api.dicebear.com/7.x/avataaars/svg?seed=mentee_6578,,1
3544,1,Senior,Beginner,JO,5,5,https://api.dicebear.com/7.x/avataaars/svg?seed=mentee_6579,,1
3545,3,Junior,Junior,JO,5,2,https://api.dicebear.com/7.x/avataaars/svg?seed=mentee_6581,,1
3546,1,Freshman,Mid,EG,3,5,https://api.dicebear.com/7.x/avataaars/svg?seed=mentee_6582,,1
3547,2,Junior,Junior,JO,1,6,https://api.dicebear.com/7.x/avataaars/svg?seed=mentee_6585,,1
3548,1,Freshman,Beginner,EG,4,1,https://api.dicebear.com/7.x/avataaars/svg?seed=mentee_6586,,1
3549,2,Freshman,Junior,SA,6,1,https://api.dicebear.com/7.x/avataaars/svg?seed=mentee_6587,,1
3550,1,Freshman,Junior,SA,3,1,https://api.dicebear.com/7.x/avataaars/svg?seed=mentee_6588,,1
3551,1,Junior,Junior,AE,5,1,https://api.dicebear.com/7.x/avataaars/svg?seed=mentee_6592,,1
3552,1,Junior,Beginner,AE,5,7,https://api.dicebear.com/7.x/avataaars/svg?seed=mentee_6593,,1
3553,1,Freshman,Mid,SA,5,6,https://api.dicebear.com/7.x/avataaars/svg?seed=mentee_6595,,1
3554,1,Freshman,Beginner,JO,6,3,https://api.dicebear.com/7.x/avataaars/svg?seed=mentee_6599,,1
3555,4,Sophomore,Beginner,JO,6,5,https://api.dicebear.com/7.x/avataaars/svg?seed=mentee_6600,,1
3556,1,Freshman,Junior,AE,2,7,https://api.dicebear.com/7.x/avataaars/svg?seed=mentee_6601,,1
3557,1,Graduate,Beginner,SA,6,5,https://api.dicebear.com/7.x/avataaars/svg?seed=mentee_6602,,1
3558,1,Sophomore,Junior,EG,6,5,https://api.dicebear.com/7.x/avataaars/svg?seed=mentee_6603,,1
3559,3,Sophomore,Junior,SA,4,1,https://api.dicebear.com/7.x/avataaars/svg?seed=mentee_6604,,1
3560,4,Sophomore,Beginner,JO,5,3,https://api.dicebear.com/7.x/avataaars/svg?seed=mentee_6605,,1
3561,3,Graduate,Junior,EG,3,7,https://api.dicebear.com/7.x/avataaars/svg?seed=mentee_6606,,1
3562,2,Sophomore,Junior,MA,1,1,https://api.dicebear.com/7.x/avataaars/svg?seed=mentee_6609,,1
3563,3,Sophomore,Mid,JO,4,2,https://api.dicebear.com/7.x/avataaars/svg?seed=mentee_6611,,1
3564,1,Junior,Junior,AE,6,3,https://api.dicebear.com/7.x/avataaars/svg?seed=mentee_6613,,1
3565,3,Junior,Mid,AE,4,7,https://api.dicebear.com/7.x/avataaars/svg?seed=mentee_6614,,1
3566,3,Freshman,Beginner,SA,3,5,https://api.dicebear.com/7.x/avataaars/svg?seed=mentee_6620,,1
3567,1,Freshman,Mid,AE,1,4,https://api.dicebear.com/7.x/avataaars/svg?seed=mentee_6622,,1
3568,2,Senior,Junior,SA,4,7,https://api.dicebear.com/7.x/avataaars/svg?seed=mentee_6623,,1
3569,1,Graduate,Mid,JO,5,4,https://api.dicebear.com/7.x/avataaars/svg?seed=mentee_6626,,1
3570,1,Junior,Junior,AE,6,5,https://api.dicebear.com/7.x/avataaars/svg?seed=mentee_6627,,1
3571,3,Freshman,Beginner,AE,6,1,https://api.dicebear.com/7.x/avataaars/svg?seed=mentee_6628,,1
3572,1,Graduate,Junior,AE,6,1,https://api.dicebear.com/7.x/avataaars/svg?seed=mentee_6629,,1
3573,3,Sophomore,Senior,EG,6,5,https://api.dicebear.com/7.x/avataaars/svg?seed=mentee_6630,,1
3574,4,Graduate,Mid,EG,2,1,https://api.dicebear.com/7.x/avataaars/svg?seed=mentee_6640,,1
3575,2,Junior,Mid,JO,6,3,https://api.dicebear.com/7.x/avataaars/svg?seed=mentee_6641,,1
3576,1,Senior,Mid,EG,3,3,https://api.dicebear.com/7.x/avataaars/svg?seed=mentee_6642,,1
3577,2,Junior,Beginner,SA,4,1,https://api.dicebear.com/7.x/avataaars/svg?seed=mentee_6648,,1
3578,3,Freshman,Junior,SA,3,5,https://api.dicebear.com/7.x/avataaars/svg?seed=mentee_6650,,1
3579,1,Freshman,Mid,EG,1,1,https://api.dicebear.com/7.x/avataaars/svg?seed=mentee_6652,,1
3580,1,Graduate,Beginner,EG,6,4,https://api.dicebear.com/7.x/avataaars/svg?seed=mentee_6658,,1
3581,2,Junior,Mid,JO,3,3,https://api.dicebear.com/7.x/avataaars/svg?seed=mentee_6660,,1
3582,4,Freshman,Mid,SA,2,5,https://api.dicebear.com/7.x/avataaars/svg?seed=mentee_6661,,1
3583,1,Sophomore,Junior,SA,2,6,https://api.dicebear.com/7.x/avataaars/svg?seed=mentee_6662,,1
3584,1,Sophomore,Beginner,MA,3,6,https://api.dicebear.com/7.x/avataaars/svg?seed=mentee_6663,,1
3585,4,Senior,Junior,EG,1,1,https://api.dicebear.com/7.x/avataaars/svg?seed=mentee_6666,,1
3586,1,Graduate,Junior,EG,5,7,https://api.dicebear.com/7.x/avataaars/svg?seed=mentee_6667,,1
3587,1,Freshman,Beginner,AE,3,3,https://api.dicebear.com/7.x/avataaars/svg?seed=mentee_6669,,1
3588,2,Senior,Mid,AE,1,7,https://api.dicebear.com/7.x/avataaars/svg?seed=mentee_6670,,1
3589,1,Sophomore,Beginner,SA,5,5,https://api.dicebear.com/7.x/avataaars/svg?seed=mentee_6674,,1
3590,1,Senior,Junior,MA,3,5,https://api.dicebear.com/7.x/avataaars/svg?seed=mentee_6675,,1
3591,2,Senior,Mid,MA,4,5,https://api.dicebear.com/7.x/avataaars/svg?seed=mentee_6677,,1
3592,2,Freshman,Junior,EG,2,5,https://api.dicebear.com/7.x/avataaars/svg?seed=mentee_6681,,1
3593,2,Freshman,Beginner,EG,1,4,https://api.dicebear.com/7.x/avataaars/svg?seed=mentee_6685,,1
3594,1,Freshman,Beginner,JO,2,4,https://api.dicebear.com/7.x/avataaars/svg?seed=mentee_6690,,1
3595,2,Graduate,Junior,EG,3,7,https://api.dicebear.com/7.x/avataaars/svg?seed=mentee_6691,,1
3596,2,Senior,Junior,EG,1,1,https://api.dicebear.com/7.x/avataaars/svg?seed=mentee_6693,,1
3597,3,Senior,Junior,AE,1,4,https://api.dicebear.com/7.x/avataaars/svg?seed=mentee_6696,,1
3598,3,Graduate,Beginner,SA,6,5,https://api.dicebear.com/7.x/avataaars/svg?seed=mentee_6697,,1
3599,2,Sophomore,Beginner,SA,2,5,https://api.dicebear.com/7.x/avataaars/svg?seed=mentee_6699,,1
3600,3,Junior,Beginner,EG,6,7,https://api.dicebear.com/7.x/avataaars/svg?seed=mentee_6702,,1
3601,3,Sophomore,Beginner,AE,3,5,https://api.dicebear.com/7.x/avataaars/svg?seed=mentee_6705,,1
3602,1,Graduate,Beginner,SA,1,5,https://api.dicebear.com/7.x/avataaars/svg?seed=mentee_6706,,1
3603,4,Senior,Junior,EG,1,6,https://api.dicebear.com/7.x/avataaars/svg?seed=mentee_6708,,1
3604,3,Senior,Beginner,EG,2,7,https://api.dicebear.com/7.x/avataaars/svg?seed=mentee_6710,,1
3605,1,Freshman,Junior,SA,1,6,https://api.dicebear.com/7.x/avataaars/svg?seed=mentee_6711,,1
3606,1,Freshman,Mid,MA,2,1,https://api.dicebear.com/7.x/avataaars/svg?seed=mentee_6714,,1
3607,2,Senior,Beginner,MA,3,3,https://api.dicebear.com/7.x/avataaars/svg?seed=mentee_6716,,1
3608,1,Senior,Junior,EG,2,3,https://api.dicebear.com/7.x/avataaars/svg?seed=mentee_6717,,1
3609,3,Freshman,Beginner,AE,6,6,https://api.dicebear.com/7.x/avataaars/svg?seed=mentee_6721,,1
3610,2,Freshman,Mid,AE,4,1,https://api.dicebear.com/7.x/avataaars/svg?seed=mentee_6723,,1
3611,1,Sophomore,Beginner,JO,6,1,https://api.dicebear.com/7.x/avataaars/svg?seed=mentee_6725,,1
3612,1,Senior,Beginner,SA,2,6,https://api.dicebear.com/7.x/avataaars/svg?seed=mentee_6729,,1
3613,3,Senior,Beginner,EG,3,5,https://api.dicebear.com/7.x/avataaars/svg?seed=mentee_6730,,1
3614,1,Graduate,Junior,AE,3,7,https://api.dicebear.com/7.x/avataaars/svg?seed=mentee_6731,,1
3615,3,Sophomore,Beginner,EG,5,6,https://api.dicebear.com/7.x/avataaars/svg?seed=mentee_6732,,1
3616,1,Junior,Mid,EG,1,7,https://api.dicebear.com/7.x/avataaars/svg?seed=mentee_6734,,1
3617,2,Junior,Junior,SA,2,5,https://api.dicebear.com/7.x/avataaars/svg?seed=mentee_6736,,1
3618,2,Junior,Junior,MA,5,6,https://api.dicebear.com/7.x/avataaars/svg?seed=mentee_6738,,1
3619,1,Freshman,Junior,EG,5,6,https://api.dicebear.com/7.x/avataaars/svg?seed=mentee_6740,,1
3620,2,Junior,Beginner,SA,3,1,https://api.dicebear.com/7.x/avataaars/svg?seed=mentee_6741,,1
3621,2,Graduate,Senior,EG,3,4,https://api.dicebear.com/7.x/avataaars/svg?seed=mentee_6742,,1
3622,1,Freshman,Junior,JO,2,2,https://api.dicebear.com/7.x/avataaars/svg?seed=mentee_6746,,1
3623,1,Freshman,Mid,SA,1,7,https://api.dicebear.com/7.x/avataaars/svg?seed=mentee_6747,,1
3624,3,Junior,Mid,EG,5,6,https://api.dicebear.com/7.x/avataaars/svg?seed=mentee_6748,,1
3625,3,Freshman,Beginner,EG,2,6,https://api.dicebear.com/7.x/avataaars/svg?seed=mentee_6749,,1
3626,2,Sophomore,Mid,SA,5,6,https://api.dicebear.com/7.x/avataaars/svg?seed=mentee_6751,,1
3627,3,Sophomore,Beginner,EG,6,5,https://api.dicebear.com/7.x/avataaars/svg?seed=mentee_6752,,1
3628,1,Junior,Beginner,EG,4,6,https://api.dicebear.com/7.x/avataaars/svg?seed=mentee_6753,,1
3629,1,Graduate,Junior,AE,2,2,https://api.dicebear.com/7.x/avataaars/svg?seed=mentee_6754,,1
3630,2,Freshman,Beginner,SA,4,3,https://api.dicebear.com/7.x/avataaars/svg?seed=mentee_6763,,1
3631,2,Senior,Beginner,AE,5,4,https://api.dicebear.com/7.x/avataaars/svg?seed=mentee_6765,,1
3632,3,Junior,Junior,EG,5,5,https://api.dicebear.com/7.x/avataaars/svg?seed=mentee_6767,,1
3633,1,Freshman,Mid,SA,5,1,https://api.dicebear.com/7.x/avataaars/svg?seed=mentee_6768,,1
3634,2,Junior,Beginner,SA,3,6,https://api.dicebear.com/7.x/avataaars/svg?seed=mentee_6770,,1
3635,2,Junior,Beginner,EG,4,6,https://api.dicebear.com/7.x/avataaars/svg?seed=mentee_6771,,1
3636,1,Graduate,Junior,SA,2,6,https://api.dicebear.com/7.x/avataaars/svg?seed=mentee_6772,,1
3637,2,Senior,Beginner,EG,2,6,https://api.dicebear.com/7.x/avataaars/svg?seed=mentee_6774,,1
3638,2,Freshman,Beginner,JO,3,7,https://api.dicebear.com/7.x/avataaars/svg?seed=mentee_6776,,1
3639,1,Junior,Beginner,SA,3,1,https://api.dicebear.com/7.x/avataaars/svg?seed=mentee_6780,,1
3640,1,Junior,Beginner,SA,5,5,https://api.dicebear.com/7.x/avataaars/svg?seed=mentee_6781,,1
3641,1,Freshman,Beginner,EG,3,1,https://api.dicebear.com/7.x/avataaars/svg?seed=mentee_6788,,1
3642,4,Junior,Junior,EG,5,4,https://api.dicebear.com/7.x/avataaars/svg?seed=mentee_6789,,1
3643,1,Junior,Mid,SA,2,5,https://api.dicebear.com/7.x/avataaars/svg?seed=mentee_6791,,1
3644,1,Junior,Beginner,SA,5,7,https://api.dicebear.com/7.x/avataaars/svg?seed=mentee_6792,,1
3645,1,Sophomore,Junior,EG,6,4,https://api.dicebear.com/7.x/avataaars/svg?seed=mentee_6793,,1
3646,1,Sophomore,Beginner,EG,5,5,https://api.dicebear.com/7.x/avataaars/svg?seed=mentee_6795,,1
3647,1,Senior,Beginner,EG,6,3,https://api.dicebear.com/7.x/avataaars/svg?seed=mentee_6796,,1
3648,2,Graduate,Beginner,SA,3,4,https://api.dicebear.com/7.x/avataaars/svg?seed=mentee_6797,,1
3649,1,Freshman,Junior,EG,2,7,https://api.dicebear.com/7.x/avataaars/svg?seed=mentee_6800,,1
3650,1,Graduate,Beginner,SA,5,4,https://api.dicebear.com/7.x/avataaars/svg?seed=mentee_6802,,1
3651,1,Graduate,Beginner,EG,5,4,https://api.dicebear.com/7.x/avataaars/svg?seed=mentee_6803,,1
3652,1,Sophomore,Beginner,SA,2,6,https://api.dicebear.com/7.x/avataaars/svg?seed=mentee_6804,,1
3653,1,Senior,Mid,EG,1,4,https://api.dicebear.com/7.x/avataaars/svg?seed=mentee_6805,,1
3654,2,Graduate,Mid,SA,3,6,https://api.dicebear.com/7.x/avataaars/svg?seed=mentee_6807,,1
3655,2,Graduate,Junior,EG,5,5,https://api.dicebear.com/7.x/avataaars/svg?seed=mentee_6808,,1
3656,3,Junior,Mid,EG,4,7,https://api.dicebear.com/7.x/avataaars/svg?seed=mentee_6810,,1
3657,1,Freshman,Beginner,SA,4,1,https://api.dicebear.com/7.x/avataaars/svg?seed=mentee_6811,,1
3658,3,Senior,Beginner,EG,1,1,https://api.dicebear.com/7.x/avataaars/svg?seed=mentee_6814,,1
3659,2,Freshman,Beginner,EG,5,1,https://api.dicebear.com/7.x/avataaars/svg?seed=mentee_6815,,1
3660,1,Sophomore,Junior,JO,6,7,https://api.dicebear.com/7.x/avataaars/svg?seed=mentee_6816,,1
3661,1,Graduate,Beginner,JO,4,1,https://api.dicebear.com/7.x/avataaars/svg?seed=mentee_6817,,1
3662,3,Graduate,Beginner,EG,4,5,https://api.dicebear.com/7.x/avataaars/svg?seed=mentee_6818,,1
3663,1,Freshman,Beginner,JO,4,4,https://api.dicebear.com/7.x/avataaars/svg?seed=mentee_6820,,1
3664,1,Sophomore,Junior,SA,4,2,https://api.dicebear.com/7.x/avataaars/svg?seed=mentee_6821,,1
3665,2,Junior,Beginner,EG,5,5,https://api.dicebear.com/7.x/avataaars/svg?seed=mentee_6824,,1
3666,1,Junior,Mid,MA,1,3,https://api.dicebear.com/7.x/avataaars/svg?seed=mentee_6826,,1
3667,4,Graduate,Junior,JO,5,5,https://api.dicebear.com/7.x/avataaars/svg?seed=mentee_6829,,1
3668,1,Graduate,Junior,MA,4,5,https://api.dicebear.com/7.x/avataaars/svg?seed=mentee_6830,,1
3669,1,Senior,Beginner,EG,6,8,https://api.dicebear.com/7.x/avataaars/svg?seed=mentee_6832,,1
3670,1,Freshman,Beginner,EG,3,4,https://api.dicebear.com/7.x/avataaars/svg?seed=mentee_6833,,1
3671,1,Graduate,Junior,SA,1,3,https://api.dicebear.com/7.x/avataaars/svg?seed=mentee_6834,,1
3672,3,Sophomore,Junior,SA,2,6,https://api.dicebear.com/7.x/avataaars/svg?seed=mentee_6835,,1
3673,3,Freshman,Junior,EG,1,1,https://api.dicebear.com/7.x/avataaars/svg?seed=mentee_6836,,1
3674,4,Senior,Beginner,JO,2,4,https://api.dicebear.com/7.x/avataaars/svg?seed=mentee_6837,,1
3675,2,Junior,Junior,SA,3,5,https://api.dicebear.com/7.x/avataaars/svg?seed=mentee_6839,,1
3676,1,Senior,Junior,SA,6,6,https://api.dicebear.com/7.x/avataaars/svg?seed=mentee_6840,,1
3677,1,Freshman,Beginner,SA,3,6,https://api.dicebear.com/7.x/avataaars/svg?seed=mentee_6843,,1
3678,1,Junior,Mid,SA,1,3,https://api.dicebear.com/7.x/avataaars/svg?seed=mentee_6844,,1
3679,4,Sophomore,Junior,EG,2,7,https://api.dicebear.com/7.x/avataaars/svg?seed=mentee_6848,,1
3680,2,Junior,Beginner,MA,5,4,https://api.dicebear.com/7.x/avataaars/svg?seed=mentee_6849,,1
3681,2,Junior,Beginner,EG,6,5,https://api.dicebear.com/7.x/avataaars/svg?seed=mentee_6853,,1
3682,2,Sophomore,Mid,EG,3,5,https://api.dicebear.com/7.x/avataaars/svg?seed=mentee_6854,,1
3683,3,Graduate,Mid,JO,4,4,https://api.dicebear.com/7.x/avataaars/svg?seed=mentee_6855,,1
3684,1,Graduate,Mid,MA,5,3,https://api.dicebear.com/7.x/avataaars/svg?seed=mentee_6856,,1
3685,3,Junior,Junior,JO,6,7,https://api.dicebear.com/7.x/avataaars/svg?seed=mentee_6860,,1
3686,3,Junior,Junior,JO,3,4,https://api.dicebear.com/7.x/avataaars/svg?seed=mentee_6863,,1
3687,3,Senior,Junior,SA,5,6,https://api.dicebear.com/7.x/avataaars/svg?seed=mentee_6867,,1
3688,1,Graduate,Beginner,MA,4,5,https://api.dicebear.com/7.x/avataaars/svg?seed=mentee_6868,,1
3689,1,Sophomore,Beginner,EG,6,5,https://api.dicebear.com/7.x/avataaars/svg?seed=mentee_6869,,1
3690,2,Junior,Beginner,AE,6,5,https://api.dicebear.com/7.x/avataaars/svg?seed=mentee_6870,,1
3691,3,Junior,Junior,AE,3,3,https://api.dicebear.com/7.x/avataaars/svg?seed=mentee_6871,,1
3692,4,Senior,Junior,EG,3,5,https://api.dicebear.com/7.x/avataaars/svg?seed=mentee_6872,,1
3693,2,Senior,Beginner,SA,4,3,https://api.dicebear.com/7.x/avataaars/svg?seed=mentee_6873,,1
3694,1,Senior,Mid,SA,2,5,https://api.dicebear.com/7.x/avataaars/svg?seed=mentee_6874,,1
3695,1,Freshman,Beginner,AE,2,6,https://api.dicebear.com/7.x/avataaars/svg?seed=mentee_6875,,1
3696,2,Sophomore,Beginner,EG,5,8,https://api.dicebear.com/7.x/avataaars/svg?seed=mentee_6876,,1
3697,1,Freshman,Beginner,JO,1,6,https://api.dicebear.com/7.x/avataaars/svg?seed=mentee_6877,,1
3698,2,Junior,Junior,EG,4,3,https://api.dicebear.com/7.x/avataaars/svg?seed=mentee_6878,,1
3699,3,Senior,Junior,SA,6,3,https://api.dicebear.com/7.x/avataaars/svg?seed=mentee_6880,,1
3700,1,Senior,Junior,JO,5,6,https://api.dicebear.com/7.x/avataaars/svg?seed=mentee_6882,,1
3701,1,Senior,Mid,SA,3,1,https://api.dicebear.com/7.x/avataaars/svg?seed=mentee_6883,,1
3702,1,Graduate,Junior,EG,5,1,https://api.dicebear.com/7.x/avataaars/svg?seed=mentee_6884,,1
3703,1,Sophomore,Junior,EG,3,2,https://api.dicebear.com/7.x/avataaars/svg?seed=mentee_6886,,1
3704,2,Freshman,Beginner,AE,6,4,https://api.dicebear.com/7.x/avataaars/svg?seed=mentee_6887,,1
3705,1,Sophomore,Beginner,MA,2,5,https://api.dicebear.com/7.x/avataaars/svg?seed=mentee_6888,,1
3706,1,Senior,Beginner,MA,2,1,https://api.dicebear.com/7.x/avataaars/svg?seed=mentee_6893,,1
3707,1,Junior,Beginner,AE,5,5,https://api.dicebear.com/7.x/avataaars/svg?seed=mentee_6894,,1
3708,1,Graduate,Mid,EG,6,6,https://api.dicebear.com/7.x/avataaars/svg?seed=mentee_6895,,1
3709,2,Sophomore,Junior,EG,5,1,https://api.dicebear.com/7.x/avataaars/svg?seed=mentee_6899,,1
3710,2,Junior,Junior,EG,3,5,https://api.dicebear.com/7.x/avataaars/svg?seed=mentee_6902,,1
3711,2,Senior,Mid,EG,5,5,https://api.dicebear.com/7.x/avataaars/svg?seed=mentee_6905,,1
3712,2,Senior,Beginner,EG,1,5,https://api.dicebear.com/7.x/avataaars/svg?seed=mentee_6906,,1
3713,1,Senior,Beginner,EG,6,5,https://api.dicebear.com/7.x/avataaars/svg?seed=mentee_6908,,1
3714,2,Senior,Junior,SA,2,1,https://api.dicebear.com/7.x/avataaars/svg?seed=mentee_6911,,1
3715,1,Graduate,Junior,EG,4,5,https://api.dicebear.com/7.x/avataaars/svg?seed=mentee_6912,,1
3716,4,Graduate,Junior,AE,5,5,https://api.dicebear.com/7.x/avataaars/svg?seed=mentee_6913,,1
3717,1,Sophomore,Junior,MA,5,5,https://api.dicebear.com/7.x/avataaars/svg?seed=mentee_6915,,1
3718,1,Senior,Beginner,SA,5,6,https://api.dicebear.com/7.x/avataaars/svg?seed=mentee_6917,,1
3719,1,Graduate,Beginner,AE,3,3,https://api.dicebear.com/7.x/avataaars/svg?seed=mentee_6918,,1
3720,3,Junior,Beginner,AE,1,6,https://api.dicebear.com/7.x/avataaars/svg?seed=mentee_6922,,1
3721,1,Graduate,Junior,EG,4,3,https://api.dicebear.com/7.x/avataaars/svg?seed=mentee_6924,,1
3722,4,Graduate,Beginner,EG,1,4,https://api.dicebear.com/7.x/avataaars/svg?seed=mentee_6925,,1
3723,1,Sophomore,Beginner,EG,2,5,https://api.dicebear.com/7.x/avataaars/svg?seed=mentee_6928,,1
3724,3,Graduate,Junior,EG,6,3,https://api.dicebear.com/7.x/avataaars/svg?seed=mentee_6929,,1
3725,2,Junior,Mid,AE,5,2,https://api.dicebear.com/7.x/avataaars/svg?seed=mentee_6935,,1
3726,1,Senior,Junior,MA,5,6,https://api.dicebear.com/7.x/avataaars/svg?seed=mentee_6937,,1
3727,1,Freshman,Junior,MA,1,2,https://api.dicebear.com/7.x/avataaars/svg?seed=mentee_6939,,1
3728,1,Sophomore,Junior,EG,5,7,https://api.dicebear.com/7.x/avataaars/svg?seed=mentee_6940,,1
3729,3,Junior,Junior,MA,5,1,https://api.dicebear.com/7.x/avataaars/svg?seed=mentee_6942,,1
3730,3,Sophomore,Beginner,EG,5,1,https://api.dicebear.com/7.x/avataaars/svg?seed=mentee_6943,,1
3731,1,Senior,Junior,JO,4,3,https://api.dicebear.com/7.x/avataaars/svg?seed=mentee_6947,,1
3732,1,Graduate,Mid,EG,6,1,https://api.dicebear.com/7.x/avataaars/svg?seed=mentee_6948,,1
3733,1,Graduate,Junior,EG,1,6,https://api.dicebear.com/7.x/avataaars/svg?seed=mentee_6950,,1
3734,1,Junior,Junior,EG,4,4,https://api.dicebear.com/7.x/avataaars/svg?seed=mentee_6951,,1
3735,2,Senior,Beginner,JO,1,5,https://api.dicebear.com/7.x/avataaars/svg?seed=mentee_6954,,1
3736,1,Freshman,Beginner,EG,6,5,https://api.dicebear.com/7.x/avataaars/svg?seed=mentee_6955,,1
3737,1,Freshman,Beginner,EG,6,2,https://api.dicebear.com/7.x/avataaars/svg?seed=mentee_6957,,1
3738,3,Graduate,Beginner,MA,6,6,https://api.dicebear.com/7.x/avataaars/svg?seed=mentee_6959,,1
3739,3,Senior,Junior,MA,5,7,https://api.dicebear.com/7.x/avataaars/svg?seed=mentee_6963,,1
3740,3,Senior,Mid,EG,5,2,https://api.dicebear.com/7.x/avataaars/svg?seed=mentee_6964,,1
3741,1,Junior,Junior,AE,4,6,https://api.dicebear.com/7.x/avataaars/svg?seed=mentee_6965,,1
3742,4,Freshman,Junior,EG,6,1,https://api.dicebear.com/7.x/avataaars/svg?seed=mentee_6967,,1
3743,2,Junior,Junior,EG,4,3,https://api.dicebear.com/7.x/avataaars/svg?seed=mentee_6968,,1
3744,2,Sophomore,Beginner,SA,2,7,https://api.dicebear.com/7.x/avataaars/svg?seed=mentee_6972,,1
3745,1,Senior,Beginner,SA,5,6,https://api.dicebear.com/7.x/avataaars/svg?seed=mentee_6973,,1
3746,3,Freshman,Mid,SA,6,6,https://api.dicebear.com/7.x/avataaars/svg?seed=mentee_6976,,1
3747,2,Junior,Beginner,SA,3,4,https://api.dicebear.com/7.x/avataaars/svg?seed=mentee_6978,,1
3748,3,Graduate,Mid,SA,1,6,https://api.dicebear.com/7.x/avataaars/svg?seed=mentee_6979,,1
3749,2,Sophomore,Beginner,AE,3,1,https://api.dicebear.com/7.x/avataaars/svg?seed=mentee_6981,,1
3750,3,Junior,Beginner,AE,1,7,https://api.dicebear.com/7.x/avataaars/svg?seed=mentee_6983,,1
3751,2,Graduate,Beginner,SA,6,5,https://api.dicebear.com/7.x/avataaars/svg?seed=mentee_6984,,1
3752,4,Freshman,Beginner,EG,4,7,https://api.dicebear.com/7.x/avataaars/svg?seed=mentee_6987,,1
3753,1,Freshman,Mid,SA,2,8,https://api.dicebear.com/7.x/avataaars/svg?seed=mentee_6988,,1
3754,1,Sophomore,Junior,AE,2,7,https://api.dicebear.com/7.x/avataaars/svg?seed=mentee_6990,,1
3755,3,Graduate,Mid,SA,5,5,https://api.dicebear.com/7.x/avataaars/svg?seed=mentee_6999,,1
3756,2,Senior,Beginner,SA,3,6,https://api.dicebear.com/7.x/avataaars/svg?seed=mentee_7001,,1
3757,2,Freshman,Beginner,EG,4,7,https://api.dicebear.com/7.x/avataaars/svg?seed=mentee_7004,,1
3758,3,Senior,Junior,SA,3,3,https://api.dicebear.com/7.x/avataaars/svg?seed=mentee_7005,,1
3759,2,Senior,Junior,EG,6,3,https://api.dicebear.com/7.x/avataaars/svg?seed=mentee_7006,,1
3760,3,Junior,Junior,MA,6,4,https://api.dicebear.com/7.x/avataaars/svg?seed=mentee_7007,,1
3761,1,Junior,Junior,AE,6,6,https://api.dicebear.com/7.x/avataaars/svg?seed=mentee_7008,,1
3762,3,Freshman,Mid,EG,5,1,https://api.dicebear.com/7.x/avataaars/svg?seed=mentee_7009,,1
3763,1,Senior,Mid,SA,4,2,https://api.dicebear.com/7.x/avataaars/svg?seed=mentee_7010,,1
3764,2,Junior,Senior,JO,3,7,https://api.dicebear.com/7.x/avataaars/svg?seed=mentee_7011,,1
3765,3,Graduate,Beginner,EG,2,1,https://api.dicebear.com/7.x/avataaars/svg?seed=mentee_7012,,1
3766,1,Graduate,Beginner,SA,3,6,https://api.dicebear.com/7.x/avataaars/svg?seed=mentee_7013,,1
3767,1,Graduate,Beginner,AE,6,5,https://api.dicebear.com/7.x/avataaars/svg?seed=mentee_7014,,1
3768,1,Graduate,Beginner,AE,1,7,https://api.dicebear.com/7.x/avataaars/svg?seed=mentee_7016,,1
3769,2,Senior,Beginner,EG,3,6,https://api.dicebear.com/7.x/avataaars/svg?seed=mentee_7017,,1
3770,1,Graduate,Beginner,SA,6,1,https://api.dicebear.com/7.x/avataaars/svg?seed=mentee_7019,,1
3771,1,Senior,Beginner,MA,2,7,https://api.dicebear.com/7.x/avataaars/svg?seed=mentee_7020,,1
3772,3,Freshman,Beginner,MA,3,5,https://api.dicebear.com/7.x/avataaars/svg?seed=mentee_7021,,1
3773,1,Freshman,Mid,AE,3,8,https://api.dicebear.com/7.x/avataaars/svg?seed=mentee_7023,,1
3774,2,Graduate,Junior,MA,2,6,https://api.dicebear.com/7.x/avataaars/svg?seed=mentee_7026,,1
3775,2,Graduate,Beginner,SA,1,5,https://api.dicebear.com/7.x/avataaars/svg?seed=mentee_7027,,1
3776,1,Graduate,Junior,SA,5,6,https://api.dicebear.com/7.x/avataaars/svg?seed=mentee_7028,,1
3777,1,Freshman,Mid,SA,4,7,https://api.dicebear.com/7.x/avataaars/svg?seed=mentee_7029,,1
3778,4,Junior,Beginner,EG,6,4,https://api.dicebear.com/7.x/avataaars/svg?seed=mentee_7033,,1
3779,2,Freshman,Beginner,SA,4,4,https://api.dicebear.com/7.x/avataaars/svg?seed=mentee_7035,,1
3780,1,Graduate,Mid,SA,4,4,https://api.dicebear.com/7.x/avataaars/svg?seed=mentee_7036,,1
3781,3,Junior,Mid,JO,5,6,https://api.dicebear.com/7.x/avataaars/svg?seed=mentee_7038,,1
3782,2,Junior,Beginner,AE,6,7,https://api.dicebear.com/7.x/avataaars/svg?seed=mentee_7039,,1
3783,1,Sophomore,Junior,SA,3,3,https://api.dicebear.com/7.x/avataaars/svg?seed=mentee_7040,,1
3784,2,Senior,Beginner,EG,5,1,https://api.dicebear.com/7.x/avataaars/svg?seed=mentee_7042,,1
3785,2,Graduate,Beginner,EG,1,3,https://api.dicebear.com/7.x/avataaars/svg?seed=mentee_7046,,1
3786,1,Senior,Beginner,EG,1,6,https://api.dicebear.com/7.x/avataaars/svg?seed=mentee_7047,,1
3787,3,Sophomore,Mid,AE,6,2,https://api.dicebear.com/7.x/avataaars/svg?seed=mentee_7051,,1
3788,1,Senior,Mid,EG,1,5,https://api.dicebear.com/7.x/avataaars/svg?seed=mentee_7053,,1
3789,1,Graduate,Junior,SA,3,1,https://api.dicebear.com/7.x/avataaars/svg?seed=mentee_7054,,1
3790,1,Sophomore,Junior,EG,3,4,https://api.dicebear.com/7.x/avataaars/svg?seed=mentee_7055,,1
3791,3,Senior,Beginner,AE,5,3,https://api.dicebear.com/7.x/avataaars/svg?seed=mentee_7057,,1
3792,3,Freshman,Beginner,JO,4,6,https://api.dicebear.com/7.x/avataaars/svg?seed=mentee_7058,,1
3793,4,Junior,Beginner,AE,3,1,https://api.dicebear.com/7.x/avataaars/svg?seed=mentee_7060,,1
3794,1,Sophomore,Junior,EG,4,3,https://api.dicebear.com/7.x/avataaars/svg?seed=mentee_7061,,1
3795,3,Freshman,Beginner,SA,3,1,https://api.dicebear.com/7.x/avataaars/svg?seed=mentee_7062,,1
3796,2,Graduate,Beginner,EG,5,1,https://api.dicebear.com/7.x/avataaars/svg?seed=mentee_7063,,1
3797,1,Junior,Mid,EG,2,7,https://api.dicebear.com/7.x/avataaars/svg?seed=mentee_7065,,1
3798,1,Sophomore,Junior,EG,5,3,https://api.dicebear.com/7.x/avataaars/svg?seed=mentee_7068,,1
3799,3,Junior,Mid,EG,6,5,https://api.dicebear.com/7.x/avataaars/svg?seed=mentee_7069,,1
3800,1,Sophomore,Beginner,EG,5,7,https://api.dicebear.com/7.x/avataaars/svg?seed=mentee_7071,,1
3801,2,Sophomore,Mid,EG,3,5,https://api.dicebear.com/7.x/avataaars/svg?seed=mentee_7075,,1
3802,2,Senior,Beginner,EG,6,1,https://api.dicebear.com/7.x/avataaars/svg?seed=mentee_7076,,1
3803,1,Junior,Junior,SA,4,6,https://api.dicebear.com/7.x/avataaars/svg?seed=mentee_7082,,1
3804,4,Junior,Junior,MA,6,6,https://api.dicebear.com/7.x/avataaars/svg?seed=mentee_7085,,1
3805,3,Freshman,Beginner,JO,2,3,https://api.dicebear.com/7.x/avataaars/svg?seed=mentee_7087,,1
3806,2,Graduate,Senior,EG,6,1,https://api.dicebear.com/7.x/avataaars/svg?seed=mentee_7089,,1
3807,2,Freshman,Mid,SA,6,5,https://api.dicebear.com/7.x/avataaars/svg?seed=mentee_7091,,1
3808,2,Senior,Junior,JO,1,4,https://api.dicebear.com/7.x/avataaars/svg?seed=mentee_7092,,1
3809,3,Sophomore,Beginner,EG,4,7,https://api.dicebear.com/7.x/avataaars/svg?seed=mentee_7094,,1
3810,1,Senior,Beginner,JO,4,1,https://api.dicebear.com/7.x/avataaars/svg?seed=mentee_7095,,1
3811,1,Senior,Mid,SA,5,7,https://api.dicebear.com/7.x/avataaars/svg?seed=mentee_7096,,1
3812,1,Freshman,Mid,MA,6,4,https://api.dicebear.com/7.x/avataaars/svg?seed=mentee_7098,,1
3813,2,Sophomore,Junior,JO,6,6,https://api.dicebear.com/7.x/avataaars/svg?seed=mentee_7102,,1
3814,2,Graduate,Junior,AE,5,1,https://api.dicebear.com/7.x/avataaars/svg?seed=mentee_7103,,1
3815,1,Senior,Beginner,AE,1,8,https://api.dicebear.com/7.x/avataaars/svg?seed=mentee_7104,,1
3816,4,Graduate,Beginner,EG,1,5,https://api.dicebear.com/7.x/avataaars/svg?seed=mentee_7105,,1
3817,1,Sophomore,Beginner,EG,6,5,https://api.dicebear.com/7.x/avataaars/svg?seed=mentee_7107,,1
3818,1,Sophomore,Junior,SA,3,4,https://api.dicebear.com/7.x/avataaars/svg?seed=mentee_7108,,1
3819,1,Freshman,Junior,EG,5,1,https://api.dicebear.com/7.x/avataaars/svg?seed=mentee_7109,,1
3820,2,Junior,Beginner,EG,1,6,https://api.dicebear.com/7.x/avataaars/svg?seed=mentee_7110,,1
3821,1,Freshman,Junior,EG,2,1,https://api.dicebear.com/7.x/avataaars/svg?seed=mentee_7111,,1
3822,2,Graduate,Beginner,JO,3,4,https://api.dicebear.com/7.x/avataaars/svg?seed=mentee_7115,,1
3823,3,Freshman,Beginner,EG,5,3,https://api.dicebear.com/7.x/avataaars/svg?seed=mentee_7116,,1
3824,1,Sophomore,Junior,EG,5,5,https://api.dicebear.com/7.x/avataaars/svg?seed=mentee_7118,,1
3825,4,Senior,Mid,SA,2,7,https://api.dicebear.com/7.x/avataaars/svg?seed=mentee_7119,,1
3826,1,Junior,Junior,SA,1,3,https://api.dicebear.com/7.x/avataaars/svg?seed=mentee_7120,,1
3827,2,Sophomore,Beginner,EG,6,6,https://api.dicebear.com/7.x/avataaars/svg?seed=mentee_7121,,1
3828,1,Senior,Mid,MA,3,1,https://api.dicebear.com/7.x/avataaars/svg?seed=mentee_7123,,1
3829,3,Graduate,Junior,SA,5,3,https://api.dicebear.com/7.x/avataaars/svg?seed=mentee_7124,,1
3830,3,Graduate,Beginner,SA,2,5,https://api.dicebear.com/7.x/avataaars/svg?seed=mentee_7126,,1
3831,1,Graduate,Junior,EG,2,5,https://api.dicebear.com/7.x/avataaars/svg?seed=mentee_7127,,1
3832,1,Freshman,Beginner,SA,5,5,https://api.dicebear.com/7.x/avataaars/svg?seed=mentee_7130,,1
3833,1,Graduate,Junior,JO,2,3,https://api.dicebear.com/7.x/avataaars/svg?seed=mentee_7131,,1
3834,1,Graduate,Mid,EG,6,7,https://api.dicebear.com/7.x/avataaars/svg?seed=mentee_7134,,1
3835,4,Freshman,Junior,EG,4,5,https://api.dicebear.com/7.x/avataaars/svg?seed=mentee_7136,,1
3836,2,Senior,Mid,EG,3,6,https://api.dicebear.com/7.x/avataaars/svg?seed=mentee_7139,,1
3837,2,Sophomore,Beginner,MA,4,6,https://api.dicebear.com/7.x/avataaars/svg?seed=mentee_7140,,1
3838,4,Junior,Junior,EG,5,1,https://api.dicebear.com/7.x/avataaars/svg?seed=mentee_7141,,1
3839,3,Graduate,Senior,JO,1,3,https://api.dicebear.com/7.x/avataaars/svg?seed=mentee_7142,,1
3840,3,Graduate,Mid,EG,4,1,https://api.dicebear.com/7.x/avataaars/svg?seed=mentee_7146,,1
3841,1,Graduate,Beginner,SA,2,5,https://api.dicebear.com/7.x/avataaars/svg?seed=mentee_7148,,1
3842,1,Freshman,Junior,AE,5,6,https://api.dicebear.com/7.x/avataaars/svg?seed=mentee_7150,,1
3843,1,Freshman,Junior,EG,6,4,https://api.dicebear.com/7.x/avataaars/svg?seed=mentee_7151,,1
3844,1,Freshman,Mid,SA,2,7,https://api.dicebear.com/7.x/avataaars/svg?seed=mentee_7152,,1
3845,1,Junior,Mid,EG,6,6,https://api.dicebear.com/7.x/avataaars/svg?seed=mentee_7156,,1
3846,1,Sophomore,Junior,EG,5,4,https://api.dicebear.com/7.x/avataaars/svg?seed=mentee_7157,,1
3847,1,Graduate,Junior,JO,6,7,https://api.dicebear.com/7.x/avataaars/svg?seed=mentee_7158,,1
3848,1,Senior,Junior,EG,3,2,https://api.dicebear.com/7.x/avataaars/svg?seed=mentee_7161,,1
3849,1,Graduate,Junior,AE,5,5,https://api.dicebear.com/7.x/avataaars/svg?seed=mentee_7162,,1
3850,1,Graduate,Junior,EG,3,6,https://api.dicebear.com/7.x/avataaars/svg?seed=mentee_7164,,1
3851,1,Graduate,Beginner,EG,4,7,https://api.dicebear.com/7.x/avataaars/svg?seed=mentee_7165,,1
3852,2,Graduate,Junior,AE,3,1,https://api.dicebear.com/7.x/avataaars/svg?seed=mentee_7168,,1
3853,3,Sophomore,Mid,SA,5,7,https://api.dicebear.com/7.x/avataaars/svg?seed=mentee_7169,,1
3854,3,Senior,Beginner,EG,4,6,https://api.dicebear.com/7.x/avataaars/svg?seed=mentee_7170,,1
3855,1,Freshman,Beginner,SA,2,7,https://api.dicebear.com/7.x/avataaars/svg?seed=mentee_7172,,1
3856,1,Senior,Junior,EG,3,5,https://api.dicebear.com/7.x/avataaars/svg?seed=mentee_7173,,1
3857,1,Graduate,Junior,JO,1,6,https://api.dicebear.com/7.x/avataaars/svg?seed=mentee_7175,,1
3858,1,Senior,Beginner,EG,3,1,https://api.dicebear.com/7.x/avataaars/svg?seed=mentee_7178,,1
3859,1,Graduate,Mid,EG,3,4,https://api.dicebear.com/7.x/avataaars/svg?seed=mentee_7179,,1
3860,4,Senior,Beginner,AE,5,3,https://api.dicebear.com/7.x/avataaars/svg?seed=mentee_7180,,1
3861,1,Junior,Junior,EG,6,5,https://api.dicebear.com/7.x/avataaars/svg?seed=mentee_7181,,1
3862,1,Senior,Mid,EG,4,5,https://api.dicebear.com/7.x/avataaars/svg?seed=mentee_7185,,1
3863,3,Freshman,Beginner,EG,6,1,https://api.dicebear.com/7.x/avataaars/svg?seed=mentee_7186,,1
3864,2,Freshman,Beginner,JO,5,3,https://api.dicebear.com/7.x/avataaars/svg?seed=mentee_7187,,1
3865,1,Senior,Junior,MA,2,7,https://api.dicebear.com/7.x/avataaars/svg?seed=mentee_7188,,1
3866,1,Senior,Junior,AE,5,5,https://api.dicebear.com/7.x/avataaars/svg?seed=mentee_7190,,1
3867,4,Sophomore,Beginner,SA,2,4,https://api.dicebear.com/7.x/avataaars/svg?seed=mentee_7191,,1
3868,1,Senior,Beginner,SA,4,7,https://api.dicebear.com/7.x/avataaars/svg?seed=mentee_7192,,1
3869,2,Freshman,Mid,SA,4,1,https://api.dicebear.com/7.x/avataaars/svg?seed=mentee_7193,,1
3870,3,Junior,Beginner,EG,3,1,https://api.dicebear.com/7.x/avataaars/svg?seed=mentee_7194,,1
3871,1,Freshman,Senior,MA,3,1,https://api.dicebear.com/7.x/avataaars/svg?seed=mentee_7196,,1
3872,3,Sophomore,Beginner,EG,1,7,https://api.dicebear.com/7.x/avataaars/svg?seed=mentee_7199,,1
3873,1,Senior,Beginner,EG,1,1,https://api.dicebear.com/7.x/avataaars/svg?seed=mentee_7202,,1
3874,1,Junior,Beginner,JO,6,5,https://api.dicebear.com/7.x/avataaars/svg?seed=mentee_7205,,1
3875,1,Freshman,Mid,AE,5,6,https://api.dicebear.com/7.x/avataaars/svg?seed=mentee_7207,,1
3876,4,Junior,Junior,EG,4,3,https://api.dicebear.com/7.x/avataaars/svg?seed=mentee_7208,,1
3877,1,Graduate,Beginner,EG,2,7,https://api.dicebear.com/7.x/avataaars/svg?seed=mentee_7209,,1
3878,1,Freshman,Junior,SA,4,4,https://api.dicebear.com/7.x/avataaars/svg?seed=mentee_7210,,1
3879,4,Graduate,Junior,SA,2,7,https://api.dicebear.com/7.x/avataaars/svg?seed=mentee_7211,,1
3880,1,Junior,Junior,SA,3,5,https://api.dicebear.com/7.x/avataaars/svg?seed=mentee_7213,,1
3881,3,Senior,Junior,EG,6,1,https://api.dicebear.com/7.x/avataaars/svg?seed=mentee_7215,,1
3882,2,Senior,Mid,MA,4,3,https://api.dicebear.com/7.x/avataaars/svg?seed=mentee_7216,,1
3883,2,Senior,Mid,EG,2,3,https://api.dicebear.com/7.x/avataaars/svg?seed=mentee_7217,,1
3884,3,Graduate,Beginner,SA,2,5,https://api.dicebear.com/7.x/avataaars/svg?seed=mentee_7218,,1
3885,3,Senior,Junior,SA,3,5,https://api.dicebear.com/7.x/avataaars/svg?seed=mentee_7223,,1
3886,1,Sophomore,Junior,EG,2,2,https://api.dicebear.com/7.x/avataaars/svg?seed=mentee_7227,,1
3887,4,Freshman,Junior,EG,4,4,https://api.dicebear.com/7.x/avataaars/svg?seed=mentee_7228,,1
3888,4,Freshman,Junior,MA,1,3,https://api.dicebear.com/7.x/avataaars/svg?seed=mentee_7229,,1
3889,3,Junior,Senior,JO,6,4,https://api.dicebear.com/7.x/avataaars/svg?seed=mentee_7231,,1
3890,2,Graduate,Beginner,EG,5,6,https://api.dicebear.com/7.x/avataaars/svg?seed=mentee_7232,,1
3891,2,Freshman,Beginner,JO,6,6,https://api.dicebear.com/7.x/avataaars/svg?seed=mentee_7235,,1
3892,2,Graduate,Beginner,EG,3,6,https://api.dicebear.com/7.x/avataaars/svg?seed=mentee_7239,,1
3893,1,Junior,Mid,SA,2,5,https://api.dicebear.com/7.x/avataaars/svg?seed=mentee_7240,,1
3894,2,Senior,Mid,EG,5,3,https://api.dicebear.com/7.x/avataaars/svg?seed=mentee_7241,,1
3895,2,Junior,Beginner,JO,3,7,https://api.dicebear.com/7.x/avataaars/svg?seed=mentee_7242,,1
3896,2,Sophomore,Mid,EG,6,4,https://api.dicebear.com/7.x/avataaars/svg?seed=mentee_7243,,1
3897,1,Senior,Junior,SA,5,1,https://api.dicebear.com/7.x/avataaars/svg?seed=mentee_7244,,1
3898,2,Senior,Mid,AE,5,7,https://api.dicebear.com/7.x/avataaars/svg?seed=mentee_7247,,1
3899,2,Senior,Junior,EG,2,7,https://api.dicebear.com/7.x/avataaars/svg?seed=mentee_7248,,1
3900,1,Junior,Beginner,SA,1,5,https://api.dicebear.com/7.x/avataaars/svg?seed=mentee_7251,,1
3901,4,Sophomore,Junior,EG,1,3,https://api.dicebear.com/7.x/avataaars/svg?seed=mentee_7254,,1
3902,3,Graduate,Mid,AE,1,6,https://api.dicebear.com/7.x/avataaars/svg?seed=mentee_7256,,1
3903,1,Junior,Mid,EG,1,3,https://api.dicebear.com/7.x/avataaars/svg?seed=mentee_7257,,1
3904,1,Freshman,Junior,SA,1,6,https://api.dicebear.com/7.x/avataaars/svg?seed=mentee_7263,,1
3905,2,Freshman,Junior,MA,6,5,https://api.dicebear.com/7.x/avataaars/svg?seed=mentee_7265,,1
3906,1,Junior,Mid,EG,4,1,https://api.dicebear.com/7.x/avataaars/svg?seed=mentee_7266,,1
3907,3,Graduate,Senior,EG,4,1,https://api.dicebear.com/7.x/avataaars/svg?seed=mentee_7267,,1
3908,1,Freshman,Junior,AE,3,6,https://api.dicebear.com/7.x/avataaars/svg?seed=mentee_7268,,1
3909,1,Graduate,Junior,AE,6,4,https://api.dicebear.com/7.x/avataaars/svg?seed=mentee_7270,,1
3910,1,Senior,Junior,MA,3,1,https://api.dicebear.com/7.x/avataaars/svg?seed=mentee_7272,,1
3911,3,Junior,Beginner,EG,1,6,https://api.dicebear.com/7.x/avataaars/svg?seed=mentee_7273,,1
3912,4,Senior,Junior,EG,3,1,https://api.dicebear.com/7.x/avataaars/svg?seed=mentee_7274,,1
3913,3,Freshman,Mid,JO,1,3,https://api.dicebear.com/7.x/avataaars/svg?seed=mentee_7275,,1
3914,2,Graduate,Junior,JO,4,5,https://api.dicebear.com/7.x/avataaars/svg?seed=mentee_7276,,1
3915,3,Senior,Senior,SA,1,7,https://api.dicebear.com/7.x/avataaars/svg?seed=mentee_7277,,1
3916,1,Freshman,Mid,EG,6,4,https://api.dicebear.com/7.x/avataaars/svg?seed=mentee_7279,,1
3917,2,Sophomore,Beginner,EG,1,6,https://api.dicebear.com/7.x/avataaars/svg?seed=mentee_7282,,1
3918,4,Senior,Junior,EG,1,7,https://api.dicebear.com/7.x/avataaars/svg?seed=mentee_7283,,1
3919,1,Sophomore,Junior,MA,4,5,https://api.dicebear.com/7.x/avataaars/svg?seed=mentee_7287,,1
3920,4,Sophomore,Beginner,EG,5,1,https://api.dicebear.com/7.x/avataaars/svg?seed=mentee_7290,,1
3921,1,Freshman,Beginner,SA,3,5,https://api.dicebear.com/7.x/avataaars/svg?seed=mentee_7294,,1
3922,1,Junior,Mid,SA,3,6,https://api.dicebear.com/7.x/avataaars/svg?seed=mentee_7295,,1
3923,2,Graduate,Beginner,EG,4,5,https://api.dicebear.com/7.x/avataaars/svg?seed=mentee_7297,,1
3924,4,Freshman,Beginner,EG,2,1,https://api.dicebear.com/7.x/avataaars/svg?seed=mentee_7301,,1
3925,1,Senior,Beginner,AE,5,5,https://api.dicebear.com/7.x/avataaars/svg?seed=mentee_7304,,1
3926,3,Graduate,Junior,EG,5,5,https://api.dicebear.com/7.x/avataaars/svg?seed=mentee_7311,,1
3927,1,Junior,Mid,EG,6,2,https://api.dicebear.com/7.x/avataaars/svg?seed=mentee_7313,,1
3928,3,Freshman,Beginner,EG,2,1,https://api.dicebear.com/7.x/avataaars/svg?seed=mentee_7314,,1
3929,2,Junior,Senior,JO,6,7,https://api.dicebear.com/7.x/avataaars/svg?seed=mentee_7315,,1
3930,1,Senior,Beginner,MA,5,6,https://api.dicebear.com/7.x/avataaars/svg?seed=mentee_7317,,1
3931,3,Freshman,Junior,SA,6,7,https://api.dicebear.com/7.x/avataaars/svg?seed=mentee_7319,,1
3932,3,Senior,Beginner,AE,2,3,https://api.dicebear.com/7.x/avataaars/svg?seed=mentee_7320,,1
3933,2,Graduate,Beginner,SA,2,4,https://api.dicebear.com/7.x/avataaars/svg?seed=mentee_7324,,1
3934,1,Graduate,Junior,SA,6,7,https://api.dicebear.com/7.x/avataaars/svg?seed=mentee_7325,,1
3935,1,Junior,Junior,MA,3,6,https://api.dicebear.com/7.x/avataaars/svg?seed=mentee_7326,,1
3936,4,Junior,Beginner,SA,5,7,https://api.dicebear.com/7.x/avataaars/svg?seed=mentee_7328,,1
3937,2,Graduate,Junior,EG,1,3,https://api.dicebear.com/7.x/avataaars/svg?seed=mentee_7329,,1
3938,3,Sophomore,Mid,MA,2,3,https://api.dicebear.com/7.x/avataaars/svg?seed=mentee_7330,,1
3939,2,Graduate,Beginner,AE,2,3,https://api.dicebear.com/7.x/avataaars/svg?seed=mentee_7331,,1
3940,3,Freshman,Mid,EG,2,5,https://api.dicebear.com/7.x/avataaars/svg?seed=mentee_7333,,1
3941,1,Senior,Mid,MA,1,7,https://api.dicebear.com/7.x/avataaars/svg?seed=mentee_7337,,1
3942,2,Graduate,Beginner,EG,1,6,https://api.dicebear.com/7.x/avataaars/svg?seed=mentee_7339,,1
3943,2,Graduate,Beginner,EG,1,5,https://api.dicebear.com/7.x/avataaars/svg?seed=mentee_7341,,1
3944,1,Senior,Junior,SA,5,7,https://api.dicebear.com/7.x/avataaars/svg?seed=mentee_7343,,1
3945,1,Senior,Beginner,EG,4,7,https://api.dicebear.com/7.x/avataaars/svg?seed=mentee_7345,,1
3946,2,Freshman,Mid,AE,6,3,https://api.dicebear.com/7.x/avataaars/svg?seed=mentee_7346,,1
3947,3,Senior,Mid,EG,3,6,https://api.dicebear.com/7.x/avataaars/svg?seed=mentee_7348,,1
3948,2,Junior,Beginner,EG,1,3,https://api.dicebear.com/7.x/avataaars/svg?seed=mentee_7349,,1
3949,1,Graduate,Junior,SA,3,7,https://api.dicebear.com/7.x/avataaars/svg?seed=mentee_7352,,1
3950,4,Senior,Mid,SA,3,5,https://api.dicebear.com/7.x/avataaars/svg?seed=mentee_7353,,1
3951,1,Freshman,Beginner,EG,6,5,https://api.dicebear.com/7.x/avataaars/svg?seed=mentee_7356,,1
3952,1,Senior,Mid,MA,3,7,https://api.dicebear.com/7.x/avataaars/svg?seed=mentee_7358,,1
3953,4,Graduate,Mid,SA,1,2,https://api.dicebear.com/7.x/avataaars/svg?seed=mentee_7361,,1
3954,3,Sophomore,Beginner,EG,4,3,https://api.dicebear.com/7.x/avataaars/svg?seed=mentee_7362,,1
3955,4,Senior,Junior,EG,3,5,https://api.dicebear.com/7.x/avataaars/svg?seed=mentee_7363,,1
3956,3,Junior,Junior,JO,6,4,https://api.dicebear.com/7.x/avataaars/svg?seed=mentee_7364,,1
3957,2,Graduate,Beginner,SA,2,1,https://api.dicebear.com/7.x/avataaars/svg?seed=mentee_7365,,1
3958,1,Freshman,Junior,EG,3,7,https://api.dicebear.com/7.x/avataaars/svg?seed=mentee_7367,,1
3959,1,Graduate,Beginner,EG,5,5,https://api.dicebear.com/7.x/avataaars/svg?seed=mentee_7369,,1
3960,4,Sophomore,Mid,SA,2,6,https://api.dicebear.com/7.x/avataaars/svg?seed=mentee_7371,,1
3961,3,Freshman,Beginner,EG,4,7,https://api.dicebear.com/7.x/avataaars/svg?seed=mentee_7372,,1
3962,1,Sophomore,Beginner,AE,6,2,https://api.dicebear.com/7.x/avataaars/svg?seed=mentee_7373,,1
3963,1,Sophomore,Mid,MA,6,1,https://api.dicebear.com/7.x/avataaars/svg?seed=mentee_7375,,1
3964,1,Junior,Beginner,EG,2,1,https://api.dicebear.com/7.x/avataaars/svg?seed=mentee_7378,,1
3965,1,Senior,Junior,JO,5,3,https://api.dicebear.com/7.x/avataaars/svg?seed=mentee_7380,,1
3966,3,Junior,Beginner,MA,1,5,https://api.dicebear.com/7.x/avataaars/svg?seed=mentee_7382,,1
3967,1,Junior,Junior,MA,5,4,https://api.dicebear.com/7.x/avataaars/svg?seed=mentee_7384,,1
3968,1,Junior,Beginner,MA,5,1,https://api.dicebear.com/7.x/avataaars/svg?seed=mentee_7386,,1
3969,4,Freshman,Beginner,JO,6,1,https://api.dicebear.com/7.x/avataaars/svg?seed=mentee_7387,,1
3970,2,Senior,Junior,SA,6,7,https://api.dicebear.com/7.x/avataaars/svg?seed=mentee_7389,,1
3971,2,Senior,Junior,SA,5,6,https://api.dicebear.com/7.x/avataaars/svg?seed=mentee_7391,,1
3972,1,Freshman,Beginner,SA,1,5,https://api.dicebear.com/7.x/avataaars/svg?seed=mentee_7395,,1
3973,1,Junior,Junior,JO,4,5,https://api.dicebear.com/7.x/avataaars/svg?seed=mentee_7397,,1
3974,1,Junior,Beginner,EG,3,4,https://api.dicebear.com/7.x/avataaars/svg?seed=mentee_7398,,1
3975,1,Sophomore,Junior,EG,1,3,https://api.dicebear.com/7.x/avataaars/svg?seed=mentee_7399,,1
3976,1,Sophomore,Junior,EG,2,2,https://api.dicebear.com/7.x/avataaars/svg?seed=mentee_7400,,1
3977,1,Graduate,Junior,JO,4,5,https://api.dicebear.com/7.x/avataaars/svg?seed=mentee_7401,,1
3978,1,Sophomore,Beginner,AE,4,7,https://api.dicebear.com/7.x/avataaars/svg?seed=mentee_7404,,1
3979,1,Senior,Junior,SA,5,6,https://api.dicebear.com/7.x/avataaars/svg?seed=mentee_7406,,1
3980,4,Freshman,Mid,EG,5,1,https://api.dicebear.com/7.x/avataaars/svg?seed=mentee_7407,,1
3981,1,Junior,Junior,AE,5,5,https://api.dicebear.com/7.x/avataaars/svg?seed=mentee_7408,,1
3982,1,Graduate,Mid,EG,2,6,https://api.dicebear.com/7.x/avataaars/svg?seed=mentee_7409,,1
3983,3,Sophomore,Mid,SA,1,7,https://api.dicebear.com/7.x/avataaars/svg?seed=mentee_7413,,1
3984,1,Graduate,Beginner,EG,2,2,https://api.dicebear.com/7.x/avataaars/svg?seed=mentee_7414,,1
3985,2,Freshman,Mid,MA,2,7,https://api.dicebear.com/7.x/avataaars/svg?seed=mentee_7415,,1
3986,3,Freshman,Beginner,SA,5,1,https://api.dicebear.com/7.x/avataaars/svg?seed=mentee_7419,,1
3987,2,Graduate,Mid,SA,4,5,https://api.dicebear.com/7.x/avataaars/svg?seed=mentee_7421,,1
3988,1,Graduate,Junior,AE,2,5,https://api.dicebear.com/7.x/avataaars/svg?seed=mentee_7422,,1
3989,3,Graduate,Junior,SA,3,5,https://api.dicebear.com/7.x/avataaars/svg?seed=mentee_7424,,1
3990,2,Junior,Beginner,EG,6,7,https://api.dicebear.com/7.x/avataaars/svg?seed=mentee_7426,,1
3991,1,Senior,Beginner,SA,3,2,https://api.dicebear.com/7.x/avataaars/svg?seed=mentee_7428,,1
3992,1,Sophomore,Junior,MA,6,5,https://api.dicebear.com/7.x/avataaars/svg?seed=mentee_7429,,1
3993,1,Sophomore,Beginner,SA,1,6,https://api.dicebear.com/7.x/avataaars/svg?seed=mentee_7435,,1
3994,3,Sophomore,Beginner,AE,5,7,https://api.dicebear.com/7.x/avataaars/svg?seed=mentee_7436,,1
3995,1,Graduate,Beginner,MA,1,4,https://api.dicebear.com/7.x/avataaars/svg?seed=mentee_7438,,1
3996,1,Graduate,Beginner,JO,4,1,https://api.dicebear.com/7.x/avataaars/svg?seed=mentee_7439,,1
3997,2,Graduate,Beginner,AE,6,6,https://api.dicebear.com/7.x/avataaars/svg?seed=mentee_7443,,1
3998,4,Junior,Junior,AE,5,6,https://api.dicebear.com/7.x/avataaars/svg?seed=mentee_7444,,1
3999,1,Junior,Junior,MA,3,5,https://api.dicebear.com/7.x/avataaars/svg?seed=mentee_7446,,1
4000,1,Junior,Junior,MA,1,5,https://api.dicebear.com/7.x/avataaars/svg?seed=mentee_7448,,1
4001,1,Junior,Beginner,MA,1,5,https://api.dicebear.com/7.x/avataaars/svg?seed=mentee_7450,,1
4002,2,Freshman,Beginner,SA,3,1,https://api.dicebear.com/7.x/avataaars/svg?seed=mentee_7451,,1
4003,2,Junior,Junior,EG,5,1,https://api.dicebear.com/7.x/avataaars/svg?seed=mentee_7452,,1
4004,3,Junior,Beginner,EG,3,6,https://api.dicebear.com/7.x/avataaars/svg?seed=mentee_7453,,1
4005,1,Junior,Mid,EG,4,6,https://api.dicebear.com/7.x/avataaars/svg?seed=mentee_7454,,1
4006,1,Sophomore,Senior,MA,5,3,https://api.dicebear.com/7.x/avataaars/svg?seed=mentee_7461,,1
4007,1,Sophomore,Junior,JO,5,6,https://api.dicebear.com/7.x/avataaars/svg?seed=mentee_7462,,1
4008,1,Sophomore,Beginner,SA,6,7,https://api.dicebear.com/7.x/avataaars/svg?seed=mentee_7463,,1
4009,2,Senior,Beginner,SA,1,7,https://api.dicebear.com/7.x/avataaars/svg?seed=mentee_7464,,1
4010,3,Freshman,Beginner,EG,1,3,https://api.dicebear.com/7.x/avataaars/svg?seed=mentee_7468,,1
4011,1,Graduate,Beginner,SA,6,7,https://api.dicebear.com/7.x/avataaars/svg?seed=mentee_7471,,1
4012,3,Junior,Mid,AE,6,7,https://api.dicebear.com/7.x/avataaars/svg?seed=mentee_7475,,1
4013,1,Sophomore,Beginner,SA,2,7,https://api.dicebear.com/7.x/avataaars/svg?seed=mentee_7476,,1
4014,2,Freshman,Beginner,EG,3,5,https://api.dicebear.com/7.x/avataaars/svg?seed=mentee_7478,,1
4015,1,Junior,Junior,SA,2,1,https://api.dicebear.com/7.x/avataaars/svg?seed=mentee_7482,,1
4016,2,Senior,Beginner,EG,4,6,https://api.dicebear.com/7.x/avataaars/svg?seed=mentee_7483,,1
4017,1,Graduate,Junior,MA,3,5,https://api.dicebear.com/7.x/avataaars/svg?seed=mentee_7484,,1
4018,4,Junior,Junior,EG,4,6,https://api.dicebear.com/7.x/avataaars/svg?seed=mentee_7485,,1
4019,4,Graduate,Junior,MA,1,4,https://api.dicebear.com/7.x/avataaars/svg?seed=mentee_7486,,1
4020,3,Junior,Beginner,EG,6,3,https://api.dicebear.com/7.x/avataaars/svg?seed=mentee_7491,,1
4021,3,Senior,Junior,EG,4,1,https://api.dicebear.com/7.x/avataaars/svg?seed=mentee_7492,,1
4022,1,Freshman,Junior,SA,1,5,https://api.dicebear.com/7.x/avataaars/svg?seed=mentee_7494,,1
4023,2,Graduate,Junior,AE,2,5,https://api.dicebear.com/7.x/avataaars/svg?seed=mentee_7495,,1
4024,1,Graduate,Beginner,SA,3,6,https://api.dicebear.com/7.x/avataaars/svg?seed=mentee_7496,,1
4025,3,Freshman,Junior,EG,2,6,https://api.dicebear.com/7.x/avataaars/svg?seed=mentee_7497,,1
4026,1,Graduate,Beginner,EG,3,6,https://api.dicebear.com/7.x/avataaars/svg?seed=mentee_7498,,1
4027,1,Sophomore,Mid,SA,4,7,https://api.dicebear.com/7.x/avataaars/svg?seed=mentee_7499,,1
4028,2,Freshman,Junior,EG,1,7,https://api.dicebear.com/7.x/avataaars/svg?seed=mentee_7500,,1
4029,1,Senior,Beginner,EG,2,7,https://api.dicebear.com/7.x/avataaars/svg?seed=mentee_7502,,1
4030,3,Junior,Beginner,AE,5,1,https://api.dicebear.com/7.x/avataaars/svg?seed=mentee_7503,,1
4031,1,Junior,Junior,EG,3,6,https://api.dicebear.com/7.x/avataaars/svg?seed=mentee_7505,,1
4032,2,Freshman,Junior,EG,6,4,https://api.dicebear.com/7.x/avataaars/svg?seed=mentee_7508,,1
4033,3,Sophomore,Beginner,EG,3,1,https://api.dicebear.com/7.x/avataaars/svg?seed=mentee_7509,,1
4034,2,Senior,Beginner,MA,3,5,https://api.dicebear.com/7.x/avataaars/svg?seed=mentee_7510,,1
4035,1,Junior,Beginner,EG,6,1,https://api.dicebear.com/7.x/avataaars/svg?seed=mentee_7512,,1
4036,1,Junior,Junior,MA,1,5,https://api.dicebear.com/7.x/avataaars/svg?seed=mentee_7513,,1
4037,1,Sophomore,Junior,EG,6,5,https://api.dicebear.com/7.x/avataaars/svg?seed=mentee_7514,,1
4038,1,Graduate,Beginner,AE,2,6,https://api.dicebear.com/7.x/avataaars/svg?seed=mentee_7515,,1
4039,2,Freshman,Mid,EG,3,3,https://api.dicebear.com/7.x/avataaars/svg?seed=mentee_7516,,1
4040,1,Sophomore,Mid,SA,6,5,https://api.dicebear.com/7.x/avataaars/svg?seed=mentee_7519,,1
4041,1,Sophomore,Beginner,JO,2,1,https://api.dicebear.com/7.x/avataaars/svg?seed=mentee_7520,,1
4042,1,Sophomore,Beginner,JO,6,7,https://api.dicebear.com/7.x/avataaars/svg?seed=mentee_7521,,1
4043,4,Sophomore,Mid,AE,5,7,https://api.dicebear.com/7.x/avataaars/svg?seed=mentee_7522,,1
4044,1,Graduate,Mid,JO,3,5,https://api.dicebear.com/7.x/avataaars/svg?seed=mentee_7523,,1
4045,1,Senior,Beginner,EG,4,5,https://api.dicebear.com/7.x/avataaars/svg?seed=mentee_7524,,1
4046,2,Sophomore,Beginner,SA,4,6,https://api.dicebear.com/7.x/avataaars/svg?seed=mentee_7526,,1
4047,1,Sophomore,Beginner,SA,5,4,https://api.dicebear.com/7.x/avataaars/svg?seed=mentee_7527,,1
4048,4,Freshman,Senior,JO,2,7,https://api.dicebear.com/7.x/avataaars/svg?seed=mentee_7528,,1
4049,1,Junior,Junior,EG,1,1,https://api.dicebear.com/7.x/avataaars/svg?seed=mentee_7529,,1
4050,2,Graduate,Beginner,MA,4,5,https://api.dicebear.com/7.x/avataaars/svg?seed=mentee_7531,,1
4051,2,Sophomore,Junior,SA,1,5,https://api.dicebear.com/7.x/avataaars/svg?seed=mentee_7536,,1
4052,3,Senior,Beginner,AE,3,1,https://api.dicebear.com/7.x/avataaars/svg?seed=mentee_7537,,1
4053,2,Senior,Beginner,EG,1,1,https://api.dicebear.com/7.x/avataaars/svg?seed=mentee_7538,,1
4054,3,Senior,Mid,SA,5,7,https://api.dicebear.com/7.x/avataaars/svg?seed=mentee_7539,,1
4055,1,Freshman,Beginner,AE,2,6,https://api.dicebear.com/7.x/avataaars/svg?seed=mentee_7540,,1
4056,2,Senior,Beginner,SA,1,7,https://api.dicebear.com/7.x/avataaars/svg?seed=mentee_7541,,1
4057,3,Freshman,Mid,MA,5,5,https://api.dicebear.com/7.x/avataaars/svg?seed=mentee_7545,,1
4058,2,Graduate,Mid,AE,1,1,https://api.dicebear.com/7.x/avataaars/svg?seed=mentee_7546,,1
4059,2,Senior,Beginner,SA,6,6,https://api.dicebear.com/7.x/avataaars/svg?seed=mentee_7547,,1
4060,1,Junior,Beginner,JO,2,7,https://api.dicebear.com/7.x/avataaars/svg?seed=mentee_7550,,1
4061,1,Sophomore,Junior,AE,2,5,https://api.dicebear.com/7.x/avataaars/svg?seed=mentee_7551,,1
4062,1,Graduate,Mid,SA,5,6,https://api.dicebear.com/7.x/avataaars/svg?seed=mentee_7559,,1
4063,1,Junior,Beginner,EG,5,1,https://api.dicebear.com/7.x/avataaars/svg?seed=mentee_7560,,1
4064,1,Graduate,Junior,EG,2,6,https://api.dicebear.com/7.x/avataaars/svg?seed=mentee_7561,,1
4065,1,Senior,Junior,AE,2,3,https://api.dicebear.com/7.x/avataaars/svg?seed=mentee_7563,,1
4066,2,Graduate,Beginner,JO,3,6,https://api.dicebear.com/7.x/avataaars/svg?seed=mentee_7565,,1
4067,3,Graduate,Junior,EG,5,5,https://api.dicebear.com/7.x/avataaars/svg?seed=mentee_7566,,1
4068,2,Graduate,Beginner,EG,2,1,https://api.dicebear.com/7.x/avataaars/svg?seed=mentee_7568,,1
4069,2,Freshman,Mid,SA,2,5,https://api.dicebear.com/7.x/avataaars/svg?seed=mentee_7571,,1
4070,1,Junior,Mid,EG,6,4,https://api.dicebear.com/7.x/avataaars/svg?seed=mentee_7573,,1
4071,1,Senior,Beginner,AE,2,2,https://api.dicebear.com/7.x/avataaars/svg?seed=mentee_7575,,1
4072,2,Sophomore,Beginner,AE,1,7,https://api.dicebear.com/7.x/avataaars/svg?seed=mentee_7576,,1
4073,3,Senior,Mid,EG,3,6,https://api.dicebear.com/7.x/avataaars/svg?seed=mentee_7578,,1
4074,3,Senior,Junior,JO,1,1,https://api.dicebear.com/7.x/avataaars/svg?seed=mentee_7581,,1
4075,2,Freshman,Senior,SA,5,5,https://api.dicebear.com/7.x/avataaars/svg?seed=mentee_7582,,1
4076,3,Freshman,Mid,SA,3,4,https://api.dicebear.com/7.x/avataaars/svg?seed=mentee_7583,,1
4077,3,Graduate,Beginner,EG,2,5,https://api.dicebear.com/7.x/avataaars/svg?seed=mentee_7587,,1
4078,3,Senior,Beginner,SA,4,1,https://api.dicebear.com/7.x/avataaars/svg?seed=mentee_7591,,1
4079,3,Junior,Mid,JO,4,1,https://api.dicebear.com/7.x/avataaars/svg?seed=mentee_7592,,1
4080,1,Freshman,Junior,EG,1,5,https://api.dicebear.com/7.x/avataaars/svg?seed=mentee_7594,,1
4081,1,Freshman,Beginner,EG,2,5,https://api.dicebear.com/7.x/avataaars/svg?seed=mentee_7596,,1
4082,1,Junior,Mid,EG,3,6,https://api.dicebear.com/7.x/avataaars/svg?seed=mentee_7600,,1
4083,2,Freshman,Beginner,EG,1,6,https://api.dicebear.com/7.x/avataaars/svg?seed=mentee_7601,,1
4084,3,Junior,Junior,EG,5,7,https://api.dicebear.com/7.x/avataaars/svg?seed=mentee_7604,,1
4085,1,Sophomore,Beginner,EG,1,5,https://api.dicebear.com/7.x/avataaars/svg?seed=mentee_7608,,1
4086,1,Junior,Junior,MA,3,7,https://api.dicebear.com/7.x/avataaars/svg?seed=mentee_7609,,1
4087,3,Sophomore,Beginner,AE,1,3,https://api.dicebear.com/7.x/avataaars/svg?seed=mentee_7612,,1
4088,1,Graduate,Junior,EG,4,7,https://api.dicebear.com/7.x/avataaars/svg?seed=mentee_7614,,1
4089,3,Graduate,Mid,AE,1,5,https://api.dicebear.com/7.x/avataaars/svg?seed=mentee_7615,,1
4090,1,Freshman,Mid,EG,5,5,https://api.dicebear.com/7.x/avataaars/svg?seed=mentee_7618,,1
4091,1,Junior,Beginner,SA,6,4,https://api.dicebear.com/7.x/avataaars/svg?seed=mentee_7621,,1
4092,1,Freshman,Mid,EG,6,4,https://api.dicebear.com/7.x/avataaars/svg?seed=mentee_7622,,1
4093,1,Junior,Junior,EG,2,1,https://api.dicebear.com/7.x/avataaars/svg?seed=mentee_7624,,1
4094,1,Freshman,Beginner,JO,6,5,https://api.dicebear.com/7.x/avataaars/svg?seed=mentee_7626,,1
4095,1,Graduate,Junior,EG,3,6,https://api.dicebear.com/7.x/avataaars/svg?seed=mentee_7629,,1
4096,1,Graduate,Mid,JO,6,7,https://api.dicebear.com/7.x/avataaars/svg?seed=mentee_7630,,1
4097,1,Freshman,Beginner,SA,3,6,https://api.dicebear.com/7.x/avataaars/svg?seed=mentee_7631,,1
4098,3,Junior,Junior,EG,4,5,https://api.dicebear.com/7.x/avataaars/svg?seed=mentee_7633,,1
4099,1,Senior,Beginner,AE,1,4,https://api.dicebear.com/7.x/avataaars/svg?seed=mentee_7634,,1
4100,1,Junior,Junior,SA,2,4,https://api.dicebear.com/7.x/avataaars/svg?seed=mentee_7638,,1
4101,1,Freshman,Beginner,EG,1,5,https://api.dicebear.com/7.x/avataaars/svg?seed=mentee_7639,,1
4102,4,Junior,Beginner,EG,3,5,https://api.dicebear.com/7.x/avataaars/svg?seed=mentee_7642,,1
4103,3,Sophomore,Junior,EG,1,5,https://api.dicebear.com/7.x/avataaars/svg?seed=mentee_7645,,1
4104,4,Junior,Junior,MA,3,6,https://api.dicebear.com/7.x/avataaars/svg?seed=mentee_7647,,1
4105,4,Graduate,Mid,SA,5,5,https://api.dicebear.com/7.x/avataaars/svg?seed=mentee_7650,,1
4106,1,Graduate,Junior,EG,6,4,https://api.dicebear.com/7.x/avataaars/svg?seed=mentee_7652,,1
4107,2,Sophomore,Mid,JO,1,5,https://api.dicebear.com/7.x/avataaars/svg?seed=mentee_7653,,1
4108,1,Junior,Junior,EG,5,7,https://api.dicebear.com/7.x/avataaars/svg?seed=mentee_7655,,1
4109,3,Senior,Beginner,EG,2,6,https://api.dicebear.com/7.x/avataaars/svg?seed=mentee_7656,,1
4110,1,Junior,Junior,EG,2,2,https://api.dicebear.com/7.x/avataaars/svg?seed=mentee_7657,,1
4111,1,Graduate,Beginner,SA,1,2,https://api.dicebear.com/7.x/avataaars/svg?seed=mentee_7658,,1
4112,4,Graduate,Beginner,EG,4,7,https://api.dicebear.com/7.x/avataaars/svg?seed=mentee_7660,,1
4113,3,Freshman,Junior,SA,4,1,https://api.dicebear.com/7.x/avataaars/svg?seed=mentee_7661,,1
4114,4,Graduate,Beginner,JO,6,7,https://api.dicebear.com/7.x/avataaars/svg?seed=mentee_7663,,1
4115,1,Freshman,Mid,EG,3,6,https://api.dicebear.com/7.x/avataaars/svg?seed=mentee_7664,,1
4116,1,Graduate,Mid,EG,6,3,https://api.dicebear.com/7.x/avataaars/svg?seed=mentee_7666,,1
4117,1,Graduate,Beginner,EG,1,5,https://api.dicebear.com/7.x/avataaars/svg?seed=mentee_7667,,1
4118,1,Senior,Junior,SA,5,1,https://api.dicebear.com/7.x/avataaars/svg?seed=mentee_7668,,1
4119,2,Freshman,Beginner,MA,2,1,https://api.dicebear.com/7.x/avataaars/svg?seed=mentee_7669,,1
4120,1,Freshman,Beginner,EG,1,6,https://api.dicebear.com/7.x/avataaars/svg?seed=mentee_7670,,1
4121,3,Graduate,Beginner,EG,4,5,https://api.dicebear.com/7.x/avataaars/svg?seed=mentee_7671,,1
4122,1,Freshman,Mid,EG,2,4,https://api.dicebear.com/7.x/avataaars/svg?seed=mentee_7675,,1
4123,2,Graduate,Mid,EG,4,5,https://api.dicebear.com/7.x/avataaars/svg?seed=mentee_7681,,1
4124,3,Graduate,Beginner,AE,2,6,https://api.dicebear.com/7.x/avataaars/svg?seed=mentee_7685,,1
4125,2,Junior,Mid,EG,1,6,https://api.dicebear.com/7.x/avataaars/svg?seed=mentee_7686,,1
4126,1,Freshman,Mid,EG,5,6,https://api.dicebear.com/7.x/avataaars/svg?seed=mentee_7687,,1
4127,1,Sophomore,Mid,SA,6,6,https://api.dicebear.com/7.x/avataaars/svg?seed=mentee_7688,,1
4128,1,Freshman,Junior,EG,5,4,https://api.dicebear.com/7.x/avataaars/svg?seed=mentee_7691,,1
4129,3,Freshman,Mid,SA,2,1,https://api.dicebear.com/7.x/avataaars/svg?seed=mentee_7694,,1
4130,2,Senior,Junior,EG,3,4,https://api.dicebear.com/7.x/avataaars/svg?seed=mentee_7695,,1
4131,1,Sophomore,Mid,MA,6,6,https://api.dicebear.com/7.x/avataaars/svg?seed=mentee_7696,,1
4132,4,Sophomore,Junior,EG,3,5,https://api.dicebear.com/7.x/avataaars/svg?seed=mentee_7697,,1
4133,2,Senior,Beginner,MA,3,4,https://api.dicebear.com/7.x/avataaars/svg?seed=mentee_7699,,1
4134,3,Senior,Junior,EG,5,5,https://api.dicebear.com/7.x/avataaars/svg?seed=mentee_7700,,1
4135,1,Freshman,Beginner,AE,3,2,https://api.dicebear.com/7.x/avataaars/svg?seed=mentee_7703,,1
4136,4,Junior,Junior,EG,4,7,https://api.dicebear.com/7.x/avataaars/svg?seed=mentee_7705,,1
4137,1,Senior,Beginner,AE,2,6,https://api.dicebear.com/7.x/avataaars/svg?seed=mentee_7710,,1
4138,1,Sophomore,Mid,EG,2,4,https://api.dicebear.com/7.x/avataaars/svg?seed=mentee_7711,,1
4139,3,Sophomore,Junior,SA,4,7,https://api.dicebear.com/7.x/avataaars/svg?seed=mentee_7713,,1
4140,3,Freshman,Mid,AE,2,4,https://api.dicebear.com/7.x/avataaars/svg?seed=mentee_7714,,1
4141,2,Junior,Junior,SA,2,7,https://api.dicebear.com/7.x/avataaars/svg?seed=mentee_7715,,1
4142,1,Graduate,Junior,SA,5,5,https://api.dicebear.com/7.x/avataaars/svg?seed=mentee_7717,,1
4143,1,Senior,Mid,EG,1,5,https://api.dicebear.com/7.x/avataaars/svg?seed=mentee_7720,,1
4144,3,Senior,Beginner,EG,6,5,https://api.dicebear.com/7.x/avataaars/svg?seed=mentee_7721,,1
4145,3,Freshman,Senior,SA,4,7,https://api.dicebear.com/7.x/avataaars/svg?seed=mentee_7722,,1
4146,1,Junior,Junior,EG,3,6,https://api.dicebear.com/7.x/avataaars/svg?seed=mentee_7724,,1
4147,1,Sophomore,Beginner,EG,2,3,https://api.dicebear.com/7.x/avataaars/svg?seed=mentee_7730,,1
4148,2,Sophomore,Mid,EG,5,6,https://api.dicebear.com/7.x/avataaars/svg?seed=mentee_7731,,1
4149,3,Graduate,Beginner,EG,3,5,https://api.dicebear.com/7.x/avataaars/svg?seed=mentee_7732,,1
4150,1,Sophomore,Mid,SA,3,1,https://api.dicebear.com/7.x/avataaars/svg?seed=mentee_7735,,1
4151,2,Senior,Beginner,SA,4,1,https://api.dicebear.com/7.x/avataaars/svg?seed=mentee_7736,,1
4152,4,Graduate,Mid,MA,5,5,https://api.dicebear.com/7.x/avataaars/svg?seed=mentee_7745,,1
4153,1,Junior,Junior,EG,6,1,https://api.dicebear.com/7.x/avataaars/svg?seed=mentee_7747,,1
4154,2,Graduate,Beginner,MA,3,3,https://api.dicebear.com/7.x/avataaars/svg?seed=mentee_7748,,1
4155,2,Junior,Beginner,AE,4,7,https://api.dicebear.com/7.x/avataaars/svg?seed=mentee_7751,,1
4156,2,Sophomore,Beginner,MA,1,7,https://api.dicebear.com/7.x/avataaars/svg?seed=mentee_7754,,1
4157,3,Freshman,Beginner,JO,1,3,https://api.dicebear.com/7.x/avataaars/svg?seed=mentee_7758,,1
4158,2,Graduate,Beginner,AE,2,5,https://api.dicebear.com/7.x/avataaars/svg?seed=mentee_7760,,1
4159,2,Graduate,Junior,EG,6,5,https://api.dicebear.com/7.x/avataaars/svg?seed=mentee_7766,,1
4160,1,Senior,Junior,EG,5,4,https://api.dicebear.com/7.x/avataaars/svg?seed=mentee_7767,,1
4161,3,Senior,Beginner,EG,6,5,https://api.dicebear.com/7.x/avataaars/svg?seed=mentee_7768,,1
4162,1,Junior,Junior,MA,3,6,https://api.dicebear.com/7.x/avataaars/svg?seed=mentee_7770,,1
4163,1,Freshman,Junior,MA,6,6,https://api.dicebear.com/7.x/avataaars/svg?seed=mentee_7772,,1
4164,2,Senior,Beginner,AE,5,1,https://api.dicebear.com/7.x/avataaars/svg?seed=mentee_7773,,1
4165,2,Senior,Junior,JO,2,1,https://api.dicebear.com/7.x/avataaars/svg?seed=mentee_7774,,1
4166,4,Sophomore,Junior,MA,2,3,https://api.dicebear.com/7.x/avataaars/svg?seed=mentee_7775,,1
4167,3,Sophomore,Mid,SA,1,7,https://api.dicebear.com/7.x/avataaars/svg?seed=mentee_7778,,1
4168,3,Senior,Beginner,SA,5,1,https://api.dicebear.com/7.x/avataaars/svg?seed=mentee_7779,,1
4169,1,Junior,Junior,SA,6,6,https://api.dicebear.com/7.x/avataaars/svg?seed=mentee_7782,,1
4170,2,Freshman,Beginner,SA,3,7,https://api.dicebear.com/7.x/avataaars/svg?seed=mentee_7783,,1
4171,4,Senior,Beginner,EG,4,6,https://api.dicebear.com/7.x/avataaars/svg?seed=mentee_7784,,1
4172,1,Junior,Beginner,SA,5,5,https://api.dicebear.com/7.x/avataaars/svg?seed=mentee_7785,,1
4173,3,Junior,Mid,AE,3,5,https://api.dicebear.com/7.x/avataaars/svg?seed=mentee_7786,,1
4174,2,Senior,Beginner,SA,3,6,https://api.dicebear.com/7.x/avataaars/svg?seed=mentee_7787,,1
4175,1,Junior,Beginner,JO,6,5,https://api.dicebear.com/7.x/avataaars/svg?seed=mentee_7789,,1
4176,2,Graduate,Beginner,EG,2,3,https://api.dicebear.com/7.x/avataaars/svg?seed=mentee_7793,,1
4177,1,Junior,Junior,EG,3,5,https://api.dicebear.com/7.x/avataaars/svg?seed=mentee_7795,,1
4178,1,Senior,Mid,JO,1,6,https://api.dicebear.com/7.x/avataaars/svg?seed=mentee_7797,,1
4179,1,Junior,Junior,AE,5,3,https://api.dicebear.com/7.x/avataaars/svg?seed=mentee_7803,,1
4180,1,Senior,Beginner,EG,5,1,https://api.dicebear.com/7.x/avataaars/svg?seed=mentee_7804,,1
4181,1,Sophomore,Beginner,SA,2,1,https://api.dicebear.com/7.x/avataaars/svg?seed=mentee_7805,,1
4182,3,Senior,Beginner,SA,6,8,https://api.dicebear.com/7.x/avataaars/svg?seed=mentee_7807,,1
4183,1,Junior,Mid,MA,1,5,https://api.dicebear.com/7.x/avataaars/svg?seed=mentee_7808,,1
4184,3,Senior,Beginner,SA,2,7,https://api.dicebear.com/7.x/avataaars/svg?seed=mentee_7810,,1
4185,2,Freshman,Mid,EG,4,7,https://api.dicebear.com/7.x/avataaars/svg?seed=mentee_7813,,1
4186,1,Senior,Junior,SA,4,1,https://api.dicebear.com/7.x/avataaars/svg?seed=mentee_7814,,1
4187,1,Senior,Beginner,JO,5,4,https://api.dicebear.com/7.x/avataaars/svg?seed=mentee_7815,,1
4188,4,Freshman,Beginner,AE,5,5,https://api.dicebear.com/7.x/avataaars/svg?seed=mentee_7817,,1
4189,2,Freshman,Junior,JO,3,3,https://api.dicebear.com/7.x/avataaars/svg?seed=mentee_7818,,1
4190,4,Freshman,Junior,EG,3,3,https://api.dicebear.com/7.x/avataaars/svg?seed=mentee_7819,,1
4191,1,Graduate,Junior,JO,3,5,https://api.dicebear.com/7.x/avataaars/svg?seed=mentee_7822,,1
4192,3,Senior,Beginner,AE,3,7,https://api.dicebear.com/7.x/avataaars/svg?seed=mentee_7823,,1
4193,3,Freshman,Junior,AE,5,5,https://api.dicebear.com/7.x/avataaars/svg?seed=mentee_7825,,1
4194,4,Freshman,Mid,EG,3,7,https://api.dicebear.com/7.x/avataaars/svg?seed=mentee_7826,,1
4195,1,Sophomore,Junior,JO,5,1,https://api.dicebear.com/7.x/avataaars/svg?seed=mentee_7828,,1
4196,4,Graduate,Mid,SA,4,7,https://api.dicebear.com/7.x/avataaars/svg?seed=mentee_7829,,1
4197,1,Senior,Mid,JO,6,6,https://api.dicebear.com/7.x/avataaars/svg?seed=mentee_7830,,1
4198,3,Junior,Junior,EG,5,5,https://api.dicebear.com/7.x/avataaars/svg?seed=mentee_7833,,1
4199,2,Graduate,Beginner,EG,1,5,https://api.dicebear.com/7.x/avataaars/svg?seed=mentee_7834,,1
4200,2,Graduate,Mid,EG,4,6,https://api.dicebear.com/7.x/avataaars/svg?seed=mentee_7836,,1
4201,1,Sophomore,Beginner,SA,2,1,https://api.dicebear.com/7.x/avataaars/svg?seed=mentee_7838,,1
4202,3,Senior,Mid,SA,4,2,https://api.dicebear.com/7.x/avataaars/svg?seed=mentee_7839,,1
4203,1,Senior,Junior,SA,3,5,https://api.dicebear.com/7.x/avataaars/svg?seed=mentee_7841,,1
4204,2,Freshman,Beginner,SA,6,2,https://api.dicebear.com/7.x/avataaars/svg?seed=mentee_7842,,1
4205,2,Freshman,Beginner,JO,6,2,https://api.dicebear.com/7.x/avataaars/svg?seed=mentee_7846,,1
4206,3,Graduate,Junior,EG,6,1,https://api.dicebear.com/7.x/avataaars/svg?seed=mentee_7848,,1
4207,2,Sophomore,Junior,EG,4,6,https://api.dicebear.com/7.x/avataaars/svg?seed=mentee_7852,,1
4208,2,Senior,Beginner,JO,6,5,https://api.dicebear.com/7.x/avataaars/svg?seed=mentee_7855,,1
4209,2,Sophomore,Beginner,SA,6,1,https://api.dicebear.com/7.x/avataaars/svg?seed=mentee_7857,,1
4210,2,Junior,Beginner,SA,3,3,https://api.dicebear.com/7.x/avataaars/svg?seed=mentee_7858,,1
4211,2,Senior,Junior,SA,3,6,https://api.dicebear.com/7.x/avataaars/svg?seed=mentee_7861,,1
4212,3,Freshman,Junior,SA,5,5,https://api.dicebear.com/7.x/avataaars/svg?seed=mentee_7863,,1
4213,3,Graduate,Mid,EG,2,6,https://api.dicebear.com/7.x/avataaars/svg?seed=mentee_7864,,1
4214,2,Sophomore,Junior,SA,4,6,https://api.dicebear.com/7.x/avataaars/svg?seed=mentee_7865,,1
4215,1,Freshman,Junior,MA,4,6,https://api.dicebear.com/7.x/avataaars/svg?seed=mentee_7867,,1
4216,2,Graduate,Junior,SA,2,5,https://api.dicebear.com/7.x/avataaars/svg?seed=mentee_7868,,1
4217,1,Freshman,Beginner,EG,4,7,https://api.dicebear.com/7.x/avataaars/svg?seed=mentee_7870,,1
4218,1,Senior,Junior,AE,6,1,https://api.dicebear.com/7.x/avataaars/svg?seed=mentee_7873,,1
4219,3,Sophomore,Beginner,EG,3,5,https://api.dicebear.com/7.x/avataaars/svg?seed=mentee_7875,,1
4220,1,Junior,Junior,EG,2,7,https://api.dicebear.com/7.x/avataaars/svg?seed=mentee_7878,,1
4221,2,Freshman,Beginner,JO,6,6,https://api.dicebear.com/7.x/avataaars/svg?seed=mentee_7879,,1
4222,4,Sophomore,Junior,EG,6,7,https://api.dicebear.com/7.x/avataaars/svg?seed=mentee_7880,,1
4223,1,Senior,Beginner,MA,3,2,https://api.dicebear.com/7.x/avataaars/svg?seed=mentee_7881,,1
4224,1,Freshman,Junior,SA,1,2,https://api.dicebear.com/7.x/avataaars/svg?seed=mentee_7885,,1
4225,1,Senior,Beginner,AE,1,7,https://api.dicebear.com/7.x/avataaars/svg?seed=mentee_7887,,1
4226,1,Junior,Junior,SA,1,3,https://api.dicebear.com/7.x/avataaars/svg?seed=mentee_7889,,1
4227,3,Junior,Junior,EG,1,7,https://api.dicebear.com/7.x/avataaars/svg?seed=mentee_7890,,1
4228,3,Graduate,Beginner,AE,4,7,https://api.dicebear.com/7.x/avataaars/svg?seed=mentee_7895,,1
4229,2,Graduate,Junior,MA,5,5,https://api.dicebear.com/7.x/avataaars/svg?seed=mentee_7896,,1
4230,1,Graduate,Beginner,AE,3,1,https://api.dicebear.com/7.x/avataaars/svg?seed=mentee_7897,,1
4231,2,Senior,Junior,SA,2,6,https://api.dicebear.com/7.x/avataaars/svg?seed=mentee_7898,,1
4232,1,Graduate,Beginner,MA,1,4,https://api.dicebear.com/7.x/avataaars/svg?seed=mentee_7901,,1
4233,2,Sophomore,Beginner,EG,2,7,https://api.dicebear.com/7.x/avataaars/svg?seed=mentee_7903,,1
4234,2,Senior,Mid,EG,2,4,https://api.dicebear.com/7.x/avataaars/svg?seed=mentee_7904,,1
4235,1,Senior,Junior,EG,4,1,https://api.dicebear.com/7.x/avataaars/svg?seed=mentee_7906,,1
4236,3,Graduate,Junior,AE,4,6,https://api.dicebear.com/7.x/avataaars/svg?seed=mentee_7908,,1
4237,3,Graduate,Mid,JO,3,4,https://api.dicebear.com/7.x/avataaars/svg?seed=mentee_7910,,1
4238,1,Senior,Mid,SA,3,1,https://api.dicebear.com/7.x/avataaars/svg?seed=mentee_7911,,1
4239,2,Junior,Junior,MA,4,7,https://api.dicebear.com/7.x/avataaars/svg?seed=mentee_7912,,1
4240,2,Junior,Mid,AE,4,5,https://api.dicebear.com/7.x/avataaars/svg?seed=mentee_7919,,1
4241,1,Graduate,Beginner,EG,2,7,https://api.dicebear.com/7.x/avataaars/svg?seed=mentee_7926,,1
4242,1,Junior,Mid,EG,2,6,https://api.dicebear.com/7.x/avataaars/svg?seed=mentee_7929,,1
4243,2,Sophomore,Junior,MA,6,7,https://api.dicebear.com/7.x/avataaars/svg?seed=mentee_7931,,1
4244,4,Sophomore,Mid,EG,4,7,https://api.dicebear.com/7.x/avataaars/svg?seed=mentee_7933,,1
4245,2,Sophomore,Mid,SA,1,7,https://api.dicebear.com/7.x/avataaars/svg?seed=mentee_7937,,1
4246,2,Senior,Beginner,EG,1,4,https://api.dicebear.com/7.x/avataaars/svg?seed=mentee_7941,,1
4247,2,Senior,Junior,EG,3,5,https://api.dicebear.com/7.x/avataaars/svg?seed=mentee_7942,,1
4248,1,Senior,Mid,SA,5,5,https://api.dicebear.com/7.x/avataaars/svg?seed=mentee_7945,,1
4249,1,Senior,Junior,EG,6,5,https://api.dicebear.com/7.x/avataaars/svg?seed=mentee_7947,,1
4250,1,Senior,Junior,MA,3,1,https://api.dicebear.com/7.x/avataaars/svg?seed=mentee_7948,,1
4251,4,Graduate,Senior,SA,2,2,https://api.dicebear.com/7.x/avataaars/svg?seed=mentee_7953,,1
4252,3,Junior,Junior,AE,5,5,https://api.dicebear.com/7.x/avataaars/svg?seed=mentee_7955,,1
4253,4,Graduate,Beginner,AE,1,4,https://api.dicebear.com/7.x/avataaars/svg?seed=mentee_7958,,1
4254,1,Junior,Beginner,AE,2,6,https://api.dicebear.com/7.x/avataaars/svg?seed=mentee_7959,,1
4255,2,Graduate,Beginner,MA,1,4,https://api.dicebear.com/7.x/avataaars/svg?seed=mentee_7960,,1
4256,2,Sophomore,Junior,EG,2,3,https://api.dicebear.com/7.x/avataaars/svg?seed=mentee_7961,,1
4257,1,Freshman,Mid,EG,6,6,https://api.dicebear.com/7.x/avataaars/svg?seed=mentee_7962,,1
4258,1,Senior,Junior,EG,6,6,https://api.dicebear.com/7.x/avataaars/svg?seed=mentee_7963,,1
4259,3,Freshman,Beginner,JO,5,5,https://api.dicebear.com/7.x/avataaars/svg?seed=mentee_7965,,1
4260,2,Freshman,Junior,MA,3,5,https://api.dicebear.com/7.x/avataaars/svg?seed=mentee_7972,,1
4261,2,Sophomore,Beginner,EG,5,5,https://api.dicebear.com/7.x/avataaars/svg?seed=mentee_7974,,1
4262,1,Freshman,Beginner,AE,5,7,https://api.dicebear.com/7.x/avataaars/svg?seed=mentee_7975,,1
4263,2,Freshman,Beginner,EG,2,5,https://api.dicebear.com/7.x/avataaars/svg?seed=mentee_7979,,1
4264,1,Sophomore,Mid,EG,1,1,https://api.dicebear.com/7.x/avataaars/svg?seed=mentee_7981,,1
4265,1,Junior,Mid,AE,3,1,https://api.dicebear.com/7.x/avataaars/svg?seed=mentee_7982,,1
4266,2,Graduate,Beginner,EG,4,5,https://api.dicebear.com/7.x/avataaars/svg?seed=mentee_7983,,1
4267,1,Freshman,Mid,SA,3,1,https://api.dicebear.com/7.x/avataaars/svg?seed=mentee_7985,,1
4268,4,Senior,Beginner,AE,2,5,https://api.dicebear.com/7.x/avataaars/svg?seed=mentee_7986,,1
4269,2,Sophomore,Junior,AE,1,6,https://api.dicebear.com/7.x/avataaars/svg?seed=mentee_7988,,1
4270,1,Freshman,Beginner,SA,6,6,https://api.dicebear.com/7.x/avataaars/svg?seed=mentee_7989,,1
4271,1,Junior,Junior,SA,6,1,https://api.dicebear.com/7.x/avataaars/svg?seed=mentee_7990,,1
4272,3,Junior,Junior,SA,1,6,https://api.dicebear.com/7.x/avataaars/svg?seed=mentee_7992,,1
4273,1,Senior,Junior,EG,3,2,https://api.dicebear.com/7.x/avataaars/svg?seed=mentee_7993,,1
4274,1,Freshman,Mid,AE,6,6,https://api.dicebear.com/7.x/avataaars/svg?seed=mentee_7994,,1
4275,1,Senior,Beginner,EG,2,6,https://api.dicebear.com/7.x/avataaars/svg?seed=mentee_7995,,1
4276,1,Junior,Beginner,EG,3,7,https://api.dicebear.com/7.x/avataaars/svg?seed=mentee_7996,,1
4277,2,Junior,Beginner,SA,3,1,https://api.dicebear.com/7.x/avataaars/svg?seed=mentee_7999,,1
4278,2,Graduate,Junior,JO,3,6,https://api.dicebear.com/7.x/avataaars/svg?seed=mentee_8000,,1
4279,1,Junior,Beginner,EG,1,3,https://api.dicebear.com/7.x/avataaars/svg?seed=mentee_8003,,1
4280,3,Sophomore,Beginner,EG,2,6,https://api.dicebear.com/7.x/avataaars/svg?seed=mentee_8004,,1
4281,1,Graduate,Mid,EG,1,1,https://api.dicebear.com/7.x/avataaars/svg?seed=mentee_8008,,1
4282,2,Senior,Beginner,EG,4,5,https://api.dicebear.com/7.x/avataaars/svg?seed=mentee_8009,,1
4283,1,Junior,Junior,SA,5,5,https://api.dicebear.com/7.x/avataaars/svg?seed=mentee_8011,,1
4284,2,Sophomore,Beginner,EG,3,5,https://api.dicebear.com/7.x/avataaars/svg?seed=mentee_8015,,1
4285,1,Graduate,Junior,JO,1,3,https://api.dicebear.com/7.x/avataaars/svg?seed=mentee_8016,,1
4286,2,Sophomore,Mid,AE,3,5,https://api.dicebear.com/7.x/avataaars/svg?seed=mentee_8017,,1
4287,1,Graduate,Mid,AE,2,6,https://api.dicebear.com/7.x/avataaars/svg?seed=mentee_8018,,1
4288,4,Graduate,Junior,SA,5,1,https://api.dicebear.com/7.x/avataaars/svg?seed=mentee_8019,,1
4289,1,Graduate,Beginner,EG,1,4,https://api.dicebear.com/7.x/avataaars/svg?seed=mentee_8020,,1
4290,4,Senior,Mid,EG,5,4,https://api.dicebear.com/7.x/avataaars/svg?seed=mentee_8021,,1
4291,4,Graduate,Mid,SA,2,1,https://api.dicebear.com/7.x/avataaars/svg?seed=mentee_8026,,1
4292,1,Graduate,Junior,EG,6,6,https://api.dicebear.com/7.x/avataaars/svg?seed=mentee_8028,,1
4293,1,Sophomore,Junior,AE,5,2,https://api.dicebear.com/7.x/avataaars/svg?seed=mentee_8029,,1
4294,1,Graduate,Mid,EG,1,4,https://api.dicebear.com/7.x/avataaars/svg?seed=mentee_8032,,1
4295,4,Senior,Beginner,EG,1,5,https://api.dicebear.com/7.x/avataaars/svg?seed=mentee_8033,,1
4296,2,Sophomore,Mid,EG,3,1,https://api.dicebear.com/7.x/avataaars/svg?seed=mentee_8038,,1
4297,2,Graduate,Mid,EG,3,6,https://api.dicebear.com/7.x/avataaars/svg?seed=mentee_8039,,1
4298,1,Sophomore,Beginner,MA,6,1,https://api.dicebear.com/7.x/avataaars/svg?seed=mentee_8043,,1
4299,3,Senior,Junior,EG,6,7,https://api.dicebear.com/7.x/avataaars/svg?seed=mentee_8045,,1
4300,1,Sophomore,Beginner,JO,5,1,https://api.dicebear.com/7.x/avataaars/svg?seed=mentee_8047,,1
4301,1,Senior,Junior,SA,2,4,https://api.dicebear.com/7.x/avataaars/svg?seed=mentee_8048,,1
4302,1,Junior,Junior,JO,6,7,https://api.dicebear.com/7.x/avataaars/svg?seed=mentee_8049,,1
4303,2,Graduate,Junior,SA,4,7,https://api.dicebear.com/7.x/avataaars/svg?seed=mentee_8050,,1
4304,3,Senior,Mid,MA,4,1,https://api.dicebear.com/7.x/avataaars/svg?seed=mentee_8052,,1
4305,3,Graduate,Beginner,EG,4,5,https://api.dicebear.com/7.x/avataaars/svg?seed=mentee_8054,,1
4306,1,Senior,Junior,SA,5,6,https://api.dicebear.com/7.x/avataaars/svg?seed=mentee_8056,,1
4307,1,Freshman,Beginner,EG,4,4,https://api.dicebear.com/7.x/avataaars/svg?seed=mentee_8060,,1
4308,3,Freshman,Senior,SA,1,5,https://api.dicebear.com/7.x/avataaars/svg?seed=mentee_8062,,1
4309,2,Freshman,Junior,SA,1,7,https://api.dicebear.com/7.x/avataaars/svg?seed=mentee_8063,,1
4310,1,Senior,Junior,SA,6,6,https://api.dicebear.com/7.x/avataaars/svg?seed=mentee_8065,,1
4311,1,Graduate,Mid,EG,3,5,https://api.dicebear.com/7.x/avataaars/svg?seed=mentee_8067,,1
4312,2,Freshman,Junior,EG,6,4,https://api.dicebear.com/7.x/avataaars/svg?seed=mentee_8071,,1
4313,4,Graduate,Beginner,AE,4,4,https://api.dicebear.com/7.x/avataaars/svg?seed=mentee_8074,,1
4314,2,Senior,Junior,SA,6,6,https://api.dicebear.com/7.x/avataaars/svg?seed=mentee_8075,,1
4315,1,Graduate,Junior,EG,5,6,https://api.dicebear.com/7.x/avataaars/svg?seed=mentee_8077,,1
4316,3,Graduate,Junior,MA,1,3,https://api.dicebear.com/7.x/avataaars/svg?seed=mentee_8080,,1
4317,1,Freshman,Junior,MA,6,5,https://api.dicebear.com/7.x/avataaars/svg?seed=mentee_8088,,1
4318,3,Sophomore,Mid,JO,6,1,https://api.dicebear.com/7.x/avataaars/svg?seed=mentee_8091,,1
4319,1,Junior,Mid,JO,4,3,https://api.dicebear.com/7.x/avataaars/svg?seed=mentee_8092,,1
4320,1,Senior,Beginner,EG,3,2,https://api.dicebear.com/7.x/avataaars/svg?seed=mentee_8094,,1
4321,2,Senior,Junior,MA,3,5,https://api.dicebear.com/7.x/avataaars/svg?seed=mentee_8095,,1
4322,1,Senior,Junior,SA,1,7,https://api.dicebear.com/7.x/avataaars/svg?seed=mentee_8096,,1
4323,1,Junior,Beginner,EG,3,6,https://api.dicebear.com/7.x/avataaars/svg?seed=mentee_8098,,1
4324,2,Sophomore,Junior,JO,4,1,https://api.dicebear.com/7.x/avataaars/svg?seed=mentee_8100,,1
4325,3,Graduate,Beginner,EG,4,7,https://api.dicebear.com/7.x/avataaars/svg?seed=mentee_8103,,1
4326,3,Senior,Mid,SA,5,5,https://api.dicebear.com/7.x/avataaars/svg?seed=mentee_8104,,1
4327,1,Graduate,Mid,EG,2,1,https://api.dicebear.com/7.x/avataaars/svg?seed=mentee_8107,,1
4328,1,Freshman,Mid,SA,6,5,https://api.dicebear.com/7.x/avataaars/svg?seed=mentee_8108,,1
4329,2,Freshman,Beginner,SA,2,5,https://api.dicebear.com/7.x/avataaars/svg?seed=mentee_8109,,1
4330,1,Freshman,Beginner,SA,6,2,https://api.dicebear.com/7.x/avataaars/svg?seed=mentee_8110,,1
4331,1,Senior,Mid,EG,4,5,https://api.dicebear.com/7.x/avataaars/svg?seed=mentee_8111,,1
4332,3,Junior,Beginner,SA,6,7,https://api.dicebear.com/7.x/avataaars/svg?seed=mentee_8113,,1
4333,4,Senior,Beginner,SA,1,5,https://api.dicebear.com/7.x/avataaars/svg?seed=mentee_8115,,1
4334,1,Freshman,Mid,EG,1,4,https://api.dicebear.com/7.x/avataaars/svg?seed=mentee_8118,,1
4335,3,Freshman,Junior,MA,1,5,https://api.dicebear.com/7.x/avataaars/svg?seed=mentee_8121,,1
4336,2,Senior,Mid,SA,5,1,https://api.dicebear.com/7.x/avataaars/svg?seed=mentee_8122,,1
4337,1,Junior,Junior,JO,5,5,https://api.dicebear.com/7.x/avataaars/svg?seed=mentee_8128,,1
4338,2,Junior,Beginner,EG,6,6,https://api.dicebear.com/7.x/avataaars/svg?seed=mentee_8129,,1
4339,1,Graduate,Mid,EG,5,5,https://api.dicebear.com/7.x/avataaars/svg?seed=mentee_8133,,1
4340,1,Sophomore,Beginner,EG,2,6,https://api.dicebear.com/7.x/avataaars/svg?seed=mentee_8135,,1
4341,4,Freshman,Senior,SA,6,6,https://api.dicebear.com/7.x/avataaars/svg?seed=mentee_8136,,1
4342,2,Junior,Junior,EG,5,5,https://api.dicebear.com/7.x/avataaars/svg?seed=mentee_8137,,1
4343,1,Freshman,Junior,SA,4,3,https://api.dicebear.com/7.x/avataaars/svg?seed=mentee_8142,,1
4344,2,Sophomore,Junior,EG,1,5,https://api.dicebear.com/7.x/avataaars/svg?seed=mentee_8149,,1
4345,4,Freshman,Beginner,EG,3,2,https://api.dicebear.com/7.x/avataaars/svg?seed=mentee_8150,,1
4346,1,Junior,Mid,SA,1,2,https://api.dicebear.com/7.x/avataaars/svg?seed=mentee_8157,,1
4347,4,Graduate,Beginner,MA,1,2,https://api.dicebear.com/7.x/avataaars/svg?seed=mentee_8160,,1
4348,3,Senior,Junior,EG,1,4,https://api.dicebear.com/7.x/avataaars/svg?seed=mentee_8161,,1
4349,1,Senior,Beginner,AE,6,3,https://api.dicebear.com/7.x/avataaars/svg?seed=mentee_8162,,1
4350,2,Junior,Beginner,AE,3,5,https://api.dicebear.com/7.x/avataaars/svg?seed=mentee_8163,,1
4351,2,Junior,Beginner,SA,5,1,https://api.dicebear.com/7.x/avataaars/svg?seed=mentee_8164,,1
4352,3,Sophomore,Beginner,JO,4,7,https://api.dicebear.com/7.x/avataaars/svg?seed=mentee_8165,,1
4353,1,Freshman,Beginner,MA,4,4,https://api.dicebear.com/7.x/avataaars/svg?seed=mentee_8169,,1
4354,1,Sophomore,Junior,EG,4,3,https://api.dicebear.com/7.x/avataaars/svg?seed=mentee_8170,,1
4355,1,Senior,Junior,AE,2,6,https://api.dicebear.com/7.x/avataaars/svg?seed=mentee_8171,,1
4356,2,Freshman,Junior,AE,6,6,https://api.dicebear.com/7.x/avataaars/svg?seed=mentee_8174,,1
4357,3,Sophomore,Mid,SA,6,5,https://api.dicebear.com/7.x/avataaars/svg?seed=mentee_8175,,1
4358,3,Senior,Beginner,EG,2,4,https://api.dicebear.com/7.x/avataaars/svg?seed=mentee_8178,,1
4359,2,Freshman,Beginner,MA,2,5,https://api.dicebear.com/7.x/avataaars/svg?seed=mentee_8179,,1
4360,1,Graduate,Beginner,AE,3,7,https://api.dicebear.com/7.x/avataaars/svg?seed=mentee_8180,,1
4361,1,Graduate,Beginner,EG,3,2,https://api.dicebear.com/7.x/avataaars/svg?seed=mentee_8182,,1
4362,3,Sophomore,Junior,EG,6,1,https://api.dicebear.com/7.x/avataaars/svg?seed=mentee_8183,,1
4363,2,Junior,Beginner,MA,1,6,https://api.dicebear.com/7.x/avataaars/svg?seed=mentee_8185,,1
4364,3,Freshman,Beginner,EG,5,6,https://api.dicebear.com/7.x/avataaars/svg?seed=mentee_8187,,1
4365,1,Sophomore,Beginner,AE,3,5,https://api.dicebear.com/7.x/avataaars/svg?seed=mentee_8188,,1
4366,1,Junior,Beginner,EG,2,5,https://api.dicebear.com/7.x/avataaars/svg?seed=mentee_8189,,1
4367,4,Junior,Junior,EG,5,5,https://api.dicebear.com/7.x/avataaars/svg?seed=mentee_8190,,1
4368,1,Freshman,Mid,EG,5,7,https://api.dicebear.com/7.x/avataaars/svg?seed=mentee_8193,,1
4369,1,Freshman,Mid,EG,5,5,https://api.dicebear.com/7.x/avataaars/svg?seed=mentee_8194,,1
4370,2,Junior,Junior,EG,1,1,https://api.dicebear.com/7.x/avataaars/svg?seed=mentee_8197,,1
4371,2,Senior,Beginner,SA,2,7,https://api.dicebear.com/7.x/avataaars/svg?seed=mentee_8198,,1
4372,4,Sophomore,Beginner,SA,6,3,https://api.dicebear.com/7.x/avataaars/svg?seed=mentee_8201,,1
4373,4,Freshman,Junior,EG,6,3,https://api.dicebear.com/7.x/avataaars/svg?seed=mentee_8202,,1
4374,3,Junior,Beginner,AE,6,4,https://api.dicebear.com/7.x/avataaars/svg?seed=mentee_8203,,1
4375,1,Senior,Junior,SA,4,6,https://api.dicebear.com/7.x/avataaars/svg?seed=mentee_8205,,1
4376,2,Graduate,Junior,SA,3,5,https://api.dicebear.com/7.x/avataaars/svg?seed=mentee_8207,,1
4377,3,Junior,Mid,SA,3,3,https://api.dicebear.com/7.x/avataaars/svg?seed=mentee_8208,,1
4378,1,Senior,Junior,SA,2,5,https://api.dicebear.com/7.x/avataaars/svg?seed=mentee_8209,,1
4379,4,Graduate,Mid,MA,2,1,https://api.dicebear.com/7.x/avataaars/svg?seed=mentee_8210,,1
4380,2,Senior,Beginner,AE,2,3,https://api.dicebear.com/7.x/avataaars/svg?seed=mentee_8211,,1
4381,1,Freshman,Junior,EG,4,8,https://api.dicebear.com/7.x/avataaars/svg?seed=mentee_8212,,1
4382,2,Junior,Junior,AE,2,5,https://api.dicebear.com/7.x/avataaars/svg?seed=mentee_8215,,1
4383,2,Graduate,Mid,EG,5,6,https://api.dicebear.com/7.x/avataaars/svg?seed=mentee_8217,,1
4384,1,Senior,Junior,EG,2,4,https://api.dicebear.com/7.x/avataaars/svg?seed=mentee_8218,,1
4385,1,Graduate,Beginner,SA,1,7,https://api.dicebear.com/7.x/avataaars/svg?seed=mentee_8220,,1
4386,3,Sophomore,Senior,AE,6,7,https://api.dicebear.com/7.x/avataaars/svg?seed=mentee_8223,,1
4387,1,Junior,Mid,EG,2,4,https://api.dicebear.com/7.x/avataaars/svg?seed=mentee_8224,,1
4388,1,Freshman,Mid,JO,4,3,https://api.dicebear.com/7.x/avataaars/svg?seed=mentee_8225,,1
4389,2,Graduate,Junior,EG,4,6,https://api.dicebear.com/7.x/avataaars/svg?seed=mentee_8229,,1
4390,3,Senior,Junior,EG,6,4,https://api.dicebear.com/7.x/avataaars/svg?seed=mentee_8230,,1
4391,2,Graduate,Beginner,MA,4,4,https://api.dicebear.com/7.x/avataaars/svg?seed=mentee_8234,,1
4392,4,Senior,Mid,SA,2,7,https://api.dicebear.com/7.x/avataaars/svg?seed=mentee_8236,,1
4393,4,Graduate,Beginner,JO,6,3,https://api.dicebear.com/7.x/avataaars/svg?seed=mentee_8238,,1
4394,2,Freshman,Mid,JO,5,5,https://api.dicebear.com/7.x/avataaars/svg?seed=mentee_8239,,1
4395,1,Freshman,Junior,MA,1,7,https://api.dicebear.com/7.x/avataaars/svg?seed=mentee_8241,,1
4396,3,Junior,Beginner,EG,6,5,https://api.dicebear.com/7.x/avataaars/svg?seed=mentee_8242,,1
4397,1,Freshman,Beginner,EG,4,1,https://api.dicebear.com/7.x/avataaars/svg?seed=mentee_8244,,1
4398,3,Graduate,Beginner,AE,5,6,https://api.dicebear.com/7.x/avataaars/svg?seed=mentee_8245,,1
4399,2,Graduate,Junior,SA,1,3,https://api.dicebear.com/7.x/avataaars/svg?seed=mentee_8247,,1
4400,1,Freshman,Junior,SA,6,4,https://api.dicebear.com/7.x/avataaars/svg?seed=mentee_8248,,1
4401,2,Sophomore,Junior,EG,4,7,https://api.dicebear.com/7.x/avataaars/svg?seed=mentee_8249,,1
4402,2,Graduate,Beginner,EG,6,4,https://api.dicebear.com/7.x/avataaars/svg?seed=mentee_8250,,1
4403,4,Junior,Junior,SA,3,5,https://api.dicebear.com/7.x/avataaars/svg?seed=mentee_8252,,1
4404,1,Sophomore,Beginner,EG,6,5,https://api.dicebear.com/7.x/avataaars/svg?seed=mentee_8253,,1
4405,4,Freshman,Beginner,EG,4,2,https://api.dicebear.com/7.x/avataaars/svg?seed=mentee_8254,,1
4406,1,Senior,Beginner,EG,2,7,https://api.dicebear.com/7.x/avataaars/svg?seed=mentee_8257,,1
4407,3,Graduate,Junior,EG,4,3,https://api.dicebear.com/7.x/avataaars/svg?seed=mentee_8262,,1
4408,4,Senior,Beginner,AE,3,7,https://api.dicebear.com/7.x/avataaars/svg?seed=mentee_8263,,1
4409,1,Junior,Beginner,AE,1,7,https://api.dicebear.com/7.x/avataaars/svg?seed=mentee_8264,,1
4410,1,Sophomore,Beginner,EG,3,5,https://api.dicebear.com/7.x/avataaars/svg?seed=mentee_8267,,1
4411,3,Senior,Beginner,EG,6,6,https://api.dicebear.com/7.x/avataaars/svg?seed=mentee_8268,,1
4412,3,Junior,Junior,SA,6,4,https://api.dicebear.com/7.x/avataaars/svg?seed=mentee_8269,,1
4413,1,Senior,Junior,EG,4,4,https://api.dicebear.com/7.x/avataaars/svg?seed=mentee_8270,,1
4414,2,Senior,Junior,JO,4,5,https://api.dicebear.com/7.x/avataaars/svg?seed=mentee_8271,,1
4415,3,Junior,Beginner,AE,3,6,https://api.dicebear.com/7.x/avataaars/svg?seed=mentee_8274,,1
4416,1,Graduate,Junior,JO,1,5,https://api.dicebear.com/7.x/avataaars/svg?seed=mentee_8275,,1
4417,2,Senior,Beginner,SA,1,5,https://api.dicebear.com/7.x/avataaars/svg?seed=mentee_8276,,1
4418,1,Junior,Beginner,EG,2,5,https://api.dicebear.com/7.x/avataaars/svg?seed=mentee_8278,,1
4419,1,Senior,Junior,SA,1,5,https://api.dicebear.com/7.x/avataaars/svg?seed=mentee_8281,,1
4420,3,Graduate,Junior,EG,1,7,https://api.dicebear.com/7.x/avataaars/svg?seed=mentee_8282,,1
4421,1,Junior,Mid,EG,2,1,https://api.dicebear.com/7.x/avataaars/svg?seed=mentee_8283,,1
4422,4,Senior,Junior,EG,6,7,https://api.dicebear.com/7.x/avataaars/svg?seed=mentee_8284,,1
4423,2,Freshman,Beginner,SA,2,6,https://api.dicebear.com/7.x/avataaars/svg?seed=mentee_8285,,1
4424,2,Graduate,Mid,EG,5,7,https://api.dicebear.com/7.x/avataaars/svg?seed=mentee_8287,,1
4425,1,Senior,Beginner,EG,2,7,https://api.dicebear.com/7.x/avataaars/svg?seed=mentee_8290,,1
4426,1,Sophomore,Beginner,SA,5,6,https://api.dicebear.com/7.x/avataaars/svg?seed=mentee_8291,,1
4427,3,Junior,Beginner,MA,1,5,https://api.dicebear.com/7.x/avataaars/svg?seed=mentee_8294,,1
4428,2,Senior,Beginner,EG,5,6,https://api.dicebear.com/7.x/avataaars/svg?seed=mentee_8299,,1
4429,3,Graduate,Mid,SA,2,7,https://api.dicebear.com/7.x/avataaars/svg?seed=mentee_8300,,1
4430,1,Graduate,Junior,EG,4,4,https://api.dicebear.com/7.x/avataaars/svg?seed=mentee_8303,,1
4431,1,Sophomore,Beginner,MA,2,5,https://api.dicebear.com/7.x/avataaars/svg?seed=mentee_8308,,1
4432,1,Sophomore,Beginner,EG,1,6,https://api.dicebear.com/7.x/avataaars/svg?seed=mentee_8309,,1
4433,3,Senior,Mid,JO,5,5,https://api.dicebear.com/7.x/avataaars/svg?seed=mentee_8310,,1
4434,1,Freshman,Beginner,EG,2,4,https://api.dicebear.com/7.x/avataaars/svg?seed=mentee_8311,,1
4435,2,Graduate,Beginner,JO,4,3,https://api.dicebear.com/7.x/avataaars/svg?seed=mentee_8313,,1
4436,2,Freshman,Beginner,EG,4,3,https://api.dicebear.com/7.x/avataaars/svg?seed=mentee_8314,,1
4437,1,Freshman,Beginner,EG,5,4,https://api.dicebear.com/7.x/avataaars/svg?seed=mentee_8315,,1
4438,2,Senior,Beginner,EG,5,5,https://api.dicebear.com/7.x/avataaars/svg?seed=mentee_8317,,1
4439,2,Junior,Beginner,EG,5,5,https://api.dicebear.com/7.x/avataaars/svg?seed=mentee_8318,,1
4440,4,Junior,Junior,JO,5,7,https://api.dicebear.com/7.x/avataaars/svg?seed=mentee_8320,,1
4441,1,Junior,Junior,SA,6,7,https://api.dicebear.com/7.x/avataaars/svg?seed=mentee_8321,,1
4442,2,Sophomore,Junior,SA,2,1,https://api.dicebear.com/7.x/avataaars/svg?seed=mentee_8322,,1
4443,1,Graduate,Beginner,MA,2,6,https://api.dicebear.com/7.x/avataaars/svg?seed=mentee_8324,,1
4444,3,Sophomore,Junior,SA,2,1,https://api.dicebear.com/7.x/avataaars/svg?seed=mentee_8325,,1
4445,2,Graduate,Beginner,MA,2,5,https://api.dicebear.com/7.x/avataaars/svg?seed=mentee_8326,,1
4446,1,Graduate,Mid,EG,1,6,https://api.dicebear.com/7.x/avataaars/svg?seed=mentee_8327,,1
4447,3,Graduate,Beginner,MA,2,6,https://api.dicebear.com/7.x/avataaars/svg?seed=mentee_8328,,1
4448,2,Senior,Junior,EG,5,7,https://api.dicebear.com/7.x/avataaars/svg?seed=mentee_8329,,1
4449,1,Junior,Junior,SA,6,5,https://api.dicebear.com/7.x/avataaars/svg?seed=mentee_8331,,1
4450,2,Sophomore,Beginner,SA,3,2,https://api.dicebear.com/7.x/avataaars/svg?seed=mentee_8332,,1
4451,1,Sophomore,Mid,SA,2,3,https://api.dicebear.com/7.x/avataaars/svg?seed=mentee_8334,,1
4452,3,Senior,Beginner,SA,5,5,https://api.dicebear.com/7.x/avataaars/svg?seed=mentee_8335,,1
4453,3,Graduate,Beginner,EG,6,3,https://api.dicebear.com/7.x/avataaars/svg?seed=mentee_8337,,1
4454,3,Junior,Beginner,MA,4,5,https://api.dicebear.com/7.x/avataaars/svg?seed=mentee_8338,,1
4455,3,Freshman,Mid,MA,5,3,https://api.dicebear.com/7.x/avataaars/svg?seed=mentee_8339,,1
4456,3,Freshman,Beginner,MA,3,1,https://api.dicebear.com/7.x/avataaars/svg?seed=mentee_8341,,1
4457,1,Senior,Beginner,MA,5,2,https://api.dicebear.com/7.x/avataaars/svg?seed=mentee_8343,,1
4458,1,Junior,Mid,AE,3,7,https://api.dicebear.com/7.x/avataaars/svg?seed=mentee_8345,,1
4459,1,Freshman,Junior,MA,4,7,https://api.dicebear.com/7.x/avataaars/svg?seed=mentee_8346,,1
4460,4,Freshman,Beginner,JO,2,7,https://api.dicebear.com/7.x/avataaars/svg?seed=mentee_8349,,1
4461,4,Sophomore,Beginner,SA,2,2,https://api.dicebear.com/7.x/avataaars/svg?seed=mentee_8350,,1
4462,3,Junior,Mid,AE,2,6,https://api.dicebear.com/7.x/avataaars/svg?seed=mentee_8351,,1
4463,1,Freshman,Junior,MA,3,3,https://api.dicebear.com/7.x/avataaars/svg?seed=mentee_8357,,1
4464,1,Sophomore,Senior,AE,4,5,https://api.dicebear.com/7.x/avataaars/svg?seed=mentee_8359,,1
4465,3,Junior,Junior,SA,4,7,https://api.dicebear.com/7.x/avataaars/svg?seed=mentee_8360,,1
4466,1,Graduate,Junior,EG,6,3,https://api.dicebear.com/7.x/avataaars/svg?seed=mentee_8361,,1
4467,2,Junior,Mid,JO,2,1,https://api.dicebear.com/7.x/avataaars/svg?seed=mentee_8362,,1
4468,1,Senior,Beginner,MA,4,7,https://api.dicebear.com/7.x/avataaars/svg?seed=mentee_8363,,1
4469,1,Sophomore,Junior,EG,3,6,https://api.dicebear.com/7.x/avataaars/svg?seed=mentee_8366,,1
4470,2,Graduate,Mid,EG,4,6,https://api.dicebear.com/7.x/avataaars/svg?seed=mentee_8368,,1
4471,4,Sophomore,Beginner,EG,3,4,https://api.dicebear.com/7.x/avataaars/svg?seed=mentee_8372,,1
4472,3,Sophomore,Beginner,SA,4,7,https://api.dicebear.com/7.x/avataaars/svg?seed=mentee_8374,,1
4473,2,Freshman,Junior,EG,1,5,https://api.dicebear.com/7.x/avataaars/svg?seed=mentee_8376,,1
4474,1,Junior,Mid,SA,2,5,https://api.dicebear.com/7.x/avataaars/svg?seed=mentee_8377,,1
4475,4,Sophomore,Beginner,MA,4,1,https://api.dicebear.com/7.x/avataaars/svg?seed=mentee_8380,,1
4476,2,Sophomore,Beginner,AE,3,1,https://api.dicebear.com/7.x/avataaars/svg?seed=mentee_8381,,1
4477,2,Senior,Beginner,EG,6,6,https://api.dicebear.com/7.x/avataaars/svg?seed=mentee_8383,,1
4478,2,Senior,Beginner,MA,4,3,https://api.dicebear.com/7.x/avataaars/svg?seed=mentee_8388,,1
4479,1,Senior,Junior,SA,3,6,https://api.dicebear.com/7.x/avataaars/svg?seed=mentee_8390,,1
4480,1,Sophomore,Junior,EG,3,1,https://api.dicebear.com/7.x/avataaars/svg?seed=mentee_8392,,1
4481,3,Graduate,Junior,SA,3,1,https://api.dicebear.com/7.x/avataaars/svg?seed=mentee_8394,,1
4482,2,Junior,Junior,AE,6,1,https://api.dicebear.com/7.x/avataaars/svg?seed=mentee_8397,,1
4483,1,Sophomore,Junior,JO,1,5,https://api.dicebear.com/7.x/avataaars/svg?seed=mentee_8400,,1
4484,1,Freshman,Mid,MA,2,3,https://api.dicebear.com/7.x/avataaars/svg?seed=mentee_8401,,1
4485,4,Graduate,Beginner,EG,1,1,https://api.dicebear.com/7.x/avataaars/svg?seed=mentee_8402,,1
4486,2,Graduate,Junior,EG,4,6,https://api.dicebear.com/7.x/avataaars/svg?seed=mentee_8403,,1
4487,2,Junior,Mid,EG,3,3,https://api.dicebear.com/7.x/avataaars/svg?seed=mentee_8404,,1
4488,1,Graduate,Mid,AE,5,8,https://api.dicebear.com/7.x/avataaars/svg?seed=mentee_8406,,1
4489,4,Junior,Junior,AE,1,4,https://api.dicebear.com/7.x/avataaars/svg?seed=mentee_8408,,1
4490,3,Graduate,Beginner,SA,3,3,https://api.dicebear.com/7.x/avataaars/svg?seed=mentee_8409,,1
4491,2,Junior,Mid,EG,2,8,https://api.dicebear.com/7.x/avataaars/svg?seed=mentee_8410,,1
4492,1,Senior,Beginner,MA,2,3,https://api.dicebear.com/7.x/avataaars/svg?seed=mentee_8411,,1
4493,2,Senior,Junior,MA,2,6,https://api.dicebear.com/7.x/avataaars/svg?seed=mentee_8413,,1
4494,3,Graduate,Beginner,EG,1,5,https://api.dicebear.com/7.x/avataaars/svg?seed=mentee_8415,,1
4495,3,Graduate,Mid,AE,6,4,https://api.dicebear.com/7.x/avataaars/svg?seed=mentee_8422,,1
4496,4,Junior,Beginner,SA,4,1,https://api.dicebear.com/7.x/avataaars/svg?seed=mentee_8423,,1
4497,2,Junior,Mid,EG,6,6,https://api.dicebear.com/7.x/avataaars/svg?seed=mentee_8424,,1
4498,1,Sophomore,Junior,EG,3,1,https://api.dicebear.com/7.x/avataaars/svg?seed=mentee_8426,,1
4499,2,Senior,Beginner,EG,1,5,https://api.dicebear.com/7.x/avataaars/svg?seed=mentee_8428,,1
4500,3,Sophomore,Beginner,EG,4,7,https://api.dicebear.com/7.x/avataaars/svg?seed=mentee_8429,,1
4501,1,Sophomore,Beginner,SA,6,3,https://api.dicebear.com/7.x/avataaars/svg?seed=mentee_8430,,1
4502,1,Freshman,Beginner,EG,4,4,https://api.dicebear.com/7.x/avataaars/svg?seed=mentee_8431,,1
4503,3,Junior,Beginner,EG,2,3,https://api.dicebear.com/7.x/avataaars/svg?seed=mentee_8434,,1
4504,1,Freshman,Junior,SA,3,4,https://api.dicebear.com/7.x/avataaars/svg?seed=mentee_8435,,1
4505,3,Freshman,Mid,EG,6,7,https://api.dicebear.com/7.x/avataaars/svg?seed=mentee_8436,,1
4506,1,Sophomore,Beginner,AE,3,4,https://api.dicebear.com/7.x/avataaars/svg?seed=mentee_8438,,1
4507,1,Freshman,Mid,SA,6,5,https://api.dicebear.com/7.x/avataaars/svg?seed=mentee_8444,,1
4508,1,Junior,Beginner,SA,2,6,https://api.dicebear.com/7.x/avataaars/svg?seed=mentee_8445,,1
4509,2,Sophomore,Beginner,MA,5,7,https://api.dicebear.com/7.x/avataaars/svg?seed=mentee_8456,,1
4510,3,Junior,Mid,EG,2,1,https://api.dicebear.com/7.x/avataaars/svg?seed=mentee_8457,,1
4511,2,Graduate,Junior,SA,2,7,https://api.dicebear.com/7.x/avataaars/svg?seed=mentee_8459,,1
4512,2,Freshman,Junior,EG,4,4,https://api.dicebear.com/7.x/avataaars/svg?seed=mentee_8463,,1
4513,1,Sophomore,Junior,JO,2,1,https://api.dicebear.com/7.x/avataaars/svg?seed=mentee_8464,,1
4514,3,Senior,Mid,JO,1,3,https://api.dicebear.com/7.x/avataaars/svg?seed=mentee_8465,,1
4515,4,Junior,Beginner,EG,1,6,https://api.dicebear.com/7.x/avataaars/svg?seed=mentee_8466,,1
4516,3,Freshman,Junior,AE,1,5,https://api.dicebear.com/7.x/avataaars/svg?seed=mentee_8471,,1
4517,1,Junior,Beginner,EG,1,6,https://api.dicebear.com/7.x/avataaars/svg?seed=mentee_8475,,1
4518,2,Junior,Beginner,MA,5,1,https://api.dicebear.com/7.x/avataaars/svg?seed=mentee_8477,,1
4519,1,Graduate,Beginner,EG,6,7,https://api.dicebear.com/7.x/avataaars/svg?seed=mentee_8480,,1
4520,1,Junior,Beginner,JO,6,5,https://api.dicebear.com/7.x/avataaars/svg?seed=mentee_8482,,1
4521,1,Graduate,Beginner,EG,6,3,https://api.dicebear.com/7.x/avataaars/svg?seed=mentee_8483,,1
4522,1,Graduate,Junior,SA,2,3,https://api.dicebear.com/7.x/avataaars/svg?seed=mentee_8488,,1
4523,1,Graduate,Junior,MA,2,4,https://api.dicebear.com/7.x/avataaars/svg?seed=mentee_8493,,1
4524,3,Freshman,Junior,JO,1,1,https://api.dicebear.com/7.x/avataaars/svg?seed=mentee_8494,,1
4525,1,Junior,Junior,EG,2,5,https://api.dicebear.com/7.x/avataaars/svg?seed=mentee_8499,,1
4526,3,Junior,Junior,SA,4,3,https://api.dicebear.com/7.x/avataaars/svg?seed=mentee_8501,,1
4527,4,Graduate,Mid,EG,6,1,https://api.dicebear.com/7.x/avataaars/svg?seed=mentee_8502,,1
4528,2,Junior,Junior,SA,6,1,https://api.dicebear.com/7.x/avataaars/svg?seed=mentee_8504,,1
4529,2,Junior,Beginner,EG,1,6,https://api.dicebear.com/7.x/avataaars/svg?seed=mentee_8506,,1
4530,3,Graduate,Junior,EG,1,7,https://api.dicebear.com/7.x/avataaars/svg?seed=mentee_8507,,1
4531,1,Senior,Junior,SA,4,3,https://api.dicebear.com/7.x/avataaars/svg?seed=mentee_8510,,1
4532,1,Senior,Junior,EG,1,5,https://api.dicebear.com/7.x/avataaars/svg?seed=mentee_8514,,1
4533,2,Graduate,Beginner,SA,4,5,https://api.dicebear.com/7.x/avataaars/svg?seed=mentee_8519,,1
4534,3,Freshman,Junior,EG,5,5,https://api.dicebear.com/7.x/avataaars/svg?seed=mentee_8521,,1
4535,3,Junior,Mid,EG,1,7,https://api.dicebear.com/7.x/avataaars/svg?seed=mentee_8522,,1
4536,3,Junior,Junior,AE,3,7,https://api.dicebear.com/7.x/avataaars/svg?seed=mentee_8523,,1
4537,2,Senior,Junior,EG,5,1,https://api.dicebear.com/7.x/avataaars/svg?seed=mentee_8526,,1
4538,2,Graduate,Senior,EG,5,1,https://api.dicebear.com/7.x/avataaars/svg?seed=mentee_8527,,1
4539,3,Freshman,Beginner,SA,4,5,https://api.dicebear.com/7.x/avataaars/svg?seed=mentee_8534,,1
4540,3,Graduate,Junior,SA,6,1,https://api.dicebear.com/7.x/avataaars/svg?seed=mentee_8535,,1
4541,2,Senior,Beginner,AE,2,4,https://api.dicebear.com/7.x/avataaars/svg?seed=mentee_8538,,1
4542,4,Senior,Junior,EG,1,7,https://api.dicebear.com/7.x/avataaars/svg?seed=mentee_8544,,1
4543,3,Junior,Mid,EG,3,6,https://api.dicebear.com/7.x/avataaars/svg?seed=mentee_8545,,1
4544,2,Sophomore,Beginner,JO,5,3,https://api.dicebear.com/7.x/avataaars/svg?seed=mentee_8548,,1
4545,1,Freshman,Beginner,MA,1,2,https://api.dicebear.com/7.x/avataaars/svg?seed=mentee_8549,,1
4546,1,Freshman,Junior,EG,5,2,https://api.dicebear.com/7.x/avataaars/svg?seed=mentee_8550,,1
4547,3,Sophomore,Mid,SA,1,6,https://api.dicebear.com/7.x/avataaars/svg?seed=mentee_8551,,1
4548,1,Senior,Beginner,EG,6,5,https://api.dicebear.com/7.x/avataaars/svg?seed=mentee_8554,,1
4549,2,Graduate,Beginner,EG,1,5,https://api.dicebear.com/7.x/avataaars/svg?seed=mentee_8556,,1
4550,2,Freshman,Junior,EG,1,1,https://api.dicebear.com/7.x/avataaars/svg?seed=mentee_8558,,1
4551,3,Sophomore,Mid,SA,2,3,https://api.dicebear.com/7.x/avataaars/svg?seed=mentee_8560,,1
4552,3,Junior,Junior,EG,5,5,https://api.dicebear.com/7.x/avataaars/svg?seed=mentee_8561,,1
4553,3,Junior,Beginner,MA,1,1,https://api.dicebear.com/7.x/avataaars/svg?seed=mentee_8562,,1
4554,1,Senior,Beginner,SA,6,7,https://api.dicebear.com/7.x/avataaars/svg?seed=mentee_8563,,1
4555,1,Freshman,Junior,EG,6,5,https://api.dicebear.com/7.x/avataaars/svg?seed=mentee_8567,,1
4556,2,Graduate,Mid,AE,1,1,https://api.dicebear.com/7.x/avataaars/svg?seed=mentee_8568,,1
4557,1,Freshman,Junior,EG,1,5,https://api.dicebear.com/7.x/avataaars/svg?seed=mentee_8569,,1
4558,2,Junior,Junior,SA,5,1,https://api.dicebear.com/7.x/avataaars/svg?seed=mentee_8570,,1
4559,4,Freshman,Beginner,EG,2,3,https://api.dicebear.com/7.x/avataaars/svg?seed=mentee_8572,,1
4560,2,Junior,Mid,EG,5,6,https://api.dicebear.com/7.x/avataaars/svg?seed=mentee_8573,,1
4561,2,Sophomore,Beginner,EG,5,4,https://api.dicebear.com/7.x/avataaars/svg?seed=mentee_8574,,1
4562,2,Sophomore,Beginner,EG,3,3,https://api.dicebear.com/7.x/avataaars/svg?seed=mentee_8576,,1
4563,3,Junior,Junior,EG,6,1,https://api.dicebear.com/7.x/avataaars/svg?seed=mentee_8577,,1
4564,1,Graduate,Junior,EG,3,6,https://api.dicebear.com/7.x/avataaars/svg?seed=mentee_8580,,1
4565,2,Graduate,Junior,MA,6,1,https://api.dicebear.com/7.x/avataaars/svg?seed=mentee_8581,,1
4566,1,Freshman,Beginner,EG,3,5,https://api.dicebear.com/7.x/avataaars/svg?seed=mentee_8582,,1
4567,2,Junior,Beginner,EG,3,6,https://api.dicebear.com/7.x/avataaars/svg?seed=mentee_8583,,1
4568,1,Senior,Junior,MA,5,5,https://api.dicebear.com/7.x/avataaars/svg?seed=mentee_8584,,1
4569,2,Graduate,Beginner,SA,2,7,https://api.dicebear.com/7.x/avataaars/svg?seed=mentee_8589,,1
4570,3,Graduate,Beginner,SA,5,6,https://api.dicebear.com/7.x/avataaars/svg?seed=mentee_8592,,1
4571,1,Sophomore,Mid,EG,5,3,https://api.dicebear.com/7.x/avataaars/svg?seed=mentee_8594,,1
4572,2,Graduate,Mid,AE,3,6,https://api.dicebear.com/7.x/avataaars/svg?seed=mentee_8597,,1
4573,1,Graduate,Beginner,EG,3,4,https://api.dicebear.com/7.x/avataaars/svg?seed=mentee_8599,,1
4574,1,Graduate,Beginner,AE,4,1,https://api.dicebear.com/7.x/avataaars/svg?seed=mentee_8600,,1
4575,1,Junior,Junior,MA,6,6,https://api.dicebear.com/7.x/avataaars/svg?seed=mentee_8601,,1
4576,1,Junior,Mid,SA,6,6,https://api.dicebear.com/7.x/avataaars/svg?seed=mentee_8605,,1
4577,4,Sophomore,Beginner,EG,6,3,https://api.dicebear.com/7.x/avataaars/svg?seed=mentee_8606,,1
4578,4,Freshman,Beginner,SA,2,5,https://api.dicebear.com/7.x/avataaars/svg?seed=mentee_8607,,1
4579,3,Graduate,Mid,SA,1,2,https://api.dicebear.com/7.x/avataaars/svg?seed=mentee_8609,,1
4580,2,Freshman,Mid,SA,2,6,https://api.dicebear.com/7.x/avataaars/svg?seed=mentee_8610,,1
4581,3,Junior,Mid,SA,4,5,https://api.dicebear.com/7.x/avataaars/svg?seed=mentee_8611,,1
4582,3,Graduate,Junior,AE,6,5,https://api.dicebear.com/7.x/avataaars/svg?seed=mentee_8612,,1
4583,2,Freshman,Junior,SA,2,7,https://api.dicebear.com/7.x/avataaars/svg?seed=mentee_8615,,1
4584,1,Freshman,Beginner,MA,2,7,https://api.dicebear.com/7.x/avataaars/svg?seed=mentee_8616,,1
4585,3,Senior,Beginner,JO,3,5,https://api.dicebear.com/7.x/avataaars/svg?seed=mentee_8617,,1
4586,4,Junior,Beginner,EG,1,7,https://api.dicebear.com/7.x/avataaars/svg?seed=mentee_8620,,1
4587,1,Sophomore,Junior,AE,2,5,https://api.dicebear.com/7.x/avataaars/svg?seed=mentee_8621,,1
4588,2,Sophomore,Senior,EG,4,6,https://api.dicebear.com/7.x/avataaars/svg?seed=mentee_8624,,1
4589,1,Senior,Beginner,AE,3,3,https://api.dicebear.com/7.x/avataaars/svg?seed=mentee_8625,,1
4590,1,Freshman,Junior,EG,5,4,https://api.dicebear.com/7.x/avataaars/svg?seed=mentee_8627,,1
4591,3,Senior,Beginner,SA,6,1,https://api.dicebear.com/7.x/avataaars/svg?seed=mentee_8629,,1
4592,1,Senior,Junior,AE,2,4,https://api.dicebear.com/7.x/avataaars/svg?seed=mentee_8630,,1
4593,4,Junior,Junior,EG,2,3,https://api.dicebear.com/7.x/avataaars/svg?seed=mentee_8631,,1
4594,3,Graduate,Beginner,JO,3,6,https://api.dicebear.com/7.x/avataaars/svg?seed=mentee_8632,,1
4595,1,Freshman,Mid,SA,6,7,https://api.dicebear.com/7.x/avataaars/svg?seed=mentee_8635,,1
4596,3,Sophomore,Beginner,EG,6,1,https://api.dicebear.com/7.x/avataaars/svg?seed=mentee_8636,,1
4597,3,Sophomore,Mid,SA,4,5,https://api.dicebear.com/7.x/avataaars/svg?seed=mentee_8640,,1
4598,2,Senior,Beginner,MA,5,5,https://api.dicebear.com/7.x/avataaars/svg?seed=mentee_8642,,1
4599,2,Senior,Beginner,EG,1,4,https://api.dicebear.com/7.x/avataaars/svg?seed=mentee_8643,,1
4600,3,Senior,Mid,AE,5,5,https://api.dicebear.com/7.x/avataaars/svg?seed=mentee_8647,,1
4601,1,Freshman,Beginner,AE,6,7,https://api.dicebear.com/7.x/avataaars/svg?seed=mentee_8650,,1
4602,1,Senior,Junior,MA,2,6,https://api.dicebear.com/7.x/avataaars/svg?seed=mentee_8654,,1
4603,1,Senior,Beginner,AE,1,1,https://api.dicebear.com/7.x/avataaars/svg?seed=mentee_8661,,1
4604,1,Graduate,Junior,SA,1,5,https://api.dicebear.com/7.x/avataaars/svg?seed=mentee_8662,,1
4605,2,Freshman,Mid,MA,2,6,https://api.dicebear.com/7.x/avataaars/svg?seed=mentee_8666,,1
4606,1,Junior,Junior,JO,5,6,https://api.dicebear.com/7.x/avataaars/svg?seed=mentee_8672,,1
4607,2,Junior,Beginner,AE,2,4,https://api.dicebear.com/7.x/avataaars/svg?seed=mentee_8674,,1
4608,2,Graduate,Beginner,EG,6,5,https://api.dicebear.com/7.x/avataaars/svg?seed=mentee_8676,,1
4609,3,Sophomore,Beginner,EG,4,5,https://api.dicebear.com/7.x/avataaars/svg?seed=mentee_8677,,1
4610,2,Junior,Mid,SA,1,3,https://api.dicebear.com/7.x/avataaars/svg?seed=mentee_8680,,1
4611,4,Freshman,Junior,SA,2,5,https://api.dicebear.com/7.x/avataaars/svg?seed=mentee_8681,,1
4612,4,Sophomore,Mid,EG,5,7,https://api.dicebear.com/7.x/avataaars/svg?seed=mentee_8683,,1
4613,1,Senior,Junior,EG,6,7,https://api.dicebear.com/7.x/avataaars/svg?seed=mentee_8687,,1
4614,2,Freshman,Mid,SA,2,7,https://api.dicebear.com/7.x/avataaars/svg?seed=mentee_8688,,1
4615,1,Sophomore,Beginner,EG,4,5,https://api.dicebear.com/7.x/avataaars/svg?seed=mentee_8689,,1
4616,3,Junior,Junior,EG,1,7,https://api.dicebear.com/7.x/avataaars/svg?seed=mentee_8692,,1
4617,2,Senior,Junior,EG,2,6,https://api.dicebear.com/7.x/avataaars/svg?seed=mentee_8693,,1
4618,1,Senior,Senior,AE,2,6,https://api.dicebear.com/7.x/avataaars/svg?seed=mentee_8694,,1
4619,1,Freshman,Mid,SA,1,7,https://api.dicebear.com/7.x/avataaars/svg?seed=mentee_8700,,1
4620,1,Senior,Mid,EG,4,1,https://api.dicebear.com/7.x/avataaars/svg?seed=mentee_8701,,1
4621,3,Sophomore,Beginner,EG,6,2,https://api.dicebear.com/7.x/avataaars/svg?seed=mentee_8702,,1
4622,3,Graduate,Beginner,SA,5,7,https://api.dicebear.com/7.x/avataaars/svg?seed=mentee_8703,,1
4623,1,Junior,Junior,AE,2,5,https://api.dicebear.com/7.x/avataaars/svg?seed=mentee_8704,,1
4624,1,Freshman,Beginner,AE,5,4,https://api.dicebear.com/7.x/avataaars/svg?seed=mentee_8705,,1
4625,1,Graduate,Beginner,EG,6,6,https://api.dicebear.com/7.x/avataaars/svg?seed=mentee_8707,,1
4626,2,Graduate,Mid,SA,6,7,https://api.dicebear.com/7.x/avataaars/svg?seed=mentee_8708,,1
4627,1,Freshman,Beginner,JO,5,1,https://api.dicebear.com/7.x/avataaars/svg?seed=mentee_8710,,1
4628,1,Sophomore,Mid,EG,1,1,https://api.dicebear.com/7.x/avataaars/svg?seed=mentee_8711,,1
4629,3,Junior,Beginner,SA,2,6,https://api.dicebear.com/7.x/avataaars/svg?seed=mentee_8714,,1
4630,2,Freshman,Junior,EG,6,3,https://api.dicebear.com/7.x/avataaars/svg?seed=mentee_8716,,1
4631,3,Graduate,Beginner,EG,5,3,https://api.dicebear.com/7.x/avataaars/svg?seed=mentee_8717,,1
4632,2,Graduate,Junior,EG,5,7,https://api.dicebear.com/7.x/avataaars/svg?seed=mentee_8718,,1
4633,2,Freshman,Junior,SA,1,6,https://api.dicebear.com/7.x/avataaars/svg?seed=mentee_8719,,1
4634,2,Graduate,Beginner,EG,1,6,https://api.dicebear.com/7.x/avataaars/svg?seed=mentee_8721,,1
4635,1,Freshman,Beginner,EG,2,1,https://api.dicebear.com/7.x/avataaars/svg?seed=mentee_8722,,1
4636,1,Freshman,Junior,EG,1,6,https://api.dicebear.com/7.x/avataaars/svg?seed=mentee_8723,,1
4637,4,Junior,Junior,EG,3,3,https://api.dicebear.com/7.x/avataaars/svg?seed=mentee_8724,,1
4638,3,Freshman,Junior,SA,5,4,https://api.dicebear.com/7.x/avataaars/svg?seed=mentee_8725,,1
4639,3,Graduate,Beginner,EG,5,4,https://api.dicebear.com/7.x/avataaars/svg?seed=mentee_8727,,1
4640,1,Senior,Beginner,EG,5,1,https://api.dicebear.com/7.x/avataaars/svg?seed=mentee_8729,,1
4641,1,Junior,Mid,AE,1,7,https://api.dicebear.com/7.x/avataaars/svg?seed=mentee_8733,,1
4642,1,Graduate,Junior,SA,5,3,https://api.dicebear.com/7.x/avataaars/svg?seed=mentee_8735,,1
4643,4,Graduate,Mid,SA,4,6,https://api.dicebear.com/7.x/avataaars/svg?seed=mentee_8737,,1
4644,3,Junior,Junior,EG,2,5,https://api.dicebear.com/7.x/avataaars/svg?seed=mentee_8740,,1
4645,2,Junior,Mid,SA,5,3,https://api.dicebear.com/7.x/avataaars/svg?seed=mentee_8741,,1
4646,4,Graduate,Junior,EG,3,1,https://api.dicebear.com/7.x/avataaars/svg?seed=mentee_8746,,1
4647,1,Senior,Beginner,EG,3,5,https://api.dicebear.com/7.x/avataaars/svg?seed=mentee_8747,,1
4648,2,Sophomore,Junior,AE,3,4,https://api.dicebear.com/7.x/avataaars/svg?seed=mentee_8750,,1
4649,1,Graduate,Junior,MA,5,3,https://api.dicebear.com/7.x/avataaars/svg?seed=mentee_8752,,1
4650,1,Junior,Beginner,SA,3,7,https://api.dicebear.com/7.x/avataaars/svg?seed=mentee_8753,,1
4651,4,Freshman,Beginner,EG,1,3,https://api.dicebear.com/7.x/avataaars/svg?seed=mentee_8761,,1
4652,3,Freshman,Beginner,JO,4,1,https://api.dicebear.com/7.x/avataaars/svg?seed=mentee_8763,,1
4653,1,Junior,Mid,EG,4,6,https://api.dicebear.com/7.x/avataaars/svg?seed=mentee_8765,,1
4654,1,Junior,Junior,JO,2,7,https://api.dicebear.com/7.x/avataaars/svg?seed=mentee_8767,,1
4655,2,Sophomore,Beginner,EG,5,5,https://api.dicebear.com/7.x/avataaars/svg?seed=mentee_8769,,1
4656,1,Junior,Mid,EG,6,1,https://api.dicebear.com/7.x/avataaars/svg?seed=mentee_8771,,1
4657,2,Freshman,Junior,SA,5,5,https://api.dicebear.com/7.x/avataaars/svg?seed=mentee_8772,,1
4658,2,Senior,Beginner,MA,2,5,https://api.dicebear.com/7.x/avataaars/svg?seed=mentee_8774,,1
4659,1,Junior,Junior,JO,3,5,https://api.dicebear.com/7.x/avataaars/svg?seed=mentee_8775,,1
4660,1,Sophomore,Junior,SA,1,5,https://api.dicebear.com/7.x/avataaars/svg?seed=mentee_8776,,1
4661,1,Senior,Junior,AE,1,5,https://api.dicebear.com/7.x/avataaars/svg?seed=mentee_8777,,1
4662,4,Sophomore,Junior,SA,5,7,https://api.dicebear.com/7.x/avataaars/svg?seed=mentee_8778,,1
4663,1,Senior,Junior,AE,1,4,https://api.dicebear.com/7.x/avataaars/svg?seed=mentee_8780,,1
4664,2,Junior,Junior,JO,4,4,https://api.dicebear.com/7.x/avataaars/svg?seed=mentee_8781,,1
4665,1,Freshman,Beginner,EG,1,4,https://api.dicebear.com/7.x/avataaars/svg?seed=mentee_8782,,1
4666,3,Senior,Mid,EG,6,5,https://api.dicebear.com/7.x/avataaars/svg?seed=mentee_8783,,1
4667,1,Graduate,Beginner,MA,3,1,https://api.dicebear.com/7.x/avataaars/svg?seed=mentee_8785,,1
4668,1,Sophomore,Beginner,MA,6,1,https://api.dicebear.com/7.x/avataaars/svg?seed=mentee_8786,,1
4669,3,Senior,Beginner,EG,3,5,https://api.dicebear.com/7.x/avataaars/svg?seed=mentee_8787,,1
4670,3,Sophomore,Junior,EG,4,6,https://api.dicebear.com/7.x/avataaars/svg?seed=mentee_8790,,1
4671,1,Freshman,Beginner,MA,5,1,https://api.dicebear.com/7.x/avataaars/svg?seed=mentee_8791,,1
4672,1,Sophomore,Junior,SA,3,5,https://api.dicebear.com/7.x/avataaars/svg?seed=mentee_8793,,1
4673,4,Sophomore,Mid,SA,6,7,https://api.dicebear.com/7.x/avataaars/svg?seed=mentee_8797,,1
4674,1,Graduate,Beginner,EG,1,7,https://api.dicebear.com/7.x/avataaars/svg?seed=mentee_8801,,1
4675,1,Sophomore,Junior,JO,4,1,https://api.dicebear.com/7.x/avataaars/svg?seed=mentee_8805,,1
4676,1,Senior,Mid,EG,1,7,https://api.dicebear.com/7.x/avataaars/svg?seed=mentee_8807,,1
4677,1,Sophomore,Mid,EG,5,5,https://api.dicebear.com/7.x/avataaars/svg?seed=mentee_8810,,1
4678,2,Junior,Beginner,EG,2,7,https://api.dicebear.com/7.x/avataaars/svg?seed=mentee_8815,,1
4679,2,Sophomore,Junior,MA,4,8,https://api.dicebear.com/7.x/avataaars/svg?seed=mentee_8818,,1
4680,2,Junior,Beginner,AE,5,7,https://api.dicebear.com/7.x/avataaars/svg?seed=mentee_8819,,1
4681,2,Sophomore,Beginner,AE,6,2,https://api.dicebear.com/7.x/avataaars/svg?seed=mentee_8820,,1
4682,1,Sophomore,Junior,EG,4,2,https://api.dicebear.com/7.x/avataaars/svg?seed=mentee_8822,,1
4683,3,Senior,Junior,MA,4,1,https://api.dicebear.com/7.x/avataaars/svg?seed=mentee_8824,,1
4684,1,Junior,Junior,AE,3,5,https://api.dicebear.com/7.x/avataaars/svg?seed=mentee_8825,,1
4685,1,Junior,Beginner,AE,2,7,https://api.dicebear.com/7.x/avataaars/svg?seed=mentee_8830,,1
4686,2,Graduate,Beginner,MA,6,6,https://api.dicebear.com/7.x/avataaars/svg?seed=mentee_8834,,1
4687,1,Sophomore,Beginner,EG,4,1,https://api.dicebear.com/7.x/avataaars/svg?seed=mentee_8835,,1
4688,1,Sophomore,Beginner,SA,2,3,https://api.dicebear.com/7.x/avataaars/svg?seed=mentee_8837,,1
4689,1,Senior,Beginner,MA,2,6,https://api.dicebear.com/7.x/avataaars/svg?seed=mentee_8839,,1
4690,3,Graduate,Junior,AE,6,5,https://api.dicebear.com/7.x/avataaars/svg?seed=mentee_8841,,1
4691,1,Graduate,Beginner,SA,6,1,https://api.dicebear.com/7.x/avataaars/svg?seed=mentee_8842,,1
4692,3,Senior,Junior,EG,5,4,https://api.dicebear.com/7.x/avataaars/svg?seed=mentee_8843,,1
4693,3,Junior,Beginner,AE,6,5,https://api.dicebear.com/7.x/avataaars/svg?seed=mentee_8844,,1
4694,2,Freshman,Beginner,SA,6,2,https://api.dicebear.com/7.x/avataaars/svg?seed=mentee_8845,,1
4695,1,Senior,Beginner,EG,1,2,https://api.dicebear.com/7.x/avataaars/svg?seed=mentee_8851,,1
4696,3,Junior,Mid,JO,2,5,https://api.dicebear.com/7.x/avataaars/svg?seed=mentee_8852,,1
4697,1,Graduate,Beginner,EG,2,3,https://api.dicebear.com/7.x/avataaars/svg?seed=mentee_8855,,1
4698,4,Senior,Junior,EG,6,3,https://api.dicebear.com/7.x/avataaars/svg?seed=mentee_8856,,1
4699,3,Freshman,Beginner,AE,6,6,https://api.dicebear.com/7.x/avataaars/svg?seed=mentee_8858,,1
4700,1,Sophomore,Beginner,SA,2,7,https://api.dicebear.com/7.x/avataaars/svg?seed=mentee_8862,,1
4701,3,Senior,Beginner,EG,6,8,https://api.dicebear.com/7.x/avataaars/svg?seed=mentee_8865,,1
4702,2,Freshman,Beginner,EG,3,5,https://api.dicebear.com/7.x/avataaars/svg?seed=mentee_8866,,1
4703,2,Freshman,Beginner,EG,3,4,https://api.dicebear.com/7.x/avataaars/svg?seed=mentee_8867,,1
4704,1,Senior,Junior,EG,1,1,https://api.dicebear.com/7.x/avataaars/svg?seed=mentee_8869,,1
4705,2,Junior,Beginner,EG,2,6,https://api.dicebear.com/7.x/avataaars/svg?seed=mentee_8870,,1
4706,3,Senior,Junior,EG,2,1,https://api.dicebear.com/7.x/avataaars/svg?seed=mentee_8873,,1
4707,3,Graduate,Beginner,EG,6,5,https://api.dicebear.com/7.x/avataaars/svg?seed=mentee_8883,,1
4708,1,Freshman,Beginner,SA,5,7,https://api.dicebear.com/7.x/avataaars/svg?seed=mentee_8885,,1
4709,2,Freshman,Junior,MA,3,6,https://api.dicebear.com/7.x/avataaars/svg?seed=mentee_8886,,1
4710,2,Sophomore,Junior,SA,5,1,https://api.dicebear.com/7.x/avataaars/svg?seed=mentee_8887,,1
4711,2,Freshman,Junior,AE,6,5,https://api.dicebear.com/7.x/avataaars/svg?seed=mentee_8892,,1
4712,2,Sophomore,Mid,EG,5,1,https://api.dicebear.com/7.x/avataaars/svg?seed=mentee_8893,,1
4713,1,Freshman,Mid,AE,6,5,https://api.dicebear.com/7.x/avataaars/svg?seed=mentee_8896,,1
4714,3,Freshman,Beginner,SA,5,5,https://api.dicebear.com/7.x/avataaars/svg?seed=mentee_8899,,1
4715,1,Senior,Junior,SA,6,7,https://api.dicebear.com/7.x/avataaars/svg?seed=mentee_8900,,1
4716,1,Senior,Beginner,EG,5,3,https://api.dicebear.com/7.x/avataaars/svg?seed=mentee_8901,,1
4717,2,Graduate,Mid,EG,2,4,https://api.dicebear.com/7.x/avataaars/svg?seed=mentee_8904,,1
4718,1,Junior,Beginner,SA,3,5,https://api.dicebear.com/7.x/avataaars/svg?seed=mentee_8906,,1
4719,1,Graduate,Junior,SA,6,8,https://api.dicebear.com/7.x/avataaars/svg?seed=mentee_8909,,1
4720,1,Freshman,Junior,JO,3,7,https://api.dicebear.com/7.x/avataaars/svg?seed=mentee_8910,,1
4721,2,Graduate,Junior,EG,1,6,https://api.dicebear.com/7.x/avataaars/svg?seed=mentee_8912,,1
4722,4,Senior,Beginner,EG,1,1,https://api.dicebear.com/7.x/avataaars/svg?seed=mentee_8913,,1
4723,2,Freshman,Junior,SA,3,5,https://api.dicebear.com/7.x/avataaars/svg?seed=mentee_8915,,1
4724,1,Freshman,Mid,JO,1,1,https://api.dicebear.com/7.x/avataaars/svg?seed=mentee_8916,,1
4725,3,Graduate,Junior,EG,1,5,https://api.dicebear.com/7.x/avataaars/svg?seed=mentee_8918,,1
4726,1,Sophomore,Junior,SA,3,5,https://api.dicebear.com/7.x/avataaars/svg?seed=mentee_8919,,1
4727,4,Junior,Mid,EG,3,7,https://api.dicebear.com/7.x/avataaars/svg?seed=mentee_8922,,1
4728,2,Graduate,Junior,SA,2,6,https://api.dicebear.com/7.x/avataaars/svg?seed=mentee_8923,,1
4729,1,Graduate,Junior,AE,3,7,https://api.dicebear.com/7.x/avataaars/svg?seed=mentee_8924,,1
4730,2,Junior,Mid,JO,2,5,https://api.dicebear.com/7.x/avataaars/svg?seed=mentee_8925,,1
4731,1,Freshman,Beginner,EG,5,6,https://api.dicebear.com/7.x/avataaars/svg?seed=mentee_8926,,1
4732,3,Freshman,Junior,EG,4,7,https://api.dicebear.com/7.x/avataaars/svg?seed=mentee_8927,,1
4733,1,Sophomore,Junior,SA,2,5,https://api.dicebear.com/7.x/avataaars/svg?seed=mentee_8929,,1
4734,3,Graduate,Mid,EG,1,4,https://api.dicebear.com/7.x/avataaars/svg?seed=mentee_8930,,1
4735,3,Junior,Junior,AE,2,4,https://api.dicebear.com/7.x/avataaars/svg?seed=mentee_8931,,1
4736,3,Graduate,Junior,SA,2,5,https://api.dicebear.com/7.x/avataaars/svg?seed=mentee_8934,,1
4737,3,Senior,Beginner,EG,3,7,https://api.dicebear.com/7.x/avataaars/svg?seed=mentee_8935,,1
4738,1,Graduate,Junior,JO,2,6,https://api.dicebear.com/7.x/avataaars/svg?seed=mentee_8936,,1
4739,2,Graduate,Beginner,EG,3,1,https://api.dicebear.com/7.x/avataaars/svg?seed=mentee_8937,,1
4740,3,Senior,Beginner,MA,4,6,https://api.dicebear.com/7.x/avataaars/svg?seed=mentee_8939,,1
4741,1,Senior,Junior,JO,6,7,https://api.dicebear.com/7.x/avataaars/svg?seed=mentee_8941,,1
4742,1,Junior,Mid,AE,1,5,https://api.dicebear.com/7.x/avataaars/svg?seed=mentee_8945,,1
4743,1,Freshman,Junior,EG,4,5,https://api.dicebear.com/7.x/avataaars/svg?seed=mentee_8950,,1
4744,1,Sophomore,Junior,MA,4,6,https://api.dicebear.com/7.x/avataaars/svg?seed=mentee_8951,,1
4745,3,Senior,Junior,AE,3,6,https://api.dicebear.com/7.x/avataaars/svg?seed=mentee_8952,,1
4746,2,Freshman,Beginner,EG,4,4,https://api.dicebear.com/7.x/avataaars/svg?seed=mentee_8954,,1
4747,2,Junior,Beginner,EG,4,5,https://api.dicebear.com/7.x/avataaars/svg?seed=mentee_8955,,1
4748,4,Graduate,Junior,EG,1,7,https://api.dicebear.com/7.x/avataaars/svg?seed=mentee_8956,,1
4749,1,Junior,Mid,MA,1,4,https://api.dicebear.com/7.x/avataaars/svg?seed=mentee_8959,,1
4750,3,Junior,Beginner,JO,4,6,https://api.dicebear.com/7.x/avataaars/svg?seed=mentee_8960,,1
4751,1,Senior,Mid,MA,2,5,https://api.dicebear.com/7.x/avataaars/svg?seed=mentee_8964,,1
4752,1,Sophomore,Mid,AE,5,3,https://api.dicebear.com/7.x/avataaars/svg?seed=mentee_8966,,1
4753,1,Senior,Beginner,SA,6,1,https://api.dicebear.com/7.x/avataaars/svg?seed=mentee_8968,,1
4754,1,Graduate,Junior,EG,1,5,https://api.dicebear.com/7.x/avataaars/svg?seed=mentee_8969,,1
4755,1,Senior,Junior,EG,6,6,https://api.dicebear.com/7.x/avataaars/svg?seed=mentee_8974,,1
4756,2,Graduate,Beginner,EG,1,5,https://api.dicebear.com/7.x/avataaars/svg?seed=mentee_8975,,1
4757,1,Senior,Beginner,SA,2,5,https://api.dicebear.com/7.x/avataaars/svg?seed=mentee_8976,,1
4758,1,Sophomore,Beginner,MA,3,5,https://api.dicebear.com/7.x/avataaars/svg?seed=mentee_8979,,1
4759,2,Freshman,Junior,MA,3,2,https://api.dicebear.com/7.x/avataaars/svg?seed=mentee_8980,,1
4760,1,Sophomore,Beginner,EG,6,6,https://api.dicebear.com/7.x/avataaars/svg?seed=mentee_8981,,1
4761,3,Senior,Junior,AE,3,6,https://api.dicebear.com/7.x/avataaars/svg?seed=mentee_8982,,1
4762,4,Junior,Mid,SA,6,4,https://api.dicebear.com/7.x/avataaars/svg?seed=mentee_8983,,1
4763,3,Freshman,Beginner,SA,6,6,https://api.dicebear.com/7.x/avataaars/svg?seed=mentee_8984,,1
4764,2,Junior,Junior,AE,2,5,https://api.dicebear.com/7.x/avataaars/svg?seed=mentee_8986,,1
4765,2,Sophomore,Junior,EG,2,7,https://api.dicebear.com/7.x/avataaars/svg?seed=mentee_8987,,1
4766,2,Freshman,Beginner,MA,2,5,https://api.dicebear.com/7.x/avataaars/svg?seed=mentee_8988,,1
4767,4,Senior,Junior,AE,5,4,https://api.dicebear.com/7.x/avataaars/svg?seed=mentee_8993,,1
4768,4,Junior,Beginner,AE,5,5,https://api.dicebear.com/7.x/avataaars/svg?seed=mentee_8997,,1
4769,1,Senior,Mid,EG,3,7,https://api.dicebear.com/7.x/avataaars/svg?seed=mentee_8998,,1
4770,2,Graduate,Junior,EG,2,6,https://api.dicebear.com/7.x/avataaars/svg?seed=mentee_8999,,1
4771,3,Freshman,Mid,EG,3,2,https://api.dicebear.com/7.x/avataaars/svg?seed=mentee_9000,,1
4772,1,Junior,Mid,AE,6,7,https://api.dicebear.com/7.x/avataaars/svg?seed=mentee_9005,,1
4773,2,Sophomore,Beginner,MA,1,5,https://api.dicebear.com/7.x/avataaars/svg?seed=mentee_9006,,1
4774,2,Sophomore,Beginner,SA,4,1,https://api.dicebear.com/7.x/avataaars/svg?seed=mentee_9008,,1
4775,3,Sophomore,Beginner,AE,3,5,https://api.dicebear.com/7.x/avataaars/svg?seed=mentee_9011,,1
4776,1,Sophomore,Beginner,SA,6,6,https://api.dicebear.com/7.x/avataaars/svg?seed=mentee_9012,,1
4777,1,Junior,Mid,EG,2,5,https://api.dicebear.com/7.x/avataaars/svg?seed=mentee_9016,,1
4778,1,Graduate,Beginner,AE,6,4,https://api.dicebear.com/7.x/avataaars/svg?seed=mentee_9017,,1
4779,2,Sophomore,Junior,AE,1,6,https://api.dicebear.com/7.x/avataaars/svg?seed=mentee_9020,,1
4780,4,Sophomore,Beginner,EG,5,3,https://api.dicebear.com/7.x/avataaars/svg?seed=mentee_9022,,1
4781,3,Sophomore,Junior,EG,4,7,https://api.dicebear.com/7.x/avataaars/svg?seed=mentee_9023,,1
4782,1,Graduate,Mid,SA,3,4,https://api.dicebear.com/7.x/avataaars/svg?seed=mentee_9024,,1
4783,1,Freshman,Beginner,EG,4,4,https://api.dicebear.com/7.x/avataaars/svg?seed=mentee_9025,,1
4784,3,Sophomore,Mid,MA,6,3,https://api.dicebear.com/7.x/avataaars/svg?seed=mentee_9027,,1
4785,3,Sophomore,Junior,SA,2,7,https://api.dicebear.com/7.x/avataaars/svg?seed=mentee_9028,,1
4786,2,Sophomore,Junior,EG,6,6,https://api.dicebear.com/7.x/avataaars/svg?seed=mentee_9033,,1
4787,1,Freshman,Junior,EG,2,6,https://api.dicebear.com/7.x/avataaars/svg?seed=mentee_9034,,1
4788,1,Sophomore,Beginner,MA,6,6,https://api.dicebear.com/7.x/avataaars/svg?seed=mentee_9036,,1
4789,3,Freshman,Beginner,AE,2,3,https://api.dicebear.com/7.x/avataaars/svg?seed=mentee_9037,,1
4790,2,Freshman,Junior,AE,5,3,https://api.dicebear.com/7.x/avataaars/svg?seed=mentee_9039,,1
4791,1,Senior,Beginner,EG,1,3,https://api.dicebear.com/7.x/avataaars/svg?seed=mentee_9040,,1
4792,4,Senior,Junior,JO,3,3,https://api.dicebear.com/7.x/avataaars/svg?seed=mentee_9041,,1
4793,2,Sophomore,Mid,SA,2,5,https://api.dicebear.com/7.x/avataaars/svg?seed=mentee_9043,,1
4794,4,Junior,Mid,AE,4,6,https://api.dicebear.com/7.x/avataaars/svg?seed=mentee_9044,,1
4795,2,Senior,Junior,MA,2,1,https://api.dicebear.com/7.x/avataaars/svg?seed=mentee_9051,,1
4796,2,Senior,Junior,EG,4,6,https://api.dicebear.com/7.x/avataaars/svg?seed=mentee_9052,,1
4797,4,Junior,Mid,SA,1,3,https://api.dicebear.com/7.x/avataaars/svg?seed=mentee_9053,,1
4798,4,Graduate,Junior,EG,2,5,https://api.dicebear.com/7.x/avataaars/svg?seed=mentee_9054,,1
4799,4,Sophomore,Junior,SA,1,7,https://api.dicebear.com/7.x/avataaars/svg?seed=mentee_9056,,1
4800,3,Graduate,Mid,EG,6,5,https://api.dicebear.com/7.x/avataaars/svg?seed=mentee_9057,,1
4801,2,Graduate,Junior,MA,4,4,https://api.dicebear.com/7.x/avataaars/svg?seed=mentee_9059,,1
4802,1,Freshman,Beginner,EG,6,1,https://api.dicebear.com/7.x/avataaars/svg?seed=mentee_9060,,1
4803,1,Freshman,Junior,SA,6,1,https://api.dicebear.com/7.x/avataaars/svg?seed=mentee_9063,,1
4804,4,Sophomore,Mid,JO,2,7,https://api.dicebear.com/7.x/avataaars/svg?seed=mentee_9070,,1
4805,1,Junior,Junior,MA,2,3,https://api.dicebear.com/7.x/avataaars/svg?seed=mentee_9071,,1
4806,3,Freshman,Mid,SA,4,6,https://api.dicebear.com/7.x/avataaars/svg?seed=mentee_9072,,1
4807,4,Senior,Mid,SA,6,5,https://api.dicebear.com/7.x/avataaars/svg?seed=mentee_9073,,1
4808,4,Sophomore,Mid,EG,4,5,https://api.dicebear.com/7.x/avataaars/svg?seed=mentee_9074,,1
4809,4,Graduate,Beginner,EG,5,6,https://api.dicebear.com/7.x/avataaars/svg?seed=mentee_9076,,1
4810,2,Sophomore,Beginner,SA,6,6,https://api.dicebear.com/7.x/avataaars/svg?seed=mentee_9078,,1
4811,2,Freshman,Beginner,EG,4,1,https://api.dicebear.com/7.x/avataaars/svg?seed=mentee_9079,,1
4812,4,Junior,Junior,EG,5,3,https://api.dicebear.com/7.x/avataaars/svg?seed=mentee_9080,,1
4813,1,Graduate,Beginner,EG,4,4,https://api.dicebear.com/7.x/avataaars/svg?seed=mentee_9083,,1
4814,1,Junior,Beginner,SA,2,6,https://api.dicebear.com/7.x/avataaars/svg?seed=mentee_9085,,1
4815,4,Sophomore,Junior,SA,3,7,https://api.dicebear.com/7.x/avataaars/svg?seed=mentee_9087,,1
4816,2,Junior,Junior,EG,3,6,https://api.dicebear.com/7.x/avataaars/svg?seed=mentee_9088,,1
4817,2,Junior,Beginner,EG,1,5,https://api.dicebear.com/7.x/avataaars/svg?seed=mentee_9090,,1
4818,1,Sophomore,Junior,SA,6,5,https://api.dicebear.com/7.x/avataaars/svg?seed=mentee_9091,,1
4819,2,Graduate,Junior,AE,6,2,https://api.dicebear.com/7.x/avataaars/svg?seed=mentee_9092,,1
4820,4,Junior,Mid,SA,2,5,https://api.dicebear.com/7.x/avataaars/svg?seed=mentee_9095,,1
4821,2,Junior,Junior,JO,3,5,https://api.dicebear.com/7.x/avataaars/svg?seed=mentee_9096,,1
4822,1,Sophomore,Junior,EG,2,6,https://api.dicebear.com/7.x/avataaars/svg?seed=mentee_9100,,1
4823,2,Senior,Beginner,EG,5,5,https://api.dicebear.com/7.x/avataaars/svg?seed=mentee_9103,,1
4824,3,Junior,Beginner,EG,3,5,https://api.dicebear.com/7.x/avataaars/svg?seed=mentee_9106,,1
4825,4,Freshman,Junior,SA,6,1,https://api.dicebear.com/7.x/avataaars/svg?seed=mentee_9107,,1
4826,1,Graduate,Beginner,AE,1,5,https://api.dicebear.com/7.x/avataaars/svg?seed=mentee_9110,,1
4827,2,Junior,Junior,EG,1,6,https://api.dicebear.com/7.x/avataaars/svg?seed=mentee_9112,,1
4828,1,Sophomore,Beginner,SA,2,6,https://api.dicebear.com/7.x/avataaars/svg?seed=mentee_9113,,1
4829,2,Freshman,Beginner,SA,3,7,https://api.dicebear.com/7.x/avataaars/svg?seed=mentee_9114,,1
4830,1,Sophomore,Beginner,MA,3,3,https://api.dicebear.com/7.x/avataaars/svg?seed=mentee_9119,,1
4831,2,Junior,Mid,AE,3,5,https://api.dicebear.com/7.x/avataaars/svg?seed=mentee_9121,,1
4832,2,Freshman,Beginner,AE,4,7,https://api.dicebear.com/7.x/avataaars/svg?seed=mentee_9126,,1
4833,1,Graduate,Junior,SA,2,7,https://api.dicebear.com/7.x/avataaars/svg?seed=mentee_9127,,1
4834,1,Graduate,Beginner,MA,1,8,https://api.dicebear.com/7.x/avataaars/svg?seed=mentee_9128,,1
4835,1,Graduate,Junior,MA,2,7,https://api.dicebear.com/7.x/avataaars/svg?seed=mentee_9131,,1
4836,1,Senior,Beginner,SA,5,4,https://api.dicebear.com/7.x/avataaars/svg?seed=mentee_9132,,1
4837,3,Sophomore,Mid,SA,2,5,https://api.dicebear.com/7.x/avataaars/svg?seed=mentee_9133,,1
4838,1,Junior,Beginner,SA,1,6,https://api.dicebear.com/7.x/avataaars/svg?seed=mentee_9135,,1
4839,1,Freshman,Junior,SA,2,4,https://api.dicebear.com/7.x/avataaars/svg?seed=mentee_9136,,1
4840,4,Sophomore,Beginner,SA,5,6,https://api.dicebear.com/7.x/avataaars/svg?seed=mentee_9137,,1
4841,1,Junior,Junior,EG,2,6,https://api.dicebear.com/7.x/avataaars/svg?seed=mentee_9138,,1
4842,3,Senior,Beginner,MA,4,6,https://api.dicebear.com/7.x/avataaars/svg?seed=mentee_9139,,1
4843,2,Junior,Junior,SA,3,4,https://api.dicebear.com/7.x/avataaars/svg?seed=mentee_9140,,1
4844,3,Sophomore,Beginner,JO,1,4,https://api.dicebear.com/7.x/avataaars/svg?seed=mentee_9143,,1
4845,2,Junior,Beginner,SA,2,4,https://api.dicebear.com/7.x/avataaars/svg?seed=mentee_9148,,1
4846,1,Freshman,Junior,AE,4,6,https://api.dicebear.com/7.x/avataaars/svg?seed=mentee_9149,,1
4847,3,Senior,Junior,EG,1,2,https://api.dicebear.com/7.x/avataaars/svg?seed=mentee_9155,,1
4848,3,Freshman,Junior,SA,2,1,https://api.dicebear.com/7.x/avataaars/svg?seed=mentee_9157,,1
4849,1,Senior,Junior,SA,5,1,https://api.dicebear.com/7.x/avataaars/svg?seed=mentee_9160,,1
4850,3,Senior,Junior,EG,2,6,https://api.dicebear.com/7.x/avataaars/svg?seed=mentee_9161,,1
4851,2,Junior,Junior,JO,5,1,https://api.dicebear.com/7.x/avataaars/svg?seed=mentee_9162,,1
4852,4,Freshman,Mid,EG,5,5,https://api.dicebear.com/7.x/avataaars/svg?seed=mentee_9164,,1
4853,3,Senior,Junior,SA,3,5,https://api.dicebear.com/7.x/avataaars/svg?seed=mentee_9165,,1
4854,1,Senior,Beginner,EG,2,6,https://api.dicebear.com/7.x/avataaars/svg?seed=mentee_9168,,1
4855,3,Junior,Junior,JO,5,8,https://api.dicebear.com/7.x/avataaars/svg?seed=mentee_9171,,1
4856,4,Sophomore,Junior,EG,2,4,https://api.dicebear.com/7.x/avataaars/svg?seed=mentee_9172,,1
4857,3,Sophomore,Beginner,SA,2,1,https://api.dicebear.com/7.x/avataaars/svg?seed=mentee_9173,,1
4858,1,Graduate,Beginner,EG,2,6,https://api.dicebear.com/7.x/avataaars/svg?seed=mentee_9175,,1
4859,3,Graduate,Beginner,SA,4,3,https://api.dicebear.com/7.x/avataaars/svg?seed=mentee_9177,,1
4860,2,Senior,Junior,JO,2,7,https://api.dicebear.com/7.x/avataaars/svg?seed=mentee_9179,,1
4861,1,Sophomore,Beginner,EG,4,7,https://api.dicebear.com/7.x/avataaars/svg?seed=mentee_9180,,1
4862,3,Senior,Beginner,AE,1,6,https://api.dicebear.com/7.x/avataaars/svg?seed=mentee_9182,,1
4863,2,Freshman,Junior,EG,6,1,https://api.dicebear.com/7.x/avataaars/svg?seed=mentee_9184,,1
4864,3,Sophomore,Junior,SA,2,7,https://api.dicebear.com/7.x/avataaars/svg?seed=mentee_9185,,1
4865,2,Sophomore,Junior,SA,1,1,https://api.dicebear.com/7.x/avataaars/svg?seed=mentee_9187,,1
4866,1,Sophomore,Mid,SA,1,5,https://api.dicebear.com/7.x/avataaars/svg?seed=mentee_9188,,1
4867,4,Graduate,Mid,SA,1,1,https://api.dicebear.com/7.x/avataaars/svg?seed=mentee_9189,,1
4868,2,Junior,Junior,SA,3,3,https://api.dicebear.com/7.x/avataaars/svg?seed=mentee_9192,,1
4869,2,Junior,Beginner,EG,3,3,https://api.dicebear.com/7.x/avataaars/svg?seed=mentee_9193,,1
4870,1,Graduate,Junior,SA,4,5,https://api.dicebear.com/7.x/avataaars/svg?seed=mentee_9194,,1
4871,1,Graduate,Junior,EG,5,7,https://api.dicebear.com/7.x/avataaars/svg?seed=mentee_9196,,1
4872,2,Graduate,Beginner,AE,5,1,https://api.dicebear.com/7.x/avataaars/svg?seed=mentee_9198,,1
4873,1,Junior,Beginner,JO,4,6,https://api.dicebear.com/7.x/avataaars/svg?seed=mentee_9199,,1
4874,4,Senior,Mid,EG,1,3,https://api.dicebear.com/7.x/avataaars/svg?seed=mentee_9200,,1
4875,4,Graduate,Junior,EG,3,4,https://api.dicebear.com/7.x/avataaars/svg?seed=mentee_9202,,1
4876,3,Senior,Mid,EG,5,1,https://api.dicebear.com/7.x/avataaars/svg?seed=mentee_9203,,1
4877,1,Senior,Beginner,MA,6,3,https://api.dicebear.com/7.x/avataaars/svg?seed=mentee_9205,,1
4878,3,Freshman,Mid,JO,3,5,https://api.dicebear.com/7.x/avataaars/svg?seed=mentee_9207,,1
4879,1,Junior,Beginner,EG,1,1,https://api.dicebear.com/7.x/avataaars/svg?seed=mentee_9211,,1
4880,3,Senior,Beginner,SA,4,1,https://api.dicebear.com/7.x/avataaars/svg?seed=mentee_9212,,1
4881,2,Junior,Mid,EG,4,5,https://api.dicebear.com/7.x/avataaars/svg?seed=mentee_9213,,1
4882,4,Junior,Junior,SA,5,5,https://api.dicebear.com/7.x/avataaars/svg?seed=mentee_9215,,1
4883,1,Freshman,Beginner,AE,1,3,https://api.dicebear.com/7.x/avataaars/svg?seed=mentee_9216,,1
4884,1,Junior,Junior,SA,6,5,https://api.dicebear.com/7.x/avataaars/svg?seed=mentee_9217,,1
4885,4,Senior,Junior,JO,4,3,https://api.dicebear.com/7.x/avataaars/svg?seed=mentee_9221,,1
4886,2,Sophomore,Beginner,SA,1,5,https://api.dicebear.com/7.x/avataaars/svg?seed=mentee_9222,,1
4887,3,Senior,Beginner,EG,5,5,https://api.dicebear.com/7.x/avataaars/svg?seed=mentee_9224,,1
4888,4,Senior,Mid,SA,5,7,https://api.dicebear.com/7.x/avataaars/svg?seed=mentee_9225,,1
4889,2,Junior,Senior,SA,5,1,https://api.dicebear.com/7.x/avataaars/svg?seed=mentee_9227,,1
4890,2,Senior,Beginner,MA,3,4,https://api.dicebear.com/7.x/avataaars/svg?seed=mentee_9228,,1
4891,2,Sophomore,Beginner,EG,5,1,https://api.dicebear.com/7.x/avataaars/svg?seed=mentee_9229,,1
4892,3,Junior,Beginner,SA,5,6,https://api.dicebear.com/7.x/avataaars/svg?seed=mentee_9230,,1
4893,4,Graduate,Beginner,AE,2,6,https://api.dicebear.com/7.x/avataaars/svg?seed=mentee_9231,,1
4894,1,Senior,Junior,SA,3,5,https://api.dicebear.com/7.x/avataaars/svg?seed=mentee_9235,,1
4895,3,Senior,Beginner,EG,2,7,https://api.dicebear.com/7.x/avataaars/svg?seed=mentee_9236,,1
4896,1,Freshman,Beginner,MA,5,4,https://api.dicebear.com/7.x/avataaars/svg?seed=mentee_9240,,1
4897,2,Graduate,Beginner,EG,4,6,https://api.dicebear.com/7.x/avataaars/svg?seed=mentee_9244,,1
4898,3,Graduate,Mid,EG,3,5,https://api.dicebear.com/7.x/avataaars/svg?seed=mentee_9245,,1
4899,3,Sophomore,Mid,JO,2,5,https://api.dicebear.com/7.x/avataaars/svg?seed=mentee_9247,,1
4900,1,Graduate,Beginner,EG,2,1,https://api.dicebear.com/7.x/avataaars/svg?seed=mentee_9248,,1
4901,1,Freshman,Beginner,EG,4,6,https://api.dicebear.com/7.x/avataaars/svg?seed=mentee_9250,,1
4902,1,Sophomore,Junior,SA,2,8,https://api.dicebear.com/7.x/avataaars/svg?seed=mentee_9251,,1
4903,1,Graduate,Mid,EG,6,2,https://api.dicebear.com/7.x/avataaars/svg?seed=mentee_9252,,1
4904,1,Sophomore,Beginner,MA,3,4,https://api.dicebear.com/7.x/avataaars/svg?seed=mentee_9254,,1
4905,3,Graduate,Beginner,SA,1,7,https://api.dicebear.com/7.x/avataaars/svg?seed=mentee_9255,,1
4906,1,Graduate,Junior,SA,1,5,https://api.dicebear.com/7.x/avataaars/svg?seed=mentee_9256,,1
4907,1,Graduate,Beginner,EG,6,4,https://api.dicebear.com/7.x/avataaars/svg?seed=mentee_9260,,1
4908,3,Senior,Beginner,EG,3,5,https://api.dicebear.com/7.x/avataaars/svg?seed=mentee_9261,,1
4909,1,Graduate,Beginner,SA,1,1,https://api.dicebear.com/7.x/avataaars/svg?seed=mentee_9262,,1
4910,1,Senior,Senior,SA,4,5,https://api.dicebear.com/7.x/avataaars/svg?seed=mentee_9263,,1
4911,4,Junior,Mid,AE,3,2,https://api.dicebear.com/7.x/avataaars/svg?seed=mentee_9270,,1
4912,1,Freshman,Beginner,EG,6,5,https://api.dicebear.com/7.x/avataaars/svg?seed=mentee_9272,,1
4913,1,Sophomore,Mid,AE,5,6,https://api.dicebear.com/7.x/avataaars/svg?seed=mentee_9273,,1
4914,2,Sophomore,Beginner,EG,3,3,https://api.dicebear.com/7.x/avataaars/svg?seed=mentee_9274,,1
4915,1,Junior,Mid,SA,6,6,https://api.dicebear.com/7.x/avataaars/svg?seed=mentee_9275,,1
4916,1,Graduate,Junior,SA,6,5,https://api.dicebear.com/7.x/avataaars/svg?seed=mentee_9276,,1
4917,1,Freshman,Senior,EG,5,1,https://api.dicebear.com/7.x/avataaars/svg?seed=mentee_9279,,1
4918,1,Junior,Mid,SA,4,6,https://api.dicebear.com/7.x/avataaars/svg?seed=mentee_9281,,1
4919,3,Junior,Beginner,EG,4,6,https://api.dicebear.com/7.x/avataaars/svg?seed=mentee_9283,,1
4920,1,Sophomore,Mid,SA,3,5,https://api.dicebear.com/7.x/avataaars/svg?seed=mentee_9286,,1
4921,1,Senior,Beginner,AE,4,3,https://api.dicebear.com/7.x/avataaars/svg?seed=mentee_9288,,1
4922,1,Senior,Senior,EG,3,8,https://api.dicebear.com/7.x/avataaars/svg?seed=mentee_9290,,1
4923,4,Graduate,Beginner,MA,2,4,https://api.dicebear.com/7.x/avataaars/svg?seed=mentee_9291,,1
4924,1,Graduate,Beginner,SA,3,3,https://api.dicebear.com/7.x/avataaars/svg?seed=mentee_9292,,1
4925,3,Junior,Beginner,MA,2,3,https://api.dicebear.com/7.x/avataaars/svg?seed=mentee_9293,,1
4926,1,Graduate,Beginner,EG,5,5,https://api.dicebear.com/7.x/avataaars/svg?seed=mentee_9294,,1
4927,4,Senior,Mid,MA,1,5,https://api.dicebear.com/7.x/avataaars/svg?seed=mentee_9295,,1
4928,1,Freshman,Mid,EG,5,4,https://api.dicebear.com/7.x/avataaars/svg?seed=mentee_9297,,1
4929,1,Sophomore,Beginner,SA,1,3,https://api.dicebear.com/7.x/avataaars/svg?seed=mentee_9298,,1
4930,2,Senior,Beginner,MA,3,5,https://api.dicebear.com/7.x/avataaars/svg?seed=mentee_9299,,1
4931,1,Graduate,Beginner,EG,4,4,https://api.dicebear.com/7.x/avataaars/svg?seed=mentee_9301,,1
4932,3,Sophomore,Junior,EG,6,5,https://api.dicebear.com/7.x/avataaars/svg?seed=mentee_9304,,1
4933,2,Sophomore,Junior,AE,6,6,https://api.dicebear.com/7.x/avataaars/svg?seed=mentee_9305,,1
4934,2,Junior,Mid,SA,3,6,https://api.dicebear.com/7.x/avataaars/svg?seed=mentee_9308,,1
4935,1,Graduate,Junior,SA,1,5,https://api.dicebear.com/7.x/avataaars/svg?seed=mentee_9309,,1
4936,3,Junior,Mid,EG,4,3,https://api.dicebear.com/7.x/avataaars/svg?seed=mentee_9312,,1
4937,1,Sophomore,Beginner,AE,5,1,https://api.dicebear.com/7.x/avataaars/svg?seed=mentee_9313,,1
4938,4,Junior,Beginner,EG,3,7,https://api.dicebear.com/7.x/avataaars/svg?seed=mentee_9317,,1
4939,3,Graduate,Junior,MA,3,7,https://api.dicebear.com/7.x/avataaars/svg?seed=mentee_9321,,1
4940,2,Senior,Beginner,AE,4,1,https://api.dicebear.com/7.x/avataaars/svg?seed=mentee_9323,,1
4941,3,Freshman,Junior,AE,5,7,https://api.dicebear.com/7.x/avataaars/svg?seed=mentee_9324,,1
4942,2,Senior,Beginner,EG,2,6,https://api.dicebear.com/7.x/avataaars/svg?seed=mentee_9325,,1
4943,2,Sophomore,Beginner,JO,4,6,https://api.dicebear.com/7.x/avataaars/svg?seed=mentee_9326,,1
4944,1,Senior,Beginner,SA,4,7,https://api.dicebear.com/7.x/avataaars/svg?seed=mentee_9327,,1
4945,2,Junior,Mid,JO,1,2,https://api.dicebear.com/7.x/avataaars/svg?seed=mentee_9328,,1
4946,1,Graduate,Beginner,EG,4,6,https://api.dicebear.com/7.x/avataaars/svg?seed=mentee_9329,,1
4947,1,Senior,Beginner,AE,4,1,https://api.dicebear.com/7.x/avataaars/svg?seed=mentee_9330,,1
4948,3,Senior,Beginner,SA,4,1,https://api.dicebear.com/7.x/avataaars/svg?seed=mentee_9333,,1
4949,1,Graduate,Beginner,EG,3,7,https://api.dicebear.com/7.x/avataaars/svg?seed=mentee_9335,,1
4950,2,Junior,Junior,SA,3,5,https://api.dicebear.com/7.x/avataaars/svg?seed=mentee_9336,,1
4951,1,Freshman,Beginner,EG,4,5,https://api.dicebear.com/7.x/avataaars/svg?seed=mentee_9337,,1
4952,1,Senior,Junior,EG,5,5,https://api.dicebear.com/7.x/avataaars/svg?seed=mentee_9345,,1
4953,3,Sophomore,Junior,EG,3,5,https://api.dicebear.com/7.x/avataaars/svg?seed=mentee_9347,,1
4954,1,Junior,Beginner,SA,6,6,https://api.dicebear.com/7.x/avataaars/svg?seed=mentee_9350,,1
4955,2,Junior,Mid,SA,1,1,https://api.dicebear.com/7.x/avataaars/svg?seed=mentee_9352,,1
4956,2,Senior,Beginner,SA,5,4,https://api.dicebear.com/7.x/avataaars/svg?seed=mentee_9353,,1
4957,3,Graduate,Junior,EG,1,1,https://api.dicebear.com/7.x/avataaars/svg?seed=mentee_9354,,1
4958,1,Senior,Beginner,AE,3,2,https://api.dicebear.com/7.x/avataaars/svg?seed=mentee_9355,,1
4959,3,Senior,Junior,MA,1,5,https://api.dicebear.com/7.x/avataaars/svg?seed=mentee_9356,,1
4960,2,Graduate,Mid,EG,5,5,https://api.dicebear.com/7.x/avataaars/svg?seed=mentee_9358,,1
4961,1,Sophomore,Mid,EG,6,5,https://api.dicebear.com/7.x/avataaars/svg?seed=mentee_9359,,1
4962,1,Graduate,Beginner,SA,3,7,https://api.dicebear.com/7.x/avataaars/svg?seed=mentee_9360,,1
4963,1,Senior,Junior,AE,5,4,https://api.dicebear.com/7.x/avataaars/svg?seed=mentee_9361,,1
4964,2,Freshman,Junior,AE,5,5,https://api.dicebear.com/7.x/avataaars/svg?seed=mentee_9362,,1
4965,1,Graduate,Junior,SA,1,5,https://api.dicebear.com/7.x/avataaars/svg?seed=mentee_9363,,1
4966,1,Sophomore,Junior,EG,4,3,https://api.dicebear.com/7.x/avataaars/svg?seed=mentee_9368,,1
4967,2,Graduate,Junior,JO,1,6,https://api.dicebear.com/7.x/avataaars/svg?seed=mentee_9371,,1
4968,2,Graduate,Junior,SA,2,3,https://api.dicebear.com/7.x/avataaars/svg?seed=mentee_9373,,1
4969,1,Junior,Mid,EG,5,5,https://api.dicebear.com/7.x/avataaars/svg?seed=mentee_9381,,1
4970,1,Junior,Beginner,EG,3,5,https://api.dicebear.com/7.x/avataaars/svg?seed=mentee_9384,,1
4971,1,Senior,Junior,SA,4,5,https://api.dicebear.com/7.x/avataaars/svg?seed=mentee_9385,,1
4972,2,Senior,Beginner,SA,1,3,https://api.dicebear.com/7.x/avataaars/svg?seed=mentee_9386,,1
4973,4,Graduate,Mid,AE,4,6,https://api.dicebear.com/7.x/avataaars/svg?seed=mentee_9388,,1
4974,2,Freshman,Beginner,MA,5,5,https://api.dicebear.com/7.x/avataaars/svg?seed=mentee_9389,,1
4975,2,Senior,Beginner,EG,2,7,https://api.dicebear.com/7.x/avataaars/svg?seed=mentee_9390,,1
4976,1,Graduate,Beginner,MA,3,7,https://api.dicebear.com/7.x/avataaars/svg?seed=mentee_9395,,1
4977,4,Graduate,Beginner,AE,6,3,https://api.dicebear.com/7.x/avataaars/svg?seed=mentee_9398,,1
4978,1,Graduate,Senior,SA,4,6,https://api.dicebear.com/7.x/avataaars/svg?seed=mentee_9399,,1
4979,1,Graduate,Mid,JO,4,5,https://api.dicebear.com/7.x/avataaars/svg?seed=mentee_9400,,1
4980,1,Graduate,Junior,AE,2,4,https://api.dicebear.com/7.x/avataaars/svg?seed=mentee_9401,,1
4981,1,Junior,Beginner,EG,6,5,https://api.dicebear.com/7.x/avataaars/svg?seed=mentee_9403,,1
4982,3,Sophomore,Beginner,JO,1,6,https://api.dicebear.com/7.x/avataaars/svg?seed=mentee_9405,,1
4983,1,Sophomore,Mid,AE,2,4,https://api.dicebear.com/7.x/avataaars/svg?seed=mentee_9407,,1
4984,1,Graduate,Beginner,AE,6,7,https://api.dicebear.com/7.x/avataaars/svg?seed=mentee_9410,,1
4985,1,Senior,Mid,JO,2,3,https://api.dicebear.com/7.x/avataaars/svg?seed=mentee_9414,,1
4986,4,Freshman,Junior,SA,6,7,https://api.dicebear.com/7.x/avataaars/svg?seed=mentee_9418,,1
4987,3,Graduate,Beginner,AE,2,4,https://api.dicebear.com/7.x/avataaars/svg?seed=mentee_9419,,1
4988,4,Freshman,Junior,AE,3,3,https://api.dicebear.com/7.x/avataaars/svg?seed=mentee_9420,,1
4989,3,Junior,Junior,SA,2,1,https://api.dicebear.com/7.x/avataaars/svg?seed=mentee_9421,,1
4990,4,Sophomore,Beginner,EG,3,7,https://api.dicebear.com/7.x/avataaars/svg?seed=mentee_9424,,1
4991,2,Junior,Beginner,AE,4,6,https://api.dicebear.com/7.x/avataaars/svg?seed=mentee_9425,,1
4992,1,Senior,Junior,EG,4,3,https://api.dicebear.com/7.x/avataaars/svg?seed=mentee_9426,,1
4993,1,Senior,Beginner,AE,4,1,https://api.dicebear.com/7.x/avataaars/svg?seed=mentee_9427,,1
4994,1,Graduate,Junior,MA,4,4,https://api.dicebear.com/7.x/avataaars/svg?seed=mentee_9430,,1
4995,3,Senior,Beginner,EG,3,2,https://api.dicebear.com/7.x/avataaars/svg?seed=mentee_9431,,1
4996,1,Senior,Beginner,EG,6,6,https://api.dicebear.com/7.x/avataaars/svg?seed=mentee_9432,,1
4997,1,Junior,Senior,EG,3,5,https://api.dicebear.com/7.x/avataaars/svg?seed=mentee_9440,,1
4998,2,Freshman,Mid,SA,1,5,https://api.dicebear.com/7.x/avataaars/svg?seed=mentee_9441,,1
4999,1,Sophomore,Junior,MA,2,6,https://api.dicebear.com/7.x/avataaars/svg?seed=mentee_9443,,1
5000,1,Senior,Beginner,SA,6,6,https://api.dicebear.com/7.x/avataaars/svg?seed=mentee_9444,,1
5001,1,Senior,Beginner,EG,5,6,https://api.dicebear.com/7.x/avataaars/svg?seed=mentee_9447,,1
5002,2,Junior,Senior,SA,1,5,https://api.dicebear.com/7.x/avataaars/svg?seed=mentee_9452,,1
5003,1,Sophomore,Beginner,AE,2,5,https://api.dicebear.com/7.x/avataaars/svg?seed=mentee_9453,,1
5004,1,Junior,Beginner,EG,4,8,https://api.dicebear.com/7.x/avataaars/svg?seed=mentee_9454,,1
5005,1,Freshman,Junior,AE,2,7,https://api.dicebear.com/7.x/avataaars/svg?seed=mentee_9456,,1
5006,3,Junior,Beginner,EG,5,4,https://api.dicebear.com/7.x/avataaars/svg?seed=mentee_9457,,1
5007,1,Sophomore,Junior,AE,3,6,https://api.dicebear.com/7.x/avataaars/svg?seed=mentee_9458,,1
5008,1,Sophomore,Mid,EG,4,4,https://api.dicebear.com/7.x/avataaars/svg?seed=mentee_9459,,1
5009,4,Senior,Junior,EG,1,5,https://api.dicebear.com/7.x/avataaars/svg?seed=mentee_9461,,1
5010,3,Freshman,Beginner,JO,4,7,https://api.dicebear.com/7.x/avataaars/svg?seed=mentee_9465,,1
5011,1,Graduate,Junior,SA,3,3,https://api.dicebear.com/7.x/avataaars/svg?seed=mentee_9466,,1
5012,1,Senior,Junior,EG,3,6,https://api.dicebear.com/7.x/avataaars/svg?seed=mentee_9470,,1
5013,1,Junior,Senior,MA,5,5,https://api.dicebear.com/7.x/avataaars/svg?seed=mentee_9473,,1
5014,3,Junior,Junior,AE,1,5,https://api.dicebear.com/7.x/avataaars/svg?seed=mentee_9474,,1
5015,1,Sophomore,Beginner,EG,3,3,https://api.dicebear.com/7.x/avataaars/svg?seed=mentee_9475,,1
5016,4,Sophomore,Junior,SA,5,4,https://api.dicebear.com/7.x/avataaars/svg?seed=mentee_9481,,1
5017,3,Sophomore,Junior,JO,3,1,https://api.dicebear.com/7.x/avataaars/svg?seed=mentee_9482,,1
5018,2,Graduate,Mid,AE,6,4,https://api.dicebear.com/7.x/avataaars/svg?seed=mentee_9483,,1
5019,1,Graduate,Mid,EG,2,5,https://api.dicebear.com/7.x/avataaars/svg?seed=mentee_9485,,1
5020,3,Senior,Beginner,SA,1,5,https://api.dicebear.com/7.x/avataaars/svg?seed=mentee_9486,,1
5021,3,Graduate,Beginner,SA,5,3,https://api.dicebear.com/7.x/avataaars/svg?seed=mentee_9489,,1
5022,3,Sophomore,Beginner,JO,4,7,https://api.dicebear.com/7.x/avataaars/svg?seed=mentee_9490,,1
5023,1,Senior,Beginner,EG,2,6,https://api.dicebear.com/7.x/avataaars/svg?seed=mentee_9492,,1
5024,3,Senior,Beginner,AE,1,5,https://api.dicebear.com/7.x/avataaars/svg?seed=mentee_9494,,1
5025,3,Freshman,Beginner,EG,6,6,https://api.dicebear.com/7.x/avataaars/svg?seed=mentee_9496,,1
5026,4,Graduate,Beginner,AE,3,8,https://api.dicebear.com/7.x/avataaars/svg?seed=mentee_9497,,1
5027,2,Junior,Mid,MA,6,7,https://api.dicebear.com/7.x/avataaars/svg?seed=mentee_9499,,1
5028,2,Junior,Junior,EG,4,4,https://api.dicebear.com/7.x/avataaars/svg?seed=mentee_9500,,1
5029,1,Freshman,Beginner,EG,3,4,https://api.dicebear.com/7.x/avataaars/svg?seed=mentee_9502,,1
5030,3,Sophomore,Junior,SA,3,6,https://api.dicebear.com/7.x/avataaars/svg?seed=mentee_9503,,1
5031,4,Freshman,Beginner,AE,2,2,https://api.dicebear.com/7.x/avataaars/svg?seed=mentee_9507,,1
5032,2,Sophomore,Beginner,EG,5,5,https://api.dicebear.com/7.x/avataaars/svg?seed=mentee_9508,,1
5033,1,Graduate,Junior,AE,1,2,https://api.dicebear.com/7.x/avataaars/svg?seed=mentee_9509,,1
5034,1,Graduate,Junior,JO,4,1,https://api.dicebear.com/7.x/avataaars/svg?seed=mentee_9510,,1
5035,2,Senior,Junior,AE,3,4,https://api.dicebear.com/7.x/avataaars/svg?seed=mentee_9514,,1
5036,3,Senior,Beginner,AE,3,7,https://api.dicebear.com/7.x/avataaars/svg?seed=mentee_9518,,1
5037,1,Senior,Beginner,EG,2,5,https://api.dicebear.com/7.x/avataaars/svg?seed=mentee_9519,,1
5038,1,Senior,Junior,MA,4,6,https://api.dicebear.com/7.x/avataaars/svg?seed=mentee_9520,,1
5039,4,Junior,Mid,EG,6,5,https://api.dicebear.com/7.x/avataaars/svg?seed=mentee_9521,,1
5040,2,Senior,Junior,EG,1,1,https://api.dicebear.com/7.x/avataaars/svg?seed=mentee_9525,,1
5041,1,Senior,Beginner,EG,6,5,https://api.dicebear.com/7.x/avataaars/svg?seed=mentee_9530,,1
5042,1,Senior,Junior,AE,2,1,https://api.dicebear.com/7.x/avataaars/svg?seed=mentee_9531,,1
5043,1,Sophomore,Mid,JO,4,1,https://api.dicebear.com/7.x/avataaars/svg?seed=mentee_9533,,1
5044,1,Senior,Beginner,EG,4,5,https://api.dicebear.com/7.x/avataaars/svg?seed=mentee_9534,,1
5045,2,Freshman,Beginner,JO,5,6,https://api.dicebear.com/7.x/avataaars/svg?seed=mentee_9537,,1
5046,2,Senior,Beginner,JO,5,1,https://api.dicebear.com/7.x/avataaars/svg?seed=mentee_9539,,1
5047,2,Senior,Beginner,SA,4,5,https://api.dicebear.com/7.x/avataaars/svg?seed=mentee_9540,,1
5048,2,Junior,Beginner,AE,2,6,https://api.dicebear.com/7.x/avataaars/svg?seed=mentee_9543,,1
5049,1,Senior,Junior,EG,1,3,https://api.dicebear.com/7.x/avataaars/svg?seed=mentee_9544,,1
5050,1,Sophomore,Junior,EG,3,6,https://api.dicebear.com/7.x/avataaars/svg?seed=mentee_9547,,1
5051,1,Graduate,Beginner,JO,2,3,https://api.dicebear.com/7.x/avataaars/svg?seed=mentee_9548,,1
5052,1,Senior,Beginner,SA,2,3,https://api.dicebear.com/7.x/avataaars/svg?seed=mentee_9550,,1
5053,3,Senior,Beginner,EG,1,6,https://api.dicebear.com/7.x/avataaars/svg?seed=mentee_9551,,1
5054,1,Senior,Junior,AE,4,5,https://api.dicebear.com/7.x/avataaars/svg?seed=mentee_9552,,1
5055,2,Junior,Junior,JO,5,6,https://api.dicebear.com/7.x/avataaars/svg?seed=mentee_9558,,1
5056,1,Graduate,Mid,SA,1,5,https://api.dicebear.com/7.x/avataaars/svg?seed=mentee_9559,,1
5057,1,Junior,Junior,EG,4,6,https://api.dicebear.com/7.x/avataaars/svg?seed=mentee_9562,,1
5058,1,Junior,Junior,SA,4,1,https://api.dicebear.com/7.x/avataaars/svg?seed=mentee_9563,,1
5059,2,Junior,Beginner,AE,5,3,https://api.dicebear.com/7.x/avataaars/svg?seed=mentee_9565,,1
5060,2,Sophomore,Junior,EG,5,3,https://api.dicebear.com/7.x/avataaars/svg?seed=mentee_9566,,1
5061,3,Graduate,Beginner,EG,4,6,https://api.dicebear.com/7.x/avataaars/svg?seed=mentee_9567,,1
5062,1,Sophomore,Junior,SA,6,5,https://api.dicebear.com/7.x/avataaars/svg?seed=mentee_9569,,1
5063,2,Sophomore,Junior,SA,5,1,https://api.dicebear.com/7.x/avataaars/svg?seed=mentee_9570,,1
5064,3,Graduate,Beginner,EG,4,5,https://api.dicebear.com/7.x/avataaars/svg?seed=mentee_9572,,1
5065,1,Sophomore,Junior,EG,3,5,https://api.dicebear.com/7.x/avataaars/svg?seed=mentee_9573,,1
5066,1,Graduate,Beginner,EG,2,5,https://api.dicebear.com/7.x/avataaars/svg?seed=mentee_9577,,1
5067,1,Senior,Beginner,EG,3,7,https://api.dicebear.com/7.x/avataaars/svg?seed=mentee_9581,,1
5068,1,Junior,Beginner,EG,2,4,https://api.dicebear.com/7.x/avataaars/svg?seed=mentee_9583,,1
5069,3,Sophomore,Mid,SA,3,5,https://api.dicebear.com/7.x/avataaars/svg?seed=mentee_9584,,1
5070,1,Graduate,Junior,SA,6,5,https://api.dicebear.com/7.x/avataaars/svg?seed=mentee_9585,,1
5071,2,Freshman,Beginner,SA,1,1,https://api.dicebear.com/7.x/avataaars/svg?seed=mentee_9587,,1
5072,3,Sophomore,Junior,SA,1,1,https://api.dicebear.com/7.x/avataaars/svg?seed=mentee_9588,,1
5073,1,Sophomore,Beginner,EG,4,1,https://api.dicebear.com/7.x/avataaars/svg?seed=mentee_9589,,1
5074,2,Graduate,Beginner,SA,1,7,https://api.dicebear.com/7.x/avataaars/svg?seed=mentee_9597,,1
5075,1,Freshman,Mid,EG,1,3,https://api.dicebear.com/7.x/avataaars/svg?seed=mentee_9598,,1
5076,2,Freshman,Beginner,EG,5,5,https://api.dicebear.com/7.x/avataaars/svg?seed=mentee_9601,,1
5077,1,Senior,Junior,EG,1,5,https://api.dicebear.com/7.x/avataaars/svg?seed=mentee_9604,,1
5078,1,Sophomore,Beginner,MA,5,5,https://api.dicebear.com/7.x/avataaars/svg?seed=mentee_9606,,1
5079,1,Junior,Beginner,EG,6,1,https://api.dicebear.com/7.x/avataaars/svg?seed=mentee_9609,,1
5080,3,Sophomore,Junior,MA,4,5,https://api.dicebear.com/7.x/avataaars/svg?seed=mentee_9612,,1
5081,2,Junior,Mid,EG,6,3,https://api.dicebear.com/7.x/avataaars/svg?seed=mentee_9613,,1
5082,3,Junior,Junior,SA,4,3,https://api.dicebear.com/7.x/avataaars/svg?seed=mentee_9615,,1
5083,1,Graduate,Junior,AE,3,5,https://api.dicebear.com/7.x/avataaars/svg?seed=mentee_9616,,1
5084,4,Sophomore,Junior,EG,5,3,https://api.dicebear.com/7.x/avataaars/svg?seed=mentee_9617,,1
5085,1,Graduate,Beginner,EG,4,7,https://api.dicebear.com/7.x/avataaars/svg?seed=mentee_9618,,1
5086,3,Senior,Beginner,MA,4,1,https://api.dicebear.com/7.x/avataaars/svg?seed=mentee_9619,,1
5087,3,Junior,Beginner,SA,6,6,https://api.dicebear.com/7.x/avataaars/svg?seed=mentee_9627,,1
5088,2,Freshman,Junior,EG,6,6,https://api.dicebear.com/7.x/avataaars/svg?seed=mentee_9629,,1
5089,1,Junior,Beginner,EG,3,7,https://api.dicebear.com/7.x/avataaars/svg?seed=mentee_9630,,1
5090,3,Senior,Junior,MA,6,1,https://api.dicebear.com/7.x/avataaars/svg?seed=mentee_9631,,1
5091,3,Junior,Junior,JO,4,1,https://api.dicebear.com/7.x/avataaars/svg?seed=mentee_9632,,1
5092,1,Graduate,Junior,SA,4,7,https://api.dicebear.com/7.x/avataaars/svg?seed=mentee_9633,,1
5093,3,Sophomore,Beginner,EG,6,6,https://api.dicebear.com/7.x/avataaars/svg?seed=mentee_9634,,1
5094,1,Freshman,Beginner,JO,4,5,https://api.dicebear.com/7.x/avataaars/svg?seed=mentee_9636,,1
5095,2,Graduate,Beginner,EG,4,5,https://api.dicebear.com/7.x/avataaars/svg?seed=mentee_9640,,1
5096,2,Sophomore,Beginner,SA,2,5,https://api.dicebear.com/7.x/avataaars/svg?seed=mentee_9643,,1
5097,3,Freshman,Beginner,AE,3,1,https://api.dicebear.com/7.x/avataaars/svg?seed=mentee_9646,,1
5098,2,Senior,Junior,EG,6,6,https://api.dicebear.com/7.x/avataaars/svg?seed=mentee_9649,,1
5099,1,Junior,Junior,SA,4,1,https://api.dicebear.com/7.x/avataaars/svg?seed=mentee_9650,,1
5100,2,Freshman,Junior,JO,5,6,https://api.dicebear.com/7.x/avataaars/svg?seed=mentee_9652,,1
5101,1,Senior,Junior,AE,4,7,https://api.dicebear.com/7.x/avataaars/svg?seed=mentee_9654,,1
5102,2,Sophomore,Mid,EG,5,7,https://api.dicebear.com/7.x/avataaars/svg?seed=mentee_9657,,1
5103,2,Freshman,Junior,EG,6,5,https://api.dicebear.com/7.x/avataaars/svg?seed=mentee_9660,,1
5104,3,Senior,Junior,EG,4,7,https://api.dicebear.com/7.x/avataaars/svg?seed=mentee_9661,,1
5105,1,Sophomore,Junior,EG,4,1,https://api.dicebear.com/7.x/avataaars/svg?seed=mentee_9663,,1
5106,1,Graduate,Beginner,SA,3,6,https://api.dicebear.com/7.x/avataaars/svg?seed=mentee_9666,,1
5107,2,Junior,Junior,SA,6,1,https://api.dicebear.com/7.x/avataaars/svg?seed=mentee_9667,,1
5108,1,Senior,Mid,EG,4,4,https://api.dicebear.com/7.x/avataaars/svg?seed=mentee_9669,,1
5109,1,Graduate,Mid,EG,1,6,https://api.dicebear.com/7.x/avataaars/svg?seed=mentee_9670,,1
5110,1,Sophomore,Beginner,EG,1,5,https://api.dicebear.com/7.x/avataaars/svg?seed=mentee_9672,,1
5111,2,Freshman,Beginner,SA,4,6,https://api.dicebear.com/7.x/avataaars/svg?seed=mentee_9674,,1
5112,1,Junior,Beginner,SA,3,6,https://api.dicebear.com/7.x/avataaars/svg?seed=mentee_9675,,1
5113,2,Sophomore,Beginner,SA,5,6,https://api.dicebear.com/7.x/avataaars/svg?seed=mentee_9676,,1
5114,3,Senior,Beginner,AE,2,1,https://api.dicebear.com/7.x/avataaars/svg?seed=mentee_9683,,1
5115,2,Junior,Beginner,AE,5,7,https://api.dicebear.com/7.x/avataaars/svg?seed=mentee_9692,,1
5116,1,Graduate,Beginner,SA,3,4,https://api.dicebear.com/7.x/avataaars/svg?seed=mentee_9694,,1
5117,1,Junior,Mid,EG,1,7,https://api.dicebear.com/7.x/avataaars/svg?seed=mentee_9695,,1
5118,1,Graduate,Beginner,SA,3,3,https://api.dicebear.com/7.x/avataaars/svg?seed=mentee_9697,,1
5119,2,Sophomore,Junior,EG,3,2,https://api.dicebear.com/7.x/avataaars/svg?seed=mentee_9699,,1
5120,2,Freshman,Junior,EG,2,6,https://api.dicebear.com/7.x/avataaars/svg?seed=mentee_9703,,1
5121,1,Junior,Beginner,MA,4,3,https://api.dicebear.com/7.x/avataaars/svg?seed=mentee_9705,,1
5122,1,Freshman,Beginner,EG,2,7,https://api.dicebear.com/7.x/avataaars/svg?seed=mentee_9706,,1
5123,1,Freshman,Beginner,SA,6,5,https://api.dicebear.com/7.x/avataaars/svg?seed=mentee_9708,,1
5124,1,Junior,Mid,SA,2,7,https://api.dicebear.com/7.x/avataaars/svg?seed=mentee_9713,,1
5125,4,Junior,Junior,EG,3,5,https://api.dicebear.com/7.x/avataaars/svg?seed=mentee_9714,,1
5126,1,Freshman,Beginner,EG,1,1,https://api.dicebear.com/7.x/avataaars/svg?seed=mentee_9715,,1
5127,1,Senior,Beginner,SA,4,7,https://api.dicebear.com/7.x/avataaars/svg?seed=mentee_9717,,1
5128,1,Senior,Mid,EG,2,5,https://api.dicebear.com/7.x/avataaars/svg?seed=mentee_9719,,1
5129,1,Junior,Junior,EG,5,5,https://api.dicebear.com/7.x/avataaars/svg?seed=mentee_9720,,1
5130,1,Freshman,Junior,MA,5,7,https://api.dicebear.com/7.x/avataaars/svg?seed=mentee_9721,,1
5131,1,Freshman,Beginner,SA,1,7,https://api.dicebear.com/7.x/avataaars/svg?seed=mentee_9722,,1
5132,1,Sophomore,Beginner,EG,5,1,https://api.dicebear.com/7.x/avataaars/svg?seed=mentee_9724,,1
5133,1,Freshman,Junior,EG,6,7,https://api.dicebear.com/7.x/avataaars/svg?seed=mentee_9725,,1
5134,2,Senior,Mid,SA,4,6,https://api.dicebear.com/7.x/avataaars/svg?seed=mentee_9726,,1
5135,2,Sophomore,Mid,EG,2,7,https://api.dicebear.com/7.x/avataaars/svg?seed=mentee_9727,,1
5136,1,Senior,Mid,EG,1,3,https://api.dicebear.com/7.x/avataaars/svg?seed=mentee_9730,,1
5137,3,Graduate,Junior,SA,3,4,https://api.dicebear.com/7.x/avataaars/svg?seed=mentee_9732,,1
5138,1,Junior,Beginner,EG,6,3,https://api.dicebear.com/7.x/avataaars/svg?seed=mentee_9741,,1
5139,4,Graduate,Mid,SA,2,6,https://api.dicebear.com/7.x/avataaars/svg?seed=mentee_9742,,1
5140,4,Junior,Beginner,SA,5,4,https://api.dicebear.com/7.x/avataaars/svg?seed=mentee_9744,,1
5141,1,Senior,Junior,EG,1,8,https://api.dicebear.com/7.x/avataaars/svg?seed=mentee_9745,,1
5142,1,Senior,Mid,EG,6,8,https://api.dicebear.com/7.x/avataaars/svg?seed=mentee_9746,,1
5143,3,Graduate,Beginner,SA,6,6,https://api.dicebear.com/7.x/avataaars/svg?seed=mentee_9748,,1
5144,1,Junior,Senior,SA,6,5,https://api.dicebear.com/7.x/avataaars/svg?seed=mentee_9749,,1
5145,1,Junior,Beginner,EG,2,5,https://api.dicebear.com/7.x/avataaars/svg?seed=mentee_9750,,1
5146,2,Sophomore,Junior,EG,6,4,https://api.dicebear.com/7.x/avataaars/svg?seed=mentee_9752,,1
5147,2,Freshman,Senior,MA,4,7,https://api.dicebear.com/7.x/avataaars/svg?seed=mentee_9755,,1
5148,3,Sophomore,Mid,EG,2,3,https://api.dicebear.com/7.x/avataaars/svg?seed=mentee_9756,,1
5149,3,Senior,Beginner,MA,1,5,https://api.dicebear.com/7.x/avataaars/svg?seed=mentee_9760,,1
5150,3,Graduate,Beginner,EG,2,7,https://api.dicebear.com/7.x/avataaars/svg?seed=mentee_9765,,1
5151,3,Junior,Beginner,EG,6,1,https://api.dicebear.com/7.x/avataaars/svg?seed=mentee_9766,,1
5152,2,Sophomore,Senior,SA,1,6,https://api.dicebear.com/7.x/avataaars/svg?seed=mentee_9774,,1
5153,2,Graduate,Mid,EG,1,1,https://api.dicebear.com/7.x/avataaars/svg?seed=mentee_9778,,1
5154,4,Graduate,Beginner,EG,6,1,https://api.dicebear.com/7.x/avataaars/svg?seed=mentee_9779,,1
5155,4,Freshman,Junior,EG,4,5,https://api.dicebear.com/7.x/avataaars/svg?seed=mentee_9780,,1
5156,3,Junior,Beginner,MA,3,6,https://api.dicebear.com/7.x/avataaars/svg?seed=mentee_9782,,1
5157,3,Graduate,Beginner,EG,6,1,https://api.dicebear.com/7.x/avataaars/svg?seed=mentee_9783,,1
5158,2,Junior,Beginner,SA,3,5,https://api.dicebear.com/7.x/avataaars/svg?seed=mentee_9784,,1
5159,1,Sophomore,Junior,AE,1,4,https://api.dicebear.com/7.x/avataaars/svg?seed=mentee_9785,,1
5160,3,Graduate,Junior,AE,1,3,https://api.dicebear.com/7.x/avataaars/svg?seed=mentee_9787,,1
5161,1,Graduate,Junior,AE,3,5,https://api.dicebear.com/7.x/avataaars/svg?seed=mentee_9788,,1
5162,1,Sophomore,Beginner,EG,3,5,https://api.dicebear.com/7.x/avataaars/svg?seed=mentee_9789,,1
5163,1,Junior,Mid,EG,1,6,https://api.dicebear.com/7.x/avataaars/svg?seed=mentee_9794,,1
5164,2,Junior,Mid,EG,6,5,https://api.dicebear.com/7.x/avataaars/svg?seed=mentee_9795,,1
5165,2,Graduate,Junior,EG,3,7,https://api.dicebear.com/7.x/avataaars/svg?seed=mentee_9796,,1
5166,1,Sophomore,Beginner,EG,5,4,https://api.dicebear.com/7.x/avataaars/svg?seed=mentee_9797,,1
5167,1,Senior,Junior,EG,3,3,https://api.dicebear.com/7.x/avataaars/svg?seed=mentee_9800,,1
5168,1,Junior,Beginner,MA,1,1,https://api.dicebear.com/7.x/avataaars/svg?seed=mentee_9801,,1
5169,1,Senior,Junior,MA,3,6,https://api.dicebear.com/7.x/avataaars/svg?seed=mentee_9802,,1
5170,1,Graduate,Junior,EG,1,4,https://api.dicebear.com/7.x/avataaars/svg?seed=mentee_9812,,1
5171,2,Senior,Beginner,EG,2,6,https://api.dicebear.com/7.x/avataaars/svg?seed=mentee_9813,,1
5172,1,Senior,Beginner,EG,4,5,https://api.dicebear.com/7.x/avataaars/svg?seed=mentee_9815,,1
5173,1,Junior,Beginner,EG,2,3,https://api.dicebear.com/7.x/avataaars/svg?seed=mentee_9821,,1
5174,1,Graduate,Beginner,EG,2,4,https://api.dicebear.com/7.x/avataaars/svg?seed=mentee_9822,,1
5175,2,Senior,Mid,MA,2,4,https://api.dicebear.com/7.x/avataaars/svg?seed=mentee_9824,,1
5176,3,Junior,Junior,EG,1,5,https://api.dicebear.com/7.x/avataaars/svg?seed=mentee_9827,,1
5177,1,Senior,Mid,EG,1,5,https://api.dicebear.com/7.x/avataaars/svg?seed=mentee_9828,,1
5178,1,Junior,Beginner,EG,3,5,https://api.dicebear.com/7.x/avataaars/svg?seed=mentee_9829,,1
5179,2,Graduate,Junior,MA,5,3,https://api.dicebear.com/7.x/avataaars/svg?seed=mentee_9831,,1
5180,1,Sophomore,Junior,MA,1,1,https://api.dicebear.com/7.x/avataaars/svg?seed=mentee_9832,,1
5181,3,Junior,Junior,AE,1,6,https://api.dicebear.com/7.x/avataaars/svg?seed=mentee_9833,,1
5182,4,Junior,Mid,SA,1,5,https://api.dicebear.com/7.x/avataaars/svg?seed=mentee_9834,,1
5183,2,Senior,Junior,EG,5,5,https://api.dicebear.com/7.x/avataaars/svg?seed=mentee_9837,,1
5184,4,Graduate,Beginner,EG,3,5,https://api.dicebear.com/7.x/avataaars/svg?seed=mentee_9839,,1
5185,1,Freshman,Mid,SA,2,6,https://api.dicebear.com/7.x/avataaars/svg?seed=mentee_9842,,1
5186,1,Freshman,Beginner,AE,4,2,https://api.dicebear.com/7.x/avataaars/svg?seed=mentee_9843,,1
5187,1,Sophomore,Junior,EG,1,6,https://api.dicebear.com/7.x/avataaars/svg?seed=mentee_9846,,1
5188,1,Graduate,Junior,EG,3,4,https://api.dicebear.com/7.x/avataaars/svg?seed=mentee_9850,,1
5189,1,Junior,Beginner,SA,2,1,https://api.dicebear.com/7.x/avataaars/svg?seed=mentee_9851,,1
5190,2,Freshman,Beginner,EG,4,6,https://api.dicebear.com/7.x/avataaars/svg?seed=mentee_9855,,1
5191,2,Sophomore,Junior,SA,6,4,https://api.dicebear.com/7.x/avataaars/svg?seed=mentee_9860,,1
5192,1,Graduate,Mid,EG,1,7,https://api.dicebear.com/7.x/avataaars/svg?seed=mentee_9862,,1
5193,2,Sophomore,Beginner,EG,3,3,https://api.dicebear.com/7.x/avataaars/svg?seed=mentee_9869,,1
5194,1,Freshman,Mid,SA,1,4,https://api.dicebear.com/7.x/avataaars/svg?seed=mentee_9873,,1
5195,1,Senior,Beginner,MA,4,7,https://api.dicebear.com/7.x/avataaars/svg?seed=mentee_9874,,1
5196,1,Senior,Beginner,EG,3,5,https://api.dicebear.com/7.x/avataaars/svg?seed=mentee_9877,,1
5197,2,Graduate,Beginner,EG,3,5,https://api.dicebear.com/7.x/avataaars/svg?seed=mentee_9879,,1
5198,2,Sophomore,Beginner,EG,2,7,https://api.dicebear.com/7.x/avataaars/svg?seed=mentee_9884,,1
5199,3,Junior,Junior,SA,3,1,https://api.dicebear.com/7.x/avataaars/svg?seed=mentee_9891,,1
5200,1,Freshman,Junior,JO,6,6,https://api.dicebear.com/7.x/avataaars/svg?seed=mentee_9892,,1
5201,1,Senior,Beginner,EG,4,6,https://api.dicebear.com/7.x/avataaars/svg?seed=mentee_9894,,1
5202,4,Senior,Beginner,EG,6,7,https://api.dicebear.com/7.x/avataaars/svg?seed=mentee_9897,,1
5203,1,Sophomore,Senior,MA,2,5,https://api.dicebear.com/7.x/avataaars/svg?seed=mentee_9898,,1
5204,1,Senior,Junior,AE,2,5,https://api.dicebear.com/7.x/avataaars/svg?seed=mentee_9899,,1
5205,1,Sophomore,Beginner,SA,4,3,https://api.dicebear.com/7.x/avataaars/svg?seed=mentee_9902,,1
5206,1,Freshman,Junior,EG,5,1,https://api.dicebear.com/7.x/avataaars/svg?seed=mentee_9903,,1
5207,2,Sophomore,Junior,EG,1,1,https://api.dicebear.com/7.x/avataaars/svg?seed=mentee_9907,,1
5208,1,Senior,Beginner,AE,3,3,https://api.dicebear.com/7.x/avataaars/svg?seed=mentee_9910,,1
5209,2,Sophomore,Beginner,SA,6,3,https://api.dicebear.com/7.x/avataaars/svg?seed=mentee_9914,,1
5210,4,Senior,Beginner,SA,5,1,https://api.dicebear.com/7.x/avataaars/svg?seed=mentee_9917,,1
5211,1,Graduate,Beginner,EG,4,3,https://api.dicebear.com/7.x/avataaars/svg?seed=mentee_9918,,1
5212,1,Senior,Beginner,SA,5,3,https://api.dicebear.com/7.x/avataaars/svg?seed=mentee_9919,,1
5213,3,Senior,Beginner,JO,2,6,https://api.dicebear.com/7.x/avataaars/svg?seed=mentee_9920,,1
5214,2,Senior,Junior,MA,6,3,https://api.dicebear.com/7.x/avataaars/svg?seed=mentee_9922,,1
5215,3,Graduate,Junior,EG,1,3,https://api.dicebear.com/7.x/avataaars/svg?seed=mentee_9924,,1
5216,1,Junior,Mid,SA,3,6,https://api.dicebear.com/7.x/avataaars/svg?seed=mentee_9928,,1
5217,2,Senior,Junior,SA,1,5,https://api.dicebear.com/7.x/avataaars/svg?seed=mentee_9929,,1
5218,4,Junior,Beginner,JO,6,4,https://api.dicebear.com/7.x/avataaars/svg?seed=mentee_9930,,1
5219,1,Freshman,Senior,AE,4,1,https://api.dicebear.com/7.x/avataaars/svg?seed=mentee_9932,,1
5220,3,Sophomore,Junior,MA,2,8,https://api.dicebear.com/7.x/avataaars/svg?seed=mentee_9933,,1
5221,2,Junior,Beginner,MA,6,5,https://api.dicebear.com/7.x/avataaars/svg?seed=mentee_9935,,1
5222,3,Freshman,Beginner,EG,1,5,https://api.dicebear.com/7.x/avataaars/svg?seed=mentee_9938,,1
5223,1,Sophomore,Junior,AE,6,8,https://api.dicebear.com/7.x/avataaars/svg?seed=mentee_9943,,1
5224,1,Senior,Beginner,SA,5,7,https://api.dicebear.com/7.x/avataaars/svg?seed=mentee_9944,,1
5225,1,Senior,Junior,EG,4,6,https://api.dicebear.com/7.x/avataaars/svg?seed=mentee_9947,,1
5226,4,Senior,Junior,EG,2,5,https://api.dicebear.com/7.x/avataaars/svg?seed=mentee_9950,,1
5227,1,Graduate,Junior,EG,4,6,https://api.dicebear.com/7.x/avataaars/svg?seed=mentee_9951,,1
5228,1,Graduate,Junior,AE,5,3,https://api.dicebear.com/7.x/avataaars/svg?seed=mentee_9952,,1
5229,3,Graduate,Beginner,EG,3,7,https://api.dicebear.com/7.x/avataaars/svg?seed=mentee_9959,,1
5230,1,Graduate,Junior,JO,5,6,https://api.dicebear.com/7.x/avataaars/svg?seed=mentee_9960,,1
5231,2,Freshman,Junior,SA,6,5,https://api.dicebear.com/7.x/avataaars/svg?seed=mentee_9961,,1
5232,1,Freshman,Mid,AE,2,4,https://api.dicebear.com/7.x/avataaars/svg?seed=mentee_9962,,1
5233,2,Senior,Junior,EG,2,6,https://api.dicebear.com/7.x/avataaars/svg?seed=mentee_9964,,1
5234,1,Sophomore,Beginner,SA,3,3,https://api.dicebear.com/7.x/avataaars/svg?seed=mentee_9967,,1
5235,2,Graduate,Beginner,SA,6,5,https://api.dicebear.com/7.x/avataaars/svg?seed=mentee_9968,,1
5236,2,Sophomore,Junior,EG,6,7,https://api.dicebear.com/7.x/avataaars/svg?seed=mentee_9970,,1
5237,1,Freshman,Junior,JO,1,6,https://api.dicebear.com/7.x/avataaars/svg?seed=mentee_9971,,1
5238,1,Graduate,Junior,SA,2,7,https://api.dicebear.com/7.x/avataaars/svg?seed=mentee_9972,,1
5239,1,Freshman,Beginner,EG,5,7,https://api.dicebear.com/7.x/avataaars/svg?seed=mentee_9973,,1
5240,3,Freshman,Beginner,JO,5,2,https://api.dicebear.com/7.x/avataaars/svg?seed=mentee_9974,,1
5241,1,Junior,Mid,EG,6,5,https://api.dicebear.com/7.x/avataaars/svg?seed=mentee_9975,,1
5242,1,Freshman,Junior,SA,5,5,https://api.dicebear.com/7.x/avataaars/svg?seed=mentee_9976,,1
5243,1,Senior,Mid,SA,3,3,https://api.dicebear.com/7.x/avataaars/svg?seed=mentee_9978,,1
5244,2,Freshman,Beginner,EG,2,7,https://api.dicebear.com/7.x/avataaars/svg?seed=mentee_9979,,1
5245,3,Graduate,Mid,AE,1,6,https://api.dicebear.com/7.x/avataaars/svg?seed=mentee_9980,,1
5246,1,Senior,Junior,AE,6,1,https://api.dicebear.com/7.x/avataaars/svg?seed=mentee_9982,,1
5247,3,Freshman,Junior,AE,1,4,https://api.dicebear.com/7.x/avataaars/svg?seed=mentee_9985,,1
5248,2,Senior,Beginner,EG,6,5,https://api.dicebear.com/7.x/avataaars/svg?seed=mentee_9986,,1
5249,3,Freshman,Senior,EG,1,4,https://api.dicebear.com/7.x/avataaars/svg?seed=mentee_9987,,1
5250,3,Senior,Mid,EG,2,1,https://api.dicebear.com/7.x/avataaars/svg?seed=mentee_9988,,1
5251,1,Sophomore,Mid,MA,3,1,https://api.dicebear.com/7.x/avataaars/svg?seed=mentee_9989,,1
5252,4,Junior,Beginner,EG,4,4,https://api.dicebear.com/7.x/avataaars/svg?seed=mentee_9993,,1
5253,3,Senior,Beginner,SA,4,6,https://api.dicebear.com/7.x/avataaars/svg?seed=mentee_9997,,1
5254,2,Graduate,Beginner,JO,1,7,https://api.dicebear.com/7.x/avataaars/svg?seed=mentee_9998,,1
5255,1,Junior,Beginner,AE,6,7,https://api.dicebear.com/7.x/avataaars/svg?seed=mentee_9999,,1
5256,1,Junior,Mid,JO,2,4,https://api.dicebear.com/7.x/avataaars/svg?seed=mentee_10001,,1
5257,2,Freshman,Mid,MA,4,5,https://api.dicebear.com/7.x/avataaars/svg?seed=mentee_10002,,1
5258,1,Senior,Mid,EG,3,5,https://api.dicebear.com/7.x/avataaars/svg?seed=mentee_10004,,1
5259,2,Junior,Beginner,EG,5,6,https://api.dicebear.com/7.x/avataaars/svg?seed=mentee_10005,,1
5260,1,Graduate,Beginner,EG,5,3,https://api.dicebear.com/7.x/avataaars/svg?seed=mentee_10007,,1
5261,2,Graduate,Beginner,EG,3,3,https://api.dicebear.com/7.x/avataaars/svg?seed=mentee_10009,,1
5262,1,Graduate,Junior,SA,3,1,https://api.dicebear.com/7.x/avataaars/svg?seed=mentee_10011,,1
5263,1,Freshman,Beginner,EG,2,5,https://api.dicebear.com/7.x/avataaars/svg?seed=mentee_10012,,1
5264,1,Sophomore,Junior,AE,5,5,https://api.dicebear.com/7.x/avataaars/svg?seed=mentee_10013,,1
5265,3,Senior,Beginner,EG,4,7,https://api.dicebear.com/7.x/avataaars/svg?seed=mentee_10018,,1
5266,2,Junior,Mid,EG,6,6,https://api.dicebear.com/7.x/avataaars/svg?seed=mentee_10019,,1
5267,4,Senior,Junior,AE,3,5,https://api.dicebear.com/7.x/avataaars/svg?seed=mentee_10021,,1
5268,3,Junior,Mid,EG,3,2,https://api.dicebear.com/7.x/avataaars/svg?seed=mentee_10022,,1
5269,3,Freshman,Junior,AE,2,5,https://api.dicebear.com/7.x/avataaars/svg?seed=mentee_10023,,1
5270,2,Senior,Beginner,MA,5,1,https://api.dicebear.com/7.x/avataaars/svg?seed=mentee_10024,,1
5271,3,Freshman,Mid,AE,2,5,https://api.dicebear.com/7.x/avataaars/svg?seed=mentee_10026,,1
5272,4,Freshman,Beginner,EG,3,5,https://api.dicebear.com/7.x/avataaars/svg?seed=mentee_10028,,1
5273,3,Senior,Mid,MA,4,6,https://api.dicebear.com/7.x/avataaars/svg?seed=mentee_10029,,1
5274,1,Senior,Senior,EG,6,5,https://api.dicebear.com/7.x/avataaars/svg?seed=mentee_10030,,1
5275,2,Junior,Junior,AE,6,5,https://api.dicebear.com/7.x/avataaars/svg?seed=mentee_10031,,1
5276,1,Graduate,Mid,EG,4,1,https://api.dicebear.com/7.x/avataaars/svg?seed=mentee_10032,,1
5277,1,Freshman,Junior,EG,2,2,https://api.dicebear.com/7.x/avataaars/svg?seed=mentee_10034,,1
5278,2,Sophomore,Mid,MA,6,1,https://api.dicebear.com/7.x/avataaars/svg?seed=mentee_10035,,1
5279,3,Junior,Beginner,EG,1,6,https://api.dicebear.com/7.x/avataaars/svg?seed=mentee_10037,,1
5280,1,Junior,Junior,JO,2,5,https://api.dicebear.com/7.x/avataaars/svg?seed=mentee_10039,,1
5281,1,Graduate,Mid,EG,2,1,https://api.dicebear.com/7.x/avataaars/svg?seed=mentee_10040,,1
5282,3,Graduate,Beginner,JO,5,2,https://api.dicebear.com/7.x/avataaars/svg?seed=mentee_10043,,1
5283,1,Freshman,Mid,MA,6,6,https://api.dicebear.com/7.x/avataaars/svg?seed=mentee_10044,,1
5284,1,Junior,Junior,SA,5,6,https://api.dicebear.com/7.x/avataaars/svg?seed=mentee_10045,,1
5285,3,Junior,Beginner,SA,1,7,https://api.dicebear.com/7.x/avataaars/svg?seed=mentee_10047,,1
5286,3,Sophomore,Mid,SA,6,8,https://api.dicebear.com/7.x/avataaars/svg?seed=mentee_10053,,1
5287,2,Freshman,Junior,MA,5,7,https://api.dicebear.com/7.x/avataaars/svg?seed=mentee_10054,,1
5288,2,Freshman,Beginner,EG,4,3,https://api.dicebear.com/7.x/avataaars/svg?seed=mentee_10058,,1
5289,1,Graduate,Junior,SA,6,4,https://api.dicebear.com/7.x/avataaars/svg?seed=mentee_10061,,1
5290,1,Freshman,Mid,EG,3,6,https://api.dicebear.com/7.x/avataaars/svg?seed=mentee_10062,,1
5291,3,Sophomore,Junior,EG,1,6,https://api.dicebear.com/7.x/avataaars/svg?seed=mentee_10064,,1
5292,3,Freshman,Beginner,EG,6,6,https://api.dicebear.com/7.x/avataaars/svg?seed=mentee_10065,,1
5293,1,Senior,Junior,SA,6,1,https://api.dicebear.com/7.x/avataaars/svg?seed=mentee_10066,,1
5294,1,Senior,Beginner,JO,2,5,https://api.dicebear.com/7.x/avataaars/svg?seed=mentee_10068,,1
5295,1,Sophomore,Junior,EG,3,1,https://api.dicebear.com/7.x/avataaars/svg?seed=mentee_10070,,1
5296,1,Graduate,Beginner,SA,1,5,https://api.dicebear.com/7.x/avataaars/svg?seed=mentee_10072,,1
5297,1,Junior,Senior,SA,1,1,https://api.dicebear.com/7.x/avataaars/svg?seed=mentee_10074,,1
5298,1,Freshman,Senior,SA,1,1,https://api.dicebear.com/7.x/avataaars/svg?seed=mentee_10076,,1
5299,3,Graduate,Junior,MA,3,4,https://api.dicebear.com/7.x/avataaars/svg?seed=mentee_10080,,1
5300,1,Graduate,Mid,EG,5,6,https://api.dicebear.com/7.x/avataaars/svg?seed=mentee_10083,,1
5301,2,Freshman,Beginner,EG,6,5,https://api.dicebear.com/7.x/avataaars/svg?seed=mentee_10088,,1
5302,2,Junior,Junior,EG,3,1,https://api.dicebear.com/7.x/avataaars/svg?seed=mentee_10089,,1
5303,3,Freshman,Junior,JO,5,1,https://api.dicebear.com/7.x/avataaars/svg?seed=mentee_10090,,1
5304,4,Junior,Mid,MA,3,5,https://api.dicebear.com/7.x/avataaars/svg?seed=mentee_10093,,1
5305,1,Sophomore,Junior,EG,6,6,https://api.dicebear.com/7.x/avataaars/svg?seed=mentee_10094,,1
5306,1,Junior,Beginner,EG,4,1,https://api.dicebear.com/7.x/avataaars/svg?seed=mentee_10095,,1
5307,3,Graduate,Junior,SA,1,2,https://api.dicebear.com/7.x/avataaars/svg?seed=mentee_10097,,1
5308,1,Sophomore,Junior,AE,1,4,https://api.dicebear.com/7.x/avataaars/svg?seed=mentee_10099,,1
5309,1,Senior,Beginner,SA,5,5,https://api.dicebear.com/7.x/avataaars/svg?seed=mentee_10101,,1
5310,1,Sophomore,Mid,MA,1,1,https://api.dicebear.com/7.x/avataaars/svg?seed=mentee_10102,,1
5311,3,Junior,Junior,JO,6,6,https://api.dicebear.com/7.x/avataaars/svg?seed=mentee_10106,,1
5312,1,Sophomore,Beginner,JO,5,5,https://api.dicebear.com/7.x/avataaars/svg?seed=mentee_10108,,1
5313,2,Sophomore,Junior,SA,2,6,https://api.dicebear.com/7.x/avataaars/svg?seed=mentee_10109,,1
5314,1,Senior,Junior,EG,4,1,https://api.dicebear.com/7.x/avataaars/svg?seed=mentee_10112,,1
5315,2,Junior,Junior,AE,4,3,https://api.dicebear.com/7.x/avataaars/svg?seed=mentee_10113,,1
5316,1,Graduate,Beginner,SA,5,1,https://api.dicebear.com/7.x/avataaars/svg?seed=mentee_10114,,1
5317,3,Sophomore,Beginner,EG,2,6,https://api.dicebear.com/7.x/avataaars/svg?seed=mentee_10116,,1
5318,3,Freshman,Beginner,EG,1,2,https://api.dicebear.com/7.x/avataaars/svg?seed=mentee_10117,,1
5319,1,Graduate,Junior,SA,5,6,https://api.dicebear.com/7.x/avataaars/svg?seed=mentee_10118,,1
5320,1,Sophomore,Junior,SA,4,1,https://api.dicebear.com/7.x/avataaars/svg?seed=mentee_10119,,1
5321,3,Graduate,Junior,SA,1,7,https://api.dicebear.com/7.x/avataaars/svg?seed=mentee_10120,,1
5322,3,Freshman,Mid,EG,2,1,https://api.dicebear.com/7.x/avataaars/svg?seed=mentee_10121,,1
5323,1,Graduate,Beginner,SA,1,6,https://api.dicebear.com/7.x/avataaars/svg?seed=mentee_10122,,1
5324,1,Graduate,Junior,EG,3,5,https://api.dicebear.com/7.x/avataaars/svg?seed=mentee_10135,,1
5325,1,Freshman,Beginner,AE,2,1,https://api.dicebear.com/7.x/avataaars/svg?seed=mentee_10137,,1
5326,1,Freshman,Beginner,SA,4,3,https://api.dicebear.com/7.x/avataaars/svg?seed=mentee_10138,,1
5327,1,Freshman,Mid,JO,6,7,https://api.dicebear.com/7.x/avataaars/svg?seed=mentee_10140,,1
5328,1,Senior,Beginner,AE,4,4,https://api.dicebear.com/7.x/avataaars/svg?seed=mentee_10142,,1
5329,1,Freshman,Junior,AE,1,5,https://api.dicebear.com/7.x/avataaars/svg?seed=mentee_10143,,1
5330,3,Graduate,Beginner,AE,5,6,https://api.dicebear.com/7.x/avataaars/svg?seed=mentee_10148,,1
5331,3,Freshman,Junior,SA,6,3,https://api.dicebear.com/7.x/avataaars/svg?seed=mentee_10150,,1
5332,3,Sophomore,Junior,EG,6,1,https://api.dicebear.com/7.x/avataaars/svg?seed=mentee_10152,,1
5333,2,Freshman,Beginner,AE,6,3,https://api.dicebear.com/7.x/avataaars/svg?seed=mentee_10153,,1
5334,2,Freshman,Beginner,SA,3,6,https://api.dicebear.com/7.x/avataaars/svg?seed=mentee_10155,,1
5335,1,Junior,Beginner,SA,4,5,https://api.dicebear.com/7.x/avataaars/svg?seed=mentee_10156,,1
5336,2,Graduate,Beginner,EG,5,5,https://api.dicebear.com/7.x/avataaars/svg?seed=mentee_10157,,1
5337,1,Graduate,Junior,MA,4,3,https://api.dicebear.com/7.x/avataaars/svg?seed=mentee_10159,,1
5338,2,Sophomore,Mid,EG,2,5,https://api.dicebear.com/7.x/avataaars/svg?seed=mentee_10160,,1
5339,4,Senior,Junior,EG,2,6,https://api.dicebear.com/7.x/avataaars/svg?seed=mentee_10165,,1
5340,3,Junior,Junior,MA,4,4,https://api.dicebear.com/7.x/avataaars/svg?seed=mentee_10166,,1
5341,1,Sophomore,Junior,JO,4,2,https://api.dicebear.com/7.x/avataaars/svg?seed=mentee_10170,,1
5342,3,Sophomore,Beginner,EG,2,5,https://api.dicebear.com/7.x/avataaars/svg?seed=mentee_10171,,1
5343,1,Graduate,Junior,MA,5,7,https://api.dicebear.com/7.x/avataaars/svg?seed=mentee_10173,,1
5344,1,Junior,Junior,EG,6,6,https://api.dicebear.com/7.x/avataaars/svg?seed=mentee_10178,,1
5345,1,Graduate,Junior,AE,4,5,https://api.dicebear.com/7.x/avataaars/svg?seed=mentee_10179,,1
5346,1,Senior,Beginner,SA,5,5,https://api.dicebear.com/7.x/avataaars/svg?seed=mentee_10182,,1
5347,2,Graduate,Senior,SA,6,5,https://api.dicebear.com/7.x/avataaars/svg?seed=mentee_10183,,1
5348,1,Freshman,Beginner,AE,1,4,https://api.dicebear.com/7.x/avataaars/svg?seed=mentee_10184,,1
5349,1,Graduate,Beginner,EG,1,2,https://api.dicebear.com/7.x/avataaars/svg?seed=mentee_10185,,1
5350,4,Freshman,Junior,EG,4,5,https://api.dicebear.com/7.x/avataaars/svg?seed=mentee_10186,,1
5351,2,Sophomore,Junior,AE,1,5,https://api.dicebear.com/7.x/avataaars/svg?seed=mentee_10187,,1
5352,1,Senior,Mid,EG,6,7,https://api.dicebear.com/7.x/avataaars/svg?seed=mentee_10188,,1
5353,2,Freshman,Mid,MA,5,1,https://api.dicebear.com/7.x/avataaars/svg?seed=mentee_10192,,1
5354,2,Senior,Beginner,SA,3,5,https://api.dicebear.com/7.x/avataaars/svg?seed=mentee_10193,,1
5355,2,Graduate,Junior,EG,6,5,https://api.dicebear.com/7.x/avataaars/svg?seed=mentee_10196,,1
5356,2,Graduate,Junior,AE,4,7,https://api.dicebear.com/7.x/avataaars/svg?seed=mentee_10198,,1
5357,3,Sophomore,Beginner,EG,1,5,https://api.dicebear.com/7.x/avataaars/svg?seed=mentee_10199,,1
5358,1,Graduate,Beginner,EG,5,3,https://api.dicebear.com/7.x/avataaars/svg?seed=mentee_10201,,1
5359,2,Freshman,Junior,SA,3,4,https://api.dicebear.com/7.x/avataaars/svg?seed=mentee_10202,,1
5360,1,Sophomore,Mid,MA,6,2,https://api.dicebear.com/7.x/avataaars/svg?seed=mentee_10203,,1
5361,3,Senior,Junior,SA,4,5,https://api.dicebear.com/7.x/avataaars/svg?seed=mentee_10204,,1
5362,1,Sophomore,Mid,EG,6,2,https://api.dicebear.com/7.x/avataaars/svg?seed=mentee_10210,,1
5363,1,Senior,Beginner,SA,4,6,https://api.dicebear.com/7.x/avataaars/svg?seed=mentee_10211,,1
5364,4,Junior,Beginner,EG,4,2,https://api.dicebear.com/7.x/avataaars/svg?seed=mentee_10215,,1
5365,2,Freshman,Beginner,EG,1,5,https://api.dicebear.com/7.x/avataaars/svg?seed=mentee_10218,,1
5366,1,Freshman,Beginner,JO,1,5,https://api.dicebear.com/7.x/avataaars/svg?seed=mentee_10221,,1
5367,1,Senior,Beginner,MA,4,7,https://api.dicebear.com/7.x/avataaars/svg?seed=mentee_10227,,1
5368,1,Graduate,Mid,EG,6,5,https://api.dicebear.com/7.x/avataaars/svg?seed=mentee_10231,,1
5369,4,Graduate,Beginner,SA,6,1,https://api.dicebear.com/7.x/avataaars/svg?seed=mentee_10232,,1
5370,1,Junior,Mid,MA,3,5,https://api.dicebear.com/7.x/avataaars/svg?seed=mentee_10233,,1
5371,1,Senior,Beginner,EG,5,3,https://api.dicebear.com/7.x/avataaars/svg?seed=mentee_10234,,1
5372,2,Junior,Beginner,EG,4,1,https://api.dicebear.com/7.x/avataaars/svg?seed=mentee_10238,,1
5373,1,Senior,Mid,MA,2,7,https://api.dicebear.com/7.x/avataaars/svg?seed=mentee_10240,,1
5374,1,Junior,Mid,AE,1,6,https://api.dicebear.com/7.x/avataaars/svg?seed=mentee_10241,,1
5375,3,Senior,Mid,EG,4,6,https://api.dicebear.com/7.x/avataaars/svg?seed=mentee_10242,,1
5376,1,Freshman,Beginner,EG,4,4,https://api.dicebear.com/7.x/avataaars/svg?seed=mentee_10244,,1
5377,3,Junior,Junior,EG,4,6,https://api.dicebear.com/7.x/avataaars/svg?seed=mentee_10253,,1
5378,3,Junior,Beginner,SA,2,4,https://api.dicebear.com/7.x/avataaars/svg?seed=mentee_10254,,1
5379,1,Senior,Junior,AE,4,3,https://api.dicebear.com/7.x/avataaars/svg?seed=mentee_10258,,1
5380,3,Sophomore,Junior,SA,5,8,https://api.dicebear.com/7.x/avataaars/svg?seed=mentee_10263,,1
5381,3,Sophomore,Junior,SA,5,4,https://api.dicebear.com/7.x/avataaars/svg?seed=mentee_10264,,1
5382,2,Freshman,Mid,EG,5,6,https://api.dicebear.com/7.x/avataaars/svg?seed=mentee_10266,,1
5383,2,Graduate,Beginner,EG,2,1,https://api.dicebear.com/7.x/avataaars/svg?seed=mentee_10268,,1
5384,1,Graduate,Beginner,EG,6,7,https://api.dicebear.com/7.x/avataaars/svg?seed=mentee_10271,,1
5385,1,Freshman,Junior,JO,6,6,https://api.dicebear.com/7.x/avataaars/svg?seed=mentee_10274,,1
5386,3,Graduate,Beginner,SA,6,3,https://api.dicebear.com/7.x/avataaars/svg?seed=mentee_10276,,1
5387,1,Senior,Beginner,EG,4,3,https://api.dicebear.com/7.x/avataaars/svg?seed=mentee_10277,,1
5388,1,Sophomore,Junior,SA,6,5,https://api.dicebear.com/7.x/avataaars/svg?seed=mentee_10280,,1
5389,2,Freshman,Junior,JO,5,6,https://api.dicebear.com/7.x/avataaars/svg?seed=mentee_10282,,1
5390,1,Senior,Beginner,SA,2,7,https://api.dicebear.com/7.x/avataaars/svg?seed=mentee_10283,,1
5391,3,Freshman,Junior,EG,4,6,https://api.dicebear.com/7.x/avataaars/svg?seed=mentee_10284,,1
5392,3,Sophomore,Junior,EG,5,6,https://api.dicebear.com/7.x/avataaars/svg?seed=mentee_10285,,1
5393,3,Graduate,Beginner,EG,1,5,https://api.dicebear.com/7.x/avataaars/svg?seed=mentee_10286,,1
5394,1,Senior,Junior,JO,6,8,https://api.dicebear.com/7.x/avataaars/svg?seed=mentee_10288,,1
5395,1,Sophomore,Junior,SA,4,6,https://api.dicebear.com/7.x/avataaars/svg?seed=mentee_10290,,1
5396,3,Freshman,Mid,AE,3,7,https://api.dicebear.com/7.x/avataaars/svg?seed=mentee_10291,,1
5397,1,Junior,Junior,JO,6,5,https://api.dicebear.com/7.x/avataaars/svg?seed=mentee_10293,,1
5398,2,Senior,Beginner,MA,1,6,https://api.dicebear.com/7.x/avataaars/svg?seed=mentee_10294,,1
5399,2,Freshman,Junior,EG,1,4,https://api.dicebear.com/7.x/avataaars/svg?seed=mentee_10295,,1
5400,1,Freshman,Beginner,EG,4,7,https://api.dicebear.com/7.x/avataaars/svg?seed=mentee_10296,,1
5401,1,Sophomore,Beginner,SA,5,5,https://api.dicebear.com/7.x/avataaars/svg?seed=mentee_10297,,1
5402,2,Freshman,Beginner,EG,3,3,https://api.dicebear.com/7.x/avataaars/svg?seed=mentee_10298,,1
5403,1,Senior,Beginner,AE,3,5,https://api.dicebear.com/7.x/avataaars/svg?seed=mentee_10299,,1
5404,3,Senior,Beginner,JO,5,6,https://api.dicebear.com/7.x/avataaars/svg?seed=mentee_10300,,1
5405,2,Freshman,Mid,AE,4,6,https://api.dicebear.com/7.x/avataaars/svg?seed=mentee_10303,,1
5406,1,Sophomore,Junior,EG,4,1,https://api.dicebear.com/7.x/avataaars/svg?seed=mentee_10304,,1
5407,3,Senior,Junior,EG,1,5,https://api.dicebear.com/7.x/avataaars/svg?seed=mentee_10305,,1
5408,1,Junior,Senior,EG,3,5,https://api.dicebear.com/7.x/avataaars/svg?seed=mentee_10306,,1
5409,1,Graduate,Senior,JO,6,3,https://api.dicebear.com/7.x/avataaars/svg?seed=mentee_10308,,1
5410,4,Sophomore,Beginner,EG,2,7,https://api.dicebear.com/7.x/avataaars/svg?seed=mentee_10309,,1
5411,3,Sophomore,Mid,EG,1,5,https://api.dicebear.com/7.x/avataaars/svg?seed=mentee_10311,,1
5412,2,Graduate,Beginner,EG,3,6,https://api.dicebear.com/7.x/avataaars/svg?seed=mentee_10312,,1
5413,3,Graduate,Mid,MA,1,4,https://api.dicebear.com/7.x/avataaars/svg?seed=mentee_10315,,1
5414,2,Senior,Beginner,AE,4,6,https://api.dicebear.com/7.x/avataaars/svg?seed=mentee_10316,,1
5415,1,Freshman,Beginner,MA,5,5,https://api.dicebear.com/7.x/avataaars/svg?seed=mentee_10317,,1
5416,1,Freshman,Mid,AE,5,5,https://api.dicebear.com/7.x/avataaars/svg?seed=mentee_10319,,1
5417,1,Junior,Beginner,SA,2,6,https://api.dicebear.com/7.x/avataaars/svg?seed=mentee_10322,,1
5418,1,Freshman,Junior,EG,3,5,https://api.dicebear.com/7.x/avataaars/svg?seed=mentee_10324,,1
5419,2,Junior,Beginner,EG,5,4,https://api.dicebear.com/7.x/avataaars/svg?seed=mentee_10325,,1
5420,3,Junior,Beginner,SA,4,6,https://api.dicebear.com/7.x/avataaars/svg?seed=mentee_10326,,1
5421,1,Sophomore,Junior,JO,5,1,https://api.dicebear.com/7.x/avataaars/svg?seed=mentee_10328,,1
5422,2,Sophomore,Beginner,EG,3,2,https://api.dicebear.com/7.x/avataaars/svg?seed=mentee_10329,,1
5423,3,Senior,Junior,EG,3,5,https://api.dicebear.com/7.x/avataaars/svg?seed=mentee_10331,,1
5424,4,Graduate,Beginner,SA,2,6,https://api.dicebear.com/7.x/avataaars/svg?seed=mentee_10333,,1
5425,1,Graduate,Mid,EG,4,5,https://api.dicebear.com/7.x/avataaars/svg?seed=mentee_10336,,1
5426,4,Junior,Mid,SA,5,5,https://api.dicebear.com/7.x/avataaars/svg?seed=mentee_10340,,1
5427,3,Graduate,Junior,EG,3,1,https://api.dicebear.com/7.x/avataaars/svg?seed=mentee_10342,,1
5428,1,Junior,Junior,EG,2,5,https://api.dicebear.com/7.x/avataaars/svg?seed=mentee_10347,,1
5429,1,Graduate,Mid,EG,3,6,https://api.dicebear.com/7.x/avataaars/svg?seed=mentee_10348,,1
5430,1,Senior,Beginner,SA,6,3,https://api.dicebear.com/7.x/avataaars/svg?seed=mentee_10352,,1
5431,2,Sophomore,Junior,SA,6,6,https://api.dicebear.com/7.x/avataaars/svg?seed=mentee_10353,,1
5432,2,Sophomore,Beginner,EG,1,5,https://api.dicebear.com/7.x/avataaars/svg?seed=mentee_10357,,1
5433,2,Junior,Beginner,JO,5,7,https://api.dicebear.com/7.x/avataaars/svg?seed=mentee_10360,,1
5434,3,Graduate,Mid,EG,2,7,https://api.dicebear.com/7.x/avataaars/svg?seed=mentee_10361,,1
5435,1,Freshman,Beginner,EG,5,7,https://api.dicebear.com/7.x/avataaars/svg?seed=mentee_10363,,1
5436,1,Senior,Junior,SA,2,5,https://api.dicebear.com/7.x/avataaars/svg?seed=mentee_10364,,1
5437,3,Graduate,Junior,EG,3,6,https://api.dicebear.com/7.x/avataaars/svg?seed=mentee_10365,,1
5438,4,Freshman,Junior,SA,2,4,https://api.dicebear.com/7.x/avataaars/svg?seed=mentee_10367,,1
5439,3,Senior,Beginner,MA,5,4,https://api.dicebear.com/7.x/avataaars/svg?seed=mentee_10368,,1
5440,1,Senior,Mid,AE,5,5,https://api.dicebear.com/7.x/avataaars/svg?seed=mentee_10369,,1
5441,1,Sophomore,Beginner,SA,1,4,https://api.dicebear.com/7.x/avataaars/svg?seed=mentee_10371,,1
5442,1,Junior,Junior,SA,6,6,https://api.dicebear.com/7.x/avataaars/svg?seed=mentee_10372,,1
5443,1,Graduate,Beginner,EG,6,6,https://api.dicebear.com/7.x/avataaars/svg?seed=mentee_10374,,1
5444,1,Senior,Mid,SA,4,7,https://api.dicebear.com/7.x/avataaars/svg?seed=mentee_10375,,1
5445,4,Graduate,Beginner,EG,1,3,https://api.dicebear.com/7.x/avataaars/svg?seed=mentee_10379,,1
5446,2,Senior,Beginner,MA,4,1,https://api.dicebear.com/7.x/avataaars/svg?seed=mentee_10380,,1
5447,1,Sophomore,Beginner,EG,3,2,https://api.dicebear.com/7.x/avataaars/svg?seed=mentee_10381,,1
5448,1,Junior,Beginner,SA,2,1,https://api.dicebear.com/7.x/avataaars/svg?seed=mentee_10382,,1
5449,1,Freshman,Beginner,MA,3,6,https://api.dicebear.com/7.x/avataaars/svg?seed=mentee_10383,,1
5450,2,Freshman,Beginner,AE,3,7,https://api.dicebear.com/7.x/avataaars/svg?seed=mentee_10394,,1
5451,3,Sophomore,Mid,MA,4,7,https://api.dicebear.com/7.x/avataaars/svg?seed=mentee_10396,,1
5452,1,Senior,Senior,SA,2,7,https://api.dicebear.com/7.x/avataaars/svg?seed=mentee_10398,,1
5453,3,Sophomore,Beginner,EG,3,1,https://api.dicebear.com/7.x/avataaars/svg?seed=mentee_10399,,1
5454,1,Junior,Beginner,JO,3,5,https://api.dicebear.com/7.x/avataaars/svg?seed=mentee_10400,,1
5455,1,Freshman,Beginner,EG,4,6,https://api.dicebear.com/7.x/avataaars/svg?seed=mentee_10403,,1
5456,4,Graduate,Beginner,EG,1,5,https://api.dicebear.com/7.x/avataaars/svg?seed=mentee_10407,,1
5457,1,Freshman,Junior,AE,3,4,https://api.dicebear.com/7.x/avataaars/svg?seed=mentee_10408,,1
5458,1,Junior,Junior,SA,6,6,https://api.dicebear.com/7.x/avataaars/svg?seed=mentee_10415,,1
5459,2,Senior,Beginner,JO,3,5,https://api.dicebear.com/7.x/avataaars/svg?seed=mentee_10419,,1
5460,1,Sophomore,Mid,MA,1,5,https://api.dicebear.com/7.x/avataaars/svg?seed=mentee_10423,,1
5461,1,Freshman,Mid,JO,3,5,https://api.dicebear.com/7.x/avataaars/svg?seed=mentee_10425,,1
5462,1,Freshman,Beginner,EG,3,5,https://api.dicebear.com/7.x/avataaars/svg?seed=mentee_10426,,1
5463,1,Graduate,Mid,AE,5,5,https://api.dicebear.com/7.x/avataaars/svg?seed=mentee_10431,,1
5464,2,Sophomore,Mid,AE,2,7,https://api.dicebear.com/7.x/avataaars/svg?seed=mentee_10432,,1
5465,1,Graduate,Beginner,MA,4,4,https://api.dicebear.com/7.x/avataaars/svg?seed=mentee_10434,,1
5466,3,Graduate,Junior,EG,3,3,https://api.dicebear.com/7.x/avataaars/svg?seed=mentee_10436,,1
5467,3,Senior,Junior,EG,3,5,https://api.dicebear.com/7.x/avataaars/svg?seed=mentee_10437,,1
5468,1,Freshman,Beginner,JO,1,7,https://api.dicebear.com/7.x/avataaars/svg?seed=mentee_10438,,1
5469,1,Sophomore,Junior,EG,4,5,https://api.dicebear.com/7.x/avataaars/svg?seed=mentee_10440,,1
5470,1,Senior,Junior,SA,4,7,https://api.dicebear.com/7.x/avataaars/svg?seed=mentee_10441,,1
5471,1,Senior,Junior,EG,2,5,https://api.dicebear.com/7.x/avataaars/svg?seed=mentee_10442,,1
5472,1,Senior,Junior,SA,1,1,https://api.dicebear.com/7.x/avataaars/svg?seed=mentee_10443,,1
5473,3,Junior,Junior,AE,3,3,https://api.dicebear.com/7.x/avataaars/svg?seed=mentee_10444,,1
5474,1,Junior,Beginner,EG,5,7,https://api.dicebear.com/7.x/avataaars/svg?seed=mentee_10445,,1
5475,2,Senior,Junior,AE,2,1,https://api.dicebear.com/7.x/avataaars/svg?seed=mentee_10446,,1
5476,2,Junior,Beginner,EG,1,6,https://api.dicebear.com/7.x/avataaars/svg?seed=mentee_10448,,1
5477,3,Sophomore,Junior,EG,4,5,https://api.dicebear.com/7.x/avataaars/svg?seed=mentee_10451,,1
5478,1,Freshman,Junior,EG,6,6,https://api.dicebear.com/7.x/avataaars/svg?seed=mentee_10453,,1
5479,1,Sophomore,Beginner,AE,4,6,https://api.dicebear.com/7.x/avataaars/svg?seed=mentee_10454,,1
5480,4,Freshman,Beginner,EG,4,1,https://api.dicebear.com/7.x/avataaars/svg?seed=mentee_10455,,1
5481,1,Junior,Beginner,SA,4,5,https://api.dicebear.com/7.x/avataaars/svg?seed=mentee_10456,,1
5482,2,Sophomore,Beginner,AE,3,3,https://api.dicebear.com/7.x/avataaars/svg?seed=mentee_10457,,1
5483,2,Graduate,Beginner,AE,1,2,https://api.dicebear.com/7.x/avataaars/svg?seed=mentee_10463,,1
5484,2,Senior,Junior,SA,3,5,https://api.dicebear.com/7.x/avataaars/svg?seed=mentee_10470,,1
5485,1,Freshman,Junior,SA,2,1,https://api.dicebear.com/7.x/avataaars/svg?seed=mentee_10475,,1
5486,1,Freshman,Beginner,EG,6,5,https://api.dicebear.com/7.x/avataaars/svg?seed=mentee_10476,,1
5487,2,Graduate,Junior,SA,2,5,https://api.dicebear.com/7.x/avataaars/svg?seed=mentee_10477,,1
5488,2,Graduate,Mid,EG,5,3,https://api.dicebear.com/7.x/avataaars/svg?seed=mentee_10479,,1
5489,3,Senior,Junior,JO,5,5,https://api.dicebear.com/7.x/avataaars/svg?seed=mentee_10480,,1
5490,3,Junior,Junior,JO,4,1,https://api.dicebear.com/7.x/avataaars/svg?seed=mentee_10482,,1
5491,4,Sophomore,Beginner,EG,6,6,https://api.dicebear.com/7.x/avataaars/svg?seed=mentee_10487,,1
5492,4,Sophomore,Junior,SA,2,6,https://api.dicebear.com/7.x/avataaars/svg?seed=mentee_10488,,1
5493,3,Sophomore,Beginner,MA,5,7,https://api.dicebear.com/7.x/avataaars/svg?seed=mentee_10490,,1
5494,1,Junior,Beginner,EG,3,1,https://api.dicebear.com/7.x/avataaars/svg?seed=mentee_10492,,1
5495,1,Senior,Beginner,AE,4,6,https://api.dicebear.com/7.x/avataaars/svg?seed=mentee_10493,,1
5496,2,Sophomore,Beginner,EG,5,1,https://api.dicebear.com/7.x/avataaars/svg?seed=mentee_10494,,1
5497,2,Freshman,Junior,SA,1,8,https://api.dicebear.com/7.x/avataaars/svg?seed=mentee_10495,,1
5498,1,Freshman,Beginner,JO,6,4,https://api.dicebear.com/7.x/avataaars/svg?seed=mentee_10496,,1
5499,2,Freshman,Beginner,SA,4,4,https://api.dicebear.com/7.x/avataaars/svg?seed=mentee_10498,,1
5500,1,Graduate,Junior,SA,1,5,https://api.dicebear.com/7.x/avataaars/svg?seed=mentee_10500,,1
