user_id,domain_id,years_of_experience,country_code,linkedin_url,profile_picture_url,created_at,average_rating,total_reviews,bio,past_experience,is_verified,is_email_verified,CvUrl
1,1,5,SA,https://www.linkedin.com/in/mentor-3/,https://api.dicebear.com/7.x/avataaars/svg?seed=mentor_3,8/10/2025,1.0,1,,,1,1,
2,2,11,SA,https://www.linkedin.com/in/mentor-7/,https://api.dicebear.com/7.x/avataaars/svg?seed=mentor_7,7/24/2026,5.0,2,,,1,1,
3,1,7,EG,https://www.linkedin.com/in/mentor-9/,https://api.dicebear.com/7.x/avataaars/svg?seed=mentor_9,5/3/2026,5.0,1,,,1,1,
4,2,10,EG,https://www.linkedin.com/in/mentor-11/,https://api.dicebear.com/7.x/avataaars/svg?seed=mentor_11,1/20/2025,4.0,1,,,1,1,
5,3,9,EG,https://www.linkedin.com/in/mentor-14/,https://api.dicebear.com/7.x/avataaars/svg?seed=mentor_14,12/22/2025,0.0,0,,,1,1,
6,3,10,EG,https://www.linkedin.com/in/mentor-15/,https://api.dicebear.com/7.x/avataaars/svg?seed=mentor_15,10/17/2025,0.0,0,,,1,1,
7,1,9,SA,https://www.linkedin.com/in/mentor-16/,https://api.dicebear.com/7.x/avataaars/svg?seed=mentor_16,3/8/2025,0.0,0,,,1,1,
8,2,5,SA,https://www.linkedin.com/in/mentor-18/,https://api.dicebear.com/7.x/avataaars/svg?seed=mentor_18,3/16/2025,0.0,0,,,1,1,
9,1,4,SA,https://www.linkedin.com/in/mentor-19/,https://api.dicebear.com/7.x/avataaars/svg?seed=mentor_19,4/7/2026,4.5,6,,,1,1,
10,1,9,AE,https://www.linkedin.com/in/mentor-21/,https://api.dicebear.com/7.x/avataaars/svg?seed=mentor_21,11/11/2026,0.0,0,,,1,1,
11,1,5,JO,https://www.linkedin.com/in/mentor-23/,https://api.dicebear.com/7.x/avataaars/svg?seed=mentor_23,9/23/2026,4.0,3,,,1,1,
12,2,5,AE,https://www.linkedin.com/in/mentor-24/,https://api.dicebear.com/7.x/avataaars/svg?seed=mentor_24,8/17/2026,4.62,8,,,1,1,
13,2,4,MA,https://www.linkedin.com/in/mentor-26/,https://api.dicebear.com/7.x/avataaars/svg?seed=mentor_26,12/17/2025,3.91,23,,,1,1,
14,1,6,EG,https://www.linkedin.com/in/mentor-27/,https://api.dicebear.com/7.x/avataaars/svg?seed=mentor_27,12/26/2026,1.0,1,,,1,1,
15,1,10,EG,https://www.linkedin.com/in/mentor-30/,https://api.dicebear.com/7.x/avataaars/svg?seed=mentor_30,1/13/2025,0.0,0,,,1,1,
16,1,14,EG,https://www.linkedin.com/in/mentor-31/,https://api.dicebear.com/7.x/avataaars/svg?seed=mentor_31,8/15/2026,3.83,6,,,1,1,
17,3,3,SA,https://www.linkedin.com/in/mentor-32/,https://api.dicebear.com/7.x/avataaars/svg?seed=mentor_32,2/8/2025,0.0,0,,,1,1,
18,2,3,JO,https://www.linkedin.com/in/mentor-33/,https://api.dicebear.com/7.x/avataaars/svg?seed=mentor_33,6/7/2025,0.0,0,,,1,1,
19,1,14,EG,https://www.linkedin.com/in/mentor-38/,https://api.dicebear.com/7.x/avataaars/svg?seed=mentor_38,5/27/2026,4.33,6,,,1,1,
20,3,7,MA,https://www.linkedin.com/in/mentor-40/,https://api.dicebear.com/7.x/avataaars/svg?seed=mentor_40,9/13/2026,0.0,0,,,1,1,
21,2,13,EG,https://www.linkedin.com/in/mentor-42/,https://api.dicebear.com/7.x/avataaars/svg?seed=mentor_42,8/18/2026,0.0,0,,,1,1,
22,1,7,MA,https://www.linkedin.com/in/mentor-44/,https://api.dicebear.com/7.x/avataaars/svg?seed=mentor_44,1/20/2026,4.0,2,,,1,1,
23,3,13,EG,https://www.linkedin.com/in/mentor-45/,https://api.dicebear.com/7.x/avataaars/svg?seed=mentor_45,7/28/2026,3.86,7,,,1,1,
24,2,14,EG,https://www.linkedin.com/in/mentor-46/,https://api.dicebear.com/7.x/avataaars/svg?seed=mentor_46,8/25/2025,0.0,0,,,1,1,
25,1,3,SA,https://www.linkedin.com/in/mentor-49/,https://api.dicebear.com/7.x/avataaars/svg?seed=mentor_49,7/11/2025,0.0,0,,,1,1,
26,4,8,EG,https://www.linkedin.com/in/mentor-50/,https://api.dicebear.com/7.x/avataaars/svg?seed=mentor_50,10/29/2025,0.0,0,,,1,1,
27,4,3,EG,https://www.linkedin.com/in/mentor-52/,https://api.dicebear.com/7.x/avataaars/svg?seed=mentor_52,5/13/2025,3.5,2,,,1,1,
28,2,7,EG,https://www.linkedin.com/in/mentor-54/,https://api.dicebear.com/7.x/avataaars/svg?seed=mentor_54,9/30/2025,0.0,0,,,1,1,
29,1,11,JO,https://www.linkedin.com/in/mentor-55/,https://api.dicebear.com/7.x/avataaars/svg?seed=mentor_55,12/25/2025,0.0,0,,,1,1,
30,4,14,SA,https://www.linkedin.com/in/mentor-57/,https://api.dicebear.com/7.x/avataaars/svg?seed=mentor_57,8/6/2025,5.0,1,,,1,1,
31,1,7,EG,https://www.linkedin.com/in/mentor-59/,https://api.dicebear.com/7.x/avataaars/svg?seed=mentor_59,10/1/2025,4.0,2,,,1,1,
32,4,8,SA,https://www.linkedin.com/in/mentor-60/,https://api.dicebear.com/7.x/avataaars/svg?seed=mentor_60,1/15/2026,3.0,2,,,1,1,
33,4,10,AE,https://www.linkedin.com/in/mentor-62/,https://api.dicebear.com/7.x/avataaars/svg?seed=mentor_62,2/27/2025,0.0,0,,,1,1,
34,2,13,EG,https://www.linkedin.com/in/mentor-64/,https://api.dicebear.com/7.x/avataaars/svg?seed=mentor_64,7/5/2026,4.0,8,,,1,1,
35,1,3,SA,https://www.linkedin.com/in/mentor-66/,https://api.dicebear.com/7.x/avataaars/svg?seed=mentor_66,10/28/2026,2.0,1,,,1,1,
36,4,4,EG,https://www.linkedin.com/in/mentor-68/,https://api.dicebear.com/7.x/avataaars/svg?seed=mentor_68,7/26/2025,0.0,0,,,1,1,
37,1,11,EG,https://www.linkedin.com/in/mentor-70/,https://api.dicebear.com/7.x/avataaars/svg?seed=mentor_70,7/24/2026,3.0,1,,,1,1,
38,1,5,AE,https://www.linkedin.com/in/mentor-71/,https://api.dicebear.com/7.x/avataaars/svg?seed=mentor_71,8/13/2025,4.25,12,,,1,1,
39,2,8,EG,https://www.linkedin.com/in/mentor-72/,https://api.dicebear.com/7.x/avataaars/svg?seed=mentor_72,3/28/2026,4.09,11,,,1,1,
40,2,7,SA,https://www.linkedin.com/in/mentor-73/,https://api.dicebear.com/7.x/avataaars/svg?seed=mentor_73,12/9/2026,3.25,4,,,1,1,
41,3,13,AE,https://www.linkedin.com/in/mentor-74/,https://api.dicebear.com/7.x/avataaars/svg?seed=mentor_74,2/5/2025,0.0,0,,,1,1,
42,1,4,EG,https://www.linkedin.com/in/mentor-77/,https://api.dicebear.com/7.x/avataaars/svg?seed=mentor_77,1/1/2026,3.0,1,,,1,1,
43,1,9,SA,https://www.linkedin.com/in/mentor-79/,https://api.dicebear.com/7.x/avataaars/svg?seed=mentor_79,7/25/2026,0.0,0,,,1,1,
44,2,6,EG,https://www.linkedin.com/in/mentor-82/,https://api.dicebear.com/7.x/avataaars/svg?seed=mentor_82,8/3/2026,0.0,0,,,1,1,
45,2,3,MA,https://www.linkedin.com/in/mentor-84/,https://api.dicebear.com/7.x/avataaars/svg?seed=mentor_84,6/2/2026,1.0,1,,,1,1,
46,4,6,SA,https://www.linkedin.com/in/mentor-85/,https://api.dicebear.com/7.x/avataaars/svg?seed=mentor_85,1/1/2026,0.0,0,,,1,1,
47,3,8,JO,https://www.linkedin.com/in/mentor-87/,https://api.dicebear.com/7.x/avataaars/svg?seed=mentor_87,8/21/2026,3.5,2,,,1,1,
48,1,9,SA,https://www.linkedin.com/in/mentor-88/,https://api.dicebear.com/7.x/avataaars/svg?seed=mentor_88,9/30/2025,0.0,0,,,1,1,
49,2,9,EG,https://www.linkedin.com/in/mentor-92/,https://api.dicebear.com/7.x/avataaars/svg?seed=mentor_92,7/8/2026,0.0,0,,,1,1,
50,3,9,SA,https://www.linkedin.com/in/mentor-94/,https://api.dicebear.com/7.x/avataaars/svg?seed=mentor_94,2/5/2026,0.0,0,,,1,1,
51,1,5,MA,https://www.linkedin.com/in/mentor-97/,https://api.dicebear.com/7.x/avataaars/svg?seed=mentor_97,8/8/2026,0.0,0,,,1,1,
52,1,8,SA,https://www.linkedin.com/in/mentor-100/,https://api.dicebear.com/7.x/avataaars/svg?seed=mentor_100,7/6/2026,5.0,1,,,1,1,
53,1,10,JO,https://www.linkedin.com/in/mentor-101/,https://api.dicebear.com/7.x/avataaars/svg?seed=mentor_101,2/15/2025,5.0,2,,,1,1,
54,1,6,JO,https://www.linkedin.com/in/mentor-102/,https://api.dicebear.com/7.x/avataaars/svg?seed=mentor_102,10/24/2026,0.0,0,,,1,1,
55,1,10,EG,https://www.linkedin.com/in/mentor-106/,https://api.dicebear.com/7.x/avataaars/svg?seed=mentor_106,2/26/2025,4.0,2,,,1,1,
56,1,4,EG,https://www.linkedin.com/in/mentor-108/,https://api.dicebear.com/7.x/avataaars/svg?seed=mentor_108,7/8/2025,3.67,3,,,1,1,
57,1,12,SA,https://www.linkedin.com/in/mentor-110/,https://api.dicebear.com/7.x/avataaars/svg?seed=mentor_110,9/5/2025,0.0,0,,,1,1,
58,3,11,SA,https://www.linkedin.com/in/mentor-112/,https://api.dicebear.com/7.x/avataaars/svg?seed=mentor_112,9/18/2026,4.33,3,,,1,1,
59,2,11,JO,https://www.linkedin.com/in/mentor-114/,https://api.dicebear.com/7.x/avataaars/svg?seed=mentor_114,10/10/2025,4.0,1,,,1,1,
60,1,10,MA,https://www.linkedin.com/in/mentor-116/,https://api.dicebear.com/7.x/avataaars/svg?seed=mentor_116,10/24/2026,0.0,0,,,1,1,
61,1,12,EG,https://www.linkedin.com/in/mentor-119/,https://api.dicebear.com/7.x/avataaars/svg?seed=mentor_119,7/30/2026,0.0,0,,,1,1,
62,1,12,EG,https://www.linkedin.com/in/mentor-121/,https://api.dicebear.com/7.x/avataaars/svg?seed=mentor_121,9/12/2025,4.0,2,,,1,1,
63,2,3,AE,https://www.linkedin.com/in/mentor-122/,https://api.dicebear.com/7.x/avataaars/svg?seed=mentor_122,2/9/2026,0.0,0,,,1,1,
64,2,4,EG,https://www.linkedin.com/in/mentor-124/,https://api.dicebear.com/7.x/avataaars/svg?seed=mentor_124,4/1/2026,0.0,0,,,1,1,
65,3,8,JO,https://www.linkedin.com/in/mentor-125/,https://api.dicebear.com/7.x/avataaars/svg?seed=mentor_125,3/29/2025,0.0,0,,,1,1,
66,1,12,SA,https://www.linkedin.com/in/mentor-127/,https://api.dicebear.com/7.x/avataaars/svg?seed=mentor_127,6/3/2026,0.0,0,,,1,1,
67,2,7,AE,https://www.linkedin.com/in/mentor-129/,https://api.dicebear.com/7.x/avataaars/svg?seed=mentor_129,6/7/2025,0.0,0,,,1,1,
68,2,14,EG,https://www.linkedin.com/in/mentor-130/,https://api.dicebear.com/7.x/avataaars/svg?seed=mentor_130,2/28/2026,0.0,0,,,1,1,
69,2,11,SA,https://www.linkedin.com/in/mentor-135/,https://api.dicebear.com/7.x/avataaars/svg?seed=mentor_135,8/10/2026,4.25,4,,,1,1,
70,2,7,SA,https://www.linkedin.com/in/mentor-136/,https://api.dicebear.com/7.x/avataaars/svg?seed=mentor_136,4/30/2026,3.6,5,,,1,1,
71,2,4,SA,https://www.linkedin.com/in/mentor-137/,https://api.dicebear.com/7.x/avataaars/svg?seed=mentor_137,2/22/2025,4.5,6,,,1,1,
72,4,12,EG,https://www.linkedin.com/in/mentor-141/,https://api.dicebear.com/7.x/avataaars/svg?seed=mentor_141,7/12/2025,0.0,0,,,1,1,
73,1,6,AE,https://www.linkedin.com/in/mentor-142/,https://api.dicebear.com/7.x/avataaars/svg?seed=mentor_142,12/24/2026,4.5,2,,,1,1,
74,2,11,JO,https://www.linkedin.com/in/mentor-143/,https://api.dicebear.com/7.x/avataaars/svg?seed=mentor_143,9/13/2026,0.0,0,,,1,1,
75,1,3,EG,https://www.linkedin.com/in/mentor-148/,https://api.dicebear.com/7.x/avataaars/svg?seed=mentor_148,6/14/2026,0.0,0,,,1,1,
76,3,13,EG,https://www.linkedin.com/in/mentor-149/,https://api.dicebear.com/7.x/avataaars/svg?seed=mentor_149,8/24/2025,3.0,3,,,1,1,
77,1,3,EG,https://www.linkedin.com/in/mentor-150/,https://api.dicebear.com/7.x/avataaars/svg?seed=mentor_150,3/8/2025,0.0,0,,,1,1,
78,1,14,SA,https://www.linkedin.com/in/mentor-151/,https://api.dicebear.com/7.x/avataaars/svg?seed=mentor_151,5/4/2025,0.0,0,,,1,1,
79,4,9,SA,https://www.linkedin.com/in/mentor-152/,https://api.dicebear.com/7.x/avataaars/svg?seed=mentor_152,8/21/2025,4.57,7,,,1,1,
80,4,13,SA,https://www.linkedin.com/in/mentor-153/,https://api.dicebear.com/7.x/avataaars/svg?seed=mentor_153,5/26/2025,0.0,0,,,1,1,
81,1,5,EG,https://www.linkedin.com/in/mentor-156/,https://api.dicebear.com/7.x/avataaars/svg?seed=mentor_156,2/5/2026,3.92,12,,,1,1,
82,4,12,EG,https://www.linkedin.com/in/mentor-157/,https://api.dicebear.com/7.x/avataaars/svg?seed=mentor_157,5/6/2025,4.0,1,,,1,1,
83,2,4,SA,https://www.linkedin.com/in/mentor-158/,https://api.dicebear.com/7.x/avataaars/svg?seed=mentor_158,11/30/2025,0.0,0,,,1,1,
84,3,11,SA,https://www.linkedin.com/in/mentor-159/,https://api.dicebear.com/7.x/avataaars/svg?seed=mentor_159,1/31/2025,4.5,2,,,1,1,
85,1,5,MA,https://www.linkedin.com/in/mentor-160/,https://api.dicebear.com/7.x/avataaars/svg?seed=mentor_160,7/8/2025,3.0,1,,,1,1,
86,1,4,EG,https://www.linkedin.com/in/mentor-163/,https://api.dicebear.com/7.x/avataaars/svg?seed=mentor_163,2/8/2025,0.0,0,,,1,1,
87,4,14,AE,https://www.linkedin.com/in/mentor-164/,https://api.dicebear.com/7.x/avataaars/svg?seed=mentor_164,11/25/2025,0.0,0,,,1,1,
88,4,10,SA,https://www.linkedin.com/in/mentor-165/,https://api.dicebear.com/7.x/avataaars/svg?seed=mentor_165,7/28/2025,4.5,2,,,1,1,
89,4,12,SA,https://www.linkedin.com/in/mentor-168/,https://api.dicebear.com/7.x/avataaars/svg?seed=mentor_168,12/20/2025,0.0,0,,,1,1,
90,1,8,AE,https://www.linkedin.com/in/mentor-169/,https://api.dicebear.com/7.x/avataaars/svg?seed=mentor_169,12/31/2026,0.0,0,,,1,1,
91,2,8,AE,https://www.linkedin.com/in/mentor-171/,https://api.dicebear.com/7.x/avataaars/svg?seed=mentor_171,6/23/2025,0.0,0,,,1,1,
92,1,12,MA,https://www.linkedin.com/in/mentor-174/,https://api.dicebear.com/7.x/avataaars/svg?seed=mentor_174,9/24/2026,0.0,0,,,1,1,
93,1,13,EG,https://www.linkedin.com/in/mentor-175/,https://api.dicebear.com/7.x/avataaars/svg?seed=mentor_175,7/28/2026,3.43,7,,,1,1,
94,1,9,EG,https://www.linkedin.com/in/mentor-176/,https://api.dicebear.com/7.x/avataaars/svg?seed=mentor_176,10/25/2026,3.0,2,,,1,1,
95,2,9,AE,https://www.linkedin.com/in/mentor-178/,https://api.dicebear.com/7.x/avataaars/svg?seed=mentor_178,3/7/2025,0.0,0,,,1,1,
96,2,13,SA,https://www.linkedin.com/in/mentor-179/,https://api.dicebear.com/7.x/avataaars/svg?seed=mentor_179,11/21/2026,3.78,9,,,1,1,
97,1,8,EG,https://www.linkedin.com/in/mentor-180/,https://api.dicebear.com/7.x/avataaars/svg?seed=mentor_180,2/13/2026,4.0,1,,,1,1,
98,3,6,EG,https://www.linkedin.com/in/mentor-182/,https://api.dicebear.com/7.x/avataaars/svg?seed=mentor_182,10/17/2025,0.0,0,,,1,1,
99,1,13,EG,https://www.linkedin.com/in/mentor-183/,https://api.dicebear.com/7.x/avataaars/svg?seed=mentor_183,12/20/2026,0.0,0,,,1,1,
100,1,11,JO,https://www.linkedin.com/in/mentor-185/,https://api.dicebear.com/7.x/avataaars/svg?seed=mentor_185,6/4/2025,0.0,0,,,1,1,
101,1,8,EG,https://www.linkedin.com/in/mentor-186/,https://api.dicebear.com/7.x/avataaars/svg?seed=mentor_186,10/15/2026,5.0,1,,,1,1,
102,3,6,EG,https://www.linkedin.com/in/mentor-188/,https://api.dicebear.com/7.x/avataaars/svg?seed=mentor_188,9/19/2025,5.0,2,,,1,1,
103,3,14,EG,https://www.linkedin.com/in/mentor-189/,https://api.dicebear.com/7.x/avataaars/svg?seed=mentor_189,7/19/2025,0.0,0,,,1,1,
104,2,5,EG,https://www.linkedin.com/in/mentor-192/,https://api.dicebear.com/7.x/avataaars/svg?seed=mentor_192,7/20/2026,0.0,0,,,1,1,
105,1,6,EG,https://www.linkedin.com/in/mentor-193/,https://api.dicebear.com/7.x/avataaars/svg?seed=mentor_193,9/12/2026,3.67,3,,,1,1,
106,4,5,SA,https://www.linkedin.com/in/mentor-195/,https://api.dicebear.com/7.x/avataaars/svg?seed=mentor_195,11/15/2026,0.0,0,,,1,1,
107,3,4,EG,https://www.linkedin.com/in/mentor-196/,https://api.dicebear.com/7.x/avataaars/svg?seed=mentor_196,1/20/2026,2.89,9,,,1,1,
108,3,7,JO,https://www.linkedin.com/in/mentor-197/,https://api.dicebear.com/7.x/avataaars/svg?seed=mentor_197,1/6/2026,0.0,0,,,1,1,
109,2,4,EG,https://www.linkedin.com/in/mentor-199/,https://api.dicebear.com/7.x/avataaars/svg?seed=mentor_199,2/24/2026,3.96,26,,,1,1,
110,2,8,SA,https://www.linkedin.com/in/mentor-200/,https://api.dicebear.com/7.x/avataaars/svg?seed=mentor_200,3/12/2025,0.0,0,,,1,1,
111,1,5,JO,https://www.linkedin.com/in/mentor-204/,https://api.dicebear.com/7.x/avataaars/svg?seed=mentor_204,6/17/2026,5.0,1,,,1,1,
112,3,8,AE,https://www.linkedin.com/in/mentor-206/,https://api.dicebear.com/7.x/avataaars/svg?seed=mentor_206,2/4/2026,5.0,1,,,1,1,
113,3,13,SA,https://www.linkedin.com/in/mentor-208/,https://api.dicebear.com/7.x/avataaars/svg?seed=mentor_208,11/1/2026,3.67,3,,,1,1,
114,2,12,EG,https://www.linkedin.com/in/mentor-209/,https://api.dicebear.com/7.x/avataaars/svg?seed=mentor_209,12/31/2025,3.71,7,,,1,1,
115,4,11,EG,https://www.linkedin.com/in/mentor-210/,https://api.dicebear.com/7.x/avataaars/svg?seed=mentor_210,12/18/2026,0.0,0,,,1,1,
116,1,3,AE,https://www.linkedin.com/in/mentor-211/,https://api.dicebear.com/7.x/avataaars/svg?seed=mentor_211,11/12/2026,3.0,1,,,1,1,
117,2,8,MA,https://www.linkedin.com/in/mentor-212/,https://api.dicebear.com/7.x/avataaars/svg?seed=mentor_212,11/18/2026,4.2,5,,,1,1,
118,2,11,AE,https://www.linkedin.com/in/mentor-213/,https://api.dicebear.com/7.x/avataaars/svg?seed=mentor_213,3/13/2025,0.0,0,,,1,1,
119,2,13,SA,https://www.linkedin.com/in/mentor-215/,https://api.dicebear.com/7.x/avataaars/svg?seed=mentor_215,6/24/2026,4.5,4,,,1,1,
120,2,6,AE,https://www.linkedin.com/in/mentor-216/,https://api.dicebear.com/7.x/avataaars/svg?seed=mentor_216,2/26/2025,4.33,9,,,1,1,
121,4,13,SA,https://www.linkedin.com/in/mentor-218/,https://api.dicebear.com/7.x/avataaars/svg?seed=mentor_218,10/10/2025,0.0,0,,,1,1,
122,1,14,EG,https://www.linkedin.com/in/mentor-219/,https://api.dicebear.com/7.x/avataaars/svg?seed=mentor_219,6/25/2025,4.0,4,,,1,1,
123,1,4,SA,https://www.linkedin.com/in/mentor-220/,https://api.dicebear.com/7.x/avataaars/svg?seed=mentor_220,10/25/2026,4.22,9,,,1,1,
124,3,6,MA,https://www.linkedin.com/in/mentor-221/,https://api.dicebear.com/7.x/avataaars/svg?seed=mentor_221,10/16/2026,0.0,0,,,1,1,
125,1,3,EG,https://www.linkedin.com/in/mentor-222/,https://api.dicebear.com/7.x/avataaars/svg?seed=mentor_222,10/6/2026,4.5,2,,,1,1,
126,2,5,AE,https://www.linkedin.com/in/mentor-223/,https://api.dicebear.com/7.x/avataaars/svg?seed=mentor_223,12/9/2026,0.0,0,,,1,1,
127,2,12,EG,https://www.linkedin.com/in/mentor-227/,https://api.dicebear.com/7.x/avataaars/svg?seed=mentor_227,1/14/2025,0.0,0,,,1,1,
128,1,11,SA,https://www.linkedin.com/in/mentor-230/,https://api.dicebear.com/7.x/avataaars/svg?seed=mentor_230,10/21/2025,3.67,9,,,1,1,
129,1,12,EG,https://www.linkedin.com/in/mentor-231/,https://api.dicebear.com/7.x/avataaars/svg?seed=mentor_231,10/15/2025,0.0,0,,,1,1,
130,4,7,SA,https://www.linkedin.com/in/mentor-232/,https://api.dicebear.com/7.x/avataaars/svg?seed=mentor_232,9/1/2026,0.0,0,,,1,1,
131,4,13,AE,https://www.linkedin.com/in/mentor-234/,https://api.dicebear.com/7.x/avataaars/svg?seed=mentor_234,1/23/2026,0.0,0,,,1,1,
132,2,8,EG,https://www.linkedin.com/in/mentor-237/,https://api.dicebear.com/7.x/avataaars/svg?seed=mentor_237,10/16/2026,4.67,3,,,1,1,
133,1,5,AE,https://www.linkedin.com/in/mentor-238/,https://api.dicebear.com/7.x/avataaars/svg?seed=mentor_238,8/12/2026,0.0,0,,,1,1,
134,4,7,AE,https://www.linkedin.com/in/mentor-240/,https://api.dicebear.com/7.x/avataaars/svg?seed=mentor_240,1/25/2025,5.0,1,,,1,1,
135,1,13,MA,https://www.linkedin.com/in/mentor-241/,https://api.dicebear.com/7.x/avataaars/svg?seed=mentor_241,10/12/2025,0.0,0,,,1,1,
136,2,10,EG,https://www.linkedin.com/in/mentor-244/,https://api.dicebear.com/7.x/avataaars/svg?seed=mentor_244,9/2/2025,3.67,3,,,1,1,
137,1,8,EG,https://www.linkedin.com/in/mentor-245/,https://api.dicebear.com/7.x/avataaars/svg?seed=mentor_245,8/6/2026,4.6,5,,,1,1,
138,1,6,EG,https://www.linkedin.com/in/mentor-247/,https://api.dicebear.com/7.x/avataaars/svg?seed=mentor_247,11/6/2026,4.67,3,,,1,1,
139,1,4,MA,https://www.linkedin.com/in/mentor-248/,https://api.dicebear.com/7.x/avataaars/svg?seed=mentor_248,5/13/2026,0.0,0,,,1,1,
140,2,11,MA,https://www.linkedin.com/in/mentor-251/,https://api.dicebear.com/7.x/avataaars/svg?seed=mentor_251,9/20/2025,3.75,4,,,1,1,
141,1,14,SA,https://www.linkedin.com/in/mentor-252/,https://api.dicebear.com/7.x/avataaars/svg?seed=mentor_252,11/3/2025,4.5,2,,,1,1,
142,1,3,JO,https://www.linkedin.com/in/mentor-253/,https://api.dicebear.com/7.x/avataaars/svg?seed=mentor_253,7/19/2025,0.0,0,,,1,1,
143,3,3,SA,https://www.linkedin.com/in/mentor-255/,https://api.dicebear.com/7.x/avataaars/svg?seed=mentor_255,3/12/2025,0.0,0,,,1,1,
144,1,6,SA,https://www.linkedin.com/in/mentor-257/,https://api.dicebear.com/7.x/avataaars/svg?seed=mentor_257,5/13/2026,5.0,1,,,1,1,
145,1,9,EG,https://www.linkedin.com/in/mentor-258/,https://api.dicebear.com/7.x/avataaars/svg?seed=mentor_258,4/19/2026,0.0,0,,,1,1,
146,1,3,AE,https://www.linkedin.com/in/mentor-260/,https://api.dicebear.com/7.x/avataaars/svg?seed=mentor_260,12/13/2026,2.33,3,,,1,1,
147,1,11,EG,https://www.linkedin.com/in/mentor-262/,https://api.dicebear.com/7.x/avataaars/svg?seed=mentor_262,12/14/2025,0.0,0,,,1,1,
148,2,6,JO,https://www.linkedin.com/in/mentor-264/,https://api.dicebear.com/7.x/avataaars/svg?seed=mentor_264,1/22/2025,4.14,7,,,1,1,
149,1,5,AE,https://www.linkedin.com/in/mentor-266/,https://api.dicebear.com/7.x/avataaars/svg?seed=mentor_266,2/21/2025,4.21,14,,,1,1,
150,1,3,AE,https://www.linkedin.com/in/mentor-267/,https://api.dicebear.com/7.x/avataaars/svg?seed=mentor_267,5/11/2025,0.0,0,,,1,1,
151,3,12,EG,https://www.linkedin.com/in/mentor-271/,https://api.dicebear.com/7.x/avataaars/svg?seed=mentor_271,7/14/2025,4.2,10,,,1,1,
152,1,6,EG,https://www.linkedin.com/in/mentor-272/,https://api.dicebear.com/7.x/avataaars/svg?seed=mentor_272,10/28/2026,0.0,0,,,1,1,
153,1,11,EG,https://www.linkedin.com/in/mentor-273/,https://api.dicebear.com/7.x/avataaars/svg?seed=mentor_273,12/19/2025,0.0,0,,,1,1,
154,1,12,EG,https://www.linkedin.com/in/mentor-274/,https://api.dicebear.com/7.x/avataaars/svg?seed=mentor_274,8/21/2025,5.0,1,,,1,1,
155,1,8,EG,https://www.linkedin.com/in/mentor-275/,https://api.dicebear.com/7.x/avataaars/svg?seed=mentor_275,11/29/2026,0.0,0,,,1,1,
156,3,8,MA,https://www.linkedin.com/in/mentor-276/,https://api.dicebear.com/7.x/avataaars/svg?seed=mentor_276,5/29/2026,4.33,9,,,1,1,
157,1,3,SA,https://www.linkedin.com/in/mentor-278/,https://api.dicebear.com/7.x/avataaars/svg?seed=mentor_278,4/20/2025,0.0,0,,,1,1,
158,1,12,EG,https://www.linkedin.com/in/mentor-279/,https://api.dicebear.com/7.x/avataaars/svg?seed=mentor_279,1/13/2025,4.0,2,,,1,1,
159,3,4,EG,https://www.linkedin.com/in/mentor-280/,https://api.dicebear.com/7.x/avataaars/svg?seed=mentor_280,9/7/2025,2.5,4,,,1,1,
160,1,13,SA,https://www.linkedin.com/in/mentor-282/,https://api.dicebear.com/7.x/avataaars/svg?seed=mentor_282,5/29/2026,0.0,0,,,1,1,
161,1,8,SA,https://www.linkedin.com/in/mentor-283/,https://api.dicebear.com/7.x/avataaars/svg?seed=mentor_283,1/13/2026,0.0,0,,,1,1,
162,2,4,SA,https://www.linkedin.com/in/mentor-284/,https://api.dicebear.com/7.x/avataaars/svg?seed=mentor_284,6/15/2026,0.0,0,,,1,1,
163,2,5,MA,https://www.linkedin.com/in/mentor-286/,https://api.dicebear.com/7.x/avataaars/svg?seed=mentor_286,6/27/2026,4.75,4,,,1,1,
164,1,6,SA,https://www.linkedin.com/in/mentor-287/,https://api.dicebear.com/7.x/avataaars/svg?seed=mentor_287,12/15/2026,0.0,0,,,1,1,
165,3,13,MA,https://www.linkedin.com/in/mentor-288/,https://api.dicebear.com/7.x/avataaars/svg?seed=mentor_288,4/23/2025,0.0,0,,,1,1,
166,1,7,JO,https://www.linkedin.com/in/mentor-289/,https://api.dicebear.com/7.x/avataaars/svg?seed=mentor_289,10/14/2025,0.0,0,,,1,1,
167,3,11,EG,https://www.linkedin.com/in/mentor-290/,https://api.dicebear.com/7.x/avataaars/svg?seed=mentor_290,12/1/2025,0.0,0,,,1,1,
168,3,14,MA,https://www.linkedin.com/in/mentor-291/,https://api.dicebear.com/7.x/avataaars/svg?seed=mentor_291,7/27/2026,0.0,0,,,1,1,
169,3,6,EG,https://www.linkedin.com/in/mentor-292/,https://api.dicebear.com/7.x/avataaars/svg?seed=mentor_292,8/5/2026,4.4,10,,,1,1,
170,4,13,JO,https://www.linkedin.com/in/mentor-293/,https://api.dicebear.com/7.x/avataaars/svg?seed=mentor_293,1/31/2025,0.0,0,,,1,1,
171,1,11,EG,https://www.linkedin.com/in/mentor-295/,https://api.dicebear.com/7.x/avataaars/svg?seed=mentor_295,9/21/2025,5.0,1,,,1,1,
172,4,13,JO,https://www.linkedin.com/in/mentor-296/,https://api.dicebear.com/7.x/avataaars/svg?seed=mentor_296,4/24/2026,0.0,0,,,1,1,
173,1,12,JO,https://www.linkedin.com/in/mentor-297/,https://api.dicebear.com/7.x/avataaars/svg?seed=mentor_297,6/16/2025,2.5,2,,,1,1,
174,1,5,JO,https://www.linkedin.com/in/mentor-298/,https://api.dicebear.com/7.x/avataaars/svg?seed=mentor_298,12/3/2026,4.33,3,,,1,1,
175,1,10,AE,https://www.linkedin.com/in/mentor-299/,https://api.dicebear.com/7.x/avataaars/svg?seed=mentor_299,5/26/2025,4.25,4,,,1,1,
176,1,14,EG,https://www.linkedin.com/in/mentor-300/,https://api.dicebear.com/7.x/avataaars/svg?seed=mentor_300,6/20/2026,0.0,0,,,1,1,
177,1,3,EG,https://www.linkedin.com/in/mentor-301/,https://api.dicebear.com/7.x/avataaars/svg?seed=mentor_301,3/5/2026,0.0,0,,,1,1,
178,4,13,SA,https://www.linkedin.com/in/mentor-304/,https://api.dicebear.com/7.x/avataaars/svg?seed=mentor_304,8/7/2025,4.29,7,,,1,1,
179,1,11,EG,https://www.linkedin.com/in/mentor-305/,https://api.dicebear.com/7.x/avataaars/svg?seed=mentor_305,6/17/2025,0.0,0,,,1,1,
180,2,11,AE,https://www.linkedin.com/in/mentor-306/,https://api.dicebear.com/7.x/avataaars/svg?seed=mentor_306,4/19/2025,4.0,1,,,1,1,
181,3,12,EG,https://www.linkedin.com/in/mentor-307/,https://api.dicebear.com/7.x/avataaars/svg?seed=mentor_307,9/22/2025,0.0,0,,,1,1,
182,1,4,MA,https://www.linkedin.com/in/mentor-308/,https://api.dicebear.com/7.x/avataaars/svg?seed=mentor_308,5/23/2025,3.0,7,,,1,1,
183,1,6,SA,https://www.linkedin.com/in/mentor-309/,https://api.dicebear.com/7.x/avataaars/svg?seed=mentor_309,12/7/2026,0.0,0,,,1,1,
184,1,10,JO,https://www.linkedin.com/in/mentor-310/,https://api.dicebear.com/7.x/avataaars/svg?seed=mentor_310,6/4/2026,0.0,0,,,1,1,
185,3,9,EG,https://www.linkedin.com/in/mentor-311/,https://api.dicebear.com/7.x/avataaars/svg?seed=mentor_311,5/5/2025,0.0,0,,,1,1,
186,1,3,JO,https://www.linkedin.com/in/mentor-312/,https://api.dicebear.com/7.x/avataaars/svg?seed=mentor_312,7/4/2026,4.57,14,,,1,1,
187,2,7,MA,https://www.linkedin.com/in/mentor-313/,https://api.dicebear.com/7.x/avataaars/svg?seed=mentor_313,8/24/2026,0.0,0,,,1,1,
188,1,9,SA,https://www.linkedin.com/in/mentor-314/,https://api.dicebear.com/7.x/avataaars/svg?seed=mentor_314,3/29/2025,0.0,0,,,1,1,
189,2,6,SA,https://www.linkedin.com/in/mentor-316/,https://api.dicebear.com/7.x/avataaars/svg?seed=mentor_316,7/10/2026,0.0,0,,,1,1,
190,4,3,AE,https://www.linkedin.com/in/mentor-317/,https://api.dicebear.com/7.x/avataaars/svg?seed=mentor_317,9/6/2026,3.0,2,,,1,1,
191,2,11,EG,https://www.linkedin.com/in/mentor-319/,https://api.dicebear.com/7.x/avataaars/svg?seed=mentor_319,5/13/2026,3.0,1,,,1,1,
192,1,7,SA,https://www.linkedin.com/in/mentor-322/,https://api.dicebear.com/7.x/avataaars/svg?seed=mentor_322,5/18/2025,0.0,0,,,1,1,
193,1,13,EG,https://www.linkedin.com/in/mentor-323/,https://api.dicebear.com/7.x/avataaars/svg?seed=mentor_323,10/3/2025,4.0,1,,,1,1,
194,1,4,EG,https://www.linkedin.com/in/mentor-324/,https://api.dicebear.com/7.x/avataaars/svg?seed=mentor_324,1/10/2026,3.0,1,,,1,1,
195,4,10,EG,https://www.linkedin.com/in/mentor-325/,https://api.dicebear.com/7.x/avataaars/svg?seed=mentor_325,7/29/2025,0.0,0,,,1,1,
196,1,13,EG,https://www.linkedin.com/in/mentor-327/,https://api.dicebear.com/7.x/avataaars/svg?seed=mentor_327,9/2/2025,3.0,3,,,1,1,
197,3,4,EG,https://www.linkedin.com/in/mentor-328/,https://api.dicebear.com/7.x/avataaars/svg?seed=mentor_328,6/24/2026,0.0,0,,,1,1,
198,4,5,EG,https://www.linkedin.com/in/mentor-330/,https://api.dicebear.com/7.x/avataaars/svg?seed=mentor_330,9/11/2025,5.0,1,,,1,1,
199,1,12,MA,https://www.linkedin.com/in/mentor-332/,https://api.dicebear.com/7.x/avataaars/svg?seed=mentor_332,4/6/2026,0.0,0,,,1,1,
200,1,3,SA,https://www.linkedin.com/in/mentor-333/,https://api.dicebear.com/7.x/avataaars/svg?seed=mentor_333,5/4/2026,4.33,6,,,1,1,
201,2,13,MA,https://www.linkedin.com/in/mentor-335/,https://api.dicebear.com/7.x/avataaars/svg?seed=mentor_335,11/19/2025,0.0,0,,,1,1,
202,2,4,SA,https://www.linkedin.com/in/mentor-340/,https://api.dicebear.com/7.x/avataaars/svg?seed=mentor_340,1/27/2026,0.0,0,,,1,1,
203,1,9,EG,https://www.linkedin.com/in/mentor-341/,https://api.dicebear.com/7.x/avataaars/svg?seed=mentor_341,3/6/2025,0.0,0,,,1,1,
204,1,12,SA,https://www.linkedin.com/in/mentor-342/,https://api.dicebear.com/7.x/avataaars/svg?seed=mentor_342,8/2/2026,3.0,1,,,1,1,
205,2,4,SA,https://www.linkedin.com/in/mentor-343/,https://api.dicebear.com/7.x/avataaars/svg?seed=mentor_343,6/30/2025,0.0,0,,,1,1,
206,2,8,EG,https://www.linkedin.com/in/mentor-344/,https://api.dicebear.com/7.x/avataaars/svg?seed=mentor_344,12/22/2025,0.0,0,,,1,1,
207,4,5,SA,https://www.linkedin.com/in/mentor-345/,https://api.dicebear.com/7.x/avataaars/svg?seed=mentor_345,4/22/2026,4.2,5,,,1,1,
208,4,6,EG,https://www.linkedin.com/in/mentor-347/,https://api.dicebear.com/7.x/avataaars/svg?seed=mentor_347,3/2/2026,0.0,0,,,1,1,
209,3,13,SA,https://www.linkedin.com/in/mentor-349/,https://api.dicebear.com/7.x/avataaars/svg?seed=mentor_349,1/17/2026,0.0,0,,,1,1,
210,1,10,AE,https://www.linkedin.com/in/mentor-351/,https://api.dicebear.com/7.x/avataaars/svg?seed=mentor_351,8/27/2026,5.0,1,,,1,1,
211,1,5,EG,https://www.linkedin.com/in/mentor-352/,https://api.dicebear.com/7.x/avataaars/svg?seed=mentor_352,2/5/2025,5.0,1,,,1,1,
212,3,12,EG,https://www.linkedin.com/in/mentor-353/,https://api.dicebear.com/7.x/avataaars/svg?seed=mentor_353,4/18/2026,1.0,1,,,1,1,
213,1,8,AE,https://www.linkedin.com/in/mentor-354/,https://api.dicebear.com/7.x/avataaars/svg?seed=mentor_354,5/28/2025,4.4,5,,,1,1,
214,1,3,SA,https://www.linkedin.com/in/mentor-355/,https://api.dicebear.com/7.x/avataaars/svg?seed=mentor_355,4/12/2025,0.0,0,,,1,1,
215,1,9,EG,https://www.linkedin.com/in/mentor-356/,https://api.dicebear.com/7.x/avataaars/svg?seed=mentor_356,11/17/2025,5.0,1,,,1,1,
216,3,10,MA,https://www.linkedin.com/in/mentor-359/,https://api.dicebear.com/7.x/avataaars/svg?seed=mentor_359,10/6/2026,5.0,1,,,1,1,
217,1,13,EG,https://www.linkedin.com/in/mentor-361/,https://api.dicebear.com/7.x/avataaars/svg?seed=mentor_361,11/22/2026,0.0,0,,,1,1,
218,1,10,AE,https://www.linkedin.com/in/mentor-362/,https://api.dicebear.com/7.x/avataaars/svg?seed=mentor_362,10/11/2026,0.0,0,,,1,1,
219,2,5,MA,https://www.linkedin.com/in/mentor-364/,https://api.dicebear.com/7.x/avataaars/svg?seed=mentor_364,2/23/2025,0.0,0,,,1,1,
220,2,12,EG,https://www.linkedin.com/in/mentor-366/,https://api.dicebear.com/7.x/avataaars/svg?seed=mentor_366,9/13/2026,0.0,0,,,1,1,
221,4,3,EG,https://www.linkedin.com/in/mentor-367/,https://api.dicebear.com/7.x/avataaars/svg?seed=mentor_367,3/10/2026,0.0,0,,,1,1,
222,1,11,EG,https://www.linkedin.com/in/mentor-368/,https://api.dicebear.com/7.x/avataaars/svg?seed=mentor_368,4/12/2025,0.0,0,,,1,1,
223,1,8,EG,https://www.linkedin.com/in/mentor-369/,https://api.dicebear.com/7.x/avataaars/svg?seed=mentor_369,1/12/2026,1.0,1,,,1,1,
224,1,13,EG,https://www.linkedin.com/in/mentor-371/,https://api.dicebear.com/7.x/avataaars/svg?seed=mentor_371,12/7/2026,0.0,0,,,1,1,
225,1,11,AE,https://www.linkedin.com/in/mentor-372/,https://api.dicebear.com/7.x/avataaars/svg?seed=mentor_372,3/2/2026,0.0,0,,,1,1,
226,1,9,EG,https://www.linkedin.com/in/mentor-375/,https://api.dicebear.com/7.x/avataaars/svg?seed=mentor_375,8/9/2025,0.0,0,,,1,1,
227,1,3,SA,https://www.linkedin.com/in/mentor-377/,https://api.dicebear.com/7.x/avataaars/svg?seed=mentor_377,6/12/2025,4.23,13,,,1,1,
228,3,14,MA,https://www.linkedin.com/in/mentor-378/,https://api.dicebear.com/7.x/avataaars/svg?seed=mentor_378,11/18/2026,0.0,0,,,1,1,
229,1,14,JO,https://www.linkedin.com/in/mentor-381/,https://api.dicebear.com/7.x/avataaars/svg?seed=mentor_381,4/12/2025,5.0,3,,,1,1,
230,3,3,SA,https://www.linkedin.com/in/mentor-382/,https://api.dicebear.com/7.x/avataaars/svg?seed=mentor_382,12/3/2026,3.67,3,,,1,1,
231,2,8,EG,https://www.linkedin.com/in/mentor-383/,https://api.dicebear.com/7.x/avataaars/svg?seed=mentor_383,4/7/2025,3.33,3,,,1,1,
232,3,7,SA,https://www.linkedin.com/in/mentor-384/,https://api.dicebear.com/7.x/avataaars/svg?seed=mentor_384,6/21/2025,4.12,8,,,1,1,
233,2,11,SA,https://www.linkedin.com/in/mentor-386/,https://api.dicebear.com/7.x/avataaars/svg?seed=mentor_386,9/28/2026,4.0,1,,,1,1,
234,1,4,SA,https://www.linkedin.com/in/mentor-388/,https://api.dicebear.com/7.x/avataaars/svg?seed=mentor_388,5/4/2025,4.2,5,,,1,1,
235,2,10,EG,https://www.linkedin.com/in/mentor-391/,https://api.dicebear.com/7.x/avataaars/svg?seed=mentor_391,9/3/2026,4.0,2,,,1,1,
236,1,13,JO,https://www.linkedin.com/in/mentor-394/,https://api.dicebear.com/7.x/avataaars/svg?seed=mentor_394,10/9/2025,3.0,3,,,1,1,
237,3,7,SA,https://www.linkedin.com/in/mentor-395/,https://api.dicebear.com/7.x/avataaars/svg?seed=mentor_395,10/11/2026,0.0,0,,,1,1,
238,2,4,EG,https://www.linkedin.com/in/mentor-399/,https://api.dicebear.com/7.x/avataaars/svg?seed=mentor_399,2/7/2026,0.0,0,,,1,1,
239,1,12,EG,https://www.linkedin.com/in/mentor-403/,https://api.dicebear.com/7.x/avataaars/svg?seed=mentor_403,11/29/2025,4.75,4,,,1,1,
240,4,13,SA,https://www.linkedin.com/in/mentor-406/,https://api.dicebear.com/7.x/avataaars/svg?seed=mentor_406,7/15/2025,4.0,2,,,1,1,
241,1,13,JO,https://www.linkedin.com/in/mentor-407/,https://api.dicebear.com/7.x/avataaars/svg?seed=mentor_407,5/7/2026,0.0,0,,,1,1,
242,1,14,AE,https://www.linkedin.com/in/mentor-408/,https://api.dicebear.com/7.x/avataaars/svg?seed=mentor_408,12/21/2026,0.0,0,,,1,1,
243,3,8,AE,https://www.linkedin.com/in/mentor-409/,https://api.dicebear.com/7.x/avataaars/svg?seed=mentor_409,6/4/2025,3.25,4,,,1,1,
244,1,12,EG,https://www.linkedin.com/in/mentor-410/,https://api.dicebear.com/7.x/avataaars/svg?seed=mentor_410,3/20/2025,0.0,0,,,1,1,
245,1,10,SA,https://www.linkedin.com/in/mentor-411/,https://api.dicebear.com/7.x/avataaars/svg?seed=mentor_411,12/12/2025,0.0,0,,,1,1,
246,3,6,SA,https://www.linkedin.com/in/mentor-412/,https://api.dicebear.com/7.x/avataaars/svg?seed=mentor_412,7/20/2026,4.0,4,,,1,1,
247,1,4,EG,https://www.linkedin.com/in/mentor-414/,https://api.dicebear.com/7.x/avataaars/svg?seed=mentor_414,11/30/2026,0.0,0,,,1,1,
248,3,14,EG,https://www.linkedin.com/in/mentor-415/,https://api.dicebear.com/7.x/avataaars/svg?seed=mentor_415,7/5/2025,5.0,1,,,1,1,
249,1,13,AE,https://www.linkedin.com/in/mentor-416/,https://api.dicebear.com/7.x/avataaars/svg?seed=mentor_416,12/14/2025,0.0,0,,,1,1,
250,1,7,EG,https://www.linkedin.com/in/mentor-417/,https://api.dicebear.com/7.x/avataaars/svg?seed=mentor_417,1/22/2026,5.0,1,,,1,1,
251,1,14,SA,https://www.linkedin.com/in/mentor-420/,https://api.dicebear.com/7.x/avataaars/svg?seed=mentor_420,10/21/2026,0.0,0,,,1,1,
252,1,4,EG,https://www.linkedin.com/in/mentor-421/,https://api.dicebear.com/7.x/avataaars/svg?seed=mentor_421,12/6/2026,0.0,0,,,1,1,
253,2,4,EG,https://www.linkedin.com/in/mentor-422/,https://api.dicebear.com/7.x/avataaars/svg?seed=mentor_422,1/29/2026,0.0,0,,,1,1,
254,1,8,EG,https://www.linkedin.com/in/mentor-423/,https://api.dicebear.com/7.x/avataaars/svg?seed=mentor_423,4/8/2026,0.0,0,,,1,1,
255,3,13,MA,https://www.linkedin.com/in/mentor-424/,https://api.dicebear.com/7.x/avataaars/svg?seed=mentor_424,1/19/2026,4.12,8,,,1,1,
256,3,12,JO,https://www.linkedin.com/in/mentor-426/,https://api.dicebear.com/7.x/avataaars/svg?seed=mentor_426,5/14/2026,3.0,1,,,1,1,
257,2,11,MA,https://www.linkedin.com/in/mentor-427/,https://api.dicebear.com/7.x/avataaars/svg?seed=mentor_427,6/9/2025,0.0,0,,,1,1,
258,1,6,SA,https://www.linkedin.com/in/mentor-428/,https://api.dicebear.com/7.x/avataaars/svg?seed=mentor_428,2/18/2026,4.2,5,,,1,1,
259,1,8,EG,https://www.linkedin.com/in/mentor-429/,https://api.dicebear.com/7.x/avataaars/svg?seed=mentor_429,4/15/2026,0.0,0,,,1,1,
260,2,9,SA,https://www.linkedin.com/in/mentor-430/,https://api.dicebear.com/7.x/avataaars/svg?seed=mentor_430,6/30/2026,4.8,5,,,1,1,
261,2,13,SA,https://www.linkedin.com/in/mentor-431/,https://api.dicebear.com/7.x/avataaars/svg?seed=mentor_431,9/4/2025,0.0,0,,,1,1,
262,2,8,JO,https://www.linkedin.com/in/mentor-432/,https://api.dicebear.com/7.x/avataaars/svg?seed=mentor_432,4/21/2026,0.0,0,,,1,1,
263,2,10,EG,https://www.linkedin.com/in/mentor-433/,https://api.dicebear.com/7.x/avataaars/svg?seed=mentor_433,12/3/2025,0.0,0,,,1,1,
264,2,6,SA,https://www.linkedin.com/in/mentor-434/,https://api.dicebear.com/7.x/avataaars/svg?seed=mentor_434,9/21/2026,0.0,0,,,1,1,
265,1,14,EG,https://www.linkedin.com/in/mentor-436/,https://api.dicebear.com/7.x/avataaars/svg?seed=mentor_436,8/27/2026,5.0,1,,,1,1,
266,2,3,EG,https://www.linkedin.com/in/mentor-437/,https://api.dicebear.com/7.x/avataaars/svg?seed=mentor_437,3/5/2026,0.0,0,,,1,1,
267,1,9,AE,https://www.linkedin.com/in/mentor-439/,https://api.dicebear.com/7.x/avataaars/svg?seed=mentor_439,2/5/2026,0.0,0,,,1,1,
268,1,5,SA,https://www.linkedin.com/in/mentor-440/,https://api.dicebear.com/7.x/avataaars/svg?seed=mentor_440,12/1/2025,0.0,0,,,1,1,
269,3,8,EG,https://www.linkedin.com/in/mentor-441/,https://api.dicebear.com/7.x/avataaars/svg?seed=mentor_441,11/3/2025,0.0,0,,,1,1,
270,2,4,EG,https://www.linkedin.com/in/mentor-442/,https://api.dicebear.com/7.x/avataaars/svg?seed=mentor_442,11/9/2026,4.0,2,,,1,1,
271,4,11,SA,https://www.linkedin.com/in/mentor-443/,https://api.dicebear.com/7.x/avataaars/svg?seed=mentor_443,10/26/2026,0.0,0,,,1,1,
272,4,3,AE,https://www.linkedin.com/in/mentor-444/,https://api.dicebear.com/7.x/avataaars/svg?seed=mentor_444,3/11/2026,0.0,0,,,1,1,
273,3,8,JO,https://www.linkedin.com/in/mentor-446/,https://api.dicebear.com/7.x/avataaars/svg?seed=mentor_446,3/10/2025,3.64,11,,,1,1,
274,1,8,MA,https://www.linkedin.com/in/mentor-448/,https://api.dicebear.com/7.x/avataaars/svg?seed=mentor_448,10/11/2025,3.0,1,,,1,1,
275,1,7,AE,https://www.linkedin.com/in/mentor-451/,https://api.dicebear.com/7.x/avataaars/svg?seed=mentor_451,5/2/2025,4.25,4,,,1,1,
276,3,7,EG,https://www.linkedin.com/in/mentor-452/,https://api.dicebear.com/7.x/avataaars/svg?seed=mentor_452,5/24/2025,0.0,0,,,1,1,
277,1,3,AE,https://www.linkedin.com/in/mentor-454/,https://api.dicebear.com/7.x/avataaars/svg?seed=mentor_454,3/7/2026,4.0,3,,,1,1,
278,4,12,SA,https://www.linkedin.com/in/mentor-455/,https://api.dicebear.com/7.x/avataaars/svg?seed=mentor_455,9/20/2025,0.0,0,,,1,1,
279,1,14,EG,https://www.linkedin.com/in/mentor-458/,https://api.dicebear.com/7.x/avataaars/svg?seed=mentor_458,2/28/2025,0.0,0,,,1,1,
280,2,7,JO,https://www.linkedin.com/in/mentor-459/,https://api.dicebear.com/7.x/avataaars/svg?seed=mentor_459,9/28/2025,0.0,0,,,1,1,
281,1,4,EG,https://www.linkedin.com/in/mentor-462/,https://api.dicebear.com/7.x/avataaars/svg?seed=mentor_462,3/2/2025,5.0,9,,,1,1,
282,4,9,MA,https://www.linkedin.com/in/mentor-463/,https://api.dicebear.com/7.x/avataaars/svg?seed=mentor_463,2/1/2025,0.0,0,,,1,1,
283,1,5,SA,https://www.linkedin.com/in/mentor-464/,https://api.dicebear.com/7.x/avataaars/svg?seed=mentor_464,2/25/2026,0.0,0,,,1,1,
284,1,6,SA,https://www.linkedin.com/in/mentor-465/,https://api.dicebear.com/7.x/avataaars/svg?seed=mentor_465,9/7/2026,0.0,0,,,1,1,
285,1,5,AE,https://www.linkedin.com/in/mentor-466/,https://api.dicebear.com/7.x/avataaars/svg?seed=mentor_466,5/29/2025,0.0,0,,,1,1,
286,2,5,JO,https://www.linkedin.com/in/mentor-469/,https://api.dicebear.com/7.x/avataaars/svg?seed=mentor_469,4/27/2026,0.0,0,,,1,1,
287,2,6,SA,https://www.linkedin.com/in/mentor-472/,https://api.dicebear.com/7.x/avataaars/svg?seed=mentor_472,7/5/2026,0.0,0,,,1,1,
288,1,7,SA,https://www.linkedin.com/in/mentor-473/,https://api.dicebear.com/7.x/avataaars/svg?seed=mentor_473,1/7/2025,5.0,1,,,1,1,
289,2,3,EG,https://www.linkedin.com/in/mentor-477/,https://api.dicebear.com/7.x/avataaars/svg?seed=mentor_477,12/25/2026,4.0,1,,,1,1,
290,1,6,SA,https://www.linkedin.com/in/mentor-478/,https://api.dicebear.com/7.x/avataaars/svg?seed=mentor_478,12/29/2025,0.0,0,,,1,1,
291,2,14,EG,https://www.linkedin.com/in/mentor-479/,https://api.dicebear.com/7.x/avataaars/svg?seed=mentor_479,12/23/2026,0.0,0,,,1,1,
292,2,14,AE,https://www.linkedin.com/in/mentor-480/,https://api.dicebear.com/7.x/avataaars/svg?seed=mentor_480,1/24/2026,0.0,0,,,1,1,
293,2,13,SA,https://www.linkedin.com/in/mentor-481/,https://api.dicebear.com/7.x/avataaars/svg?seed=mentor_481,1/30/2026,3.33,3,,,1,1,
294,2,10,AE,https://www.linkedin.com/in/mentor-482/,https://api.dicebear.com/7.x/avataaars/svg?seed=mentor_482,10/27/2025,0.0,0,,,1,1,
295,3,12,EG,https://www.linkedin.com/in/mentor-483/,https://api.dicebear.com/7.x/avataaars/svg?seed=mentor_483,10/3/2026,4.83,6,,,1,1,
296,2,9,EG,https://www.linkedin.com/in/mentor-484/,https://api.dicebear.com/7.x/avataaars/svg?seed=mentor_484,11/17/2025,0.0,0,,,1,1,
297,3,11,AE,https://www.linkedin.com/in/mentor-486/,https://api.dicebear.com/7.x/avataaars/svg?seed=mentor_486,6/11/2026,5.0,2,,,1,1,
298,1,7,EG,https://www.linkedin.com/in/mentor-487/,https://api.dicebear.com/7.x/avataaars/svg?seed=mentor_487,12/30/2025,0.0,0,,,1,1,
299,2,12,EG,https://www.linkedin.com/in/mentor-490/,https://api.dicebear.com/7.x/avataaars/svg?seed=mentor_490,7/20/2026,3.0,1,,,1,1,
300,1,6,EG,https://www.linkedin.com/in/mentor-491/,https://api.dicebear.com/7.x/avataaars/svg?seed=mentor_491,5/16/2025,0.0,0,,,1,1,
301,1,10,MA,https://www.linkedin.com/in/mentor-494/,https://api.dicebear.com/7.x/avataaars/svg?seed=mentor_494,3/15/2026,3.5,2,,,1,1,
302,2,11,AE,https://www.linkedin.com/in/mentor-495/,https://api.dicebear.com/7.x/avataaars/svg?seed=mentor_495,10/13/2026,4.0,4,,,1,1,
303,2,9,EG,https://www.linkedin.com/in/mentor-496/,https://api.dicebear.com/7.x/avataaars/svg?seed=mentor_496,8/9/2025,0.0,0,,,1,1,
304,1,9,EG,https://www.linkedin.com/in/mentor-498/,https://api.dicebear.com/7.x/avataaars/svg?seed=mentor_498,8/20/2026,0.0,0,,,1,1,
305,1,7,EG,https://www.linkedin.com/in/mentor-499/,https://api.dicebear.com/7.x/avataaars/svg?seed=mentor_499,3/29/2025,4.33,3,,,1,1,
306,3,6,AE,https://www.linkedin.com/in/mentor-501/,https://api.dicebear.com/7.x/avataaars/svg?seed=mentor_501,9/16/2026,0.0,0,,,1,1,
307,3,12,AE,https://www.linkedin.com/in/mentor-506/,https://api.dicebear.com/7.x/avataaars/svg?seed=mentor_506,10/9/2026,5.0,2,,,1,1,
308,1,3,EG,https://www.linkedin.com/in/mentor-507/,https://api.dicebear.com/7.x/avataaars/svg?seed=mentor_507,7/18/2026,0.0,0,,,1,1,
309,1,12,EG,https://www.linkedin.com/in/mentor-508/,https://api.dicebear.com/7.x/avataaars/svg?seed=mentor_508,5/30/2025,4.67,3,,,1,1,
310,3,12,EG,https://www.linkedin.com/in/mentor-509/,https://api.dicebear.com/7.x/avataaars/svg?seed=mentor_509,5/31/2026,3.67,3,,,1,1,
311,2,9,AE,https://www.linkedin.com/in/mentor-510/,https://api.dicebear.com/7.x/avataaars/svg?seed=mentor_510,5/16/2025,4.5,4,,,1,1,
312,1,3,AE,https://www.linkedin.com/in/mentor-512/,https://api.dicebear.com/7.x/avataaars/svg?seed=mentor_512,5/15/2025,0.0,0,,,1,1,
313,3,3,EG,https://www.linkedin.com/in/mentor-514/,https://api.dicebear.com/7.x/avataaars/svg?seed=mentor_514,3/11/2026,4.5,6,,,1,1,
314,1,7,EG,https://www.linkedin.com/in/mentor-515/,https://api.dicebear.com/7.x/avataaars/svg?seed=mentor_515,7/22/2025,0.0,0,,,1,1,
315,1,11,EG,https://www.linkedin.com/in/mentor-517/,https://api.dicebear.com/7.x/avataaars/svg?seed=mentor_517,12/9/2025,0.0,0,,,1,1,
316,2,8,MA,https://www.linkedin.com/in/mentor-519/,https://api.dicebear.com/7.x/avataaars/svg?seed=mentor_519,4/23/2025,0.0,0,,,1,1,
317,3,5,EG,https://www.linkedin.com/in/mentor-520/,https://api.dicebear.com/7.x/avataaars/svg?seed=mentor_520,7/22/2025,0.0,0,,,1,1,
318,1,5,AE,https://www.linkedin.com/in/mentor-521/,https://api.dicebear.com/7.x/avataaars/svg?seed=mentor_521,3/7/2025,0.0,0,,,1,1,
319,1,9,SA,https://www.linkedin.com/in/mentor-522/,https://api.dicebear.com/7.x/avataaars/svg?seed=mentor_522,10/20/2026,4.18,11,,,1,1,
320,2,8,EG,https://www.linkedin.com/in/mentor-523/,https://api.dicebear.com/7.x/avataaars/svg?seed=mentor_523,2/17/2025,0.0,0,,,1,1,
321,4,11,EG,https://www.linkedin.com/in/mentor-527/,https://api.dicebear.com/7.x/avataaars/svg?seed=mentor_527,12/8/2026,0.0,0,,,1,1,
322,3,8,EG,https://www.linkedin.com/in/mentor-528/,https://api.dicebear.com/7.x/avataaars/svg?seed=mentor_528,1/6/2026,0.0,0,,,1,1,
323,1,7,SA,https://www.linkedin.com/in/mentor-529/,https://api.dicebear.com/7.x/avataaars/svg?seed=mentor_529,9/5/2026,3.0,1,,,1,1,
324,3,12,AE,https://www.linkedin.com/in/mentor-530/,https://api.dicebear.com/7.x/avataaars/svg?seed=mentor_530,6/27/2026,4.0,1,,,1,1,
325,4,9,SA,https://www.linkedin.com/in/mentor-531/,https://api.dicebear.com/7.x/avataaars/svg?seed=mentor_531,3/28/2026,0.0,0,,,1,1,
326,1,3,SA,https://www.linkedin.com/in/mentor-533/,https://api.dicebear.com/7.x/avataaars/svg?seed=mentor_533,7/11/2026,4.14,7,,,1,1,
327,4,14,EG,https://www.linkedin.com/in/mentor-535/,https://api.dicebear.com/7.x/avataaars/svg?seed=mentor_535,4/11/2025,3.62,8,,,1,1,
328,3,9,MA,https://www.linkedin.com/in/mentor-536/,https://api.dicebear.com/7.x/avataaars/svg?seed=mentor_536,3/29/2026,0.0,0,,,1,1,
329,3,5,AE,https://www.linkedin.com/in/mentor-539/,https://api.dicebear.com/7.x/avataaars/svg?seed=mentor_539,5/14/2025,4.0,3,,,1,1,
330,1,11,EG,https://www.linkedin.com/in/mentor-544/,https://api.dicebear.com/7.x/avataaars/svg?seed=mentor_544,4/24/2026,3.0,1,,,1,1,
331,1,8,MA,https://www.linkedin.com/in/mentor-545/,https://api.dicebear.com/7.x/avataaars/svg?seed=mentor_545,11/17/2025,3.67,6,,,1,1,
332,3,11,SA,https://www.linkedin.com/in/mentor-549/,https://api.dicebear.com/7.x/avataaars/svg?seed=mentor_549,4/26/2026,4.0,1,,,1,1,
333,2,7,SA,https://www.linkedin.com/in/mentor-550/,https://api.dicebear.com/7.x/avataaars/svg?seed=mentor_550,7/16/2025,0.0,0,,,1,1,
334,4,9,AE,https://www.linkedin.com/in/mentor-552/,https://api.dicebear.com/7.x/avataaars/svg?seed=mentor_552,10/26/2026,5.0,1,,,1,1,
335,4,6,JO,https://www.linkedin.com/in/mentor-553/,https://api.dicebear.com/7.x/avataaars/svg?seed=mentor_553,11/26/2026,0.0,0,,,1,1,
336,3,9,AE,https://www.linkedin.com/in/mentor-554/,https://api.dicebear.com/7.x/avataaars/svg?seed=mentor_554,5/3/2026,4.59,17,,,1,1,
337,3,3,EG,https://www.linkedin.com/in/mentor-555/,https://api.dicebear.com/7.x/avataaars/svg?seed=mentor_555,3/30/2026,3.5,2,,,1,1,
338,1,9,EG,https://www.linkedin.com/in/mentor-556/,https://api.dicebear.com/7.x/avataaars/svg?seed=mentor_556,12/27/2026,0.0,0,,,1,1,
339,1,10,MA,https://www.linkedin.com/in/mentor-557/,https://api.dicebear.com/7.x/avataaars/svg?seed=mentor_557,9/30/2026,0.0,0,,,1,1,
340,4,7,EG,https://www.linkedin.com/in/mentor-558/,https://api.dicebear.com/7.x/avataaars/svg?seed=mentor_558,9/4/2026,4.0,1,,,1,1,
341,1,4,EG,https://www.linkedin.com/in/mentor-561/,https://api.dicebear.com/7.x/avataaars/svg?seed=mentor_561,2/18/2026,5.0,1,,,1,1,
342,1,7,SA,https://www.linkedin.com/in/mentor-562/,https://api.dicebear.com/7.x/avataaars/svg?seed=mentor_562,8/2/2026,0.0,0,,,1,1,
343,2,8,SA,https://www.linkedin.com/in/mentor-565/,https://api.dicebear.com/7.x/avataaars/svg?seed=mentor_565,12/19/2026,0.0,0,,,1,1,
344,3,14,SA,https://www.linkedin.com/in/mentor-566/,https://api.dicebear.com/7.x/avataaars/svg?seed=mentor_566,6/24/2025,0.0,0,,,1,1,
345,4,4,MA,https://www.linkedin.com/in/mentor-567/,https://api.dicebear.com/7.x/avataaars/svg?seed=mentor_567,10/28/2026,4.75,4,,,1,1,
346,1,8,EG,https://www.linkedin.com/in/mentor-568/,https://api.dicebear.com/7.x/avataaars/svg?seed=mentor_568,11/9/2026,3.5,2,,,1,1,
347,1,8,EG,https://www.linkedin.com/in/mentor-571/,https://api.dicebear.com/7.x/avataaars/svg?seed=mentor_571,8/30/2026,0.0,0,,,1,1,
348,2,3,EG,https://www.linkedin.com/in/mentor-572/,https://api.dicebear.com/7.x/avataaars/svg?seed=mentor_572,3/30/2025,0.0,0,,,1,1,
349,1,3,JO,https://www.linkedin.com/in/mentor-573/,https://api.dicebear.com/7.x/avataaars/svg?seed=mentor_573,10/8/2026,3.5,8,,,1,1,
350,1,13,SA,https://www.linkedin.com/in/mentor-576/,https://api.dicebear.com/7.x/avataaars/svg?seed=mentor_576,6/11/2025,0.0,0,,,1,1,
351,2,12,EG,https://www.linkedin.com/in/mentor-577/,https://api.dicebear.com/7.x/avataaars/svg?seed=mentor_577,2/3/2025,3.85,13,,,1,1,
352,1,5,JO,https://www.linkedin.com/in/mentor-579/,https://api.dicebear.com/7.x/avataaars/svg?seed=mentor_579,6/5/2025,3.33,6,,,1,1,
353,1,12,JO,https://www.linkedin.com/in/mentor-580/,https://api.dicebear.com/7.x/avataaars/svg?seed=mentor_580,2/28/2026,2.0,2,,,1,1,
354,1,12,JO,https://www.linkedin.com/in/mentor-582/,https://api.dicebear.com/7.x/avataaars/svg?seed=mentor_582,10/12/2026,0.0,0,,,1,1,
355,2,14,MA,https://www.linkedin.com/in/mentor-583/,https://api.dicebear.com/7.x/avataaars/svg?seed=mentor_583,9/22/2026,0.0,0,,,1,1,
356,3,5,EG,https://www.linkedin.com/in/mentor-584/,https://api.dicebear.com/7.x/avataaars/svg?seed=mentor_584,9/4/2026,0.0,0,,,1,1,
357,2,6,AE,https://www.linkedin.com/in/mentor-585/,https://api.dicebear.com/7.x/avataaars/svg?seed=mentor_585,1/13/2026,4.29,17,,,1,1,
358,3,4,SA,https://www.linkedin.com/in/mentor-586/,https://api.dicebear.com/7.x/avataaars/svg?seed=mentor_586,8/25/2025,0.0,0,,,1,1,
359,1,11,JO,https://www.linkedin.com/in/mentor-589/,https://api.dicebear.com/7.x/avataaars/svg?seed=mentor_589,6/12/2025,3.67,3,,,1,1,
360,1,12,AE,https://www.linkedin.com/in/mentor-590/,https://api.dicebear.com/7.x/avataaars/svg?seed=mentor_590,5/25/2026,0.0,0,,,1,1,
361,3,14,AE,https://www.linkedin.com/in/mentor-591/,https://api.dicebear.com/7.x/avataaars/svg?seed=mentor_591,1/8/2025,3.88,8,,,1,1,
362,1,13,AE,https://www.linkedin.com/in/mentor-592/,https://api.dicebear.com/7.x/avataaars/svg?seed=mentor_592,5/26/2025,3.17,6,,,1,1,
363,3,9,EG,https://www.linkedin.com/in/mentor-593/,https://api.dicebear.com/7.x/avataaars/svg?seed=mentor_593,6/21/2025,5.0,1,,,1,1,
364,3,9,SA,https://www.linkedin.com/in/mentor-594/,https://api.dicebear.com/7.x/avataaars/svg?seed=mentor_594,2/16/2025,4.0,2,,,1,1,
365,1,8,MA,https://www.linkedin.com/in/mentor-597/,https://api.dicebear.com/7.x/avataaars/svg?seed=mentor_597,5/25/2026,4.67,6,,,1,1,
366,2,5,MA,https://www.linkedin.com/in/mentor-598/,https://api.dicebear.com/7.x/avataaars/svg?seed=mentor_598,2/27/2026,0.0,0,,,1,1,
367,3,8,EG,https://www.linkedin.com/in/mentor-599/,https://api.dicebear.com/7.x/avataaars/svg?seed=mentor_599,3/13/2025,5.0,2,,,1,1,
368,3,14,EG,https://www.linkedin.com/in/mentor-600/,https://api.dicebear.com/7.x/avataaars/svg?seed=mentor_600,2/25/2025,0.0,0,,,1,1,
369,2,10,EG,https://www.linkedin.com/in/mentor-602/,https://api.dicebear.com/7.x/avataaars/svg?seed=mentor_602,3/24/2026,0.0,0,,,1,1,
370,1,10,AE,https://www.linkedin.com/in/mentor-603/,https://api.dicebear.com/7.x/avataaars/svg?seed=mentor_603,6/11/2025,5.0,1,,,1,1,
371,2,13,JO,https://www.linkedin.com/in/mentor-605/,https://api.dicebear.com/7.x/avataaars/svg?seed=mentor_605,11/14/2025,0.0,0,,,1,1,
372,1,11,EG,https://www.linkedin.com/in/mentor-606/,https://api.dicebear.com/7.x/avataaars/svg?seed=mentor_606,3/30/2025,0.0,0,,,1,1,
373,1,3,SA,https://www.linkedin.com/in/mentor-608/,https://api.dicebear.com/7.x/avataaars/svg?seed=mentor_608,5/21/2025,0.0,0,,,1,1,
374,2,3,JO,https://www.linkedin.com/in/mentor-610/,https://api.dicebear.com/7.x/avataaars/svg?seed=mentor_610,7/11/2026,0.0,0,,,1,1,
375,4,5,AE,https://www.linkedin.com/in/mentor-611/,https://api.dicebear.com/7.x/avataaars/svg?seed=mentor_611,4/30/2025,0.0,0,,,1,1,
376,1,5,SA,https://www.linkedin.com/in/mentor-612/,https://api.dicebear.com/7.x/avataaars/svg?seed=mentor_612,9/4/2025,4.67,6,,,1,1,
377,4,12,SA,https://www.linkedin.com/in/mentor-614/,https://api.dicebear.com/7.x/avataaars/svg?seed=mentor_614,5/7/2026,0.0,0,,,1,1,
378,1,10,SA,https://www.linkedin.com/in/mentor-615/,https://api.dicebear.com/7.x/avataaars/svg?seed=mentor_615,1/21/2026,0.0,0,,,1,1,
379,1,12,EG,https://www.linkedin.com/in/mentor-616/,https://api.dicebear.com/7.x/avataaars/svg?seed=mentor_616,8/20/2026,5.0,2,,,1,1,
380,3,3,SA,https://www.linkedin.com/in/mentor-618/,https://api.dicebear.com/7.x/avataaars/svg?seed=mentor_618,10/9/2025,0.0,0,,,1,1,
381,1,4,AE,https://www.linkedin.com/in/mentor-619/,https://api.dicebear.com/7.x/avataaars/svg?seed=mentor_619,10/23/2026,4.0,3,,,1,1,
382,3,4,JO,https://www.linkedin.com/in/mentor-620/,https://api.dicebear.com/7.x/avataaars/svg?seed=mentor_620,2/4/2025,0.0,0,,,1,1,
383,4,5,SA,https://www.linkedin.com/in/mentor-621/,https://api.dicebear.com/7.x/avataaars/svg?seed=mentor_621,6/12/2025,4.25,4,,,1,1,
384,4,8,AE,https://www.linkedin.com/in/mentor-622/,https://api.dicebear.com/7.x/avataaars/svg?seed=mentor_622,6/4/2025,4.0,4,,,1,1,
385,2,3,EG,https://www.linkedin.com/in/mentor-627/,https://api.dicebear.com/7.x/avataaars/svg?seed=mentor_627,9/29/2025,4.23,13,,,1,1,
386,3,4,SA,https://www.linkedin.com/in/mentor-629/,https://api.dicebear.com/7.x/avataaars/svg?seed=mentor_629,5/5/2026,0.0,0,,,1,1,
387,2,3,EG,https://www.linkedin.com/in/mentor-630/,https://api.dicebear.com/7.x/avataaars/svg?seed=mentor_630,3/24/2026,0.0,0,,,1,1,
388,1,7,EG,https://www.linkedin.com/in/mentor-631/,https://api.dicebear.com/7.x/avataaars/svg?seed=mentor_631,6/26/2025,4.5,2,,,1,1,
389,1,9,AE,https://www.linkedin.com/in/mentor-632/,https://api.dicebear.com/7.x/avataaars/svg?seed=mentor_632,5/20/2025,0.0,0,,,1,1,
390,2,10,MA,https://www.linkedin.com/in/mentor-633/,https://api.dicebear.com/7.x/avataaars/svg?seed=mentor_633,2/13/2026,4.2,10,,,1,1,
391,1,12,EG,https://www.linkedin.com/in/mentor-635/,https://api.dicebear.com/7.x/avataaars/svg?seed=mentor_635,8/19/2026,4.0,4,,,1,1,
392,2,3,SA,https://www.linkedin.com/in/mentor-637/,https://api.dicebear.com/7.x/avataaars/svg?seed=mentor_637,12/20/2026,4.0,3,,,1,1,
393,2,9,JO,https://www.linkedin.com/in/mentor-638/,https://api.dicebear.com/7.x/avataaars/svg?seed=mentor_638,3/21/2026,0.0,0,,,1,1,
394,1,7,EG,https://www.linkedin.com/in/mentor-643/,https://api.dicebear.com/7.x/avataaars/svg?seed=mentor_643,9/8/2026,4.67,3,,,1,1,
395,2,12,SA,https://www.linkedin.com/in/mentor-644/,https://api.dicebear.com/7.x/avataaars/svg?seed=mentor_644,12/9/2025,4.0,5,,,1,1,
396,1,3,AE,https://www.linkedin.com/in/mentor-648/,https://api.dicebear.com/7.x/avataaars/svg?seed=mentor_648,1/12/2026,0.0,0,,,1,1,
397,1,5,SA,https://www.linkedin.com/in/mentor-650/,https://api.dicebear.com/7.x/avataaars/svg?seed=mentor_650,6/25/2025,0.0,0,,,1,1,
398,1,9,EG,https://www.linkedin.com/in/mentor-651/,https://api.dicebear.com/7.x/avataaars/svg?seed=mentor_651,10/4/2025,0.0,0,,,1,1,
399,2,12,EG,https://www.linkedin.com/in/mentor-652/,https://api.dicebear.com/7.x/avataaars/svg?seed=mentor_652,11/13/2025,4.0,1,,,1,1,
400,1,3,AE,https://www.linkedin.com/in/mentor-655/,https://api.dicebear.com/7.x/avataaars/svg?seed=mentor_655,6/12/2025,0.0,0,,,1,1,
401,3,9,SA,https://www.linkedin.com/in/mentor-661/,https://api.dicebear.com/7.x/avataaars/svg?seed=mentor_661,8/6/2025,0.0,0,,,1,1,
402,4,7,EG,https://www.linkedin.com/in/mentor-663/,https://api.dicebear.com/7.x/avataaars/svg?seed=mentor_663,7/29/2026,4.6,5,,,1,1,
403,1,3,AE,https://www.linkedin.com/in/mentor-665/,https://api.dicebear.com/7.x/avataaars/svg?seed=mentor_665,2/4/2026,3.0,1,,,1,1,
404,1,3,EG,https://www.linkedin.com/in/mentor-669/,https://api.dicebear.com/7.x/avataaars/svg?seed=mentor_669,2/6/2026,3.5,2,,,1,1,
405,4,3,AE,https://www.linkedin.com/in/mentor-670/,https://api.dicebear.com/7.x/avataaars/svg?seed=mentor_670,2/9/2025,2.75,4,,,1,1,
406,4,13,EG,https://www.linkedin.com/in/mentor-671/,https://api.dicebear.com/7.x/avataaars/svg?seed=mentor_671,6/4/2025,0.0,0,,,1,1,
407,3,11,MA,https://www.linkedin.com/in/mentor-673/,https://api.dicebear.com/7.x/avataaars/svg?seed=mentor_673,6/6/2026,3.64,14,,,1,1,
408,2,13,EG,https://www.linkedin.com/in/mentor-675/,https://api.dicebear.com/7.x/avataaars/svg?seed=mentor_675,3/14/2026,2.67,6,,,1,1,
409,1,5,EG,https://www.linkedin.com/in/mentor-678/,https://api.dicebear.com/7.x/avataaars/svg?seed=mentor_678,6/9/2026,0.0,0,,,1,1,
410,1,7,EG,https://www.linkedin.com/in/mentor-679/,https://api.dicebear.com/7.x/avataaars/svg?seed=mentor_679,2/3/2026,2.86,7,,,1,1,
411,1,13,EG,https://www.linkedin.com/in/mentor-680/,https://api.dicebear.com/7.x/avataaars/svg?seed=mentor_680,9/29/2026,3.6,5,,,1,1,
412,1,12,JO,https://www.linkedin.com/in/mentor-681/,https://api.dicebear.com/7.x/avataaars/svg?seed=mentor_681,4/30/2026,0.0,0,,,1,1,
413,3,14,MA,https://www.linkedin.com/in/mentor-683/,https://api.dicebear.com/7.x/avataaars/svg?seed=mentor_683,10/13/2025,0.0,0,,,1,1,
414,2,11,EG,https://www.linkedin.com/in/mentor-686/,https://api.dicebear.com/7.x/avataaars/svg?seed=mentor_686,1/8/2025,4.25,8,,,1,1,
415,2,8,SA,https://www.linkedin.com/in/mentor-687/,https://api.dicebear.com/7.x/avataaars/svg?seed=mentor_687,11/25/2025,0.0,0,,,1,1,
416,4,14,AE,https://www.linkedin.com/in/mentor-688/,https://api.dicebear.com/7.x/avataaars/svg?seed=mentor_688,10/8/2026,0.0,0,,,1,1,
417,1,11,JO,https://www.linkedin.com/in/mentor-691/,https://api.dicebear.com/7.x/avataaars/svg?seed=mentor_691,7/20/2026,0.0,0,,,1,1,
418,1,10,SA,https://www.linkedin.com/in/mentor-693/,https://api.dicebear.com/7.x/avataaars/svg?seed=mentor_693,4/17/2025,0.0,0,,,1,1,
419,3,10,EG,https://www.linkedin.com/in/mentor-694/,https://api.dicebear.com/7.x/avataaars/svg?seed=mentor_694,9/26/2025,5.0,1,,,1,1,
420,1,3,SA,https://www.linkedin.com/in/mentor-695/,https://api.dicebear.com/7.x/avataaars/svg?seed=mentor_695,6/1/2025,4.4,5,,,1,1,
421,1,11,AE,https://www.linkedin.com/in/mentor-696/,https://api.dicebear.com/7.x/avataaars/svg?seed=mentor_696,8/7/2026,0.0,0,,,1,1,
422,1,8,EG,https://www.linkedin.com/in/mentor-697/,https://api.dicebear.com/7.x/avataaars/svg?seed=mentor_697,3/31/2025,3.0,2,,,1,1,
423,1,11,SA,https://www.linkedin.com/in/mentor-701/,https://api.dicebear.com/7.x/avataaars/svg?seed=mentor_701,10/2/2025,0.0,0,,,1,1,
424,1,5,EG,https://www.linkedin.com/in/mentor-702/,https://api.dicebear.com/7.x/avataaars/svg?seed=mentor_702,5/14/2026,4.0,2,,,1,1,
425,1,14,AE,https://www.linkedin.com/in/mentor-705/,https://api.dicebear.com/7.x/avataaars/svg?seed=mentor_705,1/12/2026,0.0,0,,,1,1,
426,3,5,EG,https://www.linkedin.com/in/mentor-706/,https://api.dicebear.com/7.x/avataaars/svg?seed=mentor_706,6/2/2025,4.57,7,,,1,1,
427,1,8,SA,https://www.linkedin.com/in/mentor-707/,https://api.dicebear.com/7.x/avataaars/svg?seed=mentor_707,8/9/2026,0.0,0,,,1,1,
428,2,11,SA,https://www.linkedin.com/in/mentor-708/,https://api.dicebear.com/7.x/avataaars/svg?seed=mentor_708,12/30/2026,0.0,0,,,1,1,
429,4,9,SA,https://www.linkedin.com/in/mentor-711/,https://api.dicebear.com/7.x/avataaars/svg?seed=mentor_711,8/1/2026,5.0,1,,,1,1,
430,3,5,EG,https://www.linkedin.com/in/mentor-712/,https://api.dicebear.com/7.x/avataaars/svg?seed=mentor_712,6/12/2025,5.0,1,,,1,1,
431,2,5,SA,https://www.linkedin.com/in/mentor-713/,https://api.dicebear.com/7.x/avataaars/svg?seed=mentor_713,5/24/2025,0.0,0,,,1,1,
432,1,4,SA,https://www.linkedin.com/in/mentor-716/,https://api.dicebear.com/7.x/avataaars/svg?seed=mentor_716,10/19/2026,4.0,6,,,1,1,
433,4,11,SA,https://www.linkedin.com/in/mentor-720/,https://api.dicebear.com/7.x/avataaars/svg?seed=mentor_720,12/28/2025,0.0,0,,,1,1,
434,3,5,SA,https://www.linkedin.com/in/mentor-721/,https://api.dicebear.com/7.x/avataaars/svg?seed=mentor_721,9/16/2025,0.0,0,,,1,1,
435,2,13,AE,https://www.linkedin.com/in/mentor-722/,https://api.dicebear.com/7.x/avataaars/svg?seed=mentor_722,7/24/2025,2.5,2,,,1,1,
436,3,7,JO,https://www.linkedin.com/in/mentor-723/,https://api.dicebear.com/7.x/avataaars/svg?seed=mentor_723,1/18/2025,0.0,0,,,1,1,
437,1,11,EG,https://www.linkedin.com/in/mentor-727/,https://api.dicebear.com/7.x/avataaars/svg?seed=mentor_727,12/28/2025,4.25,4,,,1,1,
438,1,10,JO,https://www.linkedin.com/in/mentor-728/,https://api.dicebear.com/7.x/avataaars/svg?seed=mentor_728,8/30/2026,0.0,0,,,1,1,
439,4,4,SA,https://www.linkedin.com/in/mentor-730/,https://api.dicebear.com/7.x/avataaars/svg?seed=mentor_730,9/27/2026,0.0,0,,,1,1,
440,2,5,EG,https://www.linkedin.com/in/mentor-731/,https://api.dicebear.com/7.x/avataaars/svg?seed=mentor_731,8/11/2026,5.0,1,,,1,1,
441,1,4,EG,https://www.linkedin.com/in/mentor-734/,https://api.dicebear.com/7.x/avataaars/svg?seed=mentor_734,4/16/2025,4.14,7,,,1,1,
442,1,10,EG,https://www.linkedin.com/in/mentor-735/,https://api.dicebear.com/7.x/avataaars/svg?seed=mentor_735,7/22/2026,0.0,0,,,1,1,
443,2,8,AE,https://www.linkedin.com/in/mentor-737/,https://api.dicebear.com/7.x/avataaars/svg?seed=mentor_737,11/28/2026,4.5,6,,,1,1,
444,1,8,AE,https://www.linkedin.com/in/mentor-742/,https://api.dicebear.com/7.x/avataaars/svg?seed=mentor_742,8/20/2026,0.0,0,,,1,1,
445,1,14,AE,https://www.linkedin.com/in/mentor-743/,https://api.dicebear.com/7.x/avataaars/svg?seed=mentor_743,1/26/2026,0.0,0,,,1,1,
446,3,11,SA,https://www.linkedin.com/in/mentor-744/,https://api.dicebear.com/7.x/avataaars/svg?seed=mentor_744,2/4/2025,0.0,0,,,1,1,
447,3,10,SA,https://www.linkedin.com/in/mentor-745/,https://api.dicebear.com/7.x/avataaars/svg?seed=mentor_745,8/31/2026,4.0,1,,,1,1,
448,3,6,EG,https://www.linkedin.com/in/mentor-746/,https://api.dicebear.com/7.x/avataaars/svg?seed=mentor_746,6/9/2025,4.0,2,,,1,1,
449,2,14,EG,https://www.linkedin.com/in/mentor-747/,https://api.dicebear.com/7.x/avataaars/svg?seed=mentor_747,3/4/2026,4.0,1,,,1,1,
450,1,6,SA,https://www.linkedin.com/in/mentor-749/,https://api.dicebear.com/7.x/avataaars/svg?seed=mentor_749,1/2/2025,0.0,0,,,1,1,
451,1,11,EG,https://www.linkedin.com/in/mentor-753/,https://api.dicebear.com/7.x/avataaars/svg?seed=mentor_753,9/1/2026,5.0,3,,,1,1,
452,1,3,EG,https://www.linkedin.com/in/mentor-755/,https://api.dicebear.com/7.x/avataaars/svg?seed=mentor_755,4/22/2025,0.0,0,,,1,1,
453,1,4,SA,https://www.linkedin.com/in/mentor-756/,https://api.dicebear.com/7.x/avataaars/svg?seed=mentor_756,12/20/2026,0.0,0,,,1,1,
454,2,4,AE,https://www.linkedin.com/in/mentor-757/,https://api.dicebear.com/7.x/avataaars/svg?seed=mentor_757,6/18/2025,0.0,0,,,1,1,
455,1,8,MA,https://www.linkedin.com/in/mentor-758/,https://api.dicebear.com/7.x/avataaars/svg?seed=mentor_758,8/25/2026,4.75,4,,,1,1,
456,2,6,MA,https://www.linkedin.com/in/mentor-760/,https://api.dicebear.com/7.x/avataaars/svg?seed=mentor_760,12/31/2025,0.0,0,,,1,1,
457,1,13,SA,https://www.linkedin.com/in/mentor-762/,https://api.dicebear.com/7.x/avataaars/svg?seed=mentor_762,6/17/2025,3.0,1,,,1,1,
458,2,12,SA,https://www.linkedin.com/in/mentor-765/,https://api.dicebear.com/7.x/avataaars/svg?seed=mentor_765,7/16/2026,0.0,0,,,1,1,
459,1,5,SA,https://www.linkedin.com/in/mentor-766/,https://api.dicebear.com/7.x/avataaars/svg?seed=mentor_766,12/8/2025,0.0,0,,,1,1,
460,2,5,AE,https://www.linkedin.com/in/mentor-768/,https://api.dicebear.com/7.x/avataaars/svg?seed=mentor_768,1/16/2026,2.5,2,,,1,1,
461,1,5,EG,https://www.linkedin.com/in/mentor-769/,https://api.dicebear.com/7.x/avataaars/svg?seed=mentor_769,5/14/2026,0.0,0,,,1,1,
462,1,8,SA,https://www.linkedin.com/in/mentor-772/,https://api.dicebear.com/7.x/avataaars/svg?seed=mentor_772,11/2/2025,0.0,0,,,1,1,
463,2,10,JO,https://www.linkedin.com/in/mentor-773/,https://api.dicebear.com/7.x/avataaars/svg?seed=mentor_773,11/5/2025,0.0,0,,,1,1,
464,4,13,EG,https://www.linkedin.com/in/mentor-775/,https://api.dicebear.com/7.x/avataaars/svg?seed=mentor_775,11/12/2025,0.0,0,,,1,1,
465,4,9,SA,https://www.linkedin.com/in/mentor-778/,https://api.dicebear.com/7.x/avataaars/svg?seed=mentor_778,4/21/2026,0.0,0,,,1,1,
466,1,6,SA,https://www.linkedin.com/in/mentor-779/,https://api.dicebear.com/7.x/avataaars/svg?seed=mentor_779,11/30/2026,0.0,0,,,1,1,
467,1,13,EG,https://www.linkedin.com/in/mentor-781/,https://api.dicebear.com/7.x/avataaars/svg?seed=mentor_781,9/18/2026,4.14,7,,,1,1,
468,1,14,EG,https://www.linkedin.com/in/mentor-782/,https://api.dicebear.com/7.x/avataaars/svg?seed=mentor_782,4/9/2026,4.3,10,,,1,1,
469,1,6,EG,https://www.linkedin.com/in/mentor-783/,https://api.dicebear.com/7.x/avataaars/svg?seed=mentor_783,9/5/2025,0.0,0,,,1,1,
470,3,13,EG,https://www.linkedin.com/in/mentor-786/,https://api.dicebear.com/7.x/avataaars/svg?seed=mentor_786,11/8/2025,0.0,0,,,1,1,
471,1,12,EG,https://www.linkedin.com/in/mentor-787/,https://api.dicebear.com/7.x/avataaars/svg?seed=mentor_787,10/22/2026,0.0,0,,,1,1,
472,1,13,JO,https://www.linkedin.com/in/mentor-788/,https://api.dicebear.com/7.x/avataaars/svg?seed=mentor_788,5/12/2025,0.0,0,,,1,1,
473,3,13,EG,https://www.linkedin.com/in/mentor-789/,https://api.dicebear.com/7.x/avataaars/svg?seed=mentor_789,2/23/2025,4.5,4,,,1,1,
474,1,13,SA,https://www.linkedin.com/in/mentor-790/,https://api.dicebear.com/7.x/avataaars/svg?seed=mentor_790,9/4/2025,4.0,1,,,1,1,
475,2,4,EG,https://www.linkedin.com/in/mentor-791/,https://api.dicebear.com/7.x/avataaars/svg?seed=mentor_791,10/20/2025,0.0,0,,,1,1,
476,1,3,MA,https://www.linkedin.com/in/mentor-793/,https://api.dicebear.com/7.x/avataaars/svg?seed=mentor_793,2/27/2025,3.5,2,,,1,1,
477,1,11,EG,https://www.linkedin.com/in/mentor-799/,https://api.dicebear.com/7.x/avataaars/svg?seed=mentor_799,6/9/2026,0.0,0,,,1,1,
478,2,14,SA,https://www.linkedin.com/in/mentor-800/,https://api.dicebear.com/7.x/avataaars/svg?seed=mentor_800,11/12/2026,0.0,0,,,1,1,
479,1,14,JO,https://www.linkedin.com/in/mentor-801/,https://api.dicebear.com/7.x/avataaars/svg?seed=mentor_801,3/5/2025,3.0,1,,,1,1,
480,1,4,JO,https://www.linkedin.com/in/mentor-802/,https://api.dicebear.com/7.x/avataaars/svg?seed=mentor_802,11/15/2025,4.0,1,,,1,1,
481,2,10,EG,https://www.linkedin.com/in/mentor-803/,https://api.dicebear.com/7.x/avataaars/svg?seed=mentor_803,4/19/2025,0.0,0,,,1,1,
482,2,11,JO,https://www.linkedin.com/in/mentor-807/,https://api.dicebear.com/7.x/avataaars/svg?seed=mentor_807,10/5/2025,0.0,0,,,1,1,
483,3,6,SA,https://www.linkedin.com/in/mentor-808/,https://api.dicebear.com/7.x/avataaars/svg?seed=mentor_808,10/28/2025,4.0,3,,,1,1,
484,3,10,SA,https://www.linkedin.com/in/mentor-809/,https://api.dicebear.com/7.x/avataaars/svg?seed=mentor_809,9/16/2026,0.0,0,,,1,1,
485,3,11,EG,https://www.linkedin.com/in/mentor-810/,https://api.dicebear.com/7.x/avataaars/svg?seed=mentor_810,8/23/2026,0.0,0,,,1,1,
486,1,12,EG,https://www.linkedin.com/in/mentor-811/,https://api.dicebear.com/7.x/avataaars/svg?seed=mentor_811,1/18/2026,0.0,0,,,1,1,
487,1,12,AE,https://www.linkedin.com/in/mentor-813/,https://api.dicebear.com/7.x/avataaars/svg?seed=mentor_813,7/13/2025,0.0,0,,,1,1,
488,2,7,SA,https://www.linkedin.com/in/mentor-814/,https://api.dicebear.com/7.x/avataaars/svg?seed=mentor_814,3/8/2025,0.0,0,,,1,1,
489,1,9,SA,https://www.linkedin.com/in/mentor-817/,https://api.dicebear.com/7.x/avataaars/svg?seed=mentor_817,1/12/2026,5.0,1,,,1,1,
490,1,12,AE,https://www.linkedin.com/in/mentor-818/,https://api.dicebear.com/7.x/avataaars/svg?seed=mentor_818,6/30/2025,5.0,1,,,1,1,
491,1,6,AE,https://www.linkedin.com/in/mentor-819/,https://api.dicebear.com/7.x/avataaars/svg?seed=mentor_819,7/11/2025,3.0,1,,,1,1,
492,4,3,EG,https://www.linkedin.com/in/mentor-820/,https://api.dicebear.com/7.x/avataaars/svg?seed=mentor_820,7/8/2026,0.0,0,,,1,1,
493,4,5,SA,https://www.linkedin.com/in/mentor-821/,https://api.dicebear.com/7.x/avataaars/svg?seed=mentor_821,1/2/2026,5.0,2,,,1,1,
494,1,7,EG,https://www.linkedin.com/in/mentor-822/,https://api.dicebear.com/7.x/avataaars/svg?seed=mentor_822,2/15/2026,0.0,0,,,1,1,
495,1,5,AE,https://www.linkedin.com/in/mentor-825/,https://api.dicebear.com/7.x/avataaars/svg?seed=mentor_825,12/26/2025,0.0,0,,,1,1,
496,1,14,AE,https://www.linkedin.com/in/mentor-828/,https://api.dicebear.com/7.x/avataaars/svg?seed=mentor_828,4/26/2026,0.0,0,,,1,1,
497,4,13,MA,https://www.linkedin.com/in/mentor-830/,https://api.dicebear.com/7.x/avataaars/svg?seed=mentor_830,3/8/2026,5.0,1,,,1,1,
498,2,9,EG,https://www.linkedin.com/in/mentor-832/,https://api.dicebear.com/7.x/avataaars/svg?seed=mentor_832,4/26/2026,0.0,0,,,1,1,
499,1,14,EG,https://www.linkedin.com/in/mentor-833/,https://api.dicebear.com/7.x/avataaars/svg?seed=mentor_833,5/18/2026,4.67,3,,,1,1,
500,1,11,EG,https://www.linkedin.com/in/mentor-835/,https://api.dicebear.com/7.x/avataaars/svg?seed=mentor_835,4/1/2025,0.0,0,,,1,1,
501,1,14,EG,https://www.linkedin.com/in/mentor-837/,https://api.dicebear.com/7.x/avataaars/svg?seed=mentor_837,10/25/2025,0.0,0,,,1,1,
502,1,8,EG,https://www.linkedin.com/in/mentor-839/,https://api.dicebear.com/7.x/avataaars/svg?seed=mentor_839,7/26/2026,0.0,0,,,1,1,
503,1,12,MA,https://www.linkedin.com/in/mentor-840/,https://api.dicebear.com/7.x/avataaars/svg?seed=mentor_840,7/25/2025,4.33,3,,,1,1,
504,2,3,EG,https://www.linkedin.com/in/mentor-841/,https://api.dicebear.com/7.x/avataaars/svg?seed=mentor_841,2/9/2025,4.5,12,,,1,1,
505,4,9,EG,https://www.linkedin.com/in/mentor-842/,https://api.dicebear.com/7.x/avataaars/svg?seed=mentor_842,3/21/2026,0.0,0,,,1,1,
506,2,5,AE,https://www.linkedin.com/in/mentor-844/,https://api.dicebear.com/7.x/avataaars/svg?seed=mentor_844,10/18/2026,3.5,4,,,1,1,
507,3,7,SA,https://www.linkedin.com/in/mentor-846/,https://api.dicebear.com/7.x/avataaars/svg?seed=mentor_846,9/1/2025,0.0,0,,,1,1,
508,1,12,AE,https://www.linkedin.com/in/mentor-849/,https://api.dicebear.com/7.x/avataaars/svg?seed=mentor_849,2/24/2026,0.0,0,,,1,1,
509,3,6,EG,https://www.linkedin.com/in/mentor-850/,https://api.dicebear.com/7.x/avataaars/svg?seed=mentor_850,1/4/2026,0.0,0,,,1,1,
510,1,12,SA,https://www.linkedin.com/in/mentor-856/,https://api.dicebear.com/7.x/avataaars/svg?seed=mentor_856,5/1/2026,0.0,0,,,1,1,
511,1,7,EG,https://www.linkedin.com/in/mentor-857/,https://api.dicebear.com/7.x/avataaars/svg?seed=mentor_857,8/3/2025,3.0,1,,,1,1,
512,1,7,EG,https://www.linkedin.com/in/mentor-858/,https://api.dicebear.com/7.x/avataaars/svg?seed=mentor_858,10/20/2026,4.0,2,,,1,1,
513,1,8,MA,https://www.linkedin.com/in/mentor-860/,https://api.dicebear.com/7.x/avataaars/svg?seed=mentor_860,7/22/2025,0.0,0,,,1,1,
514,3,12,EG,https://www.linkedin.com/in/mentor-862/,https://api.dicebear.com/7.x/avataaars/svg?seed=mentor_862,2/2/2025,4.67,3,,,1,1,
515,1,14,SA,https://www.linkedin.com/in/mentor-863/,https://api.dicebear.com/7.x/avataaars/svg?seed=mentor_863,12/18/2026,4.5,4,,,1,1,
516,1,12,SA,https://www.linkedin.com/in/mentor-865/,https://api.dicebear.com/7.x/avataaars/svg?seed=mentor_865,10/23/2025,0.0,0,,,1,1,
517,3,13,EG,https://www.linkedin.com/in/mentor-866/,https://api.dicebear.com/7.x/avataaars/svg?seed=mentor_866,5/9/2025,4.28,18,,,1,1,
518,1,8,JO,https://www.linkedin.com/in/mentor-867/,https://api.dicebear.com/7.x/avataaars/svg?seed=mentor_867,10/16/2025,4.0,2,,,1,1,
519,2,10,EG,https://www.linkedin.com/in/mentor-868/,https://api.dicebear.com/7.x/avataaars/svg?seed=mentor_868,6/10/2026,4.0,3,,,1,1,
520,3,10,AE,https://www.linkedin.com/in/mentor-870/,https://api.dicebear.com/7.x/avataaars/svg?seed=mentor_870,3/20/2026,4.0,2,,,1,1,
521,3,13,MA,https://www.linkedin.com/in/mentor-872/,https://api.dicebear.com/7.x/avataaars/svg?seed=mentor_872,3/8/2026,5.0,3,,,1,1,
522,2,11,SA,https://www.linkedin.com/in/mentor-874/,https://api.dicebear.com/7.x/avataaars/svg?seed=mentor_874,12/3/2026,0.0,0,,,1,1,
523,1,10,MA,https://www.linkedin.com/in/mentor-875/,https://api.dicebear.com/7.x/avataaars/svg?seed=mentor_875,3/9/2025,0.0,0,,,1,1,
524,1,13,EG,https://www.linkedin.com/in/mentor-880/,https://api.dicebear.com/7.x/avataaars/svg?seed=mentor_880,8/15/2026,0.0,0,,,1,1,
525,2,4,SA,https://www.linkedin.com/in/mentor-882/,https://api.dicebear.com/7.x/avataaars/svg?seed=mentor_882,9/22/2026,4.0,19,,,1,1,
526,3,14,EG,https://www.linkedin.com/in/mentor-884/,https://api.dicebear.com/7.x/avataaars/svg?seed=mentor_884,1/17/2026,0.0,0,,,1,1,
527,1,12,AE,https://www.linkedin.com/in/mentor-887/,https://api.dicebear.com/7.x/avataaars/svg?seed=mentor_887,3/27/2025,0.0,0,,,1,1,
528,3,14,MA,https://www.linkedin.com/in/mentor-888/,https://api.dicebear.com/7.x/avataaars/svg?seed=mentor_888,12/25/2025,0.0,0,,,1,1,
529,3,13,EG,https://www.linkedin.com/in/mentor-889/,https://api.dicebear.com/7.x/avataaars/svg?seed=mentor_889,2/23/2026,4.75,4,,,1,1,
530,3,3,AE,https://www.linkedin.com/in/mentor-890/,https://api.dicebear.com/7.x/avataaars/svg?seed=mentor_890,11/22/2026,3.5,2,,,1,1,
531,2,12,EG,https://www.linkedin.com/in/mentor-892/,https://api.dicebear.com/7.x/avataaars/svg?seed=mentor_892,10/20/2026,0.0,0,,,1,1,
532,2,4,SA,https://www.linkedin.com/in/mentor-893/,https://api.dicebear.com/7.x/avataaars/svg?seed=mentor_893,12/13/2025,4.0,1,,,1,1,
533,1,4,SA,https://www.linkedin.com/in/mentor-894/,https://api.dicebear.com/7.x/avataaars/svg?seed=mentor_894,11/24/2025,0.0,0,,,1,1,
534,2,14,MA,https://www.linkedin.com/in/mentor-901/,https://api.dicebear.com/7.x/avataaars/svg?seed=mentor_901,8/1/2026,4.0,3,,,1,1,
535,3,5,SA,https://www.linkedin.com/in/mentor-903/,https://api.dicebear.com/7.x/avataaars/svg?seed=mentor_903,4/1/2026,4.5,10,,,1,1,
536,1,12,EG,https://www.linkedin.com/in/mentor-904/,https://api.dicebear.com/7.x/avataaars/svg?seed=mentor_904,12/6/2025,5.0,1,,,1,1,
537,2,9,EG,https://www.linkedin.com/in/mentor-905/,https://api.dicebear.com/7.x/avataaars/svg?seed=mentor_905,9/24/2026,5.0,1,,,1,1,
538,1,4,EG,https://www.linkedin.com/in/mentor-906/,https://api.dicebear.com/7.x/avataaars/svg?seed=mentor_906,1/16/2025,0.0,0,,,1,1,
539,3,3,EG,https://www.linkedin.com/in/mentor-907/,https://api.dicebear.com/7.x/avataaars/svg?seed=mentor_907,1/9/2026,0.0,0,,,1,1,
540,1,8,EG,https://www.linkedin.com/in/mentor-908/,https://api.dicebear.com/7.x/avataaars/svg?seed=mentor_908,10/9/2026,0.0,0,,,1,1,
541,3,11,JO,https://www.linkedin.com/in/mentor-910/,https://api.dicebear.com/7.x/avataaars/svg?seed=mentor_910,4/15/2026,4.33,3,,,1,1,
542,2,5,SA,https://www.linkedin.com/in/mentor-912/,https://api.dicebear.com/7.x/avataaars/svg?seed=mentor_912,2/28/2026,0.0,0,,,1,1,
543,4,8,SA,https://www.linkedin.com/in/mentor-914/,https://api.dicebear.com/7.x/avataaars/svg?seed=mentor_914,10/20/2025,0.0,0,,,1,1,
544,1,5,EG,https://www.linkedin.com/in/mentor-915/,https://api.dicebear.com/7.x/avataaars/svg?seed=mentor_915,5/3/2026,4.33,3,,,1,1,
545,1,3,JO,https://www.linkedin.com/in/mentor-916/,https://api.dicebear.com/7.x/avataaars/svg?seed=mentor_916,6/2/2025,0.0,0,,,1,1,
546,1,14,AE,https://www.linkedin.com/in/mentor-917/,https://api.dicebear.com/7.x/avataaars/svg?seed=mentor_917,6/8/2026,3.0,1,,,1,1,
547,3,7,EG,https://www.linkedin.com/in/mentor-922/,https://api.dicebear.com/7.x/avataaars/svg?seed=mentor_922,9/26/2025,5.0,1,,,1,1,
548,3,12,AE,https://www.linkedin.com/in/mentor-923/,https://api.dicebear.com/7.x/avataaars/svg?seed=mentor_923,12/23/2026,3.86,7,,,1,1,
549,2,13,SA,https://www.linkedin.com/in/mentor-924/,https://api.dicebear.com/7.x/avataaars/svg?seed=mentor_924,12/8/2026,4.0,2,,,1,1,
550,4,6,EG,https://www.linkedin.com/in/mentor-926/,https://api.dicebear.com/7.x/avataaars/svg?seed=mentor_926,3/25/2026,5.0,1,,,1,1,
551,1,9,SA,https://www.linkedin.com/in/mentor-927/,https://api.dicebear.com/7.x/avataaars/svg?seed=mentor_927,7/31/2026,0.0,0,,,1,1,
552,1,8,SA,https://www.linkedin.com/in/mentor-928/,https://api.dicebear.com/7.x/avataaars/svg?seed=mentor_928,10/14/2025,4.0,1,,,1,1,
553,1,12,EG,https://www.linkedin.com/in/mentor-930/,https://api.dicebear.com/7.x/avataaars/svg?seed=mentor_930,3/20/2025,5.0,1,,,1,1,
554,2,9,MA,https://www.linkedin.com/in/mentor-931/,https://api.dicebear.com/7.x/avataaars/svg?seed=mentor_931,9/28/2026,3.67,3,,,1,1,
555,1,7,JO,https://www.linkedin.com/in/mentor-932/,https://api.dicebear.com/7.x/avataaars/svg?seed=mentor_932,8/15/2026,4.0,2,,,1,1,
556,1,6,AE,https://www.linkedin.com/in/mentor-933/,https://api.dicebear.com/7.x/avataaars/svg?seed=mentor_933,6/1/2025,4.33,6,,,1,1,
557,2,9,SA,https://www.linkedin.com/in/mentor-936/,https://api.dicebear.com/7.x/avataaars/svg?seed=mentor_936,12/20/2025,4.5,2,,,1,1,
558,2,9,SA,https://www.linkedin.com/in/mentor-937/,https://api.dicebear.com/7.x/avataaars/svg?seed=mentor_937,4/21/2025,0.0,0,,,1,1,
559,1,8,AE,https://www.linkedin.com/in/mentor-938/,https://api.dicebear.com/7.x/avataaars/svg?seed=mentor_938,12/10/2025,0.0,0,,,1,1,
560,1,10,SA,https://www.linkedin.com/in/mentor-939/,https://api.dicebear.com/7.x/avataaars/svg?seed=mentor_939,8/30/2026,0.0,0,,,1,1,
561,2,6,EG,https://www.linkedin.com/in/mentor-940/,https://api.dicebear.com/7.x/avataaars/svg?seed=mentor_940,8/20/2025,0.0,0,,,1,1,
562,1,12,SA,https://www.linkedin.com/in/mentor-941/,https://api.dicebear.com/7.x/avataaars/svg?seed=mentor_941,2/7/2025,0.0,0,,,1,1,
563,2,7,JO,https://www.linkedin.com/in/mentor-942/,https://api.dicebear.com/7.x/avataaars/svg?seed=mentor_942,4/11/2025,0.0,0,,,1,1,
564,1,6,SA,https://www.linkedin.com/in/mentor-943/,https://api.dicebear.com/7.x/avataaars/svg?seed=mentor_943,11/19/2026,5.0,1,,,1,1,
565,2,14,EG,https://www.linkedin.com/in/mentor-944/,https://api.dicebear.com/7.x/avataaars/svg?seed=mentor_944,12/16/2025,0.0,0,,,1,1,
566,1,3,AE,https://www.linkedin.com/in/mentor-945/,https://api.dicebear.com/7.x/avataaars/svg?seed=mentor_945,10/8/2025,0.0,0,,,1,1,
567,1,14,EG,https://www.linkedin.com/in/mentor-949/,https://api.dicebear.com/7.x/avataaars/svg?seed=mentor_949,11/6/2025,0.0,0,,,1,1,
568,2,10,EG,https://www.linkedin.com/in/mentor-950/,https://api.dicebear.com/7.x/avataaars/svg?seed=mentor_950,8/4/2026,0.0,0,,,1,1,
569,2,3,EG,https://www.linkedin.com/in/mentor-951/,https://api.dicebear.com/7.x/avataaars/svg?seed=mentor_951,12/25/2025,4.0,1,,,1,1,
570,4,7,EG,https://www.linkedin.com/in/mentor-952/,https://api.dicebear.com/7.x/avataaars/svg?seed=mentor_952,6/15/2026,3.0,1,,,1,1,
571,4,8,AE,https://www.linkedin.com/in/mentor-953/,https://api.dicebear.com/7.x/avataaars/svg?seed=mentor_953,12/17/2026,0.0,0,,,1,1,
572,2,8,SA,https://www.linkedin.com/in/mentor-962/,https://api.dicebear.com/7.x/avataaars/svg?seed=mentor_962,10/18/2025,0.0,0,,,1,1,
573,1,7,EG,https://www.linkedin.com/in/mentor-963/,https://api.dicebear.com/7.x/avataaars/svg?seed=mentor_963,6/5/2026,0.0,0,,,1,1,
574,2,5,JO,https://www.linkedin.com/in/mentor-964/,https://api.dicebear.com/7.x/avataaars/svg?seed=mentor_964,8/22/2025,5.0,1,,,1,1,
575,1,7,JO,https://www.linkedin.com/in/mentor-965/,https://api.dicebear.com/7.x/avataaars/svg?seed=mentor_965,9/1/2025,4.0,1,,,1,1,
576,4,14,JO,https://www.linkedin.com/in/mentor-966/,https://api.dicebear.com/7.x/avataaars/svg?seed=mentor_966,1/4/2026,3.0,1,,,1,1,
577,1,10,EG,https://www.linkedin.com/in/mentor-967/,https://api.dicebear.com/7.x/avataaars/svg?seed=mentor_967,8/2/2026,0.0,0,,,1,1,
578,1,4,SA,https://www.linkedin.com/in/mentor-969/,https://api.dicebear.com/7.x/avataaars/svg?seed=mentor_969,3/14/2025,0.0,0,,,1,1,
579,4,8,MA,https://www.linkedin.com/in/mentor-970/,https://api.dicebear.com/7.x/avataaars/svg?seed=mentor_970,10/7/2025,4.0,1,,,1,1,
580,4,11,AE,https://www.linkedin.com/in/mentor-974/,https://api.dicebear.com/7.x/avataaars/svg?seed=mentor_974,11/10/2026,0.0,0,,,1,1,
581,1,10,EG,https://www.linkedin.com/in/mentor-975/,https://api.dicebear.com/7.x/avataaars/svg?seed=mentor_975,9/5/2026,0.0,0,,,1,1,
582,2,13,EG,https://www.linkedin.com/in/mentor-977/,https://api.dicebear.com/7.x/avataaars/svg?seed=mentor_977,10/31/2025,5.0,1,,,1,1,
583,2,10,SA,https://www.linkedin.com/in/mentor-979/,https://api.dicebear.com/7.x/avataaars/svg?seed=mentor_979,7/17/2025,4.46,26,,,1,1,
584,4,10,MA,https://www.linkedin.com/in/mentor-980/,https://api.dicebear.com/7.x/avataaars/svg?seed=mentor_980,8/13/2025,0.0,0,,,1,1,
585,3,9,SA,https://www.linkedin.com/in/mentor-982/,https://api.dicebear.com/7.x/avataaars/svg?seed=mentor_982,8/6/2026,4.0,2,,,1,1,
586,2,10,SA,https://www.linkedin.com/in/mentor-983/,https://api.dicebear.com/7.x/avataaars/svg?seed=mentor_983,10/16/2026,0.0,0,,,1,1,
587,1,8,EG,https://www.linkedin.com/in/mentor-985/,https://api.dicebear.com/7.x/avataaars/svg?seed=mentor_985,5/3/2026,3.0,3,,,1,1,
588,2,4,AE,https://www.linkedin.com/in/mentor-986/,https://api.dicebear.com/7.x/avataaars/svg?seed=mentor_986,6/10/2026,4.75,4,,,1,1,
589,4,4,JO,https://www.linkedin.com/in/mentor-987/,https://api.dicebear.com/7.x/avataaars/svg?seed=mentor_987,7/8/2026,2.0,2,,,1,1,
590,2,10,EG,https://www.linkedin.com/in/mentor-988/,https://api.dicebear.com/7.x/avataaars/svg?seed=mentor_988,7/17/2026,0.0,0,,,1,1,
591,1,13,AE,https://www.linkedin.com/in/mentor-989/,https://api.dicebear.com/7.x/avataaars/svg?seed=mentor_989,11/24/2025,0.0,0,,,1,1,
592,3,3,MA,https://www.linkedin.com/in/mentor-991/,https://api.dicebear.com/7.x/avataaars/svg?seed=mentor_991,7/24/2026,0.0,0,,,1,1,
593,1,8,EG,https://www.linkedin.com/in/mentor-994/,https://api.dicebear.com/7.x/avataaars/svg?seed=mentor_994,4/19/2025,0.0,0,,,1,1,
594,1,8,SA,https://www.linkedin.com/in/mentor-995/,https://api.dicebear.com/7.x/avataaars/svg?seed=mentor_995,12/14/2026,0.0,0,,,1,1,
595,1,13,EG,https://www.linkedin.com/in/mentor-998/,https://api.dicebear.com/7.x/avataaars/svg?seed=mentor_998,2/5/2026,0.0,0,,,1,1,
596,4,6,AE,https://www.linkedin.com/in/mentor-999/,https://api.dicebear.com/7.x/avataaars/svg?seed=mentor_999,11/1/2025,5.0,1,,,1,1,
597,2,14,SA,https://www.linkedin.com/in/mentor-1000/,https://api.dicebear.com/7.x/avataaars/svg?seed=mentor_1000,9/6/2026,4.25,4,,,1,1,
598,3,13,SA,https://www.linkedin.com/in/mentor-1001/,https://api.dicebear.com/7.x/avataaars/svg?seed=mentor_1001,10/30/2025,3.0,1,,,1,1,
599,1,13,AE,https://www.linkedin.com/in/mentor-1002/,https://api.dicebear.com/7.x/avataaars/svg?seed=mentor_1002,4/30/2026,5.0,1,,,1,1,
600,2,12,EG,https://www.linkedin.com/in/mentor-1003/,https://api.dicebear.com/7.x/avataaars/svg?seed=mentor_1003,12/6/2025,0.0,0,,,1,1,
601,2,5,MA,https://www.linkedin.com/in/mentor-1004/,https://api.dicebear.com/7.x/avataaars/svg?seed=mentor_1004,11/14/2026,4.2,5,,,1,1,
602,2,13,SA,https://www.linkedin.com/in/mentor-1005/,https://api.dicebear.com/7.x/avataaars/svg?seed=mentor_1005,2/26/2025,3.33,3,,,1,1,
603,1,5,EG,https://www.linkedin.com/in/mentor-1006/,https://api.dicebear.com/7.x/avataaars/svg?seed=mentor_1006,7/18/2025,0.0,0,,,1,1,
604,3,3,AE,https://www.linkedin.com/in/mentor-1007/,https://api.dicebear.com/7.x/avataaars/svg?seed=mentor_1007,10/12/2026,0.0,0,,,1,1,
605,1,5,AE,https://www.linkedin.com/in/mentor-1008/,https://api.dicebear.com/7.x/avataaars/svg?seed=mentor_1008,4/3/2025,0.0,0,,,1,1,
606,1,6,EG,https://www.linkedin.com/in/mentor-1010/,https://api.dicebear.com/7.x/avataaars/svg?seed=mentor_1010,1/2/2025,0.0,0,,,1,1,
607,3,13,JO,https://www.linkedin.com/in/mentor-1011/,https://api.dicebear.com/7.x/avataaars/svg?seed=mentor_1011,7/14/2026,3.0,1,,,1,1,
608,1,13,MA,https://www.linkedin.com/in/mentor-1012/,https://api.dicebear.com/7.x/avataaars/svg?seed=mentor_1012,2/28/2026,0.0,0,,,1,1,
609,1,7,EG,https://www.linkedin.com/in/mentor-1014/,https://api.dicebear.com/7.x/avataaars/svg?seed=mentor_1014,4/22/2026,0.0,0,,,1,1,
610,1,5,MA,https://www.linkedin.com/in/mentor-1015/,https://api.dicebear.com/7.x/avataaars/svg?seed=mentor_1015,8/31/2025,5.0,1,,,1,1,
611,1,8,EG,https://www.linkedin.com/in/mentor-1018/,https://api.dicebear.com/7.x/avataaars/svg?seed=mentor_1018,7/12/2026,0.0,0,,,1,1,
612,1,13,EG,https://www.linkedin.com/in/mentor-1019/,https://api.dicebear.com/7.x/avataaars/svg?seed=mentor_1019,10/14/2025,4.4,5,,,1,1,
613,1,14,EG,https://www.linkedin.com/in/mentor-1023/,https://api.dicebear.com/7.x/avataaars/svg?seed=mentor_1023,6/23/2026,4.0,2,,,1,1,
614,2,7,JO,https://www.linkedin.com/in/mentor-1024/,https://api.dicebear.com/7.x/avataaars/svg?seed=mentor_1024,6/20/2026,4.0,7,,,1,1,
615,4,5,AE,https://www.linkedin.com/in/mentor-1026/,https://api.dicebear.com/7.x/avataaars/svg?seed=mentor_1026,1/14/2026,0.0,0,,,1,1,
616,3,8,EG,https://www.linkedin.com/in/mentor-1028/,https://api.dicebear.com/7.x/avataaars/svg?seed=mentor_1028,3/9/2026,4.6,5,,,1,1,
617,1,8,SA,https://www.linkedin.com/in/mentor-1030/,https://api.dicebear.com/7.x/avataaars/svg?seed=mentor_1030,12/16/2026,4.83,6,,,1,1,
618,3,10,SA,https://www.linkedin.com/in/mentor-1034/,https://api.dicebear.com/7.x/avataaars/svg?seed=mentor_1034,7/31/2026,0.0,0,,,1,1,
619,2,4,EG,https://www.linkedin.com/in/mentor-1035/,https://api.dicebear.com/7.x/avataaars/svg?seed=mentor_1035,12/16/2026,0.0,0,,,1,1,
620,1,3,JO,https://www.linkedin.com/in/mentor-1037/,https://api.dicebear.com/7.x/avataaars/svg?seed=mentor_1037,6/16/2025,4.5,8,,,1,1,
621,4,6,JO,https://www.linkedin.com/in/mentor-1038/,https://api.dicebear.com/7.x/avataaars/svg?seed=mentor_1038,3/5/2025,4.75,4,,,1,1,
622,1,9,SA,https://www.linkedin.com/in/mentor-1040/,https://api.dicebear.com/7.x/avataaars/svg?seed=mentor_1040,10/30/2025,0.0,0,,,1,1,
623,2,13,MA,https://www.linkedin.com/in/mentor-1041/,https://api.dicebear.com/7.x/avataaars/svg?seed=mentor_1041,10/12/2026,0.0,0,,,1,1,
624,3,12,SA,https://www.linkedin.com/in/mentor-1042/,https://api.dicebear.com/7.x/avataaars/svg?seed=mentor_1042,4/8/2026,4.67,6,,,1,1,
625,1,5,MA,https://www.linkedin.com/in/mentor-1043/,https://api.dicebear.com/7.x/avataaars/svg?seed=mentor_1043,2/20/2026,0.0,0,,,1,1,
626,3,5,AE,https://www.linkedin.com/in/mentor-1044/,https://api.dicebear.com/7.x/avataaars/svg?seed=mentor_1044,9/5/2026,0.0,0,,,1,1,
627,1,7,SA,https://www.linkedin.com/in/mentor-1045/,https://api.dicebear.com/7.x/avataaars/svg?seed=mentor_1045,7/28/2026,4.83,6,,,1,1,
628,2,7,EG,https://www.linkedin.com/in/mentor-1048/,https://api.dicebear.com/7.x/avataaars/svg?seed=mentor_1048,5/9/2025,0.0,0,,,1,1,
629,4,12,JO,https://www.linkedin.com/in/mentor-1051/,https://api.dicebear.com/7.x/avataaars/svg?seed=mentor_1051,2/21/2026,0.0,0,,,1,1,
630,1,5,SA,https://www.linkedin.com/in/mentor-1053/,https://api.dicebear.com/7.x/avataaars/svg?seed=mentor_1053,11/26/2025,5.0,1,,,1,1,
631,3,11,EG,https://www.linkedin.com/in/mentor-1054/,https://api.dicebear.com/7.x/avataaars/svg?seed=mentor_1054,11/14/2025,4.0,1,,,1,1,
632,1,6,EG,https://www.linkedin.com/in/mentor-1055/,https://api.dicebear.com/7.x/avataaars/svg?seed=mentor_1055,8/18/2025,0.0,0,,,1,1,
633,3,5,SA,https://www.linkedin.com/in/mentor-1056/,https://api.dicebear.com/7.x/avataaars/svg?seed=mentor_1056,8/15/2025,0.0,0,,,1,1,
634,1,13,SA,https://www.linkedin.com/in/mentor-1057/,https://api.dicebear.com/7.x/avataaars/svg?seed=mentor_1057,12/15/2026,0.0,0,,,1,1,
635,2,4,AE,https://www.linkedin.com/in/mentor-1058/,https://api.dicebear.com/7.x/avataaars/svg?seed=mentor_1058,12/3/2025,0.0,0,,,1,1,
636,1,12,JO,https://www.linkedin.com/in/mentor-1059/,https://api.dicebear.com/7.x/avataaars/svg?seed=mentor_1059,6/2/2025,3.0,1,,,1,1,
637,3,13,EG,https://www.linkedin.com/in/mentor-1062/,https://api.dicebear.com/7.x/avataaars/svg?seed=mentor_1062,11/20/2026,4.2,10,,,1,1,
638,3,11,AE,https://www.linkedin.com/in/mentor-1065/,https://api.dicebear.com/7.x/avataaars/svg?seed=mentor_1065,2/27/2025,5.0,1,,,1,1,
639,1,6,EG,https://www.linkedin.com/in/mentor-1068/,https://api.dicebear.com/7.x/avataaars/svg?seed=mentor_1068,10/31/2026,0.0,0,,,1,1,
640,1,5,JO,https://www.linkedin.com/in/mentor-1069/,https://api.dicebear.com/7.x/avataaars/svg?seed=mentor_1069,10/20/2026,4.0,2,,,1,1,
641,1,9,JO,https://www.linkedin.com/in/mentor-1071/,https://api.dicebear.com/7.x/avataaars/svg?seed=mentor_1071,6/17/2025,0.0,0,,,1,1,
642,3,10,SA,https://www.linkedin.com/in/mentor-1072/,https://api.dicebear.com/7.x/avataaars/svg?seed=mentor_1072,4/20/2025,0.0,0,,,1,1,
643,2,13,AE,https://www.linkedin.com/in/mentor-1073/,https://api.dicebear.com/7.x/avataaars/svg?seed=mentor_1073,6/14/2025,0.0,0,,,1,1,
644,2,4,EG,https://www.linkedin.com/in/mentor-1074/,https://api.dicebear.com/7.x/avataaars/svg?seed=mentor_1074,7/31/2026,0.0,0,,,1,1,
645,1,9,SA,https://www.linkedin.com/in/mentor-1076/,https://api.dicebear.com/7.x/avataaars/svg?seed=mentor_1076,10/28/2025,3.0,1,,,1,1,
646,1,14,JO,https://www.linkedin.com/in/mentor-1079/,https://api.dicebear.com/7.x/avataaars/svg?seed=mentor_1079,2/20/2025,0.0,0,,,1,1,
647,2,7,SA,https://www.linkedin.com/in/mentor-1081/,https://api.dicebear.com/7.x/avataaars/svg?seed=mentor_1081,10/30/2026,3.75,4,,,1,1,
648,1,13,EG,https://www.linkedin.com/in/mentor-1084/,https://api.dicebear.com/7.x/avataaars/svg?seed=mentor_1084,2/2/2025,0.0,0,,,1,1,
649,1,7,SA,https://www.linkedin.com/in/mentor-1085/,https://api.dicebear.com/7.x/avataaars/svg?seed=mentor_1085,10/31/2026,3.0,1,,,1,1,
650,1,5,JO,https://www.linkedin.com/in/mentor-1086/,https://api.dicebear.com/7.x/avataaars/svg?seed=mentor_1086,6/6/2026,0.0,0,,,1,1,
651,1,7,EG,https://www.linkedin.com/in/mentor-1087/,https://api.dicebear.com/7.x/avataaars/svg?seed=mentor_1087,1/31/2026,4.33,3,,,1,1,
652,1,14,EG,https://www.linkedin.com/in/mentor-1088/,https://api.dicebear.com/7.x/avataaars/svg?seed=mentor_1088,4/17/2026,5.0,1,,,1,1,
653,2,4,AE,https://www.linkedin.com/in/mentor-1090/,https://api.dicebear.com/7.x/avataaars/svg?seed=mentor_1090,7/31/2026,0.0,0,,,1,1,
654,1,6,JO,https://www.linkedin.com/in/mentor-1091/,https://api.dicebear.com/7.x/avataaars/svg?seed=mentor_1091,7/8/2026,0.0,0,,,1,1,
655,1,8,EG,https://www.linkedin.com/in/mentor-1092/,https://api.dicebear.com/7.x/avataaars/svg?seed=mentor_1092,5/27/2025,3.67,3,,,1,1,
656,2,3,EG,https://www.linkedin.com/in/mentor-1095/,https://api.dicebear.com/7.x/avataaars/svg?seed=mentor_1095,11/28/2026,4.12,8,,,1,1,
657,1,12,EG,https://www.linkedin.com/in/mentor-1099/,https://api.dicebear.com/7.x/avataaars/svg?seed=mentor_1099,7/22/2025,3.82,11,,,1,1,
658,1,6,EG,https://www.linkedin.com/in/mentor-1100/,https://api.dicebear.com/7.x/avataaars/svg?seed=mentor_1100,8/26/2025,3.5,4,,,1,1,
659,1,8,SA,https://www.linkedin.com/in/mentor-1101/,https://api.dicebear.com/7.x/avataaars/svg?seed=mentor_1101,6/18/2025,0.0,0,,,1,1,
660,3,11,AE,https://www.linkedin.com/in/mentor-1103/,https://api.dicebear.com/7.x/avataaars/svg?seed=mentor_1103,12/15/2026,4.33,9,,,1,1,
661,1,13,AE,https://www.linkedin.com/in/mentor-1104/,https://api.dicebear.com/7.x/avataaars/svg?seed=mentor_1104,10/12/2026,3.0,5,,,1,1,
662,1,13,SA,https://www.linkedin.com/in/mentor-1105/,https://api.dicebear.com/7.x/avataaars/svg?seed=mentor_1105,11/30/2026,0.0,0,,,1,1,
663,2,4,EG,https://www.linkedin.com/in/mentor-1106/,https://api.dicebear.com/7.x/avataaars/svg?seed=mentor_1106,4/4/2026,0.0,0,,,1,1,
664,4,13,JO,https://www.linkedin.com/in/mentor-1107/,https://api.dicebear.com/7.x/avataaars/svg?seed=mentor_1107,4/20/2026,4.75,4,,,1,1,
665,1,9,SA,https://www.linkedin.com/in/mentor-1108/,https://api.dicebear.com/7.x/avataaars/svg?seed=mentor_1108,8/1/2025,0.0,0,,,1,1,
666,1,8,MA,https://www.linkedin.com/in/mentor-1110/,https://api.dicebear.com/7.x/avataaars/svg?seed=mentor_1110,7/9/2026,0.0,0,,,1,1,
667,3,4,SA,https://www.linkedin.com/in/mentor-1111/,https://api.dicebear.com/7.x/avataaars/svg?seed=mentor_1111,7/11/2025,0.0,0,,,1,1,
668,2,10,EG,https://www.linkedin.com/in/mentor-1112/,https://api.dicebear.com/7.x/avataaars/svg?seed=mentor_1112,3/25/2025,1.0,1,,,1,1,
669,3,9,AE,https://www.linkedin.com/in/mentor-1113/,https://api.dicebear.com/7.x/avataaars/svg?seed=mentor_1113,7/11/2026,0.0,0,,,1,1,
670,1,13,EG,https://www.linkedin.com/in/mentor-1114/,https://api.dicebear.com/7.x/avataaars/svg?seed=mentor_1114,8/30/2025,0.0,0,,,1,1,
671,1,7,AE,https://www.linkedin.com/in/mentor-1115/,https://api.dicebear.com/7.x/avataaars/svg?seed=mentor_1115,3/14/2026,4.0,2,,,1,1,
672,3,14,EG,https://www.linkedin.com/in/mentor-1117/,https://api.dicebear.com/7.x/avataaars/svg?seed=mentor_1117,11/22/2025,4.75,4,,,1,1,
673,1,7,EG,https://www.linkedin.com/in/mentor-1118/,https://api.dicebear.com/7.x/avataaars/svg?seed=mentor_1118,2/7/2026,0.0,0,,,1,1,
674,3,9,JO,https://www.linkedin.com/in/mentor-1121/,https://api.dicebear.com/7.x/avataaars/svg?seed=mentor_1121,5/21/2025,0.0,0,,,1,1,
675,2,11,EG,https://www.linkedin.com/in/mentor-1122/,https://api.dicebear.com/7.x/avataaars/svg?seed=mentor_1122,2/21/2025,4.33,3,,,1,1,
676,1,13,JO,https://www.linkedin.com/in/mentor-1124/,https://api.dicebear.com/7.x/avataaars/svg?seed=mentor_1124,7/22/2025,5.0,1,,,1,1,
677,1,11,EG,https://www.linkedin.com/in/mentor-1125/,https://api.dicebear.com/7.x/avataaars/svg?seed=mentor_1125,9/26/2026,0.0,0,,,1,1,
678,2,11,SA,https://www.linkedin.com/in/mentor-1126/,https://api.dicebear.com/7.x/avataaars/svg?seed=mentor_1126,6/6/2026,4.0,1,,,1,1,
679,3,8,AE,https://www.linkedin.com/in/mentor-1128/,https://api.dicebear.com/7.x/avataaars/svg?seed=mentor_1128,10/8/2025,0.0,0,,,1,1,
680,2,12,SA,https://www.linkedin.com/in/mentor-1129/,https://api.dicebear.com/7.x/avataaars/svg?seed=mentor_1129,7/27/2025,3.3,10,,,1,1,
681,3,8,EG,https://www.linkedin.com/in/mentor-1132/,https://api.dicebear.com/7.x/avataaars/svg?seed=mentor_1132,3/12/2025,0.0,0,,,1,1,
682,2,5,EG,https://www.linkedin.com/in/mentor-1133/,https://api.dicebear.com/7.x/avataaars/svg?seed=mentor_1133,10/8/2026,0.0,0,,,1,1,
683,2,3,EG,https://www.linkedin.com/in/mentor-1134/,https://api.dicebear.com/7.x/avataaars/svg?seed=mentor_1134,10/16/2026,0.0,0,,,1,1,
684,2,9,EG,https://www.linkedin.com/in/mentor-1135/,https://api.dicebear.com/7.x/avataaars/svg?seed=mentor_1135,2/28/2026,4.0,2,,,1,1,
685,3,6,AE,https://www.linkedin.com/in/mentor-1136/,https://api.dicebear.com/7.x/avataaars/svg?seed=mentor_1136,9/17/2025,0.0,0,,,1,1,
686,3,3,MA,https://www.linkedin.com/in/mentor-1138/,https://api.dicebear.com/7.x/avataaars/svg?seed=mentor_1138,11/1/2026,3.57,14,,,1,1,
687,3,10,JO,https://www.linkedin.com/in/mentor-1139/,https://api.dicebear.com/7.x/avataaars/svg?seed=mentor_1139,1/9/2026,3.0,1,,,1,1,
688,1,14,AE,https://www.linkedin.com/in/mentor-1144/,https://api.dicebear.com/7.x/avataaars/svg?seed=mentor_1144,3/31/2025,5.0,1,,,1,1,
689,3,8,AE,https://www.linkedin.com/in/mentor-1147/,https://api.dicebear.com/7.x/avataaars/svg?seed=mentor_1147,3/9/2025,2.0,1,,,1,1,
690,4,8,AE,https://www.linkedin.com/in/mentor-1152/,https://api.dicebear.com/7.x/avataaars/svg?seed=mentor_1152,10/22/2025,5.0,1,,,1,1,
691,1,4,EG,https://www.linkedin.com/in/mentor-1158/,https://api.dicebear.com/7.x/avataaars/svg?seed=mentor_1158,11/16/2025,0.0,0,,,1,1,
692,1,3,MA,https://www.linkedin.com/in/mentor-1160/,https://api.dicebear.com/7.x/avataaars/svg?seed=mentor_1160,10/26/2025,5.0,1,,,1,1,
693,1,4,AE,https://www.linkedin.com/in/mentor-1162/,https://api.dicebear.com/7.x/avataaars/svg?seed=mentor_1162,5/7/2026,4.5,2,,,1,1,
694,2,6,SA,https://www.linkedin.com/in/mentor-1164/,https://api.dicebear.com/7.x/avataaars/svg?seed=mentor_1164,6/6/2025,0.0,0,,,1,1,
695,2,4,EG,https://www.linkedin.com/in/mentor-1165/,https://api.dicebear.com/7.x/avataaars/svg?seed=mentor_1165,1/15/2026,4.5,2,,,1,1,
696,4,3,SA,https://www.linkedin.com/in/mentor-1166/,https://api.dicebear.com/7.x/avataaars/svg?seed=mentor_1166,9/5/2025,3.8,5,,,1,1,
697,4,9,SA,https://www.linkedin.com/in/mentor-1171/,https://api.dicebear.com/7.x/avataaars/svg?seed=mentor_1171,3/27/2025,5.0,3,,,1,1,
698,1,13,JO,https://www.linkedin.com/in/mentor-1172/,https://api.dicebear.com/7.x/avataaars/svg?seed=mentor_1172,11/20/2025,4.88,8,,,1,1,
699,3,13,SA,https://www.linkedin.com/in/mentor-1174/,https://api.dicebear.com/7.x/avataaars/svg?seed=mentor_1174,3/26/2025,0.0,0,,,1,1,
700,4,14,EG,https://www.linkedin.com/in/mentor-1176/,https://api.dicebear.com/7.x/avataaars/svg?seed=mentor_1176,8/25/2025,0.0,0,,,1,1,
701,2,10,MA,https://www.linkedin.com/in/mentor-1177/,https://api.dicebear.com/7.x/avataaars/svg?seed=mentor_1177,10/24/2026,3.0,3,,,1,1,
702,1,8,EG,https://www.linkedin.com/in/mentor-1178/,https://api.dicebear.com/7.x/avataaars/svg?seed=mentor_1178,5/7/2026,3.83,12,,,1,1,
703,1,6,SA,https://www.linkedin.com/in/mentor-1179/,https://api.dicebear.com/7.x/avataaars/svg?seed=mentor_1179,2/26/2025,0.0,0,,,1,1,
704,1,8,EG,https://www.linkedin.com/in/mentor-1180/,https://api.dicebear.com/7.x/avataaars/svg?seed=mentor_1180,3/25/2025,5.0,1,,,1,1,
705,1,5,AE,https://www.linkedin.com/in/mentor-1182/,https://api.dicebear.com/7.x/avataaars/svg?seed=mentor_1182,3/8/2026,0.0,0,,,1,1,
706,3,14,MA,https://www.linkedin.com/in/mentor-1183/,https://api.dicebear.com/7.x/avataaars/svg?seed=mentor_1183,5/12/2025,3.0,5,,,1,1,
707,2,10,EG,https://www.linkedin.com/in/mentor-1186/,https://api.dicebear.com/7.x/avataaars/svg?seed=mentor_1186,11/23/2026,0.0,0,,,1,1,
708,4,12,JO,https://www.linkedin.com/in/mentor-1188/,https://api.dicebear.com/7.x/avataaars/svg?seed=mentor_1188,5/15/2025,0.0,0,,,1,1,
709,1,4,EG,https://www.linkedin.com/in/mentor-1190/,https://api.dicebear.com/7.x/avataaars/svg?seed=mentor_1190,11/29/2026,3.91,11,,,1,1,
710,2,7,MA,https://www.linkedin.com/in/mentor-1191/,https://api.dicebear.com/7.x/avataaars/svg?seed=mentor_1191,12/19/2025,5.0,1,,,1,1,
711,4,3,AE,https://www.linkedin.com/in/mentor-1193/,https://api.dicebear.com/7.x/avataaars/svg?seed=mentor_1193,6/5/2025,4.0,7,,,1,1,
712,2,8,JO,https://www.linkedin.com/in/mentor-1194/,https://api.dicebear.com/7.x/avataaars/svg?seed=mentor_1194,6/6/2025,0.0,0,,,1,1,
713,1,4,EG,https://www.linkedin.com/in/mentor-1195/,https://api.dicebear.com/7.x/avataaars/svg?seed=mentor_1195,10/28/2025,0.0,0,,,1,1,
714,2,6,MA,https://www.linkedin.com/in/mentor-1196/,https://api.dicebear.com/7.x/avataaars/svg?seed=mentor_1196,2/27/2025,4.4,5,,,1,1,
715,2,8,AE,https://www.linkedin.com/in/mentor-1197/,https://api.dicebear.com/7.x/avataaars/svg?seed=mentor_1197,5/16/2025,0.0,0,,,1,1,
716,1,12,EG,https://www.linkedin.com/in/mentor-1199/,https://api.dicebear.com/7.x/avataaars/svg?seed=mentor_1199,6/16/2026,3.0,1,,,1,1,
717,3,13,JO,https://www.linkedin.com/in/mentor-1200/,https://api.dicebear.com/7.x/avataaars/svg?seed=mentor_1200,5/3/2026,0.0,0,,,1,1,
718,1,10,EG,https://www.linkedin.com/in/mentor-1201/,https://api.dicebear.com/7.x/avataaars/svg?seed=mentor_1201,2/26/2026,0.0,0,,,1,1,
719,1,14,JO,https://www.linkedin.com/in/mentor-1203/,https://api.dicebear.com/7.x/avataaars/svg?seed=mentor_1203,5/3/2025,5.0,1,,,1,1,
720,1,10,EG,https://www.linkedin.com/in/mentor-1204/,https://api.dicebear.com/7.x/avataaars/svg?seed=mentor_1204,1/17/2025,3.67,3,,,1,1,
721,1,13,AE,https://www.linkedin.com/in/mentor-1205/,https://api.dicebear.com/7.x/avataaars/svg?seed=mentor_1205,5/1/2026,0.0,0,,,1,1,
722,3,8,SA,https://www.linkedin.com/in/mentor-1208/,https://api.dicebear.com/7.x/avataaars/svg?seed=mentor_1208,8/24/2026,0.0,0,,,1,1,
723,2,6,EG,https://www.linkedin.com/in/mentor-1209/,https://api.dicebear.com/7.x/avataaars/svg?seed=mentor_1209,12/2/2026,0.0,0,,,1,1,
724,1,10,EG,https://www.linkedin.com/in/mentor-1211/,https://api.dicebear.com/7.x/avataaars/svg?seed=mentor_1211,8/21/2025,0.0,0,,,1,1,
725,1,10,EG,https://www.linkedin.com/in/mentor-1212/,https://api.dicebear.com/7.x/avataaars/svg?seed=mentor_1212,2/16/2025,0.0,0,,,1,1,
726,2,12,SA,https://www.linkedin.com/in/mentor-1214/,https://api.dicebear.com/7.x/avataaars/svg?seed=mentor_1214,12/13/2026,0.0,0,,,1,1,
727,2,3,EG,https://www.linkedin.com/in/mentor-1217/,https://api.dicebear.com/7.x/avataaars/svg?seed=mentor_1217,1/3/2026,0.0,0,,,1,1,
728,2,6,SA,https://www.linkedin.com/in/mentor-1221/,https://api.dicebear.com/7.x/avataaars/svg?seed=mentor_1221,8/4/2026,0.0,0,,,1,1,
729,4,6,EG,https://www.linkedin.com/in/mentor-1222/,https://api.dicebear.com/7.x/avataaars/svg?seed=mentor_1222,5/12/2026,0.0,0,,,1,1,
730,3,9,EG,https://www.linkedin.com/in/mentor-1223/,https://api.dicebear.com/7.x/avataaars/svg?seed=mentor_1223,4/22/2025,0.0,0,,,1,1,
731,3,13,AE,https://www.linkedin.com/in/mentor-1224/,https://api.dicebear.com/7.x/avataaars/svg?seed=mentor_1224,6/10/2025,3.0,2,,,1,1,
732,1,9,EG,https://www.linkedin.com/in/mentor-1226/,https://api.dicebear.com/7.x/avataaars/svg?seed=mentor_1226,6/8/2026,4.67,9,,,1,1,
733,2,13,MA,https://www.linkedin.com/in/mentor-1227/,https://api.dicebear.com/7.x/avataaars/svg?seed=mentor_1227,3/24/2026,0.0,0,,,1,1,
734,3,10,JO,https://www.linkedin.com/in/mentor-1229/,https://api.dicebear.com/7.x/avataaars/svg?seed=mentor_1229,4/25/2026,4.41,17,,,1,1,
735,3,13,AE,https://www.linkedin.com/in/mentor-1230/,https://api.dicebear.com/7.x/avataaars/svg?seed=mentor_1230,5/15/2025,5.0,1,,,1,1,
736,3,7,SA,https://www.linkedin.com/in/mentor-1232/,https://api.dicebear.com/7.x/avataaars/svg?seed=mentor_1232,8/27/2025,4.75,4,,,1,1,
737,1,9,JO,https://www.linkedin.com/in/mentor-1233/,https://api.dicebear.com/7.x/avataaars/svg?seed=mentor_1233,10/21/2025,5.0,1,,,1,1,
738,1,10,EG,https://www.linkedin.com/in/mentor-1234/,https://api.dicebear.com/7.x/avataaars/svg?seed=mentor_1234,9/21/2026,0.0,0,,,1,1,
739,1,11,EG,https://www.linkedin.com/in/mentor-1235/,https://api.dicebear.com/7.x/avataaars/svg?seed=mentor_1235,1/7/2026,5.0,1,,,1,1,
740,1,5,EG,https://www.linkedin.com/in/mentor-1238/,https://api.dicebear.com/7.x/avataaars/svg?seed=mentor_1238,2/23/2025,0.0,0,,,1,1,
741,2,5,AE,https://www.linkedin.com/in/mentor-1242/,https://api.dicebear.com/7.x/avataaars/svg?seed=mentor_1242,5/27/2026,0.0,0,,,1,1,
742,1,6,EG,https://www.linkedin.com/in/mentor-1243/,https://api.dicebear.com/7.x/avataaars/svg?seed=mentor_1243,2/6/2026,0.0,0,,,1,1,
743,4,7,SA,https://www.linkedin.com/in/mentor-1245/,https://api.dicebear.com/7.x/avataaars/svg?seed=mentor_1245,8/24/2026,0.0,0,,,1,1,
744,1,12,MA,https://www.linkedin.com/in/mentor-1246/,https://api.dicebear.com/7.x/avataaars/svg?seed=mentor_1246,5/30/2026,0.0,0,,,1,1,
745,1,3,JO,https://www.linkedin.com/in/mentor-1248/,https://api.dicebear.com/7.x/avataaars/svg?seed=mentor_1248,9/15/2025,0.0,0,,,1,1,
746,3,9,SA,https://www.linkedin.com/in/mentor-1249/,https://api.dicebear.com/7.x/avataaars/svg?seed=mentor_1249,7/26/2025,4.0,2,,,1,1,
747,1,11,EG,https://www.linkedin.com/in/mentor-1250/,https://api.dicebear.com/7.x/avataaars/svg?seed=mentor_1250,8/18/2025,0.0,0,,,1,1,
748,2,10,JO,https://www.linkedin.com/in/mentor-1252/,https://api.dicebear.com/7.x/avataaars/svg?seed=mentor_1252,8/21/2026,0.0,0,,,1,1,
749,2,7,SA,https://www.linkedin.com/in/mentor-1256/,https://api.dicebear.com/7.x/avataaars/svg?seed=mentor_1256,12/6/2025,3.88,8,,,1,1,
750,1,6,EG,https://www.linkedin.com/in/mentor-1259/,https://api.dicebear.com/7.x/avataaars/svg?seed=mentor_1259,12/19/2026,0.0,0,,,1,1,
751,2,14,EG,https://www.linkedin.com/in/mentor-1260/,https://api.dicebear.com/7.x/avataaars/svg?seed=mentor_1260,2/12/2025,0.0,0,,,1,1,
752,1,9,MA,https://www.linkedin.com/in/mentor-1261/,https://api.dicebear.com/7.x/avataaars/svg?seed=mentor_1261,10/14/2025,0.0,0,,,1,1,
753,2,7,AE,https://www.linkedin.com/in/mentor-1262/,https://api.dicebear.com/7.x/avataaars/svg?seed=mentor_1262,10/29/2025,3.8,5,,,1,1,
754,1,9,JO,https://www.linkedin.com/in/mentor-1264/,https://api.dicebear.com/7.x/avataaars/svg?seed=mentor_1264,4/13/2026,5.0,1,,,1,1,
755,2,14,JO,https://www.linkedin.com/in/mentor-1265/,https://api.dicebear.com/7.x/avataaars/svg?seed=mentor_1265,2/11/2025,0.0,0,,,1,1,
756,1,3,SA,https://www.linkedin.com/in/mentor-1267/,https://api.dicebear.com/7.x/avataaars/svg?seed=mentor_1267,12/21/2025,4.0,4,,,1,1,
757,2,3,SA,https://www.linkedin.com/in/mentor-1269/,https://api.dicebear.com/7.x/avataaars/svg?seed=mentor_1269,12/13/2025,0.0,0,,,1,1,
758,1,12,SA,https://www.linkedin.com/in/mentor-1270/,https://api.dicebear.com/7.x/avataaars/svg?seed=mentor_1270,6/2/2025,0.0,0,,,1,1,
759,4,5,EG,https://www.linkedin.com/in/mentor-1271/,https://api.dicebear.com/7.x/avataaars/svg?seed=mentor_1271,7/1/2025,3.0,3,,,1,1,
760,2,13,SA,https://www.linkedin.com/in/mentor-1272/,https://api.dicebear.com/7.x/avataaars/svg?seed=mentor_1272,2/15/2026,0.0,0,,,1,1,
761,4,4,AE,https://www.linkedin.com/in/mentor-1273/,https://api.dicebear.com/7.x/avataaars/svg?seed=mentor_1273,10/27/2026,0.0,0,,,1,1,
762,2,4,SA,https://www.linkedin.com/in/mentor-1274/,https://api.dicebear.com/7.x/avataaars/svg?seed=mentor_1274,12/15/2026,3.5,2,,,1,1,
763,4,9,JO,https://www.linkedin.com/in/mentor-1278/,https://api.dicebear.com/7.x/avataaars/svg?seed=mentor_1278,6/26/2025,0.0,0,,,1,1,
764,1,14,SA,https://www.linkedin.com/in/mentor-1279/,https://api.dicebear.com/7.x/avataaars/svg?seed=mentor_1279,1/6/2025,0.0,0,,,1,1,
765,4,12,SA,https://www.linkedin.com/in/mentor-1280/,https://api.dicebear.com/7.x/avataaars/svg?seed=mentor_1280,10/5/2026,0.0,0,,,1,1,
766,1,4,SA,https://www.linkedin.com/in/mentor-1282/,https://api.dicebear.com/7.x/avataaars/svg?seed=mentor_1282,9/27/2026,0.0,0,,,1,1,
767,1,13,SA,https://www.linkedin.com/in/mentor-1284/,https://api.dicebear.com/7.x/avataaars/svg?seed=mentor_1284,11/7/2026,0.0,0,,,1,1,
768,3,6,AE,https://www.linkedin.com/in/mentor-1285/,https://api.dicebear.com/7.x/avataaars/svg?seed=mentor_1285,10/14/2025,0.0,0,,,1,1,
769,2,4,EG,https://www.linkedin.com/in/mentor-1286/,https://api.dicebear.com/7.x/avataaars/svg?seed=mentor_1286,9/29/2026,4.0,3,,,1,1,
770,2,8,SA,https://www.linkedin.com/in/mentor-1287/,https://api.dicebear.com/7.x/avataaars/svg?seed=mentor_1287,9/24/2025,0.0,0,,,1,1,
771,1,10,EG,https://www.linkedin.com/in/mentor-1288/,https://api.dicebear.com/7.x/avataaars/svg?seed=mentor_1288,11/14/2026,4.25,8,,,1,1,
772,3,12,EG,https://www.linkedin.com/in/mentor-1289/,https://api.dicebear.com/7.x/avataaars/svg?seed=mentor_1289,6/18/2025,5.0,2,,,1,1,
773,2,6,SA,https://www.linkedin.com/in/mentor-1290/,https://api.dicebear.com/7.x/avataaars/svg?seed=mentor_1290,9/5/2026,0.0,0,,,1,1,
774,1,7,AE,https://www.linkedin.com/in/mentor-1291/,https://api.dicebear.com/7.x/avataaars/svg?seed=mentor_1291,10/23/2026,0.0,0,,,1,1,
775,1,6,MA,https://www.linkedin.com/in/mentor-1293/,https://api.dicebear.com/7.x/avataaars/svg?seed=mentor_1293,4/4/2025,0.0,0,,,1,1,
776,1,5,SA,https://www.linkedin.com/in/mentor-1294/,https://api.dicebear.com/7.x/avataaars/svg?seed=mentor_1294,5/31/2025,0.0,0,,,1,1,
777,1,7,AE,https://www.linkedin.com/in/mentor-1296/,https://api.dicebear.com/7.x/avataaars/svg?seed=mentor_1296,9/29/2025,4.0,10,,,1,1,
778,2,11,SA,https://www.linkedin.com/in/mentor-1299/,https://api.dicebear.com/7.x/avataaars/svg?seed=mentor_1299,4/3/2026,0.0,0,,,1,1,
779,1,10,SA,https://www.linkedin.com/in/mentor-1300/,https://api.dicebear.com/7.x/avataaars/svg?seed=mentor_1300,1/26/2025,0.0,0,,,1,1,
780,4,10,EG,https://www.linkedin.com/in/mentor-1302/,https://api.dicebear.com/7.x/avataaars/svg?seed=mentor_1302,8/2/2025,0.0,0,,,1,1,
781,1,10,EG,https://www.linkedin.com/in/mentor-1303/,https://api.dicebear.com/7.x/avataaars/svg?seed=mentor_1303,8/23/2026,3.0,2,,,1,1,
782,1,14,EG,https://www.linkedin.com/in/mentor-1304/,https://api.dicebear.com/7.x/avataaars/svg?seed=mentor_1304,1/31/2025,0.0,0,,,1,1,
783,1,10,SA,https://www.linkedin.com/in/mentor-1305/,https://api.dicebear.com/7.x/avataaars/svg?seed=mentor_1305,9/8/2026,3.57,7,,,1,1,
784,4,9,EG,https://www.linkedin.com/in/mentor-1308/,https://api.dicebear.com/7.x/avataaars/svg?seed=mentor_1308,1/20/2025,0.0,0,,,1,1,
785,1,10,EG,https://www.linkedin.com/in/mentor-1309/,https://api.dicebear.com/7.x/avataaars/svg?seed=mentor_1309,1/22/2025,4.0,8,,,1,1,
786,2,13,EG,https://www.linkedin.com/in/mentor-1310/,https://api.dicebear.com/7.x/avataaars/svg?seed=mentor_1310,6/12/2026,0.0,0,,,1,1,
787,1,10,MA,https://www.linkedin.com/in/mentor-1311/,https://api.dicebear.com/7.x/avataaars/svg?seed=mentor_1311,10/18/2025,4.5,2,,,1,1,
788,1,10,EG,https://www.linkedin.com/in/mentor-1312/,https://api.dicebear.com/7.x/avataaars/svg?seed=mentor_1312,1/5/2025,3.75,4,,,1,1,
789,2,14,SA,https://www.linkedin.com/in/mentor-1314/,https://api.dicebear.com/7.x/avataaars/svg?seed=mentor_1314,10/9/2026,0.0,0,,,1,1,
790,1,12,EG,https://www.linkedin.com/in/mentor-1316/,https://api.dicebear.com/7.x/avataaars/svg?seed=mentor_1316,10/24/2026,4.5,2,,,1,1,
791,4,9,SA,https://www.linkedin.com/in/mentor-1317/,https://api.dicebear.com/7.x/avataaars/svg?seed=mentor_1317,11/26/2026,4.2,5,,,1,1,
792,2,14,EG,https://www.linkedin.com/in/mentor-1318/,https://api.dicebear.com/7.x/avataaars/svg?seed=mentor_1318,7/22/2026,0.0,0,,,1,1,
793,1,3,EG,https://www.linkedin.com/in/mentor-1319/,https://api.dicebear.com/7.x/avataaars/svg?seed=mentor_1319,7/17/2025,4.75,4,,,1,1,
794,3,6,SA,https://www.linkedin.com/in/mentor-1321/,https://api.dicebear.com/7.x/avataaars/svg?seed=mentor_1321,4/18/2026,0.0,0,,,1,1,
795,1,6,EG,https://www.linkedin.com/in/mentor-1322/,https://api.dicebear.com/7.x/avataaars/svg?seed=mentor_1322,4/22/2025,4.0,2,,,1,1,
796,2,7,EG,https://www.linkedin.com/in/mentor-1323/,https://api.dicebear.com/7.x/avataaars/svg?seed=mentor_1323,7/27/2026,4.35,26,,,1,1,
797,4,12,EG,https://www.linkedin.com/in/mentor-1326/,https://api.dicebear.com/7.x/avataaars/svg?seed=mentor_1326,11/2/2025,0.0,0,,,1,1,
798,1,8,EG,https://www.linkedin.com/in/mentor-1331/,https://api.dicebear.com/7.x/avataaars/svg?seed=mentor_1331,8/25/2025,0.0,0,,,1,1,
799,3,6,EG,https://www.linkedin.com/in/mentor-1333/,https://api.dicebear.com/7.x/avataaars/svg?seed=mentor_1333,2/3/2026,3.62,8,,,1,1,
800,2,4,EG,https://www.linkedin.com/in/mentor-1334/,https://api.dicebear.com/7.x/avataaars/svg?seed=mentor_1334,11/11/2026,4.33,3,,,1,1,
801,2,8,JO,https://www.linkedin.com/in/mentor-1335/,https://api.dicebear.com/7.x/avataaars/svg?seed=mentor_1335,8/16/2025,0.0,0,,,1,1,
802,3,10,SA,https://www.linkedin.com/in/mentor-1337/,https://api.dicebear.com/7.x/avataaars/svg?seed=mentor_1337,4/20/2026,5.0,1,,,1,1,
803,2,10,SA,https://www.linkedin.com/in/mentor-1338/,https://api.dicebear.com/7.x/avataaars/svg?seed=mentor_1338,10/2/2025,0.0,0,,,1,1,
804,3,9,EG,https://www.linkedin.com/in/mentor-1339/,https://api.dicebear.com/7.x/avataaars/svg?seed=mentor_1339,7/1/2025,0.0,0,,,1,1,
805,2,8,MA,https://www.linkedin.com/in/mentor-1341/,https://api.dicebear.com/7.x/avataaars/svg?seed=mentor_1341,11/3/2026,4.5,2,,,1,1,
806,2,4,EG,https://www.linkedin.com/in/mentor-1342/,https://api.dicebear.com/7.x/avataaars/svg?seed=mentor_1342,12/8/2026,0.0,0,,,1,1,
807,3,9,EG,https://www.linkedin.com/in/mentor-1345/,https://api.dicebear.com/7.x/avataaars/svg?seed=mentor_1345,12/16/2025,3.82,11,,,1,1,
808,3,13,SA,https://www.linkedin.com/in/mentor-1348/,https://api.dicebear.com/7.x/avataaars/svg?seed=mentor_1348,12/2/2026,5.0,1,,,1,1,
809,3,14,EG,https://www.linkedin.com/in/mentor-1350/,https://api.dicebear.com/7.x/avataaars/svg?seed=mentor_1350,10/25/2025,3.0,2,,,1,1,
810,4,7,EG,https://www.linkedin.com/in/mentor-1352/,https://api.dicebear.com/7.x/avataaars/svg?seed=mentor_1352,11/11/2025,0.0,0,,,1,1,
811,1,8,SA,https://www.linkedin.com/in/mentor-1353/,https://api.dicebear.com/7.x/avataaars/svg?seed=mentor_1353,10/9/2025,5.0,1,,,1,1,
812,2,12,JO,https://www.linkedin.com/in/mentor-1356/,https://api.dicebear.com/7.x/avataaars/svg?seed=mentor_1356,11/30/2026,0.0,0,,,1,1,
813,3,10,SA,https://www.linkedin.com/in/mentor-1357/,https://api.dicebear.com/7.x/avataaars/svg?seed=mentor_1357,11/16/2026,0.0,0,,,1,1,
814,1,10,AE,https://www.linkedin.com/in/mentor-1358/,https://api.dicebear.com/7.x/avataaars/svg?seed=mentor_1358,9/21/2026,5.0,4,,,1,1,
815,2,5,MA,https://www.linkedin.com/in/mentor-1360/,https://api.dicebear.com/7.x/avataaars/svg?seed=mentor_1360,1/12/2026,3.0,2,,,1,1,
816,2,14,EG,https://www.linkedin.com/in/mentor-1361/,https://api.dicebear.com/7.x/avataaars/svg?seed=mentor_1361,9/5/2025,4.33,3,,,1,1,
817,1,14,EG,https://www.linkedin.com/in/mentor-1362/,https://api.dicebear.com/7.x/avataaars/svg?seed=mentor_1362,8/1/2025,0.0,0,,,1,1,
818,2,9,EG,https://www.linkedin.com/in/mentor-1363/,https://api.dicebear.com/7.x/avataaars/svg?seed=mentor_1363,7/4/2026,0.0,0,,,1,1,
819,2,3,SA,https://www.linkedin.com/in/mentor-1365/,https://api.dicebear.com/7.x/avataaars/svg?seed=mentor_1365,10/30/2025,0.0,0,,,1,1,
820,3,3,SA,https://www.linkedin.com/in/mentor-1367/,https://api.dicebear.com/7.x/avataaars/svg?seed=mentor_1367,5/22/2025,0.0,0,,,1,1,
821,3,9,MA,https://www.linkedin.com/in/mentor-1369/,https://api.dicebear.com/7.x/avataaars/svg?seed=mentor_1369,9/15/2025,0.0,0,,,1,1,
822,3,12,AE,https://www.linkedin.com/in/mentor-1371/,https://api.dicebear.com/7.x/avataaars/svg?seed=mentor_1371,3/10/2025,0.0,0,,,1,1,
823,2,11,SA,https://www.linkedin.com/in/mentor-1375/,https://api.dicebear.com/7.x/avataaars/svg?seed=mentor_1375,11/30/2026,0.0,0,,,1,1,
824,1,9,EG,https://www.linkedin.com/in/mentor-1376/,https://api.dicebear.com/7.x/avataaars/svg?seed=mentor_1376,5/5/2025,5.0,1,,,1,1,
825,1,12,JO,https://www.linkedin.com/in/mentor-1377/,https://api.dicebear.com/7.x/avataaars/svg?seed=mentor_1377,8/13/2026,4.75,4,,,1,1,
826,2,7,MA,https://www.linkedin.com/in/mentor-1378/,https://api.dicebear.com/7.x/avataaars/svg?seed=mentor_1378,5/6/2025,3.5,6,,,1,1,
827,1,10,JO,https://www.linkedin.com/in/mentor-1379/,https://api.dicebear.com/7.x/avataaars/svg?seed=mentor_1379,1/30/2026,3.33,6,,,1,1,
828,2,4,EG,https://www.linkedin.com/in/mentor-1380/,https://api.dicebear.com/7.x/avataaars/svg?seed=mentor_1380,6/27/2025,0.0,0,,,1,1,
829,3,11,SA,https://www.linkedin.com/in/mentor-1381/,https://api.dicebear.com/7.x/avataaars/svg?seed=mentor_1381,2/24/2025,4.5,8,,,1,1,
830,1,8,EG,https://www.linkedin.com/in/mentor-1382/,https://api.dicebear.com/7.x/avataaars/svg?seed=mentor_1382,9/6/2026,4.5,4,,,1,1,
831,1,11,EG,https://www.linkedin.com/in/mentor-1383/,https://api.dicebear.com/7.x/avataaars/svg?seed=mentor_1383,8/18/2025,0.0,0,,,1,1,
832,1,4,EG,https://www.linkedin.com/in/mentor-1384/,https://api.dicebear.com/7.x/avataaars/svg?seed=mentor_1384,8/13/2026,3.75,8,,,1,1,
833,3,5,SA,https://www.linkedin.com/in/mentor-1386/,https://api.dicebear.com/7.x/avataaars/svg?seed=mentor_1386,2/18/2026,4.27,15,,,1,1,
834,1,14,AE,https://www.linkedin.com/in/mentor-1387/,https://api.dicebear.com/7.x/avataaars/svg?seed=mentor_1387,3/13/2025,3.67,6,,,1,1,
835,2,10,EG,https://www.linkedin.com/in/mentor-1388/,https://api.dicebear.com/7.x/avataaars/svg?seed=mentor_1388,3/1/2026,3.25,4,,,1,1,
836,1,3,EG,https://www.linkedin.com/in/mentor-1390/,https://api.dicebear.com/7.x/avataaars/svg?seed=mentor_1390,12/14/2025,4.5,2,,,1,1,
837,4,12,SA,https://www.linkedin.com/in/mentor-1392/,https://api.dicebear.com/7.x/avataaars/svg?seed=mentor_1392,11/4/2026,0.0,0,,,1,1,
838,2,9,EG,https://www.linkedin.com/in/mentor-1394/,https://api.dicebear.com/7.x/avataaars/svg?seed=mentor_1394,12/10/2025,3.67,3,,,1,1,
839,4,9,EG,https://www.linkedin.com/in/mentor-1395/,https://api.dicebear.com/7.x/avataaars/svg?seed=mentor_1395,12/25/2026,4.0,6,,,1,1,
840,1,3,SA,https://www.linkedin.com/in/mentor-1396/,https://api.dicebear.com/7.x/avataaars/svg?seed=mentor_1396,11/8/2025,4.0,3,,,1,1,
841,1,11,AE,https://www.linkedin.com/in/mentor-1399/,https://api.dicebear.com/7.x/avataaars/svg?seed=mentor_1399,4/20/2025,3.0,1,,,1,1,
842,1,10,EG,https://www.linkedin.com/in/mentor-1400/,https://api.dicebear.com/7.x/avataaars/svg?seed=mentor_1400,7/3/2025,0.0,0,,,1,1,
843,1,6,EG,https://www.linkedin.com/in/mentor-1402/,https://api.dicebear.com/7.x/avataaars/svg?seed=mentor_1402,7/29/2025,4.57,7,,,1,1,
844,1,12,EG,https://www.linkedin.com/in/mentor-1404/,https://api.dicebear.com/7.x/avataaars/svg?seed=mentor_1404,9/20/2026,0.0,0,,,1,1,
845,2,13,MA,https://www.linkedin.com/in/mentor-1405/,https://api.dicebear.com/7.x/avataaars/svg?seed=mentor_1405,8/28/2026,3.33,3,,,1,1,
846,1,7,AE,https://www.linkedin.com/in/mentor-1406/,https://api.dicebear.com/7.x/avataaars/svg?seed=mentor_1406,4/2/2025,0.0,0,,,1,1,
847,2,4,AE,https://www.linkedin.com/in/mentor-1407/,https://api.dicebear.com/7.x/avataaars/svg?seed=mentor_1407,5/25/2026,4.33,3,,,1,1,
848,4,11,EG,https://www.linkedin.com/in/mentor-1408/,https://api.dicebear.com/7.x/avataaars/svg?seed=mentor_1408,9/17/2026,0.0,0,,,1,1,
849,2,14,SA,https://www.linkedin.com/in/mentor-1411/,https://api.dicebear.com/7.x/avataaars/svg?seed=mentor_1411,6/8/2026,0.0,0,,,1,1,
850,1,14,EG,https://www.linkedin.com/in/mentor-1412/,https://api.dicebear.com/7.x/avataaars/svg?seed=mentor_1412,9/23/2026,3.94,16,,,1,1,
851,4,8,SA,https://www.linkedin.com/in/mentor-1413/,https://api.dicebear.com/7.x/avataaars/svg?seed=mentor_1413,3/6/2025,0.0,0,,,1,1,
852,1,5,MA,https://www.linkedin.com/in/mentor-1414/,https://api.dicebear.com/7.x/avataaars/svg?seed=mentor_1414,7/14/2026,0.0,0,,,1,1,
853,1,14,SA,https://www.linkedin.com/in/mentor-1415/,https://api.dicebear.com/7.x/avataaars/svg?seed=mentor_1415,1/19/2026,0.0,0,,,1,1,
854,3,9,JO,https://www.linkedin.com/in/mentor-1419/,https://api.dicebear.com/7.x/avataaars/svg?seed=mentor_1419,7/4/2025,4.0,2,,,1,1,
855,1,11,AE,https://www.linkedin.com/in/mentor-1420/,https://api.dicebear.com/7.x/avataaars/svg?seed=mentor_1420,4/1/2025,4.0,1,,,1,1,
856,4,5,EG,https://www.linkedin.com/in/mentor-1421/,https://api.dicebear.com/7.x/avataaars/svg?seed=mentor_1421,4/16/2026,0.0,0,,,1,1,
857,2,4,MA,https://www.linkedin.com/in/mentor-1422/,https://api.dicebear.com/7.x/avataaars/svg?seed=mentor_1422,1/17/2026,0.0,0,,,1,1,
858,2,9,EG,https://www.linkedin.com/in/mentor-1423/,https://api.dicebear.com/7.x/avataaars/svg?seed=mentor_1423,2/2/2025,0.0,0,,,1,1,
859,2,9,SA,https://www.linkedin.com/in/mentor-1424/,https://api.dicebear.com/7.x/avataaars/svg?seed=mentor_1424,12/25/2025,0.0,0,,,1,1,
860,1,6,EG,https://www.linkedin.com/in/mentor-1428/,https://api.dicebear.com/7.x/avataaars/svg?seed=mentor_1428,10/30/2026,0.0,0,,,1,1,
861,1,13,EG,https://www.linkedin.com/in/mentor-1430/,https://api.dicebear.com/7.x/avataaars/svg?seed=mentor_1430,11/18/2025,0.0,0,,,1,1,
862,1,11,SA,https://www.linkedin.com/in/mentor-1431/,https://api.dicebear.com/7.x/avataaars/svg?seed=mentor_1431,3/11/2025,0.0,0,,,1,1,
863,1,10,EG,https://www.linkedin.com/in/mentor-1436/,https://api.dicebear.com/7.x/avataaars/svg?seed=mentor_1436,4/3/2026,1.5,2,,,1,1,
864,3,3,SA,https://www.linkedin.com/in/mentor-1437/,https://api.dicebear.com/7.x/avataaars/svg?seed=mentor_1437,5/1/2026,0.0,0,,,1,1,
865,1,3,SA,https://www.linkedin.com/in/mentor-1438/,https://api.dicebear.com/7.x/avataaars/svg?seed=mentor_1438,6/14/2026,4.28,18,,,1,1,
866,1,7,EG,https://www.linkedin.com/in/mentor-1442/,https://api.dicebear.com/7.x/avataaars/svg?seed=mentor_1442,1/14/2025,0.0,0,,,1,1,
867,3,8,EG,https://www.linkedin.com/in/mentor-1445/,https://api.dicebear.com/7.x/avataaars/svg?seed=mentor_1445,6/1/2025,4.33,6,,,1,1,
868,1,5,SA,https://www.linkedin.com/in/mentor-1447/,https://api.dicebear.com/7.x/avataaars/svg?seed=mentor_1447,10/28/2025,0.0,0,,,1,1,
869,1,11,EG,https://www.linkedin.com/in/mentor-1448/,https://api.dicebear.com/7.x/avataaars/svg?seed=mentor_1448,1/19/2025,0.0,0,,,1,1,
870,1,14,AE,https://www.linkedin.com/in/mentor-1449/,https://api.dicebear.com/7.x/avataaars/svg?seed=mentor_1449,11/18/2026,0.0,0,,,1,1,
871,1,12,AE,https://www.linkedin.com/in/mentor-1450/,https://api.dicebear.com/7.x/avataaars/svg?seed=mentor_1450,9/22/2026,0.0,0,,,1,1,
872,1,8,JO,https://www.linkedin.com/in/mentor-1451/,https://api.dicebear.com/7.x/avataaars/svg?seed=mentor_1451,1/6/2026,5.0,1,,,1,1,
873,4,6,AE,https://www.linkedin.com/in/mentor-1452/,https://api.dicebear.com/7.x/avataaars/svg?seed=mentor_1452,9/2/2025,5.0,3,,,1,1,
874,2,14,SA,https://www.linkedin.com/in/mentor-1453/,https://api.dicebear.com/7.x/avataaars/svg?seed=mentor_1453,8/9/2026,3.0,1,,,1,1,
875,2,9,AE,https://www.linkedin.com/in/mentor-1454/,https://api.dicebear.com/7.x/avataaars/svg?seed=mentor_1454,4/28/2026,0.0,0,,,1,1,
876,1,10,EG,https://www.linkedin.com/in/mentor-1455/,https://api.dicebear.com/7.x/avataaars/svg?seed=mentor_1455,11/8/2026,5.0,1,,,1,1,
877,4,11,EG,https://www.linkedin.com/in/mentor-1456/,https://api.dicebear.com/7.x/avataaars/svg?seed=mentor_1456,10/13/2026,4.0,8,,,1,1,
878,4,13,AE,https://www.linkedin.com/in/mentor-1457/,https://api.dicebear.com/7.x/avataaars/svg?seed=mentor_1457,5/22/2026,3.0,2,,,1,1,
879,1,8,SA,https://www.linkedin.com/in/mentor-1458/,https://api.dicebear.com/7.x/avataaars/svg?seed=mentor_1458,4/29/2025,3.6,5,,,1,1,
880,4,8,AE,https://www.linkedin.com/in/mentor-1460/,https://api.dicebear.com/7.x/avataaars/svg?seed=mentor_1460,10/10/2025,2.67,3,,,1,1,
881,1,10,JO,https://www.linkedin.com/in/mentor-1462/,https://api.dicebear.com/7.x/avataaars/svg?seed=mentor_1462,8/20/2026,4.0,5,,,1,1,
882,1,14,JO,https://www.linkedin.com/in/mentor-1463/,https://api.dicebear.com/7.x/avataaars/svg?seed=mentor_1463,10/3/2026,0.0,0,,,1,1,
883,1,7,MA,https://www.linkedin.com/in/mentor-1464/,https://api.dicebear.com/7.x/avataaars/svg?seed=mentor_1464,7/28/2026,4.0,2,,,1,1,
884,3,5,SA,https://www.linkedin.com/in/mentor-1466/,https://api.dicebear.com/7.x/avataaars/svg?seed=mentor_1466,1/28/2025,0.0,0,,,1,1,
885,1,14,EG,https://www.linkedin.com/in/mentor-1468/,https://api.dicebear.com/7.x/avataaars/svg?seed=mentor_1468,3/20/2026,3.5,4,,,1,1,
886,3,5,SA,https://www.linkedin.com/in/mentor-1469/,https://api.dicebear.com/7.x/avataaars/svg?seed=mentor_1469,10/21/2025,0.0,0,,,1,1,
887,1,8,EG,https://www.linkedin.com/in/mentor-1472/,https://api.dicebear.com/7.x/avataaars/svg?seed=mentor_1472,7/6/2026,0.0,0,,,1,1,
888,3,4,SA,https://www.linkedin.com/in/mentor-1473/,https://api.dicebear.com/7.x/avataaars/svg?seed=mentor_1473,2/14/2026,5.0,1,,,1,1,
889,3,8,AE,https://www.linkedin.com/in/mentor-1476/,https://api.dicebear.com/7.x/avataaars/svg?seed=mentor_1476,8/2/2025,3.88,8,,,1,1,
890,1,8,AE,https://www.linkedin.com/in/mentor-1477/,https://api.dicebear.com/7.x/avataaars/svg?seed=mentor_1477,2/12/2026,5.0,1,,,1,1,
891,1,10,EG,https://www.linkedin.com/in/mentor-1478/,https://api.dicebear.com/7.x/avataaars/svg?seed=mentor_1478,9/6/2026,0.0,0,,,1,1,
892,1,9,EG,https://www.linkedin.com/in/mentor-1481/,https://api.dicebear.com/7.x/avataaars/svg?seed=mentor_1481,3/31/2026,4.6,5,,,1,1,
893,1,10,SA,https://www.linkedin.com/in/mentor-1484/,https://api.dicebear.com/7.x/avataaars/svg?seed=mentor_1484,8/20/2025,0.0,0,,,1,1,
894,1,11,EG,https://www.linkedin.com/in/mentor-1487/,https://api.dicebear.com/7.x/avataaars/svg?seed=mentor_1487,2/21/2025,3.5,4,,,1,1,
895,1,8,JO,https://www.linkedin.com/in/mentor-1488/,https://api.dicebear.com/7.x/avataaars/svg?seed=mentor_1488,1/17/2026,3.0,1,,,1,1,
896,2,5,EG,https://www.linkedin.com/in/mentor-1489/,https://api.dicebear.com/7.x/avataaars/svg?seed=mentor_1489,3/29/2026,0.0,0,,,1,1,
897,1,12,EG,https://www.linkedin.com/in/mentor-1491/,https://api.dicebear.com/7.x/avataaars/svg?seed=mentor_1491,8/17/2026,4.67,3,,,1,1,
898,2,5,EG,https://www.linkedin.com/in/mentor-1492/,https://api.dicebear.com/7.x/avataaars/svg?seed=mentor_1492,10/15/2025,0.0,0,,,1,1,
899,3,13,SA,https://www.linkedin.com/in/mentor-1495/,https://api.dicebear.com/7.x/avataaars/svg?seed=mentor_1495,8/1/2025,0.0,0,,,1,1,
900,1,14,SA,https://www.linkedin.com/in/mentor-1499/,https://api.dicebear.com/7.x/avataaars/svg?seed=mentor_1499,10/6/2026,0.0,0,,,1,1,
901,2,3,EG,https://www.linkedin.com/in/mentor-1500/,https://api.dicebear.com/7.x/avataaars/svg?seed=mentor_1500,3/20/2026,0.0,0,,,1,1,
902,3,13,EG,https://www.linkedin.com/in/mentor-1502/,https://api.dicebear.com/7.x/avataaars/svg?seed=mentor_1502,5/19/2026,0.0,0,,,1,1,
903,1,7,SA,https://www.linkedin.com/in/mentor-1503/,https://api.dicebear.com/7.x/avataaars/svg?seed=mentor_1503,11/4/2026,0.0,0,,,1,1,
904,1,6,EG,https://www.linkedin.com/in/mentor-1504/,https://api.dicebear.com/7.x/avataaars/svg?seed=mentor_1504,11/23/2025,0.0,0,,,1,1,
905,2,11,AE,https://www.linkedin.com/in/mentor-1506/,https://api.dicebear.com/7.x/avataaars/svg?seed=mentor_1506,1/17/2025,0.0,0,,,1,1,
906,4,11,SA,https://www.linkedin.com/in/mentor-1507/,https://api.dicebear.com/7.x/avataaars/svg?seed=mentor_1507,9/7/2026,0.0,0,,,1,1,
907,1,7,EG,https://www.linkedin.com/in/mentor-1509/,https://api.dicebear.com/7.x/avataaars/svg?seed=mentor_1509,2/25/2026,0.0,0,,,1,1,
908,2,12,EG,https://www.linkedin.com/in/mentor-1510/,https://api.dicebear.com/7.x/avataaars/svg?seed=mentor_1510,2/23/2025,0.0,0,,,1,1,
909,1,6,MA,https://www.linkedin.com/in/mentor-1511/,https://api.dicebear.com/7.x/avataaars/svg?seed=mentor_1511,9/15/2025,0.0,0,,,1,1,
910,2,9,SA,https://www.linkedin.com/in/mentor-1512/,https://api.dicebear.com/7.x/avataaars/svg?seed=mentor_1512,12/27/2025,0.0,0,,,1,1,
911,1,8,AE,https://www.linkedin.com/in/mentor-1513/,https://api.dicebear.com/7.x/avataaars/svg?seed=mentor_1513,4/12/2026,5.0,1,,,1,1,
912,1,6,EG,https://www.linkedin.com/in/mentor-1514/,https://api.dicebear.com/7.x/avataaars/svg?seed=mentor_1514,6/15/2025,4.0,3,,,1,1,
913,3,12,SA,https://www.linkedin.com/in/mentor-1515/,https://api.dicebear.com/7.x/avataaars/svg?seed=mentor_1515,8/5/2026,4.33,6,,,1,1,
914,2,4,EG,https://www.linkedin.com/in/mentor-1518/,https://api.dicebear.com/7.x/avataaars/svg?seed=mentor_1518,10/13/2026,0.0,0,,,1,1,
915,1,3,SA,https://www.linkedin.com/in/mentor-1519/,https://api.dicebear.com/7.x/avataaars/svg?seed=mentor_1519,4/24/2025,0.0,0,,,1,1,
916,1,6,MA,https://www.linkedin.com/in/mentor-1522/,https://api.dicebear.com/7.x/avataaars/svg?seed=mentor_1522,9/19/2026,3.5,4,,,1,1,
917,1,6,EG,https://www.linkedin.com/in/mentor-1524/,https://api.dicebear.com/7.x/avataaars/svg?seed=mentor_1524,10/29/2025,0.0,0,,,1,1,
918,2,3,EG,https://www.linkedin.com/in/mentor-1525/,https://api.dicebear.com/7.x/avataaars/svg?seed=mentor_1525,3/29/2025,4.0,4,,,1,1,
919,4,8,EG,https://www.linkedin.com/in/mentor-1526/,https://api.dicebear.com/7.x/avataaars/svg?seed=mentor_1526,7/30/2025,3.86,7,,,1,1,
920,4,6,EG,https://www.linkedin.com/in/mentor-1531/,https://api.dicebear.com/7.x/avataaars/svg?seed=mentor_1531,1/6/2025,0.0,0,,,1,1,
921,3,3,EG,https://www.linkedin.com/in/mentor-1533/,https://api.dicebear.com/7.x/avataaars/svg?seed=mentor_1533,8/2/2026,0.0,0,,,1,1,
922,1,3,EG,https://www.linkedin.com/in/mentor-1534/,https://api.dicebear.com/7.x/avataaars/svg?seed=mentor_1534,9/26/2025,4.12,16,,,1,1,
923,3,3,AE,https://www.linkedin.com/in/mentor-1536/,https://api.dicebear.com/7.x/avataaars/svg?seed=mentor_1536,6/19/2025,4.15,27,,,1,1,
924,1,10,SA,https://www.linkedin.com/in/mentor-1538/,https://api.dicebear.com/7.x/avataaars/svg?seed=mentor_1538,11/15/2026,0.0,0,,,1,1,
925,2,12,EG,https://www.linkedin.com/in/mentor-1539/,https://api.dicebear.com/7.x/avataaars/svg?seed=mentor_1539,10/16/2025,4.0,1,,,1,1,
926,2,10,MA,https://www.linkedin.com/in/mentor-1540/,https://api.dicebear.com/7.x/avataaars/svg?seed=mentor_1540,3/30/2026,0.0,0,,,1,1,
927,1,4,EG,https://www.linkedin.com/in/mentor-1545/,https://api.dicebear.com/7.x/avataaars/svg?seed=mentor_1545,4/10/2025,0.0,0,,,1,1,
928,1,13,MA,https://www.linkedin.com/in/mentor-1546/,https://api.dicebear.com/7.x/avataaars/svg?seed=mentor_1546,9/23/2026,4.25,4,,,1,1,
929,1,9,EG,https://www.linkedin.com/in/mentor-1547/,https://api.dicebear.com/7.x/avataaars/svg?seed=mentor_1547,6/15/2025,5.0,2,,,1,1,
930,1,10,JO,https://www.linkedin.com/in/mentor-1548/,https://api.dicebear.com/7.x/avataaars/svg?seed=mentor_1548,7/6/2025,0.0,0,,,1,1,
931,3,10,SA,https://www.linkedin.com/in/mentor-1551/,https://api.dicebear.com/7.x/avataaars/svg?seed=mentor_1551,11/19/2025,0.0,0,,,1,1,
932,2,13,JO,https://www.linkedin.com/in/mentor-1552/,https://api.dicebear.com/7.x/avataaars/svg?seed=mentor_1552,5/31/2026,0.0,0,,,1,1,
933,1,12,MA,https://www.linkedin.com/in/mentor-1553/,https://api.dicebear.com/7.x/avataaars/svg?seed=mentor_1553,5/27/2025,5.0,2,,,1,1,
934,4,13,EG,https://www.linkedin.com/in/mentor-1554/,https://api.dicebear.com/7.x/avataaars/svg?seed=mentor_1554,5/6/2026,0.0,0,,,1,1,
935,4,9,MA,https://www.linkedin.com/in/mentor-1557/,https://api.dicebear.com/7.x/avataaars/svg?seed=mentor_1557,7/19/2025,4.25,4,,,1,1,
936,2,7,EG,https://www.linkedin.com/in/mentor-1558/,https://api.dicebear.com/7.x/avataaars/svg?seed=mentor_1558,2/8/2025,4.0,2,,,1,1,
937,1,3,EG,https://www.linkedin.com/in/mentor-1559/,https://api.dicebear.com/7.x/avataaars/svg?seed=mentor_1559,10/25/2026,0.0,0,,,1,1,
938,1,14,EG,https://www.linkedin.com/in/mentor-1560/,https://api.dicebear.com/7.x/avataaars/svg?seed=mentor_1560,6/8/2026,4.33,3,,,1,1,
939,4,11,SA,https://www.linkedin.com/in/mentor-1561/,https://api.dicebear.com/7.x/avataaars/svg?seed=mentor_1561,1/19/2025,0.0,0,,,1,1,
940,3,9,EG,https://www.linkedin.com/in/mentor-1562/,https://api.dicebear.com/7.x/avataaars/svg?seed=mentor_1562,11/11/2026,0.0,0,,,1,1,
941,1,4,SA,https://www.linkedin.com/in/mentor-1564/,https://api.dicebear.com/7.x/avataaars/svg?seed=mentor_1564,3/30/2026,3.33,3,,,1,1,
942,1,8,SA,https://www.linkedin.com/in/mentor-1565/,https://api.dicebear.com/7.x/avataaars/svg?seed=mentor_1565,8/14/2025,0.0,0,,,1,1,
943,1,4,AE,https://www.linkedin.com/in/mentor-1566/,https://api.dicebear.com/7.x/avataaars/svg?seed=mentor_1566,4/20/2026,0.0,0,,,1,1,
944,2,3,JO,https://www.linkedin.com/in/mentor-1567/,https://api.dicebear.com/7.x/avataaars/svg?seed=mentor_1567,6/14/2026,0.0,0,,,1,1,
945,2,9,SA,https://www.linkedin.com/in/mentor-1568/,https://api.dicebear.com/7.x/avataaars/svg?seed=mentor_1568,4/26/2025,4.75,4,,,1,1,
946,2,4,EG,https://www.linkedin.com/in/mentor-1570/,https://api.dicebear.com/7.x/avataaars/svg?seed=mentor_1570,1/5/2025,4.0,3,,,1,1,
947,2,4,EG,https://www.linkedin.com/in/mentor-1573/,https://api.dicebear.com/7.x/avataaars/svg?seed=mentor_1573,10/11/2025,0.0,0,,,1,1,
948,1,13,EG,https://www.linkedin.com/in/mentor-1576/,https://api.dicebear.com/7.x/avataaars/svg?seed=mentor_1576,7/30/2025,3.67,3,,,1,1,
949,2,7,EG,https://www.linkedin.com/in/mentor-1577/,https://api.dicebear.com/7.x/avataaars/svg?seed=mentor_1577,9/28/2025,0.0,0,,,1,1,
950,1,7,EG,https://www.linkedin.com/in/mentor-1579/,https://api.dicebear.com/7.x/avataaars/svg?seed=mentor_1579,8/28/2026,0.0,0,,,1,1,
951,2,9,EG,https://www.linkedin.com/in/mentor-1581/,https://api.dicebear.com/7.x/avataaars/svg?seed=mentor_1581,5/9/2025,5.0,1,,,1,1,
952,2,3,MA,https://www.linkedin.com/in/mentor-1583/,https://api.dicebear.com/7.x/avataaars/svg?seed=mentor_1583,7/22/2025,4.18,11,,,1,1,
953,3,10,SA,https://www.linkedin.com/in/mentor-1584/,https://api.dicebear.com/7.x/avataaars/svg?seed=mentor_1584,2/17/2026,0.0,0,,,1,1,
954,2,5,EG,https://www.linkedin.com/in/mentor-1585/,https://api.dicebear.com/7.x/avataaars/svg?seed=mentor_1585,3/8/2025,0.0,0,,,1,1,
955,1,6,SA,https://www.linkedin.com/in/mentor-1588/,https://api.dicebear.com/7.x/avataaars/svg?seed=mentor_1588,1/2/2026,0.0,0,,,1,1,
956,1,11,EG,https://www.linkedin.com/in/mentor-1591/,https://api.dicebear.com/7.x/avataaars/svg?seed=mentor_1591,10/4/2026,4.33,6,,,1,1,
957,2,6,SA,https://www.linkedin.com/in/mentor-1592/,https://api.dicebear.com/7.x/avataaars/svg?seed=mentor_1592,3/14/2025,0.0,0,,,1,1,
958,3,12,SA,https://www.linkedin.com/in/mentor-1593/,https://api.dicebear.com/7.x/avataaars/svg?seed=mentor_1593,1/5/2025,4.0,8,,,1,1,
959,2,14,SA,https://www.linkedin.com/in/mentor-1595/,https://api.dicebear.com/7.x/avataaars/svg?seed=mentor_1595,7/11/2025,5.0,1,,,1,1,
960,3,7,SA,https://www.linkedin.com/in/mentor-1599/,https://api.dicebear.com/7.x/avataaars/svg?seed=mentor_1599,11/18/2026,3.56,9,,,1,1,
961,1,9,MA,https://www.linkedin.com/in/mentor-1600/,https://api.dicebear.com/7.x/avataaars/svg?seed=mentor_1600,3/30/2025,3.0,1,,,1,1,
962,3,6,JO,https://www.linkedin.com/in/mentor-1601/,https://api.dicebear.com/7.x/avataaars/svg?seed=mentor_1601,1/27/2026,0.0,0,,,1,1,
963,3,3,SA,https://www.linkedin.com/in/mentor-1602/,https://api.dicebear.com/7.x/avataaars/svg?seed=mentor_1602,9/18/2026,4.5,6,,,1,1,
964,3,11,SA,https://www.linkedin.com/in/mentor-1603/,https://api.dicebear.com/7.x/avataaars/svg?seed=mentor_1603,12/7/2025,4.38,8,,,1,1,
965,4,6,SA,https://www.linkedin.com/in/mentor-1605/,https://api.dicebear.com/7.x/avataaars/svg?seed=mentor_1605,7/1/2025,0.0,0,,,1,1,
966,2,11,EG,https://www.linkedin.com/in/mentor-1606/,https://api.dicebear.com/7.x/avataaars/svg?seed=mentor_1606,10/21/2026,4.0,4,,,1,1,
967,1,8,EG,https://www.linkedin.com/in/mentor-1607/,https://api.dicebear.com/7.x/avataaars/svg?seed=mentor_1607,9/15/2026,5.0,1,,,1,1,
968,3,3,EG,https://www.linkedin.com/in/mentor-1608/,https://api.dicebear.com/7.x/avataaars/svg?seed=mentor_1608,9/23/2025,4.0,1,,,1,1,
969,1,14,SA,https://www.linkedin.com/in/mentor-1609/,https://api.dicebear.com/7.x/avataaars/svg?seed=mentor_1609,4/2/2025,0.0,0,,,1,1,
970,3,5,SA,https://www.linkedin.com/in/mentor-1610/,https://api.dicebear.com/7.x/avataaars/svg?seed=mentor_1610,11/19/2025,4.0,14,,,1,1,
971,3,13,EG,https://www.linkedin.com/in/mentor-1612/,https://api.dicebear.com/7.x/avataaars/svg?seed=mentor_1612,9/16/2025,0.0,0,,,1,1,
972,1,4,MA,https://www.linkedin.com/in/mentor-1613/,https://api.dicebear.com/7.x/avataaars/svg?seed=mentor_1613,6/12/2026,4.0,1,,,1,1,
973,1,11,MA,https://www.linkedin.com/in/mentor-1614/,https://api.dicebear.com/7.x/avataaars/svg?seed=mentor_1614,4/19/2026,4.5,6,,,1,1,
974,1,14,AE,https://www.linkedin.com/in/mentor-1615/,https://api.dicebear.com/7.x/avataaars/svg?seed=mentor_1615,9/15/2026,0.0,0,,,1,1,
975,1,3,SA,https://www.linkedin.com/in/mentor-1616/,https://api.dicebear.com/7.x/avataaars/svg?seed=mentor_1616,4/8/2025,0.0,0,,,1,1,
976,2,11,JO,https://www.linkedin.com/in/mentor-1617/,https://api.dicebear.com/7.x/avataaars/svg?seed=mentor_1617,2/9/2025,4.6,5,,,1,1,
977,1,11,EG,https://www.linkedin.com/in/mentor-1619/,https://api.dicebear.com/7.x/avataaars/svg?seed=mentor_1619,9/29/2026,3.5,2,,,1,1,
978,3,10,AE,https://www.linkedin.com/in/mentor-1620/,https://api.dicebear.com/7.x/avataaars/svg?seed=mentor_1620,5/16/2025,4.0,12,,,1,1,
979,2,10,EG,https://www.linkedin.com/in/mentor-1621/,https://api.dicebear.com/7.x/avataaars/svg?seed=mentor_1621,10/13/2025,3.0,6,,,1,1,
980,1,13,AE,https://www.linkedin.com/in/mentor-1622/,https://api.dicebear.com/7.x/avataaars/svg?seed=mentor_1622,12/2/2026,4.0,2,,,1,1,
981,1,14,EG,https://www.linkedin.com/in/mentor-1623/,https://api.dicebear.com/7.x/avataaars/svg?seed=mentor_1623,1/15/2026,0.0,0,,,1,1,
982,1,3,JO,https://www.linkedin.com/in/mentor-1624/,https://api.dicebear.com/7.x/avataaars/svg?seed=mentor_1624,4/5/2026,4.0,4,,,1,1,
983,2,13,MA,https://www.linkedin.com/in/mentor-1625/,https://api.dicebear.com/7.x/avataaars/svg?seed=mentor_1625,10/8/2026,4.0,2,,,1,1,
984,1,10,EG,https://www.linkedin.com/in/mentor-1627/,https://api.dicebear.com/7.x/avataaars/svg?seed=mentor_1627,12/25/2026,5.0,1,,,1,1,
985,1,12,SA,https://www.linkedin.com/in/mentor-1628/,https://api.dicebear.com/7.x/avataaars/svg?seed=mentor_1628,5/10/2026,0.0,0,,,1,1,
986,4,5,MA,https://www.linkedin.com/in/mentor-1629/,https://api.dicebear.com/7.x/avataaars/svg?seed=mentor_1629,3/26/2026,5.0,2,,,1,1,
987,2,13,SA,https://www.linkedin.com/in/mentor-1630/,https://api.dicebear.com/7.x/avataaars/svg?seed=mentor_1630,4/29/2026,0.0,0,,,1,1,
988,1,9,JO,https://www.linkedin.com/in/mentor-1633/,https://api.dicebear.com/7.x/avataaars/svg?seed=mentor_1633,11/26/2026,0.0,0,,,1,1,
989,1,13,SA,https://www.linkedin.com/in/mentor-1638/,https://api.dicebear.com/7.x/avataaars/svg?seed=mentor_1638,4/17/2025,3.0,2,,,1,1,
990,1,3,EG,https://www.linkedin.com/in/mentor-1640/,https://api.dicebear.com/7.x/avataaars/svg?seed=mentor_1640,5/3/2025,0.0,0,,,1,1,
991,4,3,EG,https://www.linkedin.com/in/mentor-1641/,https://api.dicebear.com/7.x/avataaars/svg?seed=mentor_1641,10/23/2026,4.0,2,,,1,1,
992,1,12,EG,https://www.linkedin.com/in/mentor-1642/,https://api.dicebear.com/7.x/avataaars/svg?seed=mentor_1642,9/14/2026,4.8,5,,,1,1,
993,1,7,AE,https://www.linkedin.com/in/mentor-1643/,https://api.dicebear.com/7.x/avataaars/svg?seed=mentor_1643,12/31/2025,0.0,0,,,1,1,
994,1,7,EG,https://www.linkedin.com/in/mentor-1645/,https://api.dicebear.com/7.x/avataaars/svg?seed=mentor_1645,11/3/2026,3.0,1,,,1,1,
995,2,10,SA,https://www.linkedin.com/in/mentor-1646/,https://api.dicebear.com/7.x/avataaars/svg?seed=mentor_1646,10/6/2025,5.0,1,,,1,1,
996,1,9,SA,https://www.linkedin.com/in/mentor-1648/,https://api.dicebear.com/7.x/avataaars/svg?seed=mentor_1648,12/19/2026,0.0,0,,,1,1,
997,1,10,SA,https://www.linkedin.com/in/mentor-1651/,https://api.dicebear.com/7.x/avataaars/svg?seed=mentor_1651,12/20/2026,0.0,0,,,1,1,
998,1,8,JO,https://www.linkedin.com/in/mentor-1652/,https://api.dicebear.com/7.x/avataaars/svg?seed=mentor_1652,7/13/2025,4.0,1,,,1,1,
999,2,8,MA,https://www.linkedin.com/in/mentor-1653/,https://api.dicebear.com/7.x/avataaars/svg?seed=mentor_1653,7/30/2026,3.92,13,,,1,1,
1000,1,4,SA,https://www.linkedin.com/in/mentor-1654/,https://api.dicebear.com/7.x/avataaars/svg?seed=mentor_1654,5/26/2025,0.0,0,,,1,1,
1001,2,8,JO,https://www.linkedin.com/in/mentor-1655/,https://api.dicebear.com/7.x/avataaars/svg?seed=mentor_1655,3/21/2026,0.0,0,,,1,1,
1002,2,7,AE,https://www.linkedin.com/in/mentor-1656/,https://api.dicebear.com/7.x/avataaars/svg?seed=mentor_1656,10/10/2025,0.0,0,,,1,1,
1003,1,5,SA,https://www.linkedin.com/in/mentor-1657/,https://api.dicebear.com/7.x/avataaars/svg?seed=mentor_1657,12/21/2025,0.0,0,,,1,1,
1004,1,8,MA,https://www.linkedin.com/in/mentor-1658/,https://api.dicebear.com/7.x/avataaars/svg?seed=mentor_1658,11/1/2025,4.0,3,,,1,1,
1005,4,10,EG,https://www.linkedin.com/in/mentor-1659/,https://api.dicebear.com/7.x/avataaars/svg?seed=mentor_1659,12/8/2025,0.0,0,,,1,1,
1006,2,11,EG,https://www.linkedin.com/in/mentor-1660/,https://api.dicebear.com/7.x/avataaars/svg?seed=mentor_1660,4/2/2025,0.0,0,,,1,1,
1007,1,3,JO,https://www.linkedin.com/in/mentor-1661/,https://api.dicebear.com/7.x/avataaars/svg?seed=mentor_1661,3/10/2025,0.0,0,,,1,1,
1008,1,5,SA,https://www.linkedin.com/in/mentor-1663/,https://api.dicebear.com/7.x/avataaars/svg?seed=mentor_1663,4/21/2026,3.0,1,,,1,1,
1009,1,5,JO,https://www.linkedin.com/in/mentor-1666/,https://api.dicebear.com/7.x/avataaars/svg?seed=mentor_1666,1/17/2026,0.0,0,,,1,1,
1010,2,13,JO,https://www.linkedin.com/in/mentor-1667/,https://api.dicebear.com/7.x/avataaars/svg?seed=mentor_1667,9/14/2026,0.0,0,,,1,1,
1011,3,10,EG,https://www.linkedin.com/in/mentor-1668/,https://api.dicebear.com/7.x/avataaars/svg?seed=mentor_1668,8/1/2025,0.0,0,,,1,1,
1012,1,3,JO,https://www.linkedin.com/in/mentor-1671/,https://api.dicebear.com/7.x/avataaars/svg?seed=mentor_1671,6/20/2025,5.0,2,,,1,1,
1013,1,7,SA,https://www.linkedin.com/in/mentor-1673/,https://api.dicebear.com/7.x/avataaars/svg?seed=mentor_1673,3/10/2026,0.0,0,,,1,1,
1014,4,5,SA,https://www.linkedin.com/in/mentor-1674/,https://api.dicebear.com/7.x/avataaars/svg?seed=mentor_1674,4/2/2026,0.0,0,,,1,1,
1015,1,4,SA,https://www.linkedin.com/in/mentor-1675/,https://api.dicebear.com/7.x/avataaars/svg?seed=mentor_1675,5/13/2025,3.5,2,,,1,1,
1016,3,10,MA,https://www.linkedin.com/in/mentor-1676/,https://api.dicebear.com/7.x/avataaars/svg?seed=mentor_1676,6/19/2025,0.0,0,,,1,1,
1017,1,5,EG,https://www.linkedin.com/in/mentor-1678/,https://api.dicebear.com/7.x/avataaars/svg?seed=mentor_1678,1/28/2025,3.5,4,,,1,1,
1018,1,9,SA,https://www.linkedin.com/in/mentor-1682/,https://api.dicebear.com/7.x/avataaars/svg?seed=mentor_1682,10/18/2026,3.5,4,,,1,1,
1019,2,14,AE,https://www.linkedin.com/in/mentor-1685/,https://api.dicebear.com/7.x/avataaars/svg?seed=mentor_1685,1/25/2025,1.0,1,,,1,1,
1020,1,13,AE,https://www.linkedin.com/in/mentor-1690/,https://api.dicebear.com/7.x/avataaars/svg?seed=mentor_1690,2/20/2025,0.0,0,,,1,1,
1021,1,3,AE,https://www.linkedin.com/in/mentor-1691/,https://api.dicebear.com/7.x/avataaars/svg?seed=mentor_1691,1/16/2026,5.0,1,,,1,1,
1022,1,8,EG,https://www.linkedin.com/in/mentor-1692/,https://api.dicebear.com/7.x/avataaars/svg?seed=mentor_1692,3/1/2026,4.06,17,,,1,1,
1023,4,5,EG,https://www.linkedin.com/in/mentor-1693/,https://api.dicebear.com/7.x/avataaars/svg?seed=mentor_1693,4/30/2026,0.0,0,,,1,1,
1024,4,10,EG,https://www.linkedin.com/in/mentor-1695/,https://api.dicebear.com/7.x/avataaars/svg?seed=mentor_1695,12/8/2026,4.0,1,,,1,1,
1025,1,8,JO,https://www.linkedin.com/in/mentor-1698/,https://api.dicebear.com/7.x/avataaars/svg?seed=mentor_1698,10/20/2026,0.0,0,,,1,1,
1026,1,14,EG,https://www.linkedin.com/in/mentor-1701/,https://api.dicebear.com/7.x/avataaars/svg?seed=mentor_1701,2/10/2026,0.0,0,,,1,1,
1027,1,4,EG,https://www.linkedin.com/in/mentor-1702/,https://api.dicebear.com/7.x/avataaars/svg?seed=mentor_1702,6/6/2026,0.0,0,,,1,1,
1028,2,8,MA,https://www.linkedin.com/in/mentor-1704/,https://api.dicebear.com/7.x/avataaars/svg?seed=mentor_1704,6/12/2026,5.0,1,,,1,1,
1029,1,9,EG,https://www.linkedin.com/in/mentor-1707/,https://api.dicebear.com/7.x/avataaars/svg?seed=mentor_1707,9/29/2025,4.33,3,,,1,1,
1030,1,7,MA,https://www.linkedin.com/in/mentor-1709/,https://api.dicebear.com/7.x/avataaars/svg?seed=mentor_1709,8/13/2026,0.0,0,,,1,1,
1031,1,5,AE,https://www.linkedin.com/in/mentor-1710/,https://api.dicebear.com/7.x/avataaars/svg?seed=mentor_1710,10/1/2025,0.0,0,,,1,1,
1032,1,6,JO,https://www.linkedin.com/in/mentor-1711/,https://api.dicebear.com/7.x/avataaars/svg?seed=mentor_1711,2/26/2026,0.0,0,,,1,1,
1033,2,6,EG,https://www.linkedin.com/in/mentor-1712/,https://api.dicebear.com/7.x/avataaars/svg?seed=mentor_1712,8/23/2025,0.0,0,,,1,1,
1034,1,8,EG,https://www.linkedin.com/in/mentor-1713/,https://api.dicebear.com/7.x/avataaars/svg?seed=mentor_1713,4/25/2025,0.0,0,,,1,1,
1035,4,12,AE,https://www.linkedin.com/in/mentor-1714/,https://api.dicebear.com/7.x/avataaars/svg?seed=mentor_1714,7/9/2026,3.75,4,,,1,1,
1036,3,3,JO,https://www.linkedin.com/in/mentor-1715/,https://api.dicebear.com/7.x/avataaars/svg?seed=mentor_1715,7/26/2025,0.0,0,,,1,1,
1037,2,13,AE,https://www.linkedin.com/in/mentor-1718/,https://api.dicebear.com/7.x/avataaars/svg?seed=mentor_1718,2/3/2026,0.0,0,,,1,1,
1038,4,6,EG,https://www.linkedin.com/in/mentor-1719/,https://api.dicebear.com/7.x/avataaars/svg?seed=mentor_1719,12/16/2026,0.0,0,,,1,1,
1039,2,12,AE,https://www.linkedin.com/in/mentor-1722/,https://api.dicebear.com/7.x/avataaars/svg?seed=mentor_1722,1/30/2025,0.0,0,,,1,1,
1040,4,6,AE,https://www.linkedin.com/in/mentor-1724/,https://api.dicebear.com/7.x/avataaars/svg?seed=mentor_1724,9/30/2026,4.0,1,,,1,1,
1041,1,12,AE,https://www.linkedin.com/in/mentor-1725/,https://api.dicebear.com/7.x/avataaars/svg?seed=mentor_1725,12/22/2026,4.2,5,,,1,1,
1042,3,3,AE,https://www.linkedin.com/in/mentor-1727/,https://api.dicebear.com/7.x/avataaars/svg?seed=mentor_1727,7/14/2025,0.0,0,,,1,1,
1043,1,11,JO,https://www.linkedin.com/in/mentor-1729/,https://api.dicebear.com/7.x/avataaars/svg?seed=mentor_1729,2/18/2025,5.0,1,,,1,1,
1044,1,6,SA,https://www.linkedin.com/in/mentor-1730/,https://api.dicebear.com/7.x/avataaars/svg?seed=mentor_1730,4/26/2026,0.0,0,,,1,1,
1045,1,9,EG,https://www.linkedin.com/in/mentor-1731/,https://api.dicebear.com/7.x/avataaars/svg?seed=mentor_1731,11/29/2026,4.67,3,,,1,1,
1046,1,14,SA,https://www.linkedin.com/in/mentor-1732/,https://api.dicebear.com/7.x/avataaars/svg?seed=mentor_1732,4/7/2026,0.0,0,,,1,1,
1047,1,5,EG,https://www.linkedin.com/in/mentor-1733/,https://api.dicebear.com/7.x/avataaars/svg?seed=mentor_1733,11/15/2026,0.0,0,,,1,1,
1048,1,12,SA,https://www.linkedin.com/in/mentor-1737/,https://api.dicebear.com/7.x/avataaars/svg?seed=mentor_1737,2/17/2026,5.0,1,,,1,1,
1049,1,14,SA,https://www.linkedin.com/in/mentor-1738/,https://api.dicebear.com/7.x/avataaars/svg?seed=mentor_1738,7/9/2025,0.0,0,,,1,1,
1050,1,5,EG,https://www.linkedin.com/in/mentor-1739/,https://api.dicebear.com/7.x/avataaars/svg?seed=mentor_1739,8/8/2025,0.0,0,,,1,1,
1051,1,10,EG,https://www.linkedin.com/in/mentor-1741/,https://api.dicebear.com/7.x/avataaars/svg?seed=mentor_1741,11/8/2026,0.0,0,,,1,1,
1052,4,10,EG,https://www.linkedin.com/in/mentor-1742/,https://api.dicebear.com/7.x/avataaars/svg?seed=mentor_1742,5/1/2025,0.0,0,,,1,1,
1053,3,13,JO,https://www.linkedin.com/in/mentor-1745/,https://api.dicebear.com/7.x/avataaars/svg?seed=mentor_1745,1/27/2025,3.88,8,,,1,1,
1054,3,14,MA,https://www.linkedin.com/in/mentor-1746/,https://api.dicebear.com/7.x/avataaars/svg?seed=mentor_1746,6/19/2026,3.33,6,,,1,1,
1055,1,3,EG,https://www.linkedin.com/in/mentor-1747/,https://api.dicebear.com/7.x/avataaars/svg?seed=mentor_1747,10/1/2026,0.0,0,,,1,1,
1056,2,12,MA,https://www.linkedin.com/in/mentor-1750/,https://api.dicebear.com/7.x/avataaars/svg?seed=mentor_1750,12/7/2026,0.0,0,,,1,1,
1057,1,4,SA,https://www.linkedin.com/in/mentor-1751/,https://api.dicebear.com/7.x/avataaars/svg?seed=mentor_1751,6/20/2026,4.0,3,,,1,1,
1058,3,10,EG,https://www.linkedin.com/in/mentor-1753/,https://api.dicebear.com/7.x/avataaars/svg?seed=mentor_1753,1/8/2026,0.0,0,,,1,1,
1059,2,3,EG,https://www.linkedin.com/in/mentor-1754/,https://api.dicebear.com/7.x/avataaars/svg?seed=mentor_1754,4/8/2026,0.0,0,,,1,1,
1060,1,14,SA,https://www.linkedin.com/in/mentor-1756/,https://api.dicebear.com/7.x/avataaars/svg?seed=mentor_1756,9/7/2025,2.75,4,,,1,1,
1061,2,10,AE,https://www.linkedin.com/in/mentor-1757/,https://api.dicebear.com/7.x/avataaars/svg?seed=mentor_1757,7/12/2025,0.0,0,,,1,1,
1062,3,10,AE,https://www.linkedin.com/in/mentor-1761/,https://api.dicebear.com/7.x/avataaars/svg?seed=mentor_1761,9/24/2026,4.33,6,,,1,1,
1063,1,4,EG,https://www.linkedin.com/in/mentor-1763/,https://api.dicebear.com/7.x/avataaars/svg?seed=mentor_1763,8/5/2025,4.2,5,,,1,1,
1064,1,6,EG,https://www.linkedin.com/in/mentor-1764/,https://api.dicebear.com/7.x/avataaars/svg?seed=mentor_1764,6/2/2026,0.0,0,,,1,1,
1065,1,8,SA,https://www.linkedin.com/in/mentor-1765/,https://api.dicebear.com/7.x/avataaars/svg?seed=mentor_1765,4/21/2026,3.67,3,,,1,1,
1066,2,14,EG,https://www.linkedin.com/in/mentor-1766/,https://api.dicebear.com/7.x/avataaars/svg?seed=mentor_1766,9/11/2025,0.0,0,,,1,1,
1067,1,13,EG,https://www.linkedin.com/in/mentor-1770/,https://api.dicebear.com/7.x/avataaars/svg?seed=mentor_1770,10/20/2025,0.0,0,,,1,1,
1068,1,11,EG,https://www.linkedin.com/in/mentor-1772/,https://api.dicebear.com/7.x/avataaars/svg?seed=mentor_1772,6/28/2025,4.0,2,,,1,1,
1069,1,10,JO,https://www.linkedin.com/in/mentor-1773/,https://api.dicebear.com/7.x/avataaars/svg?seed=mentor_1773,12/22/2026,3.0,2,,,1,1,
1070,1,14,MA,https://www.linkedin.com/in/mentor-1775/,https://api.dicebear.com/7.x/avataaars/svg?seed=mentor_1775,3/25/2026,0.0,0,,,1,1,
1071,1,10,SA,https://www.linkedin.com/in/mentor-1776/,https://api.dicebear.com/7.x/avataaars/svg?seed=mentor_1776,7/22/2025,0.0,0,,,1,1,
1072,2,9,MA,https://www.linkedin.com/in/mentor-1779/,https://api.dicebear.com/7.x/avataaars/svg?seed=mentor_1779,5/19/2025,4.33,3,,,1,1,
1073,3,11,EG,https://www.linkedin.com/in/mentor-1780/,https://api.dicebear.com/7.x/avataaars/svg?seed=mentor_1780,5/29/2025,0.0,0,,,1,1,
1074,3,4,SA,https://www.linkedin.com/in/mentor-1784/,https://api.dicebear.com/7.x/avataaars/svg?seed=mentor_1784,10/4/2026,0.0,0,,,1,1,
1075,2,5,EG,https://www.linkedin.com/in/mentor-1785/,https://api.dicebear.com/7.x/avataaars/svg?seed=mentor_1785,11/29/2025,0.0,0,,,1,1,
1076,1,12,SA,https://www.linkedin.com/in/mentor-1787/,https://api.dicebear.com/7.x/avataaars/svg?seed=mentor_1787,3/28/2025,5.0,1,,,1,1,
1077,1,10,MA,https://www.linkedin.com/in/mentor-1789/,https://api.dicebear.com/7.x/avataaars/svg?seed=mentor_1789,12/11/2025,5.0,2,,,1,1,
1078,3,8,SA,https://www.linkedin.com/in/mentor-1790/,https://api.dicebear.com/7.x/avataaars/svg?seed=mentor_1790,7/7/2026,4.3,10,,,1,1,
1079,3,12,EG,https://www.linkedin.com/in/mentor-1791/,https://api.dicebear.com/7.x/avataaars/svg?seed=mentor_1791,3/6/2025,0.0,0,,,1,1,
1080,4,11,SA,https://www.linkedin.com/in/mentor-1793/,https://api.dicebear.com/7.x/avataaars/svg?seed=mentor_1793,11/1/2025,4.08,13,,,1,1,
1081,2,12,EG,https://www.linkedin.com/in/mentor-1794/,https://api.dicebear.com/7.x/avataaars/svg?seed=mentor_1794,10/6/2025,5.0,1,,,1,1,
1082,3,6,JO,https://www.linkedin.com/in/mentor-1798/,https://api.dicebear.com/7.x/avataaars/svg?seed=mentor_1798,12/9/2026,4.5,2,,,1,1,
1083,1,10,SA,https://www.linkedin.com/in/mentor-1799/,https://api.dicebear.com/7.x/avataaars/svg?seed=mentor_1799,2/21/2025,4.5,4,,,1,1,
1084,1,12,SA,https://www.linkedin.com/in/mentor-1801/,https://api.dicebear.com/7.x/avataaars/svg?seed=mentor_1801,6/16/2026,4.4,5,,,1,1,
1085,1,5,SA,https://www.linkedin.com/in/mentor-1802/,https://api.dicebear.com/7.x/avataaars/svg?seed=mentor_1802,4/15/2025,0.0,0,,,1,1,
1086,3,5,SA,https://www.linkedin.com/in/mentor-1805/,https://api.dicebear.com/7.x/avataaars/svg?seed=mentor_1805,5/11/2025,0.0,0,,,1,1,
1087,1,10,EG,https://www.linkedin.com/in/mentor-1809/,https://api.dicebear.com/7.x/avataaars/svg?seed=mentor_1809,4/8/2026,0.0,0,,,1,1,
1088,1,7,AE,https://www.linkedin.com/in/mentor-1812/,https://api.dicebear.com/7.x/avataaars/svg?seed=mentor_1812,12/1/2025,0.0,0,,,1,1,
1089,4,5,EG,https://www.linkedin.com/in/mentor-1813/,https://api.dicebear.com/7.x/avataaars/svg?seed=mentor_1813,2/24/2026,0.0,0,,,1,1,
1090,1,12,AE,https://www.linkedin.com/in/mentor-1814/,https://api.dicebear.com/7.x/avataaars/svg?seed=mentor_1814,2/21/2026,0.0,0,,,1,1,
1091,1,13,JO,https://www.linkedin.com/in/mentor-1816/,https://api.dicebear.com/7.x/avataaars/svg?seed=mentor_1816,7/30/2026,0.0,0,,,1,1,
1092,1,3,JO,https://www.linkedin.com/in/mentor-1818/,https://api.dicebear.com/7.x/avataaars/svg?seed=mentor_1818,12/9/2025,5.0,1,,,1,1,
1093,2,5,SA,https://www.linkedin.com/in/mentor-1819/,https://api.dicebear.com/7.x/avataaars/svg?seed=mentor_1819,8/26/2026,4.12,17,,,1,1,
1094,1,14,SA,https://www.linkedin.com/in/mentor-1821/,https://api.dicebear.com/7.x/avataaars/svg?seed=mentor_1821,3/22/2025,4.0,1,,,1,1,
1095,4,11,EG,https://www.linkedin.com/in/mentor-1823/,https://api.dicebear.com/7.x/avataaars/svg?seed=mentor_1823,6/6/2025,4.33,12,,,1,1,
1096,1,7,AE,https://www.linkedin.com/in/mentor-1826/,https://api.dicebear.com/7.x/avataaars/svg?seed=mentor_1826,1/3/2025,0.0,0,,,1,1,
1097,2,14,EG,https://www.linkedin.com/in/mentor-1830/,https://api.dicebear.com/7.x/avataaars/svg?seed=mentor_1830,8/5/2026,0.0,0,,,1,1,
1098,3,12,SA,https://www.linkedin.com/in/mentor-1831/,https://api.dicebear.com/7.x/avataaars/svg?seed=mentor_1831,8/19/2025,0.0,0,,,1,1,
1099,4,4,EG,https://www.linkedin.com/in/mentor-1832/,https://api.dicebear.com/7.x/avataaars/svg?seed=mentor_1832,8/21/2026,0.0,0,,,1,1,
1100,1,9,EG,https://www.linkedin.com/in/mentor-1834/,https://api.dicebear.com/7.x/avataaars/svg?seed=mentor_1834,4/5/2025,2.8,5,,,1,1,
1101,1,4,SA,https://www.linkedin.com/in/mentor-1835/,https://api.dicebear.com/7.x/avataaars/svg?seed=mentor_1835,7/18/2025,0.0,0,,,1,1,
1102,3,6,EG,https://www.linkedin.com/in/mentor-1836/,https://api.dicebear.com/7.x/avataaars/svg?seed=mentor_1836,1/16/2026,0.0,0,,,1,1,
1103,1,14,AE,https://www.linkedin.com/in/mentor-1837/,https://api.dicebear.com/7.x/avataaars/svg?seed=mentor_1837,8/27/2025,0.0,0,,,1,1,
1104,1,9,EG,https://www.linkedin.com/in/mentor-1838/,https://api.dicebear.com/7.x/avataaars/svg?seed=mentor_1838,6/1/2026,0.0,0,,,1,1,
1105,3,6,EG,https://www.linkedin.com/in/mentor-1840/,https://api.dicebear.com/7.x/avataaars/svg?seed=mentor_1840,2/25/2025,0.0,0,,,1,1,
1106,1,9,SA,https://www.linkedin.com/in/mentor-1841/,https://api.dicebear.com/7.x/avataaars/svg?seed=mentor_1841,6/10/2025,0.0,0,,,1,1,
1107,1,9,EG,https://www.linkedin.com/in/mentor-1843/,https://api.dicebear.com/7.x/avataaars/svg?seed=mentor_1843,3/30/2026,4.17,6,,,1,1,
1108,3,3,EG,https://www.linkedin.com/in/mentor-1845/,https://api.dicebear.com/7.x/avataaars/svg?seed=mentor_1845,8/19/2026,0.0,0,,,1,1,
1109,1,8,AE,https://www.linkedin.com/in/mentor-1848/,https://api.dicebear.com/7.x/avataaars/svg?seed=mentor_1848,4/17/2026,3.0,1,,,1,1,
1110,1,11,EG,https://www.linkedin.com/in/mentor-1849/,https://api.dicebear.com/7.x/avataaars/svg?seed=mentor_1849,11/8/2026,0.0,0,,,1,1,
1111,1,4,JO,https://www.linkedin.com/in/mentor-1850/,https://api.dicebear.com/7.x/avataaars/svg?seed=mentor_1850,11/3/2025,0.0,0,,,1,1,
1112,1,5,EG,https://www.linkedin.com/in/mentor-1851/,https://api.dicebear.com/7.x/avataaars/svg?seed=mentor_1851,6/5/2026,4.33,3,,,1,1,
1113,2,12,EG,https://www.linkedin.com/in/mentor-1852/,https://api.dicebear.com/7.x/avataaars/svg?seed=mentor_1852,9/7/2025,0.0,0,,,1,1,
1114,2,7,AE,https://www.linkedin.com/in/mentor-1855/,https://api.dicebear.com/7.x/avataaars/svg?seed=mentor_1855,6/1/2025,4.67,3,,,1,1,
1115,3,11,EG,https://www.linkedin.com/in/mentor-1856/,https://api.dicebear.com/7.x/avataaars/svg?seed=mentor_1856,12/4/2026,5.0,2,,,1,1,
1116,2,6,EG,https://www.linkedin.com/in/mentor-1860/,https://api.dicebear.com/7.x/avataaars/svg?seed=mentor_1860,12/1/2025,0.0,0,,,1,1,
1117,3,3,EG,https://www.linkedin.com/in/mentor-1861/,https://api.dicebear.com/7.x/avataaars/svg?seed=mentor_1861,9/28/2026,0.0,0,,,1,1,
1118,3,6,EG,https://www.linkedin.com/in/mentor-1863/,https://api.dicebear.com/7.x/avataaars/svg?seed=mentor_1863,4/12/2025,3.75,20,,,1,1,
1119,1,8,JO,https://www.linkedin.com/in/mentor-1865/,https://api.dicebear.com/7.x/avataaars/svg?seed=mentor_1865,1/24/2026,0.0,0,,,1,1,
1120,2,7,EG,https://www.linkedin.com/in/mentor-1866/,https://api.dicebear.com/7.x/avataaars/svg?seed=mentor_1866,12/3/2026,0.0,0,,,1,1,
1121,2,3,AE,https://www.linkedin.com/in/mentor-1868/,https://api.dicebear.com/7.x/avataaars/svg?seed=mentor_1868,12/14/2025,5.0,1,,,1,1,
1122,1,6,JO,https://www.linkedin.com/in/mentor-1870/,https://api.dicebear.com/7.x/avataaars/svg?seed=mentor_1870,10/28/2025,0.0,0,,,1,1,
1123,1,8,SA,https://www.linkedin.com/in/mentor-1871/,https://api.dicebear.com/7.x/avataaars/svg?seed=mentor_1871,3/24/2026,0.0,0,,,1,1,
1124,3,12,MA,https://www.linkedin.com/in/mentor-1873/,https://api.dicebear.com/7.x/avataaars/svg?seed=mentor_1873,3/11/2026,4.6,5,,,1,1,
1125,1,12,EG,https://www.linkedin.com/in/mentor-1874/,https://api.dicebear.com/7.x/avataaars/svg?seed=mentor_1874,12/27/2025,0.0,0,,,1,1,
1126,1,6,MA,https://www.linkedin.com/in/mentor-1875/,https://api.dicebear.com/7.x/avataaars/svg?seed=mentor_1875,10/5/2026,0.0,0,,,1,1,
1127,1,11,EG,https://www.linkedin.com/in/mentor-1876/,https://api.dicebear.com/7.x/avataaars/svg?seed=mentor_1876,4/21/2025,0.0,0,,,1,1,
1128,3,7,AE,https://www.linkedin.com/in/mentor-1877/,https://api.dicebear.com/7.x/avataaars/svg?seed=mentor_1877,4/30/2026,3.0,2,,,1,1,
1129,4,10,SA,https://www.linkedin.com/in/mentor-1878/,https://api.dicebear.com/7.x/avataaars/svg?seed=mentor_1878,11/13/2025,3.33,3,,,1,1,
1130,1,11,EG,https://www.linkedin.com/in/mentor-1879/,https://api.dicebear.com/7.x/avataaars/svg?seed=mentor_1879,8/20/2025,3.67,3,,,1,1,
1131,1,12,SA,https://www.linkedin.com/in/mentor-1880/,https://api.dicebear.com/7.x/avataaars/svg?seed=mentor_1880,12/8/2026,4.5,6,,,1,1,
1132,1,7,AE,https://www.linkedin.com/in/mentor-1881/,https://api.dicebear.com/7.x/avataaars/svg?seed=mentor_1881,5/15/2026,0.0,0,,,1,1,
1133,4,8,EG,https://www.linkedin.com/in/mentor-1884/,https://api.dicebear.com/7.x/avataaars/svg?seed=mentor_1884,7/9/2026,0.0,0,,,1,1,
1134,3,3,EG,https://www.linkedin.com/in/mentor-1887/,https://api.dicebear.com/7.x/avataaars/svg?seed=mentor_1887,3/21/2025,3.33,3,,,1,1,
1135,4,13,AE,https://www.linkedin.com/in/mentor-1888/,https://api.dicebear.com/7.x/avataaars/svg?seed=mentor_1888,6/29/2026,0.0,0,,,1,1,
1136,3,14,AE,https://www.linkedin.com/in/mentor-1889/,https://api.dicebear.com/7.x/avataaars/svg?seed=mentor_1889,10/27/2026,0.0,0,,,1,1,
1137,3,9,MA,https://www.linkedin.com/in/mentor-1892/,https://api.dicebear.com/7.x/avataaars/svg?seed=mentor_1892,8/13/2026,4.0,3,,,1,1,
1138,2,6,AE,https://www.linkedin.com/in/mentor-1894/,https://api.dicebear.com/7.x/avataaars/svg?seed=mentor_1894,2/25/2026,0.0,0,,,1,1,
1139,2,13,MA,https://www.linkedin.com/in/mentor-1897/,https://api.dicebear.com/7.x/avataaars/svg?seed=mentor_1897,10/2/2025,4.0,1,,,1,1,
1140,2,4,AE,https://www.linkedin.com/in/mentor-1899/,https://api.dicebear.com/7.x/avataaars/svg?seed=mentor_1899,6/9/2025,3.5,4,,,1,1,
1141,1,7,EG,https://www.linkedin.com/in/mentor-1901/,https://api.dicebear.com/7.x/avataaars/svg?seed=mentor_1901,4/27/2026,0.0,0,,,1,1,
1142,1,14,EG,https://www.linkedin.com/in/mentor-1902/,https://api.dicebear.com/7.x/avataaars/svg?seed=mentor_1902,8/15/2025,0.0,0,,,1,1,
1143,3,5,AE,https://www.linkedin.com/in/mentor-1903/,https://api.dicebear.com/7.x/avataaars/svg?seed=mentor_1903,3/24/2025,0.0,0,,,1,1,
1144,3,8,SA,https://www.linkedin.com/in/mentor-1905/,https://api.dicebear.com/7.x/avataaars/svg?seed=mentor_1905,12/12/2026,0.0,0,,,1,1,
1145,1,10,EG,https://www.linkedin.com/in/mentor-1906/,https://api.dicebear.com/7.x/avataaars/svg?seed=mentor_1906,1/12/2026,4.5,2,,,1,1,
1146,3,9,EG,https://www.linkedin.com/in/mentor-1908/,https://api.dicebear.com/7.x/avataaars/svg?seed=mentor_1908,2/20/2025,0.0,0,,,1,1,
1147,1,5,MA,https://www.linkedin.com/in/mentor-1911/,https://api.dicebear.com/7.x/avataaars/svg?seed=mentor_1911,10/27/2026,4.0,1,,,1,1,
1148,4,10,SA,https://www.linkedin.com/in/mentor-1912/,https://api.dicebear.com/7.x/avataaars/svg?seed=mentor_1912,12/6/2026,3.5,4,,,1,1,
1149,4,4,SA,https://www.linkedin.com/in/mentor-1913/,https://api.dicebear.com/7.x/avataaars/svg?seed=mentor_1913,1/3/2026,4.08,12,,,1,1,
1150,2,12,SA,https://www.linkedin.com/in/mentor-1914/,https://api.dicebear.com/7.x/avataaars/svg?seed=mentor_1914,4/21/2026,4.5,4,,,1,1,
1151,1,11,EG,https://www.linkedin.com/in/mentor-1915/,https://api.dicebear.com/7.x/avataaars/svg?seed=mentor_1915,11/12/2026,0.0,0,,,1,1,
1152,3,6,EG,https://www.linkedin.com/in/mentor-1916/,https://api.dicebear.com/7.x/avataaars/svg?seed=mentor_1916,12/10/2025,0.0,0,,,1,1,
1153,2,3,EG,https://www.linkedin.com/in/mentor-1917/,https://api.dicebear.com/7.x/avataaars/svg?seed=mentor_1917,4/14/2026,4.33,3,,,1,1,
1154,2,10,EG,https://www.linkedin.com/in/mentor-1919/,https://api.dicebear.com/7.x/avataaars/svg?seed=mentor_1919,3/22/2025,0.0,0,,,1,1,
1155,1,9,AE,https://www.linkedin.com/in/mentor-1921/,https://api.dicebear.com/7.x/avataaars/svg?seed=mentor_1921,7/29/2025,4.0,2,,,1,1,
1156,1,13,SA,https://www.linkedin.com/in/mentor-1922/,https://api.dicebear.com/7.x/avataaars/svg?seed=mentor_1922,1/23/2025,0.0,0,,,1,1,
1157,2,7,JO,https://www.linkedin.com/in/mentor-1923/,https://api.dicebear.com/7.x/avataaars/svg?seed=mentor_1923,11/15/2025,0.0,0,,,1,1,
1158,1,12,JO,https://www.linkedin.com/in/mentor-1925/,https://api.dicebear.com/7.x/avataaars/svg?seed=mentor_1925,12/6/2026,5.0,1,,,1,1,
1159,1,7,EG,https://www.linkedin.com/in/mentor-1927/,https://api.dicebear.com/7.x/avataaars/svg?seed=mentor_1927,10/10/2026,3.5,10,,,1,1,
1160,2,9,AE,https://www.linkedin.com/in/mentor-1929/,https://api.dicebear.com/7.x/avataaars/svg?seed=mentor_1929,2/10/2026,0.0,0,,,1,1,
1161,1,7,SA,https://www.linkedin.com/in/mentor-1930/,https://api.dicebear.com/7.x/avataaars/svg?seed=mentor_1930,6/8/2026,0.0,0,,,1,1,
1162,3,10,JO,https://www.linkedin.com/in/mentor-1933/,https://api.dicebear.com/7.x/avataaars/svg?seed=mentor_1933,6/12/2026,3.0,3,,,1,1,
1163,1,13,EG,https://www.linkedin.com/in/mentor-1934/,https://api.dicebear.com/7.x/avataaars/svg?seed=mentor_1934,9/26/2026,4.0,1,,,1,1,
1164,3,8,AE,https://www.linkedin.com/in/mentor-1935/,https://api.dicebear.com/7.x/avataaars/svg?seed=mentor_1935,12/28/2025,4.0,2,,,1,1,
1165,1,7,SA,https://www.linkedin.com/in/mentor-1936/,https://api.dicebear.com/7.x/avataaars/svg?seed=mentor_1936,3/31/2025,4.0,2,,,1,1,
1166,1,11,EG,https://www.linkedin.com/in/mentor-1937/,https://api.dicebear.com/7.x/avataaars/svg?seed=mentor_1937,9/10/2025,5.0,1,,,1,1,
1167,1,13,EG,https://www.linkedin.com/in/mentor-1938/,https://api.dicebear.com/7.x/avataaars/svg?seed=mentor_1938,4/4/2026,0.0,0,,,1,1,
1168,2,4,AE,https://www.linkedin.com/in/mentor-1939/,https://api.dicebear.com/7.x/avataaars/svg?seed=mentor_1939,10/13/2025,0.0,0,,,1,1,
1169,1,3,AE,https://www.linkedin.com/in/mentor-1943/,https://api.dicebear.com/7.x/avataaars/svg?seed=mentor_1943,11/7/2026,3.57,7,,,1,1,
1170,1,10,EG,https://www.linkedin.com/in/mentor-1944/,https://api.dicebear.com/7.x/avataaars/svg?seed=mentor_1944,1/15/2026,0.0,0,,,1,1,
1171,2,14,SA,https://www.linkedin.com/in/mentor-1945/,https://api.dicebear.com/7.x/avataaars/svg?seed=mentor_1945,11/17/2025,0.0,0,,,1,1,
1172,1,5,EG,https://www.linkedin.com/in/mentor-1946/,https://api.dicebear.com/7.x/avataaars/svg?seed=mentor_1946,8/7/2025,0.0,0,,,1,1,
1173,2,13,AE,https://www.linkedin.com/in/mentor-1947/,https://api.dicebear.com/7.x/avataaars/svg?seed=mentor_1947,7/5/2025,0.0,0,,,1,1,
1174,2,14,EG,https://www.linkedin.com/in/mentor-1950/,https://api.dicebear.com/7.x/avataaars/svg?seed=mentor_1950,9/19/2025,3.0,1,,,1,1,
1175,3,14,JO,https://www.linkedin.com/in/mentor-1953/,https://api.dicebear.com/7.x/avataaars/svg?seed=mentor_1953,11/11/2026,3.6,10,,,1,1,
1176,1,14,EG,https://www.linkedin.com/in/mentor-1954/,https://api.dicebear.com/7.x/avataaars/svg?seed=mentor_1954,2/16/2025,0.0,0,,,1,1,
1177,4,9,EG,https://www.linkedin.com/in/mentor-1955/,https://api.dicebear.com/7.x/avataaars/svg?seed=mentor_1955,11/13/2025,0.0,0,,,1,1,
1178,3,12,EG,https://www.linkedin.com/in/mentor-1957/,https://api.dicebear.com/7.x/avataaars/svg?seed=mentor_1957,8/18/2026,4.6,5,,,1,1,
1179,1,13,EG,https://www.linkedin.com/in/mentor-1958/,https://api.dicebear.com/7.x/avataaars/svg?seed=mentor_1958,4/26/2025,0.0,0,,,1,1,
1180,3,10,SA,https://www.linkedin.com/in/mentor-1961/,https://api.dicebear.com/7.x/avataaars/svg?seed=mentor_1961,3/26/2026,0.0,0,,,1,1,
1181,1,8,EG,https://www.linkedin.com/in/mentor-1962/,https://api.dicebear.com/7.x/avataaars/svg?seed=mentor_1962,6/12/2025,0.0,0,,,1,1,
1182,4,14,JO,https://www.linkedin.com/in/mentor-1963/,https://api.dicebear.com/7.x/avataaars/svg?seed=mentor_1963,1/12/2025,0.0,0,,,1,1,
1183,3,12,EG,https://www.linkedin.com/in/mentor-1965/,https://api.dicebear.com/7.x/avataaars/svg?seed=mentor_1965,9/25/2026,0.0,0,,,1,1,
1184,1,11,EG,https://www.linkedin.com/in/mentor-1966/,https://api.dicebear.com/7.x/avataaars/svg?seed=mentor_1966,6/9/2025,0.0,0,,,1,1,
1185,3,9,EG,https://www.linkedin.com/in/mentor-1967/,https://api.dicebear.com/7.x/avataaars/svg?seed=mentor_1967,4/3/2025,0.0,0,,,1,1,
1186,2,12,EG,https://www.linkedin.com/in/mentor-1968/,https://api.dicebear.com/7.x/avataaars/svg?seed=mentor_1968,6/8/2026,3.67,3,,,1,1,
1187,1,7,EG,https://www.linkedin.com/in/mentor-1969/,https://api.dicebear.com/7.x/avataaars/svg?seed=mentor_1969,12/25/2026,0.0,0,,,1,1,
1188,3,10,SA,https://www.linkedin.com/in/mentor-1972/,https://api.dicebear.com/7.x/avataaars/svg?seed=mentor_1972,11/17/2026,4.67,6,,,1,1,
1189,2,4,SA,https://www.linkedin.com/in/mentor-1973/,https://api.dicebear.com/7.x/avataaars/svg?seed=mentor_1973,12/11/2026,0.0,0,,,1,1,
1190,1,9,SA,https://www.linkedin.com/in/mentor-1974/,https://api.dicebear.com/7.x/avataaars/svg?seed=mentor_1974,11/23/2025,0.0,0,,,1,1,
1191,1,6,SA,https://www.linkedin.com/in/mentor-1976/,https://api.dicebear.com/7.x/avataaars/svg?seed=mentor_1976,9/5/2025,0.0,0,,,1,1,
1192,1,11,SA,https://www.linkedin.com/in/mentor-1978/,https://api.dicebear.com/7.x/avataaars/svg?seed=mentor_1978,6/4/2026,5.0,2,,,1,1,
1193,1,14,EG,https://www.linkedin.com/in/mentor-1979/,https://api.dicebear.com/7.x/avataaars/svg?seed=mentor_1979,10/20/2025,0.0,0,,,1,1,
1194,2,3,SA,https://www.linkedin.com/in/mentor-1980/,https://api.dicebear.com/7.x/avataaars/svg?seed=mentor_1980,4/12/2026,3.44,9,,,1,1,
1195,1,9,MA,https://www.linkedin.com/in/mentor-1981/,https://api.dicebear.com/7.x/avataaars/svg?seed=mentor_1981,10/15/2026,0.0,0,,,1,1,
1196,2,8,SA,https://www.linkedin.com/in/mentor-1985/,https://api.dicebear.com/7.x/avataaars/svg?seed=mentor_1985,4/4/2025,0.0,0,,,1,1,
1197,2,10,AE,https://www.linkedin.com/in/mentor-1986/,https://api.dicebear.com/7.x/avataaars/svg?seed=mentor_1986,1/29/2026,0.0,0,,,1,1,
1198,3,7,EG,https://www.linkedin.com/in/mentor-1988/,https://api.dicebear.com/7.x/avataaars/svg?seed=mentor_1988,4/3/2025,4.0,2,,,1,1,
1199,1,3,AE,https://www.linkedin.com/in/mentor-1989/,https://api.dicebear.com/7.x/avataaars/svg?seed=mentor_1989,12/26/2025,0.0,0,,,1,1,
1200,4,3,AE,https://www.linkedin.com/in/mentor-1990/,https://api.dicebear.com/7.x/avataaars/svg?seed=mentor_1990,1/17/2026,4.0,4,,,1,1,
1201,3,11,SA,https://www.linkedin.com/in/mentor-1991/,https://api.dicebear.com/7.x/avataaars/svg?seed=mentor_1991,10/29/2025,5.0,4,,,1,1,
1202,1,12,MA,https://www.linkedin.com/in/mentor-1993/,https://api.dicebear.com/7.x/avataaars/svg?seed=mentor_1993,1/12/2025,0.0,0,,,1,1,
1203,1,8,EG,https://www.linkedin.com/in/mentor-1994/,https://api.dicebear.com/7.x/avataaars/svg?seed=mentor_1994,2/15/2026,0.0,0,,,1,1,
1204,1,12,EG,https://www.linkedin.com/in/mentor-1995/,https://api.dicebear.com/7.x/avataaars/svg?seed=mentor_1995,7/12/2026,0.0,0,,,1,1,
1205,2,7,AE,https://www.linkedin.com/in/mentor-1996/,https://api.dicebear.com/7.x/avataaars/svg?seed=mentor_1996,5/13/2025,4.33,3,,,1,1,
1206,3,3,JO,https://www.linkedin.com/in/mentor-1997/,https://api.dicebear.com/7.x/avataaars/svg?seed=mentor_1997,12/5/2026,4.0,3,,,1,1,
1207,3,8,EG,https://www.linkedin.com/in/mentor-1998/,https://api.dicebear.com/7.x/avataaars/svg?seed=mentor_1998,5/20/2025,4.57,7,,,1,1,
1208,1,8,EG,https://www.linkedin.com/in/mentor-2000/,https://api.dicebear.com/7.x/avataaars/svg?seed=mentor_2000,3/12/2026,5.0,1,,,1,1,
1209,4,5,EG,https://www.linkedin.com/in/mentor-2003/,https://api.dicebear.com/7.x/avataaars/svg?seed=mentor_2003,6/22/2026,0.0,0,,,1,1,
1210,4,10,EG,https://www.linkedin.com/in/mentor-2004/,https://api.dicebear.com/7.x/avataaars/svg?seed=mentor_2004,8/22/2026,4.11,9,,,1,1,
1211,4,3,AE,https://www.linkedin.com/in/mentor-2005/,https://api.dicebear.com/7.x/avataaars/svg?seed=mentor_2005,11/13/2026,0.0,0,,,1,1,
1212,4,3,SA,https://www.linkedin.com/in/mentor-2008/,https://api.dicebear.com/7.x/avataaars/svg?seed=mentor_2008,2/16/2025,5.0,1,,,1,1,
1213,1,8,EG,https://www.linkedin.com/in/mentor-2009/,https://api.dicebear.com/7.x/avataaars/svg?seed=mentor_2009,9/7/2026,0.0,0,,,1,1,
1214,3,12,EG,https://www.linkedin.com/in/mentor-2010/,https://api.dicebear.com/7.x/avataaars/svg?seed=mentor_2010,11/7/2025,4.0,2,,,1,1,
1215,3,3,EG,https://www.linkedin.com/in/mentor-2012/,https://api.dicebear.com/7.x/avataaars/svg?seed=mentor_2012,10/22/2025,3.0,3,,,1,1,
1216,1,8,EG,https://www.linkedin.com/in/mentor-2013/,https://api.dicebear.com/7.x/avataaars/svg?seed=mentor_2013,3/16/2026,0.0,0,,,1,1,
1217,2,3,SA,https://www.linkedin.com/in/mentor-2014/,https://api.dicebear.com/7.x/avataaars/svg?seed=mentor_2014,12/25/2025,0.0,0,,,1,1,
1218,1,8,MA,https://www.linkedin.com/in/mentor-2015/,https://api.dicebear.com/7.x/avataaars/svg?seed=mentor_2015,6/17/2025,0.0,0,,,1,1,
1219,1,5,JO,https://www.linkedin.com/in/mentor-2017/,https://api.dicebear.com/7.x/avataaars/svg?seed=mentor_2017,1/3/2026,0.0,0,,,1,1,
1220,1,10,EG,https://www.linkedin.com/in/mentor-2018/,https://api.dicebear.com/7.x/avataaars/svg?seed=mentor_2018,9/9/2025,0.0,0,,,1,1,
1221,2,8,JO,https://www.linkedin.com/in/mentor-2019/,https://api.dicebear.com/7.x/avataaars/svg?seed=mentor_2019,2/14/2025,0.0,0,,,1,1,
1222,2,13,AE,https://www.linkedin.com/in/mentor-2020/,https://api.dicebear.com/7.x/avataaars/svg?seed=mentor_2020,10/12/2025,0.0,0,,,1,1,
1223,1,3,AE,https://www.linkedin.com/in/mentor-2021/,https://api.dicebear.com/7.x/avataaars/svg?seed=mentor_2021,2/19/2026,0.0,0,,,1,1,
1224,2,7,SA,https://www.linkedin.com/in/mentor-2023/,https://api.dicebear.com/7.x/avataaars/svg?seed=mentor_2023,7/3/2026,5.0,1,,,1,1,
1225,1,10,EG,https://www.linkedin.com/in/mentor-2024/,https://api.dicebear.com/7.x/avataaars/svg?seed=mentor_2024,5/29/2026,0.0,0,,,1,1,
1226,1,5,EG,https://www.linkedin.com/in/mentor-2026/,https://api.dicebear.com/7.x/avataaars/svg?seed=mentor_2026,11/14/2026,0.0,0,,,1,1,
1227,4,14,EG,https://www.linkedin.com/in/mentor-2027/,https://api.dicebear.com/7.x/avataaars/svg?seed=mentor_2027,5/4/2026,0.0,0,,,1,1,
1228,1,8,EG,https://www.linkedin.com/in/mentor-2029/,https://api.dicebear.com/7.x/avataaars/svg?seed=mentor_2029,9/7/2025,4.33,3,,,1,1,
1229,2,7,EG,https://www.linkedin.com/in/mentor-2030/,https://api.dicebear.com/7.x/avataaars/svg?seed=mentor_2030,1/14/2026,0.0,0,,,1,1,
1230,1,8,SA,https://www.linkedin.com/in/mentor-2033/,https://api.dicebear.com/7.x/avataaars/svg?seed=mentor_2033,4/14/2026,0.0,0,,,1,1,
1231,1,12,AE,https://www.linkedin.com/in/mentor-2034/,https://api.dicebear.com/7.x/avataaars/svg?seed=mentor_2034,8/23/2025,0.0,0,,,1,1,
1232,3,3,SA,https://www.linkedin.com/in/mentor-2035/,https://api.dicebear.com/7.x/avataaars/svg?seed=mentor_2035,4/22/2026,0.0,0,,,1,1,
1233,2,9,EG,https://www.linkedin.com/in/mentor-2037/,https://api.dicebear.com/7.x/avataaars/svg?seed=mentor_2037,4/24/2026,0.0,0,,,1,1,
1234,2,11,MA,https://www.linkedin.com/in/mentor-2040/,https://api.dicebear.com/7.x/avataaars/svg?seed=mentor_2040,4/19/2026,2.71,7,,,1,1,
1235,3,4,MA,https://www.linkedin.com/in/mentor-2041/,https://api.dicebear.com/7.x/avataaars/svg?seed=mentor_2041,11/1/2025,0.0,0,,,1,1,
1236,1,12,AE,https://www.linkedin.com/in/mentor-2044/,https://api.dicebear.com/7.x/avataaars/svg?seed=mentor_2044,8/13/2026,5.0,1,,,1,1,
1237,3,7,MA,https://www.linkedin.com/in/mentor-2045/,https://api.dicebear.com/7.x/avataaars/svg?seed=mentor_2045,12/2/2026,4.75,4,,,1,1,
1238,4,12,SA,https://www.linkedin.com/in/mentor-2046/,https://api.dicebear.com/7.x/avataaars/svg?seed=mentor_2046,6/4/2026,0.0,0,,,1,1,
1239,3,6,MA,https://www.linkedin.com/in/mentor-2047/,https://api.dicebear.com/7.x/avataaars/svg?seed=mentor_2047,4/9/2026,5.0,1,,,1,1,
1240,3,8,EG,https://www.linkedin.com/in/mentor-2049/,https://api.dicebear.com/7.x/avataaars/svg?seed=mentor_2049,11/26/2025,0.0,0,,,1,1,
1241,1,8,EG,https://www.linkedin.com/in/mentor-2051/,https://api.dicebear.com/7.x/avataaars/svg?seed=mentor_2051,7/21/2025,0.0,0,,,1,1,
1242,3,13,EG,https://www.linkedin.com/in/mentor-2052/,https://api.dicebear.com/7.x/avataaars/svg?seed=mentor_2052,6/17/2026,4.0,2,,,1,1,
1243,2,4,EG,https://www.linkedin.com/in/mentor-2054/,https://api.dicebear.com/7.x/avataaars/svg?seed=mentor_2054,5/30/2025,0.0,0,,,1,1,
1244,1,4,EG,https://www.linkedin.com/in/mentor-2055/,https://api.dicebear.com/7.x/avataaars/svg?seed=mentor_2055,7/1/2026,0.0,0,,,1,1,
1245,4,6,SA,https://www.linkedin.com/in/mentor-2056/,https://api.dicebear.com/7.x/avataaars/svg?seed=mentor_2056,3/25/2026,0.0,0,,,1,1,
1246,2,3,AE,https://www.linkedin.com/in/mentor-2059/,https://api.dicebear.com/7.x/avataaars/svg?seed=mentor_2059,5/5/2025,0.0,0,,,1,1,
1247,1,11,SA,https://www.linkedin.com/in/mentor-2061/,https://api.dicebear.com/7.x/avataaars/svg?seed=mentor_2061,11/27/2026,4.2,5,,,1,1,
1248,2,9,EG,https://www.linkedin.com/in/mentor-2064/,https://api.dicebear.com/7.x/avataaars/svg?seed=mentor_2064,3/1/2026,3.78,9,,,1,1,
1249,1,14,JO,https://www.linkedin.com/in/mentor-2065/,https://api.dicebear.com/7.x/avataaars/svg?seed=mentor_2065,11/16/2026,0.0,0,,,1,1,
1250,3,9,SA,https://www.linkedin.com/in/mentor-2070/,https://api.dicebear.com/7.x/avataaars/svg?seed=mentor_2070,8/23/2025,4.46,13,,,1,1,
1251,3,5,EG,https://www.linkedin.com/in/mentor-2072/,https://api.dicebear.com/7.x/avataaars/svg?seed=mentor_2072,7/10/2026,4.0,2,,,1,1,
1252,1,13,AE,https://www.linkedin.com/in/mentor-2073/,https://api.dicebear.com/7.x/avataaars/svg?seed=mentor_2073,8/29/2025,0.0,0,,,1,1,
1253,3,14,EG,https://www.linkedin.com/in/mentor-2074/,https://api.dicebear.com/7.x/avataaars/svg?seed=mentor_2074,9/20/2026,0.0,0,,,1,1,
1254,1,5,EG,https://www.linkedin.com/in/mentor-2076/,https://api.dicebear.com/7.x/avataaars/svg?seed=mentor_2076,3/6/2025,0.0,0,,,1,1,
1255,2,3,MA,https://www.linkedin.com/in/mentor-2079/,https://api.dicebear.com/7.x/avataaars/svg?seed=mentor_2079,10/29/2025,0.0,0,,,1,1,
1256,1,5,EG,https://www.linkedin.com/in/mentor-2080/,https://api.dicebear.com/7.x/avataaars/svg?seed=mentor_2080,5/27/2026,0.0,0,,,1,1,
1257,1,5,SA,https://www.linkedin.com/in/mentor-2081/,https://api.dicebear.com/7.x/avataaars/svg?seed=mentor_2081,6/17/2026,5.0,1,,,1,1,
1258,1,6,JO,https://www.linkedin.com/in/mentor-2082/,https://api.dicebear.com/7.x/avataaars/svg?seed=mentor_2082,11/23/2025,3.82,11,,,1,1,
1259,1,6,AE,https://www.linkedin.com/in/mentor-2084/,https://api.dicebear.com/7.x/avataaars/svg?seed=mentor_2084,5/29/2026,0.0,0,,,1,1,
1260,2,5,EG,https://www.linkedin.com/in/mentor-2085/,https://api.dicebear.com/7.x/avataaars/svg?seed=mentor_2085,6/22/2026,4.0,1,,,1,1,
1261,1,12,EG,https://www.linkedin.com/in/mentor-2087/,https://api.dicebear.com/7.x/avataaars/svg?seed=mentor_2087,6/29/2025,0.0,0,,,1,1,
1262,2,14,EG,https://www.linkedin.com/in/mentor-2091/,https://api.dicebear.com/7.x/avataaars/svg?seed=mentor_2091,3/27/2026,0.0,0,,,1,1,
1263,1,10,SA,https://www.linkedin.com/in/mentor-2092/,https://api.dicebear.com/7.x/avataaars/svg?seed=mentor_2092,4/14/2025,4.25,4,,,1,1,
1264,1,10,SA,https://www.linkedin.com/in/mentor-2093/,https://api.dicebear.com/7.x/avataaars/svg?seed=mentor_2093,9/24/2025,0.0,0,,,1,1,
1265,3,3,EG,https://www.linkedin.com/in/mentor-2094/,https://api.dicebear.com/7.x/avataaars/svg?seed=mentor_2094,7/11/2025,0.0,0,,,1,1,
1266,1,9,MA,https://www.linkedin.com/in/mentor-2096/,https://api.dicebear.com/7.x/avataaars/svg?seed=mentor_2096,5/4/2025,0.0,0,,,1,1,
1267,3,13,SA,https://www.linkedin.com/in/mentor-2097/,https://api.dicebear.com/7.x/avataaars/svg?seed=mentor_2097,4/10/2026,4.0,1,,,1,1,
1268,4,4,EG,https://www.linkedin.com/in/mentor-2098/,https://api.dicebear.com/7.x/avataaars/svg?seed=mentor_2098,7/23/2025,0.0,0,,,1,1,
1269,1,3,SA,https://www.linkedin.com/in/mentor-2099/,https://api.dicebear.com/7.x/avataaars/svg?seed=mentor_2099,3/9/2025,0.0,0,,,1,1,
1270,2,5,AE,https://www.linkedin.com/in/mentor-2100/,https://api.dicebear.com/7.x/avataaars/svg?seed=mentor_2100,11/24/2025,4.0,2,,,1,1,
1271,1,6,EG,https://www.linkedin.com/in/mentor-2103/,https://api.dicebear.com/7.x/avataaars/svg?seed=mentor_2103,10/9/2026,4.33,3,,,1,1,
1272,1,8,EG,https://www.linkedin.com/in/mentor-2104/,https://api.dicebear.com/7.x/avataaars/svg?seed=mentor_2104,6/8/2026,0.0,0,,,1,1,
1273,1,12,JO,https://www.linkedin.com/in/mentor-2105/,https://api.dicebear.com/7.x/avataaars/svg?seed=mentor_2105,10/20/2025,5.0,1,,,1,1,
1274,4,7,SA,https://www.linkedin.com/in/mentor-2107/,https://api.dicebear.com/7.x/avataaars/svg?seed=mentor_2107,3/29/2025,4.0,2,,,1,1,
1275,2,6,SA,https://www.linkedin.com/in/mentor-2109/,https://api.dicebear.com/7.x/avataaars/svg?seed=mentor_2109,1/10/2025,0.0,0,,,1,1,
1276,3,10,SA,https://www.linkedin.com/in/mentor-2111/,https://api.dicebear.com/7.x/avataaars/svg?seed=mentor_2111,3/27/2025,0.0,0,,,1,1,
1277,1,13,EG,https://www.linkedin.com/in/mentor-2112/,https://api.dicebear.com/7.x/avataaars/svg?seed=mentor_2112,3/2/2026,2.5,2,,,1,1,
1278,1,14,EG,https://www.linkedin.com/in/mentor-2114/,https://api.dicebear.com/7.x/avataaars/svg?seed=mentor_2114,1/24/2026,4.33,3,,,1,1,
1279,1,6,SA,https://www.linkedin.com/in/mentor-2115/,https://api.dicebear.com/7.x/avataaars/svg?seed=mentor_2115,1/23/2025,0.0,0,,,1,1,
1280,2,12,EG,https://www.linkedin.com/in/mentor-2119/,https://api.dicebear.com/7.x/avataaars/svg?seed=mentor_2119,6/25/2026,0.0,0,,,1,1,
1281,2,14,EG,https://www.linkedin.com/in/mentor-2120/,https://api.dicebear.com/7.x/avataaars/svg?seed=mentor_2120,3/31/2026,0.0,0,,,1,1,
1282,1,4,JO,https://www.linkedin.com/in/mentor-2121/,https://api.dicebear.com/7.x/avataaars/svg?seed=mentor_2121,5/5/2025,2.0,1,,,1,1,
1283,1,5,MA,https://www.linkedin.com/in/mentor-2122/,https://api.dicebear.com/7.x/avataaars/svg?seed=mentor_2122,7/20/2025,4.0,3,,,1,1,
1284,1,8,AE,https://www.linkedin.com/in/mentor-2123/,https://api.dicebear.com/7.x/avataaars/svg?seed=mentor_2123,3/12/2026,0.0,0,,,1,1,
1285,1,10,JO,https://www.linkedin.com/in/mentor-2125/,https://api.dicebear.com/7.x/avataaars/svg?seed=mentor_2125,10/29/2026,0.0,0,,,1,1,
1286,1,10,EG,https://www.linkedin.com/in/mentor-2128/,https://api.dicebear.com/7.x/avataaars/svg?seed=mentor_2128,1/27/2025,4.0,3,,,1,1,
1287,3,13,MA,https://www.linkedin.com/in/mentor-2130/,https://api.dicebear.com/7.x/avataaars/svg?seed=mentor_2130,12/29/2025,0.0,0,,,1,1,
1288,1,11,EG,https://www.linkedin.com/in/mentor-2131/,https://api.dicebear.com/7.x/avataaars/svg?seed=mentor_2131,3/12/2025,0.0,0,,,1,1,
1289,3,9,MA,https://www.linkedin.com/in/mentor-2132/,https://api.dicebear.com/7.x/avataaars/svg?seed=mentor_2132,11/3/2025,0.0,0,,,1,1,
1290,1,4,MA,https://www.linkedin.com/in/mentor-2133/,https://api.dicebear.com/7.x/avataaars/svg?seed=mentor_2133,9/27/2026,0.0,0,,,1,1,
1291,1,10,AE,https://www.linkedin.com/in/mentor-2134/,https://api.dicebear.com/7.x/avataaars/svg?seed=mentor_2134,12/30/2025,4.0,5,,,1,1,
1292,1,9,MA,https://www.linkedin.com/in/mentor-2138/,https://api.dicebear.com/7.x/avataaars/svg?seed=mentor_2138,10/29/2026,0.0,0,,,1,1,
1293,1,10,SA,https://www.linkedin.com/in/mentor-2142/,https://api.dicebear.com/7.x/avataaars/svg?seed=mentor_2142,10/19/2025,0.0,0,,,1,1,
1294,1,14,EG,https://www.linkedin.com/in/mentor-2143/,https://api.dicebear.com/7.x/avataaars/svg?seed=mentor_2143,2/17/2025,3.67,12,,,1,1,
1295,2,5,SA,https://www.linkedin.com/in/mentor-2145/,https://api.dicebear.com/7.x/avataaars/svg?seed=mentor_2145,3/20/2025,4.33,6,,,1,1,
1296,3,9,SA,https://www.linkedin.com/in/mentor-2146/,https://api.dicebear.com/7.x/avataaars/svg?seed=mentor_2146,9/12/2025,0.0,0,,,1,1,
1297,1,12,EG,https://www.linkedin.com/in/mentor-2148/,https://api.dicebear.com/7.x/avataaars/svg?seed=mentor_2148,9/29/2025,5.0,2,,,1,1,
1298,2,11,SA,https://www.linkedin.com/in/mentor-2149/,https://api.dicebear.com/7.x/avataaars/svg?seed=mentor_2149,5/2/2026,0.0,0,,,1,1,
1299,3,5,MA,https://www.linkedin.com/in/mentor-2150/,https://api.dicebear.com/7.x/avataaars/svg?seed=mentor_2150,12/8/2025,3.0,1,,,1,1,
1300,3,12,EG,https://www.linkedin.com/in/mentor-2154/,https://api.dicebear.com/7.x/avataaars/svg?seed=mentor_2154,10/20/2025,0.0,0,,,1,1,
1301,1,8,AE,https://www.linkedin.com/in/mentor-2155/,https://api.dicebear.com/7.x/avataaars/svg?seed=mentor_2155,9/17/2026,0.0,0,,,1,1,
1302,1,4,MA,https://www.linkedin.com/in/mentor-2157/,https://api.dicebear.com/7.x/avataaars/svg?seed=mentor_2157,12/29/2026,0.0,0,,,1,1,
1303,3,4,MA,https://www.linkedin.com/in/mentor-2159/,https://api.dicebear.com/7.x/avataaars/svg?seed=mentor_2159,12/22/2025,3.6,5,,,1,1,
1304,4,7,MA,https://www.linkedin.com/in/mentor-2160/,https://api.dicebear.com/7.x/avataaars/svg?seed=mentor_2160,6/10/2026,0.0,0,,,1,1,
1305,1,7,SA,https://www.linkedin.com/in/mentor-2163/,https://api.dicebear.com/7.x/avataaars/svg?seed=mentor_2163,8/19/2025,3.5,4,,,1,1,
1306,2,9,MA,https://www.linkedin.com/in/mentor-2165/,https://api.dicebear.com/7.x/avataaars/svg?seed=mentor_2165,1/15/2025,0.0,0,,,1,1,
1307,2,14,AE,https://www.linkedin.com/in/mentor-2166/,https://api.dicebear.com/7.x/avataaars/svg?seed=mentor_2166,1/28/2025,4.0,6,,,1,1,
1308,3,4,EG,https://www.linkedin.com/in/mentor-2167/,https://api.dicebear.com/7.x/avataaars/svg?seed=mentor_2167,2/7/2025,0.0,0,,,1,1,
1309,2,13,SA,https://www.linkedin.com/in/mentor-2169/,https://api.dicebear.com/7.x/avataaars/svg?seed=mentor_2169,4/3/2026,0.0,0,,,1,1,
1310,4,9,AE,https://www.linkedin.com/in/mentor-2173/,https://api.dicebear.com/7.x/avataaars/svg?seed=mentor_2173,1/5/2025,4.09,11,,,1,1,
1311,3,7,EG,https://www.linkedin.com/in/mentor-2174/,https://api.dicebear.com/7.x/avataaars/svg?seed=mentor_2174,8/24/2026,3.0,1,,,1,1,
1312,1,8,SA,https://www.linkedin.com/in/mentor-2175/,https://api.dicebear.com/7.x/avataaars/svg?seed=mentor_2175,1/18/2026,3.71,14,,,1,1,
1313,4,10,AE,https://www.linkedin.com/in/mentor-2177/,https://api.dicebear.com/7.x/avataaars/svg?seed=mentor_2177,2/11/2026,4.0,2,,,1,1,
1314,1,12,EG,https://www.linkedin.com/in/mentor-2178/,https://api.dicebear.com/7.x/avataaars/svg?seed=mentor_2178,9/18/2026,0.0,0,,,1,1,
1315,1,14,SA,https://www.linkedin.com/in/mentor-2179/,https://api.dicebear.com/7.x/avataaars/svg?seed=mentor_2179,7/15/2025,4.33,3,,,1,1,
1316,3,6,AE,https://www.linkedin.com/in/mentor-2180/,https://api.dicebear.com/7.x/avataaars/svg?seed=mentor_2180,4/8/2025,5.0,1,,,1,1,
1317,1,9,SA,https://www.linkedin.com/in/mentor-2181/,https://api.dicebear.com/7.x/avataaars/svg?seed=mentor_2181,8/18/2026,0.0,0,,,1,1,
1318,1,8,EG,https://www.linkedin.com/in/mentor-2185/,https://api.dicebear.com/7.x/avataaars/svg?seed=mentor_2185,9/18/2026,0.0,0,,,1,1,
1319,3,12,EG,https://www.linkedin.com/in/mentor-2186/,https://api.dicebear.com/7.x/avataaars/svg?seed=mentor_2186,1/31/2026,0.0,0,,,1,1,
1320,2,4,EG,https://www.linkedin.com/in/mentor-2188/,https://api.dicebear.com/7.x/avataaars/svg?seed=mentor_2188,11/21/2025,4.47,17,,,1,1,
1321,1,10,MA,https://www.linkedin.com/in/mentor-2190/,https://api.dicebear.com/7.x/avataaars/svg?seed=mentor_2190,6/11/2026,0.0,0,,,1,1,
1322,2,12,EG,https://www.linkedin.com/in/mentor-2191/,https://api.dicebear.com/7.x/avataaars/svg?seed=mentor_2191,2/22/2026,0.0,0,,,1,1,
1323,3,11,SA,https://www.linkedin.com/in/mentor-2193/,https://api.dicebear.com/7.x/avataaars/svg?seed=mentor_2193,6/5/2025,0.0,0,,,1,1,
1324,3,7,EG,https://www.linkedin.com/in/mentor-2194/,https://api.dicebear.com/7.x/avataaars/svg?seed=mentor_2194,4/22/2025,0.0,0,,,1,1,
1325,4,12,EG,https://www.linkedin.com/in/mentor-2195/,https://api.dicebear.com/7.x/avataaars/svg?seed=mentor_2195,3/6/2026,4.25,8,,,1,1,
1326,2,6,JO,https://www.linkedin.com/in/mentor-2196/,https://api.dicebear.com/7.x/avataaars/svg?seed=mentor_2196,5/3/2026,3.33,3,,,1,1,
1327,1,8,AE,https://www.linkedin.com/in/mentor-2197/,https://api.dicebear.com/7.x/avataaars/svg?seed=mentor_2197,4/26/2025,3.6,5,,,1,1,
1328,2,10,EG,https://www.linkedin.com/in/mentor-2202/,https://api.dicebear.com/7.x/avataaars/svg?seed=mentor_2202,11/17/2026,0.0,0,,,1,1,
1329,3,13,SA,https://www.linkedin.com/in/mentor-2204/,https://api.dicebear.com/7.x/avataaars/svg?seed=mentor_2204,12/26/2025,0.0,0,,,1,1,
1330,3,5,EG,https://www.linkedin.com/in/mentor-2205/,https://api.dicebear.com/7.x/avataaars/svg?seed=mentor_2205,5/19/2025,4.67,3,,,1,1,
1331,2,12,SA,https://www.linkedin.com/in/mentor-2209/,https://api.dicebear.com/7.x/avataaars/svg?seed=mentor_2209,7/22/2025,3.67,3,,,1,1,
1332,2,13,AE,https://www.linkedin.com/in/mentor-2210/,https://api.dicebear.com/7.x/avataaars/svg?seed=mentor_2210,8/12/2026,3.4,5,,,1,1,
1333,1,13,EG,https://www.linkedin.com/in/mentor-2212/,https://api.dicebear.com/7.x/avataaars/svg?seed=mentor_2212,4/8/2025,5.0,1,,,1,1,
1334,1,3,EG,https://www.linkedin.com/in/mentor-2213/,https://api.dicebear.com/7.x/avataaars/svg?seed=mentor_2213,1/1/2026,0.0,0,,,1,1,
1335,1,6,EG,https://www.linkedin.com/in/mentor-2214/,https://api.dicebear.com/7.x/avataaars/svg?seed=mentor_2214,1/18/2025,0.0,0,,,1,1,
1336,1,6,MA,https://www.linkedin.com/in/mentor-2216/,https://api.dicebear.com/7.x/avataaars/svg?seed=mentor_2216,6/23/2025,5.0,1,,,1,1,
1337,1,3,MA,https://www.linkedin.com/in/mentor-2217/,https://api.dicebear.com/7.x/avataaars/svg?seed=mentor_2217,3/25/2026,3.33,3,,,1,1,
1338,2,11,EG,https://www.linkedin.com/in/mentor-2218/,https://api.dicebear.com/7.x/avataaars/svg?seed=mentor_2218,8/17/2025,0.0,0,,,1,1,
1339,4,5,AE,https://www.linkedin.com/in/mentor-2219/,https://api.dicebear.com/7.x/avataaars/svg?seed=mentor_2219,12/23/2026,4.0,4,,,1,1,
1340,4,7,EG,https://www.linkedin.com/in/mentor-2220/,https://api.dicebear.com/7.x/avataaars/svg?seed=mentor_2220,9/5/2025,0.0,0,,,1,1,
1341,1,8,EG,https://www.linkedin.com/in/mentor-2221/,https://api.dicebear.com/7.x/avataaars/svg?seed=mentor_2221,10/16/2025,4.0,2,,,1,1,
1342,4,10,AE,https://www.linkedin.com/in/mentor-2222/,https://api.dicebear.com/7.x/avataaars/svg?seed=mentor_2222,7/8/2025,0.0,0,,,1,1,
1343,1,8,MA,https://www.linkedin.com/in/mentor-2226/,https://api.dicebear.com/7.x/avataaars/svg?seed=mentor_2226,1/25/2026,0.0,0,,,1,1,
1344,1,5,MA,https://www.linkedin.com/in/mentor-2228/,https://api.dicebear.com/7.x/avataaars/svg?seed=mentor_2228,5/2/2026,0.0,0,,,1,1,
1345,2,8,SA,https://www.linkedin.com/in/mentor-2229/,https://api.dicebear.com/7.x/avataaars/svg?seed=mentor_2229,10/5/2026,4.5,2,,,1,1,
1346,2,3,EG,https://www.linkedin.com/in/mentor-2230/,https://api.dicebear.com/7.x/avataaars/svg?seed=mentor_2230,10/28/2026,0.0,0,,,1,1,
1347,1,6,AE,https://www.linkedin.com/in/mentor-2233/,https://api.dicebear.com/7.x/avataaars/svg?seed=mentor_2233,6/13/2025,0.0,0,,,1,1,
1348,1,8,EG,https://www.linkedin.com/in/mentor-2235/,https://api.dicebear.com/7.x/avataaars/svg?seed=mentor_2235,4/11/2025,0.0,0,,,1,1,
1349,4,9,SA,https://www.linkedin.com/in/mentor-2237/,https://api.dicebear.com/7.x/avataaars/svg?seed=mentor_2237,12/12/2025,0.0,0,,,1,1,
1350,2,13,EG,https://www.linkedin.com/in/mentor-2241/,https://api.dicebear.com/7.x/avataaars/svg?seed=mentor_2241,9/14/2026,0.0,0,,,1,1,
1351,1,13,AE,https://www.linkedin.com/in/mentor-2242/,https://api.dicebear.com/7.x/avataaars/svg?seed=mentor_2242,4/23/2025,5.0,1,,,1,1,
1352,4,12,EG,https://www.linkedin.com/in/mentor-2243/,https://api.dicebear.com/7.x/avataaars/svg?seed=mentor_2243,2/11/2025,0.0,0,,,1,1,
1353,1,5,EG,https://www.linkedin.com/in/mentor-2244/,https://api.dicebear.com/7.x/avataaars/svg?seed=mentor_2244,2/19/2026,0.0,0,,,1,1,
1354,1,11,MA,https://www.linkedin.com/in/mentor-2245/,https://api.dicebear.com/7.x/avataaars/svg?seed=mentor_2245,1/4/2026,0.0,0,,,1,1,
1355,3,14,EG,https://www.linkedin.com/in/mentor-2248/,https://api.dicebear.com/7.x/avataaars/svg?seed=mentor_2248,4/2/2025,0.0,0,,,1,1,
1356,2,14,SA,https://www.linkedin.com/in/mentor-2250/,https://api.dicebear.com/7.x/avataaars/svg?seed=mentor_2250,8/5/2026,0.0,0,,,1,1,
1357,1,9,EG,https://www.linkedin.com/in/mentor-2251/,https://api.dicebear.com/7.x/avataaars/svg?seed=mentor_2251,1/18/2025,4.67,3,,,1,1,
1358,4,3,EG,https://www.linkedin.com/in/mentor-2253/,https://api.dicebear.com/7.x/avataaars/svg?seed=mentor_2253,12/14/2025,0.0,0,,,1,1,
1359,2,4,EG,https://www.linkedin.com/in/mentor-2257/,https://api.dicebear.com/7.x/avataaars/svg?seed=mentor_2257,2/19/2025,3.93,14,,,1,1,
1360,1,3,EG,https://www.linkedin.com/in/mentor-2259/,https://api.dicebear.com/7.x/avataaars/svg?seed=mentor_2259,5/10/2025,3.18,11,,,1,1,
1361,1,13,JO,https://www.linkedin.com/in/mentor-2260/,https://api.dicebear.com/7.x/avataaars/svg?seed=mentor_2260,4/23/2026,4.67,12,,,1,1,
1362,3,11,EG,https://www.linkedin.com/in/mentor-2262/,https://api.dicebear.com/7.x/avataaars/svg?seed=mentor_2262,10/4/2026,0.0,0,,,1,1,
1363,3,11,MA,https://www.linkedin.com/in/mentor-2264/,https://api.dicebear.com/7.x/avataaars/svg?seed=mentor_2264,3/31/2026,0.0,0,,,1,1,
1364,3,9,SA,https://www.linkedin.com/in/mentor-2266/,https://api.dicebear.com/7.x/avataaars/svg?seed=mentor_2266,12/8/2026,4.33,3,,,1,1,
1365,1,12,SA,https://www.linkedin.com/in/mentor-2267/,https://api.dicebear.com/7.x/avataaars/svg?seed=mentor_2267,8/29/2026,4.5,2,,,1,1,
1366,3,5,SA,https://www.linkedin.com/in/mentor-2269/,https://api.dicebear.com/7.x/avataaars/svg?seed=mentor_2269,5/30/2025,4.5,4,,,1,1,
1367,1,7,SA,https://www.linkedin.com/in/mentor-2270/,https://api.dicebear.com/7.x/avataaars/svg?seed=mentor_2270,12/14/2026,4.0,1,,,1,1,
1368,4,6,AE,https://www.linkedin.com/in/mentor-2271/,https://api.dicebear.com/7.x/avataaars/svg?seed=mentor_2271,11/10/2026,3.6,5,,,1,1,
1369,2,9,EG,https://www.linkedin.com/in/mentor-2272/,https://api.dicebear.com/7.x/avataaars/svg?seed=mentor_2272,1/3/2026,0.0,0,,,1,1,
1370,1,11,EG,https://www.linkedin.com/in/mentor-2273/,https://api.dicebear.com/7.x/avataaars/svg?seed=mentor_2273,8/29/2025,0.0,0,,,1,1,
1371,3,14,JO,https://www.linkedin.com/in/mentor-2275/,https://api.dicebear.com/7.x/avataaars/svg?seed=mentor_2275,10/4/2025,0.0,0,,,1,1,
1372,3,4,MA,https://www.linkedin.com/in/mentor-2276/,https://api.dicebear.com/7.x/avataaars/svg?seed=mentor_2276,1/20/2026,0.0,0,,,1,1,
1373,1,10,JO,https://www.linkedin.com/in/mentor-2277/,https://api.dicebear.com/7.x/avataaars/svg?seed=mentor_2277,7/5/2026,0.0,0,,,1,1,
1374,1,11,SA,https://www.linkedin.com/in/mentor-2278/,https://api.dicebear.com/7.x/avataaars/svg?seed=mentor_2278,4/21/2025,3.56,9,,,1,1,
1375,4,12,AE,https://www.linkedin.com/in/mentor-2280/,https://api.dicebear.com/7.x/avataaars/svg?seed=mentor_2280,6/19/2026,0.0,0,,,1,1,
1376,4,12,SA,https://www.linkedin.com/in/mentor-2281/,https://api.dicebear.com/7.x/avataaars/svg?seed=mentor_2281,12/1/2026,5.0,1,,,1,1,
1377,2,11,SA,https://www.linkedin.com/in/mentor-2283/,https://api.dicebear.com/7.x/avataaars/svg?seed=mentor_2283,3/7/2025,0.0,0,,,1,1,
1378,1,12,EG,https://www.linkedin.com/in/mentor-2284/,https://api.dicebear.com/7.x/avataaars/svg?seed=mentor_2284,3/30/2026,4.33,6,,,1,1,
1379,2,9,SA,https://www.linkedin.com/in/mentor-2286/,https://api.dicebear.com/7.x/avataaars/svg?seed=mentor_2286,8/4/2025,3.43,7,,,1,1,
1380,1,11,EG,https://www.linkedin.com/in/mentor-2288/,https://api.dicebear.com/7.x/avataaars/svg?seed=mentor_2288,11/23/2025,0.0,0,,,1,1,
1381,1,11,EG,https://www.linkedin.com/in/mentor-2289/,https://api.dicebear.com/7.x/avataaars/svg?seed=mentor_2289,5/26/2025,4.0,5,,,1,1,
1382,1,5,JO,https://www.linkedin.com/in/mentor-2290/,https://api.dicebear.com/7.x/avataaars/svg?seed=mentor_2290,11/8/2025,0.0,0,,,1,1,
1383,1,6,EG,https://www.linkedin.com/in/mentor-2291/,https://api.dicebear.com/7.x/avataaars/svg?seed=mentor_2291,7/10/2025,0.0,0,,,1,1,
1384,1,4,EG,https://www.linkedin.com/in/mentor-2294/,https://api.dicebear.com/7.x/avataaars/svg?seed=mentor_2294,9/9/2026,4.5,2,,,1,1,
1385,4,12,EG,https://www.linkedin.com/in/mentor-2296/,https://api.dicebear.com/7.x/avataaars/svg?seed=mentor_2296,5/31/2026,3.73,11,,,1,1,
1386,1,5,MA,https://www.linkedin.com/in/mentor-2297/,https://api.dicebear.com/7.x/avataaars/svg?seed=mentor_2297,10/27/2025,0.0,0,,,1,1,
1387,4,13,SA,https://www.linkedin.com/in/mentor-2298/,https://api.dicebear.com/7.x/avataaars/svg?seed=mentor_2298,10/25/2025,0.0,0,,,1,1,
1388,3,13,SA,https://www.linkedin.com/in/mentor-2299/,https://api.dicebear.com/7.x/avataaars/svg?seed=mentor_2299,10/3/2026,0.0,0,,,1,1,
1389,1,7,JO,https://www.linkedin.com/in/mentor-2300/,https://api.dicebear.com/7.x/avataaars/svg?seed=mentor_2300,2/19/2026,0.0,0,,,1,1,
1390,3,7,JO,https://www.linkedin.com/in/mentor-2302/,https://api.dicebear.com/7.x/avataaars/svg?seed=mentor_2302,11/21/2025,0.0,0,,,1,1,
1391,1,8,EG,https://www.linkedin.com/in/mentor-2306/,https://api.dicebear.com/7.x/avataaars/svg?seed=mentor_2306,10/11/2026,5.0,1,,,1,1,
1392,2,9,AE,https://www.linkedin.com/in/mentor-2307/,https://api.dicebear.com/7.x/avataaars/svg?seed=mentor_2307,6/28/2026,0.0,0,,,1,1,
1393,2,9,AE,https://www.linkedin.com/in/mentor-2309/,https://api.dicebear.com/7.x/avataaars/svg?seed=mentor_2309,7/7/2026,3.46,13,,,1,1,
1394,2,3,AE,https://www.linkedin.com/in/mentor-2310/,https://api.dicebear.com/7.x/avataaars/svg?seed=mentor_2310,7/5/2025,3.5,2,,,1,1,
1395,3,4,EG,https://www.linkedin.com/in/mentor-2311/,https://api.dicebear.com/7.x/avataaars/svg?seed=mentor_2311,10/7/2025,5.0,1,,,1,1,
1396,4,14,JO,https://www.linkedin.com/in/mentor-2314/,https://api.dicebear.com/7.x/avataaars/svg?seed=mentor_2314,7/21/2026,4.0,4,,,1,1,
1397,1,11,SA,https://www.linkedin.com/in/mentor-2315/,https://api.dicebear.com/7.x/avataaars/svg?seed=mentor_2315,1/16/2026,4.07,14,,,1,1,
1398,1,12,EG,https://www.linkedin.com/in/mentor-2322/,https://api.dicebear.com/7.x/avataaars/svg?seed=mentor_2322,1/2/2025,0.0,0,,,1,1,
1399,1,4,SA,https://www.linkedin.com/in/mentor-2324/,https://api.dicebear.com/7.x/avataaars/svg?seed=mentor_2324,9/29/2026,4.0,1,,,1,1,
1400,3,8,EG,https://www.linkedin.com/in/mentor-2326/,https://api.dicebear.com/7.x/avataaars/svg?seed=mentor_2326,9/17/2025,5.0,1,,,1,1,
1401,3,13,EG,https://www.linkedin.com/in/mentor-2327/,https://api.dicebear.com/7.x/avataaars/svg?seed=mentor_2327,8/17/2026,5.0,1,,,1,1,
1402,4,13,AE,https://www.linkedin.com/in/mentor-2329/,https://api.dicebear.com/7.x/avataaars/svg?seed=mentor_2329,9/7/2025,3.77,30,,,1,1,
1403,4,3,EG,https://www.linkedin.com/in/mentor-2330/,https://api.dicebear.com/7.x/avataaars/svg?seed=mentor_2330,4/23/2026,5.0,1,,,1,1,
1404,2,5,SA,https://www.linkedin.com/in/mentor-2333/,https://api.dicebear.com/7.x/avataaars/svg?seed=mentor_2333,2/24/2026,0.0,0,,,1,1,
1405,1,4,SA,https://www.linkedin.com/in/mentor-2334/,https://api.dicebear.com/7.x/avataaars/svg?seed=mentor_2334,1/23/2026,0.0,0,,,1,1,
1406,3,5,EG,https://www.linkedin.com/in/mentor-2335/,https://api.dicebear.com/7.x/avataaars/svg?seed=mentor_2335,9/25/2026,0.0,0,,,1,1,
1407,4,7,MA,https://www.linkedin.com/in/mentor-2339/,https://api.dicebear.com/7.x/avataaars/svg?seed=mentor_2339,3/12/2026,4.08,12,,,1,1,
1408,3,13,EG,https://www.linkedin.com/in/mentor-2340/,https://api.dicebear.com/7.x/avataaars/svg?seed=mentor_2340,8/1/2026,4.0,1,,,1,1,
1409,1,12,EG,https://www.linkedin.com/in/mentor-2342/,https://api.dicebear.com/7.x/avataaars/svg?seed=mentor_2342,3/16/2025,0.0,0,,,1,1,
1410,2,8,EG,https://www.linkedin.com/in/mentor-2343/,https://api.dicebear.com/7.x/avataaars/svg?seed=mentor_2343,12/6/2026,0.0,0,,,1,1,
1411,3,11,EG,https://www.linkedin.com/in/mentor-2346/,https://api.dicebear.com/7.x/avataaars/svg?seed=mentor_2346,4/23/2025,0.0,0,,,1,1,
1412,4,14,EG,https://www.linkedin.com/in/mentor-2347/,https://api.dicebear.com/7.x/avataaars/svg?seed=mentor_2347,12/5/2026,0.0,0,,,1,1,
1413,1,13,AE,https://www.linkedin.com/in/mentor-2348/,https://api.dicebear.com/7.x/avataaars/svg?seed=mentor_2348,8/5/2025,0.0,0,,,1,1,
1414,2,12,MA,https://www.linkedin.com/in/mentor-2350/,https://api.dicebear.com/7.x/avataaars/svg?seed=mentor_2350,4/19/2025,0.0,0,,,1,1,
1415,1,14,EG,https://www.linkedin.com/in/mentor-2351/,https://api.dicebear.com/7.x/avataaars/svg?seed=mentor_2351,7/25/2025,0.0,0,,,1,1,
1416,1,14,AE,https://www.linkedin.com/in/mentor-2352/,https://api.dicebear.com/7.x/avataaars/svg?seed=mentor_2352,11/24/2026,0.0,0,,,1,1,
1417,1,6,AE,https://www.linkedin.com/in/mentor-2353/,https://api.dicebear.com/7.x/avataaars/svg?seed=mentor_2353,3/17/2025,0.0,0,,,1,1,
1418,1,9,JO,https://www.linkedin.com/in/mentor-2356/,https://api.dicebear.com/7.x/avataaars/svg?seed=mentor_2356,7/12/2026,0.0,0,,,1,1,
1419,1,8,SA,https://www.linkedin.com/in/mentor-2357/,https://api.dicebear.com/7.x/avataaars/svg?seed=mentor_2357,4/22/2026,0.0,0,,,1,1,
1420,3,4,EG,https://www.linkedin.com/in/mentor-2359/,https://api.dicebear.com/7.x/avataaars/svg?seed=mentor_2359,2/7/2025,0.0,0,,,1,1,
1421,3,12,EG,https://www.linkedin.com/in/mentor-2360/,https://api.dicebear.com/7.x/avataaars/svg?seed=mentor_2360,11/30/2026,2.67,3,,,1,1,
1422,2,13,AE,https://www.linkedin.com/in/mentor-2365/,https://api.dicebear.com/7.x/avataaars/svg?seed=mentor_2365,3/31/2025,0.0,0,,,1,1,
1423,2,13,JO,https://www.linkedin.com/in/mentor-2366/,https://api.dicebear.com/7.x/avataaars/svg?seed=mentor_2366,12/21/2026,4.29,7,,,1,1,
1424,1,13,EG,https://www.linkedin.com/in/mentor-2367/,https://api.dicebear.com/7.x/avataaars/svg?seed=mentor_2367,4/27/2025,3.0,2,,,1,1,
1425,4,10,EG,https://www.linkedin.com/in/mentor-2368/,https://api.dicebear.com/7.x/avataaars/svg?seed=mentor_2368,10/16/2025,0.0,0,,,1,1,
1426,1,9,MA,https://www.linkedin.com/in/mentor-2369/,https://api.dicebear.com/7.x/avataaars/svg?seed=mentor_2369,12/29/2025,4.67,6,,,1,1,
1427,2,9,JO,https://www.linkedin.com/in/mentor-2370/,https://api.dicebear.com/7.x/avataaars/svg?seed=mentor_2370,12/27/2026,0.0,0,,,1,1,
1428,1,10,MA,https://www.linkedin.com/in/mentor-2371/,https://api.dicebear.com/7.x/avataaars/svg?seed=mentor_2371,5/25/2026,4.64,11,,,1,1,
1429,2,14,AE,https://www.linkedin.com/in/mentor-2373/,https://api.dicebear.com/7.x/avataaars/svg?seed=mentor_2373,8/16/2025,2.67,3,,,1,1,
1430,1,14,EG,https://www.linkedin.com/in/mentor-2375/,https://api.dicebear.com/7.x/avataaars/svg?seed=mentor_2375,9/30/2026,3.5,4,,,1,1,
1431,3,13,SA,https://www.linkedin.com/in/mentor-2376/,https://api.dicebear.com/7.x/avataaars/svg?seed=mentor_2376,6/27/2026,0.0,0,,,1,1,
1432,1,3,AE,https://www.linkedin.com/in/mentor-2377/,https://api.dicebear.com/7.x/avataaars/svg?seed=mentor_2377,6/22/2026,0.0,0,,,1,1,
1433,1,3,EG,https://www.linkedin.com/in/mentor-2381/,https://api.dicebear.com/7.x/avataaars/svg?seed=mentor_2381,3/27/2026,0.0,0,,,1,1,
1434,2,10,SA,https://www.linkedin.com/in/mentor-2382/,https://api.dicebear.com/7.x/avataaars/svg?seed=mentor_2382,7/20/2025,4.67,3,,,1,1,
1435,2,6,AE,https://www.linkedin.com/in/mentor-2384/,https://api.dicebear.com/7.x/avataaars/svg?seed=mentor_2384,8/18/2026,0.0,0,,,1,1,
1436,4,7,EG,https://www.linkedin.com/in/mentor-2388/,https://api.dicebear.com/7.x/avataaars/svg?seed=mentor_2388,8/13/2026,0.0,0,,,1,1,
1437,1,10,AE,https://www.linkedin.com/in/mentor-2389/,https://api.dicebear.com/7.x/avataaars/svg?seed=mentor_2389,2/1/2025,0.0,0,,,1,1,
1438,2,7,SA,https://www.linkedin.com/in/mentor-2390/,https://api.dicebear.com/7.x/avataaars/svg?seed=mentor_2390,9/16/2026,0.0,0,,,1,1,
1439,1,12,MA,https://www.linkedin.com/in/mentor-2394/,https://api.dicebear.com/7.x/avataaars/svg?seed=mentor_2394,3/11/2026,4.5,2,,,1,1,
1440,1,6,EG,https://www.linkedin.com/in/mentor-2395/,https://api.dicebear.com/7.x/avataaars/svg?seed=mentor_2395,1/24/2025,0.0,0,,,1,1,
1441,1,14,EG,https://www.linkedin.com/in/mentor-2399/,https://api.dicebear.com/7.x/avataaars/svg?seed=mentor_2399,4/22/2026,0.0,0,,,1,1,
1442,2,8,SA,https://www.linkedin.com/in/mentor-2400/,https://api.dicebear.com/7.x/avataaars/svg?seed=mentor_2400,2/24/2025,4.0,1,,,1,1,
1443,1,14,EG,https://www.linkedin.com/in/mentor-2402/,https://api.dicebear.com/7.x/avataaars/svg?seed=mentor_2402,2/3/2025,3.0,1,,,1,1,
1444,3,7,AE,https://www.linkedin.com/in/mentor-2404/,https://api.dicebear.com/7.x/avataaars/svg?seed=mentor_2404,10/12/2026,0.0,0,,,1,1,
1445,4,9,AE,https://www.linkedin.com/in/mentor-2405/,https://api.dicebear.com/7.x/avataaars/svg?seed=mentor_2405,5/12/2026,0.0,0,,,1,1,
1446,3,12,EG,https://www.linkedin.com/in/mentor-2406/,https://api.dicebear.com/7.x/avataaars/svg?seed=mentor_2406,6/5/2026,0.0,0,,,1,1,
1447,1,9,SA,https://www.linkedin.com/in/mentor-2409/,https://api.dicebear.com/7.x/avataaars/svg?seed=mentor_2409,4/9/2026,4.5,2,,,1,1,
1448,1,6,SA,https://www.linkedin.com/in/mentor-2411/,https://api.dicebear.com/7.x/avataaars/svg?seed=mentor_2411,12/8/2026,0.0,0,,,1,1,
1449,1,14,EG,https://www.linkedin.com/in/mentor-2412/,https://api.dicebear.com/7.x/avataaars/svg?seed=mentor_2412,4/14/2025,0.0,0,,,1,1,
1450,3,7,MA,https://www.linkedin.com/in/mentor-2413/,https://api.dicebear.com/7.x/avataaars/svg?seed=mentor_2413,3/5/2025,4.5,6,,,1,1,
1451,4,5,JO,https://www.linkedin.com/in/mentor-2414/,https://api.dicebear.com/7.x/avataaars/svg?seed=mentor_2414,8/15/2025,0.0,0,,,1,1,
1452,2,6,AE,https://www.linkedin.com/in/mentor-2415/,https://api.dicebear.com/7.x/avataaars/svg?seed=mentor_2415,11/9/2025,0.0,0,,,1,1,
1453,2,6,AE,https://www.linkedin.com/in/mentor-2417/,https://api.dicebear.com/7.x/avataaars/svg?seed=mentor_2417,5/21/2026,4.0,2,,,1,1,
1454,2,5,SA,https://www.linkedin.com/in/mentor-2418/,https://api.dicebear.com/7.x/avataaars/svg?seed=mentor_2418,3/6/2025,0.0,0,,,1,1,
1455,2,12,MA,https://www.linkedin.com/in/mentor-2419/,https://api.dicebear.com/7.x/avataaars/svg?seed=mentor_2419,12/8/2026,0.0,0,,,1,1,
1456,2,7,AE,https://www.linkedin.com/in/mentor-2420/,https://api.dicebear.com/7.x/avataaars/svg?seed=mentor_2420,10/21/2025,0.0,0,,,1,1,
1457,2,7,AE,https://www.linkedin.com/in/mentor-2421/,https://api.dicebear.com/7.x/avataaars/svg?seed=mentor_2421,7/6/2025,0.0,0,,,1,1,
1458,1,13,JO,https://www.linkedin.com/in/mentor-2422/,https://api.dicebear.com/7.x/avataaars/svg?seed=mentor_2422,8/7/2026,0.0,0,,,1,1,
1459,1,9,EG,https://www.linkedin.com/in/mentor-2423/,https://api.dicebear.com/7.x/avataaars/svg?seed=mentor_2423,7/26/2025,0.0,0,,,1,1,
1460,1,6,JO,https://www.linkedin.com/in/mentor-2424/,https://api.dicebear.com/7.x/avataaars/svg?seed=mentor_2424,6/8/2026,5.0,2,,,1,1,
1461,1,6,EG,https://www.linkedin.com/in/mentor-2427/,https://api.dicebear.com/7.x/avataaars/svg?seed=mentor_2427,3/1/2025,3.22,9,,,1,1,
1462,2,11,EG,https://www.linkedin.com/in/mentor-2428/,https://api.dicebear.com/7.x/avataaars/svg?seed=mentor_2428,4/30/2025,0.0,0,,,1,1,
1463,2,8,EG,https://www.linkedin.com/in/mentor-2430/,https://api.dicebear.com/7.x/avataaars/svg?seed=mentor_2430,7/20/2025,4.0,2,,,1,1,
1464,1,6,MA,https://www.linkedin.com/in/mentor-2437/,https://api.dicebear.com/7.x/avataaars/svg?seed=mentor_2437,12/25/2026,5.0,1,,,1,1,
1465,1,4,JO,https://www.linkedin.com/in/mentor-2438/,https://api.dicebear.com/7.x/avataaars/svg?seed=mentor_2438,6/20/2025,5.0,1,,,1,1,
1466,2,8,AE,https://www.linkedin.com/in/mentor-2440/,https://api.dicebear.com/7.x/avataaars/svg?seed=mentor_2440,11/2/2025,0.0,0,,,1,1,
1467,2,4,AE,https://www.linkedin.com/in/mentor-2441/,https://api.dicebear.com/7.x/avataaars/svg?seed=mentor_2441,8/24/2025,3.0,1,,,1,1,
1468,1,7,SA,https://www.linkedin.com/in/mentor-2443/,https://api.dicebear.com/7.x/avataaars/svg?seed=mentor_2443,1/12/2026,0.0,0,,,1,1,
1469,4,8,MA,https://www.linkedin.com/in/mentor-2446/,https://api.dicebear.com/7.x/avataaars/svg?seed=mentor_2446,6/5/2026,0.0,0,,,1,1,
1470,1,6,SA,https://www.linkedin.com/in/mentor-2447/,https://api.dicebear.com/7.x/avataaars/svg?seed=mentor_2447,6/15/2026,0.0,0,,,1,1,
1471,3,5,EG,https://www.linkedin.com/in/mentor-2450/,https://api.dicebear.com/7.x/avataaars/svg?seed=mentor_2450,7/1/2025,0.0,0,,,1,1,
1472,4,9,EG,https://www.linkedin.com/in/mentor-2452/,https://api.dicebear.com/7.x/avataaars/svg?seed=mentor_2452,3/12/2025,0.0,0,,,1,1,
1473,2,4,AE,https://www.linkedin.com/in/mentor-2456/,https://api.dicebear.com/7.x/avataaars/svg?seed=mentor_2456,6/19/2026,0.0,0,,,1,1,
1474,3,13,AE,https://www.linkedin.com/in/mentor-2457/,https://api.dicebear.com/7.x/avataaars/svg?seed=mentor_2457,3/17/2025,0.0,0,,,1,1,
1475,1,8,EG,https://www.linkedin.com/in/mentor-2463/,https://api.dicebear.com/7.x/avataaars/svg?seed=mentor_2463,8/20/2025,0.0,0,,,1,1,
1476,3,6,EG,https://www.linkedin.com/in/mentor-2465/,https://api.dicebear.com/7.x/avataaars/svg?seed=mentor_2465,8/11/2026,4.62,8,,,1,1,
1477,1,8,JO,https://www.linkedin.com/in/mentor-2466/,https://api.dicebear.com/7.x/avataaars/svg?seed=mentor_2466,2/23/2025,0.0,0,,,1,1,
1478,2,6,EG,https://www.linkedin.com/in/mentor-2467/,https://api.dicebear.com/7.x/avataaars/svg?seed=mentor_2467,4/25/2025,4.33,12,,,1,1,
1479,2,6,AE,https://www.linkedin.com/in/mentor-2468/,https://api.dicebear.com/7.x/avataaars/svg?seed=mentor_2468,4/8/2025,0.0,0,,,1,1,
1480,2,6,MA,https://www.linkedin.com/in/mentor-2471/,https://api.dicebear.com/7.x/avataaars/svg?seed=mentor_2471,6/17/2025,5.0,2,,,1,1,
1481,2,11,SA,https://www.linkedin.com/in/mentor-2472/,https://api.dicebear.com/7.x/avataaars/svg?seed=mentor_2472,7/8/2026,0.0,0,,,1,1,
1482,1,9,EG,https://www.linkedin.com/in/mentor-2473/,https://api.dicebear.com/7.x/avataaars/svg?seed=mentor_2473,8/21/2025,0.0,0,,,1,1,
1483,1,5,AE,https://www.linkedin.com/in/mentor-2474/,https://api.dicebear.com/7.x/avataaars/svg?seed=mentor_2474,9/24/2025,0.0,0,,,1,1,
1484,1,5,JO,https://www.linkedin.com/in/mentor-2475/,https://api.dicebear.com/7.x/avataaars/svg?seed=mentor_2475,7/15/2026,4.0,3,,,1,1,
1485,4,8,SA,https://www.linkedin.com/in/mentor-2477/,https://api.dicebear.com/7.x/avataaars/svg?seed=mentor_2477,10/23/2025,0.0,0,,,1,1,
1486,3,8,MA,https://www.linkedin.com/in/mentor-2478/,https://api.dicebear.com/7.x/avataaars/svg?seed=mentor_2478,3/2/2025,4.0,1,,,1,1,
1487,1,6,EG,https://www.linkedin.com/in/mentor-2481/,https://api.dicebear.com/7.x/avataaars/svg?seed=mentor_2481,6/8/2026,4.67,3,,,1,1,
1488,4,11,SA,https://www.linkedin.com/in/mentor-2482/,https://api.dicebear.com/7.x/avataaars/svg?seed=mentor_2482,3/4/2026,5.0,3,,,1,1,
1489,3,6,AE,https://www.linkedin.com/in/mentor-2485/,https://api.dicebear.com/7.x/avataaars/svg?seed=mentor_2485,1/30/2025,0.0,0,,,1,1,
1490,3,11,JO,https://www.linkedin.com/in/mentor-2486/,https://api.dicebear.com/7.x/avataaars/svg?seed=mentor_2486,1/8/2025,0.0,0,,,1,1,
1491,2,6,EG,https://www.linkedin.com/in/mentor-2487/,https://api.dicebear.com/7.x/avataaars/svg?seed=mentor_2487,9/26/2025,5.0,1,,,1,1,
1492,1,4,JO,https://www.linkedin.com/in/mentor-2488/,https://api.dicebear.com/7.x/avataaars/svg?seed=mentor_2488,8/29/2025,4.33,12,,,1,1,
1493,2,4,SA,https://www.linkedin.com/in/mentor-2489/,https://api.dicebear.com/7.x/avataaars/svg?seed=mentor_2489,11/5/2026,0.0,0,,,1,1,
1494,3,7,EG,https://www.linkedin.com/in/mentor-2490/,https://api.dicebear.com/7.x/avataaars/svg?seed=mentor_2490,7/10/2026,4.5,6,,,1,1,
1495,1,6,EG,https://www.linkedin.com/in/mentor-2492/,https://api.dicebear.com/7.x/avataaars/svg?seed=mentor_2492,12/20/2025,0.0,0,,,1,1,
1496,3,9,JO,https://www.linkedin.com/in/mentor-2494/,https://api.dicebear.com/7.x/avataaars/svg?seed=mentor_2494,6/30/2025,0.0,0,,,1,1,
1497,4,13,EG,https://www.linkedin.com/in/mentor-2496/,https://api.dicebear.com/7.x/avataaars/svg?seed=mentor_2496,7/29/2026,0.0,0,,,1,1,
1498,3,7,EG,https://www.linkedin.com/in/mentor-2498/,https://api.dicebear.com/7.x/avataaars/svg?seed=mentor_2498,6/5/2026,3.92,25,,,1,1,
1499,1,8,EG,https://www.linkedin.com/in/mentor-2499/,https://api.dicebear.com/7.x/avataaars/svg?seed=mentor_2499,3/9/2025,0.0,0,,,1,1,
1500,1,12,JO,https://www.linkedin.com/in/mentor-2500/,https://api.dicebear.com/7.x/avataaars/svg?seed=mentor_2500,10/23/2025,3.75,4,,,1,1,
