ShareId,ProgramId,UserId,SharedAt
1,2208,4945,2026-11-13 12:00:00
2,2208,3254,2026-11-12 18:00:00
3,1940,4861,2026-12-12 07:00:00
4,1940,850,2026-12-13 07:00:00
5,1940,376,2026-12-11 10:00:00
6,2020,3147,2026-07-21 12:00:00
7,2020,1063,2026-07-21 20:00:00
8,2020,5366,2026-07-15 03:00:00
9,2020,5417,2026-07-16 15:00:00
10,164,1554,2026-08-05 03:00:00
11,164,3430,2026-08-06 15:00:00
12,164,5336,2026-08-06 06:00:00
13,1111,969,2026-11-12 04:00:00
14,1111,5012,2026-11-16 04:00:00
15,1111,2110,2026-11-11 09:00:00
16,1111,5238,2026-11-11 10:00:00
17,1279,1064,2026-11-18 10:00:00
18,1279,3647,2026-11-17 11:00:00
19,1279,747,2026-11-13 01:00:00
20,1279,693,2026-11-15 14:00:00
21,1234,3409,2026-12-06 16:00:00
22,533,4834,2025-06-28 13:00:00
23,533,360,2025-06-29 10:00:00
24,533,5110,2025-06-24 19:00:00
25,1211,417,2025-10-01 13:00:00
26,1211,610,2025-09-28 11:00:00
27,1211,4961,2025-09-30 03:00:00
28,2517,928,2026-04-27 05:00:00
29,1673,3654,2026-10-05 13:00:00
30,1673,2351,2026-10-07 05:00:00
31,1673,1478,2026-10-05 10:00:00
32,1673,4442,2026-10-09 09:00:00
33,2614,1300,2025-12-18 05:00:00
34,2614,3947,2025-12-18 20:00:00
35,2614,4582,2025-12-16 18:00:00
36,2614,484,2025-12-13 18:00:00
37,899,2773,2026-12-03 01:00:00
38,235,543,2025-08-14 03:00:00
39,235,2867,2025-08-18 03:00:00
40,235,2291,2025-08-20 05:00:00
41,235,3793,2025-08-18 08:00:00
42,268,3030,2026-04-06 18:00:00
43,268,5179,2026-04-02 07:00:00
44,2729,3903,2026-06-18 02:00:00
45,2729,4521,2026-06-15 06:00:00
46,2729,1477,2026-06-19 13:00:00
47,3151,4320,2026-05-18 05:00:00
48,2974,3441,2026-11-28 18:00:00
49,308,3222,2026-12-19 14:00:00
50,308,3144,2026-12-18 02:00:00
51,308,483,2026-12-17 05:00:00
52,308,3687,2026-12-20 20:00:00
53,2422,1482,2026-05-15 01:00:00
54,2422,1064,2026-05-18 01:00:00
55,2422,1348,2026-05-18 20:00:00
56,1260,5301,2026-07-02 17:00:00
57,1497,1010,2026-07-21 11:00:00
58,1497,2356,2026-07-23 17:00:00
59,2826,4871,2026-12-04 15:00:00
60,2826,155,2026-12-01 10:00:00
61,2826,1327,2026-11-29 15:00:00
62,2826,4179,2026-12-02 03:00:00
63,1699,16,2025-08-20 13:00:00
64,1699,3666,2025-08-16 17:00:00
65,1699,3706,2025-08-18 18:00:00
66,492,890,2026-10-04 19:00:00
67,492,3067,2026-09-28 18:00:00
68,492,1692,2026-10-03 03:00:00
69,2911,1859,2026-10-08 12:00:00
70,2268,3393,2026-07-29 05:14:51
71,2268,919,2026-08-02 18:00:00
72,2268,761,2026-08-03 10:00:00
73,1439,1353,2025-05-12 12:00:00
74,260,4745,2026-09-05 01:00:00
75,1299,172,2026-09-09 07:00:00
76,1510,3765,2026-09-21 09:00:00
77,1510,2341,2026-09-20 10:00:00
78,1510,297,2026-09-23 08:00:00
79,1955,999,2027-01-01 15:00:00
80,1955,1243,2027-01-01 14:00:00
81,1955,4942,2027-01-02 12:00:00
82,530,2074,2026-11-28 13:00:00
83,530,3122,2026-11-23 18:00:00
84,530,426,2026-11-25 04:00:00
85,530,4683,2026-11-25 09:00:00
86,1788,1316,2026-09-19 07:00:00
87,1788,507,2026-09-21 11:00:00
88,1788,514,2026-09-19 04:00:00
89,426,854,2026-09-07 17:00:00
90,426,2464,2026-09-02 17:00:00
91,426,3624,2026-09-07 05:00:00
92,3082,4254,2026-09-21 20:00:00
93,1085,126,2026-07-02 04:00:00
94,1085,675,2026-07-04 07:00:00
95,1085,1153,2026-07-05 06:00:00
96,1085,3017,2026-07-01 06:00:00
97,1587,184,2026-04-14 01:00:00
98,1587,4464,2026-04-10 08:00:00
99,973,5316,2027-01-04 19:00:00
100,973,1678,2027-01-03 05:00:00
101,973,2795,2026-12-31 12:00:00
102,973,2609,2027-01-01 09:00:00
103,1273,1083,2025-12-17 11:00:00
104,2842,1087,2026-03-29 15:00:00
105,2842,634,2026-03-28 20:00:00
106,2842,3316,2026-03-28 13:00:00
107,2842,1868,2026-03-29 10:00:00
108,2964,1550,2025-08-27 03:00:00
109,2964,108,2025-08-28 10:00:00
110,1408,1479,2026-11-14 02:00:00
111,1408,74,2026-11-17 13:00:00
112,1408,1518,2026-11-15 20:00:00
113,451,1232,2026-08-30 03:00:00
114,2312,2571,2026-12-20 05:00:00
115,2312,537,2026-12-18 06:00:00
116,2312,2973,2026-12-19 13:00:00
117,2312,1157,2026-12-17 19:00:00
118,1372,2952,2026-08-27 10:00:00
119,1372,3036,2026-08-29 07:00:00
120,1372,1403,2026-08-24 07:00:00
121,1372,1403,2026-08-24 15:00:00
122,175,2370,2026-10-14 17:00:00
123,175,359,2026-10-15 17:00:00
124,175,1354,2026-10-11 01:00:00
125,175,915,2026-10-12 13:00:00
126,782,1192,2025-09-17 06:00:00
127,782,1069,2025-09-14 12:00:00
128,782,3959,2025-09-16 13:00:00
129,1028,2964,2026-11-09 08:00:00
130,1028,2985,2026-11-11 05:00:00
131,2121,1090,2026-08-31 03:00:00
132,1650,3305,2026-05-15 06:00:00
133,1650,5493,2026-05-17 02:00:00
134,363,1141,2026-10-03 11:00:00
135,363,3660,2026-10-03 10:00:00
136,363,1172,2026-10-02 06:00:00
137,363,961,2026-10-02 04:00:00
138,1194,17,2026-03-28 07:00:00
139,1194,3478,2026-04-01 17:00:00
140,1194,181,2026-04-01 12:00:00
141,743,177,2025-12-09 03:00:00
142,743,1889,2025-12-09 18:00:00
143,743,5168,2025-12-14 09:00:00
144,836,1585,2026-12-20 05:00:00
145,836,1524,2026-12-15 15:00:00
146,836,259,2026-12-19 01:00:00
147,1148,2479,2026-09-27 12:00:00
148,2322,3185,2026-02-24 15:00:00
149,2322,250,2026-02-22 10:00:00
150,2322,53,2026-02-25 19:00:00
151,1708,5033,2026-12-24 20:00:00
152,1708,1933,2026-12-23 12:00:00
153,1708,4042,2026-12-22 14:00:00
154,436,3963,2025-08-24 10:00:00
155,436,2128,2025-08-24 19:00:00
156,436,347,2025-08-27 15:00:00
157,436,2826,2025-08-25 15:00:00
158,1952,600,2026-09-25 17:00:00
159,627,2445,2026-11-10 08:00:00
160,627,3853,2026-11-09 02:00:00
161,627,507,2026-11-15 18:00:00
162,2225,4906,2026-10-05 16:00:00
163,2225,500,2026-10-08 07:00:00
164,2225,242,2026-10-03 08:00:00
165,2111,2862,2026-07-18 17:00:00
166,2111,3462,2026-07-17 01:00:00
167,2111,5128,2026-07-22 07:00:00
168,1453,5442,2026-03-17 08:00:00
169,1453,2629,2026-03-17 09:00:00
170,1453,268,2026-03-15 19:00:00
171,2295,4268,2026-03-29 05:00:00
172,2295,106,2026-03-31 18:00:00
173,730,3639,2025-06-20 02:00:00
174,730,1809,2025-06-20 07:00:00
175,730,5110,2025-06-16 07:00:00
176,170,464,2025-07-29 03:00:00
177,170,1425,2025-07-29 08:00:00
178,538,3801,2026-10-25 12:00:00
179,538,4034,2026-10-27 11:00:00
180,538,2837,2026-10-27 14:00:00
181,538,235,2026-10-25 10:00:00
182,611,1538,2026-09-03 09:00:00
183,611,4553,2026-09-04 10:00:00
184,611,1303,2026-09-08 13:00:00
185,611,2268,2026-09-08 14:00:00
186,2643,894,2026-10-26 07:00:00
187,2643,3444,2026-10-28 08:00:00
188,745,2756,2026-12-03 16:00:00
189,1999,2351,2026-12-10 08:00:00
190,3190,31,2026-09-08 15:00:00
191,3190,5232,2026-09-10 11:00:00
192,2560,3592,2026-11-01 04:00:00
193,2560,1479,2026-10-31 14:00:00
194,397,2210,2026-03-21 17:00:00
195,397,3097,2026-03-25 12:00:00
196,2171,3838,2026-04-27 08:00:00
197,2171,1732,2026-04-24 12:00:00
198,1259,5217,2026-05-22 09:00:00
199,1259,951,2026-05-26 13:00:00
200,2296,2978,2026-07-19 02:00:00
201,2296,5125,2026-07-15 04:00:00
202,2954,3419,2026-11-03 08:00:00
203,670,632,2026-12-29 10:00:00
204,670,4065,2026-12-25 17:00:00
205,670,2463,2026-12-25 20:00:00
206,1195,4959,2026-10-11 01:00:00
207,1195,2197,2026-10-10 11:00:00
208,1195,1538,2026-10-06 14:00:00
209,2076,248,2026-12-31 06:00:00
210,2076,2600,2027-01-01 03:00:00
211,2556,44,2026-08-24 11:00:00
212,1086,4816,2026-07-23 12:00:00
213,1086,826,2026-07-26 04:00:00
214,1086,914,2026-07-24 17:00:00
215,1086,4702,2026-07-26 15:00:00
216,1100,1365,2026-12-25 13:00:00
217,1100,5177,2026-12-30 12:00:00
218,1100,1103,2026-12-30 03:00:00
219,1100,2101,2026-12-27 08:00:00
220,86,3765,2026-06-20 04:00:00
221,86,3931,2026-06-23 15:00:00
222,86,4433,2026-06-18 02:00:00
223,3046,4970,2026-12-04 12:00:00
224,1044,4764,2026-12-29 04:00:00
225,2584,3582,2026-09-25 19:00:00
226,2839,988,2025-12-20 19:00:00
227,2839,881,2025-12-16 05:00:00
228,2839,304,2025-12-19 17:00:00
229,2839,1477,2025-12-16 13:00:00
230,2391,3922,2025-08-21 03:00:00
231,2391,38,2025-08-24 13:00:00
232,2391,3274,2025-08-21 18:00:00
233,2391,3668,2025-08-21 08:00:00
234,2071,4930,2026-11-21 01:00:00
235,2071,3243,2026-11-20 11:00:00
236,2486,4492,2026-12-13 11:00:00
237,2486,2436,2026-12-13 14:00:00
238,2486,3343,2026-12-18 15:00:00
239,808,1199,2025-11-23 01:00:00
240,808,3670,2025-11-22 16:00:00
241,3170,1348,2026-05-07 06:00:00
242,3170,5403,2026-05-02 02:00:00
243,3170,5363,2026-05-07 04:00:00
244,3170,527,2026-05-04 04:00:00
245,2976,1205,2027-01-05 14:00:00
246,521,4101,2026-09-17 15:00:00
247,2999,878,2026-12-22 12:00:00
248,2999,2119,2026-12-19 20:00:00
249,2999,1412,2026-12-20 02:00:00
250,2999,3524,2026-12-19 15:00:00
251,681,3298,2026-07-28 07:00:00
252,681,1657,2026-08-01 09:00:00
253,2043,4436,2027-01-04 09:00:00
254,2043,557,2027-01-01 05:00:00
255,508,3004,2026-02-10 10:00:00
256,508,2408,2026-02-09 03:00:00
257,2372,4175,2026-04-29 01:00:00
258,2372,1353,2026-04-28 13:00:00
259,2372,3419,2026-04-27 01:00:00
260,2372,3415,2026-04-27 16:00:00
261,1795,1300,2026-12-30 02:00:00
262,1426,2363,2026-11-28 15:00:00
263,1426,4293,2026-12-01 16:00:00
264,1426,713,2026-12-02 06:00:00
265,1426,834,2026-11-29 08:00:00
266,3133,436,2026-03-31 03:00:00
267,3133,5143,2026-03-31 02:00:00
268,1337,3972,2026-10-05 11:00:00
269,1337,4752,2026-10-05 15:00:00
270,1337,94,2026-10-03 10:00:00
271,1131,5372,2026-08-30 12:00:00
272,395,5328,2026-06-17 13:00:00
273,395,5415,2026-06-15 20:00:00
274,395,533,2026-06-19 09:00:00
275,395,5371,2026-06-17 12:00:00
276,1375,1406,2026-07-08 12:00:00
277,2990,3000,2026-10-25 18:00:00
278,2990,2554,2026-10-28 01:00:00
279,2217,4371,2026-11-14 18:00:00
280,691,1047,2026-03-27 03:00:00
281,1589,927,2026-06-24 08:00:00
282,1589,1063,2026-06-20 10:00:00
283,1589,184,2026-06-21 07:00:00
284,1589,453,2026-06-20 20:00:00
285,720,4478,2026-11-25 18:00:00
286,663,5220,2026-12-11 03:00:00
287,1529,5155,2026-09-29 04:00:00
288,1529,2424,2026-10-01 05:00:00
289,2055,110,2026-08-06 12:00:00
290,2055,3782,2026-08-06 18:00:00
291,1566,4634,2026-12-21 01:00:00
292,546,4257,2026-11-18 03:00:00
293,546,1788,2026-11-17 15:00:00
294,546,1167,2026-11-17 17:00:00
295,99,2073,2027-01-01 07:00:00
296,2203,737,2025-12-17 13:00:00
297,2203,1169,2025-12-21 07:00:00
298,2203,5349,2025-12-17 01:00:00
299,2178,2045,2025-04-26 01:00:00
300,2178,893,2025-04-27 14:00:00
301,114,2094,2027-01-01 08:00:00
302,729,3414,2026-08-28 10:00:00
303,729,783,2026-08-31 13:00:00
304,275,3221,2026-03-06 19:00:00
305,275,4908,2026-03-04 19:00:00
306,1674,2649,2026-11-25 19:00:00
307,1674,2091,2026-11-25 09:00:00
308,1674,1784,2026-11-29 12:00:00
309,1674,3386,2026-11-25 08:00:00
310,2513,1735,2026-11-03 13:00:00
311,2513,527,2026-11-06 16:00:00
312,2611,4982,2026-10-02 12:00:00
313,2611,5069,2026-09-28 14:00:00
314,1743,3587,2026-10-23 02:00:00
315,3200,2879,2026-11-26 03:00:00
316,3200,2535,2026-11-24 16:00:00
317,3200,1240,2026-11-27 04:00:00
318,668,3984,2026-12-08 02:00:00
319,668,3622,2026-12-09 19:00:00
320,668,1526,2026-12-08 08:00:00
321,668,1477,2026-12-11 13:00:00
322,738,561,2026-08-30 04:00:00
323,2458,190,2026-08-04 02:00:00
324,2458,5304,2026-08-09 10:00:00
325,2458,1210,2026-08-09 18:00:00
326,2458,4471,2026-08-06 17:00:00
327,195,1258,2025-12-20 18:00:00
328,195,1770,2025-12-19 06:00:00
329,195,3148,2025-12-17 04:00:00
330,1786,681,2025-12-15 04:00:00
331,1786,1741,2025-12-18 09:00:00
332,1786,413,2025-12-18 05:00:00
333,2314,3374,2027-01-03 03:00:00
334,2314,1581,2026-12-29 18:00:00
335,2314,537,2027-01-04 18:00:00
336,805,708,2026-07-01 05:00:00
337,805,1274,2026-06-30 15:00:00
338,805,2978,2026-06-30 15:00:00
339,805,493,2026-07-02 17:00:00
340,412,1957,2026-07-06 15:00:00
341,412,2765,2026-07-10 08:00:00
342,412,951,2026-07-10 16:00:00
343,2301,780,2026-12-18 09:00:00
344,2301,1099,2026-12-21 03:00:00
345,1710,353,2026-11-21 02:00:00
346,1515,1109,2026-11-23 02:00:00
347,1515,2590,2026-11-22 09:00:00
348,2732,2781,2026-12-31 01:00:00
349,2732,2645,2026-12-27 10:00:00
350,2732,3402,2026-12-30 10:00:00
351,2865,3228,2026-05-14 15:00:00
352,2865,5136,2026-05-15 15:00:00
353,1087,4256,2026-07-27 02:00:00
354,2638,1250,2025-12-08 14:00:00
355,2638,1183,2025-12-06 19:00:00
356,2682,3650,2026-12-26 18:00:00
357,2682,4915,2026-12-20 07:00:00
358,2682,5394,2026-12-25 03:00:00
359,2682,4640,2026-12-25 19:00:00
360,37,795,2025-11-27 13:00:00
361,826,4082,2025-11-29 17:00:00
362,826,641,2025-11-24 11:00:00
363,826,2183,2025-11-26 13:00:00
364,826,3269,2025-11-28 10:00:00
365,2571,4396,2026-12-02 02:00:00
366,2571,4161,2026-11-28 17:00:00
367,2571,804,2026-12-04 13:00:00
368,820,1753,2025-12-19 20:00:00
369,820,1335,2025-12-16 15:00:00
370,2762,3293,2026-12-04 01:41:29
371,2512,461,2026-03-30 02:00:00
372,2512,5401,2026-04-04 07:00:00
373,2512,2432,2026-04-03 02:00:00
374,1520,2082,2026-10-19 09:00:00
375,1520,2049,2026-10-16 01:00:00
376,1833,3819,2025-08-28 06:00:00
377,1833,1279,2025-08-31 20:00:00
378,1833,3050,2025-08-30 15:00:00
379,1833,640,2025-09-03 08:00:00
380,1986,2351,2026-12-27 20:00:00
381,1986,2368,2026-12-30 03:00:00
382,1986,3465,2026-12-26 03:00:00
383,1721,276,2026-09-28 08:00:00
384,1721,434,2026-09-23 16:00:00
385,2597,2917,2026-12-25 18:00:00
386,2597,1887,2026-12-27 12:00:00
387,2597,1838,2026-12-21 17:00:00
388,2597,2569,2026-12-24 14:00:00
389,1440,300,2025-06-14 18:00:00
390,1440,1845,2025-06-14 10:00:00
391,121,697,2026-12-19 02:00:00
392,121,2116,2026-12-23 14:00:00
393,121,1802,2026-12-20 05:00:00
394,121,1946,2026-12-23 14:00:00
395,599,826,2026-07-24 14:00:00
396,599,3249,2026-07-19 04:00:00
397,599,3417,2026-07-22 13:00:00
398,1401,3542,2026-06-27 16:00:00
399,1401,975,2026-06-28 16:00:00
400,2634,3499,2025-11-28 05:00:00
401,2304,1531,2026-07-10 19:00:00
402,2304,375,2026-07-13 06:00:00
403,2304,2303,2026-07-08 07:00:00
404,2606,853,2026-07-09 15:00:00
405,2606,137,2026-07-10 05:00:00
406,2606,4062,2026-07-09 04:00:00
407,1467,4323,2026-12-25 14:00:00
408,1467,275,2026-12-29 14:00:00
409,2510,2639,2026-10-19 18:00:00
410,2510,3610,2026-10-20 07:00:00
411,2800,523,2026-05-25 08:00:00
412,2800,97,2026-05-24 09:00:00
413,2800,654,2026-05-25 16:00:00
414,1380,1016,2025-12-28 11:00:00
415,1380,1073,2025-12-28 07:00:00
416,1380,2865,2025-12-26 16:00:00
417,1380,4453,2025-12-30 02:00:00
418,1891,4798,2026-12-17 04:00:00
419,1540,4760,2025-12-22 18:00:00
420,1540,25,2025-12-21 20:00:00
421,1981,1094,2026-09-30 19:00:00
422,1981,4457,2026-09-28 03:00:00
423,1981,2636,2026-10-02 09:00:00
424,1877,4209,2025-12-09 05:00:00
425,1877,4728,2025-12-08 13:00:00
426,1877,3262,2025-12-07 15:00:00
427,2480,1923,2026-11-26 14:00:00
428,2480,869,2026-11-25 19:00:00
429,223,2,2025-10-09 06:00:00
430,223,3336,2025-10-06 14:00:00
431,223,1157,2025-10-05 09:00:00
432,223,3453,2025-10-10 17:00:00
433,1104,1056,2027-01-05 20:00:00
434,1104,582,2027-01-03 14:00:00
435,1104,2965,2027-01-05 07:00:00
436,1628,5495,2026-05-06 05:00:00
437,1628,1216,2026-05-08 03:00:00
438,1628,1701,2026-05-11 10:00:00
439,160,3418,2027-01-01 02:00:00
440,160,741,2026-12-31 08:00:00
441,160,3749,2026-12-31 04:00:00
442,3029,3589,2026-06-15 07:00:00
443,3029,969,2026-06-15 05:00:00
444,2787,1273,2026-06-04 17:00:00
445,2500,5316,2026-12-30 09:00:00
446,2500,1487,2026-12-24 19:00:00
447,950,4797,2026-12-31 02:00:00
448,2639,2975,2026-03-06 20:00:00
449,1925,2148,2026-12-23 02:00:00
450,2582,2478,2026-11-04 17:00:00
451,2582,2393,2026-11-04 01:00:00
452,2582,3651,2026-11-10 12:00:00
453,784,1867,2025-12-26 09:00:00
454,784,2340,2025-12-27 08:00:00
455,784,1315,2025-12-30 02:00:00
456,1843,2919,2026-02-10 18:00:00
457,2386,1052,2026-09-04 20:00:00
458,2386,1412,2026-09-07 13:00:00
459,2386,3132,2026-09-09 14:00:00
460,2386,87,2026-09-04 12:00:00
461,1784,3846,2026-07-05 07:00:00
462,1784,1477,2026-07-08 13:00:00
463,1784,495,2026-07-02 05:00:00
464,2244,99,2026-10-11 01:00:00
465,2244,5341,2026-10-10 07:00:00
466,2244,634,2026-10-05 15:00:00
467,2579,2468,2026-09-28 03:00:00
468,1417,3875,2026-12-07 19:00:00
469,957,1466,2026-09-26 08:00:00
470,957,1795,2026-10-01 09:00:00
471,834,2201,2026-10-24 12:00:00
472,834,1701,2026-10-20 12:00:00
473,834,1953,2026-10-26 13:00:00
474,834,1417,2026-10-23 19:00:00
475,3103,697,2026-09-07 11:00:00
476,3103,5140,2026-09-10 10:00:00
477,3103,4268,2026-09-11 18:00:00
478,3103,4188,2026-09-09 02:00:00
479,2718,1144,2026-12-22 20:00:00
480,2469,3689,2026-03-20 08:00:00
481,237,327,2026-02-24 09:00:00
482,505,3126,2026-12-30 09:00:00
483,3013,3247,2026-05-30 06:00:00
484,3013,4074,2026-05-30 09:00:00
485,3013,4919,2026-05-30 12:00:00
486,3013,1316,2026-05-27 03:00:00
487,1485,5163,2026-12-04 19:00:00
488,1485,1294,2026-12-03 11:00:00
489,1027,4327,2026-11-07 15:00:00
490,1027,4322,2026-11-06 17:00:00
491,863,2073,2026-09-28 20:00:00
492,863,5178,2026-10-01 08:00:00
493,863,1851,2026-10-01 10:00:00
494,577,4201,2026-05-09 20:00:00
495,577,611,2026-05-09 02:00:00
496,577,1034,2026-05-12 02:00:00
497,1355,1464,2027-01-02 08:00:00
498,1355,42,2027-01-04 10:00:00
499,1355,2568,2027-01-05 16:00:00
500,309,968,2026-12-28 11:00:00
501,309,809,2027-01-03 04:00:00
502,309,3290,2026-12-28 01:00:00
503,3012,808,2026-03-16 19:00:00
504,3012,4771,2026-03-16 15:00:00
505,3012,3755,2026-03-14 03:00:00
506,3012,5386,2026-03-16 09:00:00
507,74,4031,2026-11-24 19:00:00
508,74,651,2026-11-29 07:00:00
509,2091,2110,2026-12-01 05:00:00
510,2091,3677,2026-11-29 18:00:00
511,2091,4238,2026-12-04 16:00:00
512,2091,2355,2026-12-02 16:00:00
513,2401,3033,2025-05-26 13:00:00
514,2401,3623,2025-05-28 02:00:00
515,2401,783,2025-05-29 06:00:00
516,2484,2379,2026-07-23 17:00:00
517,2484,2913,2026-07-18 16:00:00
518,1145,1473,2026-04-23 06:00:00
519,1145,4229,2026-04-19 01:00:00
520,1145,1742,2026-04-24 14:00:00
521,1145,2357,2026-04-20 14:00:00
522,1224,1903,2026-09-15 11:00:00
523,1469,2371,2026-08-15 07:00:00
524,1638,5489,2026-09-14 16:00:00
525,1562,1351,2026-02-19 09:00:00
526,1562,2102,2026-02-21 04:00:00
527,226,108,2026-09-11 18:00:00
528,226,2258,2026-09-10 01:00:00
529,226,1144,2026-09-16 12:00:00
530,226,1198,2026-09-14 10:00:00
531,35,4740,2026-12-21 02:00:00
532,35,2601,2026-12-18 15:00:00
533,1933,2121,2025-06-26 11:00:00
534,1933,3881,2025-06-30 18:00:00
535,1933,4454,2025-06-26 13:00:00
536,1933,2657,2025-07-01 14:00:00
537,997,2498,2026-04-20 18:00:00
538,997,4101,2026-04-20 20:00:00
539,997,2623,2026-04-20 15:00:00
540,2788,5008,2026-08-01 04:00:00
541,2508,1154,2026-04-10 19:00:00
542,2508,4470,2026-04-05 12:00:00
543,597,2318,2026-02-05 20:00:00
544,597,2065,2026-02-06 12:00:00
545,597,2584,2026-02-10 09:00:00
546,512,3160,2026-01-23 11:00:00
547,512,170,2026-01-23 05:00:00
548,3112,2307,2026-03-16 18:00:00
549,3112,1636,2026-03-12 11:00:00
550,3112,99,2026-03-13 06:00:00
551,299,3962,2025-09-01 16:00:00
552,299,692,2025-08-26 18:00:00
553,299,3051,2025-08-29 16:00:00
554,868,1989,2025-11-19 19:00:00
555,2106,1037,2026-10-15 07:00:00
556,2106,5018,2026-10-18 03:00:00
557,2234,3652,2025-12-03 08:00:00
558,2234,555,2025-12-01 18:00:00
559,2234,3718,2025-12-03 15:00:00
560,2282,3302,2026-09-22 14:00:00
561,2282,5203,2026-09-23 15:00:00
562,2282,4640,2026-09-22 15:00:00
563,2282,5346,2026-09-26 19:00:00
564,1895,3768,2026-07-16 15:00:00
565,1895,360,2026-07-20 05:00:00
566,1895,1746,2026-07-20 07:00:00
567,2934,1163,2026-12-29 09:00:00
568,2934,1506,2026-12-27 13:00:00
569,1369,2710,2026-11-03 18:00:00
570,1369,88,2026-11-03 18:00:00
571,1369,2131,2026-11-05 20:00:00
572,1369,4938,2026-11-04 05:00:00
573,2552,3888,2026-08-05 20:00:00
574,2552,2095,2026-08-05 04:00:00
575,2019,2241,2026-05-28 15:00:00
576,573,1606,2026-04-21 09:00:00
577,573,1420,2026-04-18 07:00:00
578,573,514,2026-04-20 08:00:00
579,645,2744,2026-05-31 08:00:00
580,645,23,2026-05-31 13:00:00
581,2692,2251,2026-09-08 12:00:00
582,2692,2350,2026-09-11 17:00:00
583,2692,1771,2026-09-09 11:00:00
584,2692,1451,2026-09-08 06:00:00
585,1191,1333,2026-12-27 11:00:00
586,1191,1367,2027-01-02 04:00:00
587,193,5016,2025-11-28 20:00:00
588,193,1403,2025-12-03 19:00:00
589,2495,2750,2025-09-02 15:00:00
590,2495,5133,2025-09-01 02:00:00
591,1441,5195,2025-09-04 02:00:00
592,1441,4984,2025-09-01 18:00:00
593,1441,2298,2025-08-31 03:00:00
594,1441,2298,2025-09-02 03:00:00
595,2009,3202,2026-12-26 08:00:00
596,2009,834,2026-12-29 10:00:00
597,1125,1672,2026-12-28 18:00:00
598,913,3070,2027-01-03 09:00:00
599,913,1897,2027-01-02 15:00:00
600,2930,1178,2026-03-27 17:00:00
601,2930,3139,2026-03-26 06:00:00
602,2930,434,2026-03-27 10:00:00
603,2930,358,2026-03-23 17:00:00
604,1464,1768,2027-01-03 03:00:00
605,1464,743,2026-12-31 02:00:00
606,1464,2456,2026-12-31 17:00:00
607,1503,989,2026-06-24 02:00:00
608,1503,1003,2026-06-23 13:00:00
609,1503,2691,2026-06-25 08:00:00
610,1503,2272,2026-06-23 16:00:00
611,3172,3694,2026-09-14 13:00:00
612,3172,1793,2026-09-11 08:00:00
613,2516,592,2026-10-23 17:00:00
614,2516,430,2026-10-23 15:00:00
615,2516,1708,2026-10-20 08:00:00
616,2516,2726,2026-10-20 01:00:00
617,2168,773,2026-10-24 10:00:00
618,2168,1950,2026-10-22 01:00:00
619,648,172,2026-03-10 16:00:00
620,1257,557,2025-10-17 08:00:00
621,1257,34,2025-10-23 11:00:00
622,2793,310,2026-11-15 07:00:00
623,2793,1807,2026-11-14 09:00:00
624,2793,3124,2026-11-16 09:00:00
625,2793,3171,2026-11-14 19:00:00
626,2670,3598,2026-08-28 18:00:00
627,2437,1162,2026-12-08 02:00:00
628,2437,5396,2026-12-06 10:00:00
629,2437,58,2026-12-11 09:00:00
630,2437,58,2026-12-07 20:00:00
631,103,1690,2026-11-21 18:00:00
632,103,1880,2026-11-26 17:00:00
633,103,3604,2026-11-21 19:00:00
634,1818,1679,2025-03-24 03:00:00
635,1818,419,2025-03-22 18:21:48
636,1249,2881,2026-10-13 13:00:00
637,1249,5131,2026-10-13 01:00:00
638,1249,396,2026-10-14 10:00:00
639,3043,5136,2027-01-04 12:00:00
640,3043,457,2027-01-03 12:00:00
641,2501,838,2026-08-17 12:00:00
642,2501,2483,2026-08-17 16:00:00
643,3077,2754,2026-04-17 14:00:00
644,3077,934,2026-04-21 20:00:00
645,1801,3196,2026-12-30 20:00:00
646,1801,55,2026-12-31 20:00:00
647,1801,1351,2026-12-30 07:00:00
648,1801,4965,2026-12-28 19:00:00
649,1902,621,2026-09-20 05:00:00
650,1902,3521,2026-09-21 14:06:17
651,1902,87,2026-09-21 10:00:00
652,1902,375,2026-09-24 05:00:00
653,3079,295,2026-12-07 19:00:00
654,3079,5279,2026-12-04 16:00:00
655,3079,4644,2026-12-02 08:00:00
656,3079,2157,2026-12-08 03:00:00
657,2389,75,2025-04-13 03:00:00
658,2389,1043,2025-04-12 06:00:00
659,2389,1254,2025-04-14 04:00:00
660,2389,1568,2025-04-11 14:00:00
661,2227,2082,2025-09-25 05:00:00
662,2227,1066,2025-09-19 03:00:00
663,2227,4209,2025-09-25 03:00:00
664,2527,5394,2026-09-19 02:00:00
665,2527,1719,2026-09-19 12:00:00
666,517,467,2026-10-04 19:00:00
667,517,4488,2026-10-02 16:00:00
668,517,1460,2026-10-07 08:00:00
669,517,632,2026-10-07 01:00:00
670,991,2381,2026-12-12 09:00:00
671,991,4551,2026-12-10 05:00:00
672,2672,1300,2026-11-12 04:00:00
673,2672,5222,2026-11-18 18:00:00
674,2672,3332,2026-11-13 03:00:00
675,2672,324,2026-11-18 16:00:00
676,1207,134,2026-02-25 18:00:00
677,1207,3133,2026-02-26 15:00:00
678,1207,3585,2026-02-24 05:00:00
679,2267,797,2026-05-16 06:00:00
680,2978,3638,2026-12-30 22:00:00
681,2978,343,2026-12-31 21:00:00
682,2978,1478,2027-01-04 17:00:00
683,1169,1205,2026-04-11 05:00:00
684,1169,2810,2026-04-11 12:00:00
685,1169,5459,2026-04-12 11:00:00
686,1169,966,2026-04-12 03:00:00
687,3164,2369,2026-11-26 19:00:00
688,3164,2251,2026-11-29 06:00:00
689,3164,1907,2026-11-24 05:00:00
690,3164,3373,2026-11-24 09:00:00
691,84,295,2025-12-16 09:00:00
692,908,1526,2026-11-06 10:00:00
693,908,5130,2026-11-08 08:00:00
694,2654,4064,2026-12-03 14:00:00
695,2654,4294,2026-12-06 17:00:00
696,2654,2739,2026-12-01 04:00:00
697,145,1279,2026-06-07 02:00:00
698,145,737,2026-06-06 17:00:00
699,145,634,2026-06-06 13:00:00
700,145,1680,2026-06-05 09:00:00
701,833,2657,2026-11-23 13:00:00
702,833,2912,2026-11-21 10:00:00
703,833,921,2026-11-25 14:00:00
704,833,3625,2026-11-25 13:00:00
705,1977,4465,2026-06-20 02:00:00
706,1977,3503,2026-06-23 03:00:00
707,979,90,2026-03-29 18:00:00
708,1656,859,2026-05-20 08:00:00
709,1656,5018,2026-05-20 05:00:00
710,1656,3712,2026-05-24 18:00:00
711,1656,3711,2026-05-24 16:00:00
712,1754,4901,2026-11-05 09:00:00
713,1754,1166,2026-11-10 04:00:00
714,1754,3382,2026-11-04 05:00:00
715,1754,4555,2026-11-05 04:00:00
716,1491,4219,2025-11-28 14:00:00
717,574,5149,2026-04-26 10:00:00
718,1150,1034,2026-01-30 16:00:00
719,1150,758,2026-01-29 11:00:00
720,1150,4488,2026-01-25 07:00:00
721,1026,5159,2026-10-05 02:00:00
722,961,225,2026-08-28 03:00:00
723,961,1169,2026-09-03 08:00:00
724,905,3947,2026-10-24 10:00:00
725,617,256,2026-11-29 10:00:00
726,617,5213,2026-12-01 15:00:00
727,617,2831,2026-11-28 07:00:00
728,617,4895,2026-11-27 12:00:00
729,1196,3825,2026-07-18 15:00:00
730,1196,4988,2026-07-19 03:00:00
731,2539,2594,2025-07-12 06:00:00
732,2539,1466,2025-07-11 11:00:00
733,1074,3972,2026-09-16 14:00:00
734,1074,775,2026-09-16 02:00:00
735,1074,3583,2026-09-14 15:00:00
736,204,3435,2026-10-02 19:00:00
737,2417,110,2026-09-20 13:00:00
738,2528,1707,2026-10-05 05:00:00
739,2528,646,2026-10-07 14:00:00
740,2528,2856,2026-10-03 01:00:00
741,2528,872,2026-10-03 16:00:00
742,537,1254,2026-05-15 06:00:00
743,537,4846,2026-05-16 10:00:00
744,537,996,2026-05-13 13:00:00
745,537,3962,2026-05-15 19:00:00
746,2248,4114,2026-12-27 09:00:00
747,2248,439,2026-12-24 01:00:00
748,2248,1768,2026-12-27 02:00:00
749,2248,3722,2026-12-28 07:00:00
750,1109,2739,2026-06-06 09:00:00
751,1109,2695,2026-06-07 03:00:00
752,1109,1021,2026-06-07 10:00:00
753,1088,1872,2026-12-16 14:00:00
754,1088,4356,2026-12-20 19:00:00
755,1088,936,2026-12-17 05:00:00
756,2355,3960,2026-11-28 20:00:00
757,2660,2876,2026-03-14 06:00:00
758,2660,2320,2026-03-17 05:00:00
759,2660,428,2026-03-16 07:00:00
760,3090,1389,2026-11-18 04:00:00
761,3090,1090,2026-11-23 10:00:00
762,3090,2196,2026-11-23 20:00:00
763,3090,3276,2026-11-24 10:00:00
764,2221,1087,2026-05-11 11:00:00
765,2221,4993,2026-05-10 01:00:00
766,2221,5194,2026-05-08 02:00:00
767,2221,5495,2026-05-08 18:00:00
768,3132,1232,2025-08-30 01:00:00
769,697,4341,2026-06-03 05:00:00
770,697,2579,2026-06-03 10:00:00
771,1293,4158,2026-09-02 02:00:00
772,1293,5198,2026-09-05 07:00:00
773,2782,5452,2026-08-23 12:00:00
774,189,1145,2026-12-04 16:00:00
775,189,5349,2026-11-29 05:00:00
776,2815,3499,2025-04-29 16:00:00
777,1644,713,2025-11-19 20:00:00
778,1644,5290,2025-11-19 17:00:00
779,2252,1625,2026-11-18 05:00:00
780,2823,5029,2026-07-16 01:00:00
781,2823,612,2026-07-16 12:00:00
782,2823,1884,2026-07-18 13:00:00
783,2918,4543,2026-09-02 09:00:00
784,2918,1316,2026-08-31 16:00:00
785,2918,5413,2026-09-04 03:00:00
786,2918,3039,2026-09-04 02:00:00
787,3064,1356,2026-11-13 03:00:00
788,3064,3971,2026-11-14 13:00:00
789,1358,800,2026-05-14 13:00:00
790,1358,34,2026-05-17 12:00:00
791,1358,4321,2026-05-17 20:00:00
792,1358,5464,2026-05-14 10:00:00
793,736,3236,2026-12-04 11:00:00
794,736,2047,2026-12-04 19:00:00
795,461,1094,2026-09-27 05:00:00
796,461,94,2026-10-01 02:00:00
797,461,1976,2026-09-28 13:00:00
798,2886,5238,2026-04-22 14:00:00
799,2886,2987,2026-04-21 03:00:00
800,2886,2408,2026-04-24 16:00:00
801,1552,3294,2026-05-31 15:00:00
802,2784,2636,2026-11-09 15:00:00
803,2219,3406,2025-06-14 01:00:00
804,2219,1449,2025-06-15 02:00:00
805,2219,3643,2025-06-15 05:00:00
806,1889,1193,2026-12-22 15:00:00
807,1889,3958,2026-12-22 09:00:00
808,2200,411,2026-04-04 14:00:00
809,2570,2760,2026-09-04 04:00:00
810,2570,310,2026-09-05 15:00:00
811,3115,362,2026-05-28 06:00:00
812,2914,2090,2026-10-27 20:00:00
813,2914,1569,2026-10-26 06:00:00
814,2914,1066,2026-10-25 02:00:00
815,2833,1705,2026-07-10 16:00:00
816,2833,1037,2026-07-09 10:00:00
817,2554,1957,2026-05-20 08:00:00
818,499,5110,2026-12-13 19:00:00
819,620,2486,2026-12-10 13:00:00
820,620,4499,2026-12-11 01:00:00
821,620,2665,2026-12-13 13:00:00
822,2406,5152,2026-08-26 10:00:00
823,2406,5259,2026-08-24 11:00:00
824,2406,668,2026-08-29 10:00:00
825,2406,110,2026-08-25 11:00:00
826,2912,2320,2025-09-30 18:00:00
827,787,1205,2026-10-31 14:00:00
828,787,4956,2026-11-05 05:00:00
829,1427,5177,2026-12-11 03:00:00
830,1427,250,2026-12-10 12:00:00
831,1427,3541,2026-12-08 09:00:00
832,1339,4048,2025-07-08 08:00:00
833,1339,4988,2025-07-07 12:00:00
834,1339,1533,2025-07-09 13:00:00
835,1339,1984,2025-07-10 12:00:00
836,1403,4861,2026-09-14 04:00:00
837,1403,5462,2026-09-17 10:00:00
838,1403,4368,2026-09-13 17:00:00
839,1403,2939,2026-09-17 09:00:00
840,1352,881,2026-05-06 02:00:00
841,1352,553,2026-05-05 01:00:00
842,1352,1357,2026-05-04 10:00:00
843,184,3481,2026-07-15 13:00:00
844,1315,2142,2026-09-15 18:00:00
845,1315,1409,2026-09-19 08:00:00
846,1315,3551,2026-09-18 10:00:00
847,1315,2021,2026-09-19 19:00:00
848,683,740,2026-11-21 03:00:00
849,154,1006,2026-09-26 01:00:00
850,3056,1167,2026-06-12 11:00:00
851,2929,809,2026-03-27 19:00:00
852,2929,1198,2026-03-26 10:00:00
853,2929,2157,2026-03-21 05:00:00
854,1278,2354,2026-12-09 06:00:00
855,1105,2010,2026-11-28 02:00:00
856,1105,314,2026-11-24 08:00:00
857,1105,1169,2026-11-22 18:00:00
858,1105,937,2026-11-26 14:00:00
859,1550,3150,2026-11-19 17:00:00
860,1550,4475,2026-11-15 02:00:00
861,515,2213,2026-06-27 05:00:00
862,515,1090,2026-06-25 15:00:00
863,1149,352,2026-10-28 11:00:00
864,1149,4045,2026-10-24 02:00:00
865,2879,3058,2026-12-22 05:00:00
866,2879,2771,2026-12-25 17:00:00
867,2879,5299,2026-12-27 04:00:00
868,2879,167,2026-12-27 18:00:00
869,2719,4581,2026-12-22 05:00:00
870,2098,1971,2026-01-20 19:00:00
871,2098,2842,2026-01-23 03:00:00
872,2098,1884,2026-01-20 05:00:00
873,388,3954,2026-07-17 19:00:00
874,388,923,2026-07-19 09:00:00
875,388,2539,2026-07-17 08:00:00
876,388,4892,2026-07-17 17:00:00
877,2161,1236,2027-01-01 09:00:00
878,3128,2313,2026-11-18 15:00:00
879,3128,3069,2026-11-17 16:00:00
880,3128,5210,2026-11-14 05:00:00
881,1720,4020,2026-08-23 20:00:00
882,1720,4898,2026-08-20 20:00:00
883,1720,4824,2026-08-20 08:00:00
884,2245,384,2026-04-13 20:00:00
885,925,4180,2025-07-17 09:00:00
886,1944,659,2026-02-05 04:00:00
887,1944,1034,2026-02-08 19:00:00
888,1944,2725,2026-02-02 20:00:00
889,1944,551,2026-02-07 15:00:00
890,2991,5320,2025-02-28 07:00:00
891,2991,2015,2025-02-23 14:00:00
892,2991,646,2025-03-01 15:00:00
893,3134,3261,2026-04-11 20:00:00
894,3134,3251,2026-04-11 03:00:00
895,3134,1180,2026-04-13 15:00:00
896,3134,618,2026-04-13 20:00:00
897,3072,1010,2026-01-04 07:00:00
898,3072,2921,2026-01-01 06:00:00
899,3072,110,2026-01-05 07:00:00
900,3072,3696,2026-01-04 01:00:00
901,853,1865,2026-11-09 13:00:00
902,1144,5119,2026-02-08 02:00:00
903,1144,1716,2026-02-08 12:00:00
904,1144,2134,2026-02-06 16:00:00
905,1371,4643,2026-03-17 05:00:00
906,1371,576,2026-03-21 12:00:00
907,2731,1541,2026-11-05 14:00:00
908,2731,1855,2026-11-07 07:00:00
909,2731,1166,2026-11-09 19:00:00
910,2731,1091,2026-11-08 04:00:00
911,215,1353,2026-01-19 06:00:00
912,215,5387,2026-01-18 05:00:00
913,766,1995,2026-06-28 11:00:00
914,766,4000,2026-06-30 02:00:00
915,766,3423,2026-06-30 10:00:00
916,1848,811,2026-05-02 01:00:00
917,1848,4092,2026-04-26 16:00:00
918,1848,5105,2026-05-01 12:00:00
919,1848,477,2026-04-27 18:00:00
920,2310,5292,2026-02-12 05:00:00
921,2310,2332,2026-02-12 20:00:00
922,327,1618,2026-09-26 20:00:00
923,327,893,2026-09-24 04:00:00
924,327,1811,2026-09-21 20:00:00
925,327,2562,2026-09-24 10:00:00
926,3057,2216,2026-06-28 02:00:00
927,246,1254,2026-09-28 01:00:00
928,246,3230,2026-09-25 20:00:00
929,246,975,2026-09-25 19:00:00
930,246,562,2026-09-26 15:00:00
931,51,1034,2026-07-13 15:00:00
932,51,4674,2026-07-13 20:00:00
933,51,4117,2026-07-14 15:00:00
934,51,5211,2026-07-19 05:00:00
935,2352,1716,2026-11-23 10:00:00
936,2352,74,2026-11-22 04:00:00
937,2352,2357,2026-11-17 12:00:00
938,2352,4681,2026-11-21 05:00:00
939,2084,461,2027-01-01 09:00:00
940,2429,3714,2026-12-29 20:00:00
941,2429,1696,2026-12-29 20:00:00
942,2429,2625,2026-12-28 16:00:00
943,1215,4031,2026-12-26 12:00:00
944,1215,3032,2026-12-23 08:00:00
945,2854,2569,2025-07-01 17:00:00
946,2854,3419,2025-07-05 17:00:00
947,2854,1675,2025-06-30 19:00:00
948,2854,1642,2025-07-01 12:00:00
949,1714,2463,2026-08-17 18:00:00
950,742,52,2025-06-25 10:00:00
951,742,950,2025-06-22 16:00:00
952,742,1101,2025-06-26 16:00:00
953,742,1348,2025-06-20 20:00:00
954,1073,740,2026-09-02 17:00:00
955,639,4919,2026-09-04 01:00:00
956,639,243,2026-09-04 02:00:00
957,716,1322,2026-11-03 20:00:00
958,716,976,2026-10-30 09:00:00
959,716,635,2026-11-05 01:00:00
960,3048,3707,2027-01-05 05:00:00
961,3048,2010,2027-01-01 19:00:00
962,2021,609,2026-08-02 01:00:00
963,1661,3013,2026-12-20 20:00:00
964,1661,1341,2026-12-17 14:00:00
965,1661,3992,2026-12-18 06:00:00
966,1663,4518,2026-01-02 06:00:00
967,2082,1790,2026-12-25 15:00:00
968,2082,319,2026-12-22 02:00:00
969,1412,1820,2026-07-23 02:00:00
970,1412,255,2026-07-25 17:00:00
971,232,4694,2026-09-24 06:00:00
972,232,936,2026-09-24 17:00:00
973,232,4756,2026-09-21 15:00:00
974,1219,476,2026-08-07 05:00:00
975,1219,2924,2026-08-09 04:00:00
976,285,1429,2026-10-16 12:00:00
977,285,4207,2026-10-15 01:00:00
978,285,4711,2026-10-14 17:00:00
979,2777,2488,2026-08-05 12:00:00
980,2777,34,2026-08-04 04:00:00
981,2777,3137,2026-08-02 17:00:00
982,134,2305,2026-05-19 13:00:00
983,134,3707,2026-05-17 16:00:00
984,134,4027,2026-05-20 01:00:00
985,134,4484,2026-05-19 11:00:00
986,133,2413,2025-10-03 11:00:00
987,133,259,2025-10-05 13:00:00
988,257,3615,2026-06-16 12:00:00
989,257,5332,2026-06-14 15:00:00
990,2566,2361,2026-08-26 12:00:00
991,2566,1732,2026-08-31 18:00:00
992,2566,1052,2026-08-31 10:00:00
993,1735,2573,2025-11-15 03:00:00
994,1735,1741,2025-11-17 13:00:00
995,1735,1948,2025-11-17 14:00:00
996,377,3457,2026-12-17 09:00:00
997,377,3356,2026-12-17 11:00:00
998,2981,3837,2026-02-19 05:00:00
999,2981,1173,2026-02-19 07:00:00
1000,2981,801,2026-02-16 17:00:00
1001,2981,91,2026-02-20 02:00:00
1002,2359,3126,2026-10-21 14:00:00
1003,2359,936,2026-10-23 07:00:00
1004,1496,2986,2026-06-01 04:00:00
1005,1496,4,2026-06-03 06:00:00
1006,1496,3323,2026-06-01 01:00:00
1007,1496,1205,2026-06-01 17:00:00
1008,733,1457,2025-08-15 18:00:00
1009,733,2347,2025-08-11 14:00:00
1010,733,1804,2025-08-09 12:00:00
1011,733,635,2025-08-13 15:00:00
1012,3033,1475,2026-02-22 06:00:00
1013,3033,4024,2026-02-19 18:00:00
1014,3033,1943,2026-02-19 06:00:00
1015,1454,739,2026-09-02 15:00:00
1016,1454,1886,2026-09-04 08:00:00
1017,1454,437,2026-09-02 14:00:00
1018,1454,4346,2026-08-31 03:00:00
1019,2804,55,2026-06-15 16:00:00
1020,2804,3528,2026-06-18 06:00:00
1021,700,2445,2026-09-06 04:00:00
1022,700,356,2026-09-06 05:00:00
1023,700,2662,2026-09-02 16:00:00
1024,700,3795,2026-09-01 17:00:00
1025,405,3243,2026-08-14 08:00:00
1026,405,1756,2026-08-11 14:00:00
1027,405,2470,2026-08-17 10:00:00
1028,405,4511,2026-08-13 01:00:00
1029,2292,4728,2026-10-04 14:00:00
1030,1333,4186,2026-09-16 06:00:00
1031,1333,3020,2026-09-16 05:00:00
1032,2334,783,2026-11-12 20:00:00
1033,2334,758,2026-11-14 19:00:00
1034,2334,632,2026-11-10 13:00:00
1035,2334,2088,2026-11-14 16:00:00
1036,1292,4277,2026-09-01 07:00:00
1037,1292,2,2026-09-05 13:00:00
1038,1292,4655,2026-09-07 05:00:00
1039,1081,2524,2025-08-27 10:00:00
1040,1081,137,2025-08-25 02:00:00
1041,1451,250,2026-11-04 11:00:00
1042,1451,988,2026-11-07 15:00:00
1043,1451,4523,2026-11-05 17:18:51
1044,2316,1481,2026-10-17 19:00:00
1045,201,27,2026-05-04 02:00:00
1046,201,4018,2026-05-04 19:00:00
1047,201,2978,2026-05-04 09:00:00
1048,2052,3992,2026-05-08 10:00:00
1049,2210,1122,2026-03-21 07:00:00
1050,2210,298,2026-03-25 14:00:00
1051,2210,2712,2026-03-24 02:00:00
1052,2210,5376,2026-03-21 09:00:00
1053,1609,477,2026-11-04 16:00:00
1054,1609,1814,2026-11-03 16:00:00
1055,1609,494,2026-11-05 01:00:00
1056,95,2553,2025-06-24 07:00:00
1057,2175,5116,2026-08-04 05:00:00
1058,3058,3550,2026-08-23 02:00:00
1059,3058,4281,2026-08-22 05:00:00
1060,3058,500,2026-08-22 09:00:00
1061,181,4402,2026-04-24 08:00:00
1062,181,2024,2026-04-23 06:00:00
1063,104,250,2026-03-13 16:00:00
1064,104,4001,2026-03-19 09:00:00
1065,104,250,2026-03-19 02:00:00
1066,104,403,2026-03-17 02:00:00
1067,2656,1946,2026-08-29 02:00:00
1068,1917,4542,2026-05-07 07:00:00
1069,1917,3835,2026-05-07 02:00:00
1070,1492,1702,2026-08-13 10:00:00
1071,1262,1736,2025-12-30 03:00:00
1072,1262,1074,2026-01-02 20:00:00
1073,1262,5249,2025-12-29 11:00:00
1074,1262,2815,2025-12-31 04:00:00
1075,2924,1636,2026-05-14 14:00:00
1076,2924,4684,2026-05-15 15:00:00
1077,1571,2216,2026-11-23 13:00:00
1078,1571,1166,2026-11-20 13:00:00
1079,1571,3449,2026-11-23 14:00:00
1080,1422,5455,2025-10-01 05:00:00
1081,1422,4117,2025-10-02 13:00:00
1082,1422,764,2025-10-01 18:00:00
1083,1450,376,2026-08-18 01:00:00
1084,1450,5056,2026-08-20 11:00:00
1085,1155,4535,2026-03-22 11:00:00
1086,2633,347,2026-11-10 05:00:00
1087,2633,3886,2026-11-10 03:00:00
1088,2633,740,2026-11-10 19:00:00
1089,2633,4180,2026-11-09 18:00:00
1090,2786,1462,2026-10-08 01:00:00
1091,2786,826,2026-10-06 14:00:00
1092,2786,4711,2026-10-06 08:00:00
1093,2173,1116,2026-12-11 01:00:00
1094,2173,4711,2026-12-11 03:00:00
1095,1649,428,2026-12-31 10:00:00
1096,2047,2559,2026-08-15 04:00:00
1097,2112,1354,2026-12-25 11:00:00
1098,1996,133,2026-11-29 12:00:00
1099,3080,388,2026-01-12 11:00:00
1100,3080,2803,2026-01-10 05:00:00
1101,3080,2497,2026-01-12 07:00:00
1102,1004,2406,2025-06-21 03:00:00
1103,1004,642,2025-06-20 13:00:00
1104,1004,3105,2025-06-25 17:00:00
1105,1004,962,2025-06-22 11:00:00
1106,1322,2621,2026-10-30 16:00:00
1107,1744,2580,2026-10-29 11:00:00
1108,1744,3414,2026-10-26 02:00:00
1109,1744,5067,2026-10-26 05:00:00
1110,1744,2558,2026-10-31 14:00:00
1111,1209,1300,2026-04-07 06:00:00
1112,1209,356,2026-04-01 05:00:00
1113,1209,108,2026-04-01 09:00:00
1114,2407,2400,2026-10-25 04:00:00
1115,988,4226,2026-12-23 16:00:00
1116,988,3435,2026-12-25 02:00:00
1117,988,3026,2026-12-25 19:00:00
1118,988,4944,2026-12-25 02:00:00
1119,2715,3551,2026-12-21 11:00:00
1120,2615,963,2026-05-24 08:00:00
1121,2615,407,2026-05-26 12:00:00
1122,2615,3507,2026-05-27 20:00:00
1123,2615,2831,2026-05-26 13:00:00
1124,1684,562,2026-03-15 19:00:00
1125,1684,179,2026-03-13 12:00:00
1126,2031,1667,2026-09-19 06:00:00
1127,2847,3541,2026-12-06 06:00:00
1128,2847,1213,2026-12-04 07:00:00
1129,2847,4464,2026-12-08 09:00:00
1130,947,1488,2026-12-20 19:00:00
1131,947,4188,2026-12-23 19:00:00
1132,947,1385,2026-12-19 09:00:00
1133,947,4612,2026-12-23 15:00:00
1134,1192,923,2025-08-09 19:00:00
1135,1192,237,2025-08-07 09:00:00
1136,1192,963,2025-08-08 01:00:00
1137,1192,1595,2025-08-07 01:00:00
1138,752,4218,2026-12-17 10:00:00
1139,1295,35,2026-01-08 19:00:00
1140,1295,1090,2026-01-09 11:00:00
1141,1295,259,2026-01-12 14:00:00
1142,2809,2386,2026-08-14 07:00:00
1143,2809,3054,2026-08-12 16:00:00
1144,2809,130,2026-08-09 19:00:00
1145,2809,5426,2026-08-10 02:00:00
1146,2547,4115,2025-05-28 11:00:00
1147,2868,1120,2026-02-08 19:00:00
1148,2868,1981,2026-02-02 07:00:00
1149,2868,3696,2026-02-03 18:00:00
1150,2868,1322,2026-02-06 04:00:00
1151,3050,4949,2026-06-28 09:00:00
1152,3050,5034,2026-06-26 12:00:00
1153,871,3384,2026-11-29 13:00:00
1154,871,414,2026-11-25 16:00:00
1155,307,1300,2026-12-11 02:00:00
1156,307,3222,2026-12-13 03:00:00
1157,307,2044,2026-12-16 08:00:00
1158,307,255,2026-12-16 09:00:00
1159,800,1511,2026-11-16 02:00:00
1160,800,1441,2026-11-11 12:00:00
1161,800,5117,2026-11-12 17:00:00
1162,2011,913,2026-08-26 19:30:28
1163,2011,2087,2026-08-24 12:00:00
1164,2011,2771,2026-08-28 18:00:00
1165,3099,1570,2026-12-19 07:00:00
1166,2835,600,2026-11-21 06:00:00
1167,2902,1669,2026-11-26 20:00:00
1168,166,1320,2026-09-05 19:00:00
1169,166,3215,2026-09-04 12:00:00
1170,166,857,2026-09-06 09:00:00
1171,2734,557,2026-04-30 20:00:00
1172,2734,2822,2026-05-03 14:00:00
1173,1385,551,2026-10-25 16:00:00
1174,1385,2622,2026-10-23 15:00:00
1175,361,1322,2025-10-24 15:00:00
1176,2474,673,2026-04-08 08:00:00
1177,2492,3765,2026-04-05 06:00:00
1178,34,772,2026-11-02 13:00:00
1179,34,3091,2026-11-05 17:00:00
1180,34,899,2026-11-03 12:00:00
1181,1115,2601,2026-11-26 20:00:00
1182,2440,1914,2026-01-10 03:00:00
1183,2440,4769,2026-01-08 06:00:00
1184,367,2414,2026-06-20 06:00:00
1185,367,1953,2026-06-25 09:00:00
1186,764,4365,2026-11-17 05:00:00
1187,764,1940,2026-11-17 04:00:00
1188,764,4546,2026-11-14 10:00:00
1189,1069,3188,2025-10-13 15:00:00
1190,2504,1243,2026-12-26 08:00:00
1191,2504,3533,2026-12-25 08:00:00
1192,2589,4131,2026-12-29 04:00:00
1193,2589,533,2026-12-27 04:00:00
1194,1595,2470,2026-09-11 09:00:00
1195,1595,5275,2026-09-08 09:00:00
1196,119,5202,2026-10-07 20:00:00
1197,2350,3937,2026-09-27 17:00:00
1198,2350,5055,2026-09-29 01:00:00
1199,2350,1255,2026-10-03 02:00:00
1200,2350,110,2026-09-29 16:00:00
1201,2411,783,2026-09-01 09:00:00
1202,2411,3628,2026-08-30 14:00:00
1203,2411,1335,2026-09-02 17:00:00
1204,280,1940,2026-06-13 18:00:00
1205,280,298,2026-06-16 12:00:00
1206,280,360,2026-06-17 03:00:00
1207,1932,1047,2026-09-26 01:00:00
1208,1932,78,2026-09-29 03:00:00
1209,1811,3345,2026-03-22 07:00:00
1210,1201,5066,2026-11-14 16:00:00
1211,1201,2083,2026-11-16 18:00:00
1212,1201,1424,2026-11-19 07:00:00
1213,1201,5329,2026-11-17 09:00:00
1214,2910,1743,2025-12-10 14:00:00
1215,2910,2835,2025-12-13 06:00:00
1216,985,1929,2026-10-24 04:00:00
1217,40,3138,2025-05-10 02:00:00
1218,1166,1543,2026-10-27 15:00:00
1219,1166,3677,2026-10-23 14:00:00
1220,1166,3021,2026-10-28 08:00:00
1221,1166,4484,2026-10-24 04:00:00
1222,1239,3963,2026-04-23 08:00:00
1223,1236,1370,2026-12-30 14:00:00
1224,1236,3509,2026-12-30 17:00:00
1225,1236,4618,2026-12-30 17:00:00
1226,1236,1675,2027-01-01 11:00:00
1227,44,3374,2026-07-23 06:00:00
1228,44,762,2026-07-18 06:00:00
1229,44,3506,2026-07-22 20:00:00
1230,1962,3374,2026-05-07 04:00:00
1231,68,1353,2025-07-02 07:00:00
1232,214,361,2026-12-19 18:00:00
1233,214,1175,2026-12-21 09:00:00
1234,214,4335,2026-12-22 18:00:00
1235,1313,878,2026-01-17 19:00:00
1236,1313,2116,2026-01-14 10:00:00
1237,1313,4799,2026-01-13 15:00:00
1238,1313,4767,2026-01-13 09:00:00
1239,1774,2628,2026-10-23 11:00:00
1240,1774,4913,2026-10-23 14:00:00
1241,1856,3869,2026-07-05 18:00:00
1242,1856,572,2026-07-07 18:00:00
1243,1856,643,2026-07-07 02:00:00
1244,230,180,2026-07-20 09:00:00
1245,230,3595,2026-07-23 12:00:00
1246,2645,2096,2026-03-06 04:00:00
1247,2645,2995,2026-03-10 05:00:00
1248,2645,1982,2026-03-07 20:00:00
1249,532,2126,2026-12-12 13:00:00
1250,532,2573,2026-12-17 13:00:00
1251,885,4382,2025-12-14 20:00:00
1252,885,5158,2025-12-18 06:00:00
1253,885,3896,2025-12-13 02:00:00
1254,569,2728,2026-12-28 19:00:00
1255,569,4488,2026-12-31 11:00:00
1256,1071,1372,2025-12-21 09:00:00
1257,1071,4219,2025-12-19 07:00:00
1258,1071,58,2025-12-20 11:00:00
1259,1071,1777,2025-12-24 02:00:00
1260,1817,1383,2026-12-24 02:00:00
1261,1817,5223,2026-12-20 03:00:00
1262,1817,94,2026-12-25 16:00:00
1263,1435,3317,2026-03-14 10:00:00
1264,1435,4405,2026-03-18 12:00:00
1265,1435,3555,2026-03-18 04:00:00
1266,2877,4514,2026-12-18 19:00:00
1267,2877,1640,2026-12-20 12:00:00
1268,1130,1859,2026-08-07 05:00:00
1269,3124,5401,2026-12-11 17:00:00
1270,3124,4508,2026-12-11 20:00:00
1271,3124,4163,2026-12-07 11:00:00
1272,606,543,2026-11-16 13:00:00
1273,274,699,2026-11-09 17:00:00
1274,274,2872,2026-11-11 08:00:00
1275,274,3332,2026-11-10 04:00:00
1276,1723,3900,2026-12-08 18:00:00
1277,1723,4354,2026-12-13 19:00:00
1278,1723,2612,2026-12-12 18:00:00
1279,371,4993,2026-12-01 09:00:00
1280,371,5194,2026-12-03 02:00:00
1281,228,42,2026-06-23 18:00:00
1282,228,477,2026-06-21 16:00:00
1283,1602,969,2026-12-02 15:00:00
1284,1602,1049,2026-12-01 05:00:00
1285,1602,97,2026-11-27 12:00:00
1286,1602,3976,2026-11-26 02:00:00
1287,2085,2055,2025-12-03 13:00:00
1288,2085,4674,2025-12-04 15:00:00
1289,2085,2545,2025-11-29 10:00:00
1290,2085,5394,2025-12-03 07:00:00
1291,2814,393,2026-04-04 16:00:00
1292,2814,4234,2026-04-04 02:00:00
1293,2814,3665,2026-04-09 05:00:00
1294,487,1239,2026-05-04 01:00:00
1295,487,772,2026-05-06 09:00:00
1296,2915,614,2026-02-15 10:00:00
1297,1173,5328,2026-06-04 11:00:00
1298,1237,3499,2027-01-01 02:00:00
1299,1237,5274,2027-01-03 19:00:00
1300,1966,2316,2026-03-15 10:00:00
1301,1966,1857,2026-03-14 01:00:00
1302,1966,4161,2026-03-15 20:00:00
1303,1966,642,2026-03-12 19:00:00
1304,1002,2342,2025-03-09 12:00:00
1305,1509,1775,2026-09-15 04:00:00
1306,1509,5176,2026-09-11 03:00:00
1307,1509,4067,2026-09-13 15:00:00
1308,1509,2644,2026-09-14 15:00:00
1309,1563,2767,2026-08-03 12:00:00
1310,1563,2526,2026-08-06 04:00:00
1311,1415,2923,2026-10-16 01:00:00
1312,987,1161,2026-11-20 20:00:00
1313,987,3100,2026-11-19 19:00:00
1314,987,1821,2026-11-22 12:00:00
1315,1357,351,2026-09-09 11:00:00
1316,1357,4829,2026-09-12 10:00:00
1317,713,1163,2026-12-08 18:00:00
1318,2562,3010,2026-12-05 05:00:00
1319,2562,3788,2026-11-30 04:00:00
1320,2562,1566,2026-11-30 01:00:00
1321,2147,5261,2025-11-18 10:00:00
1322,2147,1776,2025-11-15 19:00:00
1323,1032,2461,2026-09-05 08:00:00
1324,1032,1109,2026-09-06 13:00:00
1325,1032,1811,2026-09-10 10:00:00
1326,2790,2161,2025-11-17 20:00:00
1327,2790,5251,2025-11-19 20:00:00
1328,2790,2440,2025-11-17 04:00:00
1329,2790,2801,2025-11-18 12:00:00
1330,795,2272,2025-06-30 07:00:00
1331,795,917,2025-07-02 03:00:00
1332,847,2750,2025-03-28 06:00:00
1333,847,5449,2025-03-23 20:00:00
1334,847,1921,2025-03-23 07:00:00
1335,1165,4179,2026-09-16 13:00:00
1336,783,1091,2025-10-31 13:00:00
1337,783,137,2025-10-31 17:00:00
1338,2063,2094,2025-07-23 18:00:00
1339,165,1229,2026-08-09 02:00:00
1340,165,4865,2026-08-12 01:00:00
1341,1106,1255,2026-07-22 20:00:00
1342,1106,4476,2026-07-19 18:00:00
1343,1106,3197,2026-07-21 03:00:00
1344,2008,3143,2026-09-02 02:00:00
1345,2008,1087,2026-09-04 06:00:00
1346,1985,262,2026-12-24 16:00:00
1347,1985,1120,2026-12-23 20:00:00
1348,1985,2557,2026-12-27 02:00:00
1349,1985,1928,2026-12-28 20:00:00
1350,724,1269,2025-06-29 16:00:00
1351,724,1341,2025-06-26 12:00:00
1352,2331,1924,2026-06-05 05:00:00
1353,2331,4156,2026-06-04 17:00:00
1354,2331,4211,2026-06-10 09:00:00
1355,2331,348,2026-06-04 19:00:00
1356,419,2419,2025-06-24 08:00:00
1357,1701,193,2026-03-15 17:00:00
1358,2032,2018,2026-11-06 13:00:00
1359,2032,3179,2026-11-02 06:00:00
1360,2032,4363,2026-11-05 01:00:00
1361,932,1093,2026-05-15 16:00:00
1362,932,2199,2026-05-21 13:00:00
1363,1490,4347,2026-11-20 14:00:00
1364,1490,810,2026-11-24 08:00:00
1365,3073,1422,2026-01-15 02:00:00
1366,3035,352,2026-10-13 11:00:00
1367,2534,3900,2026-02-16 08:00:00
1368,2534,1460,2026-02-19 06:00:00
1369,2220,1354,2026-04-04 06:00:00
1370,2220,2891,2026-04-08 17:00:00
1371,2220,2201,2026-04-05 11:00:00
1372,2220,3780,2026-04-04 14:00:00
1373,2945,194,2026-11-09 11:00:00
1374,1834,1449,2026-11-01 03:00:00
1375,1834,2814,2026-10-31 09:00:00
1376,1834,2839,2026-11-01 07:00:00
1377,1834,211,2026-10-28 09:00:00
1378,1975,4478,2026-10-01 10:00:00
1379,2863,3353,2027-01-01 05:00:00
1380,2863,1859,2026-12-29 03:00:00
1381,2863,1006,2027-01-01 07:00:00
1382,2863,4158,2026-12-30 04:00:00
1383,1772,4776,2026-11-21 10:00:00
1384,2211,352,2026-05-13 02:00:00
1385,2211,1576,2026-05-15 11:00:00
1386,2211,1141,2026-05-13 09:00:00
1387,2211,767,2026-05-17 10:00:00
1388,1282,1723,2025-03-18 19:00:00
1389,1282,4718,2025-03-19 10:00:00
1390,2995,1551,2026-03-01 08:00:00
1391,356,5351,2026-04-13 19:00:00
1392,687,3419,2026-12-23 19:00:00
1393,2932,2687,2026-02-01 11:00:00
1394,2932,2842,2026-02-05 03:00:00
1395,2932,4040,2026-02-01 10:00:00
1396,3137,407,2026-09-25 05:00:00
1397,3137,4124,2026-09-25 10:00:00
1398,31,291,2026-10-17 20:00:00
1399,829,4524,2026-12-30 20:00:00
1400,814,53,2026-07-29 01:00:00
1401,814,2002,2026-07-30 20:00:00
1402,814,2479,2026-07-26 05:00:00
1403,2797,3274,2025-11-08 11:00:00
1404,2797,4047,2025-11-05 09:00:00
1405,2797,3242,2025-11-08 05:00:00
1406,2797,1015,2025-11-05 15:00:00
1407,612,1251,2026-09-26 11:00:00
1408,612,809,2026-09-22 15:00:00
1409,3149,2856,2026-01-30 11:00:00
1410,3149,2517,2026-01-31 07:00:00
1411,3149,1477,2026-02-01 19:00:00
1412,3149,742,2026-01-30 03:00:00
1413,1859,5059,2026-09-29 07:00:00
1414,1859,773,2026-10-04 02:00:00
1415,1819,4348,2025-07-11 03:00:00
1416,2438,4906,2025-06-12 20:00:00
1417,2438,4641,2025-06-12 20:00:00
1418,2438,3845,2025-06-13 20:00:00
1419,2438,3517,2025-06-09 15:00:00
1420,217,3353,2026-12-09 15:00:00
1421,217,351,2026-12-05 03:00:00
1422,217,2519,2026-12-08 11:00:00
1423,217,1466,2026-12-03 07:00:00
1424,1761,388,2026-05-02 14:00:00
1425,1761,1653,2026-05-08 01:00:00
1426,1761,2139,2026-05-05 13:00:00
1427,1761,863,2026-05-08 11:00:00
1428,2801,4322,2025-09-01 04:00:00
1429,2801,3788,2025-08-29 13:00:00
1430,2801,4978,2025-09-01 09:00:00
1431,2801,4355,2025-09-01 01:00:00
1432,910,1210,2026-12-20 02:00:00
1433,910,1349,2026-12-15 14:00:00
1434,910,4812,2026-12-15 05:00:00
1435,910,439,2026-12-19 10:00:00
1436,2988,3249,2025-08-31 07:00:00
1437,2988,557,2025-09-01 14:00:00
1438,2988,1667,2025-08-29 13:00:00
1439,2988,2577,2025-08-29 03:00:00
1440,78,4458,2026-07-24 07:00:00
1441,78,3794,2026-07-28 10:00:00
1442,78,4906,2026-07-23 08:00:00
1443,78,752,2026-07-27 12:00:00
1444,1913,4618,2025-12-13 08:00:00
1445,1913,4354,2025-12-13 13:00:00
1446,1913,97,2025-12-16 17:00:00
1447,1913,1122,2025-12-18 07:00:00
1448,2100,1145,2026-07-07 04:00:00
1449,2100,2762,2026-07-04 17:00:00
1450,2468,184,2025-12-31 12:00:00
1451,2468,2731,2025-12-29 17:00:00
1452,2468,1172,2025-12-26 16:00:00
1453,860,5401,2026-03-30 08:00:00
1454,1010,4604,2026-12-07 04:00:00
1455,1010,5161,2026-12-12 20:00:00
1456,1010,2612,2026-12-07 13:00:00
1457,1010,4521,2026-12-12 01:00:00
1458,2883,4552,2026-12-02 01:00:00
1459,2883,1818,2026-12-02 05:00:00
1460,1534,1428,2026-07-31 08:00:00
1461,1534,3457,2026-07-31 12:00:00
1462,1534,1091,2026-08-03 11:00:00
1463,1534,1999,2026-08-06 03:00:00
1464,1852,1304,2026-12-23 16:00:00
1465,1852,3027,2026-12-21 12:00:00
1466,1524,335,2026-10-07 15:00:00
1467,1978,1134,2026-07-18 17:00:00
1468,1978,1916,2026-07-17 06:00:00
1469,2036,4175,2026-10-27 15:00:00
1470,1280,2987,2026-11-27 17:00:00
1471,1280,3734,2026-11-29 03:00:00
1472,1694,2541,2026-11-23 19:00:00
1473,283,458,2026-01-31 04:00:00
1474,283,5446,2026-01-28 01:00:00
1475,283,4417,2026-01-25 07:00:00
1476,1289,2386,2026-08-05 12:00:00
1477,1289,3461,2026-08-08 16:00:00
1478,1289,2579,2026-08-07 02:00:00
1479,1289,2008,2026-08-08 02:00:00
1480,1487,2477,2027-01-02 13:00:00
1481,1487,352,2027-01-01 05:00:00
1482,2262,2463,2026-12-02 07:00:00
1483,2262,1458,2026-12-05 14:00:00
1484,2083,3644,2026-12-29 05:00:00
1485,2083,146,2026-12-30 12:00:00
1486,2083,641,2026-12-25 07:00:00
1487,2278,1741,2026-08-29 11:00:00
1488,2278,3369,2026-09-02 12:00:00
1489,2278,913,2026-08-28 09:00:00
1490,1612,1236,2026-07-10 02:00:00
1491,507,1475,2025-09-29 15:00:00
1492,2223,179,2026-09-08 14:00:00
1493,2223,77,2026-09-05 06:00:00
1494,169,3160,2025-04-27 17:00:00
1495,169,3461,2025-04-28 04:00:00
1496,169,439,2025-04-23 09:00:00
1497,169,1802,2025-04-27 18:00:00
1498,706,87,2025-11-15 06:00:00
1499,706,2366,2025-11-17 02:00:00
1500,706,1385,2025-11-12 02:00:00
1501,2541,2,2026-11-05 08:00:00
1502,1108,2794,2026-10-14 05:00:00
1503,1108,2742,2026-10-15 06:00:00
1504,980,2506,2026-06-05 04:00:00
1505,2214,3309,2027-01-05 08:00:00
1506,2214,300,2027-01-01 07:00:00
1507,1773,1657,2026-11-22 17:00:00
1508,1773,3141,2026-11-23 16:00:00
1509,821,1521,2026-10-20 05:00:00
1510,821,908,2026-10-18 18:00:00
1511,2546,3592,2026-07-24 03:00:00
1512,2610,3507,2026-06-01 19:00:00
1513,2610,1073,2026-06-03 12:46:10
1514,2610,2849,2026-05-30 14:00:00
1515,2610,2472,2026-05-30 02:00:00
1516,2005,3898,2026-12-23 13:00:00
1517,2005,1672,2026-12-19 04:00:00
1518,2005,1808,2026-12-19 11:00:00
1519,2005,2812,2026-12-20 10:00:00
1520,210,5268,2026-04-04 16:00:00
1521,210,310,2026-04-07 19:00:00
1522,210,833,2026-04-09 07:00:00
1523,210,103,2026-04-05 03:00:00
1524,1286,147,2025-09-09 03:00:00
1525,2026,4622,2025-11-05 18:00:00
1526,2258,2650,2026-07-08 10:00:00
1527,2258,3894,2026-07-07 20:00:00
1528,2258,1229,2026-07-11 13:00:00
1529,2258,1154,2026-07-06 15:00:00
1530,1546,36,2026-08-01 12:00:00
1531,1546,1605,2026-07-30 05:00:00
1532,1546,3980,2026-08-03 16:00:00
1533,2808,3481,2026-06-22 18:00:00
1534,2808,3294,2026-06-18 13:00:00
1535,2808,2257,2026-06-17 03:00:00
1536,2808,493,2026-06-16 01:00:00
1537,1066,1776,2025-11-24 16:00:00
1538,207,3059,2026-04-11 05:00:00
1539,207,3465,2026-04-05 01:00:00
1540,207,4831,2026-04-05 07:26:01
1541,207,3076,2026-04-10 10:00:00
1542,2904,2005,2026-12-18 06:00:00
1543,2828,1488,2026-12-30 09:00:00
1544,746,3366,2026-06-30 01:00:00
1545,2913,4221,2026-03-04 20:00:00
1546,2913,458,2026-03-03 07:00:00
1547,2913,561,2026-03-04 20:00:00
1548,2913,3052,2026-02-28 15:00:00
1549,1600,3406,2026-10-29 05:00:00
1550,1600,890,2026-10-30 16:00:00
1551,1600,1247,2026-10-29 11:00:00
1552,1600,4041,2026-10-26 09:00:00
1553,249,5493,2026-03-22 15:00:00
1554,249,809,2026-03-20 03:00:00
1555,1816,5208,2026-01-13 07:00:00
1556,1816,1156,2026-01-12 19:00:00
1557,2890,844,2026-01-27 17:00:00
1558,2890,869,2026-01-30 10:00:00
1559,2890,3231,2026-02-01 20:00:00
1560,688,3074,2026-12-30 07:00:00
1561,688,5205,2026-12-30 09:00:00
1562,688,5142,2026-12-30 09:00:00
1563,109,5263,2026-10-07 12:00:00
1564,109,5106,2026-10-07 01:00:00
1565,109,203,2026-10-04 14:00:00
1566,2194,1699,2026-07-10 15:00:00
1567,2194,647,2026-07-11 11:00:00
1568,2194,2502,2026-07-11 10:00:00
1569,146,4684,2026-08-13 18:00:00
1570,146,52,2026-08-15 15:00:00
1571,146,5346,2026-08-11 01:00:00
1572,146,2721,2026-08-12 10:00:00
1573,323,4950,2025-10-22 07:00:00
1574,323,4728,2025-10-23 12:00:00
1575,323,3447,2025-10-18 02:00:00
1576,323,4148,2025-10-20 12:00:00
1577,2014,3424,2026-07-01 10:00:00
1578,2014,582,2026-07-02 11:00:00
1579,2014,826,2026-07-04 12:00:00
1580,2014,4436,2026-07-06 17:00:00
1581,1117,4140,2026-05-12 15:00:00
1582,3150,523,2026-02-18 15:00:00
1583,3150,25,2026-02-17 11:00:00
1584,3150,3032,2026-02-17 20:00:00
1585,3150,988,2026-02-16 04:00:00
1586,1769,5257,2026-11-30 19:00:00
1587,1769,1356,2026-12-02 13:00:00
1588,1560,3329,2026-06-19 15:00:00
1589,1560,1658,2026-06-23 09:00:00
1590,1560,1913,2026-06-20 15:00:00
1591,1413,3115,2026-11-14 15:00:00
1592,1413,3656,2026-11-16 11:00:00
1593,1413,1536,2026-11-15 12:00:00
1594,1770,4355,2026-09-09 18:00:00
1595,1770,1269,2026-09-06 17:00:00
1596,1770,5319,2026-09-09 18:00:00
1597,497,2150,2026-03-24 10:00:00
1598,278,5322,2026-03-22 09:00:00
1599,3030,1477,2026-09-04 03:00:00
1600,3141,77,2026-12-22 17:00:00
1601,3141,2245,2026-12-25 14:00:00
1602,3141,4896,2026-12-20 10:00:00
1603,2853,4688,2027-01-05 08:00:00
1604,2853,353,2026-12-30 04:00:00
1605,1434,4501,2026-12-07 20:00:00
1606,1434,2673,2026-12-10 08:00:00
1607,1434,38,2026-12-09 19:00:00
1608,2003,2079,2025-10-22 17:00:00
1609,2003,1667,2025-10-17 16:00:00
1610,1790,1957,2026-10-16 07:00:00
1611,1790,5035,2026-10-17 01:00:00
1612,1790,2586,2026-10-14 10:00:00
1613,1790,2091,2026-10-15 04:00:00
1614,336,2590,2026-10-28 16:00:00
1615,336,1765,2026-10-28 01:00:00
1616,336,3878,2026-11-01 19:00:00
1617,336,1084,2026-11-02 06:00:00
1618,2298,2361,2026-12-06 04:00:00
1619,2298,1767,2026-12-08 02:00:00
1620,1068,3254,2026-10-03 02:00:00
1621,1382,3788,2026-11-20 09:00:00
1622,1382,3542,2026-11-20 09:00:00
1623,1382,274,2026-11-17 14:00:00
1624,2378,2632,2026-09-13 20:00:00
1625,2378,4086,2026-09-13 12:00:00
1626,2378,5033,2026-09-14 12:00:00
1627,2378,2463,2026-09-12 14:00:00
1628,2663,1507,2026-05-19 14:00:00
1629,151,216,2026-09-15 13:00:00
1630,151,4074,2026-09-13 08:00:00
1631,151,2563,2026-09-17 05:00:00
1632,151,113,2026-09-17 11:00:00
1633,2212,3713,2026-11-27 06:00:00
1634,1570,3415,2026-10-30 17:00:00
1635,1764,1701,2026-03-18 16:00:00
1636,1764,3450,2026-03-17 17:00:00
1637,1764,2165,2026-03-13 14:00:00
1638,1764,4687,2026-03-14 07:00:00
1639,1749,401,2026-12-02 05:00:00
1640,1749,822,2026-12-04 03:00:00
1641,108,4687,2026-07-24 10:00:00
1642,400,476,2026-11-10 03:00:00
1643,400,300,2026-11-08 13:00:00
1644,400,551,2026-11-04 09:00:00
1645,1621,3278,2027-01-01 06:00:00
1646,1621,4505,2026-12-31 16:00:00
1647,1330,2872,2026-11-21 16:00:00
1648,1330,526,2026-11-15 01:00:00
1649,1330,2929,2026-11-16 20:00:00
1650,1330,5053,2026-11-20 02:00:00
1651,53,660,2026-06-24 05:00:00
1652,53,4699,2026-06-24 14:00:00
1653,53,3799,2026-06-22 07:00:00
1654,1128,2753,2026-12-14 13:00:00
1655,1128,2171,2026-12-13 03:00:00
1656,1128,1249,2026-12-17 10:00:00
1657,1128,4918,2026-12-18 01:00:00
1658,970,5196,2025-11-09 15:00:00
1659,970,2027,2025-11-06 08:00:00
1660,970,4971,2025-11-06 19:00:00
1661,970,609,2025-11-07 18:00:00
1662,2257,2639,2026-03-05 04:00:00
1663,2260,4955,2026-11-04 03:00:00
1664,2260,3630,2026-10-31 13:00:00
1665,2260,4151,2026-10-30 20:00:00
1666,2260,180,2026-11-02 18:00:00
1667,1368,5445,2026-09-30 02:00:00
1668,413,4511,2026-11-27 10:00:00
1669,413,762,2026-11-27 12:00:00
1670,413,478,2026-11-30 10:00:00
1671,1301,375,2026-11-27 09:06:46
1672,580,1173,2025-12-01 13:00:00
1673,1266,3722,2025-12-12 20:00:00
1674,1904,2734,2026-12-27 10:00:00
1675,1248,155,2026-08-17 09:00:00
1676,1248,713,2026-08-19 12:00:00
1677,1884,304,2026-11-20 18:00:00
1678,1884,3338,2026-11-20 19:00:00
1679,1884,3055,2026-11-24 01:00:00
1680,3173,5033,2026-10-15 15:00:00
1681,3173,4704,2026-10-15 10:00:00
1682,3173,5012,2026-10-19 15:00:00
1683,3173,1043,2026-10-16 05:00:00
1684,2629,4643,2026-11-20 18:00:00
1685,2629,1984,2026-11-19 13:00:00
1686,2629,3333,2026-11-17 11:00:00
1687,2101,55,2026-07-30 20:00:00
1688,526,2323,2026-08-11 02:00:00
1689,526,5274,2026-08-13 07:00:00
1690,2540,1006,2025-09-08 20:00:00
1691,2540,2041,2025-09-07 10:00:00
1692,2187,5253,2026-05-08 12:00:00
1693,1410,860,2026-12-13 16:00:00
1694,1410,259,2026-12-13 19:00:00
1695,1410,1343,2026-12-15 18:00:00
1696,1410,2993,2026-12-10 13:00:00
1697,1138,801,2026-12-12 20:00:00
1698,1138,498,2026-12-12 04:00:00
1699,1138,5257,2026-12-09 04:00:00
1700,2938,1351,2027-01-02 09:00:00
1701,2938,2572,2026-12-30 07:00:00
1702,2938,5384,2026-12-31 01:00:00
1703,2017,1346,2026-08-25 13:00:00
1704,2017,3353,2026-08-30 01:00:00
1705,2017,4032,2026-08-27 01:00:00
1706,2017,4382,2026-08-28 11:00:00
1707,2166,3185,2026-03-26 18:00:00
1708,107,3855,2026-06-06 13:00:00
1709,107,2583,2026-06-04 09:00:00
1710,107,988,2026-06-03 05:00:00
1711,107,5384,2026-06-04 16:00:00
1712,851,2581,2026-09-09 05:00:00
1713,2,3068,2026-12-22 10:00:00
1714,2,2539,2026-12-19 08:00:00
1715,2,5473,2026-12-20 13:00:00
1716,196,2681,2026-07-29 04:00:00
1717,1910,1003,2026-01-26 17:00:00
1718,2998,2472,2026-12-06 13:00:00
1719,2998,1136,2026-12-07 04:00:00
1720,2998,485,2026-12-06 07:00:00
1721,16,1648,2026-10-24 20:00:00
1722,16,1691,2026-10-25 07:00:00
1723,16,5404,2026-10-22 06:00:00
1724,16,386,2026-10-22 04:00:00
1725,2658,2079,2025-11-17 15:00:00
1726,2658,235,2025-11-13 14:00:00
1727,1161,3395,2026-09-13 08:00:00
1728,1161,1327,2026-09-17 12:00:00
1729,583,3563,2026-10-26 12:00:00
1730,583,1073,2026-10-25 13:00:00
1731,583,2872,2026-10-29 04:00:00
1732,583,4429,2026-10-30 09:00:00
1733,1102,5153,2026-12-03 11:00:00
1734,1102,3311,2026-12-01 09:00:00
1735,1102,449,2026-12-02 12:00:00
1736,2034,5287,2026-09-06 04:00:00
1737,1092,4635,2026-08-30 11:00:00
1738,1092,4713,2026-09-02 15:00:00
1739,1092,35,2026-08-27 19:00:00
1740,1577,110,2026-09-16 07:00:00
1741,1577,3353,2026-09-12 11:00:00
1742,2329,1623,2026-10-10 08:00:00
1743,2329,171,2026-10-12 09:00:00
1744,2329,1971,2026-10-13 03:00:00
1745,2329,1460,2026-10-13 01:00:00
1746,2317,110,2026-11-21 02:00:00
1747,2317,333,2026-11-23 16:00:00
1748,1123,1496,2026-12-10 10:00:00
1749,1123,295,2026-12-13 19:00:00
1750,1123,3604,2026-12-11 18:00:00
1751,212,958,2026-08-30 12:00:00
1752,212,3105,2026-08-31 17:00:00
1753,212,3433,2026-08-28 20:00:00
1754,212,2606,2026-08-26 03:00:00
1755,2522,3030,2026-11-19 09:00:00
1756,2192,4558,2026-03-13 16:00:00
1757,2192,2446,2026-03-12 05:00:00
1758,2192,2364,2026-03-14 14:00:00
1759,1838,1120,2026-10-26 01:00:00
1760,1838,952,2026-10-28 16:00:00
1761,1838,668,2026-10-25 15:00:00
1762,1838,4394,2026-10-27 05:00:00
1763,2142,3637,2026-04-05 18:00:00
1764,2142,4759,2026-04-04 15:00:00
1765,1238,881,2027-01-01 14:00:00
1766,1238,1973,2027-01-05 06:00:00
1767,1238,4618,2026-12-31 03:00:00
1768,1238,3196,2026-12-31 04:00:00
1769,999,2639,2025-07-07 08:00:00
1770,999,769,2025-07-04 08:00:00
1771,999,3156,2025-07-07 05:00:00
1772,999,3235,2025-07-08 04:00:00
1773,2450,1314,2026-07-10 07:00:00
1774,2450,3096,2026-07-15 17:00:00
1775,2450,3974,2026-07-14 01:00:00
1776,2967,2451,2027-01-04 12:00:00
1777,2967,300,2027-01-06 19:00:00
1778,2871,3654,2026-04-18 18:00:00
1779,2871,4476,2026-04-16 13:00:00
1780,2871,2778,2026-04-15 04:00:00
1781,1750,1711,2026-12-28 12:00:00
1782,2099,2485,2026-04-22 16:00:00
1783,2099,3390,2026-04-16 04:00:00
1784,2099,1348,2026-04-19 03:00:00
1785,491,452,2026-09-29 17:00:00
1786,2831,3924,2027-01-01 04:00:00
1787,2831,278,2027-01-03 03:00:00
1788,2831,4367,2027-01-04 18:00:00
1789,2831,1605,2027-01-01 11:00:00
1790,324,5412,2026-06-11 10:00:00
1791,464,1912,2026-11-20 18:00:00
1792,767,3810,2026-08-08 09:00:00
1793,767,491,2026-08-09 19:00:00
1794,767,4022,2026-08-03 01:00:00
1795,767,444,2026-08-08 04:00:00
1796,1178,2693,2026-05-05 09:00:00
1797,1178,1954,2026-05-06 11:00:00
1798,1178,4285,2026-05-07 14:00:00
1799,1178,5232,2026-05-06 08:00:00
1800,1022,4976,2025-09-30 01:00:00
1801,1022,5415,2025-10-03 05:00:00
1802,1022,3230,2025-09-30 01:00:00
1803,1779,101,2026-02-13 19:00:00
1804,1779,2245,2026-02-12 09:00:00
1805,1290,5419,2025-12-05 19:00:00
1806,1290,4034,2025-12-11 18:00:00
1807,1290,2491,2025-12-08 05:00:00
1808,1290,4793,2025-12-06 07:00:00
1809,897,5478,2026-11-10 07:00:00
1810,719,2502,2026-09-30 17:00:00
1811,719,1434,2026-10-01 15:00:00
1812,719,1878,2026-10-01 03:00:00
1813,719,1658,2026-10-01 15:00:00
1814,2749,2126,2025-06-16 15:00:00
1815,2749,1489,2025-06-14 18:00:00
1816,1139,2049,2026-12-21 11:00:00
1817,1139,202,2026-12-19 14:00:00
1818,1139,3156,2026-12-17 01:00:00
1819,1139,874,2026-12-17 15:00:00
1820,3051,2803,2026-08-01 07:00:00
1821,3051,1604,2026-08-02 14:00:00
1822,2775,5459,2026-04-11 17:00:00
1823,2775,3040,2026-04-16 01:00:00
1824,2775,289,2026-04-11 05:00:00
1825,2775,3917,2026-04-12 20:00:00
1826,2430,3730,2025-10-16 02:00:00
1827,2430,4895,2025-10-17 09:00:00
1828,2430,867,2025-10-17 03:00:00
1829,2430,4020,2025-10-21 03:00:00
1830,1345,1052,2026-08-20 08:00:00
1831,1345,4345,2026-08-16 10:00:00
1832,1345,4794,2026-08-18 10:00:00
1833,1345,2851,2026-08-16 20:00:00
1834,1697,2460,2026-11-10 20:00:00
1835,1697,1775,2026-11-07 03:00:00
1836,2543,5048,2025-11-16 20:00:00
1837,769,203,2026-12-08 07:00:00
1838,769,4713,2026-12-09 19:00:00
1839,11,3144,2026-06-02 16:00:00
1840,2867,5171,2025-12-30 04:00:00
1841,2867,2584,2025-12-27 15:00:00
1842,2867,4680,2025-12-31 10:00:00
1843,1142,34,2027-01-03 05:00:00
1844,1142,449,2026-12-29 06:00:00
1845,2092,1459,2026-12-17 11:00:00
1846,2092,5177,2026-12-21 17:00:00
1847,2092,1090,2026-12-22 11:00:00
1848,2092,3154,2026-12-16 16:00:00
1849,147,4397,2026-12-28 08:00:00
1850,147,3589,2027-01-02 06:00:00
1851,147,5034,2027-01-02 02:00:00
1852,2123,1805,2025-04-22 08:00:00
1853,2123,1079,2025-04-22 18:00:00
1854,360,949,2025-08-20 18:00:00
1855,360,3774,2025-08-26 07:00:00
1856,360,1909,2025-08-25 09:00:00
1857,815,321,2026-09-22 16:00:00
1858,815,4611,2026-09-23 07:00:00
1859,815,190,2026-09-28 16:00:00
1860,2760,5473,2026-12-16 20:00:00
1861,1803,3509,2026-11-17 02:00:00
1862,794,999,2026-12-20 19:00:00
1863,794,741,2026-12-15 17:00:00
1864,3027,4349,2026-10-17 12:00:00
1865,3027,4464,2026-10-17 04:00:00
1866,3027,2479,2026-10-21 12:00:00
1867,2965,681,2025-08-31 01:00:00
1868,2965,4213,2025-09-01 06:00:00
1869,2965,5010,2025-09-03 10:00:00
1870,2222,1254,2026-09-12 08:00:00
1871,2222,2513,2026-09-13 07:00:00
1872,2222,853,2026-09-15 12:00:00
1873,372,1967,2025-10-08 04:00:00
1874,372,5079,2025-10-13 03:00:00
1875,372,2727,2025-10-08 14:00:00
1876,372,2294,2025-10-10 01:00:00
1877,1518,557,2026-08-06 19:00:00
1878,3008,1183,2026-11-08 03:00:00
1879,3008,1042,2026-11-13 17:00:00
1880,3008,232,2026-11-14 13:00:00
1881,1038,1782,2027-01-01 10:00:00
1882,1038,1019,2027-01-06 04:00:00
1883,1038,1462,2027-01-01 10:00:00
1884,1038,3971,2027-01-01 19:00:00
1885,2948,1333,2026-12-09 13:00:00
1886,2948,225,2026-12-07 02:00:00
1887,2012,1428,2025-11-28 18:00:00
1888,2012,2618,2025-12-01 12:00:00
1889,2012,1063,2025-11-29 07:00:00
1890,2997,1074,2026-08-21 07:00:00
1891,2997,3200,2026-08-20 20:00:00
1892,2997,3200,2026-08-20 04:00:00
1893,2997,592,2026-08-19 02:00:00
1894,749,2787,2026-08-29 10:00:00
1895,2983,4745,2025-11-30 18:00:00
1896,2983,1316,2025-12-03 03:00:00
1897,2983,3145,2025-12-01 08:00:00
1898,270,481,2026-10-28 10:00:00
1899,270,414,2026-10-27 08:00:00
1900,270,2364,2026-10-27 14:00:00
1901,1274,2950,2026-04-18 20:00:00
1902,1274,904,2026-04-18 11:00:00
1903,1676,4455,2025-09-01 20:00:00
1904,253,116,2026-10-02 16:00:00
1905,1433,1273,2026-11-27 18:00:00
1906,1433,1487,2026-11-27 05:00:00
1907,1433,3589,2026-12-01 01:00:00
1908,1433,2463,2026-11-29 15:00:00
1909,1055,1010,2026-12-07 20:00:00
1910,2297,1200,2026-12-01 08:00:00
1911,2297,89,2026-12-04 13:00:00
1912,2297,4988,2026-12-01 14:00:00
1913,2297,4367,2026-12-03 12:00:00
1914,368,3941,2026-06-22 18:00:00
1915,368,2326,2026-06-20 13:00:00
1916,368,4466,2026-06-25 12:00:00
1917,368,1021,2026-06-20 10:00:00
1918,3016,453,2026-10-06 17:00:00
1919,3016,2110,2026-10-02 03:00:00
1920,1090,3301,2026-05-15 17:00:00
1921,1090,2475,2026-05-17 14:00:00
1922,1090,5118,2026-05-14 14:00:00
1923,1090,4115,2026-05-17 19:00:00
1924,1445,1983,2026-11-12 15:00:00
1925,1445,4558,2026-11-12 18:00:00
1926,1506,2974,2026-02-06 17:00:00
1927,1506,4132,2026-02-05 04:00:00
1928,1506,919,2026-02-02 09:00:00
1929,2551,1397,2026-09-03 18:00:00
1930,2551,4235,2026-09-01 07:00:00
1931,2551,495,2026-09-01 04:00:00
1932,1660,850,2026-12-02 19:00:00
1933,1660,1382,2026-12-03 15:00:00
1934,1660,1341,2026-11-28 15:00:00
1935,1235,3202,2026-12-26 01:00:00
1936,1235,1447,2026-12-25 16:00:00
1937,1235,3553,2026-12-29 20:00:00
1938,1235,4866,2026-12-29 20:00:00
1939,1654,1489,2026-12-24 07:00:00
1940,1654,2536,2026-12-23 13:00:00
1941,2284,262,2026-08-06 08:00:00
1942,2284,675,2026-08-06 12:00:00
1943,2861,1743,2026-12-18 04:00:00
1944,2861,936,2026-12-15 03:00:00
1945,2861,755,2026-12-14 04:00:00
1946,2861,5266,2026-12-14 10:00:00
1947,2989,3749,2026-02-05 20:00:00
1948,2989,2822,2026-02-05 09:00:00
1949,421,310,2026-12-20 14:00:00
1950,1625,3561,2026-09-05 06:00:00
1951,1291,316,2026-04-28 18:00:00
1952,1291,1453,2026-04-22 07:00:00
1953,1291,3126,2026-04-22 17:00:00
1954,598,1696,2026-06-08 16:00:00
1955,1168,2639,2026-04-06 15:00:00
1956,1168,110,2026-03-31 01:00:00
1957,1168,44,2026-04-04 15:00:00
1958,1168,4886,2026-04-01 10:00:00
1959,1097,4254,2027-01-03 15:00:00
1960,1097,4354,2027-01-01 08:00:00
1961,1097,3075,2027-01-05 09:00:00
1962,1097,634,2027-01-03 04:00:00
1963,1243,4178,2026-06-16 01:00:00
1964,1243,2027,2026-06-21 17:00:00
1965,2299,4812,2026-11-14 05:00:00
1966,2299,2780,2026-11-13 14:00:00
1967,2074,867,2026-12-31 10:00:00
1968,2074,5247,2026-12-29 17:00:00
1969,2074,4706,2026-12-30 09:00:00
1970,2074,854,2026-12-30 02:00:00
1971,1054,1534,2026-11-17 17:00:00
1972,1054,2730,2026-11-20 14:00:00
1973,3139,2210,2026-10-30 06:00:00
1974,353,5484,2025-08-03 06:00:00
1975,353,5207,2025-07-29 19:00:00
1976,353,800,2025-07-28 15:00:00
1977,1037,482,2027-01-04 11:00:00
1978,2255,4736,2026-10-09 14:00:00
1979,2255,2800,2026-10-05 02:00:00
1980,2255,3624,2026-10-04 01:00:00
1981,2385,772,2026-05-13 10:00:00
1982,2385,4280,2026-05-10 06:00:00
1983,2385,2153,2026-05-08 15:00:00
1984,2385,1239,2026-05-10 06:00:00
1985,2122,1173,2026-08-27 18:00:00
1986,2122,4324,2026-08-25 19:00:00
1987,2122,5351,2026-08-29 15:00:00
1988,2122,635,2026-08-24 06:00:00
1989,1213,5118,2026-08-14 14:00:00
1990,1213,99,2026-08-12 12:00:00
1991,1835,4157,2026-07-24 04:00:00
1992,1835,1287,2026-07-27 19:00:00
1993,2414,1692,2026-12-21 07:00:00
1994,550,1179,2025-12-23 18:00:00
1995,550,1945,2025-12-21 09:00:00
1996,2864,1685,2026-01-01 08:00:00
1997,2864,2352,2026-01-01 07:00:00
1998,1314,3793,2026-03-15 13:00:00
1999,1314,5139,2026-03-16 04:00:00
2000,3101,4367,2026-05-29 20:00:00
2001,3101,1200,2026-06-02 02:00:00
2002,3101,1135,2026-05-30 12:00:00
2003,305,4161,2026-12-25 16:00:00
2004,305,2566,2026-12-22 03:00:00
2005,305,3691,2026-12-26 12:00:00
2006,305,4876,2026-12-26 16:00:00
2007,55,382,2026-09-07 20:00:00
2008,55,167,2026-09-12 05:00:00
2009,55,1648,2026-09-09 16:00:00
2010,1717,310,2025-07-26 09:00:00
2011,1717,731,2025-07-26 03:00:00
2012,344,4377,2026-10-24 06:00:00
2013,344,4074,2026-10-24 05:00:00
2014,344,4824,2026-10-22 16:00:00
2015,344,1303,2026-10-25 06:00:00
2016,818,397,2026-10-12 11:00:00
2017,3001,3039,2026-12-12 09:00:00
2018,658,2762,2026-06-15 18:00:00
2019,658,3671,2026-06-13 15:00:00
2020,658,2334,2026-06-14 17:00:00
2021,658,4328,2026-06-13 12:00:00
2022,2632,4949,2026-10-03 17:00:00
2023,2632,3308,2026-10-09 18:00:00
2024,2632,4283,2026-10-06 06:00:00
2025,2632,1084,2026-10-06 05:00:00
2026,1758,2411,2027-01-02 03:00:00
2027,1758,1049,2027-01-05 17:00:00
2028,1758,97,2027-01-04 06:00:00
2029,266,5497,2026-03-04 06:00:00
2030,266,2320,2026-03-05 17:00:00
2031,266,1322,2026-03-07 07:00:00
2032,2254,5268,2026-08-11 17:00:00
2033,2254,436,2026-08-11 11:00:00
2034,2254,921,2026-08-06 06:00:00
2035,2254,5407,2026-08-10 07:00:00
2036,522,1637,2026-07-14 18:00:00
2037,522,1167,2026-07-14 15:00:00
2038,522,2717,2026-07-19 13:00:00
2039,522,1254,2026-07-13 16:00:00
2040,1140,600,2026-12-26 19:00:00
2041,1140,4940,2026-12-28 10:00:00
2042,1716,3349,2026-12-03 17:00:00
2043,1716,3719,2026-12-07 16:00:00
2044,1716,5118,2026-12-04 09:00:00
2045,1083,3507,2026-07-23 09:00:00
2046,1942,2214,2025-10-25 18:00:00
2047,1942,4977,2025-10-26 07:00:00
2048,1942,3335,2025-10-29 08:00:00
2049,1942,837,2025-10-29 07:00:00
2050,2586,3731,2025-11-21 01:00:00
2051,1847,428,2027-01-03 16:00:00
2052,1847,574,2027-01-01 05:00:00
2053,1847,1727,2027-01-03 03:00:00
2054,1847,5059,2027-01-06 11:00:00
2055,3052,609,2026-12-04 10:00:00
2056,3052,2050,2026-12-05 14:00:00
2057,3052,2763,2026-12-07 18:00:00
2058,3052,396,2026-12-07 14:00:00
2059,1246,3276,2026-02-14 13:00:00
2060,1246,1460,2026-02-12 05:00:00
2061,1246,3170,2026-02-15 06:00:00
2062,1752,2062,2026-08-11 02:00:00
2063,1752,763,2026-08-13 18:00:00
2064,1752,4196,2026-08-15 05:00:00
2065,3015,961,2026-08-13 10:00:00
2066,1768,1052,2026-11-24 17:00:00
2067,1768,2303,2026-11-27 12:00:00
2068,1768,3722,2026-11-27 16:00:00
2069,2141,1892,2026-09-14 20:00:00
2070,2141,958,2026-09-15 07:00:00
2071,2141,4228,2026-09-16 08:00:00
2072,2028,3126,2026-07-06 06:00:00
2073,2028,5152,2026-07-08 03:00:00
2074,2028,557,2026-07-06 18:00:00
2075,1284,1141,2026-08-15 04:00:00
2076,1284,795,2026-08-18 03:00:00
2077,1284,2138,2026-08-17 06:00:00
2078,83,2709,2025-06-23 13:00:00
2079,83,2729,2025-06-23 12:00:00
2080,83,1509,2025-06-28 19:00:00
2081,2716,722,2026-12-01 20:00:00
2082,2716,4706,2026-11-29 14:00:00
2083,2716,1630,2026-12-01 06:00:00
2084,2716,1489,2026-12-03 06:00:00
2085,2843,2618,2026-06-27 14:00:00
2086,1099,4215,2026-12-29 08:00:00
2087,1099,2027,2026-12-29 11:00:00
2088,1099,718,2026-12-28 20:00:00
2089,1099,353,2026-12-27 21:48:55
2090,2860,2999,2026-12-07 04:00:00
2091,2860,1156,2026-12-02 04:00:00
2092,2860,2068,2026-12-04 11:00:00
2093,2860,4501,2026-12-08 12:00:00
2094,2119,1719,2026-05-21 03:00:00
2095,2119,2790,2026-05-21 07:00:00
2096,2351,3775,2026-10-06 16:00:00
2097,2332,3291,2026-12-11 08:00:00
2098,2332,1569,2026-12-09 08:00:00
2099,2332,206,2026-12-08 06:00:00
2100,2332,71,2026-12-11 18:00:00
2101,2357,3955,2026-12-17 10:00:00
2102,2357,2339,2026-12-16 18:00:00
2103,2357,1245,2026-12-20 10:00:00
2104,2300,2291,2026-11-18 08:00:00
2105,2300,1671,2026-11-20 09:00:00
2106,2300,36,2026-11-20 04:00:00
2107,2300,621,2026-11-16 05:00:00
2108,542,1758,2026-11-17 02:00:00
2109,542,2330,2026-11-16 14:00:00
2110,542,1578,2026-11-11 17:00:00
2111,2186,1659,2025-08-11 17:00:00
2112,2186,4582,2025-08-11 01:00:00
2113,15,4453,2026-08-10 08:00:00
2114,15,4429,2026-08-14 06:00:00
2115,15,4202,2026-08-15 17:00:00
2116,15,212,2026-08-09 08:00:00
2117,1669,4588,2026-12-27 16:00:00
2118,1669,5096,2026-12-27 08:00:00
2119,1669,572,2026-12-27 07:00:00
2120,335,3622,2026-10-02 02:00:00
2121,335,4463,2026-10-02 04:00:00
2122,335,397,2026-09-28 08:00:00
2123,335,553,2026-10-03 02:00:00
2124,1864,4000,2026-12-29 19:00:00
2125,2487,3963,2026-12-24 04:00:00
2126,2487,560,2026-12-27 06:00:00
2127,2487,3096,2026-12-26 20:00:00
2128,1579,2549,2025-10-18 16:00:00
2129,156,4034,2026-10-13 16:00:00
2130,156,1518,2026-10-14 19:00:00
2131,156,2184,2026-10-17 14:00:00
2132,1120,4462,2026-01-26 14:00:00
2133,3010,3257,2026-12-29 20:00:00
2134,3010,4696,2026-12-29 09:00:00
2135,3010,4735,2026-12-30 19:00:00
2136,2830,2635,2027-01-02 20:00:00
2137,2830,282,2027-01-02 01:00:00
2138,1865,4086,2027-01-03 06:00:00
2139,2402,523,2026-01-07 16:00:00
2140,2239,4769,2026-07-15 11:00:00
2141,2239,31,2026-07-18 07:00:00
2142,2239,775,2026-07-16 02:00:00
2143,995,1845,2026-12-05 17:00:00
2144,995,2881,2026-12-07 07:00:00
2145,995,5237,2026-12-02 17:00:00
2146,995,319,2026-12-02 16:00:00
2147,2507,762,2025-10-21 05:00:00
2148,1945,184,2026-03-07 07:00:00
2149,1945,4235,2026-03-08 20:00:00
2150,1608,4877,2026-10-05 19:00:00
2151,1608,5232,2026-10-05 16:00:00
2152,1608,5122,2026-10-08 06:00:00
2153,1608,274,2026-10-05 08:00:00
2154,762,564,2026-08-28 11:00:00
2155,762,4949,2026-08-31 10:00:00
2156,762,25,2026-08-28 13:00:00
2157,762,2685,2026-08-28 19:00:00
2158,1091,1047,2026-07-06 09:00:00
2159,1091,281,2026-07-07 14:00:00
2160,265,4955,2027-01-02 19:00:00
2161,265,4810,2027-01-01 06:00:00
2162,265,944,2026-12-30 18:00:00
2163,265,1120,2026-12-30 03:00:00
2164,3096,4163,2026-09-19 07:00:00
2165,3096,1616,2026-09-23 05:00:00
2166,754,1087,2026-05-02 15:00:00
2167,754,177,2026-04-26 07:00:00
2168,754,2172,2026-04-29 01:00:00
2169,2936,1272,2026-11-10 02:00:00
2170,2103,726,2025-07-28 05:00:00
2171,2103,1569,2025-07-28 17:00:00
2172,2103,289,2025-07-28 20:00:00
2173,2246,3394,2026-11-16 06:00:00
2174,2246,3742,2026-11-21 14:00:00
2175,2246,780,2026-11-20 09:00:00
2176,2246,2516,2026-11-22 04:00:00
2177,2923,1348,2026-04-19 19:00:00
2178,2923,4090,2026-04-21 08:00:00
2179,139,2405,2026-04-24 02:00:00
2180,2370,5145,2026-01-20 17:00:00
2181,2370,4830,2026-01-22 06:00:00
2182,2370,5403,2026-01-23 18:00:00
2183,2370,1353,2026-01-20 04:00:00
2184,2608,2497,2026-08-18 05:00:00
2185,2608,4641,2026-08-20 04:00:00
2186,2920,344,2026-10-23 15:00:00
2187,865,553,2026-11-05 20:00:00
2188,3198,4140,2025-11-25 17:00:00
2189,3198,2779,2025-11-24 03:00:00
2190,3198,2566,2025-11-22 15:00:00
2191,279,3503,2026-11-14 18:00:00
2192,279,336,2026-11-12 11:00:00
2193,802,443,2026-07-09 07:00:00
2194,802,2649,2026-07-07 14:00:00
2195,802,1983,2026-07-09 06:00:00
2196,802,1962,2026-07-11 05:00:00
2197,3055,2506,2025-09-22 12:00:00
2198,3055,346,2025-09-22 10:00:00
2199,3055,967,2025-09-17 12:00:00
2200,2933,78,2026-08-27 10:00:00
2201,1304,5057,2026-08-25 04:00:00
2202,792,4771,2026-09-17 20:00:00
2203,792,4995,2026-09-17 04:00:00
2204,1969,4784,2025-09-29 10:00:00
2205,1969,4259,2025-09-26 20:00:00
2206,2603,1975,2026-07-30 09:00:00
2207,2383,3628,2026-08-31 17:00:00
2208,2383,1161,2026-08-29 18:00:00
2209,2383,3375,2026-08-30 04:00:00
2210,2383,3684,2026-08-27 19:00:00
2211,896,5495,2026-10-13 20:00:00
2212,896,5371,2026-10-11 07:00:00
2213,896,1871,2026-10-13 09:00:00
2214,896,817,2026-10-14 02:00:00
2215,2626,3236,2027-01-04 08:00:00
2216,2626,2624,2027-01-04 10:00:00
2217,2626,3825,2027-01-04 05:00:00
2218,2626,2144,2027-01-04 11:00:00
2219,2285,1006,2026-08-14 08:00:00
2220,1475,1976,2026-02-25 19:00:00
2221,1475,927,2026-02-23 18:00:00
2222,1475,186,2026-02-26 19:00:00
2223,2648,3174,2026-12-06 08:00:00
2224,2648,258,2026-12-05 06:00:00
2225,2648,3826,2026-12-04 18:00:00
2226,2648,863,2026-12-02 13:00:00
2227,1531,405,2027-01-03 17:00:00
2228,1531,4825,2027-01-02 11:00:00
2229,1531,3132,2027-01-03 04:00:00
2230,2612,1115,2026-10-16 13:00:00
2231,931,3987,2026-04-17 17:00:00
2232,12,1406,2026-07-08 02:00:00
2233,1718,899,2025-08-08 20:00:00
2234,1718,2929,2025-08-03 12:00:00
2235,1718,1818,2025-08-04 10:00:00
2236,1718,2472,2025-08-03 08:00:00
2237,2061,3637,2026-08-03 07:00:00
2238,2061,2864,2026-08-06 11:00:00
2239,941,1598,2026-12-25 05:00:00
2240,941,826,2026-12-29 13:00:00
2241,674,4943,2026-07-23 13:00:00
2242,417,575,2026-10-28 06:00:00
2243,1664,2359,2026-01-22 13:00:00
2244,1664,2373,2026-01-18 05:00:00
2245,721,1434,2026-12-21 01:00:00
2246,2154,474,2026-11-10 10:00:00
2247,2154,1213,2026-11-04 17:00:00
2248,2774,3892,2026-12-27 16:00:00
2249,2774,3448,2026-12-28 08:00:00
2250,2774,4655,2026-12-27 12:00:00
2251,1240,1247,2026-05-27 06:00:00
2252,1240,916,2026-05-25 08:00:00
2253,1240,4218,2026-05-27 01:00:00
2254,1051,5090,2025-06-28 15:00:00
2255,1051,3438,2025-07-01 20:00:00
2256,1051,2660,2025-06-30 13:00:00
2257,1051,336,2025-06-30 01:00:00
2258,2233,1047,2025-09-14 14:00:00
2259,2233,4772,2025-09-17 08:00:00
2260,2233,1783,2025-09-12 20:00:00
2261,416,1725,2026-10-14 06:00:00
2262,416,3606,2026-10-16 06:00:00
2263,2705,4624,2026-04-05 17:00:00
2264,2705,5015,2026-04-04 14:00:00
2265,1041,4335,2026-12-20 04:00:00
2266,1228,4040,2026-04-28 20:00:00
2267,1228,5232,2026-05-04 15:00:00
2268,1228,513,2026-04-29 17:00:00
2269,1228,1655,2026-04-28 13:00:00
2270,33,2576,2026-10-12 12:00:00
2271,33,1011,2026-10-16 09:00:00
2272,33,41,2026-10-12 02:00:00
2273,33,41,2026-10-10 01:00:00
2274,1855,3696,2026-02-03 20:00:00
2275,1855,1540,2026-02-06 09:00:00
2276,1855,5135,2026-02-02 20:00:00
2277,1665,3399,2026-08-15 20:00:00
2278,1665,71,2026-08-12 20:00:00
2279,1665,4148,2026-08-14 14:00:00
2280,2600,2366,2026-04-11 10:00:00
2281,2600,27,2026-04-09 05:00:00
2282,1414,1991,2026-12-17 09:00:00
2283,1414,2660,2026-12-19 09:00:00
2284,1414,1240,2026-12-16 10:00:00
2285,761,86,2026-12-14 07:00:00
2286,761,4117,2026-12-19 13:00:00
2287,761,3055,2026-12-13 14:00:00
2288,2780,1912,2025-08-12 14:00:00
2289,2780,237,2025-08-16 12:00:00
2290,2780,1134,2025-08-16 03:00:00
2291,554,3059,2026-12-01 11:00:00
2292,962,1537,2026-09-15 16:00:00
2293,962,1314,2026-09-10 05:00:00
2294,962,2622,2026-09-14 20:00:00
2295,962,3414,2026-09-12 16:00:00
2296,402,5493,2026-01-25 18:00:00
2297,2453,324,2025-07-13 06:00:00
2298,2133,834,2025-04-17 13:00:00
2299,2133,147,2025-04-12 16:00:00
2300,2133,2799,2025-04-12 04:00:00
2301,1840,5206,2025-06-25 05:00:00
2302,1840,3542,2025-06-23 14:00:00
2303,1840,283,2025-06-23 20:00:00
2304,1840,594,2025-06-21 08:00:00
2305,2327,561,2026-08-29 16:00:00
2306,2024,561,2026-02-26 02:00:00
2307,2024,2371,2026-03-01 16:00:00
2308,1446,4756,2026-12-24 08:00:00
2309,1446,71,2026-12-22 08:00:00
2310,1446,4831,2026-12-23 19:00:00
2311,1446,614,2026-12-27 14:00:00
2312,2146,5313,2025-10-12 14:00:00
2313,2146,4968,2025-10-06 10:00:00
2314,3125,386,2026-09-26 01:00:00
2315,975,728,2026-06-15 05:00:00
2316,975,1706,2026-06-14 07:00:00
2317,975,2706,2026-06-18 11:00:00
2318,2195,2765,2026-05-09 12:00:00
2319,1687,1043,2026-12-11 03:00:00
2320,1687,5196,2026-12-09 17:00:00
2321,1461,4288,2026-10-09 19:00:00
2322,1461,3150,2026-10-08 19:00:00
2323,1461,810,2026-10-06 05:00:00
2324,502,647,2026-12-31 03:00:00
2325,502,936,2027-01-02 12:00:00
2326,477,1346,2025-12-25 02:00:00
2327,477,3447,2025-12-25 08:00:00
2328,477,2625,2025-12-22 08:00:00
2329,1794,2956,2026-08-11 20:00:00
2330,2520,701,2026-10-03 03:00:00
2331,2520,2876,2026-09-29 14:00:00
2332,2520,2798,2026-09-29 18:00:00
2333,593,1802,2026-12-23 15:00:00
2334,1098,1657,2026-12-28 14:00:00
2335,2150,2164,2027-01-02 11:00:00
2336,1963,951,2026-10-19 20:00:00
2337,1963,1554,2026-10-21 05:00:00
2338,1963,2147,2026-10-22 10:00:00
2339,1963,4711,2026-10-19 17:00:00
2340,981,391,2026-09-28 07:00:00
2341,981,1145,2026-10-01 12:00:00
2342,1135,2793,2027-01-06 07:00:00
2343,1135,646,2027-01-01 16:00:00
2344,1135,3096,2027-01-04 13:00:00
2345,1135,1432,2027-01-05 12:00:00
2346,1029,2319,2026-11-19 18:00:00
2347,1425,702,2026-12-18 17:00:00
2348,1425,915,2026-12-20 17:00:00
2349,875,3053,2025-09-10 13:00:00
2350,478,1243,2026-09-16 12:00:00
2351,478,4389,2026-09-19 06:00:00
2352,478,2380,2026-09-19 17:00:00
2353,1241,863,2026-03-12 11:00:00
2354,1241,97,2026-03-12 15:00:00
2355,1241,1384,2026-03-11 15:00:00
2356,2390,861,2025-07-07 15:00:00
2357,2390,1642,2025-07-02 18:00:00
2358,2390,1351,2025-07-04 19:00:00
2359,1713,2015,2026-08-08 08:00:00
2360,1713,3467,2026-08-13 20:00:00
2361,1713,4082,2026-08-13 08:00:00
2362,1713,2618,2026-08-12 09:00:00
2363,1934,1162,2025-11-24 01:00:00
2364,1934,4335,2025-11-22 18:00:00
2365,1934,1178,2025-11-18 06:00:00
2366,949,3027,2026-12-26 14:00:00
2367,949,3070,2026-12-28 02:00:00
2368,949,1274,2026-12-26 15:00:00
2369,949,3294,2026-12-28 12:00:00
2370,2818,691,2026-07-27 14:00:00
2371,2818,5243,2026-08-02 15:00:00
2372,2818,77,2026-08-02 12:00:00
2373,983,2845,2026-01-27 13:00:00
2374,983,1765,2026-01-27 03:00:00
2375,983,1926,2026-01-28 05:00:00
2376,711,3407,2026-11-20 08:00:00
2377,711,4258,2026-11-22 13:00:00
2378,3153,3931,2026-10-13 08:00:00
2379,3153,4157,2026-10-17 05:00:00
2380,3153,5279,2026-10-12 06:00:00
2381,3153,2111,2026-10-16 10:00:00
2382,555,2049,2027-01-04 16:00:00
2383,737,5081,2026-04-05 07:00:00
2384,737,801,2026-04-03 08:00:00
2385,737,3359,2026-04-04 18:00:00
2386,1814,1451,2026-11-27 12:00:00
2387,1814,2094,2026-11-27 08:00:00
2388,1814,1516,2026-12-01 05:00:00
2389,1101,568,2026-11-25 01:00:00
2390,1001,456,2026-01-03 02:38:20
2391,1001,3017,2025-12-31 11:00:00
2392,1001,2474,2026-01-04 12:00:00
2393,2949,4310,2026-12-21 04:00:00
2394,2949,929,2026-12-18 03:00:00
2395,2949,2545,2026-12-17 16:00:00
2396,2949,4564,2026-12-18 01:00:00
2397,2209,411,2025-12-23 15:00:00
2398,1643,568,2026-08-22 17:00:00
2399,1643,949,2026-08-22 20:00:00
2400,1643,456,2026-08-18 08:00:00
2401,1635,1229,2026-11-07 03:00:00
2402,1635,1121,2026-11-04 17:00:00
2403,125,612,2027-01-04 09:00:00
2404,125,3640,2027-01-02 13:00:00
2405,125,184,2027-01-02 11:00:00
2406,2926,609,2026-09-08 15:00:00
2407,272,434,2026-08-20 02:00:00
2408,1265,1812,2025-11-19 19:00:00
2409,1265,72,2025-11-19 17:00:00
2410,1265,89,2025-11-19 17:00:00
2411,2524,3387,2026-09-09 04:00:00
2412,2524,493,2026-09-15 01:00:00
2413,1411,5156,2026-04-28 08:00:00
2414,1411,5160,2026-04-29 19:00:00
2415,2485,1011,2026-12-08 05:00:00
2416,2485,1834,2026-12-08 11:00:00
2417,2485,1180,2026-12-09 18:00:00
2418,2485,5413,2026-12-14 16:00:00
2419,2038,1348,2026-11-14 06:00:00
2420,2038,5177,2026-11-18 05:00:00
2421,2038,186,2026-11-20 20:00:00
2422,2038,1432,2026-11-18 01:00:00
2423,1592,918,2026-03-03 19:00:00
2424,1592,343,2026-03-03 12:00:00
2425,2768,2483,2027-01-04 09:00:00
2426,2768,4739,2026-12-30 02:00:00
2427,431,259,2026-01-15 02:00:00
2428,520,3567,2026-07-24 17:00:00
2429,520,111,2026-07-19 12:00:00
2430,520,3703,2026-07-23 19:00:00
2431,830,1300,2027-01-03 14:00:00
2432,830,248,2026-12-31 18:00:00
2433,830,1665,2026-12-29 18:00:00
2434,830,1777,2027-01-01 12:00:00
2435,2441,1995,2026-05-31 17:00:00
2436,2441,4924,2026-05-28 15:00:00
2437,2441,3427,2026-05-31 04:00:00
2438,2441,916,2026-05-30 11:00:00
2439,2416,3227,2026-04-25 16:00:00
2440,2416,2242,2026-04-26 05:00:00
2441,2361,1186,2026-11-18 12:00:00
2442,1244,523,2026-09-06 11:00:00
2443,1244,2055,2026-09-01 10:00:00
2444,179,1349,2026-12-26 03:00:00
2445,179,5016,2026-12-26 18:00:00
2446,179,4798,2026-12-31 19:00:00
2447,2493,968,2026-07-09 14:00:00
2448,2493,5250,2026-07-07 05:00:00
2449,1526,919,2026-10-25 18:00:00
2450,1526,2516,2026-10-20 03:00:00
2451,1526,2094,2026-10-24 14:00:00
2452,2942,428,2026-12-29 19:00:00
2453,2942,2043,2026-12-28 07:00:00
2454,2942,1479,2026-12-31 01:00:00
2455,2509,3379,2026-10-21 03:00:00
2456,2509,4795,2026-10-17 08:00:00
2457,2509,2209,2026-10-21 02:00:00
2458,2509,800,2026-10-22 04:00:00
2459,2901,1457,2026-11-24 19:00:00
2460,874,1420,2026-11-11 05:00:00
2461,1481,615,2026-08-11 18:00:00
2462,924,761,2026-10-31 02:00:00
2463,924,5438,2026-10-29 18:00:00
2464,924,4988,2026-10-29 13:00:00
2465,2795,2316,2026-12-26 20:00:00
2466,2795,968,2026-12-26 13:00:00
2467,1498,4342,2026-09-11 09:00:00
2468,1498,1716,2026-09-11 14:00:00
2469,1498,4350,2026-09-12 17:00:00
2470,273,681,2026-09-28 01:00:00
2471,273,1665,2026-09-28 06:00:00
2472,273,167,2026-09-24 17:00:00
2473,1363,1084,2026-09-25 13:00:00
2474,1363,5444,2026-09-30 20:00:00
2475,1363,1728,2026-09-27 08:00:00
2476,1363,2742,2026-09-30 11:00:00
2477,59,4065,2026-06-14 01:00:00
2478,90,804,2026-11-11 17:00:00
2479,90,3940,2026-11-12 05:00:00
2480,130,4807,2026-10-22 10:00:00
2481,130,3070,2026-10-25 15:00:00
2482,130,1931,2026-10-22 06:00:00
2483,130,2682,2026-10-25 09:00:00
2484,1198,2667,2026-09-09 14:00:00
2485,1198,856,2026-09-08 16:00:00
2486,1198,439,2026-09-10 14:00:00
2487,1700,225,2025-09-14 11:00:00
2488,1700,3212,2025-09-14 03:00:00
2489,3066,2611,2026-06-30 04:00:00
2490,3066,99,2026-07-02 05:00:00
2491,763,147,2026-09-28 19:00:00
2492,763,713,2026-09-24 15:00:00
2493,763,3678,2026-09-24 19:00:00
2494,763,5123,2026-09-24 12:00:00
2495,476,1742,2026-06-13 10:00:00
2496,476,2041,2026-06-09 11:00:00
2497,1991,2041,2025-09-17 09:00:00
2498,1991,2282,2025-09-16 03:00:00
2499,1991,1120,2025-09-16 13:00:00
2500,2454,436,2025-09-01 03:00:00
2501,2454,407,2025-09-03 04:00:00
2502,1541,1701,2026-06-19 04:00:00
2503,1541,850,2026-06-21 17:00:00
2504,3176,443,2026-06-25 11:00:00
2505,3176,3359,2026-06-28 17:00:00
2506,2677,3364,2026-12-26 10:00:00
2507,2677,1424,2026-12-30 18:00:00
2508,1197,5492,2026-08-29 04:00:00
2509,1796,5494,2025-11-01 11:00:00
2510,1796,1043,2025-11-03 07:00:00
2511,1309,4272,2026-12-15 15:00:00
2512,1309,1880,2026-12-14 11:00:00
2513,1309,407,2026-12-13 04:00:00
2514,1309,41,2026-12-16 11:00:00
2515,712,1719,2026-12-02 18:00:00
2516,712,268,2026-12-01 19:00:00
2517,712,4082,2026-12-04 14:00:00
2518,2533,881,2025-08-27 10:00:00
2519,2533,2068,2025-08-29 11:00:00
2520,922,4762,2026-08-11 10:00:00
2521,922,919,2026-08-11 03:00:00
2522,922,4651,2026-08-15 15:00:00
2523,922,3006,2026-08-12 13:00:00
2524,3019,2976,2026-10-11 02:00:00
2525,3019,194,2026-10-10 19:00:00
2526,3019,4038,2026-10-08 16:00:00
2527,3019,2976,2026-10-08 03:00:00
2528,2048,4963,2026-09-03 06:00:00
2529,2447,3622,2026-12-20 14:00:00
2530,2447,2967,2026-12-20 14:00:00
2531,369,391,2026-07-27 15:00:00
2532,338,5324,2026-12-20 02:00:00
2533,338,38,2026-12-20 10:00:00
2534,338,1163,2026-12-17 02:00:00
2535,338,4783,2026-12-18 09:00:00
2536,1830,1327,2026-11-08 09:00:00
2537,1830,5442,2026-11-05 15:00:00
2538,1830,5316,2026-11-04 18:00:00
2539,1830,3402,2026-11-05 18:00:00
2540,88,853,2026-05-06 14:00:00
2541,88,2629,2026-05-04 20:00:00
2542,88,984,2026-05-05 10:00:00
2543,88,3157,2026-05-08 08:00:00
2544,748,5249,2026-08-02 05:00:00
2545,748,1175,2026-08-03 04:00:00
2546,748,295,2026-08-02 01:00:00
2547,748,4510,2026-08-03 16:00:00
2548,2375,3397,2026-04-23 03:00:00
2549,2375,3249,2026-04-28 13:00:00
2550,1300,3069,2026-11-14 08:00:00
2551,656,1151,2026-03-03 01:00:00
2552,2756,2170,2027-01-02 04:00:00
2553,2756,5093,2027-01-02 05:00:00
2554,726,1585,2026-03-01 13:00:00
2555,469,3582,2026-12-28 04:00:00
2556,2544,414,2026-01-10 10:00:00
2557,2544,1473,2026-01-15 04:00:00
2558,2821,1868,2026-02-15 09:00:00
2559,2821,2808,2026-02-10 15:00:00
2560,2628,4977,2026-11-20 13:00:00
2561,2628,3481,2026-11-17 17:00:00
2562,1523,87,2026-03-25 08:00:00
2563,1523,3835,2026-03-22 20:00:00
2564,1523,2780,2026-03-21 20:00:00
2565,1523,621,2026-03-20 12:00:00
2566,989,4454,2026-10-15 06:00:00
2567,989,3105,2026-10-16 03:00:00
2568,989,1178,2026-10-12 01:00:00
2569,989,3451,2026-10-15 04:00:00
2570,1094,3448,2025-09-21 12:00:00
2571,1094,582,2025-09-20 05:00:00
2572,1094,4730,2025-09-17 07:00:00
2573,3161,2351,2026-11-30 16:00:00
2574,3161,3015,2026-11-29 05:00:00
2575,3161,1153,2026-11-29 04:00:00
2576,3161,4158,2026-12-01 01:00:00
2577,120,2239,2026-11-20 15:00:00
2578,2408,2896,2026-11-21 15:00:00
2579,2177,4457,2026-09-24 04:00:00
2580,2065,1385,2026-12-28 15:00:00
2581,2413,338,2026-12-16 17:00:00
2582,2413,4035,2026-12-17 09:00:00
2583,2413,5085,2026-12-18 05:00:00
2584,2413,5494,2026-12-14 20:00:00
2585,803,456,2026-09-09 03:00:00
2586,803,4243,2026-09-08 08:00:00
2587,803,1173,2026-09-11 10:00:00
2588,803,3914,2026-09-07 16:00:00
2589,2740,289,2026-12-16 07:00:00
2590,2740,1915,2026-12-14 17:00:00
2591,2425,773,2026-12-04 20:00:00
2592,2425,1173,2026-11-29 14:00:00
2593,2425,3675,2026-12-02 12:00:00
2594,2425,2442,2026-12-01 13:00:00
2595,96,194,2026-07-18 07:00:00
2596,96,147,2026-07-18 05:00:00
2597,96,4910,2026-07-23 14:00:00
2598,548,2284,2026-07-12 01:00:00
2599,548,1914,2026-07-09 13:00:00
2600,2318,5186,2025-07-03 13:00:00
2601,2318,1487,2025-07-05 08:00:00
2602,2318,5443,2025-07-07 06:00:00
2603,1114,4412,2026-10-30 10:00:00
2604,1114,5407,2026-10-24 08:00:00
2605,2137,2506,2026-11-29 11:00:00
2606,2137,3900,2026-12-02 13:00:00
2607,2137,2725,2026-11-26 05:00:00
2608,3114,1034,2026-04-28 01:00:00
2609,3114,4871,2026-04-25 15:00:00
2610,3114,3470,2026-04-29 04:00:00
2611,3114,5281,2026-04-29 01:00:00
2612,2197,3784,2026-11-03 01:00:00
2613,2197,1233,2026-11-09 17:00:00
2614,2197,714,2026-11-05 16:00:00
2615,1882,1575,2026-04-04 12:00:00
2616,986,5223,2026-11-10 16:00:00
2617,986,1090,2026-11-11 11:00:00
2618,986,3473,2026-11-15 02:00:00
2619,986,2021,2026-11-09 17:00:00
2620,557,860,2026-08-26 04:00:00
2621,557,989,2026-08-24 02:00:00
2622,557,388,2026-08-21 14:00:00
2623,1941,3006,2025-06-16 08:00:00
2624,1941,763,2025-06-11 02:00:00
2625,1941,1671,2025-06-12 16:00:00
2626,1941,321,2025-06-15 10:00:00
2627,1136,3220,2026-12-11 04:00:00
2628,2971,1784,2027-01-02 18:00:00
2629,1686,2793,2026-09-26 10:00:00
2630,1686,376,2026-09-21 05:00:00
2631,518,961,2026-11-13 07:00:00
2632,518,795,2026-11-13 03:00:00
2633,1034,4277,2026-12-30 18:00:00
2634,1034,456,2026-12-28 05:00:00
2635,1034,1548,2026-12-30 19:00:00
2636,571,2280,2026-06-07 19:00:00
2637,571,3810,2026-06-10 17:00:00
2638,571,1979,2026-06-10 07:00:00
2639,1624,1180,2026-08-13 15:00:00
2640,1624,3071,2026-08-13 15:00:00
2641,1776,146,2026-10-02 11:00:00
2642,3189,437,2026-12-18 16:00:00
2643,1482,1802,2026-09-18 06:00:00
2644,346,3126,2026-12-04 03:00:00
2645,346,4930,2026-11-30 10:00:00
2646,346,643,2026-12-06 04:00:00
2647,346,2530,2026-12-04 14:00:00
2648,303,1888,2026-02-15 18:00:00
2649,303,4149,2026-02-19 04:00:00
2650,2421,3919,2025-05-01 20:00:00
2651,1822,1570,2026-12-23 07:00:00
2652,1822,2642,2026-12-24 11:00:00
2653,1822,4335,2026-12-23 11:00:00
2654,1569,3100,2026-10-25 02:00:00
2655,1569,2267,2026-10-26 19:00:00
2656,1569,2897,2026-10-27 22:37:11
2657,894,1236,2026-12-17 13:00:00
2658,1544,1488,2025-08-22 09:00:00
2659,1544,88,2025-08-18 10:00:00
2660,1544,172,2025-08-17 14:00:00
2661,1536,2726,2026-07-14 14:00:00
2662,2405,1067,2026-10-21 13:00:00
2663,2405,2725,2026-10-21 10:00:00
2664,1808,3841,2026-03-06 18:00:00
2665,1808,116,2026-03-09 13:00:00
2666,1808,1982,2026-03-12 10:00:00
2667,642,3068,2026-12-23 02:38:54
2668,348,3056,2025-08-28 02:00:00
2669,348,3707,2025-08-29 01:00:00
2670,348,1049,2025-08-25 09:00:00
2671,348,5452,2025-08-29 19:00:00
2672,1727,3092,2027-01-01 09:00:00
2673,1727,4171,2026-12-29 07:00:00
2674,1727,4196,2027-01-01 08:00:00
2675,2591,1475,2026-04-20 04:00:00
2676,2591,128,2026-04-22 10:00:00
2677,2591,1817,2026-04-22 03:00:00
2678,2763,1478,2026-12-27 13:00:00
2679,2763,1635,2026-12-25 06:00:00
2680,1929,4590,2026-06-08 18:00:00
2681,1929,594,2026-06-06 06:00:00
2682,135,4366,2026-06-22 04:00:00
2683,135,1145,2026-06-21 10:00:00
2684,255,1923,2026-11-25 16:00:00
2685,255,2704,2026-11-29 07:00:00
2686,255,1526,2026-11-30 05:00:00
2687,3091,1669,2026-02-11 03:00:00
2688,3091,2577,2026-02-09 17:00:00
2689,3091,262,2026-02-11 04:00:00
2690,1652,3823,2026-12-20 12:00:00
2691,1652,167,2026-12-16 02:00:00
2692,1652,2153,2026-12-21 14:00:00
2693,236,1768,2025-12-25 18:00:00
2694,236,405,2025-12-22 09:00:00
2695,236,3879,2025-12-24 17:00:00
2696,2238,642,2026-12-29 01:00:00
2697,2238,3290,2026-12-26 19:00:00
2698,2238,2341,2026-12-26 14:00:00
2699,2238,212,2026-12-31 20:00:00
2700,768,2463,2026-11-25 02:00:00
2701,1575,2649,2025-11-05 03:00:00
2702,702,4932,2026-11-03 16:00:00
2703,702,5434,2026-11-02 19:00:00
2704,702,4465,2026-11-05 18:00:00
2705,2884,4404,2025-07-22 09:00:00
2706,2922,1316,2027-01-02 04:00:00
2707,1890,4307,2026-12-24 18:00:00
2708,1890,4913,2026-12-25 06:00:00
2709,824,5081,2026-12-17 14:00:00
2710,824,2364,2026-12-19 15:00:00
2711,528,3579,2026-10-20 19:00:00
2712,528,3111,2026-10-26 11:00:00
2713,2010,2287,2026-08-20 15:00:00
2714,2010,4750,2026-08-20 18:00:00
2715,2010,361,2026-08-24 01:00:00
2716,1141,1457,2026-12-24 05:00:00
2717,1141,5076,2026-12-30 20:00:00
2718,2354,1799,2026-11-18 17:00:00
2719,791,1712,2026-03-04 08:00:00
2720,791,3116,2026-03-06 20:00:00
2721,772,3669,2026-11-29 03:00:00
2722,2136,4096,2026-11-18 16:00:00
2723,2136,4836,2026-11-19 01:00:00
2724,2136,3639,2026-11-19 15:00:00
2725,2136,1549,2026-11-19 07:00:00
2726,630,1250,2026-12-26 14:00:00
2727,630,2838,2026-12-23 05:00:00
2728,630,618,2026-12-25 03:00:00
2729,630,4707,2026-12-22 01:00:00
2730,570,3367,2026-05-04 18:00:00
2731,858,4306,2026-02-20 09:00:00
2732,858,25,2026-02-23 15:00:00
2733,2565,2144,2026-04-23 11:00:00
2734,2565,543,2026-04-24 01:00:00
2735,1551,5350,2026-05-12 17:00:00
2736,1551,5438,2026-05-16 09:00:00
2737,669,4183,2026-12-15 07:00:00
2738,669,5234,2026-12-14 15:00:00
2739,669,155,2026-12-15 08:00:00
2740,669,4464,2026-12-13 02:00:00
2741,458,262,2026-05-09 01:00:00
2742,2887,4381,2026-05-20 14:00:00
2743,2887,793,2026-05-22 07:00:00
2744,2887,1015,2026-05-20 07:00:00
2745,1442,1104,2025-10-25 17:00:00
2746,1442,2490,2025-10-24 02:00:00
2747,1442,4613,2025-10-23 10:00:00
2748,1442,692,2025-10-26 01:00:00
2749,1325,1409,2026-08-21 17:00:00
2750,1325,2598,2026-08-27 07:00:00
2751,1325,4772,2026-08-23 11:00:00
2752,318,3729,2027-01-03 13:00:00
2753,318,4415,2027-01-04 01:00:00
2754,318,5017,2027-01-03 07:00:00
2755,318,3627,2026-12-30 06:00:00
2756,3177,2027,2025-10-09 04:00:00
2757,3177,86,2025-10-06 13:00:00
2758,1036,4059,2026-12-29 13:00:00
2759,1036,5198,2026-12-31 18:00:00
2760,1049,3762,2025-02-16 08:00:00
2761,1049,618,2025-02-13 15:00:00
2762,906,1250,2026-12-01 18:00:00
2763,906,913,2026-12-01 04:00:00
2764,707,36,2026-01-12 10:00:00
2765,3166,3886,2026-07-27 12:00:00
2766,1683,2161,2025-12-31 03:00:00
2767,1683,4521,2026-01-02 03:00:00
2768,1683,3904,2026-01-02 09:00:00
2769,142,180,2026-01-27 07:00:00
2770,675,4965,2026-12-07 09:00:00
2771,675,2753,2026-12-10 10:00:00
2772,675,1249,2026-12-06 14:00:00
2773,984,1049,2026-02-11 07:00:00
2774,984,1348,2026-02-09 15:00:00
2775,984,544,2026-02-10 18:00:00
2776,2362,2368,2026-12-11 03:00:00
2777,2641,2244,2026-06-28 13:00:00
2778,760,3061,2026-09-07 15:00:00
2779,760,2569,2026-09-08 04:00:00
2780,1327,1269,2026-11-02 03:00:00
2781,1327,4169,2026-11-02 17:00:00
2782,1762,1689,2026-08-19 09:00:00
2783,1202,1297,2026-12-09 04:00:00
2784,832,1406,2026-11-14 14:00:00
2785,832,4396,2026-11-13 12:00:00
2786,832,3313,2026-11-15 06:00:00
2787,1854,2584,2025-09-21 09:00:00
2788,1854,4786,2025-09-19 10:00:00
2789,1854,947,2025-09-17 10:00:00
2790,1854,3378,2025-09-20 03:00:00
2791,319,1607,2026-11-26 08:00:00
2792,319,417,2026-11-28 15:00:00
2793,319,494,2026-11-26 08:00:00
2794,319,5409,2026-11-25 09:00:00
2795,1804,4484,2026-12-24 13:00:00
2796,1804,1236,2026-12-25 18:00:00
2797,1804,25,2026-12-27 08:00:00
2798,1606,4574,2026-11-20 17:00:00
2799,2384,1678,2026-11-20 14:00:00
2800,1480,2062,2026-07-02 03:00:00
2801,1480,1135,2026-07-05 14:00:00
2802,1480,3888,2026-06-30 07:00:00
2803,447,1857,2027-01-05 19:00:00
2804,447,256,2027-01-04 20:00:00
2805,447,2535,2027-01-03 18:00:00
2806,2706,4691,2026-07-10 04:00:00
2807,2706,1315,2026-07-12 14:00:00
2808,2704,396,2025-10-21 18:00:00
2809,2704,1104,2025-10-19 09:00:00
2810,2704,654,2025-10-24 12:00:00
2811,2947,3780,2026-10-16 09:00:00
2812,2947,4602,2026-10-22 16:00:00
2813,2947,2811,2026-10-17 12:00:00
2814,2947,5052,2026-10-19 12:00:00
2815,1384,1725,2027-01-02 04:00:00
2816,1384,3077,2027-01-01 20:00:00
2817,718,3526,2026-12-01 14:00:00
2818,718,1481,2026-11-29 10:00:00
2819,2870,2599,2026-03-23 15:00:00
2820,2870,4558,2026-03-24 14:00:00
2821,2870,858,2026-03-27 05:00:00
2822,2870,2971,2026-03-24 06:00:00
2823,1748,1136,2026-11-15 04:00:00
2824,2958,16,2026-11-14 09:00:00
2825,225,681,2026-01-24 18:00:00
2826,225,923,2026-01-23 14:00:00
2827,225,3966,2026-01-27 01:00:00
2828,2027,5093,2026-09-07 20:00:00
2829,2027,4157,2026-09-11 14:00:00
2830,1507,5202,2026-06-27 10:00:00
2831,216,3085,2026-11-21 03:00:00
2832,2115,1016,2026-12-06 16:00:00
2833,2115,4932,2026-12-12 06:00:00
2834,511,763,2026-01-19 13:00:00
2835,511,172,2026-01-21 19:00:00
2836,977,440,2026-10-08 05:00:00
2837,977,2449,2026-10-07 18:00:00
2838,977,1562,2026-10-08 04:00:00
2839,358,726,2026-11-12 19:00:00
2840,358,5302,2026-11-12 17:00:00
2841,358,1006,2026-11-09 10:00:00
2842,358,2973,2026-11-13 15:00:00
2843,2722,889,2026-03-30 01:00:00
2844,1896,250,2026-11-06 05:00:00
2845,2827,2137,2026-12-09 11:00:00
2846,2827,423,2026-12-10 17:00:00
2847,2827,42,2026-12-15 03:00:00
2848,2856,3906,2025-10-10 19:00:00
2849,2856,1389,2025-10-09 15:00:00
2850,2856,3356,2025-10-04 01:00:00
2851,2856,1557,2025-10-09 14:00:00
2852,1353,101,2026-07-26 02:00:00
2853,1353,31,2026-07-24 16:00:00
2854,1353,5186,2026-07-24 18:00:00
2855,1353,3309,2026-07-25 05:00:00
2856,2845,3914,2026-12-04 06:00:00
2857,2333,3185,2025-10-13 19:00:00
2858,2333,1297,2025-10-12 04:00:00
2859,3179,1553,2025-12-02 09:00:00
2860,3179,4695,2025-12-01 07:00:00
2861,1182,5055,2026-08-03 18:00:00
2862,807,2089,2027-01-03 04:00:00
2863,807,1931,2027-01-05 19:00:00
2864,1311,4855,2026-12-26 18:00:00
2865,1311,1912,2026-12-28 12:00:00
2866,1311,1587,2026-12-27 05:00:00
2867,2744,1459,2026-08-01 03:00:00
2868,2744,5227,2026-08-01 10:00:00
2869,1679,1575,2026-10-31 08:00:00
2870,1679,1236,2026-11-02 17:00:00
2871,1679,1793,2026-11-02 02:00:00
2872,1679,1758,2026-11-06 16:00:00
2873,1765,4753,2026-08-02 14:00:00
2874,1765,466,2026-08-06 14:00:00
2875,131,4874,2026-11-17 02:00:00
2876,131,4190,2026-11-16 06:00:00
2877,131,5350,2026-11-15 09:00:00
2878,131,1038,2026-11-12 03:00:00
2879,945,4394,2026-05-07 06:00:00
2880,945,859,2026-05-08 06:00:00
2881,2622,4732,2026-11-17 06:00:00
2882,2622,3251,2026-11-16 11:00:00
2883,2622,1769,2026-11-18 11:00:00
2884,2622,3041,2026-11-15 02:00:00
2885,391,1183,2026-05-13 03:00:00
2886,391,5080,2026-05-13 10:00:00
2887,1214,1353,2026-08-28 11:00:00
2888,1214,101,2026-08-29 03:00:00
2889,1214,4993,2026-08-30 16:00:00
2890,1214,5144,2026-09-03 11:00:00
2891,326,1555,2025-09-20 05:00:00
2892,326,2955,2025-09-19 03:00:00
2893,326,456,2025-09-21 13:00:00
2894,326,2599,2025-09-17 19:00:00
2895,1771,2659,2026-11-17 06:00:00
2896,1771,5290,2026-11-16 17:00:00
2897,1771,3033,2026-11-21 04:00:00
2898,1771,2148,2026-11-21 03:00:00
2899,1489,1403,2026-08-05 13:00:00
2900,1489,2667,2026-08-02 10:00:00
2901,1712,4368,2025-09-08 04:00:00
2902,1712,850,2025-09-08 16:00:00
2903,1712,1297,2025-09-06 12:00:00
2904,1712,1069,2025-09-02 06:00:00
2905,673,999,2026-06-28 19:00:00
2906,673,4442,2026-06-29 08:00:00
2907,673,289,2026-06-28 11:00:00
2908,673,726,2026-07-01 18:00:00
2909,3074,4355,2025-05-09 06:00:00
2910,3074,2212,2025-05-03 07:00:00
2911,2521,714,2026-11-05 15:00:00
2912,2521,3698,2026-11-04 07:00:00
2913,2521,588,2026-11-08 14:00:00
2914,1226,2463,2026-03-26 14:00:00
2915,2707,881,2026-12-05 20:00:00
2916,1258,4371,2026-02-14 03:00:00
2917,937,2867,2026-08-26 06:00:00
2918,1400,1441,2025-11-07 12:00:00
2919,311,728,2026-09-20 19:00:00
2920,311,34,2026-09-20 19:00:00
2921,311,4478,2026-09-23 03:00:00
2922,892,2762,2026-11-05 04:00:00
2923,892,553,2026-11-08 05:00:00
2924,475,2988,2025-10-30 09:00:00
2925,475,1322,2025-11-03 10:00:00
2926,562,1924,2026-12-19 04:00:00
2927,562,4955,2026-12-20 17:00:00
2928,562,4607,2026-12-14 01:00:00
2929,562,5359,2026-12-18 07:00:00
2930,671,4674,2026-12-29 10:00:00
2931,671,4186,2026-12-27 19:00:00
2932,671,5216,2026-12-26 13:00:00
2933,1547,4527,2026-12-29 06:00:00
2934,1547,278,2026-12-25 06:00:00
2935,2040,1554,2025-12-09 12:00:00
2936,2040,1139,2025-12-11 15:00:00
2937,2040,1705,2025-12-15 03:00:00
2938,1419,611,2027-01-01 10:00:00
2939,1419,3773,2027-01-05 10:00:00
2940,1419,620,2026-12-31 14:00:00
2941,1419,4983,2027-01-03 01:00:00
2942,2445,1772,2026-06-15 20:00:00
2943,2445,1192,2026-06-20 06:00:00
2944,2445,2862,2026-06-15 10:00:00
2945,2445,4064,2026-06-17 01:00:00
2946,1615,1406,2026-04-08 12:00:00
2947,1615,430,2026-04-12 20:00:00
2948,1615,485,2026-04-10 10:00:00
2949,2215,1038,2026-11-18 10:00:00
2950,2215,4347,2026-11-12 11:00:00
2951,2215,4461,2026-11-18 11:00:00
2952,2215,2144,2026-11-12 20:00:00
2953,2767,3177,2026-11-11 01:00:00
2954,2767,4897,2026-11-11 04:00:00
2955,653,5479,2026-06-17 15:00:00
2956,653,868,2026-06-20 16:00:00
2957,653,861,2026-06-17 01:00:00
2958,2073,2061,2026-12-28 04:00:00
2959,1351,2146,2026-03-02 11:00:00
2960,1351,1682,2026-03-05 10:00:00
2961,1351,3930,2026-02-27 06:00:00
2962,1351,1003,2026-03-04 08:00:00
2963,2531,4348,2026-12-10 04:00:00
2964,2531,2600,2026-12-11 12:00:00
2965,2531,1074,2026-12-07 01:00:00
2966,1018,4485,2026-10-14 08:00:00
2967,1018,3069,2026-10-12 16:00:00
2968,1542,2276,2026-10-13 10:00:00
2969,1542,1385,2026-10-10 05:00:00
2970,1558,4569,2026-03-08 17:00:00
2971,1558,1974,2026-03-13 13:00:00
2972,1558,1168,2026-03-10 19:00:00
2973,1558,3618,2026-03-13 03:00:00
2974,1605,692,2026-09-17 01:00:00
2975,1605,872,2026-09-18 04:00:00
2976,1605,4488,2026-09-15 03:00:00
2977,1605,5290,2026-09-15 06:00:00
2978,2935,1809,2026-10-25 19:00:00
2979,2935,5058,2026-10-24 14:00:00
2980,2935,4687,2026-10-20 16:00:00
2981,380,4878,2026-11-21 09:00:00
2982,91,2180,2026-06-03 06:00:00
2983,2496,551,2025-10-09 09:00:00
2984,2496,2623,2025-10-10 04:00:00
2985,2496,632,2025-10-09 16:00:00
2986,1842,2590,2025-08-31 19:00:00
2987,1842,1025,2025-09-01 03:00:00
2988,1842,3528,2025-08-31 18:00:00
2989,1842,437,2025-08-28 17:00:00
2990,2574,71,2026-11-09 12:00:00
2991,2574,4511,2026-11-08 10:00:00
2992,2574,800,2026-11-13 19:00:00
2993,2822,840,2026-04-05 01:00:00
2994,2822,3082,2026-04-04 11:00:00
2995,2822,3664,2026-04-07 14:00:00
2996,2822,2052,2026-04-05 05:00:00
2997,951,2023,2025-09-30 08:00:00
2998,2004,316,2026-04-27 03:00:00
2999,2004,1120,2026-04-26 05:00:00
3000,172,2723,2026-10-04 07:00:00
3001,172,3405,2026-10-02 04:00:00
3002,1548,2473,2025-10-30 12:00:00
3003,294,4044,2026-12-19 01:00:00
3004,294,500,2026-12-20 12:00:00
3005,294,2349,2026-12-19 02:00:00
3006,294,4354,2026-12-21 08:00:00
3007,302,5489,2025-07-24 01:00:00
3008,302,2310,2025-07-23 16:00:00
3009,302,889,2025-07-26 18:00:00
3010,302,23,2025-07-28 08:00:00
3011,3138,1991,2026-12-26 11:00:00
3012,3138,699,2026-12-23 01:00:00
3013,3138,1955,2026-12-24 10:00:00
3014,3138,483,2026-12-22 05:00:00
3015,2229,3177,2026-06-19 11:00:00
3016,2229,2954,2026-06-17 01:00:00
3017,2229,2365,2026-06-19 01:00:00
3018,2229,4580,2026-06-16 04:00:00
3019,1722,1458,2026-12-06 05:00:00
3020,1722,5118,2026-12-10 04:00:00
3021,1915,5208,2026-12-05 12:00:00
3022,427,5278,2026-01-18 09:00:00
3023,831,3750,2026-10-01 02:00:00
3024,2953,1169,2026-09-17 20:00:00
3025,2953,2813,2026-09-18 19:00:00
3026,2313,4058,2026-12-22 04:00:00
3027,2313,2147,2026-12-24 14:00:00
3028,1023,3689,2026-01-17 17:00:00
3029,1023,4238,2026-01-17 13:00:00
3030,1023,1441,2026-01-11 14:00:00
3031,1023,2432,2026-01-15 02:00:00
3032,3095,804,2026-06-20 17:00:00
3033,3095,2332,2026-06-24 03:00:00
3034,3095,535,2026-06-19 13:00:00
3035,3095,1042,2026-06-23 06:00:00
3036,325,2765,2026-10-15 12:00:00
3037,1815,1751,2026-12-22 06:00:00
3038,1815,3524,2026-12-26 20:00:00
3039,1815,1425,2026-12-25 01:00:00
3040,1815,3867,2026-12-20 04:00:00
3041,1343,1453,2026-12-22 08:00:00
3042,240,3174,2026-08-22 11:00:00
3043,240,55,2026-08-22 07:00:00
3044,240,388,2026-08-19 20:00:00
3045,2169,4367,2025-06-27 14:00:00
3046,564,2553,2026-10-27 08:00:00
3047,564,359,2026-10-23 09:00:00
3048,564,4912,2026-10-22 06:06:43
3049,564,174,2026-10-27 01:00:00
3050,258,4853,2026-10-25 19:00:00
3051,258,507,2026-10-19 17:00:00
3052,1755,513,2026-11-11 20:00:00
3053,917,232,2026-04-13 20:00:00
3054,1389,2962,2026-12-14 14:00:00
3055,1389,417,2026-12-12 07:00:00
3056,2156,5067,2026-11-15 12:00:00
3057,1715,4917,2026-11-06 10:00:00
3058,2108,2158,2026-10-25 14:00:00
3059,2108,5293,2026-10-22 12:00:00
3060,2616,4427,2026-11-29 08:00:00
3061,2616,3105,2026-11-30 20:35:57
3062,2616,4167,2026-11-29 16:00:00
3063,2616,430,2026-11-26 20:00:00
3064,2691,2786,2026-08-25 18:00:00
3065,219,2649,2026-12-29 04:00:00
3066,219,5147,2026-12-30 06:00:00
3067,219,4509,2026-12-28 19:00:00
3068,219,4975,2027-01-01 17:00:00
3069,251,660,2026-10-20 20:00:00
3070,251,3902,2026-10-14 02:00:00
3071,1956,1875,2026-08-13 03:00:00
3072,1956,4612,2026-08-13 20:00:00
3073,1180,4926,2026-06-10 04:00:00
3074,1180,4381,2026-06-14 12:00:00
3075,1180,3072,2026-06-11 18:00:00
3076,1180,3826,2026-06-12 05:00:00
3077,2129,3108,2026-10-27 11:00:00
3078,313,3999,2026-01-16 04:00:00
3079,2542,2684,2025-09-04 05:00:00
3080,2542,4442,2025-09-05 15:00:00
3081,2542,1233,2025-09-03 17:00:00
3082,1585,2334,2026-11-27 20:00:00
3083,1585,2323,2026-11-25 20:00:00
3084,2836,786,2026-12-23 08:00:00
3085,2973,4644,2026-11-11 14:00:00
3086,2973,167,2026-11-13 01:00:00
3087,619,2798,2026-11-28 09:00:00
3088,1409,1970,2026-03-20 19:00:00
3089,1409,1719,2026-03-25 06:00:00
3090,1409,4172,2026-03-19 01:00:00
3091,1409,1192,2026-03-25 19:00:00
3092,2558,1882,2025-10-19 11:00:00
3093,2558,1037,2025-10-21 19:00:00
3094,1263,2143,2026-09-06 09:00:00
3095,1618,185,2025-10-01 09:00:00
3096,1618,3720,2025-10-07 16:00:00
3097,1618,4859,2025-10-01 13:00:00
3098,1618,4784,2025-10-04 12:00:00
3099,1681,872,2026-12-22 03:00:00
3100,1681,4861,2026-12-20 07:00:00
3101,1681,2564,2026-12-20 14:00:00
3102,2702,5243,2026-11-12 19:00:00
3103,2702,788,2026-11-09 09:00:00
3104,2702,183,2026-11-13 01:00:00
3105,2596,1428,2026-12-11 19:00:00
3106,2596,3055,2026-12-11 15:00:00
3107,2596,166,2026-12-15 15:00:00
3108,2596,1845,2026-12-16 18:00:00
3109,1583,4765,2026-07-02 16:00:00
3110,1583,908,2026-07-01 11:00:00
3111,496,2096,2026-03-24 02:00:00
3112,1317,1994,2026-12-01 11:00:00
3113,1317,4310,2026-11-30 06:00:00
3114,1317,2304,2026-11-30 03:00:00
3115,1317,692,2026-11-29 05:00:00
3116,3081,5415,2026-03-31 13:00:00
3117,2198,1658,2026-11-29 18:00:00
3118,2198,443,2026-11-25 17:00:00
3119,340,3847,2026-11-20 15:00:00
3120,2394,1411,2026-11-04 08:00:00
3121,1734,358,2025-07-28 17:00:00
3122,1734,642,2025-07-29 09:00:00
3123,916,2250,2025-10-15 07:00:00
3124,916,5407,2025-10-12 07:00:00
3125,2720,1805,2026-12-26 08:00:00
3126,2720,867,2026-12-26 16:00:00
3127,2720,526,2026-12-28 06:00:00
3128,2720,2660,2026-12-28 16:00:00
3129,1994,3528,2026-07-26 02:00:00
3130,2878,3369,2026-12-20 14:00:00
3131,277,2912,2026-09-02 09:00:00
3132,277,2913,2026-09-01 13:00:00
3133,277,5317,2026-08-28 20:00:00
3134,277,3068,2026-08-28 08:00:00
3135,49,2546,2026-05-28 19:00:00
3136,49,3788,2026-05-24 02:00:00
3137,1251,248,2025-10-29 11:00:00
3138,1251,1864,2025-10-30 15:00:00
3139,1251,4325,2025-11-02 02:00:00
3140,1251,1136,2025-11-02 03:00:00
3141,1376,2865,2026-07-16 11:00:00
3142,1376,889,2026-07-16 02:00:00
3143,1376,2006,2026-07-16 19:00:00
3144,2433,3222,2026-07-05 18:00:00
3145,2433,4995,2026-07-04 20:00:00
3146,958,2801,2026-02-21 06:00:00
3147,958,3509,2026-02-23 15:00:00
3148,958,1526,2026-02-24 17:00:00
3149,958,917,2026-02-23 17:00:00
3150,804,1425,2026-06-19 04:00:00
3151,804,493,2026-06-21 19:00:00
3152,804,4367,2026-06-16 04:00:00
3153,804,4559,2026-06-16 18:00:00
3154,2893,3156,2026-10-31 09:00:00
3155,2893,563,2026-11-02 07:00:00
3156,693,4918,2026-02-10 08:00:00
3157,693,1111,2026-02-06 04:00:00
3158,693,2304,2026-02-10 20:00:00
3159,693,5295,2026-02-11 04:00:00
3160,2751,679,2026-04-10 06:00:00
3161,1640,539,2025-06-12 16:00:00
3162,2293,764,2025-07-21 20:00:00
3163,2293,1549,2025-07-18 19:00:00
3164,2293,1367,2025-07-18 10:00:00
3165,735,384,2026-11-20 02:00:00
3166,2481,3713,2026-12-14 10:00:00
3167,2481,1047,2026-12-17 16:00:00
3168,2481,774,2026-12-18 19:00:00
3169,1008,1822,2026-11-13 13:00:00
3170,1008,2827,2026-11-13 03:00:00
3171,244,5367,2026-02-10 20:00:00
3172,244,5479,2026-02-09 09:00:00
3173,244,2721,2026-02-14 13:00:00
3174,244,4027,2026-02-09 03:00:00
3175,2873,1163,2026-12-06 16:00:00
3176,2403,2752,2026-04-09 05:00:00
3177,2403,3826,2026-04-11 05:00:00
3178,2250,444,2025-03-20 13:00:00
3179,1312,3521,2025-08-29 19:00:00
3180,1312,4196,2025-08-31 04:00:00
3181,647,964,2026-07-09 03:00:00
3182,647,3366,2026-07-06 03:00:00
3183,439,5056,2026-12-29 19:00:00
3184,439,1652,2027-01-01 01:00:00
3185,1622,1809,2026-07-24 16:00:00
3186,2475,1086,2026-03-21 18:00:00
3187,2840,5256,2026-03-04 20:00:00
3188,2840,3558,2026-03-02 17:00:00
3189,2840,3167,2026-03-01 17:00:00
3190,841,1213,2026-11-19 16:00:00
3191,841,1417,2026-11-24 05:00:00
3192,488,4526,2026-08-13 04:00:00
3193,77,929,2026-04-01 12:00:00
3194,77,2110,2026-03-30 15:00:00
3195,77,3993,2026-03-28 08:00:00
3196,704,3679,2025-06-01 09:00:00
3197,704,1905,2025-06-05 16:00:00
3198,704,3998,2025-06-04 15:00:00
3199,704,543,2025-06-03 17:00:00
3200,1861,2079,2026-11-05 01:00:00
3201,1861,1974,2026-11-06 13:00:00
3202,1861,5287,2026-11-06 10:00:00
3203,1861,2368,2026-11-03 07:00:00
3204,877,3304,2026-01-17 02:00:00
3205,877,5066,2026-01-18 18:00:00
3206,3142,74,2025-10-28 08:00:00
3207,3142,333,2025-10-27 08:00:00
3208,2604,3840,2026-10-07 16:00:00
3209,2604,4535,2026-10-05 20:00:00
3210,2604,679,2026-10-06 01:00:00
3211,2604,4876,2026-10-04 14:00:00
3212,839,1167,2026-09-03 17:00:00
3213,1724,3935,2026-12-23 16:00:00
3214,1724,5258,2026-12-20 10:00:00
3215,188,2158,2026-11-22 05:00:00
3216,1931,2294,2026-09-09 03:00:00
3217,1931,967,2026-09-07 10:00:00
3218,1576,5302,2026-06-22 09:00:00
3219,1576,1784,2026-06-17 16:00:00
3220,992,4480,2026-10-03 19:00:00
3221,992,3130,2026-10-03 19:00:00
3222,992,5015,2026-10-08 15:00:00
3223,992,4118,2026-10-08 01:00:00
3224,2917,839,2026-09-26 13:00:00
3225,1162,1449,2026-11-15 13:00:00
3226,1162,1409,2026-11-14 04:00:00
3227,1162,184,2026-11-16 11:00:00
3228,1162,1172,2026-11-15 17:00:00
3229,256,526,2026-11-23 20:00:00
3230,256,1766,2026-11-21 10:00:00
3231,256,3699,2026-11-27 03:00:00
3232,112,5140,2026-11-16 15:00:00
3233,2266,5147,2026-08-12 11:00:00
3234,2404,2334,2026-08-08 11:00:00
3235,506,3817,2025-09-03 06:00:00
3236,963,463,2026-09-04 17:00:00
3237,963,5190,2026-09-04 15:00:00
3238,1110,2556,2026-08-13 04:00:00
3239,3003,434,2026-12-25 11:00:00
3240,3003,4332,2026-12-25 09:00:00
3241,1247,2794,2026-04-29 12:00:00
3242,2162,2016,2026-12-30 10:00:00
3243,2162,3515,2027-01-01 20:00:00
3244,2162,1247,2027-01-02 05:00:00
3245,2162,2307,2027-01-02 17:00:00
3246,2442,840,2026-11-12 20:00:00
3247,2442,3963,2026-11-17 15:00:00
3248,1519,714,2026-09-13 16:00:00
3249,1514,3684,2026-10-06 18:00:00
3250,1255,3836,2026-07-11 11:00:00
3251,373,4036,2026-05-29 17:00:00
3252,1221,3782,2025-04-15 20:00:00
3253,1221,428,2025-04-10 13:00:00
3254,61,5011,2026-09-04 10:00:00
3255,61,2225,2026-09-04 07:00:00
3256,1012,3151,2026-07-17 10:00:00
3257,1012,478,2026-07-17 07:00:00
3258,1012,1006,2026-07-21 02:00:00
3259,1793,4524,2026-01-06 08:00:00
3260,1793,4585,2026-01-06 06:00:00
3261,622,839,2026-07-01 09:00:00
3262,2057,4550,2026-12-13 08:00:00
3263,2057,5398,2026-12-13 04:00:00
3264,2288,1173,2026-12-17 20:00:00
3265,2288,826,2026-12-18 15:00:00
3266,2288,600,2026-12-17 07:00:00
3267,2288,5102,2026-12-17 09:00:00
3268,306,2563,2026-12-03 10:00:00
3269,306,5082,2026-12-02 16:00:00
3270,306,539,2026-12-02 08:00:00
3271,316,535,2025-12-19 20:00:00
3272,316,624,2025-12-24 14:00:00
3273,316,255,2025-12-22 02:00:00
3274,316,484,2025-12-25 05:00:00
3275,1989,890,2025-09-13 11:00:00
3276,3071,2019,2025-11-24 13:00:00
3277,1172,4036,2025-12-11 05:00:00
3278,1172,4480,2025-12-07 19:00:00
3279,1172,177,2025-12-09 10:00:00
3280,2473,783,2025-10-16 12:00:00
3281,2473,671,2025-10-13 20:00:00
3282,884,3654,2025-05-09 09:00:00
3283,884,2031,2025-05-06 15:00:00
3284,2636,1044,2026-01-28 17:00:00
3285,2636,3246,2026-01-30 04:00:00
3286,3065,2264,2026-12-24 07:00:00
3287,1364,1668,2026-05-26 09:00:00
3288,64,3233,2026-09-26 06:00:00
3289,64,3259,2026-09-23 02:00:00
3290,2489,5446,2026-10-30 14:00:00
3291,2489,5464,2026-11-01 06:00:00
3292,2489,481,2026-11-02 07:00:00
3293,2489,1154,2026-10-31 15:00:00
3294,2669,1406,2026-08-19 08:00:00
3295,2669,484,2026-08-15 03:00:00
3296,132,1940,2026-08-12 14:00:00
3297,132,4008,2026-08-12 05:00:00
3298,132,1094,2026-08-15 17:00:00
3299,92,572,2025-04-02 17:00:00
3300,92,3898,2025-04-04 19:00:00
3301,92,2262,2025-04-01 06:00:00
3302,92,4165,2025-04-01 19:00:00
3303,1813,3667,2026-11-04 13:00:00
3304,1513,3077,2025-06-27 02:00:00
3305,1513,2295,2025-06-27 13:00:00
3306,331,417,2026-12-23 07:00:00
3307,331,3847,2026-12-23 05:00:00
3308,331,4555,2026-12-25 13:00:00
3309,2966,344,2026-06-13 10:00:00
3310,2966,3369,2026-06-14 12:00:00
3311,1045,1957,2026-12-29 06:00:00
3312,1775,1254,2026-04-04 08:00:00
3313,1775,4070,2026-04-02 19:00:00
3314,1775,268,2026-04-01 04:00:00
3315,586,3167,2026-06-24 14:00:00
3316,919,2148,2025-08-31 01:00:00
3317,919,3851,2025-08-30 07:00:00
3318,2576,2986,2026-12-07 01:00:00
3319,2576,2501,2026-12-06 08:00:00
3320,969,4044,2026-10-11 07:00:00
3321,1505,1576,2026-11-02 18:00:00
3322,1505,4346,2026-10-30 10:00:00
3323,1505,692,2026-11-03 10:00:00
3324,2461,2969,2026-09-14 16:00:00
3325,3191,612,2026-12-23 18:00:00
3326,3191,1526,2026-12-24 11:48:55
3327,3191,4624,2026-12-22 12:00:00
3328,1129,2612,2026-06-10 19:00:00
3329,1046,3384,2026-12-29 06:00:00
3330,1046,3714,2027-01-02 14:00:00
3331,1046,2321,2026-12-27 13:00:00
3332,1046,3491,2026-12-29 04:00:00
3333,2869,206,2026-03-02 13:00:00
3334,739,3235,2026-10-06 01:00:00
3335,739,2182,2026-10-11 17:00:00
3336,739,770,2026-10-06 15:00:00
3337,739,2024,2026-10-05 01:00:00
3338,1078,3083,2026-10-16 16:00:00
3339,1078,4981,2026-10-10 18:00:00
3340,1078,4924,2026-10-14 07:00:00
3341,1696,3278,2026-10-17 18:00:00
3342,1696,1042,2026-10-15 17:00:00
3343,1344,1514,2026-06-26 15:00:00
3344,1344,4188,2026-06-22 06:00:00
3345,923,839,2026-09-24 17:00:00
3346,923,3226,2026-09-21 06:00:00
3347,595,1555,2025-10-12 01:00:00
3348,595,859,2025-10-09 18:00:00
3349,2646,2805,2026-03-12 12:00:00
3350,1967,181,2026-07-14 17:00:00
3351,1967,1355,2026-07-15 16:00:00
3352,1967,4021,2026-07-11 20:00:00
3353,1967,237,2026-07-11 05:00:00
3354,2320,94,2025-09-15 06:00:00
3355,2320,476,2025-09-16 10:00:00
3356,2320,1475,2025-09-18 07:00:00
3357,2320,3841,2025-09-15 17:00:00
3358,1053,2315,2026-11-14 09:00:00
3359,1053,392,2026-11-14 09:00:00
3360,1053,4389,2026-11-14 19:00:00
3361,1053,936,2026-11-12 19:00:00
3362,1126,1094,2026-10-29 04:00:00
3363,1126,3157,2026-10-23 04:00:00
3364,1126,673,2026-10-24 12:00:00
3365,1126,4381,2026-10-25 02:00:00
3366,209,3047,2026-06-14 20:00:00
3367,3011,2880,2026-02-12 02:00:00
3368,3011,4594,2026-02-09 03:00:00
3369,3011,968,2026-02-08 03:00:00
3370,3011,4585,2026-02-13 01:00:00
3371,878,1788,2026-04-23 18:00:00
3372,878,1273,2026-04-19 10:00:00
3373,878,5038,2026-04-20 18:00:00
3374,1876,3837,2025-11-11 05:00:00
3375,869,1612,2026-08-18 16:00:00
3376,2471,1460,2026-09-16 01:00:00
3377,2471,1409,2026-09-22 02:00:00
3378,2471,5454,2026-09-16 04:00:00
3379,2471,3513,2026-09-18 17:00:00
3380,2213,5136,2026-12-22 02:00:00
3381,1905,4070,2026-10-06 16:00:00
3382,1905,2429,2026-10-02 08:00:00
3383,789,4462,2025-06-16 11:00:00
3384,261,889,2026-09-14 04:00:00
3385,261,1741,2026-09-11 19:00:00
3386,2105,2347,2026-08-18 20:00:00
3387,2105,1562,2026-08-24 18:00:00
3388,2105,1173,2026-08-18 19:00:00
3389,2230,1173,2026-07-17 05:00:00
3390,2451,1568,2026-10-30 04:00:00
3391,2451,3567,2026-10-27 09:00:00
3392,2451,2294,2026-10-31 08:00:00
3393,2451,1945,2026-11-01 04:00:00
3394,1874,2095,2026-08-27 04:00:00
3395,1874,1965,2026-08-28 15:00:00
3396,1874,5125,2026-08-27 05:00:00
3397,2898,1034,2025-11-02 17:00:00
3398,2898,4186,2025-11-02 09:00:00
3399,386,1776,2026-11-14 20:00:00
3400,386,537,2026-11-13 14:00:00
3401,386,1116,2026-11-18 03:00:00
3402,1366,640,2026-12-12 14:00:00
3403,1366,3419,2026-12-12 20:00:00
3404,1366,352,2026-12-10 06:00:00
3405,1695,4270,2026-12-04 02:00:00
3406,1695,1723,2026-12-04 07:00:00
3407,1695,5131,2026-12-05 16:00:00
3408,634,4199,2026-12-15 20:00:00
3409,2783,1566,2026-09-24 08:00:00
3410,2783,3916,2026-09-25 01:00:00
3411,2783,3072,2026-09-23 07:00:00
3412,2783,437,2026-09-23 08:00:00
3413,2418,1243,2026-12-15 12:00:00
3414,2418,4717,2026-12-14 09:00:00
3415,2418,2248,2026-12-15 05:00:00
3416,3165,3524,2026-12-18 11:00:00
3417,3165,1516,2026-12-23 17:00:00
3418,3165,4797,2026-12-20 07:00:00
3419,185,2525,2026-05-04 20:00:00
3420,1276,4465,2026-08-13 20:00:00
3421,1276,2246,2026-08-10 15:00:00
3422,3192,2495,2026-06-17 03:00:00
3423,3192,1397,2026-06-18 20:00:00
3424,3192,1357,2026-06-20 02:00:00
3425,1973,498,2025-12-14 20:00:00
3426,1443,1381,2026-04-29 15:00:00
3427,408,3171,2026-08-04 03:00:00
3428,408,1406,2026-08-01 02:00:00
3429,408,485,2026-08-02 19:00:00
3430,408,2858,2026-08-01 15:00:00
3431,2281,3327,2026-04-02 11:00:00
3432,2281,3619,2026-04-02 05:00:00
3433,2281,1973,2026-04-04 01:00:00
3434,2281,1507,2026-04-03 06:00:00
3435,623,185,2026-04-06 12:00:00
3436,623,3159,2026-04-06 17:00:00
3437,2393,2539,2026-09-07 18:00:00
3438,2393,58,2026-09-09 11:00:00
3439,2167,2915,2026-08-28 14:00:00
3440,2167,2988,2026-08-30 07:00:00
3441,2167,1598,2026-08-27 11:00:00
3442,2167,3424,2026-08-28 18:00:00
3443,842,74,2026-07-15 19:00:00
3444,842,206,2026-07-15 01:00:00
3445,842,1478,2026-07-13 01:00:00
3446,2104,966,2025-11-04 15:00:00
3447,2104,2640,2025-11-04 20:47:35
3448,2104,3094,2025-10-30 02:00:00
3449,1633,4183,2026-08-14 07:00:00
3450,2125,4576,2026-01-02 17:00:00
3451,2125,4265,2026-01-01 12:00:00
3452,2125,3741,2025-12-31 07:00:00
3453,2623,271,2026-12-29 20:00:00
3454,1190,1937,2026-08-25 13:00:00
3455,455,4951,2026-08-20 01:00:00
3456,455,996,2026-08-18 14:00:00
3457,1533,703,2026-07-18 19:00:00
3458,1533,5168,2026-07-20 13:00:00
3459,1533,2138,2026-07-17 17:00:00
3460,2243,3435,2026-09-12 20:00:00
3461,2070,4151,2026-11-14 18:00:00
3462,2070,3785,2026-11-16 05:00:00
3463,2070,3937,2026-11-18 13:00:00
3464,1574,1367,2026-09-11 12:00:00
3465,1574,1151,2026-09-07 15:00:00
3466,1574,4606,2026-09-06 09:00:00
3467,1574,5204,2026-09-11 05:00:00
3468,425,681,2026-09-02 11:00:00
3469,425,2838,2026-09-02 20:00:00
3470,425,2929,2026-09-01 02:00:00
3471,425,2831,2026-09-02 12:00:00
3472,1898,2995,2027-01-04 17:00:00
3473,2696,4882,2025-12-31 08:00:00
3474,1264,3438,2026-09-22 07:00:00
3475,1264,3913,2026-09-24 01:00:00
3476,155,4610,2026-09-30 16:00:00
3477,155,316,2026-10-03 09:00:00
3478,155,944,2026-10-03 14:00:00
3479,2060,4897,2026-07-16 04:00:00
3480,1020,3432,2025-10-09 08:00:00
3481,1020,3057,2025-10-10 08:00:00
3482,1598,17,2026-10-26 08:00:00
3483,1598,237,2026-10-23 01:00:00
3484,2858,1145,2026-10-23 14:00:00
3485,2858,3737,2026-10-23 14:00:00
3486,1711,1592,2027-01-01 06:00:00
3487,650,5057,2026-07-18 07:00:00
3488,650,4918,2026-07-17 11:00:00
3489,1039,2815,2026-12-18 04:00:00
3490,1039,1164,2026-12-17 18:00:00
3491,1039,1372,2026-12-20 20:00:00
3492,1039,5413,2026-12-19 08:00:00
3493,750,3173,2026-10-05 11:00:00
3494,750,212,2026-10-03 01:00:00
3495,2931,3773,2025-06-04 17:00:00
3496,2931,516,2025-06-01 09:00:00
3497,2931,1557,2025-06-07 03:00:00
3498,2931,915,2025-06-02 15:00:00
3499,893,2490,2026-12-15 19:00:00
3500,2145,1093,2025-08-11 04:00:00
3501,2145,826,2025-08-12 16:00:00
3502,69,4037,2025-10-05 10:00:00
3503,69,1087,2025-10-06 19:00:00
3504,69,5168,2025-10-05 15:00:00
3505,1923,443,2026-08-04 10:00:00
3506,1923,1168,2026-08-06 10:00:00
3507,1923,5146,2026-08-07 10:00:00
3508,1923,1346,2026-08-07 18:00:00
3509,2770,4815,2026-11-28 18:00:00
3510,2770,4166,2026-11-25 02:00:00
3511,2770,36,2026-11-28 18:00:00
3512,2770,2361,2026-11-27 18:00:00
3513,365,5075,2026-10-29 02:00:00
3514,365,4873,2026-10-30 16:00:00
3515,680,1884,2026-05-25 04:00:00
3516,680,1069,2026-05-26 02:00:00
3517,1763,984,2026-10-19 04:00:00
3518,1763,445,2026-10-22 02:00:00
3519,717,3933,2026-11-17 20:00:00
3520,717,1186,2026-11-12 06:00:00
3521,717,800,2026-11-13 05:00:00
3522,717,4664,2026-11-18 14:00:00
3523,1472,4765,2026-11-17 07:00:00
3524,955,4560,2026-05-24 06:00:00
3525,955,2833,2026-05-27 07:00:00
3526,47,3453,2026-12-24 18:00:00
3527,47,3346,2026-12-24 07:00:00
3528,47,2804,2026-12-18 05:00:00
3529,1310,2381,2026-12-16 03:00:00
3530,1310,2573,2026-12-19 05:00:00
3531,2559,5254,2026-09-11 08:00:00
3532,2559,4382,2026-09-14 10:00:00
3533,2559,408,2026-09-13 14:00:00
3534,2559,4945,2026-09-12 17:00:00
3535,22,951,2026-08-27 02:00:00
3536,882,2217,2026-07-26 13:00:00
3537,882,1453,2026-07-30 15:00:00
3538,882,1233,2026-08-01 04:00:00
3539,233,1157,2026-12-29 10:00:00
3540,233,976,2026-12-29 06:00:00
3541,304,4057,2026-10-04 01:00:00
3542,304,3278,2026-10-05 10:00:00
3543,304,4057,2026-10-02 06:00:00
3544,304,5286,2026-10-04 17:00:00
3545,289,2124,2026-06-24 12:00:00
3546,2013,2899,2026-08-26 13:00:00
3547,3155,255,2026-12-04 16:00:00
3548,3155,963,2026-12-05 17:00:00
3549,3155,4510,2026-12-06 04:00:00
3550,3155,1240,2026-12-01 06:00:00
3551,269,4739,2026-04-22 05:00:00
3552,269,1140,2026-04-26 11:00:00
3553,269,2597,2026-04-22 01:00:00
3554,269,5356,2026-04-22 09:00:00
3555,7,5186,2026-09-23 12:00:00
3556,7,1003,2026-09-21 20:00:00
3557,7,523,2026-09-19 03:00:00
3558,7,259,2026-09-22 12:00:00
3559,2505,728,2027-01-05 02:00:00
3560,1167,4031,2026-11-09 05:00:00
3561,1167,868,2026-11-15 03:00:00
3562,1167,860,2026-11-13 07:00:00
3563,1167,1156,2026-11-14 04:00:00
3564,1495,4825,2026-12-15 15:00:00
3565,1495,4019,2026-12-13 12:00:00
3566,1495,1304,2026-12-18 08:00:00
3567,1495,2144,2026-12-12 07:00:00
3568,1908,1652,2026-12-25 09:00:00
3569,1908,5243,2026-12-27 15:00:00
3570,1908,1526,2026-12-27 07:00:00
3571,1908,55,2026-12-27 10:00:00
3572,1025,2717,2026-08-27 12:00:00
3573,1567,171,2026-06-14 19:00:00
3574,1567,1192,2026-06-13 08:00:00
3575,1113,3139,2026-10-05 12:00:00
3576,1113,3881,2026-10-02 07:00:00
3577,1113,5,2026-10-05 16:00:00
3578,1113,5404,2026-10-01 16:00:00
3579,2675,420,2026-01-09 07:00:00
3580,2675,2245,2026-01-07 02:00:00
3581,1199,2624,2026-09-22 17:00:00
3582,2309,3872,2025-04-27 10:00:00
3583,2309,2197,2025-04-23 01:00:00
3584,2309,1144,2025-04-26 04:00:00
3585,1373,1531,2026-10-24 12:00:00
3586,2046,443,2026-05-10 08:00:00
3587,2046,2469,2026-05-13 12:00:00
3588,2046,3183,2026-05-11 01:00:00
3589,2046,1699,2026-05-12 14:00:00
3590,1668,456,2026-11-13 15:00:00
3591,1668,3813,2026-11-11 19:00:00
3592,1668,2286,2026-11-11 18:00:00
3593,1668,572,2026-11-09 04:00:00
3594,2875,1944,2026-12-25 15:00:00
3595,2569,643,2026-11-09 12:00:00
3596,2569,3595,2026-11-03 13:00:00
3597,2569,572,2026-11-05 01:00:00
3598,1525,4840,2026-10-16 19:00:00
3599,2366,3168,2027-01-01 10:00:00
3600,2152,5225,2025-12-14 08:00:00
3601,2900,1954,2026-12-18 20:00:00
3602,2900,3427,2026-12-13 18:00:00
3603,1729,5085,2026-11-08 13:00:00
3604,609,324,2026-07-25 12:00:00
3605,609,2121,2026-07-22 19:00:00
3606,876,78,2025-12-06 08:00:00
3607,876,2946,2025-12-09 19:00:00
3608,876,1067,2025-12-06 14:00:00
3609,1076,2137,2026-11-18 15:00:00
3610,1076,3167,2026-11-18 17:00:00
3611,1076,4783,2026-11-22 18:00:00
3612,1076,1652,2026-11-18 19:00:00
3613,1581,762,2025-11-22 05:00:00
3614,2511,762,2026-12-27 19:00:00
3615,1580,3944,2026-06-05 14:00:00
3616,1580,2924,2026-06-06 11:00:00
3617,1580,1666,2026-05-31 08:00:00
3618,982,2384,2025-02-25 02:00:00
3619,982,474,2025-02-23 13:00:00
3620,982,2847,2025-02-22 01:00:00
3621,982,461,2025-02-24 04:00:00
3622,2523,4240,2026-11-19 13:00:00
3623,2523,726,2026-11-17 08:00:00
3624,3171,3053,2026-05-08 09:00:00
3625,2193,755,2026-06-13 20:00:00
3626,2193,3306,2026-06-08 12:00:00
3627,3123,250,2026-11-11 19:00:00
3628,3123,1886,2026-11-16 07:00:00
3629,3123,4952,2026-11-16 15:00:00
3630,3123,258,2026-11-16 08:00:00
3631,144,1315,2026-06-08 15:00:00
3632,144,4691,2026-06-03 17:00:00
3633,144,594,2026-06-05 17:00:00
3634,144,1034,2026-06-07 05:00:00
3635,1783,2479,2026-06-26 03:00:00
3636,686,3991,2026-11-10 03:00:00
3637,686,1971,2026-11-12 16:00:00
3638,686,3170,2026-11-11 13:00:00
3639,755,1537,2026-08-07 19:00:00
3640,755,4024,2026-08-03 13:00:00
3641,755,3643,2026-08-02 07:00:00
3642,755,1051,2026-08-02 20:00:00
3643,157,2474,2025-11-07 08:00:00
3644,157,4371,2025-11-04 15:00:00
3645,157,1171,2025-11-07 06:00:00
3646,1733,1389,2026-10-31 09:00:00
3647,1733,5112,2026-10-29 16:00:00
3648,2832,2635,2027-01-03 20:00:00
3649,918,1254,2025-05-08 09:00:00
3650,918,1314,2025-05-09 05:00:00
3651,1593,351,2026-08-19 09:00:00
3652,1593,762,2026-08-20 14:00:00
3653,1593,63,2026-08-18 04:00:00
3654,651,5376,2026-05-10 14:00:00
3655,651,3138,2026-05-04 07:00:00
3656,651,2395,2026-05-10 08:00:00
3657,227,854,2026-12-16 02:00:00
3658,227,4905,2026-12-21 11:00:00
3659,227,4505,2026-12-16 08:00:00
3660,227,3830,2026-12-20 11:00:00
3661,2996,3881,2026-05-28 10:00:00
3662,2996,592,2026-05-27 09:00:00
3663,2001,5152,2026-11-20 16:00:00
3664,2001,4816,2026-11-21 18:00:00
3665,2001,428,2026-11-19 13:00:00
3666,1137,621,2026-04-12 13:00:00
3667,1137,4393,2026-04-09 06:00:00
3668,1767,4475,2026-04-23 14:00:00
3669,1767,1931,2026-04-24 06:00:00
3670,1767,2361,2026-04-22 16:00:00
3671,1767,207,2026-04-20 10:00:00
3672,1993,1756,2026-08-24 10:00:00
3673,2069,2808,2025-09-15 15:00:00
3674,2069,2953,2025-09-14 04:00:00
3675,2069,1315,2025-09-13 09:00:00
3676,2069,350,2025-09-13 08:00:00
3677,1860,2365,2026-10-08 07:00:00
3678,940,3526,2026-12-26 16:00:00
3679,940,3000,2026-12-28 19:00:00
3680,206,4783,2026-11-01 13:00:00
3681,3039,2558,2026-09-21 09:00:00
3682,3039,2985,2026-09-18 14:00:00
3683,1759,3056,2025-04-01 13:00:00
3684,1837,4745,2026-12-13 06:00:00
3685,1837,864,2026-12-09 11:00:00
3686,1545,4799,2026-03-11 03:00:00
3687,1545,4799,2026-03-12 11:00:00
3688,1545,839,2026-03-07 12:00:00
3689,1545,4188,2026-03-10 13:00:00
3690,180,4826,2026-10-06 16:00:00
3691,180,3382,2026-10-09 13:00:00
3692,2730,1156,2026-11-04 09:00:00
3693,2730,4731,2026-11-02 19:00:00
3694,2730,691,2026-11-03 03:00:00
3695,2730,673,2026-11-06 15:00:00
3696,886,1552,2026-03-15 04:00:00
3697,886,1037,2026-03-15 11:00:00
3698,886,4028,2026-03-18 10:00:00
3699,3061,2234,2026-08-28 04:00:00
3700,3061,3383,2026-09-01 16:00:00
3701,3061,3383,2026-08-30 15:00:00
3702,1328,4576,2026-11-14 06:00:00
3703,1328,225,2026-11-15 14:00:00
3704,1328,5258,2026-11-13 18:00:00
3705,1328,1166,2026-11-18 16:00:00
3706,796,3457,2026-09-25 18:00:00
3707,796,775,2026-09-23 16:00:00
3708,2733,1467,2026-03-13 07:00:00
3709,2733,3891,2026-03-13 20:00:00
3710,1597,111,2026-02-09 16:00:00
3711,1597,1432,2026-02-08 11:00:00
3712,2344,1420,2026-01-27 14:00:00
3713,2344,3755,2026-01-21 11:00:00
3714,731,4186,2026-12-21 05:00:00
3715,731,2021,2026-12-19 12:00:00
3716,581,5405,2026-06-15 20:00:00
3717,581,1915,2026-06-15 02:00:00
3718,581,1478,2026-06-16 04:00:00
3719,581,4476,2026-06-13 10:00:00
3720,252,2418,2026-09-25 18:00:00
3721,252,2141,2026-09-27 08:00:00
3722,252,1213,2026-09-26 18:00:00
3723,2939,5235,2026-10-04 12:00:00
3724,2939,2700,2026-10-05 18:00:00
3725,2939,4764,2026-10-02 19:00:00
3726,909,3825,2026-12-11 05:00:00
3727,1016,2214,2026-04-18 18:00:00
3728,1016,2131,2026-04-13 15:00:00
3729,1016,429,2026-04-16 15:00:00
3730,1016,4611,2026-04-17 14:00:00
3731,1134,1272,2026-12-31 16:00:00
3732,1225,2902,2026-09-30 13:00:00
3733,1225,2623,2026-10-01 07:00:00
3734,1225,4691,2026-10-03 06:00:00
3735,1914,38,2026-11-16 07:00:00
3736,1914,775,2026-11-16 05:00:00
3737,2126,2553,2026-01-06 06:00:00
3738,835,5172,2026-11-20 09:00:00
3739,835,3736,2026-11-21 05:00:00
3740,952,1768,2025-11-27 07:00:00
3741,952,4825,2025-11-25 09:00:00
3742,952,27,2025-11-21 16:00:00
3743,2306,4639,2026-01-11 09:00:00
3744,2306,1538,2026-01-11 11:00:00
3745,2306,23,2026-01-11 12:00:00
3746,2306,854,2026-01-10 14:00:00
3747,1077,1561,2026-10-03 13:00:00
3748,399,2496,2026-07-31 16:00:00
3749,399,5494,2026-08-04 17:00:00
3750,1901,1977,2026-09-21 10:00:00
3751,1901,384,2026-09-19 10:00:00
3752,1901,1671,2026-09-21 17:00:00
3753,2056,4721,2026-08-29 19:00:00
3754,2056,110,2026-08-28 11:00:00
3755,2056,262,2026-08-23 04:00:00
3756,501,1478,2027-01-02 20:00:00
3757,501,449,2027-01-02 09:00:00
3758,1742,576,2026-12-27 05:00:00
3759,1742,780,2026-12-26 09:00:00
3760,3116,4741,2026-05-29 17:00:00
3761,3116,500,2026-05-31 07:00:00
3762,3116,5465,2026-05-31 06:00:00
3763,605,4295,2026-10-07 17:00:00
3764,605,1863,2026-10-12 17:00:00
3765,605,2635,2026-10-12 15:00:00
3766,1537,4693,2026-08-14 06:00:00
3767,2955,1477,2026-04-08 08:00:00
3768,2955,3108,2026-04-08 08:00:00
3769,2955,4674,2026-04-06 06:00:00
3770,2955,5390,2026-04-03 17:00:00
3771,137,4366,2026-09-11 13:00:00
3772,137,3224,2026-09-11 09:00:00
3773,141,5235,2025-10-05 07:00:00
3774,141,2368,2025-10-03 06:00:00
3775,141,3340,2025-10-01 11:00:00
3776,141,3376,2025-09-30 10:00:00
3777,1517,3000,2026-04-15 19:00:00
3778,1517,4478,2026-04-14 02:00:00
3779,1517,3320,2026-04-12 05:00:00
3780,1517,4770,2026-04-17 01:00:00
3781,271,4634,2026-11-30 15:00:00
3782,271,1961,2026-12-01 19:00:00
3783,271,4382,2026-12-01 17:00:00
3784,271,857,2026-11-29 18:00:00
3785,1961,291,2025-11-11 08:00:00
3786,1900,3912,2026-06-22 20:00:00
3787,1900,36,2026-06-26 01:00:00
3788,1326,146,2026-09-23 16:00:00
3789,1326,53,2026-09-21 13:00:00
3790,3183,2992,2026-05-28 06:00:00
3791,3183,2319,2026-05-22 15:00:00
3792,2330,1950,2026-04-24 06:00:00
3793,2330,4221,2026-04-22 13:00:00
3794,2330,180,2026-04-23 02:00:00
3795,2330,4371,2026-04-24 14:00:00
3796,3193,3020,2026-06-27 10:00:00
3797,3193,2120,2026-07-01 04:00:00
3798,3193,612,2026-07-02 04:00:00
3799,797,1937,2026-10-05 20:00:00
3800,545,3995,2026-04-16 03:00:00
3801,545,4106,2026-04-13 18:00:00
3802,545,2352,2026-04-19 20:00:00
3803,298,5194,2025-08-13 18:00:00
3804,2972,1606,2026-09-10 17:00:00
3805,2972,1829,2026-09-11 19:00:00
3806,2972,4734,2026-09-13 02:00:00
3807,854,396,2026-05-28 18:00:00
3808,854,2500,2026-05-30 14:00:00
3809,854,4954,2026-05-27 04:00:00
3810,741,4425,2025-05-05 13:00:00
3811,741,523,2025-05-09 18:00:00
3812,741,2634,2025-05-05 18:00:00
3813,2649,964,2026-02-19 19:00:00
3814,1306,1319,2026-11-03 09:00:00
3815,1306,436,2026-10-31 02:00:00
3816,2479,5331,2026-12-24 16:00:00
3817,2479,2886,2026-12-20 06:00:00
3818,2479,1162,2026-12-20 01:00:00
3819,1951,1168,2026-08-08 10:00:00
3820,1951,1466,2026-08-11 07:00:00
3821,1951,1581,2026-08-12 13:00:00
3822,1951,5432,2026-08-14 06:00:00
3823,1206,1977,2025-10-06 05:00:00
3824,3186,1464,2026-10-25 09:00:00
3825,3186,5008,2026-10-25 01:00:00
3826,3186,4695,2026-10-29 13:00:00
3827,3186,2881,2026-10-25 19:00:00
3828,349,3542,2026-04-17 08:00:00
3829,349,2071,2026-04-17 19:00:00
3830,349,609,2026-04-13 10:00:00
3831,2764,1189,2026-02-06 10:00:00
3832,601,3967,2026-09-10 10:00:00
3833,2415,5066,2027-01-03 04:00:00
3834,2415,2969,2027-01-03 07:00:00
3835,2415,4178,2026-12-30 07:00:00
3836,262,3577,2026-11-11 08:00:00
3837,262,600,2026-11-15 04:00:00
3838,262,3937,2026-11-13 04:00:00
3839,993,94,2026-11-03 01:00:00
3840,993,4201,2026-11-04 18:00:00
3841,1271,3850,2025-03-07 16:00:00
3842,1271,1109,2025-03-10 10:00:00
3843,2961,1651,2026-07-31 06:00:00
3844,2961,5054,2026-08-02 11:00:00
3845,2961,1620,2026-07-29 02:00:00
3846,2961,5376,2026-07-31 10:00:00
3847,202,170,2026-06-29 03:00:00
3848,202,4578,2026-06-26 19:00:00
3849,202,3838,2026-06-23 08:00:00
3850,79,4576,2026-09-03 17:00:00
3851,79,967,2026-09-01 19:00:00
3852,79,2137,2026-09-03 11:00:00
3853,79,3886,2026-08-30 18:00:00
3854,536,1161,2026-05-03 04:00:00
3855,536,2183,2026-04-28 05:00:00
3856,1647,1890,2026-12-10 08:00:00
3857,1647,4324,2026-12-10 02:00:00
3858,1647,726,2026-12-11 20:00:00
3859,1647,2633,2026-12-06 12:00:00
3860,3002,3290,2026-12-23 13:00:00
3861,3002,1648,2026-12-28 17:00:00
3862,3002,958,2026-12-24 15:00:00
3863,3002,592,2026-12-23 14:00:00
3864,1455,1464,2026-05-10 16:00:00
3865,2627,2901,2026-11-06 07:00:00
3866,2627,3521,2026-11-04 19:00:00
3867,2627,4986,2026-11-03 18:00:00
3868,2627,3679,2026-11-02 03:00:00
3869,1253,3625,2026-12-10 01:00:00
3870,1253,1136,2026-12-04 18:00:00
3871,1253,2600,2026-12-07 06:00:00
3872,1253,888,2026-12-06 04:00:00
3873,190,388,2026-12-12 05:00:00
3874,1997,4072,2026-01-20 13:00:00
3875,1003,168,2025-05-18 04:00:00
3876,1003,5404,2025-05-17 20:00:00
3877,1003,332,2025-05-17 09:00:00
3878,1003,108,2025-05-17 18:00:00
3879,1065,568,2027-01-05 16:00:00
3880,1065,728,2027-01-03 18:00:00
3881,1065,2450,2027-01-06 08:00:00
3882,3062,2778,2026-10-05 20:00:00
3883,3062,947,2026-10-09 05:00:00
3884,3062,1481,2026-10-09 19:00:00
3885,3062,4710,2026-10-05 08:00:00
3886,389,1319,2026-07-16 12:00:00
3887,389,436,2026-07-21 05:00:00
3888,607,1531,2026-12-14 07:00:00
3889,607,2901,2026-12-14 07:00:00
3890,607,5438,2026-12-19 12:00:00
3891,956,3245,2026-08-18 08:00:00
3892,956,976,2026-08-20 18:00:00
3893,1478,3331,2026-10-18 03:00:00
3894,1478,2590,2026-10-19 10:00:00
3895,1478,2856,2026-10-16 18:00:00
3896,799,3668,2026-09-17 09:00:00
3897,872,1006,2026-12-20 03:00:00
3898,247,5068,2026-02-11 17:00:00
3899,247,186,2026-02-16 11:00:00
3900,247,950,2026-02-16 07:00:00
3901,1040,197,2026-12-20 02:00:00
3902,2701,2628,2026-10-19 07:00:00
3903,315,609,2025-12-09 19:00:00
3904,315,2636,2025-12-05 20:00:00
3905,315,1750,2025-12-09 04:00:00
3906,315,5305,2025-12-06 11:00:00
3907,2420,1090,2025-04-13 15:00:00
3908,2420,562,2025-04-14 03:00:00
3909,2420,1044,2025-04-10 17:00:00
3910,2420,1697,2025-04-09 02:00:00
3911,3181,1192,2026-12-03 19:00:00
3912,3181,1419,2026-11-27 18:00:00
3913,2452,1417,2026-12-30 01:00:00
3914,901,2316,2025-06-01 05:00:00
3915,901,1869,2025-05-31 12:00:00
3916,901,1411,2025-05-28 17:00:00
3917,901,1659,2025-05-28 07:00:00
3918,2096,1768,2027-01-01 07:00:00
3919,2096,345,2026-12-27 19:00:00
3920,2271,1755,2026-08-28 18:00:00
3921,2271,1531,2026-08-27 12:00:00
3922,2271,1932,2026-08-23 09:00:00
3923,1785,1069,2026-08-06 11:00:00
3924,1785,1838,2026-08-08 08:00:00
3925,1868,1682,2025-08-22 17:00:00
3926,459,752,2025-07-05 04:00:00
3927,1059,5088,2026-01-31 16:00:00
3928,1059,4930,2026-02-03 10:00:00
3929,1059,5351,2026-02-02 11:00:00
3930,1756,3999,2026-12-16 16:00:00
3931,1756,2340,2026-12-20 15:00:00
3932,127,3950,2026-08-31 07:00:00
3933,127,4253,2026-08-31 06:00:00
3934,127,2952,2026-09-02 20:00:00
3935,2673,4981,2026-12-01 19:00:00
3936,2673,4684,2026-11-30 19:00:00
3937,2673,4457,2026-11-27 13:00:00
3938,1909,4041,2026-01-19 10:00:00
3939,1909,38,2026-01-17 14:00:00
3940,1909,1172,2026-01-18 08:00:00
3941,1909,3964,2026-01-17 14:00:00
3942,2272,4973,2026-09-26 17:00:00
3943,2272,837,2026-09-30 01:00:00
3944,2272,3520,2026-09-27 06:00:00
3945,415,4431,2026-12-21 12:00:00
3946,2956,3906,2026-04-25 19:00:00
3947,2956,3666,2026-04-23 05:00:00
3948,2956,437,2026-04-21 03:00:00
3949,2956,1351,2026-04-19 03:00:00
3950,3174,2028,2026-11-04 01:00:00
3951,3174,5377,2026-11-04 04:00:00
3952,3174,5427,2026-11-08 13:00:00
3953,3174,4740,2026-11-08 06:00:00
3954,2553,2214,2026-08-17 15:00:00
3955,2553,664,2026-08-21 03:00:00
3956,1035,4256,2026-12-28 06:00:00
3957,342,4348,2026-02-23 01:00:00
3958,342,734,2026-02-22 02:00:00
3959,342,2642,2026-02-22 15:00:00
3960,342,618,2026-02-19 04:00:00
3961,1582,2018,2025-12-02 18:00:00
3962,1582,4886,2025-12-02 01:00:00
3963,2907,4237,2026-10-01 18:00:00
3964,2907,3278,2026-10-04 09:00:00
3965,2567,5236,2026-05-31 18:00:00
3966,2567,2689,2026-05-30 08:00:00
3967,2567,481,2026-05-27 19:00:00
3968,2431,968,2026-02-23 16:00:00
3969,2431,2872,2026-02-23 18:00:00
3970,2431,2268,2026-02-23 08:00:00
3971,790,1240,2025-12-23 09:00:00
3972,790,1869,2025-12-18 01:00:00
3973,493,3242,2025-03-23 14:00:00
3974,493,2349,2025-03-25 18:00:00
3975,493,396,2025-03-24 09:00:00
3976,493,155,2025-03-25 10:00:00
3977,1272,1735,2025-04-21 05:00:00
3978,3022,3506,2026-08-17 15:00:00
3979,3022,264,2026-08-16 14:00:00
3980,3022,238,2026-08-16 17:00:00
3981,1738,4688,2026-12-07 12:00:00
3982,1738,4521,2026-12-09 07:00:00
3983,1229,4366,2026-10-03 15:00:00
3984,1229,5174,2026-10-02 03:00:00
3985,3006,2601,2026-09-01 05:00:00
3986,3006,237,2026-09-06 10:00:00
3987,3006,526,2026-09-05 01:00:00
3988,2590,4346,2026-02-10 11:00:00
3989,1033,4520,2026-12-20 07:00:00
3990,1033,609,2026-12-18 11:00:00
3991,1033,3965,2026-12-17 12:00:00
3992,3175,1858,2026-12-23 12:00:00
3993,3175,4957,2026-12-20 19:00:00
3994,3175,3940,2026-12-20 09:00:00
3995,3175,1180,2026-12-21 14:00:00
3996,596,3363,2025-10-25 12:00:00
3997,596,4156,2025-10-30 07:00:00
3998,1846,4829,2027-01-02 20:00:00
3999,1846,2577,2026-12-31 20:00:00
4000,1000,2613,2025-09-01 17:00:00
4001,1000,5190,2025-08-30 15:00:00
4002,1943,1200,2026-01-09 12:00:00
4003,1943,1608,2026-01-11 13:00:00
4004,966,4682,2025-09-30 13:00:00
4005,2736,449,2026-10-20 02:00:00
4006,588,3844,2026-10-30 20:00:00
4007,588,1458,2026-10-29 09:00:00
4008,1937,3950,2026-10-17 15:00:00
4009,1937,3980,2026-10-13 03:00:00
4010,1892,4422,2026-12-19 06:00:00
4011,1892,5125,2026-12-21 16:00:00
4012,1892,1095,2026-12-19 17:00:00
4013,211,430,2026-05-05 01:00:00
4014,1318,1145,2026-12-04 15:00:00
4015,1318,495,2026-11-30 06:00:00
4016,1318,184,2026-12-01 04:00:00
4017,640,2879,2026-10-29 14:00:00
4018,640,5087,2026-10-26 02:00:00
4019,1350,988,2026-12-19 18:00:00
4020,445,3662,2025-06-28 01:00:00
4021,445,2576,2025-06-25 17:00:00
4022,445,4456,2025-06-26 07:00:00
4023,445,971,2025-06-28 04:00:00
4024,1787,212,2026-01-06 10:00:00
4025,1787,1115,2026-01-09 14:00:00
4026,1787,5396,2026-01-05 14:00:00
4027,1787,899,2026-01-09 02:00:00
4028,3017,4463,2026-10-22 04:00:00
4029,3017,702,2026-10-27 08:00:00
4030,3017,1460,2026-10-21 03:00:00
4031,1671,1205,2026-07-10 03:00:00
4032,1671,826,2026-07-12 04:00:00
4033,2548,5079,2025-06-12 18:00:00
4034,2548,3449,2025-06-09 12:00:00
4035,2548,5294,2025-06-07 06:00:00
4036,2690,1272,2025-12-05 11:00:00
4037,2690,3147,2025-12-03 18:00:00
4038,2690,2213,2025-12-07 02:00:00
4039,2690,3734,2025-12-03 09:00:00
4040,1906,2284,2026-10-09 09:00:00
4041,1906,1886,2026-10-04 12:00:00
4042,1906,553,2026-10-05 05:00:00
4043,1906,1592,2026-10-08 12:00:00
4044,1572,1103,2026-05-16 17:00:00
4045,406,5035,2026-09-27 01:00:00
4046,2699,5230,2026-10-15 05:00:00
4047,2699,4040,2026-10-15 04:00:00
4048,2862,3137,2026-12-15 13:00:00
4049,2601,2734,2026-08-01 02:00:00
4050,2601,1946,2026-07-28 10:00:00
4051,2601,3879,2026-08-01 01:00:00
4052,2601,3373,2026-08-02 16:00:00
4053,1185,4479,2025-11-07 07:00:00
4054,1185,86,2025-11-11 17:00:00
4055,629,804,2026-12-04 05:00:00
4056,629,2906,2026-11-29 08:00:00
4057,928,916,2026-06-26 04:00:00
4058,2302,729,2026-12-24 01:00:00
4059,2302,4136,2026-12-20 08:00:00
4060,2302,3160,2026-12-21 08:00:00
4061,2302,2047,2026-12-22 17:00:00
4062,3076,1768,2025-04-06 11:00:00
4063,1919,3481,2026-08-18 20:00:00
4064,1919,1531,2026-08-21 10:00:00
4065,1919,1412,2026-08-24 12:00:00
4066,1919,1767,2026-08-24 02:00:00
4067,490,1151,2026-08-20 12:00:00
4068,490,3148,2026-08-21 07:00:00
4069,2742,2537,2026-11-30 11:00:00
4070,1870,5387,2026-09-17 20:00:00
4071,1870,2122,2026-09-17 15:00:00
4072,1870,5447,2026-09-17 10:00:00
4073,1870,319,2026-09-13 07:00:00
4074,846,4679,2026-11-26 20:00:00
4075,333,428,2026-08-18 19:00:00
4076,333,5102,2026-08-13 15:00:00
4077,333,2317,2026-08-18 04:00:00
4078,333,3638,2026-08-16 07:00:00
4079,2962,2305,2026-10-31 12:00:00
4080,2962,1487,2026-11-02 18:00:00
4081,2962,4531,2026-11-04 10:00:00
4082,2962,5038,2026-11-03 13:00:00
4083,1093,1066,2025-09-01 20:00:00
4084,1093,4816,2025-09-01 09:00:00
4085,1093,343,2025-08-31 12:00:00
4086,1751,4651,2026-08-03 03:00:00
4087,2439,1565,2025-11-26 05:00:00
4088,222,1116,2025-09-26 16:00:00
4089,3034,442,2026-10-02 03:00:00
4090,3034,5015,2026-10-02 13:00:00
4091,3034,396,2026-09-26 10:00:00
4092,3034,632,2026-10-02 12:00:00
4093,288,4823,2026-08-28 07:00:00
4094,288,4185,2026-08-25 17:00:00
4095,288,1255,2026-08-25 20:00:00
4096,288,5354,2026-08-23 16:00:00
4097,474,458,2025-08-16 14:00:00
4098,474,1186,2025-08-16 11:00:00
4099,474,3506,2025-08-12 02:00:00
4100,474,4588,2025-08-11 12:00:00
4101,3127,878,2026-11-06 18:00:00
4102,3083,4803,2026-04-09 05:00:00
4103,690,2461,2025-12-15 12:00:00
4104,2957,2193,2026-08-26 04:00:00
4105,2957,2846,2026-08-22 10:00:00
4106,1596,1161,2026-01-17 11:00:00
4107,1596,3878,2026-01-13 20:00:00
4108,1596,2964,2026-01-18 08:00:00
4109,2326,4552,2026-07-02 05:00:00
4110,1927,5462,2027-01-02 06:00:00
4111,1927,929,2027-01-02 13:00:00
4112,722,2504,2026-02-11 17:00:00
4113,722,1812,2026-02-06 08:00:00
4114,722,493,2026-02-10 08:00:00
4115,722,3835,2026-02-08 02:00:00
4116,2015,2209,2026-07-20 03:00:00
4117,2015,478,2026-07-22 14:00:00
4118,1471,1154,2026-09-08 06:00:00
4119,1471,1951,2026-09-07 14:00:00
4120,684,2571,2026-08-02 11:00:00
4121,684,914,2026-08-02 19:00:00
4122,684,3774,2026-07-31 08:00:00
4123,684,678,2026-07-29 15:00:00
4124,531,1899,2026-12-11 03:00:00
4125,2816,609,2025-09-10 18:00:00
4126,2816,3364,2025-09-08 10:00:00
4127,1283,4501,2026-03-21 10:00:00
4128,1283,989,2026-03-23 14:00:00
4129,1283,1090,2026-03-25 10:00:00
4130,2340,4551,2026-11-12 01:00:00
4131,2340,5249,2026-11-11 12:00:00
4132,2340,3561,2026-11-15 17:00:00
4133,2340,1691,2026-11-11 11:00:00
4134,345,3744,2026-11-11 10:00:00
4135,345,2082,2026-11-13 10:00:00
4136,1957,919,2026-12-10 15:00:00
4137,2436,310,2026-08-23 03:00:00
4138,2436,2709,2026-08-24 01:00:00
4139,3026,1874,2026-07-09 01:00:00
4140,3026,811,2026-07-10 10:00:00
4141,2851,2291,2026-12-19 10:00:00
4142,3162,1981,2026-12-17 17:00:00
4143,3162,3259,2026-12-21 20:00:00
4144,3162,741,2026-12-21 16:00:00
4145,666,5407,2026-11-24 03:00:00
4146,666,3503,2026-11-23 01:00:00
4147,666,3853,2026-11-28 03:00:00
4148,666,3760,2026-11-25 06:00:00
4149,2889,5417,2026-01-30 20:00:00
4150,2102,1746,2026-08-01 13:00:00
4151,87,1016,2026-08-09 11:00:00
4152,87,485,2026-08-05 01:00:00
4153,87,3240,2026-08-10 06:00:00
4154,87,3426,2026-08-05 07:00:00
4155,1307,41,2026-12-04 03:00:00
4156,1307,3840,2026-12-04 04:00:00
4157,1307,3039,2026-12-05 09:00:00
4158,1307,4919,2026-12-03 03:00:00
4159,1745,275,2026-12-07 13:00:00
4160,1089,146,2026-01-24 10:00:00
4161,1089,2334,2026-01-26 20:00:00
4162,2409,3638,2026-11-22 13:00:00
4163,1156,5213,2026-04-22 09:00:00
4164,1156,4855,2026-04-24 13:00:00
4165,1156,1899,2026-04-21 08:00:00
4166,1156,4690,2026-04-20 15:00:00
4167,259,4987,2026-07-15 11:00:00
4168,943,180,2027-01-02 07:00:00
4169,41,1067,2026-02-28 18:00:00
4170,2892,3464,2026-10-26 09:00:00
4171,2892,1581,2026-10-27 10:00:00
4172,2892,2024,2026-10-25 12:00:00
4173,2033,1736,2027-01-01 12:00:00
4174,2033,5025,2026-12-31 14:00:00
4175,1504,1409,2026-06-29 01:00:00
4176,1504,1543,2026-06-26 12:00:00
4177,1504,5263,2026-06-27 09:00:00
4178,959,752,2026-04-16 14:00:00
4179,959,1428,2026-04-14 04:00:00
4180,959,1043,2026-04-17 20:00:00
4181,959,5430,2026-04-15 11:00:00
4182,5,35,2026-06-15 02:00:00
4183,5,3154,2026-06-16 12:00:00
4184,5,158,2026-06-18 18:00:00
4185,3059,1987,2026-04-10 08:00:00
4186,1118,3426,2026-07-04 03:00:00
4187,1118,1042,2026-07-05 19:00:00
4188,1118,854,2026-06-29 05:00:00
4189,2526,2728,2026-08-16 10:00:00
4190,2684,5305,2026-12-31 01:00:00
4191,2684,437,2026-12-27 08:00:00
4192,2684,2055,2026-12-27 03:00:00
4193,290,420,2026-08-16 11:00:00
4194,290,2183,2026-08-16 10:00:00
4195,290,4521,2026-08-16 10:00:00
4196,2395,4044,2026-10-14 10:00:00
4197,2395,2099,2026-10-17 20:00:00
4198,2395,258,2026-10-14 16:00:00
4199,174,1553,2026-04-26 12:00:00
4200,174,3736,2026-04-30 19:00:00
4201,174,5452,2026-05-01 07:00:00
4202,2053,3660,2026-11-15 07:00:00
4203,2053,692,2026-11-17 15:00:00
4204,2053,2550,2026-11-19 10:00:00
4205,2053,1822,2026-11-14 13:00:00
4206,2307,3287,2026-06-08 19:00:00
4207,2307,5357,2026-06-07 17:00:00
4208,2307,1741,2026-06-07 04:00:00
4209,2307,4228,2026-06-06 15:00:00
4210,2757,3739,2026-10-04 16:00:00
4211,2757,679,2026-10-04 10:00:00
4212,2757,1690,2026-10-03 13:00:00
4213,2757,971,2026-10-06 09:00:00
4214,1334,3234,2026-07-21 20:00:00
4215,1334,775,2026-07-23 03:00:00
4216,1334,3927,2026-07-17 05:00:00
4217,70,817,2025-08-20 11:00:00
4218,2728,5413,2026-11-03 19:00:00
4219,2728,2760,2026-11-03 14:00:00
4220,2728,1880,2026-11-02 05:00:00
4221,715,3032,2026-12-19 05:00:00
4222,481,1558,2026-12-16 13:00:00
4223,481,2134,2026-12-14 14:00:00
4224,2179,2770,2025-05-21 05:00:00
4225,2179,1064,2025-05-25 01:00:00
4226,2179,1628,2025-05-20 07:00:00
4227,2179,788,2025-05-21 15:00:00
4228,552,442,2026-07-22 05:00:00
4229,552,5470,2026-07-24 16:00:00
4230,552,4752,2026-07-24 10:00:00
4231,2274,5437,2026-09-20 10:00:00
4232,2274,23,2026-09-16 18:00:00
4233,2274,1490,2026-09-21 18:00:00
4234,1430,1945,2026-09-23 11:00:00
4235,2110,5260,2026-06-26 04:00:00
4236,972,203,2026-12-28 15:00:00
4237,972,4915,2026-12-25 12:00:00
4238,2653,3449,2026-11-30 05:00:00
4239,2653,99,2026-12-03 08:00:00
4240,359,4210,2025-08-24 04:00:00
4241,359,110,2025-08-22 12:00:00
4242,359,1882,2025-08-24 17:00:00
4243,1329,1406,2026-08-05 18:00:00
4244,1329,1300,2026-08-07 11:00:00
4245,1329,3507,2026-08-06 16:00:00
4246,3152,3478,2026-10-09 03:00:00
4247,3152,3932,2026-10-09 20:00:00
4248,3152,5097,2026-10-07 10:00:00
4249,3152,1633,2026-10-10 09:00:00
4250,1853,1939,2026-12-27 04:00:00
4251,1853,3086,2026-12-28 09:00:00
4252,3195,783,2026-12-07 18:00:00
4253,3195,1441,2026-12-07 15:00:00
4254,927,5051,2026-09-26 12:00:00
4255,927,3097,2026-09-28 14:00:00
4256,2432,2679,2026-03-23 10:00:00
4257,1707,872,2026-10-01 10:00:00
4258,1707,1167,2026-10-06 15:00:00
4259,1707,1249,2026-09-30 07:00:00
4260,1992,5055,2025-11-12 20:00:00
4261,1992,1346,2025-11-12 17:00:00
4262,2667,1367,2026-08-25 10:00:00
4263,178,934,2026-11-18 17:00:00
4264,178,2978,2026-11-18 04:00:00
4265,178,2047,2026-11-17 09:00:00
4266,2683,2241,2026-12-25 02:00:00
4267,2683,1855,2026-12-28 12:00:00
4268,2709,4738,2026-07-30 06:00:00
4269,362,1458,2026-09-24 05:00:00
4270,362,3001,2026-09-24 06:00:00
4271,362,353,2026-09-22 15:00:00
4272,2456,2974,2025-12-11 20:00:00
4273,590,89,2026-01-22 08:00:00
4274,2850,4561,2026-08-30 20:00:00
4275,2850,2955,2026-09-01 19:00:00
4276,2850,3898,2026-08-30 10:00:00
4277,2850,1622,2026-08-30 03:00:00
4278,113,5202,2026-12-29 17:00:00
4279,113,763,2026-12-30 06:00:00
4280,113,4471,2026-12-29 12:00:00
4281,1423,4587,2025-10-21 07:00:00
4282,1423,1814,2025-10-21 13:00:00
4283,1423,4197,2025-10-22 10:00:00
4284,1423,53,2025-10-19 08:00:00
4285,974,2025,2026-04-15 02:00:00
4286,2449,1216,2026-07-12 20:00:00
4287,2449,984,2026-07-11 11:00:00
4288,2449,5225,2026-07-06 14:00:00
4289,167,1885,2026-10-19 18:00:00
4290,167,3346,2026-10-19 04:00:00
4291,167,1121,2026-10-25 15:00:00
4292,167,4154,2026-10-23 19:00:00
4293,1692,38,2026-08-05 14:00:00
4294,1692,1419,2026-08-05 05:00:00
4295,2323,483,2025-07-08 02:00:00
4296,2323,3691,2025-07-12 02:00:00
4297,430,4211,2026-11-10 01:00:00
4298,430,1019,2026-11-05 05:00:00
4299,430,2948,2026-11-11 02:00:00
4300,430,343,2026-11-09 04:00:00
4301,695,1537,2026-08-06 11:00:00
4302,695,4917,2026-08-02 06:00:00
4303,1924,1365,2026-12-24 02:00:00
4304,2575,4945,2026-11-26 06:00:00
4305,2575,4402,2026-11-26 07:00:00
4306,2575,800,2026-11-25 19:00:00
4307,568,1923,2026-02-04 12:00:00
4308,568,1065,2026-02-08 16:00:00
4309,124,1653,2026-12-28 14:00:00
4310,124,3053,2026-12-30 06:00:00
4311,887,4664,2026-10-05 15:00:00
4312,887,1139,2026-10-06 15:00:00
4313,887,2798,2026-10-05 15:00:00
4314,887,2365,2026-10-07 12:00:00
4315,2315,4756,2026-10-13 03:00:00
4316,2315,3837,2026-10-17 13:00:00
4317,2315,2005,2026-10-15 14:00:00
4318,1935,4084,2026-09-01 06:00:00
4319,1935,5229,2026-09-03 13:00:00
4320,1935,356,2026-09-03 05:00:00
4321,1331,78,2025-12-12 12:00:00
4322,1331,3096,2025-12-11 12:00:00
4323,1331,2750,2025-12-12 16:00:00
4324,351,3083,2026-07-29 03:00:00
4325,351,5161,2026-07-29 04:00:00
4326,351,1199,2026-08-01 17:00:00
4327,2018,2469,2026-09-15 16:00:00
4328,2018,2149,2026-09-18 13:00:00
4329,2018,1598,2026-09-17 16:00:00
4330,2738,1171,2026-10-14 05:00:00
4331,2738,4051,2026-10-13 10:00:00
4332,2738,3971,2026-10-11 11:00:00
4333,2029,976,2026-07-15 09:00:00
4334,2029,2365,2026-07-17 19:00:00
4335,703,1744,2025-05-31 19:00:00
4336,703,321,2025-05-25 09:00:00
4337,450,3247,2026-08-07 15:00:00
4338,450,5090,2026-08-09 01:00:00
4339,450,4219,2026-08-06 20:00:00
4340,450,2028,2026-08-05 19:00:00
4341,471,1445,2026-05-26 11:00:00
4342,471,1488,2026-06-01 03:00:00
4343,471,4938,2026-05-29 06:00:00
4344,471,3070,2026-06-01 06:00:00
4345,105,894,2026-04-28 02:00:00
4346,105,2839,2026-05-03 04:00:00
4347,105,4248,2026-05-03 03:00:00
4348,105,4006,2026-05-04 13:00:00
4349,197,762,2026-09-12 09:00:00
4350,354,4263,2025-08-12 18:00:00
4351,354,428,2025-08-15 03:00:00
4352,354,1186,2025-08-12 05:00:00
4353,354,3529,2025-08-12 06:00:00
4354,161,1837,2026-11-17 09:00:00
4355,161,2877,2026-11-16 16:00:00
4356,161,4453,2026-11-19 20:00:00
4357,161,1880,2026-11-17 14:00:00
4358,812,2581,2027-01-01 03:00:00
4359,812,5436,2026-12-30 05:00:00
4360,812,4587,2027-01-01 08:00:00
4361,812,3538,2027-01-01 15:00:00
4362,1659,55,2026-10-14 04:00:00
4363,2356,2361,2026-12-10 16:00:00
4364,2356,5350,2026-12-10 05:00:00
4365,2356,3229,2026-12-07 17:00:00
4366,2356,3835,2026-12-09 13:00:00
4367,2448,2967,2026-06-26 14:00:00
4368,2448,702,2026-06-24 11:00:00
4369,2448,1126,2026-06-27 01:00:00
4370,200,1744,2026-04-27 06:00:00
4371,200,4559,2026-04-21 20:00:00
4372,200,2062,2026-04-24 03:00:00
4373,2664,3763,2026-05-25 18:00:00
4374,2664,1700,2026-05-22 04:00:00
4375,2664,1680,2026-05-22 16:00:00
4376,1912,2171,2025-11-18 13:00:00
4377,1912,4926,2025-11-24 09:00:00
4378,1912,275,2025-11-18 12:00:00
4379,1912,3315,2025-11-24 14:00:00
4380,1599,5024,2026-11-21 15:00:00
4381,1599,4582,2026-11-22 01:00:00
4382,1599,3451,2026-11-21 03:00:00
4383,788,1857,2025-05-17 11:00:00
4384,888,2469,2026-05-07 04:00:00
4385,888,1644,2026-05-06 04:00:00
4386,888,4002,2026-05-07 16:00:00
4387,888,4759,2026-05-03 13:00:00
4388,1641,2474,2026-05-15 21:07:36
4389,1641,5432,2026-05-14 12:00:00
4390,1641,3837,2026-05-14 01:00:00
4391,462,699,2026-09-10 14:00:00
4392,1631,1838,2026-05-27 16:00:00
4393,1631,2817,2026-05-22 17:00:00
4394,1631,4826,2026-05-25 17:00:00
4395,2188,1171,2026-04-26 04:00:00
4396,2188,1782,2026-04-26 05:00:00
4397,2188,762,2026-04-24 01:00:00
4398,2188,2474,2026-04-22 14:00:00
4399,1302,2487,2026-07-01 20:00:00
4400,1302,611,2026-07-05 03:00:00
4401,1302,3141,2026-07-02 08:00:00
4402,1302,5049,2026-07-03 10:00:00
4403,3097,2604,2026-11-21 19:00:00
4404,3097,4354,2026-11-21 03:00:00
4405,3097,3051,2026-11-19 05:00:00
4406,3097,4557,2026-11-23 02:00:00
4407,24,5060,2026-07-31 14:00:00
4408,24,1658,2026-08-02 06:00:00
4409,24,5347,2026-08-06 05:00:00
4410,24,5146,2026-08-05 16:00:00
4411,2687,4826,2025-05-19 02:00:00
4412,2687,1464,2025-05-19 08:00:00
4413,2687,3850,2025-05-24 10:00:00
4414,2687,362,2025-05-19 15:00:00
4415,182,1422,2026-08-13 08:00:00
4416,182,4702,2026-08-14 01:00:00
4417,182,2160,2026-08-12 15:00:00
4418,182,1061,2026-08-11 10:00:00
4419,1270,1354,2026-12-03 12:00:00
4420,1270,2731,2026-11-29 08:00:00
4421,1667,976,2026-11-15 14:00:00
4422,1667,1983,2026-11-15 04:00:00
4423,1667,262,2026-11-09 19:00:00
4424,1667,557,2026-11-11 17:00:00
4425,2607,774,2026-08-17 16:00:00
4426,2607,376,2026-08-18 16:00:00
4427,2607,4984,2026-08-13 08:00:00
4428,2607,5397,2026-08-18 20:00:00
4429,330,5241,2026-12-23 03:00:00
4430,314,4564,2026-06-24 06:00:00
4431,314,4918,2026-06-21 18:00:00
4432,2688,2036,2025-08-01 08:00:00
4433,2982,4034,2026-02-27 02:00:00
4434,2982,2649,2026-02-23 01:00:00
4435,2982,1173,2026-02-25 04:00:00
4436,2982,4793,2026-02-22 04:00:00
4437,2908,5464,2025-05-27 11:00:00
4438,2908,2887,2025-05-30 04:00:00
4439,1031,3949,2026-08-14 04:00:00
4440,3000,1300,2026-12-10 06:00:00
4441,3000,2657,2026-12-10 19:00:00
4442,1386,283,2027-01-03 03:00:00
4443,1386,659,2027-01-04 15:00:00
4444,2308,854,2026-10-31 18:00:00
4445,2308,2573,2026-11-02 08:00:00
4446,2308,2715,2026-10-31 08:00:00
4447,942,5059,2026-12-28 11:00:00
4448,1953,701,2026-09-28 03:00:00
4449,1953,1796,2026-09-29 02:00:00
4450,1953,1346,2026-10-02 18:00:00
4451,1953,235,2026-09-30 14:00:00
4452,1398,5335,2025-06-07 08:00:00
4453,1398,2392,2025-06-08 19:00:00
4454,1398,1810,2025-06-07 04:00:00
4455,2502,3281,2026-11-11 11:00:00
4456,2502,2864,2026-11-08 05:00:00
4457,2502,588,2026-11-12 17:00:00
4458,2502,4477,2026-11-09 04:00:00
4459,1452,242,2026-03-14 20:00:00
4460,1452,1192,2026-03-11 15:00:00
4461,1452,2271,2026-03-15 14:00:00
4462,1452,445,2026-03-10 07:00:00
4463,355,1270,2025-09-21 04:00:00
4464,355,3030,2025-09-20 03:00:00
4465,355,668,2025-09-20 02:00:00
4466,500,3896,2026-12-20 16:00:00
4467,2240,651,2026-09-24 02:00:00
4468,2240,1236,2026-09-24 20:00:00
4469,2240,2681,2026-09-26 04:00:00
4470,2240,2185,2026-09-25 07:00:00
4471,411,4277,2026-04-16 14:00:00
4472,411,4710,2026-04-18 11:00:00
4473,411,414,2026-04-15 19:00:00
4474,2747,4411,2026-09-10 16:00:00
4475,1535,4031,2026-10-27 10:00:00
4476,1535,2461,2026-10-28 08:00:00
4477,1821,2006,2026-07-27 16:00:00
4478,1821,3994,2026-07-31 17:00:00
4479,2810,4662,2026-08-16 07:00:00
4480,1397,4151,2027-01-03 01:00:00
4481,1397,2973,2027-01-03 05:00:00
4482,2617,4966,2026-05-15 13:00:00
4483,584,530,2026-11-07 09:00:00
4484,584,2916,2026-11-08 09:00:00
4485,2462,4229,2026-09-20 03:00:00
4486,2462,1493,2026-09-18 07:00:00
4487,2462,5100,2026-09-16 06:00:00
4488,2462,2357,2026-09-22 11:00:00
4489,454,731,2026-12-02 08:00:00
4490,454,58,2026-12-03 20:00:00
4491,454,4073,2026-12-03 05:00:00
4492,454,2880,2026-12-01 02:00:00
4493,29,1124,2026-12-12 03:00:00
4494,29,407,2026-12-09 19:00:00
4495,29,58,2026-12-10 15:00:00
4496,29,3994,2026-12-08 11:00:00
4497,221,2887,2025-06-12 06:00:00
4498,221,2970,2025-06-13 02:00:00
4499,159,3464,2026-12-22 20:00:00
4500,159,1782,2026-12-18 14:00:00
4501,30,1466,2026-08-17 11:00:00
4502,30,773,2026-08-17 01:00:00
4503,30,2026,2026-08-19 11:00:00
4504,30,2227,2026-08-19 11:00:00
4505,1634,1877,2026-12-27 19:00:00
4506,1634,1151,2026-12-26 02:00:00
4507,1634,5145,2026-12-27 15:00:00
4508,1878,4215,2025-11-02 17:00:00
4509,1499,79,2026-05-27 10:00:00
4510,1499,4612,2026-06-02 01:00:00
4511,2941,4614,2026-11-11 08:00:00
4512,2941,1598,2026-11-08 01:00:00
4513,36,740,2025-03-24 12:00:00
4514,36,4070,2025-03-27 06:00:00
4515,36,2742,2025-03-22 16:00:00
4516,36,53,2025-03-26 06:00:00
4517,2969,1153,2026-12-05 15:00:00
4518,2969,5146,2026-12-03 06:00:00
4519,441,2340,2026-04-16 07:00:00
4520,2336,4185,2026-01-26 14:00:00
4521,2336,1754,2026-01-27 13:00:00
4522,1726,1707,2026-12-28 03:00:00
4523,1726,5251,2026-12-31 05:00:00
4524,1152,4909,2026-09-24 08:00:00
4525,1152,1370,2026-09-27 13:00:00
4526,1152,1428,2026-09-24 18:00:00
4527,1152,3468,2026-09-24 12:00:00
4528,689,3770,2025-11-25 01:00:00
4529,689,5316,2025-11-25 13:00:00
4530,689,1249,2025-11-28 04:00:00
4531,2561,4954,2026-11-06 14:00:00
4532,2561,3212,2026-11-06 18:00:00
4533,676,2453,2026-12-30 16:00:00
4534,676,4423,2027-01-03 20:00:00
4535,676,2264,2026-12-30 17:00:00
4536,1522,274,2026-12-06 02:00:00
4537,1522,133,2026-12-07 20:00:00
4538,2392,1164,2026-08-31 14:00:00
4539,2392,4959,2026-08-30 18:00:00
4540,2392,1858,2026-09-01 13:00:00
4541,2640,2444,2026-05-12 13:00:00
4542,2640,553,2026-05-16 14:00:00
4543,2640,5495,2026-05-15 09:00:00
4544,480,4324,2026-10-30 16:00:00
4545,2772,4561,2026-12-13 08:00:00
4546,2772,675,2026-12-13 17:00:00
4547,2772,2041,2026-12-09 18:00:00
4548,350,3719,2026-06-23 12:00:00
4549,350,301,2026-06-22 06:00:00
4550,350,915,2026-06-23 16:00:00
4551,62,594,2026-09-23 20:00:00
4552,2855,4924,2025-09-13 18:00:00
4553,2676,3429,2026-08-23 02:00:00
4554,2676,850,2026-08-22 06:00:00
4555,2676,3388,2026-08-23 05:00:00
4556,1958,1626,2026-12-15 08:00:00
4557,1958,2754,2026-12-14 01:00:00
4558,1958,1200,2026-12-16 05:00:00
4559,1958,1626,2026-12-14 17:00:00
4560,2880,2324,2026-07-14 16:00:00
4561,1394,3591,2025-07-03 20:00:00
4562,1394,71,2025-07-05 18:00:00
4563,1394,1639,2025-07-02 17:00:00
4564,1616,526,2026-04-20 18:00:00
4565,1616,642,2026-04-17 07:00:00
4566,1616,968,2026-04-21 06:00:00
4567,2946,2411,2026-09-16 15:00:00
4568,2946,1167,2026-09-12 06:00:00
4569,2946,5390,2026-09-14 06:00:00
4570,2946,609,2026-09-14 20:00:00
4571,2529,971,2026-11-30 02:00:00
4572,163,3687,2026-12-23 16:00:00
4573,129,4852,2026-10-18 17:00:00
4574,129,4403,2026-10-16 08:00:00
4575,129,919,2026-10-18 09:00:00
4576,935,3006,2026-03-23 08:00:00
4577,935,3027,2026-03-26 15:00:00
4578,935,87,2026-03-24 03:00:00
4579,935,4136,2026-03-22 04:00:00
4580,2182,3228,2026-11-01 20:00:00
4581,383,1771,2026-09-29 02:00:00
4582,383,3328,2026-10-01 13:00:00
4583,383,1038,2026-09-28 07:00:00
4584,2466,4715,2025-11-09 09:00:00
4585,2466,3388,2025-11-11 16:00:00
4586,2466,1788,2025-11-07 18:00:00
4587,1693,3916,2026-09-01 10:00:00
4588,1693,346,2026-09-06 01:00:00
4589,1693,3023,2026-09-01 01:00:00
4590,407,520,2026-04-18 11:00:00
4591,407,5386,2026-04-19 07:00:00
4592,407,4941,2026-04-20 07:00:00
4593,3049,3050,2026-05-06 20:00:00
4594,3049,259,2026-05-07 15:00:00
4595,3049,314,2026-05-10 20:00:00
4596,3049,500,2026-05-10 14:00:00
4597,2124,722,2025-11-29 19:00:00
4598,2124,514,2025-11-26 04:00:00
4599,2124,618,2025-11-26 15:00:00
4600,465,520,2026-12-08 06:00:00
4601,1862,4229,2026-12-25 04:00:00
4602,1862,1205,2026-12-25 11:00:00
4603,2769,1445,2025-12-01 18:00:00
4604,85,4412,2026-04-08 04:00:00
4605,23,5405,2026-04-08 11:00:00
4606,23,3405,2026-04-06 20:02:53
4607,23,563,2026-04-09 17:00:00
4608,725,1845,2025-11-18 03:00:00
4609,725,4092,2025-11-16 18:00:00
4610,725,158,2025-11-20 13:00:00
4611,1820,4481,2026-02-13 18:00:00
4612,1820,3781,2026-02-13 15:00:00
4613,1820,2335,2026-02-12 15:00:00
4614,1880,1169,2026-02-16 10:00:00
4615,1880,4676,2026-02-13 09:00:00
4616,2476,679,2026-04-02 04:00:00
4617,2476,255,2026-03-28 17:00:00
4618,2476,2422,2026-04-02 17:00:00
4619,2476,5340,2026-04-01 08:00:00
4620,838,4836,2025-05-19 19:00:00
4621,838,78,2025-05-18 08:00:00
4622,838,641,2025-05-19 07:00:00
4623,1447,3108,2026-05-27 05:00:00
4624,1447,275,2026-05-29 04:00:00
4625,1447,2479,2026-05-28 05:00:00
4626,1447,4320,2026-05-29 19:00:00
4627,2968,4728,2026-12-03 19:00:00
4628,2968,2809,2026-12-03 18:00:00
4629,2968,1466,2026-12-05 19:00:00
4630,895,1015,2026-12-31 20:00:00
4631,1810,4925,2025-08-17 01:00:00
4632,1810,1180,2025-08-15 18:00:00
4633,1810,3823,2025-08-16 07:00:00
4634,2463,2229,2025-12-20 17:00:00
4635,2463,1016,2025-12-20 10:00:00
4636,2463,804,2025-12-24 17:00:00
4637,115,511,2025-08-16 16:00:00
4638,115,1249,2025-08-16 17:00:00
4639,115,1216,2025-08-14 06:00:00
4640,115,1083,2025-08-15 19:00:00
4641,2960,5309,2026-06-03 08:00:00
4642,1916,2020,2026-03-06 08:00:00
4643,1916,2119,2026-03-08 10:00:00
4644,1916,2664,2026-03-03 07:00:00
4645,1916,2095,2026-03-05 02:00:00
4646,1680,1067,2026-11-11 04:00:00
4647,1680,988,2026-11-06 15:00:00
4648,2619,703,2026-10-18 02:00:00
4649,2619,2656,2026-10-22 05:00:00
4650,2619,2992,2026-10-19 04:00:00
4651,903,2130,2026-01-31 18:00:00
4652,903,4644,2026-01-26 12:00:00
4653,903,4953,2026-01-28 16:00:00
4654,1998,4344,2026-07-18 08:00:00
4655,2618,758,2026-06-13 07:00:00
4656,2618,176,2026-06-11 02:00:00
4657,2618,5196,2026-06-10 13:00:00
4658,2618,1343,2026-06-10 09:00:00
4659,1655,2970,2025-08-29 10:00:00
4660,1655,2402,2025-08-31 04:00:00
4661,1655,678,2025-09-02 05:00:00
4662,2042,3675,2026-10-23 16:00:00
4663,1159,811,2025-10-09 15:00:00
4664,1159,2349,2025-10-09 17:00:00
4665,840,4915,2026-11-02 09:00:00
4666,3184,4501,2026-07-20 10:00:00
4667,2587,2964,2026-02-03 19:00:00
4668,1160,3608,2026-01-12 06:00:00
4669,1629,5196,2026-07-29 07:00:00
4670,1629,3499,2026-07-31 02:00:00
4671,1629,346,2026-08-03 20:00:00
4672,734,1931,2026-10-18 15:00:00
4673,734,839,2026-10-22 07:00:00
4674,734,335,2026-10-21 15:00:00
4675,734,1799,2026-10-20 09:00:00
4676,524,1809,2026-12-06 09:00:00
4677,2621,5321,2026-11-05 06:00:00
4678,2621,1178,2026-11-09 12:00:00
4679,2621,5318,2026-11-06 14:00:00
4680,3108,4230,2026-12-26 02:00:00
4681,3108,1851,2026-12-27 10:00:00
4682,3108,4546,2026-12-29 06:00:00
4683,3108,3136,2026-12-26 14:00:00
4684,442,5118,2026-07-07 12:00:00
4685,442,1604,2026-07-07 08:00:00
4686,442,1353,2026-07-05 05:00:00
4687,27,324,2026-02-05 19:00:00
4688,27,3563,2026-02-02 01:00:00
4689,2791,950,2026-05-03 07:00:00
4690,2791,147,2026-05-08 09:00:00
4691,2791,671,2026-05-08 11:00:00
4692,2328,3900,2026-09-21 13:00:00
4693,2328,5447,2026-09-23 15:00:00
4694,694,1384,2026-07-07 15:00:00
4695,694,1618,2026-07-07 04:00:00
4696,1436,4804,2026-05-21 05:00:00
4697,347,831,2025-11-02 17:00:00
4698,347,3231,2025-11-02 07:00:00
4699,347,4993,2025-11-03 15:00:00
4700,347,1561,2025-11-04 13:00:00
4701,1463,4171,2026-12-13 11:00:00
4702,1463,4797,2026-12-10 01:00:00
4703,1463,1099,2026-12-10 06:00:00
4704,1463,3887,2026-12-10 13:00:00
4705,128,878,2026-10-06 01:00:00
4706,128,1771,2026-10-05 08:00:00
4707,128,1412,2026-10-09 02:00:00
4708,128,780,2026-10-07 09:00:00
4709,2360,291,2026-11-13 16:00:00
4710,2360,801,2026-11-10 10:00:00
4711,1911,1236,2026-09-06 10:00:00
4712,1911,1353,2026-09-07 09:00:00
4713,1911,4983,2026-09-10 01:00:00
4714,1588,703,2026-04-17 02:00:00
4715,1588,1428,2026-04-22 05:00:00
4716,1588,283,2026-04-19 20:00:00
4717,1588,2897,2026-04-19 15:00:00
4718,3067,152,2026-07-25 06:00:00
4719,3067,2466,2026-07-23 01:00:00
4720,3067,4783,2026-07-24 19:00:00
4721,3067,1335,2026-07-23 13:00:00
4722,21,4277,2026-05-06 04:00:00
4723,21,1569,2026-05-06 07:00:00
4724,21,701,2026-05-03 16:00:00
4725,21,443,2026-05-07 19:00:00
4726,1781,1940,2026-09-03 04:00:00
4727,1781,3611,2026-08-30 10:00:00
4728,1781,3794,2026-09-03 11:00:00
4729,32,2594,2026-12-15 05:00:00
4730,32,1346,2026-12-19 04:00:00
4731,1154,4806,2026-01-06 04:00:00
4732,1154,3840,2026-01-02 06:00:00
4733,65,1705,2026-05-08 12:00:00
4734,657,942,2026-02-09 16:00:00
4735,434,5478,2026-08-09 06:00:00
4736,434,397,2026-08-10 13:00:00
4737,434,2101,2026-08-13 06:00:00
4738,434,1249,2026-08-13 03:00:00
4739,1064,21,2026-06-22 12:00:00
4740,2380,3715,2026-12-18 09:00:00
4741,2380,2580,2026-12-13 02:00:00
4742,2380,4488,2026-12-15 18:00:00
4743,472,4780,2026-08-21 02:00:00
4744,1651,4352,2026-12-18 14:00:00
4745,1651,4534,2026-12-19 12:00:00
4746,1651,237,2026-12-13 15:00:00
4747,1851,780,2026-09-27 17:00:00
4748,1851,2910,2026-10-02 02:00:00
4749,1851,4367,2026-10-02 11:00:00
4750,774,2975,2025-07-29 10:00:00
4751,774,4305,2025-07-27 02:00:00
4752,106,928,2026-11-08 10:00:00
4753,2113,2074,2026-11-02 12:00:00
4754,2113,4905,2026-11-05 17:00:00
4755,2113,382,2026-10-30 07:00:00
4756,1017,3086,2026-04-23 03:00:00
4757,1017,1900,2026-04-20 03:00:00
4758,71,1413,2025-09-23 04:00:00
4759,71,4650,2025-09-27 07:00:00
4760,71,2012,2025-09-24 18:00:00
4761,71,2891,2025-09-26 07:00:00
4762,2396,5019,2026-10-16 12:00:00
4763,2396,1758,2026-10-20 19:00:00
4764,387,833,2026-04-22 09:00:00
4765,387,434,2026-04-25 11:00:00
4766,1457,740,2026-12-19 17:00:00
4767,1457,1090,2026-12-16 01:00:00
4768,1457,1003,2026-12-22 18:00:00
4769,1457,4952,2026-12-16 02:00:00
4770,2735,2321,2026-05-22 05:00:00
4771,2735,1583,2026-05-26 08:00:00
4772,747,3116,2026-07-07 13:00:00
4773,747,2726,2026-07-09 20:00:00
4774,747,3911,2026-07-09 11:00:00
4775,2470,2393,2026-04-08 13:00:00
4776,2470,2738,2026-04-07 04:00:00
4777,2470,5465,2026-04-07 09:00:00
4778,1269,2829,2026-07-28 17:00:00
4779,1269,1460,2026-07-27 12:00:00
4780,1269,1341,2026-07-29 08:00:00
4781,1269,1353,2026-07-30 20:00:00
4782,672,769,2026-06-12 07:00:00
4783,672,1658,2026-06-14 14:00:00
4784,672,1622,2026-06-09 20:00:00
4785,672,908,2026-06-15 10:00:00
4786,3036,3542,2026-11-13 02:00:00
4787,2752,5203,2026-06-20 14:00:00
4788,2176,5225,2026-02-01 16:00:00
4789,2176,3375,2026-02-03 10:00:00
4790,2176,2068,2026-02-01 16:00:00
4791,1132,661,2027-01-01 20:00:00
4792,1132,1793,2026-12-30 08:00:00
4793,1132,2485,2026-12-30 10:00:00
4794,250,4453,2026-07-16 17:00:00
4795,250,3477,2026-07-15 17:00:00
4796,250,4784,2026-07-15 13:00:00
4797,250,2672,2026-07-12 20:00:00
4798,1015,4485,2026-03-28 03:00:00
4799,1015,3524,2026-03-29 02:00:00
4800,3041,3527,2027-01-01 10:00:00
4801,2727,705,2026-12-31 12:00:00
4802,2727,817,2026-12-30 14:00:00
4803,2727,101,2027-01-02 01:00:00
4804,2727,1728,2026-12-30 11:00:00
4805,2388,4518,2026-07-09 15:00:00
4806,2388,1480,2026-07-10 20:00:00
4807,2388,966,2026-07-13 20:00:00
4808,2388,4648,2026-07-13 09:00:00
4809,1844,1003,2026-10-31 14:00:00
4810,1844,5310,2026-11-02 19:00:00
4811,1844,177,2026-10-30 03:00:00
4812,1844,4624,2026-11-01 07:00:00
4813,855,3538,2026-07-15 20:00:00
4814,855,2604,2026-07-15 11:00:00
4815,855,4519,2026-07-15 20:00:00
4816,466,17,2026-12-17 06:00:00
4817,466,5036,2026-12-22 03:00:00
4818,466,255,2026-12-22 02:00:00
4819,2363,1352,2026-09-05 01:00:00
4820,1965,4407,2026-11-22 17:00:00
4821,339,1043,2026-09-06 18:00:00
4822,339,2673,2026-09-10 13:00:00
4823,339,3810,2026-09-05 04:00:00
4824,339,1764,2026-09-11 10:00:00
4825,1043,568,2026-12-24 13:00:00
4826,1043,3937,2026-12-19 08:00:00
4827,1043,206,2026-12-18 14:00:00
4828,2625,4938,2026-12-30 12:00:00
4829,2289,4417,2025-11-20 10:00:00
4830,2289,1233,2025-11-21 03:00:00
4831,2319,4294,2025-08-21 08:00:00
4832,2319,1982,2025-08-21 16:00:00
4833,2319,4001,2025-08-22 03:00:00
4834,26,808,2026-01-24 08:00:00
4835,26,4855,2026-01-24 18:00:00
4836,26,4149,2026-01-26 18:00:00
4837,26,436,2026-01-26 18:00:00
4838,1321,2024,2026-07-09 19:00:00
4839,1321,2004,2026-07-14 15:00:00
4840,1321,1429,2026-07-11 05:00:00
4841,1321,1727,2026-07-09 14:00:00
4842,2286,44,2026-10-31 06:00:00
4843,1869,3228,2026-01-20 11:00:00
4844,1869,1161,2026-01-14 03:00:00
4845,1869,4458,2026-01-19 14:00:00
4846,1869,5258,2026-01-17 11:00:00
4847,317,5017,2026-12-09 03:00:00
4848,392,2611,2026-12-10 09:00:00
4849,392,3347,2026-12-10 03:00:00
4850,2726,3432,2026-12-28 01:00:00
4851,2726,3652,2026-12-26 20:00:00
4852,2726,824,2026-12-27 14:00:00
4853,2726,4718,2026-12-31 12:00:00
4854,1477,2795,2026-07-16 12:00:00
4855,1268,4525,2026-02-27 12:00:00
4856,1268,890,2026-03-02 19:00:00
4857,1685,3900,2026-09-24 02:00:00
4858,1685,5172,2026-09-20 14:00:00
4859,773,4285,2026-12-06 09:00:00
4860,773,2092,2026-12-05 09:00:00
4861,613,1141,2025-07-17 09:00:00
4862,613,4437,2025-07-15 19:00:00
4863,613,853,2025-07-15 11:00:00
4864,613,4340,2025-07-20 09:00:00
4865,2184,640,2026-12-07 10:00:00
4866,2184,501,2026-12-01 18:00:00
4867,1662,63,2025-07-23 19:00:00
4868,1662,449,2025-07-26 14:00:00
4869,1662,2107,2025-07-24 19:00:00
4870,1381,3224,2026-09-22 14:00:00
4871,1476,4791,2026-05-12 12:00:00
4872,1476,4587,2026-05-10 13:00:00
4873,2088,774,2026-09-17 20:00:00
4874,2088,1030,2026-09-18 11:00:00
4875,2088,3976,2026-09-13 16:00:00
4876,2224,3602,2026-09-22 15:00:00
4877,173,2287,2026-02-11 15:00:00
4878,173,2009,2026-02-10 09:00:00
4879,495,5057,2025-11-01 16:00:00
4880,495,553,2025-10-31 03:00:00
4881,2644,1543,2026-12-16 10:00:00
4882,2644,146,2026-12-15 10:00:00
4883,2644,1163,2026-12-17 10:00:00
4884,2644,2717,2026-12-16 01:00:00
4885,414,2790,2026-12-20 18:00:00
4886,414,5442,2026-12-20 03:00:00
4887,414,1258,2026-12-16 16:00:00
4888,1573,1487,2026-07-13 17:00:00
4889,1573,22,2026-07-12 19:00:00
4890,1573,5363,2026-07-10 19:00:00
4891,2236,4736,2026-12-05 20:00:00
4892,2236,1834,2026-12-07 05:00:00
4893,2236,448,2026-12-06 14:00:00
4894,2236,1550,2026-12-11 04:00:00
4895,224,5100,2025-12-20 15:00:00
4896,2650,3103,2026-11-19 10:00:00
4897,2650,466,2026-11-16 14:00:00
4898,2650,3163,2026-11-21 02:00:00
4899,2745,338,2026-09-17 11:00:00
4900,2745,1091,2026-09-20 01:00:00
4901,2745,4501,2026-09-19 06:00:00
4902,2745,1809,2026-09-16 13:00:00
4903,1063,1346,2025-11-25 19:00:00
4904,1063,1139,2025-11-26 09:00:00
4905,2128,1942,2026-09-24 08:00:00
4906,1604,4918,2026-08-09 16:00:00
4907,1604,1419,2026-08-10 06:00:00
4908,1604,4519,2026-08-11 02:00:00
4909,2721,3270,2026-01-18 07:00:00
4910,2721,5250,2026-01-19 03:00:00
4911,2721,964,2026-01-17 02:00:00
4912,2721,1180,2026-01-21 13:00:00
4913,2538,3929,2026-12-29 15:00:00
4914,2538,770,2026-12-28 16:00:00
4915,2538,3017,2026-12-27 02:00:00
4916,677,4024,2026-05-22 11:00:00
4917,677,1475,2026-05-21 20:00:00
4918,1424,275,2026-01-29 18:00:00
4919,1424,97,2026-02-02 10:00:00
4920,1458,5098,2026-10-09 04:00:00
4921,1458,4795,2026-10-04 18:00:00
4922,1458,3268,2026-10-05 06:00:00
4923,1458,2488,2026-10-08 20:00:00
4924,2778,2637,2025-05-02 11:00:00
4925,2778,2285,2025-05-01 20:00:00
4926,2778,1509,2025-04-27 02:00:00
4927,2778,731,2025-04-29 16:00:00
4928,2041,44,2026-02-16 17:00:00
4929,3004,5386,2026-09-07 15:00:00
4930,3004,4543,2026-09-06 15:00:00
4931,786,5398,2026-03-06 09:00:00
4932,786,3985,2026-03-04 16:00:00
4933,786,1569,2026-03-07 03:00:00
4934,1437,4799,2026-12-06 02:00:00
4935,2700,811,2026-12-06 18:00:00
4936,2700,2374,2026-12-08 16:00:00
4937,2700,5112,2026-12-02 09:00:00
4938,591,1900,2026-06-04 11:00:00
4939,591,2994,2026-06-01 03:00:00
4940,1460,319,2026-01-26 16:00:00
4941,1508,4405,2026-12-09 06:00:00
4942,1508,2994,2026-12-10 08:00:00
4943,2695,2306,2025-12-03 18:00:00
4944,504,1598,2026-12-25 02:00:00
4945,1858,600,2026-09-28 15:00:00
4946,1858,2684,2026-10-04 12:00:00
4947,1858,947,2026-09-29 14:00:00
4948,1858,1622,2026-10-02 07:00:00
4949,2919,1355,2026-05-19 09:00:00
4950,2919,5279,2026-05-15 07:00:00
4951,2919,2044,2026-05-17 14:00:00
4952,2919,4693,2026-05-20 07:00:00
4953,2829,2910,2026-12-31 15:00:00
4954,2829,1965,2026-12-28 03:00:00
4955,2829,3226,2026-12-30 18:00:00
4956,3135,1702,2026-09-01 02:00:00
4957,3135,1079,2026-09-07 09:00:00
4958,1637,5336,2026-12-20 11:00:00
4959,1637,5018,2026-12-23 17:00:00
4960,960,97,2026-08-29 11:00:00
4961,960,4787,2026-08-29 06:00:00
4962,1388,298,2026-09-11 14:00:00
4963,1388,5178,2026-09-07 13:00:00
4964,1388,4459,2026-09-13 01:00:00
4965,1388,4902,2026-09-09 15:00:00
4966,404,3135,2026-07-08 15:00:00
4967,810,3786,2026-09-12 19:00:00
4968,810,4906,2026-09-13 06:00:00
4969,810,562,2026-09-12 19:00:00
4970,1181,4175,2026-11-23 06:00:00
4971,1948,4874,2026-09-19 18:00:00
4972,1948,4799,2026-09-14 02:00:00
4973,1223,3286,2026-06-06 04:00:00
4974,1395,5302,2025-07-09 15:00:00
4975,1395,71,2025-07-14 06:00:00
4976,1395,1462,2025-07-10 15:00:00
4977,1395,2640,2025-07-12 04:00:00
4978,1062,2172,2026-11-04 16:00:00
4979,1062,1549,2026-10-30 03:00:00
4980,1062,3431,2026-11-01 18:00:00
4981,2072,2061,2026-12-08 09:00:00
4982,2072,1617,2026-12-06 13:00:00
4983,3042,610,2026-12-26 09:00:00
4984,3042,3904,2026-12-30 19:00:00
4985,3042,4346,2026-12-24 20:00:00
4986,3042,5195,2026-12-30 14:00:00
4987,2149,1037,2026-05-23 14:00:00
4988,2149,944,2026-05-27 12:00:00
4989,2149,2809,2026-05-26 05:00:00
4990,1287,4458,2026-08-01 20:00:00
4991,3075,2478,2026-03-02 04:00:00
4992,2737,3837,2026-09-27 03:00:00
4993,592,1984,2026-08-12 08:00:00
4994,1479,1274,2026-02-19 08:00:00
4995,352,5197,2025-05-27 14:00:00
4996,352,582,2025-05-26 19:00:00
4997,352,675,2025-05-27 08:00:00
4998,1614,4574,2026-08-30 04:00:00
4999,158,2065,2026-05-28 06:00:00
5000,140,1716,2025-06-01 15:00:00
5001,140,2965,2025-05-27 04:00:00
5002,140,2364,2025-05-31 16:00:00
5003,2397,1353,2026-11-11 20:00:00
5004,2397,691,2026-11-08 04:00:00
5005,2397,2096,2026-11-07 16:00:00
5006,2397,5003,2026-11-13 15:00:00
5007,849,4993,2025-09-25 18:00:00
5008,1617,1316,2026-08-14 08:00:00
5009,1617,2126,2026-08-12 18:00:00
5010,1617,407,2026-08-11 12:00:00
5011,66,1192,2026-01-26 01:00:00
5012,1082,1911,2026-06-16 04:00:00
5013,2506,3693,2027-01-02 09:00:00
5014,2506,4955,2027-01-03 09:00:00
5015,2506,4829,2027-01-04 05:00:00
5016,2373,1651,2026-05-23 11:00:00
5017,2373,1409,2026-05-22 08:00:00
5018,2373,3199,2026-05-23 14:00:00
5019,2373,4777,2026-05-23 20:00:00
5020,292,4215,2026-09-29 05:00:00
5021,1112,2096,2026-12-05 15:00:00
5022,1112,5443,2026-12-03 07:00:00
5023,1112,1417,2026-12-01 13:00:00
5024,1112,3035,2026-12-05 07:00:00
5025,2992,1920,2025-03-03 10:00:00
5026,1611,3103,2026-07-02 03:00:00
5027,1611,3847,2026-06-27 20:00:00
5028,1611,1449,2026-07-02 02:00:00
5029,1802,2237,2026-10-27 12:00:00
5030,1802,666,2026-10-26 11:00:00
5031,453,681,2026-10-14 19:00:00
5032,453,2968,2026-10-11 06:00:00
5033,453,4887,2026-10-17 17:00:00
5034,2921,5286,2026-12-03 20:00:00
5035,2921,4074,2026-12-03 11:00:00
5036,2134,3536,2025-07-02 10:00:00
5037,2134,2526,2025-06-28 14:00:00
5038,2134,3517,2025-06-29 18:00:00
5039,978,1112,2026-03-09 16:00:00
5040,978,4179,2026-03-12 01:00:00
5041,2568,3698,2026-09-17 19:00:00
5042,2568,5060,2026-09-19 16:00:00
5043,2568,896,2026-09-18 09:00:00
5044,2568,3311,2026-09-16 03:00:00
5045,2346,5437,2026-07-02 11:00:00
5046,2346,1198,2026-06-28 12:00:00
5047,2382,352,2026-06-24 11:00:00
5048,1050,1892,2025-05-04 14:00:00
5049,1050,2006,2025-05-05 11:00:00
5050,1050,1086,2025-05-03 03:00:00
5051,1766,2120,2026-10-10 01:00:00
5052,1444,4482,2026-10-21 15:00:00
5053,1444,1056,2026-10-20 17:00:00
5054,1444,2174,2026-10-17 12:00:00
5055,229,863,2026-10-22 18:00:00
5056,2599,1210,2026-03-07 07:00:00
5057,2599,780,2026-03-09 09:00:00
5058,2599,761,2026-03-04 05:00:00
5059,3168,5138,2026-12-30 09:00:00
5060,1871,1863,2026-05-15 04:00:00
5061,1871,4820,2026-05-13 15:00:00
5062,1871,1840,2026-05-12 03:00:00
5063,1871,3816,2026-05-16 13:00:00
5064,777,3699,2025-07-11 13:00:00
5065,777,4494,2025-07-08 09:00:00
5066,777,5493,2025-07-09 03:00:00
5067,637,888,2026-05-01 17:00:00
5068,637,4524,2026-05-03 16:00:00
5069,1361,3115,2026-10-03 04:00:00
5070,1689,1685,2026-12-20 20:00:00
5071,2668,2781,2026-08-30 13:00:00
5072,2668,133,2026-08-31 13:00:00
5073,2668,5442,2026-08-27 11:00:00
5074,2668,3421,2026-08-28 10:00:00
5075,948,271,2026-12-27 13:00:00
5076,2337,1140,2026-04-11 02:00:00
5077,2337,316,2026-04-06 10:00:00
5078,424,5268,2026-08-27 06:00:00
5079,424,2678,2026-09-01 08:00:00
5080,1886,4131,2026-11-02 10:00:00
5081,1886,5260,2026-11-02 11:00:00
5082,1886,1389,2026-11-05 13:00:00
5083,2006,4434,2026-04-23 02:00:00
5084,1521,3886,2026-12-05 03:00:00
5085,1521,1976,2026-12-07 12:00:00
5086,2064,1608,2025-12-27 11:00:00
5087,2064,5139,2025-12-27 10:00:00
5088,2064,708,2025-12-27 19:00:00
5089,1421,1953,2025-08-12 16:00:00
5090,1421,4573,2025-08-15 19:00:00
5091,1421,868,2025-08-15 15:00:00
5092,1470,896,2026-08-20 13:00:00
5093,1470,561,2026-08-21 05:00:00
5094,1336,1994,2026-08-18 18:00:00
5095,1336,1458,2026-08-17 11:00:00
5096,1336,4999,2026-08-22 18:00:00
5097,828,3369,2026-12-23 02:00:00
5098,929,1447,2026-10-26 06:00:00
5099,929,654,2026-10-24 16:00:00
5100,929,3992,2026-10-22 07:00:00
5101,60,5277,2026-07-27 17:00:00
5102,60,5403,2026-07-26 18:00:00
5103,60,1017,2026-07-29 04:00:00
5104,60,739,2026-07-25 20:00:00
5105,1828,1424,2026-07-17 07:00:00
5106,1828,2355,2026-07-17 17:00:00
5107,2979,88,2026-02-06 20:00:00
5108,2979,325,2026-02-07 08:00:00
5109,468,761,2026-12-17 05:00:00
5110,468,1939,2026-12-15 06:00:00
5111,468,4852,2026-12-13 05:00:00
5112,468,3582,2026-12-15 18:00:00
5113,3194,872,2026-11-30 11:00:00
5114,3194,659,2026-12-01 06:00:00
5115,1484,1921,2026-10-04 08:00:00
5116,1484,4866,2026-10-03 01:00:00
5117,1484,2129,2026-10-02 10:00:00
5118,3098,5318,2026-06-23 01:00:00
5119,437,2241,2026-12-25 16:00:00
5120,437,1437,2026-12-25 04:00:00
5121,187,986,2026-07-10 20:00:00
5122,187,2974,2026-07-10 02:00:00
5123,187,3133,2026-07-09 03:00:00
5124,187,4043,2026-07-08 01:00:00
5125,2170,2515,2026-03-02 19:00:00
5126,50,2477,2026-06-16 02:00:00
5127,50,3995,2026-06-20 05:00:00
5128,50,641,2026-06-17 04:00:00
5129,50,420,2026-06-18 20:00:00
5130,2189,478,2026-05-14 15:00:00
5131,1725,2201,2026-12-23 03:00:00
5132,1725,1790,2026-12-23 18:00:00
5133,1725,171,2026-12-28 06:00:00
5134,915,5017,2025-10-14 09:00:00
5135,915,4644,2025-10-14 14:00:00
5136,915,3222,2025-10-13 16:00:00
5137,915,103,2025-10-13 18:00:00
5138,1416,391,2026-10-27 10:00:00
5139,759,4131,2026-08-29 14:00:00
5140,759,5447,2026-09-01 03:00:00
5141,2710,25,2026-10-29 16:00:00
5142,2710,1652,2026-10-23 13:00:00
5143,817,300,2026-05-22 17:00:00
5144,328,2623,2026-12-01 12:00:00
5145,328,1685,2026-12-01 01:00:00
5146,328,961,2026-12-02 13:00:00
5147,1839,458,2026-11-07 20:00:00
5148,1839,4819,2026-11-09 15:00:00
5149,1839,5111,2026-11-12 18:00:00
5150,1839,1346,2026-11-12 14:00:00
5151,2940,4956,2026-10-04 09:00:00
5152,2940,4482,2026-10-08 02:00:00
5153,2655,543,2025-08-07 10:00:00
5154,2655,1052,2025-08-13 02:00:00
5155,2655,3679,2025-08-07 02:00:00
5156,2655,4977,2025-08-09 13:00:00
5157,1831,1216,2026-11-28 01:00:00
5158,1831,5117,2026-12-04 06:00:00
5159,1831,4656,2026-12-01 13:00:00
5160,1831,4521,2026-11-30 09:00:00
5161,727,742,2026-07-27 09:00:00
5162,727,4983,2026-07-27 09:00:00
5163,2659,826,2025-11-23 12:00:00
5164,2659,1429,2025-11-25 01:00:00
5165,2067,1466,2026-12-31 12:00:00
5166,2067,4930,2026-12-30 03:00:00
5167,2067,4779,2026-12-31 03:00:00
5168,2067,3698,2027-01-03 07:00:00
5169,2339,2958,2026-10-21 04:00:00
5170,2339,5404,2026-10-22 02:00:00
5171,2339,3561,2026-10-20 13:00:00
5172,553,4394,2026-11-28 17:00:00
5173,2094,3209,2026-12-18 07:00:00
5174,2094,1802,2026-12-15 05:00:00
5175,2094,493,2026-12-20 01:00:00
5176,701,17,2026-10-08 04:00:00
5177,701,4707,2026-10-04 20:00:00
5178,701,5064,2026-10-04 02:00:00
5179,701,5090,2026-10-06 03:00:00
5180,76,2238,2025-06-08 08:00:00
5181,76,4760,2025-06-12 17:00:00
5182,76,445,2025-06-11 08:00:00
5183,565,3855,2026-11-12 09:00:00
5184,565,1049,2026-11-12 08:00:00
5185,565,51,2026-11-14 09:00:00
5186,565,461,2026-11-18 11:00:00
5187,1466,4952,2026-12-26 12:00:00
5188,1466,4584,2026-12-22 13:00:00
5189,1143,2450,2025-12-13 04:00:00
5190,1143,1823,2025-12-09 09:00:00
5191,1143,2571,2025-12-12 18:00:00
5192,1143,5171,2025-12-12 06:00:00
5193,1532,3694,2026-04-19 08:00:00
5194,1532,3734,2026-04-18 05:00:00
5195,1532,831,2026-04-22 16:00:00
5196,2460,4147,2025-10-20 10:00:00
5197,2460,3650,2025-10-25 09:00:00
5198,2460,3921,2025-10-26 09:00:00
5199,2779,2287,2025-08-16 09:00:00
5200,2779,434,2025-08-10 12:00:00
5201,2779,1144,2025-08-13 08:00:00
5202,1024,4521,2026-01-31 10:00:00
5203,1024,2854,2026-01-28 05:00:00
5204,1024,5366,2026-02-03 12:00:00
5205,1024,4187,2026-01-31 13:00:00
5206,1812,2008,2026-10-15 08:00:00
5207,1812,2144,2026-10-15 12:00:00
5208,2294,4315,2026-06-28 15:00:00
5209,692,2161,2026-07-20 14:00:00
5210,692,4836,2026-07-22 10:00:00
5211,692,4672,2026-07-22 12:00:00
5212,692,5170,2026-07-19 07:00:00
5213,73,3906,2026-10-31 19:00:00
5214,1277,5434,2026-10-16 20:00:00
5215,1277,4540,2026-10-17 20:00:00
5216,3020,3670,2026-12-18 11:00:00
5217,3020,2171,2026-12-17 14:00:00
5218,3020,742,2026-12-19 03:00:00
5219,3020,4688,2026-12-18 09:00:00
5220,575,1003,2025-11-03 15:00:00
5221,575,3780,2025-11-04 09:00:00
5222,3117,4922,2026-08-25 20:00:00
5223,938,5410,2026-03-06 03:00:00
5224,938,708,2026-03-05 16:00:00
5225,938,2682,2026-03-06 13:00:00
5226,2058,3176,2026-12-17 08:00:00
5227,806,3458,2026-09-03 07:00:00
5228,82,1198,2026-11-30 17:00:00
5229,82,923,2026-11-29 03:00:00
5230,82,3518,2026-11-29 07:00:00
5231,82,1411,2026-12-03 19:00:00
5232,1387,3921,2026-06-07 17:00:00
5233,1387,1279,2026-06-07 04:00:00
5234,2583,3819,2026-11-28 05:00:00
5235,2583,3641,2026-11-27 07:00:00
5236,322,2082,2025-10-11 07:00:00
5237,322,2026,2025-10-11 16:00:00
5238,322,2209,2025-10-10 14:00:00
5239,2364,1751,2026-09-29 11:00:00
5240,2364,2667,2026-09-30 04:00:00
5241,3160,3243,2026-11-27 15:00:00
5242,3160,3802,2026-12-03 02:00:00
5243,3160,1754,2026-12-01 03:00:00
5244,3160,574,2026-12-02 18:00:00
5245,300,2541,2026-07-29 14:00:00
5246,300,2102,2026-07-28 19:00:00
5247,2577,301,2026-12-15 02:00:00
5248,2577,3856,2026-12-10 14:00:00
5249,2577,2870,2026-12-15 04:00:00
5250,1619,103,2026-02-04 16:00:00
5251,1619,642,2026-02-06 11:00:00
5252,1619,2606,2026-02-05 08:00:00
5253,1619,4771,2026-02-03 04:00:00
5254,604,1212,2026-04-06 13:00:00
5255,604,615,2026-04-05 17:00:00
5256,2881,2256,2026-08-06 05:00:00
5257,2881,4057,2026-08-07 13:00:00
5258,2881,2229,2026-08-07 05:00:00
5259,3122,397,2026-10-22 10:00:00
5260,3122,444,2026-10-22 03:00:00
5261,1119,419,2026-10-14 07:00:00
5262,1119,1805,2026-10-13 03:00:00
5263,1119,889,2026-10-17 08:00:00
5264,1119,618,2026-10-18 15:00:00
5265,2537,4059,2026-06-13 10:00:00
5266,2537,1429,2026-06-10 04:00:00
5267,2537,2317,2026-06-12 10:00:00
5268,1670,3595,2027-01-01 10:00:00
5269,1670,800,2026-12-31 15:00:00
5270,1670,3291,2026-12-28 20:00:00
5271,708,1016,2025-12-30 15:00:00
5272,2499,3163,2026-10-12 13:00:00
5273,2535,4436,2026-03-10 13:00:00
5274,2535,3751,2026-03-15 01:00:00
5275,2535,3249,2026-03-10 19:00:00
5276,2535,760,2026-03-12 02:00:00
5277,102,3144,2026-11-16 04:00:00
5278,102,1162,2026-11-22 17:00:00
5279,102,295,2026-11-21 01:00:00
5280,102,3171,2026-11-17 02:00:00
5281,765,3264,2026-11-20 02:00:00
5282,765,116,2026-11-19 19:00:00
5283,765,4937,2026-11-22 06:00:00
5284,765,3958,2026-11-19 11:00:00
5285,1319,2770,2026-12-03 02:00:00
5286,1319,3431,2026-12-08 07:00:00
5287,1319,3669,2026-12-06 02:00:00
5288,696,5401,2026-12-25 07:00:00
5289,98,1370,2026-11-08 20:00:00
5290,98,2011,2026-11-12 20:00:00
5291,150,5273,2026-08-17 13:00:00
5292,150,413,2026-08-18 12:00:00
5293,1288,1084,2026-10-22 07:00:00
5294,2679,1017,2026-10-06 03:00:00
5295,2679,4971,2026-10-06 01:00:00
5296,2679,2418,2026-10-03 05:00:00
5297,2109,2634,2026-12-10 16:00:00
5298,2593,800,2026-10-11 01:00:00
5299,2593,498,2026-10-13 06:00:00
5300,2849,908,2026-05-28 17:00:00
5301,2849,3698,2026-06-01 20:00:00
5302,2114,2642,2026-11-08 05:00:00
5303,2114,41,2026-11-09 15:00:00
5304,2114,2464,2026-11-05 02:00:00
5305,614,2770,2026-05-11 12:00:00
5306,614,3770,2026-05-11 05:00:00
5307,3085,5470,2026-10-11 15:00:00
5308,3085,3343,2026-10-07 09:00:00
5309,3085,4752,2026-10-07 14:00:00
5310,3085,268,2026-10-07 19:00:00
5311,2595,4234,2026-12-28 11:00:00
5312,310,2920,2025-05-12 08:00:00
5313,1298,2462,2026-11-23 08:00:00
5314,1799,1381,2026-06-27 06:00:00
5315,1799,1568,2026-06-29 03:00:00
5316,1799,4894,2026-07-03 07:00:00
5317,1799,411,2026-06-29 12:00:00
5318,1399,2817,2025-10-05 20:00:00
5319,1399,5161,2025-10-05 04:00:00
5320,1561,1449,2025-12-04 10:00:00
5321,1561,4783,2025-12-03 12:00:00
5322,1561,4846,2025-12-04 19:00:00
5323,1561,1216,2025-12-01 08:00:00
5324,662,2787,2026-10-23 08:00:00
5325,662,5490,2026-10-25 17:00:00
5326,662,2697,2026-10-23 11:00:00
5327,662,1420,2026-10-25 19:00:00
5328,1332,4186,2026-01-22 10:00:00
5329,1332,1876,2026-01-21 17:00:00
5330,823,1478,2026-12-03 16:00:00
5331,823,2965,2026-12-01 15:00:00
5332,823,2320,2026-11-28 16:00:00
5333,2120,5003,2026-07-07 20:00:00
5334,2216,741,2026-07-11 08:00:00
5335,2216,3581,2026-07-06 18:00:00
5336,2216,914,2026-07-11 07:00:00
5337,1549,4888,2026-10-14 20:00:00
5338,3054,4981,2025-06-15 08:00:00
5339,3054,1279,2025-06-11 05:00:00
5340,3023,1890,2026-09-06 13:00:00
5341,3023,3291,2026-09-04 02:00:00
5342,3023,3411,2026-09-05 18:00:00
5343,3023,4424,2026-09-05 07:00:00
5344,621,4599,2026-12-26 20:00:00
5345,621,21,2026-12-24 04:00:00
5346,621,3127,2026-12-21 17:00:00
5347,1362,2074,2026-11-10 13:00:00
5348,1703,2795,2026-08-08 11:00:00
5349,1703,268,2026-08-11 01:00:00
5350,1703,5294,2026-08-07 02:00:00
5351,2674,3978,2025-12-22 08:00:00
5352,2674,3390,2025-12-23 07:00:00
5353,2580,2668,2026-05-21 11:00:00
5354,4,961,2026-05-15 09:00:00
5355,4,1067,2026-05-11 15:00:00
5356,1677,419,2025-09-08 11:00:00
5357,1677,344,2025-09-13 18:00:00
5358,2986,255,2026-12-21 20:00:00
5359,2986,5024,2026-12-20 06:00:00
5360,2986,899,2026-12-19 02:00:00
5361,2986,3601,2026-12-20 20:00:00
5362,2270,88,2026-11-19 08:00:00
5363,2270,5426,2026-11-19 04:00:00
5364,1988,3569,2026-11-25 08:00:00
5365,1988,3406,2026-11-25 11:00:00
5366,1988,16,2026-11-26 03:00:00
5367,2761,4192,2026-12-20 18:00:00
5368,558,4108,2026-11-06 15:00:00
5369,558,4909,2026-11-05 11:00:00
5370,558,4985,2026-11-05 11:00:00
5371,2662,811,2026-04-13 09:00:00
5372,2662,659,2026-04-09 19:00:00
5373,2662,300,2026-04-13 18:00:00
5374,2662,3136,2026-04-11 07:00:00
5375,2204,3945,2026-01-22 09:00:00
5376,2204,4744,2026-01-22 04:00:00
5377,2204,5058,2026-01-23 08:00:00
5378,2204,3741,2026-01-26 06:00:00
5379,2685,1798,2027-01-03 02:00:00
5380,2685,4676,2026-12-31 09:00:00
5381,2685,5458,2027-01-01 08:00:00
5382,42,775,2026-10-04 08:00:00
5383,2263,3338,2027-01-04 12:00:00
5384,2263,641,2027-01-04 04:00:00
5385,3068,1449,2026-11-13 04:00:00
5386,1698,2886,2026-12-07 06:00:00
5387,1698,1303,2026-12-07 02:00:00
5388,1356,4776,2026-12-31 20:00:00
5389,1356,2801,2027-01-01 05:00:00
5390,1356,1335,2027-01-05 03:00:00
5391,1356,1315,2027-01-06 11:00:00
5392,1171,4657,2026-10-28 06:00:00
5393,1171,668,2026-10-31 02:00:00
5394,385,32,2026-12-21 01:00:00
5395,385,4923,2026-12-21 06:00:00
5396,385,1863,2026-12-22 15:00:00
5397,1212,3228,2026-07-14 06:00:00
5398,1212,1920,2026-07-15 02:00:00
5399,861,4172,2026-04-02 05:00:00
5400,861,5123,2026-04-02 13:00:00
5401,861,1903,2026-04-04 16:00:00
5402,2806,1135,2025-10-04 19:00:00
5403,2806,3585,2025-10-03 19:00:00
5404,2806,3092,2025-10-09 09:00:00
5405,2806,79,2025-10-08 01:00:00
5406,2977,458,2027-01-01 12:00:00
5407,2977,1478,2027-01-06 06:00:00
5408,2977,136,2027-01-04 06:00:00
5409,2977,5207,2027-01-06 15:00:00
5410,1984,1727,2026-12-27 12:00:00
5411,825,2321,2026-12-28 01:00:00
5412,685,2227,2026-11-06 04:00:00
5413,685,4028,2026-11-04 12:00:00
5414,685,202,2026-11-02 03:00:00
5415,2478,1079,2026-05-02 18:00:00
5416,2478,5317,2026-05-05 17:00:00
5417,2478,1406,2026-05-05 05:00:00
5418,2834,4482,2026-09-28 13:00:00
5419,2834,4811,2026-10-01 05:00:00
5420,953,4019,2026-05-03 19:00:00
5421,953,3133,2026-05-08 19:00:00
5422,953,4461,2026-05-08 07:00:00
5423,1432,3326,2026-10-18 03:00:00
5424,1432,1101,2026-10-13 07:00:00
5425,902,4864,2025-08-01 14:00:00
5426,902,2760,2025-07-27 11:00:00
5427,1013,733,2025-07-30 01:00:00
5428,1013,755,2025-08-03 06:00:00
5429,3126,1570,2026-10-24 14:00:00
5430,3126,2760,2026-10-29 13:00:00
5431,594,4476,2025-06-13 16:00:00
5432,594,4263,2025-06-14 04:00:00
5433,594,1463,2025-06-13 09:00:00
5434,594,3440,2025-06-12 15:00:00
5435,208,428,2026-04-24 07:00:00
5436,208,4174,2026-04-27 05:00:00
5437,208,1890,2026-04-24 10:00:00
5438,208,2602,2026-04-27 03:00:00
5439,848,5394,2025-08-26 04:00:00
5440,848,4055,2025-08-23 03:00:00
5441,337,2556,2026-12-02 03:00:00
5442,2090,2039,2026-10-17 13:00:00
5443,1887,1258,2026-11-14 15:00:00
5444,3093,297,2026-02-22 02:00:00
5445,3093,5437,2026-02-20 03:00:00
5446,2689,1399,2025-09-03 18:00:00
5447,602,928,2026-10-11 01:00:00
5448,602,1167,2026-10-12 08:00:00
5449,602,2017,2026-10-15 11:00:00
5450,602,3763,2026-10-09 05:00:00
5451,3178,3467,2026-04-25 04:00:00
5452,3178,3766,2026-04-24 16:00:00
5453,3178,4963,2026-04-25 05:00:00
5454,3178,3623,2026-04-24 11:00:00
5455,870,2133,2026-09-16 04:00:00
5456,870,2160,2026-09-17 07:00:00
5457,1203,458,2026-07-02 15:00:00
5458,1203,2554,2026-07-01 04:00:00
5459,1203,1121,2026-07-04 12:00:00
5460,1883,1958,2026-11-06 09:00:00
5461,3032,1692,2025-07-03 16:00:00
5462,378,5181,2025-10-09 01:00:00
5463,378,2871,2025-10-05 10:00:00
5464,378,1355,2025-10-04 07:00:00
5465,378,2460,2025-10-09 01:00:00
5466,1231,1370,2026-01-09 02:00:00
5467,1231,4127,2026-01-04 18:00:00
5468,1231,3035,2026-01-03 15:00:00
5469,1231,551,2026-01-08 04:00:00
5470,1379,2316,2025-12-06 08:00:00
5471,3060,360,2026-10-16 11:00:00
5472,3060,186,2026-10-17 19:00:00
5473,3060,451,2026-10-12 09:00:00
5474,3060,2870,2026-10-13 16:00:00
5475,771,4031,2026-03-17 09:00:00
5476,771,3012,2026-03-15 09:00:00
5477,771,128,2026-03-14 20:00:00
5478,771,3773,2026-03-14 05:00:00
5479,1938,1200,2026-12-09 06:00:00
5480,793,2248,2026-12-11 09:00:00
5481,793,3320,2026-12-14 03:00:00
5482,793,5484,2026-12-13 11:00:00
5483,793,1528,2026-12-10 11:00:00
5484,2959,2490,2026-05-31 07:00:00
5485,1565,574,2026-12-14 16:00:00
5486,1565,635,2026-12-18 03:00:00
5487,1565,1002,2026-12-20 03:00:00
5488,111,4988,2026-11-13 08:00:00
5489,111,763,2026-11-10 01:00:00
5490,111,2780,2026-11-14 06:00:00
5491,111,615,2026-11-11 15:00:00
5492,2532,2601,2026-12-24 13:00:00
5493,2532,1198,2026-12-20 16:00:00
5494,2532,212,2026-12-20 20:00:00
5495,2532,2940,2026-12-22 14:00:00
5496,382,2144,2026-09-24 05:00:00
5497,382,33,2026-09-23 08:00:00
5498,382,621,2026-09-23 01:00:00
5499,1705,3803,2026-10-24 13:00:00
5500,1705,527,2026-10-22 10:00:00
5501,1705,1030,2026-10-21 15:00:00
5502,2023,2936,2026-02-09 12:00:00
5503,2023,533,2026-02-07 08:00:00
5504,1516,996,2027-01-01 08:00:00
5505,1516,1437,2027-01-01 01:00:00
5506,3025,4070,2026-04-15 05:00:00
5507,3025,1172,2026-04-15 17:00:00
5508,3025,2219,2026-04-13 13:00:00
5509,3025,4047,2026-04-13 07:00:00
5510,48,853,2026-03-04 13:00:00
5511,48,2150,2026-03-07 16:00:00
5512,2536,4303,2026-12-06 02:39:10
5513,2026,4452,2025-11-04 16:00:00
5514,1451,4238,2026-12-11 23:42:21
5515,2868,2320,2026-09-07 08:33:40
5516,3088,1902,2026-08-22 00:00:00
5517,1,4855,2026-12-10 19:00:00
5518,476,1825,2026-10-27 03:31:00
5519,3053,1786,2026-12-17 22:00:00
5520,1032,5033,2026-09-04 11:00:00
5521,853,4694,2026-11-04 03:00:00
5522,1563,4996,2026-08-01 07:00:00
5523,2970,2571,2026-12-20 06:00:00
5524,2718,3686,2026-12-20 22:00:00
5525,1555,3287,2026-09-09 06:00:00
5526,1352,3218,2026-05-02 04:00:00
5527,2988,2404,2025-08-25 22:00:00
5528,133,4985,2025-10-01 01:00:00
5529,1978,2211,2026-07-15 05:00:00
5530,2886,3761,2026-04-19 11:00:00
5531,1335,4910,2026-11-03 21:38:42
5532,2793,1648,2026-11-13 06:00:00
5533,1250,3781,2025-04-27 14:00:00
5534,956,3207,2026-08-14 11:00:00
5535,1345,4527,2026-12-20 18:47:54
5536,956,3744,2026-08-20 19:00:00
5537,2215,2081,2026-11-14 07:00:00
5538,197,5103,2026-09-16 22:00:00
5539,623,4173,2026-07-27 00:11:25
5540,2847,4006,2026-12-08 09:00:00
5541,1670,3126,2027-01-01 19:00:00
5542,176,4885,2026-09-23 09:00:00
5543,261,3597,2026-09-11 10:00:00
5544,2926,3289,2026-09-05 09:00:00
5545,482,3929,2026-12-21 09:00:00
5546,2557,3465,2026-08-31 14:00:00
5547,261,1948,2026-09-18 08:00:00
5548,230,3621,2026-07-19 08:00:00
5549,1707,2241,2026-09-29 13:00:00
5550,2264,3133,2026-11-17 14:00:00
5551,43,3066,2026-11-15 21:00:00
5552,2325,4272,2026-06-05 22:00:00
5553,2996,4552,2026-08-10 07:00:00
5554,2853,3551,2027-01-07 22:00:00
5555,766,2895,2026-09-06 10:00:00
5556,367,5238,2026-07-22 10:00:00
5557,97,2558,2026-09-05 21:00:00
5558,176,4114,2026-09-30 03:00:00
5559,1720,4629,2026-10-25 23:00:00
5560,2342,4126,2026-11-28 09:00:00
5561,1633,5212,2026-09-23 18:00:00
5562,1863,2043,2027-01-13 00:00:00
5563,2256,3084,2026-11-24 18:00:00
5564,2711,3546,2027-01-31 04:00:00
5565,1574,3546,2026-12-03 08:00:00
5566,436,2503,2025-11-08 16:00:00
5567,2256,5064,2026-12-10 03:00:00
5568,977,5103,2026-11-11 08:00:00
5569,1546,1523,2026-08-23 19:00:00
5570,1496,3756,2026-08-18 09:00:00
5571,2020,1824,2026-08-20 16:00:00
5572,2868,3782,2026-04-06 19:00:00
5573,675,3180,2027-01-26 00:00:00
5574,1899,2105,2027-02-14 23:00:00
5575,2226,2272,2026-11-18 04:00:00
5576,3193,5132,2026-08-08 21:00:00
5577,1457,4517,2027-02-21 18:00:00
5578,1576,2696,2026-09-08 01:00:00
5579,977,4773,2026-10-21 12:00:00
5580,2992,4620,2025-05-02 10:00:00
5581,1732,5478,2026-10-05 18:00:00
5582,2566,2952,2026-10-07 01:00:00
5583,795,3733,2025-08-01 05:00:00
5584,1456,3858,2026-09-27 07:00:00
5585,1047,2428,2026-05-04 04:00:00
5586,558,3676,2027-01-27 10:00:00
5587,835,3962,2026-11-22 15:00:00
5588,1909,3510,2026-01-16 16:00:00
5589,222,2822,2025-09-29 15:00:00
5590,1414,3497,2027-01-07 03:00:00
5591,1662,3759,2025-08-19 17:00:00
5592,1750,5437,2027-03-24 18:00:00
5593,1088,4417,2027-01-23 20:00:00
5594,426,3699,2026-10-13 14:00:00
5595,3088,1913,2026-09-13 16:00:00
5596,153,3040,2026-11-08 00:00:00
5597,711,1821,2026-11-27 20:00:00
5598,187,3341,2026-08-10 11:00:00
5599,977,4886,2026-10-04 05:00:00
5600,832,5080,2027-01-21 13:00:00
5601,1373,4988,2026-10-24 12:00:00
5602,1478,3532,2026-12-10 07:00:00
5603,2847,2609,2027-02-19 09:00:00
5604,3039,1676,2026-09-20 21:00:00
5605,119,3520,2026-11-28 06:00:00
5606,95,3789,2025-08-04 14:00:00
5607,891,2196,2026-09-22 02:00:00
5608,1826,4388,2026-12-05 07:00:00
5609,2944,4172,2026-09-23 01:00:00
5610,795,5403,2025-09-20 22:00:00
5611,1576,1843,2026-08-11 03:00:00
5612,221,2574,2025-06-23 21:00:00
5613,2671,5439,2026-11-22 20:00:00
5614,3053,4011,2027-01-28 05:00:00
5615,735,3835,2026-12-02 15:00:00
5616,860,4566,2026-06-13 10:00:00
5617,1835,1760,2026-09-16 09:00:00
5618,247,3304,2026-04-07 11:00:00
5619,1050,2676,2025-07-05 22:00:00
5620,2948,2096,2026-12-25 11:00:00
5621,3107,4713,2026-12-31 17:00:00
5622,1905,4676,2026-10-31 11:00:00
5623,126,5274,2026-12-31 04:00:00
5624,2294,5274,2026-08-30 10:00:00
5625,2868,3917,2026-02-04 08:00:00
5626,2868,3869,2026-03-09 10:00:00
5627,354,1782,2025-08-19 16:00:00
5628,768,3143,2026-12-11 03:00:00
5629,2289,4770,2026-01-11 19:00:00
5630,1316,2349,2026-11-28 08:00:00
5631,2671,4837,2026-11-20 17:00:00
5632,2671,2797,2027-01-24 17:00:00
5633,2724,5396,2026-08-22 08:00:00
5634,2535,4817,2026-03-09 01:00:00
5635,2264,1927,2027-01-14 22:00:00
5636,519,3021,2025-04-10 03:00:00
5637,2535,4382,2026-05-06 05:00:00
5638,779,4551,2026-08-26 22:00:00
5639,2198,1878,2027-01-11 07:00:00
5640,3008,4184,2026-12-20 13:00:00
5641,775,5199,2025-10-04 12:00:00
5642,913,4888,2027-01-06 18:00:00
5643,1208,5332,2026-03-18 22:00:00
5644,2621,5332,2026-12-04 11:00:00
5645,710,4074,2026-11-01 01:00:00
5646,2387,3484,2026-11-12 06:00:00
5647,475,3635,2026-01-09 02:00:00
5648,2563,3196,2027-01-03 02:00:00
5649,101,4591,2026-11-02 14:00:00
5650,1417,2447,2027-02-10 11:00:00
5651,600,3230,2026-09-08 11:00:00
5652,2774,3775,2027-03-08 14:00:00
5653,1516,2478,2027-01-20 22:00:00
5654,2848,2478,2027-02-13 16:00:00
5655,2529,3730,2026-12-16 11:00:00
5656,2563,4833,2026-12-31 05:00:00
5657,2800,4576,2026-08-05 23:00:00
5658,3173,4146,2026-10-30 14:00:00
5659,308,5014,2026-12-30 12:00:00
5660,2692,4288,2026-11-09 07:00:00
5661,1128,4484,2027-01-10 03:00:00
5662,2798,5005,2026-02-12 05:00:00
5663,2468,4044,2025-12-30 08:00:00
5664,1469,2228,2026-09-11 19:00:00
5665,2239,5262,2026-09-25 03:00:00
5666,779,4357,2026-07-01 15:00:00
5667,730,3528,2025-07-15 07:00:00
5668,2671,5330,2026-11-09 09:00:00
5669,1533,3542,2026-08-10 04:00:00
5670,2868,4550,2026-05-01 22:00:00
5671,3046,2444,2026-12-09 17:00:00
5672,1203,3827,2026-08-19 11:00:00
5673,2367,2777,2027-02-10 01:00:00
5674,2171,2754,2026-07-16 15:00:00
5675,2258,3596,2026-08-22 22:00:00
5676,2511,3568,2026-12-28 02:00:00
5677,593,1638,2027-02-16 00:00:00
5678,1784,2052,2026-08-25 22:00:00
5679,299,4715,2025-09-28 12:00:00
5680,1385,3949,2026-12-25 11:00:00
5681,261,4995,2026-10-08 03:00:00
5682,2344,3750,2026-03-28 10:00:00
5683,1267,1608,2026-03-24 17:00:00
5684,2367,4306,2026-12-11 01:00:00
5685,2037,2307,2027-01-18 06:00:00
5686,2350,3191,2026-11-19 16:00:00
5687,1662,2469,2025-09-03 12:00:00
5688,2926,4532,2026-09-10 05:00:00
5689,2303,4102,2025-12-13 15:00:00
5690,2576,2571,2027-01-04 11:00:00
5691,2399,2394,2027-01-10 07:00:00
5692,2173,4125,2027-03-02 11:00:00
5693,2868,1522,2026-04-09 06:00:00
5694,3060,2768,2026-10-26 07:00:00
5695,488,4259,2026-10-30 00:00:00
5696,1563,4426,2026-09-04 18:00:00
5697,2269,4762,2026-11-10 04:00:00
5698,2529,5318,2027-02-22 10:00:00
5699,23,2348,2026-04-21 13:00:00
5700,2833,4284,2026-07-13 11:00:00
5701,902,4880,2025-10-03 02:00:00
5702,1185,1893,2025-11-19 01:00:00
5703,2278,3483,2026-09-18 17:00:00
5704,1991,5179,2025-11-07 06:00:00
5705,2808,4393,2026-09-09 06:00:00
5706,322,3883,2025-10-10 09:00:00
5707,2529,3795,2026-12-20 07:00:00
5708,730,2628,2025-07-18 01:00:00
5709,1,5473,2027-01-05 07:00:00
5710,2258,2182,2026-09-16 06:00:00
5711,2535,2182,2026-03-25 04:00:00
5712,1043,4401,2027-03-16 02:00:00
5713,2671,3872,2026-12-02 02:00:00
5714,810,4753,2026-10-22 06:00:00
5715,2385,4057,2026-05-18 14:00:00
5716,3060,2932,2026-11-06 09:00:00
5717,2763,2249,2027-01-30 07:00:00
5718,2162,4628,2027-01-31 08:00:00
5719,3096,5293,2026-11-16 06:00:00
5720,698,3758,2026-09-15 03:00:00
5721,2000,2136,2026-09-10 00:00:00
5722,625,4706,2026-07-28 22:00:00
5723,2293,4317,2025-10-09 19:00:00
5724,2557,5119,2026-11-11 17:00:00
5725,401,5345,2027-03-11 14:00:00
5726,675,2617,2027-02-21 03:00:00
5727,3016,4937,2026-11-16 09:00:00
5728,95,2618,2025-09-05 16:00:00
5729,2862,5235,2027-01-30 23:00:00
5730,2256,5286,2026-11-18 05:00:00
5731,153,2519,2026-12-20 12:00:00
5732,197,4436,2026-09-25 18:00:00
5733,2907,4358,2026-12-28 04:00:00
5734,749,3420,2026-09-06 01:00:00
5735,2886,2513,2026-05-24 07:00:00
5736,1201,4958,2027-01-20 20:00:00
5737,1923,3659,2026-09-12 02:00:00
5738,861,3051,2026-04-22 02:00:00
5739,1459,4647,2026-02-05 16:00:00
5740,2779,5137,2025-10-29 02:00:00
5741,2872,1770,2027-01-17 02:00:00
5742,1245,4526,2026-11-06 05:00:00
5743,2808,4867,2026-06-21 13:00:00
5744,1460,2714,2026-03-04 07:00:00
5745,1469,4231,2026-09-28 14:00:00
5746,2833,5261,2026-08-12 01:00:00
5747,1976,3691,2026-07-07 06:00:00
5748,1050,1741,2025-07-08 15:00:00
5749,2996,4252,2026-07-11 21:00:00
5750,2621,4252,2027-01-14 12:00:00
5751,2907,5250,2026-11-18 14:00:00
5752,1750,5250,2027-03-15 01:00:00
5753,2117,3389,2027-01-31 08:00:00
5754,2509,3243,2026-10-29 09:00:00
5755,710,2401,2026-10-27 11:00:00
5756,1927,3003,2027-01-20 15:00:00
5757,902,2189,2025-09-06 20:00:00
5758,816,5327,2026-05-12 06:00:00
5759,427,2242,2026-03-07 15:00:00
5760,911,2734,2027-03-05 14:00:00
5761,308,4842,2027-02-07 18:00:00
5762,1156,2643,2026-06-19 12:00:00
5763,769,2355,2026-12-24 01:00:00
5764,2037,2859,2026-11-08 17:00:00
5765,1259,3764,2026-06-27 08:00:00
5766,868,3764,2025-12-25 23:00:00
5767,769,5308,2026-12-09 11:00:00
5768,1510,3573,2026-10-06 10:00:00
5769,1152,5442,2026-12-22 17:00:00
5770,43,3265,2026-11-18 19:00:00
5771,759,5243,2026-09-30 14:00:00
5772,581,5450,2026-07-04 12:00:00
5773,1201,3509,2026-12-29 17:00:00
5774,2768,4680,2027-01-03 02:00:00
5775,781,5291,2026-11-22 07:00:00
5776,2852,1891,2027-01-15 15:00:00
5777,3080,2481,2026-03-10 16:00:00
5778,1784,2568,2026-08-19 02:00:00
5779,1915,2002,2027-01-05 06:00:00
5780,993,2071,2026-11-27 21:00:00
5781,153,2864,2027-01-20 15:00:00
5782,2533,3326,2025-09-14 07:00:00
5783,1308,2831,2027-02-13 13:00:00
5784,2239,5034,2026-08-09 06:00:00
5785,322,2658,2025-10-26 22:00:00
5786,853,4338,2026-12-11 03:00:00
5787,1794,1603,2026-08-22 14:00:00
5788,197,4974,2026-10-25 15:00:00
5789,401,4952,2027-02-15 14:00:00
5790,730,1541,2025-07-31 07:00:00
5791,825,3654,2027-02-13 10:00:00
5792,1100,5108,2027-03-12 13:00:00
5793,2914,1850,2026-12-02 07:00:00
5794,35,4919,2027-01-08 01:00:00
5795,72,2301,2026-09-30 21:00:00
5796,1879,2301,2025-12-03 12:00:00
5797,1328,4197,2026-12-21 07:00:00
5798,308,4850,2027-01-07 21:00:00
5799,2806,1836,2025-11-21 13:00:00
5800,2809,5016,2026-08-12 18:00:00
5801,2593,2521,2026-10-19 14:00:00
5802,2086,4931,2026-09-25 09:00:00
5803,2793,1986,2027-01-02 20:00:00
5804,1498,3024,2026-12-05 21:00:00
5805,3108,2588,2026-12-29 10:00:00
5806,2777,4560,2026-08-22 03:00:00
5807,1470,2627,2026-09-28 19:00:00
5808,768,2355,2027-01-02 20:00:00
5809,2919,1818,2026-05-17 00:00:00
5810,470,4373,2026-05-17 00:00:00
5811,293,4777,2026-12-27 00:00:00
5812,548,4458,2026-07-30 00:00:00
5813,1241,2304,2026-03-15 00:00:00
5814,956,4863,2026-08-27 00:00:00
5815,906,3195,2026-12-22 00:00:00
5816,419,2425,2025-07-18 00:00:00
5817,2562,4636,2026-12-08 00:00:00
5818,2262,2266,2026-12-03 00:00:00
5819,1924,2962,2027-01-02 00:00:00
5820,2000,1658,2026-09-09 00:00:00
5821,47,2159,2027-01-04 00:00:00
5822,657,5421,2026-02-09 00:00:00
5823,500,2951,2027-01-07 00:00:00
5824,32,3405,2026-12-20 00:00:00
5825,801,3187,2026-05-20 00:00:00
5826,161,3014,2026-11-22 00:00:00
5827,1136,4621,2027-01-01 00:00:00
5828,1294,3453,2026-10-16 00:00:00
5829,1734,3913,2025-07-26 00:00:00
5830,1841,3075,2025-08-10 00:00:00
5831,690,2093,2026-01-06 00:00:00
5832,1971,2606,2026-08-20 00:00:00
5833,1177,4884,2026-03-22 00:00:00
5834,2865,4226,2026-05-12 00:00:00
5835,748,1693,2026-08-05 00:00:00
5836,213,5268,2026-12-18 00:00:00
5837,455,5349,2026-08-28 00:00:00
5838,1338,4419,2026-12-14 00:00:00
5839,2500,4006,2027-01-18 00:00:00
5840,324,5446,2026-06-07 00:00:00
5841,3009,3144,2026-12-23 00:00:00
5842,1032,3871,2026-09-04 00:00:00
5843,1870,3148,2026-09-24 00:00:00
5844,621,4338,2027-01-02 00:00:00
5845,2631,5408,2026-09-04 00:00:00
5846,2235,5104,2026-11-30 00:00:00
5847,2549,2235,2026-02-01 00:00:00
5848,2350,2586,2026-10-02 00:00:00
5849,1401,1910,2026-07-12 00:00:00
5850,1343,4394,2027-01-08 00:00:00
5851,2903,1528,2027-01-07 00:00:00
5852,658,2110,2026-06-25 00:00:00
5853,2346,4736,2026-07-07 00:00:00
5854,730,4981,2025-06-30 00:00:00
5855,2730,1813,2026-11-27 00:00:00
5856,2565,2525,2026-05-20 00:00:00
5857,823,3311,2026-12-05 00:00:00
5858,2407,2117,2026-11-16 00:00:00
5859,165,3417,2026-08-19 00:00:00
5860,2025,1904,2025-11-24 00:00:00
5861,3064,2049,2026-11-20 00:00:00
5862,2058,4851,2026-12-18 00:00:00
5863,778,1633,2025-08-27 00:00:00
5864,2602,3385,2026-10-01 00:00:00
5865,2356,1525,2027-01-02 00:00:00
5866,2730,2223,2026-11-14 00:00:00
5867,1633,2506,2026-08-17 00:00:00
5868,2433,5181,2026-07-03 00:00:00
5869,2823,2440,2026-07-17 00:00:00
5870,992,4264,2026-10-31 00:00:00
5871,2041,3201,2026-02-14 00:00:00
5872,2618,5161,2026-06-25 00:00:00
5873,253,3868,2026-10-12 00:00:00
5874,1077,2385,2026-10-10 00:00:00
5875,2228,2486,2025-12-09 00:00:00
5876,2225,3972,2026-10-18 00:00:00
5877,2055,2990,2026-08-30 00:00:00
5878,38,4232,2025-12-02 00:00:00
5879,2992,2308,2025-03-14 00:00:00
5880,1968,3305,2026-10-29 00:00:00
5881,1866,4720,2027-01-20 00:00:00
5882,1897,5052,2027-01-03 00:00:00
5883,1021,1655,2026-10-27 00:00:00
5884,934,3233,2026-12-18 00:00:00
5885,3120,1793,2026-09-18 00:00:00
5886,2301,5026,2026-12-29 00:00:00
5887,248,2129,2026-08-22 00:00:00
5888,1045,2262,2027-01-01 00:00:00
5889,249,1892,2026-03-22 00:00:00
5890,1270,3025,2026-12-07 00:00:00
5891,1466,3131,2026-12-25 00:00:00
5892,659,2651,2026-08-05 00:00:00
5893,1250,3436,2025-05-07 00:00:00
5894,1512,4192,2027-01-09 00:00:00
5895,439,3856,2027-01-24 00:00:00
5896,931,3711,2026-05-11 00:00:00
5897,2285,3183,2026-08-09 00:00:00
5898,1709,3523,2026-07-17 00:00:00
5899,305,4109,2027-01-07 00:00:00
5900,2752,2932,2026-07-04 00:00:00
5901,2127,4573,2026-08-17 00:00:00
5902,2465,2956,2026-07-23 00:00:00
5903,2376,4286,2026-08-21 00:00:00
5904,1593,4533,2026-08-21 00:00:00
5905,240,3531,2026-08-19 00:00:00
5906,2955,5308,2026-04-11 00:00:00
5907,746,3490,2026-07-02 00:00:00
5908,1532,2165,2026-04-16 00:00:00
5909,188,4697,2026-12-12 00:00:00
5910,930,2685,2026-11-20 00:00:00
5911,2920,3068,2026-10-28 00:00:00
5912,1503,3318,2026-07-07 00:00:00
5913,50,2801,2026-07-04 00:00:00
5914,1350,5070,2026-12-27 00:00:00
5915,826,5256,2025-12-05 00:00:00
5916,1295,2752,2026-01-27 00:00:00
5917,2059,3210,2026-02-02 00:00:00
5918,755,2052,2026-08-16 00:00:00
5919,3055,3218,2025-10-15 00:00:00
5920,1616,5006,2026-04-21 00:00:00
5921,323,2275,2025-11-12 00:00:00
5922,689,2138,2025-12-07 00:00:00
5923,766,5360,2026-07-10 00:00:00
5924,628,2779,2026-12-06 00:00:00
5925,1624,2448,2026-08-18 00:00:00
5926,2888,1680,2026-07-21 00:00:00
5927,1605,3737,2026-10-07 00:00:00
5928,479,3151,2026-11-16 00:00:00
5929,832,2957,2026-11-28 00:00:00
5930,474,5244,2025-08-20 00:00:00
5931,1591,4287,2026-07-02 00:00:00
5932,2800,4142,2026-06-15 00:00:00
5933,1619,2204,2026-02-17 00:00:00
5934,1156,2381,2026-05-12 00:00:00
5935,2250,3302,2025-03-31 00:00:00
5936,1368,5491,2026-10-24 00:00:00
5937,65,2737,2026-05-26 00:00:00
5938,2079,2512,2026-08-19 00:00:00
5939,1605,2618,2026-09-14 00:00:00
5940,2921,2642,2026-12-14 00:00:00
5941,2149,4423,2026-06-17 00:00:00
5942,1275,1567,2026-12-19 00:00:00
5943,2353,4148,2026-10-05 00:00:00
5944,385,3888,2026-12-25 00:00:00
5945,49,3421,2026-05-24 00:00:00
5946,793,3216,2027-01-05 00:00:00
5947,1328,4153,2026-11-14 00:00:00
5948,898,2462,2026-12-23 00:00:00
5949,1323,4657,2026-12-03 00:00:00
5950,75,1894,2026-12-29 00:00:00
5951,430,4968,2026-11-06 00:00:00
5952,285,3607,2026-11-01 00:00:00
5953,669,3265,2027-01-02 00:00:00
5954,1927,4355,2027-01-10 00:00:00
5955,989,4495,2026-10-11 00:00:00
5956,2488,4385,2027-01-07 00:00:00
5957,2546,5171,2026-08-15 00:00:00
5958,1506,4290,2026-02-05 00:00:00
5959,1997,3262,2026-02-03 00:00:00
5960,2890,2039,2026-02-03 00:00:00
5961,1662,4436,2025-08-06 00:00:00
5962,112,4875,2026-11-19 00:00:00
5963,385,3519,2027-01-02 00:00:00
5964,1927,2795,2027-01-27 00:00:00
5965,1433,3930,2026-12-16 00:00:00
5966,2277,3480,2026-12-25 00:00:00
5967,2420,3338,2025-04-26 00:00:00
5968,2139,4079,2025-06-26 00:00:00
5969,240,2244,2026-09-07 00:00:00
5970,1221,5076,2025-04-22 00:00:00
5971,2661,3819,2026-04-13 00:00:00
5972,2649,2591,2026-02-22 00:00:00
5973,2625,3674,2027-01-19 00:00:00
5974,2682,2345,2027-01-02 00:00:00
5975,2486,3224,2026-12-24 00:00:00
5976,1751,2821,2026-08-25 00:00:00
5977,699,3740,2026-07-24 00:00:00
5978,2787,1676,2026-06-13 00:00:00
5979,2736,4329,2026-10-29 00:00:00
5980,2674,2284,2026-01-04 00:00:00
5981,2083,1610,2026-12-25 00:00:00
5982,639,2115,2026-09-10 00:00:00
5983,312,2172,2025-10-03 00:00:00
5984,2182,2397,2026-11-11 00:00:00
5985,2194,4133,2026-07-17 00:00:00
5986,1440,3501,2025-06-20 00:00:00
5987,1765,2367,2026-08-02 00:00:00
5988,2288,3460,2027-01-01 00:00:00
5989,592,1965,2026-08-28 00:00:00
5990,580,5338,2025-12-07 00:00:00
5991,1655,4617,2025-09-14 00:00:00
5992,2959,1994,2026-06-06 00:00:00
5993,37,2490,2025-12-11 00:00:00
5994,451,3206,2026-09-22 00:00:00
5995,2772,3617,2026-12-31 00:00:00
5996,1697,4740,2026-11-14 00:00:00
5997,114,5039,2027-01-28 00:00:00
5998,1169,4210,2026-04-28 00:00:00
5999,2025,5342,2025-11-26 00:00:00
6000,505,4497,2027-01-20 00:00:00
6001,2570,3290,2026-09-24 00:00:00
6002,3084,2051,2026-05-30 00:00:00
6003,722,5350,2026-02-20 00:00:00
6004,451,5489,2026-09-16 00:00:00
6005,1166,5305,2026-10-26 00:00:00
6006,2895,1872,2026-12-04 00:00:00
6007,2802,2708,2025-09-05 00:00:00
6008,1527,1835,2026-05-15 00:00:00
